tree
version=v4
num_class=1
num_tree_per_iteration=1
label_index=0
max_feature_idx=18
objective=poisson
feature_names=expected_assists_r3 expected_assists_r5 xa90_r3 xa90_r5 assists_r3 assists_r5 creativity_r3 creativity_r5 influence_r5 ict_index_r5 career_xgi90 career_ppg is_home cost position t_xg_r5 o_xgc_r5 str_att o_str_def
feature_infos=[0:1] [0:1] [0:36] [0:18.204999999999998] [0:2] [0:2] [0:96.200000000000003] [0:96.200000000000003] [0:82] [0:20.399999999999999] [0:5.2561118392224948] [-2:15] [0:1] [3.6000000000000001:15.4] -1:3:0:1:2 [0:4.1200000000000001] [0:4.5949999999999998] [1000:1395] [990:1380]
tree_sizes=3374 3469 3485 3462 3457 3490 3486 3445 3482 3471 3453 3469 3471 3486 3462 3463 3489 3479 3479 3471 3480 3488 3457 3457 3455 3485 3486 3487 3494 3471 3488 3447 3474 3486 3451 3433 3483 3483 3513 3471 3453 3477 3479 3505 3490 3475 3469 3489 3495 3497 3496 3487 3490 3468 3479 3485 3491 3461 3495 3463 3479 3501 3496 3476 3486 3500 3497 3500 3493 3476 3470 3491 3490 3500 3487 3486 3488 3491 3489 3470 3480 3494 3482 3512 3500 3485 3506 3503 3476 3494 3486 3493 3503 3510 3479 3478 3505 3516 3494 3474 3505 3495 3489 3488 3466 3494 3495 3500 3499 3480 3512 3493 3512 3508 3503 3515 3493 3502 3488 3479 3464 3502 3504 3498 3477 3511 3513 3503 3495 3523 3486 3483 3482 3497 3494 3447 3514 3487 3487 3499 3494 3497 3509 3507 3495 3512 3502 3487 3479 3505 3509 3492 3496 3493 3519 3500 3482 3465 3505 3517 3508 3507 3489 3497 3508 3480 3505 3510 3486 3489 3519 3469 3501 3521 3511 3529 3470 3495 3488 3492 3495 3483 3488 3466 3502 3498 3505 3508 3511 3541 3517 3490 3498 3480 3490 3510 3496 3535 3488 3497 3505 3506 3488 3511 3488 3487 3505 3500 3508 3484 3518 3506 3470 3506 3518 3508 3509 3499 3522 3499 3501

Tree=0
num_leaves=31
num_cat=1
split_feature=10 7 6 7 14 16 3 11 17 16 7 18 18 7 7 12 18 6 11 11 11 18 11 8 11 7 7 3 15 1
split_gain=266.326 84.7463 73.6517 18.9778 16.6043 14.3898 14.3027 12.7179 10.0184 7.18622 6.69741 6.45137 6.36972 6.73305 6.2347 6.03856 5.6243 5.43768 5.42743 5.23884 5.22702 5.74073 5.05308 4.72068 5.54222 5.03836 7.73958 4.78341 8.4825 4.66997
threshold=0.18968380796871492 9.9500000000000028 20.916666666666675 17.790000000000003 0 0.82900000000000018 0.15854230381659154 4.5022123893805324 1210.0000000000002 1.6488200000000004 1.0000000180025095e-35 1320.0000000000002 1068.7500000000002 40.290000000000006 15.310000000000002 1.0000000180025095e-35 1162.5000000000002 9.1833333333333371 1.3821877065432917 1.6010204081632655 2.9527529761904767 1073.7500000000002 2.4213106295149642 4.9800000000000013 1.4840407470288628 3.0450000000000008 5.1900000000000004 0.014669365312709728 1.3710000000000002 0.060000000000000005
decision_type=10 10 10 10 1 10 10 10 2 10 8 2 2 10 10 2 2 10 10 8 10 2 10 8 10 10 10 8 10 10
left_child=1 4 6 -3 16 -4 7 11 9 29 -6 20 -5 22 -7 -9 19 -11 -16 -1 23 -22 -14 24 -2 -25 -27 -26 -29 -8
right_child=2 3 5 12 10 14 8 15 -10 17 -12 -13 13 -15 18 -17 -18 -19 -20 -21 21 -23 -24 25 27 26 -28 28 -30 -31
leaf_value=-2.2279939455746587 -2.221639839301957 -2.2232264268628921 -2.2233872502794618 -2.2019801017166598 -2.2363456965649733 -2.2220492258225883 -2.2289814249001401 -2.2173516415065064 -2.2016797924482296 -2.218143082342368 -2.2316914470654079 -2.2276649315978445 -2.2220133640998778 -2.2016797924482296 -2.2203854980439761 -2.2016797924482296 -2.2294538835542523 -2.2016797924482296 -2.2016797924482296 -2.2194202498082305 -2.2016797924482296 -2.2161433523759841 -2.2131534081999251 -2.2316935087745446 -2.2016797924482296 -2.2071107755572417 -2.2223691734723214 -2.2267903062897454 -2.2016797924482296 -2.2141378319079168
leaf_weight=115.82520613074303 50.82348969578743 487.07662013173103 27.483947217464447 37.081516087055206 365.36199674010277 13.52384704351425 24.430175304412842 22.248909652233124 42.098427087068558 20.067644000053406 1167.1952504813671 72.63614621758461 94.44880273938179 16.577618956565857 13.960100173950194 21.376403391361237 265.89628300070763 41.880300521850586 309.30346947908401 143.74540647864342 27.047694087028503 134.36596417427063 149.85295030474663 40.789667695760727 13.52384704351425 34.463997304439545 226.85162782669067 22.248909652233124 18.758884608745575 87.032499521970749
leaf_count=531 233 2233 126 170 1675 62 112 102 193 92 5351 333 433 76 64 98 1219 192 1418 659 124 616 687 187 62 158 1040 102 86 399
internal_value=-2.22287 -2.22796 -2.21142 -2.21958 -2.23116 -2.20168 -2.21606 -2.21818 -2.20932 -2.21284 -2.23274 -2.21925 -2.21361 -2.21527 -2.20168 -2.20251 -2.22632 -2.20465 -2.20168 -2.22325 -2.21817 -2.2136 -2.21658 -2.21998 -2.21451 -2.22189 -2.22036 -2.20787 -2.21417 -2.21739
internal_weight=4107.98 2843.06 1264.92 785.038 2058.02 364.271 900.645 685.136 215.509 173.411 1532.56 641.51 297.961 260.879 336.787 43.6253 525.467 61.9479 323.264 259.571 568.874 161.414 244.302 407.46 105.355 302.105 261.316 54.5316 41.0078 111.463
internal_count=18833 13034 5799 3599 9435 1670 4129 3141 988 795 7026 2941 1366 1196 1544 200 2409 284 1482 1190 2608 740 1120 1868 483 1385 1198 250 188 511
cat_boundaries=0 1
cat_threshold=10
is_linear=0
shrinkage=1


Tree=1
num_leaves=31
num_cat=1
split_feature=7 14 3 10 17 10 6 10 8 16 9 16 9 8 9 7 17 16 12 10 0 7 16 7 8 1 16 3 3 0
split_gain=281.672 98.1032 51.9213 26.6042 18.8359 15.8165 14.0306 11.009 9.24213 9.01082 8.76651 8.606 8.47502 10.8099 7.9735 7.63927 7.53114 6.33285 6.08607 7.64635 7.70067 5.30312 6.63772 5.16084 9.48735 5.15049 5.06818 7.52977 4.8961 4.74835
threshold=13.6775 0 0.1646352785145889 0.26988708975052494 1267.5000000000002 0.18968380796871492 24.066666666666674 0.028706110310147966 8.9800000000000022 0.75674000000000008 6.5633333333333344 1.7952633333333334 8.6900000000000031 14.020000000000001 3.8400000000000007 25.145000000000007 1077.5000000000002 1.0335900000000002 1.0000000180025095e-35 0.16114346761811782 0.12349166666666669 28.450000000000003 1.2970000000000004 7.745000000000001 4.0200000000000005 0.075941000000000036 2.0970000000000004 0.056678643611048747 0.057681621826449418 0.010038333333333335
decision_type=10 1 10 10 2 10 10 8 10 10 10 10 10 10 10 10 2 8 2 10 10 10 10 8 8 10 10 10 10 10
left_child=1 3 6 10 17 21 8 -3 14 -7 23 12 13 -8 -2 18 -11 -5 -10 -20 25 22 -4 -1 -25 28 29 -28 -21 -26
right_child=2 7 5 4 -6 9 11 -9 15 16 -12 -13 -14 -15 -16 -17 -18 -19 19 20 -22 -23 -24 24 26 -27 27 -29 -30 -31
leaf_value=-0.0042986763650086444 0.0052345932686851263 -0.012186295397610496 0.016227480783500784 -0.0033482703313884653 0.020999999999999998 -0.00081453100291241918 0.020553457273683177 -0.0073685795606231825 -0.0013169350034436162 0.005733568917792393 0.017303403037365678 0.020999999999999998 0.020999999999999998 0.0021893363250832091 0.020999999999999998 0.01942320378760036 0.020999999999999998 0.0067694254910286196 0.00095919248653337109 0.020999999999999998 -0.0068704328799427455 0.017365601905961172 -0.0058913273125896009 0.020999999999999998 0.0031819172122547141 0.020999999999999998 -0.0060166711942697508 0.020999999999999998 -0.00094272689287805119 -0.0043912553522185722
leaf_weight=447.21697348356247 31.293226510286331 763.48152455687523 19.277083590626717 67.536626368761063 59.752518281340599 17.041788801550865 41.465665861964226 968.2586694508791 196.60363186895847 29.082268103957176 21.427931398153305 35.222016200423241 23.92979109287262 94.809498518705368 16.028757214546204 25.349086940288544 300.57465271651745 317.07226824760437 113.51631617546082 13.832541033625601 14.949310362339018 34.404564380645752 33.310268893837929 14.428346037864683 117.81315000355244 37.627981215715408 13.51216295361519 17.696844816207886 21.49792954325676 202.73543490469456
leaf_count=2056 143 3538 88 309 271 78 188 4471 898 131 98 159 108 430 73 115 1353 1447 519 63 68 156 152 66 541 171 62 81 98 930
internal_value=-6.81442e-05 -0.0048143 0.0129253 0.00150727 0.00744912 0.021 0.00766575 -0.00943809 0.0048603 0.021 -0.00163739 0.0144229 0.0109443 0.00777715 0.0174341 0.00345489 0.021 0.00499278 0.00243792 0.00610291 0.0127451 0.00820804 0.00221682 -0.00213636 0.000504453 0.0167643 -0.000484224 0.0110565 0.00802883 -0.00160784
internal_weight=4110.75 3010.93 1099.82 1279.19 444.361 433.691 666.126 1731.74 470.699 346.699 834.831 195.427 160.205 136.275 47.322 423.377 329.657 384.609 398.028 201.424 87.9078 86.9919 52.5874 813.403 366.186 72.9585 351.758 31.209 35.3305 320.549
internal_count=18861 13870 4991 5861 2027 1958 3033 8009 2148 1562 3834 885 726 618 216 1932 1484 1756 1817 919 400 396 240 3736 1680 332 1614 143 161 1471
cat_boundaries=0 1
cat_threshold=10
is_linear=0
shrinkage=0.03


Tree=2
num_leaves=31
num_cat=1
split_feature=13 10 6 6 6 13 3 18 18 14 13 7 18 18 5 7 8 7 18 8 7 6 7 3 6 3 3 3 18 6
split_gain=251.541 82.4212 49.1159 34.3473 31.6476 20.661 13.6327 12.3052 11.9164 11.2934 9.23683 6.89977 6.11924 5.9482 5.72677 5.66981 5.55216 5.17552 5.13148 5.61418 6.05302 6.89128 5.45361 5.07472 5.03381 5.0925 4.53013 4.72003 4.47865 5.7802
threshold=5.5500000000000007 0.12523499408379171 20.450000000000006 8.6833333333333389 24.350000000000001 7.9500000000000011 0.16739417989417993 1196.2500000000002 1242.5000000000002 0 4.9500000000000011 1.0000000180025095e-35 1087.5000000000002 1215.0000000000002 0.22500000000000003 17.790000000000003 2.0199999999999996 21.050000000000008 1320.0000000000002 3.1400000000000006 16.410000000000004 19.81666666666667 3.5775000000000001 0.18294293294609751 3.3499999999999996 0.1350254237288136 0.077490601503759415 0.092131049783549787 1055.0000000000002 18.550000000000008
decision_type=2 10 10 10 10 2 10 2 2 1 2 8 2 2 10 10 8 10 2 8 10 10 10 10 10 10 10 10 2 10
left_child=1 3 5 11 10 6 9 -8 -4 24 13 -1 -6 16 23 -5 -3 -10 19 22 -21 -22 -12 -14 -2 28 -18 -28 -26 -30
right_child=2 4 8 15 12 -7 7 -9 17 -11 18 -13 14 -15 -16 -17 26 -19 -20 20 21 -23 -24 -25 25 -27 27 -29 29 -31
leaf_value=-0.013367611901831791 -0.00017677140228781286 0.013275719844252928 0.020999999999999998 -0.0026778883549253064 0.020999999999999998 0.020999999999999998 0.020999999999999998 0.0024261755799503638 0.020999999999999998 -0.0062107072620616911 0.0058238516596620833 -0.0086140565730243503 -0.00053193121958796904 -0.0069413648139008801 0.020999999999999998 0.0044814105730109745 -0.0044276592172256928 0.0056854439205595133 -0.0050837568159009571 0.0019879484658821647 0.020999999999999998 0.0009036130586726485 0.020999999999999998 0.015638197780637547 0.020999999999999998 -0.0034982412068399879 0.01948240442143816 0.0012345113721499046 0.009374754382125804 -0.0082462077537139022
leaf_weight=352.9533829241991 89.66911418735981 27.685808479785919 266.15725561976433 424.72502562403679 26.781424894928932 95.795976832509041 57.88617055118084 38.098019897937775 16.550416186451912 76.219451501965523 26.060001835227013 1241.3459271043539 35.501406535506248 147.05523355305195 34.52632799744606 130.03787280619144 140.40248830616474 65.588097169995308 45.853786706924438 238.07397966086864 35.877201348543167 26.580306708812714 15.839073508977888 34.385916918516159 20.72671340405941 31.580837115645409 14.834221601486204 91.122834578156471 234.83546328544617 18.041446566581726
leaf_count=1659 409 127 1180 1960 119 432 259 171 74 354 119 5779 159 677 154 588 646 292 210 1088 162 119 72 153 93 143 68 415 1068 82
internal_value=6.29686e-05 -0.00418758 0.0130508 -0.00742919 0.00321892 0.00822973 0.00605271 0.0163576 0.021 0.00395302 0.0010034 -0.00966642 0.0168872 -0.00207402 0.0123977 -0.00099973 0.000537842 0.0095733 0.00434092 0.00560295 0.00416866 0.0124811 0.0158907 0.00742409 0.00592225 0.00790832 -0.000893637 0.00378926 0.00922493 0.00811759
internal_weight=4100.79 3089.64 1011.15 2149.06 940.58 662.853 567.057 95.9842 348.296 471.073 809.385 1594.3 131.195 421.101 104.414 554.763 274.045 82.1385 388.284 342.431 300.531 62.4575 41.8991 69.8873 394.854 305.184 246.36 105.957 273.604 252.877
internal_count=18831 14274 4557 9986 4288 3011 2579 430 1546 2149 3703 7438 585 1933 466 2548 1256 366 1770 1560 1369 281 191 312 1795 1386 1129 483 1243 1150
cat_boundaries=0 1
cat_threshold=10
is_linear=0
shrinkage=0.03


Tree=3
num_leaves=31
num_cat=1
split_feature=13 7 6 10 14 6 16 7 3 8 13 13 13 1 15 16 8 10 11 13 13 11 2 13 2 11 16 10 1 10
split_gain=256.015 84.8821 45.5918 34.8316 21.722 15.3836 11.2666 10.4916 8.46373 7.75857 7.65095 7.20753 6.5737 9.23072 8.19455 6.27494 5.97777 5.88044 6.83312 5.82183 5.58592 4.59374 4.74001 6.36808 9.06308 5.30861 4.36484 4.35387 4.33314 4.27309
threshold=5.5500000000000007 13.6775 20.450000000000006 0.15072977705135501 0 29.483333333333338 1.0671400000000004 5.2633333333333345 0.15200000000000005 4.9800000000000013 6.5500000000000007 7.9500000000000011 5.2500000000000009 0.074043000000000039 1.9920000000000004 2.1970000000000005 11.090000000000003 0.1795733682225937 2.8299879566439183 7.8500000000000005 6.1500000000000012 4.2737468671679206 0.057372522214627512 7.0500000000000007 0.13336833333333339 3.7806250000000001 0.28404000000000001 0.3619038624460465 0.15450000000000005 0.11788062270651724
decision_type=2 10 10 10 1 10 10 10 10 8 2 2 2 10 10 10 10 10 10 2 2 8 8 2 10 10 10 10 10 10
left_child=1 3 4 7 6 12 11 16 19 15 17 -2 -3 -14 28 -5 -1 26 -19 21 -10 22 25 24 -24 -8 -4 -11 -15 -7
right_child=2 5 10 9 -6 29 8 -9 20 27 -12 -13 13 14 -16 -17 -18 18 -20 -21 -22 -23 23 -25 -26 -27 -28 -29 -30 -31
leaf_value=-0.0080693308466615495 0.0017551201822331296 0.001099478529561637 0.013408089340291127 0.0037845419827270566 -0.0062938792737614402 0.0050827608237811557 0.0033758636286354473 -0.0056263467734089219 0.0078277044706395373 -0.0045711716946339725 0.020999999999999998 0.015964170765292763 -0.00045299836446319799 0.020999999999999998 -0.0032210662208221061 0.020999999999999998 -0.012071094600480519 0.0048136101899645643 0.020999999999999998 0.020111189114660939 0.020999999999999998 -0.0083218248467242968 0.020999999999999998 -0.0014381643321089868 0.0001763042919861986 0.020999999999999998 -0.007646403110786658 0.0024669864986560396 0.0078199272271572209 0.018731411413218609
leaf_weight=593.12605367600918 165.7390955388546 343.18853870034218 19.077464520931244 125.25357745587826 80.539817124605179 27.026594161987305 106.71235646307468 618.04215733706951 29.042567297816277 249.84536232054234 198.62708374857903 39.855186745524406 51.922658979892731 33.596845746040344 15.4155877828598 14.164644464850424 774.81960052251816 28.917615100741386 89.50325058400631 47.131076961755753 72.206718444824219 13.686684250831602 55.562218844890594 17.831411048769951 19.901998296380043 14.256130278110502 16.54908561706543 115.75310102105141 22.449666634202003 87.424620807170868
leaf_count=2788 752 1557 84 571 375 121 481 2878 129 1150 864 177 235 150 69 64 3661 126 390 208 317 61 250 80 90 64 73 528 99 384
internal_value=-0.000356931 -0.00467305 0.0127046 -0.00708144 0.00806214 0.00565235 0.0099856 -0.00887033 0.0132426 -4.65646e-05 0.021 0.0045096 0.00323464 0.00917349 0.0161679 0.00597489 -0.010336 0.0143142 0.0175292 0.0105131 0.0206582 0.00852855 0.00960491 0.0146858 0.0184958 0.00568631 0.00362795 -0.0023428 0.021 0.0155084
internal_weight=4087.17 3072.03 1015.14 2491 662.465 581.025 581.925 1985.99 376.331 505.017 352.674 205.594 466.573 123.385 71.4621 139.418 1367.95 154.047 118.421 275.082 101.249 227.951 214.264 93.2956 75.4642 120.968 35.6266 365.598 56.0465 114.451
internal_count=18776 14255 4521 11640 2984 2615 2609 9327 1680 2313 1537 929 2110 553 318 635 6449 673 516 1234 446 1026 965 420 340 545 157 1678 249 505
cat_boundaries=0 1
cat_threshold=10
is_linear=0
shrinkage=0.03


Tree=4
num_leaves=31
num_cat=1
split_feature=7 14 13 13 10 10 10 18 17 11 7 18 18 6 16 11 6 7 15 16 10 6 11 6 8 13 17 11 16 6
split_gain=234.787 91.3837 49.2904 30.5658 15.2285 14.8919 11.7396 8.45685 8.44825 8.42648 8.51861 8.34113 7.6717 7.33993 7.32854 8.78647 8.69877 7.25259 6.60629 7.58282 6.19302 5.55903 5.08887 8.92997 4.97295 4.88207 4.34863 5.566 4.26902 3.97331
threshold=15.000000000000004 0 6.2500000000000009 5.5500000000000007 0.1795733682225937 0.026839704271238222 0.079674680614316068 1177.5000000000002 1077.5000000000002 2.7337552742616036 23.550000000000001 1327.5000000000002 1066.2500000000002 33.483333333333341 1.0624800000000003 3.0327956989247316 8.5833333333333375 13.6775 2.0310000000000006 2.0755000000000003 0.13482409511283949 39.45000000000001 1.4840407470288628 10.516666666666667 4.6900000000000022 6.3500000000000005 1277.5000000000002 1.2012658227848103 1.7630000000000001 20.216666666666672
decision_type=10 1 2 2 10 8 10 2 2 10 10 2 2 10 8 8 8 10 10 10 10 10 10 10 10 2 2 10 8 10
left_child=1 3 4 6 9 -3 -1 8 -6 12 -11 29 -2 -9 -5 26 25 -7 19 -8 -21 -10 -20 -24 -22 -17 27 -16 -29 -4
right_child=2 5 11 14 7 17 18 13 21 10 -12 -13 -14 -15 15 16 -18 -19 22 20 24 -23 23 -25 -26 -27 -28 28 -30 -31
leaf_value=-0.0060494122953745231 0.018578586528109616 -0.01202284675796182 0.014571489196681046 0.0020873894499483497 0.0010527275409541381 -0.0067841059282725399 -0.0012870140238929852 0.0043602756861401727 0.020999999999999998 0.0026090596713995115 0.017307627093257078 0.0038683835813090876 -0.0025182113501470019 0.020999999999999998 0.020999999999999998 -0.0075519236171797165 0.020789313349670425 0.0087219064321750524 0.00030591496039663213 0.020999999999999998 0.019419071096188244 0.0033698409761301262 0.020999999999999998 -0.0036561659435751901 -0.00086286131495842016 0.011576613692881758 0.017549468631404695 0.0057629758919766037 -0.0057828206939814263 0.020999999999999998
leaf_weight=322.10134179890156 17.02704992890358 720.07208457589149 86.531468346714973 130.70395794510841 24.450971484184265 953.97113659977913 465.08056282997131 123.06679463386536 124.80351084470749 82.254603996872902 62.412307813763618 25.578251823782921 174.48415116965771 28.141821414232254 14.064124196767805 16.336230829358101 101.71807608008385 27.943053483963013 21.705565437674522 13.805645585060118 14.861599057912825 16.42269840836525 16.385312557220463 13.343541622161863 40.613628014922142 45.327195361256599 23.114598095417023 76.958316668868065 46.079215347766876 220.24330499768257
leaf_count=1505 76 3447 379 590 108 4501 2137 543 542 371 275 112 790 121 63 73 448 128 99 64 66 70 75 61 185 199 101 345 206 938
internal_value=7.60901e-06 -0.00408881 0.0127456 0.00171736 0.00793328 -0.00869484 -0.0014489 0.0126518 0.0173338 0.00348555 0.00895033 0.021 -0.000642518 0.0075218 0.00808276 0.0105043 0.0153996 -0.00634284 0.0010807 9.2295e-05 0.00935156 0.0201526 0.0113495 0.0194125 0.00457059 0.00650897 0.00551236 0.00348296 0.00143892 0.021
internal_weight=4049.6 3064.19 985.417 1362.2 653.064 1701.99 907.897 316.886 165.677 336.178 144.667 332.353 191.511 151.209 454.302 323.598 163.382 981.914 585.796 534.361 69.2809 141.226 51.4344 29.7289 55.4752 61.6634 160.216 137.102 123.038 306.775
internal_count=18618 14293 4325 6217 2896 8076 4192 1384 720 1512 646 1429 866 664 2025 1435 720 4629 2687 2452 315 612 235 136 251 272 715 614 551 1317
cat_boundaries=0 1
cat_threshold=10
is_linear=0
shrinkage=0.03


Tree=5
num_leaves=31
num_cat=2
split_feature=13 3 7 7 14 14 16 18 12 18 11 7 18 18 5 3 11 8 13 16 7 11 11 3 13 4 15 18 0 9
split_gain=248.343 76.3221 46.0805 21.5331 20.5909 20.4014 14.5609 12.3572 10.1941 9.16553 11.9746 7.78265 7.21534 6.97973 6.69965 6.57809 6.40281 14.7928 5.90715 5.84491 5.33379 4.85376 4.79191 4.31426 6.05698 4.36329 4.2738 5.05228 4.88922 5.06508
threshold=5.5500000000000007 0.054006296019953916 15.310000000000002 16.267500000000002 0 1 1.5790000000000002 1215.0000000000002 1.0000000180025095e-35 1068.7500000000002 2.9953271028037389 1.0000000180025095e-35 1267.5000000000002 1327.5000000000002 1.0000000180025095e-35 0.16739417989417993 1.4600884955752214 4.8200000000000021 10.050000000000002 1.4645700000000004 19.610000000000003 2.9671230408935334 3.4008928571428574 0.10000841935483874 7.3500000000000005 1.0000000180025095e-35 2.0310000000000006 1162.5000000000002 0.089976666666666691 4.8100000000000014
decision_type=2 10 10 10 1 1 10 2 2 2 10 8 2 2 10 8 10 8 2 10 10 10 10 10 2 10 10 2 10 10
left_child=1 5 4 26 7 12 8 15 18 -5 -11 -7 16 -10 -12 23 -1 -18 -4 22 -19 -17 -16 24 -2 -26 27 28 29 -3
right_child=2 3 6 9 -6 11 -8 -9 13 10 14 -13 -14 -15 19 21 17 20 -20 -21 -22 -23 -24 -25 25 -27 -28 -29 -30 -31
leaf_value=-0.0055444681105545693 0.0083595799853798478 0.0054692764435425303 0.0066528502057475883 0.020999999999999998 -0.0081261008272233703 -0.013567109077295378 0.020999999999999998 0.00099326171634030094 0.020999999999999998 0.0033247216624858302 0.020999999999999998 -0.0083504416594391753 -0.0095342264161136399 0.0010669916625310383 0.00408805828229217 0.010104066934015669 0.018674092733355033 -0.0026458815981159102 0.020999999999999998 -0.0009693654543800307 0.010643101954901748 0.020999999999999998 0.020999999999999998 0.00074766235746947173 0.020999999999999998 0.0051838357401849675 0.0055068883253066806 -0.0042891338879771611 -0.0043076976367515535 -0.01285702711558002
leaf_weight=208.48722390830517 163.82066510617733 176.7579450160265 140.60057835280895 38.455286890268326 69.595205798745155 338.23143331706524 189.54054872691631 128.37599876523018 149.39097176492214 222.25538323819637 23.873102590441704 1076.8097656071186 123.05781358480453 16.912470743060112 15.801435083150865 37.197580054402351 38.425276219844818 247.31306962668896 15.72690564393997 25.846854820847511 30.539538592100143 32.097682952880859 14.829381272196768 40.26788654923439 46.739887043833733 16.433121398091316 89.686329454183578 294.10585628449917 93.485641494393349 14.702048778533934
leaf_count=972 732 818 602 166 330 1647 797 571 636 985 104 5142 574 74 68 163 175 1147 66 112 136 137 64 177 204 71 414 1367 430 67
internal_value=8.29128e-05 -0.00421627 0.0127035 0.00254155 0.00654192 -0.00752432 0.019134 0.00872468 0.0142069 0.00867591 0.00691297 -0.00953001 -0.00295061 0.0193771 0.0168383 0.011933 -0.00146298 0.0012275 0.00870674 0.00953688 -0.00118525 0.0201698 0.0184022 0.00979735 0.0114027 0.0192943 -0.000587018 -0.00153087 0.00131606 0.00406202
internal_weight=4119.36 3072.66 1046.7 1009.8 534.528 2062.86 512.171 464.933 322.631 341.061 302.606 1415.04 647.823 166.303 80.3508 336.557 524.765 316.278 156.327 56.4777 277.853 69.2953 30.6308 267.262 226.994 63.173 668.738 579.051 284.946 191.46
internal_count=18948 14388 4560 4595 2385 9793 2175 2055 1378 1499 1333 6789 3004 710 348 1484 2430 1458 668 244 1283 300 132 1184 1007 275 3096 2682 1315 885
cat_boundaries=0 1 2
cat_threshold=10 10
is_linear=0
shrinkage=0.03


Tree=6
num_leaves=31
num_cat=2
split_feature=13 3 6 14 6 14 17 6 10 8 7 10 6 12 10 2 6 8 10 8 3 17 6 2 10 10 10 2 10 13
split_gain=242.682 72.4968 41.8228 24.3936 23.3956 18.5743 13.031 9.56987 9.31281 8.095 7.47349 7.1591 7.10299 6.00479 5.9337 5.81716 6.52145 5.93401 5.09088 5.86045 5.04008 4.95797 4.75395 4.71284 4.4535 5.19759 4.43724 5.42514 4.33988 5.45129
threshold=5.5500000000000007 0.052009740259740277 21.150000000000006 0 24.350000000000001 1 1277.5000000000002 7.6333333333333355 0.077703162419045638 24.955000000000002 1.0000000180025095e-35 0.20201746529023493 18.550000000000008 1.0000000180025095e-35 0.12123523759034903 0.065184936708860775 13.916666666666664 20.980000000000008 0.099719734848484856 16.445000000000004 0.033333333333333347 1098.7500000000002 8.9833333333333361 0.066666666666666735 0.18968380796871492 0.21014410071843101 0.32679798266961352 0.02572054527750731 0.29443813666533458 4.9500000000000011
decision_type=2 10 10 1 10 1 2 8 10 10 8 10 10 2 10 10 10 10 10 10 8 2 10 10 10 10 10 10 10 2
left_child=1 5 3 6 8 28 7 26 -3 12 -7 23 15 -10 -6 16 20 -17 19 -15 -9 -22 -12 -4 -20 -26 -2 -28 -1 -30
right_child=2 4 11 -5 14 10 -8 9 13 -11 22 -13 -14 18 -16 17 -18 -19 24 -21 21 -23 -24 -25 25 -27 27 -29 29 -31
leaf_value=-0.0041935346438846267 -0.0018995414028075395 -0.0055562995105230689 0.018752857260334155 -0.0072058835234969938 0.001948246806456679 -0.013545563270261803 0.019488701567982509 0.020999999999999998 -0.00094743347739517463 0.0024228541814734442 -0.0091791755692598575 0.020999999999999998 0.0002221686486022761 0.020999999999999998 0.015517588590750741 0.020999999999999998 -0.0040661214317646178 0.0023534894636022268 -0.00086605157030592266 0.0022794970334084918 0.020999999999999998 0.0013982552527725012 -0.0032032842779353941 0.0045045411576779713 0.020999999999999998 0.004684085901451268 -0.00038608989510749745 0.016221594545366858 -0.0060702350198905321 0.0095618557792651535
leaf_weight=549.32609634101391 96.93785884976387 195.90505741536617 45.467490941286087 79.574184238910675 37.398032531142235 332.84120450913906 110.8000677973032 42.715624749660492 339.78188648819923 76.210652992129326 886.61419685184956 283.65330037474632 31.746603265404701 23.421839326620102 129.21193245053291 101.0327292829752 22.157723352313042 15.651222661137579 130.42076848447323 20.958189591765404 14.511176913976668 34.97830730676651 138.52932639420033 38.655608788132668 17.984784036874771 145.54446196556091 35.144614934921265 35.66935059428215 33.985384300351143 49.060862764716148
leaf_count=2565 434 920 190 376 165 1643 472 189 1552 329 4283 1167 137 109 551 437 97 68 601 97 64 153 654 163 81 655 155 156 155 222
internal_value=8.08685e-05 -0.00424755 0.0124006 0.00808237 0.00216908 -0.00760239 0.010007 0.00813128 0.000205122 0.0110313 -0.0095693 0.020586 0.0135278 0.00186958 0.0124718 0.0153561 0.0105478 0.0200687 0.00469869 0.0141696 0.0140596 0.00753145 -0.00837164 0.0122056 0.00326879 0.00656649 0.00227066 0.00797928 -0.00317698 0.00316467
internal_weight=4095.89 3030.98 1064.91 697.13 1040.63 1990.36 617.556 506.756 874.017 339.004 1357.98 367.776 262.793 678.112 166.61 231.047 114.363 116.684 338.33 44.38 92.2051 49.4895 1025.14 84.1231 293.95 163.529 167.752 70.814 632.372 83.0462
internal_count=18840 14253 4587 3067 4731 9522 2691 2219 4015 1474 6580 1520 1145 3095 716 1008 503 505 1543 206 406 217 4937 353 1337 736 745 311 2942 377
cat_boundaries=0 1 2
cat_threshold=10 10
is_linear=0
shrinkage=0.03


Tree=7
num_leaves=31
num_cat=2
split_feature=13 7 7 14 16 14 3 7 0 13 4 16 0 16 15 3 2 13 7 11 1 15 11 1 7 12 17 15 16 7
split_gain=224.85 77.9642 36.9067 33.8686 24.9659 14.6897 11.201 9.74414 8.65079 6.89397 6.45387 6.45231 6.4349 5.74294 7.13123 5.73351 4.82502 4.53001 6.04969 5.842 4.2092 4.19702 7.69535 4.90105 9.67262 4.18053 7.72347 5.38275 4.12513 3.74938
threshold=5.5500000000000007 13.6775 15.310000000000002 0 1.5970000000000002 1 0.16270126399422177 3.0450000000000008 0.25740000000000013 5.2500000000000009 0.83333333333333337 1.0866800000000001 0.096948333333333359 1.7390300000000003 2.2910000000000008 0.17107112549092593 0.062050107758620694 5.2500000000000009 9.4675000000000029 1.8186147186147188 0.12359200000000002 1.2190000000000001 2.8542677993527512 0.024000000000000025 3.5200000000000005 1.0000000180025095e-35 1177.5000000000002 1.5910000000000004 1.409 26.570000000000004
decision_type=2 10 8 1 10 1 10 8 10 2 8 10 10 10 10 10 10 2 10 10 10 10 10 10 10 2 2 10 10 10
left_child=1 3 5 13 8 11 9 -5 10 -3 25 -2 -11 14 -1 21 -6 -15 19 -19 -17 22 -13 24 -23 29 -27 -28 -9 -4
right_child=2 6 4 7 16 -7 -8 28 -10 12 -12 15 -14 17 -16 20 -18 18 -20 -21 -22 23 -24 -25 -26 26 27 -29 -30 -31
leaf_value=-0.0033109771372574212 0.0032037782246335926 0.0006759288382232636 0.00025502042599918987 -0.011097062941392257 0.0037035109816634035 -0.0063772881124347491 0.011839355950205946 -0.0084270309359946935 0.020999999999999998 0.0045815485078834683 0.020961915351085877 0.004364396592581212 0.020567752176721694 0.00046649762573211582 0.018862419857973361 0.020999999999999998 0.020999999999999998 0.0023854793864487565 -0.0038122525719517953 0.020999999999999998 0.0079095956196476233 -0.00037403355336532558 0.020999999999999998 0.0035172015431620103 0.020999999999999998 0.0058034199552612145 0.020999999999999998 0.0075231838362073379 -0.0037905374608984826 0.010903675847870158
leaf_weight=631.76526430249214 147.50291396677494 302.43706738948822 79.194436937570572 876.20137982070446 14.515293955802916 67.342093840241432 187.38137829303741 384.82175329327583 61.196466684341431 72.385246157646179 40.993350267410278 29.592010602355003 32.98998261988163 158.1613527983427 13.329392164945601 28.253252372145653 173.64787714183331 15.622252970933916 16.237710639834404 15.566500172019003 22.361403748393059 26.852983936667442 26.281030088663101 128.70110245049 38.391185715794563 78.257168754935265 28.387082532048225 26.760933399200439 313.31531412899494 47.672137007117271
leaf_count=2950 652 1365 337 4314 61 324 804 1855 248 322 176 131 142 730 61 119 701 71 74 70 93 118 113 553 166 325 118 110 1502 196
internal_value=0.000219481 -0.00396125 0.0120655 -0.00634918 0.0174657 0.00629489 0.00576798 -0.00893357 0.0120018 0.00297831 0.00989788 0.0081602 0.00958637 -0.00144431 -0.00285282 0.0108653 0.021 0.00290505 0.0110373 0.0187684 0.0200725 0.00899981 0.0162445 0.00691272 0.0136107 0.00815527 0.011863 0.0204618 -0.00634623 0.00425642
internal_weight=4086.12 3020.21 1065.9 2425.02 550.625 515.278 595.194 1574.34 362.462 407.812 301.265 447.936 105.375 850.682 645.095 300.433 188.163 205.588 47.4265 31.1888 50.6147 249.818 55.873 193.945 65.2442 260.272 133.405 55.148 698.137 126.867
internal_count=18801 14260 4541 11627 2272 2269 2633 7671 1510 1829 1262 1945 464 3956 3011 1293 762 945 215 141 212 1081 244 837 284 1086 553 228 3357 533
cat_boundaries=0 1 2
cat_threshold=10 10
is_linear=0
shrinkage=0.03


Tree=8
num_leaves=31
num_cat=1
split_feature=13 10 3 7 6 13 14 16 6 9 6 10 6 6 3 16 17 9 3 9 2 12 13 13 10 2 3 2 6 13
split_gain=240.767 70.2951 45.1336 29.6322 25.8107 19.3468 12.1572 10.1097 8.55137 6.64608 6.31189 5.77776 6.40283 5.58915 7.07519 5.33135 5.11321 5.0552 4.61489 7.90411 5.03153 4.37877 3.88268 3.80445 4.45303 5.25319 4.56886 3.7816 3.76805 3.85261
threshold=5.5500000000000007 0.12523499408379171 0.16093982772158347 5.3450000000000015 24.350000000000001 7.7500000000000009 0 1.0555000000000003 22.783333333333339 7.0900000000000016 0.033333333333333638 0.39847259646581579 9.8416666666666703 24.350000000000001 0.091265830155990352 0.99900000000000022 1105.0000000000002 2.0900000000000012 0.087696721529260599 0.34500000000000008 0.013639887244538408 1.0000000180025095e-35 7.1500000000000012 4.9500000000000011 0.28839154583407267 0.0827154761904762 0.070023470813774344 0.0827154761904762 16.300000000000008 5.3500000000000005
decision_type=2 10 10 10 10 2 1 10 10 10 8 10 8 8 10 10 2 10 8 10 8 2 2 2 10 8 10 8 10 2
left_child=1 3 5 10 18 6 11 22 16 28 -1 12 -2 14 -7 -6 27 -9 19 -3 -20 -13 -4 -21 25 -25 -26 -8 -5 -30
right_child=2 4 7 9 15 13 8 17 -10 -11 -12 21 -14 -15 -16 -17 -18 -19 20 23 -22 -23 -24 24 26 -27 -28 -29 29 -31
leaf_value=-0.01344275878332527 0.00026416025962240825 0.016285948248501134 0.0018883474679831716 -0.0044370432799481652 -0.0010510902136884848 0.017925997479803377 0.0023298630990866032 0.0046031980071310563 0.018751496724532874 0.016778123640682475 -0.0088562990798866596 0.0085089475021163496 0.010693384398354284 0.020999999999999998 0.00057807194122234419 0.0167534908387009 -0.0038168385500333382 0.020999999999999998 0.020999999999999998 -0.0049537059602890732 0.0022660340340678784 0.020999999999999998 0.017660732995000632 -0.0054699107670273354 0.010253270131887508 0.013786856363137919 -0.0086315760854284822 0.019623181605260522 -0.0014316167871658123 0.010357930330252511
leaf_weight=391.80631445348263 75.189361199736595 21.165034353733063 33.957057744264603 599.39683063328266 17.332938954234123 77.68810798227787 62.690748974680901 16.922419846057892 21.397331446409225 15.153580158948897 869.02399688959122 28.197287872433662 179.36032710969448 32.853593498468399 29.077974483370781 119.42731775343418 175.98133292794228 300.11611856520176 12.247733429074286 244.3720728456974 353.07292319834232 28.962891221046448 23.95703062415123 98.646021246910095 58.447376817464828 14.642097324132918 14.363269224762915 13.904684215784071 155.94898141920567 29.69651435315609
leaf_count=1974 331 97 144 2849 73 325 276 72 87 67 4253 120 757 132 121 496 799 1197 56 1148 1592 122 98 456 264 67 65 60 708 132
internal_value=8.42175e-05 -0.00429964 0.0120962 -0.00741585 0.00243463 0.00772745 0.0053352 0.0205469 0.000522775 -0.0029005 -0.0102816 0.00925145 0.00761278 0.0177626 0.0132013 0.0144969 -0.00100079 0.021 0.000415373 -0.00161252 0.0029224 0.0181674 0.00841283 -0.00249254 0.000739299 -0.00298104 0.00652788 0.00546919 -0.00328035 0.000454281
internal_weight=4115 3014.74 1100.26 2061.03 953.717 725.304 585.684 374.953 273.974 800.196 1260.83 311.71 254.55 139.62 106.766 136.76 252.577 317.039 816.957 451.636 365.321 57.1602 57.9141 430.471 186.099 113.288 72.8106 76.5954 785.042 185.645
internal_count=18938 14297 4641 9983 4314 3130 2552 1511 1222 3756 6227 1330 1088 578 446 569 1135 1269 3745 2097 1648 242 242 2000 852 523 329 336 3689 840
cat_boundaries=0 1
cat_threshold=8
is_linear=0
shrinkage=0.03


Tree=9
num_leaves=31
num_cat=2
split_feature=13 3 6 7 18 14 7 14 3 18 18 13 2 13 18 7 1 13 7 13 6 6 18 2 13 8 12 6 18 0
split_gain=199.566 66.8329 41.8203 23.7978 16.0317 16.0125 14.5786 11.6081 9.00454 8.29555 8.12021 6.22741 5.76771 4.73363 4.72047 5.4261 6.07055 5.36576 4.81412 6.66142 7.27212 4.54611 4.32278 4.51282 4.3599 4.30747 4.20217 4.04697 3.90493 4.32423
threshold=5.5500000000000007 0.086074109578641519 20.916666666666675 5.5100000000000025 1242.5000000000002 0 16.590000000000007 1 0.14955659158372625 1191.2500000000002 1068.7500000000002 5.0500000000000007 0.015000000000000006 4.5500000000000007 1066.2500000000002 2.8000000000000012 0.022713000000000001 6.1500000000000012 15.460000000000003 7.4500000000000011 8.0333333333333368 0.08333333333333158 1337.5000000000002 0.34589855072463771 5.2500000000000009 7.2800000000000011 1.0000000180025095e-35 30.683333333333337 1106.2500000000002 0.17000166666666675
decision_type=2 10 10 10 2 1 10 1 10 2 2 2 10 2 2 8 10 2 10 2 10 8 2 10 2 8 2 10 2 10
left_child=1 3 5 7 -4 8 13 11 14 28 -8 -1 25 -3 17 -16 18 -2 19 20 -17 -9 23 24 -12 -13 -26 -5 29 -10
right_child=2 6 4 27 -6 -7 10 21 9 -11 22 12 -14 -15 15 16 -18 -19 -20 -21 -22 -23 -24 -25 26 -27 -28 -29 -30 -31
leaf_value=-0.0060121682188645827 0.0014016394897495897 -0.0045176816089816862 0.020999999999999998 -0.0028200362494169053 0.0075004613649265238 -0.0056043826967537057 0.020999999999999998 -0.013021830874379178 0.018789584357408053 0.006117866906922783 0.0039043409457514568 0.0063368787051939265 0.014410949314933991 0.0026046793013113855 -0.0041676604039763733 0.0017027733982856834 0.0034296393180233533 0.020999999999999998 -0.0026751091457819284 0.020999999999999998 0.018056401166684079 -0.0089847111801047048 -0.0066960310130994172 0.020358798696402728 0.0058295049257288322 -0.01054556091896823 0.020078714526833383 0.012821474639872604 0.020999999999999998 -0.00012314068943901338
leaf_weight=239.71933494508266 18.405813068151474 121.38871528208256 285.48799209296703 851.99590358138084 85.721861138939857 80.278668493032455 35.912097007036209 383.85088513791561 32.95025609433651 57.100912481546402 140.4113412797451 26.843187689781189 28.660619154572487 272.53656862676144 47.530737742781639 54.215781390666962 222.61994971334934 37.409174710512161 19.635997772216797 34.470334067940712 44.607688784599304 725.5387054681778 18.28927481174469 25.527310818433762 37.631957903504372 27.573541060090065 36.882145121693611 15.152043312788008 38.151242628693581 16.244294241070747
leaf_count=1139 79 571 1115 4009 344 385 148 1959 133 239 609 124 132 1247 211 238 950 156 83 143 194 3598 79 105 157 130 153 66 154 65
internal_value=-2.58382e-05 -0.00401371 0.01106 -0.00646903 0.0192071 0.00676183 0.00418521 -0.00884388 0.00831103 0.0150097 0.00923243 -0.00345221 0.00351901 0.000409912 0.0064641 0.00538227 0.00659094 0.0146644 0.0111928 0.0132358 0.0090846 -0.0102888 0.007364 0.00843343 0.00701702 -0.00221763 0.0128824 -0.00254673 0.0208225 0.0125445
internal_weight=4062.74 2987.91 1074.83 2299.33 371.21 703.621 688.579 1432.19 623.342 144.447 294.654 322.797 83.0773 393.925 478.895 423.08 375.55 55.815 152.93 133.294 98.8235 1109.39 258.742 240.453 214.925 54.4167 74.5141 867.148 87.3458 49.1946
internal_count=18715 14226 4489 11157 1459 3030 3069 7082 2645 591 1251 1525 386 1818 2054 1819 1608 235 658 575 432 5557 1103 1024 919 254 310 4075 352 198
cat_boundaries=0 1 2
cat_threshold=10 10
is_linear=0
shrinkage=0.03


Tree=10
num_leaves=31
num_cat=0
split_feature=13 10 3 7 6 13 18 6 13 7 6 18 6 2 13 2 18 11 18 11 2 0 10 2 11 10 15 6 13 5
split_gain=219.4 72.8897 40.7124 30.3292 20.4052 15.6587 14.2322 9.40938 7.08727 7.01756 6.81119 6.45192 6.39443 5.95654 5.71256 6.17621 5.5445 5.5824 5.24041 5.20107 9.0961 5.44884 4.98313 6.11699 4.76981 5.11385 4.45111 4.80728 4.39052 4.22939
threshold=5.5500000000000007 0.12523499408379171 0.14955659158372625 8.2900000000000027 24.350000000000001 7.4500000000000011 1242.5000000000002 6.4500000000000011 4.9500000000000011 1.0000000180025095e-35 15.700000000000005 1215.0000000000002 20.916666666666675 0.080029523288498189 5.3500000000000005 0.034750430292598979 1087.5000000000002 1.9372184684684688 1162.5000000000002 3.0669871794871804 0.064681806680161949 0.11001666666666669 0.25927252344758495 0.060801123109518511 2.7949875466998759 0.26988708975052494 1.1810000000000003 20.450000000000006 8.6500000000000004 0.22500000000000003
decision_type=2 10 10 10 10 2 2 10 2 8 10 2 8 10 2 10 2 10 2 10 10 10 10 10 10 10 10 10 2 10
left_child=1 3 5 9 8 7 24 13 11 -1 -5 -3 22 -2 -12 -16 -6 -18 26 -10 -21 -22 -7 -24 25 -4 -9 -28 -8 -19
right_child=2 4 6 10 16 12 28 18 19 -11 14 -13 -14 -15 15 -17 17 29 -20 20 21 -23 23 -25 -26 -27 27 -29 -30 -31
leaf_value=-0.013428487776523799 -0.0025831741838365308 0.00086979297312882696 0.0001037511635666152 -0.0040060554112282733 0.020999999999999998 0.0031876260719336308 0.0062698056704339972 0.017199663326017484 0.0022868780992417871 -0.0084480334249388295 0.00057488390198631647 -0.0070344053929584059 0.020999999999999998 0.018004639162653636 0.0019119682285286791 0.020999999999999998 -8.521055313368792e-05 0.0094895910830119015 0.0037628174622593574 -0.0020659764831731961 0.020999999999999998 0.0051305768228302705 0.020999999999999998 0.00633865014557238 0.020999999999999998 0.018908792604968902 0.0030471481090550323 0.018065262468033045 0.020999999999999998 0.020999999999999998
leaf_weight=326.73699454963207 168.09609286487103 272.08119469881058 19.998252883553505 333.28731095790863 31.7409857660532 46.446856841444969 85.036565139889717 67.295542478561401 331.69547139108181 1153.5731978714466 180.3205863237381 141.16473293304443 53.486215010285378 13.676897689700125 21.416426047682762 16.831300631165504 34.430731639266014 52.896709591150284 170.41456696391106 25.717794105410576 18.030617296695709 19.472606122493744 39.179228737950325 35.317037492990494 254.67500729858875 37.271102398633957 70.215689703822136 26.39337158203125 17.450216040015221 22.646219953894615
leaf_count=1696 763 1260 81 1581 125 194 346 281 1497 5713 820 668 208 60 95 73 143 216 726 117 78 84 161 146 977 147 301 103 69 91
internal_value=0.000128149 -0.00410295 0.011547 -0.0073096 0.00275736 0.00708583 0.0189802 0.00445945 0.000916094 -0.00954733 -0.00130705 -0.00183028 0.0148566 -0.00103411 0.00280858 0.0133394 0.0132576 0.00992657 0.00744636 0.00378994 0.0116759 0.021 0.0108997 0.015708 0.021 0.0123421 0.0112762 0.00715006 0.00910554 0.0144897
internal_weight=4087 2982.04 1104.95 2032.17 949.877 690.521 414.431 516.092 808.162 1480.31 551.856 413.246 174.429 181.773 218.568 38.2477 141.715 109.974 334.319 394.916 63.221 37.5032 120.943 74.4963 311.944 57.2694 163.905 96.6091 102.487 75.5429
internal_count=18820 14257 4563 9978 4279 2943 1620 2234 3704 7409 2569 1928 709 823 988 168 575 450 1411 1776 279 162 501 307 1205 228 685 404 415 307
is_linear=0
shrinkage=0.03


Tree=11
num_leaves=31
num_cat=0
split_feature=13 10 6 6 6 8 9 16 16 8 16 9 6 9 16 13 13 12 8 17 3 10 13 13 3 8 1 9 8 5
split_gain=186.194 70.1265 32.6352 25.9719 21.781 11.4255 14.1931 11.3143 8.90203 8.78587 10.0275 8.23313 7.36598 7.1517 6.86848 6.40655 6.23651 6.07739 6.69934 6.20418 5.37734 5.29844 5.08625 4.99959 5.65747 4.92603 4.64684 4.56543 6.20137 4.35384
threshold=5.5500000000000007 0.12523499408379171 8.2500000000000018 20.450000000000006 24.350000000000001 14.020000000000001 4.8900000000000015 1.5970000000000002 1.9570000000000001 2.9800000000000004 1.5150000000000003 3.8100000000000005 0.08333333333333158 4.8100000000000014 1.1590000000000003 7.9500000000000011 4.9500000000000011 1.0000000180025095e-35 30.020000000000007 1177.5000000000002 0.085223275685814934 0.42599923253647604 9.5500000000000025 7.6500000000000012 0.15200000000000005 19.126666666666672 0.017113000000000003 5.5450000000000017 23.72666666666667 1.0000000180025095e-35
decision_type=2 10 10 10 10 10 10 10 10 8 10 10 8 10 10 2 2 2 10 2 10 10 2 2 10 10 10 10 10 8
left_child=1 2 12 5 9 6 8 17 15 10 26 -7 -1 -9 -13 -2 20 18 21 -19 -11 -5 23 24 -16 -26 -3 -18 -29 -4
right_child=3 4 29 7 -6 11 -8 13 -10 16 -12 14 -14 -15 22 -17 27 19 -20 -21 -22 -23 -24 -25 25 -27 -28 28 -30 -31
leaf_value=-0.012895834538897529 0.0050489195751666927 -0.0058147697550848644 -0.0028023390673597493 -0.00033570560117397768 0.013692623980168206 -0.0087820367914482281 0.020999999999999998 0.0019741310934726225 0.020958875037278123 -0.0058556388547944703 0.019091600466372014 -0.00072768300922398054 -0.0080717449028245673 0.020999999999999998 0.0059245610963620981 0.019670257608643826 0.0011914219183097876 0.010493781644141484 0.019290462296565145 0.020999999999999998 0.0016933486512601648 0.018248639749957867 0.020999999999999998 -0.0028730226097563676 0.020999999999999998 0.0064029096523041144 0.013143808301221671 0.020999999999999998 0.0013882198980035162 0.0027143315275557213
leaf_weight=389.66403184831142 240.64397881925106 36.332450851798058 369.56748040020466 70.046028047800064 142.70632633566856 44.14994902908802 29.481731653213501 17.781265243887901 46.016845703125 222.29791152477264 48.544889658689499 116.44420827925205 1059.2143296450377 137.17355504631996 105.17660896480083 30.375074207782745 298.34083306789398 69.708803370594978 32.467512041330338 61.9774249792099 137.42466834187508 17.196541994810104 18.743291988968849 37.423480004072189 15.361780434846876 21.126295641064644 17.117567479610443 24.493795067071915 29.473566919565201 197.59377810359001
leaf_count=2038 1037 168 1743 275 573 205 121 68 193 1060 216 499 5281 509 451 122 1350 269 124 235 625 66 74 148 60 84 77 106 129 910
internal_value=0.000109544 -0.0038069 -0.00698105 0.0105862 0.00288171 0.00710421 0.0109886 0.0166269 0.00875907 0.000986461 0.00922129 0.0033489 -0.00936914 0.021 0.00505308 0.00668764 -0.000193139 0.0125491 0.00765693 0.0169964 -0.0029717 0.00332749 0.00845565 0.00687942 0.00945572 0.0196343 0.000256785 0.0026439 0.0106735 -0.000880382
internal_weight=4084.07 2972.77 2016.04 1111.29 956.732 704.943 346.518 406.351 317.036 814.026 101.995 358.426 1448.88 154.955 314.276 271.019 712.031 251.396 119.71 131.686 359.723 87.2426 197.831 179.088 141.665 36.4881 53.45 352.308 53.9674 567.161
internal_count=18816 14276 9972 4540 4304 2994 1473 1546 1352 3731 461 1521 7319 577 1316 1159 3270 969 465 504 1685 341 817 743 595 144 245 1585 235 2653
is_linear=0
shrinkage=0.03


Tree=12
num_leaves=31
num_cat=1
split_feature=13 7 13 14 7 18 10 10 6 16 3 10 18 6 8 11 11 8 10 13 6 18 13 8 18 8 1 13 15 6
split_gain=198.902 64.4969 31.4828 30.1995 26.3965 15.5944 11.4346 9.17741 8.7841 8.51955 6.67888 6.24155 6.07266 6.07062 7.40098 5.97542 5.70387 6.45164 5.45838 5.17842 4.86619 4.57826 4.91554 4.71185 5.31853 4.51315 5.67415 5.46151 5.37576 5.07841
threshold=5.5500000000000007 13.6775 7.8500000000000005 0 10.610000000000003 1155.0000000000002 0.18968380796871492 0.026839704271238222 29.483333333333338 1.6020000000000003 0.13852543154013744 0.086013682014677809 1087.5000000000002 21.950000000000006 14.020000000000001 3.2511682242990658 2.8698475437605877 16.445000000000004 0.29443813666533458 8.3500000000000032 11.750000000000002 1205.0000000000002 6.7500000000000009 6.5100000000000007 1117.5000000000002 9.9416666666666682 0.17071700000000009 6.4500000000000011 1.7210000000000003 16.516666666666673
decision_type=2 10 2 1 10 2 8 10 10 10 10 10 2 8 10 10 10 8 10 2 10 2 2 10 2 10 10 2 10 10
left_child=1 3 4 11 6 9 -2 -5 10 -6 -3 -1 -10 14 -4 18 -13 -18 -14 -16 -12 23 -23 24 -8 27 29 -7 -28 -27
right_child=2 8 13 7 5 25 21 -9 12 -11 20 16 15 -15 19 -17 17 -19 -20 -21 -22 22 -24 -25 -26 26 28 -29 -30 -31
leaf_value=-0.0049533611148859036 -0.0057721896078795068 0.00043181414767349185 0.020999999999999998 -0.011373282817901779 0.012169838680346051 0.020999999999999998 0.0073760607975650455 -0.0066661949160184419 0.020999999999999998 0.020999999999999998 -0.0075431016741310244 -0.00057471857885357022 -0.0010355271291586383 0.020999999999999998 -0.0039566328209441554 0.020999999999999998 0.019439748851931428 -0.0041236389574715177 0.017102266631581566 0.013317933886320205 0.0097613669837983679 -0.0066056466015069846 0.010740350132435954 0.0041777367021628214 0.020999999999999998 0.0095558493940604491 0.020999999999999998 0.0027491130008674832 0.0056085670620579127 -0.0010320033424094516
leaf_weight=316.76763069629669 121.6389115601778 322.90948283672333 44.383820772171021 680.99086333811283 130.78464469313622 24.688065722584724 36.36588941514492 823.67878150939941 28.246906980872154 118.65846033394337 16.316635578870773 488.0316848307848 54.104621455073357 123.13275969028473 21.935985550284386 24.142414033412933 27.957928493618965 16.70701077580452 20.625112220644951 54.225527808070183 141.12536762654781 43.415798544883728 22.232702121138573 81.781169176101685 23.312017291784286 66.248433127999306 36.585543230175972 17.000372603535652 43.889323264360428 106.01810951530933
leaf_count=1540 560 1454 177 3548 517 101 152 4094 111 452 72 2252 222 453 88 96 126 77 81 214 597 189 95 343 98 281 140 68 168 425
internal_value=0.000110158 -0.00395754 0.010902 -0.00620646 0.00823967 0.0122963 0.00152847 -0.00873848 0.00475772 0.0178153 0.00290191 -0.00159977 0.0117704 0.0204359 0.0142201 0.00816252 0.000364411 0.0106258 0.00397043 0.00834253 0.007968 0.00581631 -0.000731204 0.00885489 0.0152644 0.00762054 0.00611206 0.0167659 0.0126887 0.00303976
internal_weight=4077.9 2961.6 1116.3 2354.13 872.619 543.873 328.746 1504.67 607.471 249.443 480.351 849.464 127.119 243.678 120.545 98.8721 532.697 44.6649 74.7297 76.1615 157.442 207.108 65.6485 141.459 59.6779 294.43 252.741 41.6884 80.4749 172.267
internal_count=18791 14270 4521 11637 3589 2152 1437 7642 2633 969 2123 3995 510 932 479 399 2455 203 303 302 669 877 284 593 250 1183 1014 169 308 706
cat_boundaries=0 1
cat_threshold=10
is_linear=0
shrinkage=0.03


Tree=13
num_leaves=31
num_cat=1
split_feature=10 7 7 18 9 14 17 13 17 10 17 18 16 18 2 7 13 15 13 10 8 11 3 8 11 10 8 3 7 16
split_gain=189.012 53.452 45.5879 16.3394 14.1818 13.3759 11.9066 11.5727 10.9502 11.4325 10.3447 8.56068 8.51593 7.77657 7.14718 6.32422 6.10843 6.12522 5.70833 5.66911 5.61785 5.0291 4.83019 4.64252 5.31344 5.49885 4.84017 4.3065 4.29912 5.90761
threshold=0.18968380796871492 8.2900000000000027 15.170000000000002 1102.5000000000002 7.0900000000000016 0 1210.0000000000002 7.9500000000000011 1267.5000000000002 0.3619038624460465 1098.7500000000002 1087.5000000000002 0.89900000000000013 1177.5000000000002 0.050000000000000037 25.780000000000001 5.3500000000000005 1.2900000000000003 4.8500000000000005 0.15072977705135501 11.690000000000003 1.5219806763285026 0.0110078125 13.710000000000001 2.8838894506235255 0.011833405572755419 13.245000000000003 0.13852543154013744 17.963333333333335 0.74300000000000022
decision_type=10 10 10 2 10 1 2 2 2 10 2 2 10 2 10 10 2 10 2 8 10 10 10 10 10 10 10 10 10 10
left_child=1 5 8 10 11 -1 14 13 12 -10 -4 27 -2 16 -5 -6 19 22 -14 -7 -8 -16 -18 24 25 -13 -27 -3 -23 -30
right_child=2 4 3 6 15 7 20 -9 9 -11 -12 23 18 -15 21 -17 17 -19 -20 -21 -22 28 -24 -25 -26 26 -28 -29 29 -31
leaf_value=-0.013285173082761895 -0.0058533171593405263 0.0029886615301708136 0.0039146143078665485 -0.0087150338527084842 0.0031102667912425649 -0.0065782497103895228 0.0032194650545445047 0.020999999999999998 0.00024333725416253021 0.020999999999999998 0.020999999999999998 0.0090137904957145378 -0.0015451006010051935 -0.0092262836540293863 -0.004479603837263855 0.018382707944845436 0.0031398212773161784 -0.0076077254907421631 0.005536900899795822 0.0038122249406853871 0.020999999999999998 0.019403288004376563 0.020999999999999998 -0.0041498006211644067 0.010673401066244309 -0.0051099488963462216 0.012671457282405452 0.014500713555232464 -0.0088574686107909077 0.010607234995434218
leaf_weight=342.87798619270325 92.876772195100784 186.17683739960194 31.894241333007812 19.409544736146927 43.314501330256462 598.6073842048645 16.559010714292526 13.183614477515219 37.646384030580521 61.427518859505653 133.965261682868 40.148298442363739 132.55985721945763 618.90840375423431 20.157505884766579 55.888974338769913 49.896380946040154 37.037882268428802 450.70924177765846 51.310052707791328 107.94233193993568 46.354540333151817 15.234719976782797 379.61403676867485 43.40861602127552 144.05968092381954 15.234493494033812 34.6959158629179 14.900438860058783 241.13113763928413
leaf_count=1839 419 845 122 83 178 3024 64 52 161 247 497 184 620 3108 84 215 233 178 1941 250 404 190 69 1736 188 672 71 144 61 925
internal_value=-7.09588e-05 -0.0047612 0.00882478 0.0148029 0.000985033 -0.00789721 0.0118575 -0.00642018 0.00394871 0.0132632 0.021 -0.000277085 0.00258388 -0.0067356 0.00896536 0.0117144 -0.00468597 0.00213305 0.00392737 -0.00575794 0.0198009 0.0100293 0.0076723 -0.00207756 0.00116166 -0.000908563 -0.00340938 0.00479704 0.0109965 0.00947443
internal_weight=4077.13 2669.6 1407.53 632.314 942.541 1727.06 466.455 1384.18 775.22 99.0739 165.86 843.338 676.146 1370.99 341.953 99.2035 752.086 102.169 583.269 649.917 124.501 322.544 65.1311 622.465 242.851 199.442 159.294 220.873 302.386 256.032
internal_count=18804 12986 5818 2430 4233 8753 1811 6914 3388 408 619 3840 2980 6862 1343 393 3754 480 2561 3274 468 1260 302 2851 1115 927 743 989 1176 986
cat_boundaries=0 1
cat_threshold=4
is_linear=0
shrinkage=0.03


Tree=14
num_leaves=31
num_cat=1
split_feature=7 14 10 16 0 11 16 8 7 18 8 8 3 11 8 16 11 7 15 11 10 18 10 2 18 11 15 7 7 3
split_gain=176.595 82.4231 27.36 19.276 17.6108 15.96 8.93946 8.87239 8.59538 8.57878 8.67137 7.53586 7.47009 6.68699 6.4597 9.03271 6.39177 6.3551 8.0547 5.64631 5.31109 5.03856 4.93687 6.42744 4.81533 4.69992 5.78867 4.63238 4.6955 4.39114
threshold=13.6775 0 0.1795733682225937 1.5790000000000002 0.050000000000000037 2.7337552742616036 0.74300000000000022 8.0400000000000063 1.0000000180025095e-35 1242.5000000000002 2.0199999999999996 33.180000000000014 0.17333700108777511 0.84877072612921689 13.910000000000002 0.8610000000000001 2.3668776371308025 35.170000000000009 1.5910000000000004 2.5953718566078119 0.2134840305166226 1042.5000000000002 0.47623971332664344 0.12858379438383213 1162.5000000000002 1.7056197478991597 1.6924500000000005 18.145000000000003 14.31 0.17333700108777511
decision_type=10 1 10 10 10 10 8 10 8 2 8 10 10 10 10 10 10 10 10 10 10 2 8 10 2 10 10 10 10 10
left_child=1 5 7 12 -5 9 -7 -2 -3 10 13 19 24 -1 -14 -16 -9 -17 -19 25 -15 -10 -12 -24 -4 -6 -27 28 -18 -8
right_child=2 8 3 4 11 6 29 16 21 -11 22 -13 14 20 15 17 27 18 -20 -21 -22 -23 23 -25 -26 26 -28 -29 -30 -31
leaf_value=-0.0010780531173727266 0.020999999999999998 -0.013428080504339891 0.010564493275120454 -0.0025370333507070651 0.020999999999999998 -0.0031222890229004236 0.0075492419692465918 -0.0012049005962061711 0.00030578352529344151 -0.0056813860439896714 -0.0014633804492413306 0.0077211171258659934 0.003410437570249213 0.0062164294829440145 -0.0019322616541202482 0.020999999999999998 0.015467441733502818 0.020999999999999998 -0.00033282202561413926 0.020999999999999998 0.020999999999999998 -0.0082662402196460351 0.002089084791911579 0.020999999999999998 0.00077457330336329203 -0.0041721698984792926 0.017172457550543561 0.0084881894570796399 -0.0023966997138378195 0.017952763869426572
leaf_weight=36.904358521103859 25.779585048556328 306.2310788333416 73.049884974956512 31.552055984735489 18.645238623023033 66.240518674254417 244.57827943563461 188.42213827371597 65.117258876562119 231.11545081436634 524.78087268769741 38.463789045810699 52.436103075742722 32.679756164550781 23.138689741492271 97.167088612914085 15.807672813534735 16.726319223642349 30.896540954709053 177.95177736878395 31.666672006249428 1180.7605941742659 67.111549735069275 17.644713029265404 118.6819985806942 22.3768100887537 23.386330142617226 198.83904886245728 81.594389766454697 42.921952500939369
leaf_count=174 110 1669 292 131 76 298 1034 843 328 1092 2437 138 204 150 92 364 72 61 111 647 135 5999 295 75 490 89 90 804 364 170
internal_value=-0.000127807 -0.00423652 0.00934702 0.0130952 0.0187158 0.00136949 0.00681326 0.00402718 -0.00886791 -0.00066043 0.000972153 0.021 0.00883474 0.00910225 0.0126023 0.0154725 0.00311495 0.0182539 0.00904052 0.021 0.0149409 -0.00781821 -0.000378345 0.00633981 0.00450453 0.0121176 0.00673557 0.00586256 0.000502525 0.00910242
internal_weight=4082.67 2847.75 1234.92 724.473 312.376 1295.64 353.741 510.443 1552.11 941.903 710.788 280.824 412.097 101.251 220.365 167.929 484.663 144.79 47.6229 242.36 64.3464 1245.88 609.537 84.7563 191.732 64.4084 45.7631 296.241 97.4021 287.5
internal_count=18834 13856 4978 2785 1171 5860 1502 2193 7996 4358 3266 1040 1614 459 832 628 2083 536 172 902 285 6327 2807 370 782 255 179 1240 436 1204
cat_boundaries=0 1
cat_threshold=10
is_linear=0
shrinkage=0.03


Tree=15
num_leaves=31
num_cat=1
split_feature=10 7 7 18 13 14 13 3 18 17 18 13 8 8 18 13 10 17 7 8 16 10 0 10 0 16 8 18 7 7
split_gain=183.273 59.4534 37.4869 22.2834 16.1895 13.251 11.6394 10.8449 10.3225 9.82968 8.69999 8.1775 7.6636 7.58979 7.50778 6.37107 5.96957 5.6484 5.58466 5.48884 5.28394 7.73972 7.43337 6.80976 5.23263 5.12336 4.98307 4.92117 4.81604 4.75167
threshold=0.19314656877416578 8.2900000000000027 15.170000000000002 1292.5000000000002 5.2500000000000009 0 6.1500000000000012 0.16739417989417993 1102.5000000000002 1093.7500000000002 1162.5000000000002 7.8500000000000005 6.9000000000000012 11.453333333333337 1310.0000000000002 5.2500000000000009 0.028706110310147966 1310.0000000000002 10.22666666666667 13.445000000000002 1.7510000000000001 0.55389421899446101 0.31706333333333342 0.23404413760370815 0.093333333333333365 1.7747800000000005 18.220000000000006 1191.2500000000002 34.410000000000004 20.810000000000006
decision_type=10 8 10 2 2 1 2 10 2 2 2 2 8 8 2 2 10 2 10 8 10 10 10 10 10 10 10 2 10 10
left_child=1 5 6 8 -3 11 12 17 9 -4 13 -1 14 -6 15 -2 -7 -8 -19 -15 21 22 23 -10 -22 -17 29 -9 -26 -25
right_child=2 4 3 -5 10 16 7 27 20 -11 -12 -13 -14 19 -16 25 -18 18 -20 -21 24 -23 -24 26 28 -27 -28 -29 -30 -31
leaf_value=-0.0040868491798921854 0.0040018529161334627 -0.0019656965293489586 0.0020860768545916644 0.0006241838757917289 0.020486270932828437 -0.01195342043079628 0.0038989727456424559 0.020999999999999998 0.019399581220582385 0.020999999999999998 0.00078191927456262736 0.020304824097943115 -0.0011321439919935519 -0.0095102790643007817 -0.010520964247827133 0.0091428553488468785 -0.0077425701590522495 0.020999999999999998 0.0017110010254442734 0.0086066426705486681 0.0070528721714573032 0.020999999999999998 0.020999999999999998 -0.0090307420786119377 0.020999999999999998 0.020999999999999998 0.0093746927212555297 0.0057041181823822042 0.0090045170055040365 0.0057142143158416094
leaf_weight=382.95357328653336 98.415759712457657 663.47751060128212 24.729686692357063 96.638631641864777 46.631469920277596 621.57397116720676 172.37222425639629 32.810088559985161 33.238922670483589 144.29472261667252 176.0262635499239 12.783225476741789 333.44435700774193 16.706018730998039 20.5639318972826 42.42855329811573 591.19587373733521 26.327064543962479 16.256677120923996 151.88773636519909 27.33431488275528 38.6755101531744 29.956438705325127 35.794536858797073 62.035258963704109 19.097577273845673 90.226486280560493 18.930497422814369 30.122906416654587 43.664365038275719
leaf_count=1847 445 3127 94 387 196 3353 709 121 130 518 746 51 1506 70 96 182 3034 102 64 628 106 144 107 143 223 79 338 75 105 166
internal_value=1.24753e-05 -0.00464687 0.00864563 0.0139279 0.000888486 -0.00827651 0.00420199 0.00928723 0.0162234 0.021 0.00572856 -0.00321763 0.00156318 0.00977427 0.00654219 0.00873602 -0.00981976 0.00631609 0.0161002 0.00681143 0.0134876 0.0111744 0.0090632 0.00698252 0.0187447 0.0163087 0.0045502 0.021 0.021 -0.000928073
internal_weight=4100.59 2663.24 1437.36 656.712 1054.73 1608.51 780.647 266.697 560.073 169.024 391.251 395.737 513.95 215.225 180.506 159.942 1212.77 214.956 42.5837 168.594 391.049 271.556 232.881 202.924 119.492 61.5261 169.685 51.7406 92.1582 79.4589
internal_count=18892 13052 5840 2461 4767 8285 3379 1071 2074 612 1640 1898 2308 894 802 706 6387 875 166 698 1462 1028 884 777 434 261 647 196 328 309
cat_boundaries=0 1
cat_threshold=10
is_linear=0
shrinkage=0.03


Tree=16
num_leaves=31
num_cat=1
split_feature=10 14 6 16 6 13 13 18 8 0 11 3 2 12 15 16 10 18 3 13 8 16 2 2 8 6 16 13 10 3
split_gain=167.468 54.4326 31.2265 20.9164 17.1506 15.5401 14.1341 10.9714 10.2601 9.64152 7.75384 7.67395 9.48449 7.55326 7.3151 6.69553 6.64365 6.31264 6.28238 6.18217 6.04263 4.67916 4.83692 4.38103 5.20291 4.36775 4.07338 4.26549 4.03406 4.02341
threshold=0.18968380796871492 0 21.150000000000006 1.5790000000000002 8.6833333333333389 5.0500000000000007 7.7500000000000009 1292.5000000000002 14.020000000000001 0.3042483333333334 2.9953271028037389 0.1502075406838955 0.17268490144894641 1.0000000180025095e-35 0.58100000000000007 0.80100000000000005 0.026839704271238222 1170.0000000000002 0.090006415271475529 7.2500000000000009 27.053333333333338 1.9630000000000003 0.072525826762027026 0.093297948717948734 11.220000000000004 33.483333333333341 1.2810000000000004 9.5500000000000025 0.3619038624460465 0.12800300000000006
decision_type=10 1 10 10 10 2 2 2 10 10 10 10 10 2 8 10 10 2 10 2 10 10 10 10 10 10 10 2 10 8
left_child=1 5 6 9 16 10 7 11 -8 15 14 29 13 -13 -1 -4 -3 19 -12 -7 -17 -16 -23 -5 -25 -19 -10 -28 -22 -2
right_child=2 4 3 23 -6 17 8 -9 26 -11 18 12 -14 -15 21 20 -18 25 -20 -21 28 22 -24 24 -26 -27 27 -29 -30 -31
leaf_value=0.0047949751654021129 0.0044933143373349959 -0.01179086567745501 -0.010429231184795763 0.0063451358288708643 -0.0021189787481583015 0.0055550153722904927 0.020999999999999998 -0.0038630997996286836 0.01724281651107714 0.020729158531701208 0.001004458422081645 0.0074332492055190959 0.0053976114654497162 0.020999999999999998 -0.0066582485205994623 0.0047650291013298538 -0.0074067054240880932 -0.00058411373765122638 0.020999999999999998 0.016915918620312727 0.006076025204032021 -0.0039911785246005884 0.012272629898925061 0.0049375865997097956 0.020999999999999998 0.014815066887734367 -0.0051014771111436421 0.014182119766077412 0.020999999999999998 -0.003441420749353019
leaf_weight=77.694418430328369 473.41859275102615 627.67697024345398 20.141762718558311 18.359252616763115 352.15179362893105 234.68928027153015 37.144507855176926 135.93778885900974 25.201945886015892 49.68181499838829 30.184849038720131 38.959628477692604 128.60202342271805 36.756357327103615 349.54380631446838 140.36809243261814 616.7521363645792 188.6338279992342 15.878810599446295 52.807807356119156 18.594818770885468 46.761617809534073 25.395480275154114 18.149602025747299 171.38970732688904 18.174092039465904 27.562039464712143 16.506372347474098 24.832926779985428 65.467086225748062
leaf_count=376 2061 3419 81 67 1659 1015 139 611 98 175 139 159 517 147 1686 527 3187 834 68 201 68 225 115 65 595 69 105 61 88 281
internal_value=3.84533e-05 -0.00446266 0.00823878 0.0146788 -0.00791442 0.000905017 0.00522306 0.00397312 0.0155493 0.00887822 -0.00257766 0.00540643 0.0103572 0.0187809 -0.00366397 0.00599118 -0.00961803 0.00476641 0.00919953 0.0076418 0.00779066 -0.00522246 0.00173282 0.021 0.021 0.000769152 0.0076229 0.00212143 0.0175702 0.00352935
internal_weight=4083.42 2636.34 1447.07 461.518 1596.58 1039.76 985.556 879.141 106.415 253.619 545.459 743.204 204.318 75.716 499.395 203.938 1244.43 494.305 46.0637 287.497 183.796 421.701 72.1571 207.899 189.539 206.808 69.2704 44.0684 43.4277 538.886
internal_count=18838 12993 5845 1666 8265 4728 4179 3776 403 939 2609 3165 823 306 2402 764 6606 2119 207 1216 683 2026 340 727 660 903 264 166 156 2342
cat_boundaries=0 1
cat_threshold=10
is_linear=0
shrinkage=0.03


Tree=17
num_leaves=31
num_cat=2
split_feature=13 3 3 14 6 13 18 14 10 6 18 9 10 18 6 11 11 13 18 12 6 12 6 11 9 16 17 16 16 11
split_gain=166.212 64.2467 17.5679 16.8543 15.7873 13.8968 12.8853 8.41129 7.8294 7.41914 7.11826 7.58137 7.11786 7.63542 7.22986 8.34309 6.63028 6.25351 5.53749 5.11147 4.96352 6.20838 4.76324 4.67258 4.59162 6.45504 5.57928 6.43446 4.94071 4.52043
threshold=5.5500000000000007 0.052009740259740277 0.1502075406838955 0 24.350000000000001 7.7500000000000009 1242.5000000000002 1 0.20201746529023493 0.50000000000000044 1077.5000000000002 0.64000000000000024 0.15072977705135501 1292.5000000000002 14.716666666666667 2.6649659863945581 2.7171862182116491 8.6500000000000004 1205.0000000000002 1.0000000180025095e-35 25.283333333333339 1.0000000180025095e-35 18.550000000000008 2.7784237726098193 1.5450000000000006 1.7952633333333334 1098.7500000000002 1.4330000000000003 1.4723200000000003 3.2863756613756618
decision_type=2 10 10 1 10 2 2 1 10 8 2 8 10 2 10 10 10 2 2 2 8 2 10 10 10 10 2 10 10 8
left_child=1 3 5 10 12 7 8 18 -4 -5 11 -1 14 19 -3 -16 -13 -8 -2 -14 21 -7 -9 -10 -21 26 27 -26 -28 -20
right_child=2 4 6 9 -6 20 17 22 23 -11 -12 16 13 -15 15 -17 -18 -19 29 24 -22 -23 -24 -25 25 -27 28 -29 -30 -31
leaf_value=0.020999999999999998 0.0081755560887087474 -0.0046516814011203491 0.0035593848722363457 -0.012070382554453403 0.0099271212677082901 0.0045238728064836368 0.002171705389588564 -0.0078621174418896569 0.010708080976905923 -0.0073267759617281908 -0.00457335122793968 -0.003159614598377985 0.0012133601023259532 -0.0062405375602670315 -0.0015286872508987362 0.015525731028111143 0.014516656550575071 0.020999999999999998 0.0055967955701750234 0.019318924407430656 0.020999999999999998 0.018533641456358149 0.010686702931741423 0.020451837127209625 -0.011637621095453481 -0.0026949867822412439 0.020782386581350613 0.014152161005500367 0.004324762475473809 -0.0051913804383500765
leaf_weight=14.716937541961668 358.85921537876129 316.22473725676537 34.133494794368744 488.11950176954269 192.14748883247375 55.608669713139534 91.392338812351227 68.225994035601616 53.894376024603844 756.85697464644909 488.17304599285126 86.897668108344078 176.8986586779356 65.842507138848305 78.540658876299858 38.457379028201103 24.477960243821144 17.086781710386276 86.365246653556824 28.933423265814781 33.782516673207283 58.328745812177658 15.243746221065519 248.6605406999588 18.405257001519203 49.169960707426071 47.926081910729408 16.523394972085953 24.970969066023827 58.725479960441589
leaf_count=69 1451 1553 130 2702 747 213 352 339 196 3941 2332 412 780 303 363 169 111 61 366 127 118 220 58 851 82 213 208 73 108 243
internal_value=8.19586e-05 -0.00376579 0.00957912 -0.0071202 0.00215112 0.00673099 0.0142825 0.00466256 0.0171796 -0.00911341 -0.00288508 0.00342232 0.000417567 0.00315828 -0.00229434 0.00407712 0.000725248 0.00529066 0.0060558 0.00486388 0.0149562 0.011696 -0.0039959 0.0187162 0.00833711 0.00631322 0.0104211 0.000562528 0.0151448 0.00123028
internal_weight=4093.59 2913.28 1180.31 1859.24 1054.04 735.14 445.168 587.42 336.688 1244.98 614.266 126.093 861.893 428.67 433.223 116.998 111.376 108.479 503.95 362.828 147.72 113.937 83.4697 302.555 185.929 156.996 107.826 34.9287 72.8971 145.091
internal_count=18891 14293 4598 9567 4726 3008 1590 2457 1177 6643 2924 592 3979 1894 2085 532 523 413 2060 1591 551 433 397 1047 811 684 471 155 316 609
cat_boundaries=0 1 2
cat_threshold=10 10
is_linear=0
shrinkage=0.03


Tree=18
num_leaves=31
num_cat=1
split_feature=13 10 7 14 7 17 7 18 13 13 16 18 18 0 10 0 1 18 10 7 1 8 15 9 8 18 12 9 8 17
split_gain=163.877 42.2677 32.5585 21.4316 16.2627 13.0255 12.7939 11.8961 14.4541 9.0021 7.27453 7.16953 6.91259 6.6497 5.65177 5.52117 6.03573 5.51089 6.43324 5.68805 4.9932 6.50876 4.54465 5.77042 4.30402 3.93356 3.88883 5.5484 6.89624 4.89887
threshold=5.2500000000000009 0.077703162419045638 14.745000000000003 0 8.4900000000000038 1210.0000000000002 13.290000000000001 1095.0000000000002 11.950000000000001 6.7500000000000009 1.1390000000000005 1292.5000000000002 1015.0000000000001 0.077368333333333358 0.50392864819412975 0.18774000000000005 0.15450000000000005 1292.5000000000002 0.18968380796871492 17.450000000000006 0.013813000000000004 12.960000000000003 1.9760000000000004 2.4225000000000008 23.460000000000004 1108.7500000000002 1.0000000180025095e-35 8.3266666666666698 11.890000000000002 1347.5000000000002
decision_type=2 10 10 1 10 2 10 2 2 2 8 2 2 10 10 10 10 2 10 10 10 10 8 10 10 2 2 10 10 2
left_child=1 4 3 5 -1 10 11 15 17 22 -2 -3 -8 -11 -14 16 24 18 25 -19 21 -6 -7 -24 -4 -9 29 28 -28 -20
right_child=2 6 7 -5 20 9 12 8 -10 13 -12 -13 14 -15 -16 -17 -18 19 26 -21 -22 -23 23 -25 -26 -27 27 -29 -30 -31
leaf_value=-0.010131375852463327 -0.0013248479978141315 -0.0013120938363673652 0.020252258518508457 -0.0067473851914387067 0.013538951467367949 -0.00068540382378224241 0.020999999999999998 -0.0095232864487679678 0.020999999999999998 0.020999999999999998 0.0058453703035955731 -0.0092479824431768599 0.0023088532111767931 0.0034750489687089174 0.01652352021724247 0.020999999999999998 0.00094158953178049231 0.01825287052032672 0.0065721729222632851 -0.0017194724940290053 -0.0049944107996872161 -0.0023908778290844947 -0.00026402347261722417 0.020999999999999998 0.0070531294711369359 0.0059927653036526722 0.0051943396394168112 0.0063211583005723 0.020999999999999998 0.020999999999999998
leaf_weight=1070.038599178195 194.50793458521366 635.97380158305168 85.348949074745178 151.83404330909252 35.869379833340645 42.217382818460464 14.066915869712828 16.746452152729034 23.255618095397949 58.710947200655937 368.800367385149 122.13304521143436 277.22223018109798 19.594387263059616 27.688418656587601 70.548788920044899 26.516576752066612 15.384415969252585 146.71817944943905 77.40122178196907 187.81905928254128 64.765382692217827 14.350598827004434 16.268660634756088 30.067393973469734 120.63000801205635 28.369643405079842 48.070766165852547 95.316696897149086 22.107338413596153
leaf_count=5772 856 3076 319 797 169 180 57 67 78 223 1539 611 1190 73 110 236 90 64 528 302 905 305 61 65 110 480 104 164 338 75
internal_value=5.73745e-05 -0.00490814 0.00728725 0.00324891 -0.00842715 0.00539227 -0.000469721 0.011625 0.00944586 0.0132879 0.00336952 -0.00259059 0.00457089 0.0203491 0.00359966 0.017717 0.0138484 0.00828268 0.00958152 0.00159206 -0.00210522 0.00328701 0.00569647 0.0144957 0.0168137 0.00410133 0.011792 0.0149702 0.0183317 0.00855861
internal_weight=4108.34 2435.58 1672.77 866.284 1358.49 714.45 1077.08 806.482 594 151.142 563.308 758.107 318.978 78.3053 304.911 212.482 141.933 570.745 477.959 92.7856 288.454 100.635 72.8366 30.6193 115.416 137.376 340.583 171.757 123.686 168.826
internal_count=18944 12195 6749 3794 7151 2997 5044 2955 2200 602 2395 3687 1357 296 1300 755 519 2122 1756 366 1379 474 306 126 429 547 1209 606 442 603
cat_boundaries=0 1
cat_threshold=10
is_linear=0
shrinkage=0.03


Tree=19
num_leaves=31
num_cat=0
split_feature=10 7 7 13 18 13 7 17 16 17 17 16 13 15 7 10 8 7 18 7 6 8 9 11 6 0 1 18 15 10
split_gain=170.102 58.9412 28.7435 15.0767 15.007 12.1477 11.8884 11.0879 10.851 9.45305 7.42288 6.61836 6.57414 6.19894 5.67044 5.42105 5.10247 4.93335 4.89043 8.12434 5.2165 4.8885 4.7536 4.74031 4.91575 6.2648 6.74054 4.68048 4.38582 4.23304
threshold=0.18968380796871492 10.610000000000003 16.267500000000002 7.9500000000000011 1102.5000000000002 5.2500000000000009 1.0000000180025095e-35 1310.0000000000002 1.0130000000000001 1098.7500000000002 1210.0000000000002 1.0335900000000002 5.2500000000000009 1.2670000000000001 40.290000000000006 0.071600161821222363 11.580000000000004 32.290000000000013 1127.5000000000002 12.310000000000004 18.183333333333341 1.0000000180025095e-35 5.910000000000001 1.5594229217110576 18.341666666666672 0.1403083333333334 0.19017700000000004 1071.2500000000002 1.9165000000000003 0.16619000354038121
decision_type=10 10 10 2 2 2 8 2 10 2 2 10 2 10 10 8 10 10 2 10 10 10 10 10 10 10 10 2 10 10
left_child=1 3 7 6 9 17 -1 11 -6 -4 13 28 -9 -10 18 -8 -14 27 19 -7 -21 -13 -12 -15 -25 -26 -27 -3 -2 -20
right_child=2 5 4 -5 8 14 15 12 10 -11 22 21 16 23 -16 -17 -18 -19 29 20 -22 -23 -24 24 25 26 -28 -29 -30 -31
leaf_value=-0.013033073925323952 -0.004482586587284283 0.0060229764906106148 0.0047053594621625488 0.020976547783464694 -0.00015592514827869903 0.020999999999999998 -0.0080079367768656293 -0.0022731474677327125 0.018316679710950891 0.020999999999999998 0.0087104510964965964 -0.012739469491033339 0.020999999999999998 -0.007855937197400872 0.020999999999999998 -0.0043390322751151629 0.0095549876708081304 0.01673413650629528 0.0042873920333328487 -0.00062578207361717862 0.012064257258109223 0.0052567978176772763 0.020999999999999998 0.018536764616378439 -0.0024018710845692803 0.020186330066372556 0.0049294991057474927 -0.0025984750514594685 0.0097493444565380678 -0.010437183672807271
leaf_weight=305.71444109082222 123.86014448106289 67.397891744971275 32.138071566820145 16.725154921412468 75.296945169568062 17.320366084575653 910.06440678238869 16.634438559412956 58.709760397672653 141.03060621023178 31.768878251314163 13.901183873414992 33.473922193050385 17.041528761386871 19.988512605428696 602.35675626993179 38.03284840285778 14.226237043738363 136.04413112998009 48.347168058156967 73.437189072370529 596.89327017962933 79.39197438955307 36.788541257381439 50.417392089962959 40.189387083053589 74.141104936599731 356.12407897412777 23.12663733959198 20.177672892808914
leaf_count=1758 556 305 116 62 294 75 4783 75 217 473 115 59 125 69 70 3026 143 59 562 201 277 2540 264 140 185 143 254 1659 100 82
internal_value=0.000165965 -0.00447608 0.0082675 -0.00737655 0.0130811 0.00259101 -0.00763737 0.00464324 0.0102671 0.0206169 0.0122875 0.00347186 0.014714 0.00966177 0.00708046 -0.00654671 0.0186657 -0.000642789 0.00602843 0.0101196 0.00702644 0.00484722 0.0188373 0.00733707 0.00862176 0.00640772 0.0102926 -0.00122649 -0.00224336 0.00238556
internal_weight=4070.76 2587.92 1482.84 1834.86 636.914 753.063 1818.14 845.922 463.746 173.169 388.449 757.781 88.1412 277.288 315.315 1512.42 71.5068 437.748 295.327 139.105 121.784 610.794 111.161 218.578 201.536 164.748 114.33 423.522 146.987 156.222
internal_count=18787 12919 5868 9629 2270 3290 9567 3598 1681 589 1387 3255 343 1008 1267 7809 268 2023 1197 553 478 2599 379 791 722 582 397 1964 656 644
is_linear=0
shrinkage=0.03


Tree=20
num_leaves=31
num_cat=1
split_feature=7 14 13 10 18 7 13 18 8 7 18 8 0 6 6 6 0 16 8 3 16 13 18 6 6 16 16 7 13 8
split_gain=150.054 70.5657 24.514 19.8658 16.0519 14.4057 12.8343 9.41206 9.30787 9.55788 8.80644 7.45025 7.24767 7.72434 7.61508 5.85527 5.22204 5.15237 5.11127 6.23592 4.98015 7.2558 4.56852 5.53328 7.7573 5.18468 4.72332 4.53231 4.38773 6.58545
threshold=15.170000000000002 0 6.1500000000000012 0.18200033080607755 1095.0000000000002 5.3450000000000015 10.050000000000002 1066.2500000000002 8.0400000000000063 41.690000000000005 1247.5000000000002 4.0200000000000005 0.31706333333333342 46.183333333333344 30.300000000000008 11.150000000000002 0.073228333333333367 1.409 10.380000000000004 0.078005633802816915 1.3350000000000002 5.0500000000000007 1191.2500000000002 15.400000000000004 23.341666666666672 1.7870000000000001 1.4490000000000001 7.0266666666666673 6.0500000000000007 20.726666666666674
decision_type=10 1 2 10 2 8 2 2 10 8 2 8 10 10 10 10 10 10 10 10 10 2 2 10 10 10 10 8 2 10
left_child=1 2 10 8 16 18 12 -4 -2 15 11 20 14 -14 22 -10 -5 -7 19 -3 -1 -22 23 -6 -25 -24 -26 -13 -17 -30
right_child=3 5 7 4 6 17 -8 -9 9 -11 -12 27 13 -15 -16 28 -18 -19 -20 -21 21 -23 25 24 26 -27 -28 -29 29 -31
leaf_value=-0.00072090542832584385 0.020999999999999998 -0.0084555917118598507 0.020999999999999998 0.0074021470390240986 0.020999999999999998 -0.0067780685954102341 0.020999999999999998 0.0061588161775995949 -0.010795073509553369 0.020999999999999998 -0.0062183603142258121 -0.0044077034042321831 0.020999999999999998 0.0033513121047734724 0.00055070057319553042 0.0015032344893273818 0.020999999999999998 -0.00051496375042454489 -0.011772492129379683 0.006746266463474886 0.0032402482261074199 0.019215790165064504 0.0039491595277569283 0.0032109966852935838 0.0070772603809857969 0.019360691665407586 0.020999999999999998 0.00073896112693733835 0.019036869437579408 0.0011801899430254207
leaf_weight=63.484657004475594 19.788688972592354 312.01648116111755 41.312378987669945 25.560874879360199 31.579981401562691 266.02654387056828 32.84101015329361 309.17002196609974 29.250559151172638 20.419509366154671 241.95781846344471 243.09199975430965 41.635355949401855 24.659059584140778 118.459945499897 294.49794372916222 135.03845798969269 212.75715030729771 691.18519176542759 26.335455372929573 61.198135957121849 43.971056044101715 143.26101285219193 64.610342442989349 23.208381816744804 22.768237873911858 28.413457840681076 420.17021110653877 35.362316519021988 39.184589311480522
leaf_count=300 80 1711 155 93 119 1368 106 1214 131 71 1160 1156 140 82 416 1263 444 1067 3850 131 286 182 559 239 83 84 96 1916 134 143
internal_value=-0.00016785 -0.00374734 0.0010601 0.00911752 0.0122831 -0.00823956 0.00977141 0.00795666 0.00412167 0.00315768 -0.00118086 0.000284261 0.00844801 0.0176844 0.00703159 0.00212498 0.0205945 -0.00399493 -0.0102935 -0.00727236 0.0059143 0.00991959 0.00947781 0.0133139 0.0101385 0.0060626 0.0188091 -0.00114734 0.00314903 0.00965074
internal_weight=4063.22 2932.68 1424.36 1130.54 692.036 1508.32 531.437 350.482 438.504 418.715 1073.87 831.916 498.596 66.2944 432.301 398.295 160.599 478.784 1029.54 338.352 168.654 105.169 313.841 147.812 116.232 166.029 51.6218 663.262 369.045 74.5469
internal_count=18779 14496 6369 4283 2461 8127 1924 1369 1822 1742 5000 3840 1818 222 1596 1671 537 2435 5692 1842 768 468 1180 537 418 643 179 3072 1540 277
cat_boundaries=0 1
cat_threshold=10
is_linear=0
shrinkage=0.03


Tree=21
num_leaves=31
num_cat=1
split_feature=13 7 2 10 13 13 18 6 10 6 4 18 13 18 18 17 9 8 3 6 6 12 6 8 2 3 14 8 3 10
split_gain=139.8 38.7267 31.7908 16.5759 12.5847 10.8919 10.9219 10.8886 9.03621 8.96957 8.56329 7.90925 6.83868 6.76984 6.16581 6.11782 6.29534 6.08289 5.75415 8.97126 10.6116 5.04557 5.79903 5.21456 6.91961 6.84351 4.89345 5.21341 4.74479 4.01751
threshold=5.3500000000000005 8.2900000000000027 0.060000000000000026 0.071600161821222363 11.950000000000001 9.7500000000000018 1162.5000000000002 7.8333333333333348 0.098578955899489312 24.350000000000001 0.58333333333333337 1162.5000000000002 5.8500000000000005 1068.7500000000002 1292.5000000000002 1310.0000000000002 1.5600000000000005 28.000000000000007 0.033333333333333347 13.916666666666664 17.983333333333341 1.0000000180025095e-35 12.083333333333337 22.420000000000005 0.11308140225787287 0.20204634760025511 0 2.5600000000000009 0.16270126399422177 0.36843680539795853
decision_type=2 10 10 8 2 2 2 10 10 10 10 2 2 2 2 2 10 10 10 10 10 2 10 10 10 10 1 8 10 8
left_child=1 3 4 -1 7 6 10 8 -2 -3 17 18 -12 -11 26 16 -10 21 19 -9 -21 22 -4 24 -24 -26 27 29 -8 -5
right_child=2 9 5 14 -6 -7 28 11 15 13 12 -13 -14 -15 -16 -17 -18 -19 -20 20 -22 -23 23 -25 25 -27 -28 -29 -30 -31
leaf_value=-0.010054450599182261 -0.0076928130980717857 -0.0011196169330912986 -0.0014026481450618133 0.0038646211985126949 0.020999999999999998 0.020999999999999998 0.0023513924619402711 0.020999999999999998 0.0080153873166641295 0.020999999999999998 0.0028211493098898926 2.9493988187480514e-05 0.020999999999999998 0.0045462337984106668 -0.010556258181670388 0.01555336531472371 -0.0042660169164886446 0.0017169805433014951 0.0015750069934506404 -0.013216026427629462 0.013979639223264371 0.016509382545002779 0.00094329229103870202 -0.00021004987363011789 0.020999999999999998 0.0077878503878905467 -0.0047891926890581017 -0.0015399387421891771 0.0089758896567024328 0.020999999999999998
leaf_weight=953.93279393017292 162.39295397698879 749.02332016825676 37.792023941874504 35.177148371934891 19.941993743181229 69.313345193862915 184.35903126001358 43.050915986299515 56.300048694014549 17.353345200419426 18.624382197856903 136.66461674869061 44.354521945118904 135.77597823739052 103.65556348860264 25.614985793828964 112.87167723476887 54.169421538710594 50.993876442313194 17.840866670012474 46.749687567353249 151.87725225090981 22.726051315665245 24.510623008012772 34.83068211376667 35.705769568681717 331.20009885728359 166.19726674258709 206.08668856322765 15.303462252020834
leaf_count=5306 814 3497 152 161 68 226 742 178 237 62 65 563 143 538 538 104 486 183 205 73 174 542 86 86 123 122 1713 789 743 66
internal_value=-0.000356633 -0.00474051 0.00670484 -0.00753521 0.0017884 0.0104431 0.00946945 0.00105696 -0.00246684 0.000232918 0.0127997 0.00531917 0.021 0.00684877 -0.00384671 0.00189003 -0.000178787 0.0109866 0.00987624 0.0138088 0.00646779 0.0126198 0.00882241 0.0121035 0.0153397 0.019978 -0.0025773 0.000979489 0.00584796 0.00946823
internal_weight=4064.39 2507.62 1556.77 1605.47 672.422 884.35 815.036 652.48 357.18 902.153 424.591 295.3 62.9789 153.129 651.534 194.787 169.172 361.612 158.635 107.641 64.5906 307.442 155.565 117.773 93.2625 70.5365 547.878 216.678 390.446 50.4806
internal_count=18785 12670 6115 8573 2902 3213 2987 2834 1641 4097 1502 1193 208 600 3267 827 723 1294 630 425 247 1111 569 417 331 245 2729 1016 1485 227
cat_boundaries=0 1
cat_threshold=8
is_linear=0
shrinkage=0.03


Tree=22
num_leaves=31
num_cat=0
split_feature=13 7 10 7 18 6 13 16 13 18 10 17 13 7 8 16 16 4 17 17 7 6 11 6 1 8 15 1 11 3
split_gain=146.253 58.1737 23.5457 21.3098 17.9544 14.2394 12.231 9.02413 8.92651 8.46279 8.40946 10.3852 8.7946 8.01581 7.79593 9.32148 6.66199 6.1743 6.0833 5.96819 4.74633 5.59393 4.63273 4.51224 4.49601 4.57711 7.95461 4.4335 4.34244 5.42853
threshold=5.5500000000000007 8.2900000000000027 0.15072977705135501 10.610000000000003 1162.5000000000002 23.016666666666669 6.1500000000000012 1.5790000000000002 9.4500000000000011 1068.7500000000002 0.19314656877416578 1277.5000000000002 7.9500000000000011 0.34500000000000008 2.9800000000000004 1.5150000000000003 1.2810000000000004 1.0000000180025095e-35 1232.5000000000002 1146.2500000000002 9.0450000000000035 6.4500000000000011 1.5219806763285026 7.4333333333333362 0.29013000000000005 24.490000000000006 1.5952000000000004 0.041939000000000004 3.0327956989247316 0.18294293294609751
decision_type=2 10 10 8 2 10 2 10 2 2 10 2 2 8 8 10 10 10 2 2 10 10 10 10 8 10 10 10 10 10
left_child=1 2 13 10 6 -3 17 16 24 -7 12 20 -2 -1 15 -4 -8 19 28 -5 21 -12 -17 -13 25 26 -6 -23 29 -11
right_child=3 5 14 4 8 9 7 -9 -10 18 11 23 -14 -15 -16 22 -18 -19 -20 -21 -22 27 -24 -25 -26 -27 -28 -29 -30 -31
leaf_value=-0.012423306533691352 -0.0055346866149685973 -0.00028251896601501748 -0.0013732275508173647 0.020999999999999998 0.012016370740012022 0.020999999999999998 0.017269019848053548 0.020999999999999998 0.019278731884296189 -0.0028465793001253236 0.0009693185024649087 0.020999999999999998 0.018574087924096608 -0.0074084854555400287 -0.0026025340826551259 0.0065524604134428984 0.0046384233698144785 0.00039937755258179355 0.020999999999999998 0.0047083605951502667 -0.0056786548965951124 0.020663064701198143 0.020999999999999998 0.0064050397153811185 0.0143913452504485 -0.0018074780749158539 0.00054636115352044265 0.0038262466989846186 0.01083241489469057 0.0087950076010492925
leaf_weight=400.12082430720329 128.16579608619213 860.07290391623974 44.364484652876854 33.444768011569977 107.00778442621231 30.364160671830177 124.97443373501301 145.45880343019962 44.767877146601677 94.598117083311081 86.97363393008709 25.10189226269722 15.236776143312452 1013.476476714015 236.68109521269798 20.979001834988594 53.746976986527443 58.835309490561485 17.486243113875389 33.663302183151245 42.304376617074013 31.214300498366356 18.320068389177322 19.71590431034565 40.971146807074547 91.672465175390244 110.72318199276924 25.635813891887665 65.293497994542122 58.246116682887077
leaf_count=2338 604 3981 203 121 407 108 441 468 148 394 357 90 56 5456 1117 91 180 206 68 126 167 124 75 72 145 338 416 100 243 218
internal_value=-6.45732e-06 -0.00371575 -0.00716374 0.00869186 0.0113309 0.00159355 0.0154274 0.0185098 0.00666428 0.00765984 0.00273307 0.00627623 -0.00297309 -0.00882794 0.000179952 0.0080515 0.0134706 0.00749346 0.00572853 0.013713 0.00315452 0.00575272 0.018691 0.0192407 0.00505252 0.00381587 0.0061835 0.0130707 0.00435633 0.00158981
internal_weight=4079.62 2860 1733.94 1219.61 845.266 1126.06 450.124 324.18 395.142 265.988 374.348 230.946 143.403 1413.6 320.345 83.6636 178.721 125.943 235.624 67.1081 186.128 143.824 39.2991 44.8178 350.375 309.403 217.731 56.8501 218.138 152.844
internal_count=18858 14292 9280 4566 2996 5012 1542 1089 1454 1031 1570 910 660 7794 1486 369 621 453 923 247 748 581 166 162 1306 1161 823 224 855 612
is_linear=0
shrinkage=0.03


Tree=23
num_leaves=31
num_cat=1
split_feature=14 13 7 18 6 6 13 18 4 10 2 10 6 10 16 7 7 18 13 16 5 7 7 8 9 13 9 8 8 16
split_gain=131.928 45.0832 36.1246 18.3953 16.1218 10.1009 9.88776 9.74098 9.66402 9.48322 9.01839 8.61786 6.30365 6.11394 5.98317 5.58172 7.18912 5.3357 5.27758 7.42908 5.2081 5.00792 4.56608 4.23808 7.88876 5.90679 4.23424 4.09632 5.72819 5.64744
threshold=0 5.4500000000000011 13.6775 1162.5000000000002 24.350000000000001 1.0000000180025095e-35 12.050000000000002 1310.0000000000002 0.58333333333333337 0.2134840305166226 0.067787753900500458 0.08248101252920749 7.6333333333333355 0.37959073814845506 0.83700000000000008 14.31 28.073333333333334 1042.5000000000002 7.8500000000000005 2.3290000000000006 1.0000000180025095e-35 6.660000000000001 4.9450000000000012 21.340000000000007 6.2100000000000017 5.9500000000000011 6.7550000000000017 2.5600000000000009 0.62000000000000155 1.5350000000000004
decision_type=1 2 10 2 10 8 2 2 10 10 10 8 8 10 10 10 10 2 2 10 10 10 10 10 10 2 10 8 10 10
left_child=1 4 5 8 7 -2 10 11 12 -10 -5 20 22 -6 -12 -4 -17 21 19 -14 -1 -7 -3 24 -16 -25 -26 28 -13 -30
right_child=2 3 15 6 13 17 -8 -9 9 -11 14 27 18 -15 23 16 -18 -19 -20 -21 -22 -23 -24 25 26 -27 -28 -29 29 -31
leaf_value=-0.0063965260418863239 -0.012933329604625858 0.0096372595141655821 0.020779229909405252 -0.00077373197573054849 0.0070897305506798618 -0.0029757636035296535 0.020999999999999998 -0.0092887402465201292 -0.0011283225991629373 0.020999999999999998 -0.0031885794149390293 -0.0041094286674955858 0.0088477615512887013 0.020999999999999998 0.007983942478644963 -0.0002008310082581616 0.012139553546371688 -0.0073726405456436776 0.017895801305562464 0.020999999999999998 0.0032553663654425529 0.017838652060283292 -0.001431818145386093 0.01529546578299657 0.020999999999999998 -9.4077170381889473e-07 0.0072919327094610941 0.0010627976435607664 0.0030421152779572182 0.020999999999999998
leaf_weight=229.38388662040234 320.73645792901516 75.810627594590187 17.658539816737175 235.77179001271725 115.9760954529047 42.778790920972824 25.335740119218826 117.67183369398117 17.43016017973423 65.3011424690485 46.118450433015823 22.246672108769417 318.37851817905903 19.881968557834625 138.97689282894135 153.09530036151409 58.808054655790329 1064.4633489698172 107.9486810863018 34.992455512285233 64.45242166519165 13.746245712041853 60.152650132775307 30.801816090941429 17.815388947725296 86.596834987401962 20.279869318008423 505.62779471278191 23.41179595887661 28.326690390706062
leaf_count=1154 1922 310 82 983 441 231 82 578 62 204 187 101 1158 69 525 660 210 5753 350 118 308 68 241 113 61 299 71 2294 105 118
internal_value=1.429e-05 0.00450095 -0.00644036 0.00836822 0.000142648 -0.00823887 0.00454745 -0.00118581 0.0117489 0.021 0.00373659 -9.41806e-05 0.0104171 0.00983413 0.00685885 0.00457431 0.00322391 -0.00689569 0.0120902 0.0103167 -0.0042794 0.00208607 0.0047401 0.00843243 0.0113629 0.00401237 0.021 0.00202753 0.00862067 0.0140944
internal_weight=4079.98 2408.69 1671.29 1281.71 1126.98 1441.72 601.697 991.121 680.014 82.7313 576.361 873.449 597.283 135.858 340.589 229.562 211.903 1120.99 461.32 353.371 293.836 56.525 135.963 294.471 177.072 117.399 38.0953 579.613 73.9852 51.7385
internal_count=18858 9932 8926 4764 5168 7974 2321 4658 2443 266 2239 4080 2177 510 1256 952 870 6052 1626 1276 1462 299 551 1069 657 412 132 2618 324 223
cat_boundaries=0 1
cat_threshold=10
is_linear=0
shrinkage=0.03


Tree=24
num_leaves=31
num_cat=0
split_feature=13 7 10 6 7 16 16 16 12 17 13 2 13 6 10 1 10 13 17 17 17 1 7 7 13 16 2 1 1 16
split_gain=140.587 50.3544 21.2766 16.7123 14.9755 9.95292 8.66429 8.66154 7.52199 8.57248 7.49409 6.65651 6.6305 6.05316 5.66828 5.51187 5.50385 5.14259 5.0791 5.05792 4.79023 4.77489 4.74946 4.61508 5.30792 4.45096 5.02192 4.13058 5.48987 4.02426
threshold=5.5500000000000007 5.3450000000000015 0.15072977705135501 24.066666666666674 10.830000000000002 1.7870000000000001 1.5150000000000003 1.901 1.0000000180025095e-35 1167.5000000000002 7.9500000000000011 0.13936593441244485 10.350000000000003 0.36666666666666686 0.19314656877416578 0.07811300000000003 0.21668729512860016 8.3500000000000032 1210.0000000000002 1277.5000000000002 1091.2500000000002 0.018000000000000019 1.0000000180025095e-35 22.445000000000004 5.0500000000000007 0.8610000000000001 0.093297948717948734 0.17602900000000002 0.24800000000000005 1.7790000000000001
decision_type=2 10 10 10 8 10 10 10 2 2 2 10 2 8 10 8 10 2 2 2 2 10 8 10 2 10 10 8 10 10
left_child=1 2 22 16 10 8 -4 -7 12 27 14 15 -6 -8 -2 -9 23 -13 -12 -16 29 -18 -1 -3 -25 -5 -27 -10 -29 -15
right_child=4 3 6 25 5 7 13 11 9 -11 18 17 -14 20 19 -17 21 -19 -20 -21 -22 -23 -24 24 -26 26 -28 28 -30 -31
leaf_value=-0.012948326301858271 -0.0031631731302116913 -0.00287616323408235 -0.0047145485369209988 -0.0010744319720834312 0.0040050034753046455 0.020999999999999998 0.020999999999999998 0.014435240216058152 0.0042587202636859877 0.016927918298709779 0.0060362474574999665 0.020999999999999998 0.018773743315738136 0.0010485179125351511 0.0026172350278081406 -0.0030810467441692046 -0.0095745474733548181 0.0046502288906124052 0.020999999999999998 0.01467970431441841 -0.0021153421432280055 0.0033868891709674326 -0.0084337707190534541 -0.0022424682820113562 0.020191486850120947 -0.0061490383580878076 0.010859947256781067 0.020999999999999998 0.0023870893273476952 0.020999999999999998
leaf_weight=277.03202031552792 127.82944148778915 903.38926570117474 111.95117500424385 45.57579417526722 282.50137856602669 47.095432266592979 19.106250777840614 29.65963089466095 122.15315692126751 160.24897061288357 32.961038455367088 68.397644683718681 30.292858302593231 13.169383332133295 166.14525839686394 35.543482601642609 28.179536089301109 21.485806986689568 21.380090773105621 38.543119519948959 46.940214619040489 277.28482289612293 863.27082964777946 21.335287094116211 17.09935362637043 17.145755901932716 175.87106193602085 35.633102789521217 22.56337483227253 15.387182727456091
leaf_count=1693 604 4428 537 187 1024 153 84 106 454 547 120 212 96 60 671 119 130 64 73 139 211 1210 4775 92 69 69 641 125 73 68
internal_value=-3.43818e-05 -0.00372462 -0.00792577 8.34534e-05 0.00837934 0.0105941 0.000933636 0.0164109 0.00879416 0.0118788 0.00348123 0.0121841 0.0054353 0.00761758 0.00179328 0.00488677 -0.00130808 0.0174777 0.01381 0.00488862 0.00377873 0.00219118 -0.00953056 -0.002443 0.00773827 0.00735795 0.00934903 0.00739248 0.0139702 0.0134672
internal_weight=4075.17 2832.74 1346.86 1485.88 1242.43 855.575 206.554 202.182 653.393 340.599 386.859 155.087 312.794 94.603 332.518 65.2031 1247.29 89.8835 54.3411 204.688 75.4968 305.464 1140.3 941.824 38.4346 238.593 193.017 180.35 58.1965 28.5566
internal_count=18834 14254 7428 6826 4580 2973 960 654 2319 1199 1607 501 1120 423 1414 225 5929 276 193 810 339 1340 6468 4589 161 897 710 652 198 128
is_linear=0
shrinkage=0.03


Tree=25
num_leaves=31
num_cat=1
split_feature=14 11 6 3 16 18 10 6 11 18 6 10 18 6 10 16 3 3 9 2 6 18 12 15 6 3 9 10 18 11
split_gain=135.364 38.3174 30.6532 15.5843 12.1273 9.28271 7.26234 7.38558 9.30011 7.18999 7.1828 6.80848 5.81392 5.77945 5.69174 6.21885 5.21777 5.78722 5.01857 4.95121 4.7689 4.76602 4.59645 4.92076 8.67815 4.528 4.52376 4.37145 4.36135 4.29815
threshold=0 2.9671230408935334 8.8833333333333364 0.18294293294609751 0.94900000000000018 1292.5000000000002 0.37412990381995975 9.516666666666671 3.1297498797498799 1071.2500000000002 23.016666666666669 0.026839704271238222 1068.7500000000002 22.783333333333339 0.1989333427004645 2.2220000000000004 0.090006415271475529 0.030656572565601291 2.6225000000000009 0.11501336898395724 22.183333333333334 1310.0000000000002 1.0000000180025095e-35 1.6750000000000003 17.241666666666671 0.16935294117647062 3.5450000000000008 0.47047544265718649 1170.0000000000002 0.86706827309236967
decision_type=1 10 10 10 10 2 10 8 10 2 8 10 2 10 10 10 10 8 10 8 10 2 2 10 8 10 10 10 2 10
left_child=1 3 11 9 5 10 7 18 25 19 -3 -2 -8 22 20 27 17 -14 -6 29 -5 -11 -4 24 -24 -9 -10 -16 -19 -1
right_child=2 4 13 14 6 -7 12 8 26 21 -12 -13 16 -15 15 -17 -18 28 -20 -21 -22 -23 23 -25 -26 -27 -28 -29 -30 -31
leaf_value=-0.011303576511659886 -0.011170256801968297 0.0020504775528719481 -0.0050698917965905825 -0.0063143871639790771 0.013230467694413259 -0.0077033706586469679 0.020999999999999998 0.020999999999999998 0.020999999999999998 0.00012540661850618279 0.013331907905527378 -0.006693521598771345 0.019891141511479988 0.0065746522809551596 0.0058344895647416397 0.020999999999999998 0.015509530091960953 -0.007909447966146517 -0.0058073092252167524 0.014502334218746565 0.013534426984140166 -0.0059933345899052717 0.0013308905223881314 -0.0059217233512466848 0.020999999999999998 0.0061647375806878728 0.0073680807169052833 0.016143493550104231 0.0095456760201539179 0.0048405848450636781
leaf_weight=16.694571614265442 579.50758643448353 123.90815781056881 158.73553144931793 34.952113226056099 17.064830124378204 50.040390893816948 38.459163621068001 23.030255526304245 21.249246835708618 894.63027679920197 86.080264687538147 647.24228343367577 19.83402618765831 107.58090798556805 112.86872987449169 17.039371907711029 210.14836204051971 25.758033081889153 46.203350350260735 43.877710148692131 15.827244684100149 131.39830479025841 85.035849303007126 46.792300015687943 22.579098552465439 18.516499057412148 250.6103590875864 55.08833809196949 25.774002328515053 133.75117766857147
leaf_count=80 3456 511 775 158 69 205 121 86 80 4048 301 3524 76 398 422 60 683 93 190 173 60 633 424 219 101 62 868 205 96 592
internal_value=0.000234408 0.0047528 -0.00637315 0.00170813 0.00943667 0.00390805 0.0115003 0.00867717 0.0105646 0.000343944 0.00667506 -0.0088083 0.0148236 0.000575779 0.00876899 0.0112111 0.0131294 0.00612083 -0.000672399 0.00563522 -0.000127778 -0.00065819 -0.00148515 0.00220008 0.00573155 0.021 0.00849687 0.00921575 0.000820819 0.00304911
internal_weight=4060.28 2412.8 1647.47 1456.13 956.677 260.029 696.648 376.675 313.406 1220.35 209.988 1226.75 319.974 420.724 235.776 184.996 281.514 71.3661 63.2682 194.323 50.7794 1026.03 313.143 154.407 107.615 41.5468 271.86 167.957 51.532 150.446
internal_count=18769 9872 8897 6431 3441 1017 2424 1355 1096 5526 812 6980 1069 1917 905 687 948 265 259 845 218 4681 1519 744 525 148 948 627 189 672
cat_boundaries=0 1
cat_threshold=10
is_linear=0
shrinkage=0.03


Tree=26
num_leaves=31
num_cat=2
split_feature=13 10 6 14 18 6 6 13 18 3 16 8 16 10 16 3 14 10 3 18 10 0 8 13 2 0 13 10 16 16
split_gain=134.469 38.4198 31.0106 16.9166 13.7628 12.9926 10.1787 7.98598 6.34791 7.07592 7.72892 5.99274 5.84287 5.75733 7.05501 4.68341 4.64586 4.57548 7.72706 4.44126 4.42112 4.58869 4.14564 4.60754 4.41674 6.98325 5.75378 5.98908 5.20393 4.4067
threshold=5.2500000000000009 0.077703162419045638 20.450000000000006 0 1102.5000000000002 27.216666666666672 8.5833333333333375 11.450000000000001 1215.0000000000002 0.1646352785145889 1.9909999999999999 14.720000000000002 2.026333333333334 0.26988708975052494 1.1715000000000002 0.16093982772158347 1 0.47623971332664344 0.20204634760025511 1077.5000000000002 0.31877733602962238 0.089976666666666691 30.340000000000003 5.5500000000000007 0.13156391109580839 0.017428333333333334 7.8500000000000005 0.49020786863828009 1.2310000000000001 2.0210000000000004
decision_type=2 10 10 1 2 10 10 2 2 10 10 10 10 10 8 10 1 10 10 2 10 10 10 2 10 8 2 10 10 10
left_child=1 6 3 8 11 13 16 12 9 22 17 -4 -6 14 -3 -5 -1 18 -11 -7 -10 -22 23 -2 25 -25 27 28 -27 -30
right_child=2 5 4 15 7 19 -8 -9 20 10 -12 -13 -14 -15 -16 -17 -18 -19 -20 -21 21 -23 -24 24 -26 26 -28 -29 29 -31
leaf_value=-0.013492673087089714 0.0016958113720412658 -0.0076211708351437727 0.0094697191109895575 -0.0070639558881454073 0.0065793600305562002 0.020999999999999998 -0.0031769076959328882 0.020999999999999998 -0.0031627652273446896 0.018856328441919992 0.020999999999999998 0.020999999999999998 0.017868131069115556 0.0026481077058951061 -0.00089512165001669934 0.012325079187832443 -0.0078928843395036658 0.019970110366809683 -0.0022882513322463713 0.0074210207498687196 0.00093096125044645156 0.012792250653623057 -0.0037883694430650809 0.0041979012956944494 -0.0022974479548601638 0.0039210676509173316 0.020999999999999998 -0.0030940401488611844 0.020999999999999998 0.006226499448493108
leaf_weight=245.51939406991005 164.52353648841381 189.65453071892262 48.015210747718811 149.35655511915684 354.79949249327183 16.33808995783329 296.91182345151901 23.781229048967361 120.15549747645855 23.108449220657349 30.673424944281578 139.48641435801983 46.695185899734497 247.92446145415306 539.90600018203259 12.12226366996765 730.78751438856125 23.230689376592636 47.583896636962891 69.896920472383499 90.975022196769714 43.3372423350811 43.207471713423729 157.10540272295475 35.713970452547073 38.259965017437935 35.450282409787178 25.416149601340294 55.22874042391777 22.722906097769737
leaf_count=1533 733 959 156 815 1212 55 1450 70 525 81 102 427 147 1105 2649 50 4116 78 168 259 362 167 165 628 131 151 119 96 209 84
internal_value=0.000169228 -0.00452502 0.00650688 0.00353432 0.0119311 -0.000316654 -0.00804092 0.00894579 0.00502498 0.00654856 0.0130326 0.0187021 0.00789228 -0.00130144 -0.00264361 -0.00528135 -0.00952015 0.0084194 0.00462365 0.010846 0.00101801 0.00475813 0.00514993 0.00587258 0.00773034 0.008802 0.0128868 0.0100975 0.0129826 0.0174302
internal_weight=4067.89 2336.94 1730.95 1118.17 612.778 1063.72 1273.22 425.276 956.693 702.225 124.596 187.502 401.495 977.485 729.561 161.479 976.307 93.923 70.6923 86.235 254.468 134.312 577.628 534.421 369.897 334.183 177.078 141.628 116.212 77.9516
internal_count=18802 12126 6676 4664 2012 5027 7099 1429 3799 2745 429 583 1359 4713 3608 865 5649 327 249 314 1054 529 2316 2151 1418 1287 659 540 444 293
cat_boundaries=0 1 2
cat_threshold=10 4
is_linear=0
shrinkage=0.03


Tree=27
num_leaves=31
num_cat=2
split_feature=13 3 14 3 18 6 13 18 14 6 18 8 16 1 16 11 7 8 11 1 3 0 18 7 16 7 11 15 17 3
split_gain=129.295 48.5667 16.6553 12.8945 13.1286 9.93055 8.74497 8.46614 8.17944 6.26733 6.08767 5.56958 5.36124 5.15338 7.93739 4.87147 4.75104 4.73029 5.10432 4.61559 4.54025 7.52961 4.40475 4.26779 4.21425 7.9208 4.62031 4.69142 4.31898 4.72563
threshold=5.5500000000000007 0.053488942426488766 0 0.14955659158372625 1242.5000000000002 24.941666666666674 7.4500000000000011 1267.5000000000002 1 6.4500000000000011 1055.0000000000002 27.820000000000004 1.1780000000000004 0.032015000000000023 1.8695900000000003 3.1721443965517246 5.3450000000000015 11.580000000000004 3.3004854368932039 0.0023880000000000008 0.20442534759358291 0.15006166666666673 1015.0000000000001 13.920000000000002 1.4810000000000001 13.290000000000001 1.429475587703436 1.3443800000000004 1120.0000000000002 0.10490990259740261
decision_type=2 10 1 10 2 10 2 2 1 10 2 10 10 10 10 10 8 10 10 8 10 10 2 10 10 10 10 10 2 10
left_child=1 2 -1 6 17 12 9 8 19 15 -7 -8 -3 14 -14 -2 -10 18 23 -4 -19 -22 -15 -5 25 26 -24 -28 -27 -30
right_child=3 5 7 4 -6 10 11 -9 16 -11 -12 -13 13 22 -16 -17 -18 20 -20 -21 21 -23 24 -25 -26 28 27 -29 29 -31
leaf_value=-0.01301579941646116 0.0030621888449583272 -0.0035910879939963607 0.0030587696292965864 0.0094461861222787016 0.0033320177294915453 0.020999999999999998 0.013989060187825341 -0.0097246997849444738 -0.0076966639309206976 0.0061244044238481492 0.0062616140313582229 0.0030233567019359378 0.0017518606273309153 0.01296609263644263 0.020999999999999998 -0.0071814387874660386 -0.0024635420332003478 0.020999999999999998 0.019006159809757252 -0.0029803947029412368 0.0013606866020762687 0.01660507716397679 -0.011738469472403467 -0.0086085537235105775 -0.0016323266049613073 0.0045133302171360516 -0.0066468033398674759 0.0090831077706561413 0.0041974979025171527 0.020999999999999998
leaf_weight=276.42095382511616 113.58734010159969 217.57451803982258 175.42561466991901 30.808735117316246 116.84308508038521 17.019171684980392 155.78146906197071 272.57651908695698 479.10710372030735 369.61342820525169 181.48157203197479 56.916733860969543 46.848479330539703 25.840116307139397 27.582345560193062 66.095392525196075 231.62265193462372 92.310712710022926 25.660901710391045 324.7416809797287 35.059133350849152 173.31882794201374 28.489219978451729 19.080918520689011 348.27885572612286 40.18363045156002 29.088244006037712 41.283255487680435 15.710872069001196 20.828051835298538
leaf_count=1746 491 1042 833 110 414 53 542 1479 2758 1409 662 192 222 112 125 310 1223 289 82 1573 111 514 139 62 1589 174 140 202 70 85
internal_value=0.000334812 -0.00325156 -0.00628909 0.00833608 0.0121162 0.00188754 0.00589 -0.00491481 -0.00387267 0.00389012 0.00792351 0.0110547 0.00046407 0.00187771 0.00928597 -0.000705878 -0.00590809 0.0148442 0.00813338 -0.000845354 0.0165303 0.0140402 0.000874616 0.00254093 0.00027819 0.0040678 -0.00154544 0.00258111 0.0113007 0.0187652
internal_weight=4055.18 2800.1 1759.89 1255.08 493.082 1040.21 761.994 1483.47 1210.9 549.296 198.501 212.698 841.708 624.133 74.4308 179.683 710.73 376.239 75.5506 500.167 300.689 208.378 549.702 49.8897 523.862 175.583 98.8607 70.3715 76.7226 36.5389
internal_count=18753 14227 9612 4526 1582 4615 2944 7866 6387 2210 715 734 3900 2858 347 801 3981 1168 254 2406 914 625 2511 172 2399 810 481 342 329 155
cat_boundaries=0 1 2
cat_threshold=4 10
is_linear=0
shrinkage=0.03


Tree=28
num_leaves=31
num_cat=1
split_feature=10 6 7 16 14 7 0 16 9 13 7 17 12 7 13 8 7 10 17 3 10 10 13 13 8 16 3 6 7 5
split_gain=120.775 50.2666 20.1747 14.267 13.6388 11.882 10.0872 6.9573 7.91424 6.68054 6.44638 6.24336 6.12841 5.86758 4.81241 6.65064 4.77295 4.65754 5.19168 4.64164 4.35197 4.20365 4.07736 3.87834 3.79772 3.70966 3.63097 3.92823 3.57046 3.53405
threshold=0.19314656877416578 8.6833333333333389 15.170000000000002 1.7510000000000001 0 41.690000000000005 0.093136666666666687 2.0690000000000004 6.6800000000000015 5.0500000000000007 20.045000000000005 1172.5000000000002 1.0000000180025095e-35 1.0000000180025095e-35 5.5500000000000007 21.445000000000004 5.910000000000001 0.23404413760370815 1120.0000000000002 0.10896041366258112 0.31877733602962238 0.34864659293939576 4.5500000000000007 7.9500000000000011 24.245000000000005 1.5730000000000002 0.2288816759709825 10.933333333333335 10.610000000000003 0.36666666666666675
decision_type=10 8 10 10 1 10 10 10 10 2 10 2 2 10 2 10 8 10 2 8 10 10 2 2 10 10 10 10 10 10
left_child=1 4 11 17 9 10 12 -8 -9 -1 14 22 -5 -6 16 -16 -3 24 -19 -13 -20 -10 -2 -11 -4 -18 27 28 -24 -12
right_child=2 5 3 6 13 -7 7 8 21 23 29 19 -14 -15 15 -17 25 18 20 -21 -22 -23 26 -25 -26 -27 -28 -29 -30 -31
leaf_value=-0.0055736941255642158 -0.0044163744038785658 0.01405030274823438 0.0098113979903091796 -0.0056511398963121073 -0.013173984518986203 0.020999999999999998 0.020999999999999998 0.020999999999999998 -0.004029443051772828 0.00087154785648626393 0.0068982376472178928 0.0040721646093040218 0.014483910385889621 -0.0080198632061060926 0.0081316408674668023 -0.007469875364502364 -0.0038307533215378507 0.00087577785125211134 0.0028455599828332749 0.013793099633631678 0.010605360141845195 0.012745501747501171 0.0026727375295553927 0.017497082199042672 0.020999999999999998 0.0011977344729900625 0.009781394165700898 -0.0019933687115743313 0.011849652401109358 -0.0011107038901924484
leaf_weight=250.96888481080532 77.281340062618256 16.581535473465919 47.35124996304512 25.955993637442589 261.08530634641647 23.381615996360779 96.087890446186066 37.849616885185242 24.84331214427948 138.87913884222507 187.19205608963966 99.632447361946106 28.589448317885399 833.12785604596138 102.91282387077808 32.311553224921227 422.88624934852123 117.92051374912262 92.993796870112419 79.468374118208885 216.44580952823162 29.302109748125076 298.79973621666431 13.891186490654944 18.275412127375603 191.98158574104309 61.996146276593208 148.78887666761875 43.742877677083015 67.45555679500103
leaf_count=1299 372 87 170 91 1678 74 286 116 74 645 724 392 95 4762 406 128 2101 423 317 285 706 83 1274 48 61 911 244 611 182 249
internal_value=9.51746e-05 -0.00392478 0.00670955 0.0103058 -0.00744739 0.00112613 0.0162612 0.0195553 0.0124952 -0.00250092 0.000641135 0.00344234 0.00490245 -0.0091659 -0.000732473 0.00440369 -0.00183238 0.00737484 0.00623216 0.00838542 0.00827336 0.00504873 0.00203845 0.00238328 0.014816 -0.0022607 0.00293997 0.00207672 0.00384463 0.00477669
internal_weight=4087.98 2542.66 1545.32 735.615 1497.95 1044.7 242.628 188.083 91.995 403.739 1021.32 809.71 54.5454 1094.21 766.674 135.224 631.449 492.987 427.36 179.101 309.44 54.1454 630.609 152.77 65.6267 614.868 553.328 491.331 342.543 254.648
internal_count=18894 13112 5782 2422 8432 4680 745 559 273 1992 4606 3360 186 6440 3633 534 3099 1677 1446 677 1023 157 2683 693 231 3012 2311 2067 1456 973
cat_boundaries=0 1
cat_threshold=10
is_linear=0
shrinkage=0.03


Tree=29
num_leaves=31
num_cat=0
split_feature=7 10 13 13 7 3 10 17 18 13 18 0 1 16 6 3 13 11 13 18 11 16 13 17 15 0 13 4 7 10
split_gain=126.755 40.527 30.4622 12.8117 10.5392 9.24806 8.85111 8.49736 8.00134 8.5688 7.82638 6.96297 10.9729 6.32028 5.95839 9.56067 5.80825 5.66948 5.2029 5.17241 5.07896 7.88206 4.6729 4.73998 4.33808 3.95068 6.92396 5.87671 3.68814 4.73806
threshold=9.9500000000000028 0.086013682014677809 5.5500000000000007 4.9500000000000011 2.8000000000000012 0.086074109578641519 0.31877733602962238 1277.5000000000002 1162.5000000000002 6.1500000000000012 1015.0000000000001 0.24752000000000007 0.20426500000000006 2.0970000000000004 25.283333333333339 0.16739417989417993 9.9500000000000011 4.0808163265306137 7.2500000000000009 1242.5000000000002 3.2511682242990658 1.4645700000000004 5.8500000000000005 1146.2500000000002 0.58100000000000007 0.1360633333333334 5.7500000000000009 0.41666666666666669 0.38000000000000084 0.1150094485081976
decision_type=10 8 2 2 8 10 10 2 2 2 2 10 10 10 10 10 2 10 2 2 10 10 2 2 8 10 2 10 8 10
left_child=1 4 5 -3 -1 -2 19 13 9 22 -7 12 14 -8 15 17 25 -11 -9 28 -12 -22 -4 -24 -6 -10 -27 -28 -5 -30
right_child=2 3 8 6 24 10 7 18 16 11 20 -13 -14 -15 -16 -17 -18 -19 -20 -21 21 -23 23 -25 -26 26 27 -29 29 -31
leaf_value=-0.01075764503065881 -0.00085972564247629134 -0.0040082814905940348 0.010910853871776533 0.0158690489658595 -0.00051089868577568838 0.020999999999999998 0.0025943227191070764 0.0069413796003974879 0.0031660242688308867 0.013030337454747014 0.0028665934113297131 0.020999999999999998 -0.0025111773202250074 0.019384005293325898 0.020999999999999998 0.020999999999999998 0.018026070420662153 0.00035461656319515851 0.020999999999999998 -0.0070159777060506195 0.019771549110996153 0.0018949045571808082 0.0090195508523903591 -0.0087498288215834396 -0.0066957073561104323 0.020999999999999998 0.010024545730998206 -0.0048849365236981381 0.0072420240953999402 -0.0019893769765313664
leaf_weight=666.68049216270447 431.69054587185383 429.78057639300823 77.881580382585526 15.60132986307144 137.62749281525612 23.586724698543549 178.36845833063126 24.726476430892944 210.92160600423813 83.787190973758698 410.37702058255672 76.696912318468094 36.330221891403198 22.752753868699074 68.401098787784576 34.990204125642776 39.181585311889648 51.140245258808136 20.575761914253235 79.933197036385536 44.131507098674774 44.662892609834671 25.0866429656744 29.279098317027092 395.03273938596249 20.230485618114471 115.56006288528442 29.962180286645889 71.817070290446281 165.01161715388298
leaf_count=4048 2019 2222 263 70 712 86 721 91 791 289 1682 213 105 88 201 105 117 175 64 391 163 164 82 101 2176 70 385 97 353 717
internal_value=0.000339506 -0.00451669 0.00612302 -8.44664e-05 -0.0082439 0.00238991 0.00282918 0.00713768 0.0100844 0.0127083 0.00507344 0.0151583 0.0128469 0.00449373 0.0151882 0.0121155 0.00703311 0.00822598 0.0188756 -0.000365265 0.00427421 0.0107797 0.00619928 -0.000550289 -0.00509769 0.00588963 0.00935544 0.00695477 0.00174072 0.000809997
internal_weight=4061.81 2207.91 1853.9 1008.57 1199.34 954.449 578.787 246.423 899.449 483.593 522.758 351.346 274.649 201.121 238.319 169.918 415.856 134.927 45.3022 332.363 499.171 88.7944 132.247 54.3657 532.66 376.674 165.753 145.522 252.43 236.829
internal_count=18761 11653 7108 4717 6936 4114 2495 964 2994 1534 2095 1088 875 809 770 569 1460 464 155 1531 2009 327 446 183 2888 1343 552 482 1140 1070
is_linear=0
shrinkage=0.03


Tree=30
num_leaves=31
num_cat=1
split_feature=14 13 7 3 17 18 7 18 16 3 3 13 16 17 12 0 2 17 18 2 0 13 2 0 18 7 15 7 15 5
split_gain=118.898 44.138 25.6588 12.2385 12.1 9.56629 9.55446 8.85217 8.45011 8.19799 8.67573 6.6058 6.32864 6.09616 5.76103 5.55092 5.2913 6.18965 5.21906 6.00236 5.99832 5.58909 5.73307 5.03883 4.84342 4.79117 4.7659 4.7511 4.60401 6.13745
threshold=0 5.4500000000000011 13.545000000000003 0.086074109578641519 1232.5000000000002 1162.5000000000002 1.0000000180025095e-35 1095.0000000000002 0.83700000000000008 0.17333700108777511 0.19202272727272732 9.9500000000000011 2.3290000000000006 1093.7500000000002 1.0000000180025095e-35 0.050000000000000037 0.20010626252068639 1127.5000000000002 1215.0000000000002 0.1218469785575049 0.063333333333333325 4.9500000000000011 0.20010626252068639 0.090186666666666707 1261.2500000000002 25.145000000000007 0.37549000000000005 11.122500000000002 1.8170000000000004 0.22500000000000003
decision_type=1 2 10 10 2 2 8 2 10 10 10 2 10 2 2 10 10 2 2 8 10 2 10 8 2 10 8 10 10 10
left_child=1 3 6 24 5 9 -2 25 -7 -3 -11 12 26 15 23 -5 -12 -18 19 20 27 22 -21 -10 -1 -4 -6 -15 29 -25
right_child=2 4 7 13 11 8 -8 -9 14 10 16 -13 -14 18 -16 -17 17 -19 -20 21 -22 -23 -24 28 -26 -27 -28 -29 -30 -31
leaf_value=-0.0014723717956008136 -0.013225676126488693 0.0064937921291216292 0.0062642523765901147 0.009505440315539947 0.020138351016632344 -0.0035305450642698437 -0.0067476274465078749 -0.00072324764080191131 -0.0041847791437178731 0.020999999999999998 0.00042039779938575142 0.020999999999999998 0.020999999999999998 0.018923494793130876 0.0093672165096653597 -0.0044613763889197362 0.020999999999999998 0.0079799402706229889 0.00072535809108496244 0.0023610154755700197 0.020999999999999998 0.00054897688597711249 0.020999999999999998 0.018953177863865158 -0.0078610700545592247 0.020999999999999998 0.0080479485667651861 -0.0040172695935830173 -0.0036343300086300856 -0.0022091990027869059
leaf_weight=556.41681852936745 251.21381039917469 377.25526987016201 41.11179193854332 33.192640960216522 33.394308596849442 129.32156084477901 1111.6657722294331 175.6699076294899 75.610625937581062 20.858735308051109 33.294257521629333 51.98509269952774 24.772888213396072 15.966385975480078 169.38133127987385 112.10995763540268 40.679706141352654 60.321278095245361 99.853310123085976 24.335729166865349 24.207881733775139 77.68732100725174 29.143170759081841 35.449745088815689 132.16818685829639 21.497991770505905 241.87741129100323 16.543677464127541 26.635345816612244 18.914973646402359
leaf_count=2681 1650 1390 172 149 122 536 6278 722 303 62 104 147 74 71 622 470 121 178 424 106 96 290 111 123 679 68 801 70 91 64
internal_value=2.66131e-05 0.00416022 -0.00631431 -0.000213508 0.00785291 0.00615086 -0.0079417 0.00272879 0.00295827 0.00888114 0.014686 0.0126285 0.0108986 0.00373813 0.00553239 -0.00127082 0.0107921 0.0142111 0.00626757 0.00921304 0.0173674 0.00568701 0.0131509 0.00138485 -0.00269863 0.0124145 0.00951468 0.00724943 0.00658391 0.0115902
internal_weight=4062.54 2461.38 1601.16 1121.63 1339.75 987.723 1362.88 238.28 455.314 532.409 155.154 352.03 300.045 433.04 325.992 145.303 134.295 101.001 287.737 187.884 56.7179 131.166 53.4789 156.611 688.585 62.6098 275.272 32.5101 81.0001 54.3647
internal_count=18775 9885 8890 5147 4738 3594 7928 962 1739 1855 465 1144 997 1787 1203 619 403 299 1168 744 237 507 217 581 3360 240 923 141 278 187
cat_boundaries=0 1
cat_threshold=10
is_linear=0
shrinkage=0.03


Tree=31
num_leaves=31
num_cat=0
split_feature=13 10 7 13 7 7 17 12 13 10 17 17 8 8 16 11 13 7 11 17 11 6 8 13 16 11 1 13 0 8
split_gain=116.817 48.4486 23.3433 10.9424 10.0919 8.89631 7.12498 9.57426 8.53088 8.5123 6.616 6.3874 6.04511 5.12169 8.14319 5.21537 5.00377 4.64101 4.43975 9.12492 4.32627 4.23887 5.44355 4.24747 4.14675 4.00404 3.97537 5.21034 5.08144 4.53652
threshold=5.5500000000000007 0.12523499408379171 5.3450000000000015 6.1500000000000012 26.570000000000004 16.590000000000007 1172.5000000000002 1.0000000180025095e-35 10.15 0.32679798266961352 1162.5000000000002 1112.5000000000002 11.090000000000003 2.9800000000000004 1.5250000000000004 1.4600884955752214 6.3500000000000005 19.610000000000003 3.1297498797498799 1310.0000000000002 2.7337552742616036 5.9833333333333343 26.380000000000006 6.9500000000000011 0.87450000000000017 3.0044247787610625 0.19900000000000007 4.5500000000000007 0.065731666666666674 22.645000000000007
decision_type=2 10 10 2 8 10 2 2 2 8 2 2 10 8 10 10 2 10 8 2 10 8 8 2 10 10 10 2 10 10
left_child=1 2 12 4 10 13 9 8 18 -5 -2 -6 -1 14 -3 -16 -11 -4 19 -8 -19 23 -23 -9 -7 -12 27 -26 -29 -30
right_child=3 5 17 6 11 24 7 21 -10 16 25 -13 -14 -15 15 -17 -18 20 -20 -21 -22 22 -24 -25 26 -27 -28 28 29 -31
leaf_value=-0.0064851658483528057 0.004092399137846538 -0.0019134567934339752 -0.0031475525477782521 0.0015153899322211215 0.020999999999999998 -0.0047619363942998502 0.0020577389141744596 -0.0062638895875837776 0.020346909125788588 0.020999999999999998 9.5769823855363708e-06 0.0070610636944018071 -0.011112814687765683 -0.00077686325028293579 0.0047903632153062856 0.020999999999999998 0.008701691301853557 -0.0023013842606357804 0.0019427976878540548 0.020999999999999998 0.0092544706020475549 0.020999999999999998 0.011136532387840922 0.015117407166666989 0.020999999999999998 -0.01212435645380305 0.0018198880054034021 -0.0025495410024290494 0.013799753127353905 0.0013717872469546941
leaf_weight=452.90322616696358 214.85039308667183 50.831392005085945 640.85070633888245 171.81555750966072 22.286987319588661 26.63871867954731 38.925885945558548 13.899072512984274 40.00627800822258 26.448350265622139 56.348851695656776 50.54961846768856 578.63879324495792 592.74699273705482 24.380429312586784 25.550186410546303 244.07554851472378 59.541884988546371 130.04475085437298 25.697381123900414 57.138054952025414 133.58816787600517 70.292446702718735 20.989528805017471 16.40572002530098 43.271269515156746 75.370359435677528 31.584015876054764 107.67558914422989 35.035212084650993
leaf_count=2644 814 238 3266 623 71 107 137 65 116 92 235 165 3582 2796 105 100 816 256 442 84 226 425 215 72 62 195 256 130 391 124
internal_value=0.000277579 -0.00320149 -0.00614442 0.00768722 0.00345997 0.0021372 0.00947503 0.0120328 0.00772955 0.00673741 0.00112938 0.0135222 -0.00908102 0.000286094 0.00653909 0.0151441 0.010054 -0.0021456 0.00513655 0.0115635 0.00335751 0.0162622 0.0179158 0.00659943 0.00652299 -0.00526095 0.00765282 0.00995817 0.00833893 0.0107487
internal_weight=4078.38 2775.29 1789.07 1303.09 387.307 986.219 915.783 473.444 234.674 442.339 314.471 72.8366 1031.54 693.509 100.762 49.9306 270.524 757.531 194.668 64.6233 116.68 238.769 203.881 34.8886 292.71 99.6201 266.071 190.701 174.295 142.711
internal_count=18850 14283 9974 4567 1480 4309 3087 1556 779 1531 1244 236 6226 3239 443 205 908 3748 663 221 482 777 640 137 1070 430 963 707 645 515
is_linear=0
shrinkage=0.03


Tree=32
num_leaves=31
num_cat=1
split_feature=14 11 7 17 10 7 7 12 10 6 16 6 8 16 16 6 7 8 3 16 9 9 1 8 16 11 17 15 15 6
split_gain=115 31.2011 24.9355 13.6724 12.1759 9.31391 9.30262 7.66578 8.88915 8.01847 7.63012 7.32087 6.58077 8.64537 6.4008 5.83454 5.8205 5.63682 5.22751 4.6599 4.19956 4.13984 3.91632 3.88886 4.59173 4.27885 4.15311 3.9803 4.04953 3.82001
threshold=0 2.3668776371308025 13.81 1177.5000000000002 0.18968380796871492 1.0000000180025095e-35 10.610000000000003 1.0000000180025095e-35 0.66196151624417865 20.041666666666671 0.82900000000000018 27.566666666666674 2.9800000000000004 1.5250000000000004 1.409 29.916666666666668 11.030000000000003 13.710000000000001 0.020000000000000014 1.7345000000000004 4.6450000000000014 4.5675000000000017 0.28036300000000008 17.020000000000007 2.0970000000000004 2.4715633423180599 1146.2500000000002 1.0904800000000001 1.2710000000000001 3.6333333333333342
decision_type=1 10 10 2 10 8 8 2 10 8 10 10 8 10 8 10 8 8 10 8 8 10 8 10 10 10 2 10 10 10
left_child=1 4 5 6 21 -2 23 8 9 -5 -6 12 13 -12 -7 19 -8 18 -16 -11 -18 -1 -9 24 25 -3 -25 -27 -29 -14
right_child=2 3 -4 7 10 14 16 22 -10 15 11 -13 29 -15 17 -17 20 -19 -20 -21 -22 -23 -24 26 -26 27 -28 28 -30 -31
leaf_value=-0.003560831672518739 -0.013107110525205398 0.014266254383087082 0.0026796692715291225 -0.0010065995508458489 -0.0088555712550878671 -0.0090097371579987845 0.020999999999999998 0.016653064786270041 0.020999999999999998 0.0081666238630265821 0.00057679554132971506 0.017457092508925385 -0.0059528833558786963 0.020999999999999998 -0.0059214050801715485 0.0042084741909677453 0.0017916658371111718 -0.0069988534567996608 0.0031130342961540021 0.020999999999999998 0.0075562530617822527 0.0043566449595490424 0.0050459265080090385 -0.0086067363205978853 0.016420225495287447 -0.0080001725078161362 0.0087605147539024878 0.015602381457522069 -0.00068800981444986319 0.0032654952644202329
leaf_weight=526.6069969534874 251.33358822762966 18.516097024083138 235.53201380372047 95.025832206010818 39.722026497125626 550.28838254511356 17.761138126254082 200.62994714081287 19.885385170578957 27.315079778432846 31.019064366817474 38.016171932220459 46.955307647585869 36.383814990520477 103.60784894227982 53.386277705430984 145.60292710363865 326.63579338788986 129.92353738844395 22.066486179828644 519.73357039690018 66.998354569077492 30.085011407732964 66.763921335339546 19.158443361520767 47.844208166003227 15.216792389750479 17.704952612519264 61.226432234048843 292.35170920193195
leaf_count=2590 1688 86 946 353 179 3187 71 653 58 90 134 123 206 138 610 157 571 1855 695 67 1772 279 84 292 75 216 61 73 249 1218
internal_value=-5.0387e-05 0.00401948 -0.00629382 0.00702675 0.000213009 -0.00789207 0.00495121 0.0113294 0.00729107 0.00527498 0.00374221 0.00486742 0.00369063 0.0122526 -0.00671173 0.0110833 0.00675381 -0.00445425 -0.000895159 0.0185157 0.00629472 -0.00266721 0.0151395 -4.55223e-05 0.00261535 0.000795011 -0.00538313 -0.00117252 0.00296606 0.0019898
internal_weight=4053.3 2455.98 1597.32 1377.92 1078.05 1361.79 929.528 448.394 217.679 197.794 484.448 444.726 406.71 67.4029 1110.46 102.768 683.098 560.167 233.531 49.3816 665.336 593.605 230.715 246.431 164.45 145.292 81.9807 126.776 78.9314 339.307
internal_count=18776 9795 8981 4928 4867 8035 3466 1462 725 667 1998 1819 1696 272 6347 314 2414 3160 1305 157 2343 2869 737 1052 699 624 353 538 322 1424
cat_boundaries=0 1
cat_threshold=10
is_linear=0
shrinkage=0.03


Tree=33
num_leaves=31
num_cat=1
split_feature=14 13 7 7 18 13 13 16 16 10 18 10 2 10 2 18 8 11 2 2 15 8 16 8 3 1 16 11 4 18
split_gain=106.001 37.5174 24.7157 12.5115 11.5893 11.446 10.2483 8.44475 8.02616 7.96189 7.64775 7.32618 7.12182 9.63148 5.371 5.35009 5.07525 4.50411 5.91346 7.01714 4.33472 4.23575 4.18139 6.38073 3.96742 4.77937 3.86559 3.71421 3.54622 3.45979
threshold=0 5.5500000000000007 5.3450000000000015 17.263333333333339 1068.7500000000002 6.6500000000000012 7.8500000000000005 1.5790000000000002 1.409 0.062839965995246758 1205.0000000000002 0.076019985165501666 0.26666766169154238 0.26988708975052494 0.067787753900500458 1327.5000000000002 25.620000000000005 2.9953271028037389 0.25146789485024784 0.076687376791056555 0.70037000000000005 7.2800000000000011 2.2220000000000004 4.9800000000000013 0.18606478405315618 0.19900000000000007 1.9760000000000002 2.8396428571428576 1.0000000180025095e-35 1108.7500000000002
decision_type=1 2 10 10 2 2 2 8 10 8 2 10 10 10 10 2 10 10 10 10 8 8 10 10 10 10 10 10 10 2
left_child=1 3 9 11 26 8 10 28 -4 -2 12 20 29 -14 -12 22 -9 24 19 -19 21 -1 -13 -24 -6 -26 -5 -16 -8 -3
right_child=2 6 5 4 17 -7 7 16 -10 -11 14 15 13 -15 27 -17 -18 18 -20 -21 -22 -23 23 -25 25 -27 -28 -29 -30 -31
leaf_value=0.0074909401345669424 -0.011059333557296642 0.0042417644425901792 -0.0059011624306908837 0.020999999999999998 -0.0028066876333436223 0.01562218726415188 0.012707341777911886 0.020999999999999998 0.0011012121649039877 -0.0052710560287753542 -0.0044588988507224215 0.00033822856112048985 -0.0022947087847199617 0.020593189387928534 0.011489163127864951 -0.0082809186501222893 0.01096546389350397 0.0014550853814818152 -0.0041236074013827955 0.020457447342945936 -0.0081877786246012593 -0.0045659244333490483 0.020999999999999998 0.0028754953413105402 0.01602806632893224 -0.00020958451427706735 0.0069869807874127178 0.0018754521015651065 0.004630586028768406 0.0090294921112901213
leaf_weight=37.519263416528702 640.92112575471401 294.68126086890697 296.7854882478714 23.097088828682899 119.09811440110207 33.42098543047905 94.54842846095562 63.907874554395676 292.52246384322643 320.98883402347565 86.217960879206657 541.48824895918369 21.423724979162216 72.695001155138016 51.1620953977108 58.942299008369446 51.038117200136185 29.353050291538239 25.060442745685577 43.275342106819153 183.31449107825756 87.111094027757645 15.518955200910566 47.262557163834572 27.161940485239029 40.84974379837513 17.820799604058266 123.41254465281963 101.39211836457253 252.01601086556911
leaf_count=196 4097 997 1496 82 488 110 303 183 1406 1842 351 2473 65 206 189 295 142 120 83 154 970 436 61 209 99 142 57 433 309 911
internal_value=-2.21588e-05 0.0038091 -0.00607489 0.000277399 0.00536546 -0.00145672 0.007618 0.0123149 -0.0024253 -0.00912779 0.00599843 -0.00142909 0.00776105 0.0153833 0.00166733 0.000346434 0.0187704 0.00322051 0.00844185 0.0127776 -0.00525297 -0.000936274 0.00118797 0.00851698 0.000494473 0.00627527 0.0202949 0.00469292 0.00852791 0.00644881
internal_weight=4094.01 2509.37 1584.64 1296.87 325.717 622.729 1212.5 310.887 589.308 961.91 901.609 971.157 640.816 94.1187 260.793 663.212 114.946 284.799 97.6888 72.6284 307.945 124.63 604.27 62.7815 187.11 68.0117 40.9179 174.575 195.941 546.697
internal_count=18905 9954 8951 5865 1225 3012 4089 937 2902 5939 3152 4640 2179 271 973 3038 325 1086 357 274 1602 632 2743 270 729 241 139 622 612 1908
cat_boundaries=0 1
cat_threshold=10
is_linear=0
shrinkage=0.03


Tree=34
num_leaves=31
num_cat=1
split_feature=14 13 7 17 0 18 0 7 10 18 7 15 18 13 18 15 8 13 10 17 18 10 8 18 7 7 18 7 5 2
split_gain=105.344 31.6532 24.3795 10.4664 9.11785 11.3709 7.38522 6.55276 6.10656 5.56993 5.35607 5.3034 5.25794 5.2132 5.58612 5.15545 6.36358 4.73031 4.51933 4.53735 4.42357 4.30556 4.1657 7.5718 6.47832 6.54547 4.16269 4.06516 3.94877 3.89534
threshold=0 5.3500000000000005 5.3450000000000015 1210.0000000000002 0.093333333333333365 1095.0000000000002 0.14645500000000006 13.6775 0.026839704271238222 1292.5000000000002 14.31 1.9430000000000003 1327.5000000000002 8.6500000000000004 1188.7500000000002 1.8170000000000004 20.845000000000006 6.6500000000000012 0.32277583274362082 1127.5000000000002 1042.5000000000002 0.48357542464296627 12.140000000000004 1162.5000000000002 22.190000000000005 36.030000000000008 1102.5000000000002 2.370000000000001 0.36666666666666675 0.25146789485024784
decision_type=1 2 10 2 10 2 10 10 8 2 10 10 2 2 2 10 10 2 10 2 2 10 8 2 10 10 2 8 10 10
left_child=1 6 8 4 27 11 9 20 -2 21 -9 -6 13 22 -15 16 -7 -12 -8 -20 -4 -1 23 26 -24 -26 -5 -3 -17 -18
right_child=2 3 7 12 5 15 18 10 -10 -11 17 -13 -14 14 -16 28 29 -19 19 -21 -22 -23 24 -25 25 -27 -28 -29 -30 -31
leaf_value=-0.00096316648962763293 -0.01149067080855321 -0.0046797292762149022 0.010247216843176688 0.010052878861624169 0.019448174322303988 0.012451623618808418 0.0027734756172512419 0.017635509959997867 -0.0066857600229113653 -0.0073611797089572807 -0.00058163408637293965 0.0033982836791098332 -0.0037247087066678004 0.01056968041002411 0.020999999999999998 -0.0046072941464706234 -0.0017119961958429674 0.012279704226260875 0.0044493114446540636 0.020999999999999998 -0.0045690180803970781 0.0072711760997124205 0.0027311710191192141 0.0042430482623121357 0.017608529835097534 0.0001241230920355872 0.020999999999999998 0.0035947791391598778 0.0078515089226579692 0.010721814375739446
leaf_weight=697.55462449789047 466.70150531828403 58.720883727073669 19.089452192187309 31.261976301670074 96.081803157925606 128.3402156829834 91.675446167588234 19.364911407232285 485.88621710240841 115.44004692137241 188.60115574300289 22.956034690141678 21.480642154812813 50.653310924768448 26.599714577198029 64.138289675116539 68.256471648812294 29.804325595498085 20.158299043774605 19.04958613216877 363.07160821557045 62.249829724431038 117.42195735871792 36.049012809991837 74.755225330591202 25.962471634149551 26.787445023655891 593.75941900908947 35.605854198336601 33.958675816655159
leaf_count=3327 3083 248 95 103 287 434 357 89 2856 589 775 67 77 136 72 214 223 94 77 64 1960 259 399 128 221 72 87 2296 111 102
internal_value=8.25099e-05 0.00388082 -0.00598836 0.00663882 0.00511483 0.00840342 -0.000227455 -0.00139607 -0.00903983 -0.00122138 0.0025142 0.016353 0.0107246 0.0115215 0.0184992 0.00553844 0.00800366 0.00117347 0.00641914 0.0149434 -0.00382893 -0.000288537 0.00979514 0.0150711 0.00751927 0.0131015 0.021 0.0028501 -0.000159852 0.00241886
internal_weight=4091.44 2518.92 1572.52 1512.79 1101.82 449.337 1006.13 619.931 952.588 875.245 237.77 119.038 410.972 389.491 77.253 330.3 230.555 218.405 130.883 39.2079 382.161 759.804 312.238 94.0984 218.14 100.718 58.0494 652.48 99.7441 102.215
internal_count=18902 9950 8952 5277 3982 1438 4673 3013 5939 4175 958 354 1295 1218 208 1084 759 869 498 141 2055 3586 1010 318 692 293 190 2544 325 325
cat_boundaries=0 1
cat_threshold=10
is_linear=0
shrinkage=0.03


Tree=35
num_leaves=31
num_cat=0
split_feature=10 7 7 7 8 17 17 11 11 9 3 8 7 8 17 11 7 8 10 2 7 9 9 8 9 8 9 1 6 9
split_gain=106.864 38.7005 16.9028 14.2145 11.4102 5.69491 5.18675 4.91401 6.19704 4.10495 3.95779 4.31647 3.88267 4.35732 4.4111 5.09251 3.89909 3.8707 3.84079 3.76024 4.69648 5.43247 4.47229 8.10604 6.96172 4.08643 4.0588 4.19973 3.83808 4.28106
threshold=0.18968380796871492 5.3450000000000015 15.170000000000002 17.790000000000003 10.980000000000006 1172.5000000000002 1077.5000000000002 1.548583792289536 1.7463737649779274 1.4900000000000004 0.018022471910112369 8.7800000000000029 43.310000000000009 14.110000000000003 1157.5000000000002 2.3668776371308025 18.570000000000004 3.71 0.089741794871794886 0.058355855855855891 18.570000000000004 4.6100000000000012 5.910000000000001 14.526666666666669 6.3100000000000014 17.935000000000006 5.2100000000000017 0.13812900000000006 24.941666666666674 7.267500000000001
decision_type=10 8 10 10 10 2 2 10 8 10 10 10 10 10 2 8 10 8 10 10 10 10 10 10 10 10 10 10 10 10
left_child=1 4 5 17 9 -2 -4 -8 -9 18 11 -11 13 14 15 -5 -15 -3 -1 -10 21 -21 23 26 25 -24 27 -22 -26 -30
right_child=2 3 6 12 -6 -7 7 8 19 10 -12 -13 -14 16 -16 -17 -18 -19 -20 20 22 -23 24 -25 28 -27 -28 -29 29 -31
leaf_value=-0.0073639363606577699 0.001794590760426578 0.011431711821230208 0.001500457293631186 -0.0043508211099094526 -0.010658637505854699 0.0076265685595768582 -0.0002665523792259037 0.020999999999999998 0.00095805003067631468 0.018143013188700239 -0.0053416766936913111 -0.0011554822035046242 0.018243564823643674 0.015994050140953626 0.019221683360255815 0.012637512899664126 0.00090405104202830695 -0.0025213582562400509 -0.00049295639894317441 0.0067819052634518623 0.020999999999999998 0.020999999999999998 0.0074772136203981425 -0.0059123847619628337 0.0040854832346855384 0.020999999999999998 0.00018215656413124619 0.0044666281640860072 0.018482654668171547 0.0093664817941633179
leaf_weight=310.60753428936005 639.82171782851219 18.230660408735275 69.520603865385056 28.444813787937164 622.79989828169346 197.12195132672787 38.958358332514763 19.816570773720741 37.841498106718063 19.975440815091133 37.673130035400391 21.83076111972332 18.104395002126694 16.50933749973774 29.01588462293148 35.954145967960358 231.62196569144726 967.17887112498283 95.802711799740791 34.594950735569 30.73497898876667 69.537701964378357 20.111936032772064 43.404833927750587 83.758966147899628 20.245818942785263 23.873128965497017 20.140272200107574 60.215312391519547 201.53279609978199
leaf_count=1874 2686 82 246 121 3946 711 143 67 135 98 202 123 54 70 103 136 867 4817 500 115 98 222 61 139 256 60 74 63 173 569
internal_value=0.000120961 -0.00382063 0.00612363 -0.000400065 -0.00797046 0.00316817 0.00931825 0.0100894 0.0106954 -0.00452483 0.00171053 0.00806554 0.0047048 0.00398715 0.0095097 0.00513382 0.00190806 -0.00226322 -0.00574425 0.0101337 0.0107046 0.0165047 0.00950633 0.00439942 0.0110701 0.021 0.0103873 0.015176 0.00967502 0.0114637
internal_weight=4064.98 2453.75 1611.23 1345.06 1108.69 836.944 774.288 704.767 665.809 485.89 79.4793 41.8062 359.651 341.546 93.4148 64.399 248.131 985.41 406.41 645.992 608.151 104.133 504.018 118.153 385.865 40.3578 74.7484 50.8753 345.507 261.748
internal_count=18811 12993 5818 6250 6743 3397 2421 2175 2032 2797 423 221 1351 1297 360 257 937 4899 2374 1965 1830 337 1493 374 1119 121 235 161 998 742
is_linear=0
shrinkage=0.03


Tree=36
num_leaves=31
num_cat=1
split_feature=14 6 11 18 3 6 18 8 9 16 10 6 3 16 7 10 2 18 16 9 10 9 9 7 12 8 16 6 18 11
split_gain=101.239 31.2279 25.0764 11.607 10.133 9.63542 8.25169 7.792 6.74337 6.58799 6.40165 8.16807 7.22245 6.69815 6.37127 6.19747 5.94362 5.11138 7.28624 4.83953 6.20828 4.77452 8.40487 4.65867 4.5096 4.06549 4.52764 4.00759 3.99296 3.96514
threshold=0 8.6833333333333389 2.9953271028037389 1162.5000000000002 0.18294293294609751 8.0333333333333368 1071.2500000000002 12.220000000000004 10.470000000000002 0.83700000000000008 0.2508217050529799 21.683333333333334 0.084022471910112376 2.3470000000000004 28.073333333333334 0.15072977705135501 0.076666666666666675 1102.5000000000002 1.5790000000000002 4.9225000000000003 0.5400055994293943 5.7633333333333345 6.6800000000000015 1.0000000180025095e-35 1.0000000180025095e-35 22.645000000000007 1.4645700000000004 1.2333333333333341 1140.0000000000002 3.5418613707165112
decision_type=1 10 10 2 10 8 2 8 8 10 10 8 10 8 10 10 8 2 10 10 10 10 10 8 2 10 10 10 2 10
left_child=2 15 4 5 6 -4 16 -7 9 -5 28 12 -12 17 -3 23 27 -13 -19 20 -6 24 -23 -2 -11 -21 -27 -1 -9 -26
right_child=1 14 3 8 19 7 -8 10 -10 21 11 13 -14 -15 -16 -17 -18 18 -20 25 -22 22 -24 -25 29 26 -28 -29 -30 -31
leaf_value=0.013683206122428789 -0.012998608152045685 -0.00074850698918478109 0.00018527513046600876 -0.0042037056167736992 0.00019612380561817518 0.020461460611549302 -0.00094057936938050609 0.0041663824125865185 0.01382415000338085 -0.0053487148649497022 0.019282789040827305 0.020999999999999998 -0.0001711818908186589 0.0038962441977966819 0.0093026057548585613 -0.0010482083055391102 0.013067513349754215 0.0033766815793039346 0.020999999999999998 0.016644206990803406 0.016104253012237012 0.018043643405938951 0.0036195586801230088 -0.0082051156856333945 -0.00028968374865750198 -0.0059172162392406077 0.012727253214348902 -0.00036095041543003089 0.019272813904081268 0.013114866545270649
leaf_weight=22.042796820402145 236.97297357022762 373.16987363994122 73.593595176935196 98.187244266271591 119.25518769025803 78.904902413487434 1025.2934560924768 152.64419458806515 54.314316600561142 62.834829479455948 24.575524762272835 66.146429598331451 57.04050575196743 27.136604264378548 66.941692754626274 88.812826618552208 66.511538997292519 36.116411745548248 24.673553079366684 60.871670812368393 27.095190450549126 52.821386829018593 116.64882364869118 793.43217889964581 47.234795048832893 20.043778255581856 28.235486060380936 107.31526352465153 17.559070765972137 34.270505994558334
leaf_count=102 1670 1787 280 394 474 249 4659 519 167 234 83 168 175 73 219 460 256 101 64 192 98 173 372 4825 173 71 89 473 61 117
internal_value=2.59887e-05 -0.00595172 0.00376119 0.00738207 0.00127402 0.0102998 0.000137288 0.0118353 0.00388815 0.00257827 0.0101583 0.01336 0.00568663 0.0174248 0.000780284 -0.00865213 0.00577946 0.0203169 0.0122451 0.00670703 0.00314134 0.00470027 0.00811533 -0.00930752 0.000690621 0.0114879 0.00498675 0.00203219 0.00572484 0.00534652
internal_weight=4060.7 1559.33 2501.37 1024.7 1476.66 558.391 1221.16 484.797 466.312 411.998 405.892 235.689 81.616 154.073 440.112 1119.22 195.87 126.936 60.79 255.501 146.35 313.81 169.47 1030.41 144.34 109.151 48.2793 129.358 170.203 81.5053
internal_count=18778 8961 9817 3403 6414 1773 5490 1493 1630 1463 1244 664 258 406 2006 6955 831 333 165 924 572 1069 545 6495 524 352 160 575 580 290
cat_boundaries=0 1
cat_threshold=10
is_linear=0
shrinkage=0.03


Tree=37
num_leaves=31
num_cat=2
split_feature=7 14 13 13 3 10 18 17 10 10 3 8 11 18 13 18 12 3 18 8 16 13 18 11 13 17 14 8 17 15
split_gain=98.5622 41.2931 19.5662 13.0266 10.025 8.92173 8.70993 6.62574 10.1163 6.20085 6.14615 5.89553 5.89303 5.95782 5.67367 5.3794 5.40322 11.3528 5.0632 4.8752 5.03916 4.76738 4.72371 6.0036 4.53598 5.46554 4.36624 5.20987 4.2175 4.15271
threshold=9.9500000000000028 0 6.2500000000000009 5.0500000000000007 0.086074109578641519 0.054623724880946363 1127.5000000000002 1267.5000000000002 0.50392864819412975 0.08248101252920749 0.17333700108777511 24.090000000000003 3.7150375939849627 1073.7500000000002 9.8500000000000032 1066.2500000000002 1.0000000180025095e-35 0.10255631697893126 1267.5000000000002 17.020000000000007 2.1190000000000002 5.1500000000000012 1183.7500000000002 1.1843382728666327 5.4500000000000011 1096.2500000000002 1 18.326666666666672 1177.5000000000002 0.99200000000000021
decision_type=10 1 2 2 10 10 2 2 10 10 10 10 10 2 2 2 2 10 2 10 10 2 2 10 2 2 1 10 2 10
left_child=1 3 4 18 22 -3 10 19 -9 -6 -4 26 -12 -14 -13 21 -17 -18 -1 20 -5 -11 23 -2 -19 -26 27 -8 -27 -25
right_child=2 5 6 7 9 -7 11 8 -10 15 12 14 13 -15 -16 16 17 24 -20 -21 -22 -23 -24 29 25 28 -28 -29 -30 -31
leaf_value=-0.0018290440773426019 -0.0096371191229091165 -0.010088070738911513 0.0089531216708614199 0.0027049439579834309 -0.0036482606933293834 -0.004752380151611015 0.009309454693295003 0.0044489966796362676 0.020999999999999998 0.020999999999999998 0.020999999999999998 -0.00162269506961821 0.020999999999999998 0.0054375831834250331 0.01212165385415684 0.0023825152312682246 0.020999999999999998 0.0023791703972018421 -0.010280156589574018 -0.0041280438547472726 0.015189017981028355 0.007304935344279357 -0.0035553463546308755 0.0076186965511367711 0.020999999999999998 0.0026317299790011178 0.00086154962358529839 0.020999999999999998 0.016148200310365023 0.00028357718690509586
leaf_weight=351.22582639753819 34.217670395970345 704.85669165849686 154.71256476640701 330.63479547202587 64.003991350531578 470.17406165599823 107.81999087333679 57.374553635716438 20.24678248167038 31.041574537754059 62.930321574211121 112.99550801515579 34.57579579949379 51.634750604629517 35.530272424221039 307.29034388065338 35.137150228023529 147.59737937152386 77.965911820530891 86.354861617088318 31.907916948199272 44.589584037661552 214.24390918016434 129.23996038734913 22.462838426232338 63.322590738534927 54.659468084573746 38.812426432967186 30.922097489237785 150.18638588488102
leaf_count=1746 163 4604 477 1387 292 2699 347 207 61 111 166 367 85 135 95 1147 142 571 425 354 121 137 999 556 72 204 189 123 100 665
internal_value=0.000292153 -0.00415482 0.00520694 0.000509722 0.00304233 -0.00788595 0.0094266 0.00367727 0.0117704 0.00528017 0.0131423 0.00619915 0.0174879 0.0118973 0.00166522 0.00611763 0.00517719 0.00804511 -0.00336425 0.00227785 0.00380369 0.0136621 -0.000121696 0.00222376 0.00587391 0.0102936 0.00954456 0.0119103 0.00706654 0.00367621
internal_weight=4058.67 2130.74 1927.93 955.711 1274.26 1175.03 653.671 526.519 77.6213 746.368 303.853 349.818 149.141 86.2105 148.526 682.364 606.732 299.442 429.192 448.898 362.543 75.6312 527.888 313.644 264.305 116.708 201.292 146.632 94.2447 279.426
internal_count=18747 11604 7143 4301 5159 7303 1984 2130 268 2776 863 1121 386 220 462 2484 2236 1089 2171 1862 1508 248 2383 1384 947 376 659 470 304 1221
cat_boundaries=0 1 2
cat_threshold=10 8
is_linear=0
shrinkage=0.03


Tree=38
num_leaves=31
num_cat=1
split_feature=13 7 7 14 10 17 13 12 8 10 17 11 16 1 0 16 11 16 11 7 8 0 12 15 4 8 1 8 6 0
split_gain=94.8603 32.2712 19.0089 15.7915 11.8706 7.44173 6.2153 8.15991 5.07435 4.76127 4.93838 4.6508 4.46204 4.40256 5.08636 4.26523 4.25142 4.23895 4.23069 4.53494 4.19079 3.99032 3.92028 3.83944 3.67385 3.66139 3.40847 3.55481 3.38797 3.9362
threshold=5.2500000000000009 5.3450000000000015 15.310000000000002 0 0.14114997164546764 1210.0000000000002 9.9500000000000011 1.0000000180025095e-35 11.090000000000003 0.083589549175255531 1135.0000000000002 0.93220122574055164 1.3530000000000002 0.028000000000000008 0.027185000000000004 2.5180000000000002 3.1297498797498799 1.0098300000000002 3.5812316715542525 6.660000000000001 26.526666666666671 0.033333333333333375 1.0000000180025095e-35 1.1530000000000002 1.0000000180025095e-35 23.460000000000004 0.0080000000000000192 2.9800000000000004 14.533333333333337 0.11666666666666668
decision_type=2 10 10 1 10 2 2 2 10 10 2 10 10 8 10 10 10 10 10 10 10 10 2 10 10 10 10 10 8 8
left_child=1 4 3 12 8 21 7 16 -1 -3 11 22 -2 14 18 23 -7 -12 19 26 -19 -4 -11 -13 -18 -26 27 -14 -15 -30
right_child=2 9 5 -5 -6 6 -8 -9 -10 10 17 15 13 28 -16 -17 24 20 -20 -21 -22 -23 -24 -25 25 -27 -28 -29 29 -31
leaf_value=-0.0065942945637233125 0.0016396320157099919 -0.0028556393791373002 0.00081684987014294459 -0.0069612632433676738 -0.00067991258406429342 0.014411644724948092 0.020999999999999998 0.015380888512368358 -0.011092746504229405 -0.00087303959468427528 -0.0046817998190406551 0.0018970661910987533 0.010269323504862907 0.0014324480879557542 0.020999999999999998 0.013930546022049069 -0.0052692887462897076 0.0048365888020955716 0.020999999999999998 -0.005982996418855374 0.019566098631428212 0.0073821965968966386 0.014861058189438741 -0.0046929497550535527 0.015984912306976861 0.0001488393006382262 0.01605517626536937 -0.0066767634117921781 0.01609257898827509 0.00086553691391637983
leaf_weight=408.27315686643124 408.1708891838789 455.90737400949001 99.271948605775833 137.29486085474491 181.46463212370872 30.707077905535698 47.960396945476532 132.76770466566086 504.62405273318291 27.808439463376999 38.176310494542122 116.10857439041138 28.609025865793228 170.85111847519875 20.578639298677444 14.569115623831747 40.505717515945435 188.50573182106018 18.252410069108009 23.556960538029671 19.150608032941818 518.40783827006817 29.235229149460793 252.82692383229733 22.342771545052528 31.901321962475777 34.891908198595047 18.246408805251122 35.817846298217773 26.644511863589287
leaf_count=2498 1649 2362 355 822 887 98 119 387 3329 129 181 530 110 625 77 62 127 831 60 94 74 1603 136 1138 66 95 136 76 126 90
internal_value=0.000148617 -0.00400627 0.00518064 0.00213544 -0.00768788 0.00822271 0.0120469 0.0101969 -0.00908091 -0.000479133 0.00109939 -0.000801488 0.00376585 0.0061649 0.0102871 -0.00199028 0.00471077 0.00450588 0.00792597 0.00561442 0.00619498 0.00632703 0.00719078 -0.00261899 0.00156685 0.00667161 0.00895643 0.00367019 0.0036183 0.00959719
internal_weight=4083.43 2236.65 1846.78 922.915 1094.36 923.865 306.185 258.225 912.897 1142.29 686.381 440.548 785.62 377.449 144.135 383.505 125.457 245.833 123.557 105.304 207.656 617.68 57.0437 368.935 94.7498 54.2441 81.7473 46.8554 233.313 62.4624
internal_count=18872 12157 6715 3865 6714 2850 892 773 5827 5443 3081 1995 3043 1394 553 1730 386 1086 476 416 905 1958 265 1668 288 161 322 186 841 216
cat_boundaries=0 1
cat_threshold=10
is_linear=0
shrinkage=0.03


Tree=39
num_leaves=31
num_cat=0
split_feature=7 6 8 12 11 16 3 8 15 0 3 1 7 3 11 18 18 11 9 16 1 2 15 15 6 7 15 1 15 2
split_gain=70.6358 28.6218 15.4604 10.6237 11.1961 10.4134 8.98894 8.69062 12.9767 7.9 6.04399 7.67269 5.63678 6.84502 6.36927 5.2724 4.52095 4.31892 4.26197 4.08869 4.0325 3.75362 3.64512 8.0098 3.58964 4.11471 5.86325 3.57419 7.00955 3.51456
threshold=3.5775000000000001 22.441666666666674 11.090000000000003 1.0000000180025095e-35 2.7337552742616036 1.7270000000000003 0.11253571428571428 8.1800000000000015 0.58100000000000007 0.013333333333333362 0.14000000000000007 0.13606300000000007 27.350000000000005 0.29530146193047158 2.9671230408935334 1177.5000000000002 1112.5000000000002 1.0758534714230918 2.2450000000000006 1.2622500000000001 0.073958000000000038 0.0097025702811244993 2.1290000000000004 2.3370000000000002 17.116666666666674 15.170000000000002 1.6490000000000002 0.20854100000000003 1.6924500000000005 0.042669509594882735
decision_type=8 10 10 2 10 10 10 8 10 10 8 8 10 10 10 2 2 10 10 10 10 10 10 8 10 8 8 10 10 8
left_child=2 3 6 20 7 15 18 8 -5 -8 22 -12 14 27 -7 -3 -15 -10 -1 -9 -2 -4 -6 -24 25 -13 -27 28 -14 -22
right_child=1 5 21 4 10 12 9 19 17 -11 11 24 13 16 -16 -17 -18 -19 -20 -21 29 -23 23 -25 -26 26 -28 -29 -30 -31
leaf_value=-0.004970148213721967 -0.0027127064869164998 0.0078515422255096157 -0.012255784719670268 0.020999999999999998 0.0029368087312667962 0.0093977187594567416 0.020999999999999998 -0.0044447742664700347 -0.0060813978813727288 -0.00051671649320161178 0.020999999999999998 -0.00023618510442873999 -0.0035414286402437076 0.020999999999999998 0.020999999999999998 0.0019445171785194366 0.0070074301672760153 0.0057506685144934136 0.01054974922638984 0.00079987601502763185 0.010252599568871548 -0.0064875704716008059 0.020999999999999998 -0.0035412474033059784 -0.00047525587630392895 0.020999999999999998 0.0054933650827635478 -0.0060498885096298468 0.01836795772880916 0.00018689644918630364
leaf_weight=453.29039159417152 750.93234784901142 280.89021655917168 352.03616404533386 24.057758316397667 282.60042853653431 53.096737906336784 17.852667570114136 243.95412641763687 37.431257605552673 29.205520763993263 37.664568692445755 18.415736570954323 26.417449399828911 24.162861853837967 58.246473357081413 263.6254528015852 24.651918053627014 107.51528124511242 16.504692479968071 296.22673758864403 34.592226669192314 142.68746964633465 20.706911265850067 15.850216358900068 35.361897185444832 16.641446813941002 25.01112724840641 27.125783830881119 26.153208836913109 320.19717146456242
leaf_count=2567 3612 858 2401 111 1177 181 78 1234 179 129 122 67 78 61 160 888 67 489 79 1413 149 853 80 67 111 50 93 74 72 1265
internal_value=6.88228e-05 0.00234625 -0.00680129 0.0006373 0.00264105 0.00728585 -0.00317276 0.000288884 0.00622616 0.00932777 0.00632953 0.0117 0.0124941 0.00821326 0.0174349 0.00499168 0.01706 0.00269513 -0.00442491 -0.00156869 -0.00146742 -0.0105921 0.00408993 0.013004 0.00710805 0.0115723 0.0167932 0.00279457 0.0073582 0.00116831
internal_weight=4063.11 3051.53 1011.58 2267.16 1161.44 784.37 516.853 709.185 169.004 47.0582 452.252 133.095 239.854 128.511 111.343 544.516 48.8148 144.947 469.795 540.181 1105.72 494.724 319.158 36.5571 95.4302 60.0683 41.6526 79.6964 52.5707 354.789
internal_count=18765 12658 6107 10219 5193 2439 2853 3426 779 207 1767 443 693 352 341 1746 128 668 2646 2647 5026 3254 1324 147 321 210 143 224 150 1414
is_linear=0
shrinkage=0.03


Tree=40
num_leaves=31
num_cat=1
split_feature=14 13 7 3 17 7 18 6 16 13 13 8 16 2 2 16 12 8 15 7 8 6 13 16 8 9 6 8 18 6
split_gain=92.1467 30.4164 24.0361 12.1762 10.4994 10.4274 9.07114 8.84181 6.95499 6.67482 6.49762 5.87204 6.44879 5.00686 5.0717 4.92508 4.95352 5.23273 4.847 4.96592 7.77801 4.81039 4.65383 4.29855 4.16527 7.05714 4.07954 4.83214 4.72303 3.93637
threshold=0 6.1500000000000012 13.6775 0.086074109578641519 1210.0000000000002 1.0000000180025095e-35 1162.5000000000002 36.116666666666674 2.311666666666667 5.0500000000000007 9.9500000000000011 16.580000000000005 1.409 0.012825877825877829 0.016076366459627331 1.821 1.0000000180025095e-35 11.890000000000002 0.5238600000000001 8.3900000000000023 13.445000000000002 8.6833333333333389 5.1500000000000012 0.81278000000000017 24.645000000000007 4.3633333333333351 3.8000000000000056 19.780000000000005 1068.7500000000002 36.850000000000009
decision_type=1 2 10 10 2 8 2 10 10 2 2 8 10 8 10 8 2 10 8 10 10 10 2 8 10 10 8 8 2 10
left_child=1 3 5 9 6 -2 7 26 10 18 15 12 -7 -14 -15 16 17 -6 19 -1 -21 -16 -11 -8 25 -18 -3 28 -28 -25
right_child=2 4 -4 -5 8 11 23 -9 -10 22 -12 -13 13 14 21 -17 24 -19 -20 20 -22 -23 -24 29 -26 -27 27 -29 -30 -31
leaf_value=-0.005262477554044514 -0.013056770635038501 -0.0037783655532341032 0.0031032830680790837 0.0043017950046716049 0.017098030658129419 -0.0070356150813031659 -0.0058398352847659676 0.020999999999999998 0.020999999999999998 0.015410256054292935 0.018950376488187062 -0.0085867913995551094 -0.0060520257822398241 0.014982995286430826 -0.0038127851421746739 -0.00019839498754686951 0.0056644548198472649 0.0011041463575905321 -0.0045637645919293316 0.020999999999999998 -0.0019028529435607905 0.0068979222699946377 0.0011566443111993695 0.004956699883822773 0.0055019481375884203 0.020999999999999998 0.020999999999999998 0.0035548987787524188 0.0087444142057574968 -0.0089830303430107929
leaf_weight=37.363461166620255 228.16314861178398 26.980374366044998 239.98877142369747 700.02354817092419 25.315989047288895 312.89970967173576 56.305536434054375 35.132919311523438 31.733475521206856 21.776561409235001 69.132724493741989 446.85530287027359 105.13781005144119 24.095938414335251 100.13735915720463 46.941444605588913 29.180021271109581 67.492805704474449 423.85204955935478 24.936394825577736 27.703588783740997 60.563012048602104 386.8145827203989 179.8102862238884 30.883099049329758 50.831633403897285 37.21120910346508 99.17378057539463 93.900791242718697 20.289021581411362
leaf_count=204 1670 101 943 2629 83 1900 215 89 82 100 174 2709 656 144 577 136 94 209 2151 115 128 311 1644 619 90 144 111 303 299 59
internal_value=0.000248608 0.00375739 -0.00557134 0.00131846 0.00819436 -0.00724409 0.00560157 0.00921332 0.0122424 -0.000945533 0.0108078 -0.00598063 -0.0040488 -0.000825397 0.00214824 0.00856192 0.0105806 0.00546689 -0.00322112 0.00310175 0.00903862 0.00022375 0.00191631 0.00148279 0.0148604 0.0184726 0.00725848 0.00855157 0.0123311 0.00354328
internal_weight=4040.63 2522.79 1517.84 1622.47 900.315 1277.85 548.804 292.399 351.511 922.447 319.778 1049.69 602.834 289.934 184.796 250.645 203.704 92.8088 513.855 90.0034 52.64 160.7 408.591 256.405 110.895 80.0117 257.266 230.286 131.112 200.099
internal_count=18689 9779 8910 6971 2808 7967 1796 903 1012 4342 930 6297 3588 1688 1032 756 620 292 2598 447 243 888 1744 893 328 238 814 713 410 678
cat_boundaries=0 1
cat_threshold=10
is_linear=0
shrinkage=0.03


Tree=41
num_leaves=31
num_cat=0
split_feature=10 7 11 7 8 18 6 18 9 16 7 13 11 11 11 11 0 2 18 15 8 9 8 16 3 11 10 2 2 5
split_gain=87.8469 36.7689 16.6441 8.91042 7.92437 7.40707 7.04509 6.46284 6.12616 6.03329 5.95605 9.8329 5.40971 5.54808 6.87688 5.1642 4.98649 8.40742 4.83404 4.43448 5.73587 4.40982 10.6793 4.34303 5.39311 5.62118 4.20773 6.93946 5.79482 4.95781
threshold=0.15072977705135501 5.5100000000000025 2.9671230408935334 20.310000000000006 11.090000000000003 1327.5000000000002 21.150000000000006 1071.2500000000002 1.5100000000000005 1.0250000000000004 30.030000000000005 7.2500000000000009 1.7336391437308871 2.577350427350428 2.8396428571428576 3.7806250000000001 0.12349166666666669 0.14559285978542363 1095.0000000000002 0.70037000000000005 7.1800000000000024 4.722500000000001 14.640000000000001 1.4863400000000004 0.12640012239902085 2.7512376237623766 0.36843680539795853 0.14981220657276997 0.18671376076667548 0.29166666666666669
decision_type=10 8 10 10 10 2 8 2 10 10 10 2 10 10 10 10 10 10 2 8 8 10 10 10 10 8 10 10 10 10
left_child=1 4 9 7 8 6 16 12 -1 -2 11 15 -3 -14 -15 -8 17 21 -12 20 -9 -4 -23 24 -5 -26 29 -28 -29 -11
right_child=2 3 5 23 -6 -7 10 19 -10 26 18 -13 13 14 -16 -17 -18 -19 -20 -21 -22 22 -24 -25 25 -27 27 28 -30 -31
leaf_value=-0.0067416916269228506 -0.0032200310848362413 0.012089892025418129 0.0014955996884696459 0.0046564408161185447 -0.01052530371673076 -0.002160749251870658 0.013149745532170205 0.014315434420646323 0.0028739377069963989 0.00051533249172742372 0.014537200607659241 0.020999999999999998 -0.0081163842159120616 0.020999999999999998 0.00036942374820045051 -0.00022764006419424661 -0.00030019727517229921 0.020999999999999998 0.0045240318838352632 -0.0041781396302425717 -0.00095125823844091498 0.020999999999999998 0.005906329421625835 -0.0025070012762938715 0.0024562833997772314 0.020999999999999998 0.0026043929117085772 0.020999999999999998 0.008375259277817999 0.0098724588113408493
leaf_weight=375.19001026451588 161.84932239353657 48.911621525883675 117.12202766537666 136.5449528247118 583.22300951182842 63.595202520489693 102.68366374075413 25.673507273197174 70.900049537420273 486.60564044117928 62.171392500400543 76.439073920249939 44.240121021866798 14.697499141097067 51.090644910931587 34.765017852187157 96.592796415090561 27.26885986328125 143.65455389022827 570.92644010484219 161.33310233056545 20.655353292822838 145.64584876596928 53.266367107629776 15.558513805270193 18.120779559016228 205.69134142994881 20.548388332128525 88.94496388733387 56.923656597733498
leaf_count=2299 723 235 435 483 3909 234 304 112 384 2017 152 197 211 70 219 100 307 85 395 2944 758 66 498 196 62 60 824 72 292 203
internal_value=1.85105e-05 -0.00411254 0.00470836 -0.000402182 -0.0082232 0.00770534 0.00846403 -0.00171144 -0.00521342 0.00209306 0.0111917 0.0146974 0.00378875 9.85875e-05 0.00562286 0.00976619 0.00565317 0.00750404 0.00754859 -0.00286483 0.00114465 0.00595465 0.00909505 0.00496905 0.00730844 0.0180604 0.00309446 0.00585218 0.0119534 0.0014953
internal_weight=4080.83 2169.68 1911.16 1140.36 1029.31 890.594 826.999 916.873 446.09 1020.56 419.714 213.888 158.94 110.028 65.7881 137.449 407.285 310.692 205.826 757.933 187.007 283.423 166.301 223.491 170.224 33.6793 858.714 315.185 109.493 543.529
internal_count=18846 11942 6904 5350 6592 2773 2539 4549 2683 4131 1148 601 735 500 289 404 1391 1084 547 3814 870 999 564 801 605 122 3408 1188 364 2220
is_linear=0
shrinkage=0.03


Tree=42
num_leaves=31
num_cat=0
split_feature=13 10 7 7 13 2 6 18 3 17 9 8 6 18 9 13 3 7 16 18 8 3 0 16 17 8 0 16 10 16
split_gain=85.23 28.4499 14.2531 12.427 9.7324 8.69712 7.28815 5.44263 5.43911 7.75999 6.98933 5.30778 4.52305 5.61569 6.5588 5.5723 4.65799 6.45188 4.41292 3.91339 3.81767 3.80891 6.40211 5.09505 5.16333 7.75545 3.61011 7.30333 4.44991 5.43695
threshold=5.3500000000000005 0.077703162419045638 2.8000000000000012 2.9399999999999999 7.2500000000000009 0.058355855855855891 27.216666666666672 1310.0000000000002 0.013045825944226029 1148.7500000000002 5.7633333333333345 5.9099999999999993 20.916666666666675 1162.5000000000002 7.5100000000000007 9.7500000000000018 0.042003861003861019 11.867500000000001 0.74300000000000022 1066.2500000000002 0.80000000000000082 0.086074109578641519 0.086666666666666711 2.3470000000000004 1148.7500000000002 11.890000000000002 0.053333333333333344 1.3270000000000002 0.34264943365626782 1.7952633333333334
decision_type=2 10 8 8 2 10 10 2 8 2 10 10 8 2 8 2 10 10 10 2 10 10 10 10 2 10 10 10 10 10
left_child=1 3 11 -1 5 8 7 21 9 -4 -11 20 16 14 -14 -15 17 -6 -7 -10 -2 -3 23 24 -23 -26 27 -20 -28 -30
right_child=2 6 4 -5 12 18 -8 -9 19 10 -12 -13 13 15 -16 -17 -18 -19 26 -21 -22 22 -24 -25 25 -27 28 -29 29 -31
leaf_value=-0.010457055116172332 -0.0046938054399484098 -0.0019087969627689233 0.00042833044897908366 -0.0042434859385507484 0.019781832064589385 -0.0039907630138809038 0.0069183482651935559 -0.0067792552877230161 0.0082067776528738506 0.0049387516362088008 0.020999999999999998 -0.0096768855470928811 0.020999999999999998 0.0020296939641080264 0.011013435058357427 0.016630725298435785 0.0034602209040511486 0.0013191107923353636 -0.00062974670976944193 -0.0031097111620042818 0.0098188654805446002 0.0012853946916114229 -0.0017080142320993095 0.020999999999999998 0.00037180019560911022 0.020999999999999998 0.0044072642633022265 0.020999999999999998 0.0065419397473040859 0.01746371560764369
leaf_weight=533.72317850589752 35.281134083867073 547.39627397060394 107.66096132993698 633.56050726771355 44.11842143535614 35.757521867752075 110.01146857440472 136.72806812822819 31.162980765104294 34.784693986177444 22.057831808924675 74.70300580561161 48.765241473913193 70.891596794128418 96.098203718662262 35.206482648849487 160.15008357167244 27.74922402203083 21.026348814368248 234.13943047821522 30.344194829463959 105.66674181818962 184.23683474957943 13.83166281878948 21.611908808350563 20.307835340499878 422.69228917360306 40.794256940484047 132.93221133947372 59.330172196030617
leaf_count=3681 146 2819 439 3514 148 136 365 726 121 150 74 430 120 209 237 91 503 93 83 1001 130 470 777 56 95 88 1377 143 416 167
internal_value=4.02717e-06 -0.00379259 0.00496486 -0.00708455 0.00575686 0.00424738 -0.000421218 -0.00120531 0.000877003 0.00516281 0.01413 -0.00420834 0.00932708 0.0121185 0.0159591 0.00687475 0.00630772 0.0126531 0.00628041 -0.00178045 0.00201664 -0.000351921 0.00211362 0.0064755 0.00481969 0.0137286 0.00682309 0.0137337 0.00612838 0.00991229
internal_weight=4072.72 2307.07 1765.65 1167.28 1625.32 1142.34 1139.79 1029.78 429.806 164.503 56.8425 140.328 482.979 250.962 144.863 106.098 232.018 71.8676 712.533 265.302 65.6253 893.051 345.655 161.418 147.586 41.9197 676.775 61.8206 614.955 192.262
internal_count=18805 12591 6214 7195 5508 4107 5396 5031 1785 663 224 706 1401 657 357 300 744 241 2322 1122 276 4305 1486 709 653 183 2186 226 1960 583
is_linear=0
shrinkage=0.03


Tree=43
num_leaves=31
num_cat=1
split_feature=14 7 1 13 10 13 18 17 8 8 5 15 18 15 18 18 1 18 17 17 7 7 10 1 6 8 0 15 17 15
split_gain=85.4708 22.6473 22.6038 11.8008 9.98634 6.80081 8.27413 6.12711 6.28272 5.79595 5.12386 5.0522 5.04604 6.35152 4.99075 4.78029 4.64884 4.52765 4.45243 4.35235 4.18752 3.99355 7.2143 3.62702 3.29829 4.26586 4.94489 3.28427 4.97775 3.2398
threshold=0 13.6775 0.088053000000000034 5.9500000000000011 0.066026726943942141 9.3500000000000032 1242.5000000000002 1310.0000000000002 23.090000000000007 16.445000000000004 1.0000000180025095e-35 1.0630000000000002 1055.0000000000002 2.3370000000000002 1170.0000000000002 1162.5000000000002 0.026684333333333341 1292.5000000000002 1127.5000000000002 1077.5000000000002 1.0000000180025095e-35 0.14500000000000038 0.13653899657317661 0.050000000000000024 4.9666666666666712 3.8400000000000007 0.029395000000000001 1.8040000000000005 1127.5000000000002 1.6290000000000002
decision_type=1 10 10 2 10 2 2 2 10 10 10 10 2 10 2 2 10 2 2 2 8 8 8 10 10 10 10 10 2 10
left_child=2 4 3 17 20 6 11 8 -7 10 -6 14 -5 18 -4 27 -12 21 -14 -13 -2 22 -1 -19 -23 26 -26 28 -3 -22
right_child=1 15 5 12 9 7 -8 -9 -10 -11 16 19 13 -15 -16 -17 -18 23 -20 -21 29 24 -24 -25 25 -27 -28 -29 -30 -31
leaf_value=-0.0069885929982785146 -0.012893238236789659 0.0019230992160691525 0.020999999999999998 0.015466905407231822 -0.0025538269284707885 0.020658337632982453 0.0011670587035147305 0.020999999999999998 0.00042810899685396067 -0.0077298467210057294 0.020999999999999998 -0.0014515982895471819 0.0005741948398747935 -0.0080818980608063223 0.0034478615616274728 -0.0015691626994267269 0.0018978534810692835 -0.0086870356348698798 0.0071156699876647848 0.0078612396254328313 -0.0068078741352840533 -0.0027788323206591357 0.020999999999999998 0.0026921546378561832 -0.00035587897635280249 0.00044462721488007219 0.02001348142607853 0.00040374054483442148 0.01683264086473496 -0.012494775662583328
leaf_weight=11.379490077495577 209.5473475754261 35.670423194766045 43.416451513767242 38.531883239746094 240.60794273018837 23.624773263931274 212.89021860063076 28.905946224927902 33.277505278587341 192.53004728257656 11.971734344959257 49.085372969508171 133.79220068454742 35.213018715381622 19.623425632715225 121.54500508308411 25.006828337907791 96.610214248299599 312.0850640386343 565.49557486176491 456.13642352819443 284.68337064981461 15.827617287635801 34.11084508895874 20.630353361368179 590.52861303091049 22.342502370476723 47.054826751351357 46.328103825449944 112.36967521905899
leaf_count=64 1597 151 141 116 1370 61 773 66 85 1127 67 176 501 118 69 496 131 512 1039 1717 2922 1395 68 160 92 2648 89 163 171 715
internal_value=0.000180474 -0.00549322 0.00349438 0.00130814 -0.00718226 0.00710344 0.00632621 0.0151695 0.00882733 -0.00373012 -0.000955959 0.00794708 0.00502076 0.0041841 0.0160352 0.00270032 0.00944087 -0.000484575 0.0051528 0.00711744 -0.00926813 0.00023902 0.0115661 -0.00571771 -9.66177e-05 0.00110872 0.0102346 0.00672141 0.0103468 -0.00793193
internal_weight=4070.82 1498.77 2572.05 1595.74 1248.17 976.319 890.511 85.8082 56.9023 470.117 277.587 677.621 519.622 481.09 63.0399 250.598 36.9786 1076.11 445.877 614.581 778.053 945.392 27.2071 130.721 918.185 633.501 42.9729 129.053 81.9985 568.506
internal_count=18800 8910 9890 6802 7929 3088 2876 212 146 2695 1568 2103 1774 1658 210 981 198 5028 1540 1893 5234 4356 132 672 4224 2829 181 485 322 3637
cat_boundaries=0 1
cat_threshold=10
is_linear=0
shrinkage=0.03


Tree=44
num_leaves=31
num_cat=2
split_feature=14 7 11 16 14 1 15 10 17 2 17 11 15 10 15 16 0 2 16 15 15 16 9 15 10 10 0 17 2 7
split_gain=78.2257 24.189 20.4898 9.41201 8.77212 7.15474 6.78123 6.45862 6.21928 5.98844 5.33146 5.32388 5.06581 4.77402 4.9217 4.69694 4.6097 5.23888 4.58559 5.39896 5.37008 4.4051 8.38696 4.21563 4.17867 4.04873 3.94366 5.1747 4.85389 4.0539
threshold=0 11.322500000000003 2.7337552742616036 1.4050000000000005 1 0.11423700000000003 0.58100000000000007 0.076019985165501666 1232.5000000000002 0.066666666666666735 1093.7500000000002 3.5418613707165112 2.5320000000000005 0.10722344697020582 1.8040000000000005 0.90500000000000014 0.093136666666666687 0.24681383617494446 0.74300000000000022 0.83572999999999997 1.0505700000000002 2.0755000000000003 1.3633333333333335 1.9110000000000003 0.76697448229914389 0.13482409511283949 0.038135000000000009 1232.5000000000002 0.0063983333333333349 8.3900000000000023
decision_type=1 10 10 10 1 10 8 8 2 8 2 10 10 10 10 10 10 10 8 8 8 10 8 10 10 8 10 2 10 10
left_child=2 4 5 -3 -2 6 8 -8 -1 11 -7 -4 21 -5 -15 -12 -17 23 -11 -20 -21 -9 -23 -18 -22 -24 27 28 -13 -30
right_child=1 3 9 13 -6 10 7 12 -10 18 15 26 -14 14 -16 16 17 -19 19 20 24 22 25 -25 -26 -27 -28 -29 29 -31
leaf_value=0.0033883836035818642 -0.0059439069609899357 -0.0034602020862165473 -0.00060588648009346437 0.00031126408369705846 -0.012716634244658296 -0.0029815238515624415 -0.0068091342959935418 -0.0015321778679229289 0.020999999999999998 -0.0028882858809176322 -0.0044307025145109069 -6.0983136437025844e-05 0.016266714592356318 0.016770366425437732 0.0034240931107585929 0.020999999999999998 0.0069335071271866607 0.014195767894274984 -0.0074680976609550528 0.018409266680773854 0.0080633440562238815 0.020999999999999998 0.014786862159083931 -0.010154260341419122 -0.0043010726777110587 -0.0017573189204861273 -0.0027518295434555925 0.015931795624162678 0.020999999999999998 0.0045309332331724987
leaf_weight=147.65440545976162 938.10200759768486 152.13304921984673 197.31770190596581 61.14871534705162 237.13164092600346 50.352318465709686 163.19617688655853 657.6692323833704 14.579351723194121 37.47104312479496 22.929519966244698 76.837135672569275 16.364892885088921 56.839845702052116 44.209986656904221 24.296062275767326 41.225654765963554 57.745200604200363 20.189888462424278 44.135097146034241 712.08000101149082 18.859772503376007 16.170097976922989 18.9741370677948 25.480144008994102 75.341088995337486 37.05005906522274 52.547320917248726 23.335388705134392 30.882478699088097
leaf_count=690 5800 665 793 284 1802 197 888 2914 62 136 91 282 65 212 147 88 137 179 68 142 2103 74 74 65 71 299 123 162 88 110
internal_value=-1.61495e-06 -0.00545551 0.00315284 0.00189999 -0.00746925 0.000562416 -0.000408919 -0.00137921 0.00525854 0.0059085 0.0055643 0.00297453 -0.000249515 0.00692754 0.0109313 0.0081695 0.0102007 0.00774011 0.00736951 0.00784884 0.00824445 -0.000601432 0.00494462 0.00154768 0.0076362 0.00116605 0.00617631 0.00797797 0.00478883 0.011662
internal_weight=4072.25 1489.57 2582.68 314.332 1175.23 1325.36 1109.84 947.601 162.234 1257.33 215.523 417.97 784.405 162.199 101.05 165.171 142.241 117.945 839.356 801.885 781.695 768.04 110.371 60.1998 737.56 91.5112 220.652 183.602 131.055 54.2179
internal_count=18811 8910 9901 1308 7602 5823 5066 4314 752 4078 757 1558 3426 643 359 560 469 381 2520 2384 2316 3361 447 202 2174 373 765 642 480 198
cat_boundaries=0 1 2
cat_threshold=10 1
is_linear=0
shrinkage=0.03


Tree=45
num_leaves=31
num_cat=1
split_feature=13 7 7 10 14 6 8 18 13 6 18 10 2 17 10 8 18 13 10 2 8 5 7 5 17 2 2 13 18 13
split_gain=81.5587 29.4215 14.9619 12.5143 12.1593 6.87307 5.56997 5.48596 10.8264 5.65326 6.19772 5.00357 4.86815 4.81979 4.83067 4.54417 4.5388 4.54255 4.42573 4.1497 4.08319 5.96324 4.04161 7.89439 4.84285 3.92385 4.75773 4.20213 4.88933 3.71775
threshold=5.2500000000000009 5.3450000000000015 15.170000000000002 0.15268282073777645 0 24.066666666666674 11.090000000000003 1095.0000000000002 11.950000000000001 29.483333333333338 1073.7500000000002 0.5400055994293943 0.2079638009049774 1172.5000000000002 0.55389421899446101 20.726666666666674 1042.5000000000002 4.5500000000000007 0.37959073814845506 0.44009166666666671 11.690000000000003 0.22500000000000003 5.910000000000001 1.0000000180025095e-35 1120.0000000000002 0.12000000000000004 0.0827154761904762 6.7500000000000009 1196.2500000000002 5.9500000000000011
decision_type=2 10 10 10 1 10 10 2 2 10 2 10 10 2 10 10 2 2 10 10 10 10 8 10 2 8 10 2 2 2
left_child=1 3 4 6 13 16 -1 9 11 12 29 -9 20 19 25 -13 17 -3 -7 -2 -4 -22 23 24 -18 26 27 28 -15 -11
right_child=2 5 7 -5 -6 18 -8 8 -10 10 -12 15 -14 14 -16 -17 22 -19 -20 -21 21 -23 -24 -25 -26 -27 -28 -29 -30 -31
leaf_value=-0.0060875476334621885 0.0015430746398578661 0.019957009564683645 0.015648854177980415 0.00073885063990288241 -0.0061023753935390323 0.0033922094110612759 -0.010854397639547491 0.0043974257252872261 0.020999999999999998 0.0008486727363071103 0.020999999999999998 0.020999999999999998 0.017176285490733516 0.0054542658639098098 0.016399543391556252 0.0063690317362308834 0.0082228316413121144 0.0011748149711760338 0.017569586299800925 0.017069931380380158 -0.0018987289133766232 0.013524788840554022 -0.0022739511010064456 0.020999999999999998 -0.010759801616737391 -0.00086957828040285792 0.020857279276007272 0.011468169705149493 -0.013185395018868744 0.015339417726115341
leaf_weight=412.03124549984932 534.65092411637306 17.214386090636253 26.517024904489517 149.65072137117386 129.73279352486134 139.42221242189407 474.87591344118118 606.37518399953842 34.502634078264236 22.862612664699554 28.48810738325119 22.924484923481941 38.349004209041595 45.69614765048027 41.217873007059097 32.445256814360619 27.248674333095551 35.464580342173576 23.10027539730072 15.953707605600355 78.468599751591682 31.665223509073257 865.04587136209011 13.933941960334776 21.750911891460419 66.296070441603661 21.815229415893555 58.029877260327339 17.521684795618057 52.584621965885162
leaf_count=2610 2119 83 81 724 810 511 3327 1883 79 61 71 64 95 182 121 91 151 152 69 55 237 91 4304 77 121 218 76 189 76 121
internal_value=0.000338002 -0.00362557 0.00487058 -0.00728583 0.0021502 -0.000306692 -0.00863986 0.00746748 0.00604327 0.0110224 0.0165643 0.00518571 0.00773103 0.00351876 0.00701188 0.0138185 -0.00125366 0.00731244 0.00540732 0.00199296 0.00508036 0.00253578 -0.00173994 0.00560026 -0.000203558 0.00516367 0.00795951 0.00563891 0.00028803 0.0109483
internal_weight=4085.84 2179.74 1906.1 1036.56 930.914 1143.18 886.907 975.183 696.248 278.935 103.935 661.745 175 801.182 250.577 55.3697 980.658 52.679 162.522 550.605 136.651 110.134 927.979 62.9335 48.9996 209.359 143.063 121.248 63.2178 75.4472
internal_count=18849 12129 6720 6661 3846 5468 5937 2874 2117 757 253 2038 504 3036 862 155 4888 235 580 2174 409 328 4653 349 272 741 523 447 258 182
cat_boundaries=0 1
cat_threshold=10
is_linear=0
shrinkage=0.03


Tree=46
num_leaves=31
num_cat=0
split_feature=13 3 6 6 18 6 10 18 1 18 15 15 6 10 2 6 13 8 16 6 16 1 18 6 8 13 17 15 15 8
split_gain=73.6547 32.8237 12.1162 8.87288 6.85538 6.59973 6.34754 5.90003 5.87657 5.85972 5.80805 5.12459 4.85575 6.23667 5.88092 7.59969 5.65789 5.511 4.80986 5.5015 5.98909 5.68462 4.28659 5.13747 6.41903 5.65825 4.40242 4.27834 6.38728 4.2745
threshold=5.4500000000000011 0.052009740259740277 9.0666666666666718 1.0000000180025095e-35 1162.5000000000002 24.066666666666674 0.32679798266961352 1112.5000000000002 0.3322500000000001 1267.5000000000002 1.1890000000000003 2.1999000000000009 8.9833333333333361 0.29751177080307994 0.023333333333333341 10.316666666666668 4.9500000000000011 13.546666666666669 0.83700000000000008 11.983333333333338 1.4990000000000003 0.088053000000000034 1095.0000000000002 29.483333333333338 7.2800000000000011 6.2500000000000009 1310.0000000000002 1.8352900000000001 1.5587700000000002 11.690000000000003
decision_type=2 10 8 8 2 10 10 2 10 2 8 10 10 10 10 10 2 10 10 10 10 10 2 10 8 2 2 10 10 10
left_child=1 3 -2 -1 7 -3 -7 8 22 12 -9 27 13 -5 15 -14 -15 29 -6 20 -20 -21 23 24 -4 -25 -24 28 -12 -17
right_child=2 5 4 9 18 6 -8 10 -10 -11 11 -13 14 16 -16 17 -18 -19 19 21 -22 -23 26 25 -26 -27 -28 -29 -30 -31
leaf_value=-0.011025010294758417 0.00084948306412054855 2.4040950693859987e-05 0.020667350312455184 -0.0057277934642239641 -0.00051774301338839898 0.0037167558835478334 0.018047128577761355 0.020999999999999998 0.020483219082166979 -0.0091680447168743118 0.0041277228911158186 0.019728906026290741 0.02060287395241522 -0.0042427076803440485 -0.0047745237730344682 0.0025871990663955506 0.015422158315328003 -0.0051264311689047971 0.020999999999999998 -0.0024368464098868553 0.002033124026285573 0.0066830283164071892 -0.00088497860464401489 0.0040072846355618712 0.0044509984784849022 0.020999999999999998 0.011863156908096445 -0.0036753939171262828 0.020999999999999998 0.020999999999999998
leaf_weight=247.89873767644167 419.12632922828197 782.08771044015884 24.462314531207085 703.39856612682343 139.77925617992878 159.55462245643139 33.692837193608284 46.096056208014488 27.981295257806778 225.14997331798077 44.151776686310768 36.388351798057556 21.971562892198563 28.156188026070595 118.54152020812035 27.452481463551521 24.736378386616707 55.264858052134514 30.202264875173569 79.449708819389343 19.491239607334137 272.46709597110748 109.18759632110596 26.977213144302368 215.51994200050831 49.160984754562378 31.389294520020485 26.732808977365494 19.302648931741714 13.26021198928356
leaf_count=1867 1754 3691 74 4341 524 546 101 146 64 1365 140 99 115 135 600 129 106 263 111 285 72 806 334 72 658 112 86 77 57 62
internal_value=0.00027601 -0.00301389 0.00524008 -0.00585149 0.0067752 0.00125074 0.00621527 0.00883408 0.00713766 -0.00479847 0.0135958 0.0102258 -0.00380751 -0.00498074 -5.55338e-05 0.00468716 0.004954 0.00104367 0.00427533 0.00594354 0.0152875 0.0046241 0.00631999 0.00825817 0.00610399 0.015048 0.00196154 0.00639148 0.0106326 0.00941918
internal_weight=4059.03 2441.17 1617.87 1465.83 1198.74 975.335 193.247 657.35 484.679 1217.93 172.672 126.576 992.782 756.291 236.491 117.949 52.8926 95.9776 541.39 401.61 49.6935 351.917 456.697 316.12 239.982 76.1382 140.577 90.1872 63.4544 40.7127
internal_count=18792 13321 5471 8983 3717 4338 647 1919 1400 7116 519 373 5751 4582 1169 569 241 454 1798 1274 183 1091 1336 916 732 184 420 274 197 191
is_linear=0
shrinkage=0.03


Tree=47
num_leaves=31
num_cat=0
split_feature=13 10 7 7 6 16 10 8 13 13 18 12 6 16 5 11 11 16 8 10 6 2 16 8 8 8 13 18 7 6
split_gain=87.511 25.1217 18.5788 10.9549 7.83026 6.72121 7.32453 9.36088 6.27284 6.11076 6.31419 6.03499 6.81339 5.52499 5.20033 6.32992 4.84656 4.16383 4.09195 5.89543 4.07713 5.14366 3.84185 3.8735 3.66125 4.04893 8.13593 3.62442 3.62048 3.49085
threshold=5.2500000000000009 0.077703162419045638 15.170000000000002 0.34500000000000008 27.216666666666672 1.7870000000000001 0.30737011679823228 26.840000000000003 5.5500000000000007 11.950000000000001 1191.2500000000002 1.0000000180025095e-35 8.0333333333333368 1.7270000000000003 1.0000000180025095e-35 2.7949875466998759 1.3165611814345992 1.0866800000000001 3.5266666666666677 0.29751177080307994 20.450000000000006 0.17352561059239333 1.1715000000000002 13.245000000000003 11.32666666666667 7.6900000000000022 6.2500000000000009 1071.2500000000002 11.322500000000003 18.550000000000008
decision_type=2 10 8 8 10 10 10 10 2 2 2 2 8 10 10 10 10 10 10 10 10 10 10 10 10 10 2 2 10 10
left_child=1 3 8 -1 11 9 20 -8 18 10 -4 22 -13 -6 15 16 28 -10 19 -2 -7 -22 -3 -24 25 -19 -27 -5 -14 -18
right_child=2 4 5 27 13 6 7 -9 17 -11 -12 12 14 -15 -16 -17 29 24 -20 -21 21 -23 23 -25 -26 26 -28 -29 -30 -31
leaf_value=-0.012581613198665928 -0.0014837745976983799 -0.0086798214801148757 0.007789580147247014 -0.0013498541742211971 0.0022993821633134786 -0.0021921280437953066 0.020999999999999998 0.0066126622887133493 -0.00049492363800689252 0.017369740078815237 0.0021256069128592838 -0.0028492056864752847 0.0054224075027522406 0.017647450136484437 -0.00079972812141893316 0.020999999999999998 0.0046694522844206252 0.0047299697676002504 -0.0039089421347598182 0.020999999999999998 0.019425164572047168 0.00458501856655539 0.00079175918281803063 -0.0055454418187683837 0.0023951187296638167 0.00042953458837300583 0.020999999999999998 -0.006452216479989773 0.020999999999999998 -0.010994484215072127
leaf_weight=259.07340233772993 31.311074063181877 115.79774604737759 429.75889986753464 152.79340702295303 61.057369962334633 35.417924731969833 82.463486388325691 54.392745494842529 185.38273814320564 40.908289194107056 301.35404871404171 231.56691193580627 19.192944899201393 32.263011366128922 104.27135935425758 14.833704665303229 76.659637853503227 122.27723699808121 223.8680250197649 14.845520108938215 32.340090736746788 60.053655385971069 174.00373570621014 173.22280637919903 235.93801116943359 25.445137232542038 42.336631715297699 696.24173432588577 18.090376868844032 15.372495174407957
leaf_count=1976 147 612 1271 884 206 115 203 129 737 92 1006 1234 95 98 454 68 372 430 1155 54 92 157 847 861 871 99 134 4187 80 67
internal_value=0.000122622 -0.00404158 0.00477823 -0.00718171 -0.000683969 0.00750067 0.0116262 0.0164492 0.00157615 0.00608632 0.00545497 -0.0015043 0.000852853 0.00760556 0.00430375 0.00799539 0.00574963 0.0032581 -0.00223205 0.0059012 0.00646199 0.00977944 -0.00394781 -0.00236971 0.00489131 0.00799007 0.0138712 -0.00553399 0.0148745 0.00205304
internal_weight=4062.53 2144.44 1918.09 1108.11 1036.33 1036.69 264.668 136.856 881.404 772.021 731.113 943.012 479.987 93.3204 248.421 144.149 129.315 611.38 270.025 46.1566 127.812 92.3937 463.024 347.227 425.997 190.059 67.7818 849.035 37.2833 92.0321
internal_count=18733 12041 6692 7047 4994 3065 696 332 3627 2369 2277 4690 2370 304 1136 682 614 2271 1356 201 364 249 2320 1708 1534 663 233 5071 175 439
is_linear=0
shrinkage=0.03


Tree=48
num_leaves=31
num_cat=1
split_feature=14 7 3 10 13 10 18 16 11 16 7 8 11 15 17 16 8 3 16 8 13 9 18 12 3 8 3 7 3 13
split_gain=69.3613 27.144 17.2096 10.7671 10.7123 6.92149 6.71903 6.16153 7.28604 5.77098 5.76297 6.20713 5.57363 5.19978 5.18912 4.58648 6.69786 5.59447 4.39071 4.30115 4.06682 5.49162 3.83321 3.64648 5.94063 4.93638 4.60354 4.31907 4.30545 3.78746
threshold=0 13.410000000000002 0.16093982772158347 0.026839704271238222 5.0500000000000007 0.18968380796871492 1162.5000000000002 1.2690000000000003 2.6649659863945581 2.5010000000000008 17.630000000000006 11.690000000000003 2.9953271028037389 2.5070000000000006 1267.5000000000002 1.5045000000000002 13.710000000000001 0.021249176470588233 0.7290000000000002 13.546666666666669 7.4500000000000011 7.5100000000000007 1327.5000000000002 1.0000000180025095e-35 0.20442534759358291 35.420000000000009 0.34192596666267827 36.030000000000008 0.17604104477611945 6.7500000000000009
decision_type=1 10 10 10 2 10 2 10 10 10 8 8 10 10 2 8 10 10 10 10 2 10 2 2 10 10 10 10 10 2
left_child=2 3 4 -2 12 -4 10 -3 -9 13 -6 -12 22 18 -10 -5 17 -17 -7 -14 -13 -22 -1 25 28 27 -26 29 -25 -20
right_child=1 7 5 15 6 9 -8 8 14 -11 11 20 19 -15 -16 16 -18 -19 23 -21 21 -23 -24 24 26 -27 -28 -29 -30 -31
leaf_value=-0.0014910397133393971 -0.010258238709060419 -0.0018982975163353438 4.8121989746890994e-05 -0.0068509483487651356 0.0034041093228664209 -0.0064902629240097143 0.00087895548610526233 0.0011196633779505553 0.018968511429438419 0.020999999999999998 0.020264357737613235 0.0042294822489850805 0.020999999999999998 0.017866454464788 0.0020414299413321125 -0.0035737477710956712 -0.0061453898590478244 0.0071881268790629123 0.0025068533143685454 0.0024700290732766646 0.020999999999999998 0.0040152718922545471 -0.0098801217775577356 0.0083290696066744031 0.0039333437668881447 0.017016697985274564 0.012903505647564248 -0.0050997263985507408 0.020999999999999998 0.011014667312443702
leaf_weight=550.47844767570496 491.45127563178539 101.54422874748707 112.4070551097393 365.37122015655041 411.43789932131767 21.409974962472916 530.53543202579021 78.665324687957764 55.808069080114365 23.982309252023697 39.247007012367249 125.47680296003819 14.682171031832693 41.203742831945419 23.02380633354187 82.127825409173965 178.24152557551861 92.367517456412315 141.34346762299538 34.547111138701439 23.002627640962601 23.793370634317398 53.812331631779671 33.5821443349123 144.97446160018444 27.260543689131737 79.853056848049164 42.866623044013977 46.315217882394791 70.623032122850418
leaf_count=2742 3587 420 423 2243 1534 77 2053 322 191 61 116 398 63 109 71 517 1075 511 456 150 61 63 299 99 409 71 222 113 131 185
internal_value=0.000274416 -0.00491584 0.00322075 -0.00683677 0.00162141 0.00693946 0.00336003 0.00386392 0.00757903 0.00808977 0.00547301 0.00949732 -0.00144732 0.00755282 0.0140248 -0.00449523 -0.00205513 0.00212295 0.00685413 0.00825939 0.00704438 0.0145921 -0.00223809 0.007341 0.00961636 0.0048831 0.00711932 0.00358512 0.0166429 0.00534149
internal_weight=4061.44 1468.6 2592.83 1209.56 1807.01 785.822 1153.49 259.041 157.497 673.415 622.958 211.52 653.52 649.432 78.8319 718.108 352.737 174.495 608.229 49.2293 172.273 46.796 604.291 586.819 304.725 282.094 224.828 254.833 79.8974 211.966
internal_count=18772 8937 9835 7933 7479 2356 4225 1004 584 1933 2172 638 3254 1872 262 4346 2103 1028 1763 213 522 124 3041 1686 861 825 631 754 230 641
cat_boundaries=0 1
cat_threshold=10
is_linear=0
shrinkage=0.03


Tree=49
num_leaves=31
num_cat=1
split_feature=14 6 1 10 18 17 16 16 18 11 2 17 8 16 11 16 2 16 10 1 3 6 16 11 11 2 18 2 12 4
split_gain=74.2708 25.4248 16.9284 7.90316 7.62391 7.60452 8.1255 6.76442 6.62695 5.9262 5.72764 5.61565 5.6767 4.93929 4.84958 4.56613 6.75391 6.1508 4.46658 4.38725 4.23139 7.71528 7.0742 6.52419 4.80722 4.18851 4.01353 3.89156 5.29213 3.98966
threshold=0 8.6833333333333389 0.065982000000000027 0.026839704271238222 1292.5000000000002 1232.5000000000002 0.93900000000000006 1.2690000000000003 1055.0000000000002 2.7022543059777107 0.057372522214627512 1210.0000000000002 5.280000000000002 1.9113100000000005 2.9953271028037389 1.7710000000000001 0.013333333333333341 1.4165600000000003 0.066026726943942141 0.14801300000000006 0.063017260118075555 8.8833333333333364 1.1550000000000002 1.4600884955752214 2.1586333720480066 0.48356273408239708 1108.7500000000002 0.19007352941176478 1.0000000180025095e-35 1.0000000180025095e-35
decision_type=1 10 10 8 2 2 10 10 2 10 10 2 8 10 10 10 10 10 10 10 8 10 10 10 10 10 2 10 2 10
left_child=2 3 4 -2 11 8 -7 -3 13 -9 -11 12 20 -4 -12 17 -17 -14 -18 -16 21 22 -1 26 -25 -10 -24 28 29 -8
right_child=1 7 5 -5 -6 6 27 9 25 10 14 -13 15 -15 19 16 18 -19 -20 -21 -22 -23 23 24 -26 -27 -28 -29 -30 -31
leaf_value=-0.005411948408869667 -0.010906249486586254 -0.0039426015679758907 0.020999999999999998 -0.0055850088405148659 -0.0057179011830584625 -0.0058233685209571938 0.0022437545267752312 0.00017083731605951804 0.0031433889301815347 -0.0055483726158853438 0.020999999999999998 0.0060055350329490274 -7.2403384277866775e-05 0.007165638132394468 -1.271588450166432e-05 -0.010254464573380374 -0.0078959163236006942 -0.0072010730149568289 0.0084593632217452048 0.01543043584482799 -0.0011787860864528269 0.020999999999999998 0.010941116372409515 0.020999999999999998 0.0059849551638927459 0.012839350023991603 -0.0055768997125679853 0.0082513661020060403 0.020999999999999998 0.018408684486586269
leaf_weight=44.277592077851295 435.94715628772974 169.78614467382431 31.029201209545135 592.7484774440527 140.52811327576637 26.448639765381813 33.252993986010551 167.23743703961372 811.48728905618191 19.25301194190979 19.52448371052742 219.5847159922123 445.18925307691097 62.547598406672478 30.232095181941986 25.844831570982933 17.138835057616234 144.2216599136591 122.01950025558472 36.599847957491875 76.537457183003426 26.720706626772881 24.382054701447487 22.845257714390755 21.54912930727005 42.182061195373535 28.967907309532166 141.2592583745718 63.344424709677696 23.419032603502274
leaf_count=216 3281 815 90 3714 696 83 106 797 2757 97 80 780 1928 177 119 121 93 657 501 103 316 106 115 97 85 129 144 355 175 68
internal_value=0.000146318 -0.00521775 0.00319572 -0.00784008 0.0008988 0.00575071 0.0100221 0.000758751 0.00445327 0.00368429 0.00924801 0.00166141 0.000707213 0.0120322 0.0125468 -0.000581814 0.00382935 -0.0018167 0.00644504 0.00844457 0.0046719 0.00732563 0.00453606 0.00904244 0.017539 0.00362249 0.00197218 0.0116261 0.0155983 0.00892372
internal_weight=4066.11 1471.33 2594.78 1028.7 1359.81 1234.97 287.724 442.633 947.246 272.847 105.609 1219.28 999.694 93.5768 86.3564 754.414 165.003 589.411 139.158 66.8319 245.28 168.743 142.022 97.7443 44.3944 853.669 53.35 261.276 120.016 56.672
internal_count=18801 9006 9795 6995 5855 3940 787 2011 3153 1196 399 5159 4379 267 302 3300 715 2585 594 222 1079 763 657 441 182 2886 259 704 349 174
cat_boundaries=0 1
cat_threshold=10
is_linear=0
shrinkage=0.03


Tree=50
num_leaves=31
num_cat=1
split_feature=14 7 13 10 0 0 16 11 15 13 6 5 8 10 0 16 6 10 4 0 11 11 13 11 11 8 10 10 3 9
split_gain=75.1301 26.1713 22.8504 10.6052 7.50835 7.44856 5.37954 5.42314 5.34752 4.22564 5.60698 6.75431 5.81951 4.93949 4.59451 4.38379 4.20387 6.73551 4.67047 6.13005 4.07222 6.11783 4.1121 3.95533 3.90466 4.34171 4.20685 5.56428 4.03357 3.80357
threshold=0 13.545000000000003 5.0500000000000007 0.026839704271238222 0.26389500000000005 0.22343833333333338 1.2690000000000003 2.6649659863945581 1.7260000000000002 7.8500000000000005 40.483333333333341 1.0000000180025095e-35 14.220000000000002 0.40199933779605707 0.027185000000000004 0.22931000000000004 7.083333333333333 0.31026198640272795 0.58333333333333337 0.12714333333333339 2.5206906392694068 3.7371710526315796 6.4500000000000011 2.8838894506235255 2.9953271028037389 13.445000000000002 0.48357542464296627 0.5400055994293943 0.1646352785145889 3.8633333333333337
decision_type=1 10 2 10 10 10 10 10 10 2 8 10 10 10 10 8 10 10 10 10 10 10 2 8 10 8 10 10 8 10
left_child=2 3 5 -2 9 24 8 -8 -3 14 11 13 -13 15 23 -11 17 -16 20 -20 -18 22 -22 -4 26 -26 -1 -28 -29 -19
right_child=1 6 4 -5 -6 -7 7 -9 -10 10 -12 12 -14 -15 16 -17 18 29 19 -21 21 -23 -24 -25 25 -27 27 28 -30 -31
leaf_value=-0.0031693490422168087 -0.010774961506390757 0.0019276610945315065 0.0034719171674730764 -0.0049905582827193548 0.010492501402829296 0.011498952520561495 0.0010493746591946601 0.012133291664510645 -0.013771598717697555 0.01664178166631056 0.019053110585163822 0.014377055237495396 -0.00028237941376631643 0.019730180667147969 0.0022605406819838055 -0.0011751912436897653 -0.00032365072082185737 0.0093718454210658456 0.020294221691299828 0.0036781280157233026 0.0085332243863731703 -0.0010496351431450333 0.0018408492442429012 -0.0019858795147679855 0.017058496977256098 -0.00010395776932232941 0.020857872827291561 -0.0062696077097600224 0.012517781726445323 0.020999999999999998
leaf_weight=639.48376926779747 480.27972052246332 73.104541212320328 292.33277615904808 702.53350266814232 193.77661560475826 39.777983173727989 79.012054458260536 79.908694565296173 26.643918007612228 20.926245972514153 33.578130006790161 29.718581080436707 135.4755837470293 44.184229761362076 38.465798169374466 30.606962591409683 191.43800860643387 25.958609864115715 35.803814753890038 45.220400050282478 284.24145540595055 123.48421332240105 116.49853223562241 202.14256285130978 19.714573040604591 40.55807563662529 15.102600350975989 31.293639823794365 15.319889724254606 16.685606509447098
leaf_count=3182 3578 312 1217 4289 489 131 325 257 103 64 82 79 370 118 162 90 713 92 114 127 922 374 335 764 79 177 59 136 57 59
internal_value=8.31718e-05 -0.00541141 0.00306755 -0.00733931 0.00490316 -0.00115654 0.00319505 0.0066226 -0.00226579 0.00425335 0.00751409 0.00602907 0.00235487 0.0123702 0.0035536 0.0060598 0.00485645 0.0113631 0.00419402 0.0110206 0.00342114 0.00478867 0.00658769 0.00124076 -0.00181764 0.00550971 -0.00244747 0.0050324 -9.49898e-05 0.0195737
internal_weight=4103.27 1441.48 2661.79 1182.81 1860.54 801.251 258.669 158.921 99.7485 1666.76 294.49 260.912 165.194 95.7174 1372.27 51.5332 877.796 81.11 796.686 81.0242 715.662 524.224 400.74 494.475 761.473 60.2726 701.2 61.7161 46.6135 42.6442
internal_count=18856 8864 9992 7867 6171 3821 997 582 415 5682 803 721 449 272 4879 154 2898 313 2585 241 2344 1631 1257 1981 3690 256 3434 252 193 151
cat_boundaries=0 1
cat_threshold=10
is_linear=0
shrinkage=0.03


Tree=51
num_leaves=31
num_cat=1
split_feature=14 11 7 2 16 0 7 8 16 16 15 7 16 7 3 15 15 2 18 16 16 8 15 8 17 8 3 8 17 1
split_gain=68.2104 18.7282 17.7743 7.92686 7.68042 6.60699 5.4441 7.51396 5.10469 5.42004 4.58511 6.17782 5.88811 4.57167 4.53703 3.96653 7.21801 4.90668 6.66722 4.00447 7.2987 5.93039 5.54851 4.43667 4.35163 3.81229 3.75174 3.59953 3.55124 3.56935
threshold=0 2.5628033980582532 5.2633333333333345 0.062050107758620694 0.74300000000000022 0.27392833333333338 1.0000000180025095e-35 1.0200000000000002 1.2690000000000003 1.103 0.58100000000000007 7.910000000000001 1.0098300000000002 10.930000000000003 0.17333700108777511 0.83572999999999997 1.0290000000000001 0.089687743463433126 1106.2500000000002 1.7510000000000001 1.9310000000000003 33.555000000000007 2.2722500000000005 35.420000000000009 1172.5000000000002 15.540000000000001 0.22506781193490058 7.1800000000000024 1021.2500000000001 0.017113000000000003
decision_type=1 10 10 8 8 10 8 8 10 10 8 10 8 8 10 8 8 8 2 8 8 10 10 8 2 10 8 10 2 10
left_child=1 5 6 -3 -5 10 -2 -8 9 14 11 -1 -12 26 -4 -15 -17 18 -18 23 24 22 25 -19 -21 -22 -6 -13 -10 -30
right_child=2 3 8 4 13 -7 7 -9 28 -11 12 27 -14 15 -16 16 17 19 -20 20 21 -23 -24 -25 -26 -27 -28 -29 29 -31
leaf_value=-0.0012179257476613368 -0.012539792372402964 0.0017749144627969013 -0.0036093171577062984 -0.0058095140494031161 -0.0010878567143718203 0.013527462482658079 0.013508850118468852 -0.0074208075451091286 -0.013051815959805296 -0.011923466859865776 -0.0067185877830610976 0.020999999999999998 -0.00016207431498424261 -0.0043378248623331603 0.013101564110923397 0.020999999999999998 0.0032272142669520355 0.0039526265846219419 0.020999999999999998 0.020999999999999998 0.010999760760672952 -0.0074644511771513062 0.020571199129276678 0.01302959119191649 0.0097965156796921467 -0.00032942615090843951 0.010662426269415767 0.0066510484980103913 -0.0092706784432501806 0.0021426195645161635
leaf_weight=78.949483811855316 203.58248756080866 448.04389500617981 162.11558921635151 42.913519456982613 95.584970444440842 31.662245228886604 15.841495275497435 605.87809610366821 16.253614649176598 70.60978090763092 143.04977349936962 20.565287455916405 891.72498719394207 22.727844804525375 16.071931913495064 34.275606974959373 28.138283044099808 366.04413883388042 49.392226681113243 43.017922356724739 55.604209378361702 24.215981006622314 27.911887720227242 55.859619826078415 41.30545562505722 51.482231974601746 32.863868623971939 50.119247615337372 26.65775403380394 329.22190025448799
leaf_count=394 1675 1667 877 151 344 95 101 4107 82 356 693 81 3891 73 67 102 83 1049 158 111 155 57 68 143 102 134 101 217 157 1525
internal_value=-0.0001463 0.00272475 -0.00535995 0.00507593 0.00659857 2.88635e-06 -0.0082818 -0.00688752 -0.00156273 -0.00488941 -0.00035866 0.00454989 -0.00106846 0.00717209 -0.00210205 0.00801565 0.00837688 0.00775471 0.0148972 0.00692254 0.00998565 0.00620607 0.00865829 0.00515441 0.017122 0.00555321 0.00191847 0.0109921 0.000661383 0.00128769
internal_weight=4081.69 2635.45 1446.23 1419.38 971.338 1216.07 825.302 621.72 620.931 248.797 1184.41 149.634 1034.77 928.424 178.188 799.975 777.248 742.972 77.5305 665.441 243.538 159.214 134.998 421.904 84.3234 107.086 128.449 70.6845 372.133 355.88
internal_count=18816 9869 8947 4498 2831 5371 5883 4208 3064 1300 5276 692 4584 2680 944 2235 2162 2060 241 1819 627 414 357 1192 213 289 445 298 1764 1682
cat_boundaries=0 1
cat_threshold=10
is_linear=0
shrinkage=0.03


Tree=52
num_leaves=31
num_cat=0
split_feature=10 7 7 3 8 13 6 11 16 13 16 16 11 7 15 16 10 17 10 3 8 16 9 2 15 11 8 0 3 8
split_gain=69.8294 35.2126 9.36541 8.04992 7.95127 7.39328 6.53168 6.17064 6.00144 6.31058 6.28453 5.71265 5.46908 5.22876 5.12309 4.39138 4.2145 5.19872 5.18283 4.05574 4.0344 3.92451 4.87298 3.88786 3.96526 3.80296 3.72231 3.75571 3.6366 3.5175
threshold=0.19314656877416578 9.4675000000000029 1.0000000180025095e-35 0.16093982772158347 9.3266666666666698 6.2500000000000009 26.516666666666669 1.1843382728666327 1.7710000000000001 5.0500000000000007 1.9310000000000003 1.8263333333333336 2.8542677993527512 5.3450000000000015 1.2601900000000004 2.4590000000000005 0.52677130116600557 1162.5000000000002 0.22263538207922137 0.074011235955056195 3.5266666666666677 1.0335900000000002 5.2900000000000018 0.0277576983503535 1.0000000180025095e-35 3.3179144385026746 8.9800000000000022 0.063333333333333325 0.11800000000000002 15.240000000000004
decision_type=10 8 10 10 10 2 10 10 10 2 10 10 8 10 10 10 10 2 10 10 10 10 10 8 10 10 8 10 10 10
left_child=1 2 -1 6 8 7 21 -3 9 -4 20 28 -7 -6 23 16 18 -18 25 -12 -10 22 -2 24 -11 -5 27 -9 -8 -23
right_child=3 5 4 15 13 12 11 26 10 14 19 -13 -14 -15 -16 -17 17 -19 -20 -21 -22 29 -24 -25 -26 -27 -28 -29 -30 -31
leaf_value=-0.012025157612182157 -0.0051179474406790187 -0.0064056260679318192 -0.0064105201293323828 0.0077165246507672584 -0.0090368853531109065 0.019986503968361252 0.016180332402174813 0.0028299196683495313 0.020999999999999998 0.0090201306519506873 -0.0047433344166220547 0.020999999999999998 0.0047539081624860553 -0.0037901082300813857 -0.0072980334915282155 0.017911391470084158 0.0063227613083596985 0.018294856363502785 0.0046686746791729291 0.014515567997221826 0.0056258474425735627 0.005065551878902631 0.0066898750735786602 0.020999999999999998 -0.0090955121217690081 0.020999999999999998 0.00045228979594915921 0.018162963344155972 0.00026350465414014338 0.00084680134961012188
leaf_weight=208.88446632027626 116.56904585659504 113.04846519231796 240.3665177822113 37.144993737339973 450.46015141904354 24.939755335450172 20.271645545959473 42.307200267910957 13.595903158187864 36.37475049495697 50.225400477647781 23.022172778844833 141.97413106262684 275.49075099825859 31.580918207764626 32.917846530675888 74.928180441260338 57.844539761543274 530.5057737082243 12.239432930946348 20.464439243078232 416.26778596639633 43.080617502331734 14.050667747855185 15.511767014861105 24.390720546245575 631.27657121419907 21.778240159153938 35.617553442716599 310.58740057051182
leaf_count=1712 506 599 1499 127 3062 79 60 187 76 156 299 56 440 1547 153 84 231 137 1518 58 117 1616 162 65 74 63 2780 91 103 1102
internal_value=0.000295235 -0.00307449 -0.00617743 0.00488019 -0.00512474 0.00128167 0.00306361 9.48245e-05 -0.00191443 -0.0037991 0.00468282 0.0113344 0.00702992 -0.00704579 0.00263765 0.00719468 0.00670798 0.0115386 0.00562465 -0.000969722 0.0150493 0.00232739 -0.00193167 0.00739639 0.00360436 0.0138662 0.00115164 0.00804057 0.00603672 0.00326287
internal_weight=4067.72 2344.57 1369.25 1723.15 1160.36 975.324 965.416 808.41 434.41 337.885 96.5252 78.9114 166.914 725.951 97.5181 757.732 724.814 132.773 592.041 62.4648 34.0603 886.505 159.65 65.9372 51.8865 61.5357 695.362 64.0854 55.8892 726.855
internal_count=18759 12994 8818 5765 7106 4176 3605 3657 2497 1947 550 219 519 4609 448 2160 2076 368 1708 357 193 3386 668 295 230 190 3058 278 163 2718
is_linear=0
shrinkage=0.03


Tree=53
num_leaves=31
num_cat=0
split_feature=10 7 3 7 8 13 18 13 11 2 1 18 11 1 0 8 10 2 2 11 7 17 3 18 11 9 8 8 2 8
split_gain=66.5762 30.6715 10.6588 9.54252 7.81858 5.39145 5.19865 5.00993 4.21185 7.21477 6.73593 5.85931 4.6347 5.4371 4.67284 4.5137 4.34277 5.40287 4.94354 4.16314 4.04185 3.98856 4.55907 3.66961 3.93309 3.61033 6.90561 3.54905 3.33769 3.33505
threshold=0.15072977705135501 5.3450000000000015 0.16093982772158347 36.880000000000003 11.090000000000003 7.8500000000000005 1292.5000000000002 5.0500000000000007 3.0515030946065433 0.065184936708860775 0.13812900000000006 1095.0000000000002 4.6684397163120579 0.24000000000000005 0.26166666666666677 15.12666666666667 0.37959073814845506 0.24681383617494446 0.25906148308813587 3.7530278710053993 15.310000000000002 1157.5000000000002 0.19976010564609012 1292.5000000000002 1.4712912087912091 4.6900000000000022 22.645000000000007 21.445000000000004 0.17701908045977013 1.0200000000000002
decision_type=10 10 10 10 10 2 2 2 10 10 10 2 10 10 10 10 10 10 10 10 8 2 10 2 10 10 10 10 10 8
left_child=1 4 5 25 7 23 8 -1 9 -4 -10 28 14 -14 21 -11 17 -17 -18 -16 -7 22 -13 -2 -25 -3 27 -27 -12 -9
right_child=2 3 6 -5 -6 20 -8 29 10 15 11 12 13 -15 19 16 18 -19 -20 -21 -22 -23 -24 24 -26 26 -28 -29 -30 -31
leaf_value=-0.0064452537608967403 0.0020585546858876078 -0.0018744593714609878 0.018671452550820859 0.016534842391887211 -0.010118881665549931 0.0035088400263907139 8.507218896054352e-06 -0.0102743994335662 0.020715542573225432 -0.00022667305667397526 0.0043234572392306667 0.013689355012024364 0.020999999999999998 0.0045070760627961993 0.01460627861380644 -0.0038647112705653846 0.020999999999999998 0.011609673403487997 0.0047863312581018398 0.0011727425028183328 0.014912671313980748 -0.0075964744242958378 -0.0023521205813267108 -0.012863354895476501 -0.00058688335998432475 0.0047149216683241429 -0.0028068095067768882 0.018950258510547609 0.01644614847773385 0.0034680484423997532
leaf_weight=372.67939116805792 898.79085402190685 737.15169104933739 30.385166257619858 29.587303310632706 521.06469163298607 68.454454123973846 98.617566913366318 19.467205390334129 42.119330316781998 153.3649697303772 26.53345650434494 26.235780298709869 26.975530385971069 32.466469705104828 46.773576036095619 46.225598976016045 26.80688065290451 36.216530755162239 27.433601334691048 37.335951209068298 47.299198433756828 45.198764160275459 40.652225941419601 29.495563820004463 115.29853801429272 142.2563534528017 141.43043655157089 17.726401329040527 89.013081640005112 86.574865378439426
leaf_count=2489 3487 3773 111 85 3865 206 343 95 111 528 66 73 64 74 117 145 76 109 76 93 121 119 114 156 509 519 568 70 197 420
internal_value=-2.92143e-05 -0.00379955 0.00388546 -0.000264813 -0.00757599 0.00202588 0.00647555 -0.00480818 0.00734475 0.00476335 0.00934609 0.00805596 0.00552192 0.0128606 0.0032985 0.00330635 0.00727059 0.00293313 0.0138632 0.00864317 0.00816867 -0.00071212 0.0039399 0.00134453 -0.00308769 -0.000743412 0.00202274 0.00629222 0.0136624 0.00094521
internal_weight=4059.63 2067.94 1991.69 1068.15 999.786 1159.34 832.354 478.721 733.737 320.433 413.304 371.185 255.638 59.442 196.196 290.048 136.683 82.4421 54.2405 84.1095 115.754 112.087 66.888 1043.58 144.794 1038.56 301.413 159.983 115.547 106.042
internal_count=18779 11884 6895 5015 6869 4479 2416 3004 2073 1045 1028 917 654 138 516 934 406 254 152 210 327 306 187 4152 665 4930 1157 589 263 515
is_linear=0
shrinkage=0.03


Tree=54
num_leaves=31
num_cat=1
split_feature=14 7 13 7 6 17 18 18 18 15 7 15 10 16 10 13 18 16 8 16 16 16 18 10 9 8 6 15 18 8
split_gain=68.6826 23.805 17.5684 9.23362 8.06234 7.73627 5.94183 5.23546 4.90143 5.10196 4.3642 4.97487 4.36401 4.24268 4.22869 4.17807 3.87777 3.87313 6.05268 3.54559 3.43967 4.57017 4.17583 3.03126 3.12832 6.49847 3.06213 3.74444 4.4968 2.9663
threshold=0 13.6775 5.3500000000000005 1.0000000180025095e-35 26.916666666666675 1310.0000000000002 1042.5000000000002 1310.0000000000002 1162.5000000000002 1.0332500000000002 8.2900000000000027 1.2900000000000003 0.072393745611327179 2.0970000000000004 0.32679798266961352 4.9500000000000011 1095.0000000000002 1.667 4.3800000000000017 0.74300000000000022 1.2690000000000003 1.6196200000000003 1196.2500000000002 0.079674680614316068 3.3450000000000011 13.445000000000002 1.633333333333334 2.0310000000000006 1108.7500000000002 11.32666666666667
decision_type=1 10 2 8 10 2 2 2 2 10 10 8 8 10 10 2 2 8 8 10 10 10 2 8 10 10 8 10 2 8
left_child=2 3 4 -2 7 8 10 23 -4 -10 11 -5 -8 -7 15 -6 -3 -14 -19 -11 -18 22 -22 24 29 -26 -25 -28 -29 -1
right_child=1 16 5 6 14 13 12 -9 9 19 -12 -13 17 -15 -16 -17 20 18 -20 -21 21 -23 -24 26 25 -27 27 28 -30 -31
leaf_value=-0.0024119566944426894 -0.012805589384570208 0.0095864542870924031 0.0056440456364135055 0.011655261189067548 0.01368817836792467 0.0078278659380097235 -0.0080626186321390118 -0.0074451941715411758 -0.0025331449115435171 -0.0061512382323171055 0.020874729991723694 -0.0089589355999806289 -0.0062064574023865731 0.017719065484892649 0.018955480109106145 -0.00078905560758265746 -0.0037240250412589495 0.020999999999999998 -0.0017290271112597626 0.0043814102559336775 0.0031604905320415872 -0.0013229903469682393 0.020664499517755862 0.0070847518310228341 0.017802856934081044 -0.0028295338657626295 -0.00059729520691705919 -0.0030043488108027548 0.016665683608478345 -0.010677138176322661
leaf_weight=124.94391120970249 200.76773958653212 64.940333649516106 744.82983089983463 18.077175840735435 28.33580906689167 232.33888883888721 535.48381669074297 100.63919350504875 162.5633020401001 30.870123207569122 10.902293562889097 25.25837829709053 241.62644299864769 46.908593967556953 23.92695090174675 48.90667587518692 77.862562492489815 10.625701680779455 134.41133695840836 421.70304095745087 26.5809435993433 55.25037394464016 22.777084216475487 66.87194986641407 18.34839054942131 54.689974948763847 438.45344686508179 17.657133147120476 25.662762448191643 56.866365164518356
leaf_count=701 1708 228 2299 117 95 623 3678 545 636 123 52 159 1459 112 65 161 328 58 799 1403 104 205 89 308 81 267 1948 74 106 320
internal_value=0.000157439 -0.00513224 0.00301492 -0.00694617 -9.60451e-05 0.00494122 -0.00574134 -0.000994739 0.00400732 0.00202552 0.0039085 -0.000359843 -0.00630891 0.00948941 0.00793542 0.00452181 0.00329078 -0.00388023 -4.81161e-06 0.00366298 0.00105018 0.00460374 0.011238 -0.000186807 -0.00289043 0.00235365 0.00106904 0.000234038 0.0086482 -0.00499713
internal_weight=4069.08 1424.56 2644.52 1177.15 1005.3 1639.21 976.385 904.133 1359.97 615.136 54.2378 43.3356 922.147 279.247 101.169 77.2425 247.411 386.663 145.037 452.573 182.471 104.608 49.358 803.494 254.849 73.0384 548.645 481.773 43.3199 181.81
internal_count=18851 8984 9867 8030 4671 5196 6322 4350 4461 2162 328 276 5994 735 321 256 954 2316 857 1526 726 398 193 3805 1369 348 2436 2128 180 1021
cat_boundaries=0 1
cat_threshold=10
is_linear=0
shrinkage=0.03


Tree=55
num_leaves=31
num_cat=2
split_feature=13 6 10 2 12 16 6 14 13 6 17 18 11 14 18 13 11 16 17 13 1 15 0 1 11 17 6 13 17 6
split_gain=64.5589 24.4157 11.7995 11.3218 8.31706 7.00101 6.13789 5.58451 5.56963 5.46001 5.30663 5.22867 5.11609 5.00432 4.59986 4.13494 4.8358 4.3618 3.86103 3.80107 6.88222 3.98499 5.06772 3.62366 5.38314 5.12361 3.4721 3.35683 3.3249 4.16136
threshold=5.2500000000000009 8.6833333333333389 0.14114997164546764 0.093468323977546119 1.0000000180025095e-35 1.5790000000000002 27.216666666666672 0 9.8500000000000032 6.1333333333333355 1310.0000000000002 1155.0000000000002 3.1118935837245698 1 1042.5000000000002 7.9500000000000011 3.2705518018018025 2.0110000000000006 1105.0000000000002 5.9500000000000011 0.084049000000000026 1.4790000000000003 0.24752000000000007 0.012000000000000005 2.6255841121495331 1232.5000000000002 35.316666666666677 6.8500000000000005 1127.5000000000002 10.600000000000003
decision_type=2 10 10 10 2 10 10 1 2 10 2 2 8 1 2 2 8 10 2 2 10 10 10 10 10 2 10 2 2 10
left_child=1 2 13 4 7 -5 28 10 11 15 -2 19 -12 -1 -15 16 17 -6 -13 20 -7 -21 27 24 -11 -26 -20 -23 -3 -30
right_child=3 6 -4 5 9 8 -8 -9 -10 23 12 18 -14 14 -16 -17 -18 -19 26 21 -22 22 -24 -25 25 -27 -28 -29 29 -31
leaf_value=-0.012395644462608962 -0.0011157647653292034 -0.0023025180888995803 -0.0005871755143821198 0.0039132059464106889 6.4662587294235096e-06 0.02072484131211139 0.0065525324418599035 -0.0086104001442198243 0.020353110856187764 0.020999999999999998 0.019951788200191778 0.012286496554535323 0.0013886161126606927 0.003620552525991244 -0.0069482500696507353 0.012339160006373296 -0.0079899194481147726 0.016376672140074877 0.0036154336137531363 0.020912729794296567 0.002133004146687322 0.013778836396809777 0.019467758444884072 0.0043547140943287488 0.0020745439092367127 0.018477390018184006 -0.0089874673604059731 0.0013751805158836786 0.0094879264960848024 0.0001311425915290497
leaf_weight=181.44362866133451 348.28556269407272 426.35827669501305 270.43300186097622 529.48404674232006 96.618192188441753 22.738501235842705 125.87358881533146 66.183152265846729 35.744001477956772 33.251409500837326 22.38205461204052 34.211230650544167 33.156956359744072 38.880854234099388 792.52171167731285 23.130539149045944 60.802244454622269 17.266611374914646 87.506111174821854 45.238395228981972 84.553867846727371 32.430854141712189 38.410819053649902 204.13173814117908 58.331014737486839 24.269699916243553 25.380316734313965 49.776498585939407 52.900320157408714 223.57220615446568
leaf_count=1564 1323 2068 1332 1600 457 76 415 412 73 123 72 99 96 242 5258 66 319 69 258 106 236 82 79 706 206 71 66 118 270 1021
internal_value=8.31004e-05 -0.00356224 -0.00615433 0.00398467 0.00171496 0.00625976 0.000451702 -0.00117438 0.00898451 0.00433761 0.000251313 0.00801756 0.00886952 -0.00764078 -0.00637729 0.000419582 -0.0011587 0.00248843 0.00345759 0.0104732 0.00607318 0.0133196 0.0104718 0.00675978 0.0109975 0.00689402 0.000781917 0.00626843 -0.000640927 0.00192147
internal_weight=4085.27 2111.98 1283.28 1973.28 987.809 985.475 828.704 470.008 455.991 517.801 403.825 420.247 55.539 1012.85 831.403 197.818 174.687 113.885 147.098 273.149 107.292 165.857 120.618 319.984 115.852 82.6007 112.886 82.2074 702.831 276.473
internal_count=18883 12170 8396 6713 3920 2793 3774 1903 1193 2017 1491 1120 168 7064 5500 911 845 526 423 697 312 385 279 1106 400 277 324 200 3359 1291
cat_boundaries=0 1 2
cat_threshold=10 4
is_linear=0
shrinkage=0.03


Tree=56
num_leaves=31
num_cat=2
split_feature=14 6 13 14 18 10 16 8 10 18 9 6 16 9 18 16 6 11 3 13 11 1 16 11 6 8 13 10 15 3
split_gain=57.7448 18.0548 15.8287 8.31034 6.44662 5.59071 5.30016 5.46118 5.70056 4.86819 4.73061 4.33367 4.18065 3.99357 4.73766 5.16954 5.10826 4.50741 3.96107 3.76639 3.76335 3.63288 3.5337 3.4905 4.98539 3.4747 3.95841 3.34746 4.36423 3.30452
threshold=0 8.6833333333333389 5.5500000000000007 1 1292.5000000000002 0.18968380796871492 1.4281700000000004 13.546666666666669 0.13095881703745058 1162.5000000000002 7.1450000000000014 0.36666666666666686 1.0555000000000003 2.7900000000000009 1042.5000000000002 1.5045000000000002 24.941666666666674 1.2420912420912422 0.08122429144385028 9.7500000000000018 1.9586187214611874 0.19600000000000006 1.4330000000000003 1.2420912420912422 7.8333333333333348 13.126666666666669 5.3500000000000005 0.2508217050529799 1.8470000000000002 0.20442534759358291
decision_type=1 10 2 1 2 10 10 10 10 2 10 8 10 10 2 10 10 10 10 2 8 10 10 10 10 10 2 10 10 10
left_child=2 3 4 -2 5 10 -3 18 -9 23 29 -7 -11 -13 -15 17 -17 -16 -8 20 -14 -18 -19 -4 -25 -6 -27 28 -10 -1
right_child=1 6 9 -5 25 11 7 8 27 12 -12 13 19 14 15 16 21 22 -20 -21 -22 -23 -24 24 -26 26 -28 -29 -30 -31
leaf_value=-0.00062262428713139495 -0.0054949023828838074 -0.0032389219397355685 0.015875528244464483 -0.012565047864207514 -0.0092466494245454275 0.016525284011181779 0.019051437457521997 -0.0045581102178136514 0.018679827847997932 -0.00054627199609243529 0.013659079982359618 -0.0011348575373255336 0.01339186704198032 0.016693558931063158 0.02090547808439543 -0.0043175093870697094 0.014902733767414644 0.0034949861124563154 0.0034507581423110648 0.013383217742568591 0.0027452989758058317 -0.0014371014520892463 0.018153625304089035 0.0010432195090325476 0.0073028272417931953 -0.0044532270876753684 0.011770490076432299 -0.0030665899853596782 0.0016012781566445279 -0.0095790866621767515
leaf_weight=607.35829001665115 758.82266297191381 216.14876320958138 34.120723336935043 208.20925085991621 90.250956386327744 21.958547756075859 29.161391869187355 89.94676710665226 28.590670466423035 209.04048407077789 19.96033202111721 150.40651689469814 32.874473914504051 27.539386138319969 20.110025852918625 96.407864287495613 27.180940821766853 104.39011985063553 29.430491805076599 40.310066491365433 328.17812040448189 22.287503778934479 17.245977953076363 143.02939996123314 574.31432917714119 54.575055614113808 17.999066919088364 22.821460992097855 25.456339225172997 39.485022142529488
leaf_count=2970 5120 1048 114 1800 484 86 152 439 101 745 67 631 116 86 81 386 76 381 126 92 1006 60 62 479 1502 263 73 71 77 152
internal_value=2.31366e-05 -0.00487423 0.00260656 -0.00720391 0.000271491 0.00105974 0.000117528 0.00333612 0.000568654 0.0048841 -0.000725471 0.00350143 0.00289396 0.00288716 0.0048066 0.00366845 -0.000296148 0.00774856 0.0112153 0.00468573 0.00371469 0.00754099 0.00557334 0.00650066 0.00605474 -0.00531673 -0.000429592 0.00656768 0.0106358 -0.00116935
internal_weight=4087.61 1408.59 2679.02 967.032 1317.16 1154.33 441.556 225.407 166.815 1361.87 666.804 487.527 610.403 465.568 315.162 287.622 145.876 141.746 58.5919 401.363 361.053 49.4684 121.636 751.464 717.344 162.825 72.5741 76.8685 54.047 646.843
internal_count=18846 8934 9912 6920 5858 5038 2014 966 688 4054 3189 1849 1959 1763 1132 1046 522 524 278 1214 1122 136 443 2095 1981 820 336 249 178 3122
cat_boundaries=0 1 2
cat_threshold=10 1
is_linear=0
shrinkage=0.03


Tree=57
num_leaves=31
num_cat=2
split_feature=13 7 3 7 14 18 3 18 16 2 7 9 2 3 16 8 18 8 13 13 9 6 6 17 14 9 7 8 8 16
split_gain=59.4115 26.4495 9.6735 9.41552 9.98695 8.55702 7.11654 9.13196 6.03073 7.36995 5.4316 5.37618 5.02673 4.96558 4.52416 4.29149 4.58523 4.04349 4.30958 4.46358 4.28534 5.02861 3.9808 3.85564 3.78921 3.76736 6.86769 3.65603 3.76335 3.63295
threshold=5.2500000000000009 3.1000000000000014 0.16739417989417993 25.780000000000001 0 1042.5000000000002 0.20442534759358291 1205.0000000000002 1.8470000000000002 0.21671568627450985 26.990000000000006 5.3450000000000015 0.19501720325575192 0.086074109578641519 2.1040000000000005 4.8200000000000021 1275.0000000000002 24.955000000000002 7.8500000000000005 8.0500000000000025 5.910000000000001 11.150000000000002 24.350000000000001 1232.5000000000002 1 0.60000000000000031 2.100000000000001 5.9099999999999993 1.4199999999999997 2.5010000000000008
decision_type=2 10 10 10 1 2 10 2 10 8 10 10 8 10 10 10 2 10 2 2 10 10 10 2 1 10 10 8 10 8
left_child=1 15 3 4 17 13 7 12 -8 -10 -5 -11 -4 -3 -13 16 25 18 20 -20 24 -22 -7 -12 29 -1 -27 28 -26 -2
right_child=2 5 6 10 -6 22 8 -9 9 11 23 14 -14 -15 -16 -17 -18 -19 19 -21 21 -23 -24 -25 27 26 -28 -29 -30 -31
leaf_value=-0.0048284956765788697 0.0039975115933901734 0.0020523288854231818 0.020999999999999998 0.020999999999999998 -0.0057817118040767029 -0.0022483197560485622 0.0030253193907289547 0.0020024877240168337 -0.0016828808344681926 0.020999999999999998 0.0032646034877123337 0.017623609966527148 0.010031057107535515 0.017666676618963071 0.0025576794844165713 -0.0099141744116018893 -0.01416609341948729 -0.0016837305957123684 0.018654452039146476 0.0050688784989948235 0.020999999999999998 0.0047909523745354324 0.0029544984293333426 0.015470449857821676 -0.00513584471877965 0.01946971142604564 -0.01005387789780922 -0.0046886334388297393 0.0098688985930565493 -0.0058741130703536832
leaf_weight=175.78596102446318 406.45521269738674 42.478156834840775 56.960759520530701 22.772288307547569 144.56331630796194 1150.266792960465 384.98280242085457 53.254290446639061 34.053042232990265 29.251904398202896 75.982141211628914 34.131614416837692 50.544321939349174 32.243962630629539 37.810998558998108 463.54035703837872 41.013541378080845 177.08720774948597 30.40056212246418 76.628591656684875 20.548580855131149 73.139098614454269 149.5625921189785 33.587977528572083 24.58584526181221 16.585547447204593 12.387272670865057 135.17582994699478 38.762103632092476 36.571393951773643
leaf_count=1130 1521 216 145 63 879 6143 1040 161 88 75 218 76 130 114 85 3530 283 592 87 214 74 237 516 87 97 91 66 525 146 141
internal_value=2.44546e-05 -0.00351006 0.00374955 0.00222863 0.00136648 -0.00108214 0.00664462 0.0121615 0.00493981 0.0103894 0.00981107 0.0144519 0.0171939 0.00879021 0.00970538 -0.00821503 -0.00501036 0.00241327 0.00330332 0.00892772 0.00248457 0.00847798 -0.00164967 0.00700622 0.00160933 -0.00317645 0.00684696 -0.00181044 0.00404544 0.00311237
internal_weight=4061.11 2083.86 1977.25 1296.26 1163.92 1374.55 680.99 160.759 520.23 135.248 132.342 101.195 107.505 74.7221 71.9426 709.313 245.772 1019.35 842.267 107.029 735.238 93.6877 1299.83 109.57 641.55 204.759 28.9728 198.524 63.3479 443.027
internal_count=18770 12089 6681 4881 4513 6989 1800 436 1364 324 368 236 275 330 161 5100 1570 3634 3042 301 2741 311 6659 305 2430 1287 157 768 243 1662
cat_boundaries=0 1 2
cat_threshold=10 8
is_linear=0
shrinkage=0.03


Tree=58
num_leaves=31
num_cat=1
split_feature=14 7 17 10 7 11 18 18 10 2 11 18 18 7 4 11 15 15 11 15 0 1 7 13 11 18 11 8 9 7
split_gain=51.627 17.4428 11.953 10.2122 7.47782 6.08374 5.97438 5.73802 5.4511 4.5801 4.57138 4.69153 5.063 5.57003 4.68866 4.51082 4.49855 4.45283 4.2482 3.72307 3.7063 3.67029 3.49574 3.47208 3.29576 3.23595 3.20307 3.03741 4.06421 3.0343
threshold=0 11.030000000000003 1210.0000000000002 0.026839704271238222 10.610000000000003 1.8186147186147188 1077.5000000000002 1275.0000000000002 0.27336615543934389 0.24333333333333337 2.577350427350428 1162.5000000000002 1117.5000000000002 12.190000000000005 1.0000000180025095e-35 2.2434164934164937 1.1763333333333337 2.0789300000000006 1.1843382728666327 1.8520000000000003 0.34166666666666673 0.16435700000000006 9.0450000000000035 9.9500000000000011 2.167670682730924 1188.7500000000002 4.5810202550637671 13.910000000000002 3.4600000000000009 16.590000000000007
decision_type=1 10 2 8 10 10 2 2 8 8 10 2 2 10 10 10 10 10 8 10 10 10 10 2 8 2 10 10 10 10
left_child=2 3 4 -2 7 17 -3 8 -1 10 -6 12 13 -12 -14 -7 -13 18 -4 21 27 -8 -10 -17 -24 -25 29 28 -11 -18
right_child=1 6 5 -5 9 15 19 -9 22 20 11 16 14 -15 -16 23 26 -19 -20 -21 -22 -23 24 25 -26 -27 -28 -29 -30 -31
leaf_value=-0.0020264696114264884 -0.010414978667726799 0.0092859877937302229 0.013352875346283545 -0.0043986756775410063 -0.00073013342383475982 0.019110270025471669 -0.00053970571498141156 -0.0066827051702818309 0.0045768573589591299 0.013762071367278301 0.017352764703060197 -0.0051294447715786442 0.019810184578376883 0.0024672930998184124 0.0039028160051325328 0.0054877401388841928 -0.0042274808423621293 -0.014897559030106601 -0.0028064461649905197 -0.0062364069281201154 0.00056029407098765285 0.010360420762203141 0.0065896191603561248 0.007452235840011763 -0.010665605816534038 0.019563263890639553 0.014807921528211221 0.011347931724555586 -0.0026176590226862687 0.0046846050495509836
leaf_weight=433.52973386645317 414.93956506252289 65.747179910540581 21.238611534237862 654.35529863834381 387.50864897668362 28.228793784976006 144.171969383955 131.46916624903679 255.72011391818523 20.935371041297913 25.116027072072029 85.994078993797302 39.760579258203506 228.04685819149017 28.722831189632416 364.96888820827007 50.608813375234604 17.115361303091049 47.142062142491341 79.666075140237808 71.808160215616226 34.444559916853905 15.357996076345442 49.664885401725769 28.355699852108955 33.081044167280197 19.188378244638443 121.16367028653622 39.088265895843506 107.24044516682625
leaf_count=2122 3360 246 89 4225 1581 101 680 691 987 71 85 315 129 657 86 1034 190 72 198 313 180 119 60 104 101 70 56 324 111 335
internal_value=-0.000195673 -0.00485072 0.00226067 -0.0067333 0.00122503 0.00615546 0.00121207 -0.000911508 0.000123652 0.00273247 0.00179677 0.00347153 0.00590169 0.00394407 0.0131384 0.00747904 0.000499824 -0.00121271 0.00221254 -0.000843186 0.00632812 0.00156228 0.00323667 0.00674568 -0.0046033 0.0122941 0.00323418 0.00861402 0.00309535 0.00182726
internal_weight=4044.38 1393.32 2651.05 1069.29 2089.61 561.44 324.03 864.433 732.964 1225.18 972.187 584.678 321.646 253.163 68.4834 475.944 263.032 85.496 68.3807 258.283 252.995 178.617 299.434 447.715 43.7137 82.7459 177.038 181.187 60.0236 157.849
internal_count=18692 8943 9749 7585 8081 1668 1358 3961 3270 4120 3434 1853 957 742 215 1309 896 359 287 1112 686 799 1148 1208 161 174 581 506 182 525
cat_boundaries=0 1
cat_threshold=10
is_linear=0
shrinkage=0.03


Tree=59
num_leaves=31
num_cat=0
split_feature=10 7 7 8 7 15 8 6 7 17 10 17 10 7 9 9 17 7 10 4 13 6 7 10 17 15 7 7 8 9
split_gain=53.6103 31.5091 9.77622 5.73167 5.2052 5.10493 6.85489 5.8198 4.68687 4.65833 4.6408 4.05112 4.88073 4.20136 4.86436 9.14818 4.6782 4.60494 4.22648 3.8955 3.87446 3.81526 3.6618 3.88804 5.95403 3.56977 4.85378 3.93499 3.73747 4.16863
threshold=0.18968380796871492 7.745000000000001 0.34500000000000008 10.380000000000004 15.310000000000002 0.58100000000000007 7.955000000000001 40.483333333333341 17.790000000000003 1172.5000000000002 0.095277108036547237 1127.5000000000002 0.20676859834340094 27.350000000000005 5.8100000000000014 6.4600000000000009 1157.5000000000002 24.810000000000006 0.33099199890674785 0.58333333333333337 7.4500000000000011 3.3166666666666687 10.422500000000003 0.3619038624460465 1277.5000000000002 1.3410000000000004 3.1000000000000014 3.9600000000000013 8.3100000000000023 0.44000000000000022
decision_type=10 8 10 10 10 8 8 10 10 2 10 2 10 10 10 10 2 10 10 10 2 10 10 10 2 10 10 10 10 10
left_child=1 2 10 21 9 6 -3 -8 20 -2 -1 -6 -13 14 16 -16 18 19 -14 -17 -7 25 23 -11 -25 26 28 -28 29 -4
right_child=4 5 3 -5 11 8 7 -9 -10 22 -12 12 13 -15 15 17 -18 -19 -20 -21 -22 -23 -24 24 -26 -27 27 -29 -30 -31
leaf_value=-0.012257996546845919 0.0010801277457484497 0.016271956693213473 0.010312050349489888 -0.0068736998689696875 0.0027568050449197357 -0.0025273519515143041 0.0010767965177588114 0.018300970249221421 0.002899250565496394 0.0023819280233689701 0.00159702537793913 0.01997274925838249 0.0022718471671143818 0.0034579727299436144 0.020999999999999998 0.0012483604505249019 0.00083275289275768513 0.018061080441616903 0.02031137563859349 0.015160009319651099 0.013644556871721962 -0.0050302187365264929 0.00097791123743912406 0.0021744337552510391 0.018750895591806625 -0.0042738021668035789 0.020999999999999998 0.0032551475370933359 0.013164389964793657 -0.0065597857752027226
leaf_weight=272.77245961874723 677.82026837766171 35.611717700958252 17.850336000323296 515.96119427680969 310.97126616537571 550.51624515652657 253.53135377168655 18.976744219660759 235.99735413491726 48.612553909420967 23.644123695790768 24.949592888355255 20.967527523636818 245.15770183503628 47.757247522473335 74.322183892130852 97.264440953731537 30.037647485733032 26.413749903440475 23.954033702611923 13.664018422365187 179.37964327633381 77.478019654750824 29.87348946928978 56.168998450040817 67.772634461522102 11.994926095008852 13.221168786287306 18.174076199531555 50.373160675168037
leaf_count=2301 2732 134 106 3501 908 2823 1027 53 838 183 140 69 67 587 123 201 271 69 74 57 39 1017 240 113 159 414 64 75 122 305
internal_value=3.9106e-05 -0.00301307 -0.00644428 -0.00484871 0.00392204 0.000612718 0.00389383 0.00227624 -0.000650722 0.00229435 -0.0111528 0.00552836 0.00698713 0.00641459 0.00867464 0.0120234 0.00459835 0.00778121 0.0123284 0.00463921 -0.00213568 -0.00193646 0.00617412 0.00916392 0.0129956 0.00115718 0.00445491 0.0160351 0.00107511 -0.00214535
internal_weight=4071.19 2279.44 1171.14 874.727 1791.75 1108.3 308.12 272.508 800.178 889.953 296.417 901.795 590.824 565.875 320.717 176.071 144.646 128.314 47.3813 98.2762 564.18 358.766 212.133 134.655 86.0425 179.386 111.614 25.2161 86.3976 68.2235
internal_count=18812 12959 8045 5604 5853 4914 1214 1080 3700 3427 2441 2426 1518 1449 862 450 412 327 141 258 2862 2103 695 455 272 1086 672 139 533 411
is_linear=0
shrinkage=0.03


Tree=60
num_leaves=31
num_cat=2
split_feature=14 7 13 14 7 18 10 10 18 11 16 16 12 16 15 16 13 9 18 2 7 7 16 11 9 11 5 7 11 11
split_gain=56.5111 17.475 13.9921 8.3508 7.60098 6.4443 5.57534 5.22745 4.51267 4.49713 3.89577 3.62822 6.11115 4.51393 3.65587 3.65197 3.49226 6.12307 4.10388 5.13278 4.95823 5.02894 6.42091 4.51765 3.48493 3.39216 4.30689 3.37648 3.40163 3.3162
threshold=0 11.030000000000003 5.5500000000000007 1 17.263333333333339 1068.7500000000002 0.15268282073777645 0.12523499408379171 1073.7500000000002 1.8343137254901962 2.026333333333334 1.1550000000000002 1.0000000180025095e-35 1.2810000000000004 1.9430000000000003 1.3588600000000002 9.2500000000000018 7.3450000000000015 1155.0000000000002 0.029360119047619055 20.550000000000004 17.110000000000003 1.5150000000000003 3.2863756613756618 5.6266666666666678 2.5465292096219936 1.0000000180025095e-35 36.880000000000003 1.9372184684684688 2.9953271028037389
decision_type=1 10 2 1 10 2 10 10 2 8 10 8 2 8 10 8 2 10 2 8 8 10 10 8 10 10 10 10 8 10
left_child=2 3 4 6 7 10 -2 -1 9 -3 -6 12 27 -13 -14 -15 18 -18 19 -17 21 22 -21 -22 -11 26 -8 28 -4 -7
right_child=1 8 11 -5 5 29 25 -9 -10 24 -12 13 14 15 -16 16 17 -19 -20 20 23 -23 -24 -25 -26 -27 -28 -29 -30 -31
leaf_value=-0.0036126242845184592 -0.0062289134029882677 0.020999999999999998 0.0097106409218975231 -0.012349861081037009 0.020999999999999998 0.00017389009606725807 0.0010635264787569499 0.00085571666455272011 -0.00068355019592384583 -0.0014204843197613412 0.0054462262844996515 0.01116238664642058 0.0073899886933202815 -0.0013066472032197912 -0.0028574214099856602 -0.0022852711610079394 0.020586862722086933 0.0043908935530307044 0.0019033732883894561 0.020999999999999998 -0.0026333366927233314 0.020942577547273692 0.006001566732509585 0.0077361922333435687 0.01551409210782053 -0.010044850555186681 0.020090816876704477 0.010791698264594019 -0.0039092704325213714 0.0066958111763523506
leaf_weight=412.05377581715584 757.90385459363461 15.291612356901167 18.286587312817574 201.55398520082235 24.774887531995773 199.05186055600643 63.905427694320679 550.36172364652157 265.93482691049576 35.616037577390671 23.594429045915604 118.57277169823647 193.83020642399788 77.257509663701057 37.374987944960594 49.951285913586617 36.353981256484985 49.770710825920105 264.27104690670967 22.532070279121399 56.261210650205612 39.341368049383163 119.14373914897442 115.31451231241226 15.783424556255339 18.546343713998795 12.861414343118666 18.684853166341782 169.27112530171871 108.36659424006939
leaf_count=2225 5246 61 70 1817 75 720 350 2437 1141 144 63 343 628 223 113 172 81 106 798 68 136 94 347 259 41 100 68 48 570 350
internal_value=7.79534e-06 -0.00489398 0.00253119 -0.00681998 0.00032771 0.00407443 -0.00530672 -0.00105738 0.00106632 0.00804404 0.0142532 0.00464482 0.0023845 0.00568698 0.00573347 0.00490496 0.00554232 0.0112274 0.00480805 0.00671498 0.00799003 0.0114535 0.00881856 0.00433593 0.00377968 0.00146954 0.00425133 -0.0013698 -0.00258135 0.0024729
internal_weight=4091.82 1387.4 2704.42 1054.77 1318.2 355.788 853.217 962.415 332.626 66.6911 48.3693 1386.22 437.448 948.77 231.205 830.197 752.94 86.1247 666.815 402.544 352.593 181.017 141.676 171.576 51.3995 95.3132 76.7668 206.243 187.558 307.418
internal_count=18894 8968 9926 7581 5870 1208 5764 4662 1387 246 138 4056 1429 2627 741 2284 2061 187 1874 1076 904 509 415 395 185 518 418 688 640 1070
cat_boundaries=0 1 2
cat_threshold=10 1
is_linear=0
shrinkage=0.03


Tree=61
num_leaves=31
num_cat=2
split_feature=13 10 14 3 6 13 3 2 2 7 11 12 10 15 11 14 6 6 2 15 2 13 9 7 15 12 7 7 2 6
split_gain=51.5243 24.4314 9.31962 9.0627 8.01525 7.14799 4.4649 6.2658 5.47862 4.07586 9.50096 4.95016 5.3939 3.75433 3.62987 3.5896 3.56429 4.983 7.23078 3.49551 3.3145 3.84303 3.27823 3.77544 3.67138 3.09662 3.08298 2.94623 3.09186 4.26519
threshold=5.2500000000000009 0.066026726943942141 0 0.12800300000000006 27.216666666666672 7.4500000000000011 0.050007518796992508 0.0881030701754386 0.080029523288498189 3.5200000000000005 3.2511682242990658 1.0000000180025095e-35 0.55389421899446101 1.4450000000000005 1.4712912087912091 1 18.550000000000008 13.016666666666669 0.056666666666666692 1.8170000000000004 0.034750430292598979 11.750000000000002 2.4450000000000007 16.922500000000003 1.8352900000000001 1.0000000180025095e-35 19.210000000000004 8.4900000000000038 0.015000000000000006 11.616666666666671
decision_type=2 10 1 10 10 2 10 10 8 10 8 2 10 10 10 1 10 10 10 10 10 2 10 10 10 2 10 10 10 10
left_child=1 2 -1 5 6 9 -3 8 16 10 -2 12 15 -9 -6 -11 17 -8 -19 27 21 -7 -13 -24 26 -16 -25 -4 29 -29
right_child=3 4 19 -5 14 20 7 13 -10 11 -12 22 -14 -15 25 -17 -18 18 -20 -21 -22 -23 23 24 -26 -27 -28 28 -30 -31
leaf_value=-0.013234412631854328 0.001425534942106373 -0.0034082350827730539 -0.0058873495044031825 0.0057788459301971956 -0.0041443219163657891 0.0071916184659483705 0.0012539860001641128 -0.0055920649684566776 0.01555021328077086 0.00041897162912204848 -0.012619827030057837 0.011256332827126509 0.013050934925083588 0.00076428869510331747 0.015584891408453254 -0.0061900382258137229 -0.010115348661879036 -0.00086563882802436561 0.020999999999999998 -0.011567779735606906 0.0023120610196925213 0.020759623640240029 0.00036598628008316386 0.014244693607950554 0.018298918935131116 0.0041931434418180811 0.001536807169595304 0.011923588141920058 -0.0052204275169370068 -0.0018454402691622429
leaf_weight=169.76501502096653 126.81419312953949 446.50146448612213 476.12654960900545 883.61588674783707 19.529002442955971 108.65049138665199 170.88148422539234 154.74728958308697 32.514694094657898 195.59326638281345 65.854979835450649 48.176386281847954 22.541465103626251 181.97086520493031 45.271950840950012 110.46776677668095 18.819748684763908 19.241842791438103 21.771314442157745 72.076848678290844 101.10624104738235 22.716320812702179 200.47766916453838 22.647528558969498 21.689047887921333 40.857584983110428 71.192279621958733 29.081529900431633 99.202950224280357 66.655844077467918
leaf_count=1565 608 2603 3362 2367 62 321 858 699 156 722 411 195 76 821 138 483 80 88 97 473 290 53 803 74 64 125 216 160 525 306
internal_value=7.82454e-05 -0.00324632 -0.00691209 0.00350824 -0.000341622 0.00171353 -0.00113673 0.0005538 0.00402132 0.00048437 -0.00337522 0.00155775 -0.00111191 -0.00215693 0.00753319 -0.002155 0.00239655 0.00350781 0.0128984 -0.00521949 0.00639523 0.00953784 0.00396659 0.00285524 0.00717485 0.0101809 0.00460376 -0.00461542 -0.00150885 0.00233709
internal_weight=4066.56 2065.02 912.909 2001.54 1152.11 1117.93 1046.45 599.947 263.229 885.455 192.669 692.785 328.602 336.718 105.659 306.061 230.714 211.895 41.0132 743.144 232.473 131.367 364.183 316.007 115.529 86.1295 93.8398 671.067 194.94 95.7374
internal_count=18801 12118 6391 6683 5727 4316 5402 2799 1279 3652 1019 2633 1281 1520 325 1205 1123 1043 185 4826 664 374 1352 1157 354 263 290 4353 991 466
cat_boundaries=0 1 2
cat_threshold=4 8
is_linear=0
shrinkage=0.03


Tree=62
num_leaves=31
num_cat=1
split_feature=14 7 1 7 13 17 1 0 0 12 16 16 9 7 13 2 9 13 3 15 16 17 16 7 3 15 3 15 17 16
split_gain=53.6861 15.3782 14.4496 9.31238 8.19288 6.00076 4.83332 5.15634 6.08384 4.66538 4.52093 4.35722 6.01219 4.0239 3.84864 3.82579 3.72381 3.66127 4.81874 3.72213 3.59378 3.14228 3.13921 4.65998 3.48529 3.26567 4.46671 3.02993 3.18136 3.2592
threshold=0 13.6775 0.065982000000000027 1.0000000180025095e-35 5.8500000000000005 1255.0000000000002 0.070040000000000033 0.26166666666666677 0.28833333333333344 1.0000000180025095e-35 2.0970000000000004 1.2810000000000004 0.16333333333333336 14.31 6.4500000000000011 0.45354166666666668 3.5000000000000009 5.2500000000000009 0.20204634760025511 1.1850000000000005 1.2690000000000003 1148.7500000000002 2.0755000000000003 0.14500000000000038 0.0072693831352574996 0.58100000000000007 0.025826826923076928 2.2350000000000008 1096.2500000000002 1.7870000000000001
decision_type=1 10 10 8 2 2 10 10 10 2 10 10 10 10 2 10 10 2 10 10 10 2 10 8 8 8 10 10 2 8
left_child=2 3 4 -2 22 6 9 15 -9 -4 -7 -5 -13 -3 16 17 -15 -8 21 -20 -18 -19 23 24 -1 -25 -27 28 29 -6
right_child=1 13 5 11 27 10 7 8 -10 -11 -12 12 -14 14 -16 -17 20 18 19 -21 -22 -23 -24 25 -26 26 -28 -29 -30 -31
leaf_value=0.020999999999999998 -0.01245220523895702 0.015722891025539348 0.0027886011993282643 -0.0073360356023726503 -0.0038564780863612818 0.0069246998627079592 -0.0014054036987941516 0.018680000076703625 0.0049661128100773324 0.020145649568004253 0.016846447188927978 0.019208574200142499 -0.003671915549050849 0.010261047419438693 0.0094129383303331229 0.013474057914705037 -0.0081500549768163608 0.0069690775978082072 0.0096418396804401514 -0.0030492258910476853 0.00086445403074406643 0.0013459473281893185 0.0037608495858231805 0.0011441098174626019 -0.00019026525688687194 -0.0069404390104021796 -0.0014714181051813033 -0.003733136419268594 0.0056908716114346929 0.009741008191808424
leaf_weight=11.967620551586153 184.02247972786427 17.635272920131683 25.443623259663582 416.58271616697311 67.928130507469177 236.45581485331059 220.12791213393211 37.525062456727028 129.88535110652447 30.819095522165298 50.088195815682411 10.555286243557928 497.07617789506912 23.84869772195816 39.489114180207253 26.434869721531868 62.245236977934837 252.43937066197395 24.450476303696632 139.26009427011013 110.39199070632458 138.51689030230045 101.29481208324432 194.49347925186157 12.238825276494024 203.59124699234962 395.49711292982101 45.680821403861046 345.3395788371563 20.699255615472794
leaf_count=59 1706 80 100 2909 249 609 888 98 326 115 112 72 3257 104 106 83 267 763 67 384 403 407 442 906 65 1070 1866 139 1099 69
internal_value=0.000109718 -0.00472953 0.00254945 -0.00628929 0.000437771 0.00482112 0.00374811 0.0032516 0.00804008 0.0122963 0.00865903 -0.00506218 -0.00319616 0.00189987 0.00086682 0.00225108 -0.000850751 0.00186817 0.00316734 -0.00115379 -0.00238577 0.00497679 -0.00122088 -0.00183794 0.0111286 -0.00223346 -0.00332998 0.00361603 0.00438962 -0.000680735
internal_weight=4072.02 1361.85 2710.18 1108.24 1398.73 1311.45 1024.9 968.64 167.41 56.2627 286.544 924.214 507.631 253.61 235.975 801.23 196.486 774.795 554.667 163.711 172.637 390.956 919.083 817.788 24.2064 793.582 599.088 479.648 433.967 88.6274
internal_count=18820 8904 9916 7944 5964 3952 3231 3016 424 215 721 6238 3329 960 880 2592 774 2509 1621 451 670 1170 4408 3966 124 3842 2936 1556 1417 318
cat_boundaries=0 1
cat_threshold=10
is_linear=0
shrinkage=0.03


Tree=63
num_leaves=31
num_cat=0
split_feature=7 8 13 13 6 2 16 0 9 11 11 13 8 9 9 16 6 9 2 7 0 7 3 8 2 3 3 11 13 17
split_gain=41.4159 14.8949 14.8488 7.37677 5.18373 4.08126 7.64257 5.16329 3.81088 3.97037 4.65658 3.72288 3.583 4.06149 3.58243 3.47447 5.84972 3.61207 3.45108 3.37915 3.32287 3.96314 7.78002 3.79716 4.58904 3.14153 3.10806 3.06567 2.93277 3.60188
threshold=3.5775000000000001 11.090000000000003 5.4500000000000011 4.6500000000000012 23.583333333333339 0.23706018518518521 1.4212100000000003 0.20396333333333336 10.090000000000003 2.8396428571428576 3.7371710526315796 7.6500000000000012 3.8400000000000007 1.6400000000000006 10.470000000000002 1.5420000000000003 30.683333333333337 6.7550000000000017 0.0097025702811244993 0.34500000000000008 0.096948333333333359 17.630000000000006 0.19202272727272732 8.1800000000000015 0.077951017752579246 0.33288761282902507 0.079971091133004962 3.5812316715542525 4.7500000000000009 1142.5000000000002
decision_type=10 10 2 2 10 10 10 10 10 10 10 2 10 10 10 10 10 10 10 10 10 10 10 10 10 10 10 10 2 2
left_child=1 3 4 19 12 7 27 11 9 -8 -11 14 13 -2 -4 17 -17 -6 -3 -1 23 -22 -23 -13 -25 -12 -21 -7 29 -14
right_child=2 18 5 -5 15 6 8 -9 -10 10 25 20 28 -15 -16 16 -18 -19 -20 26 21 22 -24 24 -26 -27 -28 -29 -30 -31
leaf_value=-0.0095777776946467091 0.0015921831014752772 -0.011541032384560076 0.0021308370291959946 0.00055665918744971724 -0.0025454559435766867 0.0056460334088263052 0.0038354000663776873 -0.0060797561049145167 0.0014107325983037876 0.020273786920143647 0.0022397319376518498 0.014460714545020823 -0.0046437058101381004 0.019608681281919279 0.015358106921557495 0.015023629196410267 0.00072356746286075997 0.0084392297163651403 -0.0055032508182439122 -0.0044764195795850698 0.0011219454746878624 0.020999999999999998 0.0031432160225010643 0.0051082212301679208 -0.0072744907078967106 0.015765662283555328 0.009850777332884952 -0.0029326735899880335 -0.00023038548100229032 0.0010973101511249448
leaf_weight=129.70457750558853 47.302133858203888 286.009910620749 843.88452598452568 343.59550854563713 97.14944751560688 77.396394923329353 38.43493127822876 54.435328289866447 34.95154532790184 67.384398624300957 31.510231077671051 26.568319708108902 392.04773715138435 14.779935285449026 18.839446514844894 51.134332612156868 51.852854117751122 37.280193269252777 121.35007287561893 100.75673599541187 26.218039244413376 37.603374153375626 29.932195097208023 112.46749451756477 35.418808490037918 30.32949435710907 15.758634984493254 72.712773114442825 695.4305063188076 131.29210129380226
leaf_count=981 224 2434 2847 1688 352 216 101 136 73 151 70 71 2260 60 56 161 145 113 831 690 72 84 69 312 95 63 87 185 3373 727
internal_value=-2.16435e-05 -0.00533054 0.00171045 -0.00228344 -0.000394203 0.00378799 0.00662094 0.00294501 0.0104219 0.0123005 0.0148183 0.0033794 -0.0011489 0.00588139 0.00241968 0.00367737 0.00782371 0.000500831 -0.00974241 -0.00624676 0.00646644 0.0110214 0.0148645 0.00401853 0.00214256 0.00887357 -0.00253867 0.00149051 -0.00150701 -0.00320344
internal_weight=4053.53 997.175 3056.36 589.815 1518.27 1538.09 352.72 1185.37 202.611 167.659 129.224 1130.93 1280.85 62.0821 862.724 237.417 102.987 134.43 407.36 246.22 268.208 93.7536 67.5356 174.455 147.886 61.8397 116.515 150.109 1218.77 523.34
internal_count=18727 6711 12016 3446 7415 4601 859 3742 458 385 284 3606 6644 284 2903 771 306 465 3265 1758 703 225 153 478 407 133 777 401 6360 2987
is_linear=0
shrinkage=0.03


Tree=64
num_leaves=31
num_cat=0
split_feature=10 7 7 8 18 10 1 16 13 17 8 16 7 15 7 16 10 9 9 12 18 1 3 3 10 16 1 3 12 1
split_gain=49.2203 24.8489 9.29252 9.15834 6.49053 6.75382 5.79053 6.13954 4.90164 4.84465 4.31255 5.56838 4.28313 4.01088 3.94052 3.9107 5.27217 4.22849 6.10952 5.56466 5.86607 5.34649 6.96981 3.97035 3.87432 5.57415 3.52395 3.39102 3.36727 4.57582
threshold=0.12523499408379171 5.3450000000000015 15.170000000000002 11.090000000000003 1327.5000000000002 0.49020786863828009 0.24488200000000004 1.1550000000000002 4.9500000000000011 1135.0000000000002 2.0199999999999996 1.5150000000000003 0.34500000000000008 1.3960000000000004 0.54000000000000048 1.5790000000000002 0.1989333427004645 7.0900000000000016 5.9450000000000012 1.0000000180025095e-35 1127.5000000000002 0.14675000000000007 0.20442534759358291 0.19479121753246753 0.57189627394572617 1.6196200000000003 0.0079380000000000023 0.22506781193490058 1.0000000180025095e-35 0.21220100000000006
decision_type=10 10 10 10 2 10 10 10 2 2 8 10 8 8 8 10 10 10 10 2 2 10 10 10 10 10 10 10 2 10
left_child=1 3 8 12 5 15 7 -7 10 -3 11 -2 -1 14 -14 28 -17 18 19 -18 -21 -19 -23 -20 -9 -26 -5 -12 29 -4
right_child=2 9 4 26 -6 6 -8 24 -10 -11 27 -13 13 -15 -16 16 17 21 23 20 -22 22 -24 -25 25 -27 -28 -29 -30 -31
leaf_value=-0.0085055797047940505 -0.0044451832633322008 -0.0019300347740117073 -0.0030920486063919475 -0.011994775607784607 -0.0029217298410968953 0.0019016142101356192 0.0023321699747270398 0.020999999999999998 0.0026652195547347359 0.0023602825735345176 -0.00402188790493219 0.018967661547895882 0.016225567249210381 -0.0057114819973239873 -0.00016074217488639149 0.00031514347613678672 0.00016951180189329632 -0.0067128419735974889 0.020999999999999998 0.020975840626706172 0.0020832471236369638 0.020429570143429904 0.0035497954533490824 0.010564702857151166 0.020999999999999998 0.0038822355023032506 -0.0066223767273218886 0.0067861028283182296 0.0053017114569605542 0.0071953744651706729
leaf_weight=122.02792627364397 17.220965206623077 518.2176506370306 137.2240529358387 279.04254401475191 80.16146320104599 26.787032261490822 47.011766523122787 37.040225356817245 804.54239583015442 436.32339078187943 259.29434090852737 19.489021137356758 14.458701550960539 133.89828737825155 152.67883261293173 88.741628631949425 53.759620055556297 29.322943672537804 35.488537907600403 36.796066164970398 24.733808010816574 28.872994303703308 92.696217924356461 37.702856063842773 31.102692887187004 31.949231177568436 181.2648863941431 29.054132968187332 213.86910909414291 54.316010028123856
leaf_count=951 91 2622 436 2427 281 76 102 90 2973 1912 1354 84 95 837 939 290 145 76 88 84 68 64 204 85 75 76 1331 130 609 146
internal_value=0.000305559 -0.00332465 0.00331479 -0.00695073 0.00529413 0.00594788 0.0113258 0.0146581 0.00140909 3.10813e-05 -0.00169993 0.0079845 -0.00376449 -0.00184263 0.0012568 0.00482593 0.00682559 0.00852799 0.0115242 0.00722067 0.0133814 0.00478537 0.00755878 0.0183031 0.0180721 0.0126987 -0.00987917 -0.00293287 0.00271428 -0.000174791
internal_weight=4055.09 1837.91 2217.18 883.371 1087.58 1007.41 173.891 126.879 1129.6 954.541 325.058 36.71 423.064 301.036 167.138 833.524 428.115 339.373 188.481 115.289 61.5299 150.892 121.569 73.1914 100.092 63.0519 460.307 288.348 405.409 191.54
internal_count=18741 11114 7627 6580 2995 2714 419 317 4632 4534 1659 175 2822 1871 1034 2295 1104 814 470 297 152 344 268 173 241 151 3758 1484 1191 582
is_linear=0
shrinkage=0.03


Tree=65
num_leaves=31
num_cat=0
split_feature=10 7 8 3 9 7 3 3 8 8 11 11 11 15 7 1 17 13 11 15 15 10 8 10 7 0 0 3 10 1
split_gain=41.2343 22.534 10.1238 7.50023 5.80884 5.34855 4.66248 4.43296 4.43135 8.17523 5.86837 5.27228 4.20613 4.89103 4.13712 3.85824 3.85759 3.81133 3.58188 3.55514 7.32367 6.17084 7.28327 4.92238 4.28378 4.57559 4.8121 3.82221 3.54177 3.49061
threshold=0.18968380796871492 5.4225000000000021 8.7800000000000029 0.16093982772158347 1.5100000000000005 41.690000000000005 0.0050000000000000036 0.28307459191048789 13.620000000000003 13.360000000000003 2.9527529761904767 3.2028006267136706 1.429475587703436 2.3670000000000004 22.722500000000004 0.25539200000000006 1120.0000000000002 6.2500000000000009 2.167670682730924 1.6924500000000005 1.7310000000000001 0.40199933779605707 12.960000000000003 0.76697448229914389 17.630000000000006 0.075046666666666692 0.042883333333333336 0.14752808988764049 0.010544563492063494 0.020000000000000021
decision_type=10 8 10 10 10 10 10 10 8 10 10 10 10 10 10 10 2 2 10 10 10 10 10 10 10 10 10 10 10 8
left_child=1 2 4 12 -1 7 -4 8 9 10 28 -12 -2 19 -10 16 -5 -13 -6 23 -21 24 -23 27 25 26 -22 29 -3 -14
right_child=3 5 6 15 18 -7 -8 -9 14 -11 11 17 13 -15 -16 -17 -18 -19 -20 20 21 22 -24 -25 -26 -27 -28 -29 -30 -31
leaf_value=-0.0036414868646107751 -0.0023839882803762986 0.004962420742022482 -0.011667192417344218 0.0034315431956038586 0.0023641057127659374 0.014713587429533652 -0.006199649519897211 -0.012623137254775476 -0.0026334045965690921 0.020999999999999998 0.019946422733949292 -0.0033173624283643127 -0.0016071481836503773 -0.0059075993050587642 0.0026826035102729107 0.0019767530630671786 0.0085301311331835768 0.013132110629893246 0.020999999999999998 0.020999999999999998 -0.0064270424180558157 0.020999999999999998 0.0050669998321038858 -0.013293827728608232 0.0068342621558824639 -0.014897559086776603 0.012411585798218362 -0.0075498447347084234 -0.0017875105638514598 0.0044786769887538687
leaf_weight=317.16214381158352 186.99698357284069 92.145108461380005 269.31925819069147 202.95592941343784 24.331372633576393 21.275771915912628 293.17389154434204 26.38033165037632 645.78442696481943 15.573449537158011 25.829424455761909 31.087554857134819 110.60606124997139 56.729953929781914 165.52747912704945 200.89707720279694 390.56347098946571 21.405889049172401 12.051900610327719 22.397465974092484 31.875269159674644 27.303064092993736 70.625151216983795 18.706374794244766 52.457637667655945 24.774644806981087 19.773595973849297 32.66321873664856 290.61677192151546 363.84775568544865
leaf_count=2128 837 407 2355 637 125 53 2106 99 3253 78 98 120 448 181 540 471 1017 63 57 70 126 85 215 69 146 86 74 101 1496 1261
internal_value=1.81629e-05 -0.00269326 -0.00631713 0.0033853 -0.00233906 -0.00020782 -0.00881749 -0.000449358 -0.000200013 0.00209575 0.00136843 0.00885029 0.00168147 0.00259546 -0.00154881 0.00557029 0.00678665 0.00339044 0.00901453 0.00321786 0.00616928 0.00454608 0.0102229 0.00181908 0.00023266 -0.00429873 0.000785264 0.00237656 -0.00016255 0.00305993
internal_weight=4064.84 2251.66 916.039 1813.17 353.545 1335.63 562.493 1314.35 1287.97 476.658 461.085 78.3229 1018.76 831.76 811.312 794.416 593.519 52.4934 36.3833 775.03 249.207 226.809 97.9282 525.823 128.881 76.4235 51.6489 507.117 382.762 474.454
internal_count=18802 12978 6771 5824 2310 6207 4461 6154 6055 2262 2184 281 3699 2862 3793 2125 1654 183 182 2681 802 732 300 1879 432 286 200 1810 1903 1709
is_linear=0
shrinkage=0.03


Tree=66
num_leaves=31
num_cat=2
split_feature=14 14 17 18 16 10 16 10 10 8 5 15 8 1 1 13 13 8 1 2 3 2 2 16 10 16 0 8 3 16
split_gain=40.1217 17.1355 9.62689 9.14931 7.6521 9.15305 6.65405 6.19841 8.27211 6.2482 5.1574 4.94317 4.42596 4.8361 8.51248 4.01976 7.96382 3.81186 3.68309 4.65205 3.67692 5.18434 4.41995 3.61838 3.48824 3.476 3.29473 3.24288 4.6838 5.7919
threshold=0 1 1232.5000000000002 1170.0000000000002 1.3863800000000002 0.12705966968706717 0.83700000000000008 0.2134840305166226 0.22836540619793025 21.926666666666673 1.0000000180025095e-35 0.37549000000000005 13.710000000000001 0.015976000000000008 0.022000000000000023 7.8500000000000005 9.0500000000000025 17.020000000000007 0.068095000000000031 0.059523809523809527 0.091265830155990352 0.075428837388208034 0.093297948717948734 0.80100000000000005 0.26988708975052494 2.3960000000000004 0.15006166666666673 2.9800000000000004 0.030000000000000002 1.4330000000000003
decision_type=1 1 2 2 10 10 10 8 8 10 10 8 10 8 10 2 2 10 10 10 8 10 10 8 10 10 8 8 8 10
left_child=2 4 3 15 10 12 -5 9 -9 -8 -2 17 13 -6 -15 27 -17 -4 19 -16 21 -10 -23 -13 -25 -26 -22 28 29 -1
right_child=1 -3 11 6 5 -7 7 8 20 -11 -12 23 -14 14 18 16 -18 -19 -20 -21 26 22 -24 24 25 -27 -28 -29 -30 -31
leaf_value=0.0021604978429433019 -0.0068391125694323212 -0.012481446219554356 0.020999999999999998 -0.0055437339904250869 -0.0035847304235620586 0.0053466860486669288 -0.0051623944686060809 0.020301024202387965 0.0024700558848024094 0.0088431538686215699 -8.2209170471774987e-05 -0.0059957234833249128 -0.0055357556498491925 0.020999999999999998 -0.0031910423196897125 0.014643355099612634 0.00053471882975928905 0.0079946570750873396 -0.011202141975330249 0.017244915656617264 -0.0035167364416159633 0.020999999999999998 0.0037420792034909642 0.0011232529262612196 0.0060222851665754085 0.0170599887802181 0.0028946711863690488 0.0017328381035382455 0.00074874699693625718 0.020999999999999998
leaf_weight=22.863096222281456 446.73622558265924 188.24225759506226 20.35563813149929 224.50708471238613 98.118695877492428 173.38260659575462 224.95767436921597 22.159982800483704 127.8241138458252 32.854952871799469 131.62024614214897 26.960731506347656 237.13379714637995 17.030005238950253 23.064076542854309 72.103388071060181 71.927164614200592 36.69369500875473 16.236326664686203 17.733544245362282 152.88877275586128 15.990183711051939 16.09473280608654 127.33436952531338 291.11115376651287 28.16236087679863 136.57646922767162 981.33554992079735 49.852022081613541 29.814200073480606
leaf_count=108 3041 1817 74 1020 725 720 1119 78 525 129 687 92 1504 110 140 178 168 106 84 101 529 61 60 456 725 60 386 3642 196 124
internal_value=-5.14312e-05 -0.00426047 0.00205055 0.0011767 -0.0028324 -0.0004304 -0.00102751 0.000362669 0.00240765 -0.00337756 -0.0053014 0.00568222 -0.00287752 0.000783463 0.00657037 0.00288897 0.00759767 0.0140248 0.000882516 0.00569188 0.00152528 0.00517635 0.0159581 0.00467722 0.00532152 0.00699589 -0.000491684 0.00226325 0.00733998 0.0135777
internal_weight=4061.67 1349.3 2712.37 2181.75 1161.06 582.699 953.854 729.347 471.534 257.813 578.356 530.618 409.316 172.183 74.064 1227.9 144.031 57.0493 57.0339 40.7976 449.374 159.909 32.0849 473.569 446.608 319.274 289.465 1083.86 102.529 52.6773
internal_count=18765 8929 9836 8323 7112 3384 3907 2887 1639 1248 3728 1513 2664 1160 435 4416 346 180 325 241 1561 646 121 1333 1241 785 915 4070 428 232
cat_boundaries=0 1 2
cat_threshold=10 1
is_linear=0
shrinkage=0.03


Tree=67
num_leaves=31
num_cat=1
split_feature=10 7 16 6 7 14 13 18 10 18 18 0 2 2 18 5 7 18 13 2 0 7 13 10 6 13 1 13 6 13
split_gain=46.0345 22.5405 7.93148 7.29063 7.50298 7.15685 6.94754 5.62781 6.12738 5.81293 4.41675 3.56827 3.47012 6.15448 3.45008 5.9873 3.32191 3.41629 3.30238 3.30214 5.69686 3.37343 3.28163 3.79859 3.09793 4.48584 3.81209 3.26742 3.04601 2.76667
threshold=0.15072977705135501 5.3450000000000015 1.4050000000000005 21.950000000000006 18.570000000000004 0 6.1500000000000012 1215.0000000000002 0.37412990381995975 1188.7500000000002 1191.2500000000002 0.21677166666666672 0.067787753900500458 0.081454472199838854 1215.0000000000002 1.0000000180025095e-35 5.910000000000001 1106.2500000000002 4.5500000000000007 0.029360119047619055 0.083333333333333315 10.526666666666669 8.3500000000000032 0.40518324386166255 0.30000000000000066 5.8500000000000005 0.028000000000000014 5.4500000000000011 9.7500000000000018 7.4500000000000011
decision_type=10 8 10 10 10 1 2 2 10 2 2 8 8 10 2 10 8 2 2 10 10 10 2 10 10 2 10 2 10 2
left_child=1 5 7 11 -5 -1 14 8 18 22 -7 24 -9 28 16 -16 17 -3 -2 -17 21 -21 23 -10 27 -26 -27 -4 -14 -15
right_child=2 6 3 4 -6 10 -8 12 9 -11 -12 -13 13 29 15 19 -18 -19 -20 20 -22 -23 -24 -25 25 26 -28 -29 -30 -31
leaf_value=-0.012053860058718023 -0.011713933893696699 -0.001879396018426259 0.019645700753192386 0.020545079096850372 0.0068528207690896912 -0.0031718714492934745 0.0050573914056399024 -0.0057038469999178927 0.014174046878690297 0.018823706240506593 -0.0081731078662882241 -0.0065278271565768382 0.0037633771787334196 -0.0029360332195423606 -0.0075061738309376196 -0.0078176670028403498 -0.00070397900214978564 0.016470949595890592 0.0013089771744133865 0.020999999999999998 -0.0027259077482921041 0.0055883302776036413 0.01308112538503807 0.00074644237026893925 0.0011667524798802515 0.012630065894950089 0.0042613821469814897 0.0022294891539756212 0.020999999999999998 0.0049258285452179621
leaf_weight=179.53328525274992 18.846439480781555 16.131307989358902 21.711905673146248 39.782591506838799 380.68300712108612 411.91613977402449 184.91651980578899 120.73469227552414 22.702564135193825 32.916914194822311 258.75717368721962 32.259097740054131 16.076363623142246 185.59504994750023 170.46872065961361 21.186763122677803 676.36212461441755 21.040209755301476 249.89917220175266 12.300345450639727 32.041666880249977 16.108648762106895 36.456324100494385 115.06007650494576 407.11361637711525 62.119416266679764 231.74558182060719 17.516153335571289 15.185341045260428 51.45437391102314
leaf_count=1769 100 96 89 103 888 2840 577 559 70 100 1864 92 74 685 982 113 3289 127 854 73 144 80 84 371 1666 194 644 57 57 139
internal_value=0.000233194 -0.00300709 0.00338358 0.00496947 0.00814832 -0.00671131 -0.000269853 0.00119628 0.0033843 0.00726181 -0.00502649 0.00323917 -0.00148012 0.000420479 -0.00129 -0.00430678 -0.000224109 0.00850746 0.000395714 0.00237393 0.00594589 0.0157265 0.0050773 0.00295924 0.00366482 0.0032057 0.00603042 0.011869 0.012932 -0.00122952
internal_weight=4058.62 2000.76 2057.86 1192.93 420.466 850.207 1150.56 864.927 475.881 207.136 670.673 772.466 389.046 268.311 965.64 252.106 713.534 37.1715 268.746 81.6374 60.4507 28.409 174.219 137.763 740.207 700.979 293.865 39.2281 31.2617 237.049
internal_count=18780 11954 6826 3733 991 6473 5481 3093 1579 625 4704 2742 1514 955 4904 1392 3512 223 954 410 297 153 525 441 2650 2504 838 146 131 824
cat_boundaries=0 1
cat_threshold=4
is_linear=0
shrinkage=0.03


Tree=68
num_leaves=31
num_cat=2
split_feature=10 14 3 18 18 16 11 0 8 9 8 8 3 10 10 8 5 2 16 10 3 10 10 9 2 3 14 8 11 15
split_gain=45.1925 16.8864 10.2119 9.34565 7.03702 6.91937 4.44008 5.34442 4.31099 8.75251 4.87568 5.84699 4.4616 4.41785 4.36154 4.98404 4.27531 4.21588 4.21419 4.85017 4.4333 4.39143 6.42025 4.35992 4.13455 4.04819 4.0363 5.06013 5.09758 4.49325
threshold=0.089741794871794886 0 0.14200422832980977 1177.5000000000002 1215.0000000000002 0.64900000000000013 2.9671230408935334 0.043333333333333363 25.245000000000005 4.5225000000000017 16.220000000000006 22.220000000000006 0.13176690093708168 0.30429820995170331 0.13904202581456307 16.445000000000004 1.0000000180025095e-35 0.066666666666666735 1.5970000000000002 0.1989333427004645 0.19202272727272732 0.29443813666533458 0.38382586504438126 6.7550000000000017 0.077951017752579246 0.13000235663786333 1 4.8200000000000021 1.5219806763285026 0.90400000000000014
decision_type=10 1 10 2 2 10 10 8 10 8 8 10 8 10 10 10 10 10 10 10 10 10 10 10 10 10 1 10 10 10
left_child=1 -1 4 5 6 -3 7 26 9 14 -11 12 13 -12 15 -8 -5 -6 -4 -20 21 -21 -23 -22 -19 -9 29 28 -28 -2
right_child=2 3 18 16 17 -7 8 25 -10 10 11 -13 -14 -15 -16 -17 -18 24 19 20 23 22 -24 -25 -26 -27 27 -29 -30 -31
leaf_value=-0.012107020691018419 0.019157626734044208 0.0029022654172437545 0.003291783836978604 -0.0069841494479016969 -0.0043578312159988286 -0.0028695048909366614 0.020999999999999998 -0.0033790152881211419 -0.00080141314279050951 0.020944434068294094 -0.010659856406822611 0.020728200942645041 0.016325649071059538 0.006562466908606907 -0.0016874524524251918 -0.0020777586789845186 -0.00065047425211798183 0.012918878853402335 0.00053128241089424495 0.020999999999999998 0.010037866569925604 -0.0027016564900383248 0.015553272104043253 0.0026483679719016455 -0.00024585836826669828 0.010692961985950107 -0.0015813549136633957 -0.0028581356787179975 0.01743798911080478 0.0048006009713852391
leaf_weight=183.14394610375166 22.023077636957169 326.96951604634523 615.19539433717728 420.80470289289951 270.40546286851168 436.4795758575201 17.015372365713123 239.61362144351006 83.001410782337189 40.176337018609047 21.23792190849781 26.946793660521507 21.138122528791428 36.346647366881371 99.923493087291718 14.04078024625778 124.23594111949205 24.805476307868958 85.554057568311691 41.624234825372696 145.57601875066757 27.058267831802368 48.274544522166252 141.91327627003193 159.70842157304287 19.929254233837128 24.78183651715517 144.52519343793392 25.977602064609528 179.71221654117107
leaf_count=1811 101 1521 1877 2704 1370 2719 77 999 264 110 69 77 65 102 338 84 605 103 295 112 376 67 112 306 654 71 121 754 106 777
internal_value=0.000360033 -0.00379564 0.0027659 -0.00252054 0.00112899 -0.000397575 0.00251702 0.00104913 0.00519544 0.00699349 0.0120487 0.00866648 0.00453775 0.000210655 0.00136451 0.0111842 -0.00554046 -0.00197219 0.00494508 0.00702079 0.00839354 0.0133179 0.00899641 0.00639019 0.00152397 -0.00229848 0.00323755 3.58357e-06 0.00815234 0.00606718
internal_weight=4068.14 1491.63 2576.5 1308.49 1471.31 763.449 1016.39 656.563 359.827 276.825 145.846 105.669 78.7227 57.5846 130.98 31.0562 545.041 454.919 1105.2 490 404.446 116.957 75.3328 287.489 184.514 259.543 397.02 195.285 50.7594 201.735
internal_count=18747 9360 9387 7549 6242 4240 4115 2929 1186 922 423 313 236 171 499 161 3309 2127 3145 1268 973 291 179 682 757 1070 1859 981 227 878
cat_boundaries=0 1 2
cat_threshold=4 8
is_linear=0
shrinkage=0.03


Tree=69
num_leaves=31
num_cat=0
split_feature=10 7 18 13 13 10 7 12 8 1 2 8 9 10 12 9 7 10 6 10 15 11 18 17 7 0 10 8 9 9
split_gain=43.5833 24.0578 10.0558 9.02474 7.73045 6.37533 6.35756 5.76848 5.50133 4.54327 5.96294 5.1113 4.58628 4.43161 5.11069 4.13539 4.54304 4.32682 4.04744 3.94391 5.2346 4.40966 6.77077 3.79998 3.74488 5.71333 4.30355 3.6144 3.56175 5.85806
threshold=0.089741794871794886 8.2900000000000027 1242.5000000000002 7.9500000000000011 5.7500000000000009 0.26988708975052494 0.34500000000000008 1.0000000180025095e-35 11.220000000000004 0.12003300000000003 0.15020593625626219 19.445000000000004 4.6450000000000014 0.28839154583407267 1.0000000180025095e-35 4.490000000000002 30.430000000000003 0.23155670727440195 3.0500000000000003 0.48357542464296627 1.1063333333333336 2.9671230408935334 1055.0000000000002 1148.7500000000002 31.610000000000003 0.13678000000000004 0.57189627394572617 24.820000000000007 5.910000000000001 6.7550000000000017
decision_type=10 10 2 2 2 10 8 2 10 8 8 10 10 10 2 8 8 10 8 10 8 10 2 2 8 10 10 10 10 10
left_child=1 3 5 6 -3 9 -1 -4 -8 11 12 -2 -11 14 -7 -12 -17 -18 -9 21 -21 -15 -23 -14 25 -22 -27 28 -24 -30
right_child=2 4 7 -5 -6 13 8 18 -10 10 15 -13 23 19 -16 16 17 -19 -20 20 24 22 27 -25 -26 26 -28 -29 29 -31
leaf_value=-0.011231410232605307 0.0020268015150166087 -0.0010363586176491536 -0.0036135798847784489 0.013936137806274359 0.0067593512426035096 0.0037870557872971516 -0.0027004348578258145 -0.0069954902774095112 -0.0081460710328573119 0.0016125954208422312 -0.0061101717898243736 -0.0043000745185562909 0.020999999999999998 0.00036383176378423123 0.020421657601484608 0.0098636079883789359 0.0045532336044196223 -0.008597284033205442 0.0034473187934815522 0.017889418464174255 0.0044669084797673815 0.015400100219997857 0.0026414211684262735 0.0076860702998344478 -0.0021403091891452008 0.020999999999999998 0.0086074208642644805 -0.00051327787607540907 0.018498831083199167 0.0032186306944562166
leaf_weight=245.48920828849077 491.00820902734995 406.89116308093071 300.42593441158533 18.728087604045868 159.30250217020512 30.506381928920746 314.82830895483494 37.964741617441177 355.47718947380781 25.438889652490616 40.967808082699776 150.03560411930084 29.551842018961906 249.64959101378918 36.524026215076447 78.752346143126488 69.405911266803741 33.331877902150154 278.00675635039806 38.429891660809517 178.16136649250984 53.469477146863937 111.18092197179794 23.911125555634499 42.328872442245483 30.847321271896362 51.053010821342468 110.53732803463936 44.016733333468437 46.36736586689949
leaf_count=2290 2259 2006 1263 53 478 95 2011 209 2630 95 143 695 89 868 112 219 207 88 1084 125 578 118 315 70 92 73 118 273 104 105
internal_value=0.000342767 -0.0037229 0.00270594 -0.00667946 0.00115702 0.00375441 -0.00710105 -0.000637279 -0.00558837 0.00197419 0.0050122 0.000546003 0.012098 0.00539426 0.012851 0.00249899 0.00444233 0.000286727 0.00219259 0.00487145 0.00746025 0.0034373 0.00553618 0.0170872 0.00613484 0.00748175 0.0140401 0.00384629 0.00623706 0.01066
internal_weight=4082.59 1500.72 2581.87 934.523 566.194 1965.48 915.795 616.397 670.305 942.404 301.36 641.044 78.9019 1023.07 67.0304 222.458 181.49 102.738 315.971 956.042 340.82 615.221 365.572 53.463 302.391 260.062 81.9003 312.102 201.565 90.3841
internal_count=18865 9468 9397 6984 2484 6841 6931 2556 4641 3865 911 2954 254 2976 207 657 514 295 1293 2769 986 1783 915 159 861 769 191 797 524 209
is_linear=0
shrinkage=0.03


Tree=70
num_leaves=31
num_cat=0
split_feature=7 13 10 1 11 18 8 18 8 6 8 0 1 3 0 10 15 18 13 6 8 15 5 8 0 1 11 3 7 6
split_gain=41.0985 14.1956 11.7085 9.79503 4.78398 4.58051 4.54845 4.23284 4.03723 4.41237 4.37035 4.59635 4.1898 3.86508 6.04056 3.79826 3.74738 3.73369 5.48695 4.93791 4.63185 3.99925 5.25292 4.92787 4.1452 7.2149 5.18646 4.21975 6.55008 4.71535
threshold=3.5775000000000001 6.1500000000000012 0.078746407580610814 0.064081000000000027 1.429475587703436 1292.5000000000002 4.8200000000000021 1077.5000000000002 3.8400000000000007 1.633333333333334 2.4199999999999986 0.013333333333333329 0.026684333333333341 0.11166046376811596 0.013333333333333343 0.04753503347169518 1.3110000000000002 1162.5000000000002 9.3500000000000032 7.741666666666668 24.090000000000003 1.0854700000000002 0.22500000000000003 23.090000000000007 0.26166666666666677 0.20426500000000006 3.5812316715542525 0.16739417989417993 17.630000000000006 26.516666666666669
decision_type=8 2 10 10 8 2 10 2 8 8 10 10 10 10 10 10 10 2 2 8 8 8 10 10 8 10 8 10 10 8
left_child=2 3 6 5 -3 8 7 -1 10 12 -2 -12 16 -4 -15 -5 -10 19 20 -6 -19 22 23 -21 25 27 -26 29 -29 -23
right_child=1 4 13 15 17 -7 -8 -9 9 -11 11 -13 -14 14 -16 -17 -18 18 -20 21 -22 24 -24 -25 26 -27 -28 28 -30 -31
leaf_value=0.0055017034066274792 -0.0023111555652948084 0.01815126630222174 -0.0025600261896842201 -0.010391125216108087 -0.0020492378910085436 -0.0064363400398874783 -0.010040543436106405 -0.0067318296292167385 0.020999999999999998 -0.0017167255609224026 -6.7411120428785468e-06 0.020999999999999998 -0.004947683795774969 0.020539010053720629 -0.0016175890857746407 0.0028313036068588057 -0.00025931331087950958 0.0031417839868313389 0.0094223236934524203 0.020999999999999998 -0.0037996089216515267 0.00035784726192303291 0.0022068604859644975 0.0053240227045396396 0.020999999999999998 -0.0071686426625413987 0.0066177357316501957 0.020460393462680772 0.0042593584664110083 0.015115761719987006
leaf_weight=33.824751988053322 28.602292850613594 22.693696156144142 274.7713033631444 19.971445649862289 63.043255567550659 148.9147125184536 401.48110983520746 102.86894739419222 19.366634406149391 960.48553857952356 14.10265029966831 21.952198445796967 15.075565643608568 17.778244778513908 29.367535963654518 932.37791116535664 10.247129529714583 249.45475922524929 78.947748750448227 44.392719089984894 132.45689281821251 127.82353746891022 31.570787847042084 22.253452211618423 28.934103906154633 46.578326880931854 82.267057225108147 37.332478493452072 56.376501828432083 22.98979189991951
leaf_count=231 113 68 1477 108 203 879 3505 761 121 4944 67 92 86 69 121 3378 66 767 182 120 409 346 76 61 62 102 171 83 117 47
internal_value=0.000101326 0.00165822 -0.00572412 0.000274501 0.00452724 -0.00150675 -0.00843126 -0.00370465 -0.000820583 -0.00128799 0.00644579 0.0133927 0.00792668 -0.00119838 0.00673746 0.00255402 0.0144807 0.00422543 0.00222263 0.00586324 0.000734328 0.00685987 0.0122872 0.0170623 0.00553486 0.00365273 0.0104619 0.00571406 0.0107136 0.00260752
internal_weight=4078.3 3218.21 860.092 2171.1 1047.12 1218.75 538.175 136.694 1069.83 1005.17 64.6571 36.0548 44.6893 321.917 47.1458 952.349 29.6138 1024.42 460.859 563.562 381.912 500.519 98.217 66.6462 402.302 291.101 111.201 244.522 93.709 150.813
internal_count=18832 12668 6164 9854 2814 6368 4497 992 5489 5217 272 159 273 1667 190 3486 187 2746 1358 1388 1176 1185 257 181 928 695 233 593 200 393
is_linear=0
shrinkage=0.03


Tree=71
num_leaves=31
num_cat=1
split_feature=14 7 7 11 3 16 8 3 1 7 6 16 11 17 16 6 0 3 8 9 9 16 6 2 2 8 15 15 15 9
split_gain=37.1825 16.8991 10.5027 10.3975 5.66565 5.19622 7.90055 3.87237 4.49656 4.78663 4.72653 3.39959 3.24416 4.43955 4.12721 3.15021 4.51342 5.5704 4.17394 8.83846 4.73653 3.673 3.74886 3.45814 6.2523 3.11632 3.50467 3.11327 3.09393 3.08732
threshold=0 13.545000000000003 1.0000000180025095e-35 2.4360338243316968 0.19202272727272732 1.4490000000000001 13.820000000000002 0.020000000000000014 0.026000000000000013 5.9900000000000029 3.4666666666666681 1.2690000000000003 2.6649659863945581 1232.5000000000002 1.6730000000000003 20.216666666666672 0.12349166666666669 0.10896041366258112 23.72666666666667 6.0450000000000017 6.7550000000000017 1.0624800000000003 8.7666666666666746 0.12670165737577177 0.083333333333333356 19.126666666666672 1.5240000000000002 1.7260000000000002 1.2305700000000002 3.2225000000000006
decision_type=1 10 8 10 10 8 8 10 10 10 10 10 10 2 10 8 10 10 10 8 10 10 10 10 10 10 10 10 10 10
left_child=3 2 -2 4 -1 -4 7 -7 9 10 -9 27 -13 14 -14 16 17 18 19 -5 -21 -19 -23 24 -24 26 -18 -3 -10 -17
right_child=1 11 5 15 -6 6 -8 8 28 -11 -12 12 13 -15 -16 29 25 21 -20 20 -22 22 23 -25 -26 -27 -28 -29 -30 -31
leaf_value=-0.0010625404263603991 -0.012731952538464019 0.001637675783473804 -0.0067368141885716069 0.0015374168969723731 0.0047690633889036849 -0.0026430642965644324 -0.0056952518841453109 0.015503976026474972 0.010570794439321358 0.020999999999999998 -0.0065117845096510432 0.0011100048457631424 0.020999999999999998 -0.0011016819885509095 0.0071742191250817678 0.014902604581573047 0.0086963794706170008 -0.0017854494150461473 -0.0032579804886163129 0.020999999999999998 0.0050859883159569174 0.0032816285147588423 0.018798330193096457 0.020865784024809556 0.00017387751303182627 -0.0070692844028923717 -0.0035970697368149208 -0.010372976315082896 -0.0037103844563313075 0.0046032752204347238
leaf_weight=982.28996339440346 166.23521073162556 72.572298645973206 463.19300802052021 357.77356871962547 176.94954979419708 78.338602587580681 247.76395035535097 22.696222178637981 20.024851530790329 10.16545097529888 14.309947848320006 76.83867521584034 23.854583814740181 23.920189812779427 32.620842158794403 27.181058540940285 35.602364256978035 29.743497520685196 115.98357999324799 26.18720643222332 24.019759401679039 52.8076401501894 31.161070942878723 34.392757818102837 33.838844761252403 68.980716094374657 50.440292924642563 26.521782234311104 42.906275816261768 721.50759045779705
leaf_count=4501 1695 308 3350 1382 598 573 1726 141 113 58 91 310 77 71 95 86 105 104 411 86 75 160 89 91 97 204 138 103 236 1785
internal_value=1.14273e-05 -0.00410973 -0.00580438 0.0019867 -0.000172388 -0.00452396 -0.00217419 0.00245532 0.00608284 0.0130854 0.00699068 0.00277508 0.00551783 0.00973065 0.0143187 0.003554 0.00231636 0.00333428 0.00176389 0.00319154 0.0149788 0.00785672 0.00974102 0.0131729 0.00910247 -0.00231881 0.00148966 -0.00157688 0.000833925 0.00497719
internal_weight=4090.82 1321.96 1065.63 2768.86 1159.24 899.398 436.205 188.441 110.103 47.1716 37.0062 256.328 157.234 80.3956 56.4754 1609.62 860.931 705.908 523.964 407.981 50.207 181.944 152.2 99.3927 64.9999 155.023 86.0427 99.0941 62.9311 748.689
internal_count=18859 8947 7983 9912 5099 6288 2938 1212 639 290 232 964 553 243 172 4813 2942 2495 1954 1543 161 541 437 277 186 447 243 411 349 1871
cat_boundaries=0 1
cat_threshold=10
is_linear=0
shrinkage=0.03


Tree=72
num_leaves=31
num_cat=1
split_feature=14 10 13 17 18 6 18 18 18 10 2 3 10 1 12 11 18 15 17 15 11 11 15 15 2 6 10 10 15 4
split_gain=42.2531 13.8642 10.9054 6.0415 6.03737 5.37779 5.32703 5.22083 5.14256 5.29459 4.02153 4.43537 3.94767 4.33801 3.7669 3.7239 3.77017 5.22789 7.18898 3.58155 3.46311 4.26529 3.42619 4.26894 3.75034 5.01942 5.05057 3.35121 4.28117 3.33332
threshold=0 0.056497300932358448 5.3500000000000005 1310.0000000000002 1327.5000000000002 16.300000000000008 1162.5000000000002 1162.5000000000002 1127.5000000000002 0.24552655261128167 0.067787753900500458 0.069205746061167764 0.43679637127775667 0.13406300000000007 1.0000000180025095e-35 5.423641069887835 1117.5000000000002 1.2400000000000004 1105.0000000000002 1.4190000000000003 1.1678403755868547 2.1202409638554225 1.5587700000000002 2.0890000000000004 0.36290088826554473 29.916666666666668 0.4476758178274895 0.31523260915217088 1.5870000000000004 0.58333333333333337
decision_type=1 10 2 2 2 10 2 2 2 10 10 10 10 8 2 10 2 8 2 10 8 8 8 8 10 10 8 10 10 10
left_child=2 5 4 7 -1 -2 -7 15 -3 -10 14 -12 13 -11 -9 16 20 18 -18 -13 -4 -22 -5 -24 25 26 -25 -21 -29 -23
right_child=1 8 3 22 -6 6 -8 10 9 12 11 19 -14 -15 -16 -17 17 -19 -20 27 21 29 23 24 -26 -27 -28 28 -30 -31
leaf_value=0.00047140143495522156 -0.0081918727864297158 0.0017129120157002202 0.013700846390669277 0.013798993703855735 -0.0085859136989524278 0.012644167632265172 -0.0095692378949520478 -0.00592377934509245 -0.0047845373867239516 0.019790277559956503 0.015101605094122592 -0.0021524210936820229 -0.008200656417350247 -0.0012356644898406772 0.0013432470178255567 -0.0029285718736209577 0.0041896282367403304 0.004893204108212844 0.020999999999999998 8.9383886650448558e-05 -0.0031093129876112761 0.0036439738838128077 0.0012052266821598401 0.017194027772060996 0.018906585865841249 -0.0037325723149998365 0.0017284351532370777 0.017482609806462737 0.0045096341390483364 0.011709723334839354
leaf_weight=933.04943788051605 586.06976587325335 292.58652364462614 31.470286011695862 63.770725443959236 71.296780601143837 22.874382644891739 16.890873849391937 117.00755237042904 355.97668972611427 20.75655522942543 25.000696465373039 122.3996160775423 13.43904836475849 15.371220842003821 142.23431900143623 55.142509981989861 28.291229814291 97.014955475926399 33.762957602739334 106.09235036373138 76.347235843539238 415.82322299480438 98.74067859351635 45.806398347020149 29.286349594593048 29.556685626506805 32.479260891675949 28.721282958984375 112.84475675225258 51.865499883890152
leaf_count=4268 4913 1549 108 154 395 92 77 459 2122 97 89 379 73 49 543 138 98 280 100 327 261 1165 243 116 58 64 78 77 316 117
internal_value=0.000190961 -0.0041934 0.00231016 0.00375288 -0.000171562 -0.00746749 0.0032087 0.00294847 -0.00131843 -0.00350544 0.000966709 0.00287195 0.00568072 0.0108444 -0.00193669 0.00459041 0.00515484 0.00924289 0.0160431 0.00204573 0.00402491 0.0034652 0.00762947 0.00596144 0.0093862 0.00680078 0.0107776 0.00412057 0.00714162 0.00453845
internal_weight=4071.97 1323.97 2748 1743.66 1004.35 625.835 39.7653 1444.02 698.13 405.544 654.301 395.059 49.5668 36.1278 259.242 789.718 734.575 159.069 62.0542 370.058 575.506 544.036 299.64 235.869 137.129 107.842 78.2857 247.658 141.566 467.689
internal_count=18805 8972 9833 5170 4663 5082 169 4457 3890 2341 2190 1188 219 146 1002 2267 2129 478 198 1099 1651 1543 713 559 316 258 194 720 393 1282
cat_boundaries=0 1
cat_threshold=10
is_linear=0
shrinkage=0.03


Tree=73
num_leaves=31
num_cat=1
split_feature=6 14 7 13 6 13 12 18 4 0 2 6 6 16 18 18 18 6 11 2 3 10 16 10 18 7 9 7 9 18
split_gain=39.9983 19.3341 8.17785 6.61703 5.98775 5.08568 5.16317 7.06548 4.56224 4.18259 5.3517 5.48892 4.06246 4.91166 4.01446 3.88181 5.23093 9.23085 4.59145 4.22217 3.96485 3.617 4.87478 4.59669 3.45227 3.35372 5.34595 5.79233 6.35631 5.2555
threshold=8.9833333333333361 0 1.0000000180025095e-35 5.0500000000000007 24.350000000000001 4.3500000000000005 1.0000000180025095e-35 1162.5000000000002 0.41666666666666669 0.12349166666666669 0.15020593625626219 13.266666666666671 25.900000000000002 1.6390000000000005 1205.0000000000002 1122.5000000000002 1055.0000000000002 10.516666666666667 2.8976975405546841 0.083333333333333356 0.050857675906183376 0.086013682014677809 2.0755000000000003 0.1688305878095975 1261.2500000000002 16.410000000000004 6.410000000000001 20.810000000000006 4.4450000000000012 1162.5000000000002
decision_type=10 1 8 2 10 2 2 2 10 10 10 10 10 10 2 2 2 10 10 10 10 8 10 8 2 10 10 10 10 2
left_child=1 3 -3 21 5 -2 7 8 15 10 25 -12 13 -6 -5 16 19 20 -17 -7 -18 -1 -23 -24 -14 -8 27 28 29 -27
right_child=4 2 -4 14 12 6 9 -9 -10 -11 11 -13 24 -15 -16 18 17 -19 -20 -21 -22 22 23 -25 -26 26 -28 -29 -30 -31
leaf_value=-0.0073397112378664605 -0.0081498486412071944 -0.01270497926926034 -0.0052928504090331632 0.0034058833449662346 0.0048546299519439265 -0.0019673172263141698 0.0021088039658325366 -0.0034698227048049306 0.013547506479062181 -0.00068396795982530198 0.0028885927686615443 0.020999999999999998 0.0046970292656040883 0.018898457542838514 -0.0024860780502779117 0.0012610804620159684 0.020999999999999998 -0.0046605149685972139 0.017000215983653266 0.016525208415501189 0.0025660927382111878 -0.0030035214618593111 0.020999999999999998 0.0010284359433886912 -0.0010669998510941187 -0.0045779746025843959 -0.00051439135915123512 0.0011336850231072242 0.020999999999999998 0.018758050370662839
leaf_weight=134.95905405282974 48.905477344989777 164.1901338249445 727.76803655922413 385.17344683408737 56.196303084492683 18.561137646436691 352.80912080407143 317.64820837974548 31.63993401825428 173.07378329336643 20.240465626120567 23.269875720143318 604.75881442427635 37.282500326633453 142.60989367961884 38.988430872559547 15.475546076893805 181.69307306408882 29.155638486146927 27.686931177973747 17.178537473082542 194.21495662629604 12.289653331041334 22.604553163051605 110.62459324300289 20.349656596779823 56.315827891230583 39.298260107636452 48.541384294629097 15.153491646051405
leaf_count=840 264 1709 5326 1391 168 74 1521 1341 98 552 70 70 1482 91 583 165 72 682 92 82 69 969 60 93 338 75 162 133 158 61
internal_value=-0.000128557 -0.003495 -0.00658345 -0.00032867 0.00249967 0.00136277 0.00168877 -0.000207888 0.00266727 0.00340558 0.00463443 0.0147506 0.00457424 0.0104558 0.00181384 0.00162009 -4.69417e-05 -0.00202125 0.00799512 0.00910344 0.0126641 -0.00344366 -0.00114865 0.0091752 0.0038057 0.0038078 0.00714424 0.010641 0.0150865 0.00538233
internal_weight=4068.66 1783.81 891.958 891.852 2284.85 1475.98 1427.08 678.027 360.379 749.052 575.978 43.5103 808.862 93.4788 527.783 328.739 260.595 214.347 68.1441 46.2481 32.6541 364.068 229.109 34.8942 715.383 532.468 179.659 123.343 84.0445 35.5031
internal_count=18791 10971 7035 3936 7820 5741 5477 2675 1334 2802 2250 140 2079 259 1974 1236 979 823 257 156 141 1962 1122 153 1820 2110 589 427 294 136
cat_boundaries=0 1
cat_threshold=10
is_linear=0
shrinkage=0.03


Tree=74
num_leaves=31
num_cat=1
split_feature=14 7 17 10 10 11 11 16 16 9 16 8 8 8 6 6 10 15 15 16 17 15 17 0 15 9 11 16 16 8
split_gain=38.0178 13.89 6.8551 6.66457 6.23006 5.84058 8.56666 4.99148 6.01628 4.49985 4.37448 4.28583 4.268 8.57625 4.14347 5.73829 4.92195 3.6292 4.90127 4.34674 4.7615 3.85693 3.41858 3.51695 3.36508 3.2443 3.19028 4.12242 6.63026 7.35592
threshold=0 5.3450000000000015 1232.5000000000002 0.028706110310147966 0.12318199841439863 1.6681957186544345 2.6432107496463937 1.2690000000000003 0.90500000000000014 6.6200000000000019 1.7270000000000003 13.710000000000001 0.80000000000000082 1.4199999999999997 6.3333333333333348 9.516666666666671 0.36843680539795853 1.7970000000000004 1.5910000000000004 1.6323300000000003 1148.7500000000002 1.7070000000000001 1310.0000000000002 0.016435000000000002 1.0090000000000003 3.1900000000000008 3.0669871794871804 1.7590000000000001 2.0110000000000006 15.420000000000002
decision_type=1 8 2 10 10 8 8 10 10 8 10 10 10 10 10 10 10 10 10 10 2 10 2 10 10 10 10 10 10 10
left_child=2 3 4 -2 -1 -4 10 8 -3 11 -7 22 -6 -14 16 -16 -8 18 19 20 -13 -20 23 -9 -25 -26 -15 -28 -29 -30
right_child=1 7 5 -5 12 6 14 9 -10 -11 -12 17 13 26 15 -17 -18 -19 21 -21 -22 -23 -24 24 25 -27 27 28 29 -31
leaf_value=-0.0012344238645180512 -0.010311701023382138 -0.00036711437559890445 -0.0046979263168048088 -0.0043420874289726947 -0.0052340119843410759 0.020891583284492483 0.0027740886614001726 -0.0062150387257244241 -0.0094929557031344265 0.011911490752297079 0.0042788202295075805 -0.00058882542546397825 0.020949407542925895 0.001170140141930624 -0.0090696220068807749 0.0044554285911291803 0.020999999999999998 -0.007426352045613197 0.020949092411806522 -0.0070858828218136683 0.020999999999999998 0.00028544848646892639 -0.0074202565924365287 -0.0034605310819936516 0.017146859621330023 0.00048682095689743483 0.002263360250180427 0.013439035794037992 0.012561211956310105 -0.0036560865962921149
leaf_weight=638.94558837264776 327.0925634726882 156.91192142665386 50.00180022418499 346.73959641903639 65.193452820181847 47.779854089021683 25.46451860666275 13.820871487259863 111.01647087186575 32.451728031039238 20.337519988417625 37.739188805222511 22.596054002642632 875.66986329853535 30.885714143514633 328.63142782449722 27.520839124917984 76.292892903089523 16.737965106964111 69.12728813290596 11.565146356821058 15.80714477598667 16.048568367958069 13.115295276045797 45.873823150992393 13.65020878612995 403.82451891899109 92.107044398784637 40.424241915345192 66.717238366603851
leaf_count=3001 3133 918 215 2524 252 165 82 80 608 96 61 209 82 3325 92 796 69 351 70 357 56 73 79 69 238 54 1156 225 98 164
internal_value=-1.67038e-05 -0.00421333 0.00199148 -0.00723987 0.0012622 0.00506016 0.00607536 -0.0010439 -0.00414842 0.0012524 0.0159316 0.000203491 0.00228051 0.00260682 0.00444778 0.00329351 0.0122798 -0.00209338 0.000601518 -0.00223202 0.00457335 0.0109128 0.00529584 0.00765617 0.0102954 0.0133263 0.00232653 0.00400562 0.00753674 0.00246266
internal_weight=4040.09 1303.99 2736.1 673.832 2205.48 530.622 480.62 630.159 267.928 362.23 68.1174 329.778 1566.53 1501.34 412.502 359.517 52.9854 227.27 150.977 118.432 49.3043 32.5451 102.509 86.4602 72.6393 59.524 1478.74 603.073 199.249 107.141
internal_count=18698 8915 9783 5657 8303 1480 1265 3258 1526 1732 226 1636 5302 5050 1039 888 151 1116 765 622 265 143 520 441 361 292 4968 1643 487 262
cat_boundaries=0 1
cat_threshold=10
is_linear=0
shrinkage=0.03


Tree=75
num_leaves=31
num_cat=0
split_feature=10 7 7 8 16 8 7 8 15 11 8 12 8 8 16 15 11 3 16 9 8 0 11 11 7 10 10 11 17 2
split_gain=36.015 19.7148 8.72519 7.75226 6.7787 6.02704 4.30541 6.52996 4.27597 5.73931 5.31054 6.64356 4.90558 5.60706 4.17559 7.05299 3.90774 4.29652 3.63305 5.46103 5.80806 4.80364 3.80395 3.66473 5.00521 3.51903 3.79107 3.5126 3.46277 4.88005
threshold=0.18968380796871492 4.8700000000000019 41.690000000000005 11.090000000000003 0.64900000000000013 0.22000000000000003 15.170000000000002 6.3800000000000017 0.58100000000000007 2.7022543059777107 7.955000000000001 1.0000000180025095e-35 9.7000000000000046 8.8583333333333361 1.7630000000000001 0.48422000000000009 0.96992311171415657 0.017501000000000006 1.5790000000000002 7.0900000000000016 18.220000000000006 0.093136666666666687 2.9527529761904767 3.0808631211857023 17.263333333333339 0.1688305878095975 0.062165810068623782 3.3348909657320878 1177.5000000000002 0.11775422290128172
decision_type=10 8 10 10 8 8 10 8 8 10 8 2 10 8 10 10 10 8 10 10 10 10 10 10 10 10 10 10 2 10
left_child=1 3 8 14 -2 -6 7 -7 10 -10 11 -3 13 -11 15 -1 17 -16 23 20 22 -22 -20 -8 -25 26 -14 -26 29 -21
right_child=4 2 -4 -5 5 6 18 -9 9 12 -12 -13 25 -15 16 -17 -18 -19 19 28 21 -23 -24 24 27 -27 -28 -29 -30 -31
leaf_value=0.003370988330731222 -0.010924499584061996 -0.0010879635696140889 0.015555552968645877 -0.0089759906107553297 -0.011274604400974239 0.0061756955859618009 -0.00022379739216159031 0.00042596071431088309 -0.0031573350901276747 0.0020566058000689139 0.0006989882712708285 0.020999999999999998 -0.0067211831543339661 0.020999999999999998 0.020999999999999998 -0.007506819947273524 -0.0018946523827966079 -0.00070723894952300493 0.0010630935500239005 -0.011400109080316325 0.0046556798662367995 0.020205936168455261 0.010424870682825613 0.017542109290557991 0.011152433207207116 -0.0087009169472039311 0.0033862537956972356 0.0024446214570952537 0.0080131347843031761 0.0031839893596132245
leaf_weight=70.613167576491833 30.203423738479614 21.72402511537075 30.538750648498535 425.56291238218546 24.841602057218552 249.13095186650753 179.91296696662903 620.61459138989449 700.15699569135904 23.003197476267815 307.76042195409536 27.49456000328064 40.360179305076599 15.158481553196905 16.443726621568207 223.25236505270004 64.600940279662609 14.798820599913595 67.66640593111515 25.733034074306488 24.548362791538239 65.805412769317627 92.40819351375103 26.819016620516777 50.671799719333649 33.889322087168694 193.6138821542263 235.2645316272974 87.731956318020821 104.52644564211369
leaf_count=460 126 94 71 3737 98 917 551 2315 3742 87 1270 105 213 76 123 1584 417 99 184 70 69 148 197 75 132 113 800 578 173 229
internal_value=0.000128631 -0.00247096 -0.000303312 -0.00617654 0.00317359 0.00340306 0.00360221 0.00207292 -0.000658596 -0.0016594 0.00216227 0.0113121 0.00176774 0.0118308 -0.00311954 -0.00489298 0.00231801 0.0110286 0.00498615 0.00687778 0.00989995 0.0159811 0.00646748 0.00318763 0.00515006 0.000334086 0.00164274 0.00398776 0.00340591 0.00030287
internal_weight=4094.85 2208.97 1393.7 815.272 1885.88 1855.68 1830.83 869.746 1363.16 1006.18 356.979 49.2186 306.025 38.1617 389.709 293.866 95.8435 31.2425 961.088 468.42 250.428 90.3538 160.075 492.668 312.755 267.863 233.974 285.936 217.991 130.259
internal_count=18853 12991 6571 6420 5862 5736 5638 3232 6500 5031 1469 199 1289 163 2683 2044 639 222 2406 1070 598 217 381 1336 785 1126 1013 710 472 299
is_linear=0
shrinkage=0.03


Tree=76
num_leaves=31
num_cat=0
split_feature=7 13 8 10 12 18 7 8 8 18 13 6 1 18 2 17 1 16 8 13 18 0 10 2 18 6 16 16 9 18
split_gain=34.5904 14.253 10.0134 6.32984 6.09213 6.06305 5.08308 4.60459 6.85928 9.56552 4.68693 4.51451 6.00424 4.60258 4.54365 3.54723 5.00359 5.18894 3.45332 3.40304 3.8284 4.05128 3.50818 3.32665 3.3035 5.01184 3.30332 3.93749 3.52333 3.17024
threshold=3.5775000000000001 5.4500000000000011 11.090000000000003 0.066026726943942141 1.0000000180025095e-35 1162.5000000000002 8.0100000000000033 1.0000000180025095e-35 1.6200000000000003 1177.5000000000002 4.9500000000000011 27.216666666666672 0.10606500000000003 1292.5000000000002 0.21007490636704126 1172.5000000000002 0.016040000000000009 2.1820000000000008 2.9800000000000004 7.8500000000000005 1112.5000000000002 0.10668500000000003 0.2041186472372736 0.0097025702811244993 1102.5000000000002 31.683333333333341 1.8630000000000002 2.0020000000000007 5.8708333333333345 1071.2500000000002
decision_type=8 2 10 8 2 2 8 8 10 2 2 10 10 2 10 2 8 10 8 2 2 10 10 10 2 10 8 10 10 2
left_child=2 3 7 29 5 6 -3 -1 9 10 -9 13 -13 18 -15 -6 -17 -18 -5 20 24 22 -22 -4 25 26 28 -28 -8 -2
right_child=1 4 23 11 15 -7 19 8 -10 -11 -12 12 -14 14 -16 16 17 -19 -20 -21 21 -23 -24 -25 -26 -27 27 -29 -30 -31
leaf_value=-0.0098953402439124795 0.0012949274225220952 -0.0051177435636752333 -0.011041973462528934 0.011280598698176955 0.0033705095014117266 -0.0015588308376687837 -0.0081516736720272202 0.020999999999999998 -0.0036262120887396664 -0.0059815374615814383 0.0045334321632268413 0.018344827412804889 0.0025985437281129367 -0.0071110318135173076 0.010018307658610391 0.014363888137513093 0.0041661534825720367 0.016947448192812426 0.00024651748422259792 0.0094927617210204471 0.0063749585219561493 0.0014298250824551948 0.020999999999999998 -0.0049496443590504721 -0.0054988278509100815 0.014100330280793882 0.016299510368796885 -0.00029112152539845893 0.0042011667024075836 -0.0049835773491695833
leaf_weight=65.970724150538445 90.782845586538315 52.148222304880619 256.7703110575676 26.357851520180702 495.94733865559101 350.85803556442261 48.918706923723221 30.865766674280167 300.7626326084137 40.376752473413944 30.878507077693939 26.171406224370003 130.31473478674889 127.14268647134304 15.65267653763294 71.766785323619843 265.95029513537884 32.030138835310936 810.21777130663395 104.54967029392719 21.154054492712021 34.910674378275871 20.602076187729836 117.61258850246668 51.070723369717598 31.036741405725479 22.117461994290352 30.808333307504654 36.128064721822739 357.07146324217319
leaf_count=450 490 199 2450 103 1482 1139 150 180 1927 225 117 82 365 723 70 207 683 69 3870 227 75 87 59 859 141 69 65 80 101 2164
internal_value=-5.47959e-05 0.00134852 -0.00546961 -0.000690425 0.00328211 0.00140227 0.00369346 -0.00254831 -0.00134526 0.00537251 0.0127973 0.000500504 0.00523202 -0.000255508 -0.00523338 0.00502864 0.00725271 0.00554002 0.000594166 0.00483847 0.00319867 0.00897196 0.0152777 -0.00912807 0.0011875 0.00320795 0.000757727 0.00664203 -0.00290416 -0.00371089
internal_weight=4096.95 3253.71 843.237 1583.71 1670 804.303 453.445 468.854 402.884 102.121 61.7443 1135.86 156.486 979.371 142.795 865.695 369.747 297.98 836.576 401.297 296.747 76.6668 41.7561 374.383 220.08 169.009 137.973 52.9258 85.0468 447.854
internal_count=18908 12700 6208 7867 4833 2392 1253 2899 2449 522 297 5213 447 4766 793 2441 959 752 3973 1054 827 221 134 3309 606 465 396 145 251 2654
is_linear=0
shrinkage=0.03


Tree=77
num_leaves=31
num_cat=2
split_feature=14 10 9 13 8 8 17 8 15 2 9 15 8 13 13 2 15 11 14 12 2 9 15 3 10 2 3 1 3 10
split_gain=38.0085 12.31 11.2989 5.25262 3.91621 4.48597 5.54183 4.61293 4.49093 4.36234 4.56368 4.84106 4.45966 4.05563 3.97346 3.73144 3.56845 3.55863 3.48962 3.2879 4.55904 3.52389 3.2425 6.28052 4.68801 3.16508 3.42479 3.06668 2.94221 2.95715
threshold=0 0.056497300932358448 4.5675000000000017 5.5500000000000007 23.72666666666667 21.445000000000004 1096.2500000000002 22.645000000000007 1.4149000000000003 0.060000000000000026 5.2100000000000017 1.5616100000000002 13.910000000000002 5.0500000000000007 6.1500000000000012 0.14250353107344635 2.0480000000000005 3.9446992864424062 1 1.0000000180025095e-35 0.33973397320117821 10.090000000000003 0.59757000000000005 0.029401659617176862 0.079674680614316068 0.0827154761904762 0.091265830155990352 0.039980000000000022 0.090006415271475529 0.52677130116600557
decision_type=1 8 10 2 10 10 2 10 10 10 10 10 10 2 2 10 10 10 1 2 10 10 8 8 10 10 10 10 10 10
left_child=2 18 3 22 5 9 -7 8 -8 12 11 15 14 -12 -4 -11 -13 -3 -2 21 -21 -6 23 -1 25 -24 -27 -14 -15 -30
right_child=1 17 4 -5 19 6 7 -9 -10 10 13 16 27 28 -16 -17 -18 -19 -20 20 -22 -23 24 -25 -26 26 -28 -29 29 -31
leaf_value=0.00069991145869185349 -0.0058241072666486166 -0.0023804014356947679 -0.0014855973950169805 0.0023436096902557783 -0.0024055965825085612 0.020999999999999998 0.0012318001641876877 -0.00031294493021147773 0.017947877676646327 0.020999999999999998 -0.0055048557939079076 -0.0020805541466575781 0.00013656204738941727 0.013315026707591618 0.013658964313866366 0.0089198269746901884 0.012992160424682904 0.0072205098755688682 -0.011748253264182724 0.0024049960460633801 0.012597563301308158 0.0050094867174666101 -0.0081997715457367091 0.020999999999999998 -0.00097522604272390096 0.013476943894135798 -0.0071169145584163889 -0.0098361127819311441 0.0024981847164067851 0.011475654575759549
leaf_weight=109.63316038250923 423.01883904635906 678.26899974048138 29.078520283102989 480.24586383998394 218.54052147269249 29.787797167897224 22.319547444581985 47.310130268335342 41.101599752902985 33.133059144020081 38.327623441815376 35.109606310725212 83.809355646371841 32.964011698961258 33.617537647485733 36.527937963604927 23.664633765816689 36.621641777455807 161.14108619838953 249.67410735785961 46.91741269826889 78.364213764667511 152.28909311443567 12.606985807418821 611.96639665961266 13.74473410844803 15.422886520624159 41.49011766910553 225.91732937097549 38.67560513317585
leaf_count=569 3156 3934 111 1504 646 99 69 139 110 102 126 107 311 101 91 103 65 141 1753 700 101 187 926 60 2713 71 78 153 549 87
internal_value=-0.000277183 -0.00449385 0.00170165 -0.000197462 0.00362616 0.00500571 0.00986776 0.00677653 0.0120651 0.00395835 0.0055194 0.0103292 0.000102798 0.00368025 0.0066349 0.0156791 0.00398827 -0.00188858 -0.0077591 0.00178325 0.00401734 -0.00044848 -0.0015302 0.003018 -0.00223093 -0.0064658 0.00258758 -0.00316567 0.00486336 0.00381042
internal_weight=4081.29 1299.05 2782.24 1395.91 1386.33 792.834 140.519 110.731 63.4211 652.315 464.32 128.435 187.996 335.885 62.6961 69.661 58.7742 714.891 584.16 593.496 296.592 296.905 915.663 122.24 793.423 181.457 29.1676 125.299 297.557 264.593
internal_count=18862 8984 9878 5921 3957 2323 417 318 179 1906 1240 377 666 863 202 205 172 4075 4909 1634 801 833 4417 629 3788 1075 149 464 737 636
cat_boundaries=0 1 2
cat_threshold=10 1
is_linear=0
shrinkage=0.03


Tree=78
num_leaves=31
num_cat=0
split_feature=7 10 7 17 18 9 8 16 3 8 16 11 2 18 7 6 18 16 12 11 18 8 7 8 18 6 7 12 6 6
split_gain=34.0437 10.0165 8.66982 6.4597 6.18978 5.56109 4.59837 7.63958 4.95393 3.81924 4.68044 3.64253 3.86753 7.32627 7.14311 6.00475 4.32551 4.61494 3.55488 3.45802 3.40614 3.39647 3.46247 3.32912 3.37194 3.61813 6.80428 3.10781 4.67088 6.67707
threshold=3.0450000000000008 0.087505780479538373 10.610000000000003 1066.2500000000002 1095.0000000000002 6.8900000000000015 15.690000000000003 1.4610000000000003 0.014000000000000007 7.5600000000000023 1.7790000000000001 5.2869249394673128 0.2079638009049774 1077.5000000000002 12.190000000000005 10.816666666666668 1071.2500000000002 1.9310000000000003 1.0000000180025095e-35 0.5761140819964351 1327.5000000000002 0.80000000000000082 1.0599999999999998 15.420000000000002 1077.5000000000002 0.43333333333333374 0.80000000000000038 1.0000000180025095e-35 24.350000000000001 29.916666666666668
decision_type=8 10 10 2 2 10 10 10 8 10 10 10 10 2 10 10 2 10 2 8 2 10 10 10 2 10 10 2 10 10
left_child=1 23 5 -4 11 6 7 -2 -9 10 -3 12 14 16 15 -5 17 -14 -7 -10 -8 -12 -23 24 25 -1 -27 28 -6 -30
right_child=2 9 3 4 27 18 20 8 19 -11 21 -13 13 -15 -16 -17 -18 -19 -20 -21 -22 22 -24 -25 -26 26 -28 -29 29 -31
leaf_value=-0.0078359368041103616 -0.0020815394770377265 -0.0015307507584710568 -0.0031558298481108296 0.020999999999999998 -0.0015556383905668942 0.00013458601879697777 -0.0029325542520499568 -0.0084400224120060145 0.017722237635848084 -0.0055146842789654113 7.2966178626284251e-06 -0.0014842357371211601 0.01934738767344454 0.020999999999999998 0.003181318304690023 0.0057258186151130592 -0.0024652577016120824 0.0043961842362782982 0.017805654167545835 0.0039975198854149312 -0.013828475468806894 0.020999999999999998 0.0049472999821147797 -0.011173442839439928 -0.0079255813944529626 0.020999999999999998 -0.0026367020584787365 0.003393794511661405 0.009883404424912803 6.0514877403444215e-05
leaf_weight=29.738208971917629 505.61720132827759 107.72953118383884 160.96436631679535 21.228452727198601 391.24801599979401 17.961508497595787 323.44324490427971 27.874405704438686 17.474051266908646 99.116743445396423 20.127668783068657 55.914554342627525 32.413541316986084 33.981399402022362 305.32869273424149 30.547857239842415 31.369895994663239 43.537430018186569 23.850867196917534 303.25356197357178 28.061416432261467 15.061971411108972 15.117265313863752 201.39004120230675 215.14698604494333 10.794858925044535 24.468109995126724 715.09196457266808 96.848534762859344 174.48770494759083
leaf_count=252 2636 526 633 81 1506 65 1853 160 86 592 81 130 70 74 939 124 70 89 80 1386 177 63 61 2037 1757 74 172 2282 271 454
internal_value=0.000149546 -0.00567855 0.00143833 0.00261828 0.00309935 -0.000541263 -0.000914258 0.00027419 0.00369097 -0.000898121 0.00199728 0.00577635 0.00659089 0.010792 0.00492854 0.0152321 0.00690622 0.0107769 0.0102146 0.00474528 -0.0038024 0.00955236 0.0159183 -0.00823142 -0.00611649 -0.000128596 0.00637121 0.00202224 0.000541987 0.00356662
internal_weight=4079.19 738.691 3340.5 2092.96 1932 1247.54 1205.72 854.219 348.602 257.153 158.036 554.322 498.407 141.302 357.105 51.7763 107.321 75.951 41.8124 320.728 351.505 50.3069 30.1792 481.538 280.148 65.0012 35.263 1377.68 662.584 271.336
internal_count=18781 5615 13166 6723 6090 6443 6298 4268 1632 1323 731 1577 1447 303 1144 205 229 159 145 1472 2030 205 124 4292 2255 498 246 4513 2231 725
is_linear=0
shrinkage=0.03


Tree=79
num_leaves=31
num_cat=0
split_feature=7 13 8 6 7 10 8 17 6 18 15 16 18 13 16 16 13 6 2 18 13 18 11 11 18 1 17 16 2 13
split_gain=32.8363 12.1459 9.6701 5.49804 4.90378 4.66195 4.53778 5.46789 4.46453 5.53577 5.60531 4.16202 3.81799 5.6718 6.10764 4.98215 4.36783 4.36397 3.67718 3.48727 3.39509 4.6813 5.2553 3.83746 4.46057 8.56172 5.14323 3.69912 3.3674 3.29379
threshold=3.4550000000000005 5.4500000000000011 11.090000000000003 24.066666666666674 0.34500000000000008 0.11648214487048185 3.8400000000000007 1120.0000000000002 1.3000000000000009 1275.0000000000002 1.4790000000000003 1.8695900000000003 1095.0000000000002 9.3500000000000032 1.4330000000000003 2.2953333333333337 10.950000000000001 44.016666666666673 0.0097025702811244993 1310.0000000000002 4.7500000000000009 1042.5000000000002 1.7850140056022412 1.2229532163742693 1108.7500000000002 0.02 1127.5000000000002 1.3530000000000002 0.034750430292598979 7.8500000000000005
decision_type=8 2 10 10 8 10 8 2 10 2 10 10 2 2 8 10 2 10 10 2 2 2 10 10 2 8 2 10 10 2
left_child=2 3 4 6 5 -1 7 -2 9 10 11 -6 16 15 -15 -14 17 29 -4 20 21 22 -8 24 27 -26 -27 -22 -10 -3
right_child=1 12 18 -5 8 -7 19 -9 28 -11 -12 -13 13 14 -16 -17 -18 -19 -20 -21 23 -23 -24 -25 25 26 -28 -29 -30 -31
leaf_value=-0.010186372791747462 0.014687378832045813 0.0041647373769084835 -0.011034800643380555 0.0036683408007791834 0.0068699834384490415 0.00094920885235529485 0.019800030957025424 -0.0028471876997987373 -0.0070032813732996916 -0.01162666816101025 -0.0033370887295547389 0.020999999999999998 0.0010542855405228119 0.0030373753302454006 0.016257565486592313 0.010129118516678534 -0.0047380928245203792 0.016656319964440565 -0.004422186604005513 -0.0059987678487335178 0.011834171370158238 -0.0037266883715731005 -0.0068558008946132312 -0.00058401021908949442 0.020999999999999998 0.011451659914106021 -0.010720906670026687 -0.0080663470564248281 0.0020892501913231591 0.011193842696588329
leaf_weight=108.25298940390348 34.477003201842308 349.38077892363071 248.52704405039549 243.99571406841278 64.775341399013996 49.221392758190632 16.427653901278976 29.874597743153572 98.805745132267475 18.343625739216805 38.925751648843288 18.019971191883087 1013.6758690029383 81.962942481040955 51.034942597150803 57.538600578904152 35.434931546449661 33.276415675878525 108.82667908072472 144.96350865066051 12.344879895448683 448.48786741495132 11.191582620143889 567.99330895394087 11.367299936711786 27.325288087129593 14.365571618080137 26.349642962217331 58.280515104532242 72.437656581401825
leaf_count=926 149 971 2452 758 367 226 83 139 599 124 213 94 3150 187 99 147 74 61 819 865 67 2681 61 2731 63 130 76 117 278 156
internal_value=7.35639e-05 0.00140924 -0.00532835 -0.000474881 -0.00242575 -0.00670575 -0.00122641 0.00654713 -0.000157576 0.00373669 0.00605198 0.0104662 0.00317599 0.00226719 0.00811033 0.00154173 0.00540702 0.00619694 -0.00902103 -0.00161697 -0.00105774 -0.00298847 0.00899883 0.000335576 0.00602826 0.0116771 0.00381158 -0.0017174 -0.00362986 0.00537183
internal_weight=4095.89 3283.91 811.979 1589.16 454.625 157.474 1345.17 64.3516 297.151 140.065 121.721 82.7953 1694.74 1204.21 132.998 1071.21 490.53 455.095 357.354 1280.82 1135.85 476.107 27.6192 659.746 91.7527 53.0582 41.6909 38.6945 157.086 421.818
internal_count=18863 12765 6098 7920 2827 1152 7162 288 1675 798 674 461 4845 3583 286 3297 1262 1188 3271 6874 6009 2825 144 3184 453 269 206 184 877 1127
is_linear=0
shrinkage=0.03


Tree=80
num_leaves=31
num_cat=2
split_feature=14 14 7 7 16 8 18 6 15 15 6 9 11 10 17 16 16 10 18 7 15 15 11 3 7 15 10 17 3 18
split_gain=33.0978 12.6808 8.29494 7.00817 5.41808 8.12855 5.07662 5.05476 4.69734 5.02461 4.6335 4.61954 4.1339 4.08212 4.40001 4.36606 5.33978 5.18446 7.90587 4.08178 8.88596 7.07476 4.79875 3.79043 3.76493 3.74547 4.18774 4.05111 3.39908 2.93582
threshold=0 1 15.170000000000002 13.545000000000003 1.4723200000000003 13.710000000000001 1162.5000000000002 1.3000000000000009 2.0210000000000004 2.1999000000000009 3.7166666666666668 7.7225000000000019 0.84877072612921689 0.48357542464296627 1232.5000000000002 1.1550000000000002 1.3050000000000004 0.57189627394572617 1112.5000000000002 3.1700000000000013 1.3110000000000002 1.0332500000000002 1.1678403755868547 0.078005633802816915 14.170000000000002 1.8040000000000005 0.1989333427004645 1088.7500000000002 0.088460149439601524 1112.5000000000002
decision_type=1 1 10 10 10 10 2 8 10 10 8 10 10 10 2 10 10 10 2 8 10 10 8 10 10 10 10 2 8 2
left_child=2 3 6 4 -2 19 7 12 11 28 -9 -8 -1 14 -4 -15 -17 18 -18 23 21 -21 -22 -6 -5 26 27 -26 -10 -14
right_child=1 -3 13 24 5 -7 8 10 9 -11 -12 -13 29 15 -16 16 17 -19 -20 20 22 -23 -24 -25 25 -27 -28 -29 -30 -31
leaf_value=-0.0037626575756794143 -0.0062750758044280031 -0.011739468445181303 0.0016748676332512379 0.014521146325291117 -0.0032133461835676344 -0.0058215714991073381 -0.0029973498081569457 -0.0059776856498524487 0.0042727950764983461 -0.0011597757704779408 0.0017934013964342229 0.011502621101881955 0.0077362892056599426 -0.0011196105825268066 0.0060810242885316187 0.020753729564971624 0.020999999999999998 0.0019426533353709683 0.0023927498820002979 0.0013503035022807137 0.018090830132735117 0.020999999999999998 -0.0041089331140282542 0.018197030373453306 -0.011027948852637548 -0.0047547496460643868 0.011164336025126953 0.0029280178752546077 0.020999999999999998 0.020649999985627478
leaf_weight=21.553850427269936 483.61937621235847 160.66501898318529 805.55492644011974 18.355668231844902 84.729712300002575 188.40924713015556 594.94751762598753 77.355357751250267 17.214079543948174 48.042684808373451 643.4620705395937 20.454405814409256 63.621527224779129 43.547847464680672 273.13569656014442 31.134919494390488 29.178935006260872 78.383809104561806 29.496291637420654 16.617570303380489 10.912930496037005 17.106893315911293 44.491300068795681 8.1584332510828954 23.25815561413765 82.817290470004082 42.590916752815247 95.929573386907578 17.216645672917366 21.098495110869408
leaf_count=105 3611 1792 2393 85 646 1326 2802 350 69 179 2443 73 258 122 646 68 56 166 71 100 62 99 258 44 109 275 126 384 57 85
internal_value=-5.5367e-05 -0.00404147 0.00176167 -0.00283987 -0.00418384 -0.00145358 0.000269986 0.00185996 -0.00161438 0.00510889 0.000959438 -0.00251541 0.00796789 0.00353812 0.00279055 0.00734651 0.00953852 0.00699082 0.0137346 0.00306781 0.0076541 0.0197954 0.000263738 -0.00133286 0.00141723 0.000433848 0.00308998 0.000204667 0.0138558 0.0109523
internal_weight=4093.06 1277.66 2815.4 1117 854.045 370.426 1524.97 827.091 697.875 82.4734 720.817 615.402 106.274 1290.43 1078.69 211.742 168.194 137.059 58.6752 182.017 89.1287 33.7245 55.4042 92.8881 262.952 244.596 161.779 119.188 34.4307 84.72
internal_count=18860 8917 9943 7125 6146 2535 6421 3241 3180 305 2793 2875 448 3522 3039 483 361 293 127 1209 519 199 320 690 979 894 619 493 126 343
cat_boundaries=0 1 2
cat_threshold=10 1
is_linear=0
shrinkage=0.03


Tree=81
num_leaves=31
num_cat=1
split_feature=14 7 7 11 3 18 7 15 3 7 18 8 17 2 6 18 17 9 12 6 9 8 8 11 17 11 8 10 18 11
split_gain=38.0178 13.9922 9.34038 7.09685 5.83849 5.36761 4.13503 4.00159 4.91049 3.76461 3.53273 3.56848 3.53033 3.51517 4.3668 3.50666 3.56917 4.348 3.43655 3.39587 3.87581 3.64656 3.33854 3.25968 3.64192 3.53616 4.15531 3.91096 3.37139 3.25208
threshold=0 13.6775 1.0000000180025095e-35 2.1077677224736053 0.057681621826449418 1162.5000000000002 2.5633333333333339 1.1530000000000002 0.023292342799188646 5.1900000000000004 1242.5000000000002 9.0900000000000016 1177.5000000000002 0.15339285714285719 4.0000000000000027 1042.5000000000002 1091.2500000000002 3.1225000000000009 1.0000000180025095e-35 8.8833333333333364 2.390000000000001 6.0200000000000014 12.580000000000004 3.2705518018018025 1148.7500000000002 1.9372184684684688 19.858333333333338 0.089741794871794886 1117.5000000000002 4.5810202550637671
decision_type=1 8 10 10 10 2 8 10 8 10 2 8 2 8 10 2 2 10 2 10 10 10 10 10 2 8 8 10 2 10
left_child=3 2 -2 4 10 6 -5 12 -9 13 11 19 -7 14 -6 16 -4 -18 -14 20 -1 -21 -17 25 -25 26 27 -3 -27 -10
right_child=1 23 15 5 9 7 -8 8 29 -11 -12 -13 18 -15 -16 22 17 -19 -20 21 -22 -23 -24 24 -26 28 -28 -29 -30 -31
leaf_value=-0.0017408496267178419 -0.012718801439488369 0.00032051080281492552 0.019671521985397233 -0.0058338707203804937 0.0056992225943297671 -0.0040154238718614231 0.0049430791757621405 0.015138855651197516 0.0011328034414762754 0.0012888702675950981 -0.0071654579676683526 -0.0039994481040351157 -0.0026652390994424727 0.00093793603702492067 0.020999999999999998 -0.0027433321451591198 -0.0072274681848893485 0.01510386723391636 0.013422833994230741 0.018254658987742024 0.01399004659327948 0.00088820351765694135 -0.0067141379966597055 0.013849543464443918 0.0014423515348636795 0.0023349101750446697 -0.0040139979260212892 0.018901873407106428 -0.0073023134802326257 0.0073945468201035043
leaf_weight=148.21335050463676 151.46247052401304 17.742066070437431 9.5461027473211271 33.099107846617699 23.304611667990685 176.43596174567938 1003.9999568164349 26.967266499996185 509.03402704000473 366.97407807409763 104.75807112455368 184.43563143908978 24.52519254386425 28.417172878980637 16.120519027113914 320.87602207809687 27.37907599657774 10.999477028846739 23.304761186242104 20.813086941838264 15.577614948153494 22.805359870195389 469.24140214920044 35.481836676597595 53.243865132331848 55.708788976073265 27.564506970345974 23.964899241924286 78.996787585318089 87.474911913275719
leaf_count=732 1705 85 64 128 100 725 2806 112 1609 1418 602 904 82 114 67 2246 181 65 69 77 62 100 3533 112 167 230 138 95 376 207
internal_value=0.000137327 -0.00412609 -0.00586273 0.00208565 -4.9255e-05 0.00315171 0.00459913 0.00138098 0.00261714 0.00248909 -0.00227178 -0.00096348 -0.00205566 0.00898135 0.0147789 -0.00462361 0.00325594 -0.000827201 0.00517355 0.00173621 -0.000244736 0.00917482 -0.00510155 0.00160382 0.00640405 -0.000484173 0.00502406 0.0109974 -0.00331675 0.00205106
internal_weight=4098.47 1282.21 989.505 2816.26 931.419 1884.84 1037.1 847.742 623.476 434.816 496.603 391.845 224.266 67.8423 39.4251 838.042 47.9247 38.3786 47.83 207.409 163.791 43.6184 790.117 292.703 88.7257 203.977 69.2715 41.707 134.706 596.509
internal_count=18911 8997 7794 9914 4176 5738 2934 2804 1928 1699 2477 1875 876 281 167 6089 310 246 151 971 794 177 5779 1203 279 924 318 180 606 1816
cat_boundaries=0 1
cat_threshold=10
is_linear=0
shrinkage=0.03


Tree=82
num_leaves=31
num_cat=0
split_feature=10 7 3 15 10 17 7 7 7 1 0 17 11 17 7 16 16 0 0 16 0 13 11 11 3 2 13 1 8 13
split_gain=35.0043 14.4808 9.58651 7.50239 6.85458 5.00928 5.54811 4.09208 6.71418 7.36886 4.0672 3.63865 6.95513 3.76189 3.52405 3.48931 6.00982 3.44706 8.9629 5.38532 3.75364 3.69299 3.37449 5.99876 6.22061 5.90431 4.76049 3.899 3.82388 3.18074
threshold=0.087505780479538373 2.9399999999999999 0.086074109578641519 0.37549000000000005 0.3619038624460465 1057.5000000000002 4.2900000000000018 9.9500000000000028 11.645000000000001 0.098000000000000045 0.0099999999999999985 1210.0000000000002 2.6649659863945581 1068.7500000000002 31.610000000000003 2.1550000000000007 2.3610000000000002 0.14339500000000005 0.17000166666666675 1.8870000000000002 0.12349166666666669 9.6500000000000004 3.0515030946065433 1.7463737649779274 0.24430394350687193 0.1367757936507937 5.9500000000000011 0.11802800000000004 9.3266666666666698 7.4500000000000011
decision_type=10 8 10 8 10 2 10 10 10 10 10 2 10 2 10 10 10 10 10 10 10 2 10 10 10 10 2 10 10 2
left_child=1 -1 15 11 7 -6 -7 10 9 -9 -4 13 -13 -3 -14 29 -17 20 -19 -20 21 -8 23 24 27 26 -25 -10 -24 -2
right_child=2 3 4 -5 5 6 17 8 22 -11 -12 12 14 -15 -16 16 -18 18 19 -21 -22 -23 28 25 -26 -27 -28 -29 -30 -31
leaf_value=-0.0080605821533822255 -0.001363619710353947 0.0096100620907797561 0.011187672081860747 -0.0037496431203743021 -0.006903019651632758 0.018812880191825913 0.0035623264226826313 0.020999999999999998 -0.0042664050050027578 0.0008826174412660912 -0.0042778643215728111 0.020999999999999998 -0.0010887746746240255 -0.0013513088714092744 0.013385886387587712 0.012404118618330075 -0.001179491616614393 0.018036210760018573 0.0030837168373445147 0.012588348376212186 -0.0047398155304776007 0.016873258239861251 0.016153536959024169 0.00061597382519548727 0.020999999999999998 -0.0055830321043045979 0.017674274562989024 0.0098402673573582018 0.0033437277489175099 0.0044995800060012485
leaf_weight=460.72993838042021 811.29371526837349 31.826834261417389 17.251140758395195 573.20130534470081 26.267929807305336 31.147621467709541 193.39231459796429 25.504481554031372 36.684634357690811 22.813433110713959 135.59711726009846 21.242056079208851 60.830843038856983 245.82448594272137 20.153131723403931 51.64517780393362 67.79380588978529 62.853418171405792 210.21867534518242 72.036915451288223 44.301177263259888 20.773781031370163 22.221437752246857 92.822183355689049 20.784550994634628 170.70109851658344 17.499782472848892 33.95609575510025 373.32892394065857 92.797189697623253
leaf_count=4232 3914 158 78 3478 95 99 566 101 153 91 597 80 224 1082 44 209 283 148 486 138 119 41 57 341 67 523 47 115 956 256
internal_value=0.000119054 -0.00369378 0.00215042 -0.00158281 0.00357919 0.00593477 0.00646606 0.00197264 0.00281616 0.0136633 -0.00253235 0.00168674 0.00652556 -9.48202e-05 0.00251329 -0.000125152 0.00469403 0.0058289 0.00779092 0.00550948 0.00320918 0.00485347 0.00213372 8.43842e-05 0.00675947 -0.00208722 0.00332184 0.00251449 0.00406336 -0.000761812
internal_weight=4067.5 1413.81 2653.69 953.079 1630.16 660.992 634.724 969.165 816.317 48.3179 152.848 379.877 102.226 277.651 80.984 1023.53 119.439 603.576 345.109 282.256 258.467 214.166 767.999 372.448 91.4253 281.023 110.322 70.6407 395.55 904.091
internal_count=18778 9298 9480 5066 4818 1692 1597 3126 2451 192 675 1588 348 1240 268 4662 492 1498 772 624 726 607 2259 1246 335 911 388 268 1013 4170
is_linear=0
shrinkage=0.03


Tree=83
num_leaves=31
num_cat=1
split_feature=14 10 9 6 8 18 13 6 9 2 2 18 0 9 13 3 3 11 11 18 0 13 2 3 2 8 10 15 11 11
split_gain=29.1518 15.0164 7.04411 6.86866 5.32466 4.70978 4.39278 4.35424 4.07404 4.5802 5.14954 3.86036 3.64432 4.17336 3.98573 3.40016 3.45469 3.31349 3.17885 3.14707 3.08097 3.01635 2.95221 2.92895 2.85896 2.8932 2.74675 3.25452 4.26196 7.10864
threshold=0 0.064288566865740901 4.8450000000000015 38.316666666666677 23.72666666666667 1327.5000000000002 5.5500000000000007 1.0000000180025095e-35 5.0450000000000017 0.24333333333333337 0.40423652047369479 1292.5000000000002 0.21012666666666671 5.5100000000000016 7.1500000000000012 0.21000000000000005 0.17885515477201072 1.2731560891938252 4.7631168831168837 1292.5000000000002 0.11369666666666668 6.2500000000000009 0.069988333333333361 0.089812045909799507 0.37312500000000004 0.80000000000000082 0.076870330450536928 0.30152000000000007 2.5321840781296245 2.2009174311926611
decision_type=1 8 10 10 10 2 2 10 10 10 10 2 10 10 2 10 10 8 10 2 10 2 10 10 10 8 8 10 10 10
left_child=2 3 6 7 5 8 19 -2 20 12 21 18 13 14 -10 16 -15 -8 -3 26 -4 -11 -21 -24 25 -19 27 28 29 -1
right_child=1 11 4 -5 -6 -7 17 -9 9 10 -12 -13 -14 15 -16 -17 -18 24 -20 22 -22 -23 23 -25 -26 -27 -28 -29 -30 -31
leaf_value=0.00098272426956450519 -0.011611995054974464 0.000183404644821601 0.0080525913366911832 0.020999999999999998 0.0014306722692330137 -0.0039638021057660624 0.01107290591204931 -0.0057926708107948702 -0.003545319017035272 0.0079156574841997007 0.00041501590012468624 -0.0059944399176956745 -0.007051840523303942 0.0061166554059060583 0.01151920507448312 -0.0019850428417644145 0.017397269686267383 -0.0093637547315663806 0.013912706784022124 -0.0090659788728745128 0.020999999999999998 0.017888707975357087 0.013814841772703571 -0.0038078353472497653 0.0094040934003784792 0.0018619020854044514 0.0010215856722114243 -0.0055523894947165286 -0.0079287346261687121 0.020999999999999998
leaf_weight=56.674051657319069 155.22449517250061 537.10095417499542 37.908248201012611 7.3235281854867926 600.79991316795349 46.644533783197403 39.275384336709976 454.70080093294382 87.207458510994911 52.60108757019043 39.183481618762016 94.348955705761909 26.766190677881241 262.67933951318264 19.305922329425812 41.81988912820816 26.939297407865524 21.684900730848312 15.619432330131529 72.02164513617754 22.707592889666557 56.731069564819336 11.49329164624214 32.462485879659653 43.206938356161118 438.55825079977512 608.70104104280472 147.66987140476704 30.134207308292389 12.11128957569599
leaf_count=298 1764 3006 127 21 1618 166 135 3480 296 129 82 606 62 758 50 103 61 75 40 440 62 108 63 157 102 1347 2611 870 146 56
internal_value=0.000220969 -0.00355112 0.00190882 -0.00692671 0.00351621 0.00525528 0.000518625 -0.00727367 0.00589343 0.00516005 0.00974631 -0.000385977 0.00369436 0.00435113 -0.000814821 0.0060113 0.00716594 0.00268039 0.000571384 -0.000689327 0.0133129 0.0130905 -0.00532673 0.000800036 0.00202567 0.00133299 -6.04943e-05 -0.00273159 0.00147939 0.00560099
internal_weight=4099.61 1264.32 2835.29 617.249 1321.29 720.494 1513.99 609.925 673.85 613.234 148.516 647.069 464.718 437.952 106.513 331.439 289.619 542.725 552.72 971.268 60.6158 109.332 115.977 43.9558 503.45 460.243 855.29 246.589 98.9195 68.7853
internal_count=18839 8917 9922 5265 3622 2004 6300 5244 1838 1649 319 3652 1330 1268 346 922 819 1659 3046 4641 189 237 660 220 1524 1422 3981 1370 500 354
cat_boundaries=0 1
cat_threshold=10
is_linear=0
shrinkage=0.03


Tree=84
num_leaves=31
num_cat=2
split_feature=14 6 14 6 16 16 8 10 10 16 15 15 13 16 10 10 13 3 3 15 3 15 2 11 15 10 10 6 8 8
split_gain=29.1476 14.391 6.71719 6.27432 5.33269 4.71672 6.49792 4.87728 4.22161 5.81599 3.76865 3.1927 3.01234 3.31319 3.90132 8.76163 2.9184 6.12631 2.85236 2.7333 3.08919 3.91598 2.99154 2.69842 2.82373 4.26957 3.4981 2.62194 4.27663 2.57837
threshold=0 8.6833333333333389 1 21.150000000000006 1.7510000000000001 1.4390000000000003 13.546666666666669 0.1989333427004645 0.26988708975052494 1.8968100000000001 2.1290000000000004 1.8470000000000002 5.0500000000000007 2.0755000000000003 0.066026726943942141 0.13287858925388338 5.1500000000000012 0.099455195230998522 0.06203642066003618 0.5238600000000001 0.090006415271475529 1.9760000000000004 0.12336477987421386 1.6258333333333337 1.9310000000000003 0.49626369759322259 0.40972378679476978 8.3416666666666686 13.445000000000002 10.380000000000004
decision_type=1 10 1 10 10 10 10 10 10 10 10 10 2 10 10 10 2 8 10 8 10 10 8 10 10 10 10 10 10 10
left_child=3 2 29 12 23 -3 18 -8 -6 -10 -11 -9 13 19 -15 -16 17 -14 -7 27 -21 22 -22 -5 25 -25 -26 -1 -29 -2
right_child=1 5 -4 4 8 6 7 11 9 10 -12 -13 16 14 15 -17 -18 -19 -20 20 21 -23 -24 24 26 -27 -28 28 -30 -31
leaf_value=-0.0025546196258629107 -0.0024111246552496078 -0.0025016487719484604 -0.011796252619869795 -0.005084414866301454 0.0024271532058177396 0.020999999999999998 -0.0028443567464393176 0.015211947673862769 0.018533661213695287 0.0030750957399525852 0.014417661261131275 -3.3498534843071385e-05 0.020433536520353974 -0.0090563537225003734 0.020999999999999998 0.0010387432965287171 0.0013090148419838841 -0.0039565843311701277 0.0073376093628706425 -0.0041154350436660124 0.0043105067841038196 0.01162312646754405 -0.0051837672194668775 0.0028761796339115023 0.0029505171137276503 0.012231426538211127 -0.0064146388841304705 0.017630157838061433 -0.0019164345903985444 -0.0062175984034157699
leaf_weight=34.027550630271435 266.68942279368639 220.23392599821091 154.11651050299406 42.799737602472305 105.62945993244648 20.593155100941658 109.51446437835693 27.898165255784988 51.149792701005936 86.798528730869293 37.864289551973343 22.20120133459568 21.227759376168251 15.407778710126875 18.405969396233559 50.827348351478577 1238.3863529860973 16.451916292309761 33.730349346995354 347.79788943380117 51.540847361087799 26.0174271017313 71.033022090792656 373.02224981784821 89.085231482982635 49.762273252010345 60.120806068181992 22.134968757629395 18.488382697105408 400.92347446084023
leaf_count=206 1980 1088 1792 146 282 108 513 75 97 168 68 60 97 92 90 207 4148 66 148 1925 229 106 317 1009 225 112 129 101 90 3135
internal_value=-2.20005e-05 -0.00380745 -0.00617206 0.00166668 0.00374716 0.000580204 0.00375276 0.000702593 0.00716737 0.0100153 0.00652021 0.00845603 0.000710073 -0.000942606 0.00459652 0.00763494 0.00155927 0.00978418 0.0127148 -0.00176363 -0.00256852 0.00105223 -0.00119154 0.00218144 0.00272511 0.0039773 -0.000823062 0.00358849 0.00873417 -0.00462772
internal_weight=4083.88 1255.9 821.729 2827.98 896.232 434.171 213.937 159.614 281.442 175.813 124.663 50.0994 1931.75 655.681 84.6411 69.2333 1276.07 37.6797 54.3235 571.04 496.389 148.591 122.574 614.79 571.991 422.785 149.206 74.6509 40.6234 667.613
internal_count=18809 8899 6907 9910 2236 1992 904 648 615 333 236 135 7674 3363 389 297 4311 163 256 2974 2577 652 546 1621 1475 1121 354 397 191 5115
cat_boundaries=0 1 2
cat_threshold=10 1
is_linear=0
shrinkage=0.03


Tree=85
num_leaves=31
num_cat=0
split_feature=13 10 6 18 12 15 2 16 11 6 15 0 10 3 18 0 18 6 16 11 16 6 18 11 8 6 10 15 8 15
split_gain=26.2379 14.3138 6.74817 4.53773 6.68651 5.07608 6.34351 4.35406 7.59241 4.44823 3.86463 5.30513 4.05759 4.58483 4.49071 5.94468 3.79634 3.76285 3.7267 5.32327 5.00471 4.9698 3.72313 3.69751 3.90261 3.67917 3.4964 3.45098 3.25145 3.20489
threshold=5.2500000000000009 0.079674680614316068 0.60000000000000042 1162.5000000000002 1.0000000180025095e-35 1.1063333333333336 0.17701908045977013 1.1860000000000004 3.4977477477477481 24.066666666666674 1.5990000000000004 0.24752000000000007 0.092922402038189536 0.21280178172699146 1117.5000000000002 0.073228333333333367 1071.2500000000002 16.300000000000008 0.99900000000000022 4.5022123893805324 1.5390000000000004 37.516666666666673 1205.0000000000002 4.5022123893805324 30.580000000000005 29.916666666666668 0.21014410071843101 1.5190000000000003 7.0450000000000008 1.9229999999999998
decision_type=2 10 8 2 2 8 10 10 10 10 8 10 8 10 2 10 2 10 10 10 10 10 2 8 10 10 10 10 8 10
left_child=1 2 -1 5 26 6 -2 8 -3 -9 23 12 -12 14 29 -16 17 -4 21 20 22 28 -20 24 27 -15 -5 -7 -6 -14
right_child=3 7 16 4 18 10 -8 9 -10 -11 11 -13 13 25 15 -17 -18 -19 19 -21 -22 -23 -24 -25 -26 -27 -28 -29 -30 -31
leaf_value=-0.0093683503489188757 0.005543344889016622 -0.0044011373847173971 -0.0011589790498056694 -0.005533886854084266 0.0082607731813319624 0.0015100080236921903 0.020075598057574588 0.00025703551345338714 0.01880837726360499 0.0067603369847136609 -0.0075761209911232412 0.010007526249700948 0.006305574089451634 0.0013404026730889154 0.0040278841182958946 0.020898007302669844 -0.0046335916532859499 0.01283294574027658 0.01324188630626935 0.0147805302219483 -0.00083085500753594488 0.015348337811894755 0.003841271967284269 -0.0091132568604982596 0.013441844479155675 -0.011636814318098283 6.6223077674268309e-05 -0.0078061971839944498 -0.0042687988337834501 -0.0004625679006460304
leaf_weight=244.15790747106075 271.51441030949354 254.37240087240934 109.18158842623234 150.58194675296545 22.022311061620712 232.20992913842201 30.02302585542202 649.30803118646145 13.350763984024523 110.81408846378326 32.780444771051407 107.2070209980011 134.41409669071436 68.358333334326744 42.799525827169418 33.523704797029495 564.10934849828482 20.554981008172035 56.504312060773373 43.466410011053085 132.22713609784842 15.869921058416365 115.26866334676743 36.305156908929348 21.171934626996517 27.601055532693863 300.72611005604267 42.304991118609905 121.36881060898304 118.46214289218187
leaf_count=2511 912 1378 722 666 89 686 70 3225 57 321 231 202 383 158 131 83 3863 83 174 95 407 42 399 84 55 58 916 127 472 321
internal_value=0.000107679 -0.00239914 -0.00507884 0.00239265 0.000853421 0.00362288 0.00699027 4.63242e-05 -0.00324373 0.00120512 0.00249106 0.0040002 0.00259384 0.00337796 0.00505995 0.0114378 -0.0035694 0.00105785 0.00321868 0.00496047 0.00355638 -0.00058144 0.00693358 -7.79254e-05 0.00103145 -0.00239227 -0.00180229 7.43047e-05 -0.00234448 0.00313498
internal_weight=4122.56 1965.85 938.004 2156.71 958.036 1198.68 301.537 1027.85 267.723 760.122 897.138 565.146 457.939 425.159 329.199 76.3232 693.846 129.737 506.728 347.467 304 159.261 171.773 331.992 295.687 95.9594 451.308 274.515 143.391 252.876
internal_count=18921 12160 7179 6761 3260 3501 982 4981 1435 3546 2519 1567 1365 1134 918 214 4668 805 1678 1075 980 603 573 952 868 216 1582 813 561 704
is_linear=0
shrinkage=0.03


Tree=86
num_leaves=31
num_cat=0
split_feature=10 6 3 13 18 1 6 13 8 1 10 11 5 10 9 1 18 9 8 11 13 13 17 13 11 11 2 9 10 0
split_gain=30.7633 12.6053 7.48487 7.12937 5.39477 4.36423 5.78174 7.74549 6.83108 4.1182 4.0805 3.95643 3.59017 7.80862 3.61996 3.44746 3.42883 3.46112 3.34276 3.31882 3.29881 3.16978 3.05613 3.38223 2.80237 2.87825 2.79939 4.32453 4.29639 3.66029
threshold=0.08248101252920749 0.60000000000000042 0.082125000000000017 5.6500000000000012 1242.5000000000002 0.028000000000000014 6.1333333333333355 5.8500000000000005 4.0200000000000005 0.022000000000000023 0.10443652036852039 1.2420912420912422 1.0000000180025095e-35 0.3619038624460465 3.7100000000000009 0.014000000000000007 1082.5000000000002 3.2633333333333341 10.72666666666667 3.5633012820512824 5.0500000000000007 10.450000000000001 1077.5000000000002 4.4500000000000011 0.5761140819964351 1.8057628524046436 0.060000000000000026 5.8708333333333345 0.38936675694374562 0.049999999999999996
decision_type=10 8 10 2 2 10 10 2 10 10 10 10 10 10 10 10 2 10 8 10 2 2 2 2 10 10 10 10 10 10
left_child=1 -1 5 16 9 6 12 8 -8 20 -10 -12 14 -14 -2 -9 17 18 -3 -19 -4 -6 -11 -24 -18 -26 29 -28 -29 -7
right_child=2 3 4 -5 21 26 7 15 10 22 11 -13 13 -15 -16 -17 24 19 -20 -21 -22 -23 23 -25 25 -27 27 28 -30 -31
leaf_value=-0.0092216563891302904 -0.0003005752669175694 0.0021077246071499766 0.020999999999999998 0.0025313876914345229 -0.00056062257497106521 -0.0027105977661857428 0.020999999999999998 0.020999999999999998 0.013060518247660625 -0.00042100147882086523 0.0084145900602242002 -0.0060870581255330486 -0.0027509825463194353 0.020999999999999998 -0.010146059969663336 0.0095570396194769418 -0.01054586717069164 0.0074423778283933322 -0.0073132257288275101 -0.0085272933042848977 0.0059725011428506027 0.01202223309914721 -0.0057401273011450146 0.0045530329461495123 -0.0011761374878545203 -0.0055529760789469751 -0.0020752359349285026 0.016513438200263221 -0.0014621114001242381 -0.01221133646538817
leaf_weight=280.13165155053139 298.00677023082972 61.74551522731781 17.075844183564186 235.81459281593561 368.279511757195 199.39342804253101 13.855413466691969 18.585970193147659 17.168562576174736 138.84516254067421 21.877004973590374 74.910609766840935 22.228485360741615 13.540084004402159 37.882781028747559 36.802893877029419 62.044832572340965 68.487212307751179 75.154923439025879 14.128138683736323 22.999454602599144 18.945168614387512 29.484249249100685 1124.3873661756516 223.00896251946688 343.51452521979809 161.4372041374445 25.787146881222725 22.328991681337357 44.672394767403603
leaf_count=2857 1542 375 72 764 1304 914 58 55 104 476 112 364 120 48 191 120 439 337 539 66 71 38 131 2977 1549 2175 703 79 69 206
internal_value=0.000129839 -0.00354884 0.00196889 -0.00208271 0.00317203 -8.31518e-05 0.00170127 0.00606309 0.00200232 0.00407764 -0.000418309 -0.00280924 -0.000448796 0.00858675 -0.00141098 0.0154334 -0.00336568 -0.000137801 -0.00306414 0.00471139 0.0135489 5.50002e-05 0.00378403 0.00429002 -0.00449296 -0.00383006 -0.00226582 0.000277575 0.00817162 -0.00444956
internal_weight=4092.52 1364.03 2728.49 1083.9 1720.02 1008.48 554.859 183.2 127.812 1332.79 113.956 96.7876 371.658 35.7686 335.89 55.3889 848.084 219.516 136.9 82.6154 40.0753 387.225 1292.72 1153.87 628.568 566.523 453.619 209.553 48.1161 244.066
internal_count=18855 9101 9754 6244 5069 4685 2714 813 638 3727 580 476 1901 168 1733 175 5480 1317 914 403 143 1342 3584 3108 4163 3724 1971 851 148 1120
is_linear=0
shrinkage=0.03


Tree=87
num_leaves=31
num_cat=1
split_feature=6 14 13 18 16 17 6 1 3 18 9 16 18 2 9 2 9 16 15 3 0 9 11 2 1 17 6 15 1 15
split_gain=32.6802 12.5666 9.07113 8.13091 6.03412 5.37739 5.3693 5.59652 4.68143 5.35251 4.53756 4.68083 4.50899 4.86646 6.85986 6.37245 4.50144 4.92268 4.59043 4.43224 3.63365 3.58269 3.49785 3.4445 6.55683 3.33843 3.14782 3.08809 5.35646 2.98397
threshold=5.741666666666668 0 5.3500000000000005 1191.2500000000002 1.7510000000000001 1105.0000000000002 15.883333333333336 0.19017700000000004 0.086074109578641519 1015.0000000000001 5.1225000000000014 1.9909999999999999 1055.0000000000002 0.020948275862068978 2.890000000000001 0.0063983333333333349 0.76333333333333353 2.3470000000000004 2.2220000000000009 0.02251050420168068 0.024353333333333341 7.5100000000000007 4.5022123893805324 0.10505774316779316 0.07792900000000004 1310.0000000000002 24.066666666666674 1.0630000000000002 0.12800300000000006 2.3246600000000002
decision_type=10 1 2 2 10 2 10 10 10 2 10 10 2 10 10 10 8 10 10 8 10 10 10 10 10 2 10 10 10 10
left_child=1 -1 8 16 12 10 -7 21 -2 -10 -6 -12 -4 14 -14 -16 17 18 -3 -18 -15 -8 -5 24 -11 -21 29 28 -22 -25
right_child=2 3 4 22 5 6 7 -9 9 23 11 -13 13 20 15 -17 19 -19 -20 25 27 -23 -24 26 -26 -27 -28 -29 -30 -31
leaf_value=-0.011760511166036162 -0.0019236834821833831 0.00049348456644693361 0.012544840684180127 -0.0065876667162782431 0.020638287253880054 -0.00055044208133036773 0.013330646935057044 0.0018319225897494382 0.015219266357281139 0.020077238049056128 0.016619598750747151 -0.00029783695179619253 0.020196478647537212 -0.0084459280959796254 0.0019737367278184655 0.018225429814972615 -0.0048212325405943288 0.02045177505722388 0.020999999999999998 -0.00073321983373234338 0.0014730131990609611 0.0030676555597298435 0.0086611295489050187 -0.0032113576306323807 0.0021378127803837583 0.0087790346112700569 0.0032168233781241146 0.00052489819929399796 0.01768220104402396 0.011174338464083444
leaf_weight=152.24669460952282 628.95623751729727 126.69706179201603 36.075562074780464 404.33736595511436 37.145590543746948 127.55175770819187 114.77881376445293 112.97421181201935 25.89914382994175 23.159534081816673 26.652149558067322 32.877338171005249 25.645381718873978 37.19989575445652 193.82032264769077 24.454314649105072 270.93206828087568 14.427428685128687 9.805605508387087 262.63138172775507 58.641810737550259 41.747344255447388 14.007570914924143 215.63893130421638 88.052084028720856 38.012224413454533 152.36511623859406 756.68875250220299 26.703695356845856 13.807970523834227
leaf_count=1823 3449 756 82 2718 106 371 256 217 77 107 62 80 92 132 606 91 1874 69 50 1340 189 84 56 966 375 143 452 2090 71 57
internal_value=4.40617e-05 -0.00390071 0.00186529 -0.00272485 0.00328803 0.00606543 0.00452055 0.00692059 -0.000183465 0.00192575 0.0124104 0.00727633 0.00210511 0.00176979 0.00551897 0.00379449 -0.000821547 0.00378659 0.00202519 -0.00203837 0.000729677 0.0105934 -0.00607709 0.00122743 0.00587365 0.000469473 -0.000125892 0.00113504 0.00654469 -0.00234564
internal_weight=4093.93 1293.1 2800.84 1140.85 1652.96 493.727 397.052 269.5 1147.88 518.923 96.6751 59.5295 1159.23 1123.15 243.92 218.275 722.506 150.93 136.503 571.576 879.234 156.526 418.345 493.024 111.212 300.644 381.812 842.034 85.3455 229.447
internal_count=18841 8829 10012 7006 4529 1176 928 557 5483 2034 248 142 3353 3271 789 697 4232 875 806 3357 2482 340 2774 1957 482 1483 1475 2350 260 1023
cat_boundaries=0 1
cat_threshold=4
is_linear=0
shrinkage=0.03


Tree=88
num_leaves=31
num_cat=0
split_feature=7 8 10 18 18 7 6 10 6 11 13 7 17 8 2 0 6 2 6 8 6 8 0 11 15 18 11 6 8 10
split_gain=25.546 9.22543 7.64315 5.34253 4.89795 5.0513 5.25567 4.26318 4.12449 6.07359 3.80696 3.68408 3.43331 3.31144 3.09404 5.60229 3.0926 2.96773 2.80579 2.76275 3.99798 2.76121 3.37629 3.26219 3.68116 3.15584 5.51642 2.91244 2.69845 2.68126
threshold=3.4550000000000005 15.420000000000002 0.18968380796871492 1267.5000000000002 1292.5000000000002 5.1900000000000004 23.583333333333339 0.27762405879248969 30.683333333333337 4.5022123893805324 5.7500000000000009 7.910000000000001 1162.5000000000002 18.926666666666673 0.050000000000000037 0.01999999999999999 56.216666666666676 0.0097025702811244993 27.566666666666674 0.22000000000000003 0.36666666666666686 20.090000000000007 0.016666666666666666 1.2731560891938252 1.2140000000000002 1071.2500000000002 3.0327956989247316 13.141666666666669 4.8200000000000021 0.40972378679476978
decision_type=10 10 10 2 2 10 10 10 10 10 2 8 2 10 8 10 10 10 10 10 10 10 10 10 10 2 10 10 10 10
left_child=1 3 11 7 5 14 17 28 9 10 18 -2 -12 -6 15 -4 -10 -7 -8 -9 -21 22 -19 24 -24 26 -25 -26 -1 -16
right_child=2 -3 4 -5 13 6 8 19 16 -11 12 -13 -14 -15 29 -17 -18 21 -20 20 -22 -23 23 25 27 -27 -28 -29 -30 -31
leaf_value=-0.00066897282838498451 -0.0026236964142802473 -0.0094756514882381928 0.0060894429989497949 -0.0090173787792317966 -0.0047912462830382967 0.012663107504778139 0.0063204004668450057 -0.0032798981802326498 0.0019525796730773398 0.019131125250685527 -0.0026498296387440956 0.00071572111502550355 0.0078208671879447782 0.0028503540261846211 -0.0025456008293420662 0.020999999999999998 0.011865763326879008 -0.0039550186453936971 0.017030435367422072 0.019713698877494641 0.0033337483186668296 -0.0013863430604351629 0.019444327629978386 0.00010255808494021003 -0.003053220194869 0.0010356407344293253 0.015442043954749728 0.012465001778964598 -0.0055235690934353271 0.013027731443601446
leaf_weight=242.46962632983923 415.51711329817772 237.92363007366657 27.159667417407036 96.935801923274994 121.70610716938972 20.681647688150406 55.141965791583061 33.569580063223839 290.20532464981079 37.909193903207779 58.786405652761459 1045.2640167847276 54.141074240207672 87.897658199071884 21.85888209939003 15.3438334017992 31.38623782992363 68.539842277765274 36.644957363605499 17.335399851202965 59.238757446408272 264.22492137551308 21.839219331741333 43.999656483530998 22.795700326561928 370.92360883951187 40.541070714592934 20.831383526325226 179.21930751204491 18.263015076518059
leaf_count=1535 2661 2401 109 744 495 76 144 113 617 64 126 4447 110 293 85 56 63 253 84 63 219 787 87 130 96 1165 86 78 1443 58
internal_value=0.000123529 -0.00444402 0.00136386 -0.00254007 0.00271258 0.00330496 0.00289066 -0.00135947 0.00514799 0.00810103 0.00605847 -0.000234171 0.00237016 -0.00158673 0.0105184 0.0161587 0.00292007 0.00143407 0.0105963 0.00389606 0.00704196 0.00116203 0.00230432 0.00312787 0.00938974 0.00222782 0.00745853 0.00435654 -0.00273219 0.0045432
internal_weight=4058.29 866.692 3191.6 628.768 1730.82 1521.22 1438.59 531.833 564.215 242.624 204.714 1460.78 112.927 209.604 82.6254 42.5035 321.592 874.377 91.7869 110.144 76.5742 853.695 589.47 520.931 65.4663 455.464 84.5407 43.6271 421.689 40.1219
internal_count=18688 6518 12170 4117 5062 4274 3966 3373 1208 528 464 7108 236 788 308 165 680 2758 228 395 282 2682 1895 1642 261 1381 216 174 2978 143
is_linear=0
shrinkage=0.03


Tree=89
num_leaves=31
num_cat=0
split_feature=13 10 7 18 13 18 2 11 10 8 11 11 5 2 13 11 18 5 2 7 7 6 3 3 0 6 3 2 11 6
split_gain=27.87 14.293 7.4691 5.9194 4.54075 4.23181 3.72412 4.26563 3.87587 3.52342 3.46787 6.4799 3.33137 3.52371 3.31896 5.0064 3.21594 4.76901 3.31877 3.13282 5.73774 2.95915 4.9137 2.94761 8.31103 4.26602 4.18396 3.69461 5.64275 3.50687
threshold=5.2500000000000009 0.077703162419045638 3.5775000000000001 1162.5000000000002 9.3500000000000032 1327.5000000000002 0.072525826762027026 2.2511261261261266 0.5400055994293943 10.380000000000004 3.3858395989974941 3.6211556383970183 1.0000000180025095e-35 0.18491673381681442 7.8500000000000005 3.7371710526315796 1215.0000000000002 1.0000000180025095e-35 0.03158182341098649 10.610000000000003 11.445000000000002 24.066666666666674 0.18294293294609751 0.086074109578641519 0.053333333333333344 13.016666666666669 0.095650300054555396 0.003333333333333334 1.7850140056022412 8.2500000000000018
decision_type=2 10 8 2 2 2 8 8 10 10 10 10 8 10 2 10 2 10 10 10 10 10 10 10 10 10 10 8 10 10
left_child=1 2 9 14 6 10 -5 12 -9 -1 23 -12 -8 -14 19 -16 -4 -18 -19 -2 -21 -17 -23 27 26 -26 -25 28 -3 -29
right_child=3 5 16 4 -6 -7 7 8 -10 -11 11 -13 13 -15 15 21 17 18 -20 20 -22 22 -24 24 25 -27 -28 29 -30 -31
leaf_value=-0.0050435388714011433 0.00065881360408355158 -0.00057117979675668147 -0.0014569332215128307 -0.0025052628766185979 0.0071186118152229711 -0.0066016336661973056 0.0022547011093494726 -0.00054292900754624449 0.0082798018364203391 -0.01068091039212281 0.020999999999999998 0.00085053404509835161 0.020999999999999998 0.0046811172241592938 0.014440518131634236 0.00028130887952885472 -0.010379739476156023 -0.007915465769011594 0.01240560482944118 0.016806804969490666 0.0036137695651458882 0.016399241888269116 0.0028305616316078976 0.020999999999999998 -0.0061957884734047172 0.0016271699480588041 0.0069241934989998002 -0.0046156580801088231 0.020999999999999998 0.00084037415216165368
leaf_weight=173.53323376178741 329.76839104294777 29.316548585891724 379.44661424309015 331.65766135603189 88.571260452270508 83.173360720276833 40.227934539318085 399.17433982342482 50.480293899774551 234.78360963612795 15.070422723889349 34.289865590631962 18.397850215435028 16.855071991682053 60.331151902675629 83.010142847895622 92.965198710560799 12.890116930007936 16.481606394052505 31.2259850949049 594.77091954648495 38.34257698059082 64.304616391658783 13.309134215116499 86.189355060458183 230.5635379254818 86.61082498729229 259.67960524559021 13.447822757065294 179.18490041047335
leaf_count=1489 1376 175 2307 1446 191 492 153 1185 139 2514 66 148 70 53 132 193 649 80 98 98 1497 68 113 59 400 794 372 1560 85 889
internal_value=7.28891e-05 -0.00253239 -0.00527225 0.00242799 0.000652 -0.000113433 -1.64878e-05 0.00155534 0.000447551 -0.00828505 0.000456016 0.00819793 0.00815464 0.0148872 0.00382508 0.00693273 -0.00282064 -0.00705038 0.00348747 0.00302525 0.00427186 0.004493 0.00789897 3.06098e-05 0.00187819 -0.000501479 0.00942191 -0.00156779 0.00684952 -0.002388
internal_weight=4088.05 1940.94 910.1 2147.12 945.364 1030.84 856.793 525.135 449.655 408.317 947.662 49.3603 75.4809 35.2529 1201.75 245.988 501.784 122.337 29.3717 955.765 625.997 185.657 102.647 898.302 416.673 316.753 99.92 481.629 42.7644 438.865
internal_count=18891 12177 7137 6714 3237 5040 3046 1600 1324 4003 4548 214 276 123 3477 506 3134 827 178 2971 1595 374 181 4334 1625 1194 431 2709 260 2449
is_linear=0
shrinkage=0.03


Tree=90
num_leaves=31
num_cat=0
split_feature=10 7 13 7 18 18 8 15 0 6 2 10 18 10 17 11 11 12 13 1 15 13 11 18 17 11 0 6 15 18
split_gain=29.8728 13.5641 7.5232 6.06325 6.01183 4.96196 5.17233 5.1396 4.32266 6.79552 5.11665 3.79934 3.68037 4.13546 3.57282 3.37216 6.37491 3.48143 8.71088 5.07381 3.07243 2.98675 2.90652 4.36913 2.71363 6.124 2.68656 2.78855 3.58783 2.72337
threshold=0.087505780479538373 2.8000000000000012 5.6500000000000012 16.590000000000007 1042.5000000000002 1215.0000000000002 18.690000000000001 2.1810000000000009 0.10333333333333337 10.516666666666667 0.084705928981348669 0.37959073814845506 1071.2500000000002 0.051287279567923921 1135.0000000000002 2.7949875466998759 2.8838894506235255 1.0000000180025095e-35 9.3500000000000032 0.080069000000000043 0.58100000000000007 5.5500000000000007 2.6683333333333334 1077.5000000000002 1210.0000000000002 3.1878094059405946 0.073228333333333367 36.116666666666674 1.9430000000000003 1122.5000000000002
decision_type=10 8 2 10 2 2 10 10 10 10 8 10 2 8 2 10 10 2 2 10 8 2 8 2 2 8 10 10 10 2
left_child=1 12 20 5 14 6 7 -2 9 10 21 -8 13 -1 -5 -6 -17 18 26 -19 22 -9 -3 -24 -4 -26 -18 28 29 -28
right_child=3 2 24 4 15 -7 11 8 -10 -11 -12 -13 -14 -15 -16 16 17 19 -20 -21 -22 -23 23 -25 25 -27 27 -29 -30 -31
leaf_value=-0.0054237984293680633 0.0020081156388805188 0.0028278682030188841 0.00030265977423225154 0.018260683514860286 0.00029265160050058226 -0.001990951777740058 -0.0050294811118780569 0.020999999999999998 0.020864444427442959 -0.0080723000076162264 -0.0019497781675504712 0.0025924448201051172 -0.0093652712067583757 0.012460795506007713 0.0059087921608075933 0.017614470675501159 -0.0085980321536447898 0.017529624558123933 0.013522492745280595 0.0044019253538117187 -0.0044291130615008592 0.0075550874445408618 0.0056006589631513162 -0.0082660840099440976 0.018470518764710789 0.0020558445720193497 0.00049943441738624415 -0.0040607823507258778 -0.0034023114747362372 0.0093758887140851458
leaf_weight=63.332822762429714 729.34089849889278 125.24380733072758 138.15590482950211 36.19009655714035 323.8928080946207 464.87817028164864 152.00528471171856 18.082763448357582 22.649737611413002 21.977187350392342 16.218995615839958 96.054867222905159 347.05352719128132 14.255243204534052 50.465359404683113 29.527532055974007 33.335836887359619 28.679641470313072 45.390487134456635 348.19582895934582 501.50709802657366 16.03374470770359 29.27083670347929 67.858204901218414 28.770012095570564 70.782246723771095 56.504537433385849 85.818875342607498 62.634579733014107 69.21142865717411
leaf_count=603 2930 692 449 76 1023 2249 726 93 63 71 66 302 3420 106 102 77 103 74 82 776 3236 46 140 356 92 208 126 195 157 190
internal_value=2.33252e-06 -0.00357909 -0.00160705 0.00183629 0.00346382 0.000597728 0.00171994 0.00286289 0.00942785 0.00584569 0.0119225 -0.00207809 -0.00804472 -0.00213786 0.0110673 0.00285553 0.00394878 0.00339585 0.00125452 0.00540092 -0.00312765 0.0185173 -0.000192527 -0.0040872 0.00302358 0.00679959 -0.000556341 0.000421436 0.00246369 0.00538626
internal_weight=4093.32 1386.23 961.588 2707.09 1169.85 1537.24 1072.36 824.303 94.9624 72.3127 50.3355 248.06 424.642 77.5881 86.6555 1083.19 759.299 729.771 352.896 376.875 723.88 34.1165 222.373 97.129 237.708 99.5523 307.505 274.169 188.351 125.716
internal_count=18829 9302 5173 9527 2981 6546 4297 3269 339 276 205 1028 4129 709 178 2803 1780 1703 853 850 4424 139 1188 496 749 300 771 668 473 316
is_linear=0
shrinkage=0.03


Tree=91
num_leaves=31
num_cat=1
split_feature=14 7 13 8 7 6 3 16 7 18 8 16 7 7 18 10 8 16 18 12 0 16 5 11 8 1 18 13 16 3
split_gain=29.5589 13.9681 7.95167 5.39397 6.05904 5.27608 4.74685 4.63298 3.52164 4.46369 4.19403 3.51884 3.51247 3.29747 3.53457 3.60821 3.29355 2.99543 2.9378 4.6069 5.40249 4.67051 5.07393 3.57504 4.01079 3.17862 2.90529 2.81618 2.72917 3.98157
threshold=0 5.3450000000000015 5.4500000000000011 10.380000000000004 0.34500000000000008 3.5666666666666678 0.078005633802816915 1.2690000000000003 16.410000000000004 1042.5000000000002 5.780000000000002 0.90500000000000014 3.1000000000000014 7.745000000000001 1242.5000000000002 0.59238160115752303 13.710000000000001 1.667 1205.0000000000002 1.0000000180025095e-35 0.070043333333333374 1.0098300000000002 1.0000000180025095e-35 4.4670995670995675 9.7000000000000046 0.11000000000000006 1108.7500000000002 6.6500000000000012 1.7790000000000001 0.028000478896103902
decision_type=1 10 2 8 10 10 8 10 10 2 8 10 10 10 2 8 10 10 2 2 8 10 8 10 8 8 2 2 10 10
left_child=2 3 8 4 -2 6 12 11 10 -10 13 27 -6 14 15 28 -9 -18 -4 20 -20 22 -21 24 -23 -22 -15 -3 -1 -30
right_child=1 7 18 -5 5 -7 -8 16 9 -11 -12 -13 -14 26 -16 -17 17 -19 19 21 25 23 -24 -25 -26 -27 -28 -29 29 -31
leaf_value=-0.0016442705973336764 -0.0091367197933991812 -0.0016963212943056035 0.0039302156503859889 -0.0087886103356901099 -0.00025753591202566412 -0.0075112365537831184 0.020999999999999998 0.0063277762835009712 0.015762779519516604 0.0016305102048063231 -0.0025025287510276198 -0.0076762510183646859 0.017280145508403642 3.9601730582082382e-05 -0.0073526421649383056 0.017188364379697868 0.0034911944176371102 -0.0029043800308940146 -0.0082181495177954377 0.006955639631382301 0.0097130952850410773 0.013733460619987394 -0.0091728366729362919 0.01632761583449319 0.0018043044431252755 -0.0010677451358698693 0.016399743826623871 0.013992344933534835 -0.0041720892060012286 0.014345210551297076
leaf_weight=95.070743650197983 88.528766915202141 104.53565168380737 1242.8446934819221 417.4204283952713 67.622843466699123 44.677171319723129 11.944628834724424 100.35177103430033 21.526181146502495 306.7508908957243 576.03731302171946 108.01367066055536 12.120193295180796 16.067310258746147 39.761869125068188 14.024841740727423 119.09453213214874 147.58388854563236 80.84546959400177 30.20152835547924 32.912574708461761 33.530066624283791 41.923430517315865 28.822897344827652 104.17999060451984 97.615195631980896 24.922275185585022 11.422675490379332 16.782481089234352 27.699154868721962
leaf_count=493 831 617 3257 4060 526 320 68 514 55 1039 2925 614 86 64 240 52 573 660 307 114 107 106 147 61 299 267 107 36 75 106
internal_value=0.000180543 -0.00367839 0.00186776 -0.00677069 -0.00302528 0.000942301 0.0050615 -0.000379846 -6.41135e-05 0.00255721 -0.001126 -0.0037801 0.00240803 0.00225783 0.00061922 0.00268317 0.00169508 -4.82136e-05 0.00317819 0.00110133 -0.00212395 0.00395788 -0.00241922 0.00671978 0.00470885 0.00165064 0.00998681 -0.000150882 0.00122542 0.00735882
internal_weight=4064.84 1233.32 2831.52 642.314 224.894 136.365 91.6877 591.002 1138.64 328.277 810.366 223.972 79.743 234.329 193.339 153.577 367.03 266.678 1692.88 450.031 211.373 238.658 72.125 166.533 137.71 130.528 40.9896 115.958 139.552 44.4816
internal_count=18726 8905 9821 5891 1831 1000 680 3014 5156 1094 4062 1267 612 1137 966 726 1747 1233 4665 1408 681 727 261 466 405 374 171 653 674 181
cat_boundaries=0 1
cat_threshold=10
is_linear=0
shrinkage=0.03


Tree=92
num_leaves=31
num_cat=2
split_feature=14 6 6 14 13 13 8 16 9 8 0 3 15 10 15 15 16 10 13 6 10 8 6 3 2 10 8 16 3 16
split_gain=23.8938 14.7782 4.78032 4.56071 4.06448 3.87835 4.1834 3.84797 3.49669 3.28691 3.27167 4.47526 3.19715 4.15472 3.17085 6.11106 3.11739 3.09492 3.06792 2.96887 4.36466 2.69272 2.75967 3.0054 4.04885 3.81835 3.36496 3.09878 2.61657 2.60672
threshold=0 8.6833333333333389 24.350000000000001 1 4.8500000000000005 4.7500000000000009 8.7800000000000029 1.4050000000000005 4.8100000000000014 16.580000000000005 0.053333333333333371 0.22183987234918315 1.8470000000000002 0.12123523759034903 1.7260000000000002 1.5952000000000004 2.1330000000000005 0.21953471295200991 4.9500000000000011 10.933333333333335 0.057302512168739869 8.5266666666666691 18.183333333333341 0.0024999999999999974 0.01149348821424164 0.27336615543934389 0.62000000000000155 0.81278000000000017 0.33288761282902507 1.5790000000000002
decision_type=1 8 10 1 2 2 8 10 10 10 10 10 10 10 10 10 10 10 2 8 10 10 10 10 10 8 10 10 10 10
left_child=2 3 5 10 -4 16 8 14 21 -9 11 -2 13 -11 15 18 -1 -15 19 20 -3 22 23 25 -25 26 -7 -26 -29 -6
right_child=1 7 4 -5 29 6 -8 9 -10 12 -12 -13 -14 17 -16 -17 -18 -19 -20 -21 -22 -23 -24 24 27 -27 -28 28 -30 -31
leaf_value=-0.0047915360125552345 -0.0044533917528444683 -0.0071970769756124035 0.013221457888671606 -0.011065767259464367 0.0014601296902337958 -0.0088684650471064306 0.00026566234221130926 0.0071667264451996939 0.016239052988195286 -0.0030351474138553625 -0.011434150029965369 0.016134375441755052 -0.0065683573234821173 0.017037967176041481 -0.0083824822701469726 0.018645096864352419 0.0065317434692098563 0.001223011414958172 0.0045905687726211881 -0.0068144905913120292 0.019469378323444645 0.01374278693962116 0.011389744756015856 -0.0061810989908761289 -0.0084393542469723346 0.019077041771856051 0.0071692641602512106 0.0037888345256537619 -0.0053303365409136175 0.0051542817047511716
leaf_weight=166.2374996393919 557.24882552027702 11.687580093741419 37.341276898980141 138.4881184399128 396.14398251473904 14.927615463733671 1341.4036082625389 108.77306555956602 18.306423291563988 45.521940767765045 60.63389964401722 9.6674604639410955 43.221428900957108 24.424209848046303 55.256447285413742 14.310136958956717 25.199140444397926 20.470739379525185 47.721361853182316 92.78654457628727 10.475184142589567 19.901994109153748 29.672118589282036 61.951754234731197 23.226268634200096 18.543264091014862 55.739785991609097 292.19121117889881 31.357062339782715 303.71276442706585
leaf_count=886 4510 78 109 1756 1000 80 4889 495 47 226 412 48 152 79 253 72 116 55 223 562 65 83 92 270 111 70 235 1128 95 618
internal_value=-2.46621e-05 -0.00348065 0.00149434 -0.00608599 0.0035778 0.000769598 0.00117819 0.000650784 0.00334154 0.00329466 -0.00473526 -0.00410231 0.000143037 0.00335124 -0.00210891 -0.000150197 -0.00330103 0.00982683 -0.00180362 -0.00445817 0.00540677 0.0029103 0.00250169 0.00197205 0.000883172 0.00696081 0.00378149 0.00214521 0.00290504 0.00306326
internal_weight=4076.54 1240.69 2835.86 766.038 737.198 2098.66 1907.22 474.649 565.817 242.411 627.55 566.916 133.638 90.4169 232.237 176.981 191.437 44.8949 162.671 114.949 22.1628 547.511 527.609 497.937 408.726 89.2107 70.6674 346.775 323.548 699.857
internal_count=18815 8986 9829 6726 1727 8102 7100 2260 2211 1007 4970 4558 512 360 1253 1000 1002 134 928 705 143 2164 2081 1989 1604 385 315 1334 1223 1618
cat_boundaries=0 1 2
cat_threshold=10 1
is_linear=0
shrinkage=0.03


Tree=93
num_leaves=31
num_cat=1
split_feature=14 10 18 6 16 13 2 13 7 8 7 11 7 11 11 10 16 17 3 11 11 8 8 7 17 3 16 2 16 16
split_gain=26.6164 12.0879 7.21118 5.65708 5.51394 4.72261 4.62677 4.26307 5.0943 8.6331 5.09933 4.23746 4.10455 4.09212 3.88683 4.00183 4.35752 3.7351 3.56509 4.36161 3.53181 3.46904 3.22751 3.21525 3.1336 3.13268 3.18871 4.13635 2.89105 3.65345
threshold=0 0.056497300932358448 1162.5000000000002 15.700000000000005 1.313666666666667 11.950000000000001 0.070018726591760366 5.4500000000000011 1.1899999999999999 0.62000000000000155 4.3633333333333351 0.94771018455228984 5.1900000000000004 1.2012658227848103 0.9948453608247424 0.16619000354038121 0.83700000000000008 1172.5000000000002 0.18991302978777005 3.3348909657320878 1.3821877065432917 8.0400000000000063 5.280000000000002 1.0000000180025095e-35 1057.5000000000002 0.15854230381659154 1.4281700000000004 0.09500868486352361 2.3470000000000004 1.9630000000000003
decision_type=1 10 2 10 8 2 10 2 8 8 10 10 10 8 10 10 10 2 10 10 10 10 8 8 2 10 10 10 10 10
left_child=2 3 7 23 -3 6 -4 8 9 -1 11 22 -12 -9 -8 18 -17 -5 19 21 -14 -16 -10 -2 -22 26 27 -18 29 -26
right_child=1 4 5 17 -6 -7 14 13 10 -11 12 -13 20 -15 15 16 25 -19 -20 -21 24 -23 -24 -25 28 -27 -28 -29 -30 -31
leaf_value=-0.006773097499192463 -0.011973957992439378 -0.0046989958343503849 -0.0022576619368355443 -0.004716759685353962 0.0010800017357327568 0.0097435533759145324 -0.0085820890989727911 0.014057204739373273 0.016047281037358332 0.020999999999999998 0.016405586423564794 -0.0099791120067097751 -0.0038090506219972693 0.0039256413991612601 0.019777764629730268 -0.0078512831725725922 0.011331312380006193 0.012769370756829492 -0.0031212171674872449 0.020999999999999998 -0.0053108933632982054 0.0027784483497084252 -0.0066591640313570198 -0.0064047777674007796 0.0030493080771042203 0.0036443664322696454 -0.0058584710036770175 -0.0016628927379342582 -0.0048623178871565111 0.012494269860408622
leaf_weight=14.770209550857542 123.13583165407181 223.56090098619461 571.9983239248395 23.573787063360214 443.12145362794399 43.829190105199814 33.251682013273239 37.299561783671379 11.633603528141977 25.062397360801697 16.292292341589928 67.09434749186039 102.80913837254047 941.92270678281784 13.842697054147719 46.833248794078827 30.881999582052231 20.602213621139526 22.927323564887047 17.968544408679008 40.681505545973778 49.219259396195412 10.924457803368567 385.03287132829428 232.35253019630909 297.70370829105377 79.654052838683128 77.070321619510651 32.884111791849136 43.80868473649025
leaf_count=74 1590 1420 2667 121 2411 83 146 120 59 117 78 341 452 2334 63 172 106 74 82 61 166 222 65 3269 922 773 253 260 117 157
internal_value=0.000147484 -0.00354795 0.00172747 -0.0068591 -0.00085789 6.53214e-05 -0.000276394 0.00309253 0.00109741 0.0114628 0.000358117 -0.00619729 0.00161168 0.00431156 0.00141671 0.00193939 0.000887662 0.00343819 0.00732299 0.0102781 0.00107907 0.00650996 0.00505096 -0.00775426 0.00251603 0.00173098 -0.00130527 0.00205437 0.00354634 0.0045476
internal_weight=4081.74 1219.03 2862.72 552.345 666.682 1285.18 1241.35 1577.54 598.313 39.8326 558.481 89.6524 468.828 979.222 669.353 636.101 532.143 44.176 103.958 81.0305 452.536 63.062 22.5581 508.169 349.727 485.31 187.606 107.952 309.045 276.161
internal_count=18775 8885 9890 5054 3831 4888 4805 5002 2548 191 2357 465 1892 2454 2138 1992 1564 195 428 346 1814 285 124 4859 1362 1392 619 366 1196 1079
cat_boundaries=0 1
cat_threshold=10
is_linear=0
shrinkage=0.03


Tree=94
num_leaves=31
num_cat=1
split_feature=14 7 13 7 12 17 17 10 10 16 2 7 6 6 15 2 9 17 9 2 2 2 6 6 16 12 16 15 3 6
split_gain=24.9634 12.6096 8.35958 5.6965 4.30484 4.80414 3.73367 3.72965 4.1302 3.19874 2.88599 2.66515 2.64642 4.75917 3.73951 4.47285 3.54195 4.76151 2.46729 2.43932 2.42282 8.66801 3.44637 2.42241 2.64716 3.35919 2.29455 2.2571 2.22627 2.18179
threshold=0 0.34500000000000008 5.0500000000000007 13.6775 1.0000000180025095e-35 1071.2500000000002 1127.5000000000002 0.4476758178274895 0.5400055994293943 1.4645700000000004 0.076687376791056555 14.31 8.6833333333333389 10.716666666666667 1.2510000000000001 0.063356807511737126 1.5900000000000005 1088.7500000000002 1.0800000000000005 0.17701908045977013 0.086666666666666711 0.068989226237930731 1.3000000000000009 11.983333333333338 2.0690000000000004 1.0000000180025095e-35 1.0384500000000003 1.5550000000000002 0.11166046376811596 3.4666666666666681
decision_type=1 8 2 10 2 2 2 8 10 10 10 10 8 10 10 8 10 2 10 10 8 10 10 10 10 2 8 10 10 10
left_child=2 -2 6 9 -4 19 10 20 -9 -3 27 -5 16 14 -14 -16 17 18 -11 26 21 22 -8 -13 25 -25 -6 28 -1 -24
right_child=1 3 4 11 5 -7 7 8 -10 12 -12 23 13 -15 15 -17 -18 -19 -20 -21 -22 -23 29 24 -26 -27 -28 -29 -30 -31
leaf_value=-0.003664393138378603 -0.010292048330952396 -0.005170766161387526 0.0012685139111364224 0.012230211270347452 0.0006548387136740795 0.0045658229001788739 0.014081912372335643 0.019505755717118895 0.001753100662874375 0.0043283221658384574 0.00053762005317273915 -0.0090503296124314469 0.020999999999999998 -0.0026380683190344468 -0.0064021558604317524 0.019468116030079752 -0.0050103154454434378 -0.002289443096658498 0.020999999999999998 0.0058638771933342375 -0.0036808841526014924 0.020999999999999998 -0.012701556501460324 -0.0038464389351786673 0.0099938988449359348 0.0040131844542817333 -0.011332676894513633 -0.010042477318341131 0.0093537775145140101 0.00011266961740319705
leaf_weight=267.06629367172718 201.93200145661831 419.45994056016207 998.38717773556709 19.905801266431808 25.076519027352333 998.79866680502892 14.493017941713331 20.928215682506561 27.025956094264984 10.922776333987715 186.5867552831769 20.522539660334587 11.69451220333576 51.388757780194283 14.125286214053633 10.475568965077398 182.05275965481997 47.588394105434418 10.290862381458281 20.229814320802689 85.586860850453377 11.807630181312559 13.661186039447783 89.583679005503654 30.130818262696266 107.87518681585789 33.661701336503029 49.432740867137909 12.370452120900152 95.934580810368061
leaf_count=1497 2308 3283 3006 90 105 2783 81 71 105 79 758 93 67 276 84 56 1413 336 75 55 351 52 80 332 90 375 125 266 53 490
internal_value=0.000150143 -0.00341164 0.00168488 -0.00209075 0.00268784 0.00400264 -0.000946625 0.00191525 0.00950074 -0.00341997 -0.00244257 0.00166849 -0.00125068 0.00323571 0.0115521 0.00461396 -0.00281886 0.00297982 0.0148003 -0.00312064 0.000272887 0.00276295 0.000333471 0.000821134 0.00171128 0.000447409 -0.00621497 -0.00413341 -0.00308809 -0.00148463
internal_weight=4089 1227.95 2861.05 1026.02 2076.15 1077.77 784.894 269.437 47.9542 757.999 515.456 268.018 338.539 87.6841 36.2954 24.6009 250.855 68.802 21.2136 78.968 221.483 135.896 124.089 248.112 227.59 197.459 58.7382 328.869 279.437 109.596
internal_count=18835 8957 9878 6649 6074 3068 3804 1230 176 5669 2574 980 2386 483 207 140 1903 490 154 285 1054 703 651 890 797 707 230 1816 1550 570
cat_boundaries=0 1
cat_threshold=10
is_linear=0
shrinkage=0.03


Tree=95
num_leaves=31
num_cat=0
split_feature=7 8 13 18 16 3 18 8 15 3 0 12 7 0 13 7 8 9 3 18 9 6 17 8 18 3 18 9 18 18
split_gain=22.1373 9.57519 7.67523 5.91343 5.23945 4.75956 4.13843 3.91559 6.47777 4.0171 3.83878 3.50184 4.92598 4.27546 4.94091 3.93771 5.09767 4.08157 4.78718 3.92305 3.84771 3.4047 3.15332 3.10734 3.24533 4.38949 4.02097 2.85351 3.02839 2.57855
threshold=3.4550000000000005 4.8200000000000021 5.2500000000000009 1188.7500000000002 2.3550000000000009 0.075003521126760578 1310.0000000000002 8.8583333333333361 0.58100000000000007 0.020753036437246967 0.24333333333333337 1.0000000180025095e-35 5.1900000000000004 0.16075333333333339 9.7500000000000018 15.310000000000002 29.500000000000004 6.6800000000000015 0.28307459191048789 1112.5000000000002 1.8899999999999999 11.858333333333336 1362.5000000000002 8.5266666666666691 1102.5000000000002 0.032505687500000012 1122.5000000000002 5.8100000000000014 1247.5000000000002 1077.5000000000002
decision_type=8 10 2 2 10 10 2 8 10 10 10 2 8 8 2 10 10 10 10 2 8 10 2 10 2 10 2 10 2 2
left_child=1 3 6 4 -1 -3 7 8 -2 -10 22 13 19 -4 -15 17 -17 18 20 -13 -14 -19 -9 24 -11 -26 -27 28 -22 -18
right_child=2 5 11 -5 -6 -7 -8 10 9 23 -12 12 15 14 -16 16 29 21 -20 -21 27 -23 -24 -25 25 26 -28 -29 -30 -31
leaf_value=0.00162575214297103 0.017933477937291119 -0.0078863826762638495 -0.00050914604722556984 -0.0058766555933509549 0.020508199835295331 0.0050684045963407575 -0.0054929764522881602 -0.0016100564929053163 -0.0098853484177372237 -0.0040814146452633968 0.0067141372526011685 0.020999999999999998 0.010687575913140008 0.0023939140246253972 0.013975812473564024 0.0059324709698039234 -0.0081356020165558787 0.016479311428685847 0.011437182795569139 0.0047323249546768354 7.1518209834340742e-05 0.00023738095861421934 0.014348749084414688 0.017291532036643669 0.020999999999999998 0.01480459591149055 -0.00011639992572082714 -0.011682591748747613 -0.0080226167352526433 0.0016110164271183906
leaf_weight=161.58988706022501 24.671776376664639 453.561549089849 629.67333157360554 103.09388590604067 14.404436372220514 27.046027481555939 143.54703911393881 896.33096178621054 23.9415313154459 52.699000284075737 55.525488257408142 21.750632554292679 21.106005400419235 291.47314200550318 37.404707014560699 485.35695663094521 31.056097432971001 24.859075650572777 27.340309873223305 24.452513292431831 202.41728512942791 21.803852453827858 11.283475451171396 13.047898754477499 13.340468287467955 20.200554221868515 83.214041985571384 27.994064494967461 52.364075444638729 114.48595291376114
leaf_count=929 131 4290 2058 697 66 137 874 4774 141 241 159 75 75 726 65 1139 62 76 69 104 688 65 58 63 76 90 410 91 215 261
internal_value=3.29839e-05 -0.0045908 0.00108112 -0.000171032 0.00317121 -0.00715736 -0.000680211 -0.000101726 0.003405 0.00166872 -0.0009432 0.00225136 0.0034439 0.000938841 0.00371117 0.00300519 0.00445578 0.000583355 -0.000586904 0.0130226 -0.00166872 0.00889006 -0.00141166 0.00318444 0.0020982 0.00488745 0.0027982 -0.00259097 -0.00159203 -0.000468739
internal_weight=4111.04 759.696 3351.34 279.088 175.994 480.608 1337.8 1194.26 231.115 206.443 963.14 2013.54 1054.99 958.551 328.878 1008.78 630.899 377.885 331.222 46.2031 303.881 46.6629 907.614 182.502 169.454 116.755 103.415 282.775 254.781 145.542
internal_count=18905 6119 12786 1692 995 4427 7017 6143 1152 1021 4991 5769 2920 2849 791 2741 1462 1279 1138 179 1069 141 4832 880 817 576 500 994 903 323
is_linear=0
shrinkage=0.03


Tree=96
num_leaves=31
num_cat=0
split_feature=7 8 10 7 18 2 10 3 18 15 10 0 3 10 17 15 0 2 8 11 2 18 5 11 15 4 15 2 7 2
split_gain=21.6466 10.1248 6.24335 6.08031 5.01162 4.73116 4.02203 3.52844 3.45674 3.36324 4.03887 3.24348 5.86144 3.2238 4.32887 4.89467 5.45488 4.52637 3.71628 3.76943 3.45657 3.97188 4.48063 4.82251 4.48184 3.85261 3.53335 4.39511 3.3484 3.27664
threshold=3.5775000000000001 10.490000000000002 0.18968380796871492 17.790000000000003 1267.5000000000002 0.12858379438383213 0.045275002061152571 0.017501000000000006 1215.0000000000002 0.77592000000000005 0.090608074032676331 0.016666666666666666 0.1560185758513932 0.24552655261128167 1045.0000000000002 1.0970000000000002 0.14645500000000006 0.066666666666666666 6.0200000000000014 3.9099909990999104 0.060000000000000026 1127.5000000000002 1.0000000180025095e-35 3.7150375939849627 1.4990000000000003 0.41666666666666669 1.7210000000000003 0.24681383617494446 8.9450000000000021 0.089687743463433126
decision_type=10 10 10 10 2 10 10 10 2 8 8 10 10 10 2 10 10 8 10 10 8 2 10 10 10 10 10 8 10 10
left_child=1 4 3 5 9 -2 -3 -8 13 -1 -11 12 -12 18 -15 16 17 -16 -4 -20 28 22 -22 24 -24 -25 -26 -28 -17 -23
right_child=2 6 8 -5 -6 -7 7 -9 -10 10 11 -13 -14 14 15 20 -18 -19 19 -21 21 29 23 25 26 -27 27 -29 -30 -31
leaf_value=0.0056385048418205637 -0.00065165940353537196 -0.010679782120279839 0.017977054988523353 0.0029037133850053618 -0.0087293180658119772 -0.0070988715091795888 0.00030028814043033772 -0.0096130246669213944 0.00049781088109719966 -0.0056234456410517841 0.0010143692257439598 -0.0071529846188016369 0.020999999999999998 -0.0068934646822568276 0.013152970038989627 0.0030540920293440541 0.020999999999999998 -0.0014027967475832592 0.0035639026912280768 0.013983297970180131 0.00061253665947804499 0.008858786617697692 0.01887517542987939 -0.0017633475811653866 -0.0016533363671783167 0.0093679343806517858 0.0047993136942697844 0.017087319720083833 -0.0055296684019241725 -0.0013607651729328639
leaf_weight=73.042234838008881 911.84132018685341 206.26980350166559 22.813956022262573 421.31819505989552 72.954346723854542 115.40403266996145 75.010623723268509 56.769428052008152 530.02948182821274 132.627231515944 201.73544805496931 38.736795842647552 13.103349164128302 41.228898674249649 35.293451979756355 75.201996117830276 25.799841225147247 42.238609343767166 190.12578864395618 37.395011961460114 147.00102688372135 32.833332479000092 40.861364096403122 75.375670880079269 29.446801513433456 44.507646352052689 60.923376306891441 45.95921790599823 89.667997613549232 201.67256811261177
leaf_count=487 5118 2409 81 1365 561 563 604 386 1777 1111 956 163 40 150 125 264 52 121 572 83 371 92 94 148 71 75 143 86 285 496
internal_value=0.000193498 -0.00400413 0.00132904 -0.000131207 -0.00142517 -0.00137596 -0.00806425 -0.00397026 0.00252521 -0.000264849 -0.00138135 0.000837394 0.00227811 0.00339296 0.00262247 0.00303686 0.00919955 0.00522315 0.00643388 0.00527642 0.00228186 0.0032285 0.00489639 0.00701617 0.0101602 0.00236923 0.00754808 0.0100831 -0.00161437 7.00813e-05
internal_weight=4087.19 870.249 3216.94 1448.56 532.199 1027.25 338.05 131.78 1768.38 459.245 386.203 253.576 214.839 1238.35 988.012 946.783 103.332 77.5321 250.335 227.521 843.451 678.581 444.075 297.074 177.191 119.883 136.329 106.883 164.87 234.506
internal_count=18849 6717 12132 7046 3318 5681 3399 990 5086 2757 2270 1159 996 3309 2573 2423 298 246 736 655 2125 1576 988 617 394 223 300 229 549 588
is_linear=0
shrinkage=0.03


Tree=97
num_leaves=31
num_cat=1
split_feature=14 6 13 7 0 16 17 16 15 17 16 6 3 6 15 0 6 10 12 0 13 6 10 7 3 0 17 11 12 1
split_gain=20.8476 11.1531 5.30137 5.10137 4.93246 3.32943 3.10755 3.08908 2.93505 4.10548 2.86904 2.85535 3.75526 2.79611 4.86452 5.18438 3.00531 2.78128 4.34591 4.88063 2.69578 5.31372 4.42978 3.34684 6.06985 3.45552 2.62306 3.5971 2.59298 4.38697
threshold=0 8.6833333333333389 5.0500000000000007 1.0000000180025095e-35 0.25070166666666677 1.2690000000000003 1232.5000000000002 2.3960000000000004 1.7260000000000002 1172.5000000000002 1.4970000000000001 0.1000000000000001 0.0075000000000000145 10.600000000000003 1.2633900000000002 0.063333333333333325 16.158333333333335 0.076870330450536928 1.0000000180025095e-35 0.054725000000000003 9.9500000000000011 42.616666666666674 0.57189627394572617 22.722500000000004 0.21280178172699146 0.13008000000000006 1255.0000000000002 2.8542677993527512 1.0000000180025095e-35 0.058000000000000031
decision_type=1 8 2 10 10 10 2 10 10 2 10 10 8 10 10 10 10 10 2 10 2 10 10 10 10 10 2 10 2 10
left_child=2 3 4 -2 -1 8 28 20 9 17 -5 12 -12 14 -7 -16 -15 -3 -19 -20 21 23 -22 -8 25 -25 27 -11 29 -4
right_child=1 5 6 10 -6 13 7 -9 -10 26 11 -13 -14 16 15 -17 -18 18 19 -21 22 -23 -24 24 -26 -27 -28 -29 -30 -31
leaf_value=-0.0013541686981816776 -0.011161412844555242 -0.0083129468945188512 -0.0025024762034820554 -0.0063869557203506035 0.010756610719014235 0.020999999999999998 0.0014069031315154241 0.012075251211016274 -0.010666269636522147 0.020999999999999998 -0.00129272552648205 -0.0031395611401708488 0.020999999999999998 -0.0036903402802477342 -0.0065603134373423758 0.018173929257485164 0.0034492624391353087 -0.0088684681156935858 0.020999999999999998 -0.0029909859169309902 0.01561511417000328 -0.0092940065701535273 0.0014653604647620348 0.0079721764531152442 0.00041082049577996623 0.020999999999999998 -0.0028576856715905904 0.0013762487245575867 0.0025687356202249651 0.0021403822512227268
leaf_weight=730.98387290537357 128.47462648153305 63.785077348351479 324.32215589284897 345.45141691714525 31.573814570903778 16.127815112471581 248.39825712144375 40.040321707725525 35.450185984373093 14.414475232362749 13.230591721832754 244.93965837359428 7.2708037644624701 82.982228711247444 21.589864328503609 11.79263526201248 147.1644548624754 19.903497561812401 11.414439007639887 12.598083361983297 39.327920854091644 32.122478634119034 40.335100650787354 39.353319048881531 58.791329950094223 26.836501508951187 17.442043781280518 14.747623957693575 814.13947246968746 420.82548877596855
leaf_count=3631 1676 427 1224 2934 89 90 686 78 177 72 125 1866 52 428 122 61 476 109 70 59 67 64 69 91 122 57 85 58 2470 1140
internal_value=-0.000118832 -0.00340329 0.00128311 -0.00572755 -0.00085272 0.000185126 0.0020706 0.00406646 -0.00288209 -0.00109375 -0.00458478 -0.00223938 0.00851548 0.00226632 0.00873388 0.00217726 0.000874991 -0.00431271 0.00149737 0.0100894 0.0034055 0.00241432 0.00845079 0.00342161 0.00742581 0.0136567 0.00634519 0.0118495 0.00139835 0.000119599
internal_weight=4055.83 1208.78 2847.05 739.367 762.558 469.412 2084.49 525.205 189.755 154.305 610.892 265.441 20.5014 279.657 49.5103 33.3825 230.147 107.701 43.916 24.0125 485.165 405.502 79.663 373.379 124.981 66.1898 46.6041 29.1621 1559.29 745.148
internal_count=18675 8887 9788 6653 3720 2234 6068 1234 1057 880 4977 2043 177 1177 273 183 904 665 238 129 1156 1020 136 956 270 148 215 130 4834 2364
cat_boundaries=0 1
cat_threshold=10
is_linear=0
shrinkage=0.03


Tree=98
num_leaves=31
num_cat=2
split_feature=14 14 16 10 17 11 11 18 18 2 16 15 1 7 16 16 1 15 9 15 17 2 2 11 9 7 7 7 9 8
split_gain=22.4611 10.9872 5.9303 5.49796 5.34849 4.96463 6.91826 5.70001 4.3977 4.11581 4.41109 4.85701 4.87754 4.61151 4.34096 4.02405 3.84201 5.36205 6.72613 4.1478 3.77743 3.51197 3.42401 4.18211 3.26271 5.36934 3.67302 3.15659 6.68705 4.25642
threshold=0 1 1.4050000000000005 0.13482409511283949 1232.5000000000002 1.8186147186147188 2.6432107496463937 1106.2500000000002 1066.2500000000002 0.5448132308064807 1.7390300000000003 2.1999000000000009 0.28378200000000009 7.2266666666666683 1.5090000000000003 2.3290000000000006 0.075941000000000036 1.4482000000000002 4.490000000000002 1.7070000000000001 1152.5000000000002 0.03158182341098649 0.006666666666666668 0.42526595744680856 1.2900000000000005 13.545000000000003 20.810000000000006 8.3900000000000023 4.1450000000000014 6.9000000000000012
decision_type=1 1 8 10 2 10 10 2 2 10 10 10 10 8 10 8 8 10 10 10 2 8 8 10 8 10 10 8 10 10
left_child=4 2 -2 22 8 -6 7 -7 15 10 13 12 16 -10 27 -1 17 18 -12 -19 -18 -21 23 -4 -5 -26 -27 28 29 -15
right_child=1 -3 3 24 5 6 -8 -9 9 -11 11 -13 -14 14 -16 -17 20 19 -20 21 -22 -23 -24 -25 25 26 -28 -29 -30 -31
leaf_value=0.0065389469761240829 -0.0046103392926730305 -0.011037028303403119 0.013788889646332386 0.015299041191296313 -0.0032663753434740324 0.0026724730716459998 0.0038280792612823944 0.020999999999999998 -0.0035451203721122552 0.0090189256176663284 0.0061649071475521657 -0.0060059041491802327 0.019324727114122371 0.011788403126891842 -0.0035286929560321518 -0.0017432159414228605 -0.0028078430982752122 -0.009620602593934274 0.020999999999999998 -0.0061407589214269431 0.0069441575259992141 0.010726737323105518 -0.00067556249942787329 -0.010069535303857277 -0.0043102395769195091 0.017538061525003406 0.0037032101224219469 0.00076207475495987213 0.020999999999999998 -0.0066461300777021989
leaf_weight=208.52278733253479 498.67700829356909 137.38273615390062 7.3205297440290442 21.856765151023865 72.21964804828167 23.904338762164116 458.1953272074461 40.812462836503983 359.39414344727993 48.920232847332954 113.94677023589611 50.609250739216805 17.532434672117233 20.235357910394669 211.10284566879272 70.699082776904106 129.03528888523579 28.425475642085075 25.930747106671333 17.129544511437416 49.44666288793087 31.610624015331268 324.84890282154083 68.350947335362434 56.671567864716053 24.047636225819588 61.287788420915604 862.08912111073732 18.099338263273239 25.450136810541153
leaf_count=647 3589 1816 66 114 290 68 1059 125 1815 134 493 146 34 84 686 205 374 119 92 69 117 117 2195 599 312 80 151 3046 68 132
internal_value=0.000132724 -0.00329935 -0.00220585 -0.00012039 0.00156765 0.00410664 0.00512493 0.0143066 0.000914135 0.000423817 0.000209293 0.00276599 0.00384075 -0.000582927 0.000353412 0.0044419 0.00315439 0.00583564 0.00933793 -0.000512919 -0.000106148 0.00479872 -0.00201432 -0.00776145 0.00450881 0.00284805 0.00760189 0.00123855 0.00767834 0.00151903
internal_weight=4083.76 1200.44 1063.06 564.384 2883.31 595.132 522.912 64.7168 2288.18 2008.96 1960.04 463.667 413.058 1496.37 1136.98 279.222 395.525 217.043 139.878 77.1656 178.482 48.7402 400.52 75.6715 163.864 142.007 85.3354 925.874 63.7848 45.6855
internal_count=18842 8922 7106 3517 9920 1542 1252 193 8378 7526 7392 1561 1415 5831 4016 852 1381 890 585 305 491 186 2860 665 657 543 231 3330 284 216
cat_boundaries=0 1 2
cat_threshold=10 1
is_linear=0
shrinkage=0.03


Tree=99
num_leaves=31
num_cat=0
split_feature=7 8 13 18 2 2 15 11 16 15 2 11 13 18 7 16 18 16 8 12 5 3 8 9 18 7 3 18 5 7
split_gain=21.2201 9.88977 7.48209 4.64947 4.99578 5.44386 3.79792 3.73925 3.625 4.34843 3.59221 3.53901 3.49547 3.48555 3.88597 3.21167 3.20007 3.29244 4.5759 4.05884 3.1307 2.91531 2.95592 3.84954 2.94764 4.13749 3.51248 2.72753 2.72411 4.07101
threshold=3.5775000000000001 11.090000000000003 6.2500000000000009 1183.7500000000002 0.067787753900500458 0.074905604419814628 1.4030000000000002 1.3348082595870208 1.0384500000000003 2.1550000000000007 0.0097025702811244993 1.892024377318495 4.3500000000000005 1267.5000000000002 1.5099999999999996 0.82900000000000018 1042.5000000000002 2.2730000000000006 18.326666666666672 1.0000000180025095e-35 0.36666666666666675 inf 1.6200000000000003 2.2450000000000006 1177.5000000000002 0.22000000000000078 0.034000000000000023 1106.2500000000002 1.0000000180025095e-35 9.1450000000000014
decision_type=8 10 2 2 10 10 10 8 8 10 10 8 2 2 10 10 2 8 10 2 10 8 10 10 2 10 10 2 10 10
left_child=1 13 3 8 11 6 -6 -4 9 28 -3 12 -5 21 -15 -7 17 18 19 -10 -17 22 24 -24 25 27 -27 -1 -2 -30
right_child=2 10 7 4 5 15 -8 -9 16 -11 -12 -13 -14 14 -16 20 -18 -19 -20 -21 -22 -23 23 -25 -26 26 -28 -29 29 -31
leaf_value=0.0072688174954514172 0.0011265717949260209 -0.010555834136344132 0.0149425159746445 -0.011179076439742469 0.020999999999999998 -0.006812049189566933 0.0015243477438390621 0.0030009217807087435 0.013034852141063952 0.020999999999999998 -0.0037891036102527405 -0.0060198276941035309 0.0010544144246302405 -0.01342718103000492 0.002547275277981831 -0.00052009124335640922 5.0535279547077083e-06 -0.00031077846605956637 0.018777800736416776 -0.0040964487166727011 0.0059948352215629924 -0.0091489953812577043 -0.0025285874308217833 0.01192756086589335 -0.0031315273785418379 -0.0036104898262048217 0.011889413013724448 0.020999999999999998 0.020999999999999998 0.0048764289985395483
leaf_weight=14.887412942945959 144.15758533775806 214.20058445632458 24.12862540781498 24.203420199453831 14.442122526466848 55.655117139220238 12.787796162068842 1076.0689772069454 22.554443880915642 13.233975581824778 105.32517331838608 253.44312599301338 159.85482885688543 40.805834271013737 20.636481426656246 306.72994928061962 956.20817326754332 61.699700735509396 27.616631351411343 27.774922236800194 84.719825476408005 31.312169142067432 225.56442485004663 17.893675841391087 33.146264486014843 31.894904665648937 22.398948267102242 11.181691780686377 15.556422613561152 75.85723190009594
leaf_count=87 718 2460 63 173 69 257 55 2622 86 53 855 1421 945 345 140 1220 4000 219 93 100 264 245 1510 76 189 138 87 66 90 284
internal_value=0.000204452 -0.00428979 0.00123439 0.000245393 -0.00140829 0.000724318 0.0137474 0.00326281 0.00136679 0.00463579 -0.00832532 -0.00372045 -0.000554274 -0.00142256 -0.00806188 -6.8824e-05 0.000624583 0.00486674 0.00896512 0.00358072 0.000889907 -0.00037194 0.000397959 -0.00146609 0.00439603 0.00750082 0.002784 0.0173245 0.00369554 0.00774676
internal_weight=4125.94 769.248 3356.69 2256.5 911.836 474.335 27.2299 1100.2 1344.66 248.805 319.526 437.501 184.058 449.722 61.4423 447.105 1095.85 139.646 77.946 50.3294 391.45 388.279 356.967 243.458 113.509 80.363 54.2939 26.0691 235.571 91.4137
internal_count=18930 6198 12732 10047 4404 1865 124 2685 5643 1145 3315 2539 1118 2883 485 1741 4498 498 279 186 1484 2398 2153 1586 567 378 225 153 1092 374
is_linear=0
shrinkage=0.03


Tree=100
num_leaves=31
num_cat=1
split_feature=14 3 16 1 18 3 10 1 18 0 6 15 15 17 18 13 1 6 16 18 0 18 11 17 11 16 6 8 12 13
split_gain=21.9104 10.5837 7.90301 5.42824 5.39084 4.61643 4.51718 3.97623 5.74286 3.83436 3.80853 3.54078 3.91458 3.85468 3.27733 4.05649 5.02133 6.35629 4.24213 7.57729 4.97649 5.52192 5.04263 3.7376 4.43908 3.64496 3.30117 3.45265 3.10176 3.33263
threshold=0 0.022011235955056187 1.3863800000000002 0.065982000000000027 1292.5000000000002 0.025826826923076928 0.12123523759034903 0.070040000000000033 1170.0000000000002 0.15389833333333339 1.0000000180025095e-35 1.8040000000000005 1.4730000000000001 1157.5000000000002 1055.0000000000002 9.3500000000000032 0.24488200000000004 22.183333333333334 1.4990000000000003 1215.0000000000002 0.10333333333333337 1106.2500000000002 3.2228132387706858 1232.5000000000002 3.7150375939849627 2.1190000000000002 20.041666666666671 29.220000000000002 1.0000000180025095e-35 4.9500000000000011
decision_type=1 10 10 8 2 10 10 8 2 10 8 10 10 2 2 2 10 8 8 2 10 2 10 2 8 8 10 10 2 2
left_child=3 10 -3 4 -1 -4 9 8 -5 -7 -2 12 -8 -14 -9 18 17 -17 19 20 21 -16 -23 -20 25 -25 -22 -28 -12 -30
right_child=1 2 5 7 -6 6 11 14 -10 -11 28 -13 13 -15 15 16 -18 -19 23 -21 26 22 -24 24 -26 -27 27 -29 29 -31
leaf_value=0.00069538966045993916 -0.010511366355714976 -0.004866447352041614 0.01820689205433677 0.0024357317732062477 -0.0057715475090808167 -0.00026919804195688448 0.0035604317753788789 0.0066706831620364001 0.02011747980811306 -0.014897559135210571 -0.0074039763907768168 -0.00033972851434211623 0.020999999999999998 0.0055621397759578715 0.0030342246842937613 0.0011346120284392843 -0.00080720884181756413 0.017914742123262318 -0.0018100933651000847 -0.0010731711322275379 -0.001475751143845761 0.0088091081105854153 0.020999999999999998 0.0040570158733291952 -0.0023434305162406436 0.017454399253394946 0.0081192024625146367 -0.002565497530556308 -0.0042531691732396459 0.0048572775278926767
leaf_weight=1219.7821143344045 143.63255266845226 239.25563371926546 15.405783273279665 39.807789504528046 128.20496574044228 180.47134541720152 53.635306596755981 143.26619504392147 28.273565620183945 17.709083810448647 220.18840049207211 61.822398208081722 21.87870380282402 19.061863973736763 41.825175344944 33.682275354862213 48.969684243202209 51.200310081243515 449.28484290093184 230.02826653420925 78.230891138315201 36.698536679148674 25.08429054915905 61.726522386074066 64.520607307553291 25.964425086975098 135.553386926651 34.05756601691246 174.73993434756994 45.558463215827942
leaf_count=4931 1874 1475 110 125 686 1114 220 309 105 83 1856 218 83 60 133 73 86 87 1326 786 245 122 67 143 135 59 329 76 1511 317
internal_value=4.52319e-05 -0.00335572 -0.000617475 0.00146292 8.03293e-05 0.00213018 0.00143168 0.00269206 0.0097788 -0.00157636 -0.00626919 0.00524333 0.00889286 0.0158788 0.00236162 0.0018928 0.00684283 0.0112562 0.00133271 0.00315987 0.00593045 0.0114518 0.0171502 -0.000433632 0.00362929 0.00802385 0.00362232 0.00597373 -0.00488591 -0.0023691
internal_weight=4069.52 1193.36 609.24 2876.16 1347.99 369.984 354.579 1528.17 68.0814 198.18 584.119 156.398 94.5759 40.9406 1460.09 1316.83 133.852 84.8826 1182.97 581.478 351.45 103.608 61.7828 601.496 152.212 87.6909 247.842 169.611 440.487 220.298
internal_count=18744 8921 3363 9823 5617 1888 1778 4206 230 1197 5558 581 363 143 3976 3667 246 160 3421 1758 972 322 189 1663 337 202 650 405 3684 1828
cat_boundaries=0 1
cat_threshold=10
is_linear=0
shrinkage=0.03


Tree=101
num_leaves=31
num_cat=2
split_feature=14 14 18 6 9 16 8 15 10 18 6 15 16 16 0 0 9 8 10 8 5 2 7 7 10 10 5 7 7 7
split_gain=22.086 11.3822 6.33889 5.49761 4.32072 4.05349 2.98768 2.85784 4.46112 3.82619 3.94402 4.94055 4.60224 3.11419 3.70543 4.00688 2.68009 4.83725 3.55542 2.94952 3.14446 3.36846 3.31469 3.06999 3.01745 3.00763 4.35294 3.56554 3.5275 3.42733
threshold=0 1 1242.5000000000002 8.9833333333333361 1.1600000000000006 1.0593500000000002 6.5100000000000007 1.8040000000000005 0.068223947849058345 1183.7500000000002 15.883333333333336 1.1690000000000003 1.5970000000000002 2.0690000000000004 0.10333333333333337 0.040000000000000001 4.1450000000000014 4.9800000000000013 0.76697448229914389 23.72666666666667 1.0000000180025095e-35 0.12000000000000004 20.310000000000006 11.030000000000003 0.48357542464296627 0.37412990381995975 0.36666666666666675 25.489999999999998 25.489999999999998 17.790000000000003
decision_type=1 1 2 8 10 10 10 10 10 2 8 8 10 8 10 10 8 10 10 10 10 10 10 10 10 10 10 10 10 10
left_child=-1 2 16 -3 -4 6 -6 8 9 10 12 -12 -5 -10 15 -15 17 -2 19 25 21 22 23 -21 -22 26 -18 -27 29 -28
right_child=1 3 4 7 5 -7 -8 -9 13 -11 11 -13 -14 14 -16 -17 18 -19 -20 20 24 -23 -24 -25 -26 27 28 -29 -30 -31
leaf_value=-0.011498648445753689 0.004258217153453067 -0.0039306060838704146 -0.0092960745746949527 -0.012532384006668212 0.0061551899187436534 0.0017762844473038126 -0.0047276567154845512 -0.0033546851846696008 0.0029391018288376981 -0.0085761926550858708 0.015711884299439715 -0.0053701685667840379 0.0099782730032515025 0.016197007753449445 0.020999999999999998 -0.0073172312058375107 0.0045488617311429851 -0.00039970626619975793 -0.0048651947547991075 0.012145460389648742 -0.0011733736408430237 -0.0013091472603873979 0.018984241075301327 -0.0017519767928651016 0.0054756080961309815 0.0053145217267883699 -0.0066050641731717936 0.013649277342217058 -0.0091038925322497639 0.008884108607872386
leaf_weight=130.92033645510674 292.86205443739891 610.01446553319693 53.557230725884438 25.368101269006729 25.64985691010952 323.86054108291864 197.64201497286558 127.35129989683628 148.00976513326168 52.203902699053288 27.442511156201363 15.744079925119875 12.059898301959036 14.471981607377531 13.195291161537169 11.872837573289869 442.75499722361565 637.33575586974621 47.845152273774147 29.952276542782784 288.54171159863472 39.73974335193634 23.021208852529526 27.385625958442688 78.043830469250679 201.85947331786156 21.70637421309948 59.90155890583992 41.424544587731361 31.536896973848343
leaf_count=1785 1133 4975 309 157 118 1151 851 527 650 330 115 103 69 86 38 49 1365 2666 125 109 698 93 57 96 162 515 71 108 100 80
internal_value=0.000171736 0.000589083 0.00157034 -0.00205824 -0.0011638 -0.000367787 -0.00347753 0.000446864 0.00195804 -0.00224872 0.00184879 0.00802622 -0.00527909 0.00493716 0.0124165 0.00559983 0.00230276 0.00106679 0.00316479 0.00346358 0.00162239 0.00583536 0.00936851 0.00550779 0.000242154 0.00458482 0.0033004 0.00722185 -0.00253855 0.00256944
internal_weight=4053.28 3922.35 2864.62 1057.73 600.71 547.152 223.292 447.72 320.368 132.818 80.6146 43.1866 37.428 187.55 39.5401 26.3448 2263.91 930.198 1333.71 1285.87 486.684 120.099 80.3591 57.3379 366.586 799.184 537.423 261.761 94.6678 53.2433
internal_count=18691 16906 9807 7099 2429 2120 969 2124 1597 774 444 218 226 823 173 135 7378 3799 3579 3454 1215 355 262 205 860 2239 1616 623 251 151
cat_boundaries=0 1 2
cat_threshold=4 10
is_linear=0
shrinkage=0.03


Tree=102
num_leaves=31
num_cat=2
split_feature=14 7 14 13 16 8 7 2 18 7 11 3 18 6 3 18 6 16 8 8 2 8 8 7 9 11 17 17 6 1
split_gain=20.4196 11.2916 7.06204 6.08422 4.58161 4.23154 4.05922 3.54826 4.68842 3.34325 3.95197 6.26276 3.72876 2.8258 4.13454 2.80032 5.8982 2.87825 3.99958 4.15026 3.79632 3.37477 9.03811 3.45154 6.99744 3.31184 4.63873 5.69991 5.44589 2.97829
threshold=0 13.545000000000003 1 5.4500000000000011 1.4390000000000003 13.820000000000002 14.040000000000001 0.23706018518518521 1127.5000000000002 28.840000000000003 1.796017436100654 0.087696721529260599 1102.5000000000002 8.4666666666666703 0.061327548467792377 1292.5000000000002 19.583333333333336 1.313666666666667 2.5600000000000009 0.62000000000000155 0.0069918699186991866 22.645000000000007 21.445000000000004 10.830000000000002 4.3266666666666671 1.4712912087912091 1112.5000000000002 1152.5000000000002 8.5833333333333375 0.0030020000000000003
decision_type=1 10 1 2 8 10 10 10 2 10 10 10 2 10 10 2 10 8 8 10 8 8 10 10 10 8 2 2 10 10
left_child=3 2 4 15 -2 13 -3 -5 -9 10 11 -8 -11 -6 -15 17 -17 25 19 -19 -20 22 23 24 -22 26 -1 28 -28 -21
right_child=1 6 -4 7 5 -7 9 8 -10 12 -12 -13 -14 14 -16 16 -18 18 20 29 21 -23 -24 -25 -26 -27 27 -29 -30 -31
leaf_value=-0.0084499908058663815 -0.0058511690869904858 0.01691567763823983 -0.011049638082255966 0.0019252396156533267 -0.00022964863439504682 -0.0046989135565915375 0.020907861036645492 0.0087121914496949612 0.0021051870920439043 0.016539543935585693 -0.0031785774967304052 -0.0029581870219012175 0.0019411662067952108 0.017927862734166376 -0.00020694308259649959 -0.0076403542625824673 0.0076020034235537819 -0.0056199578491476273 -0.013593424214897887 0.020999999999999998 0.00042627647379751816 -0.0064032934373641761 0.019627513647038016 -0.0034888962611616986 0.020999999999999998 0.0043350231633728573 -0.00074486546251447154 -0.0052043873768815186 0.020999999999999998 0.0058572030612018241
leaf_weight=51.18208684027195 391.31631427258253 16.031062975525856 130.06928914785385 1371.3532676249743 173.84889286756516 179.43559197336435 17.595101445913315 180.43392580747604 208.2016606926918 23.857160061597824 140.7972170561552 22.61425469815731 46.321795895695686 21.020293489098549 24.505439192056656 103.34557330608368 29.333903729915619 19.401566483080387 23.00375472009182 14.560168534517286 191.85797035694122 91.8266541659832 19.985475733876228 234.03268548846245 12.374296039342878 257.37573429942131 12.71842695772648 27.854659430682659 12.874833986163138 33.245382055640221
leaf_count=275 3235 75 1794 3942 1303 1350 83 331 480 53 550 89 134 112 120 628 111 90 125 64 955 339 70 884 53 1143 66 142 54 124
internal_value=0.000174552 -0.00312302 -0.00472581 0.0015326 -0.00350064 -0.00128206 0.00227952 0.00264232 0.00517266 0.00134541 -0.000809673 0.00748529 0.00690385 0.00151273 0.00816632 -0.000174744 -0.00427044 0.000367428 -0.000841383 0.00608236 -0.00165335 -0.00115403 -0.000102156 -0.00100186 0.00184808 0.00250548 -0.00199495 0.00418644 0.014407 0.0108317
internal_weight=4082.37 1187.41 920.196 2894.96 790.127 398.81 267.217 1759.99 388.636 251.186 181.007 40.2094 70.179 219.375 45.5257 1134.97 132.679 1002.29 640.288 67.2071 573.081 550.077 458.25 438.265 204.232 362.006 104.63 53.4479 25.5933 47.8056
internal_count=18774 8898 7914 9876 6120 2885 984 4753 811 909 722 172 187 1535 232 5123 739 4384 2704 278 2426 2301 1962 1892 1008 1680 537 262 120 188
cat_boundaries=0 1 2
cat_threshold=10 1
is_linear=0
shrinkage=0.03


Tree=103
num_leaves=31
num_cat=1
split_feature=14 7 9 16 13 8 6 12 18 15 16 3 3 9 0 3 2 0 11 2 0 6 8 3 16 2 15 2 7 13
split_gain=18.4626 8.19744 4.62129 5.25213 4.54589 4.41179 4.051 3.86017 4.00629 4.52752 3.6675 5.48333 3.64489 3.504 3.32916 3.57028 6.73577 5.08438 3.35168 3.16291 4.43233 3.08821 5.67699 2.90761 4.10605 2.84102 5.99626 2.77561 3.08811 5.79473
threshold=0 3.4550000000000005 5.9450000000000012 1.2536400000000001 9.3500000000000032 11.090000000000003 0.80000000000000082 1.0000000180025095e-35 1055.0000000000002 1.0760000000000003 1.7790000000000001 0.30167817451416223 0.01693575342465754 3.9450000000000007 0.19021000000000005 0.13322138863000935 0.13156391109580839 0.15006166666666673 2.8542677993527512 0.006666666666666668 0.0074466666666666683 8.9833333333333361 3.71 0.088460149439601524 1.8770000000000004 0.020948275862068978 0.74975000000000014 0.014604324935400518 5.1900000000000004 5.3500000000000005
decision_type=1 8 10 8 2 10 8 2 2 10 10 8 8 8 10 10 10 8 10 8 8 10 10 10 10 10 10 8 8 2
left_child=-1 5 3 6 7 10 -3 8 9 -5 -2 23 -10 -11 15 19 18 -18 -17 -9 -21 25 -23 24 -12 -8 -27 -22 29 -29
right_child=1 2 -4 4 -6 -7 21 14 12 13 11 -13 -14 -15 -16 16 17 -19 -20 20 27 22 -24 -25 -26 26 -28 28 -30 -31
leaf_value=-0.0106359066596218 -0.0026880661989883751 0.013319993937937893 0.0026235637047498988 -0.0070936135413304825 0.013415637469412352 -0.0064410788860692399 -0.0074233854706409041 -0.011102753507305076 -0.011171898553452773 0.015625627334638792 0.017201192024377872 -0.014897559084594262 -0.00079781146052533092 0.0014405478035927934 -0.0039284947409992492 0.020999999999999998 -0.0016210328365039856 0.013470848098813472 0.0073992130366292977 0.015862194568365604 -0.0089586782171654378 0.015067305513969498 -0.0012153132545310032 0.018688363251647237 0.0005482378127686185 0.02090186491890357 -0.0031582969571175156 0.0019016127621602718 0.001556763308792288 0.020999999999999998
leaf_weight=130.55009447783232 302.2238534912467 15.947520464658735 1083.834647513926 19.221046350896358 27.548990994691849 198.66421473026276 144.49757999181747 15.811086647212504 32.209053248167038 36.365796990692616 16.823084436357021 12.530088141560553 568.09527485817671 27.542970657348633 62.904180452227592 27.132287070155144 67.788816332817078 28.552889689803123 21.527779877185822 21.456608690321445 20.205827079713345 20.02345098555088 513.07366365939379 14.291702106595038 64.095106549561024 10.05602768063545 127.77634412050247 30.358639262616634 397.46395143866539 15.899625405669211
leaf_count=1816 1950 95 2705 81 51 1762 890 102 204 150 96 71 2457 78 174 94 205 79 54 104 118 67 2188 54 370 55 710 203 1730 55
internal_value=4.91621e-05 0.000428736 0.00101408 0.000239289 0.00134795 -0.00277193 -0.00165443 0.00110921 -0.000499683 0.00567268 -0.000993894 0.00375847 -0.00135443 0.00951224 0.00265987 0.00330121 0.007447 0.00285176 0.0165451 0.00210179 0.00253192 -0.00194729 -0.000603728 0.00621369 0.00401043 -0.00448421 -0.00140291 0.00191539 0.00241057 0.00974669
internal_weight=4074.47 3943.92 3335.29 2251.46 1420.08 608.628 831.375 1392.54 683.434 83.1298 409.964 107.74 600.304 63.9088 709.102 646.198 145.002 96.3417 48.6601 501.196 485.385 815.427 533.097 95.2099 80.9182 282.33 137.832 463.928 443.722 46.2583
internal_count=18768 16952 12649 9944 5939 4303 4005 5888 2970 309 2541 591 2661 228 2918 2744 432 284 148 2312 2210 3910 2255 520 466 1655 765 2106 1988 258
cat_boundaries=0 1
cat_threshold=4
is_linear=0
shrinkage=0.03


Tree=104
num_leaves=31
num_cat=1
split_feature=10 14 18 6 16 0 9 8 8 15 15 18 11 3 9 8 13 11 15 0 0 9 10 13 3 8 11 9 8 2
split_gain=20.1016 12.4582 5.60237 6.21905 5.35114 3.60537 4.87199 3.90079 3.55888 4.4311 4.02941 3.09389 3.16806 3.22153 3.07635 2.92971 3.82809 2.92109 3.18826 2.88529 3.57827 5.59474 5.26408 3.31326 3.55252 2.87113 2.73563 2.62753 2.56163 2.53262
threshold=0.18968380796871492 0 1188.7500000000002 0.60000000000000042 1.0130000000000001 0.26166666666666677 8 13.910000000000002 7.5600000000000023 1.8710000000000002 1.2670000000000001 1205.0000000000002 2.5024271844660197 0.19976010564609012 8.6900000000000031 5.6000000000000014 4.9500000000000011 0.50287356321839094 0.75865000000000016 0.20396333333333336 0.15006166666666673 7.5900000000000025 0.48357542464296627 7.8500000000000005 0.10758416633346664 17.935000000000006 3.3348909657320878 10.470000000000002 3.71 0.2200813008130082
decision_type=10 1 2 8 10 8 10 8 8 10 10 2 10 8 10 10 2 10 10 10 10 10 10 2 8 10 10 10 10 10
left_child=1 -1 14 -4 11 17 7 -7 9 10 15 12 -2 -14 -3 28 -17 -6 -19 20 21 23 29 -20 -25 -9 -27 -23 -5 -22
right_child=4 2 3 8 5 6 -8 25 -10 -11 -12 -13 13 -15 -16 16 -18 18 19 -21 22 27 -24 24 -26 26 -28 -29 -30 -31
leaf_value=-0.010749226230908009 -0.0050336299142969866 -0.00045058225403195437 -0.01144510228581417 0.0068626854188894356 -0.0073552775877093659 0.00074792003553879511 0.0016548541933198231 0.020500885425158363 -0.0034111046810890453 0.019800463412983683 -0.0092640484901849434 -0.0042928054344765895 0.013131633222617451 0.00044970585142865756 0.007114969595740356 0.00071401822921910428 0.020999999999999998 -0.0067459037069266276 0.0027218597967954275 -0.0011613871895960132 0.0017327425193121079 -0.0051198443760327025 0.015728095749146947 0.014808794155346824 0.0026877271183440416 0.015389070355481458 0.0035147243750707638 0.0053428472888132064 -0.0093276462025132373 0.010237314490348674
leaf_weight=127.1576639264822 36.496612519025803 1187.7917545363307 78.205178506672382 19.301253594458103 27.843033611774445 30.679788872599602 114.18274584412575 31.357310190796852 561.53097750991583 12.104436181485651 26.626381121575832 164.07736115157604 31.03906774520874 43.004405364394188 50.425828620791435 11.529904849827291 10.761283077299593 33.12210650742054 830.90141078829765 157.24905109405518 110.04009637236595 113.52345910668373 46.03983211517334 44.434938967227936 42.649291694164276 35.659299850463867 34.216288670897484 26.679306477308273 16.158241905272007 44.161749809980392
leaf_count=1789 147 6472 695 107 116 66 216 65 3290 71 173 665 90 101 122 77 48 130 2756 348 265 300 93 104 93 71 65 59 99 106
internal_value=5.50505e-05 -0.00199306 -0.00136778 -0.00344714 0.00221005 0.00283002 0.00619182 0.010119 -0.00249658 0.00282605 0.000390956 -0.00167917 0.00220031 0.00576598 -0.000142479 0.00484247 0.0133647 0.00226974 0.00245472 0.00266998 0.00314874 0.00245285 0.00682619 0.00330534 0.00887253 0.012959 0.00957451 -0.00312889 -0.000514952 0.00416836
internal_weight=4098.95 2101.59 1974.44 736.218 1997.36 1722.74 246.095 131.913 658.012 96.4815 84.3771 274.617 110.54 74.0435 1238.22 57.7507 22.2912 1476.64 1448.8 1415.68 1258.43 1058.19 200.242 917.986 87.0842 101.233 69.8756 140.203 35.4595 154.202
internal_count=18799 12943 11154 4560 5856 4853 483 267 3865 575 504 1003 338 191 6594 331 125 4370 4254 4124 3776 3312 464 2953 197 201 136 359 206 371
cat_boundaries=0 1
cat_threshold=4
is_linear=0
shrinkage=0.03


Tree=105
num_leaves=31
num_cat=1
split_feature=14 13 18 2 12 18 13 12 18 15 11 9 13 8 17 8 8 18 13 1 0 18 13 16 1 1 8 9 3 1
split_gain=22.217 10.3774 6.33919 4.91187 4.51302 3.62008 3.6164 4.14261 3.34175 4.38829 2.94972 3.71752 3.42399 3.1393 3.56725 3.05644 3.02313 2.94402 2.86183 2.72543 5.40052 2.6037 3.59597 4.73049 7.26586 6.66764 3.49366 3.43168 2.56686 4.50017
threshold=0 5.2500000000000009 1071.2500000000002 0.076687376791056555 1.0000000180025095e-35 1337.5000000000002 7.2500000000000009 1.0000000180025095e-35 1055.0000000000002 1.6580000000000001 2.7512376237623766 3.8633333333333337 6.8500000000000005 1.6200000000000003 1232.5000000000002 4.3800000000000017 10.72666666666667 1055.0000000000002 4.5500000000000007 0.013813000000000004 0.15006166666666673 1066.2500000000002 9.3500000000000032 1.1963333333333337 0.22869800000000004 0.14675000000000007 24.490000000000006 10.470000000000002 0.1502075406838955 0.12400000000000004
decision_type=1 2 2 10 2 2 2 2 2 8 8 10 2 10 2 10 10 2 2 10 10 2 2 8 10 8 8 10 10 10
left_child=-1 2 3 -2 17 18 7 8 9 -3 12 -12 13 -10 15 -15 -13 -5 -4 -18 -21 26 -23 27 25 -25 -8 -24 29 -9
right_child=1 6 5 4 -6 -7 21 28 10 -11 11 16 -14 14 -16 -17 19 -19 -20 20 -22 22 23 24 -26 -27 -28 -29 -30 -31
leaf_value=-0.011659902966777397 0.00037236390805997168 -0.0011030593710661147 -0.0031930340336081037 0.020999999999999998 0.0012634812785943497 -0.0073519952208382878 0.014531247709225174 0.0019439729271316455 0.01305372503847997 0.015273040347602383 -0.0080192456319707305 0.0091414803018639839 -0.011425758571673604 -0.011776827134239068 0.01001123084683235 0.00091055851805471643 0.0049100290786059497 0.0055784270381905605 -0.00040652151626697277 -0.0075623901560673366 0.001194064025956414 0.0014762600971093226 -0.0047281082763547195 0.0072819166389173082 -0.00088781456429702882 0.020999999999999998 0.0015818545795236248 0.0086958812166812033 0.0048081661565813442 -0.01122706963527912
leaf_weight=128.67301796376705 192.53535181283951 32.621697396039963 556.1951445043087 29.149830639362335 37.126322567462921 103.37199674546719 43.834600806236267 488.07911202311516 22.539214983582497 26.8473289757967 91.592219546437263 23.711430057883263 17.282098084688187 19.226258181035519 34.927429594099522 153.71849147975445 43.922560811042786 17.581570893526077 821.88731732219458 126.78644423931837 126.77403530478477 393.92153427004814 44.250176846981049 45.988463222980499 36.403233498334885 34.584882348775864 32.76815602183342 27.973877102136612 299.91283950209618 24.519889891147614
leaf_count=1831 1206 91 4042 94 136 740 80 1777 98 65 380 62 57 77 137 582 157 75 4208 402 300 962 104 91 61 56 63 57 707 68
internal_value=0.000143974 0.000556597 -0.00115917 0.00301172 0.00907161 -0.00193732 0.00193495 0.00113547 -0.000521545 0.00628994 -0.00113484 -0.00268786 0.00145329 0.00241929 0.00126622 -0.000499897 -0.00116756 0.0152749 -0.00153116 -0.00198926 -0.00318438 0.00379205 0.00310896 0.00650829 0.0102357 0.0152613 0.00899192 0.000471282 0.00260372 0.00131394
internal_weight=4078.71 3950.03 1757.85 276.393 83.8577 1481.45 2192.19 1532.46 719.949 59.469 660.48 412.787 247.693 230.411 207.872 172.945 321.194 46.7314 1378.08 297.483 253.56 659.725 583.122 189.201 116.977 80.5733 76.6028 72.2241 812.512 512.599
internal_count=18766 16935 10501 1511 305 8990 6434 4960 2408 156 2252 1301 951 894 796 659 921 169 8250 859 702 1474 1331 369 208 147 143 161 2552 1845
cat_boundaries=0 1
cat_threshold=4
is_linear=0
shrinkage=0.03


Tree=106
num_leaves=31
num_cat=0
split_feature=7 10 18 13 10 6 9 18 18 17 15 16 10 16 9 3 1 0 7 9 6 9 6 9 16 16 9 12 15 16
split_gain=19.4099 8.47118 8.18027 5.42612 4.9089 5.83035 3.65641 4.97435 3.64623 3.64409 4.50911 4.38855 5.80852 3.40663 3.46001 3.39767 3.36693 6.2353 4.29476 4.22431 3.34939 3.29784 3.40706 3.26628 3.23467 5.13844 4.09757 4.35599 3.06574 3.03959
threshold=3.6400000000000006 0.13482409511283949 1215.0000000000002 5.5500000000000007 0.24790400523920572 16.300000000000008 0.72250000000000025 1205.0000000000002 1042.5000000000002 1142.5000000000002 1.0090000000000003 1.4863400000000004 0.097558699597018794 1.9760000000000002 3.3450000000000011 0.025003521126760572 0.07811300000000003 0.17000166666666675 11.445000000000002 2.7633333333333341 0.36666666666666686 1.7633333333333339 0.46666666666666673 5.8708333333333345 1.7790000000000001 2.1410000000000005 1.5450000000000006 1.0000000180025095e-35 1.2710000000000001 2.2730000000000006
decision_type=8 10 2 2 10 10 10 2 2 2 8 8 10 10 10 8 10 10 10 10 10 10 10 10 10 10 10 2 10 8
left_child=1 21 3 8 5 -4 7 20 29 10 13 12 -11 23 -15 -6 18 -18 19 -14 -3 22 -1 -10 26 28 -24 -28 -26 -2
right_child=2 6 4 -5 15 -7 -8 -9 9 11 -12 -13 16 14 -16 -17 17 -19 -20 -21 -22 -23 24 -25 25 -27 27 -29 -30 -31
leaf_value=-0.0075699287629973668 0.0099210743455398331 0.016542357255732158 -0.0061683203936780872 0.0033057992802569595 0.012579318002361681 0.0011646539104792379 -0.0026277519927718398 -0.0057310350930415976 -0.00041933528507417505 0.00028539538789646682 -0.0029150658499682695 -0.0010806503365261158 -0.00015810492621683625 0.0016202236102529849 0.020999999999999998 0.00014259458908041117 0.020999999999999998 0.0033940027425141957 -0.0089146594451971484 0.020999999999999998 0.002713835193028358 -0.0090250991107199367 -0.0057453899690185356 0.01158370434771004 0.020999999999999998 -0.0065945002985512606 -0.0064938850199335648 0.020999999999999998 0.0042328739199403937 -0.00013936699417363053
leaf_weight=143.29325544089079 64.064767882227898 32.442834384739399 295.55841910839081 1194.8344655185938 20.74471552670002 145.68353669345379 129.58638881146908 26.18222551047802 205.1356600895524 104.72270046174526 495.72320740669966 182.38522348552942 16.282828435301784 14.529795236885549 13.502212576568125 420.87335801124573 33.389944545924664 24.601507768034935 15.042873248457907 15.565185800194739 30.661967530846596 240.10381527245045 98.337343916296959 22.657529145479202 8.8134741038084048 14.452505551278589 7.1397343352437002 7.8720257356762886 10.977273635566233 46.753694549202919
leaf_count=1447 239 122 1857 2894 91 560 598 138 1063 583 2337 820 82 78 53 1341 111 70 62 77 117 2656 752 76 65 103 64 66 78 178
internal_value=-1.48367e-05 -0.00437563 0.000966541 0.00185899 -0.00150925 -0.00374721 0.000590845 0.00526214 0.000480836 -2.26795e-05 -0.00124574 0.00232226 0.00528325 0.00198897 0.0118576 0.000726801 0.0102735 0.0151069 0.00429594 0.0105357 0.00982322 -0.00642281 -0.00427483 0.000774551 -0.00107571 0.00700457 -0.00351679 0.0110821 0.0169355 0.00567663
internal_weight=4081.91 749.863 3332.05 2449.19 882.86 441.242 218.873 89.287 1254.36 1143.54 751.548 391.99 209.605 255.825 28.032 441.618 104.882 57.9915 46.8909 31.848 63.1048 530.989 290.886 227.793 147.592 34.2433 113.349 15.0118 19.7907 110.818
internal_count=18778 6206 12572 8723 3849 2417 975 377 5829 5412 3607 1805 985 1270 131 1432 402 181 221 159 239 5231 2575 1139 1128 246 882 130 143 417
is_linear=0
shrinkage=0.03


Tree=107
num_leaves=31
num_cat=1
split_feature=14 13 7 10 18 6 6 0 18 9 16 7 7 18 18 0 3 3 16 16 18 13 13 0 11 7 16 11 6 6
split_gain=18.5732 10.4429 6.01749 5.62514 3.27175 3.59334 4.48687 3.69923 3.24598 2.97147 6.76009 2.8883 3.11907 2.61357 2.51575 2.56541 4.63985 3.81093 3.5334 4.99367 2.47655 3.49308 2.39222 2.83777 3.87722 2.7314 2.93073 3.48842 3.00797 2.29408
threshold=0 5.0500000000000007 5.3450000000000015 0.15268282073777645 1071.2500000000002 7.083333333333333 23.016666666666669 0.017428333333333334 1183.7500000000002 0.34500000000000008 1.7390300000000003 6.2300000000000013 8.4900000000000038 1292.5000000000002 1225.0000000000002 0.053333333333333316 0.087696721529260599 0.039843146720757276 1.9200000000000002 1.5150000000000003 1242.5000000000002 9.3500000000000032 4.4500000000000011 0.023333333333333362 1.7463737649779274 1.5099999999999996 1.5970000000000002 2.5953718566078119 0.96666666666666712 8.3416666666666686
decision_type=1 2 8 8 2 8 10 10 2 10 10 8 8 2 2 10 10 10 10 10 2 2 2 10 8 10 10 10 10 10
left_child=-1 2 3 8 5 7 29 -4 9 10 -2 13 -13 -6 15 16 17 18 19 -5 -3 -22 -11 25 -25 26 27 28 -24 -7
right_child=1 20 4 14 11 6 -8 -9 -10 22 -12 12 -14 -15 -16 -17 -18 -19 -20 -21 21 -23 23 24 -26 -27 -28 -29 -30 -31
leaf_value=-0.010899056575109069 -0.0061722546898261982 0.002179385174599046 0.0024929417850431167 0.0016267954118742401 0.0075244705695462748 -0.011233567063033766 0.012762148599812307 0.020999999999999998 -0.0084742701615672222 -0.0081350258928662052 0.020639280990967162 -0.0052528688456140119 -0.00039710491066818145 -0.0089737384398661368 -0.0053731939265153133 -0.0081759964865795402 0.01982704067172977 -0.010908307765916418 -0.0077021569367895113 0.020999999999999998 -0.0010532799064551172 0.0078650884163317097 0.0044529091513746998 0.020999999999999998 -0.0031501771905767416 -0.0072800541770696864 -0.0085255091765525683 -0.010339747375017931 0.020999999999999998 0.0009659164106396586
leaf_weight=124.79435843229294 20.629652850329876 1890.2679219171405 13.800637535750868 23.601527035236359 58.870674207806587 16.375581942498684 27.115254104137421 13.354722544550894 186.82018004357815 97.596563920378685 14.351304210722445 146.19443053752184 641.35922092199326 10.128598190844057 34.647978350520134 13.389743953943251 17.278816863894463 15.040415793657301 12.507987789809702 16.460211358964443 433.39201033860445 43.492304444313049 12.402800723910337 9.7555631622672063 12.768802486360075 74.827650934457779 14.124183200299738 6.5821057036519042 6.6685000583529463 90.774559453129768
leaf_count=1811 177 5499 80 146 363 99 69 70 1702 858 101 906 3114 74 218 62 63 71 59 83 1607 90 110 70 101 595 117 71 57 406
internal_value=5.35032e-05 0.000423749 -0.00144128 -0.00385344 -4.45228e-05 0.00387326 0.0018603 0.0138261 -0.00543482 -0.00332946 0.00482746 -0.000782845 -0.00129849 0.00510265 0.00157769 0.00402821 0.00595321 0.00240754 0.00621726 0.0105631 0.00169199 -0.000239916 -0.00454507 -0.00199006 0.00774459 -0.0039033 0.00244889 0.00849115 0.0149903 -0.000898511
internal_weight=4099.37 3974.58 1607.43 589.454 1017.97 161.421 134.265 27.1554 456.527 269.707 34.981 856.553 787.554 68.9993 132.927 98.2787 84.889 67.6101 52.5697 40.0617 2367.15 476.884 234.726 137.13 22.5244 114.605 39.7776 25.6534 19.0713 107.15
internal_count=18849 17038 9842 4661 5181 724 574 150 3959 2257 278 4457 4020 437 702 484 422 359 288 229 7196 1697 1979 1121 171 950 355 238 167 505
cat_boundaries=0 1
cat_threshold=4
is_linear=0
shrinkage=0.03


Tree=108
num_leaves=31
num_cat=0
split_feature=6 10 7 13 12 1 16 12 6 6 17 7 1 3 0 10 10 10 3 10 7 16 2 15 16 6 2 0 13 0
split_gain=17.0561 8.86514 4.79367 4.0195 4.47646 4.21029 5.69137 3.79136 3.67622 3.54281 3.52905 3.47382 3.46179 3.02701 4.63962 4.64805 4.44409 5.82599 7.1241 4.94074 5.19437 4.42218 3.85324 3.22669 2.80122 2.89463 6.32452 2.78126 3.0207 3.4099
threshold=9.1833333333333371 0.15072977705135501 1.0000000180025095e-35 7.8500000000000005 1.0000000180025095e-35 0.22100000000000003 0.80100000000000005 1.0000000180025095e-35 8.6833333333333389 21.950000000000006 1152.5000000000002 5.1900000000000004 0.30404800000000004 0.34192596666267827 0.12714333333333339 0.063511708814552079 0.2914288636016889 0.21953471295200991 0.082125000000000017 0.092922402038189536 15.929999999999998 1.409 0.039864250000000011 1.1810000000000003 1.7270000000000003 13.766666666666671 0.0055494444444444315 0.26166666666666677 6.0500000000000007 0.34166666666666673
decision_type=8 10 10 2 2 10 8 2 10 8 2 10 10 10 10 10 10 10 10 10 8 10 10 10 8 10 10 10 2 10
left_child=1 2 -1 4 27 6 -5 -4 -9 -8 13 -3 -7 14 15 24 17 19 -19 20 21 -17 -18 -16 25 26 -6 -2 29 -29
right_child=3 11 7 5 10 12 9 8 -10 -11 -12 -13 -14 -15 23 16 22 18 -20 -21 -22 -23 -24 -25 -26 -27 -28 28 -30 -31
leaf_value=-0.0097322133363930991 -0.00092432346062824172 0.0027154496184851897 -0.0053834770398539945 -0.00086035295419290188 0.017526396860880433 -0.005221776998738676 0.0046707140589864748 -0.0019166321964399081 0.013234956978216668 0.012707550647391607 0.0047115272838992965 -0.0017958261984993514 0.004929090776133219 0.0087026280361865733 0.0036520898213057481 -0.0079933312790205022 0.010394540602472043 0.00053460691453889391 0.020999999999999998 0.00053071716592068192 0.020999999999999998 0.016573784753830274 -0.003959169861256987 -0.0053567279214981195 -0.010688702946521104 -0.0039251080438587249 -0.0059408523250121898 0.01517848522227931 -0.0012163899949811255 0.00052853852217522943
leaf_weight=121.96665888279676 899.57689836621284 303.18499648571014 425.68478728830814 70.526854172348976 21.280561670660973 62.010491579771042 90.452539533376694 415.99494811147451 14.929343611001967 108.67553241550922 384.00565207004547 311.40918724238873 59.011482238769531 44.491172403097153 46.901157364249229 13.035490870475771 21.350540488958359 21.383906975388527 39.745515674352646 116.66889888048172 12.500918410718439 13.345473900437353 79.536389976739883 150.93024735152721 28.511308938264847 68.353004887700081 20.096671894192696 32.916562721133232 50.434285968542099 25.281831324100494
leaf_count=1710 3411 1258 3240 165 96 119 207 3130 83 190 1163 1188 103 109 133 76 77 81 112 500 56 70 252 433 187 281 124 86 102 61
internal_value=2.8095e-05 -0.00239418 -0.00416768 0.00158354 0.00106152 0.00437668 0.00646307 -0.00337538 -0.00139171 0.00905687 0.00240155 0.000429628 -0.000272116 0.00113095 0.000615565 0.0022807 0.00427949 0.00670109 0.0145482 0.00361729 0.0128789 0.00443456 -0.000921517 -0.00322095 -0.00231089 -0.000134081 0.0061285 -0.000376769 0.00415748 0.00881444
internal_weight=4074.19 1593.17 978.576 2481.02 2090.35 390.677 269.655 856.609 430.924 199.128 1082.14 614.594 121.022 698.131 653.64 455.809 317.567 216.68 61.1294 155.551 38.8819 26.381 100.887 197.831 138.242 109.73 41.3772 1008.21 108.633 58.1984
internal_count=18803 10609 8163 8194 7410 784 562 6453 3213 397 3750 2446 222 2587 2478 1912 1224 895 193 702 202 146 329 566 688 501 220 3660 249 147
is_linear=0
shrinkage=0.03


Tree=109
num_leaves=31
num_cat=0
split_feature=10 7 13 8 1 18 0 12 10 16 7 8 2 10 8 0 4 0 4 11 0 18 18 18 9 3 0 13 10 7
split_gain=19.1159 11.3739 7.88197 5.02479 4.46834 3.33086 5.39875 3.81076 6.38222 7.85189 3.92452 4.72592 3.41576 3.29029 3.26128 4.50417 3.2371 5.01013 3.71201 4.93265 3.22547 3.11945 3.10283 4.96425 3.22699 2.99857 2.6848 2.96169 4.1359 4.66123
threshold=0.086013682014677809 8.2900000000000027 7.9500000000000011 11.220000000000004 0.041939000000000004 1042.5000000000002 0.10333333333333337 1.0000000180025095e-35 0.092922402038189536 1.4281700000000004 25.780000000000001 22.053333333333338 0.18671376076667548 0.55389421899446101 28.490000000000006 0.17666666666666672 0.58333333333333337 0.12714333333333339 1.0000000180025095e-35 2.8098251959011455 0.15683666666666671 1066.2500000000002 1095.0000000000002 1235.0000000000002 6.3100000000000014 0.080004447739065995 0.22816833333333339 8.5500000000000025 0.2914288636016889 10.22666666666667
decision_type=10 10 2 8 10 2 10 2 10 8 8 8 10 10 8 8 10 10 10 10 10 2 2 2 10 8 10 2 10 8
left_child=1 2 3 4 25 6 -2 10 9 -9 13 12 -12 21 -13 -16 18 -18 19 -10 -8 -7 -15 24 -24 -1 27 28 29 -21
right_child=5 -3 -4 -5 -6 7 20 8 16 -11 11 14 -14 22 15 -17 17 -19 -20 26 -22 -23 23 -25 -26 -27 -28 -29 -30 -31
leaf_value=-0.0027022791645419531 0.0013314674664424812 0.00037057514431782234 0.013966696175833754 -0.0078658051313470895 0.01232409903791166 0.0066752142404447696 0.018510754190075852 -0.002346349724730161 0.00058288647927605538 0.020999999999999998 0.00022395863950704664 -0.0047319760861429493 0.011165080918140408 -0.0065328522459062073 0.014725613476875113 6.5317976649283105e-05 0.017917387615452932 0.0034633659545299264 -0.0011625180619292458 0.00015441771395832932 0.0063861410727913065 -0.002026460317473592 0.014474602096347001 -0.0048588012627900365 0.00015729283188329566 -0.012838933822872012 -0.0014295580823283222 0.014091938238845875 0.0015971793567471527 0.01264828685308747
leaf_weight=265.67655855417252 131.24631924182177 561.95471236854792 18.708260118961334 426.63608356192708 16.530954748392105 38.937970012426376 32.327283054590225 14.341247402131559 468.97874837368727 15.750848069787024 37.694629102945328 76.729489967226982 80.57510681450367 21.518985137343407 24.305296629667282 84.208403646945953 27.426526069641113 101.30208566784859 329.81335723400116 37.86877965182066 50.74305622279644 776.15751055628061 49.026014268398285 26.895757950842381 19.92713063955307 29.145663015544415 46.777543306350708 38.289729058742523 140.04465724527836 92.572941645979881
leaf_count=2089 449 2426 48 4253 105 130 73 87 2058 82 99 184 176 66 56 212 81 211 968 204 89 3208 150 99 53 287 96 75 374 265
internal_value=0.00010938 -0.00286254 -0.00526359 -0.00575108 -0.00285336 0.00152751 0.00511955 0.00122551 0.00235083 0.0160076 2.99116e-05 0.00299295 0.00767795 -0.000934544 1.77396e-06 0.00334898 0.00203053 0.0065429 0.00152733 0.00260327 0.0111045 -0.00161077 0.00376172 0.00607295 0.010337 -0.00370437 0.00526817 0.00628284 0.00517739 0.00902117
internal_weight=4082.11 1318.65 756.698 737.989 311.353 2763.46 214.317 2549.14 1313.17 30.0921 1235.98 303.513 118.27 932.463 185.243 108.514 1283.07 128.729 1154.35 824.532 83.0703 815.095 117.368 95.8489 68.9531 294.822 355.554 308.776 270.486 130.442
internal_count=18753 9208 6782 6734 2481 9545 611 8934 4501 169 4433 727 275 3706 452 268 4332 292 4040 3072 162 3338 368 302 203 2376 1014 918 843 469
is_linear=0
shrinkage=0.03


Tree=110
num_leaves=31
num_cat=1
split_feature=14 10 7 16 18 7 8 5 7 16 0 6 7 9 8 16 16 9 9 7 7 11 1 16 10 10 17 3 17 8
split_gain=15.2491 8.95602 7.40107 5.14631 4.40365 3.92368 4.32156 5.03398 3.71633 3.3454 7.65897 3.32791 3.63007 4.09966 3.22861 3.28097 3.90912 2.94045 6.38882 2.87539 4.26676 2.78575 3.17552 3.46052 3.30722 5.65305 3.3287 2.73513 3.54391 3.95574
threshold=0 0.15072977705135501 5.3450000000000015 1.0098300000000002 1162.5000000000002 36.880000000000003 13.710000000000001 1.0000000180025095e-35 5.910000000000001 1.3588600000000002 0.19682500000000003 13.016666666666669 21.290000000000006 3.6708333333333338 11.090000000000003 1.0000000180025095e-35 1.7747800000000005 0.44000000000000022 0.16333333333333336 10.930000000000003 21.290000000000006 2.167670682730924 0.058000000000000031 2.0310000000000006 0.010544563492063494 0.072393745611327179 1086.2500000000002 0.14000000000000007 1120.0000000000002 12.32666666666667
decision_type=1 8 8 8 2 10 8 10 8 10 10 10 10 10 10 10 10 10 10 10 10 10 10 10 10 10 2 10 2 10
left_child=-1 2 14 4 19 6 7 11 -8 10 -10 21 13 -13 15 -2 -17 18 -18 -3 -21 22 23 24 26 -26 -4 28 29 -9
right_child=1 3 5 -5 -6 -7 8 27 9 -11 -12 12 -14 -15 -16 16 17 -19 -20 20 -22 -23 -24 -25 25 -27 -28 -29 -30 -31
leaf_value=-0.010325696638940734 0.0041564805127217944 -0.0048849092641071908 -0.0029642042830820775 0.0017975016577840962 -0.0050367777001899261 0.0092397312812232697 0.008902895988165337 -0.0017078832779207403 -0.0017350641870279384 -0.0054639299633887665 0.019751753656707723 0.0027930751993280236 -0.0082836571519178046 0.017289697973481569 -0.0069509614663308657 -0.0062365945190409385 -0.003483945945237754 -0.0018535881738371623 0.020999999999999998 0.016527753267954817 -0.0011964504757815515 -0.0076931256673193477 -0.011641280058188895 0.016810250267347639 -0.011157171289335542 0.0057569380527525355 0.015793614447535569 -0.0033218080784970096 0.015375896448263369 0.017831283842697766
leaf_weight=121.01347833871841 56.680893890559673 23.969678677618504 15.083771623671053 2037.728432290256 191.66838037222624 38.52959418296814 26.470081977546215 34.11759389936924 355.55569404363632 225.78797274082899 15.584724694490431 71.224128171801567 18.143601328134537 23.30114671587944 249.16323780268431 180.1185065433383 13.142201080918314 55.197915032505989 8.7493343204259855 24.820755511522293 24.085641890764236 62.46153911203146 18.425938986241817 12.299809113144873 40.102793492376804 31.954300120472908 19.549594633281231 18.141371503472328 45.584489077329636 12.832717627286909
leaf_count=1805 371 109 71 6118 799 89 186 157 1682 1122 56 339 63 80 2316 1411 102 377 55 71 54 328 102 69 259 183 91 64 171 58
internal_value=-0.000256725 7.76555e-05 -0.00161036 0.00128645 -0.00265009 -0.000162281 -0.0005084 0.00183122 -0.00209676 -0.00258452 -0.000832802 -0.000115764 0.0040074 0.00636659 -0.00440119 -0.0023772 -0.00381703 0.00183625 0.0111399 0.00362704 0.00779886 -0.00243994 -5.21487e-05 0.00174246 5.36665e-06 -0.00365647 0.00762407 0.00732945 0.00941762 0.00363267
internal_weight=4071.49 3950.48 1648.2 2302.27 264.544 1085.15 1046.62 423.223 623.398 596.928 371.14 312.547 112.669 94.5253 563.052 313.889 257.208 77.0895 21.8915 72.8761 48.9064 199.878 137.416 118.99 106.69 72.0571 34.6334 110.676 92.5348 46.9503
internal_count=18758 16953 9802 7151 1033 5170 5081 2035 3046 2860 1738 1585 482 419 4632 2316 1945 534 157 234 125 1103 775 673 604 442 162 450 386 215
cat_boundaries=0 1
cat_threshold=4
is_linear=0
shrinkage=0.03


Tree=111
num_leaves=31
num_cat=0
split_feature=10 7 8 9 12 16 3 1 11 16 1 16 2 1 10 15 10 16 16 9 10 3 3 13 6 7 7 16 2 3
split_gain=13.7137 10.1814 6.85745 5.43058 4.9819 4.50737 3.90221 3.41876 5.77767 3.56089 3.63653 6.43742 3.34556 3.30219 3.83961 3.28295 3.01051 3.56746 2.89677 3.31488 2.71318 4.33504 3.44108 3.27551 2.7022 5.31528 3.88296 6.2291 2.71759 3.42736
threshold=0.15072977705135501 5.5100000000000025 9.0900000000000016 1.5100000000000005 1.0000000180025095e-35 0.78700000000000003 0.27208647873865272 0.032015000000000023 2.7022543059777107 1.4930000000000005 0.12800300000000006 1.3050000000000004 0.059523809523809527 0.084049000000000026 0.11103424687964614 1.8880000000000003 0.090608074032676331 1.5590000000000004 2.1330000000000005 3.055000000000001 0.08248101252920749 0.025003521126760572 0.036011235955056196 4.9500000000000011 24.350000000000001 30.030000000000005 26.570000000000004 1.8263333333333336 0.21339215686274512 0.20442534759358291
decision_type=10 8 10 10 2 8 8 8 8 8 10 10 10 10 10 10 10 10 10 10 10 10 10 2 10 10 10 10 10 10
left_child=1 2 3 16 -5 6 -2 12 18 10 11 -10 15 14 -11 20 -1 -18 -9 -20 -3 23 -23 -22 -7 26 -26 -28 29 -27
right_child=5 7 -4 4 -6 24 -8 8 9 13 -12 -13 -14 -15 -16 -17 17 -19 19 -21 21 22 -24 -25 25 28 27 -29 -30 -31
leaf_value=-0.0046336564077919069 -0.0080849568242032151 0.00079527127647528782 -0.0074685796993724215 -0.0023619305606311777 0.020122706384799249 0.00095431596420094984 0.0077548950625931307 -0.0054102649281404765 -0.0024945858932890756 -0.00080295449400049365 0.014257125575466644 0.019045654743574131 0.0168861561478874 -0.0074517187829141046 0.016216706885880894 -0.0098511452798879656 -0.00447337368131937 0.011190344299280123 0.013883794440971233 -0.0031031378095713429 -0.012432109783522627 0.020999999999999998 0.0027690097558326571 0.010318404754681983 0.0036971332673964084 0.0010470012594958177 0.0060569833671576187 0.020999999999999998 0.0024392495729873794 -0.0099488511220049078
leaf_weight=201.67767175287008 74.861261934041977 441.60293804109097 407.86221360042691 16.752251416444778 18.846230544149876 1517.8015140295029 17.216677762567997 306.72602237015963 58.050596743822098 68.111169330775738 31.898818470537663 15.908923663198946 12.270434677600859 52.378238812088966 14.462819069623945 23.779262036085129 25.901304505765438 26.449040152132511 15.635122910141943 30.522904962301254 12.168168164789678 17.605059243738655 11.886858344078062 10.707502849400042 216.19072365760803 63.971660524606705 75.878535568714142 30.807655066251755 235.33743008971214 42.435318619012833
leaf_count=1706 326 1948 4339 94 96 5151 61 1675 266 389 100 74 62 184 59 154 170 143 79 135 76 92 63 53 472 139 163 54 468 94
internal_value=-0.000174817 -0.0021148 -0.00496191 -0.00143194 0.00954169 0.00137854 -0.00512323 -0.000347604 -0.00191108 0.00167148 0.00579047 0.00213879 0.00140371 -0.00155951 0.00217804 0.00103678 -0.00296974 0.00344043 -0.00435585 0.00265085 0.00156091 0.00801738 0.0156193 -0.00178319 0.00165285 0.00324811 0.00600824 0.0106915 0.000640369 -0.00333817
internal_weight=4095.7 1821.2 697.489 289.626 35.5985 2274.5 92.0779 1123.71 593.695 240.811 105.858 73.9595 530.02 134.952 82.574 517.75 254.028 52.3503 352.884 46.158 493.971 52.3676 29.4919 22.8757 2182.42 664.621 322.877 106.686 341.744 106.407
internal_count=18885 11957 6548 2209 190 6928 387 5409 2961 1072 440 340 2448 632 448 2386 2019 313 1889 214 2232 284 155 129 6541 1390 689 217 701 233
is_linear=0
shrinkage=0.03


Tree=112
num_leaves=31
num_cat=1
split_feature=14 6 10 18 12 11 0 9 8 8 18 8 18 8 7 8 11 9 11 1 7 8 7 6 1 1 5 11 18 0
split_gain=15.8839 8.55322 4.80748 3.96033 6.6952 4.42081 5.4999 4.11833 3.61996 3.29083 4.52071 4.24632 3.18798 3.55513 3.75958 3.28864 3.48116 3.58472 3.14523 4.13267 5.5073 3.1025 4.03849 2.84026 3.51277 4.83646 5.01125 2.81883 2.49314 3.31773
threshold=0 8.6833333333333389 0.12705966968706717 1162.5000000000002 1.0000000180025095e-35 2.5465292096219936 0.023333333333333331 4.1450000000000014 28.700000000000003 17.726666666666674 1042.5000000000002 19.780000000000005 1191.2500000000002 4.6900000000000022 5.1100000000000012 0.62000000000000155 0.50287356321839094 1.0800000000000005 1.0913729128014844 0.012378000000000002 17.790000000000003 2.9800000000000004 1.5099999999999996 11.516666666666669 0.082014000000000031 0.053634000000000008 1.0000000180025095e-35 3.6681957186544349 1102.5000000000002 0.11673333333333337
decision_type=1 8 10 2 2 8 8 8 8 10 2 10 2 10 10 10 10 10 10 10 10 10 10 8 10 10 10 10 2 8
left_child=-1 2 12 5 7 6 18 -5 9 -8 -11 -12 13 14 15 -2 -17 -18 -3 20 -20 -4 -23 24 25 26 -6 -7 -29 -30
right_child=1 3 21 4 23 27 8 -9 -10 10 11 -13 -14 -15 -16 16 17 -19 19 -21 -22 22 -24 -25 -26 -27 -28 28 29 -31
leaf_value=-0.010253519216345319 -0.0029399448975921407 -0.0053119561787635852 0.0041785950268311044 -0.006196899733675887 1.4478267843653614e-06 0.0052034047375204397 -0.0023854007491361708 -0.00052168655477634687 -0.011090800103111538 0.016804190096453446 0.010577699243482078 -0.0035049228315047727 -0.0055993836126784257 -0.0029882676158741249 -0.014897559122771666 0.020999999999999998 0.0017725305660408236 0.020999999999999998 -0.0019740771624569891 0.01996898183478215 0.019409160893003721 -0.0097454427398156341 0.00012211137939708319 0.0014303073450189613 -0.0032306255969000151 0.020999999999999998 0.019627238652342199 0.0037845456393280539 0.0040849559022626894 -0.0045788354182740012
leaf_weight=118.9772711135447 32.615201808512211 15.64846822619438 154.11911557614803 165.50469774752855 40.27114063501358 522.36301026493311 249.35745796561241 377.71620298922062 31.522877722978592 19.87272047996521 28.262716457247734 60.565437763929367 280.70023065805435 365.2610243037343 9.466623440384863 12.690382495522497 44.990759328007698 9.8074811995029432 34.820337206125259 23.231441348791122 15.740356370806692 40.759948834776878 443.41851586848497 505.27115900069475 23.142327815294266 18.739465296268463 16.509872257709503 247.29547619819641 67.957275807857513 95.942097216844559
leaf_count=1804 246 71 587 827 207 1432 981 1252 133 57 108 216 2353 2791 44 95 307 46 152 107 53 222 1847 1692 90 84 75 532 171 191
internal_value=0.000107814 0.000444436 -0.00144541 0.00147523 0.000165795 0.00253863 0.000195699 -0.00225077 -0.00134454 -0.000486499 0.00386954 0.000975787 -0.00306483 -0.00156651 0.00317301 0.0048819 0.00866197 0.00535857 0.00690462 0.00949528 0.00468287 0.000471448 -0.000708576 0.00233942 0.00699519 0.0101288 0.00570792 0.00374081 0.00188281 -0.000986585
internal_weight=4072.54 3953.56 1393.83 2559.73 1147.15 1412.58 479.022 543.221 389.581 358.058 108.701 88.8282 755.532 474.831 109.57 100.104 67.4886 54.7982 89.4406 73.7921 50.5607 638.298 484.178 603.934 98.6628 75.5205 56.781 933.558 411.195 163.899
internal_count=18773 16969 8538 8431 4227 4204 1878 2079 1495 1362 381 324 5882 3529 738 694 448 353 383 312 205 2656 2069 2148 456 366 282 2326 894 362
cat_boundaries=0 1
cat_threshold=4
is_linear=0
shrinkage=0.03


Tree=113
num_leaves=31
num_cat=1
split_feature=14 10 7 8 7 5 11 11 8 6 13 16 16 13 16 9 18 18 8 13 7 6 10 0 1 16 16 6 6 5
split_gain=16.9041 10.1348 6.11524 4.5646 3.42104 8.27027 5.11861 4.06933 4.41862 4.45603 3.55892 3.45283 3.40103 3.01583 4.34738 3.66446 2.79841 2.74812 2.90521 2.58828 2.53734 2.50493 2.42261 2.09871 3.85982 3.18842 6.07685 3.06178 2.46728 3.09556
threshold=0 0.20201746529023493 5.3450000000000015 9.0900000000000016 5.910000000000001 1.0000000180025095e-35 1.8755952380952383 1.3821877065432917 10.245000000000003 10.083333333333336 5.7500000000000009 1.4330000000000003 0.28404000000000001 5.2500000000000009 2.2730000000000006 1.0800000000000005 1337.5000000000002 1077.5000000000002 13.126666666666669 3.9500000000000006 3.2400000000000007 3.5666666666666678 0.076870330450536928 0.12000000000000004 0.10606500000000003 1.4930000000000005 1.1780000000000004 16.816666666666677 32.216666666666676 0.55000000000000016
decision_type=1 8 8 10 8 10 10 10 10 10 2 10 8 2 10 10 2 2 10 2 10 10 10 10 10 10 10 10 10 10
left_child=-1 2 3 13 5 6 11 12 9 10 21 -4 -6 14 19 -15 -3 18 -14 -2 -17 22 -9 24 28 26 -26 -25 29 -10
right_child=1 16 4 -5 7 -7 -8 8 23 -11 -12 -13 17 15 -16 20 -18 -19 -20 -21 -22 -23 -24 27 25 -27 -28 -29 -30 -31
leaf_value=-0.010743642471559196 0.011750686938487602 0.0020093504057057073 -0.0019257737804730876 -0.0062811105586942015 0.0058200903675595453 0.020999999999999998 -0.0095682689621961643 -0.00046275825404909401 -0.00074976372215565979 0.0077817449430039798 -0.013171442359333936 0.020999999999999998 -0.0061245981306422195 -0.0018043930494398433 0.01186147508021443 0.020011815623356775 -0.0033132558416110909 -0.0080307458727878166 0.012667047445016852 -0.0046853000337837283 0.0033220974854223945 -0.0017965755380160515 0.019206027109626687 -0.010234660529026119 0.00063702164761804349 0.00062583536697572426 0.020999999999999998 -0.0014336055699005466 0.0060923572166621314 -0.013264155854884026
leaf_weight=119.75118381157517 9.0062212198972684 1914.6018354818225 9.2508468255400675 313.35416097939014 24.616692177951336 13.987093061208723 22.517070516943932 10.39155311137438 566.16594937443733 124.34243927150965 17.380052119493484 10.087672851979731 17.097989991307262 41.242889404296875 16.816750459372997 16.327992409467697 93.22960339486599 131.0651638880372 13.06022636592388 202.69755902886391 16.465733021497726 50.377897217869759 12.315420314669607 45.036364518105984 17.380578339099884 34.786206409335136 15.149668797850607 169.34104789793491 45.736247137188911 18.366559192538261
leaf_count=1836 80 5502 63 2839 108 86 146 74 2711 469 62 64 85 198 110 72 392 755 62 1584 65 267 68 214 73 125 56 524 116 64
internal_value=-8.70557e-05 0.000258866 -0.00126095 -0.00374336 -0.00014367 0.0071286 0.000154194 -0.000453056 0.000225314 0.0040962 -0.000969509 0.0114747 -0.0045661 -0.00111504 -0.00281987 0.00414707 0.00176221 -0.00615193 0.00201326 -0.00398609 0.0116319 0.00193219 0.0102049 -0.00068645 0.00011136 0.0069396 0.0136912 -0.00328253 -0.000617936 -0.00114298
internal_weight=4111.95 3992.2 1984.36 615.911 1368.45 55.8427 41.8556 1312.61 1126.77 214.807 90.4649 19.3385 185.84 302.557 228.521 74.0366 2007.83 161.223 30.1582 211.704 32.7937 73.0849 22.707 911.963 697.585 67.3165 32.5302 214.377 630.269 584.533
internal_count=18870 17034 11140 4948 6192 359 273 5833 4823 940 471 127 1010 2109 1774 335 5894 902 147 1664 137 409 142 3883 3145 254 129 738 2891 2775
cat_boundaries=0 1
cat_threshold=4
is_linear=0
shrinkage=0.03


Tree=114
num_leaves=31
num_cat=2
split_feature=14 18 10 12 6 14 10 11 11 8 8 1 7 1 0 5 15 10 8 18 9 15 10 6 6 18 11 7 6 18
split_gain=18.5425 7.95623 5.34299 4.25038 3.64075 3.53744 3.52901 4.32631 4.49783 6.89905 9.56592 3.89774 3.58441 3.47974 7.34546 4.60125 3.43678 4.99642 6.1724 3.39259 3.38703 3.79702 3.9976 3.39449 5.0611 3.37891 3.65005 7.14914 3.28818 3.12808
threshold=0 1162.5000000000002 0.076870330450536928 1.0000000180025095e-35 23.583333333333339 1 0.66196151624417865 4.0489804078368659 2.1077677224736053 1.6200000000000003 0.62000000000000155 0.13000900000000007 2.5633333333333339 0.03196700000000003 0.017428333333333334 1.0000000180025095e-35 1.3758000000000001 0.10443652036852039 16.445000000000004 1183.7500000000002 4.7633333333333345 1.7210000000000003 0.1635315378241359 23.583333333333339 29.916666666666668 1071.2500000000002 1.2012658227848103 4.4450000000000012 1.5666666666666675 1102.5000000000002
decision_type=1 2 10 2 10 1 10 10 10 8 10 10 8 10 10 8 8 10 10 2 10 10 10 10 10 2 10 8 8 2
left_child=-1 4 -3 20 5 6 7 8 9 10 -2 29 -10 14 15 -14 19 18 -18 -5 28 22 -22 -23 -25 26 27 -7 -4 -11
right_child=1 2 3 16 -6 25 -8 -9 12 11 -12 -13 13 -15 -16 -17 17 -19 -20 -21 21 23 -24 24 -26 -27 -28 -29 -30 -31
leaf_value=-0.011139775931927384 -0.0042377337107895692 -0.0036693283366084394 0.0031117768551497506 -0.01142842255676846 0.0038755912783409751 -0.0015400680587400024 0.011658790592229712 -0.0044341951306289566 -0.0075378765883190027 -0.0051574986079138407 0.020999999999999998 0.010643762587214776 -0.00085944209450765244 0.0035522749887595263 0.020999999999999998 0.013227304387489052 0.020999999999999998 0.0022871886604556436 0.00060293798021003153 1.7517334436021389e-05 0.015470956551918031 -0.0081853025087175631 0.001825298076254803 0.01218403526431763 -0.0039896062457395421 -0.0018688298989357299 0.00057178244615035576 0.020999999999999998 -0.0051216734846404486 0.0013305620974004759
leaf_weight=117.4622752033174 16.885829821228981 486.27429474145174 51.639882862567902 25.943055152893066 530.54494258761406 24.705238327383995 35.019873157143593 86.014402501285076 20.381313562393188 157.0832133218646 16.474814847111702 22.316777676343918 49.151891611516476 281.30334188044071 31.629425540566444 36.266842775046825 17.794601514935493 405.01030861586332 17.418796233832836 229.29818819463253 22.720899820327759 62.57210049778223 129.16453117132187 25.478558838367462 55.005738586187363 515.78322733193636 190.05333852767944 23.915740340948105 282.32736156135798 116.4644985049963
leaf_count=1822 83 3350 309 106 1107 184 106 215 82 714 62 70 196 818 109 132 101 1335 113 980 91 213 394 59 133 2947 958 114 1350 555
internal_value=0.000124101 0.000484697 -0.000979892 7.59582e-06 0.00171808 0.001013 0.00230279 0.00193753 0.00267027 4.66219e-05 0.0129796 -0.00141166 0.0047331 0.00536093 0.0097077 0.00512147 0.00162376 0.00322959 0.0140687 -0.00114586 -0.00177961 0.000563117 0.00386658 -0.00294423 0.00113041 -0.00049653 0.00244825 0.00978315 -0.00384857 -0.00239517
internal_weight=4082.11 3964.64 1810.65 1324.37 2153.99 1623.45 868.992 833.972 747.958 329.225 33.3606 295.864 418.733 398.352 117.048 85.4187 695.465 440.224 35.2134 255.241 628.909 294.942 151.885 143.056 80.4843 754.458 238.674 48.621 333.967 273.548
internal_count=18808 16986 8534 5184 8452 7345 3142 3036 2821 1484 145 1339 1337 1255 437 328 2635 1549 214 1086 2549 890 485 405 192 4203 1256 298 1659 1269
cat_boundaries=0 1 2
cat_threshold=4 8
is_linear=0
shrinkage=0.03


Tree=115
num_leaves=31
num_cat=0
split_feature=10 7 7 16 11 18 11 0 15 2 10 15 6 1 10 9 16 6 0 15 4 16 10 10 16 16 0 15 9 16
split_gain=13.7959 11.6655 5.91003 4.67174 4.03949 3.98661 3.75562 3.71701 3.63957 3.29915 3.26096 3.90427 4.05977 4.38468 4.17395 3.3605 8.51844 4.61808 3.56894 3.27254 4.06184 3.89933 3.5467 4.94419 3.23173 4.55397 3.20498 3.20224 3.17445 4.09799
threshold=0.083589549175255531 0.38000000000000084 9.4675000000000029 1.0098300000000002 3.1878094059405946 1188.7500000000002 2.9378221649484542 0.010668333333333337 0.85249000000000008 0.10668500000000002 0.32679798266961352 2.6510000000000002 24.066666666666674 0.20100000000000004 0.45306114864383357 0.44000000000000022 1.4990000000000003 6.6833333333333353 0.006666666666666668 1.8040000000000005 1.0000000180025095e-35 2.2220000000000004 0.23692735964212677 0.22263538207922137 1.9909999999999999 1.7510000000000001 0.12000000000000004 2.4170000000000003 5.1633333333333349 0.81278000000000017
decision_type=10 8 10 8 10 2 10 10 10 8 10 10 10 10 10 8 10 8 10 8 10 10 10 10 10 10 8 10 10 10
left_child=1 -1 4 7 5 6 -3 -2 -9 -4 15 12 27 14 -14 16 -5 18 -17 20 22 -22 23 -19 25 26 -24 -12 -10 -30
right_child=3 2 9 10 -6 -7 -8 8 28 -11 11 -13 13 -15 -16 17 -18 19 -20 -21 21 -23 24 -25 -26 -27 -28 -29 29 -31
leaf_value=-0.0096978692748866512 -0.010125786139410424 -0.0011024340746057259 0.0021341314121254397 -0.0078709352247029775 -0.010112532787581738 -0.005703740041641446 0.013973729416650871 0.010941562549530241 -0.0047161337342644062 -0.0051481914463691967 0.0018026148322192734 0.01227083862862435 0.0043550841455005608 0.0021812983755195971 0.014755967716491441 0.0019598856554417904 0.018947027816166598 0.0050575717774745477 -0.0050982705637739375 -0.00074979094349738261 -0.0015586435931481029 0.0098776529704372416 0.0049185143828990455 0.017885661224266096 -0.006592208874896195 0.01416331745920286 -0.0064192455927342277 -0.0096322704733082659 -0.0048288036398769826 0.0062060017101912791
leaf_weight=173.08724657073617 44.008799038827419 324.02750958502293 419.21851429343224 17.077902942895889 68.965137459337711 205.57289464771748 15.586419098079203 22.059573419392109 147.32711238414049 64.619575597345829 670.0529019087553 39.752068281173706 70.120241582393646 156.33364170789719 68.794514924287796 96.099973894655704 28.36494953930378 258.58011367917061 195.93259165436029 388.04707186669111 236.15113202482462 30.272193029522896 52.987288549542427 30.198375687003136 39.733423635363579 26.840208902955055 38.922835692763329 22.790773078799248 50.651741214096546 75.34273587167263
leaf_count=2322 268 2359 1722 99 568 1726 118 86 710 291 2008 82 137 283 118 552 128 1053 1076 1249 743 79 183 90 104 71 105 64 166 217
internal_value=0.000133638 -0.00245929 -0.0013182 0.00130801 -0.00327177 -0.00240643 -0.000410521 -0.00199205 -0.000780207 0.00116153 0.001762 0.00305263 0.00268177 0.00562753 0.0095059 0.000840263 0.00886855 0.000578505 -0.00277562 0.00146757 0.0026732 -0.000259201 0.00441997 0.00639904 0.00081383 0.00329186 0.000117109 0.00142647 -0.00172626 0.00176984
internal_weight=4077.52 1271.08 1097.99 2806.44 614.152 545.187 339.614 339.39 295.381 483.838 2467.05 1027.84 988.092 295.248 138.915 1439.21 45.4429 1393.77 292.033 1101.73 713.686 266.423 447.262 288.778 158.484 118.75 91.9101 692.844 273.322 125.994
internal_count=18777 9106 6784 9671 4771 4203 2477 1447 1179 2013 8224 2692 2610 538 255 5532 227 5305 1628 3677 2428 822 1606 1143 463 359 288 2072 1093 383
is_linear=0
shrinkage=0.03


Tree=116
num_leaves=31
num_cat=1
split_feature=14 13 10 12 8 8 11 7 7 16 8 0 13 13 8 17 0 7 2 13 13 0 11 11 10 1 11 10 7 2
split_gain=15.6894 7.96542 5.16986 3.42663 3.4709 3.34911 4.34259 3.51116 5.36003 3.9085 3.38667 5.42853 7.36337 3.03239 2.73932 3.81414 7.42467 5.5177 2.89394 2.66079 2.5188 6.17832 2.43747 3.92792 2.30098 3.21742 3.14824 2.95505 2.27076 2.26415
threshold=0 5.2500000000000009 0.077703162419045638 1.0000000180025095e-35 0.80000000000000082 8.7800000000000029 1.2012658227848103 17.630000000000006 18.570000000000004 1.9310000000000003 20.845000000000006 0.046666666666666662 6.7500000000000009 5.8500000000000005 27.253333333333341 1210.0000000000002 0.21012666666666671 22.190000000000005 0.093468323977546119 6.8500000000000005 9.3500000000000032 0.093333333333333365 3.0808631211857023 3.834142394822007 0.5400055994293943 0.080069000000000043 2.5024271844660197 0.44174635040040522 25.145000000000007 0.10505774316779316
decision_type=1 2 10 2 8 8 10 8 8 10 10 10 2 2 10 2 8 8 8 2 2 8 8 10 10 8 8 8 10 10
left_child=-1 2 29 20 -5 6 -6 10 -9 14 -7 12 13 -12 15 17 -17 -10 -19 -13 24 -22 -20 -24 27 26 -26 -3 -11 -2
right_child=1 3 -4 4 5 7 -8 8 9 28 11 19 -14 -15 -16 16 -18 18 22 -21 21 -23 23 -25 25 -27 -28 -29 -30 -31
leaf_value=-0.010537924076565713 -0.0026359339588320125 -1.8076076264550811e-05 0.0001682791081723754 -0.008098888713310725 0.017305140683876844 -0.002151682968651712 0.0046154878236645651 0.015682997287925667 0.012455794023030252 -0.0087792934033691424 0.0091522553453348334 0.0039445706517950603 0.020999999999999998 -0.0079896857190275769 0.000467643835596748 0.018421223996690522 0.0015916621193465903 -0.007810673102017239 -0.0042124679557163543 -0.0084239809877175824 -0.0048084121154801833 0.010318584682133059 0.010171246360181876 -0.0029598827611112813 0.0010794333528863877 -0.0011450114961892631 0.017464020570689642 -0.0052981733799268094 0.00093307319858830376 -0.0087766647766894211
leaf_weight=113.62860235199332 665.49090267717838 745.99366027861834 1037.4464227631688 26.475765198469162 27.947967387735844 249.49245999753475 184.49194552004337 31.392496064305305 46.063822537660599 34.323452800512314 19.958573900163174 30.251357235014439 27.991861641407013 17.371482238173485 126.9101352840662 51.322402596473694 43.664887875318527 29.632197186350822 33.691804319620132 32.439556092023849 38.655398488044739 65.434271544218063 55.048494562506676 32.669674441218376 18.77700087428093 45.809694096446037 24.10265539586544 109.38199946284294 58.746863812208176 58.814934313297272
leaf_count=1795 5178 2401 5089 101 95 857 555 71 117 71 90 97 75 75 270 107 86 82 96 85 89 110 139 71 64 110 63 304 105 348
internal_value=-1.29871e-05 0.000314026 -0.00118962 0.00151517 0.00263863 0.00288945 0.0062849 0.00210622 0.00365005 0.00291238 -0.000116309 0.00385056 0.00990269 0.00117528 0.00414763 0.00574653 0.0106848 0.00336673 0.000594803 -0.00245556 0.000271958 0.00470093 0.0026463 0.0052807 -0.000216367 0.00438322 0.0102892 -0.000693274 -0.00264876 -0.00313457
internal_weight=4083.42 3969.79 1761.75 2208.04 1159.89 1133.41 212.44 920.972 543.466 512.074 377.505 128.013 65.3219 37.3301 419.003 292.093 94.9873 197.106 151.042 62.6909 1048.15 104.09 121.41 87.7182 944.065 88.6894 42.8797 855.376 93.0703 724.306
internal_count=18796 17001 10615 6386 3245 3144 650 2494 1215 1144 1279 422 240 165 968 698 193 505 388 182 3141 199 306 210 2942 237 127 2705 176 5526
cat_boundaries=0 1
cat_threshold=4
is_linear=0
shrinkage=0.03


Tree=117
num_leaves=31
num_cat=0
split_feature=7 18 10 10 16 10 7 15 7 10 7 7 9 18 17 3 11 11 5 0 11 11 17 0 10 16 16 16 16 10
split_gain=14.3275 6.82909 5.28531 5.25903 4.43516 4.44559 3.99708 3.72738 3.72471 3.637 3.42398 3.37601 4.72474 4.99285 3.28692 3.15196 3.6267 4.72259 4.94384 4.08909 4.64916 5.52625 4.04784 3.95729 3.95031 3.93101 4.41304 3.6364 3.4179 2.98375
threshold=3.4550000000000005 1292.5000000000002 0.028706110310147966 0.18968380796871492 0.35842000000000007 0.056497300932358448 4.9450000000000012 1.1475600000000001 15.170000000000002 0.03190072563807949 7.910000000000001 18.570000000000004 4.6100000000000012 1205.0000000000002 1120.0000000000002 0.020753036437246967 3.6424162257495598 2.7022543059777107 1.0000000180025095e-35 0.036666666666666618 1.7553287981859411 1.5358983799705452 1088.7500000000002 0.029395000000000001 0.095277108036547237 1.9630000000000003 2.1040000000000005 1.1963333333333337 1.4448100000000001 0.49020786863828009
decision_type=8 2 10 8 10 10 8 10 8 10 10 8 10 2 2 10 10 10 10 10 8 10 2 10 10 10 10 10 10 10
left_child=2 3 -1 4 -2 -6 7 -5 -8 -4 -3 12 -10 29 -9 -7 17 19 27 20 21 23 -21 -17 -20 -24 -27 -19 -29 -14
right_child=1 10 9 6 5 15 8 14 11 -11 -12 -13 13 -15 -16 16 -18 18 24 22 -22 -23 25 -25 -26 26 -28 28 -30 -31
leaf_value=-0.0073457875966547242 0.0024441056505387642 -0.0083546521865007981 0.016281450726694624 -0.0023670811281235886 -0.0053377541037502186 -0.0070441883810692576 6.9063261884114328e-05 0.020999999999999998 -0.00037897207641898224 -0.0023757562946837862 -0.001540118431998513 0.0022826289894535439 0.0099434785502325092 -0.0013238182023425124 0.0075139338135226828 -0.00022880149807236113 -0.006236043803251325 -0.0016032436453765897 0.0096565899383665808 -0.0083208523751466396 -0.0027247177218502902 0.020999999999999998 -0.0028001692700245903 0.019889801806059614 -0.002854222809023854 0.020778829991416899 0.0013916591031925454 0.020999999999999998 0.0093426232791502962 0.020999999999999998
leaf_weight=266.16271838545799 396.15573764592409 87.117241434752941 9.621857821941374 19.153299808502197 197.70277687162161 57.300236463546753 585.30240122973919 19.847650870680809 55.790552482008934 414.4770582690835 278.4964642599225 846.90574473887682 66.422345906496048 26.521796941757202 36.142170593142509 40.903259448707104 69.271942988038063 18.052828572690487 31.76652554422617 82.107964560389519 54.21905891597271 16.888291083276272 168.63141740113497 11.210968241095541 79.712131097912788 14.295168742537497 40.517598032951355 16.857816748321056 49.504578113555908 27.900554418563843
leaf_count=3243 1634 591 92 71 1293 375 1958 75 145 2681 1151 1929 153 73 112 235 241 86 120 402 314 94 802 63 262 67 176 75 207 58
internal_value=-9.20291e-05 0.000709129 -0.00403211 0.0011766 -0.000222052 -0.00133509 0.00229379 0.00905673 0.00197792 -0.00195247 -0.00316386 0.00306948 0.00684216 0.0101759 0.0129646 -0.00028172 0.000276673 0.000998895 0.00485804 -0.00076423 0.00384916 0.00901461 -0.0026247 0.00409917 0.00071081 -0.000531555 0.00644783 0.0103349 0.0135824 0.0134095
internal_weight=4084.96 3394.7 690.262 3029.08 1345.1 948.943 1683.99 75.1431 1608.84 424.099 365.614 1023.54 176.635 120.845 55.9898 751.24 693.94 624.668 195.894 428.774 123.222 69.0025 305.552 52.1142 111.479 223.444 54.8128 84.4152 66.3624 94.3229
internal_count=18778 12762 6016 11020 6446 4812 4574 258 4316 2773 1742 2358 429 284 187 3519 3144 2903 750 2153 706 392 1447 298 382 1045 243 368 282 211
is_linear=0
shrinkage=0.03


Tree=118
num_leaves=31
num_cat=0
split_feature=7 8 9 12 8 9 7 9 5 16 18 8 8 8 16 9 18 7 2 9 13 18 17 4 2 2 2 0 9 0
split_gain=14.8314 6.5525 5.15474 4.86753 4.69472 3.14973 4.98326 3.20542 3.07573 4.70282 2.73863 3.19632 3.15959 5.24484 6.50596 3.37684 2.72105 2.72097 2.72009 2.76689 2.70447 2.74488 4.80885 2.60019 3.00068 8.50785 3.23674 2.59676 2.58277 2.58172
threshold=3.4550000000000005 11.090000000000003 4.8450000000000015 1.0000000180025095e-35 8.7800000000000029 5.0100000000000016 16.090000000000007 4.9225000000000003 0.29166666666666669 1.103 1267.5000000000002 8.9800000000000022 2.5600000000000009 1.0000000180025095e-35 2.1970000000000005 1.4100000000000004 1177.5000000000002 0.22000000000000078 0.01195222891566265 0.48000000000000015 7.2500000000000009 1215.0000000000002 1362.5000000000002 1.0000000180025095e-35 0.075428837388208034 0.15784552845528455 0.040000000000000042 0.0066666666666666602 2.3450000000000011 0.083333333333333315
decision_type=8 10 10 2 8 10 10 10 10 10 2 10 10 10 10 10 2 10 8 10 2 2 2 10 10 10 8 10 10 10
left_child=1 10 3 20 23 6 -4 -8 -6 -10 12 -12 13 -1 16 -14 17 -15 -19 -20 21 22 -2 24 26 -26 28 -3 -5 -11
right_child=2 27 5 4 8 -7 7 -9 9 29 11 -13 15 14 -16 -17 -18 18 19 -21 -22 -23 -24 -25 25 -27 -28 -29 -30 -31
leaf_value=-0.006367640443275922 -0.0020533760013965565 -0.01027391746111142 -0.0013962741479514153 0.0019899662389168144 -0.0010428235837780567 0.0015158094329850041 0.0063096057857923863 0.020999999999999998 0.01978660880289369 -0.0071504184585716628 -0.01068548999756317 0.011048225127011485 -0.0063603355164252385 0.015606662753856172 0.020999999999999998 0.0021706357951049734 -0.0047180495461132035 -0.0042811513605449016 -0.00018020147290078787 0.017444277173467512 0.0037975239533988314 -0.0054667839411019206 0.012671945697260541 -0.0027290531353109967 0.018325037312273456 0.00083836683169903029 -0.0041313089693289723 -0.0043644594980753963 0.012072129989832397 0.0080514030267337215
leaf_weight=49.238452848047018 576.91485299170017 162.20980159938335 31.108150288462639 63.952531367540359 608.45622032880783 1491.4671489596367 22.633859843015671 21.585366532206535 16.434011206030846 19.361982434988022 49.856731537729502 6.9375432319939128 130.01885050535202 18.685937970876694 15.662864558398722 61.51792911440134 32.418064668774605 28.258146159350872 16.307275168597698 15.769048891961573 64.188000395894051 219.49415123462677 20.67501787096262 41.911472283303738 48.761992327868938 51.474568501114845 44.583767853677273 113.92657835036516 35.595516070723534 20.915978536009789
leaf_count=359 2786 2193 122 311 3059 3887 65 60 67 80 421 64 1032 123 55 316 196 133 82 58 157 1248 85 139 172 170 191 1056 124 71
internal_value=-0.000264561 -0.00423842 0.000554647 -0.000525479 0.000962477 0.0018181 0.00780335 0.0142753 -0.000420018 0.00626199 -0.00189926 -0.00803067 -0.000952665 0.00194492 0.00516517 -0.00362035 0.00260089 0.00560347 0.00250543 0.00848417 -0.00213192 -0.00259772 -0.00154392 0.00417469 0.00535874 0.00934509 0.00258644 -0.00783583 0.00559506 0.000743749
internal_weight=4100.32 700.807 3399.51 1832.72 951.448 1566.79 75.3274 44.2192 665.168 56.712 424.671 56.7943 367.877 176.34 127.101 191.537 111.438 79.0204 60.3345 32.0763 881.272 817.084 597.59 286.28 244.368 100.237 144.132 276.136 99.548 40.278
internal_count=18882 6088 12794 8660 4384 4134 247 125 3277 218 2839 485 2354 1006 647 1348 592 396 273 140 4276 4119 2871 1107 968 342 626 3249 435 151
is_linear=0
shrinkage=0.03


Tree=119
num_leaves=31
num_cat=0
split_feature=7 8 12 18 15 13 0 17 2 17 8 9 18 15 9 3 18 2 9 16 8 18 15 0 3 7 16 7 11 3
split_gain=15.2212 8.33691 5.89485 8.24275 4.53591 4.4973 4.6819 4.46636 4.92713 3.40005 3.27892 3.42234 4.74789 4.02943 3.89637 4.60184 3.45971 5.42825 3.22246 5.29148 2.95968 2.86958 3.42363 2.72049 7.68838 2.71404 4.47691 5.82297 4.26746 4.14466
threshold=3.1700000000000013 11.090000000000003 1.0000000180025095e-35 1055.0000000000002 1.0690000000000002 9.7500000000000018 0.093333333333333365 1162.5000000000002 0.11308140225787287 1120.0000000000002 8.7800000000000029 3.3450000000000011 1320.0000000000002 2.1810000000000009 3.5000000000000009 0.078005633802816915 1320.0000000000002 0.046397956917610499 1.3900000000000003 1.7710000000000001 11.690000000000003 1267.5000000000002 0.91075000000000017 0.016666666666666666 0.2198188300883499 5.2633333333333345 0.90500000000000014 9.6900000000000031 2.0044247787610625 0.04498291634752162
decision_type=8 10 2 2 10 2 8 2 10 2 8 8 2 10 8 10 2 10 10 10 10 2 10 10 10 10 10 10 10 10
left_child=1 21 3 4 -2 -5 -7 8 9 -6 18 13 14 16 15 -13 20 -18 19 -4 -12 22 -1 24 -24 28 27 -27 -20 -28
right_child=2 -3 10 5 7 6 -8 -9 -10 -11 11 12 -14 -15 -16 -17 17 -19 25 -21 -22 -23 23 -25 -26 26 29 -29 -30 -31
leaf_value=0.0046178005403643835 -0.0058418611776614379 -0.0084026690583230441 -0.006739509213686266 -0.0015103207409994772 -0.004274334498356549 -0.0035335178176006559 0.011033255708970881 -0.00016839082183902194 0.018896396378638512 0.013209721011904913 0.00045780275435703511 0.020999999999999998 -0.0044969771250035475 0.012297242020545881 0.002387163744537288 0.0010018417937190333 -0.0055038217951536884 0.020999999999999998 0.0039688694839715545 0.01346024098157257 -0.006444960852274151 -0.0078192902175884798 -0.0021936766557213066 -0.0095067426104579432 0.020999999999999998 -0.00045113591455197308 -0.0067837767581753437 0.02061168381367989 0.020999999999999998 0.0050754629793357464
leaf_weight=89.160539921373129 23.189819574356079 254.04586660116911 44.128192812204361 1420.7560556977987 19.768008790910244 31.678870975971222 53.218535363674164 36.661947965621948 47.049834258854389 20.27944353967905 93.778317220509052 15.891387052834036 89.418073356151581 17.650432385504246 1062.2096841782331 15.094908349215983 12.774468250572683 11.962691284716128 19.081512853503227 15.868649929761885 138.41897683590651 55.098217569291592 207.81048712134361 38.955137684941292 10.821097649633883 18.689747296273708 33.27671229839325 32.104317158460617 16.137002736330032 130.67626825720072
leaf_count=632 89 3084 236 5861 77 73 88 97 96 75 458 87 381 90 3209 59 98 69 86 63 882 486 1396 193 31 83 149 98 50 429
internal_value=3.74628e-05 -0.00414883 0.00084037 -0.000447623 0.00633429 -0.00110953 0.00559777 0.00861584 0.0123134 0.00457934 0.00204487 0.00144887 0.00214942 -0.00156835 0.00269307 0.0131794 -0.00252086 0.0081447 0.00484677 -0.00139685 -0.00365712 -0.00145956 -0.000448995 -0.00220281 -0.000901411 0.00634537 0.00507943 0.0128616 0.0140645 0.00266845
internal_weight=4075.66 655.891 3419.76 1652.6 146.949 1505.65 84.8974 123.759 87.0973 40.0475 1767.16 1457.2 1182.61 274.585 1093.2 30.9863 256.934 24.7372 309.962 59.9968 232.197 401.845 346.747 257.587 218.632 249.966 214.747 50.7941 35.2185 163.953
internal_count=18805 5822 12983 6456 434 6022 161 345 248 152 6527 5333 3736 1597 3355 146 1507 167 1194 299 1340 2738 2252 1620 1427 895 759 181 136 578
is_linear=0
shrinkage=0.03


Tree=120
num_leaves=31
num_cat=0
split_feature=7 8 18 18 13 16 8 6 3 15 2 1 15 11 7 15 16 11 5 18 16 3 9 16 6 18 2 16 9 9
split_gain=17.4533 7.13816 5.0954 4.38604 4.34084 4.12471 4.29163 5.61369 3.93068 4.65889 7.5125 3.73649 4.25654 4.20722 4.45539 4.58227 3.54003 3.84145 3.42187 3.6183 3.35767 3.29912 3.99736 3.26114 4.38527 3.9257 3.21757 3.14361 3.12477 3.07862
threshold=3.1700000000000013 4.8200000000000021 1267.5000000000002 1042.5000000000002 5.5500000000000007 2.2730000000000006 16.445000000000004 15.700000000000005 0.052009740259740277 0.58100000000000007 0.020948275862068978 0.022713000000000001 1.6650000000000003 1.3686765457332655 7.6450000000000022 1.0000000180025095e-35 1.3863800000000002 0.82725464190981446 1.0000000180025095e-35 1267.5000000000002 1.58538 0.019879500000000005 3.055000000000001 2.0970000000000004 6.0583333333333345 1102.5000000000002 0.10505774316779316 1.821 0.60000000000000031 0.72250000000000025
decision_type=8 10 2 2 2 8 10 10 10 8 10 10 10 10 8 10 10 10 10 2 10 10 10 10 10 2 10 10 10 10
left_child=1 2 28 5 8 6 -2 -8 9 10 -5 12 13 -6 -15 -16 -11 -18 19 21 -14 22 -19 24 25 -23 -7 -26 -1 -30
right_child=3 -3 -4 4 11 26 7 -9 -10 16 -12 -13 20 14 15 -17 17 18 -20 -21 -22 23 -24 -25 27 -27 -28 -29 29 -31
leaf_value=-0.0012381826529923644 0.0026587567863407282 -0.0070279058073073348 -0.011999038477293604 0.00032680017730571484 0.013332293094605166 -0.0057734550180265362 0.0027375671074320014 0.02062887105470624 0.00084802947484306117 -0.0061945570569799354 0.020999999999999998 0.0010457416823881445 0.020999999999999998 -0.0059196721046267491 0.002428821658047144 0.016381582831538764 -0.012446848620696775 -0.0088074056407764431 -0.0069592731575713112 -0.012736460522135621 0.0042070725291022638 0.00194132676464502 0.01080124817321982 -0.0034520115926956539 -0.00068448041567158342 0.020999999999999998 0.0053427046061982871 0.014115121318772121 0.018268421943352414 0.0028800004079922066
leaf_weight=164.72201419994235 58.098749190568924 385.02331410348415 31.050322696566582 195.08210122585297 34.006553992629051 42.743922621011734 25.517254076898098 41.377644166350365 977.41662199050188 248.19022113829851 10.83405928313732 1191.0958851724863 21.065341524779797 50.123152837157249 181.80369263887405 23.977639898657799 24.482696168124676 34.481890127062798 49.128993816673756 13.881828270852564 17.273298092186451 10.689543314278128 12.84106285870075 26.211065858602524 42.21463992446661 20.640349075198174 51.876794159412384 18.61255119740963 15.37720227986574 48.938101209700108
leaf_count=1074 191 4103 263 1038 104 167 96 77 4106 1717 60 2896 76 185 503 74 155 243 288 99 62 68 84 150 236 134 100 101 84 198
internal_value=9.21976e-05 -0.00443424 -0.000594688 0.000945101 0.00066398 0.00504649 0.00862364 0.0138042 -0.000384655 -0.00208812 0.00171114 0.00182675 0.00466072 0.0034184 0.00210097 0.0040546 -0.00364849 -0.00115265 5.64034e-05 0.00197581 0.014055 0.00320842 -0.00348661 0.00588506 0.00854068 0.0176592 0.000321095 0.00384406 0.000951387 0.00655923
internal_weight=4068.78 645.111 260.088 3423.67 3204.05 219.614 124.994 66.8949 1684.71 707.291 205.916 1519.35 328.25 289.911 255.904 205.781 501.375 253.185 228.702 179.573 38.3386 165.691 47.323 118.368 92.1571 31.3299 94.6207 60.8272 229.037 64.3153
internal_count=18732 5722 1619 13010 12379 631 364 173 8479 4373 1098 3900 1004 866 762 577 3275 1558 1403 1115 138 1016 327 689 539 202 267 337 1356 282
is_linear=0
shrinkage=0.03


Tree=121
num_leaves=31
num_cat=1
split_feature=14 10 7 8 16 16 15 16 6 7 16 10 15 8 7 11 7 11 1 9 11 2 11 1 9 9 13 8 15 9
split_gain=15.4882 9.52394 5.57969 5.37129 6.17843 4.60248 4.47919 4.35676 3.46362 5.23398 8.62445 4.23377 3.52475 3.43356 3.32484 2.99092 5.00789 4.13211 5.92373 2.92618 4.45068 2.98682 6.05024 2.91799 2.81337 3.82666 2.78033 2.7728 6.72286 6.46938
threshold=0 0.20201746529023493 5.4225000000000021 11.090000000000003 1.7710000000000001 1.9510000000000003 0.77592000000000005 0.64900000000000013 21.950000000000006 18.570000000000004 1.6760000000000002 0.23155670727440195 1.8470000000000002 9.2200000000000024 41.690000000000005 1.6395872616802851 5.910000000000001 1.7463737649779274 0.073958000000000038 3.6450000000000009 1.8057628524046436 0.016076366459627331 1.4840407470288628 0.012378000000000002 3.3450000000000011 3.4900000000000002 5.1500000000000012 12.690000000000003 1.9987500000000002 2.8225000000000007
decision_type=1 8 8 10 10 10 10 8 10 10 10 10 10 8 10 10 8 10 10 10 10 8 10 10 10 10 2 10 10 8
left_child=-1 2 3 4 6 23 -2 -3 27 10 -10 12 -11 19 15 16 -15 18 -17 20 21 26 -23 -6 -18 -26 -4 28 -9 -30
right_child=1 7 13 -5 5 -7 -8 8 9 11 -12 -13 -14 14 -16 17 24 -19 -20 -21 -22 22 -24 -25 25 -27 -28 -29 29 -31
leaf_value=-0.010447915854716156 0.002037094246694396 -0.0091844801275086513 0.020999999999999998 -0.0067258223504904312 0.020480661222653514 0.0007679159385161992 -0.0062784778477714045 0.0011539515097066467 0.0018862312132989128 0.015439379671250067 0.020999999999999998 0.0020321164508940674 0.0024700613349499848 0.01570725171604297 0.0087486324560979677 0.00062372507430228394 -0.0088361643136216621 -0.0005820182258501641 0.020999999999999998 0.01135101499602934 -0.0029526182016793578 -0.0026550588779868729 0.017464694258310938 0.00076121838089682626 0.013842114277852688 -0.0039569865175385936 0.0050059626702771863 -0.00036098178400560595 0.003033500675907911 0.018322438683288464
leaf_weight=111.12782360985875 88.575772523880005 31.506653837859631 14.760563105344774 256.98331570625305 22.895442008972168 63.196296006441116 170.55182103812695 555.08794195204973 37.536217361688614 41.533525094389915 30.307422429323196 591.86013081669807 34.547046944499016 10.782618574798105 32.986284449696541 23.193957209587097 98.987116917967796 865.49297081679106 11.854318559169768 35.430495977401733 87.903323173522949 49.009596779942513 18.540118113160133 9.579291954636572 12.526238307356833 82.262604527175426 15.072709515690802 604.68154263496399 58.557609729468822 43.34738402068615
leaf_count=1828 617 150 82 2460 153 411 1322 2040 101 94 54 1194 77 73 69 133 624 3742 53 95 393 271 98 53 67 404 49 1907 195 113
internal_value=0.00012186 0.000440564 -0.0010438 -0.00342288 -0.00103054 0.00548479 -0.00343602 0.00188439 0.00205899 0.00369485 0.011634 0.00288845 0.00955021 2.73426e-05 -0.000636775 -0.000916922 -0.00419158 -0.000173081 0.00992535 0.00345175 0.00194125 0.00635872 0.00286713 0.0146639 -0.00529885 -0.00160486 0.0142645 0.00110498 0.00245423 0.00953696
internal_weight=4110.68 3999.55 1970.58 611.782 354.799 95.671 259.128 2028.97 1997.46 735.784 67.8436 667.941 76.0806 1358.8 1138.09 1105.1 204.559 900.541 35.0483 220.717 185.286 97.383 67.5497 32.4747 193.776 94.7888 29.8333 1261.67 656.993 101.905
internal_count=18922 17094 11169 5016 2556 617 1939 5925 5775 1520 155 1365 171 6153 5165 5096 1168 3928 186 988 893 500 369 206 1095 471 131 4255 2348 308
cat_boundaries=0 1
cat_threshold=4
is_linear=0
shrinkage=0.03


Tree=122
num_leaves=31
num_cat=1
split_feature=14 18 9 0 8 7 8 13 10 18 7 7 16 9 11 9 17 17 3 17 8 9 17 13 3 9 9 12 3 10
split_gain=15.2996 8.03503 6.80501 4.30335 3.68424 3.60341 3.34156 3.86564 3.82993 3.33956 3.62831 6.34151 3.93815 3.57989 6.35489 3.86694 3.97837 4.40515 3.90544 3.37041 3.26101 3.65948 4.10447 3.17018 3.08285 4.40035 4.33923 4.54156 4.14038 3.78196
threshold=0 1275.0000000000002 4.722500000000001 0.073228333333333367 8.9800000000000022 2.370000000000001 23.72666666666667 4.8500000000000005 0.73239486170889034 1042.5000000000002 11.750000000000002 7.3100000000000014 1.5150000000000003 5.0450000000000017 2.6683333333333334 5.910000000000001 1098.7500000000002 1086.2500000000002 0.17333700108777511 1152.5000000000002 22.540000000000006 6.5266666666666682 1152.5000000000002 4.6500000000000012 0.0033333333333333318 0.16333333333333336 1.5100000000000005 1.0000000180025095e-35 0.042003861003861019 0.13904202581456307
decision_type=1 2 8 10 10 10 8 2 10 2 10 10 10 10 10 10 2 2 10 2 10 10 2 2 8 10 10 2 10 10
left_child=-1 2 4 -3 24 -6 8 -8 9 -4 11 -11 -13 14 -12 18 17 -17 -15 -16 21 22 -18 -5 25 29 -27 -28 -26 -2
right_child=1 3 6 23 5 -7 7 -9 -10 10 13 12 -14 15 19 16 20 -19 -20 -21 -22 -23 -24 -25 28 26 27 -29 -30 -31
leaf_value=-0.010410413362792872 0.0053061045505944969 -0.0051655809496735424 0.011844989878351522 -0.01161975525629784 -0.0063963788558897778 -0.00074547531344526887 -0.0058641130573799261 0.0017145742287422864 -0.0057199989906555988 -0.0028222478008472331 -0.0018247696970784251 0.020999999999999998 0.005141690416757343 -0.0050407840006781342 0.020999999999999998 0.0043339708916142576 0.00087900704976678868 0.020365153716958115 0.0037709802437659755 0.0066318345068777512 -0.0065467634411397286 0.00051393280023564537 0.012949327776582224 0.0014333623154958986 -0.002570913663477004 -0.0024420774462780158 -0.0020123862537102942 0.01571403685480895 0.0023206528492701853 0.020999999999999998
leaf_weight=110.11546460166574 16.333671227097515 320.59258113056421 49.359543517231941 18.304939314723015 112.92549616843462 1009.0386849716306 66.4198352470994 688.05130336433649 35.957269072532654 24.844079911708832 32.127802968025208 34.457691326737404 20.958868533372879 109.56930440664291 29.346363320946693 38.998457431793213 43.73575247824192 25.522710263729095 77.135119169950485 23.68854446709156 32.332248285412788 145.99495051801205 60.329903468489647 196.55963729321957 250.67647256702185 65.031607754528522 20.954317279160023 34.300727128982544 411.19252098351717 10.668259173631666
leaf_count=1837 133 2094 93 113 1098 5180 365 1782 88 100 110 114 65 334 82 108 104 60 169 59 75 313 122 682 1446 433 86 113 1536 39
internal_value=0.000140623 0.000455542 0.000984507 -0.00296383 -0.000201438 -0.00131424 0.00247278 0.00104738 0.00384387 0.00430337 0.00377085 0.00977207 0.0154183 0.00299245 0.00870432 0.00208086 0.00395437 0.0106754 -0.00140029 0.0150827 0.00241874 0.00357796 0.00787652 0.000321329 0.00134155 0.00526694 0.00281014 0.00899166 0.000468019 0.0162113
internal_weight=4115.52 4005.41 3469.95 535.457 1931.12 1121.96 1538.83 754.471 784.359 748.401 699.042 80.2606 55.4166 618.781 85.1627 533.618 346.914 64.5212 186.704 53.0349 282.393 250.061 104.066 214.865 809.158 147.289 120.287 55.255 661.869 27.0019
internal_count=18933 17096 14207 2889 10064 6278 4143 2147 1996 1908 1815 279 179 1536 251 1285 782 168 503 141 614 539 226 795 3786 804 632 199 2982 172
cat_boundaries=0 1
cat_threshold=4
is_linear=0
shrinkage=0.03


Tree=123
num_leaves=31
num_cat=0
split_feature=7 8 18 16 18 9 8 11 17 15 4 3 16 10 18 16 10 15 3 7 10 11 11 3 16 0 18 11 0 15
split_gain=13.6257 8.56695 5.16401 4.4337 3.79573 3.4679 4.19634 4.97281 4.89795 4.38388 3.61263 4.51123 4.69135 3.9299 3.53525 3.36433 3.34632 3.33728 3.86682 5.84239 3.95301 3.54486 4.3297 3.49872 4.80974 3.36303 3.23454 3.16738 3.45117 3.16881
threshold=3.4550000000000005 10.620000000000003 1292.5000000000002 1.2090000000000003 1188.7500000000002 4.722500000000001 14.920000000000002 2.8396428571428576 1148.7500000000002 1.2305700000000002 1.0000000180025095e-35 0.277547770902276 1.9440000000000002 0.48357542464296627 1215.0000000000002 1.3210000000000004 0.59238160115752303 2.2120000000000002 0.13852543154013744 31.610000000000003 0.28117428322584176 2.7512376237623766 2.2312382739212011 0.11003212228622067 1.6730000000000003 0.033333333333333375 1015.0000000000001 1.2420912420912422 0.0033333333333333197 1.0010000000000001
decision_type=8 10 2 10 2 10 10 10 2 10 10 10 10 10 2 10 10 10 10 10 10 10 10 10 10 10 2 10 10 10
left_child=1 4 5 -4 -1 -2 7 -7 9 -9 11 12 14 -12 17 -5 -15 18 21 20 -20 22 25 24 -23 -8 -3 -6 -29 -30
right_child=2 26 3 15 27 6 10 8 -10 -11 13 -13 -14 16 -16 -17 -18 -19 19 -21 -22 23 -24 -25 -26 -27 -28 28 29 -31
leaf_value=0.00097427787444838432 0.00012653533511790586 0.008436782482547282 -0.0046716655969977197 0.012496336334752231 -0.0097081933460489035 -8.4330183980325536e-06 0.015778017118716021 0.0064678573229116406 0.0038216465193729432 0.020999999999999998 -0.0010986315984175073 0.010809247327712159 -0.0036678686211160335 0.009969446531920197 -0.0023664455634582857 -0.00036162923743100718 0.00030775136380100385 -0.0040762872815509714 0.020999999999999998 0.00025855471445860185 0.0086361183119160311 0.0055451050942230302 -0.010788118365083784 -0.0050829787772376841 0.020999999999999998 -0.0034802913858465508 -0.0087139085973010257 -0.0093514874472457512 0.018327950645217004 -0.00014207475493650481
leaf_weight=260.83937244862318 1555.5014031454921 10.285269841551779 266.96933616697788 24.092959128320217 69.372639734297991 80.595731005072594 14.669650964438913 30.891043335199356 72.118444815278053 39.473805874586105 552.2168290168047 63.018329307436943 96.173621095716953 59.114475473761559 71.821230433881283 76.362503834068775 71.027816325426102 33.267808355391026 31.763844534754753 31.670388266444206 34.418760105967522 108.59641299396753 29.201053932309151 21.396737858653069 19.684573829174042 18.393192082643509 261.98117199167609 27.046170439571142 10.835048321634529 36.59656248614192
leaf_count=1608 7147 115 1321 115 587 223 62 87 142 83 1370 125 259 113 248 318 140 94 82 69 78 343 114 57 51 75 3174 221 73 226
internal_value=-6.44816e-05 -0.0039515 0.000708888 -0.00265015 -0.00118335 0.00111554 0.00215534 0.00594707 0.00931581 0.0149469 0.00148212 0.00323594 0.00230208 6.61624e-06 0.00368596 0.00272219 0.00469638 0.00495306 0.00592269 0.0108554 0.0159263 0.00364528 -0.00237024 0.00614766 0.00802088 0.00506443 -0.00806602 -0.00509571 -0.000799395 0.00407713
internal_weight=4079.4 676.956 3402.44 367.425 404.69 3035.02 1479.51 223.079 142.483 70.3648 1256.43 574.076 511.057 682.359 414.884 100.455 130.142 343.062 309.795 97.853 66.1826 211.942 62.2639 149.678 128.281 33.0628 272.266 143.85 74.4778 47.4316
internal_count=18720 6004 12716 1754 2715 10962 3815 535 312 170 3280 1657 1532 1623 1273 433 253 1025 931 229 160 702 251 451 394 137 3289 1107 520 299
is_linear=0
shrinkage=0.03


Tree=124
num_leaves=31
num_cat=0
split_feature=7 8 18 16 17 1 8 7 15 17 3 9 2 3 1 7 1 3 9 15 3 11 16 9 18 8 18 6 18 16
split_gain=11.1268 7.10668 3.59799 3.80528 4.77356 4.46853 6.78738 3.37585 4.32611 3.41868 3.31839 5.03357 8.28973 3.06954 4.1422 3.96913 3.053 2.92731 4.03297 2.91135 4.3481 5.83112 2.87861 2.95212 2.81012 3.24656 3.04996 2.88775 4.77645 3.19537
threshold=3.5775000000000001 11.090000000000003 1162.5000000000002 0.90500000000000014 1068.7500000000002 0.015976000000000008 21.340000000000007 4.7100000000000017 1.2825700000000002 1045.0000000000002 0.075003521126760578 0.48000000000000015 0.11308140225787287 0.0060000000000000045 0.040042000000000015 10.610000000000003 0.034105000000000017 0.020000000000000014 2.2450000000000006 1.1210000000000002 0.032505687500000012 2.4213106295149642 2.0020000000000007 5.5450000000000017 1267.5000000000002 1.8200000000000001 1235.0000000000002 0.25833333333333225 1183.7500000000002 1.6488200000000004
decision_type=8 10 2 8 2 8 10 8 10 2 10 10 10 10 10 10 8 8 10 8 10 10 10 10 2 10 2 10 2 10
left_child=1 10 3 4 -2 6 -5 8 -7 16 17 -12 -13 15 -15 -6 -9 18 24 20 -11 -22 23 -23 25 27 -27 28 29 -1
right_child=2 -3 -4 5 13 7 -8 9 -10 19 11 12 -14 14 -16 -17 -18 -19 -20 -21 21 22 -24 -25 -26 26 -28 -29 -30 -31
leaf_value=0.020999999999999998 0.017857057503020593 -0.0072261482279490389 -0.0003709662294867623 -0.0081871469395874506 -0.005158438455906948 0.020574992131563385 0.016352068184209149 0.0066206952226190892 0.0017733600111124119 0.017085366078326607 -0.0075504389005608581 0.020999999999999998 -0.00037217669018557709 0.01949278715190423 0.004129912036940268 0.0042741181657117754 -0.0084831597428535015 -0.00604909784445246 0.016306964460868236 0.00093837450234268347 -0.0042176974229657105 -0.00058831879458110577 0.015775612786202133 0.012008508853880162 -0.0093604915745138031 -0.0043125348135539922 0.012204594575643947 -0.00049413780056489353 -0.0058727670563922208 0.0044181765783867025
leaf_weight=13.146663665771486 22.897535555064678 273.74364990368485 1536.492429472506 84.942620918154716 55.446484208106995 18.6059355661273 11.520137526094912 15.335816644132136 26.993112705647945 23.450012624263763 20.416162148118019 20.13982729613781 28.914901345968246 22.680783540010452 52.030035458505154 145.52717337012291 56.123727090656757 118.66470009088516 12.498187832534311 1151.8108434230089 58.989527836441994 41.930947281420231 28.363548792898655 27.874752968549728 32.50818170234561 110.53352069854736 11.069231051951645 37.491092719137669 9.9725290760397893 10.871964849531649
leaf_count=86 99 3323 6356 440 286 98 64 78 145 120 97 83 113 99 152 450 224 818 61 3468 262 131 73 58 315 900 91 184 74 60
internal_value=-1.14508e-05 -0.00345422 0.000701305 0.00159451 0.00469505 0.000995674 -0.00525653 0.00141176 0.00944505 0.00115083 -0.00103171 0.00496688 0.0101765 0.00360185 0.00879379 0.00167178 -0.00524175 -0.00219981 -0.000281322 0.00149367 0.00503503 0.00323697 0.00771645 0.00444184 -0.00120034 0.000173523 -0.00280902 0.0052473 0.0115799 0.0188263
internal_weight=4080.99 699.971 3381.02 1844.52 298.582 1545.94 96.4628 1449.48 45.599 1403.88 426.227 69.4709 49.0547 275.684 74.7108 200.974 71.4595 356.756 238.091 1332.42 180.609 157.159 98.1692 69.8057 225.593 193.085 121.603 71.4823 33.9912 24.0186
internal_count=18808 6205 12603 6247 1086 5161 504 4657 243 4414 2882 293 196 987 251 736 302 2589 1771 4112 644 524 262 189 1710 1395 991 404 220 146
is_linear=0
shrinkage=0.03


Tree=125
num_leaves=31
num_cat=1
split_feature=14 13 18 7 13 5 10 7 11 2 18 16 11 11 11 15 2 15 15 11 9 5 13 6 0 16 16 0 15 15
split_gain=12.3241 6.51223 4.69152 3.13474 2.3262 2.33106 2.3192 2.92667 3.31647 3.21757 2.98755 3.77783 2.91206 8.69614 3.79019 3.44367 3.2666 2.46676 2.61041 2.77736 7.56181 2.8054 2.38899 2.1215 2.84445 2.09999 2.02853 4.46365 2.38964 2.11469
threshold=0 5.3500000000000005 1292.5000000000002 0.92000000000000015 7.8500000000000005 1.0000000180025095e-35 0.077703162419045638 19.390000000000004 3.1297498797498799 0.16671641791044781 1177.5000000000002 0.54657000000000011 3.3858395989974941 3.6012820512820518 2.2009174311926611 2.2220000000000009 0.0044175490196078446 2.3560000000000003 0.59757000000000005 2.0915071770334932 3.9800000000000004 0.55000000000000016 4.8500000000000005 5.916666666666667 0.069681666666666683 2.5180000000000002 1.2622500000000001 0.063333333333333325 2.0480000000000005 1.1300000000000003
decision_type=1 2 2 10 2 10 8 8 10 8 2 8 8 8 10 8 10 10 8 10 10 8 2 10 10 10 10 10 10 10
left_child=-1 2 6 -4 -3 23 7 8 9 -2 11 -9 14 -14 17 -15 -16 18 -8 21 -21 25 -19 -6 -25 -20 28 29 -5 -28
right_child=1 4 3 26 5 -7 12 10 -10 -11 -12 -13 13 15 16 -17 -18 22 19 20 -22 -23 -24 24 -26 -27 27 -29 -30 -31
leaf_value=-0.0097546049770117719 -0.0013844103842640745 0.00074634169757532376 -0.0148975591025351 -0.0069035497855482204 0.00049666152354698335 0.0016833212937942118 0.014413822705948067 0.018241660267307284 -0.010049447743466604 -0.011741026462807565 -0.0066748858280673241 -0.00094986374741718707 0.020999999999999998 -0.0059440723731349916 0.010568766153318643 0.0099624168632903801 -0.003653442055490232 0.018290030653656551 -9.9052598771317223e-05 -0.0054837725205924628 0.020999999999999998 -0.011609412738101519 0.0018896472131079958 0.013984310310719531 0.0042563293131889042 0.0080566984900050098 0.0060944919113259579 0.012292859061422546 0.0068726443572597763 -0.011800024923933117
leaf_weight=106.4652742408216 508.3937229141593 1645.3696776479483 26.752856440842152 131.34835855662823 42.873232886195183 325.67631307244301 12.28191841393709 19.915979072451591 49.50381326675415 28.51229852437973 14.593793869018553 17.207143776118755 18.494590625166893 33.506500005722046 15.314341410994528 19.308144174516201 285.4826207831502 14.463237658143042 518.97129023820162 15.934077061712744 15.241240851581095 18.247363150119781 17.870751656591892 46.742126420140266 64.216725587844849 30.059782937169075 8.5746742933988589 19.859937235713005 12.402272738516329 19.370246231555939
leaf_count=1818 3953 4947 272 914 103 638 76 74 399 243 72 89 75 149 98 122 1218 69 2526 84 58 81 78 105 122 120 62 94 83 146
internal_value=-0.000135026 0.000145281 -0.0011447 -0.00527814 0.00128219 0.00312089 -0.000598906 -0.00201611 -0.00261946 -0.0019344 0.00482519 0.00934609 0.000291927 0.00613758 -0.000149713 -0.000128928 -0.00292935 0.00115047 0.000722947 0.000441972 0.00915993 -3.71317e-05 0.00922566 0.00616437 0.0083543 0.00034748 -0.00393468 0.00141877 -0.00571499 -0.00630924
internal_weight=4102.95 3996.49 1871.61 218.308 2124.88 479.508 1653.3 638.127 586.41 536.906 51.7169 37.1231 1015.18 71.3092 943.867 52.8146 300.797 643.07 610.736 598.454 31.1753 567.278 32.334 153.832 110.959 549.031 191.555 47.8049 143.751 27.9449
internal_count=18888 17070 11155 1571 5915 968 9584 4830 4595 4196 235 163 4754 346 4408 271 1316 3092 2945 2869 142 2727 147 330 227 2646 1299 302 997 208
cat_boundaries=0 1
cat_threshold=4
is_linear=0
shrinkage=0.03


Tree=126
num_leaves=31
num_cat=1
split_feature=14 12 6 9 13 3 18 15 11 9 6 6 11 15 11 18 6 13 6 15 9 15 16 17 15 6 11 9 9 6
split_gain=12.1956 6.61593 4.73398 5.14701 3.72061 3.49483 3.29579 3.16744 2.97662 2.97154 3.43361 5.62322 3.06747 3.01425 3.27559 2.87522 2.82601 4.21692 3.02921 3.29532 4.67564 3.41961 2.76554 2.98475 4.24174 2.57838 2.22889 2.52335 3.737 2.55502
threshold=0 1.0000000180025095e-35 8.6833333333333389 2.1450000000000009 5.3500000000000005 0.019879500000000005 1015.0000000000001 1.8040000000000005 3.6424162257495598 4.6100000000000012 17.241666666666671 19.81666666666667 2.6077190369818819 1.8710000000000002 1.6681957186544345 1327.5000000000002 27.216666666666672 4.9500000000000011 20.916666666666675 2.0210000000000004 2.8225000000000007 1.8170000000000004 1.6263333333333334 1096.2500000000002 1.3046400000000002 5.741666666666668 0.31101656963725938 1.7200000000000006 1.4775000000000003 3.5666666666666678
decision_type=1 2 8 8 2 10 2 10 10 10 8 8 10 8 10 2 10 2 8 10 10 10 10 2 10 10 10 10 10 10
left_child=4 5 6 -4 15 -2 -3 22 -9 10 -5 -12 -11 -13 -15 16 18 -18 19 21 25 -1 -7 -24 -25 -21 -8 28 29 -28
right_child=1 2 3 9 -6 7 26 8 -10 12 11 13 -14 14 -16 -17 17 -19 -20 20 -22 -23 23 24 -26 -27 27 -29 -30 -31
leaf_value=-1.3484644087165437e-05 -0.0077446040543492677 0.01181708625473458 0.018801733946052158 0.00079328362542757799 0.0017667588265286827 -0.0038290742281990951 -0.014897559099258544 -0.0098194717204803748 0.0025071371324720888 -0.010703137174312786 0.020999999999999998 -0.0054869669473037236 0.0012526475400922946 7.5321245232849496e-05 0.020999999999999998 -0.0065893874634674774 0.011833222404562336 -0.00021920960390529285 -0.0057909116923552792 0.0079018814563263217 0.015474413755617209 -0.0082181439421267696 -0.0040734080664373796 0.019026324565216059 0.0016661963664096513 -0.0094449570668821703 0.00071198059555784086 -0.0047661985942003444 0.012859255709446361 -0.012910241747472179
leaf_weight=612.73544455319643 239.0620351433754 13.475754350423811 16.914301507174969 82.213557593524456 1958.6760221794248 119.25751598924398 14.317650076001881 82.708304166793823 22.407745465636253 28.609425194561481 12.926521480083464 15.939485758543013 59.441963598132133 10.018112361431124 8.7681088596582395 64.996249616146088 42.647462397813797 67.44627483189106 92.240311853587627 14.474039360880854 28.644830003380775 49.405523627996445 33.258959457278252 18.570986829698086 39.84603600949049 16.505881026387215 69.188458979129791 198.39388610422611 19.454681735485792 15.095726646482943
leaf_count=3072 2613 113 94 464 5204 786 153 488 87 112 55 68 172 81 49 407 110 180 367 64 113 229 190 107 195 76 697 2064 193 113
internal_value=-6.86544e-06 -0.00265811 -0.000395763 0.00285986 0.00100596 -0.00500766 -0.00271301 -0.00293741 -0.00719179 0.00162248 0.00450709 0.0109145 -0.00263199 0.00410853 0.01225 -0.000490464 -6.14987e-05 0.00444959 -0.00067162 -1.73844e-05 0.00673775 -0.000625674 -0.000817292 0.00310061 0.00718505 -0.00134039 -0.00333177 -0.00278368 0.00100776 -0.00172783
internal_weight=4067.64 1119.87 564.758 234.831 2947.77 555.112 329.926 316.05 105.116 217.917 129.866 47.6522 88.0514 34.7257 18.7862 989.096 924.1 110.094 814.006 721.766 59.6248 662.141 210.933 91.676 58.417 30.9799 316.45 302.133 103.739 84.2842
internal_count=18716 8894 4428 1095 9822 4466 3333 1853 575 1001 717 253 284 198 130 4618 4211 290 3921 3554 253 3301 1278 492 302 140 3220 3067 1003 810
cat_boundaries=0 1
cat_threshold=10
is_linear=0
shrinkage=0.03


Tree=127
num_leaves=31
num_cat=1
split_feature=14 13 10 15 18 11 9 1 16 0 18 15 0 18 15 8 15 13 16 16 15 3 3 15 16 15 8 4 10 13
split_gain=14.2201 5.97952 3.64849 5.33006 4.10133 3.58557 3.67318 4.07121 3.48465 2.98114 2.68255 2.67211 3.7758 5.14425 2.75355 4.10207 3.74461 2.53049 3.98532 4.72904 2.29759 3.17173 3.18542 3.67419 2.7345 5.52221 4.40368 3.04643 2.91145 2.27146
threshold=0 5.5500000000000007 0.089741794871794886 0.58100000000000007 1077.5000000000002 0.34941860465116287 3.2633333333333341 0.055403000000000015 0.82900000000000018 0.18357166666666672 1162.5000000000002 2.0310000000000006 0.026666666666666672 1170.0000000000002 1.7900000000000003 3.71 1.7582800000000003 5.4500000000000011 1.5670000000000004 1.2310000000000001 1.1122100000000004 0.12499492900608521 0.068007777777777806 1.0000000180025095e-35 1.6020000000000003 1.5952000000000004 33.180000000000014 0.41666666666666669 0.37959073814845506 11.950000000000001
decision_type=1 2 10 8 2 8 10 10 8 10 2 8 8 2 10 10 10 2 10 10 8 10 8 10 8 10 10 10 10 2
left_child=-1 2 4 -4 5 -2 -7 -8 -5 -6 20 14 13 -13 16 -16 17 -10 19 -19 21 22 23 -3 25 -22 -26 28 -27 -12
right_child=1 10 3 8 9 6 7 -9 11 -11 29 12 -14 -15 15 -17 -18 18 -20 -21 24 -23 -24 -25 26 27 -28 -29 -30 -31
leaf_value=-0.010655527370799726 0.018930578868997232 0.0024929053694193078 0.017464558979036319 -0.0062911406711583656 -0.0037812513280124564 -0.0025994493027873089 0.0094749028618215259 -0.006071288163024594 -0.00048235074522784736 0.010814781009756132 -0.00034144240439523671 0.0025939695804853146 0.0013490070073644024 0.020999999999999998 0.010824938465426426 -0.0056091682424547745 0.014046755972867397 0.00045193462858708871 -0.0011560758801260483 0.020362237480576823 -0.0051805490883312265 0.014298660375019388 -0.0063246584560377296 0.012597798697895851 0.0043876668770783146 -0.0030986002864743269 -0.0044934802645613774 0.010068332720320896 0.0049592465136687469 0.0062047794750962346
leaf_weight=102.91184033453465 9.7551924437284452 117.30566497147083 15.759166397154329 76.686953149735928 671.98571345210075 139.04575778543949 59.08307496458292 20.393663384020329 772.10122258961201 12.834304504096506 702.79733339697123 24.011623397469521 144.03043635189533 16.581450767815113 15.16182469576597 138.88304457068443 17.620040394365788 19.544618509709835 48.029749870300293 23.823166377842426 129.6695174947381 29.798378467559814 24.495792798697948 44.734824441373348 390.4543307647109 81.363111235201359 57.669689893722534 40.855740427970886 80.073302417993546 51.179161697626114
leaf_count=1778 78 315 71 428 5110 1031 298 87 3493 64 2122 123 552 101 63 587 68 69 139 77 328 55 58 131 852 224 111 74 173 88
internal_value=-0.00015735 0.000140842 -0.000890654 0.000122636 -0.00234688 0.00113555 0.000341147 0.00548576 -8.81622e-05 -0.00350771 0.00145302 0.000301814 0.00362663 0.011708 -0.000291173 -0.00399165 0.000355776 7.64057e-05 0.00479663 0.0113892 0.00247463 0.00521018 0.00375833 0.00528258 0.001716 -0.000347687 0.00324474 0.00275018 0.000898134 0.000102909
internal_weight=4078.64 3975.73 2225.33 1312.23 913.098 228.278 218.522 79.4767 1296.47 684.82 1750.4 1219.79 184.624 40.5931 1035.16 154.045 881.119 863.499 91.3975 43.3678 996.42 216.335 186.536 162.04 780.086 331.962 448.124 202.292 161.436 753.976
internal_count=18748 16970 12439 5771 6668 1494 1416 385 5700 5174 4531 5272 776 224 4496 650 3846 3778 285 146 2321 559 504 446 1762 799 963 471 397 2210
cat_boundaries=0 1
cat_threshold=4
is_linear=0
shrinkage=0.03


Tree=128
num_leaves=31
num_cat=0
split_feature=7 8 18 10 15 13 15 5 0 3 15 8 17 8 0 9 3 6 3 18 7 15 18 11 8 3 15 15 17 9
split_gain=11.2663 8.99469 4.4507 5.44104 3.26142 3.10996 4.1456 3.37508 3.30072 2.92322 3.191 3.54912 3.43376 3.32087 3.10725 2.93252 2.78778 2.78757 2.72826 2.85155 4.85791 3.1063 2.66999 2.56127 3.23292 4.80222 5.01244 3.93392 3.43289 2.70492
threshold=3.5775000000000001 10.620000000000003 1162.5000000000002 0.072393745611327179 0.8055000000000001 6.1500000000000012 2.3246600000000002 0.55000000000000016 0.089976666666666691 0.078005633802816915 0.90400000000000014 2.9800000000000004 1232.5000000000002 8.3100000000000023 0.013333333333333329 1.2100000000000006 0.34192596666267827 26.183333333333341 0.032505687500000012 1242.5000000000002 0.18000000000000005 0.65646000000000015 1015.0000000000001 4.6684397163120579 7.5600000000000023 0.05999173838209982 1.9310000000000003 1.0690000000000002 1135.0000000000002 10.470000000000002
decision_type=10 10 2 10 10 2 10 10 10 10 8 10 2 10 10 10 10 10 8 2 10 10 2 10 10 10 10 10 2 10
left_child=1 9 5 4 17 6 7 16 -8 10 12 -12 13 18 -11 -16 -2 -4 19 20 -1 -22 -3 24 25 27 -27 -5 -29 -25
right_child=2 22 3 23 -6 -7 8 -9 -10 14 11 -13 -14 -15 15 -17 -18 -19 -20 -21 21 -23 -24 29 -26 26 -28 28 -30 -31
leaf_value=0.020999999999999998 0.00040485657897454229 0.0067603149185536913 0.00053702305005041897 -0.00033189981964047097 -0.0077337148283494004 0.0034155547543742917 0.0011253432817173031 -0.0081585666166050126 0.014502766431689238 0.012773387455793693 -0.00091174041686123593 -0.0072754995349620681 0.020999999999999998 0.014590270907230586 -0.0066217512390920746 0.009856354373151438 0.0085078562318955647 -0.0089250766180245435 -0.012846310921024064 -0.0105864750977578 -0.0049449673996557553 0.013255325456147953 -0.0082780005487098057 0.0019737944689049267 -0.00061440098401286541 -0.0029930345515598099 0.013069594084000989 0.020999999999999998 0.0054097695336134842 0.01264603674790157
leaf_weight=10.179660212248562 997.88166061788797 11.0814201682806 138.00179270654917 14.417472913861273 125.63087183237076 663.45898844301701 31.829439267516136 40.065336614847183 34.693493455648422 27.104240670800209 223.0831136405468 122.01426581665874 8.2641757391393167 14.243164155632256 25.37516612559557 15.755084477365015 39.734394237399101 35.16125825047493 14.625241186469792 13.917613442987202 30.142902433872223 11.721711777150629 258.32538478821516 78.239128544926643 928.36611255258322 78.12155719101429 22.526425652205944 16.081911548972133 13.29569275677204 29.407925069332123
leaf_count=89 4212 120 711 71 906 1372 141 112 99 105 1316 973 49 120 119 58 106 113 122 125 185 73 3206 173 3501 313 76 74 57 53
internal_value=1.12987e-05 -0.00321569 0.000782805 -0.00043753 -0.00405397 0.00178143 0.000833897 0.000385251 0.00810203 -0.000897499 -0.00177818 -0.00316174 0.00285315 0.00123653 0.00488716 -0.000309756 0.000715152 -0.00138428 -0.00112365 0.00147553 0.00470114 0.000150949 -0.00765943 0.000477852 3.51991e-05 0.00421032 0.000602006 0.0125028 0.0188016 0.00488933
internal_weight=4072.75 785.833 3286.91 1479.25 298.794 1807.66 1144.2 1077.68 66.5229 516.426 448.192 345.097 103.094 94.8303 68.2345 41.1303 1037.62 173.163 80.5871 65.9619 52.0443 41.8646 269.407 1180.46 1072.81 144.443 100.648 43.7951 29.3776 107.647
internal_count=18750 6660 12090 6048 1730 6042 4670 4430 240 3334 3052 2289 763 714 282 177 4318 824 594 472 347 258 3326 4318 4092 591 389 202 131 226
is_linear=0
shrinkage=0.03


Tree=129
num_leaves=31
num_cat=1
split_feature=14 18 10 10 16 17 17 5 16 5 15 13 7 6 18 7 9 6 7 10 4 18 10 0 0 4 10 1 18 15
split_gain=12.6301 7.32059 5.09555 4.44683 4.94908 4.49092 4.79365 3.70932 3.31695 3.7636 2.99536 5.35919 2.85008 2.80555 6.77213 3.19749 4.99527 3.7636 3.14025 2.57211 2.40377 2.37019 4.76072 3.7354 3.15467 2.97894 4.71879 4.66497 2.75436 3.84613
threshold=0 1205.0000000000002 0.12705966968706717 0.089741794871794886 0.42312000000000011 1310.0000000000002 1068.7500000000002 1.0000000180025095e-35 1.2205700000000004 1.0000000180025095e-35 2.3246600000000002 11.450000000000001 0.60000000000000031 0.76666666666666694 1122.5000000000002 9.3700000000000028 3.1100000000000012 11.033333333333337 26.190000000000001 0.092922402038189536 0.83333333333333337 1196.2500000000002 0.1635315378241359 0.030000000000000013 0.19336333333333336 0.58333333333333337 0.20201746529023493 0.18438000000000004 1071.2500000000002 1.0630000000000002
decision_type=1 2 10 8 10 2 2 10 10 10 10 2 8 8 2 10 10 10 10 8 10 2 8 10 10 10 10 10 2 8
left_child=-1 3 12 4 5 6 7 -2 9 -6 11 20 -3 14 -8 -15 -17 -18 -19 -5 -4 25 -23 -24 -25 28 -27 -28 -21 -30
right_child=1 2 10 19 8 -7 13 -9 -10 -11 -12 -13 -14 15 -16 16 17 18 -20 21 -22 22 23 24 -26 26 27 -29 29 -31
leaf_value=-0.0097626442539152196 0.0046395126919801131 -0.013046155157011564 -0.00039396852466366372 0.012277780548289199 -0.010094077969658721 0.012390827167116193 -0.0060419841468836097 0.020999999999999998 -0.0010664299018222035 0.0016014449684843906 -0.0066993682124649291 0.014881324413995482 -0.003704852895726583 -0.0051916886166097145 0.020999999999999998 0.016240570984704484 0.011772879226044294 -0.0042865508666813674 0.0041896749870414599 0.0034793743168945713 0.011382041424136152 0.017196968787723945 0.013276197680877077 -0.0075251216748557182 0.0069206242724447796 -0.005458789754371092 0.012927018189536874 0.002909148614366737 0.004857699624253033 -3.2118005579769502e-05
leaf_weight=100.80525952205062 23.033134415745735 32.407837808132172 653.63124725222588 22.078840799629688 87.436586931347847 34.080432139337063 13.550786025822164 10.631699137389658 364.39541009068489 34.547539599239826 58.54950263351202 22.163356006145477 316.27739798277617 102.00012450665236 13.838942050933836 18.305530846118927 21.371977120637894 121.57185964286327 58.154051914811134 399.95791620016098 15.981978118419645 27.107424713671207 21.296414576470852 32.553684204816818 23.374998420476913 31.783804416656494 72.238294184207916 99.40074360370636 167.04412888735533 1085.739729590714
leaf_count=1770 142 355 2531 117 685 101 113 47 2610 167 175 38 2252 662 120 78 80 426 147 1137 40 120 83 102 50 100 150 173 636 3573
internal_value=0.00022981 0.000505844 -0.0015765 0.00130071 -0.000444421 0.00195562 0.00102575 0.0118366 -0.00249983 -0.00678175 -0.000183956 0.000367485 -0.00457306 -1.76849e-05 0.00919907 -0.000803128 0.0012371 -0.000128632 -0.00154389 0.00209548 -0.000112905 0.00198081 0.00638056 0.0025838 -0.00148762 0.00173351 0.00515919 0.0071254 0.00131187 0.000619882
internal_weight=4085.31 3984.51 1099.01 2885.49 902.918 416.539 382.458 33.6648 486.38 121.984 750.326 691.777 348.685 348.793 27.3897 321.404 219.403 201.098 179.726 1982.58 669.613 1960.5 104.333 77.2251 55.9287 1856.16 203.423 171.639 1652.74 1252.78
internal_count=18780 17010 5391 11619 5378 1916 1815 189 3462 852 2784 2609 2607 1626 233 1393 731 653 573 6241 2571 6124 355 235 152 5769 423 323 5346 4209
cat_boundaries=0 1
cat_threshold=4
is_linear=0
shrinkage=0.03


Tree=130
num_leaves=31
num_cat=0
split_feature=7 13 6 12 16 16 8 0 2 18 8 15 2 6 8 18 8 6 17 16 2 7 7 7 8 9 11 7 16 16
split_gain=10.5129 3.90332 3.74999 3.99551 3.78776 4.46408 3.72416 3.54002 3.45752 4.77464 3.61358 3.86152 3.27681 3.99917 3.16576 5.55725 5.77312 6.49825 3.15252 6.36777 3.0107 3.55183 3.54595 3.39169 3.24625 3.85395 2.92377 2.83808 2.66848 3.78322
threshold=0.34500000000000008 4.7500000000000009 24.941666666666674 1.0000000180025095e-35 1.2690000000000003 1.3570000000000004 17.253333333333337 0.043333333333333335 0.030000000000000027 1253.7500000000002 10.72666666666667 1.0332500000000002 0.10668500000000002 13.400000000000004 1.8200000000000001 1183.7500000000002 1.0000000180025095e-35 0.20000000000000065 1088.7500000000002 1.8770000000000004 0.24333333333333337 30.990000000000006 28.840000000000003 26.190000000000001 8.0400000000000063 4.6100000000000012 1.4189797449362345 33.590000000000011 1.9570000000000001 2.0870000000000002
decision_type=8 2 10 2 8 8 10 8 10 2 10 10 10 10 10 2 10 10 2 10 10 10 10 10 10 10 8 10 10 10
left_child=14 2 3 -2 7 -6 -4 8 10 -10 11 26 13 18 15 16 -1 -18 19 -7 24 22 23 -22 -3 28 -5 -23 -26 -30
right_child=1 20 6 4 5 12 -8 -9 9 -11 -12 -13 -14 -15 -16 -17 17 -19 -20 -21 21 27 -24 -25 25 -27 -28 -29 29 -31
leaf_value=-0.0056616315949719696 -0.0038197191015372795 0.0029223192788875516 0.016457361229968968 0.00036858707783050888 0.017491013332345085 0.00079078550148933564 0.00019102679291700938 -0.011493942014330768 -0.0035597766029592634 0.020999999999999998 -0.0071081816948581093 -0.0088731373075455408 -0.0065115451282215069 0.015114497371146176 -0.0089965345384306894 -0.011375434477076084 0.020999999999999998 -0.0046760874132460474 -0.001827601091119298 0.020999999999999998 0.0055877006706387218 -0.007755462720370242 0.015038159833005197 -0.0030684286193222938 -0.0021358945647758907 0.0013910474423529751 0.020999999999999998 0.0017649145441468231 0.010762627804002349 -0.00044012807641146751
leaf_weight=29.233664076775312 368.30284653604031 542.09124169498682 21.049327865242958 7.8605299592018145 17.5987996943295 43.981695551425219 31.812126681208611 35.256609588861465 10.584080144762995 9.2973543480038625 61.622382950037718 9.9594620615243894 35.773849055171013 22.990760326385498 127.09657043218613 34.070344656705856 18.299876142293218 11.73999237269163 91.81360774114728 17.851774238049984 263.60417492687702 33.60357940196991 30.0644191801548 48.186128780245781 648.81818332523108 1175.0544733777642 9.4440574198961276 174.64393720030785 36.24291605502367 107.90298759192228
leaf_count=231 2724 2169 64 60 118 348 100 225 70 66 574 81 171 104 1923 291 106 56 691 125 672 70 61 96 3293 3284 68 336 160 468
internal_value=0.000456287 0.000820608 -0.00105197 -0.00160173 0.000582277 0.00297119 0.00666825 -0.00323288 -0.000555088 0.0107545 -0.00308473 0.00600909 0.00176819 0.00344506 -0.00591554 -0.00172048 0.00382918 0.0130653 0.00169892 0.00693528 0.0013072 0.00331724 0.0051987 0.00424993 0.000866692 0.000300468 0.0145744 0.000228672 -0.00131561 0.00237661
internal_weight=4075.85 3855.41 795.199 742.338 374.035 230.01 52.8615 144.024 108.768 19.8814 88.8864 27.264 212.412 176.638 220.44 93.3439 59.2735 30.0399 153.647 61.8335 3060.21 550.102 341.855 311.79 2510.11 1968.02 17.3046 208.248 792.964 144.146
internal_count=18805 16198 5589 5425 2701 1557 164 1144 919 136 783 209 1439 1268 2607 684 393 162 1164 473 10609 1235 829 768 9374 7205 128 406 3921 628
is_linear=0
shrinkage=0.03


Tree=131
num_leaves=31
num_cat=0
split_feature=10 16 0 18 12 6 18 11 7 13 11 16 6 0 0 17 6 16 18 13 11 7 13 18 18 6 7 2 13 11
split_gain=12.9295 7.99023 4.32941 3.88363 3.71891 4.42121 5.24489 3.68857 4.97619 4.01028 3.87745 3.35004 3.15816 4.47986 3.37983 3.17163 3.12611 5.80242 3.08634 3.03329 2.89514 2.86607 2.86444 4.63338 5.83863 4.6244 4.5369 3.40859 4.02853 5.46634
threshold=0.071600161821222363 0.78700000000000003 0.0033333333333333474 1247.5000000000002 1.0000000180025095e-35 23.583333333333339 1042.5000000000002 2.6432107496463937 40.290000000000006 4.6500000000000012 2.3796551724137935 1.0767500000000003 13.400000000000004 0.23727500000000004 0.17000166666666675 1120.0000000000002 28.600000000000005 1.5970000000000002 1108.7500000000002 4.9500000000000011 1.0045454545454546 5.8366666666666678 4.7500000000000009 1183.7500000000002 1242.5000000000002 2.5000000000000013 1.3200000000000005 0.020418597053932053 5.5500000000000007 1.972412480974125
decision_type=10 10 8 2 2 10 2 10 10 2 10 10 10 10 10 2 10 10 2 2 8 10 2 2 2 10 8 8 2 10
left_child=1 3 -3 7 5 11 -7 9 21 -1 20 -2 14 19 15 22 17 -8 -19 -14 -11 -9 25 27 -25 26 -13 -24 29 -29
right_child=4 2 -4 -5 -6 6 16 8 -10 10 -12 12 13 -15 -16 -17 -18 18 -20 -21 -22 -23 23 24 -26 -27 -28 28 -30 -31
leaf_value=-0.0025082922751572252 -0.0046481074005800217 -0.0090969358480872033 -0.0033294183983595058 -0.005748043366073651 0.002281147618429325 0.013984559454492168 -0.00098894389263906981 -0.010658595809139769 0.012523193435826687 0.01308471634785658 0.017883852407866517 -0.0019608742427394341 -0.0097777945914835941 0.010107188541051144 -0.01156465186556205 -0.00036580496860543789 -0.00010578310079783456 0.0052698886360898521 0.018490814735491495 -0.0020495574119284111 0.0023521004300502278 -0.0013878596869315387 -0.0049620912426328115 0.020999999999999998 0.002358156949296134 -0.0060854736406311697 0.020999999999999998 0.011649050990156796 0.016373199249620281 -0.0093999210371189558
leaf_weight=67.800622452050447 178.54613661766052 170.67131556198001 373.43944243341684 91.808137524873018 1528.0544940456748 34.277263820171356 60.394222840666771 35.386009745299816 20.78717577457428 27.874788127839565 21.963666781783104 13.913920097053053 58.596444875001907 22.795670568943024 18.002301417291164 301.40889842063189 263.66002269089222 31.238459646701813 32.34658870100975 207.81441721320152 120.00236835703254 197.63578194379807 33.214339375495911 29.429440252482891 22.6012062728405 47.661816209554672 11.671731173992155 22.601755797863007 24.94343076646328 21.827555283904076
leaf_count=615 883 2282 2819 711 5232 54 168 421 39 141 91 94 267 52 66 1321 574 61 74 616 535 669 142 125 115 291 80 94 70 93
internal_value=0.000211048 -0.00252362 -0.00513852 -8.42315e-05 0.00125084 0.000155203 0.00273626 0.000973829 -0.00154106 0.00365981 0.00612212 -0.000917664 -0.000121406 -0.00265717 0.00121861 0.00165341 0.00174162 0.0056704 0.0119956 -0.00374937 0.00437519 -0.00279569 0.00432433 0.00663943 0.0139316 -0.000562592 0.00972562 0.00294094 0.00672477 0.00130796
internal_weight=4092.37 1127.37 544.111 583.259 2965 1436.95 421.917 491.45 253.809 237.641 169.841 1015.03 836.483 289.207 547.276 529.274 387.639 123.979 63.585 266.411 147.877 233.022 227.865 154.618 52.0306 73.2475 25.5857 102.587 69.3727 44.4293
internal_count=18795 8323 5101 3222 10472 5240 931 2511 1129 1382 767 4309 3426 935 2491 2425 877 303 135 883 676 1090 1104 639 240 465 174 399 257 187
is_linear=0
shrinkage=0.03


Tree=132
num_leaves=31
num_cat=0
split_feature=7 12 8 6 7 16 6 8 17 6 13 7 13 3 11 13 8 17 0 13 17 3 10 13 17 0 13 17 8 8
split_gain=12.5747 6.10251 4.7064 4.1303 4.03183 3.94515 6.0236 3.62907 3.60411 3.24145 3.12313 3.01613 5.01935 3.92815 4.72063 2.98975 2.98209 2.95685 5.27734 2.8799 2.83766 4.88669 4.25162 2.97229 2.76516 3.03417 3.2644 3.05836 3.03342 2.86231
threshold=0.34500000000000008 1.0000000180025095e-35 8.7800000000000029 22.183333333333334 16.590000000000007 1.7270000000000003 31.183333333333337 22.310000000000006 1232.5000000000002 20.916666666666675 5.7500000000000009 18.570000000000004 5.2500000000000009 0.15403125000000006 2.1586333720480066 4.2500000000000009 28.260000000000002 1142.5000000000002 0.0033333333333333474 3.9500000000000006 1177.5000000000002 0.21280178172699146 0.31523260915217088 5.8500000000000005 1382.5000000000002 0.043333333333333335 7.1500000000000012 1255.0000000000002 24.245000000000005 20.980000000000008
decision_type=8 2 8 10 8 10 10 10 2 10 2 8 2 10 10 2 8 2 10 2 2 10 10 2 2 10 2 2 10 10
left_child=19 3 -3 15 9 -5 8 -8 10 17 -7 13 -13 14 -6 -2 20 18 -4 -1 22 -22 23 -14 25 26 27 -19 -29 -27
right_child=1 2 4 5 11 6 7 -9 -10 -11 -12 12 16 -15 -16 -17 -18 24 -20 -21 21 -23 -24 -25 -26 29 -28 28 -30 -31
leaf_value=0.0096478145864041 -0.0090564094089640012 0.0041044231907315229 -0.0090490572025969853 -0.00082230877713396504 0.015692629168799686 0.011793429825571741 0.0059135004109167567 -0.0062097733596335331 0.018898782127328827 -0.011411907260984266 -0.00058673064341293354 -0.0034168079111342102 0.0022690813161884869 0.015228482723965242 -0.0019521954616237038 -0.0016734035731906583 -0.00042273782156615106 0.0059259205856398451 -0.00062702398039749549 -0.0081271307748772698 0.012161184816634578 0.001170341941446384 0.0077390874481054802 -0.0070056913033030048 -0.010919502621787158 0.0018283373401757315 0.013602330725812321 -0.006477590034590701 0.011789898434729275 -0.0080892686986562753
leaf_weight=8.5555836670100671 51.359752278774977 429.42888075113297 82.072298746556044 321.84152203798294 18.633425742387772 40.463094279170036 38.921612933278084 51.796858817338943 27.517771735787392 25.82013463973999 33.541035026311874 154.17109620571136 83.883623316884041 33.857750281691551 50.983503833413124 1270.4024810791016 180.31310645490885 100.8476984500885 363.68643254041672 199.39654295146465 85.369816228747368 63.480599969625473 75.54122456908226 49.417958915233612 15.082742437720297 77.125910900533199 30.526433795690536 42.75550152361393 10.11711213365197 39.657533071935177
leaf_count=114 428 1812 627 844 78 106 75 100 48 86 59 616 216 74 156 6308 403 672 2015 2445 174 116 150 107 62 312 75 243 55 144
internal_value=-0.000210271 0.000177987 0.00131888 -0.00107286 0.00056339 0.00120882 0.00460927 -0.00100844 0.00962917 -0.000958097 0.00618235 0.00206966 0.0013555 0.00684689 0.00277056 -0.00196029 0.00272305 -0.000603813 -0.00217767 -0.00739583 0.00430884 0.00747389 0.00205299 -0.00116929 0.00161553 0.00224358 0.00464146 0.00286197 -0.00298213 -0.0015395
internal_weight=4056.57 3848.62 2012.77 1835.84 1583.34 514.082 192.24 90.7185 101.522 787.692 74.0041 795.652 692.177 103.475 69.6169 1321.76 538.006 761.872 445.759 207.952 357.693 148.85 208.843 133.302 316.113 301.03 184.247 153.72 52.8726 116.783
internal_count=18720 16161 8193 7968 6381 1232 388 175 213 4291 165 2090 1782 308 234 6736 1166 4205 2642 2559 763 290 473 323 1563 1501 1045 970 298 456
is_linear=0
shrinkage=0.03


Tree=133
num_leaves=31
num_cat=1
split_feature=14 10 15 10 8 8 3 12 6 11 8 6 8 15 6 11 17 15 11 9 8 17 18 11 6 11 2 11 15 17
split_gain=10.8469 6.99804 3.31754 4.86898 3.50075 5.87028 3.07206 2.83519 2.81318 2.77952 4.08861 5.52055 6.47443 5.72762 3.17348 3.08184 2.9895 3.53307 4.03268 4.12611 4.33012 4.56744 3.93355 2.8547 2.73299 2.632 4.18423 2.58105 2.48811 3.01978
threshold=0 0.19314656877416578 0.58100000000000007 0.026839704271238222 7.955000000000001 6.7799999999999994 0.3653125000000001 1.0000000180025095e-35 40.483333333333341 1.3348082595870208 9.3266666666666698 8.6833333333333389 7.0450000000000008 1.2633900000000002 6.0583333333333345 2.8698475437605877 1120.0000000000002 0.85249000000000008 1.2229532163742693 0.28000000000000008 2.0199999999999996 1036.2500000000002 1292.5000000000002 1.429475587703436 11.383333333333333 0.60102040816326541 0.020000000000000028 0.38956639566395673 2.3670000000000004 1210.0000000000002
decision_type=1 10 8 8 8 10 10 2 10 10 10 8 8 8 10 10 2 10 10 8 10 2 2 10 10 10 10 8 8 2
left_child=-1 2 4 -4 5 7 9 -2 -6 16 11 14 -13 -14 15 -11 17 -5 19 -19 -21 -22 25 24 -12 -23 -27 -3 29 -29
right_child=1 27 3 6 8 -7 -8 -9 -10 10 23 12 13 -15 -16 -17 -18 18 -20 20 21 22 -24 -25 -26 26 -28 28 -30 -31
leaf_value=-0.0094393727449112678 -0.0035117837974229607 -0.009145580828896922 -0.0077469996864421844 -0.0079006806781908873 -0.0011018908622484952 0.020999999999999998 -0.013325438081112509 0.0070961308937320822 0.008789454296438147 -0.0005628043317845023 0.018337830986633413 -0.0032234158916854675 0.020999999999999998 0.007520645841280451 -0.010880041619083569 0.01383156395561151 -0.0072550109520372929 -0.014897559060899042 -0.011638183119688485 0.020999999999999998 -0.0083571892538036284 -0.0017591432038977111 -0.011531549999410775 -0.001740777952512811 -0.0027330405526746087 0.0011791263689045666 0.019857349659990527 0.0011754514242556689 -0.0015792902409875163 0.0041483372989651983
leaf_weight=99.738944731652737 39.523000247776508 20.862387157976627 117.47332633286715 51.45151511579752 363.15747211128473 18.30011548101902 19.082499384880066 53.197075843811035 27.863369196653366 92.083891630172729 12.637131690979006 25.697816878557205 17.251281574368477 40.14594391733408 22.40189366042614 15.663548089563845 125.61255488544703 9.9874408245086652 18.408431671559811 9.9197888597846013 22.934482529759407 13.700281754136084 8.9126325175166112 766.14484093338251 9.8647555261850339 16.79450661689043 30.211559630930424 1403.5951721444726 216.24431999027729 393.78561272472143
leaf_count=1810 226 89 1108 362 1795 85 76 265 59 622 98 107 65 206 123 76 816 84 128 54 159 98 79 4241 46 137 171 4229 540 884
internal_value=-0.00013508 0.000121311 -0.00116336 -0.00189268 0.0009378 0.00563925 -0.00137517 0.00257439 -0.000397053 -0.00120107 -0.000434909 0.00325063 0.00929161 0.0148948 -0.000606283 0.00152975 -0.00369383 -0.0012403 0.00137824 0.00350887 0.00530283 0.00325411 0.00707921 -0.00143145 0.00910043 0.00981155 0.0131839 0.00135223 0.001461 0.00182678
internal_weight=4082.65 3982.91 1948.42 1446.38 502.041 111.02 1328.91 92.7201 391.021 1309.82 1001.89 213.244 83.095 57.3972 130.149 107.747 307.933 182.321 130.869 112.461 102.473 92.5535 69.619 788.647 22.5019 60.7063 47.0061 2034.49 2013.63 1797.38
internal_count=18838 17028 11286 8856 2430 576 7748 491 1854 7672 5584 1199 378 271 821 698 2088 1272 910 782 698 644 485 4385 144 406 308 5742 5653 5113
cat_boundaries=0 1
cat_threshold=4
is_linear=0
shrinkage=0.03


Tree=134
num_leaves=31
num_cat=0
split_feature=13 10 7 18 0 2 10 7 2 7 10 2 10 17 16 11 6 11 0 16 11 2 9 10 15 17 2 16 16 6
split_gain=10.7907 6.98689 4.30715 2.7573 3.15348 5.04579 4.78452 8.45754 4.46614 2.86202 2.68984 3.6374 3.58478 3.82222 3.0846 2.65437 5.21107 3.60913 3.57189 2.97533 2.47326 2.65269 4.28708 2.44041 2.42995 4.76651 6.05277 2.30386 2.28525 2.24416
threshold=5.2500000000000009 0.077703162419045638 2.9399999999999999 1310.0000000000002 0.049999999999999996 0.027107067510548543 0.10443652036852039 10.930000000000003 0.060000000000000026 13.6775 0.12123523759034903 0.0881030701754386 0.13482409511283949 1093.7500000000002 1.6436666666666666 1.2561121049493145 5.1166666666666663 1.5594229217110576 0.023153333333333338 1.4990000000000003 0.88975694444444453 1.0000000180025095e-35 0.28000000000000008 0.071600161821222363 2.3670000000000004 1310.0000000000002 0.20010626252068639 2.5010000000000008 1.7952633333333334 4.3000000000000016
decision_type=2 8 10 2 8 10 10 10 8 10 8 8 8 2 10 10 10 10 10 10 10 8 10 10 10 2 8 8 10 10
left_child=1 2 20 4 5 29 7 -7 -6 -5 -10 14 -13 -14 -12 16 -8 -17 -19 -18 21 22 -1 -22 -2 -26 -27 -15 -23 -3
right_child=24 3 -4 9 8 6 15 -9 10 -11 11 12 13 27 -16 17 19 18 -20 -21 23 28 -24 -25 25 26 -28 -29 -30 -31
leaf_value=0.020441241664499427 0.0016165000717441602 0.0013571560547871197 -0.002222822729244301 -0.0078843716321008728 -0.012809131597648149 0.020999999999999998 -0.0028391675805163868 -0.0042837956805543915 -0.0048930017631687722 0.0023028108471582496 0.014985866769099514 0.011629432298674728 -0.0062329011735557218 8.2033625460517744e-06 -0.0011745254537606855 -0.0097813112036366535 0.0056836914052265384 0.014463335657251827 0.00023790265432996766 0.020999999999999998 -0.0092259410921699762 -0.011099910931341571 -0.0033244185164449684 0.0077081478062496385 -0.0058164196585267936 -0.0042044613117826713 0.013575996175706807 0.011193943869946394 0.0050337799444506994 -0.0047458646333066101
leaf_weight=10.187102943658831 2103.6620731726289 147.6494650579989 466.28188616037369 76.997799586504698 28.729751005768776 25.036305584013462 22.391045898199081 14.13259309530258 101.95353579521179 36.627118811011314 27.105326071381569 20.356624335050583 96.945546887814999 167.04948877543211 17.488844588398933 23.454688146710396 16.034011200070381 20.435344599187374 71.355602905154228 20.42424102127552 201.0008406303823 31.598503682762384 20.737672608345747 7.9625909924507132 112.32070709019899 36.472124993801117 32.661885410547256 18.396793834865093 10.536171071231363 85.69997876137495
leaf_count=100 6180 979 3176 580 144 153 107 70 514 168 115 84 409 565 73 112 78 90 345 86 2741 339 266 77 310 126 61 99 102 467
internal_value=-3.63923e-05 -0.00178304 -0.00399291 -0.000190319 0.000351632 0.00216418 0.00549971 0.0149731 -0.00134181 -0.00460052 -0.000608543 0.00064905 -0.000529195 -0.00140567 0.00864812 0.00336834 0.00855217 0.000721254 0.0034049 0.0155482 -0.00691948 -0.0021682 0.00450436 -0.00858066 0.00132918 -0.00200178 0.00419579 0.00111786 -0.00706553 -0.000884241
internal_weight=4071.69 1786.57 748.305 1038.26 924.639 446.613 213.264 39.1689 478.026 113.625 449.296 347.343 302.748 282.392 44.5942 174.095 58.8493 115.246 91.7909 36.4583 282.023 73.0595 30.9248 208.963 2285.12 181.455 69.134 185.446 42.1347 233.349
internal_count=18716 12039 6801 5238 4490 2487 1041 223 2003 748 1859 1345 1157 1073 188 818 271 547 435 164 3625 807 366 2818 6677 497 187 664 441 1446
is_linear=0
shrinkage=0.03


Tree=135
num_leaves=31
num_cat=0
split_feature=7 8 18 16 3 10 11 16 17 18 11 13 9 17 0 18 13 0 2 10 18 11 8 11 11 11 3 13 13 7
split_gain=11.7061 10.8639 5.63903 3.58073 7.29771 3.54782 3.48516 3.31748 3.28727 3.27526 4.44578 4.09868 4.36526 3.8718 3.7154 3.26857 3.23154 4.80748 4.16951 3.0614 2.90467 2.90452 2.89162 3.82192 2.86746 4.68454 3.23247 2.8381 2.78133 3.61921
threshold=3.4550000000000005 8.7800000000000029 1267.5000000000002 1.7790000000000001 0.3653125000000001 0.066026726943942141 0.9948453608247424 1.9260000000000002 1093.7500000000002 1205.0000000000002 1.892024377318495 7.4500000000000011 5.7633333333333345 1135.0000000000002 0.029999999999999999 1117.5000000000002 4.9500000000000011 0.049999999999999996 0.044113618049959717 0.63816665616299917 1196.2500000000002 1.5358983799705452 10.245000000000003 1.4600884955752214 2.6890390390390393 1.7711309523809524 0.15200000000000005 12.65 6.1500000000000012 5.1900000000000004
decision_type=8 10 2 10 8 8 10 8 2 2 8 2 8 2 8 2 2 8 8 10 2 8 8 10 10 8 10 2 2 8
left_child=1 2 3 -1 6 7 8 -2 -5 20 13 14 -13 16 -12 -8 17 18 -11 -3 27 -19 23 -15 25 -22 -26 28 -7 -30
right_child=5 19 -4 4 -6 9 15 -9 -10 10 11 12 -14 22 -16 -17 -18 21 -20 -21 24 -23 -24 -25 26 -27 -28 -29 29 -31
leaf_value=-0.00054912579228992293 -0.00027178226421837134 -0.008160290140721593 -0.010035303343749316 0.020999999999999998 -0.014897558967230645 0.0011304931579011078 6.8433978540558126e-05 -0.007739664293130913 0.0067023793304270664 0.0028385491435947252 -0.0085650893959230649 0.013382525469570221 0.00037112912176773949 -0.0037708052659129578 -0.0014934306728206607 0.015510677817275255 0.012318851258173329 -0.011145254027715684 0.020999999999999998 0.010278344603671438 0.012306431346653775 0.0076990243171571691 -0.0054899805664784121 0.017722746316843004 0.016700807792918507 -0.0091042689202632861 0.0033926453817504122 -0.0064769594407184938 0.01414512352673284 0.0031148155647797598
leaf_weight=223.71780409663916 611.24958300590515 284.9819421581924 43.18983044847846 11.647950056940319 12.530606172978876 1093.083533488214 36.081802222877741 58.676469400525093 15.277821213006971 25.371969901025295 80.537297211587429 29.702881380915642 106.09948731958866 16.177224919199947 393.90849036723375 18.744920969009399 56.2160834223032 23.985257133841515 13.111979126930235 8.3413093909621221 16.541690833866596 10.6210745498538 54.211611747741699 13.795088455080984 37.027230016887188 20.7136175557971 29.524000242352486 35.626915842294693 27.889985494315624 667.87418124079704
leaf_count=1484 3058 3569 401 71 82 4112 169 414 87 170 426 76 239 78 1455 110 241 136 75 33 72 58 265 63 116 92 65 60 77 1370
internal_value=0.000328889 -0.003347 0.000136049 0.00151749 0.00642121 0.00103197 0.00968885 -0.000925868 0.0185277 0.00150857 -7.4893e-05 -0.00137847 0.003217 0.00365129 -0.00269385 0.00534804 0.00691111 0.00275185 0.0100479 -0.00763595 0.00218501 -0.00536173 -0.00135578 0.00612184 0.00706638 0.000402274 0.0107969 0.00190728 0.00207426 0.00355697
internal_weight=4076.46 654.514 361.191 318.001 94.2831 3421.95 81.7525 669.926 26.9258 2752.02 823.738 610.248 135.802 213.49 474.446 54.8267 129.306 73.0903 38.4839 293.323 1928.28 34.6063 84.1839 29.9723 103.807 37.2553 66.5512 1824.47 1788.85 695.764
internal_count=18724 6006 2404 2003 519 12718 437 3472 158 9246 3282 2196 315 1086 1881 279 680 439 245 3602 5964 194 406 141 345 164 181 5619 5559 1447
is_linear=0
shrinkage=0.03


Tree=136
num_leaves=31
num_cat=1
split_feature=14 3 18 0 13 7 8 2 1 8 8 7 10 8 18 2 16 7 9 10 8 17 18 16 2 3 16 13 18 8
split_gain=9.89247 6.90834 3.8612 5.07125 3.35079 3.28244 2.89645 3.32483 2.94747 2.71212 9.14842 4.79989 3.33565 3.53519 2.80314 3.68874 2.84247 2.57833 5.14174 3.89004 3.04001 2.42267 3.78866 2.68967 2.64863 2.40594 3.17404 2.7775 4.14258 3.59663
threshold=0 0.074011235955056195 1215.0000000000002 0.042883333333333336 5.6500000000000012 0.54000000000000048 10.020000000000005 0.069988333333333361 0.052000000000000025 1.2000000000000017 1.0000000180025095e-35 5.3450000000000015 0.13482409511283949 0.62000000000000155 1042.5000000000002 0.011020066889632108 2.0547500000000007 2.2800000000000016 2.5100000000000011 0.11648214487048185 7.0450000000000008 1045.0000000000002 1183.7500000000002 0.83700000000000008 0.32504633360193402 0.054006296019953916 2.3470000000000004 5.1500000000000012 1077.5000000000002 9.0900000000000016
decision_type=1 10 2 10 2 8 8 10 10 8 10 8 10 10 2 8 10 8 8 10 8 2 2 10 10 10 10 2 2 8
left_child=-1 2 3 4 9 -4 7 -7 -8 10 -2 14 13 -12 15 16 -11 -6 19 -19 -20 22 -3 24 -23 26 27 29 -29 -13
right_child=1 21 5 -5 17 6 8 -9 -10 11 12 25 -14 -15 -16 -17 -18 18 20 -21 -22 23 -24 -25 -26 -27 -28 28 -30 -31
leaf_value=-0.0092230398640299489 -0.0089445806643723078 -0.0087371392692510673 -0.0118714199153786 -0.0045132611540951335 -0.0047711548101195961 -0.00076663971044596329 -0.005624201958824444 0.014647810816274358 0.003349745995342655 0.020999999999999998 -0.0048454206975294418 0.010259646722351494 0.020999999999999998 0.02048858770455372 -0.0047232027497022622 -0.0064084116186710477 0.00056417996151468617 0.020857766905507093 -0.007938960628313221 0.0044472346011888196 0.0028195305204396994 -0.0047818517673081104 0.0027953157315535257 0.0017961172347351025 0.0062562135480805385 0.0080889330425248096 -0.01175736548966057 0.0054172065653253342 -0.0072290343919272967 0.00087042301289279951
leaf_weight=95.555301461368799 25.197470597922802 53.567777723073959 39.65448784083128 234.0071534216404 38.513176888227463 110.39621396362782 255.57087501138449 14.215425305068491 37.813803009688854 8.5505890250206047 11.937758438289167 44.122547201812267 18.720032289624214 8.4778939113020879 315.49907343834639 14.135695062577723 7.7610933631658545 24.332039535045624 25.867277666926384 27.914487287402153 274.31141958385706 103.79896993935108 49.172336585819721 1859.9857432320714 24.109174594283104 37.848315067589283 19.107101708650589 33.965442255139351 74.329811416566372 218.79781245440245
leaf_count=1776 212 204 390 1061 165 693 1724 73 198 62 87 231 64 56 2682 91 62 84 65 79 799 415 212 5260 71 178 100 131 326 1304
internal_value=-0.000157721 8.09973e-05 -0.00121752 -0.000465377 0.000305114 -0.00362259 -0.00284004 0.000991807 -0.00446757 -0.000764348 0.00515431 -0.00125622 0.0142319 0.00567489 -0.00388429 0.00480857 0.0145292 0.0025988 0.0034042 0.0120899 0.00189244 0.00127457 -0.0032176 0.00150674 -0.00270131 0.000867169 0.000166898 0.000780661 -0.0032627 0.0024461
internal_weight=4107.24 4011.68 1921.05 1463.4 1229.39 457.651 417.996 124.612 293.385 838.451 64.3332 774.117 39.1357 20.4157 345.946 30.4474 16.3117 390.938 352.425 52.2465 300.179 2090.63 102.74 1987.89 127.908 428.171 390.323 371.216 108.295 262.92
internal_count=18855 17079 10917 7839 6778 3078 2688 766 1922 5586 419 5167 207 143 2897 215 124 1192 1027 163 864 6162 416 5746 486 2270 2092 1992 457 1535
cat_boundaries=0 1
cat_threshold=4
is_linear=0
shrinkage=0.03


Tree=137
num_leaves=31
num_cat=0
split_feature=7 10 8 7 17 0 7 18 10 11 11 7 0 10 6 16 0 16 0 15 7 6 10 2 16 18 16 7 15 0
split_gain=10.4245 7.4718 4.1479 3.50726 3.59287 3.58901 2.9504 4.51942 3.89471 3.33815 3.29546 2.90665 2.85752 3.06075 3.60452 2.84918 2.74095 3.19293 3.05112 4.79979 2.72057 2.62641 5.11366 4.4937 3.8278 2.63867 3.27583 3.13577 2.53492 5.79566
threshold=3.1700000000000013 0.062839965995246758 10.380000000000004 15.170000000000002 1066.2500000000002 0.17000166666666675 2.6100000000000008 1066.2500000000002 0.50392864819412975 1.718925561797753 1.9134182908545729 0.34500000000000008 0.14645500000000006 0.38382586504438126 12.66666666666667 1.0555000000000003 0.12349166666666669 1.821 0.10333333333333337 1.8352900000000001 2.370000000000001 1.633333333333334 0.49020786863828009 0.014999999999999999 1.7630000000000001 1320.0000000000002 1.2267500000000002 3.3000000000000007 1.2710000000000001 0.019035000000000003
decision_type=8 10 10 8 2 10 10 2 10 10 10 10 10 10 10 10 10 10 10 10 10 10 10 8 10 2 10 10 10 10
left_child=1 2 11 5 -5 12 7 -3 -8 20 -11 -1 16 14 -14 -7 18 -18 21 -20 -9 22 23 24 -2 27 -27 -23 29 -29
right_child=3 6 -4 4 -6 15 8 9 -10 10 -12 -13 13 -15 -16 -17 17 -19 19 -21 -22 25 -24 -25 -26 26 -28 28 -30 -31
leaf_value=-0.0078285667588156027 0.0027822498448657721 0.011616740188946784 -0.010088693237688717 -0.0034761266122565735 0.0020533735725186673 0.004293866983862628 -0.009571549009824416 -0.0053763483923118483 0.010351836234084564 0.016472202929705471 0.0013707632400201239 0.00080183272231601922 -0.0089665699783038153 0.01667723084733394 0.011938126706509799 -0.008876553328628585 -0.011166459926699962 0.0042747605371927554 0.0017611135274746784 0.020044666046529006 0.0095632083288543623 0.014393991307958015 0.020999999999999998 -0.0073965907679129066 0.020999999999999998 -0.0079387352703936438 0.0041482493718109021 -0.0017533709119130134 -0.0015137042761011563 0.004268735439008302
leaf_weight=63.658294785767794 35.633869171142578 32.812483116984367 162.20040578767657 112.94555201381445 1661.8554592654109 18.758376784622669 50.694608345627785 103.97837382555008 10.693325415253637 15.301359288394449 86.671506136655807 78.346983894705772 15.174534164369108 19.002501666545868 14.532887414097784 69.755787268280983 40.202629178762436 17.212314888834953 52.225048944354057 17.17120173573494 12.264537438750265 13.314419798552988 10.590552181005476 27.996385373175144 12.065354645252226 81.910393342375755 26.777545362710953 292.14432562887669 659.00296346098185 283.30984788388014
leaf_count=756 251 162 2534 410 4452 79 310 677 38 95 506 631 72 49 53 243 164 64 216 68 77 87 33 147 70 533 154 1494 3046 1369
internal_value=0.000130976 -0.0034643 -0.00681093 0.000767733 0.00170148 -0.000203231 -0.000205619 0.00123608 -0.00610104 -0.000324827 0.00363678 -0.00306701 0.000118506 0.00727451 0.00126002 -0.00608541 -0.000103574 -0.00653737 0.000140712 0.00628514 -0.00380011 -0.000154836 0.00492022 0.00214438 0.00774432 -0.000477667 -0.00496085 -8.71558e-05 -0.000243344 0.00121146
internal_weight=4098.2 616.622 304.206 3481.58 1774.8 1706.78 312.416 251.028 61.3879 218.216 101.973 142.005 1618.27 48.7099 29.7074 88.5142 1569.56 57.4149 1512.14 69.3963 116.243 1442.75 86.2862 75.6956 47.6992 1356.46 108.688 1247.77 1234.46 575.454
internal_count=18840 5786 3921 13054 4862 8192 1865 1517 348 1355 601 1387 7870 174 125 322 7696 228 7468 284 754 7184 501 468 321 6683 687 5996 5909 2863
is_linear=0
shrinkage=0.03


Tree=138
num_leaves=31
num_cat=0
split_feature=7 8 10 3 10 8 10 1 7 18 8 3 9 8 13 11 0 11 10 3 16 5 9 13 18 1 10 13 16 9
split_gain=11.0486 4.73494 3.78081 3.26982 3.06924 3.7403 6.48017 3.55256 3.25959 3.04351 3.02796 5.51666 4.49575 3.64702 3.52126 3.02837 3.76303 5.48241 3.61325 3.50442 3.4509 5.05109 3.39722 3.33386 3.19038 3.1421 2.91794 3.39852 2.82543 2.66501
threshold=3.4550000000000005 10.620000000000003 0.20201746529023493 0.79534962406015042 0.22836540619793025 13.126666666666669 0.21668729512860016 0.11802800000000004 5.1900000000000004 1267.5000000000002 16.690000000000005 0.24031120899264405 3.3291666666666671 16.445000000000004 11.550000000000002 3.2383658008658016 0.024353333333333341 2.2176700111482726 0.04753503347169518 0.095650300054555396 1.3654600000000003 0.22500000000000003 6.1700000000000017 5.4500000000000011 1068.7500000000002 0.13812900000000006 0.79623280211801273 9.8500000000000032 1.5622500000000004 5.910000000000001
decision_type=8 10 10 8 10 10 10 10 8 2 8 10 8 10 2 8 8 10 10 10 10 10 8 2 2 10 10 2 10 10
left_child=1 3 10 9 5 6 -4 -7 -6 -1 11 13 -12 29 15 16 17 18 -14 -18 21 25 -17 -19 -22 -21 27 -10 -29 -2
right_child=2 -3 4 -5 8 7 -8 -9 26 -11 12 -13 14 -15 -16 22 19 23 -20 20 24 -23 -24 -25 -26 -27 -28 28 -30 -31
leaf_value=0.00039541195390983342 0.00072638953960668391 -0.0067240132016122235 0.0033593504242331075 -0.010005191312644145 0.0068383423054330719 -0.0047290160716852167 0.020999999999999998 0.006492040305873888 0.00082371672626289851 -0.0080408985067750363 -0.0087810408133580341 -0.010682709804483411 0.020999999999999998 0.015711031567223886 0.0090715730162945919 -0.0083506813945605895 -0.0046296989453092742 -0.0054104093425808263 0.0055531594268538736 -0.0058763824095190396 0.0099131387545929421 0.020999999999999998 -0.0013649615169479558 0.01107653666115032 -0.0047131020612591387 0.011698005031295344 -0.0054941602583557245 0.0016489256273718275 0.011181014927991418 0.009040592733065551
leaf_weight=319.75474114343524 766.13154905289412 253.25605598464608 36.150696717202663 36.792001284658909 89.713325671851635 41.303852573037148 24.05113124102354 65.91988816857338 1440.7227645367384 43.753077022731304 73.571266897022724 35.588459953665733 14.86314535140991 15.681872092187403 30.038634270429611 96.22907754778862 140.24343695491552 34.783892825245857 17.60329345613718 19.953051283955574 16.928181484341621 15.06844851374626 179.5664125084877 16.169956550002098 64.804632820188999 16.920114934444427 60.616379946470261 58.01836559176445 54.067373216152191 36.343657955527306
leaf_count=1996 3993 3319 125 334 311 142 77 150 3871 411 575 141 89 83 58 433 791 207 112 101 48 54 640 56 246 63 191 98 76 99
internal_value=6.37662e-05 -0.00351368 0.000739301 -0.00148261 0.0016536 0.00552943 0.0115136 0.00216956 0.00127259 -0.000620012 -0.000336001 0.000879976 -0.00174509 0.00138293 -0.000964528 -0.00144068 0.000382086 0.00596068 0.0155955 -0.00131685 0.00215881 0.0082053 -0.00380238 -0.000178357 -0.00168377 0.00218804 0.000963111 0.00121518 0.00624697 0.00110294
internal_weight=4114.61 653.556 3461.05 400.3 1870.56 167.426 60.2018 107.224 1703.14 363.508 1590.49 853.746 736.744 818.157 663.172 633.134 357.338 83.4203 32.4664 273.918 133.674 51.9416 275.795 50.9538 81.7328 36.8732 1613.42 1552.81 112.086 802.475
internal_count=18890 6060 12830 2741 5041 494 202 292 4547 2407 7789 4316 3473 4175 2898 2840 1767 464 201 1303 512 218 1073 263 294 164 4236 4045 174 4092
is_linear=0
shrinkage=0.03


Tree=139
num_leaves=31
num_cat=1
split_feature=14 10 13 16 15 9 10 9 10 0 10 2 8 2 2 2 6 6 6 17 1 15 16 15 11 8 9 1 16 13
split_gain=11.1797 5.88321 3.76569 2.96992 2.94703 3.66924 3.49503 3.99528 3.18402 2.90251 3.07512 2.96583 2.87628 4.12057 4.2356 3.2271 3.13408 3.30548 3.08644 2.73491 2.47061 3.03832 2.57369 2.42683 3.51453 3.9147 2.95332 2.35164 2.15997 2.1341
threshold=0 0.20201746529023493 4.3500000000000005 0.61015000000000008 1.4149000000000003 2.6225000000000009 0.062165810068623782 2.9450000000000007 0.070748462967080331 0.033333333333333375 0.15072977705135501 0.037406077694235595 9.7000000000000046 0.070018726591760366 0.19007352941176478 0.052124598510792867 1.2333333333333341 8.2500000000000018 40.483333333333341 1157.5000000000002 0.0079380000000000023 1.0000000180025095e-35 1.6645000000000003 1.321 1.6547063555913115 15.355 4.8450000000000015 0.065982000000000027 1.5465500000000001 5.7500000000000009
decision_type=1 8 2 8 10 10 10 10 10 8 8 10 8 10 10 8 10 10 10 2 10 10 10 10 10 10 10 10 10 2
left_child=-1 2 9 -3 12 -6 -7 28 -9 10 11 -2 13 15 27 16 19 -18 23 20 21 -4 -23 -14 -25 -26 -27 -15 -8 -10
right_child=1 3 4 -5 5 6 7 8 29 -11 -12 -13 18 14 -16 -17 17 -19 -20 -21 -22 22 -24 24 25 26 -28 -29 -30 -31
leaf_value=-0.0098035378206793693 -0.0054257064806135921 -0.008996481474536409 0.013309610033157556 0.0013218551519469054 -0.0055034310181531114 -0.0084881187463971448 0.016693798222216533 0.012676060390704156 -0.00010911690585904716 -0.011687291356509935 0.017005622758542709 0.011412023885989633 -0.0016970546534619462 0.0094263324194498559 -0.0036420747521238896 -0.0081117764438678845 -0.003658802239545865 0.0046452291194033143 0.0081136403378150555 0.020999999999999998 0.016964021261497122 -0.010216435906133485 0.0083549271115364362 -0.0078001192378967226 0.018507597077316338 -0.0057970043669434927 0.012033576673487055 0.020999999999999998 0.0017797293849599451 -0.0057929100763198784
leaf_weight=95.805525593459606 114.02204398438334 25.419085845351219 13.826272264122961 2034.5987491905689 213.96344391256571 46.805959112942219 18.99253635853529 15.231950245797632 275.89112874120474 46.725074484944344 6.5824154689908019 10.262420319020746 674.9742055721581 30.833881847560406 15.99220400303602 30.947056632488966 96.096037678420544 78.289749912917614 33.896538183093071 10.668244540691374 12.240447558462618 19.226154699921612 10.321477018296717 16.907505132257938 19.757428906857967 19.779013842344284 14.481379464268683 14.339267604053019 16.189682081341743 75.785458326339722
leaf_count=1822 1130 126 88 5778 1536 343 119 98 1264 312 41 76 3669 143 62 199 580 294 75 72 77 153 68 115 113 140 49 53 89 252
internal_value=-0.00017812 7.59121e-05 -0.0011036 0.00119453 -0.000686973 -0.00227046 -0.000729489 0.000173665 -0.000752344 -0.00526874 -0.00297705 -0.00403538 0.00025645 0.00259143 0.00962613 0.00100728 0.00217988 6.9257e-05 -0.000740011 0.00773282 0.00506132 0.00170228 -0.00372915 -0.00114236 0.00413654 0.0078727 0.00173973 0.0143233 0.00983084 -0.00133396
internal_weight=4108.85 4013.05 1953.03 2060.02 1775.44 662.86 448.897 402.091 366.909 177.592 130.867 124.284 1112.58 332.781 61.1654 271.615 240.668 174.386 779.796 66.2826 55.6144 43.3739 29.5476 745.9 70.9253 54.0178 34.2604 45.1731 35.1822 351.677
internal_count=18936 17114 11210 5904 9651 3701 2165 1822 1614 1559 1247 1206 5950 1789 258 1531 1332 874 4161 458 386 309 221 4086 417 302 189 196 208 1516
cat_boundaries=0 1
cat_threshold=4
is_linear=0
shrinkage=0.03


Tree=140
num_leaves=31
num_cat=0
split_feature=13 6 10 18 15 15 16 15 0 1 1 18 13 12 15 10 15 15 15 9 3 2 9 10 3 13 15 13 10 3
split_gain=7.52197 5.46803 3.07245 3.70636 3.42572 3.70435 3.04696 2.90484 3.55936 2.87943 3.77385 5.72767 2.72113 2.49659 3.81217 3.45608 3.92199 2.77093 2.75932 3.76259 5.43139 3.69898 3.59187 2.85361 3.60874 3.35961 3.1919 2.84957 2.76465 2.74828
threshold=5.2500000000000009 1.0000000180025095e-35 0.12523499408379171 1071.2500000000002 0.58100000000000007 1.9987500000000002 1.8968100000000001 1.7900000000000003 0.14675500000000005 0.12800300000000006 0.090000000000000052 1127.5000000000002 4.1500000000000012 1.0000000180025095e-35 2.3132300000000003 0.32679798266961352 2.5070000000000006 2.5640000000000005 2.1041400000000006 3.0900000000000012 0.29530146193047158 0.19007352941176478 3.3450000000000011 0.24552655261128167 0.12052378993555464 5.9500000000000011 1.20645 5.4500000000000011 0.39847259646581579 0.38888001188188903
decision_type=2 8 10 2 10 10 10 10 10 10 10 2 2 2 8 10 10 10 10 10 10 8 10 8 8 2 10 2 10 10
left_child=1 -1 3 -3 -4 7 9 -6 -9 10 11 -7 -5 15 18 17 29 -2 19 20 23 28 -21 24 25 27 -25 -15 -20 -17
right_child=13 2 4 12 5 6 -8 8 -10 -11 -12 -13 -14 14 -16 16 -18 -19 21 22 -22 -23 -24 26 -26 -27 -28 -29 -30 -31
leaf_value=-0.0078818976608193789 -0.0010952305821337917 0.0017364190094176931 0.014365561000507969 -0.0093064973469847555 -4.5725903484315872e-05 -0.0068895008369538064 -0.0042053358029159977 -0.010095200011609589 0.0052858867860794342 0.00027019587185918948 0.020999999999999998 0.017285779475441028 -0.0026096586249966065 0.0085727688885330888 -0.0028940879709090451 0.0020250269729259959 0.01204971830459752 -0.012089219480380185 0.0060914930449528452 -0.009010381500926163 0.020255069921848307 0.00079103425253573736 0.0014839867523393272 0.0086912952684706415 0.020999999999999998 0.012884013221835796 -0.0040520774499846002 -0.0042852714068654131 0.019137065080700112 -0.0059377607710893359
leaf_weight=115.45597055926919 602.07232133299112 173.13958103209734 15.377717681229113 59.022778421640396 527.20764445513487 14.984905943274496 22.446220278739929 56.22236742079258 17.836399212479591 25.712441056966782 12.549822896718977 21.439664945006371 729.98637874424458 26.842402841895819 129.96240654960275 375.82908293604851 32.285265326499939 21.364936485886574 31.444964356720448 30.57492258399725 20.482109472155571 45.893215276300907 734.36292988806963 25.435741692781448 12.984191507101057 33.475426934659481 58.088705882430077 36.749851915985346 27.325114279985428 43.527764588594437
leaf_count=1795 2112 1141 83 559 2331 70 79 269 57 74 46 114 5514 165 367 932 66 74 118 102 51 86 1860 81 45 114 170 203 54 90
internal_value=-0.000111096 -0.00156707 -0.00113203 -0.00223839 0.000359303 5.09059e-05 0.00548685 -0.000827257 -0.0063908 0.00839972 0.0126679 0.00734018 -0.00311062 0.0010285 0.00196107 -2.42387e-05 0.00197421 -0.00147199 0.00254334 0.00204837 0.00556414 0.00717322 0.00106452 0.00400971 0.00718294 0.00519152 -0.000171332 0.00114213 0.012157 0.00119852
internal_weight=4080.08 1791.38 1675.93 962.149 713.777 698.399 97.1331 601.266 74.0588 74.6868 48.9744 36.4246 789.009 2288.7 1213.62 1075.08 451.642 623.437 1083.66 978.996 214.058 104.663 764.938 193.576 110.052 97.0677 83.5244 63.5923 58.7701 419.357
internal_count=18822 12132 10337 7214 3123 3040 383 2657 326 304 230 184 6073 6690 3416 3274 1088 2186 3049 2791 829 258 1962 778 527 482 251 368 172 1022
is_linear=0
shrinkage=0.03


Tree=141
num_leaves=31
num_cat=1
split_feature=14 9 9 8 18 3 3 8 10 12 8 6 15 15 11 0 18 18 0 3 3 15 11 15 8 8 18 15 11 9
split_gain=10.8731 5.45868 4.13794 3.94424 3.6875 3.41327 3.13015 2.84678 4.21647 2.7013 4.20328 3.53295 5.25137 3.18093 4.01518 3.63823 4.66344 3.12229 2.41284 3.94309 4.68071 2.77013 2.37069 2.2512 2.42512 2.61683 2.22553 2.34279 2.23936 2.50177
threshold=0 4.8100000000000014 5.0100000000000016 10.020000000000005 1106.2500000000002 0.38888001188188903 0.5804706416464892 14.640000000000001 0.27336615543934389 1.0000000180025095e-35 8.3100000000000023 0.26666666666666705 1.6580000000000001 1.4590000000000003 2.1202409638554225 0.013333333333333329 1155.0000000000002 1106.2500000000002 0.053333333333333316 0.054006296019953916 0.05999173838209982 1.1063333333333336 1.4449494949494952 1.3290000000000004 13.445000000000002 11.580000000000004 1327.5000000000002 1.2633900000000002 4.3195744680851069 6.8225000000000007
decision_type=1 8 8 10 2 8 10 10 8 2 10 10 8 10 10 10 2 2 10 10 10 10 10 10 10 10 2 8 8 8
left_child=-1 3 4 5 -3 9 18 -6 -9 10 11 12 -2 15 -15 17 -17 -12 19 -5 -21 -22 -20 -23 25 -25 28 -28 -4 -30
right_child=1 2 26 6 7 -7 -8 8 -10 -11 13 -13 -14 14 -16 16 -18 -19 22 20 21 23 -24 24 -26 -27 27 -29 29 -31
leaf_value=-0.0096979329797226253 -1.9369766229367112e-06 -0.0015507532329858606 0.00058627904303046297 -0.0021836281577065028 0.018589469617969534 -0.0056597671335656139 0.011791290324680303 0.013910928010914814 -0.0056990103888292735 0.002516422476752041 -0.012073683778374766 -0.0032938940958908481 0.020999999999999998 0.0057724857986193971 -0.014897559141766803 0.020999999999999998 0.0030123620592038334 0.0092010981896393246 -0.008533996569174751 0.016957132621225477 0.0104107650744906 -0.0094552889204801028 -0.0028772230221345168 -0.00012091474393631506 -0.0029484307530474266 0.017634880292592508 0.0056327616136236614 -0.0058061677959428291 0.0073224127875152123 0.0019198545031926524
leaf_weight=93.656606767326593 36.252262491732836 29.220474109053612 1092.7523162141442 566.30793584138155 27.77194732427597 74.693173203617334 14.612844422459601 24.992634981870651 16.306920349597931 503.04405922815204 10.623698584735395 315.41758520901203 10.762573368847368 21.77063500136137 13.831536434590815 19.173183888196945 16.750492632389069 14.93859166651964 80.143786400556564 19.777306362986565 23.707614831626415 22.049621783196926 396.82750675082207 16.24184720218182 45.191580928862095 13.832347251474856 20.457546882331371 75.895973958075047 98.55998107790947 354.98918724060059
leaf_count=1809 252 96 2999 4279 69 392 38 112 50 2331 58 1536 66 120 59 77 90 98 420 105 114 105 1673 64 222 63 80 283 222 846
internal_value=-0.00010596 0.000143956 0.00140391 -0.000836423 0.007383 0.000518088 -0.00200851 0.0111624 0.00616804 0.000997478 -0.000665334 -0.00215036 0.00552153 0.00487829 -0.00225788 0.00901034 0.0151662 0.00035929 -0.00217882 -0.00106658 0.00342626 0.00121508 -0.00382771 -0.00102514 0.00144453 0.0080457 0.00104614 -0.00337748 0.00132179 0.00309388
internal_weight=4070.55 3976.9 1740.95 2235.95 98.292 1037.26 1198.69 69.0715 41.2996 962.565 459.521 362.432 47.0148 97.0881 35.6022 61.486 35.9237 25.5623 1184.08 707.108 140.8 121.023 476.971 97.3154 75.2658 30.0742 1642.66 96.3535 1546.3 453.549
internal_count=18728 16919 4757 12162 327 5079 7083 231 162 4687 2356 1854 318 502 179 323 167 156 7045 4952 673 568 2093 454 349 127 4430 363 4067 1068
cat_boundaries=0 1
cat_threshold=4
is_linear=0
shrinkage=0.03


Tree=142
num_leaves=31
num_cat=1
split_feature=14 13 6 8 15 3 2 6 8 16 15 16 1 2 1 13 12 13 16 18 8 11 1 13 9 17 6 11 15 11
split_gain=10.0591 5.08989 4.85888 4.69281 2.57103 2.35149 2.31277 2.65882 3.26248 3.38888 4.04068 4.00607 2.94668 3.58528 2.91083 2.64981 2.43767 2.27889 2.2469 4.15864 3.59869 3.77712 4.27199 2.84554 2.73681 2.68189 3.57621 2.89452 5.43834 3.74811
threshold=0 4.7500000000000009 27.216666666666672 18.620000000000008 2.5320000000000005 0.66443398392652131 0.17268490144894641 14.716666666666667 11.220000000000004 1.8263333333333336 0.5238600000000001 1.9200000000000002 0.018000000000000019 0.043333333333333356 0.013813000000000004 4.4500000000000011 1.0000000180025095e-35 4.1500000000000012 1.1650000000000003 1191.2500000000002 7.5600000000000023 1.2012658227848103 0.011999999999999999 9.6500000000000004 6.410000000000001 1105.0000000000002 29.483333333333338 2.6255841121495331 1.6924500000000005 2.3796551724137935
decision_type=1 2 10 10 10 10 8 10 10 10 10 10 10 10 10 2 2 2 8 2 10 10 10 2 10 2 10 10 10 10
left_child=-1 2 4 -4 5 6 7 8 9 10 15 -11 -12 -14 -13 -2 -17 -10 19 23 21 22 -21 25 -22 26 -3 28 29 -27
right_child=1 18 3 -5 -6 -7 -8 -9 17 11 12 14 13 -15 -16 16 -18 -19 -20 20 24 -23 -24 -25 -26 27 -28 -29 -30 -31
leaf_value=-0.0091407005370184227 -0.0019278652469199176 -0.0028421685748858572 0.017701912920930929 -0.001711260579303575 0.010319942477119063 0.013100101104981606 -0.0070647221155366964 0.0025887547940493683 -0.01171346325076218 0.020977950696648331 -0.0073315086901928617 -0.0043038011442446868 0.010038780211038796 -0.005118055757244327 0.010360689804238229 0.003176527000072532 0.020999999999999998 -0.0038862497361469273 0.0014045980552091423 0.00019224127127630026 -0.0055219639330386658 -0.00072585883969745058 0.020999999999999998 -0.0058714875802246373 -0.00011214839420180649 0.0080564794292237608 0.011843388962531084 0.0014499245866743302 -0.0043500598442011013 0.020999999999999998
leaf_weight=94.045561671257019 13.87850819155574 131.89120613783598 22.086247146129608 22.75088769197464 14.275799449533222 8.5721449032425863 95.750748101621866 94.35950867831707 37.687307178974152 12.543375745415686 99.127015870064497 28.318562582135201 24.061270296573639 33.74404464662075 21.379154346883297 8.2991747409105301 8.2951505035161972 299.69187898188829 2162.2905283719301 11.928587257862093 246.38435776531696 61.389952048659325 11.338756315410135 43.208166897296906 127.82871115207672 84.952370695769787 16.828124284744263 203.70107433199883 28.442761033773422 14.145195402204989
leaf_count=1832 121 559 60 68 92 37 673 473 376 80 843 210 156 220 119 66 63 2529 6943 80 1223 292 50 84 379 364 42 638 118 56
internal_value=6.8658e-05 0.000307914 -0.00175868 0.00785144 -0.0022973 -0.00252655 -0.00269892 -0.00208542 -0.00283675 -0.000236815 -0.00225116 0.0058283 -0.00419231 0.00119093 0.00200463 0.00774556 0.0158358 -0.0047606 0.000864146 -0.00032584 -0.00241037 0.00317531 0.0134684 0.0015025 -0.00367401 0.00216634 -0.00118045 0.00366896 0.00721309 0.0105319
internal_weight=4083.2 3989.15 844.821 44.8371 799.984 785.708 777.136 681.385 587.025 249.646 187.405 62.2411 156.932 57.8053 49.6977 30.4728 16.5943 337.379 3144.33 982.039 458.87 84.6573 23.2673 523.169 374.213 479.961 148.719 331.241 127.54 99.0976
internal_count=18846 17014 6186 128 6058 5966 5929 5256 4783 1878 1469 409 1219 376 329 250 129 2905 10828 3885 2024 422 130 1861 1602 1777 601 1176 538 420
cat_boundaries=0 1
cat_threshold=4
is_linear=0
shrinkage=0.03


Tree=143
num_leaves=31
num_cat=1
split_feature=14 18 10 16 18 15 4 8 7 16 2 10 10 0 4 0 7 8 8 16 4 11 16 8 7 16 11 15 8 15
split_gain=10.8476 6.13995 5.1106 4.04178 3.57539 3.71857 2.95631 2.87752 2.83686 2.69695 4.04238 2.59591 2.64876 2.55352 2.47261 2.46507 2.74632 2.3395 2.29908 3.75309 2.8794 2.87385 4.83934 4.1589 4.70282 3.42566 3.4444 3.4186 4.05173 3.02798
threshold=0 1337.5000000000002 0.08248101252920749 1.2150000000000001 1183.7500000000002 1.4590000000000003 0.41666666666666669 23.460000000000004 41.690000000000005 2.5180000000000002 0.11775422290128172 0.2914288636016889 0.2508217050529799 0.040000000000000001 0.58333333333333337 0.03286833333333334 7.5675000000000017 1.8200000000000001 25.420000000000005 1.9570000000000001 1.0000000180025095e-35 2.9953271028037389 1.7510000000000001 21.820000000000007 21.636666666666674 1.8695900000000003 3.9446992864424062 1.7260000000000002 23.460000000000004 1.8250000000000004
decision_type=1 2 8 10 2 10 10 10 10 10 10 8 10 10 10 10 10 8 10 10 10 8 10 10 8 10 8 8 8 8
left_child=-1 2 4 11 5 8 9 15 14 18 13 12 -3 -11 -2 -7 -17 -6 21 20 -20 -4 27 24 25 -24 -27 28 -23 -29
right_child=1 3 6 -5 17 7 -8 -9 -10 10 -12 -13 -14 -15 -16 16 -18 -19 19 -21 -22 22 23 -25 -26 26 -28 29 -30 -31
leaf_value=-0.0095805246113316329 0.0011736401744846354 -0.0050849564882803899 0.00026203323760726617 0.010550813105016901 -0.01489755906665253 -0.0099215557951264823 0.0040188060845280562 0.008056657070783322 0.014869664112774015 0.0053618854005208988 0.012807555341679714 -0.011297394259747425 0.0096602699117596755 -0.0085195095559511026 -0.0086614555890477361 0.012081188833832779 -0.0049625491692255183 -0.0031952837337284982 0.0028088663629171288 -0.0073815946056834973 -0.0031306937358627778 0.0020093723471907763 0.015510927650469703 0.01524206213039727 -0.0015966292056405409 0.0080485206922751174 -0.0054975785444418973 -0.011397925226135686 0.014051126568049329 -0.0004987658378814891
leaf_weight=91.367706295102835 528.27420270442963 107.00524974241853 1258.6090406402946 14.146287761628626 16.170299254357815 66.318283453583717 315.59974311292171 14.376443751156328 13.101658612489699 32.577398508787155 42.230469644069672 58.330661293119192 12.216063559055327 18.81452951580286 24.053481109440327 11.119863845407961 36.235494785010815 312.75968866422772 160.95851802825928 75.83856975287199 135.12519711256027 248.41882190853357 37.489534087479115 37.823965847492218 74.430886276066303 69.292882353067398 22.340472102165222 25.716974601149559 27.980544924736023 212.51780871301889
leaf_count=1799 3065 756 5265 80 156 586 685 102 24 132 88 256 52 59 77 84 185 2235 503 203 352 683 98 82 143 190 56 71 80 677
internal_value=0.000112533 0.000356399 0.000620327 -0.00488182 -0.00119463 2.71806e-05 0.00128406 -0.00458909 0.00107261 0.000936061 0.00593079 -0.0061114 -0.00357408 0.000279922 0.000745329 -0.00618842 -0.000960382 -0.00377057 0.000740121 -0.001427 9.81998e-05 0.0011402 0.00260217 0.00610686 0.00440938 0.00787145 0.00474594 0.000958365 0.00322839 -0.00167531
internal_weight=4101.24 4009.87 3818.17 191.698 1022.41 693.479 2795.77 128.05 565.429 2480.17 93.6224 177.552 119.221 51.3919 552.328 113.674 47.3554 328.93 2386.54 371.922 296.084 2014.62 756.012 241.378 203.554 129.123 91.6334 514.634 276.399 238.235
internal_count=18824 17025 15881 1144 6514 4123 9367 957 3166 8682 279 1064 808 191 3142 855 269 2391 8403 1058 855 7345 2080 569 487 344 246 1511 763 748
cat_boundaries=0 1
cat_threshold=4
is_linear=0
shrinkage=0.03


Tree=144
num_leaves=31
num_cat=2
split_feature=14 14 3 10 1 15 7 7 18 3 13 10 15 9 18 15 5 18 1 15 3 13 8 10 17 10 0 17 0 0
split_gain=10.9629 5.20326 4.02244 4.0038 3.5463 2.89753 2.82616 2.79899 2.71564 5.26779 2.70953 5.37337 6.50945 3.45899 2.63956 2.63673 3.49627 2.46552 3.07958 2.33973 3.69356 2.26172 3.15405 3.18173 3.02492 2.83747 2.46277 2.15341 3.72986 3.40579
threshold=0 1 0.17333700108777511 0.36843680539795853 0.022000000000000023 1.7760000000000002 3.4550000000000005 1.410000000000001 1071.2500000000002 0.12223611111111111 4.3500000000000005 0.15268282073777645 1.4450000000000005 0.22000000000000011 1253.7500000000002 1.4790000000000003 0.45000000000000007 1196.2500000000002 0.0060000000000000001 1.2990000000000002 0.015580689075630256 4.5500000000000007 7.1800000000000024 0.062839965995246758 1077.5000000000002 0.090608074032676331 0.053333333333333371 1232.5000000000002 0.043460000000000026 0.3042483333333334
decision_type=1 1 10 8 8 10 10 10 2 10 2 8 10 8 2 10 10 2 10 8 10 2 10 10 2 10 10 2 10 10
left_child=-1 3 8 6 17 -4 7 14 9 21 11 -10 -13 -12 19 16 -15 18 -5 20 -2 22 -3 24 -24 -25 -23 -8 -29 -30
right_child=1 2 5 4 -6 -7 27 -9 10 -11 13 12 -14 15 -16 -17 -18 -19 -20 -21 -22 26 23 25 -26 -27 -28 28 29 -31
leaf_value=-0.0096137062241379995 0.0015527064542196782 -0.0076653224585489189 0.0061460801891145755 0.0045165634454419432 0.0024660587014255649 -0.00093403186012163959 0.00030094851285780857 -0.0076086387974215186 -0.0084329328746189057 0.016372563178202352 -0.012543702254648011 -0.0061505028404355835 0.020999999999999998 0.00048084310798225991 -0.011103065887735361 -0.003146798536190033 -0.013176778227488643 0.00049998693501662945 0.020603760923578955 -0.0022905751524105551 0.020999999999999998 -0.00024308676156905448 0.013405495334449917 0.020999999999999998 -0.0038516876509181335 0.0054941839214499959 -0.0099081230064609321 0.0077445540401057233 -0.00091113094016640741 0.0108401083464865
leaf_weight=92.004274662584066 25.531502529978752 16.59237752109766 112.62310490012169 18.543202228844166 646.17870038747787 96.680443197488785 1247.4909020066261 74.085045874118805 125.29726724326611 19.187644779682159 25.49008022621274 13.718900829553606 9.1837236359715444 520.86035341024399 15.812388487160204 413.59025009348989 17.433944746851921 17.53526172041893 25.35117007791996 45.213034272193909 11.325715459883211 112.59361378103495 13.779431410133837 10.201015219092371 27.159468822181225 13.24065327644348 30.063517317175865 103.34724397957325 165.16010873019695 25.643349349498749
leaf_count=1825 148 135 346 65 1535 268 4567 430 1208 55 210 91 58 3192 121 2210 62 77 76 206 56 493 124 66 230 72 99 317 417 45
internal_value=9.9076e-05 0.000345717 -0.000991258 0.0012174 0.00312088 0.00287567 0.000438492 -0.00320932 -0.00158997 0.00128742 -0.0022107 -0.00599067 0.00737063 -0.00163755 0.000120426 -0.0013455 3.85085e-05 0.010009 0.0138077 0.00228284 0.00789309 -6.89665e-06 0.00399764 0.00700346 0.00195683 0.015817 -0.00227989 0.0008454 0.00315441 0.000668196
internal_weight=4090.92 3998.91 1577.7 2421.22 707.608 209.304 1713.61 171.968 1368.39 242.818 1125.57 148.2 22.9026 977.375 97.8826 951.885 538.294 61.4296 43.8944 82.0703 36.8572 223.63 80.9729 64.3806 40.9389 23.4417 142.657 1541.64 294.151 190.803
internal_count=18804 16979 8919 8060 1753 614 6307 961 8305 1274 7031 1357 149 5674 531 5464 3254 218 141 410 204 1219 627 492 354 138 592 5346 779 462
cat_boundaries=0 1 2
cat_threshold=4 8
is_linear=0
shrinkage=0.03


Tree=145
num_leaves=31
num_cat=0
split_feature=7 7 6 0 13 11 10 15 15 17 1 15 15 18 15 13 1 10 6 16 15 12 18 6 13 6 6 18 7 10
split_gain=9.16629 4.87357 3.91083 3.73021 3.49769 3.67738 3.13646 4.85167 2.77575 2.72098 2.68157 6.72916 4.37405 4.49034 4.413 3.92334 3.90093 4.38871 3.14702 4.79254 4.32198 2.96363 3.4434 3.18865 2.8986 2.68763 3.91074 2.61016 2.58312 3.59386
threshold=0.30000000000000027 15.310000000000002 20.716666666666672 0.21677166666666672 4.3500000000000005 2.5465292096219936 0.091717459322004896 1.6924500000000005 0.85249000000000008 1066.2500000000002 0.064081000000000027 2.1670000000000003 1.7819900000000002 1320.0000000000002 1.7490000000000003 5.1500000000000012 0.074043000000000039 0.17562501404250605 0.76666666666666694 1.7630000000000001 1.4310000000000003 1.0000000180025095e-35 1071.2500000000002 11.249999999999998 4.8500000000000005 7.4333333333333362 7.083333333333333 1112.5000000000002 2.100000000000001 0.21668729512860016
decision_type=8 8 10 10 2 10 8 10 10 2 10 10 10 2 10 2 10 10 10 10 10 2 2 10 2 10 10 2 10 10
left_child=6 2 3 4 5 27 -1 8 -8 -3 12 16 13 14 18 -13 17 24 19 -6 -21 22 -18 -24 -12 26 28 -2 -14 -30
right_child=1 9 -4 -5 10 -7 7 -9 -10 -11 11 15 25 -15 -16 -17 21 -19 -20 20 -22 -23 23 -25 -26 -27 -28 -29 29 -31
leaf_value=-0.0088921876191138515 -0.000600324750340933 -0.0027944038044152111 -0.0097185738812913848 -0.0098913412832751513 0.0013626747248288026 0.013790041443967487 0.0071546053959603336 0.012777279011901663 -0.010328099091948104 0.0019487825123198198 0.0091057805553790873 0.020999999999999998 -0.0092119483957255957 -0.0063652264291178835 0.017131151263157354 0.0061669440100518879 0.012677507921252256 0.012980147808866914 0.00017271315708493619 0.020999999999999998 -0.00096698497682526103 -0.0037251940767479498 0.0044346710081612853 -0.0056605845636188198 -0.0080250250705294259 -0.0067266490285023926 0.016704392271525922 -0.0086961067027275206 -0.0046955242489402204 0.0054860472042188042
leaf_weight=129.88372080400586 58.752622108906507 116.49854678660631 40.548483654856682 35.955287478864193 77.48966059461236 9.4117316603660566 10.883285436779259 17.344275042414665 32.826635297387838 1657.9267244637012 14.997912950813769 20.09731463342905 36.935346268117428 80.868858192116022 14.986554034054278 41.301709979772568 23.934665314853191 44.12127622961998 943.57950133830309 23.543761625885963 10.767682664096354 153.05622404813766 66.727945894002914 48.717250347137451 21.826010480523109 135.84778103977442 10.44239319860935 91.913951370865107 70.574155956506729 55.927297040820122
leaf_count=2145 451 427 141 127 581 73 76 98 192 4393 96 100 292 618 73 120 80 145 5112 136 56 585 290 197 109 583 46 820 517 178
internal_value=0.000162151 0.000475831 -0.000490752 -0.000311874 -0.000144333 -0.0044027 -0.00625601 -0.000647924 -0.0059751 0.00163737 0.000215247 0.00228353 -0.000400272 0.000451161 0.000966156 0.0114872 0.000770071 0.00659847 0.000736611 0.0054958 0.0148301 -0.000843206 0.00232157 0.000174528 -0.00104787 -0.003565 -0.00109487 -0.00553915 -0.00223211 -0.000194171
internal_weight=4097.69 3906.75 2132.33 2091.78 2055.82 160.078 190.938 61.0542 43.7099 1774.43 1895.74 434.78 1460.96 1151.24 1070.37 61.399 373.381 80.9452 1055.38 111.801 34.3114 292.436 139.38 115.445 36.8239 309.727 173.879 150.667 163.437 126.501
internal_count=18857 16346 11526 11385 11258 1344 2511 366 268 4820 9914 1722 8192 6576 5958 220 1502 350 5885 773 192 1152 567 487 205 1616 1033 1271 987 695
is_linear=0
shrinkage=0.03


Tree=146
num_leaves=31
num_cat=1
split_feature=14 18 7 7 1 16 12 16 15 16 16 7 1 16 7 2 2 3 7 7 16 15 3 1 3 13 2 17 7 2
split_gain=9.71208 4.435 4.07416 3.0508 3.29452 5.63272 2.94786 3.71324 3.71256 2.4231 3.49249 3.84785 6.71574 2.70789 2.47281 2.35721 2.27864 6.27133 2.81103 2.63093 2.29778 2.23851 2.94818 2.23363 4.12947 3.18759 4.39844 3.81467 2.89996 2.54479
threshold=0 1205.0000000000002 0.54000000000000048 16.755000000000006 0.16801000000000005 1.5390000000000004 1.0000000180025095e-35 1.6730000000000003 1.1890000000000003 1.2740000000000002 1.5622500000000004 18.570000000000004 0.13606300000000007 1.2310000000000001 20.310000000000006 0.14559285978542363 0.09500868486352361 0.10758416633346664 25.145000000000007 27.350000000000005 2.1685100000000008 1.9310000000000003 0.28307459191048789 0.028000000000000014 0.21280178172699146 5.3500000000000005 0.03158182341098649 1148.7500000000002 5.7633333333333345 0.048452700922266161
decision_type=1 2 10 8 10 10 2 10 10 8 8 8 10 10 10 10 8 8 8 8 10 10 10 10 10 2 10 2 10 10
left_child=-1 3 -3 4 23 -6 7 -4 -9 13 -11 12 -12 14 -5 -10 20 -18 -19 -20 -13 22 -21 24 25 29 27 -27 -29 -2
right_child=1 2 6 9 5 -7 -8 8 15 10 11 16 -14 -15 -16 -17 17 18 19 21 -22 -23 -24 -25 -26 26 -28 28 -30 -31
leaf_value=-0.0091825833653934666 -0.00011026883205587684 -0.0085459979591483853 -0.00394043900231831 -0.0012306186146290132 0.017786032682267222 -0.0029316383542064071 0.00067429080549301411 0.015913288623689369 -0.0044445595570192882 -0.0021718109343182826 0.0024264932673402346 -0.0085618360960342376 0.020999999999999998 0.01306818153514598 0.0047467866912781686 0.0051686404762434739 0.016533077711669047 -0.002858136187055149 0.0092384940901615014 0.0013764768826278289 0.0034839154640390765 -0.0023057182902662958 0.010075856403698166 -0.0012801081549757437 0.015148544114896403 -0.0019795812280753995 0.010061268226861516 0.0001791554507315333 0.0098490429699067301 -0.0071737410065493487
leaf_weight=89.55870696157217 505.16354664415121 66.125475961714983 380.57445293664932 81.217884570360184 24.783077917993069 22.564080908894539 535.58183833956718 15.578928694128988 48.789823070168495 209.81084594130516 48.487500131130219 37.880443394184113 23.592844605445862 27.891269356012344 267.25247243046761 43.35649087280035 25.77103354036808 109.63980711996555 47.232245713472366 151.16102715581656 22.849091827869415 90.534816801548004 45.648541897535324 784.2877499461174 17.972380600869656 143.98538387566805 63.704916328191757 51.735409386456013 60.614382378757 50.493162497878075
leaf_count=1809 3859 591 1972 260 66 61 2411 82 243 493 131 106 48 69 667 109 56 238 86 477 55 160 75 3212 56 530 192 262 185 270
internal_value=7.37161e-05 0.000302916 -0.00132884 0.00091427 0.000108491 0.00791268 -0.000862732 -0.00254859 0.00236859 0.00208353 0.00116184 0.00232216 0.00882597 0.00407356 0.00335363 7.86232e-05 0.00143883 0.00214545 0.00131076 0.00267689 -0.0040297 0.00159833 0.00339423 -0.000111721 0.000913661 0.000621511 0.00300645 0.00125317 0.0053962 -0.000752135
internal_weight=4093.84 4004.28 1090.01 2914.27 1725.3 47.3472 1023.88 488.3 107.725 1188.97 812.608 602.797 72.0803 376.362 348.47 92.1463 530.717 469.987 444.216 334.577 60.7295 287.344 196.81 1677.96 893.669 875.697 320.04 256.335 112.35 555.657
internal_count=18831 17022 5408 11614 8693 127 4817 2406 434 2921 1925 1432 179 996 927 352 1253 1092 1036 798 161 712 552 8566 5354 5298 1169 977 447 4129
cat_boundaries=0 1
cat_threshold=4
is_linear=0
shrinkage=0.03


Tree=147
num_leaves=31
num_cat=0
split_feature=7 18 2 2 11 11 0 18 7 7 13 6 13 9 11 5 16 13 17 13 11 5 18 2 11 2 0 2 16 5
split_gain=7.79957 5.34505 5.42953 4.09615 3.8189 3.27209 2.86109 3.15702 2.95389 3.35889 2.78538 2.49107 2.61969 3.137 2.44174 6.11521 5.48413 3.44986 3.48374 2.30242 3.97955 5.83981 4.72578 3.91709 8.35977 3.07758 4.06294 3.99197 2.99653 2.95639
threshold=0.30000000000000027 1162.5000000000002 0.066666666666666735 0.089687743463433126 0.9948453608247424 7.0050000000000008 0.053333333333333344 1247.5000000000002 15.929999999999998 19.610000000000003 3.9500000000000006 0.25833333333333225 5.1500000000000012 0.60000000000000031 0.91029766693483516 1.0000000180025095e-35 1.0098300000000002 4.7500000000000009 1105.0000000000002 6.1500000000000012 3.7150375939849627 1.0000000180025095e-35 1068.7500000000002 0.25146789485024784 2.9096016343207358 0.037406077694235595 0.096666666666666679 0.19501720325575192 1.7710000000000001 0.45000000000000007
decision_type=8 2 10 10 10 10 10 2 10 10 2 10 2 10 8 10 8 2 2 2 8 8 2 8 10 8 8 8 10 10
left_child=10 19 5 6 -5 14 7 -4 -8 -10 -1 12 -12 -14 15 16 17 18 -3 29 21 22 -21 24 -23 -22 -27 28 -28 -2
right_child=1 2 3 4 -6 -7 8 -9 9 -11 11 -13 13 -15 -16 -17 -18 -19 -20 20 25 23 -24 -25 -26 26 27 -29 -30 -31
leaf_value=0.011718818658428684 0.0010591925082357732 0.014677663461144741 0.0053166699673636497 -0.0097046892927500246 0.00048562358817381279 0.014332916148942044 -0.0016232540351603078 0.020999999999999998 0.018261511805202611 0.00084529356713459178 -0.0072300247016715046 -0.014897559127657336 0.0088859452385691099 -0.0088424617023084573 -0.0032618673204877734 0.020999999999999998 -0.0068146207995435915 0.020999999999999998 -0.01489755909122927 0.0096295927421093594 0.0056682917110132455 0.0164787597252786 -0.0018509040942367191 0.013773903120831212 -0.00012199519135607054 -0.0074665407136845488 0.013177018686933736 -0.0016258343540198371 0.00074347267791968047 -0.0059253234879554969
leaf_weight=7.8898788727819911 1348.0187277309597 8.1149008944630641 22.261546462774277 34.662914037704468 733.26828425377607 10.263261109590529 54.24012765660882 15.810393959283827 18.999325960874557 20.96189321577549 117.37802032381296 27.000435780733824 22.704812169075012 14.863510034978388 734.80805081129074 11.083513885736464 48.24978044629097 8.6991442590951902 6.4207056090235701 42.809699520468712 84.606273427605629 40.157674342393875 131.06807843595743 77.428907930850983 85.275933057069778 64.594107195734978 35.263219445943832 153.71024014055729 34.524576783180237 56.842020504176617
leaf_count=111 6449 79 95 170 2312 30 259 80 62 65 1816 222 103 249 4439 62 366 55 63 97 205 81 333 129 177 145 66 258 57 159
internal_value=0.000205659 0.000495999 -0.000746975 0.000865526 2.56528e-05 -0.00250086 0.00574153 0.0126818 0.00293658 0.00912573 -0.00573178 -0.00648851 -0.00502317 0.00187189 -0.00271223 0.00217927 -0.00104841 0.0109258 0.00161362 0.00149292 0.00283571 0.00501005 0.00097566 0.00846802 0.00519275 0.00063779 -0.000839557 0.00107574 0.00702604 0.000776592
internal_weight=4071.98 3882.14 1727.84 900.204 767.931 827.639 132.273 38.0719 94.2013 39.9612 189.837 181.947 154.946 37.5683 817.376 82.568 71.4845 23.2348 14.5356 2154.3 749.439 376.74 173.878 202.863 125.434 372.698 288.092 223.498 69.7878 1404.86
internal_count=18794 16293 8137 3043 2482 5094 561 175 386 127 2501 2390 2168 352 5064 625 563 197 142 8156 1548 817 430 387 258 731 526 381 123 6608
is_linear=0
shrinkage=0.03


Tree=148
num_leaves=31
num_cat=1
split_feature=14 12 6 0 13 13 18 7 17 17 13 3 1 1 3 6 18 16 16 5 11 11 6 16 4 16 10 7 3 16
split_gain=8.80668 6.3513 4.88252 3.82612 3.72053 4.3088 3.63848 3.09771 3.0491 2.67352 3.11859 5.34775 3.15076 3.06034 3.78105 2.5177 2.50927 4.28551 3.03022 2.38556 3.3596 3.42155 2.54218 2.3545 3.74427 3.49377 4.44036 4.22458 2.71561 2.62169
threshold=0 1.0000000180025095e-35 24.350000000000001 0.4283333333333334 9.1500000000000004 4.9500000000000011 1215.0000000000002 0.34500000000000008 1135.0000000000002 1172.5000000000002 5.0500000000000007 0.087696721529260599 0.094000000000000042 0.016040000000000009 0.046004807692307706 1.1833333333333333 1183.7500000000002 1.0555000000000003 1.5390000000000004 0.36666666666666675 4.2737468671679206 2.8396428571428576 6.0583333333333345 2.3550000000000009 0.83333333333333337 1.9630000000000003 0.17130274209879423 7.2266666666666683 0.016586800573888096 1.9310000000000003
decision_type=1 2 10 10 2 2 2 8 2 2 2 8 10 8 8 10 2 10 10 10 10 10 10 8 8 10 10 10 10 10
left_child=-1 2 6 4 5 -4 -2 -3 -7 23 11 15 -13 19 -15 -11 -16 -18 -19 20 21 22 -12 24 25 29 27 28 -27 -9
right_child=1 7 3 -5 -6 8 -8 9 -10 10 13 12 -14 14 16 -17 17 18 -20 -21 -22 -23 -24 -25 -26 26 -28 -29 -30 -31
leaf_value=-0.008829073101433672 -0.00098287546115821364 -0.0053471661614715874 0.0089346672216137867 -0.0079126188292982721 0.010553576994816242 0.0036369188972258742 -0.0044366248316023132 0.00063871425886134639 -0.0023693770696298056 0.0081806895896125737 0.0039755674962249632 0.01723404894905347 6.1903009077275139e-06 -0.0071435739635212232 0.0018509938767709198 -0.0087764652248972543 -0.002908152116239546 0.015298268366742349 0.0049773353067090438 -0.0011808628913730385 0.01856085109183369 -0.0013303130302630911 0.018763570002642026 -0.0031920601987267721 0.013079067901702787 0.015192970332470888 0.0015771206340357664 0.020999999999999998 -0.005634832997935023 -0.011316942372059626
leaf_weight=88.702639374881983 1088.7778969444335 59.683407861739397 59.163587212562561 34.359634071588516 45.9704430103302 129.48840513825417 367.0800239816308 1108.3739053979516 184.38429230451584 9.0994773432612401 19.0747409760952 16.805881656706333 22.142079256474972 30.951825819909573 223.89993925392628 58.81301698833704 30.026505663990974 49.675737828016281 52.830469340085983 19.684040486812592 30.485608771443367 28.745701029896736 23.172128148376942 117.89330844581127 23.591121226549149 9.9699142947793025 91.048810496926308 25.821962356567383 12.955149151384829 16.75688960403204
leaf_count=1821 5218 513 173 69 67 306 2212 4980 414 79 78 84 81 130 459 385 91 118 115 43 85 111 64 491 65 86 232 117 87 82
internal_value=2.36484e-05 0.000241937 -0.0010071 0.00171152 0.00250073 0.00150835 -0.0018537 0.00138876 0.000108525 0.0015876 0.00323678 -0.00142204 0.00743994 0.00421573 0.0029142 -0.00650441 0.0037876 0.00705928 0.00997898 0.00837702 0.010231 0.00665399 0.0120867 0.000865969 0.00123726 0.00101641 0.00548931 0.0127964 0.003423 0.000460655
internal_weight=4079.43 3990.73 1909.22 453.366 419.007 373.036 1455.86 2081.5 313.873 2021.82 615.407 106.86 38.948 508.547 387.384 67.9125 356.433 132.533 102.506 121.162 101.478 70.9926 42.2469 1406.41 1288.52 1264.93 139.796 48.747 22.9251 1125.13
internal_count=18856 17035 8459 1029 960 893 7430 8576 720 8063 1923 629 165 1294 913 464 783 324 233 381 338 253 142 6140 5649 5584 522 290 173 5062
cat_boundaries=0 1
cat_threshold=4
is_linear=0
shrinkage=0.03


Tree=149
num_leaves=31
num_cat=1
split_feature=14 10 15 11 7 11 7 1 9 8 8 7 6 6 0 7 6 11 11 7 1 7 11 8 10 11 15 11 5 15
split_gain=8.87819 3.67464 4.90662 2.2704 2.09609 2.80849 3.48648 4.06111 3.26181 2.72355 2.80248 2.71682 2.45199 7.932 5.36064 3.95484 4.92953 2.49004 2.44851 2.30253 2.90358 2.14505 2.04881 1.8602 1.83859 1.80925 3.25208 2.58354 3.6795 2.21271
threshold=0 0.064288566865740901 1.4550000000000003 0.50287356321839094 2.8000000000000012 2.6683333333333334 3.3000000000000007 0.0079380000000000023 2.0291666666666672 10.380000000000004 8.3100000000000023 41.690000000000005 10.416666666666671 8.9833333333333361 0.027185000000000004 14.610000000000001 16.816666666666677 1.7336391437308871 1.4449494949494952 5.6100000000000021 0.017994000000000007 8.6633333333333358 1.2731560891938252 14.110000000000003 0.045275002061152571 0.63245614035087727 1.1990000000000001 0.82725464190981446 1.0000000180025095e-35 1.0630000000000002
decision_type=1 10 10 10 8 8 8 10 10 10 10 10 10 10 10 10 10 10 10 8 10 10 10 10 10 10 10 10 10 8
left_child=-1 2 4 -3 9 6 7 -6 19 10 -2 -7 13 14 17 24 -17 18 -10 20 22 23 -8 -19 -14 26 -5 28 -27 -29
right_child=1 3 -4 25 5 11 8 -9 12 -11 -12 -13 15 -15 -16 16 -18 21 -20 -21 -22 -23 -24 -25 -26 27 -28 29 -30 -31
leaf_value=-0.0087240012284709491 -0.0022841550907454792 -0.0044298992678747226 -0.0064724082242313824 -0.003248925863481353 0.001412640178661314 -0.0022616332943144035 0.0041178502671194994 0.020999999999999998 0.0061548293496636866 -0.008623222938319108 0.013462185660944535 0.0087632830691037351 -0.002134884794767436 0.020999999999999998 -0.012970560986661293 0.019390987520488148 0.0010865938851677209 -0.012301594294184651 0.020999999999999998 -0.0087746649720257235 0.017145380540665157 0.012358858707566121 -0.012374044665490984 0.004420486447009906 -0.014897559239515037 -0.0090881049428131796 0.016456178218163364 0.0032628960618057146 0.0093091467753643794 0.00081331137027569069
leaf_weight=87.02275413647294 80.866354316473007 68.783282220363617 135.30914849415421 12.877047263085844 11.036039389669897 301.52123799920082 15.776678532361986 6.8412757962942115 17.10019746422768 57.376587580889463 11.636211909353731 21.554600387811661 47.012090817093849 18.847901664674282 15.568256586790083 17.498554468154907 54.42890889942646 11.556397370994093 10.407986737787722 39.197149865329266 8.426193103194235 11.006582170724867 11.888182528316973 12.423616938292978 12.959195598959921 46.475967168807983 18.179650828242302 381.59836418181658 12.393259972333906 2547.2808805033565
leaf_count=1798 715 386 1184 73 82 1270 112 67 130 730 109 39 231 104 121 77 202 66 71 243 64 59 90 109 86 252 76 1546 55 8669
internal_value=0.000245501 0.000460341 -0.00119141 0.000959476 -0.000292503 0.000450063 0.00243297 0.0153083 0.00167605 -0.00348837 -0.000303369 -0.00152609 0.00345831 0.00708138 0.00278046 0.000796297 0.0055397 0.00670424 0.0134576 -0.00374043 0.00172706 0.00139439 -0.00296907 -0.00363818 -0.00489277 0.00108227 0.00828585 0.00100739 -0.00521508 0.00113246
internal_weight=4104.85 4017.83 930.239 3087.59 794.93 645.051 321.975 17.8773 304.098 149.879 92.5026 323.076 228.81 96.9109 78.063 131.899 71.9275 62.4948 27.5082 75.2882 36.0911 34.9866 27.6649 23.98 59.9713 3018.81 31.0567 2987.75 58.8692 2928.88
internal_count=18816 17018 5961 11057 4777 3223 1914 149 1765 1554 824 1309 1256 660 556 596 279 435 201 509 266 234 202 175 317 10671 149 10522 307 10215
cat_boundaries=0 1
cat_threshold=4
is_linear=0
shrinkage=0.03


Tree=150
num_leaves=31
num_cat=1
split_feature=14 18 9 11 18 8 3 12 2 2 11 1 11 12 10 11 18 10 0 6 9 11 3 18 11 2 16 1 6 16
split_gain=10.9585 5.33646 4.19993 2.87442 4.53525 5.31941 5.64722 4.61047 4.04724 2.75515 3.02118 3.56589 3.47798 2.67692 3.89602 4.71446 4.35498 3.43069 3.87933 3.96767 5.68899 4.59576 2.98039 2.62423 2.77845 4.94905 2.52062 6.42203 3.68105 3.26595
threshold=0 1162.5000000000002 5.990000000000002 1.4600884955752214 1068.7500000000002 19.126666666666672 0.052675662337662334 1.0000000180025095e-35 0.20335271317829459 0.099978991596638686 0.86706827309236967 0.022713000000000001 1.1678403755868547 1.0000000180025095e-35 0.50392864819412975 4.5810202550637671 1235.0000000000002 0.077703162419045638 0.12714333333333339 10.416666666666671 3.3633333333333346 1.6681957186544345 0.066877638808559875 1292.5000000000002 3.0327956989247316 0.11666666666666668 1.7390300000000003 0.030000000000000002 32.216666666666676 1.9310000000000003
decision_type=1 2 10 8 2 8 10 2 8 10 10 10 10 2 8 10 2 10 10 8 8 8 8 2 10 8 10 10 10 10
left_child=-1 3 13 4 8 6 -6 -8 9 10 -2 12 -12 14 15 26 -16 -15 19 -19 21 -21 -22 24 25 -24 28 29 -3 -28
right_child=1 2 -4 -5 5 -7 7 -9 -10 -11 11 -13 -14 17 16 -17 -18 18 -20 20 22 -23 23 -25 -26 -27 27 -29 -30 -31
leaf_value=-0.009709450932420944 -0.0039887938431294881 -0.0057423953700789596 0.0015276781366792556 0.0019331402559820787 -0.005127896766607817 -0.014007499478474267 -0.0023594446784461639 0.0098845446917382469 -0.0093659181216581341 0.01904984605963668 0.020999999999999998 -0.0025358501894721321 0.0043604492022927674 -0.0035890743958401565 0.010960580802436372 0.014467625862577676 -0.0058285974048782312 -0.00023773682709546807 -0.0045695565054716288 0.020999999999999998 -0.0050236821733151294 0.0071342295939649004 0.020999999999999998 -0.0040477375734070155 0.0011403100130187058 0.001500382369904543 0.020459419488101156 -0.005863910899393452 0.010447106884364239 0.0014717305602544746
leaf_weight=88.104274976998568 24.750738903880119 432.54278267174959 509.58167977631092 1814.5413504652679 150.46579423546791 33.705606386065483 55.032198332250118 55.685344859957695 16.270036213099957 14.139519639313219 17.903689280152321 16.987942665815353 17.135728426277637 209.57715049386024 34.805287949740887 12.259415347129105 23.155903343111277 221.01222929358482 90.046452581882477 14.05316475778818 33.421522468328476 28.595045380294323 19.927325427532196 19.355156794190407 26.188017874956131 16.46548131108284 16.121287059038877 56.455595925450325 13.02049098908901 16.494301371276379
leaf_count=1841 150 2754 1332 6248 1009 210 244 233 67 47 87 75 91 1607 130 45 107 1139 288 65 131 112 69 80 70 64 109 248 39 115
internal_value=0.000198344 0.000439166 -0.000776592 0.0014246 -0.000870381 -0.00279131 -0.00134386 0.00379866 0.00441437 0.0068804 0.00463926 0.00874385 0.0142125 -0.00169145 -0.00314268 -0.00392651 0.00425319 -0.000398005 0.00102776 0.00235756 0.00598776 0.0153499 0.00252653 0.00560625 0.00859206 0.0139543 -0.0043483 0.000258858 -0.0052693 0.010857
internal_weight=4097.8 4009.7 1793.08 2216.62 402.077 294.889 261.183 110.718 107.188 90.9176 76.7781 52.0274 35.0394 1283.5 604.855 546.894 57.9612 678.642 469.064 379.018 158.006 42.6482 115.358 81.936 62.5808 36.3928 534.634 89.0712 445.563 32.6156
internal_count=18806 16965 8504 8461 2213 1696 1486 477 517 450 403 253 178 7172 3547 3310 237 3625 2018 1730 591 177 414 283 203 133 3265 472 2793 224
cat_boundaries=0 1
cat_threshold=4
is_linear=0
shrinkage=0.03


Tree=151
num_leaves=31
num_cat=2
split_feature=14 6 10 17 6 10 1 14 15 18 3 1 6 18 9 17 15 0 3 18 3 6 0 17 2 0 0 1 6 10
split_gain=8.30054 4.6915 4.97815 3.6292 2.80796 2.81841 3.771 3.06412 4.1576 4.04578 2.52728 4.03456 3.74926 7.43765 5.78336 3.40627 3.84941 6.66392 4.60557 4.87281 3.10883 2.96259 3.18583 4.05738 2.78719 2.95274 4.38765 5.52547 4.22891 3.82544
threshold=0 8.0333333333333368 0.3619038624460465 1083.7500000000002 7.2333333333333369 0.41476062444111284 0.030000000000000002 1 1.5952000000000004 1127.5000000000002 0.033333333333333347 0.048004000000000026 10.516666666666667 1205.0000000000002 3.8633333333333337 1057.5000000000002 1.0630000000000002 0.18774000000000005 0.070023470813774344 1191.2500000000002 0.022011235955056187 40.483333333333341 0.029395000000000001 1112.5000000000002 0.03899685534591197 0.12333333333333335 0.13336833333333339 0.10400000000000002 23.783333333333335 0.47047544265718649
decision_type=1 8 8 2 10 10 10 1 10 2 8 8 10 2 10 2 8 8 10 2 10 10 10 2 8 8 8 8 8 10
left_child=-1 2 -2 -4 5 6 -5 8 -7 -9 12 -12 13 14 20 -13 17 18 -17 -20 -3 22 -14 -24 -18 -26 -27 -28 29 -29
right_child=1 10 3 4 -6 7 -8 9 -10 -11 11 15 21 -15 -16 16 24 -19 19 -21 -22 -23 23 -25 25 26 27 28 -30 -31
leaf_value=-0.0088867372271431832 -0.0023970541099842249 0.00049957287779852082 -0.0051221965822023947 0.020415310241606702 -0.0070556051586146955 0.00031083076758762416 0.0025728414505020473 -0.0084911950824925232 0.015136589107689597 0.0046963263959057403 -0.002949244871496262 -0.0043830634537694226 -0.00037084861531768711 -0.0066252359013280531 0.020999999999999998 0.015909863114535384 -0.0071901692314680962 0.017859969572663587 0.0041987814235277376 -0.010016989024204696 0.016348932457894847 0.010404628410642431 0.020999999999999998 -0.0014784428007006969 0.0025569190029060655 -0.0074060322600467444 0.011004303236657234 -0.0053609810305713049 0.0012210930685435759 0.0031300294921557579
leaf_weight=84.658533878624439 988.76005265116692 35.071466714143753 49.103038314729929 22.088264599442482 19.127885520458221 31.561526723206043 20.606282010674477 37.46274770796299 36.957931734621525 47.463786423206329 286.23284591734409 105.56854388862848 305.64386854320765 25.385854929685593 33.765819795429707 19.475826144218445 38.923683479428291 32.053700104355812 73.836136355996132 30.734114281833172 16.321832396090031 29.641705840826035 13.955960065126421 13.413699865341185 629.0649259313941 68.076910346746445 42.854061439633369 195.03851242363453 686.78198846429586 63.236410737037659
leaf_count=1785 7174 180 198 97 62 113 65 117 107 168 1276 451 1130 164 122 79 160 79 190 114 87 58 67 60 1987 211 142 596 1633 143
internal_value=-0.000106485 0.000101402 -0.00141932 0.00223742 0.00391616 0.00498614 0.0118037 0.00308923 0.00724951 -0.00100286 0.000795985 0.000380552 0.00279051 0.00762721 0.0118759 0.000860546 0.00115498 0.00566621 0.00251533 2.06417e-05 0.00553312 0.00131619 0.00050722 0.0103128 0.000746506 0.000929838 -3.94341e-05 0.000468198 -9.56684e-06 -0.00328203
internal_weight=4082.87 3998.21 1253.13 264.371 215.268 196.141 42.6945 153.446 68.5195 84.9265 2745.08 2271.88 473.2 110.545 85.1591 1985.64 1880.08 156.1 124.046 104.57 51.3933 362.655 333.014 27.3697 1723.98 1685.05 1055.99 987.911 945.057 258.275
internal_count=18815 17030 8101 927 729 667 162 505 220 285 8929 7061 1868 553 389 5785 5334 462 383 304 267 1315 1257 127 4872 4712 2725 2514 2372 739
cat_boundaries=0 1 2
cat_threshold=4 8
is_linear=0
shrinkage=0.03


Tree=152
num_leaves=31
num_cat=1
split_feature=14 3 7 16 16 13 7 11 8 8 3 8 1 16 3 9 1 18 17 9 7 11 17 6 3 9 16 16 13 12
split_gain=10.3378 4.19275 3.92992 3.36401 2.6321 2.70097 2.40167 2.28319 3.90877 4.76511 3.25099 2.97585 2.8867 6.01243 3.66162 3.94978 2.68738 3.83563 2.47943 2.64349 3.45702 2.66367 2.80771 2.3889 2.88467 2.49766 2.55285 2.2197 4.26627 2.32592
threshold=0 0.16093982772158347 41.690000000000005 2.4590000000000005 1.192666666666667 4.3500000000000005 0.14500000000000038 4.5810202550637671 40.580000000000005 31.840000000000003 0.14955659158372625 1.6200000000000003 0.11423700000000003 1.3588600000000002 0.12640012239902085 5.0900000000000007 0.011999999999999999 1077.5000000000002 1310.0000000000002 4.8900000000000015 17.963333333333335 1.7463737649779274 1120.0000000000002 23.341666666666672 0.091265830155990352 7.8000000000000016 1.3050000000000004 1.0930000000000002 6.2500000000000009 1.0000000180025095e-35
decision_type=1 10 10 10 8 2 8 8 10 10 8 10 10 10 10 10 10 2 2 8 10 10 2 10 10 8 10 10 2 2
left_child=-1 2 4 -3 5 6 -2 8 9 10 11 16 -13 -14 -15 -16 17 -6 19 -12 21 -21 -23 24 25 -9 -27 29 -29 -7
right_child=1 3 -4 -5 7 27 -8 23 -10 -11 18 12 13 14 15 -17 -18 -19 -20 20 -22 22 -24 -25 -26 26 -28 28 -30 -31
leaf_value=-0.0098103443392280748 0.0089074950273799365 0.0014081324233071284 0.011810235974733357 0.0094064631220556298 0.018447522897956731 -0.0024960688785970703 -0.010874772788271897 0.01342065804647169 0.016744299593768826 -0.010040704325091045 -0.012053728748189199 -0.0002751404524759005 0.019213291002623818 -0.0086246363172655521 0.013667381465031327 -0.0018455940803383819 -0.0062548283733119495 0.0035494477505418165 0.0061415696199493136 -0.010027171925381818 -0.012239971374789249 0.014919680777624299 -0.0019381528517306368 0.014016341252399376 -0.0065153871132057591 0.0055239759916589273 -0.0088813967572737261 -0.0080466888803008407 0.0055687709802154173 0.00067213864799067573
leaf_weight=84.152818661183119 6.3011829517781726 1140.705989561975 23.588618814945221 49.374543577432632 22.492072433233261 389.46932325512171 44.745106268674135 23.306551918387413 12.325445450842379 43.237858317792416 42.196609992533922 1282.2776061631739 21.107653230428696 23.912298120558262 27.306200623512268 32.179062470793724 13.88450040668249 50.414682678878307 17.110974654555321 12.31934893876314 22.576865509152412 17.104198731482029 18.51936699450016 18.676138132810593 25.053172275424004 42.60208647698164 14.95970259606838 96.338126923888922 26.384799003601074 448.94898490607738
leaf_count=1789 78 2778 46 98 89 2123 420 58 36 168 228 6691 70 84 97 79 50 258 57 84 55 74 81 26 59 211 45 571 74 2232
internal_value=1.60669e-05 0.000246166 -0.000383516 0.00173997 -0.000486399 -0.0017083 -0.00843284 0.000207043 -8.71178e-05 -0.000213105 5.19098e-05 0.000452874 0.000115606 0.00491006 0.00128996 0.0052755 0.00584186 0.00814557 -0.00449914 -0.00611445 -0.00256059 0.00199753 0.00615592 0.00412367 0.00237938 0.005135 0.00178017 -0.00135116 -0.00511943 -0.000799585
internal_weight=4093.57 4009.42 2819.34 1190.08 2795.75 1012.19 51.0463 1783.56 1658.96 1646.64 1603.4 1473.57 1386.78 104.505 83.3976 59.4853 86.7913 72.9068 129.827 112.716 70.5198 47.9429 35.6236 124.598 105.922 80.8683 57.5618 961.141 122.723 838.418
internal_count=18809 17020 14144 2876 14098 5498 498 8600 8201 8165 7997 7418 7021 330 260 176 397 347 579 522 294 239 155 399 373 314 256 5000 645 4355
cat_boundaries=0 1
cat_threshold=4
is_linear=0
shrinkage=0.03


Tree=153
num_leaves=31
num_cat=0
split_feature=10 7 12 15 9 3 12 18 16 17 0 10 8 15 3 3 7 17 10 7 0 18 16 7 3 3 16 15 7 7
split_gain=9.99512 6.18094 3.90077 3.39804 4.39959 2.885 2.45744 3.65926 4.45107 4.03532 7.63374 3.37172 3.14172 4.76488 5.25309 3.96977 3.52307 3.14582 2.21692 4.95094 3.02224 3.61646 2.6905 3.74833 2.61326 3.73726 4.4648 2.79425 3.70839 4.67567
threshold=0.088502491694352176 5.2633333333333345 1.0000000180025095e-35 1.3110000000000002 1.7800000000000005 0.023292342799188646 1.0000000180025095e-35 1055.0000000000002 2.2730000000000006 1148.7500000000002 0.10333333333333337 0.36843680539795853 16.580000000000005 2.0579700000000005 0.098005376344086043 0.060009398496240617 11.322500000000003 1057.5000000000002 0.39403603482087551 4.4450000000000012 0.040000000000000001 1102.5000000000002 1.9909999999999999 17.630000000000006 0.17333700108777511 0.21000000000000005 1.3588600000000002 2.1290000000000004 20.810000000000006 16.410000000000004
decision_type=8 10 2 8 10 10 2 2 10 2 10 10 8 10 8 10 10 2 10 8 8 2 10 8 10 10 10 10 10 10
left_child=1 2 3 4 5 -1 7 8 9 10 -2 -10 13 -8 15 -15 -16 -14 19 -19 -20 -22 24 -24 27 -26 -27 28 29 -21
right_child=6 -3 -4 -5 -6 -7 12 -9 11 -11 -12 -13 17 14 16 -17 -18 18 20 22 21 -23 23 -25 25 26 -28 -29 -30 -31
leaf_value=-0.0026986329440462434 0.0034484482078258861 -0.00068211381424239739 -0.0024303160200741932 -0.012317657690014739 -0.010901225134025314 0.012875163211448616 0.0020755026697052851 -0.0005950093634626999 -0.0090448397936008871 0.00094903769602632806 0.020999999999999998 0.0058609990729256833 -0.008672917878984391 0.0074780177948419986 -0.0051285682850563995 0.020999999999999998 0.0089095611252868329 -0.013268034985763592 0.0058564868606073546 -8.1605722249627241e-05 0.0036957372764027394 -0.0055309086928055145 0.0070344412070591986 -0.0077389716515253457 0.014115778914381861 -0.0030670814023126712 0.0093418799827471224 0.011784606689228714 -0.007067628255965271 0.013299010505964402
leaf_weight=61.480821039527655 32.704663708806038 734.41245029866695 240.63058470934629 93.026811167597771 60.055041164159775 12.96235905587673 668.11752269417048 1231.2489939816296 30.754934944212437 39.75617028772831 23.399848997592926 24.568180546164513 33.736884020268917 21.451960742473602 24.567532543092966 15.99959361553192 46.62470705807209 18.410282894968987 40.474035829305649 111.3664411380887 51.631511658430099 147.33121557533741 23.253693133592606 46.098479747772217 43.428301841020584 48.18064196407795 56.932010367512703 21.362583845853806 45.977417454123497 29.790858119726181
leaf_count=629 117 3553 2765 1188 766 107 2401 4437 99 104 42 46 161 98 81 50 105 154 121 521 91 328 87 99 99 116 107 73 125 89
internal_value=-0.000102486 -0.00239931 -0.00509313 -0.00790932 -0.00486025 1.31418e-05 0.000857514 -5.41612e-05 0.00435054 0.00826105 0.0134424 -0.00242538 0.00170069 0.003023 0.00884977 0.0179449 0.00406518 0.000270114 0.000711057 0.00196392 -0.00161639 -0.00313656 0.0026216 -0.00278547 0.00367188 0.00671264 0.00365397 0.00150553 0.000332111 0.00274234
internal_weight=4079.74 1202.57 468.156 227.525 134.498 74.4432 2877.17 1382.43 151.184 95.8607 56.1045 55.3231 1494.74 776.761 108.644 37.4516 71.1922 717.974 684.237 444.801 239.437 198.963 426.39 69.3522 357.038 148.541 105.113 208.497 187.135 141.157
internal_count=18759 9008 5455 2690 1502 736 9751 4845 408 263 159 145 4906 2735 334 148 186 2171 2010 1470 540 419 1316 186 1130 322 223 808 735 610
is_linear=0
shrinkage=0.03


Tree=154
num_leaves=31
num_cat=1
split_feature=14 12 10 7 11 15 1 2 11 11 9 17 3 15 16 9 3 2 9 8 8 8 10 15 15 2 1 8 9 10
split_gain=10.3782 3.87456 3.72959 3.47995 3.06259 2.90044 5.55095 5.07716 3.47083 5.0602 3.86655 2.96145 2.87271 2.73567 2.60918 3.36589 4.93752 4.62243 3.1348 3.38549 3.85498 3.17389 2.8721 2.60635 3.25149 6.33597 5.3028 2.96704 5.81039 5.06501
threshold=0 1.0000000180025095e-35 0.31877733602962238 19.610000000000003 1.7711309523809524 0.97200000000000009 0.0098210000000000016 0.043333333333333335 1.7463737649779274 1.1678403755868547 3.055000000000001 1066.2500000000002 0.078005633802816915 2.5640000000000005 1.0671400000000004 0.76333333333333353 0.079058913308913334 0.028443898726509046 1.9225000000000005 18.690000000000001 17.726666666666674 6.2200000000000015 0.10998853093970011 2.3132300000000003 2.1041400000000006 0.13156391109580839 0.050000000000000024 8.7800000000000029 3.3450000000000011 9.8220720720720739e-05
decision_type=1 2 10 10 10 8 10 10 10 10 10 2 8 8 8 8 8 8 8 8 10 10 10 10 10 8 10 10 10 8
left_child=-1 2 3 5 -5 6 -2 8 9 -8 -10 -9 -13 -4 -7 16 17 -16 21 20 -20 22 -17 24 27 26 -26 29 -29 -3
right_child=1 23 13 4 -6 14 7 11 10 -11 -12 12 -14 -15 15 18 -18 -19 19 -21 -22 -23 -24 -25 25 -27 -28 28 -30 -31
leaf_value=-0.0095259496804803428 -0.0027702269025864684 0.011162019244951103 0.00095946100758485288 0.0099474005929176667 0.00030586730935985076 -0.0078528645542769622 -0.00015593850507268265 -0.0099584585700111753 -0.0069830143016638788 0.020999999999999998 0.017996762148858703 0.012315451272414214 -0.0057676458441100432 0.008819727178214434 0.0028761877225897928 0.0083902385738744527 -0.0093167998968064613 0.020999999999999998 -0.001066943861846277 -0.0055424475368443865 0.013263685361564585 -0.012771364921045769 -0.0076304648879900391 -0.0026990118396355654 0.0039787966291197517 -0.00035103352735283978 0.02031150218759914 -0.0029017793141355411 0.0017233925890688092 0.002151020562157234
leaf_weight=84.752903517335653 180.58382222056389 64.467658698558807 542.97717585414648 32.602186053991318 327.55774022638798 97.946049936115742 10.175272189080717 18.221941404044628 11.371469214558603 11.677831247448919 10.944138184189795 19.84344968944788 13.143607825040815 43.006606429815292 25.318240523338318 15.458739608526228 16.126838319003582 12.463308807462452 251.61570374667645 166.75375624001026 18.109994858503342 56.4388696141541 28.897382482886314 130.34338909387589 34.964376322925091 70.119836777448654 36.638295561075211 322.6134578101337 1008.9674936905503 434.64031290262938
leaf_count=1832 1183 294 1481 107 859 705 73 102 77 79 61 101 59 98 188 104 115 78 1270 1005 116 466 123 394 171 153 95 2289 3175 2033
internal_value=0.000290028 0.000519724 -0.000456628 -0.00133786 0.00117863 -0.00227698 0.000321953 0.00617655 0.0136294 0.021 0.0052677 -0.000251696 0.00511029 0.00153634 -0.00331772 -0.00256635 0.00457993 0.0105117 -0.00328338 -0.00218218 -0.000104753 -0.00805198 -0.00204702 0.00140962 0.00168113 0.00605889 0.0123361 0.00134223 0.000602813 0.00331493
internal_weight=4098.74 4013.99 1911.23 1325.25 360.16 965.09 275.962 95.3777 44.1687 21.8531 22.3156 51.209 32.9871 585.984 689.129 591.183 53.9084 37.7815 537.274 436.479 269.726 100.795 44.3561 2102.75 1972.41 141.723 71.6027 1830.69 1331.58 499.108
internal_count=18886 17054 8450 6871 966 5905 1735 552 290 152 138 262 160 1579 4170 3465 381 266 3084 2391 1386 693 227 8604 8210 419 266 7791 5464 2327
cat_boundaries=0 1
cat_threshold=4
is_linear=0
shrinkage=0.03


Tree=155
num_leaves=31
num_cat=1
split_feature=14 13 15 3 18 10 16 10 13 18 16 6 16 18 10 16 13 0 3 10 10 3 4 13 10 10 10 16 8 8
split_gain=9.02874 4.30503 3.55022 3.3573 2.93225 3.1532 2.8637 3.07969 2.69544 2.52872 3.37459 3.29913 2.26424 3.00203 3.51175 2.71189 3.04075 2.4285 3.09485 2.40266 6.07662 4.52834 4.03055 2.53367 2.97695 2.84779 4.42502 3.59317 2.4645 4.46148
threshold=0 4.3500000000000005 1.4217500000000005 0.0066666666666666792 1162.5000000000002 0.12909759641200064 0.78700000000000003 0.18672673321763164 11.65 1177.5000000000002 1.7390300000000003 0.60000000000000042 1.9510000000000003 1235.0000000000002 0.29443813666533458 1.7870000000000001 6.7500000000000009 0.44416666666666677 0.32307071960297767 0.73239486170889034 0.50392864819412975 0.22183987234918315 1.0000000180025095e-35 4.8500000000000005 0.45306114864383357 0.3619038624460465 0.29751177080307994 1.103 10.72666666666667 12.690000000000003
decision_type=1 2 10 8 2 10 8 10 2 2 8 10 8 2 10 10 2 8 10 10 10 8 10 2 10 10 10 10 10 10
left_child=-1 2 -2 -4 -3 8 7 -7 9 10 -6 -11 15 -14 -15 17 -17 18 19 20 23 22 -22 -8 25 26 28 -27 -25 -30
right_child=1 4 3 -5 5 6 12 -9 -10 11 -12 -13 13 14 -16 16 -18 -19 -20 -21 21 -23 -24 24 -26 27 -28 -29 29 -31
leaf_value=-0.0093341146498366837 -0.0068178671139811371 0.0011712509139853247 0.017317897847245807 -0.001232779447672268 -0.00040844258908274034 0.0068274786070720191 -0.0044592784429405624 -0.0083139168059169783 0.013625926717688475 -0.0096500460868956667 0.016493305340617177 -0.0023245532394445567 -0.0087313167755819297 -0.0062510632161316805 0.0066645846369123964 0.0025638707900637256 0.015520788286293729 0.011399042001699795 -0.005085080976174502 -0.0054802539074274336 0.010731272488448821 0.020845043332754616 -0.0043045074232414948 0.0073132012997806249 -0.005044427796044644 0.016423334160373022 -0.0055061005991391783 0.0034383118802672271 -0.012077322583325462 0.0024999708007283463
leaf_weight=81.485696524381638 137.38147446885705 2117.1449491754174 10.243530064821242 61.471902385354042 51.762990370392799 15.189847014844416 77.598986499011517 59.237725928425789 9.4658836722373945 62.886933840811253 13.379688844084738 460.51040212064981 48.65199701488018 34.696136094629765 41.739820033311844 48.106026068329811 24.656171664595604 19.394141465425491 76.433291286230087 44.598745256662369 43.310596734285355 21.822697564959526 25.488405957818031 74.288316316902637 57.849630162119865 24.903504133224487 76.665407985448837 83.442996010184288 21.274811670184135 168.98950687050819
leaf_count=1780 1205 7646 104 449 316 82 415 258 17 609 86 2917 153 124 105 151 49 40 206 131 132 48 67 305 167 83 245 238 84 578
internal_value=-1.50664e-05 0.000196952 -0.00399352 0.00141692 0.000427841 -0.000505483 0.000456116 -0.00522372 -0.00225554 -0.00251098 0.00306302 -0.00320472 0.000873053 -0.002906 0.000801859 0.00140489 0.00695445 0.000910082 0.000654738 0.00126386 0.00170904 0.00893779 0.00516087 0.000589272 0.00136135 0.00218564 0.000840178 0.00642293 0.00267928 0.00086998
internal_weight=4094.07 4012.59 209.097 71.7154 3803.49 1686.34 1088.34 74.4276 598.006 588.54 65.1427 523.397 1013.91 125.088 76.436 888.823 72.7622 816.061 796.667 720.234 675.635 90.6217 68.799 585.013 507.414 449.565 341.218 108.347 264.553 190.264
internal_count=18790 17010 1758 553 15252 7606 3661 340 3945 3928 402 3526 3321 382 229 2939 200 2739 2699 2493 2362 247 199 2115 1700 1533 1212 321 967 662
cat_boundaries=0 1
cat_threshold=4
is_linear=0
shrinkage=0.03


Tree=156
num_leaves=31
num_cat=2
split_feature=14 14 17 11 11 16 16 0 11 2 2 7 13 2 16 0 7 16 2 7 3 8 8 18 7 18 15 13 1 1
split_gain=9.70563 4.4963 5.33453 3.96123 4.58037 6.74163 3.66628 2.91511 3.27221 5.01586 3.01346 3.05781 3.62121 2.88717 3.28267 7.73258 4.65232 5.36384 3.25013 2.74375 2.72506 2.75015 3.79109 4.36935 2.64256 2.82399 2.79311 2.64988 3.64586 2.63963
threshold=0 1 1232.5000000000002 1.6826159951159954 2.6255841121495331 1.7270000000000003 1.2690000000000003 0.036666666666666708 3.5812316715542525 0.019055262200029267 0.093468323977546119 30.990000000000006 8.9500000000000011 0.21339215686274512 1.6390000000000005 0.34166666666666673 15.170000000000002 2.0430000000000006 0.5448132308064807 3.1700000000000013 0.30167817451416223 0.22000000000000003 5.1400000000000023 1155.0000000000002 3.1000000000000014 1066.2500000000002 1.3160000000000001 5.4500000000000011 0.017994000000000007 0.10006500000000003
decision_type=1 1 2 8 8 10 8 8 10 10 8 10 2 10 10 10 10 10 10 8 10 8 8 2 10 2 10 2 10 10
left_child=-1 2 13 -4 5 -5 -3 8 9 -6 -9 12 -12 20 18 16 29 -18 -15 -8 21 -2 23 24 25 -23 -27 28 -26 -16
right_child=1 6 3 4 7 -7 19 10 -10 -11 11 -13 -14 14 15 -17 17 -19 -20 -21 -22 22 -24 -25 27 26 -28 -29 -30 -31
leaf_value=-0.0094888011886419509 -0.0083448414558203819 -0.003891182622075324 -0.0041667734118000545 0.016289484691675547 -0.0086462149694552654 -0.0025795086743389171 -0.0036014061330925892 -0.004346262316006903 0.011087000834565715 0.011229876389375034 0.003290531741949195 -0.0012731367209553436 0.014241060770555067 -0.00099256450195385005 0.0064817076525635238 -0.0074015926791284889 0.015639152489498688 0.0020292062152049766 0.0093135939285438167 0.0010514575289501265 -0.0091392502853096212 0.020999999999999998 -0.00060448883606935505 -0.00087553250549717531 -0.0019932192764547151 0.013605817480623226 -0.0027853494667997086 -0.0018481011003972148 0.01640768758547664 -0.0078561916366500072
leaf_weight=84.102122657001019 36.626024723052979 365.2428215071559 58.709587387740612 56.754337027668953 23.994839549064636 24.354503333568573 151.37896958738565 62.551552996039391 71.580970078706741 21.816148057579994 183.08683489263058 107.89448174834251 31.916405349969864 248.11228603869677 25.258115917444229 36.01937136054039 78.593924552202225 38.991502001881599 30.977458879351616 462.72445312142372 31.25917799025774 16.982647970318794 1542.7056277990341 119.81149725615978 16.273595094680786 25.2601652815938 14.861037030816076 41.381028845906258 23.957645550370216 21.302680537104607
leaf_count=1850 186 2996 240 164 77 62 1509 153 157 62 377 186 44 643 75 66 141 69 84 2573 91 59 5794 571 73 111 59 110 90 61
internal_value=3.40654e-05 0.000259029 0.000836679 0.00326135 0.00400817 0.0106237 -0.0014958 0.00294107 0.0070801 0.000819194 0.0016805 0.002848 0.0049161 0.000176702 0.00225405 0.00518581 0.00794793 0.0111261 0.000151364 -9.54921e-05 -0.000355945 -0.000206554 -4.10712e-05 0.003321 0.00694561 0.0118957 0.00753447 0.00348203 0.00896449 -7.8225e-05
internal_weight=4054.48 3970.38 2991.03 642.66 583.95 81.1088 979.346 502.841 117.392 45.811 385.449 322.898 215.003 2348.37 479.255 200.166 164.146 117.585 279.09 614.103 1869.12 1837.86 1801.23 258.528 138.716 57.1039 40.1212 81.6123 40.2312 46.5608
internal_count=18733 16883 9805 1522 1282 226 7078 1056 296 139 760 607 421 8283 1139 412 346 210 727 4082 7144 7053 6867 1073 502 229 170 273 163 136
cat_boundaries=0 1 2
cat_threshold=4 10
is_linear=0
shrinkage=0.03


Tree=157
num_leaves=31
num_cat=0
split_feature=7 8 2 16 16 7 16 8 8 1 10 10 16 16 1 7 5 8 13 5 15 10 17 16 9 18 13 2 11 1
split_gain=5.05453 7.3069 4.32221 3.90976 2.91361 3.33683 2.66858 2.8074 4.18736 3.12149 2.61009 2.8727 2.62074 5.48974 7.22762 2.45932 6.3384 2.98764 2.45417 2.60625 2.70302 3.07963 2.28798 2.52099 2.26771 2.72243 3.32093 3.53636 2.79408 2.71804
threshold=5.6100000000000021 15.355 0.0097025702811244993 1.3588600000000002 1.3951400000000003 2.5000000000000013 0.8610000000000001 22.820000000000004 26.526666666666671 0.023966999999999992 0.2508217050529799 0.38936675694374562 1.7790000000000001 1.901 0.012000000000000005 5.910000000000001 1.0000000180025095e-35 10.980000000000006 4.4500000000000011 1.0000000180025095e-35 0.5238600000000001 0.40199933779605707 1120.0000000000002 2.377333333333334 2.5450000000000004 1042.5000000000002 5.0500000000000007 0.10333333333333337 1.7553287981859411 0.15606000000000006
decision_type=10 10 10 10 10 10 10 10 10 10 10 10 10 10 8 10 10 10 2 10 10 8 2 10 10 2 2 10 10 10
left_child=1 3 -3 18 5 -5 -4 -8 9 -9 12 -12 -6 14 -14 16 17 -2 -1 20 -20 -22 23 -15 -17 26 28 -28 -26 -29
right_child=15 2 6 4 10 -7 7 8 -10 -11 11 -13 13 22 -16 24 -18 -19 19 -21 21 -23 -24 -25 25 -27 27 29 -30 -31
leaf_value=-0.0071619499940138902 0.0082607589595823094 -0.0097111881065450531 0.013184206196664107 0.00081054015754568375 -0.0036627962732352481 0.020999999999999998 -0.0064216681381450546 -7.378579396671037e-05 -0.0053704159247693522 0.020999999999999998 0.010714539673445902 0.0014126602666003785 0.020999999999999998 -0.00073166949457946799 -0.0086058902833725578 -0.0016842720596895026 0.020999999999999998 -0.0091238732104351756 0.00080540164385393281 0.0082970270966768664 -0.007229939908864026 0.0037769231412574989 -0.0060313434203534272 0.014582624123238252 0.018845698335354346 0.00075049144061656975 -0.0052561811208353421 0.01102507991902844 0.0043646996660283701 0.00048968751306423209
leaf_weight=73.68521186709404 20.726893834769726 133.04100110009313 9.6147800423204881 9.5492136813700217 114.82218348234892 8.152991518378256 81.40737085416913 8.0951050296425837 22.042284563183784 9.3758315071463567 48.024178385734558 79.091517627239227 22.302918743342165 36.001974791288376 9.5364205949008447 315.59141742438078 13.349998928606508 15.5879625454545 158.56882249936461 24.574700012803078 109.55160642787814 28.916464153677225 43.987199693918228 13.229225661605595 23.115729123353958 2511.4949590414762 40.450649097561836 41.662424772977829 24.919195950031281 46.791997134685516
leaf_count=809 94 2142 88 78 974 45 675 74 162 68 167 253 172 262 59 1534 66 99 972 129 843 117 330 98 74 8152 98 73 86 69
internal_value=0.000214971 -0.00158749 -0.00590586 -0.000128227 0.00202481 0.0139124 -0.00202748 -0.00323701 0.00332419 0.0142938 0.00145141 0.0049269 -0.000390301 0.00261435 0.0133694 0.000830947 0.00745225 0.000798496 -0.00222354 -0.00109209 -0.00186887 -0.00493136 -0.00105909 0.00338353 0.000721478 0.00100389 0.00460058 0.00209169 0.0113334 0.0054519
internal_weight=4097.26 1043.57 263.576 779.995 384.698 17.7022 130.535 120.921 39.5132 17.4709 366.996 127.116 239.88 125.058 31.8393 3053.69 49.6649 36.3149 395.297 321.612 297.037 138.468 93.2184 49.2312 3004.03 2688.43 176.94 128.905 48.0349 88.4544
internal_count=18862 8517 3209 5308 2438 123 1067 979 304 142 2315 420 1895 921 231 10345 259 193 2870 2061 1932 960 690 360 10086 8552 400 240 160 142
is_linear=0
shrinkage=0.03


Tree=158
num_leaves=31
num_cat=2
split_feature=14 18 7 16 10 0 16 16 16 1 10 9 16 7 14 18 16 18 17 3 7 18 15 15 15 15 13 1 3 2
split_gain=7.60015 5.3311 4.00042 3.85443 3.18733 3.22203 3.08494 3.02067 4.4542 4.29768 3.69495 3.1551 4.08572 3.26846 2.93058 4.72171 4.84717 5.35628 4.24198 3.62834 3.32363 2.9957 2.85229 3.23714 2.83761 2.73155 2.65555 5.03026 3.10438 2.65434
threshold=0 1292.5000000000002 7.4800000000000013 1.1963333333333337 0.18968380796871492 0.15389833333333339 1.5350000000000004 1.7390300000000003 0.68800000000000017 0.058000000000000031 0.1795733682225937 0.56000000000000028 1.8968100000000001 4.3633333333333351 1 1196.2500000000002 2.0690000000000004 1205.0000000000002 1077.5000000000002 0.14200422832980977 0.74500000000000011 1196.2500000000002 1.2190000000000001 1.5703900000000002 1.0450000000000002 1.0450000000000002 9.7500000000000018 0.20426500000000006 0.016000000000000018 0.12512363756613759
decision_type=1 2 10 10 8 10 10 10 8 10 10 10 10 10 1 2 10 2 2 8 8 2 10 10 10 10 2 10 10 8
left_child=-1 4 -3 -4 5 7 -5 8 -2 -10 11 12 -9 -13 18 19 17 -17 21 22 -20 -6 -16 -24 -7 -11 28 -28 -22 -27
right_child=1 2 3 6 14 24 -8 10 9 25 -12 13 -14 -15 15 16 -18 -19 20 -21 26 -23 23 -25 -26 29 27 -29 -30 -31
leaf_value=-0.0085483345324605838 0.001569947307535065 -0.0074451414558774085 -0.0033265369321347489 0.0099130121839379696 -0.0058960839456303968 0.006127390995328507 -0.001456053046582573 0.020999999999999998 -0.0037532382873875663 -0.0064242280887329946 -0.012757947785448075 -0.0026305887141032814 0.0042460693823944528 0.0038711250708698881 0.00079122337084753657 0.01508428279945871 0.019150629767093755 -0.00067489493624779315 0.013300101788766701 0.0017124411960031066 -0.005181129607100066 0.0043613341024321822 -0.011064372022916659 -0.0030065175401142968 -0.0059888595208268001 0.0057483217658700894 0.014908343188994371 0.00079085256821386873 0.0025148446502394135 -0.0027651697369672767
leaf_weight=79.613397907465696 470.01651588082314 124.79171819239855 194.4512725174427 43.529832102358341 89.985250644385815 19.976266339421272 42.405962541699409 9.20410054177046 479.16782699152827 31.864682123064995 14.021238312125204 95.378073211759329 21.939414456486702 257.34356065094471 80.312159709632397 24.014535091817379 17.622082702815533 101.24685426801443 26.597950771450996 160.7465351074934 49.400862812995911 35.827603980898857 70.437469206750393 123.62247553467751 134.69979500025511 110.43365090340376 43.280018270015717 47.805986374616623 1045.8062107861042 46.981677189469337
leaf_count=1779 2211 1079 889 172 300 64 147 62 3625 141 55 823 144 1277 274 75 49 366 90 470 193 137 249 362 449 524 59 70 2500 209
internal_value=9.31863e-05 0.000285219 -0.0029769 -0.000988216 0.000652373 -0.000296963 0.00430282 0.000118543 -0.000667865 -0.00224137 0.00236868 0.0029212 0.0120743 0.00211302 0.00148993 -0.000307517 0.00441888 0.00234638 0.00225148 -0.00186663 0.00281219 -0.00297509 -0.0039635 -0.00593126 -0.00442406 0.00158596 0.00257704 0.00749886 0.00216771 0.00320741
internal_weight=4092.52 4012.91 405.179 280.387 3607.73 1691.03 85.9358 1536.35 1138.46 668.448 397.886 383.865 31.1435 352.722 1916.71 578.002 142.883 125.261 1338.7 435.119 1212.89 125.813 274.372 194.06 154.676 189.28 1186.29 91.086 1095.21 157.415
internal_count=18844 17065 2287 1208 14778 9584 319 9071 6710 4499 2361 2306 206 2100 5194 1845 490 441 3349 1355 2912 437 885 611 513 874 2822 129 2693 733
cat_boundaries=0 1 2
cat_threshold=4 8
is_linear=0
shrinkage=0.03


Tree=159
num_leaves=31
num_cat=1
split_feature=14 12 8 10 17 18 2 18 13 18 8 18 6 11 17 9 7 8 16 2 11 11 11 2 2 16 11 4 8 17
split_gain=6.83208 4.16165 3.15759 2.82152 2.92399 3.54288 5.50527 3.33776 4.87662 4.43342 4.57924 2.60255 2.70794 4.42029 2.59817 2.69704 3.903 3.03619 3.29345 4.92233 2.51289 3.02327 3.06308 3.69761 3.31216 4.29484 3.14373 2.2955 2.28033 3.84528
threshold=0 1.0000000180025095e-35 1.0000000180025095e-35 0.32679798266961352 1152.5000000000002 1042.5000000000002 0.13336833333333339 1191.2500000000002 8.4500000000000011 1122.5000000000002 23.326666666666672 1337.5000000000002 9.516666666666671 2.2657912234042556 1071.2500000000002 5.0900000000000007 21.050000000000008 22.053333333333338 1.8587900000000002 0.046666666666666683 1.6258333333333337 3.6927447552447559 3.5244902039184329 0.15020593625626219 0.090018726591760329 1.1590000000000003 2.2874281609195406 1.0000000180025095e-35 8.7800000000000029 1105.0000000000002
decision_type=1 2 8 10 2 2 8 2 2 2 8 2 10 10 2 10 10 10 8 8 10 10 10 10 10 10 10 10 10 2
left_child=-1 2 -2 4 5 6 -4 9 -9 -6 -11 14 -13 -14 15 16 17 18 -3 -20 -5 22 23 24 25 -22 -25 -28 29 -16
right_child=1 11 3 20 7 -7 -8 8 -10 10 -12 12 13 -15 28 -17 -18 -19 19 -21 21 -23 -24 26 -26 -27 27 -29 -30 -31
leaf_value=-0.008214145042486928 -0.011353995669352031 -0.0043734471047303389 0.00053483519852585407 -0.003359361842332563 -0.0041824294347430381 -0.0009127891345556868 0.020999999999999998 -0.0086672185843366875 0.01057299557348303 0.0067776768630440449 -0.0090750531185781226 -0.010074939872101164 0.012177145285698129 -0.0057519002556856462 0.0085376974434512604 -0.0075329040507148993 0.015445266313634229 0.013924691899226812 0.015872064849686039 -0.0040048929652403437 0.01463860844833024 -0.00092724795377608575 0.013215355308261451 0.015524650025868064 -0.0079686064576425086 -0.0010472580936811454 0.0094122637413895389 -6.3788283944967138e-06 0.001107816859846756 0.0019888678808031961
leaf_weight=79.621199369430542 25.398162286728621 133.9780498854816 33.047366768121719 96.202203467488289 198.78434102237225 828.04365132749081 15.296799547970293 139.63923641294241 12.956137165427206 80.275942765176296 20.609682321548462 37.324116051197052 18.836770839989185 36.08269315212965 107.5302925221622 52.955636635422707 13.841822370886801 11.449487466365097 20.474738538265228 24.787319749593735 20.314077667891979 193.26699079573154 28.812380999326706 27.611407116055489 38.966927513480186 69.312573216855526 40.724278628826141 54.394614413380623 1312.0591499507427 323.33660535886884
leaf_count=1801 186 807 161 373 798 4558 42 765 29 358 71 314 100 132 533 158 39 80 127 118 81 407 67 67 113 222 92 106 4816 1323
internal_value=-2.18335e-05 0.000160627 -0.000846196 -0.000705605 -0.0014629 -0.0004519 0.00744226 -0.00342199 -0.00703362 -0.00158291 0.00353916 0.00108691 -0.00383988 0.000397565 0.00131409 -0.00149883 6.34676e-05 -0.00105307 -0.00200982 0.00498664 0.00106086 0.00195911 0.00395041 0.00288826 -0.000666677 0.00250798 0.00661302 0.00402613 0.00172965 0.00362324
internal_weight=4095.93 4016.31 1923.66 1898.26 1328.65 876.388 48.3442 452.265 152.595 299.67 100.886 2092.66 92.2436 54.9195 2000.41 257.487 204.531 190.69 179.24 45.2621 569.605 473.403 280.136 251.324 128.594 89.6267 122.73 95.1189 1742.93 430.867
internal_count=18844 17043 8496 8310 6782 4761 203 2021 794 1227 429 8547 546 232 8001 1329 1171 1132 1052 245 1528 1155 748 681 416 303 265 198 6672 1856
cat_boundaries=0 1
cat_threshold=4
is_linear=0
shrinkage=0.03


Tree=160
num_leaves=31
num_cat=1
split_feature=14 13 8 8 6 17 16 18 15 7 7 7 13 15 13 18 6 0 11 11 7 11 16 17 7 16 8 16 8 8
split_gain=7.39702 3.20443 3.22659 3.69702 3.56224 2.947 2.68053 3.91428 2.94176 2.41768 7.1854 4.46588 4.02405 2.41682 2.6355 2.81516 3.25567 3.36573 2.39602 2.49745 3.12156 2.42826 2.34855 2.32889 2.25818 5.15434 2.80436 2.19026 3.29591 2.16499
threshold=0 4.7500000000000009 8.0400000000000063 7.8200000000000012 3.4666666666666681 1021.2500000000001 1.1963333333333337 1215.0000000000002 0.77592000000000005 11.645000000000001 8.4900000000000038 20.045000000000005 5.0500000000000007 0.91075000000000017 9.6500000000000004 1042.5000000000002 17.416666666666671 0.054725000000000003 3.7530278710053993 3.4852813852813855 28.073333333333334 3.5812316715542525 0.97335000000000005 1142.5000000000002 0.14500000000000038 1.6020000000000003 0.22000000000000003 1.9113100000000005 13.820000000000002 22.926666666666673
decision_type=1 2 10 10 10 2 10 2 10 10 10 10 2 10 2 2 10 10 10 10 10 10 10 2 8 10 8 10 10 10
left_child=-1 5 3 24 -4 -2 7 9 -8 10 -6 22 -12 27 15 16 17 -15 19 29 21 -21 -11 -14 25 -3 -26 28 -10 -17
right_child=1 2 4 -5 6 -7 8 -9 13 11 12 -13 23 14 -16 18 -18 -19 -20 20 -22 -23 -24 -25 26 -27 -28 -29 -30 -31
leaf_value=-0.0082665479199080481 -0.0087813006782481266 0.017951622915273805 -0.004318686994413617 0.014020786509027928 -0.0030429299519917027 -0.00081652639311967216 -0.0075609004086994464 -0.0036866832334530126 -0.0062247725991376101 -0.0019940640710894571 0.020999999999999998 0.0022088812256608327 -0.001583027496121175 0.0069701681618200258 0.0057186600654343944 0.0015095516495492408 0.0091478384798142371 -0.0071199030994975009 -0.0018584616312066872 0.0090429828082975398 0.012743470303943656 -0.0021662146605316815 -0.010188979286562526 0.012546611424134782 -0.0098684977675034726 -0.0068782416923003466 0.0021802907411001419 0.01610721110948236 0.011324266016950892 -0.0021432450373068276
leaf_weight=80.329450342804193 44.144635617733002 22.831618793308735 138.95621219277382 24.897689692676067 58.205110751092434 790.42497857287526 32.712439104914665 275.6252072006464 17.295479252934456 106.94776819646358 17.747208759188652 233.24548682570457 18.025417804718018 30.181462712585926 112.04770281910896 625.33862093836069 76.106040418148041 30.857625916600227 299.10045597702265 27.568298362195492 35.816321641206741 47.127779878675938 44.599434897303581 25.141951337456703 17.895983688533306 11.222900368273256 609.56151273846626 18.38426810503006 21.737617336213589 190.52376902848482
leaf_count=1827 338 123 906 87 302 5891 130 1130 71 379 92 561 69 108 168 2137 127 81 666 76 69 128 149 83 80 61 2345 64 77 561
internal_value=0.000225095 0.000415053 0.000851559 0.00267212 0.000348334 -0.00123782 0.000624963 -0.000812286 0.00134096 0.000759925 0.0044947 -0.000396244 0.0116971 0.00153103 0.00129592 0.000932235 0.00500836 -0.000152909 0.000476068 0.00122982 0.00546215 0.0019708 -0.00440578 0.00664649 0.00224499 0.00976877 0.00183664 0.00756951 0.00354833 0.000656535
internal_weight=4084.6 4004.27 3169.7 686.41 2483.29 834.57 2344.34 779.538 1564.8 503.912 119.12 384.793 60.9146 1532.09 1474.67 1362.62 137.145 61.0391 1225.48 926.375 110.512 74.6961 151.547 43.1674 661.512 34.0545 627.457 57.4174 39.0331 815.862
internal_count=18886 17059 10830 2696 8134 6229 7228 2765 4463 1635 546 1089 244 4333 4121 3953 316 189 3637 2971 273 204 528 152 2609 184 2425 212 148 2698
cat_boundaries=0 1
cat_threshold=4
is_linear=0
shrinkage=0.03


Tree=161
num_leaves=31
num_cat=1
split_feature=14 2 18 2 13 12 1 16 6 6 8 7 9 3 6 11 7 11 13 11 6 16 3 13 9 9 11 9 3 6
split_gain=6.68328 3.48597 3.58851 4.71698 4 3.48745 3.29537 3.2343 3.09195 3.67023 2.82208 4.10918 2.91889 2.86261 5.2137 2.82024 2.71354 2.95805 2.39791 5.2605 4.17895 3.31756 3.1772 2.92876 3.64186 3.28405 4.47462 2.71489 2.53609 2.47977
threshold=0 0.24333333333333337 1071.2500000000002 0.10333333333333337 9.8500000000000032 1.0000000180025095e-35 0.0080000000000000192 1.1963333333333337 18.983333333333341 16.016666666666673 15.690000000000003 14.745000000000003 2.7450000000000006 0.058989497172192255 21.150000000000006 3.6681957186544349 17.450000000000006 2.6077190369818819 4.8500000000000005 1.8612486248624867 27.566666666666674 1.0767500000000003 0.026676594688508321 6.0500000000000007 2.0600000000000009 2.890000000000001 1.4600884955752214 0.60000000000000031 0.013355666977611943 7.083333333333333
decision_type=1 10 2 8 2 2 10 8 8 10 8 10 8 10 10 10 10 10 2 10 10 10 10 2 10 10 10 10 10 8
left_child=-1 2 3 6 5 18 -2 -6 9 -5 11 15 -12 14 -13 -7 -15 -18 20 21 -4 22 29 24 28 -26 -27 -21 -23 -20
right_child=1 -3 4 8 7 10 -8 -9 -10 -11 12 13 -14 16 -16 -17 17 -19 19 27 -22 23 -24 -25 25 26 -28 -29 -30 -31
leaf_value=-0.0081432696660920997 0.0029756246870880458 0.0022345204195645318 -0.0047272830044222027 0.0061894413859080732 -0.0011624549682881758 -0.00039331554313460921 -0.0023786703374843341 0.0092553189125822357 0.0021816630129478732 0.0199155159407866 -0.010709513924437922 0.018882507523459009 -0.00090939005798007218 -0.0046220864795497611 -0.001457751257274857 0.008820836876367746 -0.0016149555761493567 0.0089770854655867437 0.010751408064728591 0.0077378251861003307 0.010776135256888045 0.0093196627027595357 -0.012093479552112232 0.018956638733379754 0.017694175297380842 -0.0029273826678380228 0.012992389897446607 -0.0028582142645388487 -0.0073179114784543394 -0.0037457941796665783
leaf_weight=78.680771306157112 187.99112872779369 628.64522399008274 359.87223564088345 71.133871771395206 45.867872416973114 548.11545020714402 230.05236774682999 64.58857586979866 110.66077800095081 23.267120197415352 28.652985982596874 31.08342020213604 602.65213948488235 32.115311086177826 17.857398226857185 31.621025204658508 36.137493580579758 69.110976547002792 17.544565953314304 22.531095184385777 16.359157130122185 11.149090539664028 21.397396244108677 13.292295306921003 22.091490842401981 35.087201900780201 29.042720757424831 637.90846475213766 31.663740463554859 26.901571363210678
leaf_count=1793 900 1445 2873 244 92 3087 947 102 252 57 322 110 2478 107 58 102 116 148 108 96 52 69 119 40 115 152 119 2343 168 139
internal_value=2.97563e-06 0.000182917 -0.000198599 0.00185723 -0.00066397 -0.000897794 2.91173e-05 0.00492926 0.00558407 0.00957252 0.000130928 0.00135483 -0.00135419 0.00523077 0.0114608 0.000109259 0.00301109 0.00534026 -0.00205255 -0.00118599 -0.00405317 0.00297244 -0.00259567 0.00554838 0.00416715 0.00771863 0.00428226 -0.00249673 -0.00298524 0.0019768
internal_weight=4083.07 4004.39 3375.75 623.105 2752.64 2642.19 418.043 110.456 205.062 94.401 1397.35 766.041 631.305 186.305 48.9408 579.736 137.364 105.248 1244.84 868.61 376.231 208.17 65.8435 142.327 129.034 86.2214 64.1299 660.44 42.8128 44.4461
internal_count=18753 16960 15515 2400 13115 12921 1847 194 553 301 6528 3728 2800 539 168 3189 371 264 6393 3468 2925 1029 366 663 623 386 271 2439 237 247
cat_boundaries=0 1
cat_threshold=4
is_linear=0
shrinkage=0.03


Tree=162
num_leaves=31
num_cat=0
split_feature=10 7 13 11 11 9 11 18 0 12 11 17 11 10 18 18 1 17 13 15 16 0 17 11 18 13 9 2 15 9
split_gain=7.34825 5.23862 2.57514 4.06795 3.45732 2.63761 2.55804 2.3686 4.16673 2.42169 3.30528 4.3165 3.0336 3.99899 4.5124 2.9012 2.36596 2.19416 2.17345 2.14274 3.30392 2.07139 1.95009 2.17546 2.14994 3.08374 3.86454 3.97349 3.00151 2.87095
threshold=0.08248101252920749 2.2800000000000016 5.6500000000000012 2.8542677993527512 2.3943381180223291 3.0100000000000011 3.3706690561529276 1071.2500000000002 0.0099999999999999985 1.0000000180025095e-35 2.3796551724137935 1162.5000000000002 0.93220122574055164 0.030801534090909095 1215.0000000000002 1225.0000000000002 9.3000000000000011e-05 1088.7500000000002 4.4500000000000011 0.59757000000000005 0.54657000000000011 0.51166666666666683 1066.2500000000002 0.38956639566395673 1112.5000000000002 4.8500000000000005 5.4675000000000011 0.025000000000000012 1.2400000000000004 3.4900000000000002
decision_type=10 8 2 8 10 10 10 2 10 2 10 2 10 8 2 2 10 2 2 8 8 10 2 10 2 2 8 10 10 10
left_child=1 6 -3 4 5 -4 7 8 16 -9 12 15 13 14 18 -12 17 -1 -11 -2 -21 22 24 -24 -22 -26 27 -27 29 -29
right_child=19 2 3 -5 -6 -7 -8 9 -10 10 11 -13 -14 -15 -16 -17 -18 -19 -20 20 21 -23 23 -25 25 26 -28 28 -30 -31
leaf_value=0.013737796654608669 0.0090850322958766494 -0.0019654205869630765 0.011309957616939498 -0.00074854294627822368 0.018381708498592764 -0.0027172908113493786 -0.013236332238708019 -0.0097345724690562022 0.020999999999999998 0.0047355874105071399 -0.011236461476947724 0.020999999999999998 -0.010264470083918396 -0.01221499066113957 -0.014897559070310023 0.020999999999999998 -0.012559751672924427 -0.004353675722941608 0.020999999999999998 -0.0095609902575894586 -0.0053017344457289943 0.01001337140342241 -0.0082876131482880217 0.0010426239536889348 -0.0053996892307717585 -0.0048076485073182589 -0.0059929375479881239 0.020999999999999998 0.0018471110656129337 0.0070096122269812421
leaf_weight=10.476559270173313 27.519961647689342 672.74256115034223 21.749485217034817 182.34483436495066 19.832167223095894 27.092999525368214 36.117882583290339 87.158853657543659 5.9799123704433432 7.6401406750083023 8.1942640244960767 4.4393082223832598 45.326130829751492 11.183311898261307 4.7548027969896784 3.2142186500132075 12.832536935806273 14.226257301867006 6.5777722299098969 28.107947938144207 96.917152650654316 21.677231192588806 22.693075135350227 2525.6924447976053 56.854853555560112 20.812869988381863 30.321333572268486 19.330030746757984 23.290993109345436 19.171804174780846
leaf_count=119 118 4599 74 521 61 74 762 1232 59 112 145 69 585 120 77 67 135 179 58 135 369 40 115 8226 317 96 92 83 89 75
internal_value=-6.05588e-05 -0.00205366 -0.000997876 0.00159518 0.00781825 0.00352902 -0.00583208 -0.00462748 0.00164836 -0.00615752 -0.00274382 0.00971155 -0.00535888 0.00201448 0.0104019 -0.00174945 -0.00210962 0.00331899 0.0188627 0.000753859 0.000673829 0.000775241 0.000704104 0.000959539 -0.00173666 0.000298408 0.0031672 0.00652953 0.0103481 0.0154906
internal_weight=4074.27 1181.88 923.762 251.019 68.6747 48.8425 258.122 222.004 43.5153 178.489 91.3299 15.8478 75.4822 30.156 18.9727 11.4085 37.5354 24.7028 14.2179 2892.39 2864.87 2836.76 2815.08 2548.39 266.699 169.782 112.927 82.6057 61.7928 38.5018
internal_count=18803 9048 5329 730 209 148 3719 2957 492 2465 1233 281 952 367 247 212 433 298 170 9755 9637 9502 9462 8341 1121 752 435 343 247 158
is_linear=0
shrinkage=0.03


Tree=163
num_leaves=31
num_cat=1
split_feature=14 12 6 0 6 2 0 6 1 15 1 15 15 18 6 6 0 1 18 6 1 17 0 9 6 5 1 1 9 11
split_gain=6.89706 3.77744 6.76662 2.35799 3.49514 3.22345 2.92307 2.78805 3.49298 6.95182 3.75374 3.32832 3.91873 3.99149 3.36998 3.09408 2.7229 2.54679 2.48385 3.58322 4.8724 3.67459 2.71505 3.33866 2.57283 2.55982 3.81693 2.94145 2.46348 2.35971
threshold=0 1.0000000180025095e-35 20.450000000000006 0.12349166666666669 42.616666666666674 0.056666666666666671 0.053333333333333316 25.616666666666671 0.065982000000000027 2.1810000000000009 0.076290000000000038 1.4990000000000003 1.4110000000000003 1108.7500000000002 14.850000000000003 29.016666666666673 0.40166666666666678 0.12400000000000004 1205.0000000000002 0.63333333333333408 0.014000000000000004 1112.5000000000002 0.0099999999999999985 3.6450000000000009 13.016666666666669 1.0000000180025095e-35 0.040042000000000015 0.049999999999999996 4.8100000000000014 1.892024377318495
decision_type=1 2 10 10 10 10 10 10 10 10 10 10 10 2 10 10 10 10 2 8 8 2 10 10 10 10 10 8 10 10
left_child=-1 2 -2 4 5 6 18 8 -7 10 -10 12 13 -12 -13 -9 -5 -16 -3 -20 21 29 23 -23 25 27 -27 -22 -15 -21
right_child=1 3 -4 16 -6 7 -8 15 9 -11 11 14 -14 28 17 -17 -18 -19 19 20 24 22 -24 -25 -26 26 -28 -29 -30 -31
leaf_value=-0.0083361614025607694 -0.0019609496327286568 0.0015858839668795341 0.0018729347549448798 -0.0011732279057904452 0.015821635715811112 0.0013916432471697739 -0.011542553924438896 -0.010417248045905761 0.010861750933824748 0.018193333636334897 -0.006556646436091028 -0.00896540778172728 0.017322134603725847 0.0016137247649832206 0.0081235877561935278 0.0039697941119391728 0.0068210281287968315 -0.0043978198949980833 -0.0118285309111106 0.0053574334524171142 -0.010237371142328415 -0.003249914129489836 0.020999999999999998 0.018503873310883847 -0.014897559115124269 0.01582814395160383 -0.0054218750405505001 0.002441381822019458 0.016935368713225516 -0.010851107358485441
leaf_weight=76.715607680380344 1307.9161165766418 695.24309594929218 606.42221315205097 513.68623360991478 15.625409558415411 248.6309584453702 17.88372764736414 26.783854335546494 60.560628443956375 38.076942175626755 25.177100948989391 35.400310456752777 22.346581131219864 19.986331917345524 33.881891369819641 27.030818417668343 41.439159318804741 25.714924290776253 29.325244057923555 17.773395955562592 45.062559254467487 15.453767627477648 14.705018848180769 10.777980990707873 17.633752956986427 14.645718507468702 15.829991832375525 25.953142262995243 17.905987322330475 14.827805675566195
leaf_count=1790 6987 3617 1438 1278 27 1009 90 66 213 92 67 119 58 77 89 58 74 64 287 153 304 112 102 48 85 77 74 159 52 100
internal_value=3.47077e-05 0.000215477 -0.000746456 0.00109871 0.00170562 0.00156018 0.000469531 0.00331408 0.00397746 0.00628139 0.00439915 0.0022298 0.006527 0.0027021 -0.001634 -0.00319071 -0.00057647 0.00272083 0.000703737 -0.00205905 -0.000572037 0.00550007 0.0114846 0.00568818 -0.00432045 -0.00248272 0.00479025 -0.00560384 0.00885396 -0.0020146
internal_weight=4078.42 4001.7 1914.34 2087.36 1532.24 1516.61 935.115 581.496 527.682 279.051 240.974 180.413 85.416 63.0694 94.9971 53.8147 555.125 59.5968 917.231 221.988 192.663 73.538 40.9368 26.2317 119.125 101.491 30.4757 71.0157 37.8923 32.6012
internal_count=18766 16976 8425 8551 7199 7172 5208 1964 1840 831 739 526 254 196 272 124 1352 153 5118 1501 1214 515 262 160 699 614 151 463 129 253
cat_boundaries=0 1
cat_threshold=4
is_linear=0
shrinkage=0.03


Tree=164
num_leaves=31
num_cat=1
split_feature=14 18 7 10 10 16 16 9 7 7 7 11 4 7 18 11 5 13 5 18 18 4 10 16 7 9 7 9 11 0
split_gain=7.68344 5.28034 6.21949 5.14733 3.39375 3.16005 3.16001 3.09883 5.44365 5.08741 2.91051 2.88922 3.58247 2.85837 2.53588 2.50829 2.45366 2.29907 3.26332 3.72575 3.70155 2.74723 2.94691 3.46556 2.73214 3.06075 2.24485 2.23895 2.84164 2.48376
threshold=0 1292.5000000000002 7.410000000000001 0.19314656877416578 0.17130274209879423 1.1963333333333337 1.3210000000000004 5.990000000000002 11.645000000000001 23.550000000000001 5.1900000000000004 3.6681957186544349 1.0000000180025095e-35 3.4550000000000005 1170.0000000000002 3.9099909990999104 1.0000000180025095e-35 7.8500000000000005 1.0000000180025095e-35 1095.0000000000002 1108.7500000000002 0.58333333333333337 0.35528120174853672 1.5190100000000004 23.550000000000001 9.8900000000000023 4.2100000000000017 1.3200000000000007 2.4977477477477481 0.010000000000000009
decision_type=1 2 10 8 10 10 10 10 10 10 8 10 10 10 2 10 10 2 10 2 2 10 10 10 10 10 8 10 10 10
left_child=-1 3 -3 4 7 15 -7 -2 -9 -10 11 12 13 27 26 -4 -11 21 20 -20 -19 -12 23 -23 -21 -26 -15 29 -29 -5
right_child=1 2 5 10 -6 6 -8 8 9 16 17 -13 -14 14 -16 -17 -18 18 19 24 -22 22 -24 -25 25 -27 -28 28 -30 -31
leaf_value=-0.0090291954059758105 -0.0010133383368105639 -0.0090515333779523418 -0.0013567648125674607 0.0074580704576386308 -0.0055291199151275396 0.012555986241758604 0.00018201073955601487 0.016214331312605777 -0.005319127906704778 0.011870523486273035 -8.412709483221599e-05 -0.0068083191874679528 0.018782756331091541 0.012589105950170676 0.017425573611996956 -0.010035767590128442 0.0023714057785534184 0.0016105925023470172 0.0070888832220536201 0.0034685309754570962 0.013132735662699032 0.015078725256073485 -0.00042366765562403317 0.0030170453193246864 -0.009848375170308999 0.00080020223344296273 -0.0007156776338974795 -0.00840656762880586 0.0074838297632493708 -0.0050456901638914597
leaf_weight=76.732115335762501 1337.4895338453352 118.02890199422836 157.30244183540344 65.755249455571175 128.08963953703642 26.226120755076408 63.662293180823326 24.10653904825449 72.036849349737167 31.380656167864799 1152.3325584977865 18.543151713907719 16.923832088708878 20.737328395247459 23.203196480870247 37.023388884961605 111.18211287260056 47.249384015798569 69.588339120149612 66.971249520778656 53.513529226183891 35.027690306305885 72.544415727257729 55.262174308300018 47.532433360815048 49.688613474369049 25.384502157568932 32.352530017495155 14.74439327418804 18.270644783973694
leaf_count=1804 8478 1053 760 271 495 104 231 88 223 85 3271 57 57 68 88 121 260 81 106 136 101 77 141 111 79 82 84 143 49 65
internal_value=-0.000195746 -3.33462e-06 -0.00326281 0.000361874 -0.000833013 -0.000858854 0.00379228 -0.000451383 0.00269729 0.00117889 0.00144185 0.00455862 0.00552829 0.00440921 0.00933611 -0.00301031 0.00446233 0.00099614 0.00321667 0.00127144 0.00772981 0.000431295 0.00407879 0.00769634 -0.00119411 -0.004406 0.00526643 0.00180434 -0.00343184 0.00473924
internal_weight=4068.89 3992.15 402.243 3589.91 1704.29 284.214 89.8884 1576.2 238.706 214.6 1885.63 235.915 217.372 200.448 69.325 194.326 142.563 1649.71 334.544 233.781 100.763 1315.17 162.834 90.2899 164.192 97.221 46.1218 131.123 47.0969 84.0259
internal_count=18769 16965 2269 14696 9629 1216 335 9134 656 568 5067 882 825 768 240 881 345 4185 585 403 182 3600 329 188 297 161 152 528 192 336
cat_boundaries=0 1
cat_threshold=4
is_linear=0
shrinkage=0.03


Tree=165
num_leaves=31
num_cat=0
split_feature=7 10 15 16 11 3 10 13 16 3 18 7 15 3 3 12 15 11 7 10 16 1 16 7 1 13 7 13 2 11
split_gain=6.23005 4.56779 4.08128 3.94104 3.83428 3.49487 3.49191 3.00514 2.97137 3.8717 2.8127 2.76035 2.70275 2.69459 2.46448 3.92752 3.72195 2.90282 5.65575 3.48159 2.76975 2.6579 4.45028 2.96767 3.06294 8.09359 2.42992 2.54524 2.41808 2.3666
threshold=7.745000000000001 0.026839704271238222 1.0000000180025095e-35 1.3455000000000001 2.577350427350428 0.38888001188188903 0.030801534090909095 5.0500000000000007 1.5622500000000004 0.080004447739065995 1106.2500000000002 8.0900000000000034 2.3670000000000004 0.030000000000000016 0.022011235955056187 1.0000000180025095e-35 0.88100000000000012 1.4449494949494952 3.3000000000000007 0.097558699597018794 1.5590000000000004 0.0080000000000000192 1.667 3.1700000000000013 0.030000000000000016 4.6500000000000012 3.9600000000000013 4.7500000000000009 0.12336477987421386 0.18301435406698566
decision_type=10 8 8 8 10 8 8 2 8 10 2 10 10 10 10 2 8 10 10 10 10 10 10 10 10 2 10 2 8 10
left_child=1 2 4 5 -1 28 -5 12 9 10 -9 13 14 -2 15 -8 -17 20 19 -19 -18 22 -16 -23 25 -25 -26 -28 -3 -4
right_child=11 3 29 6 -6 -7 7 8 -10 -11 -12 -13 -14 -15 21 16 17 18 -20 -21 -22 23 -24 24 26 -27 27 -29 -30 -31
leaf_value=0.0027992376453536121 0.016490908159144977 -0.0029202134560032513 0.008357447011687457 0.016539141278619215 -0.0083079047451357531 0.0075766822424641013 -0.0081067785109127134 0.0021302829621312404 0.0010747607614193929 -0.0025444572543763112 0.01740495026660582 0.00093084074471514464 -0.014897559094909359 0.0026442770554942212 -0.002725822516502966 -0.012889709982206052 -0.010289025493121504 0.020999999999999998 -0.0075202847007924505 0.0042640185225627852 0.0054771648273615973 -0.0078228949054547307 0.020999999999999998 0.019739029977144031 0.012143094755318619 -0.0030609015472719448 -0.0087533871552146845 0.0028125730008456665 -0.010345903381894461 -0.0086324111321730203
leaf_weight=88.15154629945755 20.071066148579121 273.01541519537568 7.740268748253583 12.405882179737089 40.973317734897137 25.362368956208229 83.937331303954124 15.856383614242075 247.92891971021891 21.856858760118484 34.362655386328697 2670.5163113251328 12.719283312559126 34.203944720327854 12.323631733655931 14.94136121496558 19.528988376259804 13.632938463240864 12.199627839028834 12.525064729154108 20.613776195794344 33.923871524631977 13.76658923178911 25.98408255726099 9.9849655479192716 30.413991428911686 39.061406590044498 30.491020292043686 46.137056663632393 158.01701870560646
leaf_count=687 95 1961 102 117 468 171 704 60 885 73 144 8345 95 161 73 120 165 139 93 79 158 242 65 171 65 167 260 158 231 2537
internal_value=0.000239679 -0.00142043 -0.004724 -0.000503973 -0.000725231 -0.0031419 0.000760963 0.000483728 0.00263343 0.00799498 0.0125821 0.00106697 -0.00129821 0.0077648 -0.000834883 -0.00339677 0.000834166 0.0034463 0.00934794 0.017215 -0.0021929 0.00148421 0.0103993 0.000114862 0.0020958 0.00744363 -0.00169622 -0.003683 -0.00399368 -0.00783905
internal_weight=4082.65 1357.86 294.882 1062.97 129.125 344.515 718.459 706.053 320.005 72.0759 50.219 2724.79 386.048 54.275 373.329 177.379 93.4418 78.5004 38.3576 26.158 40.1428 195.95 26.0902 169.859 135.935 56.3981 79.5374 69.5524 319.152 165.757
internal_count=18791 10190 3794 6396 1155 2363 4033 3916 1162 277 204 8601 2754 256 2659 1458 754 634 311 218 323 1201 138 1063 821 338 483 418 2192 2639
is_linear=0
shrinkage=0.03


Tree=166
num_leaves=31
num_cat=2
split_feature=14 12 6 13 18 14 11 0 3 11 15 8 18 15 1 0 18 18 11 11 6 8 9 9 3 1 15 9 6 15
split_gain=6.84785 3.9035 5.99837 2.94726 2.82749 2.77856 2.64298 2.95326 5.04501 6.12191 2.78136 2.84727 2.49664 2.50503 2.46041 2.38215 2.55307 2.32768 2.45137 3.03717 4.17082 2.40108 4.27188 3.87787 4.06932 6.50196 3.64423 4.21029 3.35378 2.60659
threshold=0 1.0000000180025095e-35 23.583333333333339 9.6500000000000004 1055.0000000000002 1 2.2176700111482726 0.04666666666666669 0.020000000000000014 1.3821877065432917 1.1530000000000002 12.020000000000003 1215.0000000000002 0.85249000000000008 0.033976000000000013 0.08020666666666669 1310.0000000000002 1320.0000000000002 1.0045454545454546 2.0775240384615388 10.21666666666667 7.955000000000001 3.3450000000000011 3.5450000000000008 0.027779967908914009 0.070040000000000033 1.0000000180025095e-35 1.5100000000000005 0.76666666666666694 2.1810000000000009
decision_type=1 2 10 2 2 1 10 8 10 10 10 10 2 8 10 10 2 2 10 10 8 10 10 10 10 10 8 10 8 10
left_child=-1 2 5 4 -4 12 7 8 -7 -10 -11 -12 -2 14 -14 -15 -17 21 -19 20 -20 26 29 24 -24 -26 27 28 -3 -23
right_child=1 17 3 -5 -6 6 -8 -9 9 10 11 -13 13 15 -16 16 -18 18 19 -21 -22 22 23 -25 25 -27 -28 -29 -30 -31
leaf_value=-0.0082777064804604918 3.8669112456605435e-05 0.012382887501715855 0.0080856474867182209 0.0088239337081778679 0.00047918444696398054 -0.0042306913522738203 -0.0068459178009336397 -0.0071633314651451622 -0.0035857468986008664 0.020999999999999998 0.017097227981722085 -0.001058544926006204 -0.0014279255715461384 -0.0070688486592709911 0.016106836146405554 -0.0045365635446650773 0.0068664173295186247 -0.013143354817666757 -0.0026287581598968342 -0.004051196735539297 0.017215661108468255 -0.0027515988426208391 -0.0040458879065692422 0.0013782438833304662 0.020999999999999998 0.0018920225683974165 0.0023702903858673872 0.01718003222928632 -0.012013279917910012 0.0071432397316654409
leaf_weight=75.949887085705996 751.1936639174819 9.8971985653042811 49.601433843374252 53.116386711597443 388.24865436553955 104.0605386942625 160.21578124538064 69.819511685520411 34.477234415709972 12.454137124121187 15.940096803009512 15.174491390585898 22.272320777177811 134.1217060610652 10.643652305006979 49.223068699240685 27.568491451442242 17.10177118703723 22.007040336728096 91.274840660393238 16.81550445407629 326.03432800993323 13.822755627334116 1094.8768561556935 17.441332340240479 19.655046135187149 401.32385978847742 33.668363481760025 10.401211701333521 25.861131407320499
leaf_count=1813 2742 74 77 78 939 1129 1233 469 259 93 112 119 137 694 52 168 109 151 185 414 88 2218 86 3095 81 74 1799 97 62 150
internal_value=0.000101475 0.000280643 -0.000704652 0.00215045 0.00134088 -0.00170081 -0.0037426 -0.00191756 9.36687e-05 0.00585944 0.0133337 0.00824271 -0.000809347 -0.00345513 0.00424208 -0.00465638 -0.000442846 0.00117248 -0.00246542 -0.00106177 0.00596661 0.00144668 0.000866703 0.00175462 0.00984756 0.0150245 0.00335452 0.0106737 -0.000118077 -0.00202442
internal_weight=4074.26 3998.31 1898.13 490.966 437.85 1407.16 412.142 251.926 182.106 78.046 43.5687 31.1146 995.023 243.829 32.916 210.913 76.7916 2100.18 147.199 130.097 38.8225 1952.98 1497.69 1145.8 50.9191 37.0964 455.291 53.9668 20.2984 351.895
internal_count=18797 16984 8410 1094 1016 7316 3414 2181 1712 583 324 231 3902 1160 189 971 277 8574 838 687 273 7736 5704 3336 241 155 2032 233 136 2368
cat_boundaries=0 1 2
cat_threshold=4 10
is_linear=0
shrinkage=0.03


Tree=167
num_leaves=31
num_cat=1
split_feature=13 14 5 8 16 9 17 8 11 2 5 3 9 10 3 16 16 10 17 2 7 16 9 8 10 0 9 0 11 11
split_gain=6.14117 5.06795 3.78288 4.11437 4.01242 2.94693 2.93132 4.60891 4.12554 3.39708 2.43146 2.42828 4.332 4.23239 3.67598 3.07759 2.92347 2.47214 2.26632 3.72283 2.23242 2.19249 2.20353 4.13149 4.08118 4.00655 6.1277 3.56681 2.75572 3.48513
threshold=5.2500000000000009 0 1.0000000180025095e-35 16.580000000000005 1.3863800000000002 6.4600000000000009 1105.0000000000002 15.240000000000004 1.2012658227848103 0.01774404282260849 0.22500000000000003 0.32307071960297767 0.34500000000000008 0.12523499408379171 0.022011235955056187 1.7952633333333334 1.4130000000000005 0.026839704271238222 1152.5000000000002 0.037406077694235595 5.7633333333333345 1.3570000000000004 2.5450000000000004 8.6450000000000014 0.47047544265718649 0.013333333333333343 4.8900000000000015 0.0099999999999999985 3.1878094059405946 1.9039778714436251
decision_type=2 1 10 10 10 10 2 10 10 8 10 8 10 10 10 10 10 10 2 10 10 10 10 10 10 10 10 10 10 8
left_child=1 -1 4 6 21 -5 9 8 -8 20 -11 12 13 15 -14 -6 -16 -18 19 -10 -4 22 24 -24 -3 26 27 28 29 -25
right_child=-2 2 3 5 11 -7 7 -9 18 10 -12 -13 14 -15 16 -17 17 -19 -20 -21 -22 -23 23 25 -26 -27 -28 -29 -30 -31
leaf_value=-0.0087911258467004479 0.001271373255074296 -0.0055428099408331467 0.020999999999999998 -0.0027676168788844909 -0.011471910325204766 0.0042244549994967674 0.018435840011995407 0.020999999999999998 -0.0057528630361771502 0.00057857325795090942 -0.012862863805857539 -0.0085580221675757625 -0.004159177032798036 0.020999999999999998 0.014655065970541611 0.012359610962073031 -0.012451718201634017 0.0012325096140440317 -0.0038004821190127775 0.014157393310276645 0.0037566886572853197 -0.012383036981189218 0.013286355358833915 -0.0029907270010426702 0.012186485559076886 -0.0052455861854820594 -0.013139827265055281 0.020793537872109538 -0.01157839065703776 0.013426077940029037
leaf_weight=63.525013592094183 2376.7803038544953 285.41652476787567 9.7601092457771319 205.27715256810188 8.7574650831520575 73.737002015113831 17.099966242909431 18.902129404246807 13.12236053496599 67.846408374607563 14.744222246110438 28.393241655081511 153.65443190187216 14.019002735614775 14.211935266852377 11.006278306245802 12.265719987452028 379.41561894118786 32.440974876284599 23.748102858662605 16.082127787172794 23.861392792314291 17.030991122126579 20.15649472177029 12.184295311570166 136.75960435345769 17.067450515925884 13.448732018470762 9.0384084992110711 27.538836449384686
leaf_count=1558 6764 2509 74 1050 82 211 84 81 77 334 64 179 1347 55 86 77 96 1965 146 102 88 169 76 160 63 842 94 114 86 207
internal_value=0.000279891 -0.00107404 -0.000724969 0.00147956 -0.0016484 -0.000919774 0.00461154 0.0081764 0.00523867 0.00114924 -0.00182102 1.26013e-05 0.00042274 0.0108552 -0.000207123 0.00179968 0.00128896 0.00080398 0.00198277 0.00707125 0.010642 -0.00348428 -0.00309007 -0.000957994 -0.00481694 -0.00204096 0.00298211 0.00690276 0.00360995 0.00648818
internal_weight=4117.29 1740.51 1676.99 492.761 1184.23 279.014 213.746 105.314 86.4114 108.433 82.5906 621.724 593.33 33.7827 559.548 19.7637 405.893 391.681 69.3114 36.8705 25.8422 562.503 538.641 241.041 297.601 224.01 87.2499 70.1825 56.7337 47.6953
internal_count=18840 12076 10518 2311 8207 1261 1050 490 409 560 398 3887 3708 214 3494 159 2147 2061 325 179 162 4320 4151 1579 2572 1503 661 567 453 367
cat_boundaries=0 1
cat_threshold=4
is_linear=0
shrinkage=0.03


Tree=168
num_leaves=31
num_cat=0
split_feature=10 7 18 8 6 7 9 8 13 9 18 9 15 8 10 3 10 17 2 13 16 12 18 17 6 16 9 1 8 15
split_gain=6.48697 6.49759 3.22163 2.9464 2.85773 4.65704 3.35016 2.7312 2.43782 2.41685 2.51217 2.58141 2.42846 2.38372 2.61553 2.4448 2.07173 2.1992 2.05868 2.04984 2.62342 2.26555 5.87287 4.20051 3.69408 4.64204 2.55036 2.74039 2.55021 3.869
threshold=0.077703162419045638 9.4675000000000029 1188.7500000000002 7.955000000000001 10.516666666666667 13.022500000000003 4.8900000000000015 15.420000000000002 13.550000000000002 2.5633333333333339 1068.7500000000002 2.663333333333334 1.1300000000000003 13.360000000000003 0.06008405059311285 0.01913977039759852 0.057302512168739869 1105.0000000000002 0.0827154761904762 10.050000000000002 1.5622500000000004 1.0000000180025095e-35 1055.0000000000002 1066.2500000000002 4.6666666666666687 2.2953333333333337 4.8100000000000014 0.11200000000000006 27.253333333333341 2.1041400000000006
decision_type=10 10 2 10 10 10 10 10 2 10 2 10 10 10 8 10 8 2 10 2 8 2 2 2 8 10 8 10 10 10
left_child=1 2 7 -3 5 6 16 13 19 -9 12 -12 -11 18 15 -15 17 -5 -1 21 -21 22 24 26 -2 -26 27 -23 29 -25
right_child=8 3 -4 4 -6 -7 -8 9 -10 10 11 -13 -14 14 -16 -17 -18 -19 -20 20 -22 23 -24 28 25 -27 -28 -29 -30 -31
leaf_value=-0.0024918520441415083 -0.004930828079147815 0.0077795602740639005 -0.0068252618768458485 -0.0094063258392625502 -0.0012701081355373628 -0.0070057733927323144 0.020999999999999998 -0.012031915586092594 -0.0072679228762486956 0.014327606520373458 0.014314405775087776 -0.0078534373646735774 -0.0071293561660834594 -0.0030585771847982182 0.020999999999999998 0.015903056716199983 0.015270730078766987 0.0095832981381075103 0.0095414605969815491 0.0002283679892561298 0.0094845229709670312 -0.0027394119882944551 -0.0010867558018060268 0.0016648961630205017 0.011764666382183681 -3.675982399564873e-05 -0.0094760707340112525 0.01170121156721933 -0.0013555949642827829 0.0066058134683170313
leaf_weight=244.24242631345987 27.090126410126686 46.302177183330059 237.85050767660141 10.926506966352465 352.23021744936705 19.007104925811291 12.203114822506903 41.875411134213209 35.388318508863449 12.318150889128448 5.134882226586341 59.624182671308517 7.7237941250205031 20.27201342955232 6.0580836012959471 8.7660584896802884 12.927481487393377 11.02902542054653 13.502996545284985 57.51713553071022 52.907704502344131 93.764288030564785 1209.9223798327148 963.62524292618036 78.763117447495461 48.449614532291889 44.268287383019924 13.534460216760634 190.51889149099588 167.41559913009405
leaf_count=1914 115 145 2812 68 1387 88 47 722 66 114 76 683 88 231 51 68 85 62 86 97 69 449 4539 3321 193 114 137 44 496 486
internal_value=-0.000172187 -0.00211674 -0.00403607 0.000598788 -0.000196017 0.00552813 0.0105877 -0.00245471 0.000559178 -0.00613508 -0.00322317 -0.0060957 0.00605849 -0.000862667 0.0064723 0.00266559 0.00574286 0.000132821 -0.00186144 0.000653143 0.00466326 0.000497076 -0.000383827 0.00131286 0.00512799 0.00727003 -0.00341749 -0.000917899 0.00185537 0.00239625
internal_weight=4105.16 1121.99 657.369 464.626 418.323 66.0932 47.0861 419.518 2983.17 126.676 84.801 64.7591 20.0419 292.842 35.0962 29.0381 34.883 21.9555 257.745 2947.78 110.425 2837.35 1364.23 1473.13 154.303 127.213 151.567 107.299 1321.56 1131.04
internal_count=18853 8727 6845 1882 1737 350 262 4033 10126 1683 961 759 202 2350 350 299 215 130 2000 10060 166 9894 4961 4933 422 307 630 493 4303 3807
is_linear=0
shrinkage=0.03


Tree=169
num_leaves=31
num_cat=1
split_feature=14 18 0 0 10 16 5 9 1 3 6 6 17 3 16 17 6 9 11 11 18 9 9 11 7 7 11 15 7 17
split_gain=6.16147 2.37611 4.34779 2.97703 2.20329 2.87331 2.51993 5.40324 5.28225 4.76872 3.70963 4.1086 3.74504 3.11794 3.51761 4.1768 2.8047 3.0472 2.79685 2.53343 2.20199 2.14747 2.57212 2.09476 3.2558 3.48367 3.08921 2.44826 3.9137 2.62687
threshold=0 1071.2500000000002 0.29025166666666674 0.22816833333333339 0.072393745611327179 0.54657000000000011 1.0000000180025095e-35 2.390000000000001 0.013999999999999999 0.08122429144385028 8.0333333333333368 13.54166666666667 1148.7500000000002 0.058070719602977626 0.47027000000000002 1232.5000000000002 0.76666666666666694 1.8291666666666668 2.3668776371308025 2.8299879566439183 1183.7500000000002 7.1450000000000014 5.1225000000000014 1.1678403755868547 10.330000000000002 11.526666666666669 1.7463737649779274 1.6580000000000001 20.810000000000006 1192.5000000000002
decision_type=1 2 10 10 8 8 8 8 10 8 8 8 2 10 10 2 10 10 10 8 2 10 10 10 10 10 8 10 10 2
left_child=-1 2 3 23 6 -6 9 8 -8 13 -9 12 20 14 15 16 17 -3 -15 -17 -12 22 -18 -2 -25 -26 -27 29 -29 -28
right_child=1 4 -4 -5 5 -7 7 10 -10 -11 11 -13 -14 18 -16 19 21 -19 -20 -21 -22 -23 -24 24 25 26 27 28 -30 -31
leaf_value=-0.0081044792496398708 0.0057636061097235923 0.017675134439434571 0.012304887812818533 -0.0072903773428928493 -0.0085764342634993516 0.00030438550565580451 -0.0013033287510645327 -0.011294185462649001 0.020999999999999998 -0.012678787189630314 0.020999999999999998 -0.0015271260472857946 -0.0030882897762891455 0.0011545640901766492 -0.0049849491011306479 0.020999999999999998 -0.0020370493908604135 -0.0092775679939214074 0.020999999999999998 0.0035832384993422163 0.0071934834107816713 0.0061995849359770634 -0.012569536565902571 -0.0019300756726408424 0.012646919192368664 0.012052721021150757 -0.0024547896200846978 0.012991843734074903 -0.0016246578428220609 0.0053827012676865415
leaf_weight=73.758120253682137 94.379962392151356 12.894236057996752 33.085258856415749 35.49277625977993 33.221935477107763 2512.1785978637636 11.03409291803837 24.97659458220005 10.886953093111513 40.562980588525534 11.184802554547788 118.91910947859287 12.701886542141436 18.689116686582569 245.14229863137007 11.346642963588236 109.63795612752438 5.3380866758525363 9.0763814449310285 16.23306575417519 12.222148552536963 21.329901158809662 25.772945672273636 217.46702159196138 29.406982555985451 24.48954139649868 163.95063742995262 34.421676352620125 31.643420726060867 50.295212507247925
leaf_count=1800 477 125 48 60 181 9088 78 195 84 314 55 458 50 134 2382 53 671 68 59 89 73 66 102 1131 98 71 425 77 57 108
internal_value=-5.20866e-05 0.000117296 0.00168439 0.00116883 -0.000225518 0.000188475 -0.00169328 0.00114796 0.0152105 -0.00280509 -0.000564587 0.00116406 0.0100271 -0.00196273 -0.00256774 0.00035772 -0.00135262 0.00978388 0.00779247 0.0112086 0.0171442 -0.00264804 -0.00404171 0.00163356 0.00092699 0.00278607 0.0018347 0.000941993 0.00599093 -0.000614902
internal_weight=4051.74 3977.98 714.632 681.547 3263.35 2545.4 717.949 201.926 21.921 516.024 180.005 155.028 36.1088 475.461 447.695 202.553 174.973 18.2323 27.7655 27.5797 23.407 156.741 135.411 646.054 551.674 334.207 304.8 280.311 66.0651 214.246
internal_count=18677 16877 2552 2504 14325 9269 5056 993 162 4063 831 636 178 3749 3556 1174 1032 193 193 142 128 839 773 2444 1967 836 738 667 134 533
cat_boundaries=0 1
cat_threshold=4
is_linear=0
shrinkage=0.03


Tree=170
num_leaves=31
num_cat=1
split_feature=14 17 12 10 17 8 16 13 16 11 7 7 16 16 8 4 16 8 10 13 13 17 1 2 17 6 6 1 0 16
split_gain=6.30359 3.04504 2.31576 3.11678 3.87123 2.84968 4.01472 2.84178 3.56665 2.89492 2.64566 3.9463 4.71776 5.70914 3.3133 2.9657 2.93026 2.63551 2.51883 2.73871 5.26997 2.48659 2.4282 3.38931 3.32469 2.97499 2.56665 2.38964 2.38599 4.71865
threshold=0 1021.2500000000001 1.0000000180025095e-35 0.3619038624460465 1210.0000000000002 8.1800000000000015 1.0000000180025095e-35 6.4500000000000011 1.9090000000000003 1.8186147186147188 16.590000000000007 18.145000000000003 1.1860000000000004 1.8030000000000002 32.820000000000007 0.83333333333333337 1.7790000000000001 5.9099999999999993 0.076019985165501666 6.3500000000000005 7.7500000000000009 1157.5000000000002 0.073958000000000038 0.1400428297149609 1142.5000000000002 32.216666666666676 13.016666666666669 0.03605000000000002 0.026666666666666658 1.6436666666666666
decision_type=1 2 2 8 2 10 8 2 10 8 10 10 10 10 10 10 10 10 8 2 2 2 10 8 2 10 10 10 10 10
left_child=-1 -2 3 21 7 6 17 8 -5 -10 -7 12 -12 -14 15 -13 -16 -4 -8 -20 -21 22 25 24 -24 27 -25 28 -3 -30
right_child=1 2 5 4 -6 10 18 -9 9 -11 11 14 13 -15 16 -17 -18 -19 19 20 -22 -23 23 26 -26 -27 -28 -29 29 -31
leaf_value=-0.0081062967177370701 -0.0052443939653016095 -0.0016810557039605696 0.0060865836244767494 -0.00016010232971219038 0.0050770079577158551 -0.0007986037305427134 -0.002852277909475876 -0.0032549763186783083 0.00029791210238960141 0.015201163581799897 -0.0020344663386301053 0.0013158384192789685 0.020581614943977547 0.0017309477745019932 -0.00086133043641438499 0.011692967283242105 -0.011905040959824848 0.020067099921692873 0.0046547619879238828 -0.0064529306729102891 0.0091657399249347096 -0.0030211022973738264 0.0036178390741180202 -0.010589577975434498 0.017379271199434037 0.013551962245967289 0.00052905622333590942 -0.0051544155116342288 -0.0022570105630880552 0.013520561952031579
leaf_weight=73.780534327030182 90.125879939645529 333.6737302467227 37.170925170183182 154.70783208683133 180.22918742150068 804.31490694358945 77.208658311516047 162.33511352539062 19.742724433541298 28.904880926012993 30.31930223107338 553.24616594612598 33.822658628225327 25.25782997906208 76.943745598196983 25.949091523885727 30.075004726648331 18.018193684518337 265.4416309595108 60.393420904874802 28.674372315406799 452.15505550801754 105.31774634867907 20.891456387937069 18.589185789227486 11.599492087960241 176.96688121557236 141.63806407526135 40.346350587904453 29.558604411780834
leaf_count=1824 545 2424 176 581 382 4294 620 374 67 72 106 1292 88 56 158 46 54 64 1135 161 55 1974 414 108 64 37 483 767 255 161
internal_value=3.8902e-05 0.000207472 0.000332596 -0.000430339 0.00147847 0.00102533 0.00303194 -0.000295049 0.00206781 0.00915296 0.000406929 0.00165707 0.00758571 0.0125227 0.000884689 0.00178075 -0.0039649 0.010651 0.00205795 0.00312735 -0.00142468 -0.00121341 -0.000283093 0.00179163 0.0056824 -0.001482 -0.000644938 -0.00180185 -0.000625249 0.00441438
internal_weight=4107.4 4033.62 3943.49 1876.66 545.92 2066.84 486.907 365.691 203.355 48.6476 1579.93 775.614 89.3998 59.0805 686.214 579.195 107.019 55.1891 431.718 354.509 89.0678 1330.74 878.582 321.765 123.907 556.816 197.858 545.217 403.579 69.905
internal_count=18837 17013 16468 8163 1476 8305 2211 1094 720 139 6094 1800 250 144 1550 1338 212 240 1971 1351 216 6687 4713 1069 478 3644 591 3607 2840 416
cat_boundaries=0 1
cat_threshold=4
is_linear=0
shrinkage=0.03


Tree=171
num_leaves=31
num_cat=2
split_feature=14 14 16 16 8 8 15 6 6 2 17 13 0 7 0 10 15 15 2 10 1 8 7 8 16 6 9 18 10 18
split_gain=6.78873 3.05806 3.77729 3.8946 6.07019 5.70111 3.7618 3.96254 3.97204 3.7139 3.67506 3.2274 3.1749 2.88612 2.87952 3.17818 3.86272 6.02063 5.23263 5.50912 3.82127 3.60333 3.165 3.2888 3.0587 2.92228 2.83825 3.04921 2.73937 2.76866
threshold=0 1 1.409 1.5390000000000004 18.820000000000007 17.253333333333337 1.2790000000000001 0.63333333333333408 1.3000000000000009 0.012825877825877829 1112.5000000000002 4.3500000000000005 0.13678000000000004 7.2266666666666683 0.16361166666666668 0.40972378679476978 0.88100000000000012 0.96300000000000008 0.093297948717948734 0.067202749364884545 0.023966999999999992 12.220000000000004 20.810000000000006 19.045000000000005 2.311666666666667 23.341666666666672 2.9450000000000007 1082.5000000000002 0.3619038624460465 1106.2500000000002
decision_type=1 1 8 8 10 8 10 10 10 8 2 2 10 10 10 8 8 8 8 10 10 10 10 10 8 10 10 2 8 2
left_child=-1 28 6 4 5 9 7 -3 10 -4 -9 -10 -13 -6 15 16 -5 20 21 -20 -18 -19 23 24 -21 -16 27 -11 -2 -30
right_child=1 2 3 14 13 -7 -8 8 11 26 -12 12 -14 -15 25 -17 17 18 19 22 -22 -23 -24 -25 -26 -27 -28 -29 29 -31
leaf_value=-0.0083832065522925006 0.0002963926598483135 -0.0077347516173956778 -0.0046928262849255933 -0.0065167886258422503 -0.014897559220674348 0.020999999999999998 -0.0045891571659521825 0.020999999999999998 -0.009580251454423809 0.0021660853099354838 -0.0019828229002513244 0.00024459339202775291 0.013726106094784802 0.0010914413489967834 -0.012258900557425338 -0.0032372548987961189 0.020999999999999998 0.0038905739972268589 -0.0081885540072018648 0.0036972830446698 0.002424966137649752 -0.0031599917686082127 0.0007052094201306405 0.020999999999999998 0.018318124006014611 -0.0010484602251280388 0.0031306792635093618 0.020999999999999998 0.0048008444583820011 0.0010499633944646453
leaf_weight=72.736631851643324 1707.9164385274053 54.447924066334963 20.578686468303204 46.535100884735584 14.210645586252211 11.685373570770023 346.31944051757455 14.533592861145737 28.209765166044235 10.548743128776549 9.2917111925780755 251.61548081412911 16.769340984523296 35.649508163332939 34.108238019049168 159.51556380838156 10.36434803158045 105.38566993921995 17.886407628655434 33.880362793803215 10.391094855964182 171.24502348154783 24.995564118027687 18.274098515510559 20.773319490253925 54.155147701501846 29.953010030090809 24.765280444175005 284.79465253651142 468.41131436079741
leaf_count=1805 6264 572 167 318 113 67 2055 156 246 57 95 1381 56 132 120 523 70 683 150 160 54 1179 62 73 104 111 106 164 582 1206
internal_value=0.000124531 0.000297838 -0.000731277 0.000613005 0.00504935 0.00940238 -0.00233494 -0.000252397 0.00101906 0.00641975 0.0128041 7.23701e-05 0.00108695 -0.00346558 -0.000311192 0.000411367 0.00167735 0.00260019 0.00176739 0.00712131 0.0183467 -0.000473997 0.00991777 0.0130753 0.00925452 -0.00538059 0.00992355 0.0156852 0.00095717 0.00246821
internal_weight=4109.95 4037.21 1576.09 854.901 147.391 97.5311 721.187 374.868 320.42 85.8457 23.8253 296.595 268.385 49.8602 707.51 619.247 459.731 413.196 392.44 115.81 20.7554 276.631 97.9233 72.9278 54.6537 88.2634 65.267 35.314 2461.12 753.206
internal_count=18831 17026 8974 4413 806 561 4561 2506 1934 494 251 1683 1437 245 3607 3376 2853 2535 2411 549 124 1862 399 337 264 231 327 221 8052 1788
cat_boundaries=0 1 2
cat_threshold=4 8
is_linear=0
shrinkage=0.03


Tree=172
num_leaves=31
num_cat=0
split_feature=13 6 3 12 10 8 8 9 16 11 11 2 15 18 16 2 18 15 15 11 16 8 0 8 15 9 8 11 18 11
split_gain=4.69006 3.23918 2.62473 2.4031 2.7243 2.43323 3.92807 4.32148 2.9062 3.26121 2.93541 2.55784 2.4933 2.41103 3.03486 3.07777 2.35718 2.24872 2.9192 4.54953 2.58609 2.55605 2.54581 2.20979 4.17393 3.41531 3.96083 2.7326 2.43473 2.6561
threshold=4.7500000000000009 1.0000000180025095e-35 0.06500000000000003 1.0000000180025095e-35 0.76697448229914389 0.80000000000000082 8.7800000000000029 3.3633333333333346 1.0384500000000003 1.3165611814345992 2.2657912234042556 0.040000000000000042 2.3670000000000004 1055.0000000000002 2.2730000000000006 0.076666666666666675 1337.5000000000002 1.1030000000000002 1.3758000000000001 1.8755952380952383 1.5730000000000002 10.72666666666667 0.096948333333333359 6.2200000000000015 1.9987500000000002 2.8550000000000009 13.620000000000003 1.7711309523809524 1071.2500000000002 1.2012658227848103
decision_type=2 10 10 2 10 8 8 8 10 10 10 8 10 2 8 8 2 10 10 10 10 10 10 10 10 10 10 10 2 10
left_child=1 2 -1 13 5 -5 8 17 9 -7 -11 -12 -9 14 15 -2 23 21 19 -19 -21 -8 -20 24 -3 -25 27 -27 -28 -30
right_child=3 16 -4 4 -6 6 7 12 -10 10 11 -13 -14 -15 -16 -17 -18 18 22 20 -22 -23 -24 25 -26 26 28 -29 29 -31
leaf_value=-0.0083859799870803966 -0.00092027519469320819 0.00096289008680556555 0.01737992565936352 -0.0061791828760139498 -0.0049418121812830279 0.018416972716599957 0.00095713567741165684 0.0022200201468655987 0.0029899280928598281 -0.00087682780452919343 0.017470103599074801 0.0019930306626157906 -0.0036568941373843478 -0.00052496620325520084 -0.0016559359238420383 0.011269131928173838 -0.0079631267352061434 -0.0095989771566069738 -0.0061613918308210296 0.0043804127464864995 0.020999999999999998 -0.012533604417024906 0.0062777358703973727 -0.0040786907351098725 0.018622178999588214 0.014434454589998527 0.0050970277640155076 0.0014729458273119848 -0.0088762202271178026 -0.00070466112520904613
leaf_weight=82.929191920906305 27.902416590601206 117.2728452719748 3.7177617847919455 34.410077668726444 57.253363929688931 25.214221969246864 18.921840269118547 1020.0040392652154 241.509606577456 32.095329932868481 24.098125696182251 15.985232047736643 69.390912652015686 1392.233130261302 58.905165433883667 56.178291529417038 43.262372806668282 11.323784362524746 75.548003431409597 14.005622610449793 11.583232026547192 38.071795389056206 18.417689070105553 263.42866057902575 13.424925796687601 27.614878855645657 48.012995056807995 31.153590112924576 44.840525351464748 177.5535906329751
leaf_count=1432 120 822 19 169 149 112 99 2851 840 127 76 57 169 5345 157 107 424 69 582 109 60 315 72 2409 80 129 262 138 294 1182
internal_value=0.000196686 -0.0017824 -0.00728044 0.000717362 0.00149163 0.00171479 0.00188286 0.00112102 0.00475411 0.00912883 0.0058842 0.0112979 0.00184568 -0.000143964 0.0035658 0.00722404 -0.00116094 -0.003081 -0.000915107 0.00623341 0.0132397 -0.00805469 -0.00372327 -0.00075409 0.00277681 -0.00153282 0.000504555 0.00756347 -0.00102958 -0.00235226
internal_weight=4096.26 853.211 86.647 3243.05 1707.83 1650.58 1616.17 1277.27 338.903 97.3929 72.1787 40.0834 1089.39 1535.22 142.986 84.0807 766.564 187.872 130.878 36.9126 25.5889 56.9936 93.9657 723.302 130.698 592.604 329.176 58.7685 270.407 222.394
internal_count=18776 7191 1451 11585 5856 5707 5538 4326 1212 372 260 133 3020 5729 384 227 5740 1306 892 238 169 414 654 5316 902 4414 2005 267 1738 1476
is_linear=0
shrinkage=0.03


Tree=173
num_leaves=31
num_cat=1
split_feature=14 10 3 17 11 6 12 18 8 8 8 5 11 6 11 8 18 16 0 10 1 6 6 1 17 8 3 8 8 15
split_gain=5.92166 3.01104 4.23654 3.77419 4.84364 3.42262 3.35684 4.57109 3.28576 3.27882 3.6617 2.62781 2.54903 2.47801 2.78604 2.3751 3.30087 2.37046 3.49422 3.05059 2.52431 3.78844 3.99951 2.7816 2.4274 2.65381 2.63349 3.60302 2.2677 2.26564
threshold=0 0.072393745611327179 1.0000000180025095e-35 1232.5000000000002 2.6255841121495331 0.63333333333333408 1.0000000180025095e-35 1205.0000000000002 26.710000000000004 10.380000000000004 6.7799999999999994 0.29166666666666669 0.69604037267080754 8.9833333333333361 0.88975694444444453 12.020000000000003 1196.2500000000002 1.1780000000000004 0.0068450000000000004 0.76697448229914389 0.035019000000000008 9.2833333333333368 12.316666666666672 0.048004000000000026 1310.0000000000002 28.260000000000002 0.13000235663786333 34.526666666666678 27.820000000000004 1.7970000000000004
decision_type=1 10 8 2 10 8 2 2 10 10 10 10 10 10 10 10 2 10 8 10 8 10 10 8 2 10 10 10 8 10
left_child=-1 2 3 4 6 -4 12 9 11 10 13 -7 -2 14 -8 -14 -17 18 -3 20 21 -20 -23 -22 25 28 27 -27 -19 -28
right_child=1 17 5 -5 -6 8 7 -9 -10 -11 -12 -13 15 -15 -16 16 -18 24 19 -21 23 22 -24 -25 -26 26 29 -29 -30 -31
leaf_value=-0.0078978842361901169 0.011186660674217216 -0.0074318136914253473 -0.0098129696234211805 0.0063734431275841615 -0.0040043010313285084 -0.0020776290105015143 0.013868724681481112 -0.0089440635744265536 -0.014897559136194762 0.0017436377876656117 0.020999999999999998 0.010566904271815343 -0.0075128197970433198 0.018414709758555192 -0.0065164938130376328 -0.0028139584229425977 0.018380297489377577 0.0011056934572771994 0.00045773794776511059 -0.010230105808072668 -0.0078796003228688693 0.020999999999999998 0.0026939777456655729 0.00010805649357919005 0.0035222776498149591 -0.011782301124539672 0.0038756087132251656 0.00071410980674751839 0.011427316285131071 -0.0032376733495523618
leaf_weight=71.286003462970257 12.65132726728916 64.29364725202322 59.001813624054193 91.674100995063782 179.00980489701033 432.91967755183578 10.428875721991064 15.117169026285408 17.49633402377367 36.055098999291658 20.129570387303829 15.315461233258246 48.749181795865297 12.607967391610144 14.317988969385622 24.827036716043949 9.0150037445127946 1717.1509265080094 70.334035441279411 25.709952503442764 42.747472412884235 17.516201183199883 18.759020529687405 477.8211153447628 348.53729116171598 48.150105684995651 76.705221697688103 36.511151283979416 19.373311042785645 84.906493112444878
leaf_count=1797 115 421 683 323 749 3315 78 121 123 235 93 70 304 33 85 163 71 5992 429 85 230 87 80 1621 827 193 151 121 53 173
internal_value=0.000120218 0.000280243 -0.00114816 0.000905784 -0.000403255 -0.0030058 0.00275822 0.00636207 -0.00214343 0.00883573 0.013284 -0.00164559 -0.00135319 0.00758949 0.00207429 -0.00327405 0.00283187 0.000749399 -0.000758878 -0.000101755 0.000313437 0.00451914 0.0123938 -0.000547865 0.00121339 0.000807527 -0.00210687 -0.00639308 0.00122085 0.00013848
internal_weight=4119.12 4047.83 999.316 474.583 382.909 524.733 203.899 108.657 465.731 93.5395 57.4844 448.235 95.2425 37.3548 24.7469 82.5912 33.842 3048.52 717.181 652.888 627.178 106.609 36.2752 520.569 2331.33 1982.8 246.273 84.6613 1736.52 161.612
internal_count=18821 17024 6561 2370 2047 4191 1298 645 3508 524 289 3385 653 196 163 538 234 10463 2953 2532 2447 596 167 1851 7510 6683 638 314 6045 324
cat_boundaries=0 1
cat_threshold=4
is_linear=0
shrinkage=0.03


Tree=174
num_leaves=31
num_cat=1
split_feature=14 18 11 10 0 13 13 15 1 2 10 15 11 2 1 11 9 9 18 13 18 15 2 15 1 13 6 6 17 1
split_gain=4.60271 2.86071 3.71318 2.87263 2.8075 4.00255 4.05642 2.82582 2.71306 4.17169 3.57772 2.57461 3.96944 3.67864 7.78522 5.46692 2.992 3.09578 2.56257 2.96643 2.66754 3.24505 2.23544 1.9633 1.81568 3.71696 3.7101 3.92632 3.14003 4.79456
threshold=0 1071.2500000000002 1.1122565864833909 0.12318199841439863 0.29025166666666674 8.8500000000000032 7.6500000000000012 1.7310000000000001 0.0080000000000000192 0.099978991596638686 0.094143049013746968 0.91500000000000015 2.182255244755245 0.090018726591760329 0.026684333333333341 1.4600884955752214 3.5000000000000009 5.2100000000000017 1267.5000000000002 6.1500000000000012 1261.2500000000002 1.3960000000000004 0.030000000000000027 2.3132300000000003 0.022000000000000023 3.9500000000000006 8.3416666666666686 9.3833333333333346 1146.2500000000002 0.057992999999999996
decision_type=1 2 8 10 10 2 2 10 8 10 8 8 10 8 10 10 10 10 2 2 2 10 10 10 10 2 8 8 2 10
left_child=-1 2 8 18 5 6 7 -4 10 -10 -2 12 13 14 15 -5 -14 -18 20 22 24 -22 -20 -9 25 -3 -27 -28 -26 -30
right_child=1 3 4 11 -6 -7 -8 23 9 -11 -12 -13 16 -15 -16 -17 17 -19 19 -21 21 -23 -24 -25 28 26 27 -29 29 -31
leaf_value=-0.0071609902863605836 0.0063958961213580112 0.017008331580274722 0.0014173503142617481 -0.0093680639054358715 0.0087773859468456578 -0.0084485744485931543 0.0095142045096664376 -0.0071413475520211494 -0.0058418583425671614 0.013818138286080556 0.020999999999999998 2.9448069284306716e-05 -0.0091705016173499153 -0.00047542813356531806 0.020999999999999998 0.015913975075987779 0.01026576483982633 -0.0055665299129693561 -0.0086905076835825899 0.0053936594031911726 0.020999999999999998 -0.0026955626312974205 -0.0018956895857931771 0.0026438856580249487 -0.004992645967483114 -0.0026766300185349368 0.014536689069170041 0.0011261336459423437 -0.0057745703285885346 0.0058230459696670374
leaf_weight=71.299036279320717 25.359905123710632 11.28318280354142 426.60365641117096 16.276350058615211 39.28203409910202 41.867055803537369 47.927713125944138 65.753750637173653 23.189812310039997 16.715596005320549 13.70744329690933 2013.7995262667537 26.191460572183132 27.0417735055089 23.866450220346451 14.604920215904711 26.228649333119392 19.290476322174072 106.33067959919572 23.655553363263607 7.205112159252165 7.3758419640362263 73.835535652935505 25.653531260788441 218.07359380275011 297.03142564743757 21.403638258576393 239.64513426274061 55.902732320129871 75.287376500666142
leaf_count=1805 169 122 1653 83 54 71 86 219 120 53 57 6224 101 110 107 65 89 51 1052 89 65 58 524 76 1315 2675 110 962 354 332
internal_value=-9.39012e-05 4.87646e-05 0.00175395 -0.000325767 0.00100446 0.000502099 0.00116425 0.000391693 0.00789511 0.00239333 0.0135149 0.00031492 0.00406009 0.00857734 0.0130488 0.00258877 -0.00109207 0.00355622 -0.00154699 -0.00459444 -0.000881392 0.0118497 -0.00590586 -0.00439511 -0.00108347 -3.88585e-05 -0.000383516 0.00222568 -0.00278637 0.000881069
internal_weight=4101.69 4030.39 726.06 3304.33 647.088 607.806 565.939 518.011 78.9728 39.9054 39.0673 2167.3 153.5 81.7895 54.7477 30.8813 71.7106 45.5191 1137.03 203.822 933.208 14.581 180.166 91.4073 918.627 569.363 558.08 261.049 349.264 131.19
internal_count=18851 17046 2558 14488 2159 2105 2034 1948 399 173 226 6830 606 365 255 148 241 140 7658 1665 5993 123 1576 295 5870 3869 3747 1072 2001 686
cat_boundaries=0 1
cat_threshold=4
is_linear=0
shrinkage=0.03


Tree=175
num_leaves=31
num_cat=1
split_feature=14 13 17 13 16 10 11 13 10 3 12 10 15 17 1 11 1 16 10 1 11 0 3 15 11 15 11 0 13 15
split_gain=4.89948 3.24839 2.64228 2.29597 2.00606 2.13671 2.14203 2.93499 4.16481 2.09123 1.90847 3.61469 2.49357 2.42392 3.53688 3.71349 2.82128 5.08876 2.77241 2.97001 3.85586 3.31914 4.17492 3.66451 5.15735 3.71312 2.99394 3.01025 5.15625 6.06963
threshold=0 4.3500000000000005 1036.2500000000002 14.15 0.99900000000000022 0.0091632802209686264 0.54316770186335417 4.0500000000000007 0.065154115428713424 0.020000000000000014 1.0000000180025095e-35 0.36843680539795853 2.5070000000000006 1172.5000000000002 0.26450000000000007 1.8755952380952383 0.014000000000000004 1.5090000000000003 0.66196151624417865 0.35700000000000004 3.7530278710053993 0.12333333333333335 0.1646352785145889 2.0789300000000006 2.0775240384615388 1.7819900000000002 3.6681957186544349 0.015033333333333334 4.6500000000000012 1.5730000000000006
decision_type=1 2 2 2 10 10 10 2 10 8 2 8 10 2 10 8 10 8 8 10 10 10 10 10 10 8 8 10 2 10
left_child=-1 2 -2 10 -4 -6 -7 8 9 -8 11 -3 -13 18 15 16 17 -15 19 20 21 23 -23 25 -25 26 27 -12 29 -29
right_child=1 3 4 -5 5 6 7 -9 -10 -11 13 12 -14 14 -16 -17 -18 -19 -20 -21 -22 22 -24 24 -26 -27 -28 28 -30 -31
leaf_value=-0.0074055653216549121 -0.01186563094961585 -0.0012219742034255976 -0.0087225238717362798 -0.011108182057813751 0.014216156255508939 -0.011406026186332191 0.0068034273961118455 -0.0029029062723585899 0.020241310589997907 -0.014897559099320496 -0.00045632664044773842 0.0011821818096857323 0.0093873364988909178 -0.0032092360740359365 -0.0045266416028313279 0.0043722783457370035 -0.0068317955390115861 0.019012863196697385 -0.0050604941883747902 0.011689532271721195 -0.0039791212990703357 -0.0075594616140555971 0.00069567670783251038 0.020999999999999998 0.0018482583308142228 -0.0040746397715015065 0.018601846366207816 0.0065394544630524533 0.0018466399397191414 0.020999999999999998
leaf_weight=69.948757093399763 29.68408066406846 1283.3089108727872 34.007903132587671 15.833737432956694 8.2435373663902265 17.184429492801428 9.6769793555140549 85.037892885506153 13.660086490213869 6.8083910942077628 282.52436357364058 479.48533755168319 35.824736833572388 30.799969926476479 57.854090854525566 465.49432550370693 52.071945413947105 13.270256534218786 82.341633722186089 21.438975542783737 156.61581107601523 81.765063442289829 169.30418007820845 20.75197958573699 30.455366216599941 97.016337994486094 9.8509211987256986 78.369125358760357 340.41640143096447 10.999003700911997
leaf_count=1791 278 6098 341 37 99 155 107 622 96 59 1705 1324 69 159 103 1336 224 66 303 40 410 285 419 100 125 485 31 505 1315 66
internal_value=-5.1755e-05 9.43862e-05 -0.00359084 0.000291946 -0.00218418 -0.000602835 -0.00152572 -5.16634e-05 0.00799146 -0.00215899 0.000339448 -0.000369746 0.00175261 0.000976807 0.00253612 0.00326365 -0.00210401 0.0034822 0.000277759 0.00061601 0.000430257 0.00104605 -0.00199275 0.00192261 0.00970829 0.00143592 0.00217622 0.00194906 0.00353028 0.00994351
internal_weight=4090.04 4020.1 204.303 3815.79 174.619 140.611 132.368 115.183 30.1455 16.4854 3799.96 1798.62 515.31 2001.34 619.491 561.636 96.1422 44.0702 1381.85 1299.51 1278.07 1121.45 251.069 870.383 51.2073 819.176 722.16 712.309 429.785 89.3681
internal_count=18753 16962 1757 15205 1479 1138 1039 884 262 166 15168 7491 1393 7677 1888 1785 449 225 5789 5486 5446 5036 704 4332 225 4107 3622 3591 1886 571
cat_boundaries=0 1
cat_threshold=4
is_linear=0
shrinkage=0.03


Tree=176
num_leaves=31
num_cat=0
split_feature=7 15 13 18 9 10 16 17 10 13 9 7 6 15 15 16 7 2 2 3 1 11 10 10 10 11 15 7 6 15
split_gain=3.98834 7.91975 2.58692 2.63028 1.98948 2.59181 4.31099 1.96979 3.6908 1.90329 3.84999 2.65616 3.43247 2.84944 4.03718 3.54624 2.55526 2.54443 4.82089 2.37604 2.31063 2.20784 2.33107 4.26189 2.24721 1.82425 2.69843 2.69727 2.2295 2.2068
threshold=0.30000000000000027 2.3560000000000003 4.3500000000000005 1066.2500000000002 1.4900000000000004 0.069050578202557986 1.4165600000000003 1127.5000000000002 0.11648214487048185 6.2500000000000009 8 10.330000000000002 0.96666666666666712 1.0630000000000002 1.3046400000000002 1.5622500000000004 18.990000000000006 0.16493445692883899 0.11775422290128172 0.23642273331146468 0.29450000000000004 3.6681957186544349 0.31523260915217088 0.43679637127775667 0.29751177080307994 3.7371710526315796 1.6410000000000002 41.690000000000005 14.050000000000002 1.8040000000000005
decision_type=8 8 2 2 10 8 10 2 10 2 10 8 10 8 8 10 10 8 10 8 10 10 10 10 10 8 10 10 8 8
left_child=1 7 3 -2 5 -5 -7 -1 -9 25 11 12 -11 16 -15 21 -13 18 -17 -19 -12 24 -23 -24 -16 29 27 -27 -28 -4
right_child=2 -3 9 4 -6 6 -8 8 -10 10 20 13 -14 14 15 17 -18 19 -20 -21 -22 22 23 -25 -26 26 28 -29 -30 -31
leaf_value=-0.0086510977583097743 0.006062107589646642 0.020999999999999998 0.00059984620764998641 -0.006581768524681909 -0.0069740593006740563 -0.0059040289950909311 0.020999999999999998 -0.0064394027299293057 0.0087424610447903138 0.010133251232901628 -0.0026392183168331791 0.011868873679887749 -0.0015789503415962456 -0.0046347661187153485 0.0094994187491651734 0.0045760532965113954 0.0030735273410649583 -0.0022789946192399669 0.017825972610777455 0.0067112933179678293 0.0027698888397236065 -0.008680883256759319 0.0072067456754337858 -0.006233262459763099 0.00089487559868224598 -0.0064337540463571801 0.010554783874709739 0.007779107369525068 -0.0014863980786472217 -0.0016048849052482455
leaf_weight=96.05438395217061 22.901127558201551 7.1834908314049235 1730.6122832000256 21.645566761493683 109.79996379837394 10.007193781435491 10.719501279294489 49.656211331486702 20.304551288485527 25.168981611728668 281.4410258680582 60.523567497730255 213.98631449788809 64.309979230165482 40.578796699643135 66.24348746240139 58.42718505859375 45.171540766954422 39.421173050999641 63.862715870141983 95.09013494849205 33.780110597610474 43.430454298853874 41.54982390999794 83.584325656294823 131.14668761566281 20.037448026239872 13.229457646608351 44.738855630159378 534.88108414784074
leaf_count=1426 144 101 8604 229 934 85 60 908 89 81 583 149 642 138 103 139 124 80 67 96 162 84 94 87 197 686 126 28 118 2432
internal_value=-5.01056e-05 -0.00450487 0.000147412 -0.00341666 -0.00484316 0.000678669 0.00826098 -0.00586224 -0.00203321 0.000314642 0.00126549 0.00235169 -0.000346345 0.0033585 0.00240353 0.00339263 0.0075487 0.00620176 0.00951931 0.00298673 -0.00127319 0.000909886 -0.00201448 0.000635457 0.003707 -0.000168179 -0.00284893 -0.0051314 0.00223834 7.9311e-05
internal_weight=4079.49 173.199 3906.29 175.073 152.172 42.3723 20.7267 166.015 69.9608 3731.22 1256.57 880.038 239.155 640.883 521.932 457.622 118.951 214.699 105.665 109.034 376.531 242.924 118.76 84.9803 124.163 2474.65 209.152 144.376 64.7763 2265.49
internal_count=18796 2524 16272 1452 1308 374 145 2423 997 14820 2826 2081 723 1358 1085 947 273 382 206 176 745 565 265 181 300 11994 958 714 244 11036
is_linear=0
shrinkage=0.03


Tree=177
num_leaves=31
num_cat=0
split_feature=7 15 18 11 10 1 11 15 15 15 18 7 8 7 6 6 10 8 8 6 18 2 8 2 3 13 6 11 7 17
split_gain=4.44048 4.55826 3.20558 5.06613 3.20481 2.77701 4.17418 4.42259 3.27736 3.64999 2.83332 2.47912 3.98052 4.83526 3.46795 4.31908 3.12129 3.2064 3.1172 3.07478 4.43837 3.19503 4.26124 6.5624 3.37455 3.25859 3.00143 2.7955 2.77324 2.8694
threshold=1.0000000180025095e-35 2.3560000000000003 1162.5000000000002 7.0050000000000008 0.072393745611327179 0.014000000000000004 1.6826159951159954 1.7690000000000003 1.4550000000000003 1.1950000000000003 1242.5000000000002 11.240000000000004 12.140000000000004 11.750000000000002 8.6833333333333389 12.433333333333335 0.32679798266961352 29.500000000000004 15.420000000000002 10.600000000000003 1155.0000000000002 0.022056159420289857 1.6200000000000003 0.056666666666666692 0.12052378993555464 7.9500000000000011 21.950000000000006 4.1545092838196291 30.990000000000006 1157.5000000000002
decision_type=8 10 2 10 10 10 10 10 10 10 2 8 8 8 10 10 8 8 10 10 2 8 10 10 10 2 8 10 10 2
left_child=1 -1 11 4 -4 6 -6 8 9 10 -8 19 14 -14 -13 -16 17 18 -15 21 -21 25 23 -23 -24 -2 -18 -19 29 -28
right_child=2 -3 3 -5 5 -7 7 -9 -10 -11 -12 12 13 16 15 -17 26 27 -20 20 -22 22 24 -25 -26 -27 28 -29 -30 -31
leaf_value=-0.0081877623199623287 -0.0020214466193404588 0.020999999999999998 -0.0032431621003042128 0.01568250450485063 -0.0017792416967149353 -0.00073153536831697204 0.0092622786251526871 0.020886877015782047 -0.0085297229548952271 0.017889991008910099 -0.007445578275314774 -0.0064818305676800619 0.013033686251379319 -0.0037955607451599619 0.015842944841818113 0.004456949043165368 -0.0012689946242064017 -0.009127450398529028 0.0016544833136372772 -0.0057519887032591718 0.010024724552440481 0.020999999999999998 0.0030850382638313825 -0.0010863172429991024 -0.0039518594622733995 0.010835156417758212 0.0025201610535013214 0.00012973255608476092 0.00071664659173341599 0.010552936682770594
leaf_weight=84.950411610305309 363.46374037116766 4.9578832499682894 411.86171939969063 16.677532345056534 75.466995768249035 1162.6409988701344 21.109413474798203 18.443772412836552 14.133529692888258 20.129591926932335 16.103101246058941 21.38852222263813 28.999781340360641 124.30194546282291 35.132800728082657 204.60349410772324 116.66672624647617 67.589714512228966 393.30493629723787 144.33216764032841 18.056130155920982 17.734561890363693 268.59301210567355 17.377148479223251 79.483269490301609 18.653297424316406 72.340122021734715 51.905560791492462 105.67300298810005 89.585680797696114
leaf_count=1695 2618 78 3240 39 492 4252 96 105 91 110 92 79 104 396 103 516 275 237 1091 567 64 63 1414 57 280 41 186 109 161 165
internal_value=3.76023e-05 -0.00655573 0.000185959 -0.000773415 -0.000931152 -0.000214127 0.00342317 0.00778942 0.00440972 0.007599 0.00203223 0.000938555 0.0017781 0.000954036 0.00509288 0.00612554 0.000611058 -0.00067692 0.000345669 -0.000248321 -0.00399776 0.000547263 0.00248294 0.0124437 0.00147816 -0.00139384 0.00274649 -0.00510638 0.00449715 0.00696431
internal_weight=4085.66 89.9083 3995.75 1756.57 1739.89 1328.03 165.386 89.9194 71.4756 57.3421 37.2125 2239.19 1311.49 1050.37 261.125 239.736 1021.37 637.102 517.607 927.693 162.388 765.305 383.188 35.1117 348.076 382.117 384.266 119.495 267.599 161.926
internal_count=18816 1773 17043 8517 8478 5238 986 494 389 298 188 8526 3422 2724 698 619 2620 1833 1487 5104 631 4473 1814 120 1694 2659 787 346 512 351
is_linear=0
shrinkage=0.03


Tree=178
num_leaves=31
num_cat=0
split_feature=7 8 18 0 15 6 6 7 11 3 6 3 15 18 10 12 11 9 11 15 0 8 0 10 10 10 3 11 3 18
split_gain=4.66218 3.74728 3.96838 3.22303 4.90811 4.72221 2.47558 2.45899 4.05279 2.71834 2.39393 2.717 3.01368 3.27064 2.76571 4.18361 5.19107 2.41426 2.20668 7.12665 4.08077 3.92327 3.60021 4.60264 5.76211 5.17195 4.0332 4.66094 4.21701 4.0049
threshold=3.0450000000000008 4.8200000000000021 1267.5000000000002 0.0066666666666666775 1.2190000000000001 1.633333333333334 3.4666666666666681 3.3000000000000007 1.5720779220779224 0.021249176470588233 4.2166666666666677 0.2198188300883499 2.1910000000000003 1068.7500000000002 0.035476065266195393 1.0000000180025095e-35 0.93220122574055164 0.96000000000000019 2.7337552742616036 0.58100000000000007 0.015033333333333334 16.220000000000006 0.027185000000000004 0.22836540619793025 0.21014410071843101 0.32679798266961352 0.21280178172699146 3.2028006267136706 0.12640012239902085 1127.5000000000002
decision_type=8 10 2 10 10 10 10 8 10 10 10 10 10 2 8 2 8 10 10 8 10 10 8 10 10 10 10 10 10 2
left_child=1 2 10 -3 5 -5 -7 8 -2 -10 11 12 13 -1 15 -15 -17 -16 19 20 -9 22 -20 24 26 -25 27 29 -29 -24
right_child=7 3 -4 4 -6 6 -8 18 9 -11 -12 -13 -14 14 17 16 -18 -19 21 -21 -22 -23 23 25 -26 -27 -28 28 -30 -31
leaf_value=0.0089616457445003128 0.018544302062853762 -0.0067494559746530359 -0.010442235751537533 0.020593282278736615 -0.0055194165852496292 -0.0099425674334794756 0.0097368313776243116 0.0037860768707434675 0.0094905811589729404 -0.011963340400701673 -0.012080454547086922 0.015987104398875917 0.015701147720799752 -0.0049620175734896568 -0.0055250688168031773 0.020999999999999998 -0.0042815335451764774 0.0092236368639210583 -0.00077517473938122714 -0.001014387256168205 0.018918359565877684 0.00016103626854504889 0.020999999999999998 -0.0026106073069728192 0.020999999999999998 0.0050749007145637001 -0.0060637452406943886 -0.0029836163258811161 0.013259129458118992 0.0064109819259657403
leaf_weight=33.94916157796979 17.941585123538971 206.18295650556684 26.934071972966194 16.060481455177069 60.7796267606318 12.109001144766809 10.960287369787691 166.99105087667704 11.070954848080875 10.224186219274996 10.64923235028982 12.627626597881315 12.745636675506828 18.116778168827295 92.824849653989077 11.651586294174193 8.4777489528059977 11.193474791944025 167.81868692114949 1460.7612891867757 17.743122845888138 1189.3539571762085 27.780688382685184 122.08072696626186 21.259394466876984 222.30611656606197 20.376250557601452 40.288929175585508 22.374790295958519 26.749837160110474
leaf_count=172 118 3110 279 163 550 104 97 760 91 67 54 37 80 194 572 109 74 42 636 6912 89 3188 97 295 47 458 52 155 56 126
internal_value=0.000174375 -0.00240816 0.000405353 -0.00460655 -0.000184228 0.00810283 -0.000592827 0.000571586 0.00804013 -0.000809838 0.00178198 0.00251429 0.00161394 0.000595002 -0.00140157 0.00549667 0.0149097 -0.00393795 0.000488 -0.000312286 0.00523948 0.00119585 0.00302996 0.00429894 0.00852373 0.00235049 0.00625523 0.0083971 0.00281604 0.0148106
internal_weight=4090.38 545.263 239.17 306.092 99.9094 39.1298 23.0693 3545.12 39.2367 21.2951 212.236 201.587 188.959 176.214 142.264 38.2461 20.1293 104.018 3505.88 1645.5 184.734 1860.39 671.035 503.217 158.83 344.387 137.57 117.194 62.6637 54.5305
internal_count=18784 5637 1613 4024 914 364 201 13147 276 158 1334 1280 1243 1163 991 377 183 614 12871 7761 849 5110 1922 1286 533 753 486 434 211 223
is_linear=0
shrinkage=0.03


Tree=179
num_leaves=31
num_cat=1
split_feature=14 12 18 2 15 18 7 10 13 6 7 6 1 0 10 3 18 2 0 6 17 5 17 3 7 10 7 15 4 6
split_gain=5.99902 3.57812 3.88369 2.67665 2.45304 3.75515 3.914 2.98198 2.62852 2.72399 4.35353 3.89165 3.80651 5.33235 2.46628 3.18365 3.77218 3.4954 3.30678 3.0686 3.01642 2.8034 3.7911 2.79179 2.78637 2.67366 2.44867 2.25153 2.18172 2.33794
threshold=0 1.0000000180025095e-35 1055.0000000000002 0.23706018518518521 1.5240000000000002 1327.5000000000002 0.26000000000000023 0.76697448229914389 4.3500000000000005 13.400000000000004 13.81 13.016666666666669 0.090000000000000052 0.086666666666666711 0.026839704271238222 0.06500000000000003 1267.5000000000002 0.02269916666666667 0.053333333333333316 0.26666666666666705 1068.7500000000002 1.0000000180025095e-35 1112.5000000000002 0.092131049783549787 7.2266666666666683 0.1961680763607033 1.410000000000001 1.4790000000000003 0.41666666666666669 27.866666666666671
decision_type=1 2 2 10 8 2 8 8 2 10 8 10 10 10 10 8 2 10 10 10 2 10 2 10 10 10 8 10 10 10
left_child=-1 2 -2 4 7 6 -6 8 -4 11 -11 12 14 -14 20 16 17 19 21 -16 -10 22 -19 -17 -21 -24 -8 -5 29 -28
right_child=1 -3 3 27 5 -7 26 -9 9 10 -12 -13 13 -15 15 23 -18 18 -20 24 -22 -23 25 -25 -26 -27 28 -29 -30 -31
leaf_value=-0.0080426270938483597 0.0035675715202078489 0.0011754853701176208 -0.0063764233874300282 -0.0025900899684669831 0.014224573217192085 -0.011934994341844477 -0.013342739206292505 -0.013107343910191411 0.0090665226416961255 -0.010094095479751522 -0.0004478738014299981 0.018860264505835625 0.020999999999999998 -0.003535851205535556 0.015848786139767517 -0.0083936459436859366 -0.0057607567729521057 0.020999999999999998 -0.0044745921616504529 -0.0037770059090622239 -0.0047527305374078363 0.0013498397557738901 0.016742886152066223 0.0031105545016560151 0.010667815888774747 -0.0039958522074382925 -0.0022731891499120781 0.0030930671953309178 0.0047607719547920323 -0.009268196994017595
leaf_weight=68.625956784933805 180.33991017192602 2110.9877481348813 59.85117719694972 87.751590557396412 12.361732125282286 40.505443532019854 19.294838514178991 16.757761213928461 16.27435614541173 49.963946059346199 267.82590194046497 11.552877351641653 19.079030223190784 13.202240593731402 11.708708599209784 41.513470392674208 29.550819598138332 30.805687725543976 11.513036437332628 56.65185809135437 112.37252485379577 14.77159535884857 11.377842448651792 34.984230540692806 15.25500801950693 11.007450535893438 415.8623377494514 220.1146263256669 35.099622406065464 47.962805926799774
leaf_count=1799 554 8534 590 238 95 251 168 88 134 238 845 48 77 65 66 211 246 161 68 390 810 74 81 161 75 43 1883 497 90 115
internal_value=0.000165291 0.000325152 -0.00062023 -0.0010606 -0.00161498 -0.00313052 -0.00245837 -0.000579712 -0.000323463 0.000153587 -0.00196448 0.00167775 0.00121618 0.0111237 0.000412158 0.00204531 0.00410141 0.00588836 0.0103932 0.00160654 -0.00300454 0.0129119 0.0161227 -0.0031325 -0.000712544 0.00654509 -0.00285633 0.00147319 -0.00245079 -0.00299652
internal_weight=4074.93 4006.3 1895.31 1714.97 1407.11 571.087 530.581 836.02 819.262 759.411 317.79 441.621 430.068 32.2813 397.787 269.14 192.642 163.091 79.4756 83.6156 128.647 67.9626 53.191 76.4977 71.9069 22.3853 518.22 307.866 498.925 463.825
internal_count=18695 16896 8362 7808 7073 2602 2351 4471 4383 3793 1083 2710 2662 142 2520 1576 1204 958 427 531 944 359 285 372 465 124 2256 735 2088 1998
cat_boundaries=0 1
cat_threshold=4
is_linear=0
shrinkage=0.03


Tree=180
num_leaves=31
num_cat=0
split_feature=6 8 9 6 13 15 9 6 3 3 18 16 3 3 17 9 8 13 6 8 11 18 10 16 11 8 8 8 11 15
split_gain=2.99557 4.9155 3.5994 3.29665 3.48002 4.12349 4.02197 3.45762 2.98026 4.71219 4.50124 2.93084 3.47521 3.77034 3.02633 5.15083 3.97435 3.79341 2.99558 4.00366 3.0342 2.79729 3.72776 3.8395 2.79183 2.72098 2.51503 4.84351 4.02001 3.53192
threshold=8.6833333333333389 15.420000000000002 2.1900000000000008 10.600000000000003 4.9500000000000011 2.1010000000000004 2.7450000000000006 10.21666666666667 0.032505687500000012 0.021983857142857152 1242.5000000000002 1.2690000000000003 0.31548607625714375 0.24430394350687193 1120.0000000000002 0.22000000000000011 14.526666666666669 5.6500000000000012 0.16666666666666677 4.8200000000000021 1.6010204081632655 1310.0000000000002 0.2914288636016889 0.70200000000000007 1.3165611814345992 9.7000000000000046 22.645000000000007 22.420000000000005 2.7337552742616036 0.37549000000000005
decision_type=10 10 10 8 2 10 10 10 10 10 2 10 8 10 2 10 10 2 10 10 10 2 8 8 10 10 10 10 10 10
left_child=1 11 -3 4 5 7 -6 8 9 -2 -10 21 13 14 16 -16 18 -17 -13 20 -20 22 23 -1 -4 -24 27 28 29 -5
right_child=3 2 24 26 6 -7 -8 -9 10 -11 -12 12 -14 -15 15 17 -18 -19 19 -21 -22 -23 25 -25 -26 -27 -28 -29 -30 -31
leaf_value=0.0010357444076854992 0.00059619951409962783 -0.013190570705965361 -0.010225647252562265 0.0042678886365987868 -0.0068610657463749154 0.020999999999999998 0.0035806044012819229 0.016473835052274496 -0.0082485989758441913 0.020999999999999998 0.012699329264803848 -0.0062754860016228115 -0.0062110135291811143 0.016645640918440219 0.015164642192769294 -0.0047115548999505973 0.020999999999999998 0.0031750853033574197 0.0050312133797997113 0.0011269407544657107 0.017039594083915997 -0.0079876458145269075 0.0016396162173438443 -0.0060872718199879525 -0.0022923120945499416 0.015345719787454214 -0.0013983095036066821 0.015447693070995642 0.0019329532742065566 -0.001918646013259742
leaf_weight=120.50231740251184 17.426371797919277 35.149624019861221 44.949477974325418 95.484332635998726 44.795657105743885 10.028223499655722 128.25949910283089 21.038274511694908 31.583886504173279 9.7704985886812192 13.044948808848856 27.835532948374748 51.804252672940493 15.217225916683672 16.964825492352247 156.09653901308775 10.646660938858984 84.658335760235786 51.182278990745544 142.28213163092732 30.059034809470177 60.782239314168692 105.21748493239284 156.63507443666458 356.99419358000159 14.879339054226874 768.93162840604782 19.772450610995293 832.41672479361296 637.95788760483265
leaf_count=859 112 700 436 348 184 52 427 116 171 56 84 246 296 49 95 1088 89 248 264 913 109 569 480 1217 3031 53 1902 51 2066 2525
internal_value=-0.000234471 -0.00131325 -0.00398456 0.000373242 0.00347551 0.00784469 0.000877758 0.00577784 0.00264491 0.010473 -0.00212555 -0.000195664 0.0012082 0.00192668 0.00149572 -0.000812489 0.00376616 -0.00193832 0.00300512 0.00416084 0.00947428 -0.00199409 -0.001077 -0.00299011 -0.0031795 0.00333773 9.66554e-06 0.000692445 0.000506127 -0.00111324
internal_weight=4112.37 1481.86 437.093 2630.51 275.947 102.892 173.055 92.864 71.8257 27.1969 44.6288 1044.76 586.747 534.943 519.725 257.72 262.006 240.755 251.359 223.523 81.2413 458.016 397.234 277.137 401.944 120.097 2354.56 1585.63 1565.86 733.442
internal_count=18836 10742 4167 8094 1202 591 611 539 423 168 255 6575 3397 3101 3052 1431 1621 1336 1532 1286 373 3178 2609 2076 3467 533 6892 4990 4939 2873
is_linear=0
shrinkage=0.03


Tree=181
num_leaves=31
num_cat=0
split_feature=12 6 8 17 3 0 18 16 11 6 10 7 7 9 8 8 11 6 16 10 7 18 17 18 16 9 6 3 7 6
split_gain=3.67136 4.20156 3.80159 3.4829 4.51857 3.60005 3.1907 2.79076 2.73263 3.03208 2.51898 4.87512 4.05269 3.39798 3.14149 4.23311 3.95247 3.5952 2.85062 3.17313 3.36007 2.84114 2.8338 4.41975 4.4814 4.90782 2.368 3.90821 2.23507 2.73332
threshold=1.0000000180025095e-35 23.583333333333339 22.645000000000007 1146.2500000000002 0.10758416633346664 0.26166666666666677 1327.5000000000002 1.8870000000000002 2.8299879566439183 29.916666666666668 0.087505780479538373 2.8000000000000012 15.770000000000001 1.0100000000000005 9.7000000000000046 10.245000000000003 1.4189797449362345 5.1666666666666687 1.8470000000000002 0.21668729512860016 2.9399999999999999 1275.0000000000002 1152.5000000000002 1068.7500000000002 1.4281700000000004 4.8900000000000015 0.34166666666666701 0.054837721518987352 5.2633333333333345 13.766666666666671
decision_type=2 10 10 2 10 10 2 10 10 10 8 10 10 10 10 10 10 10 10 10 10 2 2 2 10 10 8 8 10 10
left_child=1 6 3 4 -3 -6 10 -5 -4 -10 11 -1 14 -13 21 -16 -17 18 19 20 -18 26 23 -19 25 -25 27 -12 -15 -30
right_child=-2 2 8 7 5 -7 -8 -9 9 -11 12 13 -14 28 15 16 17 22 -20 -21 -22 -23 -24 24 -26 -27 -28 -29 29 -31
leaf_value=-0.008070261320640924 0.0010002122198223744 0.015981811172482679 -0.0093839029327899073 -0.0022937054676332924 0.00038746345541323729 0.012217201808997968 -0.007227190956510348 0.0073043828148890259 0.0057254700097340364 -0.0024654865501847678 0.014335311896816924 0.016476639363280837 -0.003935118077062108 -0.0070367335641743495 0.015902331681085569 -0.0063655074603875461 0.020999999999999998 0.017950152607761755 -5.8661090520312342e-05 0.020869587528702573 -0.0038946762815745034 -0.01318443309868343 -0.002371189997318853 -0.00026237417767637953 -0.0029678073419776674 0.018166307977927263 -0.0018419776847916917 -0.0040399940790981272 0.0017332128477389383 -0.0048236458215382746
leaf_weight=127.4296245239675 2158.7931581921875 37.889373674988747 32.646213725209236 97.58919969201088 76.54551999270916 33.1922527551651 86.045414410531521 37.83452832698822 58.187378361821175 135.13434731960297 22.577323958277702 9.5619972646236402 216.19272413849831 57.245896331965923 20.454618021845818 45.709990970790386 7.4989633038640049 18.266112461686134 20.217134684324265 24.323997996747494 13.63279055058956 17.5118468105793 102.98275477439165 26.648108653724194 67.897472731769085 25.405376829206944 252.76545616984367 19.341353304684162 169.56518869847059 86.361672632396221
leaf_count=1889 9458 116 89 228 178 66 698 65 119 271 102 65 633 544 78 256 74 57 113 91 101 106 362 138 289 93 1036 106 1024 400
internal_value=0.000148303 -0.000796445 0.00154584 0.00386232 0.00704962 0.00396559 -0.00162577 0.000387798 -0.00135582 -1.129e-07 -0.00126917 -0.00310187 -0.000353936 -0.00114013 0.000775935 0.0026342 0.00186447 0.00309036 0.00931335 0.0134817 0.00497774 -0.00144447 0.00139598 0.00420283 0.00210939 0.00873198 -0.000746814 0.00585691 -0.00167802 -0.000479377
internal_weight=4105.45 1946.65 509.019 283.051 147.627 109.738 1437.64 135.424 225.968 193.322 1351.59 450.164 901.426 322.735 685.233 373.037 352.583 306.873 65.6729 45.4558 21.1318 312.196 241.2 138.217 119.951 52.0535 294.684 41.9187 313.173 255.927
internal_count=18845 9387 1132 653 360 244 8255 293 479 390 7557 3922 3635 2033 3002 1652 1574 1318 379 266 175 1350 939 577 520 231 1244 208 1968 1424
is_linear=0
shrinkage=0.03


Tree=182
num_leaves=31
num_cat=0
split_feature=10 16 6 7 8 0 13 2 6 6 5 2 17 1 11 7 3 17 6 15 15 0 10 3 11 13 2 15 6 10
split_gain=2.42116 2.97626 2.93708 3.98626 4.19412 4.9686 3.25397 2.41875 3.78346 3.44238 2.98402 2.80149 2.4896 2.86016 2.33033 3.2556 1.87363 1.84189 1.75896 1.67421 2.2652 5.43733 2.52221 2.85788 3.56436 1.89529 2.54596 1.91767 1.77562 4.43266
threshold=0.20201746529023493 0.7290000000000002 0.46666666666666673 0.80000000000000038 15.020000000000001 0.0068450000000000004 3.9500000000000006 0.16671641791044781 20.041666666666671 40.483333333333341 0.55000000000000016 0.16003105590062114 1120.0000000000002 0.16013700000000003 0.82725464190981446 0.46000000000000008 0.11401628222523748 1086.2500000000002 30.683333333333337 0.70037000000000005 1.0010000000000001 0.15683666666666671 0.45306114864383357 0.036668232575217619 1.8486610288935872 4.5500000000000007 0.075428837388208034 1.5990000000000004 1.5000000000000007 0.26988708975052494
decision_type=8 8 10 10 10 10 2 10 10 10 10 10 2 10 10 10 10 2 10 8 8 8 8 8 10 2 10 10 8 10
left_child=2 -2 6 4 5 14 17 9 -9 10 11 -5 13 -10 -4 -16 -8 -1 -14 -3 21 22 23 -21 -25 26 -22 -28 29 -27
right_child=1 19 3 7 -6 -7 16 8 12 -11 -12 -13 18 -15 15 -17 -18 -19 -20 20 25 -23 -24 24 -26 28 27 -29 -30 -31
leaf_value=-0.00079054192711605165 -0.0062547317941894932 -0.0064488183285436708 -0.0063139344987844046 -0.0004253623025442977 -0.0078098758498819009 0.020999999999999998 -0.0054470334839682366 -0.0085869887255963871 -0.0030512368814504501 0.0094405489171956476 -0.0094291823087861958 0.013094070848753823 0.001398255676889591 0.012205463049341102 -0.0042196275300333029 0.019079166832185898 0.010141438467504324 0.020999999999999998 -0.007117991759619669 0.013506064284091387 -0.0079797829507294374 0.018398034145871545 -0.0060141381964674999 0.011935752132509327 -0.0030923868906923432 -0.0082803297888229023 0.0069959614991897071 -0.0059939265504723883 0.00061366505146029317 0.008337994998476676
leaf_weight=4.253202371299265 55.537381380796432 28.406600166112185 10.485081080347298 1393.0158807188272 12.69808444753289 9.9527483955025655 199.98887668922544 85.57071116939187 20.25945196300745 32.048505797982216 32.916531749069691 13.932736344635485 38.66023313999176 24.351527720689774 8.4285987243056315 15.010275028645991 7.1887861713767043 3.9501910544931889 50.13132281601429 23.236471809446812 52.039845108985901 21.624483175575733 27.016619753092527 20.124240256845951 48.283920936286449 18.134478330612183 26.035099938511848 16.847056478261948 1696.1910755857825 71.011863820254803
leaf_count=53 267 115 90 8161 172 75 2900 411 69 67 110 50 111 65 70 125 38 68 124 93 340 51 95 76 147 74 97 63 4262 228
internal_value=-0.000108995 0.000597888 -0.000866889 -0.000459474 0.00737385 0.0117681 -0.00417238 -0.000721567 -0.00366331 -0.00028393 -0.000500378 -0.000291482 -0.000505029 0.00527685 0.00544205 0.0107009 -0.00490613 0.0143586 -0.00340998 0.00078363 0.00088531 0.00456272 0.00204142 0.00441617 0.00132858 0.000610939 -0.0035198 0.00189264 0.00083056 0.00495743
internal_weight=4067.33 2104.49 1962.84 1747.46 56.5748 43.8767 215.381 1690.89 218.973 1471.91 1439.87 1406.95 133.403 44.611 33.924 23.4389 207.178 8.20339 88.7916 2048.95 2020.55 140.286 118.661 91.6446 68.4082 1880.26 94.922 42.8822 1785.34 89.1463
internal_count=18667 5908 12759 9700 532 360 3059 9168 780 8388 8321 8211 369 134 285 195 2938 121 235 5641 5526 462 411 316 223 5064 500 160 4564 302
is_linear=0
shrinkage=0.03


Tree=183
num_leaves=31
num_cat=0
split_feature=6 18 16 11 11 8 0 6 11 15 9 8 18 8 6 15 17 9 6 9 6 15 6 6 6 15 8 9 17 8
split_gain=4.84376 3.2458 3.52315 3.1675 2.92027 3.38542 5.20299 3.22569 2.90669 3.43523 2.90641 2.80161 5.37684 4.03375 4.63253 2.85998 2.7878 2.48284 2.34968 2.68329 2.94555 2.3295 3.1235 2.49581 2.1608 2.11733 2.00482 1.94687 2.13478 2.06632
threshold=5.2416666666666689 1337.5000000000002 1.2150000000000001 7.0050000000000008 0.50287356321839094 13.053333333333335 0.26166666666666677 5.5000000000000027 3.3552016724053124 1.8470000000000002 6.5633333333333344 1.8200000000000001 1177.5000000000002 1.0000000180025095e-35 0.36666666666666686 1.2400000000000004 1088.7500000000002 0.85500000000000009 32.850000000000009 2.9633333333333343 9.516666666666671 1.9630000000000003 9.6333333333333382 34.70000000000001 31.183333333333337 2.2910000000000008 30.580000000000005 1.2450000000000003 1127.5000000000002 2.9800000000000004
decision_type=8 2 10 10 8 8 10 10 10 10 8 10 2 10 10 10 2 10 10 8 10 8 10 10 10 10 10 10 2 10
left_child=3 4 18 11 -2 7 10 -6 9 24 -7 12 13 -1 15 -15 -16 -14 19 20 -3 22 -12 -23 -8 26 -10 28 -9 -29
right_child=1 2 -4 -5 5 6 8 27 25 -11 21 -13 17 14 16 -17 -18 -19 -20 -21 -22 23 -24 -25 -26 -27 -28 29 -30 -31
leaf_value=-0.0040334955570040763 -0.0066887660886823267 -0.0080900235797965458 0.011436263744987974 0.018020790386876418 0.014352995772217162 -0.0012372358494256372 0.018587211459946244 0.0023452463336202222 0.0024726437308251773 0.0020510107801924734 0.01165246756913489 -0.002634557568552015 -0.0083413776339978877 0.0060961765252812222 0.012956557716577386 0.020999999999999998 -0.0022395182008815616 0.0089148117209741033 0.0053729021671172295 -0.0094645379685466564 0.012399045206759433 7.3416996224090204e-05 0.0018779218513924536 -0.0090331449792896753 0.0074697286007530455 0.0075732769498018616 -0.0051669261076686106 0.0097496970956104968 -0.010664304395554585 0.0023422201517564393
leaf_weight=30.375374611467123 43.855412125587463 13.220643248409035 12.531412549316881 7.2907665111124507 20.512431472539902 1021.2057011313736 28.669750168919563 24.357985198497772 93.26316025853157 51.331764698028564 31.638386245816946 743.7004697099328 50.33417646586895 14.289976999163626 16.155601195991039 21.552811972796917 33.18048994988203 8.8189454525709134 16.279846772551537 82.826844122260809 12.089415766298769 230.44589582830667 420.25620695948601 30.693602293729782 34.872355312108994 42.722041934728622 46.245706886053085 35.298046857118607 21.260237142443657 850.9389693364501
leaf_count=241 244 107 53 21 107 4119 63 116 161 98 112 6755 417 69 66 88 119 38 54 423 74 771 971 63 72 71 79 91 104 2992
internal_value=0.000233677 0.000792045 -0.00372545 -0.00167511 0.000996388 0.00110935 0.00041742 0.00258518 0.00408564 0.00782301 -0.000211009 -0.00183147 0.00158715 0.00535267 0.00869984 0.016908 0.00273659 -0.00576871 -0.00525256 -0.0068522 0.00169663 0.00125875 0.00256226 -0.000996943 0.0124859 0.0017297 -5.97925e-05 0.00232615 -0.00371782 0.00263725
internal_weight=4090.21 3164.52 136.948 925.699 3027.57 2983.71 2031.34 952.368 297.105 114.874 1734.24 918.408 174.707 115.554 85.1789 35.8428 49.3361 59.1531 124.417 108.137 25.3101 713.034 451.895 261.139 63.5421 182.231 139.509 931.855 45.6182 886.237
internal_count=18759 10945 711 7814 10234 9990 6580 3410 544 233 6036 7793 1038 583 342 157 185 455 658 604 181 1917 1083 834 135 311 240 3303 220 3083
is_linear=0
shrinkage=0.03


Tree=184
num_leaves=31
num_cat=1
split_feature=14 18 6 12 13 9 10 0 15 5 2 2 2 6 15 15 10 0 9 18 10 8 13 10 11 15 8 5 9 16
split_gain=5.25134 4.41603 3.58771 2.42538 2.90369 2.50542 1.99803 1.9431 4.50736 1.76407 1.72608 2.76222 2.5402 2.14834 1.76617 2.55557 2.27508 3.33985 2.52311 1.92467 2.14264 3.20125 2.95694 2.75626 2.10735 1.76908 2.10551 2.43983 2.76979 1.57813
threshold=0 1205.0000000000002 0.60000000000000042 1.0000000180025095e-35 11.65 11.765000000000002 0.2253006920533597 0.0022883333333333336 0.65646000000000015 0.55000000000000016 0.015366552678716824 0.0086516849816849848 0.024415184678522574 4.4833333333333334 1.0332500000000002 1.2900000000000003 0.31523260915217088 0.066736666666666708 3.163333333333334 1327.5000000000002 0.099719734848484856 14.320000000000002 6.5500000000000007 0.46572849537925071 1.892024377318495 1.9430000000000003 23.72666666666667 1.0000000180025095e-35 4.2900000000000018 1.3710000000000002
decision_type=1 2 8 2 2 10 10 8 8 10 8 10 8 10 8 8 8 10 10 2 10 10 2 10 8 8 10 10 10 10
left_child=-1 -2 6 5 7 -4 -3 -5 -9 10 11 -10 -12 -13 -14 16 17 18 -16 20 21 -17 25 -24 -21 26 27 28 -22 -27
right_child=1 2 3 4 -6 -7 -8 8 9 -11 12 13 14 -15 15 19 -18 -19 -20 24 22 -23 23 -25 -26 29 -28 -29 -30 -31
leaf_value=-0.0075783103224614486 0.00089253534617608939 -0.01204110764238106 -0.0029298300502547977 -0.0079498892562863618 0.014202394766082874 0.0096764204095839829 0.00055062713637966335 0.017264084645386049 -0.0045851058793252211 0.0070381393702268679 -0.0096447582729751458 0.0037997046952683582 -0.0062357231698035569 0.020999999999999998 0.0068310609134696757 0.017671794609814755 -0.0015806206046068783 0.0015775186068087215 0.020999999999999998 0.0046579686914116373 -0.008555022271214241 -0.0029453111544226404 0.010269069905795123 -0.0025574426819789178 -0.0086427997690121435 0.0080668206886203835 0.0037517696632569739 -0.013970769244671898 0.0074699863764158938 -0.0037098507361997138
leaf_weight=67.736883234232664 2958.1836954317987 42.010165654122829 451.2134230658412 25.907966785132885 13.402083128690718 14.649641707539557 15.53580418974161 13.991822168231009 14.545520335435866 30.087940655648708 28.556193765252829 12.836102671921255 41.561626903712749 10.527261711657045 12.426007777452471 14.737780854105951 27.03324057161808 23.672118745744228 9.5864446163177472 13.806837700307367 28.37981179356575 12.549940310418604 34.56958794593811 26.742048770189285 47.96347638219595 19.595565289258957 17.695006884634495 32.369794093072414 14.753518700599669 21.452114284038544
leaf_count=1825 11678 513 2314 142 20 27 81 87 132 74 202 106 193 68 82 103 84 95 50 83 133 84 81 58 215 76 55 105 44 66
internal_value=0.000146073 0.000293969 -0.00135479 -0.000941497 0.000409963 -0.00253341 -0.00864169 6.46786e-05 0.000472266 -1.94776e-06 -0.000457126 0.00567809 -0.00100123 0.0120677 -0.000382458 0.000298338 0.00531757 0.00939948 0.0178112 -0.00098405 0.000314797 0.00818975 -0.000784059 0.00467458 -0.00566983 -0.00327708 -0.00556261 -0.00774554 -0.00307376 0.00191216
internal_weight=4098.08 4030.34 1072.16 1014.61 548.75 465.863 57.546 535.348 509.44 495.448 465.36 37.9089 427.451 23.3634 398.895 357.333 72.7178 45.6846 22.0125 284.615 222.845 27.2877 195.557 61.3116 61.7703 134.246 93.1981 75.5031 43.1333 41.0477
internal_count=18876 17051 5373 4779 2438 2341 594 2418 2276 2189 2115 306 1809 174 1607 1414 311 227 132 1103 805 187 618 139 298 479 337 282 177 142
cat_boundaries=0 1
cat_threshold=4
is_linear=0
shrinkage=0.03


Tree=185
num_leaves=31
num_cat=0
split_feature=1 18 1 1 16 16 16 8 1 13 6 13 6 17 8 8 2 16 6 15 15 2 8 6 5 11 6 2 17 17
split_gain=4.56818 4.68583 2.71558 3.67681 3.93276 2.72649 2.45853 2.55497 3.06337 2.37676 2.40767 2.28408 2.22687 7.13064 5.65886 4.67491 3.32811 3.76497 3.28959 3.44965 3.31351 2.65978 4.23205 5.17429 3.20562 3.09391 2.82824 2.61729 2.82214 3.45109
threshold=0.057992999999999996 1267.5000000000002 0.028000000000000014 0.026684333333333341 1.7870000000000001 0.80100000000000005 1.9760000000000002 21.926666666666673 0.050000000000000024 4.9500000000000011 9.2833333333333368 4.9500000000000011 8.0333333333333368 1068.7500000000002 16.580000000000005 7.955000000000001 0.0066666666666666706 1.3710000000000002 10.933333333333335 1.8352900000000001 1.5408900000000003 1.0000000180025095e-35 6.7799999999999994 0.25833333333333225 1.0000000180025095e-35 0.69604037267080754 0.1583333333333328 0.013333333333333341 1146.2500000000002 1071.2500000000002
decision_type=8 2 10 10 10 10 10 10 10 2 10 2 10 2 10 10 10 10 10 10 10 8 10 10 10 10 10 10 2 2
left_child=1 2 3 12 -5 -4 11 8 9 10 -8 -7 15 14 -14 21 17 -17 19 20 -15 22 23 26 27 -25 -1 -23 29 -29
right_child=-2 -3 5 4 -6 6 7 -9 -10 -11 -12 -13 13 18 -16 16 -18 -19 -20 -21 -22 24 -24 25 -26 -27 -28 28 -30 -31
leaf_value=0.0064904350884020141 0.00074014192040067412 -0.0049644147837731162 0.008907491024359079 0.0022687023732685489 0.020999999999999998 -0.0072708306185304741 0.014809358895227789 -0.010573462998908474 0.015093074387798909 -0.0053801928257404099 -0.0023426028611680176 -0.0023085842683192239 0.004560772913894162 0.0043277085820949794 0.020999999999999998 -0.0030177408611534954 -0.00081088155760123586 -0.011627352660497102 -0.0016205018232374831 -0.0088781385591361894 0.020312213465315577 -0.005180858575934439 0.020999999999999998 0.010011925719798422 0.011174568888083852 -0.0057721086749990252 0.020999999999999998 -0.0053347067199448883 -0.0039990301187122906 0.0086058025785067556
leaf_weight=30.858433727174997 2150.571871869266 265.77686854824424 17.643315024673939 24.466597177088261 12.660913832485674 137.67370893806219 15.147986546158792 13.875732585787771 16.004997037351131 31.521325502544641 14.336967311799524 212.0903440117836 32.376875787973404 81.143213503062725 16.12643338739872 121.21397507935762 208.70783696323633 73.389861825853586 277.92303018271923 14.951605618000029 13.632578901946543 98.798969592899084 10.09700922295451 14.45232620090246 19.561119392514229 49.312634281814098 11.452904172241686 21.959974892437458 55.05330154299736 58.715005159378052
leaf_count=245 6333 2237 77 131 56 860 91 62 58 106 71 789 142 355 71 1455 1543 1167 924 69 64 746 68 88 76 252 57 119 253 292
internal_value=-0.000216003 -0.0012593 -0.000681792 4.40387e-05 0.00934323 -0.00265652 -0.00311953 0.00127637 0.00341145 0.000346773 0.00646927 -0.00426182 -0.000241361 0.00147282 0.0123171 -0.00120784 -0.0034424 -0.00626464 0.000115967 0.00451418 0.00662692 0.00122617 0.00498653 0.00320262 -0.000493122 -0.00219466 0.0113365 -0.00146628 0.00123762 0.00481115
internal_weight=4121.5 1970.93 1705.15 1246.85 37.1275 458.294 440.651 90.887 77.0113 61.0063 29.485 349.764 1209.73 436.154 48.5033 773.573 403.312 194.604 387.65 109.727 94.7758 370.262 116.173 106.076 254.088 63.765 42.3113 234.527 135.728 80.675
internal_count=18857 12524 10287 8173 187 2114 2037 388 326 268 162 1649 7986 1625 213 6361 4165 2622 1412 488 419 2196 710 642 1486 340 302 1410 664 411
is_linear=0
shrinkage=0.03


Tree=186
num_leaves=31
num_cat=1
split_feature=14 13 15 11 3 1 15 13 16 1 1 0 15 9 1 11 16 15 11 6 6 7 13 0 10 16 16 13 7 11
split_gain=5.73305 2.60594 2.22471 2.61997 1.89267 3.27858 2.72441 2.91252 2.21945 1.79835 2.93445 3.27825 1.56493 4.40557 3.68431 5.88561 2.16002 1.74428 1.83215 1.82093 5.95494 5.47692 2.90732 3.64565 2.99846 2.18566 1.92976 1.78257 2.63867 3.4559
threshold=0 4.3500000000000005 2.3560000000000003 2.5465292096219936 0.053488942426488766 0.0098210000000000016 1.7819900000000002 7.0500000000000007 0.52000000000000013 0.043339666666666672 0.047993000000000029 0.059999999999999998 1.5703900000000002 6.1700000000000017 0.023966999999999992 1.2229532163742693 1.4645700000000004 1.5122500000000001 1.7463737649779274 1.3000000000000009 1.9666666666666692 0.38000000000000084 5.9500000000000011 0.0099999999999999985 0.088502491694352176 2.0020000000000007 2.3470000000000004 5.0500000000000007 0.86333333333333351 0.84877072612921689
decision_type=1 2 10 10 10 10 10 2 10 10 10 10 10 10 10 10 10 10 8 8 8 8 2 10 8 10 10 2 10 8
left_child=-1 2 3 -2 6 -6 9 -8 -7 12 -11 -12 17 14 15 -14 -16 19 -19 21 -21 -3 23 25 -25 27 -22 28 29 -23
right_child=1 4 -4 -5 5 8 7 -9 -10 10 11 -13 13 -15 16 -17 -18 18 -20 20 26 22 -24 24 -26 -27 -28 -29 -30 -31
leaf_value=-0.0079267239666924259 -0.0045587454059461911 -0.0040049816207772763 0.012967200693112711 0.0098504059503007786 0.012234523665271691 -0.0083709259224755556 -0.0051940393139996866 0.0041811647515761149 0.00099757854428242864 -0.013542542394426352 -0.0084799672224653393 0.012953461214567469 0.013651825966909448 0.020999999999999998 0.00154659683266824 -0.0076266054525358359 0.019329108948297181 0.0027933446361611968 -0.013195170048674668 -0.011799766277671059 0.00047200966881373759 -0.0098349493221627227 -0.0034515996407526455 0.020999999999999998 0.0016875062689707104 0.02098132874193535 -0.0078810956771009095 0.01231356036419822 -0.0032891458353479894 0.016758454649445614
leaf_weight=67.318654045462608 179.90458636730909 66.100057631731033 7.5364008583128443 12.122208617627619 23.219743490219116 22.982753500342369 170.0413894765079 36.165940895676613 2334.6762263998389 22.139947615563869 14.023952022194864 11.8487581461668 15.762160774320362 10.415880568325518 10.946137972176077 45.386068817228079 14.02415210008621 10.17472046241164 17.622294057160619 38.737258430570364 837.36896865069866 5.9257975369691849 20.968097850680351 8.056155096739527 7.2354252561926851 8.361463211476801 25.653949856758118 20.947318945080042 33.596323113888502 17.058370053768162
leaf_count=1830 1628 536 51 80 86 92 1154 91 6933 121 74 57 103 31 72 314 72 77 108 299 4017 57 79 83 49 54 126 113 331 180
internal_value=0.000166863 0.000320213 -0.00302162 -0.00364913 0.000494293 0.00101673 -0.000352705 -0.00354976 0.000906253 0.000169539 -0.00552503 0.00133576 0.000394691 0.00405941 0.00182358 -0.00214167 0.0115339 7.82032e-05 -0.00734279 0.000267451 -0.000292789 0.00295114 0.0067154 0.00882234 0.021 0.00640894 0.000223708 0.00483729 0.00206942 0.00990212
internal_weight=4116.32 4049 199.563 192.027 3849.44 2380.88 1468.56 206.207 2357.66 1262.35 48.0127 25.8727 1214.34 96.5344 86.1185 61.1482 24.9703 1117.81 27.797 1090.01 901.76 188.249 122.149 101.181 15.2916 85.8893 863.023 77.5278 56.5805 22.9842
internal_count=18898 17068 1759 1708 15309 7111 8198 1245 7025 6953 252 131 6701 592 561 417 144 6109 185 5924 4442 1482 946 867 132 735 4143 681 568 237
cat_boundaries=0 1
cat_threshold=4
is_linear=0
shrinkage=0.03


Tree=187
num_leaves=31
num_cat=2
split_feature=14 18 11 11 18 15 3 15 16 18 15 3 10 4 6 3 9 6 2 1 10 16 16 13 9 14 16 12 16 9
split_gain=5.32651 3.0307 2.5972 3.25701 3.21262 5.42799 3.68806 3.14744 3.06422 4.02505 2.99872 3.44904 2.55186 5.74494 4.67956 3.01441 2.57948 5.77837 2.53048 3.25777 2.4292 2.81564 2.6034 2.22108 2.21364 4.28309 3.16861 2.61041 2.21302 2.8308
threshold=0 1162.5000000000002 2.9527529761904767 3.7150375939849627 1108.7500000000002 1.2670000000000001 0.35204166666666675 0.88100000000000012 2.3290000000000006 1055.0000000000002 0.82900000000000018 0.2577290991838222 0.010544563492063494 1.0000000180025095e-35 0.25833333333333225 0.022011235955056187 2.4900000000000007 10.516666666666667 0.17570524412296565 0.14400000000000007 0.071600161821222363 0.96000000000000019 1.2900000000000003 5.2500000000000009 0.85500000000000009 1 1.4330000000000003 1.0000000180025095e-35 1.9909999999999999 6.3550000000000013
decision_type=1 2 8 10 2 10 10 10 8 2 8 10 10 10 8 10 10 10 10 10 10 8 8 2 10 1 10 2 10 10
left_child=-1 2 12 4 6 7 10 -6 9 -5 -4 18 13 14 -2 24 -16 23 19 -12 21 -3 -23 -18 25 -14 -27 -26 29 -7
right_child=1 20 3 8 5 28 -8 -9 -10 -11 11 -13 15 -15 16 -17 17 -19 -20 -21 -22 22 -24 -25 27 26 -28 -29 -30 -31
leaf_value=-0.0080999976594258952 0.0162208519793396 -0.00083781836155578623 -0.0059513485254787798 0.0095395773651662692 0.0072822542225857078 -0.0058012586540472427 0.011616085054617744 0.020999999999999998 -0.0064490940850429361 -1.9367250623001034e-05 0.0032227377794619835 -0.0064830873618114751 -0.0077625558085002303 0.017951280046567382 -0.0056729936549391761 8.23135951017723e-05 0.0052805774291472124 -0.0041312450068844439 0.0089940874583877579 -0.0092490540970058856 -0.00034774277632494628 -0.011178543485705293 -0.003332022399095848 0.020999999999999998 -0.010378627203929755 -0.0025785267549731749 0.012470321059840079 -0.0023623091504033364 0.0099481411076636789 0.0071982802415610069
leaf_weight=64.876203041523695 16.389011677354574 232.57896824926138 46.947251781821251 44.195030905306339 27.05162526294589 36.278484918177128 32.813293844461441 28.805191576480865 56.815054081380367 385.12744346261024 167.2158030718565 35.652861773967743 27.698033083230257 21.005308449268341 55.287156797945499 881.18238908797503 14.86757702380419 41.797034166753292 57.760773703455925 21.244559541344643 1352.5943930819631 56.466555185616016 116.72610054165125 13.800694920122622 66.387369588017464 21.917305804789066 29.59673860669136 81.370535086840391 26.563952416181564 25.796711683273315
leaf_count=1776 150 1474 183 68 97 123 51 77 114 926 577 62 253 78 404 3479 116 142 107 45 5349 563 1076 48 522 99 111 582 69 53
internal_value=-0.000172135 -2.40549e-05 0.000701713 0.00185195 0.00353642 0.00731759 0.0020256 0.0146423 9.81974e-05 0.000964643 0.00106856 0.00223776 -0.000196063 0.00330691 0.0011428 -0.000711784 -0.000822288 0.00298358 0.00350054 0.00181683 -0.000958482 -0.00299431 -0.00589025 0.0133567 -0.00379477 0.000251646 0.00508122 -0.00596403 0.00270189 -0.000399015
internal_weight=4086.81 4021.93 2263.57 992.268 506.131 144.496 361.635 55.8568 486.138 429.322 328.821 281.874 1271.3 163.147 142.141 1108.15 125.752 70.4653 246.221 188.46 1758.37 405.772 173.193 28.6683 226.97 79.2121 51.514 147.758 88.6391 62.0752
internal_count=18774 16998 8536 2552 1444 419 1025 174 1108 994 974 791 5984 938 860 5046 710 306 729 622 8462 3113 1639 164 1567 463 210 1104 245 176
cat_boundaries=0 1 2
cat_threshold=4 1
is_linear=0
shrinkage=0.03


Tree=188
num_leaves=31
num_cat=1
split_feature=14 12 7 6 11 11 11 7 0 2 3 10 11 10 11 3 6 7 7 11 13 0 0 13 10 11 7 17 9 6
split_gain=5.15537 3.59097 3.89901 3.64106 2.90119 3.023 4.81108 2.45259 2.41737 2.5116 2.65545 2.40489 2.78031 2.51847 3.87938 3.04042 2.12335 1.9426 2.0429 3.56484 3.99641 4.32221 7.34573 2.8184 2.7651 2.46379 3.2321 3.42855 2.42418 2.8535
threshold=0 1.0000000180025095e-35 3.0450000000000008 0.66666666666666774 1.1493243243243245 1.7850140056022412 1.6547063555913115 29.450000000000006 0.44009166666666671 0.37312500000000004 0.22183987234918315 0.087505780479538373 0.13574938574938578 0.17737593537897864 1.7463737649779274 0.012000000000000005 40.483333333333341 30.990000000000006 0.30000000000000027 1.6826159951159954 4.9500000000000011 0.048411666666666672 0.026666666666666658 5.0500000000000007 0.079674680614316068 1.3686765457332655 1.9266666666666672 1086.2500000000002 1.0800000000000005 4.0000000000000027
decision_type=1 2 10 10 10 10 10 10 8 10 10 8 10 10 10 10 10 10 10 10 2 10 10 2 10 10 10 2 10 10
left_child=-1 2 11 -4 -5 6 -6 -7 9 10 16 12 -2 14 -13 -16 17 18 23 20 21 22 25 -3 -24 28 -27 -28 -20 -30
right_child=1 8 3 4 5 7 -8 -9 -10 -11 -12 13 -14 -15 15 -17 -18 -19 19 -21 -22 -23 24 -25 -26 26 27 -29 29 -31
leaf_value=0.00079455604830888085 0.014532507796761312 -0.0083366525860066407 0.016616358727479436 -0.0097177502843162414 -0.0002663750844390513 -0.0042685153377632068 0.018024657761380881 0.0043018626123971573 0.010194856744054829 -0.014897559014538205 0.0084836620951500106 -0.0051475522834591152 -0.010706183850590826 -0.014897559158713557 0.020999999999999998 -0.0011015839417423065 0.014576589345200461 -0.014897559031761981 0.0088744869842559294 -0.001941301345990363 0.020999999999999998 -0.0075792848419834729 0.0045870549620631437 0.012584971487210829 0.020999999999999998 0.020999999999999998 0.018952399849980452 -0.0073749197262203414 -0.012386592586203109 0.0034275345543590698
leaf_weight=3069.8254456669092 4.0774626992642871 50.297927308827639 9.5196034125983697 40.542037472128868 51.260376274585724 183.45958891138434 17.313536394387484 35.938582330942154 20.324866306036711 10.469388373196123 30.793943345546722 24.615367334336042 107.36332904547453 10.287963613867758 6.4715515524148923 6.5236418694257736 8.1427288949489576 8.7264551371335966 13.881851013749836 257.01865958794951 8.4173101708292943 28.69528941065073 9.2380583733320254 6.5496151819825164 11.278706833720205 7.1284528560936478 7.090111996978524 11.963886119425295 23.895181320607662 18.008093543350697
leaf_count=9857 58 987 79 297 361 1219 112 87 138 35 92 246 1870 67 62 60 17 26 118 1864 48 184 74 155 61 80 64 103 269 149
internal_value=0.000178851 -0.00164916 -0.00349766 -0.00167403 -0.00220404 -0.00114623 0.00435174 -0.00286464 4.82826e-05 -0.000354824 -5.10016e-05 -0.00736646 -0.00978274 -0.00174475 0.00185306 0.0151135 -0.000609789 -0.000877339 -0.000607533 0.000154799 0.00401403 0.00271188 0.00559338 -0.0059262 0.021 0.00157237 0.00916436 0.00242164 -0.00199089 -0.00559041
internal_weight=4099.12 1029.29 497.373 338.034 328.514 287.972 68.5739 219.398 531.921 511.596 501.126 159.339 111.441 47.8985 37.6106 12.9952 470.332 462.19 453.463 396.616 139.597 131.18 102.484 56.8475 20.5168 81.9676 26.1825 19.054 55.7851 41.9033
internal_count=18839 8982 4518 2155 2076 1779 473 1306 4464 4326 4291 2363 1928 435 368 122 4199 4182 4156 3014 1150 1102 918 1142 135 783 247 167 536 418
cat_boundaries=0 1
cat_threshold=10
is_linear=0
shrinkage=0.03


Tree=189
num_leaves=31
num_cat=1
split_feature=14 13 16 3 3 15 3 13 1 3 13 2 16 7 7 8 9 2 11 11 15 2 8 16 3 2 3 15 16 16
split_gain=4.86612 2.55429 3.7131 2.76613 8.07022 2.81081 4.61687 3.46035 2.64953 3.48416 3.22281 3.02521 2.50191 2.44631 2.88688 2.26581 4.46306 2.49649 2.28625 4.95944 4.17241 4.32209 3.10973 3.9159 4.20967 3.27128 2.8956 2.59879 3.29537 2.59943
threshold=0 4.3500000000000005 1.2090000000000003 0.088460149439601524 0.057681621826449418 1.2790000000000001 0.0080000000000000088 4.2500000000000009 0.24488200000000004 0.086074109578641519 8.2500000000000018 0.25146789485024784 0.64900000000000013 25.780000000000001 24.170000000000005 9.2200000000000024 2.5633333333333339 0.018201931918656062 1.4712912087912091 1.892024377318495 1.8790000000000002 0.073333333333333375 1.2000000000000017 0.78700000000000003 0.020753036437246967 0.039864250000000011 0.069973784355179744 1.0000000180025095e-35 0.89900000000000013 1.0555000000000003
decision_type=1 2 10 8 10 10 10 2 10 10 2 10 10 10 10 10 8 10 8 8 8 10 10 10 10 8 10 10 10 10
left_child=-1 2 -2 4 5 -4 7 -7 9 13 11 -10 -11 14 15 18 17 -17 20 22 21 27 -20 -24 -25 -26 -21 -3 -29 -30
right_child=1 8 3 -5 -6 6 -8 -9 10 12 -12 -13 -14 -15 -16 16 -18 -19 19 26 -22 -23 23 24 25 -27 -28 28 29 -31
leaf_value=-0.0076908898100096802 -0.0099513600847153053 0.0050560853869449397 -0.0067688011578756974 -0.0077203437717323145 0.020812830774267481 0.020999999999999998 -0.003373160341896496 -0.0011678920065975528 -0.0072464288712598135 -0.0074032986214066284 -0.0072328264461673604 0.00132864332552423 0.0016412405060501256 0.0041652888042534499 -0.011935846020502813 -0.0085333069019292128 -0.00049683604780048651 -0.0017535395415083825 0.018792096177765057 0.0012143232670325257 -0.011321762467404524 0.015032652918532662 0.0164190610963992 -0.010183942490345483 0.017525733981142617 -0.00057711583548199479 -0.0091701341208710926 -0.014897559238038014 0.012648476631833416 -0.0026343191338127183
leaf_weight=64.788444962352514 54.587371211498976 46.608027126640081 47.97780941426754 37.619046524167061 16.801832728087902 7.0430493727326375 26.031726773828268 6.5551480650901794 47.051871702075005 28.021444097161293 90.022709399461746 173.79297510534525 1556.3402786999941 99.145731449127197 20.258545309305191 108.41807902976871 902.03804033622146 89.013866078108549 19.590583313256502 312.81261150538921 33.558954823762178 16.037306934595108 21.075071074068546 19.093618489801884 15.729432404041289 20.949072130024433 26.189779505133629 18.522275425493717 10.890859324485062 124.76311244815588
leaf_count=1808 570 253 484 214 103 75 232 58 110 112 147 348 4431 240 66 1128 4477 652 101 1369 209 73 107 127 84 98 89 151 78 759
internal_value=-0.000109295 3.27728e-05 -0.00330135 -0.000745481 0.00176758 -0.00188501 0.00402753 0.0181951 0.000205374 0.000441831 -0.00244853 -0.00049831 0.00148128 -0.0004228 -0.00067474 -0.000546955 -0.00139105 -0.00547659 0.000806254 0.0021197 -0.00147799 4.56028e-05 0.00812247 0.00540247 0.00123953 0.00718622 0.000412067 -0.00115146 -0.00302803 -0.00140735
internal_weight=4061.33 3996.54 196.616 142.029 104.41 87.6077 39.6299 13.5982 3799.92 3489.06 310.868 220.845 1584.36 1904.69 1805.55 1785.29 1099.47 197.432 685.821 435.44 250.381 216.822 96.4378 76.8472 55.7721 36.6785 339.002 200.784 154.176 135.654
internal_count=18753 16945 1736 1166 952 849 365 133 15209 14604 605 458 4543 10061 9821 9755 6257 1780 3498 1975 1523 1314 517 416 309 182 1458 1241 988 837
cat_boundaries=0 1
cat_threshold=4
is_linear=0
shrinkage=0.03


Tree=190
num_leaves=31
num_cat=1
split_feature=14 13 11 0 7 11 0 8 5 0 1 18 1 13 10 10 6 10 6 8 13 11 1 16 7 16 10 10 7 6
split_gain=4.82438 2.53794 2.89113 3.49241 4.4284 3.32078 3.30125 2.5997 3.79312 3.68927 4.08243 2.46009 3.84184 3.81579 3.05655 3.49154 3.34058 4.75017 3.18294 2.53409 5.17839 3.88885 3.4067 6.62275 3.01836 2.80765 2.69851 4.83539 3.53282 4.14967
threshold=0 13.65 2.7337552742616036 0.04666666666666669 3.0450000000000008 2.6432107496463937 0.056666666666666671 8.0400000000000063 1.0000000180025095e-35 0.089976666666666691 0.046029000000000021 1095.0000000000002 0.33717033333333341 9.4500000000000011 0.55389421899446101 0.45306114864383357 7.8333333333333348 0.34864659293939576 8.7666666666666746 15.820000000000002 4.9500000000000011 2.9671230408935334 0.094000000000000042 1.0866800000000001 15.460000000000003 1.6020000000000003 0.15466690009720171 0.11788062270651724 24.445000000000004 31.683333333333341
decision_type=1 2 10 8 10 10 8 8 8 10 10 2 8 2 10 10 8 10 8 10 2 10 8 10 10 10 10 10 10 10
left_child=-1 2 3 4 -2 -6 -5 9 -9 10 -8 12 13 -4 15 16 17 -13 -18 20 -20 -22 23 -23 -21 -25 27 28 -26 -30
right_child=1 -3 11 6 5 -7 7 8 -10 -11 -12 14 -14 -15 -16 -17 18 -19 19 24 21 22 -24 25 26 -27 -28 -29 29 -31
leaf_value=-0.0076222154266624414 -0.0022278242562854393 -0.007976995184016504 0.0028242586964949482 -0.0075122274702532632 0.0020815601529361166 -0.0069986582738817971 -0.0019442044512471245 -0.0049418094879652673 -0.00029719401368370291 -0.0020577471826805109 0.015004090670523529 -0.0058057796878293469 0.012226410673373534 -0.005880067813040955 0.0044264572980122581 -0.0046817268451849019 0.011159285757182837 0.0074444604780033461 0.015809139372260361 -0.0049830575354225378 -0.0067048576114920166 -0.0012202860062556918 3.8325031833362067e-05 0.020999999999999998 -0.0044365915969621665 0.0083422397440362037 -0.00068818398470417658 0.01747351939341836 0.016228473931415598 -1.8247670927998112e-05
leaf_weight=64.082492375746369 383.59129540249705 34.679254651069641 494.30595044419169 89.366331290453672 795.0942458473146 37.979968257248402 20.844021201133728 265.17340291291475 392.45593897998333 67.758001886308193 33.108540952205658 138.58673136681318 35.393049284815788 49.903014481067657 144.37992253899574 138.0210604518652 27.631895072758198 29.540749222040176 26.378609172999859 102.87960419803858 40.279753610491753 41.674973890185356 116.49795712530613 24.139894053339958 45.884856969118118 28.39955735206604 342.02770681679249 21.315323159098625 24.09558579325676 34.275779455900192
leaf_count=1794 3211 66 1344 460 4324 177 93 1165 1504 245 125 974 57 83 303 323 111 90 112 417 129 139 271 66 163 66 759 59 69 78
internal_value=-3.59985e-05 0.00010344 0.000173913 -0.00059795 0.000439442 0.00166759 -0.00205087 -0.00142462 -0.00217002 0.00260298 0.00845629 0.00101859 0.00264896 0.00202609 0.000305947 -0.000197527 0.000395525 -0.00347765 0.00113933 0.000812774 0.00316491 0.00183603 0.00346871 0.00771044 -0.000330849 0.0147944 0.000692714 0.00445396 0.00179209 0.00668837
internal_weight=4089.75 4025.66 3990.98 2085.37 1216.67 833.074 868.706 779.34 657.629 121.711 53.9526 1905.61 579.602 544.209 1326.01 1181.63 1043.61 168.127 875.481 847.85 277.371 250.992 210.712 94.2144 570.479 52.5395 467.599 125.572 104.256 58.3714
internal_count=18777 16983 16917 11304 7712 4501 3592 3132 2669 463 218 5613 1484 1427 4129 3826 3503 1064 2439 2328 783 671 542 271 1545 132 1128 369 310 147
cat_boundaries=0 1
cat_threshold=4
is_linear=0
shrinkage=0.03


Tree=191
num_leaves=31
num_cat=1
split_feature=14 18 10 16 16 10 11 11 16 6 12 8 8 0 18 18 17 17 17 13 16 15 13 13 8 9 15 6 0 6
split_gain=3.52816 3.31477 5.15782 3.62469 2.91204 2.97253 4.08127 5.14401 3.93095 3.49257 2.59346 3.34034 6.633 2.98007 2.89728 3.41299 3.35128 7.65084 2.82681 3.40468 3.92657 3.32438 2.78743 3.80731 7.93414 3.73767 2.77987 3.12896 2.55311 2.45184
threshold=0 1170.0000000000002 0.077703162419045638 0.83700000000000008 0.90500000000000014 0.064288566865740901 2.7022543059777107 3.6424162257495598 0.52000000000000013 12.083333333333337 1.0000000180025095e-35 12.690000000000003 13.620000000000003 0.17661000000000002 1188.7500000000002 1205.0000000000002 1192.5000000000002 1105.0000000000002 1093.7500000000002 4.7500000000000009 1.6263333333333334 1.2305700000000002 9.5500000000000025 5.7500000000000009 23.72666666666667 6.7550000000000017 1.3290000000000004 13.633333333333338 0.51166666666666683 13.400000000000004
decision_type=1 2 10 8 10 10 10 10 10 8 2 8 8 10 2 2 2 2 2 2 10 8 2 2 8 8 10 10 8 8
left_child=-1 4 -3 -4 5 8 9 -8 -2 -7 18 13 -13 26 -14 16 17 -16 19 20 -5 -20 23 24 -17 -26 -12 -28 -6 -21
right_child=1 2 3 10 28 6 7 -9 -10 -11 11 12 14 -15 15 22 -18 -19 21 29 -22 -23 -24 -25 25 -27 27 -29 -30 -31
leaf_value=-0.0064911397890702284 0.0023231921874740558 -0.0039062956995142796 -0.0048438636093424657 -0.013397529709034102 0.00018433014104003888 0.0092501663217462518 0.020334030121245926 0.0031768872594930557 -0.012996994536628351 -0.008091919629951809 -0.0041500530475107288 0.017074352080621902 -0.0044115743955211555 -0.011115127320726366 0.017880067482975791 -0.0011103851247121772 0.017960904483873417 -0.0072838659287653984 -0.0092275731851117187 0.010978026701113879 0.0098704349889178668 -0.0011618374562722866 0.011524528801716366 -0.0036455317382711114 0.0049506449951706678 0.020999999999999998 -0.00025305027573790663 0.010309930826310355 0.011473695635754923 0.0011185617577351456
leaf_weight=64.8208681140095 334.48018043860793 401.22776056826115 125.32705035060644 19.999607853591446 1901.6185240633786 19.877648703753948 33.208833865821362 29.876434132456779 15.78478344529867 22.040544420480728 80.949012652039528 30.026356481015682 48.636347733438015 23.794216811656952 20.135686248540878 80.50960985571146 25.564189746975899 23.641615204513073 52.910184763371944 44.056973926723003 9.6899247542023641 351.6378768235445 23.843687236309052 98.648888863623142 18.137661136686802 21.645459875464439 79.8934276252985 36.893796160817146 18.201636731624603 46.827818900346756
leaf_count=1831 1477 3150 646 133 7057 111 89 66 115 98 357 98 144 63 70 389 52 70 239 198 51 1321 35 266 85 72 340 101 36 156
internal_value=-3.61098e-05 8.33476e-05 -0.000943208 -1.72766e-06 0.000802908 0.00296004 0.00738742 0.0122086 0.00163278 0.000131715 0.000531794 0.00185839 0.00352668 -0.00108456 0.00239911 0.00346036 0.00933036 0.00429047 -0.00101508 0.0030167 -0.00580344 -0.00221674 0.00178385 0.000723043 0.0043056 0.015266 0.00012245 0.00308386 0.000291364 0.005898
internal_weight=4103.91 4039.09 1664 1262.77 2375.09 455.268 105.003 63.0853 350.265 41.9182 1137.44 612.32 390.79 221.53 360.763 312.127 69.3415 43.7773 525.122 120.574 29.6895 404.548 242.785 218.942 120.293 39.7831 197.736 116.787 1919.82 90.8848
internal_count=18916 17085 8036 4886 9049 1956 364 155 1592 209 4240 2142 1281 861 1183 1039 192 140 2098 538 184 1560 847 812 546 157 798 441 7093 354
cat_boundaries=0 1
cat_threshold=4
is_linear=0
shrinkage=0.03


Tree=192
num_leaves=31
num_cat=0
split_feature=10 2 6 6 11 3 9 18 13 15 15 11 7 1 18 8 4 18 6 9 11 8 13 15 10 9 8 13 6 13
split_gain=4.17396 3.97943 3.03118 4.63231 2.84235 3.58883 3.54366 2.74496 2.89848 2.92632 3.91056 5.31794 4.2756 2.89517 2.89019 2.68327 2.64209 2.49476 2.31132 2.29646 2.04805 2.03648 1.89815 1.89749 2.89824 1.80586 2.24524 4.57333 1.98762 1.69433
threshold=0.08248101252920749 0.10998200595485393 15.883333333333336 16.683333333333334 3.3706690561529276 0.10896041366258112 6.1000000000000014 1188.7500000000002 3.9500000000000006 1.4255000000000002 1.2900000000000003 1.7056197478991597 4.8700000000000019 0.056000000000000029 1042.5000000000002 10.020000000000005 1.0000000180025095e-35 1082.5000000000002 40.483333333333341 1.7800000000000005 2.5024271844660197 15.420000000000002 4.0500000000000007 0.78745000000000009 0.00096037297527706747 0.56000000000000028 7.2800000000000011 5.1500000000000012 10.083333333333336 4.3500000000000005
decision_type=8 8 10 10 10 10 10 2 2 10 10 10 10 10 2 10 10 2 10 10 10 10 2 10 10 10 10 2 10 2
left_child=1 2 4 -4 5 6 7 8 -1 10 14 15 -13 25 -10 -12 20 -18 21 -11 22 -5 -16 24 -6 -9 27 -27 -28 -21
right_child=-2 -3 3 18 23 -7 -8 13 9 19 11 12 -14 -15 16 -17 17 -19 -20 29 -22 -23 -24 -25 -26 26 28 -29 -30 -31
leaf_value=0.015819405658883012 0.00043858234446269721 -0.0070951275092201466 0.015328602779173741 0.0030632212515123215 -0.00578532046974135 0.017165751904804818 0.018041955799057898 -0.014897559082177235 0.012794191240904654 -0.011448365203334273 0.011078700812798742 -0.0022522039414919438 0.020999999999999998 0.0096987951775214104 -0.014897559121758568 -0.014897559085117482 -0.0020018253930626931 0.017075826917124833 0.0085589555534993002 0.011002705475822216 -0.0080340415067011554 -0.0032259058999552052 -0.00011112251979514669 -0.011809108179162716 0.012617293097198645 -0.004976082726601762 -0.0044376739644091563 0.017147273570209676 -0.012959722422591698 -0.0037578608113779366
leaf_weight=9.7665900252759439 3002.710958302021 111.50370090454817 20.842871233820915 78.504384107887745 65.845510078594089 9.356488421559332 8.1968421339988691 16.389750029891729 14.083616802468894 34.790736677125096 6.9294040165841597 7.1172379460185757 8.6822160109877569 12.196929439902304 8.1889594607055169 7.4019098896533251 11.631753981113436 13.135924976319073 28.137172624468803 8.1080253124237043 43.709365751594305 113.09451856464148 170.42645648308098 38.854429967701435 8.7225618753582221 27.213691536337137 120.46021330356598 12.170449040830134 30.962361797690392 51.168351843953133
leaf_count=118 10131 819 93 277 470 65 30 212 114 380 66 104 54 87 94 77 66 74 56 90 364 380 1277 674 43 261 1548 60 216 517
internal_value=-0.000140115 -0.00172327 -0.00111584 0.00181213 -0.00206071 -0.00127602 -0.00155311 -0.00181447 -0.000320467 -0.000729503 0.000756038 0.0109896 0.021 -0.00450527 -0.000424564 -0.00233765 -0.001178 0.00811631 0.00053004 -0.00532992 -0.00221341 -0.000649043 -0.000789034 -0.00643363 -0.00363268 -0.00534141 -0.00452057 0.00186046 -0.00618023 -0.00173886
internal_weight=4100.3 1097.59 986.089 240.579 745.51 632.087 622.731 614.534 395.141 385.374 291.307 30.1308 15.7995 219.393 261.176 14.3313 247.092 24.7677 219.736 94.0671 222.325 191.599 178.615 113.423 74.5681 207.196 190.807 39.3841 151.423 59.2764
internal_count=18817 8686 7867 806 7061 5874 5809 5779 3395 3277 2290 301 158 2384 1989 143 1875 140 713 987 1735 657 1371 1187 513 2297 2085 321 1764 607
is_linear=0
shrinkage=0.03


Tree=193
num_leaves=31
num_cat=2
split_feature=14 14 8 8 18 16 11 10 16 3 18 11 8 11 16 17 13 11 10 8 10 15 11 2 16 16 18 8 11 3
split_gain=4.28013 2.86184 2.30548 3.14787 2.60106 2.35805 2.99099 2.34976 2.22155 3.31822 2.40534 4.24217 5.81034 2.86061 2.85847 5.43466 2.17589 3.2127 1.9685 2.31357 1.91839 2.30674 1.79685 3.88142 3.04511 4.70736 2.87544 2.97445 2.30359 3.93799
threshold=0 1 1.6200000000000003 0.62000000000000155 1140.0000000000002 1.58538 1.2229532163742693 1.0370266530503818 2.5180000000000002 0.054837721518987352 1071.2500000000002 1.2012658227848103 3.8400000000000007 4.0808163265306137 1.8695900000000003 1142.5000000000002 4.9500000000000011 3.1118935837245698 0.066026726943942141 22.645000000000007 0.0025604976725082146 1.4217500000000005 2.6683333333333334 0.052124598510792867 1.8400000000000003 1.8968100000000001 1155.0000000000002 10.490000000000002 2.8396428571428576 0.10600226946966081
decision_type=1 1 8 10 2 10 10 10 10 10 2 10 8 10 10 2 2 8 10 8 10 8 10 8 10 10 2 10 10 10
left_child=16 2 3 5 -5 6 -2 -4 10 -10 11 12 -3 18 15 -14 20 -18 -13 -20 -1 -22 23 24 -12 -26 -27 -28 29 -24
right_child=1 8 7 4 -6 -7 -8 -9 9 -11 22 13 14 -15 -16 -17 17 -19 19 -21 21 -23 28 -25 25 26 27 -29 -30 -31
leaf_value=-0.014897559118937689 -0.0055432870020711462 -0.009319272592518843 0.00045228993206636341 0.017034834471810523 0.0030163498186350033 -0.0094183708157758294 0.014396421840921426 0.010135986346220909 -0.0029461987067575142 0.011944852517447199 -0.0019655853077882603 0.0024376487068879385 -0.0050853071866276481 0.0075941017653670308 0.020999999999999998 0.020999999999999998 0.020999999999999998 -0.0059489614269328242 -0.006567275492715418 0.0036597188450847914 0.019557715740111347 -0.014897559204755616 -0.00037028815725062434 -0.0053481110347618922 0.020999999999999998 -0.0035152816835801359 0.020999999999999998 0.00082871439245531958 -0.0010653085502686439 0.015857744600138904
leaf_weight=36.375834470614791 12.828363213688137 10.755991037935017 2360.9352649226785 26.305575706064701 21.770792886614799 16.425790622830391 14.337416447699068 22.769447460770607 25.10174498707056 29.058491878211498 357.25404887273908 62.300955031067133 12.229608662426473 34.679519787430763 12.177405234426258 9.6006334535777551 3.7501449007540941 16.76240294799209 86.431631617248058 25.865862682461739 3.4827758409082881 3.5123826377093792 39.236550487577915 289.02193845435977 9.977571386843918 36.899469219148159 9.5195601806044596 13.353449396789072 461.96387077867985 20.48427190631628
leaf_count=1065 90 72 7591 82 101 68 58 69 166 86 2966 449 86 98 68 56 98 467 314 87 99 99 249 1762 71 258 56 109 1864 66
internal_value=-4.13797e-05 8.99628e-05 0.000721417 0.00539307 0.0106867 -0.000445223 0.00498039 0.00054479 -0.000919283 0.00504327 -0.00114192 0.00151707 0.00989935 -0.000275858 0.0159778 0.00846453 -0.00719658 -0.000272365 -0.00183902 -0.00421166 -0.0121307 0.00225716 -0.00168769 -0.00266337 -0.000846172 0.00488737 0.00166525 0.0100226 -0.000348541 0.00519594
internal_weight=4085.17 4021.29 2475.37 91.6679 48.0764 43.5916 27.1658 2383.7 1545.91 54.1602 1491.75 254.042 44.7636 209.278 34.0076 21.8302 63.8835 20.5125 174.598 112.297 43.371 6.99516 1237.71 716.026 427.004 69.7501 59.7725 22.873 521.685 59.7208
internal_count=18770 16942 8059 399 183 216 148 7660 8883 252 8631 1230 282 948 210 142 1828 565 850 401 1263 198 7401 5222 3460 494 423 165 2179 315
cat_boundaries=0 1 2
cat_threshold=4 8
is_linear=0
shrinkage=0.03


Tree=194
num_leaves=31
num_cat=1
split_feature=14 18 12 17 11 11 16 6 17 11 11 9 6 18 13 18 16 8 16 8 8 11 9 6 2 9 6 17 16 15
split_gain=6.77497 2.48764 2.90701 3.04925 2.60504 2.52182 3.23165 3.76936 3.63754 4.08147 3.16699 3.60847 3.69183 2.64134 3.07472 2.38708 3.44306 3.44096 3.11728 3.41658 3.87632 3.21881 2.96107 2.76614 2.36166 2.22507 4.11151 3.42782 7.39886 3.84453
threshold=0 1162.5000000000002 1.0000000180025095e-35 1066.2500000000002 2.7171862182116491 1.6826159951159954 1.5350000000000004 4.916666666666667 1167.5000000000002 1.5219806763285026 2.182255244755245 2.9450000000000007 4.9666666666666712 1253.7500000000002 4.5500000000000007 1188.7500000000002 1.0555000000000003 7.2800000000000011 1.1550000000000002 11.453333333333337 16.445000000000004 3.3858395989974941 4.5675000000000017 13.400000000000004 0.010000000000000007 4.2100000000000017 10.716666666666667 1093.7500000000002 1.192666666666667 1.3046400000000002
decision_type=1 2 2 2 8 8 8 10 2 10 10 10 10 2 2 2 10 8 10 10 10 10 10 8 8 10 10 2 10 10
left_child=-1 -2 25 4 -4 6 7 13 9 -9 11 12 -7 14 24 23 17 -17 22 -20 21 -21 -18 -12 -5 26 -3 28 -27 -30
right_child=1 2 3 5 -6 10 -8 8 -10 -11 15 -13 -14 -15 -16 16 18 -19 19 20 -22 -23 -24 -25 -26 27 -28 -29 29 -31
leaf_value=-0.0091454659561584686 0.00074940444325821069 -0.0017353348914171641 -0.0072083701163229239 0.020999999999999998 0.0038110382882486213 -0.0058467590107339111 -0.0018799299075211338 0.0093321914692079035 -0.0017860190380532572 0.020999999999999998 -0.0098083969834232149 -0.0094461763483246006 0.0090050185836897476 -0.008544522093794785 -0.0029734086890614441 0.011803458677290827 0.0027881863329327853 -0.0029894659727258154 -0.0033727869440436536 0.0056488745025526418 0.0020857668768641843 0.020390816876199286 0.020620081790574559 0.00053450348825050977 0.00093348607640731328 -0.0060349787345039879 -0.0084231576363773663 -0.0019185540652070709 0.020999999999999998 0.0058939299708765797
leaf_weight=62.83880465105176 2243.246740642935 289.46475466713309 78.03163543343544 6.419111881405116 25.656653560698032 33.14624061062932 55.309610743075609 47.049596816301346 16.016425020992756 13.596205815672873 35.369279347360134 60.535099197179079 27.612084545195103 18.888603750616312 15.095414962619541 15.729737497866152 15.266531884670256 141.08052197471261 59.871031560003757 33.582470312714577 134.24932186678052 22.103595770895481 18.582315251231194 68.040159434080124 5.6850320696830758 33.850186727941036 115.84082375466824 323.59953586012125 18.04311329126358 33.186656169593334
leaf_count=1811 8482 2259 513 68 100 246 318 246 78 65 163 271 148 204 93 64 79 618 184 124 407 55 53 165 56 147 597 1030 62 112
internal_value=-7.82357e-05 8.66837e-05 -0.000757077 0.000373056 -0.00448173 0.000970028 0.00414097 0.0068539 0.01093 0.0142883 0.000121194 -0.00426219 0.000902745 7.37471e-05 0.00605866 0.00109876 0.00206177 -0.00150558 0.00403387 0.0028762 0.004846 0.0115004 0.0125775 -0.00300309 0.0173228 -0.00207177 -0.00364679 -0.000509756 0.00484857 0.0120399
internal_weight=4066.99 4004.15 1760.9 946.917 103.688 843.228 178.06 122.75 76.6622 60.6458 665.168 121.293 60.7583 46.0882 27.1996 543.875 440.466 156.81 283.655 249.806 189.935 55.6861 33.8488 103.409 12.1041 813.985 405.306 408.679 85.08 51.2298
internal_count=18818 17007 8525 4318 613 3705 1128 810 389 311 2577 665 394 421 217 1912 1584 682 902 770 586 179 132 328 124 4207 2856 1351 321 174
cat_boundaries=0 1
cat_threshold=4
is_linear=0
shrinkage=0.03


Tree=195
num_leaves=31
num_cat=1
split_feature=14 13 5 17 18 9 15 11 3 18 8 15 6 6 9 6 13 12 18 13 15 15 13 16 3 3 8 16 3 16
split_gain=3.70925 2.93447 3.5948 2.11571 2.06075 2.56687 2.9234 2.59388 2.07243 2.27915 2.38558 2.01744 2.32757 1.93351 1.85952 2.27563 3.25013 1.80392 2.64511 3.81538 2.03155 1.80436 1.75943 1.65285 2.97015 4.50197 3.03726 3.48167 3.35446 2.53349
threshold=0 7.8500000000000005 1.0000000180025095e-35 1021.2500000000001 1327.5000000000002 1.1225000000000003 1.5330000000000004 3.2511682242990658 0.048008620689655189 1355.0000000000002 16.053333333333338 1.9110000000000003 16.683333333333334 12.533333333333337 2.0450000000000008 13.400000000000004 4.4500000000000011 1.0000000180025095e-35 1162.5000000000002 5.2500000000000009 1.1990000000000001 1.4217500000000005 5.0500000000000007 2.0110000000000006 0.056678643611048747 0.06400281690140848 16.580000000000005 2.0690000000000004 0.28307459191048789 2.6300000000000003
decision_type=1 2 8 2 2 10 10 10 10 2 10 10 10 10 8 10 2 2 2 2 10 10 2 10 10 10 10 10 10 10
left_child=17 3 -3 14 23 -6 8 11 9 -7 -11 -8 -13 22 -2 16 -16 -1 -19 20 -20 -22 -10 -5 -25 -26 27 -27 29 -28
right_child=1 2 -4 4 5 6 7 -9 13 10 -12 12 -14 -15 15 -17 -18 18 19 -21 21 -23 -24 24 25 26 28 -29 -30 -31
leaf_value=-0.012938743139161178 -0.012199422267633847 0.006204313750952691 0.00068423060891366621 -0.00015854564306411453 -0.013354006353933526 -0.014897559107783504 -0.0072817463729228449 -0.013725486295692167 0.020999999999999998 0.0092750634034364145 -0.0092922286949317263 0.010957477549778254 -0.0059361132270809589 0.0011705353834449244 -0.009958746208991549 -0.0081847802357052357 0.0089347390467299954 -0.011226375601415239 -0.014897559052454145 0.020999999999999998 0.020999999999999998 -0.0028422523185458138 0.0038386905605061455 -0.0015039015190300559 0.016202770876897015 0.01537266631398428 -0.0045281584135170808 0.0033469397135271806 0.0076352168231318372 0.0058259530742877635
leaf_weight=30.63074828311801 22.237567447125912 149.27584983408451 367.73696146905422 2674.5344959013164 19.435680698603392 10.847796678543089 35.452552448958158 25.595678299665451 10.702737458050253 14.892881352454426 10.704096857458351 16.24441717192531 13.390696316957472 29.872863925993443 12.148668099194763 31.283616609871387 25.175918713212013 16.343503778800368 5.9115931838750821 2.1914997324347487 2.7204410526901484 4.9770612139254808 9.6070453450083715 188.14875450730324 22.186259783804417 24.776822462677956 115.72510605305433 172.6547838523984 35.947634920477867 26.057358913123608
leaf_count=900 172 294 665 12142 218 108 230 113 83 121 93 111 52 126 119 135 131 465 173 57 81 150 49 1098 82 68 318 482 63 65
internal_value=4.64333e-05 0.000166111 0.00227803 -0.000141202 -2.24341e-05 -0.00300408 -0.00186959 -0.00563456 0.00207166 -0.00337327 0.00151063 -0.0024528 0.00332407 0.00602601 -0.00466043 -0.00221686 0.00278516 -0.00666703 -0.00276469 0.00598773 -0.00167111 0.00848665 0.0131677 0.000157511 0.00160125 0.00307158 0.00229503 0.00485612 -0.000549961 -0.00262524
internal_weight=4127.41 4064.64 517.013 3547.62 3456.78 196.746 177.311 90.6833 86.6274 36.4448 25.597 65.0877 29.6351 50.1826 90.8458 68.6082 37.3246 62.7748 32.1441 15.8006 13.6091 7.6975 20.3098 3260.03 585.497 397.348 375.162 197.432 177.73 141.782
internal_count=18964 17138 959 16179 15622 1304 1086 506 580 322 214 393 163 258 557 385 250 1826 926 461 404 231 132 14318 2176 1078 996 550 446 383
cat_boundaries=0 1
cat_threshold=4
is_linear=0
shrinkage=0.03


Tree=196
num_leaves=31
num_cat=0
split_feature=10 16 0 9 11 13 6 1 11 11 17 16 6 4 17 17 13 9 6 7 6 9 13 11 9 0 2 7 11 11
split_gain=4.18395 3.19832 2.84181 4.3514 3.87965 1.86108 4.80798 2.306 1.85274 6.15957 2.89477 2.1133 2.0724 2.52092 2.12241 2.01471 3.34631 1.99642 3.45097 3.33802 2.32386 1.97695 1.91746 4.51923 1.67513 1.65131 2.25243 3.83729 2.16842 3.31921
threshold=0.072393745611327179 0.78700000000000003 0.0033333333333333474 0.64000000000000024 0.18301435406698566 4.0500000000000007 5.9833333333333343 0.0079380000000000023 2.6432107496463937 2.3796551724137935 1146.2500000000002 1.0000000180025095e-35 23.016666666666669 0.41666666666666669 1232.5000000000002 1120.0000000000002 5.7500000000000009 2.0291666666666672 10.600000000000003 2.8000000000000012 24.350000000000001 1.6100000000000003 5.6500000000000012 1.5358983799705452 1.4450000000000005 0.089976666666666691 0.080029523288498189 8.0100000000000033 0.69604037267080754 0.84877072612921689
decision_type=8 8 8 8 10 2 8 10 10 10 2 10 10 10 2 2 2 10 10 10 10 10 2 10 10 10 10 10 10 10
left_child=1 8 4 -4 -3 6 7 -2 9 17 -11 12 14 -14 -10 -13 -17 21 19 -19 -20 -1 23 -21 -6 26 28 -28 -5 -30
right_child=5 2 3 25 24 -7 -8 -9 11 10 -12 15 13 -15 -16 16 -18 18 20 22 -22 -23 -24 -25 -26 -27 27 -29 29 -31
leaf_value=-0.0013717020973198278 0.0032673816319604004 0.013855092626762044 0.017029892469944404 -0.011995703915077708 -0.005236797761648493 0.00039903363842081998 -0.0063833535426790506 0.020999999999999998 -0.0070625266800467936 0.006447284079006509 0.020999999999999998 -0.0048304182459602682 0.0038799722262185718 -0.0070486759968851646 0.0014150246801336093 0.020999999999999998 -0.00022886059625482096 -0.0069551166003157406 -0.0049934230472344155 -0.00084434930842692396 0.0080266628235932946 -0.013113836235871416 0.0020455933544848673 0.020999999999999998 -0.012320380227493094 -0.0079272419069876202 -0.0063316198965250982 0.018176816720309304 0.016397452599196689 -0.0025413267721036831
leaf_weight=55.449352143332362 6.6061322018504161 7.3036741670221081 10.335932977497576 20.676427457481623 62.106906255707145 3055.5824258103967 10.570569261908529 6.9051786214113235 111.03974558226764 19.676883826032281 12.472536703571675 11.919968361034988 65.503818243741989 26.755399093031883 34.942349303513765 10.240362176671626 12.271027393639086 11.33152651414275 57.551713429391384 10.673718050122263 15.703913629055021 16.818756865337491 14.16501449048519 21.098460733890533 58.203177567571402 47.343612961471081 10.506728660315277 12.698652297258375 8.6275730654597265 240.36453223787248
leaf_count=479 75 95 88 199 855 10551 80 50 666 114 59 90 167 61 183 109 33 148 242 79 51 137 42 140 1304 275 82 65 78 2131
internal_value=-7.99969e-05 -0.00178107 -0.0035417 -0.00214629 -0.00737486 0.000464505 0.00877169 0.0206282 -0.000122569 0.00182998 0.0140299 -0.00180494 -0.00280898 0.000710637 -0.00503334 0.00514231 0.010423 -0.000104109 0.00211076 0.00762783 -0.00220229 -0.00410442 0.0112251 0.0153176 -0.00866367 -0.00272887 -0.00188855 0.0070801 -0.00266031 -0.0018851
internal_weight=4065.45 985.782 478.167 350.553 127.614 3079.66 24.0819 13.5113 507.615 234.942 32.1494 272.673 238.241 92.2592 145.982 34.4314 22.5114 202.792 130.524 57.2687 73.2556 72.2681 45.9372 31.7722 120.31 340.218 292.874 23.2054 269.669 248.992
internal_count=18728 7972 5172 2918 2254 10756 205 125 2800 1491 173 1309 1077 228 849 232 142 1318 702 409 293 616 261 219 2159 2830 2555 147 2408 2209
is_linear=0
shrinkage=0.03


Tree=197
num_leaves=31
num_cat=1
split_feature=14 18 9 15 9 13 3 1 9 9 1 8 3 15 15 15 13 3 12 16 0 1 18 18 15 3 17 15 1 3
split_gain=4.452 2.35142 2.59013 5.45373 3.03155 4.0045 2.19989 2.70745 2.31618 1.98972 2.34325 4.06372 5.11364 3.42573 6.46588 4.298 4.14122 3.35841 3.00813 2.99524 4.2412 3.83474 2.45579 3.95923 6.01833 3.96223 2.90473 4.162 2.83022 5.53965
threshold=0 1327.5000000000002 6.6200000000000019 1.7070000000000001 4.6900000000000022 5.5500000000000007 0.041530707664428602 0.034105000000000017 2.4225000000000008 4.8100000000000014 0.028000000000000014 24.490000000000006 0.028569021553198772 1.3110000000000002 1.1950000000000003 0.96300000000000008 4.0500000000000007 0.030000000000000016 1.0000000180025095e-35 1.8695900000000003 0.016435000000000002 0.0060000000000000001 1162.5000000000002 1112.5000000000002 0.90400000000000014 0.16093982772158347 1086.2500000000002 0.70037000000000005 0.12359200000000002 0.24837029678362574
decision_type=1 2 10 10 8 2 10 10 10 8 10 10 10 10 10 10 2 10 2 10 10 10 2 2 10 10 2 10 10 10
left_child=-1 9 4 -4 5 6 -3 -8 -9 10 11 12 13 14 15 19 -15 -14 -13 21 -21 -2 23 -12 -25 -26 27 -24 29 -28
right_child=1 2 3 -5 -6 -7 7 8 -10 -11 22 18 17 16 -16 -17 -18 -19 -20 20 -22 -23 26 24 25 -27 28 -29 -30 -31
leaf_value=-0.0073608560092652299 0.0014853189313242267 -0.0095696180871905883 0.014794337898262386 -0.0056905002441243304 -0.010395889452566268 0.0083616526341507933 0.014096334734209333 0.0093253250253669297 -0.0069684622139221854 0.0011321694211519104 -0.0014053472441265401 0.00082789521185210415 0.015777503799248346 0.0167651400220796 0.01100795553551806 -0.0063302506082052318 -0.0045276176396912508 0.0031228953935160653 0.020999999999999998 0.0021317494377514974 0.020999999999999998 -0.0073894190539762735 0.0083665796608231834 0.020999999999999998 -0.0014879074691405948 0.0091504961519021447 -0.0016340490922106797 -0.0099303287614337776 -0.0072214510571601527 0.013302420082880325
leaf_weight=61.513443635776639 280.17055269703269 45.045543666929007 21.217909842729568 26.066955849528313 53.313552662730217 27.086042530834675 9.3123056441545469 9.9079861976206285 37.835330195724964 1699.3425658121705 466.93604015558958 11.446410045027733 20.537855226546526 8.5273842364549619 48.638292610645294 91.043762043118477 228.54516667872667 233.06848353520036 14.928876027464867 22.9016930796206 10.219542808830736 51.943623483181 12.895383782684801 16.643472239375114 93.962172240018845 47.405080735683441 257.85029745101929 84.554161790758371 66.439919143915176 24.468103274703026
leaf_count=1819 1781 510 72 84 250 115 73 79 241 4364 1796 113 109 93 358 695 1762 1064 138 160 52 353 66 70 429 132 1297 442 235 76
internal_value=5.92164e-05 0.00019052 -0.00275581 0.00350156 -0.00437706 -0.00189318 -0.00461364 -0.000700886 -0.00358708 0.000369541 -0.000249613 0.000778023 0.000470115 -0.000786857 0.000609926 -0.00049848 -0.00376173 0.00414771 0.0124007 0.00095523 0.00955805 9.72841e-05 -0.00123006 -1.62916e-05 0.00408849 0.0020795 -0.00293004 -0.00750912 -0.00165056 -0.000339528
internal_weight=4083.77 4022.25 229.786 47.2849 182.501 129.187 102.101 57.0556 47.7433 3792.47 2093.13 1021.97 995.596 741.99 504.917 456.279 237.073 253.606 26.3753 365.235 33.1212 332.114 1071.15 624.947 158.011 141.367 446.208 97.4495 348.758 282.318
internal_count=18828 17009 1424 156 1268 1018 903 393 320 15585 11221 6678 6427 5254 3399 3041 1855 1173 251 2346 212 2134 4543 2427 631 561 2116 508 1608 1373
cat_boundaries=0 1
cat_threshold=4
is_linear=0
shrinkage=0.03


Tree=198
num_leaves=31
num_cat=0
split_feature=7 0 2 3 17 13 6 1 11 17 12 6 6 3 17 11 3 1 11 7 15 6 1 1 6 12 17 17 7 2
split_gain=4.50756 3.65661 4.13957 3.33852 3.02712 2.99443 2.88841 3.26418 2.87056 2.59141 2.55387 2.22178 3.90298 2.48342 5.64847 2.56102 4.05485 4.50941 3.23447 4.47573 3.5044 3.49311 7.07986 5.0286 4.54434 3.04699 2.96944 5.24453 3.28965 2.88765
threshold=10.610000000000003 0.04666666666666669 0.013333333333333341 0.66443398392652131 1066.2500000000002 7.0500000000000007 13.766666666666671 0.050000000000000024 1.9953271028037387 1068.7500000000002 1.0000000180025095e-35 14.216666666666667 11.150000000000002 0.013355666977611943 1112.5000000000002 2.1339743589743594 0.33288761282902507 0.048004000000000026 0.82725464190981446 7.8225000000000025 0.77592000000000005 5.2416666666666689 0.026684333333333341 0.026684333333333341 3.8000000000000056 1.0000000180025095e-35 1120.0000000000002 1071.2500000000002 1.6800000000000008 0.0277576983503535
decision_type=10 10 10 10 2 2 10 10 8 2 2 10 10 10 2 10 10 8 10 10 10 10 10 10 8 2 2 2 10 10
left_child=1 2 5 -3 6 -1 7 -2 -9 -6 -7 12 13 14 -4 16 17 18 -15 20 -20 23 -23 24 26 -21 27 -22 -28 -17
right_child=4 3 11 -5 9 10 -8 8 -10 -11 -12 -13 -14 15 -16 29 -18 -19 19 25 21 22 -24 -25 -26 -27 28 -29 -30 -31
leaf_value=-0.0025605137457654554 0.014950687601951547 -0.0044713492827911285 -0.0029694049742157837 0.0083375003461139581 0.0097816757390093347 -0.0023225148369832027 -0.0052756075897011454 -0.012643288052443927 0.0055024498804567253 0.0011282887558248141 0.0088925447447253305 -0.010550893927546778 0.010217172021494766 -0.0044957721508412946 0.020999999999999998 -0.0060164372663106839 -0.014897559185084975 0.015480180055014617 -0.010096577254456982 -0.014897559052918475 -0.0025741021217593018 0.0060858112559002307 0.020999999999999998 -0.012967796832664684 -0.0048963626666742258 0.0014998812686469484 -0.005925413461763054 0.020999999999999998 0.012713167788965583 0.00077531840006355628
leaf_weight=658.9908496607095 15.076262310147284 336.65157892182469 15.090348049998285 19.367284119129181 31.605518162250519 33.399484895169735 124.71482461690903 13.308071628212931 19.117638587951657 2143.412336088717 40.352913588285446 13.803685538470743 44.197168596088886 57.682396855205297 12.967605359852312 91.204693520441651 11.969215601682661 23.701566338539124 12.497443303465841 17.856080457568169 9.7375274598598498 62.906958132982254 15.447479374706743 15.545956008136271 26.996769927442074 23.784199886023998 16.718408931046724 21.965367864817381 17.384547725319862 147.38837853074074
leaf_count=6535 76 1629 121 58 114 93 437 67 67 5937 98 65 204 378 98 550 44 119 88 101 66 354 82 105 166 131 116 142 104 648
internal_value=9.20282e-05 -0.0010615 -0.000367407 -0.00377455 0.000950878 -0.00191893 -0.00287783 0.00341747 -0.00194487 0.00125403 0.0038137 0.00135814 0.00161299 0.000980081 0.0096944 0.000553211 0.00224817 0.00288506 0.00188506 0.0034133 0.00528312 0.0063126 0.011138 0.00282302 0.00546824 -0.00553163 0.00972031 0.0163299 0.00357591 -0.0018209
internal_weight=4094.84 1747.61 1391.59 356.019 2347.23 732.743 172.217 47.502 32.4257 2175.02 73.7524 658.846 645.042 600.845 28.058 572.787 334.194 322.225 298.523 240.841 199.2 186.703 78.3544 108.349 92.8026 41.6403 65.8059 31.7029 34.103 238.593
internal_count=18793 12095 10408 1687 6698 6726 647 210 134 6051 191 3682 3617 3413 219 3194 1996 1952 1833 1455 1223 1135 436 699 594 232 428 208 220 1198
is_linear=0
shrinkage=0.03


Tree=199
num_leaves=31
num_cat=0
split_feature=12 10 4 16 18 16 6 7 16 13 3 16 17 1 18 16 10 5 13 10 10 1 7 6 3 3 6 13 6 15
split_gain=5.14426 3.2721 3.69446 3.4825 3.25117 3.65039 3.60273 2.8912 2.78989 2.77197 2.60465 2.46172 4.71253 4.00893 3.82851 4.87865 3.60601 3.35256 4.01543 3.31186 3.69217 3.03678 2.8314 2.42726 4.01632 3.85296 3.46829 2.96188 2.26562 2.23587
threshold=1.0000000180025095e-35 0.098578955899489312 1.0000000180025095e-35 0.81278000000000017 1055.0000000000002 1.6870000000000003 2.2666666666666688 0.34500000000000008 0.75674000000000008 4.7500000000000009 0.16739417989417993 1.2970000000000004 1096.2500000000002 0.073958000000000038 1205.0000000000002 1.1963333333333337 0.24267275881578343 1.0000000180025095e-35 5.5500000000000007 0.18200033080607755 0.14303137884116263 0.14400000000000007 9.2450000000000028 0.80000000000000082 0.19479121753246753 0.0019950000000000002 0.46666666666666673 5.6500000000000012 16.816666666666677 1.4870000000000003
decision_type=2 8 10 8 2 8 8 8 10 2 8 10 2 10 2 10 10 8 2 10 10 10 10 8 10 10 10 2 10 10
left_child=1 2 10 -3 5 -5 -6 8 9 -2 -1 13 17 29 16 -16 -15 19 -19 20 -13 -18 -21 24 25 26 -9 -27 -7 -8
right_child=7 3 -4 4 6 28 11 23 -10 -11 -12 12 -14 14 15 -17 21 18 -20 22 -22 -23 -24 -25 -26 27 -28 -29 -30 -31
leaf_value=-0.0040182143619816105 -0.0043845076372568516 -0.0079155540559036567 0.0012497235120609398 0.013751827420765021 0.0045624741992125904 -0.0024482012374066882 -0.00027881116291676874 0.0011628653210873571 -0.0073614364780700556 0.020999999999999998 -0.014897559106631889 0.0036168985415927207 -0.003731754517896162 0.014775534517370001 -0.0066260918733317522 0.0085333538649450501 0.010275034656438406 -0.0074090321908183614 0.0064397727987996643 0.0098139916134313207 0.020999999999999998 -0.0019844276242591348 -0.0032486210706707767 0.00074034551073934806 0.020999999999999998 -0.0033262791324388903 0.020999999999999998 0.012765751715299794 0.0054212827405048566 -0.008240915933525772
leaf_weight=441.20304139517248 8.5607873480766994 55.857879035174847 128.1949446182698 27.225714042782784 101.74699941650033 62.653833456337452 88.24285126850009 9.3397282250225562 67.674057738855481 6.5929253771901122 20.736416321247816 14.583197824656965 537.35491642355919 37.407626442611217 54.403890840709209 29.448276355862617 32.17785207927227 52.07966823130846 29.525715753436089 25.49415086209774 12.777810640633104 41.817897006869316 36.054788514971733 1968.2943941503763 8.9658873453736287 49.259892035275698 9.3748450428247434 13.01362659037113 69.393718972802162 49.57453640550375
leaf_count=3983 159 275 589 71 531 209 434 84 1057 88 195 82 1550 114 196 83 82 202 71 100 52 88 115 7494 29 435 80 45 109 232
internal_value=-0.000275516 -0.00139109 -0.00325614 -0.000580506 -0.000265812 0.00374964 -0.000825503 0.000739437 -0.00475603 0.00687928 -0.00450659 -0.00135215 -0.00235289 0.000774684 0.00353982 -0.0013022 0.00718436 0.00199242 -0.00239838 0.00602248 0.0147066 0.00334673 0.00216204 0.000960585 0.00577968 0.00362368 0.01556 3.65577e-05 0.00168738 -0.00314287
internal_weight=4089.03 1947.96 590.134 1357.82 1301.96 159.273 1142.69 2141.08 82.8278 15.1537 461.939 1040.94 707.87 333.073 195.256 83.8522 111.403 170.515 81.6054 88.9099 27.361 73.9957 61.5489 2058.25 89.954 80.9881 18.7146 62.2735 132.048 137.817
internal_count=18834 9363 4767 4596 4321 389 3932 9471 1304 247 4178 3401 2172 1229 563 279 284 622 273 349 134 170 215 8167 673 644 164 480 318 666
is_linear=0
shrinkage=0.03


Tree=200
num_leaves=31
num_cat=1
split_feature=18 14 15 8 8 13 4 2 6 18 9 10 1 2 11 1 16 16 1 11 16 7 16 11 18 7 8 9 2 2
split_gain=3.83597 3.14842 2.79105 3.48415 3.48203 2.70831 3.18375 3.39492 3.15413 2.20281 2.75118 2.22166 3.68941 2.60616 3.42288 4.12409 3.65691 2.71902 2.43589 2.76517 2.29435 2.73237 5.73568 3.02434 2.84982 4.78534 4.49804 3.27335 2.39575 3.86386
threshold=1327.5000000000002 0 1.5122500000000001 22.820000000000004 26.090000000000003 7.8500000000000005 1.0000000180025095e-35 0.16952837617337621 23.783333333333335 1205.0000000000002 0.8000000000000006 0.29751177080307994 0.015043000000000003 0.067787753900500458 3.1583124477861326 0.10402500000000002 1.4330000000000003 1.5622500000000004 0.20622800000000005 3.6681957186544349 1.5290000000000001 13.6775 1.3530000000000002 3.1297498797498799 1253.7500000000002 16.755000000000006 16.580000000000005 7.2200000000000015 0.11985322896281804 0.030000000000000027
decision_type=2 1 8 10 10 2 10 10 8 2 8 10 8 10 10 10 10 10 10 10 10 8 10 10 2 8 8 8 10 8
left_child=1 -1 3 -2 -5 9 7 8 -7 -3 -11 20 -13 -14 15 16 -15 -17 19 -16 21 23 24 28 -23 -26 -27 -28 29 -12
right_child=2 5 -4 4 -6 6 -8 -9 -10 10 11 12 13 14 18 17 -18 -19 -20 -21 -22 22 -24 -25 25 26 27 -29 -30 -31
leaf_value=-0.0061704303061675403 -0.0025348632358561276 0.00058956239542336654 -0.0068147240239117279 0.020999999999999998 -0.00022450537783040743 0.0050918165782552543 0.00019144193062827319 -0.00019578851081555109 0.014762097611549202 -0.0086260086602265012 -0.0047712824975112561 0.012903258005119472 -0.005243488399302219 0.018494900334284387 -0.013714179909424201 -0.004705487530111312 0.0014538154488473009 0.0080390498343027739 0.0045704855094832603 0.00024202838005185558 -0.0052971164886460439 -0.0069284104017239617 0.016164237253400299 -0.014897559112262789 0.018816012657811854 -0.013183786238226644 0.014705180326258773 -0.0039902273197024831 -0.011717310299204271 0.0060095681872666422
leaf_weight=55.196195408701897 92.212896576151252 2597.6421753056347 118.77020762860775 7.6682754755020168 10.222820790484546 121.5645769238472 246.53719532489777 75.501109421253204 40.458998367190361 43.051554970443249 71.102146461606026 22.661204397678375 59.042451202869415 29.647411942481995 25.351130738854408 38.265037581324577 18.347081303596497 24.851101666688919 26.196775674819946 25.760279163718224 140.6185162588954 37.645175352692604 23.179599598050117 17.759776663035154 14.23758953809738 17.505237594246864 17.228135421872139 16.502661034464836 18.866448510438204 51.657024972140789
leaf_count=1652 704 10998 721 49 88 259 425 126 67 361 670 92 229 104 68 114 55 57 59 66 761 164 73 132 73 69 67 85 115 356
internal_value=0.000149025 0.000371855 -0.00362499 -0.000184196 0.0119314 0.000481246 0.00257955 0.00505826 0.00750659 0.000178321 -0.00126629 -0.000811329 0.00131731 0.000256327 0.00197974 0.00535253 0.0119805 0.000312497 -0.00286779 -0.00668022 -0.00216012 -0.000616035 0.00267986 -0.00322773 -0.00035123 0.00343043 -0.000844949 0.00555852 -0.00176434 -0.000234704
internal_weight=4105.25 3876.38 228.874 110.104 17.8911 3821.18 484.062 237.525 162.024 3337.12 739.476 696.425 270.122 247.461 188.419 111.111 47.9945 63.1161 77.3082 51.1114 426.302 285.684 126.298 159.385 103.119 65.4736 51.236 33.7308 141.626 122.759
internal_count=18859 17297 1562 841 137 15645 877 452 326 14768 3770 3409 844 752 523 330 159 171 193 134 2565 1804 531 1273 458 294 221 152 1141 1026
cat_boundaries=0 1
cat_threshold=4
is_linear=0
shrinkage=0.03


Tree=201
num_leaves=31
num_cat=1
split_feature=14 18 16 6 0 7 7 7 0 1 16 1 7 13 13 10 10 6 8 13 7 18 8 11 8 15 6 13 8 11
split_gain=5.30525 2.107 3.47809 3.80089 2.10932 2.01163 4.27181 1.9233 2.40239 3.0519 2.24963 2.1972 1.88655 1.85909 2.77546 2.96161 2.53186 3.6811 3.84555 1.78414 2.43927 1.78534 2.47832 4.92353 6.36568 4.86045 4.81848 2.92669 2.86922 3.29331
threshold=0 1337.5000000000002 1.2205700000000004 32.850000000000009 0.51166666666666683 17.963333333333335 15.929999999999998 36.030000000000008 0.26166666666666677 0.23450000000000004 1.7710000000000001 0.16435700000000006 41.690000000000005 7.8500000000000005 8.0500000000000025 0.32679798266961352 0.59238160115752303 24.066666666666674 14.220000000000002 6.8500000000000005 33.590000000000011 1191.2500000000002 1.6200000000000003 2.0592625109745395 0.62000000000000155 1.5497600000000002 1.4333333333333342 6.1500000000000012 12.690000000000003 2.2176700111482726
decision_type=1 2 10 10 10 8 10 10 10 10 10 10 10 2 2 8 10 10 10 2 10 2 8 10 10 10 10 2 10 10
left_child=-1 4 3 5 7 6 -3 8 13 10 -10 12 -9 19 -15 -16 17 18 -17 20 21 22 23 24 25 -2 -26 -24 29 -29
right_child=1 2 -4 -5 -6 -7 -8 11 9 -11 -12 -13 -14 14 15 16 -18 -19 -20 -21 -22 -23 27 -25 26 -27 -28 28 -30 -31
leaf_value=-0.0080953859227104793 -0.0066790765747281296 -0.0056341690976432976 0.011582740519956468 0.0089492094499836333 0.0087740131014937776 -0.011739483088663781 0.014892507243717585 -0.0023393905798327185 0.0043480942144051857 0.00038323391574895558 0.014398453712421818 -0.0035800759201111395 0.0086004027947988674 0.0078615990519843339 -0.0035890634769671693 0.010196325392331144 -0.0014671689310125193 0.014372403484094992 -0.0028221950561947979 -0.0020758576160712183 0.0087498403575805399 -0.00092416144533269818 -2.2378503130841255e-05 -0.0071458012983697554 0.020999999999999998 0.014730787277727657 0.0033083517582716765 -0.0021323222851539368 0.00045887146588272245 0.010158264366018563
leaf_weight=60.415083166211843 29.202471312135458 97.156656924635172 13.595012281090019 17.612449303269386 26.614201933145523 37.997818425297737 10.070470936596392 28.666600152850151 57.675360798835754 111.90518746525049 30.720903947949409 209.41051650047302 28.087542176246643 67.225685298442841 84.891928240656853 34.669801563024521 67.012200206518173 32.798128634691238 49.687942355871201 315.87071311473846 30.44732278585434 852.33386350795627 1498.4691996686161 23.22053986415267 26.352415349334478 14.175614047795532 16.478164911270142 25.851459294557571 121.12189687043428 81.418198361992836
leaf_count=1818 208 801 80 58 44 165 48 70 130 209 53 388 51 141 187 63 117 44 106 778 69 4870 7465 86 106 79 64 67 310 173
internal_value=6.89551e-05 0.000210538 -0.00299498 -0.00421205 0.000357437 -0.00580821 -0.00370636 0.000299068 0.000482408 0.00367445 0.00784096 -0.00216108 0.0030747 0.000292753 0.00240915 0.00104684 0.00318375 0.00584404 0.00252823 5.82463e-05 0.000306162 0.000210542 0.000737227 0.00511538 0.00841796 0.000317497 0.016622 0.000459788 0.00362327 0.00719629
internal_weight=4101.16 4040.74 176.432 162.837 3864.31 145.225 107.227 3837.69 3571.53 200.301 88.3963 266.165 56.7541 3371.23 336.286 269.06 184.168 117.156 84.3577 3034.94 2719.07 2688.62 1836.29 109.429 86.2087 43.3781 42.8306 1726.86 228.392 107.27
internal_count=18848 17030 1152 1072 15878 1014 849 15834 15325 392 183 509 121 14933 658 517 330 213 169 14275 13497 13428 8558 543 457 287 170 8015 550 240
cat_boundaries=0 1
cat_threshold=4
is_linear=0
shrinkage=0.03


Tree=202
num_leaves=31
num_cat=1
split_feature=14 18 0 7 7 16 15 6 0 15 15 16 0 9 0 0 11 8 8 8 11 11 9 9 16 16 15 6 8 17
split_gain=3.63908 2.19182 3.01447 3.32954 4.60492 3.4477 2.64575 2.56612 2.2383 2.06438 3.76162 3.85083 3.95501 2.47828 2.81852 2.7702 3.21439 2.68285 2.42208 4.51007 5.03372 3.42438 4.30654 3.37564 3.01554 6.2217 2.92223 2.82724 4.47166 3.31747
threshold=0 1320.0000000000002 0.038135000000000009 17.963333333333335 15.770000000000001 1.1590000000000003 1.20645 56.216666666666676 0.10996000000000002 2.3670000000000004 2.4400000000000008 2.0210000000000004 0.093136666666666687 4.8100000000000014 0.11001666666666669 0.10333333333333337 3.8582589285714293 9.9416666666666682 22.645000000000007 21.926666666666673 3.1435006435006438 2.5628033980582532 5.0450000000000017 5.3450000000000015 1.901 1.7870000000000001 1.4870000000000003 23.783333333333335 13.445000000000002 1192.5000000000002
decision_type=1 2 10 10 10 10 10 10 10 10 10 10 10 8 10 10 10 10 10 10 10 8 8 10 10 10 10 10 8 2
left_child=-1 7 -3 4 5 6 -4 9 -5 13 -11 -12 -13 14 15 16 -2 -16 19 21 -21 -15 26 -20 25 27 -23 28 -24 -30
right_child=1 2 3 8 -6 -7 -8 -9 -10 10 11 12 -14 18 17 -17 -18 -19 23 20 -22 22 24 -25 -26 -27 -28 -29 29 -31
leaf_value=-0.0067669623002179682 0.00032333956783853868 -0.0063379476930491311 0.0074340451635896039 -0.01332731134619383 0.018570829791374463 0.011195695215277728 -0.0075864627409702057 0.0071431779802135489 -0.0015532776497561625 -0.009388880615835463 -0.0033633139329290167 -0.0035540634326070796 0.012265605087704764 -0.0016536728678628934 0.00087253308863596889 0.009506387591346907 -0.0060495233722801236 -0.0051094373611058836 -0.0086333861479931939 0.020522077205967718 0.0025122692595873197 0.0037423361974977605 0.014863130020807157 0.00053268134688631103 -0.0033360789257275416 0.014555139429436944 0.016989762169799343 -0.0010221293818995225 0.0050335657643254305 -0.0034088483024148032
leaf_weight=59.979560473933816 1580.721380546689 108.64979142323136 14.777263529598711 19.105266124010086 16.134627878665924 20.695003800094128 36.930165469646454 49.000176042318344 60.700158894062042 54.459522932767868 127.44657103717327 23.802186384797096 35.341979682445526 190.27647534757853 104.62842959910631 28.274115107953548 74.592827804386616 190.02624353766441 38.313119370490313 25.409634128212929 31.016962766647339 28.97011973708868 30.24123515188694 643.54149400815368 77.84470359236002 38.706130906939507 31.046822279691696 166.4813304245472 138.47688036412001 60.058958277106285
leaf_count=1821 9147 932 93 73 66 106 223 83 190 168 414 93 65 650 299 107 331 709 184 70 68 76 70 1562 145 68 68 337 480 158
internal_value=1.60387e-05 0.000132999 -0.00244234 7.1924e-05 0.00407755 0.000847768 -0.00329381 0.000322635 -0.00437196 0.000232786 -0.00245202 -0.000427387 0.00589908 0.000418829 -0.000278526 0.000195204 3.61615e-05 -0.00298531 0.00133829 0.00243841 0.0106223 0.00183247 0.00299249 1.76439e-05 0.00210096 0.00307626 0.0105952 0.00195218 0.00411658 0.00247966
internal_weight=4105.65 4045.67 276.992 168.342 88.5371 72.4024 51.7074 3768.68 79.8054 3719.68 241.05 186.591 59.1442 3478.63 1978.24 1683.59 1655.31 294.655 1500.38 818.529 56.4266 762.103 571.826 681.855 511.809 433.965 60.0169 395.258 228.777 198.536
internal_count=18856 17035 1683 751 488 422 316 15352 263 15269 740 572 158 14529 10593 9585 9478 1008 3936 2190 138 2052 1402 1746 1258 1113 144 1045 708 638
cat_boundaries=0 1
cat_threshold=4
is_linear=0
shrinkage=0.03


Tree=203
num_leaves=31
num_cat=1
split_feature=14 11 8 18 17 16 7 11 9 9 8 13 2 11 8 1 17 9 1 6 4 7 17 11 2 16 8 11 18 18
split_gain=3.33276 2.53109 2.89317 4.30869 2.24305 2.08721 3.94364 2.74197 2.59478 2.36605 3.20039 2.85598 2.72347 3.05586 2.75081 2.31344 2.53021 2.39259 2.92208 3.34385 2.18069 3.3179 4.11812 2.20222 2.07417 2.06251 2.93902 2.05752 1.98563 2.598
threshold=0 0.50287356321839094 4.520000000000004 1183.7500000000002 1112.5000000000002 1.192666666666667 40.290000000000006 3.1721443965517246 9.4100000000000019 0.72250000000000025 7.5600000000000023 4.5500000000000007 0.024415184678522574 2.3349834983498354 5.4400000000000031 0.014000000000000007 1152.5000000000002 3.2100000000000009 0.034105000000000017 9.2833333333333368 1.0000000180025095e-35 24.445000000000004 1146.2500000000002 3.5418613707165112 0.1300122411724822 0.83700000000000008 9.8200000000000038 0.5761140819964351 1183.7500000000002 1253.7500000000002
decision_type=1 8 10 2 2 8 10 8 10 10 10 2 8 8 10 10 2 10 10 10 8 10 2 10 8 10 10 8 2 2
left_child=-1 2 3 4 -2 6 7 9 -8 -3 11 -11 13 -13 -14 16 -12 25 19 -19 21 23 -23 24 -9 26 -17 -7 -18 -30
right_child=1 5 -4 -5 -6 27 8 20 -10 10 15 12 14 -15 -16 17 28 18 -20 -21 -22 22 -24 -25 -26 -27 -28 -29 29 -31
leaf_value=-0.0065247913439819023 0.013826862342179053 -0.0069664550301414179 -0.0090555646909095105 -0.010549400246766703 -0.00076848960841805944 0.011078152473672102 0.00062358825657321331 -0.011337363090917674 0.012995288699690936 -0.0062704193958464001 -0.0003044202581723391 -0.0011926143020594495 0.0053532071680655298 0.014137042346765315 0.018013181732537326 0.014455739962410815 0.010637110552314148 -0.0015112982494526733 -0.0019494055871705264 0.018522995802806464 -0.0054111455881541677 0.01163666856956074 -0.0042394371480110864 -0.00096995274307425236 0.0028904108190422875 -0.0091234730053295441 -0.0064412886165053354 0.00070595666428396203 -0.0098826365855635059 0.011359881747226764
leaf_weight=57.95549662783742 18.799334172159433 41.608330901712179 56.487557835876942 20.698416247963905 19.109538875520229 17.323875714093447 30.92554871737957 42.132511630654335 30.115247011184692 20.864388845860958 164.46084857359529 61.291746411472559 41.479912109673023 14.465499132871626 24.612025663256645 9.1982846483588236 41.120563261210918 15.687726505100729 206.20700886100531 14.362418584525583 189.74505019932985 35.049069657921791 25.332793116569519 124.9317333959043 11.805731639266012 67.543156076222658 17.73831594362855 2678.2425572909415 11.964292719960214 9.140266288071869
leaf_count=1775 124 348 434 199 129 86 68 233 53 171 1187 261 166 52 107 56 183 108 858 77 555 90 61 542 36 487 144 10189 71 69
internal_value=6.45832e-05 0.000174221 -0.00421072 0.000458893 0.00646947 0.000302516 -0.000709791 -0.00109104 0.00672732 -1.06833e-05 0.00039121 0.00409287 0.00561719 0.00173451 0.0100677 -0.000689316 0.00164515 -0.00228935 -0.000675768 0.00806406 -0.00300936 -0.00110456 0.00497596 -0.00315719 -0.00822326 -0.00632429 0.000694609 0.000772617 0.00679786 -0.000682621
internal_weight=4120.4 4062.44 115.095 58.6073 37.9089 3947.35 1251.78 1190.74 61.0408 761.745 720.136 162.714 141.849 75.7572 66.0919 557.423 226.686 330.737 236.257 30.0501 428.997 239.252 60.3819 178.87 53.9382 94.4798 26.9366 2695.57 62.2251 21.1046
internal_count=18919 17144 886 452 253 16258 5983 5862 121 4345 3997 757 586 313 273 3240 1510 1730 1043 185 1517 962 151 811 269 687 200 10275 323 140
cat_boundaries=0 1
cat_threshold=4
is_linear=0
shrinkage=0.03


Tree=204
num_leaves=31
num_cat=1
split_feature=14 18 9 9 13 6 9 11 15 1 15 18 18 13 17 15 7 9 6 17 7 6 17 11 9 9 17 6 7 9
split_gain=3.53403 3.07799 2.58569 2.53838 2.65336 5.05368 2.67215 2.38175 2.6333 3.01073 3.5365 2.67522 4.37868 3.19087 2.83932 2.48352 3.09141 2.92875 3.26288 3.82307 3.45004 5.0769 3.79518 4.81375 4.41515 4.97337 4.4317 3.66072 3.39302 4.92504
threshold=0 1327.5000000000002 4.1450000000000014 8.2225000000000019 4.9500000000000011 27.216666666666672 4.245000000000001 1.7850140056022412 0.58100000000000007 0.0049160000000000011 2.2350000000000008 1196.2500000000002 1275.0000000000002 5.4500000000000011 1098.7500000000002 1.0332500000000002 1.8100000000000003 3.8100000000000005 16.816666666666677 1120.0000000000002 14.170000000000002 13.633333333333338 1120.0000000000002 1.6945906432748539 1.4450000000000005 3.3450000000000011 1071.2500000000002 4.6666666666666687 6.4700000000000015 2.0291666666666672
decision_type=1 2 8 10 2 10 8 10 8 10 10 2 2 2 2 10 8 10 10 2 10 10 2 10 10 10 2 10 10 10
left_child=-1 2 7 4 5 -4 -6 8 11 10 -10 13 -13 14 -2 16 -11 18 20 -20 21 22 23 24 26 -26 -17 -24 29 -29
right_child=1 -3 3 -5 6 -7 -8 -9 9 15 -12 12 -14 -15 -16 17 -18 -19 19 -21 -22 -23 27 -25 25 -27 -28 28 -30 -31
leaf_value=-0.0065445170089952912 0.00051427075789449591 -0.0030755019800857934 -0.0033209919138062964 -0.00071087107723453535 0.010674991385279815 0.0063247202709680777 0.0021582264217986781 -0.0012798349235031725 -0.0050956583084229776 0.012622797193663486 0.015675967215348096 0.020999999999999998 -0.0015738770452308386 -0.0061739292248580973 0.013631059448147711 -0.0021304415946619315 -0.0041349914299570216 -0.0068210690340026895 0.020999999999999998 0.0028224690331494395 0.017231775263999747 -0.01136518783623372 -0.0065247925792773958 0.020999999999999998 -0.0011983050895814481 0.020999999999999998 0.017976993067234173 0.0019044242265011271 -0.0019552228578005051 0.020999999999999998
leaf_weight=58.115973606705666 31.144906621426344 223.31138988211751 196.94957593083382 452.5369126200676 34.020853832364082 65.026002869009972 1303.3700469210744 980.340017657727 122.42523424699903 10.901021584868429 7.8499287068843833 10.871080346405506 9.0065194219350815 24.072548046708107 28.392541971057653 14.09871883690357 108.71011777594686 29.715878672897816 16.034064009785652 20.315995208919048 13.07216617465019 25.478635102510452 60.911766197532415 12.339714884757994 96.355611700564623 10.02837799489498 32.852158457040787 30.35355931520462 60.267326265573502 15.016952395439146
leaf_count=1790 238 1408 1065 907 108 169 3373 5013 1024 92 53 78 81 82 198 78 651 142 66 80 59 123 418 81 664 60 176 164 303 85
internal_value=0.000234442 0.000347137 0.000547999 0.00127279 0.00183407 -0.000926791 0.00237488 -0.000291968 0.000933579 0.000261298 -0.00384403 0.00539473 0.0152872 0.00304288 0.00676948 0.00122243 -0.00260773 0.00227116 0.0029348 0.0115123 0.00209388 0.00154067 0.00253043 0.00574532 0.00427616 0.000894291 0.011939 -0.000667564 0.00270977 0.00890645
internal_weight=4103.89 4045.77 3822.46 2051.9 1599.37 261.976 1337.39 1770.55 790.215 686.727 130.275 103.488 19.8776 83.61 59.5374 556.452 119.611 436.841 407.125 36.3501 370.775 357.703 332.224 165.675 153.335 106.384 46.9509 166.55 105.638 45.3705
internal_count=18829 17039 15631 5622 4715 1234 3481 10009 4996 4319 1077 677 159 518 436 3242 743 2499 2357 146 2211 2152 2029 1059 978 724 254 970 552 249
cat_boundaries=0 1
cat_threshold=4
is_linear=0
shrinkage=0.03


Tree=205
num_leaves=31
num_cat=0
split_feature=13 11 12 16 11 15 17 2 11 17 16 10 10 18 13 8 15 15 10 1 8 8 18 8 18 8 15 8 2 2
split_gain=2.76928 4.74278 3.46122 3.77481 3.12129 3.2502 4.17167 3.75514 3.41483 4.36171 2.92577 6.24716 6.80374 2.91235 2.91022 3.28079 2.35055 2.24004 2.80271 2.71652 2.08926 2.61822 4.23964 2.06027 2.03883 2.6127 4.57899 2.07947 2.33215 3.0614
threshold=4.7500000000000009 1.1297498797498799 1.0000000180025095e-35 2.1330000000000005 1.1678403755868547 1.3960000000000004 1142.5000000000002 0.065184936708860775 2.2009174311926611 1192.5000000000002 1.8695900000000003 0.056497300932358448 0.10443652036852039 1042.5000000000002 3.9500000000000006 5.1400000000000023 1.9690000000000003 0.82900000000000018 0.043150540878451847 0.035019000000000008 16.445000000000004 24.380000000000006 1127.5000000000002 11.580000000000004 1122.5000000000002 25.090000000000007 1.1950000000000003 19.045000000000005 0.020000000000000004 0.096676706827309264
decision_type=2 10 2 10 10 10 2 8 10 2 8 10 10 2 2 8 10 10 10 10 10 10 2 8 2 10 10 10 8 10
left_child=1 2 13 16 -3 6 10 -7 9 -8 17 -12 -13 -1 15 -15 -4 18 20 -20 -6 22 -22 -10 27 -26 -27 28 -19 -30
right_child=-2 4 3 -5 5 7 8 -9 23 -11 11 12 -14 14 -16 -17 -18 24 19 -21 21 -23 -24 -25 25 26 -28 -29 29 -31
leaf_value=0.0078442318152139121 0.00057561241622220132 0.014531637066251313 -0.0043341146018440208 0.014484041959646398 -0.0062692554495159241 -0.0062483645663678729 0.020999999999999998 0.0013513320431066277 0.016496793269489551 -0.0010782067482623212 -0.0083322086759006313 0.020999999999999998 0.00027213499609247363 0.020999999999999998 -0.011165136574217395 -0.0096638259280544848 0.010433193382961172 0.014986723097413878 0.020999999999999998 -0.0004585083503796637 0.020999999999999998 -0.0083302471162910764 -0.0029191435408985793 -0.0020356567841591021 -0.0094264122269758117 -0.014897559106956088 0.020999999999999998 -0.010044121927694615 -0.010509790988426112 0.011094077903254312
leaf_weight=9.2341011967509967 3263.0672980006784 13.252145914360879 107.91934294812381 12.252565821632741 31.292361423373222 131.8041803650558 24.517517872154713 105.23795020207763 6.6891012825071803 10.854343550279735 18.277775159105659 17.79183704406023 19.776272103190422 4.5213945396244499 104.48977682925761 5.7320462595671424 10.658980593085287 12.046466358005999 10.372548118233683 8.3107956349849683 9.5881040804088169 9.1361580193042737 10.018019372597335 27.989638535305858 65.799731684848666 4.5237925108522159 4.8517737705260515 12.362373149022458 13.674377929419281 10.387956663966177
leaf_count=52 11546 97 956 83 286 1336 191 554 52 71 232 125 85 54 958 75 81 122 90 44 96 154 134 263 618 73 68 136 95 43
internal_value=0.000181422 -0.00136205 -0.0047723 -0.00136864 0.000139899 -0.00019748 0.00173555 -0.00287438 0.00822858 0.0147871 -2.59627e-05 0.00605296 0.0130517 -0.00836411 -0.00966849 0.00558337 -0.00300668 -0.00170354 0.00225227 0.0123995 -0.000905638 0.00493385 0.0111147 0.00153902 -0.00422196 -0.00731528 0.00750109 0.000575555 0.00421136 -0.00118318
internal_weight=4096.43 833.363 254.808 130.831 578.555 565.303 328.261 237.042 70.0506 35.3719 258.21 55.8459 37.5681 123.977 114.743 10.2534 118.578 202.364 78.718 18.6833 60.0346 28.7423 19.6061 34.6787 123.646 75.1753 9.37557 48.4712 36.1088 24.0623
internal_count=18770 7224 2259 1120 4965 4868 2978 1890 577 262 2401 442 210 1139 1087 129 1037 1959 804 134 670 384 230 315 1155 759 141 396 260 138
is_linear=0
shrinkage=0.03


Tree=206
num_leaves=31
num_cat=1
split_feature=14 10 15 16 0 16 11 18 3 0 11 18 9 11 10 2 15 16 9 3 11 11 9 3 15 11 11 15 6 6
split_gain=4.08118 1.80104 2.74177 3.41417 6.64908 4.30254 5.21628 3.65811 3.44894 2.71112 3.83897 3.71297 2.87644 5.99125 3.50154 3.8095 3.03728 2.67089 2.65644 3.21704 2.57445 4.24807 2.78249 2.41094 2.3244 2.42683 2.24912 2.15166 2.16587 2.09077
threshold=0 0.086013682014677809 0.58100000000000007 1.3050000000000004 0.18357166666666672 1.3654600000000003 2.2511261261261266 1127.5000000000002 0.14200422832980977 0.013333333333333336 3.0669871794871804 1042.5000000000002 2.1100000000000008 1.3686765457332655 0.064288566865740901 0.024415184678522574 1.3160000000000001 0.54657000000000011 2.663333333333334 0.011837423418095802 2.6432107496463937 2.3796551724137935 3.8100000000000005 0.046004807692307706 1.7760000000000002 2.3539142273655553 3.7530278710053993 1.0000000180025095e-35 40.483333333333341 2.3833333333333329
decision_type=1 10 8 8 8 8 10 2 10 10 10 2 10 10 10 10 10 8 8 8 8 10 10 10 10 8 10 10 10 10
left_child=-1 2 20 4 26 6 7 -5 9 11 12 -7 13 23 15 -14 -15 -3 29 -20 21 -2 -23 -11 25 -16 -4 28 -22 -13
right_child=1 17 3 5 -6 8 -8 -9 -10 10 -12 18 14 16 24 -17 -18 -19 19 -21 27 22 -24 -25 -26 -27 -28 -29 -30 -31
leaf_value=-0.0072469663965271519 0.0016573959270835808 -0.0085337655432635422 -0.0071625530657954094 0.017524924954974756 0.020904688011589803 0.011113647844695297 0.020999999999999998 -0.011730443836134483 -0.012377500422605606 -0.012014804282750603 -0.0095892358337900715 -0.0046096356373597769 0.012533093553629049 0.020999999999999998 -0.0017509743975227796 -0.0069240511936215976 0.00631202448316176 0.00073030928419260072 0.016112641691411772 -0.0025655255774268706 -0.0029936178512832792 0.0048446905238828308 0.020999999999999998 0.0094297267428720376 0.018707276688755329 0.01329463305018261 0.0067445328943627264 0.007088801698911561 0.0062495384691290835 -0.013953040246064157
leaf_weight=56.52760237455368 199.33609003573656 28.285015638917685 186.16662911698222 6.4769867435097721 8.3793623223900777 14.993537303060291 9.0231221020221692 9.4723421484231931 23.808970011770725 10.406712725758554 22.606007803231478 67.068928014487028 10.936670139431952 11.156866461038591 27.383537769317631 52.674432270228863 12.730094209313391 2867.9535070024431 9.6742358952760679 58.384531203657389 214.21476701647043 15.195836476981642 13.954482853412626 8.6322822570800763 11.605472594499586 14.897741787135596 11.089501015841959 25.925163619220257 25.535419210791588 31.762202370911837
leaf_count=1760 1170 145 1767 50 38 123 68 98 123 83 129 740 93 79 168 362 93 9368 118 402 891 85 50 54 66 81 60 106 47 289
internal_value=0.000123622 0.000244992 -0.00077981 -0.00210955 -0.00526887 -0.000539144 0.0115316 0.000150096 -0.0013146 -0.00059279 0.00198494 -0.00318676 0.0036159 0.010262 0.00118784 -0.00357878 0.0202681 0.000639835 -0.00447152 8.94887e-05 0.000886746 0.00322168 0.0139186 -0.00229185 0.00681464 0.00355032 -0.00638071 -0.00112135 -0.00200914 -0.00761241
internal_weight=4066.26 4009.73 1113.49 619.33 205.635 413.695 24.9725 15.9493 388.722 364.913 183.03 181.883 160.424 42.926 117.498 63.6111 23.887 2896.24 166.89 68.0588 494.162 228.486 29.1503 19.039 53.8868 42.2813 197.256 265.675 239.75 98.8311
internal_count=18706 16946 7433 5084 1865 3219 216 148 3003 2880 1208 1672 1079 309 770 455 172 9513 1549 520 2349 1305 135 137 315 249 1827 1044 938 1029
cat_boundaries=0 1
cat_threshold=4
is_linear=0
shrinkage=0.03


Tree=207
num_leaves=31
num_cat=0
split_feature=12 1 10 18 13 1 11 17 15 1 6 11 11 9 10 3 17 15 15 2 3 9 15 2 11 15 6 3 3 9
split_gain=4.11814 2.91544 2.73713 2.30149 3.60111 2.24156 2.55841 2.55273 2.15126 6.96354 4.26298 2.67294 3.56803 2.58715 2.47525 3.95495 4.17353 2.1235 2.09302 6.38402 5.70591 5.53789 5.79951 4.10013 3.58459 2.56505 2.88257 3.10746 3.90951 3.72086
threshold=1.0000000180025095e-35 0.073958000000000038 0.55389421899446101 1055.0000000000002 10.15 0.07811300000000003 0.9948453608247424 1135.0000000000002 0.97200000000000009 0.0080000000000000192 1.633333333333334 1.1678403755868547 1.7850140056022412 3.2100000000000009 0.0035267311988086375 1.0000000180025095e-35 1120.0000000000002 0.68931000000000009 2.0579700000000005 0.13156391109580839 0.063017260118075555 7.1450000000000014 2.3370000000000002 0.0097025702811244993 1.9372184684684688 1.7970000000000004 8.6833333333333389 0.1502075406838955 0.069205746061167764 6.9450000000000012
decision_type=2 8 10 2 2 8 8 2 10 10 10 10 10 10 10 8 2 10 10 8 10 10 10 10 10 8 8 10 8 8
left_child=1 2 8 -3 5 7 -7 -5 9 17 -11 -12 -13 -14 -10 16 -16 -1 25 20 23 22 -22 -20 -25 26 27 28 29 -2
right_child=18 3 -4 4 -6 6 -8 -9 14 10 11 12 13 -15 15 -17 -18 -19 19 -21 21 -23 -24 24 -26 -27 -28 -29 -30 -31
leaf_value=-0.0023051722230259691 -0.00048983628126098207 0.0045656231629903439 0.0038233014110867231 0.014927159361389962 0.0070140192665910511 -0.010986251760418078 -0.0008180466597662243 -0.00097362500246155276 -0.01350605318875004 0.020999999999999998 -0.0064601263969950688 0.0170501106431106 -0.0054273923316013164 0.0082329943970851933 -0.0030964310827654314 -0.003669766434956279 0.020999999999999998 -0.011402249754313719 0.016884016055125323 -0.00090829262715368239 0.020999999999999998 -1.7470228145663857e-05 0.0047113169010626066 0.010522092833435547 -0.0077508436332523935 -0.0018750468884682235 0.0021113626321674112 0.0061775976052758962 -0.0070546979888729665 0.020711597205589596
leaf_weight=223.94483515247703 426.85440780222416 101.7305373698473 67.304598540067673 17.099909901618958 57.503844887018204 23.010208301246166 692.49557009711862 19.391071289777756 21.559376388788223 10.725074019283054 17.777919374406338 20.658783547580242 22.174899727106094 28.533688195049763 12.710649263113739 555.76373645476997 11.402917139232157 25.748794039711356 11.327317677438257 162.982098672539 43.919476740062237 24.193403840065002 24.478710494935513 12.982081674039362 37.779592726379633 313.30360358580947 959.49645075947046 55.515601128339767 87.978097857907414 7.5823194477707139
leaf_count=1296 3536 207 226 79 84 108 2099 66 604 80 121 118 133 118 111 3462 95 300 148 369 124 50 74 83 185 1299 2944 190 467 29
internal_value=8.80571e-05 -0.000920108 -0.00202323 0.000312632 -0.000221844 -0.000775158 -0.00114505 0.00647759 -0.002437 -0.000565419 0.0061297 0.00394808 0.00654081 0.0022593 -0.00352479 -0.0031537 0.00874059 -0.00324328 0.000985169 0.00323488 0.00760042 0.0123187 0.0166822 0.000564119 -0.00307762 0.000599025 0.0011032 -0.000570575 -0.00128769 -0.000119803
internal_weight=4097.93 1929.54 1018.31 911.231 809.501 751.997 715.506 36.491 951.001 349.564 99.8704 89.1453 71.3674 50.7086 601.437 579.877 24.1136 249.694 2168.39 317.663 154.681 92.5916 68.3982 62.089 50.7617 1850.73 1537.43 577.93 522.415 434.437
internal_count=18805 9307 6664 2643 2436 2352 2207 145 6438 2166 570 490 369 251 4272 3668 206 1596 9498 1033 664 248 198 416 268 8465 7166 4222 4032 3565
is_linear=0
shrinkage=0.03


Tree=208
num_leaves=31
num_cat=1
split_feature=14 18 13 11 15 11 8 10 1 16 2 8 16 9 1 3 1 6 11 11 15 10 18 9 6 6 0 18 16 18
split_gain=2.83688 2.17516 3.85263 1.84797 2.37658 3.17426 4.24151 3.05757 3.26412 4.67075 2.70855 2.32486 2.62234 2.26822 2.13575 2.86738 2.91997 2.66032 2.47654 7.05807 4.31262 2.46201 2.27427 3.28869 2.01839 2.38854 1.95244 1.77382 3.29551 3.13737
threshold=0 1196.2500000000002 5.2500000000000009 3.0669871794871804 2.3670000000000004 3.1435006435006438 15.12666666666667 0.089741794871794886 0.014000000000000004 1.5290000000000001 0.38003833333333342 32.126666666666672 1.7545000000000002 12.290000000000001 0.24000000000000005 0.14200422832980977 0.12601800000000005 19.81666666666667 3.7371710526315796 4.3497572815533987 1.5190000000000003 0.43679637127775667 1066.2500000000002 2.7633333333333341 33.483333333333341 24.350000000000001 0.10024666666666669 1310.0000000000002 1.0624800000000003 1215.0000000000002
decision_type=1 2 2 10 10 10 10 10 8 10 10 10 10 8 10 8 8 8 10 10 10 10 2 10 10 10 10 2 10 2
left_child=1 -1 -3 11 5 6 -5 13 9 -9 24 -2 -13 -7 15 22 -17 -18 20 -20 -19 -16 -10 -24 25 26 -6 29 -29 -25
right_child=3 2 -4 4 10 7 -8 8 14 -11 -12 12 -14 -15 21 16 17 18 19 -21 -22 -23 23 27 -26 -27 -28 28 -30 -31
leaf_value=-0.011604656377537203 -0.00028506161096626188 -0.0051344235197210656 0.020999999999999998 0.01433209654637599 -0.0094377840046974294 -0.0026579576391009834 0.00029088581690819783 0.020479535718961637 0.0063937882624477867 -0.0009599117371239627 0.0047052946739317052 -0.012043482772261945 0.0025093030360852416 0.0094342019563103102 0.00069900692975509654 0.010020649255041871 -0.0014185823049787177 0.013437647790127055 -0.0063728517579475135 0.0068527699945549999 0.0023209536008425868 -0.0066649991230458422 -0.011241030650446425 0.0010335723579722618 -0.013490478470206272 0.0057958770470435345 0.0024647835321715949 -0.0027868249893449109 0.015615353886125831 -0.0063558729592022205
leaf_weight=36.442011386156082 2430.7959682457149 18.436699975281957 3.1075994037091723 37.975130654871464 43.957853395491838 247.55707972496748 39.503715191036463 19.504145577549934 46.497761726379395 17.219548970460892 32.138177901506424 31.533844973891973 17.234582468867302 14.795476391911505 136.56852421164513 56.585127502679825 102.38165855407715 57.172689869999886 59.826100572943687 92.412395372986794 69.692430555820465 58.305072769522667 24.613510094583035 229.73886130005121 21.320738986134529 20.296291142702103 17.278774634003639 17.33998928964138 17.697425469756126 66.731554806232452
leaf_count=1144 12587 598 85 111 178 1073 129 85 101 64 55 139 59 36 255 118 244 118 122 147 140 100 99 600 41 36 46 73 61 216
internal_value=-1.01538e-05 -0.00608732 0.000419718 9.22491e-05 0.0009061 0.00126964 0.00717298 0.000926941 0.0016372 0.0104267 -0.00289683 -0.000415177 -0.00690058 -0.00197602 0.0013255 0.00198144 0.0036611 0.0027178 0.00423512 0.00165542 0.00733077 -0.00150426 0.000153888 -0.000660839 -0.00527223 -0.00312317 -0.00607931 0.00012471 0.00650813 -0.000629694
internal_weight=4084.66 57.9863 21.5443 4026.67 1547.11 1412.12 77.4788 1334.64 1072.29 36.7237 134.992 2479.56 48.7684 262.353 1035.56 840.69 438.07 381.485 279.104 152.238 126.865 194.874 402.619 356.121 102.854 81.5329 61.2366 331.508 35.0374 296.47
internal_count=18860 1827 683 17033 4248 3892 240 3652 2543 149 356 12785 198 1109 2394 2039 889 771 527 269 258 355 1150 1049 301 260 224 950 134 816
cat_boundaries=0 1
cat_threshold=4
is_linear=0
shrinkage=0.03


Tree=209
num_leaves=31
num_cat=0
split_feature=6 9 18 2 8 16 2 6 5 17 15 16 13 15 7 6 16 10 2 2 10 10 13 11 11 6 8 6 15 15
split_gain=4.23246 2.92766 2.7696 2.33272 2.8722 2.85394 3.07175 2.04208 2.776 2.7672 2.72493 5.68041 3.09864 2.30969 5.51736 3.09587 3.98926 3.40504 3.29428 2.93084 2.22697 2.15406 2.07119 2.05262 2.5761 1.95228 1.90191 1.82678 2.22877 5.58995
threshold=4.9666666666666712 1.7400000000000007 1267.5000000000002 0.0050000000000000036 24.490000000000006 1.7270000000000003 0.010000000000000007 1.1833333333333333 1.0000000180025095e-35 1148.7500000000002 1.2900000000000003 1.4490000000000001 4.8500000000000005 1.9987500000000002 0.26000000000000023 0.50000000000000044 2.3470000000000004 0.0020601237842617155 0.013333333333333341 0.030786752903408553 0.089741794871794886 0.15466690009720171 5.4500000000000011 0.5761140819964351 0.38956639566395673 1.9666666666666692 0.40000000000000074 1.5666666666666675 1.3290000000000004 1.1300000000000003
decision_type=8 10 2 8 10 10 10 10 10 2 10 10 2 10 10 10 10 10 10 10 8 10 2 10 10 10 10 10 10 10
left_child=1 2 7 -3 27 6 -6 8 13 10 21 -12 -13 15 20 16 23 -17 -19 -20 -15 -9 -11 24 26 -4 -1 28 29 -5
right_child=-2 3 25 4 5 -7 -8 9 -10 22 11 12 -14 14 -16 17 -18 18 19 -21 -22 -23 -24 -25 -26 -27 -28 -29 -30 -31
leaf_value=-0.0099263031898681724 0.00041896228147857742 -0.0069478225816555182 -0.010636474283856411 -0.0027092117245708348 0.020999999999999998 -0.0072114482220879015 0.0039890643472592921 0.00049095190104200858 0.019994840607083824 -0.01289990918769955 -0.0097862190645184987 0.020999999999999998 0.0026920185214583431 0.0017471325628226745 -0.0036512097514867182 0.020999999999999998 0.014642096607874062 -0.0041643176522275739 0.020327918412533636 0.00061835440079970549 0.020999999999999998 -0.012954824536714329 0.00060958363478176645 -0.005375285975381049 0.017802774135757204 0.002745575608617031 0.0074236990464344402 -0.0049867888181771821 -0.0042387089938213966 0.020999999999999998
leaf_weight=12.069384790956979 3241.5976639762521 135.85355895198882 35.202302649617195 22.15230598859489 7.8316034507006433 11.709433026611803 20.649535309523344 35.091114655137062 7.7380748353898516 30.035293638706207 11.738604716956614 13.241590462625028 10.233332611620424 5.407129356637598 13.337661173194645 10.692846909165381 12.187007220461963 27.950549934059381 13.626500800251963 13.534491509199141 7.6616162844002256 15.442151650786398 15.476738952100275 100.81626386009157 8.256796542555092 13.603024762123821 10.752082031220196 181.62059570476413 39.403875002637506 11.911055156961082
leaf_count=129 11218 2042 472 175 85 103 139 271 37 224 90 97 43 112 80 80 76 197 77 65 32 62 60 906 74 128 109 1170 317 99
internal_value=-7.63227e-05 -0.00195362 -0.000183859 -0.00369449 -0.00219768 0.00525642 0.0103823 0.000690418 0.00231341 -0.00232698 0.00084647 0.00725302 0.0157735 0.00173438 0.0100964 0.000682333 -0.00177999 0.00607369 0.00306601 0.0105065 0.021 -0.00361786 -0.0083059 -0.00329738 0.00344323 -0.00690663 -0.00175204 -0.00337212 0.000619562 0.00623952
internal_weight=4096.82 855.227 424.095 431.132 295.278 40.1906 28.4811 375.289 244.03 131.259 85.7468 35.2135 23.4749 236.292 26.4064 209.886 144.082 65.8044 55.1115 27.161 13.0687 50.5333 45.512 131.895 31.0783 48.8053 22.8215 255.088 73.4672 34.0634
internal_count=18769 7551 3421 4130 2088 327 224 2821 1974 847 563 230 140 1937 224 1713 1294 419 339 142 144 333 284 1218 312 600 238 1761 591 274
is_linear=0
shrinkage=0.03


Tree=210
num_leaves=31
num_cat=1
split_feature=14 13 9 9 5 15 8 7 13 3 0 8 7 15 15 10 10 1 1 15 6 18 1 9 10 1 0 10 1 15
split_gain=3.55161 2.52843 2.20222 3.21112 2.66044 2.56644 1.55907 1.98419 1.64573 2.29544 3.53941 1.38762 3.45007 1.69889 1.53268 4.08461 3.46584 2.89865 2.76173 2.67354 2.64574 5.84939 2.4318 3.26216 2.42257 2.26626 4.67272 2.55416 2.43718 2.3824
threshold=0 7.8500000000000005 3.0900000000000012 4.7633333333333345 1.0000000180025095e-35 1.7260000000000002 15.920000000000002 43.310000000000009 11.950000000000001 0.2198188300883499 0.10333333333333337 1.0000000180025095e-35 0.060000000000000012 1.4482000000000002 1.8040000000000005 0.3619038624460465 0.38936675694374562 0.29450000000000004 0.24800000000000005 1.8710000000000002 7.3333333333333348 1155.0000000000002 0.065982000000000027 5.2100000000000017 0.067202749364884545 0.16220700000000005 0.17661000000000002 0.23404413760370815 0.17602900000000002 1.4730000000000001
decision_type=1 2 8 8 8 10 10 10 2 10 10 8 8 10 8 10 10 8 10 8 8 2 10 10 8 10 10 10 10 10
left_child=-1 11 -3 -4 5 -5 -6 8 9 10 -8 -2 13 -13 17 19 -17 18 25 -16 21 -18 -22 -24 -21 26 -14 29 -29 -27
right_child=1 2 3 4 6 -7 7 -9 -10 -11 -12 12 14 -15 15 16 20 -19 -20 24 22 -23 23 -25 -26 27 -28 28 -30 -31
leaf_value=-0.0068342387605239713 -0.0054236659050145445 0.0086894329092329931 -0.0069017476974926762 0.010909505732243318 0.0057589524754704628 0.001477125253235923 -0.0046472267076356271 0.0055711215903543956 0.0030793647618505347 -0.0072106189937866643 0.0064243069923723434 0.0056826924659109917 0.00024724811002974295 0.020999999999999998 -0.007456049794475888 0.0098237132954112228 -0.0037050057004156321 0.0076586733251658374 -0.006763027432279487 -0.0077602773367238939 -0.0073207482774499243 0.017138526489131441 0.0082423080463209057 -0.0017055217725793622 -0.0011228655602704243 0.0029664202022270415 -0.0066865083012148697 0.0074713829491693372 -0.0017116710631783923 0.013208445748796833
leaf_weight=56.842884860932827 44.332355409860611 41.972287207841873 37.519643858075142 54.636201590299606 50.831428915262222 49.466602563858032 61.461421683430672 48.366575986146927 61.745825290679932 62.4435715675354 45.024201571941376 11.661664955317976 2066.0546914227307 6.6916964910924426 84.660245645791292 41.26001213490963 24.123181745409966 46.550327755510807 51.631736755371094 54.642651773989201 43.553944535553455 24.347543872892857 38.893913999199867 125.07545006275177 524.87556121498346 48.70135460793972 91.340318825095892 34.869776085019112 102.38218285143375 35.223789319396019
leaf_count=1808 368 89 82 99 87 90 149 77 94 112 81 113 10627 50 408 95 71 102 113 516 140 71 89 257 2064 134 295 76 235 92
internal_value=2.43934e-05 0.000138192 0.00210448 0.00151829 0.00224625 0.00642751 0.000926711 4.64494e-05 -0.00111193 -0.0026439 3.4034e-05 -0.000149807 -8.21659e-05 0.0128903 -0.000151414 -0.00116805 0.00175486 0.000243225 0.000101183 -0.0024762 0.000454361 0.006765 -0.0010196 0.000654127 -0.00174871 0.000250184 -4.6315e-05 0.00314228 0.000621345 0.00726505
internal_weight=4071.18 4014.34 513.468 471.495 433.976 104.103 329.873 279.042 230.675 168.929 106.486 3500.87 3456.54 18.3534 3438.19 961.433 297.254 2476.75 2430.2 664.178 255.994 48.4707 207.523 163.969 579.518 2378.57 2157.4 221.177 137.252 83.9251
internal_count=18684 16876 960 871 789 189 600 513 436 342 230 15916 15548 163 15385 3711 723 11674 11572 2988 628 142 486 346 2580 11459 10922 537 311 226
cat_boundaries=0 1
cat_threshold=4
is_linear=0
shrinkage=0.03


Tree=211
num_leaves=31
num_cat=2
split_feature=14 18 17 18 18 10 7 7 9 7 3 14 10 15 1 7 15 15 0 2 8 0 2 5 10 10 11 7 9 7
split_gain=3.06273 2.89962 2.5833 2.23378 2.74123 2.1977 2.8386 2.22232 4.63274 2.31425 2.83882 2.20443 2.39699 3.97585 2.27924 1.81185 2.3755 4.78018 4.6107 4.64198 5.00295 4.08664 3.39925 2.0261 2.91991 3.89264 3.23225 5.17467 3.87499 3.38529
threshold=0 1327.5000000000002 1005.0000000000001 1225.0000000000002 1253.7500000000002 0.45306114864383357 34.410000000000004 18.570000000000004 6.5266666666666682 15.770000000000001 0.14955659158372625 1 0.040780372160043966 1.2190000000000001 0.032015000000000023 16.267500000000002 2.1810000000000009 2.1999000000000009 0.10333333333333337 0.10333333333333337 4.520000000000004 0.17000166666666675 0.060801123109518511 1.0000000180025095e-35 0.2561355087835071 0.41476062444111284 2.7784237726098193 21.290000000000006 3.8400000000000007 20.550000000000004
decision_type=1 2 2 2 2 8 10 10 10 10 8 1 10 10 10 10 10 10 8 10 10 10 10 10 10 10 10 10 10 10
left_child=3 2 -2 -1 -5 6 7 8 9 10 11 12 -3 -14 -15 16 21 -18 19 20 -19 -4 -22 24 26 -26 27 28 -17 -28
right_child=1 5 15 4 -6 -7 -8 -9 -10 -11 -12 -13 13 14 -16 23 17 18 -20 -21 22 -23 -24 -25 25 -27 29 -29 -30 -31
leaf_value=-0.011164211486955799 -0.0072362920601217176 -0.012027868484321469 -8.27114389919526e-05 0.020999999999999998 -0.004940030527173153 -0.0098741174421770727 0.011378129815859613 -0.0084366216620302588 0.020722314549000139 0.0094139223253639041 0.0066778308221141615 -0.0093500832236098827 0.020999999999999998 0.0088790811115881229 -0.010197422607666791 -0.00047899386178441188 0.01812930499100018 0.015122070511479435 0.010742299452979411 -0.011708834130985078 -0.0042168437501291746 -0.0071218191909629622 0.0081158415099194057 0.00055988946119654595 -0.0028504021346180469 0.0053202922802334258 0.0010598330663113881 -0.0044975854323167355 0.013257158657547945 0.01158560295369772
leaf_weight=40.178417732939124 39.158013593405485 10.454088397324083 1952.0956700593233 3.8012325614690772 12.051182912662624 35.8320074044168 13.700877696275709 46.432890057563782 8.4222644567489606 13.573833376169203 19.466623704880476 49.301851250231266 7.9148158915340927 10.093940857797863 12.765586528927086 33.290413677692413 17.258677579462528 20.986268129199743 39.781810715794563 28.224448144435883 75.837616436183453 77.163074187934399 27.375354491174221 1055.8016690760851 134.47156019508839 86.062557429075241 39.480134919285774 63.461698785424232 41.556090503931046 90.623620018362999
leaf_count=1280 241 157 10667 119 390 169 40 174 33 67 119 342 83 126 114 138 65 94 119 97 422 271 96 2324 288 154 116 204 153 209
internal_value=0.000129404 0.000233004 0.00042959 -0.00628074 0.00213455 -0.00305331 -0.00178122 -0.00279169 -0.000805903 -0.00227321 -0.00371543 -0.00595028 0.000308364 0.0045992 -0.00177393 0.00050893 -3.64078e-05 0.00300526 0.00164723 -0.000726533 0.00176921 -0.000350375 -0.000945824 0.00129926 0.00289581 0.000338179 0.00499723 0.00180427 0.00714756 0.00839155
internal_weight=4106.62 4050.59 3822.63 56.0308 15.8524 227.959 192.127 178.426 131.993 123.571 109.997 90.5303 41.2284 30.7743 22.8595 3783.47 2238.72 209.464 192.205 152.424 124.199 2029.26 103.213 1544.75 488.946 220.534 268.412 138.308 74.8465 130.104
internal_count=18871 17082 15658 1789 509 1424 1255 1215 1041 1008 941 822 480 323 240 15417 11831 893 828 709 612 10938 518 3586 1262 442 820 495 291 325
cat_boundaries=0 1 2
cat_threshold=4 1
is_linear=0
shrinkage=0.03


Tree=212
num_leaves=31
num_cat=2
split_feature=12 10 11 14 6 0 3 9 0 2 18 11 18 10 10 16 6 6 17 15 9 11 17 11 10 11 16 15 6 14
split_gain=3.83229 3.67548 4.03231 3.83359 3.9819 4.88829 3.80373 3.3662 3.1473 3.21005 2.85871 2.84654 2.90351 2.82973 2.70359 2.17325 2.92337 3.43829 3.58189 5.9861 2.99984 2.80802 2.7516 3.31358 3.22884 2.57473 2.24361 2.07742 2.03137 2.00018
threshold=1.0000000180025095e-35 0.32679798266961352 1.429475587703436 0 5.9833333333333343 0.053333333333333316 0.094345307370167067 6.6800000000000015 0.15006166666666673 0.26292556596256095 1087.5000000000002 2.167670682730924 1102.5000000000002 0.55389421899446101 0.73239486170889034 2.3290000000000006 0.46666666666666673 0.76666666666666694 1071.2500000000002 1.7070000000000001 1.8291666666666668 1.9953271028037387 1146.2500000000002 3.9099909990999104 0.076870330450536928 2.0915071770334932 0.74300000000000022 1.4450000000000005 30.683333333333337 1
decision_type=2 8 8 1 8 8 10 8 10 10 2 10 2 10 8 8 8 10 2 10 10 10 2 10 8 8 10 10 10 1
left_child=1 10 -3 4 -4 -6 -7 11 -8 -10 -1 -5 -13 -14 15 16 21 18 -18 20 -20 26 25 24 -24 -23 -2 -9 -11 -17
right_child=14 2 3 7 5 6 8 27 9 28 -12 12 13 -15 -16 29 17 -19 19 -21 -22 22 23 -25 -26 -27 -28 -29 -30 -31
leaf_value=7.6037644841708206e-05 0.0036524328063156021 -0.005648964707084432 0.013175151806001288 -0.0077477174786020082 -0.0081150959212653168 0.012873394268154597 -0.0027919300161004025 -0.00050827227082167145 0.0090339792420274824 0.0059204789044669283 -0.00298902665156361 -0.0049522888666041097 0.0018820232289407839 0.015374546548599302 -0.0040952333500946358 0.0017949754602981122 -0.0075145489036314728 0.0012673809371746339 0.020999999999999998 -0.0074895487993231541 0.003034481748542863 0.020235502836616733 0.020999999999999998 -0.014897559195007815 -0.0031844570468228901 -0.007829259193278577 -0.010302271245999889 -0.011859755477080318 -0.0025125196505791057 -0.0048628354479563042
leaf_weight=388.68416834808886 12.938010981306432 77.849667984992266 34.196911156177521 25.175382725894451 35.385374456644058 35.648758016526699 74.345578655600548 22.93372867256403 80.228858277201653 44.672797843813896 927.06637375243008 24.13207434117794 33.969856232404709 23.784272268414497 102.75564933940768 61.827054746448994 8.1267666779458505 1737.0927404277027 14.808532956987625 8.0993406325578672 8.3649151511490327 3.4155861809849739 8.3850900828838348 3.354260900989174 5.1224688217043886 21.221510291099552 52.227413205429912 39.502223886549473 60.556932538747787 97.524195032194257
leaf_count=1861 139 340 99 100 117 112 171 105 140 83 5795 61 116 57 391 293 71 6658 92 49 88 35 192 81 27 400 603 103 103 321
internal_value=-0.000219391 -0.00119 0.000729931 0.00165896 0.003338 0.00242208 0.00368408 -0.00203401 0.00242318 0.00451378 -0.00208358 0.00107456 0.00378691 0.00743851 0.000652978 0.000891854 0.00117652 0.00146615 0.0102296 0.0148408 0.021 -0.00364731 0.00245229 0.01179 0.0184171 -0.00393848 -0.00753169 -0.00769017 0.00106751 -0.00247218
internal_weight=4073.4 1928.13 612.382 534.533 365.035 330.838 295.453 169.498 259.804 185.459 1315.75 107.062 81.8862 57.7541 2145.26 2042.51 1883.16 1776.49 39.3996 31.2728 23.1734 106.664 41.4989 16.8618 13.5076 24.6371 65.1654 62.436 105.23 159.351
internal_count=18803 9363 1707 1367 825 726 609 542 497 326 7656 334 234 173 9440 9049 8435 6958 300 229 180 1477 735 300 219 435 742 208 186 614
cat_boundaries=0 1 2
cat_threshold=8 3
is_linear=0
shrinkage=0.03


Tree=213
num_leaves=31
num_cat=0
split_feature=1 17 1 12 16 8 10 10 8 9 15 15 17 2 11 9 15 16 1 16 3 10 8 9 12 17 1 13 9 1
split_gain=3.37101 4.08449 2.96479 5.99069 4.38579 2.38331 2.36122 2.22002 2.06827 4.0869 3.04811 4.35135 3.29258 2.81684 3.02969 3.70209 3.6464 2.57368 2.9366 3.78947 5.28303 4.44935 3.6964 3.84966 3.5406 3.19647 3.38515 3.01775 2.59024 2.43727
threshold=0.065982000000000027 1045.0000000000002 0.070040000000000033 1.0000000180025095e-35 1.7590000000000001 19.126666666666672 0.21953471295200991 0.23984856142170419 15.690000000000003 3.8100000000000005 1.7900000000000003 1.5990000000000004 1148.7500000000002 0.076687376791056555 3.7150375939849627 5.7633333333333345 1.2633900000000002 1.7790000000000001 0.028000000000000014 1.9310000000000003 0.082125000000000017 0.10193941423030302 8.1800000000000015 2.2450000000000006 1.0000000180025095e-35 1105.0000000000002 0.013813000000000004 6.2500000000000009 5.8100000000000014 0.0063590000000000009
decision_type=8 2 8 2 10 8 10 10 10 10 8 10 2 10 10 10 10 10 10 10 10 8 10 10 2 2 10 2 10 10
left_child=8 5 3 7 -5 6 -2 -3 17 -10 11 13 -13 14 16 -16 -11 28 19 21 25 24 -20 -24 -19 26 29 -25 -1 -21
right_child=1 2 -4 4 -6 -7 -8 -9 9 10 -12 12 -14 -15 15 -17 -18 18 22 20 -22 -23 23 27 -26 -27 -28 -29 -30 -31
leaf_value=-0.0014019612586299534 -0.0096275517633407377 -0.010102752415366916 0.0007290214794738371 0.019477416874487164 0.0012652594843672585 -0.012795742156809196 0.0028731646802804384 0.0045364053742699955 -0.0055374560573067484 0.0056601484122855792 -0.0056066246151288256 0.0024526558352942862 0.020999999999999998 -0.0091267099280245567 -0.012747644116873347 -0.00061428797776956218 -0.0034276278236121316 0.020999999999999998 -0.0079614188488235458 0.0040907880600049781 0.014520088304714412 0.0032026166765660121 0.015594870568001426 -0.0044453924047309383 0.0071987553859583732 -0.0048816750044458988 0.014172243449984211 0.010216582069257981 0.006992174824609231 -0.012327767417370787
leaf_weight=962.53609129786491 22.770366981625557 18.770308241248131 1854.5324008129537 33.163659535348415 18.561118938028812 28.546728622168303 33.763396739959717 18.524269446730614 237.1768762934953 128.41898784600198 93.639665730297565 17.29085206612945 13.753070011734961 31.191250339150429 27.908079564571381 119.72047418914735 57.541757253929973 11.93477348610759 51.902064550668001 26.858577743172646 23.455308496952057 39.778619095683098 15.741612065583466 51.663928657770157 17.650002118200064 77.876300908625126 20.639975037425756 16.723645702004433 34.262636445462704 11.674097362905739
leaf_count=6017 112 96 5075 109 54 137 115 56 3162 607 411 87 47 114 153 321 318 107 183 183 63 149 79 228 144 468 106 35 88 83
internal_value=-0.000167003 0.000704086 0.000985733 0.00633378 0.0129421 -0.00572977 -0.00216181 -0.00283146 -0.00101278 -0.00230537 -0.000739218 0.000412257 0.0111945 -0.000505344 0.00030077 -0.00290801 0.00284812 -0.000323526 0.00182837 0.00389586 0.00136369 0.00975521 -0.00166531 0.00221897 0.0185656 -0.000887966 0.0043681 -0.000859921 -0.00111343 -0.000883479
internal_weight=4117.97 2028.63 1943.55 89.0194 51.7248 85.0805 56.5338 37.2946 2089.34 726.641 489.464 395.824 31.0439 364.781 333.589 147.629 185.961 1362.7 365.899 229.868 160.504 69.3634 136.031 84.1292 29.5848 137.049 59.1727 68.3876 996.799 38.5327
internal_count=18907 5754 5390 315 163 364 227 152 13153 5220 2058 1647 134 1513 1399 474 925 7933 1828 1303 903 400 525 342 251 840 372 263 6105 266
is_linear=0
shrinkage=0.03


Tree=214
num_leaves=31
num_cat=1
split_feature=14 12 13 11 9 8 0 10 11 13 16 10 8 13 3 0 8 9 10 8 8 13 16 9 10 10 8 13 11 10
split_gain=2.36822 2.10575 3.69957 3.32966 1.33981 3.1909 3.03389 2.76436 2.23498 2.95215 4.00703 6.0269 2.11913 2.43254 2.76114 3.40758 2.48876 1.99308 3.59773 3.37362 3.00418 1.95714 2.48817 2.42003 1.83912 3.30845 2.38494 3.16706 2.60932 2.23669
threshold=0 1.0000000180025095e-35 5.0500000000000007 3.9099909990999104 5.9450000000000012 20.090000000000007 0.34166666666666673 0.43679637127775667 2.8299879566439183 5.4500000000000011 1.2150000000000001 0.071600161821222363 21.340000000000007 5.9500000000000011 0.096806650246305428 0.24752000000000007 28.490000000000006 6.7550000000000017 0.27336615543934389 17.253333333333337 13.360000000000003 6.1500000000000012 2.3290000000000006 5.7633333333333345 0.40199933779605707 0.29443813666533458 14.526666666666669 6.3500000000000005 3.6211556383970183 0.68687094279663929
decision_type=1 2 2 8 8 8 10 10 8 2 10 10 10 2 10 10 10 10 10 10 10 2 8 10 10 8 10 2 10 10
left_child=1 -1 -3 -4 6 7 21 17 12 10 11 -10 -7 14 16 -16 -14 19 -19 20 -6 23 24 -2 25 26 27 -23 -29 -26
right_child=4 2 3 -5 5 8 -8 -9 9 -11 -12 -13 13 -15 15 -17 -18 18 -20 -21 -22 22 -24 -25 29 -27 -28 28 -30 -31
leaf_value=-0.012691458671219258 -0.00052239024078571165 -0.0066976990250175155 0.020999999999999998 -0.014897559123979201 0.010372073769131657 -0.0082181282381152323 -0.011920704770024326 -0.001595434681265759 0.0028499234584591976 0.00013865085819456192 -0.00060116284461440384 0.020999999999999998 0.015800744435745754 -0.009837549722964696 -0.0062826923778653487 0.0059013400344245948 -0.00084818493721581351 0.0067303875632518271 -0.0050920046285320509 0.013854870774360959 -0.00077293027923656477 0.012209983238036211 0.0084020111298280763 -0.0080331704796516683 0.0043876746043747267 -0.0045604783616121775 -0.0032393489930432366 -0.00074776408825116239 0.010076928650886195 -0.0038879193313491821
leaf_weight=27.197310457006097 2097.3666626103222 21.951593915000561 3.7214070614427319 2.332338435575366 37.990262985229492 49.405406259000301 20.155503988265991 72.168923333287239 23.665328204631805 730.23720746487379 37.77175647765398 14.838519193232058 17.590548604726791 23.715370863676071 59.19998724758625 31.732448577880859 14.947285082191227 55.483769401907921 39.773375406861305 47.995943628251553 50.974790811538696 30.987685941159725 41.202477015554905 39.333437252789736 172.67096960544586 121.89127965271473 64.332344330847263 97.527914933860302 25.225742265582085 35.423502057790756
leaf_count=902 12154 718 102 67 77 239 48 148 161 1564 113 45 66 61 171 70 70 131 82 109 118 87 75 133 394 300 238 264 60 78
internal_value=-3.92464e-05 -0.00571119 -0.000971643 0.0197917 5.19559e-05 0.000842512 -0.000324257 0.00353292 2.61199e-05 0.000725255 0.00634121 0.0131516 -0.00284208 -0.00103751 0.000652743 -0.00203086 0.00815253 0.00512672 0.0017941 0.00744457 0.00398626 -0.000238514 0.00129219 -0.000660652 0.000757677 -0.000601968 0.00161062 0.00364007 0.0014767 0.00297894
internal_weight=4108.81 55.2026 28.0053 6.05375 4053.61 1307.49 2746.12 304.387 1003.1 806.513 76.2756 38.5038 196.591 147.186 123.47 90.9324 32.5378 232.218 95.2571 136.961 88.9651 2725.96 589.262 2136.7 548.059 339.965 218.074 153.741 122.754 208.094
internal_count=18845 1789 887 169 17056 3225 13831 665 2560 1883 319 206 677 438 377 241 136 517 213 304 195 13783 1496 12287 1421 949 649 411 324 472
cat_boundaries=0 1
cat_threshold=4
is_linear=0
shrinkage=0.03


Tree=215
num_leaves=31
num_cat=1
split_feature=14 13 13 1 0 0 16 16 13 1 13 12 1 8 9 8 1 7 13 6 6 6 11 2 11 7 1 7 9 9
split_gain=2.86189 1.83956 2.0133 1.72572 2.13917 2.56015 1.88323 4.05944 4.18578 5.90445 3.94438 3.51078 3.17581 3.23795 2.74133 2.65195 2.81999 2.34906 3.56297 2.39443 4.27299 2.33351 2.32989 4.04986 4.26741 3.58722 6.35253 3.10189 2.78054 4.04639
threshold=0 13.550000000000002 13.050000000000002 0.24000000000000005 0.26833333333333342 0.30021666666666674 1.192666666666667 1.0806400000000003 5.8500000000000005 0.11200000000000006 9.2500000000000018 1.0000000180025095e-35 0.17225000000000004 11.220000000000004 3.2100000000000009 11.890000000000002 0.19600000000000006 10.122500000000002 5.0500000000000007 0.76666666666666694 0.43333333333333374 16.300000000000008 2.4977477477477481 0.014075370370370372 1.548583792289536 16.922500000000003 0.052000000000000025 23.550000000000001 2.5900000000000012 3.5000000000000009
decision_type=1 2 2 10 10 10 8 10 2 10 2 2 10 8 10 10 10 10 2 10 8 10 10 8 10 10 10 10 10 10
left_child=-1 2 3 6 -5 -6 7 11 -9 -10 -8 15 13 17 -15 -2 22 19 -19 20 -13 -20 23 28 -25 26 -26 -24 -17 -30
right_child=1 -3 -4 4 5 -7 10 8 9 -11 -12 12 -14 14 -16 16 -18 18 21 -21 -22 -23 27 24 25 -27 -28 -29 29 -31
leaf_value=-0.0061791830725733783 -0.0048525956714615716 -0.0065880613975369488 0.0098576370518585234 -0.0055772820286865915 0.0075413925660621425 -0.0015853300516869709 0.00061049941508827573 -0.0074759878528480031 0.0095625058128116242 -0.0077200499219318335 0.0072833607821655849 0.0021058524154076025 0.010600134243298854 -0.0069554325104589929 0.00049918180190679944 -0.0021037744884854766 -0.012854104577000007 0.01852510719339014 -0.0027607049689595017 -0.0006401634945457157 0.020999999999999998 0.0093000997612072561 -0.0039548439126806311 -0.014897559096630954 -0.0041683192206212766 -0.0091376048328587582 0.020999999999999998 0.0043207102724852117 0.020999999999999998 0.0060510728546062384
leaf_weight=55.261648608371615 164.2614242695272 36.103265196084976 19.389868438243866 99.782440461218357 32.0870600938797 200.56746204197407 2367.8012239597738 137.43720287457108 38.021158464252949 33.437783345580101 82.503340870141983 22.936573561280969 34.120733767747879 52.882561568170786 276.68193006515503 9.3795543611049634 14.681021496653555 21.542266890406609 24.71810220181942 101.00021358579397 7.1974464803934088 34.7141023427248 123.36974642798305 14.14510217681527 11.184389684349304 10.416749492287634 8.4193476811051351 60.879571035504341 9.8383795730769652 18.61696744710207
leaf_count=1811 1017 67 22 220 60 368 10065 836 117 77 125 208 84 523 1066 126 41 94 69 537 44 81 644 101 91 46 51 160 86 89
internal_value=5.37721e-05 0.000153254 0.000213997 0.000167396 -0.00190261 -0.000326598 0.000354384 -0.000603509 -0.00441388 0.00147548 0.000835179 0.000176102 0.00172297 0.00116379 -0.000697 -0.00182456 -5.40476e-05 0.00405499 0.00807264 0.00157411 0.0089957 0.00428396 0.000651748 0.00485842 -0.00131232 0.00508879 0.0126482 -0.00122044 0.0120617 0.0167309
internal_weight=4123.38 4068.12 4032.01 4012.62 332.437 232.655 3680.19 1229.88 208.896 71.4589 2450.3 1020.99 575.794 541.673 329.564 445.192 280.931 212.109 80.9745 131.134 30.134 59.4322 266.25 82.0005 44.1656 30.0205 19.6037 184.249 37.8349 28.4553
internal_count=18926 17115 17048 17026 648 428 16378 6188 1030 194 10190 5158 2706 2622 1589 2452 1435 1033 244 789 252 150 1394 590 289 188 142 804 301 175
cat_boundaries=0 1
cat_threshold=4
is_linear=0
shrinkage=0.03


Tree=216
num_leaves=31
num_cat=1
split_feature=14 10 18 7 3 8 13 18 5 7 8 11 18 17 8 18 11 11 15 15 18 7 17 2 2 4 15 11 2 13
split_gain=4.23268 2.19183 2.40329 3.3476 4.8766 3.39255 2.7611 3.20988 2.6328 2.66174 3.47566 3.4876 2.41211 2.19506 2.87875 2.88671 2.69246 4.97113 2.72684 2.1273 4.03229 3.04998 2.11755 2.43813 5.05066 3.33446 3.94122 3.03293 2.77779 2.17877
threshold=0 0.32679798266961352 1188.7500000000002 0.22000000000000078 0.0014390000000000004 1.8200000000000001 9.4500000000000011 1196.2500000000002 1.0000000180025095e-35 15.310000000000002 10.020000000000005 0.66862745098039222 1102.5000000000002 1172.5000000000002 5.4400000000000031 1205.0000000000002 1.7336391437308871 1.0045454545454546 1.0290000000000001 1.8170000000000004 1247.5000000000002 24.170000000000005 1057.5000000000002 0.034750430292598979 0.072525826762027026 1.0000000180025095e-35 1.9040000000000004 4.2364613880742921 0.079671834488907661 6.4500000000000011
decision_type=1 8 2 8 8 10 2 2 8 10 10 8 2 2 10 2 10 10 10 10 2 10 2 8 8 10 10 10 8 2
left_child=-1 2 3 4 5 -2 7 -4 9 10 13 -12 -6 14 15 -9 17 -16 -19 20 -11 -22 -3 27 25 26 -25 -24 -26 -30
right_child=1 22 6 -5 12 -7 -8 8 -10 19 11 -13 -14 -15 16 -17 -18 18 -20 -21 21 -23 23 24 28 -27 -28 -29 29 -31
leaf_value=-0.007587015052803619 0.020999999999999998 -0.0042871438143684921 -0.0063395739645395128 5.4895776599201832e-05 -0.014897559157271426 0.0010745581880660399 0.0071705423087766174 0.0098563871851740058 0.00099496609172692132 -0.0042415130546213202 0.013706407398566147 -0.0073718528664913369 0.0066620183097425003 -0.0080339817406835847 -0.0032682429573178007 -0.0062234158950460767 -0.0015570230861464964 0.020999999999999998 0.00804011694920693 -0.0057391241320822921 0.013349302326511315 -0.0016097193210498552 0.0029728781875311872 -0.0046612417858697608 0.011042378413950178 -0.010959178687996287 0.0082953353181470946 0.013858734575379793 0.0033724207335155288 0.00026383938332891807
leaf_weight=55.518460178747773 18.679664466530088 62.203031808137894 126.19792873412371 1737.5073319561779 8.9728822633624095 9.3913659006357175 31.266848906874657 12.119279656559227 305.80413925647736 36.598940990865231 7.3416390977799892 187.35783096402884 9.7404506802558881 30.59628913924098 15.478124149143694 58.795432314276695 31.482992921024561 9.5946201682090777 15.694702535867689 29.481019273400307 38.234336227178574 18.061626583337784 152.7662672623992 82.060762315988541 27.756427884101868 45.704066216945648 28.456991478800774 27.12449686229229 320.19739782437682 554.03860187530518
leaf_count=1825 117 273 718 7609 84 96 61 72 1349 123 83 1657 84 200 139 501 192 70 114 100 151 61 540 275 71 132 76 60 978 1030
internal_value=-2.29453e-05 9.95741e-05 -0.00038177 0.000268123 0.00818708 0.0160952 -0.00159715 -0.00189421 -0.00119 -0.0025513 -0.00382447 -0.00657704 -0.00367561 -0.000740218 0.000818556 -0.00347539 0.00503312 0.0101224 0.018318 0.00128209 0.00351034 0.00854995 0.00111403 0.00138539 0.000836495 -0.00414362 -0.00132508 0.00461428 0.00169903 0.00140239
internal_weight=4094.22 4038.71 2738.4 1784.29 46.7844 28.071 954.106 922.839 796.641 490.837 368.461 194.699 18.7133 173.761 143.165 70.9147 72.2504 40.7674 25.2893 122.376 92.8949 56.296 1300.31 1238.11 1058.21 156.222 110.518 179.891 901.992 874.236
internal_count=18841 17016 13581 7990 381 213 5591 5530 4812 3463 3028 1740 168 1288 1088 573 515 323 184 435 335 212 3435 3162 2562 483 351 600 2079 2008
cat_boundaries=0 1
cat_threshold=4
is_linear=0
shrinkage=0.03


Tree=217
num_leaves=31
num_cat=0
split_feature=12 17 10 18 16 18 16 7 18 17 7 7 17 17 9 9 13 7 7 17 10 17 16 3 16 16 10 10 3 18
split_gain=3.67317 3.62945 3.34778 2.82864 3.35953 3.53761 2.75769 3.44764 3.98945 3.92827 5.2401 2.81146 2.70711 2.65298 2.70233 3.3388 3.69269 2.554 2.53606 2.51939 2.96337 2.61544 2.4462 5.3969 2.44435 2.35357 2.33137 2.31589 2.18181 2.11908
threshold=1.0000000180025095e-35 1127.5000000000002 0.32679798266961352 1191.2500000000002 1.9090000000000003 1042.5000000000002 1.8695900000000003 14.040000000000001 1191.2500000000002 1105.0000000000002 8.0100000000000033 26.190000000000001 1148.7500000000002 1157.5000000000002 0.85500000000000009 1.1600000000000006 4.3500000000000005 5.8366666666666678 47.910000000000011 1120.0000000000002 0.21668729512860016 1071.2500000000002 1.8263333333333336 0.042862764101570076 0.83700000000000008 2.1190000000000002 0.35528120174853672 0.17562501404250605 0.015580689075630256 1117.5000000000002
decision_type=2 2 10 2 8 2 10 8 2 2 10 10 2 2 8 8 2 10 8 2 10 2 10 8 8 10 10 8 10 2
left_child=2 6 3 4 5 12 19 8 9 10 25 -9 -1 14 -5 -16 -17 -11 22 21 -21 -2 29 -24 -4 -8 -22 28 -27 -7
right_child=1 -3 24 13 -6 18 7 11 -10 17 -12 -13 -14 -15 15 16 -18 -19 -20 20 26 -23 23 -25 -26 27 -28 -29 -30 -31
leaf_value=0.01955811141126796 -0.0036011031819655442 0.0019530988150580899 -0.0080381693026604015 -0.012210705172377783 -0.0038292522290803606 -0.0024044158782725814 0.011819540962584519 -0.0061173468510074451 -0.0065180188941306103 0.0072292414868666381 0.020999999999999998 0.0049935591315468514 0.00090491008220329623 -0.0071685655248744399 0.015884700145745872 -0.014897559079953155 -0.0010341199258972849 -0.0094875476320113311 0.013007765245419483 -0.014897559099321805 0.0050579280526984833 0.00041757741777644173 0.020999999999999998 -0.0010237562281700512 0.0013257908983844086 -0.0045208011176731643 -0.0091134951928018779 -0.011965286444677889 0.016866374233815717 0.0013448179040568395
leaf_weight=14.801627596840264 212.45601397939026 1201.7334919497371 26.241401046514511 22.330950075760484 241.22930696606636 340.98704554513097 26.949032407253981 58.085156589746475 21.480891965329647 16.269862323999405 28.988628283143044 31.672427609562874 13.289062727242706 139.73358756676316 9.7458732165396196 18.57123002409935 251.0199635270983 16.635823741555214 12.900763832032679 25.86113335005939 21.046842738986015 464.24659660644829 11.459474852308629 23.785836033523083 571.39863233268261 8.6732293050736242 20.74665828794241 10.230971544981001 8.5002067312598211 225.33647555112839
leaf_count=68 1288 4462 112 272 1217 1835 177 164 140 107 108 59 60 848 96 246 1662 65 27 214 64 2444 94 86 1443 89 62 33 47 1281
internal_value=5.74082e-06 0.000850675 -0.000949377 -0.00179002 -0.000810496 0.000322803 -0.000512527 0.00237821 0.00535966 0.00755449 0.0110197 -0.00219668 0.0107337 -0.00375125 -0.00216833 -0.00136552 -0.00198913 -0.00122211 -0.000153136 -0.00139598 -0.00691584 -0.000844118 -0.000435374 0.00723304 0.000914635 0.00552433 -0.00197689 -0.000666272 0.00606505 -0.00091262
internal_weight=4096.41 2173.58 1922.83 1325.19 883.79 642.56 971.843 227.486 137.729 116.248 83.3421 89.7576 28.0907 441.402 301.668 279.337 269.591 32.9057 614.47 744.357 67.6546 676.703 601.569 35.2453 597.64 54.3534 41.7935 27.4044 17.1734 566.324
internal_count=18870 9523 9347 7792 4668 3451 5061 989 766 626 454 223 128 3124 2276 2004 1908 172 3323 4072 340 3732 3296 180 1555 346 126 169 136 3116
is_linear=0
shrinkage=0.03


Tree=218
num_leaves=31
num_cat=1
split_feature=14 15 15 8 8 9 15 10 13 7 1 11 11 6 16 16 11 1 11 9 3 9 9 9 5 8 1 10 10 13
split_gain=3.52056 1.67191 3.3856 2.84623 2.36562 5.66853 2.55949 3.1458 2.62541 3.26986 3.06058 2.7438 2.73974 2.51213 3.62823 6.4251 4.20278 2.97364 2.27408 1.93876 3.42517 2.43922 3.30384 2.13966 3.31995 2.12113 2.24504 2.00061 2.51299 1.84464
threshold=0 1.8040000000000005 1.7970000000000004 0.22000000000000003 39.220000000000006 10.470000000000002 1.9760000000000004 0.064288566865740901 4.8500000000000005 7.910000000000001 0.0080000000000000192 1.4712912087912091 1.5594229217110576 7.4333333333333362 1.1590000000000003 1.8968100000000001 3.1878094059405946 0.043339666666666672 1.0336158192090397 3.5708333333333337 0.14752808988764049 4.7633333333333345 5.245000000000001 5.910000000000001 1.0000000180025095e-35 25.420000000000005 0.23633333333333337 0.25927252344758495 0.37959073814845506 4.3500000000000005
decision_type=1 8 10 10 10 10 8 8 2 10 8 8 8 8 10 10 10 8 10 8 10 8 8 8 8 10 10 8 8 2
left_child=-1 2 3 -2 5 6 -3 -8 9 10 -9 18 -11 14 -13 16 -16 -15 -10 20 -19 -21 -23 -24 -25 27 -27 -26 -29 -5
right_child=1 4 -4 29 -6 -7 7 8 11 12 -12 13 -14 17 15 -17 -18 19 -20 21 -22 22 23 24 25 26 -28 28 -30 -31
leaf_value=-0.0069732545735593458 -0.0066193423787931655 -0.0032696616850161689 0.014007765188786218 -0.0026381015758349695 -0.0062227977968118305 0.0099696016588747133 -0.0079110043203351726 0.012444304645980056 0.0012784578649506302 0.020834907797686857 -0.0051506258426142985 -0.0060053167282696279 0.0055217063035457731 -0.009333148018496747 0.020999999999999998 -0.0049628329286233149 0.0048012332292163232 -0.0039886898955504707 -0.013652020941706259 -0.007091203132855277 0.012380155839944207 0.0094303962248149173 -0.0070012775271971412 0.0074563624746526126 -0.0050410222572289873 -0.0089928866672746629 0.00043871254838952504 0.0085525087750703242 -0.00025999913769361596 0.00073867381737928038
leaf_weight=54.229685867205262 50.735564835369587 304.44025018811226 16.605937253683805 154.16669039428234 69.166167169809341 44.637182846665382 42.939618665724993 12.069403998553751 14.836779616773127 15.951879121363161 33.856803253293037 20.242363259196281 30.853215523064137 32.348436683416367 22.98560643196106 21.137975417077541 19.798168055713177 19.250391259789467 24.085972256958485 46.11626723408699 28.594770595431328 32.0618806630373 41.791822612285614 48.313670948147774 39.567650087177753 50.807220712304115 41.079084604978561 43.496675848960876 88.129442609846592 2618.9172413535416
leaf_count=1805 392 1206 64 1430 143 78 413 84 59 64 246 94 119 114 89 88 72 81 109 137 69 74 98 103 130 116 76 88 245 10939
internal_value=-4.87832e-06 0.00010596 0.000501543 0.000422117 -0.000838514 -0.000505825 -0.000940894 -2.05302e-05 0.000445273 0.00516039 -0.000526679 -0.000243679 0.0107407 0.000260533 0.00506344 0.00856863 0.0152541 -0.000529668 -0.00796074 6.46011e-05 0.00579419 -0.000570902 0.000209614 -0.00062744 0.000227986 -0.00109948 -0.00477636 0.000874043 0.00265215 0.000550946
internal_weight=4083.21 4028.98 2840.43 2823.82 1188.56 1119.39 1074.76 770.315 727.375 92.7313 45.9262 634.644 46.8051 595.721 84.1641 63.9217 42.7838 511.557 38.9228 479.209 47.8452 431.364 385.247 353.186 311.394 263.08 91.8863 171.194 131.626 2773.08
internal_count=18825 17020 12825 12761 4195 4052 3974 2768 2355 513 330 1842 183 1674 343 249 161 1331 168 1217 150 1067 930 856 758 655 192 463 333 12369
cat_boundaries=0 1
cat_threshold=4
is_linear=0
shrinkage=0.03


Tree=219
num_leaves=31
num_cat=0
split_feature=7 10 18 16 8 3 11 11 11 11 1 1 17 11 8 16 16 0 12 8 1 1 7 11 8 11 15 11 16 7
split_gain=2.89789 3.51601 2.14183 3.29544 3.65996 3.46583 2.66956 2.67893 7.41943 3.77273 3.23133 3.43544 2.53348 2.66099 4.37395 2.47003 3.34296 2.86453 2.4141 2.61858 2.6248 9.47603 4.61428 3.02564 4.39722 4.10279 3.62818 4.08309 3.54883 3.73533
threshold=1.0000000180025095e-35 0.40199933779605707 1162.5000000000002 0.84500000000000008 1.0200000000000002 0.0057052441229656437 1.1843382728666327 3.7150375939849627 3.5244902039184329 3.2705518018018025 0.0079380000000000023 0.052000000000000025 1167.5000000000002 2.6649659863945581 6.7799999999999994 1.2267500000000002 1.2490000000000003 0.29025166666666674 1.0000000180025095e-35 0.80000000000000082 0.074043000000000039 0.065982000000000027 11.122500000000002 1.6681957186544345 18.620000000000008 2.3349834983498354 1.7210000000000003 1.0758534714230918 1.8870000000000002 2.0100000000000002
decision_type=8 10 2 10 10 10 8 10 10 10 10 10 2 10 10 10 10 10 2 8 8 10 10 10 10 10 10 10 10 10
left_child=1 -1 3 6 -5 -6 -2 8 9 10 12 -12 -8 14 -14 17 -17 -7 -4 -20 21 23 -23 24 26 -25 -21 -28 29 -27
right_child=2 -3 18 4 5 15 7 -9 -10 -11 11 -13 13 -15 -16 16 -18 -19 19 20 -22 22 -24 25 -26 28 27 -29 -30 -31
leaf_value=-0.0078208086159693574 -0.0039598951407928485 0.01420681770488934 -0.0017415229839642587 0.008287068825574645 -0.007488902882206004 -0.0037012237766032227 0.0013632017546845259 0.00024538448799110333 0.020999999999999998 -0.0065182249978190726 0.020999999999999998 0.0055368680809834234 0.0046517383912223339 -0.00034497272177372052 0.020999999999999998 0.011080676983657571 0.00056560405338861876 0.0079289701685914052 -0.012664627044959699 0.00060907082336381568 -0.00099239150450634687 0.020999999999999998 0.005370167575105847 -0.005657090819050227 0.019527020826936244 0.01878831667209812 -0.001793717800408189 0.020999999999999998 -0.011376283834363655 0.0017965369360809485
leaf_weight=67.827741069719195 41.142240922898054 7.2154095396399489 809.51434730552137 50.464471556246281 52.641125401481986 203.63805903494358 112.54085956141353 112.92388377338648 13.914641845971344 25.06165749579668 15.874308556318281 20.553548790514469 27.622476045042276 20.614892151206732 20.491848811507225 27.715507343411446 1495.8129684198648 21.028164118528366 13.435250293463467 114.14472483098507 446.59655700623989 16.407956480979919 19.242414616048336 100.64425005577505 15.686465959995983 12.468133524060248 9.1576200723648089 12.676146142184733 17.039281222969294 176.11016346141696
leaf_count=1741 253 25 4230 185 525 846 593 334 54 97 80 62 104 73 76 108 5097 36 75 807 1358 65 70 659 139 143 69 78 73 787
internal_value=0.000138267 -0.00570285 0.000247166 0.000858126 0.000318773 9.54789e-05 0.00328911 0.00409604 0.00579014 0.00450435 0.00577328 0.0139265 0.00413482 0.0086732 0.0125371 0.000323858 0.000756891 -0.00261267 -0.00053668 0.000486105 0.000674031 0.00218184 0.0170797 0.00102202 0.00448727 -0.000694026 0.00275229 0.0139568 0.00173526 0.00291997
internal_weight=4100.21 75.0432 4025.16 2262.04 1851.3 1800.84 410.74 369.598 256.674 242.76 217.698 36.4279 181.27 68.7292 48.1143 1748.19 1523.53 224.666 1763.12 953.609 940.174 493.577 35.6504 457.927 151.665 306.262 135.978 21.8338 205.618 188.578
internal_count=18842 1766 17076 8523 6797 6612 1726 1473 1139 1085 988 142 846 253 180 6087 5205 882 8553 4323 4248 2890 135 2755 1093 1662 954 147 1003 930
is_linear=0
shrinkage=0.03


Tree=220
num_leaves=31
num_cat=1
split_feature=6 8 16 18 10 13 17 15 14 11 16 10 10 16 18 9 15 11 12 6 11 17 8 8 17 11 9 11 13 6
split_gain=3.27807 2.84387 3.47614 2.39948 2.19653 2.56193 2.10969 2.26346 3.4732 3.26907 2.48112 2.33347 2.9839 2.94849 4.03987 2.3868 2.6709 2.48759 2.30955 3.22091 4.08365 3.81416 2.50974 2.3969 3.90746 3.3913 2.23059 3.07581 2.97508 2.97713
threshold=0.46666666666666673 6.0200000000000014 2.3470000000000004 1253.7500000000002 0.76697448229914389 13.050000000000002 1021.2500000000001 1.7310000000000001 0 3.9446992864424062 2.7880000000000003 0.49626369759322259 0.44174635040040522 1.8587900000000002 1242.5000000000002 6.0450000000000017 1.1850000000000005 2.577350427350428 1.0000000180025095e-35 0.76666666666666694 2.1446575776791383 1120.0000000000002 1.2000000000000017 4.0200000000000005 1148.7500000000002 1.4976635514018695 7.7225000000000019 3.8582589285714293 6.3500000000000005 15.400000000000004
decision_type=8 10 10 2 8 2 2 10 1 10 10 10 10 10 2 10 8 8 2 8 10 2 8 8 2 10 8 10 2 10
left_child=1 2 3 -1 5 6 -2 10 9 -9 11 12 18 14 15 16 -13 -18 -8 20 21 -20 -21 24 25 -24 27 -25 -29 -30
right_child=4 -3 -4 -5 -6 -7 7 8 -10 -11 -12 13 -14 -15 -16 -17 17 -19 19 22 -22 -23 23 26 -26 -27 -28 28 29 -31
leaf_value=-0.00024577394933401962 -0.0043673928961894806 -0.0069430464744840185 0.014122672528449665 -0.011746177216937322 -0.0030177138742920216 0.01076880641974637 0.00020472501232562159 -0.004768091064592435 0.00045139836391850199 0.0062890434827558728 -0.0080231687086690876 0.014441857981298292 -0.0033254964920880949 -0.0019107342807645844 -0.0031472976643244629 0.017146570324986645 -0.0050315256750761827 0.0088955798460044113 -0.0072561312019040801 -0.010643846570235271 0.020999999999999998 0.019813565785487923 0.004701312061060248 0.0018075036206004035 -0.0026966620317865025 0.020999999999999998 0.0051719475185099846 -0.010261071187665506 -0.0067105686443722223 0.0063452753873520316
leaf_weight=114.66179560683668 76.921862758696079 101.82899127714336 13.4389003328979 19.039266351610422 156.56769524142146 22.208052814006805 979.32206084951758 228.04751251265407 877.28994316793978 26.903794407844543 26.184139642864466 26.585395276546478 134.80742824077606 46.200669765472412 28.084481127560139 28.086267724633217 21.285149857401848 25.217353731393814 11.77790336310864 14.105325818061827 9.3672450333833677 7.7784859724342814 22.960506074130535 797.3630642965436 22.129519879817963 21.564665347337723 146.49089508131146 38.822488747537136 29.314801581203938 33.893781870603561
leaf_count=837 457 2110 57 241 586 28 4824 1437 2344 111 97 70 345 107 100 49 73 53 114 51 73 49 111 3745 74 69 374 172 78 64
internal_value=0.000247578 -0.00308886 -0.000421546 -0.00188345 0.000462817 0.00060999 0.000548692 0.00065363 -0.000457174 -0.00346536 0.00116254 0.00126091 0.00100323 0.00459414 0.00691916 0.00971347 0.00685707 0.00252086 0.00127657 0.00218494 0.01207 0.00351075 0.00193117 0.0020906 0.00760648 0.0127273 0.00173907 0.00117993 -0.00372449 0.000290252
internal_weight=4108.25 248.969 147.14 133.701 3859.28 3702.71 3680.5 3603.58 1132.24 254.951 2471.34 2445.16 2269.7 175.459 129.259 101.174 73.0879 46.5025 2134.89 1155.57 28.9236 19.5564 1126.65 1112.54 66.6547 44.5252 1045.89 899.394 102.031 63.2086
internal_count=18900 3245 1135 1078 15655 15069 15041 14584 3892 1548 10692 10595 10143 452 345 245 196 126 9798 4974 236 163 4738 4687 254 180 4433 4059 314 142
cat_boundaries=0 1
cat_threshold=1
is_linear=0
shrinkage=0.03


end of trees

feature_importances:
o_xgc_r5=552
creativity_r5=548
o_str_def=522
influence_r5=517
career_xgi90=506
career_ppg=502
creativity_r3=469
cost=462
t_xg_r5=406
xa90_r5=344
ict_index_r5=331
xa90_r3=289
str_att=283
expected_assists_r3=252
expected_assists_r5=242
position=175
is_home=120
assists_r5=70
assists_r3=40

parameters:
[boosting: gbdt]
[objective: poisson]
[metric: poisson]
[tree_learner: serial]
[device_type: cpu]
[data_sample_strategy: bagging]
[data: ]
[valid: ]
[num_iterations: 3000]
[learning_rate: 0.03]
[num_leaves: 31]
[num_threads: 0]
[seed: 0]
[deterministic: 0]
[force_col_wise: 0]
[force_row_wise: 0]
[histogram_pool_size: -1]
[max_depth: -1]
[min_data_in_leaf: 60]
[min_sum_hessian_in_leaf: 0.001]
[bagging_fraction: 0.8]
[pos_bagging_fraction: 1]
[neg_bagging_fraction: 1]
[bagging_freq: 1]
[bagging_seed: 3]
[bagging_by_query: 0]
[feature_fraction: 0.8]
[feature_fraction_bynode: 1]
[feature_fraction_seed: 2]
[extra_trees: 0]
[extra_seed: 6]
[early_stopping_round: 0]
[early_stopping_min_delta: 0]
[first_metric_only: 0]
[max_delta_step: 0.7]
[lambda_l1: 0]
[lambda_l2: 0]
[linear_lambda: 0]
[min_gain_to_split: 0]
[drop_rate: 0.1]
[max_drop: 50]
[skip_drop: 0.5]
[xgboost_dart_mode: 0]
[uniform_drop: 0]
[drop_seed: 4]
[top_rate: 0.2]
[other_rate: 0.1]
[min_data_per_group: 100]
[max_cat_threshold: 32]
[cat_l2: 10]
[cat_smooth: 10]
[max_cat_to_onehot: 4]
[top_k: 20]
[monotone_constraints: ]
[monotone_constraints_method: basic]
[monotone_penalty: 0]
[feature_contri: ]
[forcedsplits_filename: ]
[refit_decay_rate: 0.9]
[cegb_tradeoff: 1]
[cegb_penalty_split: 0]
[cegb_penalty_feature_lazy: ]
[cegb_penalty_feature_coupled: ]
[path_smooth: 0]
[interaction_constraints: ]
[verbosity: -1]
[saved_feature_importance_type: 0]
[use_quantized_grad: 0]
[num_grad_quant_bins: 4]
[quant_train_renew_leaf: 0]
[stochastic_rounding: 1]
[linear_tree: 0]
[max_bin: 255]
[max_bin_by_feature: ]
[min_data_in_bin: 3]
[bin_construct_sample_cnt: 200000]
[data_random_seed: 1]
[is_enable_sparse: 1]
[enable_bundle: 1]
[use_missing: 1]
[zero_as_missing: 0]
[feature_pre_filter: 1]
[pre_partition: 0]
[two_round: 0]
[header: 0]
[label_column: ]
[weight_column: ]
[group_column: ]
[ignore_column: ]
[categorical_feature: 14]
[forcedbins_filename: ]
[precise_float_parser: 0]
[parser_config_file: ]
[objective_seed: 5]
[num_class: 1]
[is_unbalance: 0]
[scale_pos_weight: 1]
[sigmoid: 1]
[boost_from_average: 1]
[reg_sqrt: 0]
[alpha: 0.9]
[fair_c: 1]
[poisson_max_delta_step: 0.7]
[tweedie_variance_power: 1.5]
[lambdarank_truncation_level: 30]
[lambdarank_norm: 1]
[label_gain: ]
[lambdarank_position_bias_regularization: 0]
[eval_at: ]
[multi_error_top_k: 1]
[auc_mu_weights: ]
[num_machines: 1]
[local_listen_port: 12400]
[time_out: 120]
[machine_list_filename: ]
[machines: ]
[gpu_platform_id: -1]
[gpu_device_id: -1]
[gpu_device_id_list: ]
[gpu_use_dp: 0]
[num_gpu: 1]

end of parameters

pandas_categorical:[["DEF", "FWD", "GKP", "MID"]]
