tree
version=v4
num_class=1
num_tree_per_iteration=1
label_index=0
max_feature_idx=7
objective=binary sigmoid:1
feature_names=defensive_contribution_r3 defensive_contribution_r5 minutes_r5 played60_r5 bps_r5 position cost career_start_rate
feature_infos=[0:21] [0:21] [0:90] [0:1] [-8:61] -1:3:0:1 [3.7000000000000002:15.1] [0:1]
tree_sizes=3278 3374 3389 3404 3396 3382 3413 3386 3412 3391 3410 3425 3399 3395 3398 3420 3406 3423 3409 3400 3406 3423 3406 3395 3398 3415 3406 3395 3425 3400 3421 3407 3419 3411 3426 3438 3437 3445 3445 3418 3442 3447 3435 3419 3445 3430 3425 3415 3464 3425 3447 3452 3427 3435 3440 3433 3397 3430 3411 3425 3413 3409 3422 3423 3445 3440 3436 3425 3441 3420 3439 3428 3437 3431 3451 3435 3416 3436 3452 3432 3434 3423 3449 3440 3407 3454 3448 3426 3428 3454 3439 3427 3428 3434 3429 3431 3448 3428 3410 3458

Tree=0
num_leaves=31
num_cat=3
split_feature=0 6 1 1 5 4 4 5 5 7 6 1 2 2 1 2 2 2 7 0 1 1 1 0 2 4 6 7 1 1
split_gain=416.677 107.322 42.624 39.4987 28.1721 24.5852 19.5035 16.0358 15.4647 14.2528 15.1 10.7021 16.8442 10.5816 10.2676 11.2247 15.003 8.96731 8.6164 8.50647 8.05206 7.79846 7.72386 7.45942 17.4722 9.14549 13.3049 6.80029 6.60684 6.51736
threshold=8.1666666666666696 5.4500000000000011 11.266666666666667 5.9000000000000012 0 12.775000000000002 12.775000000000002 1 2 0.48457573354480576 6.1500000000000012 9.4500000000000011 64.500000000000014 87.90000000000002 8.2250000000000014 72.26666666666668 89.700000000000003 85.450000000000017 0.84420803782505927 13.16666666666667 6.9000000000000012 8.5500000000000025 6.9000000000000012 3.8333333333333335 40.900000000000006 1.1000000000000003 4.5500000000000007 0.47546715579502469 11.900000000000002 8.6333333333333346
decision_type=10 2 10 10 1 10 10 1 1 8 2 10 10 10 8 10 8 10 8 10 10 10 10 10 10 8 2 10 10 8
left_child=1 3 4 6 13 14 8 -3 -1 -9 18 12 20 21 15 22 -17 -13 -11 28 -6 27 -5 25 -25 26 -10 -2 -4 -7
right_child=2 7 19 5 11 29 -8 9 23 10 -12 17 -14 -15 -16 16 -18 -19 -20 -21 -22 -23 -24 24 -26 -27 -28 -29 -30 -31
leaf_value=-1.4212504450107324 -1.3258519794546562 -1.4244505348297511 -1.3226430261688775 -1.3626479771315836 -1.3732953296508648 -1.391952177083299 -1.4124887494688154 -1.4197798961912931 -1.3667275333957647 -1.3977833762120524 -1.4114372320119748 -1.3374642228773748 -1.3879308020162182 -1.3559198717424013 -1.3271063884663696 -1.3973309373181531 -1.3545528576426595 -1.3693025724561343 -1.369865653598981 -1.3129262059117355 -1.3293750005088301 -1.3173508351637797 -1.3256266978362259 -1.363018114386322 -1.3919697877803854 -1.3981323837678774 -1.4066995236462152 -1.3617669462012911 -1.3501373379214283 -1.3612263135849751
leaf_weight=15.187073722481728 8.1530606299638766 79.931966960430145 13.748298317193983 14.387754052877428 7.5136048942804319 53.234689995646477 49.55781951546669 71.938770264387131 22.06122288107872 49.238091647624969 89.363939061760902 12.309522911906241 45.880949035286903 54.99319326877594 7.0340130925178519 16.146257326006893 13.588434383273123 22.540814682841301 12.469386845827101 18.704080268740654 7.5136048942804337 13.908162251114843 7.8333327621221533 27.017004832625389 61.387750625610352 115.26189635694027 11.350339308381079 11.350339308381079 18.384352400898933 7.0340130925178519
leaf_count=95 51 500 86 90 47 333 310 450 138 308 559 77 287 344 44 101 85 141 78 117 47 87 49 169 384 721 71 71 115 44
internal_value=-1.38804 -1.3993 -1.35333 -1.38951 -1.36004 -1.37489 -1.39528 -1.41292 -1.3919 -1.40879 -1.40356 -1.37132 -1.3789 -1.34783 -1.36112 -1.36573 -1.37778 -1.35806 -1.39214 -1.32901 -1.35134 -1.33451 -1.3496 -1.39002 -1.38312 -1.39413 -1.38031 -1.34675 -1.33837 -1.38837
internal_weight=959.024 724.024 235 421.082 184.163 119.258 301.823 302.942 252.265 223.01 151.071 95.7585 60.9082 88.4048 58.9898 51.9558 29.7347 34.8503 61.7075 50.8367 15.0272 33.4116 22.2211 237.078 88.4048 148.673 33.4116 19.5034 32.1327 60.2687
internal_count=5999 4529 1470 2634 1152 746 1888 1895 1578 1395 945 599 381 553 369 325 186 218 386 318 94 209 139 1483 553 930 209 122 201 377
cat_boundaries=0 1 2 3
cat_threshold=1 2 2
is_linear=0
shrinkage=1


Tree=1
num_leaves=31
num_cat=4
split_feature=1 6 5 1 5 2 1 3 1 4 2 1 2 1 5 7 2 5 1 4 4 7 6 2 4 4 1 7 7 2
split_gain=327.888 111.463 44.183 37.7516 33.3088 21.6096 20.207 26.4749 23.6139 22.2366 20.5174 16.7436 13.1065 14.3728 10.7713 13.2943 10.488 10.243 9.82756 11.7135 8.55476 8.06059 7.12618 6.68176 6.59981 8.27712 10.1462 6.49686 6.43723 6.20577
threshold=7.6333333333333337 5.5500000000000007 0 11.266666666666667 1 72.100000000000009 6.1000000000000005 0.63333333333333341 3.4500000000000006 5.2666666666666675 64.100000000000009 10.708333333333334 36.100000000000009 2.3666666666666671 2 0.79034299034299049 87.90000000000002 3 4.366666666666668 5.6333333333333337 0.63333333333333341 0.44216833890746937 5.0500000000000007 41.900000000000006 17.450000000000003 9.2250000000000014 9.9000000000000021 0.80663489736070393 0.53873431533006011 22.550000000000004
decision_type=10 2 1 10 1 10 10 10 10 10 10 10 10 10 1 10 10 1 10 10 8 8 2 10 10 10 10 10 8 10
left_child=1 2 -1 4 16 -6 7 8 12 23 28 -7 13 20 15 -3 -2 -12 -9 -20 -4 -22 -19 -10 25 -18 27 -27 -8 -15
right_child=3 14 6 -5 5 11 10 18 9 -11 17 -13 -14 29 -16 -17 24 22 19 -21 21 -23 -24 -25 -26 26 -28 -29 -30 -31
leaf_value=-0.037254310206923429 0.051902946914679254 -0.025002451167952071 0.011558416294616368 0.051616636088562332 0.038977811405875924 -0.0016674115719176603 0.025703969323778698 -0.032655735258804011 0.069409132792616915 0.0067703043449642173 -0.01144796296356165 0.039799381934491583 -0.021046545243959457 0.043496625359300982 -0.028964746258358307 0.01602282462117794 0.013844793290650638 0.0068446678709854179 0.023759127919797937 -0.015353684082987594 -0.017261817390179054 0.0027761922892241713 0.032875398968527189 0.031627519930750442 0.015009917827626786 0.039830584334297953 0.016889951860506403 0.069231471451939669 0.060061487353021241 0.010856847004160229
leaf_weight=29.635802656412125 26.0571498721838 19.438147783279422 21.99423448741436 53.598555162549019 19.552185416221619 67.734625458717346 12.757485926151277 25.364327922463417 6.4481684714555767 54.884574204683304 23.032223239541054 10.06612855195999 32.94756056368351 7.401062190532687 223.45000222325325 11.207880437374113 12.215471327304838 45.94690315425396 7.8361239433288565 57.144053131341934 47.647819578647614 29.103239417076111 11.920832902193068 12.152435645461081 19.933601826429367 17.030855149030689 10.433757960796354 11.221173375844954 7.9766036868095389 17.975730016827583
leaf_count=189 158 123 137 324 120 422 78 160 40 343 144 62 207 46 1421 70 75 286 49 360 300 183 74 76 123 105 64 69 49 112
internal_value=-0.00036073 -0.0107789 -0.00184476 0.0293272 0.0231768 0.0107833 0.000638806 -0.00305332 0.00234076 0.0163774 0.0122963 0.0036977 -0.00422631 0.000238537 -0.0266773 -0.00999867 0.0356293 0.00547246 -0.0168188 -0.010637 -0.00493667 -0.0096636 0.012207 0.0447251 0.029643 0.0353735 0.0421714 0.0515081 0.0389216 0.0203761
internal_weight=954.109 706.265 452.169 247.844 194.245 97.3529 422.533 320.899 230.555 73.4852 101.634 77.8008 157.07 124.122 254.096 30.646 96.892 80.9 90.3445 64.9802 98.7453 76.7511 57.8677 18.6006 70.8349 50.9013 38.6858 28.252 20.7341 25.3768
internal_count=5969 4447 2833 1522 1198 604 2644 2013 1444 459 631 484 985 778 1614 193 594 504 569 409 620 483 360 116 436 313 238 174 127 158
cat_boundaries=0 1 2 3 4
cat_threshold=2 1 1 8
is_linear=0
shrinkage=0.03


Tree=2
num_leaves=31
num_cat=4
split_feature=0 6 1 6 3 5 5 1 7 2 1 5 2 0 2 7 0 1 2 7 5 7 6 7 1 1 2 1 2 7
split_gain=371.828 102.541 37.6793 34.6182 21.6859 18.9457 15.9124 15.8623 15.8172 13.6727 12.9695 12.8892 11.8517 11.4408 10.1935 10.1704 9.5036 8.74082 14.4085 8.20979 7.92647 6.82319 9.68656 6.56555 6.02274 5.83262 5.71649 11.6344 10.4087 5.58827
threshold=8.1666666666666696 5.4500000000000011 5.9000000000000012 5.6500000000000012 0.63333333333333341 0 1 12.450000000000001 0.79034299034299049 72.26666666666668 4.2250000000000005 2 89.90000000000002 5.5833333333333348 66.366666666666688 0.8192571947109154 6.166666666666667 9.7083333333333339 61.900000000000006 0.34296141814389997 3 0.51930530709600486 5.9500000000000011 0.61200463201235211 4.9000000000000012 6.9000000000000012 2.6333333333333337 1.7750000000000001 24.500000000000004 0.39464733261725748
decision_type=10 2 10 2 10 1 1 10 10 10 10 1 10 10 10 10 10 10 10 8 1 8 2 10 10 10 8 10 10 10
left_child=1 2 4 7 6 8 10 11 -3 13 26 14 -11 -4 -2 23 -14 18 -13 -8 21 -7 -23 -5 -6 -15 -1 -28 -29 -21
right_child=3 5 9 15 24 20 19 -9 -10 12 -12 17 16 25 -16 -17 -18 -19 -20 29 -22 22 -24 -25 -26 -27 27 28 -30 -31
leaf_value=0.020959923949748053 0.069491530064340487 -0.019348301132711496 0.058118530889975588 0.012856044649931132 -0.027554904355966154 -0.031523733937357995 -0.019062281925708614 0.062453558437379618 0.019911827592360678 -0.004830703424406264 0.029100417295339433 0.04586521172006524 -0.0081563083581463573 0.0056207034910610654 0.038687283173071851 0.02427506399918275 0.0248853573409515 0.037200617299211695 0.0073989638998968868 0.022183435174669267 -0.035407026460712886 -0.0039462322913329439 -0.024350982211557889 -0.018036906935983536 -0.011366992650278861 0.033007913752450761 -0.014988626896000985 0.0339965635801599 0.0010524530688331476 -0.0064197676761571475
leaf_weight=11.780409500002859 10.874519899487494 25.173383638262749 8.7470519691705686 11.25837227702141 43.626731336116791 64.743632465600967 52.407163873314857 20.825264349579811 14.587649181485174 43.119881317019463 17.545986533164978 11.802828758955 10.178461417555807 14.522996455430986 87.15558072924614 20.749625518918037 34.019072771072388 35.069619879126549 34.039109885692596 7.5624912828207007 74.915601402521133 27.832910940051079 84.532302051782608 13.757168158888815 39.335126623511314 13.508121803402899 34.784164905548096 10.475103735923765 49.039857983589172 32.85226833820343
leaf_count=73 65 161 53 69 280 419 331 122 90 269 109 71 63 89 522 126 209 210 212 48 488 176 545 85 250 81 219 65 307 206
internal_value=0.000428228 -0.0105059 -0.00107765 0.0322818 -0.00683853 -0.0241903 -0.00184002 0.0376735 -0.00494443 0.0128218 0.00520827 0.0347896 0.00635908 0.0281654 0.0421044 0.00874682 0.017276 0.0259271 0.0173028 -0.0112273 -0.0272266 -0.0237664 -0.0192967 -0.00413338 -0.0198796 0.0188185 0.00125641 -0.00120507 0.00685088 -0.00106748
internal_weight=960.822 715.29 423.505 245.532 299.409 291.785 216.447 199.767 39.761 124.096 123.626 178.942 87.3174 36.7782 98.0301 45.7652 44.1975 80.9116 45.8419 92.8219 252.024 177.109 112.365 25.0155 82.9619 28.0311 106.08 94.2991 59.515 40.4148
internal_count=6013 4531 2652 1482 1888 1879 1358 1202 251 764 773 1080 541 223 587 280 272 493 283 585 1628 1140 721 154 530 170 664 591 372 254
cat_boundaries=0 1 2 3 4
cat_threshold=1 1 1 8
is_linear=0
shrinkage=0.03


Tree=3
num_leaves=31
num_cat=4
split_feature=1 6 1 3 6 4 5 1 1 4 2 2 7 4 1 4 5 7 5 6 7 2 7 4 5 1 1 1 2 7
split_gain=297.073 105.028 36.2261 26.8271 23.7253 22.8338 18.4655 17.9508 17.3578 15.1244 13.9494 11.3917 11.1712 10.0319 10.2698 16.3156 9.54066 9.63579 9.04188 9.65301 12.3274 11.5131 7.76621 11.8088 7.54581 10.2326 7.51094 7.30038 11.5437 7.14777
threshold=7.9000000000000012 5.4500000000000011 5.9000000000000012 0.63333333333333341 5.6500000000000012 14.633333333333335 0 3.4500000000000006 12.450000000000001 5.2666666666666675 74.100000000000009 36.100000000000009 0.79034299034299049 16.775000000000002 9.2250000000000014 22.225000000000005 1 0.34656167979002633 2 5.9500000000000011 0.45485893416927908 43.675000000000004 0.79289318755256533 7.1000000000000005 3 7.366666666666668 4.6333333333333337 1.9000000000000001 2.6333333333333337 0.57517123287671235
decision_type=10 2 10 10 2 10 1 10 10 10 10 10 10 10 10 10 1 8 1 2 10 10 8 10 1 10 10 10 8 10
left_child=1 2 3 7 8 10 12 11 13 -9 22 16 -3 -2 29 -16 27 -18 19 20 -8 -22 23 -4 25 -12 -5 28 -1 -15
right_child=4 6 5 26 -6 -7 18 9 -10 -11 24 -13 -14 14 15 -17 17 -19 -20 -21 21 -23 -24 -25 -26 -27 -28 -29 -30 -31
leaf_value=0.025057793324022481 0.034719782779614357 -0.015822570133002034 0.059323967879401925 -0.031147187100363675 0.0086374977616870408 -0.0049828713172232874 -0.029424554703277154 0.036200684532877052 0.056746126900826199 0.0037291763129332178 0.005763849295181523 -0.021284831014777406 0.019201979153358389 0.024377223991109819 0.018768152258937482 0.066362224625837546 -0.022476696995921436 0.0046157060980863496 -0.035948863497457559 -0.028209954101819042 0.027089913659073553 -0.012459686595433539 0.064233575554120653 0.018657994630513861 -0.017347203507100652 0.043672215146632838 -0.012823862272438416 0.021126172327267937 -0.0086880262619671612 -0.0097712073380383305
leaf_weight=11.935191318392752 113.41947463154793 25.372085511684418 8.6098475307226163 36.086506530642509 45.157503500580788 41.300978615880013 24.038054689764977 17.391974151134491 23.834591507911682 50.091527760028839 23.486178904771805 35.780248388648033 12.10678009688854 9.1651427298784274 29.452023163437843 8.3119437247514707 30.568037405610085 19.258884087204933 73.286558553576469 120.40713791549206 9.3121834993362409 22.951795786619186 6.735661417245864 25.344954997301102 7.4713221192359915 8.8134167343378049 45.545064657926559 18.863296210765839 38.722586512565613 13.857697233557699
leaf_count=73 670 164 51 236 275 255 158 105 135 311 145 229 74 56 174 49 196 121 488 790 59 146 40 151 47 53 292 116 245 84
internal_value=-0.000373657 -0.0101339 -0.000678561 -0.00621296 0.0282602 0.01315 -0.0241456 -0.000818439 0.0327346 0.0120978 0.0224577 -0.00643723 -0.00450861 0.0294494 0.0196157 0.0292437 -0.00198595 -0.0120051 -0.0270895 -0.0234153 -0.0131614 -0.00104469 0.034807 0.0289696 0.0098229 0.0161077 -0.020924 0.00519491 -0.000737365 0.00382291
internal_weight=956.679 713.48 426.006 304.243 243.198 121.762 287.475 222.612 198.041 67.4835 80.4614 155.128 37.4789 174.206 60.7868 37.764 119.348 49.8269 249.996 176.709 56.302 32.264 40.6905 33.9548 39.7709 32.2996 81.6316 69.5211 50.6578 23.0228
internal_count=5988 4545 2666 1924 1443 742 1879 1396 1168 416 487 980 238 1033 363 223 751 317 1641 1153 363 205 242 202 245 198 528 434 318 140
cat_boundaries=0 1 2 3 4
cat_threshold=1 1 8 1
is_linear=0
shrinkage=0.03


Tree=4
num_leaves=31
num_cat=3
split_feature=0 5 5 1 1 5 2 1 2 1 1 1 4 1 2 2 1 4 7 4 4 2 7 2 1 4 7 2 4 7
split_gain=316.664 94.424 30.1443 29.8745 29.5057 26.6531 15.0695 14.6397 13.4684 17.6699 14.9351 12.9935 9.65487 10.0562 18.2313 11.7665 14.2992 8.95129 11.4699 8.09933 7.51504 8.47251 10.365 7.30327 11.5238 7.64977 7.02143 6.58516 6.07407 5.70972
threshold=8.1666666666666696 0 1 7.366666666666668 11.266666666666667 2 61.45000000000001 9.4500000000000011 65.26666666666668 4.2250000000000005 4.9000000000000012 10.708333333333334 20.100000000000005 5.4500000000000011 61.45000000000001 40.500000000000007 3.1000000000000005 12.775000000000002 0.77376607577337519 11.366666666666669 15.100000000000001 87.366666666666688 0.57831869834710747 36.500000000000007 2.2916666666666674 5.2666666666666675 0.85770528683914515 85.450000000000017 0.63333333333333341 0.37987341772151906
decision_type=10 1 1 10 10 1 10 10 10 10 10 10 10 10 10 8 10 10 10 10 10 10 10 10 10 10 10 10 8 10
left_child=1 3 12 8 5 11 19 -8 9 23 -10 -2 13 15 29 16 -3 18 -5 -7 -6 -22 -23 24 28 -25 -24 -9 -1 -15
right_child=4 2 -4 17 20 6 7 27 10 -11 -12 -13 -14 14 -16 -17 -18 -19 -20 -21 21 22 26 25 -26 -27 -28 -29 -30 -31
leaf_value=0.013133705629128162 0.037543666443018937 -0.016026091515784571 -0.03494860107487336 0.068401868469439062 0.06521967368612018 0.060366528841086467 -0.0043828114919108258 0.040602575830320037 -0.024968298252809232 0.028311753637284318 -0.001868810096755728 0.0011995092295350738 -0.033268100182880539 0.00042141129364134318 -0.012368943399314823 -0.024249669298479642 0.012601147643895244 0.014194516040206055 0.018825842739863801 0.016266253492221033 0.01629361592074819 0.065551405050254641 0.015458786976891932 0.0065976343616004941 0.026527012525159828 -0.022793484807201628 0.053042470229547167 0.012517915153520484 -0.0066075591042456458 0.034963114713110317
leaf_weight=20.012214690446854 90.20658840239048 68.533915489912033 91.892191961407661 8.418335974216463 15.528962478041647 7.8908051103353483 46.063823789358139 10.998644500970839 35.220088630914688 24.421059280633926 88.466814458370209 9.8165940493345243 24.875789552927017 7.0496225655078915 67.455469325184822 106.51249910891056 20.371138960123062 20.703462675213814 8.3821684271097165 7.139117106795311 9.7628628611564618 16.028925001621246 9.918331056833269 12.92615696787834 17.683137595653534 20.786593928933144 8.1497062593698484 23.716489911079407 46.903428554534912 11.070363670587538
leaf_count=122 521 446 623 49 87 46 286 64 232 147 555 57 164 43 431 700 128 125 49 42 55 89 56 81 107 133 46 142 298 66
internal_value=0.000146761 -0.0102614 -0.0198811 0.00232847 0.0287621 0.0231448 0.0118364 0.00670429 -0.00120047 0.00507862 -0.00844643 0.0339767 -0.0153544 -0.0137685 -0.00519223 -0.0175241 -0.00946663 0.0273973 0.0436672 0.0394192 0.0472849 0.0409349 0.0479903 0.000282993 0.00498823 -0.0115243 0.0324112 0.0214159 -0.000703612 0.0215246
internal_weight=956.905 701.684 397.761 303.923 255.221 195.832 95.8089 80.779 266.419 142.733 123.687 100.023 305.869 280.993 85.5755 195.418 88.9051 37.504 16.8005 15.0299 59.3888 43.8598 34.097 118.312 84.5988 33.7128 18.068 34.7151 66.9156 18.12
internal_count=5990 4499 2601 1898 1491 1158 580 492 1675 888 787 578 1978 1814 540 1274 574 223 98 88 333 246 191 741 527 214 102 206 420 109
cat_boundaries=0 1 2 3
cat_threshold=1 8 1
is_linear=0
shrinkage=0.03


Tree=5
num_leaves=31
num_cat=4
split_feature=0 5 6 6 5 0 5 4 4 7 0 4 6 0 0 6 3 7 4 2 7 6 2 2 2 6 7 6 7 5
split_gain=274.737 97.9591 38.395 19.9461 15.5335 11.9332 15.0951 11.4017 11.084 10.9565 10.4826 11.2485 11.7863 10.0571 9.3361 9.08409 8.18712 7.63606 8.01978 7.04708 6.62313 6.06159 5.67526 8.94877 5.08298 7.70752 8.00848 5.01836 4.90795 4.16707
threshold=8.1666666666666696 0 5.3500000000000005 6.5500000000000007 1 10.833333333333334 2 16.633333333333336 8.9000000000000021 0.84420803782505927 4.5833333333333348 5.9000000000000012 4.3500000000000005 9.8333333333333339 5.5833333333333348 5.4500000000000011 0.77500000000000013 0.56159114857745007 11.900000000000002 21.500000000000004 0.61394823692895617 5.9500000000000011 14.100000000000001 2.6333333333333337 89.90000000000002 4.9500000000000011 0.52508992805755406 5.5500000000000007 0.35495558672276772 3
decision_type=10 1 2 2 1 10 1 8 10 10 10 10 2 10 10 2 10 10 8 10 10 2 10 10 10 2 10 2 10 1
left_child=1 7 4 5 17 6 -2 10 -7 27 15 12 -12 -5 29 19 21 -3 -19 22 -10 -16 23 -1 25 26 28 -9 -13 -4
right_child=3 2 14 13 -6 8 -8 9 20 -11 11 24 -14 -15 16 -17 -18 18 -20 -21 -22 -23 -24 -25 -26 -27 -28 -29 -30 -31
leaf_value=0.021069361110106492 0.032252079428710084 -0.0066286150570019466 -0.026670445875620057 -0.027275028847543493 -0.033082397579773659 0.072987552894899332 0.013156414680517576 -0.0205738089437764 0.041947855361932011 0.016784563161423797 0.060748289543896508 -0.006015508700453598 0.016065403272303876 0.018571871479014478 0.021042938885128974 -0.025009228258842164 -0.022425332677881007 0.027353574888642217 -0.0078406967346926221 -0.0035932646809205943 0.024744150496165185 -0.01824761573438102 0.027178382668669631 -0.014067534474876655 0.016695611290588053 0.020475421910473645 -0.013762038006080791 0.0048709679731253107 0.022673223679621646 -0.035882626198648571
leaf_weight=13.189583957195284 80.910156577825546 88.857072442770004 119.66486255824566 8.786893770098688 17.338005051016808 7.2138082683086386 69.055166080594063 37.740418389439583 44.644976377487183 11.555220440030096 7.5769448876380947 9.4466347098350543 17.781047388911247 8.4448239952325803 7.7091482877731305 12.455022305250166 56.497400566935539 13.788167789578436 10.092580273747446 72.825962498784065 36.692926943302155 6.5249174684286118 14.349990233778952 12.907362848520277 32.877378985285759 15.960111632943152 28.98574410378933 8.5578577816486341 12.426856055855749 70.069292783737183
leaf_count=79 458 564 803 55 118 40 414 241 247 71 45 58 108 50 49 81 377 84 63 462 207 44 89 82 198 98 181 55 77 488
internal_value=-0.00024267 -0.0099748 -0.0199573 0.0263635 -0.00664658 0.0286154 0.023459 0.00265685 0.0373478 -0.00934826 0.00542633 0.0115763 0.0294166 -0.00480664 -0.0266047 -0.000690718 -0.0173023 -0.002581 0.0124796 0.00198324 0.034187 0.00303209 0.0120239 0.0036909 0.0070386 0.00228703 -0.00342066 -0.0158705 0.0102832 -0.0300725
internal_weight=954.926 699.178 390.541 255.749 130.076 238.517 149.965 308.636 88.5517 57.8535 250.783 125.055 25.358 17.2317 260.466 125.728 70.7315 112.738 23.8807 113.273 81.3379 14.2341 40.4469 26.0969 99.6967 66.8193 50.8592 46.2983 21.8735 189.734
internal_count=5986 4515 2590 1471 829 1366 872 1925 494 367 1558 765 153 105 1761 793 470 711 147 712 454 93 250 161 612 414 316 296 135 1291
cat_boundaries=0 1 2 3 4
cat_threshold=1 8 1 8
is_linear=0
shrinkage=0.03


Tree=6
num_leaves=31
num_cat=0
split_feature=0 6 6 1 4 6 7 0 6 1 2 1 3 4 1 1 2 1 2 1 6 7 4 0 0 2 4 4 1 7
split_gain=252.644 88.0565 21.5486 17.1366 19.3612 15.0669 16.9457 12.7401 11.7163 10.3616 13.0826 10.9949 8.56978 8.40275 9.90749 9.54382 20.0097 13.7122 7.95843 9.69115 7.8978 6.18786 6.09108 6.04393 5.68343 5.62117 5.39616 9.65827 5.36068 6.03211
threshold=8.1666666666666696 5.2500000000000009 5.6500000000000012 7.4500000000000011 17.900000000000002 6.0500000000000007 0.45997355304648563 5.416666666666667 3.9500000000000006 6.366666666666668 67.300000000000026 12.450000000000001 0.29166666666666669 8.4500000000000011 5.2250000000000005 3.5500000000000003 54.100000000000009 5.1000000000000005 36.100000000000009 2.1000000000000005 4.8500000000000005 0.78736702127659586 10.675000000000002 5.8333333333333348 11.16666666666667 89.90000000000002 4.9000000000000012 7.1000000000000005 9.1000000000000014 0.7626059322033899
decision_type=10 2 2 10 10 2 10 8 2 10 10 10 10 10 10 10 10 10 10 10 2 10 8 10 10 10 8 10 10 10
left_child=1 3 8 4 13 6 -3 12 -2 -10 22 28 -8 15 -15 18 26 -18 19 -1 -16 -14 -11 -22 -4 -13 -17 -28 -12 -30
right_child=2 5 24 -5 -6 -7 7 -9 9 10 11 25 21 14 20 16 17 -19 -20 -21 23 -23 -24 -25 -26 -27 27 -29 29 -31
leaf_value=-0.003078558916213794 0.060087461940566689 -0.025337223124065753 0.0001376131283394334 0.018632281217450891 -0.028986478788854877 -0.02750131682261393 0.0079006213247010092 0.0066457803821394325 -0.001787536616846428 0.067942361635771081 0.015754459999693427 0.024225939235499448 -0.029483237876162458 -0.016975592784931763 -0.0074775705090214086 0.04592173122322548 -0.020017509848605661 0.015344530315739627 -0.017354821015418846 0.017914242129583643 0.035977052166111814 -0.0025282037632096679 0.035780637555774202 0.0036724504280229425 0.024152401399552215 0.055116139756343045 0.0047843381059973549 0.04891186366656506 0.022079913329696225 0.038478593915800351
leaf_weight=79.677311256527901 10.238363072276114 73.874050870537758 34.734197199344635 40.500708848237991 22.379808217287064 165.60025705397129 10.628825381398199 40.098005741834641 10.525741651654242 10.047130405902861 56.852741658687592 7.9235774129629162 29.298141852021217 48.083862096071243 34.915941998362541 12.073028758168219 19.234127327799797 20.269274368882179 22.933175519108772 26.332208782434464 8.13091889023781 10.380547016859053 11.216304302215578 14.521179586648939 11.910876274108885 16.023690789937973 12.609841451048856 6.9102781414985648 61.210433959960938 30.12298296391964
leaf_count=506 56 497 212 238 146 1147 68 252 60 55 330 42 198 316 218 70 124 123 150 160 50 67 63 90 68 84 76 42 342 168
internal_value=-0.000448032 -0.00985607 0.0247471 0.000221385 -0.00205146 -0.0211155 -0.0146784 -0.00596857 0.0287716 0.0271993 0.0287769 0.0260345 -0.0160229 -7.95335e-05 -0.00692353 0.00353516 0.0123598 -0.00187318 -0.0013306 0.00213594 0.00147249 -0.0224314 0.0509773 0.0152681 0.00626982 0.0448953 0.0301565 0.0204058 0.0229866 0.0274884
internal_weight=959.258 698.451 260.806 368.572 328.071 329.88 164.28 90.4055 214.161 203.923 193.397 172.133 50.3075 305.691 105.652 200.039 71.0966 39.5034 128.943 106.01 57.568 39.6787 21.2634 22.6521 46.6451 23.9473 31.5931 19.5201 148.186 91.3334
internal_count=6018 4538 1480 2309 2071 2229 1082 585 1200 1144 1084 966 333 1925 674 1251 435 247 816 666 358 265 118 140 280 126 188 118 840 510
is_linear=0
shrinkage=0.03


Tree=7
num_leaves=31
num_cat=4
split_feature=0 6 5 6 1 4 1 5 1 2 1 1 2 3 2 4 2 5 6 5 1 0 4 4 1 6 1 6 2 6
split_gain=246.227 92.77 24.463 18.5348 18.168 20.3025 14.2148 13.2503 10.7189 9.97706 9.93132 8.53992 14.9766 12.6515 12.9193 8.35914 8.10967 8.07746 7.92515 7.59802 10.4097 7.49251 8.8545 6.97707 6.83801 6.18877 6.10065 5.91161 5.30536 5.20616
threshold=8.1666666666666696 5.4500000000000011 0 5.8500000000000005 7.4500000000000011 17.366666666666671 11.266666666666667 1 7.5500000000000007 67.300000000000026 6.366666666666668 4.7750000000000012 64.100000000000009 0.63333333333333341 89.90000000000002 12.775000000000002 73.675000000000011 2 5.9500000000000011 3 9.3666666666666689 3.8333333333333335 4.9000000000000012 10.225000000000001 10.708333333333334 4.8500000000000005 3.4500000000000006 5.0500000000000007 71.90000000000002 5.3500000000000005
decision_type=10 2 1 2 10 10 10 1 8 10 10 10 10 10 10 10 10 1 2 1 10 10 10 10 10 2 8 2 10 2
left_child=1 2 -1 6 5 11 9 8 -3 10 -2 12 21 23 16 -6 28 18 -9 24 -21 25 -23 -13 -11 -4 -27 -8 -15 -29
right_child=3 7 4 -5 15 -7 27 17 -10 19 -12 13 -14 14 -16 -17 -18 -19 -20 20 -22 22 -24 -25 -26 26 -28 29 -30 -31
leaf_value=-0.033147154263797524 0.015913485158437924 -0.013958673152096337 0.0021299802681141395 0.0055655641463478256 0.034104398338045135 -0.025929383810283944 0.032644232270209107 -0.012393041215725155 0.027190311769087754 0.029034260151808492 0.051383867222812414 0.029988123187130681 -0.023947047597794067 -0.0061427631404094548 0.018270860979498465 0.0079109117567864057 -0.016363187239029634 -0.034187477090182765 -0.02644994654031892 -0.0015406324499818314 0.024283172734884475 0.026918466523901056 9.9539152321664041e-05 0.0018808139342273756 0.0026794787335975949 -0.016480660630759199 0.0071350373864223684 0.067533439572811979 0.022344333710838521 0.039287249137614923
leaf_weight=19.594111368060112 10.895235404372217 32.437213838100433 78.888217136263847 39.14832778275013 19.284548550844193 27.319731488823891 30.830071479082108 53.028998747467995 6.9112559258937827 75.764059036970139 20.417471587657928 26.716181755065918 26.173852920532227 13.38981667160988 26.26428958773613 25.417827174067497 34.514019623398781 68.777196377515793 113.05119363963604 27.26629750430584 28.981556981801987 18.3702232837677 27.917311742901802 11.314548745751379 10.033830329775808 42.231201514601707 12.837815552949904 11.109769716858866 10.496115267276762 12.458343937993048
leaf_count=138 61 211 498 235 109 180 162 356 42 416 111 156 178 84 162 152 221 499 791 166 165 108 175 69 56 274 82 58 65 66
internal_value=0.000141636 -0.0092652 -0.000416293 0.024634 0.0011825 -0.00107853 0.0279117 -0.0228426 -0.00673117 0.0237133 0.039042 0.000984341 -0.00274141 0.00725245 0.000795968 0.0192107 -0.00706304 -0.0255419 -0.0219616 0.0203343 0.011765 0.000337916 0.0107432 0.0216259 0.0259521 -0.00325753 -0.0109753 0.0412911 0.00637523 0.0526022
internal_weight=961.841 694.936 420.73 266.905 401.136 356.433 227.757 274.206 39.3485 173.358 31.3127 329.114 206.419 122.695 84.6642 44.7024 58.4 234.857 166.08 142.046 56.2479 180.245 46.2875 38.0307 85.7979 133.957 55.069 54.3982 23.8859 23.5681
internal_count=6046 4550 2651 1496 2513 2252 1261 1899 253 975 172 2072 1315 757 532 261 370 1646 1147 803 331 1137 283 225 472 854 356 286 149 124
cat_boundaries=0 1 2 3 4
cat_threshold=2 1 8 1
is_linear=0
shrinkage=0.03


Tree=8
num_leaves=31
num_cat=2
split_feature=0 5 5 6 6 7 4 0 0 6 0 7 6 2 6 0 7 4 4 2 0 4 7 2 6 4 6 7 4 4
split_gain=261.646 82.4914 27.0516 24.0242 18.4937 15.2335 12.8617 12.277 11.5222 8.4366 8.35978 8.00803 7.99728 9.71304 7.94115 7.70771 7.23989 6.85088 6.43251 5.93787 7.00709 5.72664 7.67228 5.56005 5.48141 6.31885 5.45859 5.41413 4.38314 6.85143
threshold=8.1666666666666696 0 1 5.9500000000000011 5.6500000000000012 0.42254710273729118 12.775000000000002 4.416666666666667 5.166666666666667 4.3500000000000005 13.16666666666667 0.91901828298887134 4.3500000000000005 87.90000000000002 4.5500000000000007 5.8333333333333348 0.51639784946236567 10.675000000000002 18.100000000000005 31.633333333333336 3.1666666666666674 21.100000000000005 0.84764185703758299 87.500000000000014 4.8500000000000005 16.900000000000002 5.4500000000000011 0.66550116550116567 22.225000000000005 16.775000000000002
decision_type=10 1 1 2 2 10 10 10 10 2 10 10 2 10 2 10 10 10 10 10 10 10 10 8 2 10 2 10 10 10
left_child=1 6 3 5 10 26 7 19 -8 15 12 24 13 -2 16 -9 -11 -15 -7 20 -1 22 -6 -12 25 -10 -3 -16 29 -14
right_child=4 2 -4 -5 21 18 8 9 11 14 23 -13 28 17 27 -17 -18 -19 -20 -21 -22 -23 -24 -25 -26 -27 -28 -29 -30 -31
leaf_value=0.0026074761834898753 0.060733539133995755 -0.012967011445992849 -0.033695023303785425 -0.02561728619981838 0.0036682580390524039 0.0028453948278310708 -0.021824398899125592 0.0066964129685612144 -0.0012981560691836345 0.016437515698435396 0.027713274468221041 0.029111366277226807 0.02703949622969086 0.0046701305986686483 0.0072157795749542095 0.044940554375111331 -0.01144090218928732 0.042561328436972509 -0.027918680159109626 -0.0072500165493216461 0.034309723666557136 -0.0057626525233335241 0.034398571474071382 0.057479824209751208 0.0066008066103550702 -0.029519884979907596 -0.0312529536641711 0.030890632493808721 0.039395571556313833 0.012887436459634681
leaf_weight=59.868265360593796 13.071867629885675 76.787884891033173 85.93560691177845 111.54117155075073 18.0075957775116 85.703919142484665 32.24686786532402 7.3867935538291958 18.127400472760204 13.716011255979536 9.2267591357231158 7.6012632250785819 103.58335314691067 7.4196764230728176 16.635157108306885 13.250738039612768 21.565245613455772 10.195802345871924 6.5870909839868537 56.967313334345818 7.0094646215438834 16.625552028417587 12.310662165284155 14.55901826918125 25.088707223534584 11.780505001544951 18.16854327917099 18.210188582539558 15.935283347964285 43.809853851795197
leaf_count=376 69 495 634 794 109 544 217 45 112 82 48 46 568 40 102 76 132 55 43 366 41 99 71 73 156 76 128 108 87 246
internal_value=9.08281e-05 -0.00958672 -0.0188617 -0.0145954 0.0254659 -0.00802986 0.00194428 0.00601016 -0.00725576 0.0143917 0.029147 0.00024917 0.0270891 0.0411407 0.00942996 0.0312518 -0.000602833 0.0266015 0.000649669 -0.000132554 0.00593019 0.00838701 0.0161462 0.0459331 -0.00373997 -0.0124145 -0.0164658 0.0195883 0.024449 0.0228331
internal_weight=958.924 694.178 384.724 298.789 264.745 187.247 309.454 214.609 94.8447 90.7641 217.802 62.5979 194.016 30.6873 70.1266 20.6375 35.2813 17.6155 92.291 123.845 66.8777 46.9438 30.3183 23.7858 54.9966 29.9079 94.9564 34.8453 163.328 147.393
internal_count=6038 4573 2638 2004 1465 1210 1935 1328 607 545 1186 390 1065 164 424 121 214 95 587 783 417 279 180 121 344 188 623 210 901 814
cat_boundaries=0 1 2
cat_threshold=1 8
is_linear=0
shrinkage=0.03


Tree=9
num_leaves=31
num_cat=3
split_feature=0 6 1 4 4 5 5 1 2 0 1 1 1 5 6 6 2 0 1 1 4 2 4 4 4 4 2 3 1 4
split_gain=205.122 77.9167 21.6533 15.7045 14.5263 13.2709 13.1172 14.5285 11.5381 10.4685 9.53998 7.65693 7.30313 7.1724 7.35311 7.04964 6.96423 7.61372 6.79375 6.54181 6.61768 6.13208 5.51877 5.4637 5.1149 4.89621 5.6719 5.4684 7.81535 4.8458
threshold=8.1666666666666696 5.4500000000000011 5.9000000000000012 6.7750000000000012 12.900000000000002 0 1 9.7083333333333339 64.500000000000014 4.5833333333333348 8.6333333333333346 7.5500000000000007 11.266666666666667 2 5.9500000000000011 4.8500000000000005 31.633333333333336 2.1666666666666674 6.5500000000000007 7.4500000000000011 8.9000000000000021 87.90000000000002 4.9000000000000012 10.900000000000002 15.775000000000002 17.900000000000002 89.90000000000002 0.63333333333333341 3.4500000000000006 2.4500000000000006
decision_type=10 2 10 10 10 1 1 10 10 10 8 8 10 1 2 2 8 10 10 10 10 10 8 10 10 10 10 10 10 8
left_child=1 2 3 9 19 11 12 8 18 15 -6 -3 21 14 -7 16 17 29 -8 -4 -21 23 -11 -2 -9 26 27 28 -5 -1
right_child=6 5 4 25 10 13 7 24 -10 22 -12 -13 -14 -15 -16 -17 -18 -19 -20 20 -22 -23 -24 -25 -26 -27 -28 -29 -30 -31
leaf_value=0.0077916860247865391 0.045668247818359098 -0.012432337936904105 0.012377637597815122 -0.020101209405667165 -0.0055997924780028813 -0.012653632198642569 0.0026970732749015047 0.038473615948853186 -0.0013654530954375025 0.026662585500170605 0.032011132076656963 0.022392958530227849 0.045571969840980449 -0.033680063797362089 -0.026415133608590463 -0.012284112150166135 -0.0089644967608333032 0.028087926363816601 0.03951946473361994 0.010014929553298389 0.045733340741401084 0.019633411485691296 0.0010554778718342157 0.023588583791792919 0.020217071844771017 -0.031530673739274186 0.010047728293279627 -0.022829025820296871 0.0011261644523403345 -0.01866673156091234
leaf_weight=27.038079872727398 20.174717232584953 31.7388656437397 44.315135896205902 28.747927442193031 55.33901384472847 52.671590089797974 7.2083050310611751 18.25857050716877 53.262701138854027 17.882416516542435 6.8173574507236472 6.9211477041244498 19.402280554175377 64.372352033853531 103.83102706074715 51.007020398974419 31.760579258203506 13.662926390767096 12.044513523578642 7.2737009674310711 13.033301055431364 62.651724591851234 13.14094051718712 20.171658769249916 56.707416102290154 12.873733341693876 9.6049519926309568 39.391525611281395 34.156442910432816 8.0951019823551125
leaf_count=167 105 208 261 192 345 359 41 96 322 103 40 41 99 489 752 335 203 84 64 40 72 339 81 106 304 91 64 269 214 52
internal_value=-0.000671312 -0.00952461 -0.00144788 -0.00600424 0.00887976 -0.0224126 0.0214281 0.0154029 0.00582918 0.000139582 -0.0014746 -0.0061977 0.0286881 -0.0252508 -0.0217836 -0.00355696 0.00196891 0.00908528 0.0257331 0.018839 0.0329395 0.0255076 0.0158159 0.0346293 0.0246636 -0.0140099 -0.0119942 -0.0140638 -0.00857496 0.00169535
internal_weight=943.557 673.675 414.14 287.362 126.779 259.535 269.882 147.482 72.5155 162.587 62.1564 38.66 122.4 220.875 156.503 131.564 80.5567 48.7961 19.2528 64.6221 20.307 102.998 31.0234 40.3464 74.966 124.775 111.901 102.296 62.9044 35.1332
internal_count=5938 4462 2613 1855 758 1849 1476 827 427 1025 385 249 649 1600 1111 841 506 303 105 373 112 550 184 211 400 830 739 675 406 219
cat_boundaries=0 1 2 3
cat_threshold=1 1 8
is_linear=0
shrinkage=0.03


Tree=10
num_leaves=31
num_cat=3
split_feature=0 5 5 1 1 5 2 1 1 1 7 4 4 1 2 2 0 7 0 3 7 7 4 0 4 4 7 1 0 1
split_gain=215.904 75.9381 31.2969 21.9846 16.941 17.5663 8.65066 17.4283 10.3924 8.26949 7.68114 7.95131 7.17769 11.9142 13.3443 12.1668 10.3806 7.11886 9.84097 6.67807 6.66816 6.0702 5.81627 5.76752 5.26975 5.6775 5.23489 4.84876 4.75894 4.67006
threshold=8.1666666666666696 0 1 7.366666666666668 11.266666666666667 2 66.90000000000002 4.2250000000000005 4.7750000000000012 9.7083333333333339 0.83216577671091962 5.9000000000000012 17.900000000000002 5.2250000000000005 39.63333333333334 61.100000000000009 3.5833333333333335 0.78736702127659586 5.166666666666667 0.63333333333333341 0.29595918367346946 0.82416216216216232 12.775000000000002 4.166666666666667 19.900000000000002 14.550000000000002 0.77066256830601099 10.708333333333334 1.0000000180025095e-35 10.225000000000001
decision_type=10 1 1 10 10 1 10 10 10 10 10 8 10 10 8 10 10 10 10 10 10 10 10 10 8 10 10 10 10 10
left_child=1 3 12 6 5 27 7 10 -8 19 11 23 13 14 16 -15 28 -10 -19 -7 -18 -20 26 -1 25 -11 -5 29 -3 -2
right_child=4 2 -4 22 -6 9 8 -9 17 24 -12 -13 -14 15 -16 -17 20 18 21 -21 -22 -23 -24 -25 -26 -27 -28 -29 -30 -31
leaf_value=-0.0012633231229959413 0.026588860507803513 0.0045804416635043957 -0.034715895278675468 0.050224870222950496 0.035764224608259149 0.019567476100044112 -0.02447600912216847 0.024440336045501047 -0.0094252154311596243 0.010023726840853267 0.029760749008652391 -0.014506308696676126 -0.026234807274959311 0.017334598856598889 -0.024412286621847627 -0.0092720830144453724 -0.01287617837332377 0.038263307632343008 0.023846095414166955 -0.0016957116182014082 0.02229712178390016 -0.0089684706403962925 0.012127062209089613 0.021985841070925286 0.004404627942742002 0.042181009259463345 0.017790176502323875 0.0064670281077881019 -0.017917611764352605 0.049650763915502917
leaf_weight=63.651128038764 87.844440460205078 10.183590576052664 82.719160854816437 9.6220970600843447 63.470386862754822 17.674045845866203 25.486467570066452 28.578245908021927 55.127224534749985 7.7604564726352718 6.6316189318895331 38.657243296504021 36.685712084174156 20.498220190405846 91.416901469230652 63.034334406256676 7.4010918289423016 7.5383306592702857 6.8205328732728985 53.63341136276722 14.078164756298063 19.808055102825165 21.970792636275291 11.309527575969694 10.334837868809702 13.602169156074522 8.3778138756751996 9.7521800249814969 50.047800660133362 8.6839128881692869
leaf_count=398 462 69 637 51 321 96 179 167 356 41 40 253 264 123 646 421 48 48 42 323 90 122 129 64 58 75 46 53 344 46
internal_value=-0.000359625 -0.00940837 -0.0184182 0.0017527 0.0221877 0.0180704 -0.00139096 0.00338168 -0.0075793 0.00924182 -0.00162308 -0.00345488 -0.0138224 -0.0120483 -0.016538 -0.00274302 -0.00772833 -0.00275661 0.00800296 0.00357452 0.0101775 -0.000563488 0.0224853 0.00224434 0.0219911 0.0304991 0.0351286 0.0266268 -0.0141138 0.0286636
internal_weight=952.4 679.644 376.065 303.579 272.756 209.285 263.608 148.828 114.781 103.005 120.25 113.618 293.346 256.66 173.128 83.5326 81.7106 89.2941 34.1669 71.3075 21.4793 26.6286 39.9707 74.9607 31.6975 21.3626 17.9999 106.281 60.2314 96.5284
internal_count=6012 4537 2642 1895 1475 1154 1669 922 747 593 755 715 2005 1741 1197 544 551 568 212 419 138 164 226 462 174 116 97 561 413 508
cat_boundaries=0 1 2 3
cat_threshold=1 8 1
is_linear=0
shrinkage=0.03


Tree=11
num_leaves=31
num_cat=2
split_feature=1 6 6 5 4 6 2 1 7 1 3 1 2 7 4 2 7 1 5 6 4 1 4 4 7 6 1 1 3 2
split_gain=174.334 69.6025 24.4216 18.3093 13.734 11.8594 11.1316 18.3859 10.462 8.44391 12.3738 8.41489 10.0703 8.93871 8.66154 7.79273 7.50548 7.42667 7.17094 6.93883 6.4417 8.9075 9.25473 7.06482 6.0091 8.50854 6.30426 5.58141 5.46991 5.37597
threshold=6.9000000000000012 5.2500000000000009 5.6500000000000012 0 17.100000000000005 6.0500000000000007 61.900000000000006 8.5500000000000025 0.55592347314201629 5.9000000000000012 0.63333333333333341 3.5500000000000003 36.100000000000009 0.35495558672276772 5.5500000000000007 74.63333333333334 0.53073822121441183 11.266666666666667 1 4.5500000000000007 16.450000000000003 9.2250000000000014 22.225000000000005 24.775000000000002 0.58596059113300503 4.8500000000000005 1.6333333333333335 4.5500000000000007 0.90000000000000013 89.90000000000002
decision_type=10 2 2 1 10 2 10 10 10 10 10 10 10 8 10 10 10 10 1 2 10 10 10 8 8 2 10 10 10 10
left_child=1 4 6 -3 9 8 -2 18 -5 10 11 12 13 19 27 16 -11 -4 28 -1 -9 -22 -23 -24 25 26 -15 -13 -8 -12
right_child=2 3 17 5 -6 -7 7 20 -10 15 29 14 -14 24 -16 -17 -18 -19 -20 -21 21 22 23 -25 -26 -27 -28 -29 -30 -31
leaf_value=0.0019598215145324193 0.042853463542274886 -0.034768724303932054 -0.0049553041125836089 -0.018358295858191473 -0.023942687977034631 -0.024633773670611443 0.011701386944609976 0.029152184936878416 -0.00020355604837493101 0.0074643212476465503 -0.019012593359415148 0.013335923992409663 -0.018540039343783211 0.016133549252475024 0.0033923624606125389 -0.00076229046824231959 0.038812179561560384 0.022579414582345893 0.013151251220858607 -0.020415524624576381 -0.0020734011141440773 0.015517350109667934 0.06023172854021587 0.021455891417419645 -0.0020845840476792499 -0.0016765476937844667 0.04926760354372068 0.045884285680463502 -0.015370621630805655 0.0038708949332759762
leaf_weight=32.542207404971123 17.892360270023346 69.126448825001717 54.220088258385658 66.271190658211708 21.661701083183289 99.543771892786026 10.828744232654573 98.039815425872803 50.213648825883865 14.10469599068165 42.908203154802322 10.332543760538103 26.501276433467865 12.29960757493973 36.981990113854408 23.572489142417908 13.408634126186369 10.527883365750311 60.599550634622574 20.226363003253937 16.381365641951561 43.276678070425987 8.8342861980199796 8.1118599474430102 20.209500327706337 11.854881003499029 8.9132333248853666 8.7630021125078184 17.690675050020218 11.775257483124731
leaf_count=202 92 549 343 459 151 737 65 512 324 79 295 59 179 77 225 146 74 56 339 136 95 226 44 41 125 77 53 48 112 78
internal_value=-0.000816573 -0.0105839 0.0161354 -0.0213302 -0.000888174 -0.0170301 0.0199545 0.0184012 -0.0105322 0.000808192 -0.0015199 0.00212279 -0.00199871 0.00213503 0.0118645 0.0118963 0.0227417 -0.000478217 0.00731331 -0.00661672 0.0240592 0.0175412 0.0228766 0.0416703 0.0108032 0.0186797 0.0300559 0.0282725 -0.00509146 -0.014085
internal_weight=947.614 601.211 346.403 285.155 316.056 216.029 281.655 263.763 116.485 294.394 243.308 188.625 132.547 106.046 56.0775 51.0858 27.5133 64.748 89.119 52.7686 174.644 76.6042 60.2228 16.9461 53.2772 33.0677 21.2128 19.0955 28.5194 54.6835
internal_count=5998 4073 1925 2069 2004 1520 1526 1434 783 1853 1554 1181 849 670 332 299 153 399 516 338 918 406 311 85 332 207 130 107 177 373
cat_boundaries=0 1 2
cat_threshold=2 8
is_linear=0
shrinkage=0.03


Tree=12
num_leaves=31
num_cat=3
split_feature=1 6 6 4 1 2 5 5 1 1 4 5 7 2 6 7 1 4 6 3 2 4 4 1 2 1 4 7 6 2
split_gain=168.423 56.8849 32.7819 21.8502 17.1453 25.9641 15.8325 14.2857 12.2823 11.7816 13.0891 11.2576 10.5322 9.39994 8.96806 7.63085 7.6252 9.83332 7.49294 7.14923 7.07887 6.47368 6.42395 5.7433 6.2762 5.48466 4.58651 4.81845 4.55321 5.90292
threshold=6.2250000000000005 5.4500000000000011 5.5500000000000007 12.775000000000002 9.2250000000000014 62.225000000000009 0 1 8.1000000000000014 4.2250000000000005 4.9000000000000012 2 0.4938942665673865 54.100000000000009 6.3500000000000005 0.84420803782505927 2.2916666666666674 0.63333333333333341 4.3500000000000005 0.90000000000000013 37.70000000000001 16.775000000000002 22.450000000000003 8.5500000000000025 88.550000000000011 11.266666666666667 8.9000000000000021 0.52230514096185743 4.9500000000000011 50.300000000000004
decision_type=10 2 2 10 10 10 1 1 10 10 10 1 8 10 2 8 10 8 2 10 10 10 10 10 10 10 8 10 2 10
left_child=1 3 4 7 5 26 21 -1 -4 13 -11 -3 -13 16 15 -14 17 -9 -12 -8 -18 23 -23 -7 -25 -10 -2 -28 29 -20
right_child=2 11 8 -5 -6 6 19 9 25 10 18 12 14 -15 -16 -17 20 -19 28 -21 -22 22 -24 24 -26 -27 27 -29 -30 -31
leaf_value=-0.032703878049117993 0.056492350485210466 -0.033980778962668358 -0.013858993964946019 -0.020205071004541691 0.027458043513378407 0.01471380800678997 0.009555781925439804 0.011839522392275592 0.0031835716953314847 0.037032021266918305 0.033406848813381407 -0.029440214908809558 -0.0086107672557717615 -0.022163264871029861 -0.021616193873716539 0.024816648375957436 0.017859222304092617 -0.010525158379531198 0.015983416475337957 -0.0138237831446363 -0.0035055448609122388 -0.006124524052514374 0.027534543322861572 0.053962102131840134 0.020137006665804705 0.027135679621515998 0.015974476953963489 0.047816315795914117 0.013653242307061515 -0.010938155924075595
leaf_weight=11.009533166885376 10.147284477949141 59.2134899944067 39.6418292298913 53.97156198322773 131.88394983112812 66.036771267652512 18.774406313896179 23.51649497449398 38.384893789887428 14.895433679223059 7.8610072880983344 52.723497241735458 41.784464970231056 18.980521872639656 51.586140915751457 7.2062393128871909 33.180106818675995 71.458587482571602 9.9141262620687467 31.558169439435005 24.092229336500168 20.376048445701603 6.8083214759826651 7.8435836434364328 13.322602912783623 11.089924722909926 9.0348514616489464 8.1222628057003003 20.374530985951424 28.122971281409264
leaf_count=85 52 484 274 379 670 369 111 143 230 83 45 394 285 132 391 45 199 469 58 197 157 120 40 39 69 58 48 42 125 177
internal_value=0.00033518 -0.0108587 0.0146964 -0.00281543 0.0191296 0.0134095 0.00891821 0.000747695 -0.00141682 0.00220685 0.0116209 -0.0228708 -0.0185795 -0.00225573 -0.0128862 -0.00369379 0.000226116 -0.00498751 0.0059095 -0.00510304 0.0088719 0.0150878 0.00230538 0.0190726 0.0326716 0.00855251 0.0405044 0.0310486 0.00220892 -0.00392122
internal_weight=942.916 529.891 413.025 317.377 323.908 192.024 164.72 263.406 89.1166 252.396 81.1681 212.514 153.3 171.228 100.577 48.9907 152.247 94.9751 66.2726 50.3326 57.2723 114.387 27.1844 87.203 21.1662 49.4748 27.3044 17.1571 58.4116 38.0371
internal_count=5970 3651 2319 2052 1757 1087 945 1673 562 1588 488 1599 1115 1100 721 330 968 612 405 308 356 637 160 477 108 288 142 90 360 235
cat_boundaries=0 1 2 3
cat_threshold=1 2 2
is_linear=0
shrinkage=0.03


Tree=13
num_leaves=31
num_cat=4
split_feature=1 6 5 6 1 3 6 7 2 1 5 7 6 1 2 2 5 6 2 2 1 7 0 5 1 3 2 7 7 7
split_gain=158.937 77.4454 27.7645 13.9113 13.0115 15.6381 11.9181 15.57 10.219 9.74783 8.56235 7.14114 8.06847 6.97146 11.7207 6.96559 6.95107 11.9018 9.10367 8.58145 8.45721 7.61221 8.48901 6.53097 5.64926 5.02045 8.24974 5.68734 5.44134 6.50029
threshold=7.6333333333333337 5.5500000000000007 0 5.6500000000000012 5.2250000000000005 0.63333333333333341 4.9500000000000011 0.63397457918241173 51.900000000000006 12.450000000000001 1 0.42907444668008049 6.3500000000000005 3.5500000000000003 36.100000000000009 53.70000000000001 2 5.0500000000000007 72.100000000000009 89.90000000000002 6.5500000000000007 0.42907444668008049 5.416666666666667 3 4.6333333333333337 0.90000000000000013 83.90000000000002 0.75446570972886773 0.71695402298850586 0.45725359911406427
decision_type=10 2 1 2 10 10 2 8 10 10 1 10 2 10 8 10 1 2 10 10 10 10 10 1 10 10 10 10 10 10
left_child=1 2 -1 9 5 6 13 -8 -6 25 -3 -12 -13 14 -4 -15 21 18 20 -20 -18 -10 -23 -5 -7 27 -27 -2 29 -28
right_child=3 10 4 23 8 24 7 -9 16 -11 11 12 -14 15 -16 -17 17 -19 19 -21 -22 22 -24 -25 -26 26 28 -29 -30 -31
leaf_value=-0.032576844683269088 0.032924591517691476 -0.03314304081428323 0.0071472910248471504 0.02351928689807762 0.030407743700763566 -0.026112818386807707 -0.016276593781658875 0.020944076932678447 -0.02022078558291315 0.039045218874307404 -0.031262561309020165 -0.0075367769384093375 -0.022728530003057242 0.025376704680592777 -0.016369854899275428 -0.0019748903436275717 0.0076142262726509764 0.03200158737543677 -0.014398727616329828 0.00944389075087472 0.045405987375666278 0.034980546837251346 -0.003557392794860613 -0.0015746907384121247 -0.0054035850432590559 -0.0093317855053424818 0.023670003215295825 0.0076466229297486761 0.025414029556823509 0.0070948925538159438
leaf_weight=23.319500058889389 40.573208019137383 52.780407391488552 78.822692081332207 12.325119033455849 16.177567392587662 30.798566877841949 57.123358681797981 12.291383996605871 17.022087678313255 26.263682499527931 34.856569021940231 56.904231280088425 70.379467740654945 25.6869186013937 25.162048056721687 12.437214612960814 15.916113972663881 17.827843382954597 25.98352712392807 28.474905878305435 8.012160509824751 6.5874025523662594 23.48148837685585 38.466318234801292 19.274251088500023 9.9685085117816907 36.359427347779274 9.981324374675749 65.012196868658066 51.393080934882164
leaf_count=187 209 441 487 67 87 226 384 77 106 124 265 393 538 148 170 75 89 104 165 174 42 41 144 232 132 56 190 53 341 275
internal_value=0.000281332 -0.00786301 -0.000712725 0.0187758 0.00105192 -0.00306569 0.000503087 -0.00968587 0.00780593 0.0217995 -0.0226479 -0.0192315 -0.0159368 0.00548 0.00145665 0.0164538 0.00525444 0.00987681 0.00484487 -0.00193204 0.0202684 -0.0041898 0.00488538 0.00451465 -0.0181413 0.0196759 0.0171105 0.0279338 0.018836 0.0139626
internal_weight=949.663 659.32 444.399 290.343 421.08 261.596 211.524 69.4147 159.483 239.551 214.921 162.14 127.284 142.109 103.985 38.1241 143.306 96.2146 78.3867 54.4584 23.9283 47.091 30.0689 50.7914 50.0728 213.288 162.733 50.5545 152.765 87.7525
internal_count=6022 4475 2838 1547 2651 1699 1341 461 952 1248 1637 1196 931 880 657 223 865 574 470 339 131 291 185 299 358 1124 862 262 806 465
cat_boundaries=0 1 2 3 4
cat_threshold=2 2 8 1
is_linear=0
shrinkage=0.03


Tree=14
num_leaves=31
num_cat=3
split_feature=1 6 1 5 5 2 3 7 1 2 2 7 2 5 7 6 6 1 1 6 4 1 6 1 4 4 1 2 6 4
split_gain=143.47 50.7523 26.7893 21.7606 17.6882 18.589 16.7564 13.1329 9.90698 10.0392 9.57809 8.99264 7.65177 7.13177 7.50851 9.42636 6.8913 6.50165 5.78564 6.89642 5.37477 6.36878 5.26166 5.24803 6.47622 12.8669 5.41885 4.65313 4.22649 4.0809
threshold=6.1000000000000005 5.5500000000000007 8.6333333333333346 0 1 64.500000000000014 0.63333333333333341 0.81625150060024021 1.9000000000000001 18.500000000000004 62.70000000000001 0.59728795049144534 2.6333333333333337 2 0.84420803782505927 7.0500000000000007 5.6500000000000012 4.6333333333333337 5.366666666666668 4.9500000000000011 4.9000000000000012 3.7750000000000004 4.5500000000000007 7.366666666666668 12.775000000000002 8.4500000000000011 6.366666666666668 54.100000000000009 5.2500000000000009 6.366666666666668
decision_type=10 2 10 1 1 10 10 10 10 10 10 10 8 1 10 2 2 10 10 2 10 10 2 10 10 10 10 10 2 10
left_child=1 3 4 -1 10 11 7 8 12 -10 -2 -6 22 -3 -15 -16 -4 -8 19 20 21 -11 -5 26 25 -25 -12 29 -26 -22
right_child=2 13 16 6 5 -7 17 -9 9 18 23 -13 -14 14 15 -17 -18 -19 -20 -21 27 -23 -24 24 28 -27 -28 -29 -30 -31
leaf_value=-0.032372872892963124 0.041742272637044275 -0.03405398311458447 0.022291729643111664 0.022944831538246592 0.0050698559389098846 -0.010889909381101796 -0.025344662175232478 0.03443464756556909 0.036236908417454666 0.0067037754226200053 0.024902331041603745 0.041379761724397175 -0.01235368009294498 -0.023003727392100479 0.029185545372154852 -0.022370317677083501 0.0078566341849223668 -0.0076885364978546474 0.018592865383072726 -0.0095087341963670455 -0.010912994127863269 0.037199447882712372 -0.010753296999836964 -0.0015713868983121253 0.00078313013592228064 0.044095982745509764 -0.00056614454637845732 -0.018869554441949477 0.026634570913260189 0.012394097138052977
leaf_weight=23.202787294983864 9.6697890460491163 48.610833205282688 178.22347028553486 10.755595028400423 17.352547079324726 80.95000246912241 28.941921710968018 10.627309396862982 8.8281752169132215 20.065382674336437 9.0853884220123273 9.4992628246545774 67.331953182816505 111.831946618855 5.8801023811101896 6.9812177717685699 35.732558131217957 53.409721553325653 18.665140703320503 39.426314190030098 9.9853320121765154 8.8959818780422193 6.8108965009450904 8.442644730210306 21.576932653784755 16.22144028544426 43.602368384599686 9.7828658223152143 7.7312995791435233 20.939670085906982
leaf_count=191 48 417 900 63 96 546 216 61 52 121 56 50 447 849 39 55 202 355 105 262 61 47 44 44 119 83 259 63 43 130
internal_value=-0.000309201 -0.0111095 0.012288 -0.00433608 0.00503974 -0.00371502 -0.0022674 0.00185747 0.000294363 0.00529655 0.0131527 0.0179151 -0.0077534 -0.024307 -0.0205072 0.00120065 0.0198809 -0.0138937 0.00315859 0.000517942 0.00619211 0.016071 0.00987936 0.0105608 0.0171357 0.0284638 0.0038256 -0.000836199 0.00760255 0.0048685
internal_weight=949.061 510.973 438.088 337.669 224.132 107.802 314.466 232.115 221.487 136.589 116.33 26.8518 84.8984 173.304 124.693 12.8613 213.956 82.3516 127.761 109.096 69.6692 28.9614 17.5665 106.66 53.9723 24.6641 52.6878 40.7079 29.3082 30.925
internal_count=6024 3578 2446 2218 1344 692 2027 1456 1395 841 652 146 554 1360 943 94 1102 571 789 684 422 168 107 604 289 127 315 254 162 191
cat_boundaries=0 1 2 3
cat_threshold=2 1 2
is_linear=0
shrinkage=0.03


Tree=15
num_leaves=31
num_cat=3
split_feature=0 5 5 1 2 0 5 1 2 2 1 1 4 7 2 7 4 4 3 4 2 1 0 1 7 2 7 1 1 2
split_gain=156.979 54.5464 25.0967 16.4441 16.7764 9.47209 9.17137 8.16278 7.36656 7.09668 18.0824 12.4154 8.12982 6.89611 6.74949 8.96427 6.70362 6.67391 5.89106 5.66684 5.08493 4.79169 4.78019 4.74515 4.57477 7.93467 4.95904 4.40608 4.39982 8.40502
threshold=8.1666666666666696 0 1 6.1000000000000005 66.90000000000002 11.16666666666667 2 4.2250000000000005 54.550000000000004 40.500000000000007 3.1000000000000005 5.2250000000000005 18.100000000000005 0.32101962922573618 82.100000000000009 0.31601439496176342 16.775000000000002 15.550000000000002 0.45000000000000007 7.1000000000000005 29.700000000000006 8.5500000000000025 3.1666666666666674 6.5500000000000007 0.63397457918241173 88.100000000000009 0.82916406087137806 7.7083333333333348 1.6333333333333335 2.6333333333333337
decision_type=10 1 1 10 10 10 1 10 10 8 10 8 10 10 8 10 10 10 10 10 10 10 10 10 10 10 8 10 10 10
left_child=1 -1 9 4 7 6 -2 8 28 10 20 -11 14 -12 15 -13 21 -7 -9 -6 22 23 -3 -5 25 -19 -26 -17 29 -4
right_child=5 2 3 16 19 17 -8 18 -10 11 13 12 -14 -15 -16 27 -18 24 -20 -21 -22 -23 -24 -25 26 -27 -28 -29 -30 -31
leaf_value=-0.032566754741951393 0.021211523140173057 -0.011418654063448651 0.0082494067197311522 0.029020529499821569 0.0010831121035276413 0.035795982927858468 0.0080604671382562016 -0.0029674218188831428 -0.024908384538984096 -0.023426697285593115 -0.0038983035787726636 -0.022742516290937414 -0.024747508601771124 0.032507179669705337 -0.013953512630947917 0.0040102121464156591 -0.0015683307029597097 0.0050049147924859016 0.029913748500651247 -0.019646076359030061 -0.028979120179767254 0.036771087509290049 0.017070273413983251 0.008486120204004419 -0.0059878642488829462 0.038197584458302895 0.02178611242805565 0.029287146392177416 0.0074370899626408932 -0.015159314695185453
leaf_weight=73.082767531275749 97.148768067359924 42.370291881263256 25.413076490163803 13.342131629586218 14.948834285140036 39.431088849902153 93.813593342900276 7.3220668882131603 10.379041224718092 83.568671129643917 7.1225113272666958 10.349913112819193 21.784727841615677 13.671666055917738 38.885012693703175 36.865288600325584 24.838614583015442 9.6210839897394198 14.848673850297926 57.612692847847939 13.01049319654703 9.2381502091884595 6.0587036535143843 42.043851867318153 10.2931145131588 19.863837108016014 13.212781041860579 7.4629067033529273 56.153214350342751 30.221094280481339
leaf_count=633 488 302 157 79 99 191 531 40 72 635 45 68 163 86 275 240 153 48 86 406 96 47 39 236 53 94 66 43 345 198
internal_value=-0.000111952 -0.00812471 -0.00508427 0.000855556 -0.00360822 0.0185665 0.0147508 0.00230748 -0.000731763 -0.0115567 -0.00414379 -0.0146213 -0.00824184 0.0200374 -0.00439875 0.00239624 0.0116778 0.0264504 0.0190545 -0.0153755 -0.0123279 0.016769 -0.00785455 0.0134327 0.0194963 0.0273666 0.00962403 0.00826573 0.00151295 -0.00446647
internal_weight=943.979 660.594 587.512 306.361 216.899 283.384 190.962 144.337 122.166 281.15 82.2337 198.917 115.348 20.7942 93.5631 54.6781 89.4627 92.4219 22.1707 72.5615 61.4395 64.6241 48.429 55.386 52.9908 29.4849 23.5059 44.3282 111.787 55.6342
internal_count=6014 4543 3910 1918 1403 1471 1019 898 772 1992 568 1424 789 131 626 351 515 452 126 505 437 362 341 315 261 142 119 283 700 355
cat_boundaries=0 1 2 3
cat_threshold=2 8 1
is_linear=0
shrinkage=0.03


Tree=16
num_leaves=31
num_cat=3
split_feature=1 5 5 1 2 2 1 7 1 2 1 4 2 0 7 4 2 1 7 2 2 4 7 5 1 2 0 0 1 2
split_gain=143.632 59.4954 25.1723 12.1261 16.6169 10.6676 16.4945 10.4335 9.78302 7.99038 7.83932 7.2827 6.87957 12.9023 6.75772 6.72726 6.33775 6.30794 9.5646 8.05998 7.57083 6.14685 5.87903 5.87248 7.12539 7.0192 6.76617 6.19116 7.16295 5.86117
threshold=7.6333333333333337 0 1 6.1000000000000005 67.675000000000011 62.70000000000001 6.366666666666668 0.5335585585585586 4.2250000000000005 54.550000000000004 11.266666666666667 5.9000000000000012 42.266666666666673 6.166666666666667 0.50165562913907291 5.4500000000000011 64.100000000000009 1.9000000000000001 0.54182569974554717 2.6333333333333337 36.500000000000007 5.6333333333333337 0.38949546029192056 2 10.708333333333334 72.100000000000009 7.8333333333333348 9.5833333333333339 10.100000000000001 61.45000000000001
decision_type=10 1 1 10 10 10 10 10 10 10 10 10 10 10 8 8 10 10 10 10 10 10 10 1 10 10 10 10 10 8
left_child=1 3 5 4 8 6 12 -8 9 17 23 -6 13 14 -3 -10 -5 19 20 -1 22 -20 -19 24 -2 -25 -27 -28 -29 -17
right_child=10 2 -4 16 11 -7 7 -9 15 -11 -12 -13 -14 -15 -16 29 -18 18 21 -21 -22 -23 -24 25 -26 26 27 28 -30 -31
leaf_value=0.0086729514206850961 0.02091242920946592 -0.015417851011149127 -0.032413508706306715 0.035146828158294889 0.0084500574195618353 -0.019724133587235623 -0.0027776543989723305 0.043690387836647269 0.039397891646582632 -0.025048422648949964 0.025944237858707461 -0.017949841757881103 -0.020204846552647152 0.030608488534290119 0.0019238008671407529 -0.0011686108673134145 0.0086964791059965466 0.018555361584227784 0.0052992159433225714 -0.013767371514809154 0.0019842168566488057 -0.032374702182834628 0.052000204114576329 0.023498521329248914 -0.0053503618607102102 -0.01543142829864377 0.019744974378696364 -0.010779445238335293 0.01452142578609226 0.032483707743154289
leaf_weight=24.512066304683685 113.07631075382233 60.221503049135208 72.533263944089413 9.3065353184938413 11.129425376653669 111.29734352976084 8.9032824262976664 8.501007676124571 9.6581871509551984 10.64303759485483 68.032997474074364 60.674055211246014 48.576121740043163 7.8028884679079047 30.449329815804958 14.965105563402181 65.773922175168991 13.618917509913446 10.234468609094622 34.93660107254982 14.55906982719898 6.2952714115381232 7.2476817071437827 23.405202001333237 10.130537807941435 12.524040699005125 26.867680296301842 21.335031569004059 19.074546098709106 6.7629896253347388
leaf_count=151 571 426 643 46 72 826 50 44 49 75 322 431 351 46 214 84 383 79 60 230 95 41 41 124 52 83 160 122 100 40
internal_value=-0.000362325 -0.0082508 -0.016688 0.00153397 -0.00194648 -0.0125515 -0.00769737 0.0199193 0.00362781 -0.000213722 0.0170143 -0.0138579 -0.010966 -0.00640854 -0.00959413 0.0185658 0.0119751 0.00215887 0.00979494 -0.00451471 0.0185875 -0.00904871 0.0301719 0.014331 0.018753 0.0090521 0.00481505 0.00858405 0.00116333 0.00930586
internal_weight=943.048 648.602 348.285 300.317 225.237 275.751 164.454 17.4043 153.433 122.047 294.446 71.8035 147.05 98.4737 90.6708 31.3863 75.0805 111.404 51.9554 59.4487 35.4257 16.5297 20.8666 226.413 123.207 103.207 79.8013 67.2773 40.4096 21.7281
internal_count=6011 4477 2600 1877 1448 1957 1131 94 945 772 1534 503 1037 686 640 173 429 697 316 381 215 101 120 1212 623 589 465 382 222 124
cat_boundaries=0 1 2 3
cat_threshold=1 8 1
is_linear=0
shrinkage=0.03


Tree=17
num_leaves=31
num_cat=0
split_feature=0 6 1 4 1 7 4 4 1 3 4 1 2 2 7 0 2 0 1 3 7 6 1 7 0 0 4 0 7 4
split_gain=132.26 60.0043 13.4082 16.6257 9.47711 9.07936 7.65184 9.57905 7.34744 12.2323 7.32702 6.99668 9.29555 6.95518 6.46233 8.92453 10.4986 8.70646 6.69303 7.07238 6.13487 7.40775 6.99378 5.84915 6.82637 5.58229 5.53583 5.09942 5.07523 4.88607
threshold=8.1666666666666696 5.5500000000000007 7.2250000000000005 17.900000000000002 11.266666666666667 0.90234733174399417 14.100000000000001 8.6333333333333346 4.7750000000000012 0.63333333333333341 5.366666666666668 6.366666666666668 68.90000000000002 55.100000000000009 0.38430769230769241 2.1666666666666674 2.6333333333333337 1.0000000180025095e-35 1.9000000000000001 0.22500000000000003 0.42254710273729118 6.1500000000000012 5.4500000000000011 0.78736702127659586 5.166666666666667 11.16666666666667 13.366666666666669 13.16666666666667 0.69081537019681361 2.5500000000000003
decision_type=10 2 10 10 10 10 10 10 10 10 10 10 10 10 8 10 8 8 8 8 10 2 8 10 10 10 10 10 10 10
left_child=1 2 3 8 10 20 7 -4 9 14 -2 -12 25 -10 15 16 -1 -16 29 -20 -3 22 -22 -15 -25 -13 -26 -6 -21 -19
right_child=4 5 6 -5 27 -7 -8 -9 13 -11 11 12 -14 23 17 -17 -18 18 19 28 21 -23 -24 24 26 -27 -28 -29 -30 -31
leaf_value=0.010542434295130203 0.039473228828077078 -0.032778499385032266 -0.0045232664779481322 -0.027358436783871686 0.020164032216714728 0.002398540054207414 0.00038302736439702891 0.03348051643501216 0.017296177562877837 -0.022297520130494596 -0.011336511203529947 0.021035427258992687 0.011153790597018886 -0.0044098372977175752 0.026443527450909464 0.0012689896660099918 -0.02292076639473381 -0.00063306786884735199 0.022084169479436064 -0.0064151685890361052 -0.018556779502342736 -0.02457985228732457 0.0049963695625391746 0.035345345122770891 -0.0053210401220134453 0.050514722566611922 0.026878700182464226 0.037389865001981555 0.01573651775956671 -0.030450048320657452
leaf_weight=10.52947551012039 9.4440691620111448 42.777075462043285 8.334576755762102 24.764915026724339 41.70707705616951 13.848440878093241 26.155055776238441 21.032068595290184 26.841414339840412 32.333423443138599 10.560168743133543 19.099798813462261 173.64553791284561 74.63598944991827 12.520653098821638 51.409663610160351 42.481027752161026 9.8243373185396212 15.357714310288427 38.989379435777664 33.276041254401207 101.81469526141882 17.216935276985168 7.7785615175962439 18.295661643147472 8.2907135188579542 6.5169632434844962 24.583614438772202 12.22801500558853 9.9615620970725995
leaf_count=65 45 358 44 185 198 100 153 111 149 256 58 96 922 481 75 338 300 63 91 257 255 852 116 48 111 39 41 113 74 69
internal_value=-0.00038148 -0.00778784 -0.00161909 -0.0035619 0.0166032 -0.0210738 0.0121841 0.0226946 -0.00196787 -0.00515798 0.0136195 0.0124656 0.0137159 0.00363898 -0.00243208 -0.00763696 -0.016274 0.00306433 -0.000325196 0.00422779 -0.02274 -0.0199206 -0.0105257 0.00022027 0.0108235 0.0299584 0.00313613 0.0265522 -0.00112651 -0.015645
internal_weight=946.255 658.924 449.99 394.469 287.331 208.933 55.5217 29.3666 369.704 235.635 221.04 211.596 201.036 134.069 203.302 104.42 53.0105 98.8817 86.361 66.5751 195.085 152.308 50.493 107.227 32.5912 27.3905 24.8126 66.2907 51.2174 19.7859
internal_count=6063 4592 2911 2603 1471 1681 308 155 2418 1588 1160 1115 1057 830 1332 703 365 629 554 422 1581 1223 371 681 200 135 152 311 331 132
is_linear=0
shrinkage=0.03


Tree=18
num_leaves=31
num_cat=3
split_feature=0 5 0 5 4 4 1 2 4 1 1 4 2 7 2 0 0 2 4 7 5 2 1 2 7 0 1 2 1 2
split_gain=132.253 42.0445 16.9292 16.0567 8.86298 8.49342 7.85041 7.69487 7.35674 8.13326 7.09886 10.7108 8.90804 7.00902 7.18606 6.83106 6.78904 7.57065 7.37902 9.97434 6.26632 6.25866 9.19121 6.12469 6.06301 6.56252 5.63937 5.61066 7.61558 7.96556
threshold=6.8333333333333348 0 8.1666666666666696 1 15.225000000000001 17.450000000000003 9.1000000000000014 89.90000000000002 11.633333333333335 5.9000000000000012 6.1000000000000005 5.9000000000000012 80.90000000000002 0.57831869834710747 88.366666666666688 11.16666666666667 8.4166666666666696 85.77500000000002 12.100000000000001 0.69081537019681361 2 40.500000000000007 3.1000000000000005 74.225000000000009 0.33004854368932046 9.8333333333333339 4.291666666666667 36.500000000000007 4.2250000000000005 67.550000000000011
decision_type=10 1 10 1 10 10 10 10 10 10 10 10 10 10 10 10 10 10 10 10 1 10 10 10 10 10 10 10 10 10
left_child=1 -1 5 8 15 -2 20 -7 9 21 11 26 -12 14 -8 16 -4 24 -19 -20 -6 22 -3 -17 -18 -26 -5 -13 -29 -30
right_child=2 3 4 10 6 7 13 -9 -10 -11 12 27 -14 -15 -16 23 17 18 19 -21 -22 -23 -24 -25 25 -27 -28 28 29 -31
leaf_value=-0.03240991309195599 0.0073146376286079987 -0.01095226667726671 0.036416912430430243 0.00018703329942195085 -0.0095387486162234227 -0.029137957114062602 0.010068112954321209 0.0038094171566138979 -0.020296978369805818 0.013725951508611571 0.028922697315432951 0.0085662133893141101 -0.00035475252821694919 0.0091293937535753197 0.03428289199401937 0.050685751652173011 0.02549491862818774 0.013410959601221073 0.014987802875898903 0.060214275486769421 0.014827663240047433 -0.019255898801627678 0.013298202748897951 0.024853883364788661 -0.0098542098460317647 0.018526928059839055 0.020982853706576498 -0.025310055268126689 0.016952730098189425 -0.01235655701624333
leaf_weight=65.946013242006302 89.177644304931164 69.451875403523445 15.068343147635458 91.551635578274727 24.187660276889801 12.490799337625504 18.474586367607117 13.039931707084179 74.621465012431145 13.183315023779867 14.375375390052794 11.663754694163798 26.772034332156181 63.439406350255013 27.371684059500694 11.695913776755331 10.650654807686804 26.529435381293297 8.4518668055534381 9.1292557269334775 15.641553759574888 51.225357174873352 17.638459488749504 28.124915927648544 22.287695080041885 10.927667960524557 13.461689487099646 31.618934892117977 10.305016994476317 43.886396430432796
leaf_count=610 532 509 78 570 147 89 92 83 578 81 79 73 159 322 130 54 53 131 42 46 81 392 111 133 117 55 77 237 61 310
internal_value=-0.000186362 -0.00997853 0.0127121 -0.00682953 0.0165486 0.00294678 0.0114325 -0.0123099 -0.0125868 -0.00878905 -0.00148618 -0.00379461 0.0098737 0.015588 0.0245251 0.0218884 0.0178105 0.0146236 0.0233997 0.0384723 3.03215e-05 -0.010935 -0.0060408 0.0324411 0.0057987 -0.000516975 0.00285286 -0.0109562 -0.0136098 -0.00678311
internal_weight=942.39 535.701 406.689 469.755 291.981 114.708 149.115 25.5307 226.12 151.499 243.635 202.487 41.1474 109.286 45.8463 142.866 103.045 87.9766 44.1106 17.5811 39.8292 138.316 87.0903 39.8208 43.866 33.2154 105.013 97.4741 85.8103 54.1914
internal_count=6032 3847 2185 3237 1481 704 772 172 1671 1093 1566 1328 238 544 222 709 522 444 219 88 228 1012 620 187 225 172 647 681 608 371
cat_boundaries=0 1 2 3
cat_threshold=2 8 8
is_linear=0
shrinkage=0.03


Tree=19
num_leaves=31
num_cat=4
split_feature=0 6 5 5 1 4 6 4 0 2 1 2 6 6 5 0 0 4 5 3 0 6 3 3 2 2 1 1 4 6
split_gain=115.854 57.3457 16.8093 13.0471 11.2403 12.0374 9.72704 7.50096 6.32789 6.98424 6.10592 10.6388 6.99318 7.183 6.01463 6.52456 5.70373 6.32493 5.29842 7.28198 5.24579 5.12476 6.0368 7.57938 4.29759 5.20604 4.23909 4.02078 3.94902 3.94787
threshold=8.1666666666666696 5.4500000000000011 0 1 7.4500000000000011 17.900000000000002 7.2500000000000009 5.5500000000000007 11.16666666666667 72.100000000000009 4.6333333333333337 64.100000000000009 4.9500000000000011 5.3500000000000005 2 7.166666666666667 3.8333333333333335 4.9000000000000012 3 0.77500000000000013 4.8333333333333348 5.9500000000000011 0.22500000000000003 1.0000000180025095e-35 72.26666666666668 89.90000000000002 6.366666666666668 6.5500000000000007 20.900000000000002 5.0500000000000007
decision_type=10 2 1 1 10 10 2 10 10 10 10 10 2 2 1 10 10 10 1 8 10 2 10 10 10 10 10 10 8 2
left_child=1 2 -1 -3 5 10 7 -2 26 -10 11 16 24 20 15 -6 29 -18 21 -20 -14 22 23 -5 -12 -26 -9 -22 -7 -4
right_child=6 3 4 18 14 28 -8 8 9 -11 12 -13 13 -15 -16 -17 17 -19 19 -21 27 -23 -24 -25 25 -27 -28 -29 -30 -31
leaf_value=-0.030582303698142594 0.042802371490229335 -0.031767173136791151 -0.0011246530013551714 -0.010904374880141192 0.020192655399678242 -0.033532572908705302 -0.01264772503154951 -0.0052682257247025485 0.040856418182989851 0.018643650247067361 0.0085275210502848281 -0.02147300897143049 0.045708335878144386 -0.0095583532209357423 0.022444979388984869 -0.017948482800655138 0.022671362976723258 -2.9610682238570579e-05 -0.02396847035871847 0.0044294940435230506 0.0058291945635546806 -0.021582203915712479 -0.016154061985884864 0.034328243240010589 -0.013315074925155332 0.0062851105585164041 0.01379964270958386 0.031322055045280559 -0.0053019865604715917 -0.015519933352781125
leaf_weight=15.701526366174221 9.6699188947677595 53.151851564645767 113.74840184301138 8.3904948905110341 7.5976311862468746 12.726615235209463 10.442180022597311 11.18697966635227 15.14608760178089 80.181883424520493 39.49317230284214 23.867033392190933 7.0780890733003643 7.5772560834884635 31.284701436758041 8.6119001060724241 18.242557525634766 28.001157984137535 12.015210933983324 25.111546404659748 13.705318391323091 94.513206742703915 36.440342217683792 5.532425992190837 27.872059568762779 21.685612857341766 169.21491876244545 9.3785224258899671 6.8652180507779148 20.189369365572929
leaf_count=141 45 510 737 62 44 94 62 60 70 380 225 188 41 49 163 50 100 178 84 164 85 784 270 40 184 132 875 54 51 142
internal_value=0.000232685 -0.00686193 -0.000136881 -0.018691 0.00106445 -0.000791767 0.0157912 0.0168317 0.0159209 0.0221729 0.00056129 -0.00265137 0.00573155 0.0165543 0.0147603 -7.12046e-05 -0.000158233 0.00892563 -0.0148722 -0.00476085 0.0231143 -0.0174634 -0.00973396 0.0070693 0.00114493 -0.00473836 0.0126172 0.0161865 -0.0236402 -0.00329455
internal_weight=944.623 648.781 413.626 235.155 397.925 350.43 295.842 285.4 275.73 95.328 330.839 204.049 126.79 37.7392 47.4942 16.2095 180.181 46.2437 182.003 37.1268 30.1619 144.876 50.3633 13.9229 89.0508 49.5577 180.402 23.0838 19.5918 133.938
internal_count=6064 4572 2658 1914 2517 2260 1492 1430 1385 450 2115 1345 770 229 257 94 1157 278 1404 248 180 1156 372 102 541 316 935 139 145 879
cat_boundaries=0 1 2 3 4
cat_threshold=2 2 8 8
is_linear=0
shrinkage=0.03


Tree=20
num_leaves=31
num_cat=3
split_feature=0 6 0 5 4 5 7 6 1 1 5 2 7 7 1 6 6 6 2 0 2 1 4 6 6 4 2 2 2 4
split_gain=120.623 51.6584 15.0437 14.2595 13.6279 11.3242 13.0353 11.1413 11.0167 10.8659 10.622 9.50988 8.92451 8.26188 7.08126 6.96306 6.45926 6.00041 5.57851 5.15363 5.70543 7.83993 5.9656 5.11381 5.07589 6.75061 4.77916 4.64057 8.30178 7.12759
threshold=7.5833333333333348 5.4500000000000011 11.16666666666667 0 4.9000000000000012 1 0.48790243902439029 6.1500000000000012 9.2250000000000014 7.4500000000000011 2 67.90000000000002 0.81625150060024021 0.84420803782505927 4.6333333333333337 5.6500000000000012 5.8500000000000005 4.4500000000000011 85.225000000000009 2.1666666666666674 41.900000000000006 4.2250000000000005 3.2250000000000005 4.4500000000000011 5.1500000000000012 17.100000000000005 69.90000000000002 44.300000000000004 36.500000000000007 5.6333333333333337
decision_type=10 2 10 1 10 1 8 2 10 10 1 10 10 8 10 2 2 2 10 8 8 8 10 2 2 10 10 10 8 8
left_child=1 3 4 -1 -2 -3 -7 13 10 11 24 12 17 -8 -13 18 26 27 -10 -19 22 -22 -21 -20 25 -6 -4 28 -5 -29
right_child=2 5 16 9 8 6 7 -9 15 -11 -12 14 -14 -15 -16 -17 -18 19 23 20 21 -23 -24 -25 -26 -27 -28 29 -30 -31
leaf_value=-0.030194812874456883 0.044149712614607789 -0.032128933378430313 0.046389710887515673 0.0076418669125378801 0.011983214185799829 -0.028491107308401115 -0.0066280276505903011 -0.019015091467548022 0.0051959058593495722 0.017488795770059306 -0.0042917241710491863 -0.024937126052923739 0.028857142788371232 0.021707693173400676 -0.005281573740271283 0.00069276807440309259 0.0020445506116409111 -0.012254810027178436 0.0085103945127126893 -0.011660912996091705 -0.021567133214283767 0.0020680849065577776 0.015798125368274001 0.031470159890145129 0.0258164069582799 -0.014359562841864773 0.024425130951233841 0.042486527540603926 -0.02577603142066151 0.0045077093748601676
leaf_weight=14.771997816860676 10.286106362938879 51.091136656701565 10.091384142637251 48.933021605014801 52.45310652256012 51.314723193645477 40.249500922858715 60.528922408819199 13.898559868335722 28.988520920276642 71.991233363747597 20.604621447622776 10.462355896830557 12.028485640883444 82.730503223836422 17.279443755745888 10.476853564381598 40.348136819899082 11.089819952845572 9.3274895101785642 18.562733687460423 39.526744864881039 30.098257556557655 41.043050497770309 17.585080236196518 10.509261578321455 76.516590997576714 7.669799268245697 7.7500948607921591 10.585280627012255
leaf_count=136 49 503 45 293 263 427 281 506 68 155 435 166 58 73 542 97 54 273 53 60 134 244 185 200 92 57 355 43 50 66
internal_value=0.000171013 -0.00810598 0.0142925 -0.00131358 0.0103479 -0.019795 -0.0159555 -0.0102532 0.00887372 -0.000113777 0.00408202 -0.00167616 0.00180654 -0.000108346 -0.00920081 0.0176471 0.024293 0.000476601 0.0220838 -0.00323748 0.000493551 -0.00548465 0.00930176 0.0265861 0.0115663 0.00758625 0.0269844 0.00730938 0.00307275 0.0204644
internal_weight=928.793 585.572 343.22 370.36 246.136 215.213 164.122 112.807 235.85 355.588 152.539 326.599 223.264 52.278 103.335 83.3109 97.0848 212.802 66.0314 137.863 97.5152 58.0895 39.4257 52.1329 80.5474 62.9624 86.608 74.9382 56.6831 18.2551
internal_count=5963 4195 1768 2405 1314 1790 1287 860 1265 2269 847 2114 1406 354 708 418 454 1348 321 896 623 378 245 253 412 320 400 452 343 109
cat_boundaries=0 1 2 3
cat_threshold=2 2 1
is_linear=0
shrinkage=0.03


Tree=21
num_leaves=31
num_cat=3
split_feature=0 6 5 1 2 5 7 6 4 6 4 7 1 1 7 7 1 7 0 5 7 0 2 7 1 2 6 6 1 1
split_gain=97.6755 43.6947 12.7376 11.9248 17.5808 11.2847 9.09345 7.23779 6.25827 6.07332 5.94733 7.71532 9.01308 5.93148 5.89561 5.14585 4.79576 4.35724 7.16499 6.77054 5.69508 6.66165 6.44288 5.70507 4.93165 5.68186 8.1989 6.93499 6.98379 4.99312
threshold=6.8333333333333348 5.4500000000000011 0 8.5500000000000025 47.300000000000004 1 0.48790243902439029 6.3500000000000005 17.900000000000002 5.3500000000000005 17.225000000000005 0.74090608465608476 7.1000000000000005 7.1000000000000005 0.84420803782505927 0.84764185703758299 12.450000000000001 0.34296141814389997 1.0000000180025095e-35 2 0.27075501253132833 2.4166666666666674 7.4500000000000011 0.17677696078431376 1.1000000000000003 30.100000000000005 4.8500000000000005 4.8500000000000005 2.9000000000000004 5.9000000000000012
decision_type=10 2 1 10 10 1 8 2 10 2 10 10 10 10 8 10 10 8 8 1 10 8 10 10 8 8 2 2 8 10
left_child=1 2 -1 4 -2 -3 -7 14 13 16 -6 -12 -13 17 -8 -11 -5 19 -19 -4 21 22 -21 -23 -20 26 -26 29 -29 -27
right_child=3 5 8 9 10 6 7 -9 -10 15 11 12 -14 -15 -16 -17 -18 18 24 20 -22 23 -24 -25 25 27 -28 28 -30 -31
leaf_value=-0.029855597079939244 0.038578798985718234 -0.03250455867253664 -0.014358228473819975 0.016706763507015571 0.0054847004917204598 -0.026547684598268246 -0.0078776933276653738 -0.019051955978074183 -0.018276586469531481 0.0016546891445843124 -0.019490349417541734 -0.017709948780130991 0.030539461361974569 0.017582462487493993 0.017478319655650984 0.017949151519440563 0.032101025878600739 0.023548624606552351 -0.022188951685793785 0.018642020036164653 -0.014759630105287138 0.0031747406404278884 -0.017053213941941991 0.034865545182895911 0.03065281023611905 -0.010525845612385957 -0.0051128339671696428 -0.022062004868494647 0.011520164068675195 0.0073756901492513108
leaf_weight=14.022917509078979 13.119648285210131 47.71034512668848 44.648609593510628 137.43137989938259 130.31759495288134 47.507041290402412 42.436121463775635 47.989656716585159 17.090964399278164 43.045878380537033 21.79990142583847 6.2970164120197278 7.8011798709630966 17.028957888484001 10.245485305786131 29.326542630791664 20.995431840419769 13.062918066978453 8.2165498435497266 6.8567654788494137 14.574075713753698 10.121423318982126 13.533084623515604 10.330903328955172 13.390261784195902 60.859075725078583 10.134489566087721 6.3164434358477584 47.374511674046516 18.221196487545967
leaf_count=132 69 482 310 663 737 405 306 412 129 228 144 44 46 91 62 151 92 77 55 41 94 61 89 66 78 409 64 45 301 107
internal_value=-5.86779e-06 -0.0086181 -0.00188559 0.0109485 0.00514527 -0.019815 -0.0157292 -0.0106239 -0.000627501 0.0154577 0.00250632 -0.00830584 0.00898867 0.000396155 -0.00294647 0.00825748 0.0187469 -0.00065796 0.00216325 -0.00566449 0.00134002 0.007085 -0.0050495 0.0191824 0.000465168 0.00165611 0.0152449 -0.000751598 0.00756941 -0.00640108
internal_weight=931.806 521.672 325.783 410.135 179.335 195.889 148.178 100.671 311.76 230.799 166.216 35.8981 14.0982 294.669 52.6816 72.3724 158.427 277.64 177.575 100.065 55.4163 40.8422 20.3899 20.4523 164.513 156.296 23.5248 132.771 53.691 79.0803
internal_count=5990 3816 2149 2174 1040 1667 1185 780 2017 1134 971 234 90 1888 368 379 755 1797 1136 661 351 257 130 127 1059 1004 142 862 346 516
cat_boundaries=0 1 2 3
cat_threshold=2 2 8
is_linear=0
shrinkage=0.03


Tree=22
num_leaves=31
num_cat=0
split_feature=0 6 7 6 1 6 4 1 1 1 2 4 4 7 6 0 7 2 1 7 4 1 2 1 1 0 6 6 4 2
split_gain=109.517 46.0935 13.6297 11.9941 10.3269 9.68557 9.41858 8.68088 7.49253 7.03976 9.37501 8.85321 7.86539 6.82938 6.41608 6.59788 6.36075 6.11448 7.75254 5.0909 4.81237 7.27838 7.12314 5.4274 5.43802 5.1836 4.76341 5.51693 4.72133 4.51945
threshold=8.1666666666666696 5.4500000000000011 0.55592347314201629 6.1500000000000012 8.9000000000000021 5.6500000000000012 17.450000000000003 7.9000000000000012 11.266666666666667 4.2250000000000005 36.500000000000007 6.7750000000000012 2.4500000000000006 0.84764185703758299 4.9500000000000011 4.8333333333333348 0.84420803782505927 37.70000000000001 5.4500000000000011 0.61200463201235211 5.366666666666668 6.366666666666668 67.300000000000026 9.2250000000000014 10.900000000000002 9.8333333333333339 4.3500000000000005 4.9500000000000011 10.675000000000002 72.100000000000009
decision_type=10 2 8 2 10 2 8 10 10 10 10 10 10 10 2 8 10 10 10 10 10 10 10 10 10 10 2 2 8 10
left_child=1 4 -3 17 6 8 9 -5 20 10 14 26 -12 19 15 -1 -8 -4 -19 -7 -2 -22 28 25 -25 -24 -11 -28 -23 -13
right_child=5 2 3 7 -6 13 16 -9 -10 11 12 29 -14 -15 -16 -17 -18 18 -20 -21 21 22 23 24 -26 -27 27 -29 -30 -31
leaf_value=0.0021004016775114762 0.035258653622868424 -0.027197991466708246 0.018659551200435342 -0.021667808289263405 0.028472618232355609 0.0073466929001409177 -0.019640345160393043 0.019820036373285319 0.02624820485762059 0.037023945134797683 0.015454549517501802 0.0066895042277206364 -0.017488651032606699 0.015651182446116973 -0.011837985078407156 0.031456929065426902 0.01228350787532324 -0.02167821016427899 0.0046809771510803594 -0.017971775765620993 -0.012249862842871256 0.045133997841524678 0.01146990629897144 0.02161664601750498 0.0004604893798402715 -0.006220928553223105 0.0030283179632434399 0.031026121672162198 0.01800089555167525 -0.0042147301909265609
leaf_weight=77.405338183045387 9.3050425052642805 89.542631506919861 11.280905142426489 77.705528780817986 10.271211266517637 12.877374216914179 38.246572956442833 4.8206371590495101 62.134843736886978 8.0628942102193815 7.3634725958108893 58.592368423938751 57.130322009325027 21.379875585436821 28.032095938920975 7.5635692924261084 6.5842179507017127 17.165168359875679 24.199152201414108 16.06405645608902 9.6218038499355298 10.296795964241026 49.885015964508057 60.512055233120918 13.346554666757582 21.259174332022667 21.906441882252697 8.9107130169868451 13.133729621768 82.20171345770359
leaf_count=483 42 801 75 704 52 73 280 35 277 42 48 346 432 114 200 41 41 134 156 95 51 47 261 290 65 109 125 50 62 511
internal_value=-0.000152234 -0.00718946 -0.0181203 -0.0121069 -0.00123147 0.0147989 -0.00199041 -0.0192444 0.0172205 -0.000363545 -0.00460108 0.00382259 -0.0137274 0.00279259 0.000607653 0.00471359 -0.0149517 -0.000918181 -0.00625743 -0.00670642 0.0142267 0.0131275 0.0145772 0.0120973 0.0177936 0.00618356 0.016495 0.0111238 0.0299248 0.000323138
internal_weight=936.801 636.985 224.714 135.171 412.271 299.816 402 82.5262 249.495 357.169 177.495 179.674 64.4938 50.3213 113.001 84.9689 44.8308 52.6452 41.3643 28.9414 187.36 178.055 168.433 145.003 73.8586 71.1442 38.88 30.8172 23.4305 140.794
internal_count=6042 4556 1905 1104 2651 1486 2599 739 1204 2278 1204 1074 480 282 724 524 321 365 290 168 927 885 834 725 355 370 217 175 109 857
is_linear=0
shrinkage=0.03


Tree=23
num_leaves=31
num_cat=4
split_feature=1 5 4 1 2 5 2 5 7 2 1 7 5 1 2 2 7 1 1 1 2 3 7 1 1 0 1 7 2 2
split_gain=90.6462 39.9834 16.6069 13.461 13.9775 11.8538 8.11749 7.43004 8.6331 8.91314 7.78583 8.68285 5.94049 11.0871 10.3119 9.12739 7.96947 6.67758 5.67197 5.47324 9.02306 8.97361 5.46942 5.38493 6.7969 5.24639 5.17983 8.81707 6.92627 5.00937
threshold=6.1000000000000005 0 11.633333333333335 7.9000000000000012 62.70000000000001 1 86.366666666666688 2 0.50165562913907291 46.900000000000006 2.9000000000000004 0.58076375711574968 3 10.775000000000002 73.675000000000011 86.90000000000002 0.52230514096185743 11.900000000000002 6.366666666666668 4.2250000000000005 54.100000000000009 0.90000000000000013 0.52230514096185743 11.266666666666667 10.708333333333334 8.5833333333333339 1.9000000000000001 0.5446652874242649 0.90000000000000013 80.700000000000003
decision_type=10 1 10 10 10 1 10 1 10 10 10 10 1 10 10 10 10 10 10 10 10 10 10 10 10 10 10 10 8 10
left_child=1 -1 7 4 22 6 29 8 -3 10 11 -10 15 14 -14 25 -15 -18 -7 20 26 -21 -2 24 -17 -5 28 -28 -9 -6
right_child=3 2 -4 12 5 18 -8 19 9 -11 -12 -13 13 16 -16 23 17 -19 -20 21 -22 -23 -24 -25 -26 -27 27 -29 -30 -31
leaf_value=-0.03213887300479485 0.0097151254603389924 -0.013528820988881732 -0.016474540815232894 0.052630509579261256 -0.012542412561530807 0.026006875550864502 -0.029075139982160006 0.01632986558225466 0.030916775170694737 -0.01345981763002943 0.028834034344467213 -0.012193219584878453 0.019678431713312655 0.031059925855595052 -0.0038548134406377866 0.013835373985969131 0.024256488869487704 -0.0023623538166261432 0.0026004955931480988 0.017871145774944763 -0.024678980990595317 -0.010059149173709505 0.035383876529608865 0.028092929165391342 -0.013096484641553153 0.024575457392347292 0.016998265489129673 -0.010589311063173616 -0.0096126903586565664 0.011562951375620663
leaf_weight=59.749830558896065 16.821502000093464 86.733422942459583 101.36365088075399 8.7706318497657794 22.102264814078808 10.767409913241861 17.808825694024563 11.404082536697386 5.7970002889633205 21.833624169230461 13.478502675890921 15.30956795811653 22.843545749783516 27.639207914471626 62.901884503662586 78.318708702921867 15.220753237605093 19.156684830784798 69.20421340316534 36.372965402901173 13.755155712366102 14.471963033080099 13.440050289034842 20.263561233878136 9.4515413492917997 18.983658269047737 33.456892035901546 15.146934881806372 49.316307947039604 11.95593189448118
leaf_count=620 87 652 809 42 150 67 135 65 42 174 86 118 116 123 361 381 74 88 394 205 106 96 66 90 47 86 199 92 326 87
internal_value=-0.000110373 -0.00918219 -0.00590417 0.00962383 0.00272802 -0.00149252 -0.0126625 -0.00252501 -0.00758694 0.00154762 0.0110218 -0.000352893 0.013566 0.00940342 0.00241471 0.0180957 0.0190662 0.00942325 0.00575194 0.00164132 -0.00177922 0.00992136 0.0211154 0.0141534 0.0109352 0.0334411 0.00110203 0.00840085 -0.00474034 -0.00408036
internal_weight=923.84 478.19 418.44 445.65 162.1 131.839 51.867 317.076 143.152 56.4187 34.5851 21.1066 283.55 147.762 85.7454 135.788 62.0166 34.3774 79.9716 173.924 123.079 50.8449 30.2616 108.034 87.7703 27.7543 109.324 48.6038 60.7204 34.0582
internal_count=5984 3590 2970 2394 986 833 372 2161 1072 420 246 160 1408 762 477 646 285 162 461 1089 788 301 153 518 428 128 682 291 391 237
cat_boundaries=0 1 2 3 4
cat_threshold=2 8 8 1
is_linear=0
shrinkage=0.03


Tree=24
num_leaves=31
num_cat=4
split_feature=0 5 6 6 4 1 4 0 4 5 5 4 4 2 6 1 3 4 0 0 2 3 2 1 6 2 5 4 4 4
split_gain=86.1003 39.8446 21.708 10.9985 9.78266 9.5205 7.51596 8.25019 7.71639 7.66405 5.98094 5.24822 5.17161 5.86302 5.36596 4.98063 11.4708 5.67465 11.462 5.95087 5.82126 5.16057 8.91642 4.98642 5.48836 5.02501 7.35126 5.97909 4.52328 5.57721
threshold=6.8333333333333348 0 5.4500000000000011 5.5500000000000007 18.366666666666671 7.9000000000000012 4.9000000000000012 10.833333333333334 9.9000000000000021 1 2 22.325000000000003 21.100000000000005 81.100000000000009 5.9500000000000011 5.1000000000000005 0.63333333333333341 0.63333333333333341 2.1666666666666674 0.58333333333333337 35.70000000000001 0.63333333333333341 89.90000000000002 2.7750000000000004 4.2500000000000009 54.550000000000004 3 7.9000000000000012 17.900000000000002 8.2666666666666675
decision_type=10 1 2 2 10 10 10 10 10 1 1 10 10 10 2 10 10 8 8 10 8 10 10 8 2 10 1 8 10 10
left_child=1 -1 4 6 15 -5 -2 9 -9 11 -4 28 13 -7 -15 16 17 19 -19 -3 -20 -17 -23 -22 -25 26 -26 -28 29 -8
right_child=3 2 10 5 -6 12 7 8 -10 -11 -12 -13 -14 14 -16 21 -18 18 20 -21 23 22 -24 24 25 -27 27 -29 -30 -31
leaf_value=-0.03152186997736163 0.034157161362991663 0.024089808576953073 -0.018180373388385716 -0.014341658736592032 -0.024076151258946521 0.036232115090669988 -0.00020406743668017376 0.044965221606444672 0.016066924260286611 0.0012999093519915738 -0.0027917885418999302 0.036104345676539543 -0.0052158073337754771 -0.0069751493900780219 0.019740426836924837 0.019853682981743361 -0.01892379867492848 -0.013531177195354273 0.012998775519087333 -0.005769885840022566 -0.022611081155721639 -0.0056227086195958214 0.019150063069638987 -0.0221722221053035 -0.005624610057296843 -0.012223051913177968 0.037655257840694289 0.0063552926669343734 -0.0032716048445105904 0.016748826637401387
leaf_weight=59.561073519289494 13.713868945837019 17.203166589140899 113.52051507681608 27.271937489509583 15.560831651091574 8.285065755248068 21.697644010186195 9.205473989248274 86.060000956058502 86.072748728096485 28.421862624585629 8.1334972977638227 19.125242300331593 12.566190101206304 14.660750471055506 20.109379157423973 31.043193317949772 47.98562978208065 40.961819276213646 9.2297074496746045 8.6953814998269063 40.899213582277298 19.221875548362732 7.4090287685394278 14.517081663012505 10.959675781428812 10.902764350175859 11.06951332092285 16.770727656781673 89.533932790160179
leaf_count=633 64 100 972 199 120 46 110 41 390 482 201 42 108 68 82 104 246 329 249 56 61 258 114 45 100 75 62 73 89 446
internal_value=-0.000189817 -0.00847016 -0.00540349 0.00997822 -0.00090266 0.000135094 0.0124126 0.0114733 0.0188594 0.00830677 -0.015099 0.0127369 0.0073611 0.0141345 0.00741025 0.000339895 -0.00208947 0.000831113 -0.00139312 0.0136635 0.00417977 0.00669797 0.00229763 -0.00150431 0.00184126 0.0055909 0.0109414 0.0218865 0.0112521 0.0134419
internal_weight=920.369 507.272 447.711 413.097 305.768 81.9092 331.188 317.474 95.2655 222.209 141.942 136.136 54.6372 35.512 27.2269 290.207 209.977 178.934 152.501 26.4329 104.515 80.2305 60.1211 63.5534 54.8581 47.449 36.4894 21.9723 128.002 111.232
internal_count=5965 3798 3165 2167 1992 503 1664 1600 431 1169 1173 687 304 196 150 1872 1396 1150 994 156 665 476 372 416 355 310 235 135 645 556
cat_boundaries=0 1 2 3 4
cat_threshold=2 1 8 8
is_linear=0
shrinkage=0.03


Tree=25
num_leaves=31
num_cat=3
split_feature=1 5 4 0 0 4 7 5 2 0 0 2 2 5 1 4 2 7 1 7 1 2 1 4 3 1 2 4 2 0
split_gain=90.9965 37.5894 20.2362 13.4064 8.50635 8.22847 8.67311 7.4084 10.6885 9.4357 6.51945 6.20107 6.12903 6.93467 12.3351 6.12252 5.49966 4.92351 4.65722 4.43463 4.01477 11.6359 5.34788 3.88739 3.81806 3.80455 3.80198 5.39561 5.37048 3.7691
threshold=6.2250000000000005 0 10.225000000000001 8.1666666666666696 4.5833333333333348 4.9000000000000012 0.66550116550116567 1 71.100000000000009 7.166666666666667 5.8333333333333348 54.100000000000009 61.45000000000001 2 9.4500000000000011 7.5500000000000007 0.90000000000000013 0.90514095142209927 8.5500000000000025 0.90672316384180796 1.3666666666666669 21.500000000000004 2.5500000000000003 11.100000000000001 1.0000000180025095e-35 3.3666666666666671 89.90000000000002 13.450000000000001 79.100000000000009 5.416666666666667
decision_type=10 1 10 10 10 10 10 1 10 10 10 10 10 1 10 10 8 10 10 10 8 8 8 10 8 10 10 10 10 10
left_child=1 -1 4 7 16 10 11 18 9 23 -6 15 -5 -14 -15 -7 -3 25 26 -16 -18 24 -23 -9 -22 -4 28 -28 -2 -8
right_child=3 2 17 12 5 6 29 8 -10 -11 -12 -13 13 14 19 -17 20 -19 -20 -21 21 22 -24 -25 -26 -27 27 -29 -30 -31
leaf_value=-0.031842821196186401 0.0095043574019481446 0.012843004438515835 -0.029671468876163128 0.029956947058992853 0.0061210565650834797 -0.011108282381429345 0.033733828685824321 0.011466281926856673 -0.013378531840627629 -0.013841697558170864 0.036603767137729386 -0.020391210367167286 0.017680367540406201 -0.0044286008170455532 0.016702826326833457 0.016630313199553041 -0.01495634067485645 0.010015312494053926 0.025278056454135011 -0.0061315942766350228 -0.00010821533176484839 -0.017691961931700084 -0.0039009615640864088 0.042649293658677111 0.023754037246803507 -0.014733351485650286 0.026192204898247105 0.0027305200728266429 -0.01351813682258278 0.0069145702772041686
leaf_weight=56.871659599244595 19.748803704977036 14.556972511112688 17.828555174171925 19.750124335289001 13.246888041496279 15.034139513969423 7.5848970711231258 7.3989539518952387 43.778050728142262 8.1003391519188863 12.066570580005644 17.905575349926949 126.67684900760651 47.397757709026337 80.304865136742592 13.676084026694296 38.344002306461334 6.4667853340506545 12.834322497248648 8.4610484689474088 9.8988902792334574 35.542758166790009 87.870607681572437 7.0040025636553764 15.45968323945999 110.13236890733242 15.199393570423124 21.025408983230591 16.942203089594841 12.469347409904001
leaf_count=620 106 86 154 89 78 88 51 39 328 46 60 122 592 278 377 85 281 47 63 43 70 260 626 43 95 859 79 123 102 75
internal_value=6.12717e-06 -0.00892784 -0.00588354 0.00997474 -0.00147043 0.00608992 0.000561055 0.00279127 -0.00474122 0.0120619 0.0206517 -0.00653603 0.0138394 0.0126283 0.0079282 0.00210497 -0.00491872 -0.015524 0.00861358 0.0145263 -0.00630052 -0.0040696 -0.00787274 0.0266302 0.0144392 -0.0168147 0.00568037 0.0125747 -0.00112636 0.0170581
internal_weight=919.578 484.956 428.084 434.622 293.656 91.9835 66.67 152.031 66.2813 22.5033 25.3135 46.6158 282.591 262.841 136.164 28.7102 201.673 134.428 85.7501 88.7659 187.116 148.772 123.413 14.403 25.3586 127.961 72.9158 36.2248 36.691 20.0542
internal_count=5965 3657 3037 2308 1977 559 421 929 456 128 138 295 1379 1290 698 173 1418 1060 473 420 1332 1051 886 82 165 1013 410 202 208 126
cat_boundaries=0 1 2 3
cat_threshold=2 1 1
is_linear=0
shrinkage=0.03


Tree=26
num_leaves=31
num_cat=3
split_feature=0 6 5 5 4 0 5 7 7 6 7 3 4 6 0 7 6 7 6 0 2 4 4 0 4 4 4 4 6 0
split_gain=79.8107 38.238 14.9167 10.2826 10.1378 9.51487 8.73236 10.4207 7.75681 11.0347 5.11016 12.8643 5.04841 4.57603 4.38745 4.19758 5.23933 8.3379 6.13281 8.56407 5.04081 8.87003 4.34382 4.13407 4.7789 5.2349 5.29558 5.39832 4.47314 5.6018
threshold=6.8333333333333348 5.5500000000000007 0 1 17.900000000000002 10.833333333333334 2 0.7611279883767007 0.42907444668008049 4.8500000000000005 0.4983443708609272 0.77500000000000013 14.900000000000002 5.4500000000000011 7.8333333333333348 0.4733078880407125 4.7500000000000009 0.55592347314201629 5.2500000000000009 3.1666666666666674 70.733333333333348 6.1000000000000005 5.6333333333333337 11.41666666666667 5.366666666666668 22.325000000000003 16.775000000000002 8.4500000000000011 5.2500000000000009 8.5833333333333339
decision_type=10 2 1 1 10 10 1 10 8 2 10 10 10 2 10 10 2 10 2 8 8 10 10 10 10 10 10 10 2 8
left_child=1 2 -1 23 8 10 7 -3 9 -4 -5 13 15 -12 -13 20 -17 -18 19 -19 21 -10 -21 24 -2 26 27 -26 29 -28
right_child=3 6 4 5 -6 -7 -8 -9 12 -11 11 14 -14 -15 -16 16 17 18 -20 22 -22 -23 -24 -25 25 -27 28 -29 -30 -31
leaf_value=-0.030095300497216877 0.029622020923912265 -0.021935977313035288 0.0014445567514341211 -0.0079322328869499831 -0.024531629610449395 0.013125915170692538 -0.023847135927561137 0.017594361292187381 0.0053260472724521351 -0.015431297596636133 0.013756984783146098 -0.014808844898077723 0.018926974803813678 0.045490188826876665 0.0027718792341684504 -0.0059598568422722393 -0.015914007177245806 -0.0045333705638302352 -0.0022388396649799065 0.04892813529152349 -0.0073546158505236447 0.05021510214760902 0.020560526536681181 0.024843516499704066 -0.001371051957752266 0.030747252018406074 -0.028320353416753041 0.015267729069620069 0.014784677339836301 0.0036225309139430299
leaf_weight=17.516769289970398 13.23746971786022 13.452973425388338 82.612280070781708 49.142235808074474 16.623947821557522 74.69816666841507 134.33273036032915 10.835926957428454 10.271619036793714 60.343478158116341 9.1241458654403704 16.786301143467426 17.716071911156178 7.4123174995183936 53.470415979623795 66.979551032185555 12.664778821170328 9.89507147669792 19.448176927864552 6.8057860359549549 7.2202444374561301 6.4491824209690085 16.975999765098095 27.434634298086166 21.460060462355614 11.082007616758345 8.5850096270442062 96.298526719212532 9.7700901329517347 11.641042694449423
leaf_count=187 61 107 528 293 133 343 1299 68 62 434 46 124 121 43 308 421 84 63 125 39 51 41 99 122 108 56 51 467 52 56
internal_value=-0.000705543 -0.00862711 -0.0031098 0.00914748 -0.00169456 0.00452449 -0.0208541 -0.00430044 -0.000498397 -0.00567896 -0.000202092 0.00417471 0.00374747 0.0279811 -0.00142865 0.00203143 -5.35167e-05 0.00595963 0.0111742 0.0189202 0.0135939 0.0226397 0.0286787 0.0140282 0.0123039 0.0108606 0.00936907 0.0122355 -0.001884 -0.00993572
internal_weight=920.287 510.145 351.523 410.142 334.006 210.634 158.622 24.2889 317.382 142.956 135.935 86.7932 174.426 16.5365 70.2567 156.71 132.769 65.7898 53.125 33.6769 23.941 16.7208 23.7818 199.509 172.074 158.837 147.755 117.759 29.9961 20.2261
internal_count=5992 3862 2388 2130 2201 1157 1474 175 2068 962 814 521 1106 89 432 985 831 410 326 201 154 103 138 973 851 790 734 575 159 107
cat_boundaries=0 1 2 3
cat_threshold=2 1 1
is_linear=0
shrinkage=0.03


Tree=27
num_leaves=31
num_cat=5
split_feature=1 6 5 2 1 2 1 5 1 7 7 5 6 0 2 1 5 2 0 2 7 0 2 6 7 2 3 0 5 2
split_gain=75.1592 42.1021 16.3161 10.0229 11.2736 8.71389 9.19745 8.57885 7.22767 6.74084 6.50875 7.72195 6.41529 6.64629 6.2266 4.82385 5.15812 10.1478 5.22095 4.91592 4.44372 5.63427 8.54155 4.90464 4.58646 4.27029 4.09966 3.83119 3.84493 3.68567
threshold=6.9000000000000012 5.5500000000000007 0 70.100000000000009 8.5500000000000025 57.100000000000009 4.366666666666668 1 3.4500000000000006 0.88352713178294584 0.43190909090909096 2 5.9500000000000011 4.5833333333333348 36.100000000000009 11.266666666666667 3 87.90000000000002 8.8333333333333339 87.100000000000009 0.44487847222222227 2.1666666666666674 2.6333333333333337 4.8500000000000005 0.48161665314949992 17.100000000000005 0.90000000000000013 1.0000000180025095e-35 4 41.900000000000006
decision_type=10 2 1 10 10 10 10 1 10 10 10 1 2 10 10 10 1 10 10 10 8 10 8 2 8 8 10 10 1 10
left_child=1 2 -1 -2 7 8 -7 -5 14 26 -3 -12 13 -13 20 16 17 -6 -19 -17 21 22 -4 25 -22 -24 -9 -26 -29 -10
right_child=3 10 5 4 15 6 -8 9 29 -11 11 12 -14 -15 -16 19 -18 18 -20 -21 24 -23 23 -25 27 -27 -28 28 -30 -31
leaf_value=-0.029976030971906275 0.024097525225831258 -0.031365672666332736 0.01366407221302969 0.0074601676802918951 0.033118286275973734 -0.022636493947095871 -0.002399369763172737 0.0020851923399076897 0.020531056491162516 0.018063327831780787 -0.030116217284859564 -0.017468733466341098 -0.016917073844865287 0.015111364115222395 -0.013347333700570415 0.0037044651381661011 0.0034781832524153158 0.023175600504734349 0.0037501212600319048 0.02318022933325516 0.034184765394416318 0.0091960519048492964 -0.020844563275132004 -0.029071279309910051 0.016657542191560942 0.0065286872207434904 -0.021270830517360929 0.016569576624412236 -0.011050791947090037 0.0063696893915690684
leaf_weight=17.251861475408077 43.315450698137283 34.672989636659622 12.114893086254595 66.804222509264946 20.191865935921669 24.500437617301941 115.47840960323811 9.1710818707942945 25.717572674155235 6.5315162166953078 29.46272648870945 9.8142239227890986 72.967041105031967 13.234515964984892 26.49840884655714 14.756916522979735 68.368429638445377 16.791033908724785 48.190515890717506 55.658034026622772 6.1812656596302977 26.78991275280714 9.5918130576610583 14.300595119595526 17.63477911055088 11.024444505572317 25.768607616424561 6.6346341297030449 14.339989811182024 46.352552257478237
leaf_count=188 207 343 73 349 90 207 760 61 142 44 341 74 649 90 194 67 368 81 226 244 37 169 66 112 110 73 184 42 87 260
internal_value=0.000238604 -0.0069874 -0.00148105 0.0105243 0.00875462 -0.000104655 -0.00594146 0.000806789 0.00365732 -0.00991086 -0.0198605 -0.0166813 -0.0125588 0.00123866 -0.000199568 0.0125971 0.00961549 0.0145419 0.00876961 0.0190987 0.00273769 -0.00178536 -0.00804052 -0.0155712 0.0101923 -0.00620685 -0.0151403 0.00635122 -0.00231399 0.011423
internal_weight=910.111 534.563 374.412 375.548 332.232 357.16 139.979 108.275 217.181 41.4712 160.151 125.479 96.0158 23.0487 145.111 223.957 153.542 85.1734 64.9815 70.415 118.612 73.8217 47.0317 34.9169 44.7907 20.6163 34.9397 38.6094 20.9746 72.0701
internal_count=5938 4017 2520 1921 1714 2332 967 638 1365 289 1497 1154 813 164 963 1076 765 397 307 311 769 493 324 251 276 139 245 239 129 402
cat_boundaries=0 1 2 3 4 5
cat_threshold=2 1 2 1 8
is_linear=0
shrinkage=0.03


Tree=28
num_leaves=31
num_cat=3
split_feature=1 5 4 1 5 0 2 1 5 1 1 7 2 1 7 0 7 2 2 4 4 0 1 1 1 1 7 1 2 0
split_gain=67.8137 36.6721 16.4769 12.8198 12.3706 10.6734 9.57378 7.52773 7.14544 7.07733 6.66329 6.01196 5.59182 10.2788 6.37603 5.38864 5.15308 5.15138 4.96604 4.53311 7.23905 8.71443 5.89812 9.99641 4.44815 4.35924 4.3512 4.40945 4.29761 4.30903
threshold=6.1000000000000005 0 9.7000000000000011 11.266666666666667 1 7.8333333333333348 61.900000000000006 8.9000000000000021 2 3.3666666666666671 10.708333333333334 0.89772400712684652 48.675000000000004 3.1000000000000005 0.42583425009167591 9.5833333333333339 0.72427368992669028 22.550000000000004 89.90000000000002 16.775000000000002 8.2666666666666675 8.8333333333333339 6.5500000000000007 7.1000000000000005 5.6333333333333337 4.7750000000000012 0.34955402952087783 0.90000000000000013 87.90000000000002 14.833333333333334
decision_type=10 1 10 10 1 10 10 10 1 10 10 10 10 10 10 10 10 10 10 10 10 10 10 10 10 10 8 10 10 10
left_child=1 -1 5 4 10 8 -6 11 12 -4 15 -8 13 17 -15 19 -14 26 -11 20 -2 22 -22 -24 25 -20 -3 -28 -5 -30
right_child=3 2 9 28 6 -7 7 -9 -10 18 -12 -13 16 14 -16 -17 -18 -19 24 -21 21 -23 23 -25 -26 -27 27 -29 29 -31
leaf_value=-0.031959080691799611 -0.0010940216488652963 -0.015523680643732694 -0.030072335842797657 0.0082794084985038808 0.016363843725570489 0.026253767540591368 -0.011813515142316867 0.004844970259124802 0.0023547165845326842 -0.013554218228398814 -0.011301596595304711 0.013505982638181925 -0.027395879564082341 -0.0027182049848547768 0.026574962779907306 0.020104080798354806 0.0066907782951787847 -0.021572367565704513 -0.010393088863764749 1.5397873988421621e-05 0.043312640673876648 -0.0047910103783834479 -0.0028056513795357194 0.025594839997983131 -0.019698510945606856 0.024757935103358476 -0.0067649097367707915 0.018877705255063094 0.020090152645711547 0.042006365822258779
leaf_weight=51.075977273285389 27.131427258253098 17.948057182133198 20.019332095980644 21.659651383757591 27.548821397125721 12.518828004598616 73.058515377342701 63.562589973211288 145.49422033131123 95.146738149225712 11.442584559321402 9.5425274297595006 19.366834290325645 13.811869889497759 12.964723609387873 56.249142706394196 5.0277753099799147 24.242697983980179 4.9398900419473675 36.474514678120613 9.4909661710262281 13.798337325453756 15.428099170327185 40.263704985380173 5.4983791634440413 8.8886958807706815 14.569289289414884 10.303635530173777 44.195004910230637 9.8788047134876233
leaf_count=598 137 139 179 97 135 61 510 333 915 760 55 67 162 90 82 256 42 201 43 209 55 64 86 195 41 66 115 74 193 42
internal_value=0.000133979 -0.00798566 -0.00500454 0.00829057 0.00606574 -0.000812015 0.000141422 -0.00291617 -0.00209679 -0.013616 0.0109599 -0.00888847 -0.0075746 -0.00424817 0.011465 0.012241 -0.0203706 -0.010522 -0.0107381 0.00913903 0.0122751 0.0168677 0.0214525 0.0177272 0.00312595 0.0122012 -0.00426592 0.00385757 0.0195711 0.0240941
internal_weight=921.542 461.817 410.741 459.725 383.991 276.248 173.712 146.164 263.729 134.493 210.279 82.601 118.235 93.8403 26.7766 198.836 24.3946 67.0637 114.474 142.587 106.113 78.9811 65.1828 55.6918 19.327 13.8286 42.821 24.8729 75.7335 54.0738
internal_count=6002 3568 2970 2434 2102 1881 1045 910 1820 1089 1057 577 905 701 172 1002 204 529 910 746 537 400 336 281 150 109 328 189 332 235
cat_boundaries=0 1 2 3
cat_threshold=2 1 8
is_linear=0
shrinkage=0.03


Tree=29
num_leaves=31
num_cat=3
split_feature=1 5 6 4 6 6 0 0 0 5 2 0 6 0 1 2 2 5 1 6 0 4 4 4 1 2 2 4 2 1
split_gain=69.0219 34.3054 22.0482 11.9301 9.92122 6.40689 10.2812 6.83514 6.1978 6.13676 5.97558 9.85861 8.01693 7.0765 4.24192 5.64007 4.11919 7.81311 6.16309 5.12661 4.48341 5.81282 4.07893 4.75319 3.94644 3.87575 3.42899 3.34192 3.20237 3.18575
threshold=6.1000000000000005 0 6.0500000000000007 11.775000000000002 5.6500000000000012 4.3500000000000005 5.8333333333333348 1.0000000180025095e-35 8.1666666666666696 1 41.900000000000006 2.1666666666666674 4.5500000000000007 0.41666666666666669 7.9000000000000012 80.700000000000003 72.26666666666668 2 8.5500000000000025 5.0500000000000007 7.166666666666667 11.100000000000001 22.225000000000005 23.900000000000002 4.1000000000000005 67.300000000000026 11.300000000000002 10.675000000000002 71.90000000000002 5.2250000000000005
decision_type=10 1 2 10 2 2 10 8 10 1 10 8 2 10 10 10 10 1 10 2 10 10 10 8 10 10 10 8 10 10
left_child=1 -1 3 5 8 6 7 -3 16 -6 11 12 -7 -14 -11 -16 20 18 -18 -19 21 -2 25 -24 -13 27 -9 -10 -27 -12
right_child=4 2 -4 -5 9 10 -8 26 22 14 29 24 13 -15 15 -17 17 19 -20 -21 -22 -23 23 -25 -26 28 -28 -29 -30 -31
leaf_value=-0.03242947298754683 0.0089079883501619311 0.02537620359901898 -0.021845188266814863 -0.014406610815329983 0.013099754105503557 0.010389663038927648 0.036063645924775289 -0.02098914459392465 0.03229605159836578 -0.015554473454236991 -0.012049189094952492 0.0054010052837165602 8.3786341403081682e-05 -0.0263663999264192 0.02206992898005353 -0.0059091413109705043 0.0018652340416593376 -0.0016496228813055202 0.02579966500532738 -0.030311708982318192 -0.0021756621018669967 0.038466189217810143 0.037838179614109499 0.012170915485983973 0.023002365459404164 -0.0070445455325235896 0.0016126346562395958 0.01163472376797353 0.0105397020107673 0.00019898003401745682
leaf_weight=49.375461220741272 16.284072041511539 9.7450281381607038 65.841604560613632 65.380263306200504 19.313294619321823 14.950571663677691 10.163631290197371 7.4687399268150321 13.543163299560545 25.926434338092804 63.898797430098057 58.900241613388062 15.379158034920691 22.3084851577878 8.2865845784544927 29.8127681016922 56.117790624499321 12.710987977683546 11.70168988406658 10.062562420964239 12.406366646289824 9.4702097177505475 11.757788360118864 14.502471894025804 14.235332094132898 9.8177196681499463 31.607228584587574 14.68570624291897 184.25983484089375 27.268285699188709
leaf_count=593 80 55 625 519 101 94 49 49 60 215 466 389 104 170 48 174 320 84 56 72 66 51 53 66 78 47 195 67 866 168
internal_value=-0.000547329 -0.00881429 -0.00595043 -0.00288416 0.00764539 -0.000153928 0.00861306 0.00289835 0.0097145 -0.00172255 -0.00253761 0.00170141 -0.00819888 -0.0155729 -0.00619369 0.000176288 0.00437222 0.00088959 0.00599492 -0.0143141 0.01264 0.019777 0.0124817 0.0236632 0.00882699 0.0111609 -0.00270733 0.0215473 0.00965018 -0.00838573
internal_weight=917.182 456.523 407.147 341.306 460.659 275.925 58.9846 48.821 377.32 83.3391 216.941 125.774 52.6382 37.6876 64.0258 38.0994 128.754 90.593 67.8195 22.7736 38.1606 25.7543 248.567 26.2603 73.1356 222.306 39.076 28.2289 194.078 91.1671
internal_count=5980 3554 2961 2336 2426 1817 348 299 1888 538 1469 835 368 274 437 222 729 532 376 156 197 131 1159 119 467 1040 244 127 913 634
cat_boundaries=0 1 2 3
cat_threshold=2 1 1
is_linear=0
shrinkage=0.03


Tree=30
num_leaves=31
num_cat=3
split_feature=0 5 6 0 5 5 7 6 0 2 0 4 4 6 4 7 6 6 2 4 0 4 4 4 6 7 0 2 6 7
split_gain=63.9706 35.9548 22.1241 10.5038 8.18322 8.02682 5.70191 10.0279 8.40108 5.69838 5.29959 10.937 4.76752 4.27671 4.33248 4.26252 8.57396 6.98925 4.76298 5.73663 4.26174 5.393 7.94863 4.23032 4.18355 4.12881 5.19378 5.67726 4.33455 3.77329
threshold=6.8333333333333348 0 6.0500000000000007 11.16666666666667 1 2 0.34296141814389997 4.9500000000000011 1.0000000180025095e-35 69.90000000000002 4.166666666666667 4.9000000000000012 18.225000000000005 5.9500000000000011 21.266666666666669 0.84420803782505927 5.0500000000000007 5.2500000000000009 73.675000000000011 0.90000000000000013 3.1666666666666674 2.5500000000000003 7.366666666666668 11.100000000000001 4.9500000000000011 0.51639784946236567 8.1666666666666696 86.63333333333334 4.5500000000000007 0.51339392489834978
decision_type=10 1 2 10 1 1 8 2 8 10 8 10 10 2 10 8 2 2 8 10 10 10 10 8 2 10 10 10 2 10
left_child=1 -1 6 4 25 -4 7 10 -8 -5 -3 -12 15 -6 -15 17 23 18 19 -10 21 -21 -23 -17 -20 -2 27 -27 -29 -11
right_child=3 2 5 9 13 -7 8 -9 12 29 11 -13 -14 14 -16 16 -18 -19 24 20 -22 22 -24 -25 -26 26 -28 28 -30 -31
leaf_value=-0.031172003778384329 0.017218746953031546 -0.0061876626688387934 -0.022638438147272032 0.036008870722003872 0.0035432465117053329 0.015941466055933141 0.023023542615402064 -0.018893415662282455 -0.01730201009757935 0.02265978382875878 0.040185486537645518 -0.0031755564478872481 -0.014899840729683044 -0.00094741136543804517 -0.023814730316686614 -0.013303262075615092 0.032604035013641723 -0.0096762755169787894 -0.0096094464540026486 0.021386645361494389 0.013881337354699203 -0.019663504310292942 0.015578017363554346 0.014296851747965274 0.016101219768255615 -0.015435604837384778 0.01195150306455376 -0.0065399418541298524 0.017742271506148901 0.0098126917551408892
leaf_weight=50.681763261556625 54.468645311892033 46.31605226546526 66.085411049425602 12.594007492065428 106.47810213267803 5.2383250072598448 14.538219042122362 41.652615316212177 8.3338237702846509 32.203362032771111 7.8566495329141643 15.690964572131632 18.955400384962559 21.686366319656372 11.364259995520113 10.768273234367372 10.846799597144125 57.399824887514114 36.064529858529568 8.1550879031419736 54.673116184771061 15.70255082845688 9.0970362499356252 9.326980188488962 6.7641903311014167 15.752836741507052 75.866019144654274 11.663402169942858 15.289214268326758 56.984786748886108
leaf_count=624 265 305 642 53 597 41 85 334 49 139 44 103 152 154 79 68 62 424 248 52 324 107 64 62 46 88 352 64 80 259
internal_value=5.49403e-05 -0.00723468 -0.00449899 0.00874841 0.00602275 -0.019805 -0.00156549 -0.00724246 0.000863565 0.0171188 -0.000296182 0.0112918 -0.000445589 0.000617045 -0.0088102 0.000760695 0.0111092 -0.000871421 0.00277002 0.00648281 0.00874486 0.000223233 -0.00673614 -0.000492987 -0.00554881 0.0103816 0.00724075 -0.00112789 0.00723445 0.0144514
internal_weight=908.499 494.148 443.466 414.351 312.569 71.3237 372.142 111.516 260.626 101.782 69.8637 23.5476 246.088 139.529 33.0506 227.132 30.9421 196.19 138.79 95.9616 87.6278 32.9547 24.7996 20.0953 42.8287 173.04 118.571 42.7055 26.9526 89.1881
internal_count=5966 3836 3212 2130 1679 683 2529 786 1743 451 452 147 1658 830 233 1506 192 1314 890 596 547 223 171 130 294 849 584 232 144 398
cat_boundaries=0 1 2 3
cat_threshold=2 1 8
is_linear=0
shrinkage=0.03


Tree=31
num_leaves=31
num_cat=3
split_feature=1 5 6 1 5 2 6 4 0 2 1 5 6 4 6 4 2 1 2 4 2 4 2 1 6 1 2 4 4 2
split_gain=67.9785 31.5974 15.0534 7.46333 7.97135 9.00035 9.04914 6.94486 4.12043 8.62614 6.94231 6.03928 7.63394 4.5206 4.09705 4.468 3.80219 3.79116 5.35801 3.78522 3.74662 3.7186 4.99548 3.99965 3.54717 4.87618 4.07921 3.52805 3.33044 3.31438
threshold=6.1000000000000005 0 6.0500000000000007 8.5500000000000025 1 61.900000000000006 4.9500000000000011 11.450000000000001 3.8333333333333335 54.100000000000009 4.366666666666668 2 4.9500000000000011 2.9000000000000004 4.5500000000000007 2.2666666666666671 73.675000000000011 3.1000000000000005 39.100000000000009 1.7750000000000001 9.1000000000000014 10.100000000000001 86.366666666666688 7.9000000000000012 5.3500000000000005 8.3666666666666689 62.70000000000001 3.7750000000000004 9.4500000000000011 89.90000000000002
decision_type=10 1 2 10 1 10 2 10 10 10 10 1 2 10 2 8 10 10 10 8 10 10 10 10 2 10 10 10 10 10
left_child=1 -1 7 4 24 6 -6 8 13 27 -11 -12 16 14 19 20 -13 -15 -19 -3 -16 -7 -23 -24 25 26 -2 -10 -29 -9
right_child=3 2 -4 -5 5 21 -8 29 9 10 11 12 -14 17 15 -17 -18 18 -20 -21 -22 22 23 -25 -26 -27 -28 28 -30 -31
leaf_value=-0.03096360146385789 0.027503839277288136 0.013376118892556401 -0.018511282845877663 0.012008826022624408 -0.0063522701974098829 -0.028702643305154252 0.030342445590961629 -0.014984608031088427 0.023397678469959316 -0.028823284839107854 -0.019511671282196563 0.0082939612092516879 0.032594831746154823 -0.01343453400602519 -0.0045346429367747309 0.0058248756986466815 -0.015979643029231248 0.023559667023419592 -0.0082702490562449032 -0.00513870464456531 -0.029582738957272307 0.0010924650658122839 -0.024339144009373485 0.0031439004057418145 0.022211467696325947 -0.013687090605104649 0.0072694632545833651 0.003672690358594485 0.0247020502925656 0.0012170827549819493
leaf_weight=47.665526807308197 10.005752488970755 30.064042665064335 63.9233453348279 248.56609868258238 11.16831097006798 6.8199730217456809 13.193820513784884 51.372798465192318 15.498821668326853 9.3899781405925733 10.931722469627857 13.732720144093042 7.5823452472686759 52.880772769451141 13.056921578943731 16.344354912638664 10.063910439610479 6.7783052325248745 15.98214916884899 14.845056809484957 9.1342388167977315 39.654619716107845 16.547652974724773 6.6935530155897132 16.871056526899338 9.0279450416564924 86.358875095844269 42.407286733388901 8.067220523953436 14.591474473476408
leaf_count=603 44 180 625 1175 53 46 68 414 79 77 82 78 45 390 91 118 68 41 119 95 67 279 138 44 93 43 464 245 49 112
internal_value=0.000397949 -0.00785488 -0.00514617 0.00846271 0.00438839 -0.00217642 0.0135205 -0.00265337 -0.000568481 0.00368766 -0.00548774 -0.000308904 0.0063809 -0.0037167 0.00109816 -0.00607804 -0.00197167 -0.00902828 0.00120904 0.0072559 -0.0148448 -0.0076617 -0.00538018 -0.0164239 0.0094398 0.00739533 0.00937044 0.0108781 0.00703376 -0.0114008
internal_weight=919.221 454.313 406.647 464.908 216.342 94.0779 24.3621 342.724 276.76 117.674 51.7007 42.3107 31.379 159.086 83.4446 38.5355 23.7966 75.6412 22.7605 44.9091 22.1912 69.7158 62.8958 23.2412 122.264 105.393 96.3646 65.9733 50.4745 65.9643
internal_count=6025 3578 2975 2447 1272 628 121 2350 1824 723 350 273 191 1101 551 276 146 550 160 275 158 507 461 182 644 551 508 373 294 526
cat_boundaries=0 1 2 3
cat_threshold=2 1 8
is_linear=0
shrinkage=0.03


Tree=32
num_leaves=31
num_cat=3
split_feature=1 5 4 1 2 5 6 7 1 1 5 7 1 7 1 4 2 1 7 4 2 2 7 6 7 2 6 7 3 7
split_gain=55.6275 32.0898 17.4379 11.0935 13.8413 10.2199 9.18697 6.47402 5.49769 5.32776 5.13317 5.26328 5.2133 4.62021 4.45988 7.2795 6.28046 4.44032 4.41571 4.39527 4.23253 6.89762 3.93554 5.24271 3.82326 3.7291 3.61602 3.58471 5.32058 3.60786
threshold=6.1000000000000005 0 11.450000000000001 8.5500000000000025 64.100000000000009 1 5.5500000000000007 0.83216577671091962 5.366666666666668 6.366666666666668 2 0.91440781440781449 9.7083333333333339 0.88352713178294584 4.2250000000000005 5.6333333333333337 54.100000000000009 3.5500000000000003 0.37987341772151906 8.2666666666666675 89.90000000000002 87.100000000000009 0.7626059322033899 5.3500000000000005 0.38672955974842776 49.300000000000004 3.9500000000000006 0.44840263691683574 0.36666666666666675 0.40070422535211275
decision_type=10 1 10 10 10 1 2 10 10 10 1 10 10 10 10 10 10 10 10 10 10 8 10 2 10 10 2 10 10 10
left_child=1 -1 6 4 18 13 14 8 -8 -7 -5 12 -12 -6 16 24 17 26 -2 -20 21 -11 23 -14 -16 -4 -3 29 -29 -28
right_child=3 2 25 10 5 9 7 -9 -10 20 11 -13 22 -15 15 -17 -18 -19 19 -21 -22 -23 -24 -25 -26 -27 27 28 -30 -31
leaf_value=-0.030869024244161342 0.0015538532267496709 0.015999220662736957 -0.035400419917520014 0.016327743514978715 -0.01407160102377605 0.024066020471536984 -0.018469739772346443 0.021375347900400628 0.015363831316951447 0.00057654163127268383 5.7569409594362791e-05 -0.014578078665408794 0.016297604282827501 0.0098952678014495553 0.038052238682507303 0.00079327739115594867 -0.019646545898759665 0.013514946072792543 0.043020388184275428 0.016985573318085923 0.0081123051029439609 -0.030969604197032166 0.027924493682685715 -0.0013085295585049735 0.012476601539995504 -0.014269522514931623 -0.0041952723899807828 0.0086978693295764742 -0.013500261864102057 -0.02193480484911112
leaf_weight=47.468792520463467 9.9421461597084981 9.7718874961137754 8.2359139025211316 113.91293153166771 55.226116023957729 10.989149607717989 47.237172476947308 4.7048065438866606 4.7577807530760756 38.159413360059261 38.090321116149426 8.962016209959982 46.331856414675713 8.3310959190130216 7.8072484135627773 51.460705690085888 15.732185401022432 19.809679791331291 8.369347035884859 19.280760452151299 49.089390151202679 7.4570931643247595 14.06557649374008 22.669963985681534 16.126003421843052 86.037692710757256 71.003843210637569 39.557697035372257 12.882565066218374 12.072695150971411
leaf_count=616 50 56 68 511 405 66 442 38 41 203 211 47 204 57 41 319 133 113 38 94 263 45 66 109 86 753 495 240 88 84
internal_value=-0.000121558 -0.00752603 -0.00480483 0.00734514 0.00223388 -0.0014235 -0.00139729 -0.0123245 -0.0153738 0.00429302 0.0116775 0.00760647 0.00924746 -0.01093 0.00102077 0.00715049 -0.0015349 0.000190955 0.0187006 0.024866 0.00199867 -0.00458042 0.0134615 0.0105133 0.0208196 -0.0161156 -0.00162573 -0.00289664 0.00324464 -0.00677318
internal_weight=905.544 454.667 407.198 450.877 206.845 169.252 312.924 56.6998 51.995 105.695 244.033 130.12 121.158 63.5572 256.225 75.394 180.831 165.098 37.5923 27.6501 94.7059 45.6165 83.0674 69.0018 23.9333 94.2736 145.289 135.517 52.4403 83.0765
internal_count=5982 3613 2997 2369 1221 1039 2176 521 483 577 1148 637 590 462 1655 446 1209 1076 182 132 511 248 379 313 127 821 963 907 328 579
cat_boundaries=0 1 2 3
cat_threshold=2 8 1
is_linear=0
shrinkage=0.03


Tree=33
num_leaves=31
num_cat=3
split_feature=1 6 5 5 1 2 4 1 2 7 6 4 1 2 6 2 5 6 2 3 2 2 6 6 1 1 7 7 7 7
split_gain=54.1481 31.1354 16.5565 9.17784 10.4539 8.58616 7.61334 5.69622 8.85208 5.18809 6.07461 4.88237 4.86036 6.9636 5.41673 4.84952 4.68247 7.66722 7.53629 7.00883 6.4131 4.67209 4.7304 4.4946 4.42252 5.68637 4.14781 4.08673 5.02588 4.46124
threshold=6.1000000000000005 5.9500000000000011 0 1 9.7083333333333339 73.675000000000011 12.775000000000002 1.9000000000000001 41.900000000000006 0.33449883449883455 4.9500000000000011 2.5500000000000003 7.1000000000000005 64.100000000000009 4.9500000000000011 66.63333333333334 2 5.0500000000000007 54.100000000000009 0.45000000000000007 67.300000000000026 18.500000000000004 5.3500000000000005 4.3500000000000005 7.4500000000000011 6.366666666666668 0.66094325718496694 1.0000000180025095e-35 0.36162029459901807 0.45485893416927908
decision_type=10 2 1 1 10 10 10 10 10 10 2 10 8 8 2 10 1 2 10 8 10 10 2 2 10 10 10 10 10 10
left_child=1 2 -1 15 5 12 7 11 9 10 -9 27 13 14 -5 -2 20 18 19 -18 -10 -11 26 -20 25 -17 -23 -4 -29 -30
right_child=3 -3 6 4 -6 -7 -8 8 16 21 -12 -13 -14 -15 -16 24 17 -19 23 -21 -22 22 -24 -25 -26 -27 -28 28 29 -31
leaf_value=-0.029784716885222294 0.027532242043932495 -0.022766137930493757 0.019323215646809739 -0.01000480254578056 0.010696245501463246 -0.008506678164437901 -0.01250692697088422 0.010898126180027511 -0.01896660736204665 0.039215241815053745 -0.016853307174572452 -0.017104006850782252 0.015192377025836593 -0.027843819539468077 0.024095806880568067 0.023405010265880221 -0.0073663147345639536 0.025109013310875093 0.0087191928191682408 0.026679131771344119 0.010088302933100562 0.013891229405205659 0.032840995963896329 -0.013953121275650996 0.012792964130266093 -0.00079129415742561812 -0.01091208734275281 -0.014262135134521063 0.023146001755119699 -0.0029496293256417259
leaf_weight=20.104065716266632 15.499334439635275 94.005218334496021 7.3958854526281348 8.1604527682066017 91.676661878824234 82.104914978146553 50.320717059075832 20.277829229831699 26.144466936588287 7.1733914613723746 10.922719165682791 25.828137286007404 29.17716558277607 7.1485078856348983 8.6215236485004407 10.544160589575766 9.4142507985234278 10.910292431712149 10.097399517893789 12.898359924554823 9.2582378685474378 24.665773682296276 8.5585423186421377 35.664636641740799 161.07869458198547 51.126280002295971 8.0477410107851011 25.47982781380415 7.9228442534804371 23.048191636800766
leaf_count=261 68 1025 48 40 421 572 417 117 196 39 82 197 150 53 46 60 56 70 64 72 76 141 57 253 740 290 43 179 52 141
internal_value=2.39107e-05 -0.0074182 -0.00334407 0.00719404 0.00287578 -0.00242664 -0.0017527 0.000154754 0.0030446 0.0107238 0.00118288 -0.00609815 0.00697315 -0.00304812 0.00751395 0.0113064 -0.00230224 0.00176139 -0.00198052 0.0123145 -0.0113684 0.0168684 0.0129844 -0.00895047 0.0101774 0.00334569 0.00778945 -0.00164591 -0.00439317 0.00372602
internal_weight=913.276 448.139 354.133 465.138 226.889 135.213 334.029 283.709 194.034 79.646 31.2005 89.6749 53.1076 23.9305 16.782 238.248 114.388 78.9849 68.0746 22.3126 35.4027 48.4454 41.2721 45.762 222.749 61.6704 32.7135 63.8467 56.4509 30.971
internal_count=6026 3586 2561 2440 1282 861 2300 1883 1266 479 199 617 289 139 86 1158 787 515 445 128 272 280 241 317 1090 350 184 420 372 193
cat_boundaries=0 1 2 3
cat_threshold=2 1 8
is_linear=0
shrinkage=0.03


Tree=34
num_leaves=31
num_cat=3
split_feature=1 5 6 6 7 2 4 1 5 2 1 7 1 2 7 7 2 2 5 7 1 2 2 4 4 4 2 1 1 4
split_gain=51.7798 28.7239 14.2335 9.32787 6.72434 8.02909 6.43974 5.92286 6.8108 7.78086 8.40789 6.45976 5.35688 5.70868 5.1357 5.71683 4.68504 4.46939 4.26989 6.31794 4.42141 6.00317 4.05847 4.0097 3.93925 3.83662 3.45388 3.35823 3.97832 4.613
threshold=6.1000000000000005 0 5.5500000000000007 5.8500000000000005 0.84420803782505927 77.700000000000003 17.900000000000002 11.100000000000001 1 71.450000000000017 7.7083333333333348 0.52508992805755406 5.1000000000000005 71.100000000000009 0.89772400712684652 0.91440781440781449 78.700000000000003 76.450000000000017 2 0.42583425009167591 4.2250000000000005 54.100000000000009 85.450000000000017 15.225000000000001 14.775000000000002 20.550000000000004 89.90000000000002 9.3666666666666689 7.1000000000000005 18.550000000000004
decision_type=10 1 2 2 10 10 10 10 1 10 10 10 10 10 10 10 10 10 1 8 10 10 10 10 10 10 10 10 10 10
left_child=1 -1 6 7 -4 -6 12 8 17 10 11 -10 13 18 22 -16 -11 24 19 -3 21 -20 -5 -9 -2 -25 -15 28 -18 -30
right_child=3 2 4 14 5 -7 -8 23 9 16 -12 -13 -14 26 15 -17 27 -19 20 -21 -22 -23 -24 25 -26 -27 -28 -29 29 -31
leaf_value=-0.030563998561043349 0.023451608578338022 -0.013669218624358909 -0.017838256752630708 9.4051997526299041e-05 0.034891420987417474 -0.015679765483791113 -0.025372139677668579 0.027127401966454877 -0.016033084294067173 -0.020641918929311269 0.026608392347945358 0.014247788902575997 0.0070328412240677173 -0.024223428847617204 0.024116110797618877 -0.0073035047370318901 0.01328497387762349 0.0078788186534297384 0.0018061354914680815 0.0039106035648801551 0.01600806523441663 -0.022818694053851278 -0.017626685824419265 0.0041839770428370518 0.0015365499572574564 0.020728528308915264 0.0015588159710225671 0.0070016382791740937 -0.004358496988944127 -0.030143786227558401
leaf_weight=43.951030403375626 34.381202355027199 48.620542898774147 86.235657326877117 22.56547087430954 5.0541381835937482 6.4079510942101479 10.080754093825815 21.665388211607933 11.850997507572176 13.159761860966681 18.813817068934441 13.635905168950556 59.690041594207287 16.923587486147884 10.740562826395037 10.125183574855326 7.2957879006862631 153.37923938035965 104.0306081995368 29.599846996366978 17.22077053040266 9.7445795163512212 24.005703710019588 27.709308668971062 9.4002638012170774 23.157400757074356 6.4619380608201018 27.404650703072548 23.268884524703029 8.5345476493239385
leaf_count=598 159 370 832 160 40 61 93 92 63 81 87 69 369 145 65 58 53 757 641 193 92 80 170 120 47 98 51 135 144 57
internal_value=-0.000230873 -0.00754297 -0.00501392 0.00681049 -0.0149688 0.00661929 -0.00179745 0.00857656 0.00682769 0.00131777 0.0113966 0.000167673 -0.00098439 -0.00304176 -0.00349879 0.00886962 -0.00428705 0.010292 -0.00147047 -0.00701673 0.00184132 -0.000302924 -0.00904033 0.0163194 0.0187463 0.011716 -0.0170992 -0.00105075 -0.00669468 -0.0112781
internal_weight=905.116 444.021 400.07 461.094 97.6977 11.4621 302.373 393.657 321.125 123.964 44.3007 25.4869 292.292 232.602 67.4369 20.8657 79.6636 197.161 209.216 78.2204 130.996 113.775 46.5712 72.5321 43.7815 50.8667 23.3855 66.5039 39.0992 31.8034
internal_count=5980 3565 2967 2415 933 101 2034 1962 1652 689 219 132 1941 1572 453 123 470 963 1376 563 813 721 330 310 206 218 196 389 254 201
cat_boundaries=0 1 2 3
cat_threshold=2 1 8
is_linear=0
shrinkage=0.03


Tree=35
num_leaves=31
num_cat=2
split_feature=5 0 5 2 7 1 2 4 4 1 1 2 7 0 2 7 7 2 7 7 0 0 2 4 1 2 7 7 1 7
split_gain=46.7277 33.5836 17.3961 7.09093 8.0167 7.38501 7.90296 7.9063 6.10636 6.53769 5.22095 5.5882 5.03985 4.68559 6.09768 4.61135 4.90641 4.00733 3.98873 3.75533 3.62396 3.53197 3.30304 3.28887 3.11897 6.89115 7.11632 8.02692 5.60274 4.66894
threshold=0 8.1666666666666696 1 40.900000000000006 0.32101962922573618 3.1000000000000005 22.550000000000004 3.5500000000000003 16.633333333333336 1.9000000000000001 5.2250000000000005 88.100000000000009 0.9036062378167643 2.1666666666666674 27.100000000000005 0.4708313077297035 0.8609903381642513 5.3000000000000016 0.90672316384180796 0.65319727891156465 5.166666666666667 5.166666666666667 62.225000000000009 14.900000000000002 7.2250000000000005 67.300000000000026 0.84420803782505927 0.61956064746689099 4.6333333333333337 0.79289318755256533
decision_type=1 10 1 8 10 10 10 10 10 8 8 10 10 10 10 8 10 10 10 10 10 8 8 10 10 10 10 10 10 10
left_child=12 2 3 4 13 6 7 -6 9 17 23 15 -1 -2 -15 22 -17 -4 20 -13 -10 -7 -12 -5 25 26 27 -11 -27 -30
right_child=1 -3 8 10 5 21 -8 -9 18 24 11 19 -14 14 -16 16 -18 -19 -20 -21 -22 -23 -24 -25 -26 28 -28 -29 29 -31
leaf_value=-0.030731112131657145 -0.023744046042044165 0.010134970776973968 0.0055465650689602679 -0.021930697289355379 -0.0013580617546037645 0.038869150944972626 -0.018782358139675447 0.040772196247144545 -0.028036394487164676 0.01288175143102427 0.0012268841592733008 -0.0027531992765400738 0.0013251735127029834 0.01836010317276689 -0.019925402161552714 0.0051506726938963113 -0.022363217616498419 -0.011929389652838279 0.01312648661525153 -0.030675806149989302 -0.00630892319498896 0.0091820115963932008 -0.019869620317584429 -0.0064948148411428427 0.01492874154211685 -0.018223214617505278 0.037386349331824845 -0.0078940829379578244 -0.0036971237853511631 0.013057465365426303
leaf_weight=45.12254860252142 15.959954909980299 310.05091229081154 18.79667866230011 50.216812193393707 12.992193587124353 7.7418241575360272 13.0006837695837 5.7979637682437888 9.2709469273686391 69.701782211661339 9.8345827460289019 6.4110220819711712 4.8926280811429015 7.6472666859626752 7.3353101387619972 44.999828457832336 6.7018756046891204 31.766511514782906 6.839080184698104 13.386067114770411 27.116862960159779 6.7528922036290178 20.819205559790134 16.506518550217152 33.770135015249252 14.791653342545031 8.0055306553840619 22.025737762451172 42.400392174720764 23.13744167983532
leaf_count=615 135 1470 108 467 101 48 115 42 85 415 61 52 48 55 55 322 52 223 39 114 183 39 168 170 160 133 42 133 272 136
internal_value=0.000597303 0.00222973 -0.00219668 -0.00814165 -0.000611397 0.0072915 -0.000799978 0.0116418 0.0025594 0.00426844 -0.0115853 -0.00732218 -0.0275953 -0.012433 -0.000384073 -0.00388195 0.00158416 -0.00543277 -0.00789391 -0.0216334 -0.0118447 0.0250383 -0.0131013 -0.0181121 0.0065624 0.00499333 0.0102604 0.00789303 -0.00154607 0.00221791
internal_weight=913.793 863.778 553.727 246.104 77.2281 46.2856 31.7908 18.7902 307.623 264.396 168.876 102.153 50.0152 30.9425 14.9826 82.3555 51.7017 50.5632 43.2269 19.7971 36.3878 14.4947 30.6538 66.7233 213.833 180.063 99.7331 91.7275 80.3295 65.5378
internal_count=6058 5395 3925 1996 590 345 258 143 1929 1622 1406 769 663 245 110 603 374 331 307 166 268 87 229 637 1291 1131 590 548 541 408
cat_boundaries=0 1 2
cat_threshold=2 8
is_linear=0
shrinkage=0.03


Tree=36
num_leaves=31
num_cat=2
split_feature=5 0 6 4 7 1 7 4 0 6 7 7 4 7 7 4 1 0 7 1 1 7 7 4 7 3 5 4 0 1
split_gain=44.8309 28.7967 18.7642 8.84458 5.74721 5.61392 5.05212 6.68623 6.67759 7.24219 4.98419 4.64877 4.40114 4.26169 4.04743 3.74984 5.19875 3.88637 5.27902 4.67998 6.21283 4.56795 4.28362 4.72834 4.18697 3.71763 3.66161 4.28884 3.50865 3.57054
threshold=0 8.1666666666666696 6.1500000000000012 18.225000000000005 0.99295774647887336 8.5500000000000025 0.34296141814389997 12.100000000000001 4.8333333333333348 4.6500000000000012 0.9298029556650248 0.50165562913907291 8.2666666666666675 0.9036062378167643 0.032433380084151482 5.366666666666668 6.366666666666668 8.8333333333333339 0.18366666666666667 7.1000000000000005 8.6333333333333346 0.45176799007444174 0.59428977850030495 17.450000000000003 0.48790243902439029 0.90000000000000013 1 20.900000000000002 9.4166666666666696 12.900000000000002
decision_type=1 10 2 10 10 10 8 10 10 2 10 10 10 10 10 10 10 10 10 10 10 10 10 8 10 10 1 10 10 10
left_child=13 2 3 5 10 6 7 8 14 -10 15 -4 -11 -1 -2 -3 -17 22 -19 -20 25 -22 -18 -24 -23 -21 27 -5 -26 -30
right_child=1 4 11 26 -6 -7 -8 -9 9 12 -12 -13 -14 -15 -16 16 17 18 19 20 21 24 23 -25 28 -27 -28 -29 29 -31
leaf_value=-0.031223716824937232 0.012715178163042526 0.026910408709864889 -0.030143365776596789 -0.021944561818785974 -0.011064314298425096 0.01673426130551374 0.002154852535820036 -0.023993361632672718 0.026710926763112257 -0.019175589792321954 0.027075860869135378 -0.012445203790702955 0.014219071833986921 -0.0034453228191287833 -0.0092699102320756201 -0.011024379005354055 0.0063179679013622425 0.025670648454465726 0.025649400057108401 0.0044271520658255709 -0.0013771952008248291 0.029436792912583408 0.036846149176193659 0.0091828479262509432 -0.0050803922376864144 -0.015941625280967757 -0.031364293490403539 0.0024224448348792844 0.01313436183251037 -0.0032944683081577884
leaf_weight=42.993726156651974 8.4437140896916372 10.03378666937351 17.717578530311584 12.399084046483042 12.40775455534458 19.018504679203033 300.09884250164032 14.81128031760454 12.838986679911615 7.968157656490801 14.267055273056028 54.279128648340702 6.4084135219454765 5.6204072162508956 70.138359740376472 12.054346986114977 17.254984557628632 13.568956330418585 10.717708006501196 14.790425822138785 38.220288917422295 9.6743812263011915 14.220899969339369 9.1317009031772631 14.186083346605299 17.734115175902843 8.9986516833305341 13.666414156556128 86.120486572384834 13.815925449132918
leaf_count=603 59 42 191 93 58 94 1944 114 69 52 63 540 43 55 508 64 88 60 52 72 171 43 71 51 69 94 81 99 398 59
internal_value=1.11774e-05 0.00160457 -0.00252894 -0.000364813 0.00893799 0.000791431 7.07194e-05 -0.00511502 -0.00247212 0.0103349 0.00977705 -0.0168005 -0.00428979 -0.0280122 -0.00690759 0.00890038 0.00823476 0.00912961 0.00754789 0.00634986 0.00528661 0.00768867 0.0176533 0.0260288 0.0104876 -0.00667899 -0.0148648 -0.00916868 0.00888125 0.0108631
internal_weight=903.6 854.986 546.787 474.79 308.199 439.726 420.708 120.609 105.798 27.2156 295.791 71.9967 14.3766 48.6141 78.5821 281.524 271.49 259.436 218.828 205.259 194.542 162.017 40.6076 23.3526 123.797 32.5245 35.0641 26.0655 114.122 99.9364
internal_count=6000 5342 3887 3156 1455 2883 2789 845 731 164 1397 731 95 658 567 1334 1292 1228 1018 958 906 740 210 122 569 166 273 192 526 457
cat_boundaries=0 1 2
cat_threshold=2 1
is_linear=0
shrinkage=0.03


Tree=37
num_leaves=31
num_cat=2
split_feature=5 0 6 4 4 6 7 7 0 4 0 4 4 1 0 7 7 7 7 7 7 7 7 0 3 4 3 7 1 5
split_gain=46.2779 28.0465 17.2701 7.57966 6.84532 6.83063 5.67948 5.36305 5.5418 10.6953 4.2117 8.86687 5.39889 9.54809 7.34826 5.34411 5.67442 5.96672 4.79469 5.63197 4.47232 6.78224 6.43334 5.54674 4.07852 3.72451 3.82865 3.48751 4.06389 3.38783
threshold=0 6.8333333333333348 5.9500000000000011 3.7750000000000004 18.225000000000005 7.2500000000000009 0.91901828298887134 0.99295774647887336 8.1666666666666696 17.450000000000003 2.1666666666666674 0.63333333333333341 6.9000000000000012 5.2250000000000005 5.5833333333333348 0.78736702127659586 0.62229992229992248 0.45485893416927908 0.7960174361006539 0.59428977850030495 0.24253565062388596 0.17677696078431376 0.10035971223021585 4.5833333333333348 0.55000000000000016 14.900000000000002 0.55000000000000016 0.76490327674694047 7.9000000000000012 1
decision_type=1 10 2 10 10 2 10 10 10 10 10 8 10 10 10 8 10 10 8 10 10 8 8 10 8 10 10 10 10 1
left_child=-1 2 4 -3 6 7 10 8 9 27 11 -2 20 25 15 16 17 -15 19 -16 21 22 -12 -22 -13 26 -14 28 -5 -4
right_child=1 3 29 5 -6 -7 -8 -9 -10 -11 12 24 13 14 18 -17 -18 -19 -20 -21 23 -23 -24 -25 -26 -27 -28 -29 -30 -31
leaf_value=-0.028972778051801346 0.0094827923940369058 0.034291598116393339 -0.019301494426392923 0.0057664787182620369 -0.017769509895646254 -0.01716276199314928 0.020700828278917463 -0.0098196863677616434 0.010028008240472017 -0.018355531584789704 0.026268012220466767 -0.015844445202535373 -0.0033428155126233637 0.0048018164137489938 -0.0079051366551090244 0.040315125254775916 -0.013019854033802753 0.042318523849150344 -0.023948281634443055 0.017467347957178542 -0.0034099479899996842 0.043309977573605593 -0.014681831602195491 0.013489176558413293 -0.00034600548337475925 0.0085078012884830575 -0.018953387382746892 -0.002719933286131228 0.024015604473309783 0.0013311355117217598
leaf_weight=47.053726054728031 24.932016260921955 9.0569706335663778 65.13354629278183 39.380283206701279 20.778654053807259 10.652753263711928 11.489071518182753 16.029112637042999 282.90099506080151 19.152308583259583 7.3784927204251298 51.375757940113544 23.000373832881451 9.6097389459610039 19.756585843861103 6.7410514801740637 6.8098498433828345 6.327454484999179 7.8074076175689688 13.090763837099074 42.747736714780331 7.010947458446025 6.4897517040371904 29.57374844700098 21.751561596989632 8.3001044914126378 36.705932840704918 24.748609438538551 15.229794874787329 8.0472507774829847
leaf_count=659 149 41 691 236 179 78 69 79 1329 133 45 379 156 60 125 39 42 40 46 77 281 45 42 166 161 72 303 141 76 62
internal_value=-1.01336e-05 0.00158938 -0.00374165 0.0071467 -0.00105239 0.00654427 -3.34328e-05 0.00717969 0.00789411 0.00176603 -0.000756598 -0.00596701 0.00145187 -0.00231234 0.0054535 0.0168548 0.00990236 0.0196969 -0.00281619 0.00220664 0.00703148 0.0192623 0.00710522 0.00350045 -0.0112345 -0.0103221 -0.0129398 0.00662213 0.0108558 -0.0170326
internal_weight=899.062 852.009 434.858 417.151 361.677 408.094 340.898 397.441 381.412 98.511 329.409 98.0593 231.35 138.149 70.1429 29.4881 22.747 15.9372 40.6548 32.8473 93.2007 20.8792 13.8682 72.3215 73.1273 68.0064 59.7063 79.3587 54.6101 73.1808
internal_count=6001 5342 3229 2113 2476 2072 2297 1994 1915 586 2228 689 1539 960 429 181 142 100 248 202 579 132 87 447 540 531 459 453 312 753
cat_boundaries=0 1 2
cat_threshold=2 8
is_linear=0
shrinkage=0.03


Tree=38
num_leaves=31
num_cat=2
split_feature=0 6 2 7 5 1 5 2 4 4 1 4 2 4 2 1 6 1 2 2 7 2 7 7 6 4 4 7 4 6
split_gain=42.0399 27.4317 9.06115 8.82571 9.53164 8.32503 6.42978 5.18009 6.55138 4.92507 4.5026 4.26743 6.9671 5.96425 4.07262 7.51174 7.22517 6.33194 4.34778 6.06465 4.26787 6.62821 4.04842 3.97229 7.69915 3.69758 3.85955 5.99027 5.47026 5.77765
threshold=6.8333333333333348 5.4500000000000011 47.300000000000004 0.48790243902439029 0 7.9000000000000012 1 40.900000000000006 5.366666666666668 25.633333333333336 2.1000000000000005 15.225000000000001 78.700000000000003 20.366666666666671 31.633333333333336 3.1000000000000005 4.9500000000000011 1.9000000000000001 72.26666666666668 89.90000000000002 0.35737937559129618 54.100000000000009 0.26336189310485519 0.54749373433583981 4.9500000000000011 9.1000000000000014 11.633333333333335 0.75446570972886773 15.900000000000002 5.7500000000000009
decision_type=10 2 10 8 1 10 1 10 10 10 8 10 10 10 8 8 2 10 8 8 10 10 10 10 2 10 10 10 10 2
left_child=1 6 -2 -3 -5 11 -1 8 10 -7 -6 -4 -13 -14 16 -16 17 -8 20 -20 21 -17 -23 -21 -25 -9 27 -27 -28 -30
right_child=2 3 5 4 7 9 14 25 -10 -11 -12 12 13 -15 15 18 -18 -19 19 23 -22 22 -24 24 -26 26 28 -29 29 -31
leaf_value=-0.0258871086832148 0.029715978885326903 -0.027116661250722349 0.0031750931129580192 -0.029548168230303956 -0.023343324781482128 0.0096239555136497651 0.0029399077832359755 -0.027184578412760896 0.027488715266050429 -0.00891601890599052 0.0077273535775677455 -0.027756944847791697 -0.011017398954567563 0.018560911127633958 -0.016045507043067092 0.007428463075138312 -0.01136425743807699 0.021664868776671255 -0.013691626629900177 -0.0076344682103263234 0.008641106690621821 -0.00092504586867605415 -0.033562445259989894 -0.00079644749801910202 0.035398143725796923 -0.013125933488770529 -0.02502492411305305 0.032258806962599619 0.023899066002754474 -0.011045626897782306
leaf_weight=9.0927015617489815 14.956528812646864 47.829087592661381 87.383322112262249 21.695282481610775 7.5243984013795915 275.15455013513565 47.391791008412838 11.591908663511274 7.6011892333626738 13.529528148472307 9.4940835088491422 12.018008053302763 16.79574736952782 9.6668304651975614 31.656621389091015 17.693735748529438 19.15866943448782 24.736632965505123 39.708580106496811 19.577738054096699 63.930297635495663 5.8128307312726966 8.3114144355058652 17.005886934697632 7.6770720705389968 5.6831962540745717 18.099316447973251 4.8519652485847473 5.4669163301587131 19.260448634624481
leaf_count=129 75 551 482 328 63 1292 306 104 63 67 73 83 112 69 241 110 140 136 299 140 385 41 58 110 46 55 164 41 40 187
internal_value=-1.18199e-05 -0.00620319 0.00677558 -0.0163395 -0.0117069 0.00594791 -0.00103031 -0.00738564 0.00433258 0.00875506 -0.00600996 -0.000490635 -0.00881492 -0.000212386 -0.000283554 -0.00257051 0.00501187 0.00936168 -0.00019694 -0.00517964 0.00417279 -0.00480518 -0.0201305 0.0024569 0.0104611 -0.0118272 -0.00849113 0.00777599 -0.0124928 -0.00331978
internal_weight=900.356 470.852 429.505 159.098 111.269 414.548 311.754 89.5734 24.6197 288.684 17.0185 125.864 38.4806 26.4626 302.661 211.374 91.2871 72.1284 179.718 83.9693 95.7483 31.818 14.1242 44.2607 24.683 64.9538 53.3618 10.5352 42.8267 24.7274
internal_count=5990 3810 2180 1669 1118 2105 2141 790 199 1359 136 746 264 181 2012 1430 582 442 1189 595 594 209 99 296 156 591 487 96 391 227
cat_boundaries=0 1 2
cat_threshold=2 2
is_linear=0
shrinkage=0.03


Tree=39
num_leaves=31
num_cat=2
split_feature=1 5 4 1 2 5 1 2 4 4 1 4 2 4 4 4 7 2 2 0 7 0 1 4 7 1 0 2 1 2
split_gain=45.1228 25.2697 8.34389 6.36985 5.80443 5.4219 6.80762 9.33247 5.20443 5.252 5.14732 4.93906 4.0028 3.91377 5.26835 4.18281 4.74752 3.66631 3.66148 8.44886 6.25129 4.83384 4.47757 5.46873 3.85365 3.50484 4.74685 3.44351 3.4254 5.12819
threshold=6.1000000000000005 0 10.225000000000001 4.291666666666667 0.90000000000000013 1 10.775000000000002 70.90000000000002 4.9000000000000012 9.4500000000000011 7.1000000000000005 11.366666666666669 66.366666666666688 16.775000000000002 15.633333333333335 20.633333333333336 0.84764185703758299 53.70000000000001 38.45000000000001 2.1666666666666674 0.37170824670824676 2.4166666666666674 0.70833333333333337 2.5500000000000003 0.85379556042751448 11.900000000000002 12.833333333333334 54.100000000000009 5.2250000000000005 54.100000000000009
decision_type=10 1 10 10 8 1 10 10 10 10 10 10 10 10 10 10 10 10 10 10 8 8 8 8 8 10 10 10 10 10
left_child=1 -1 3 4 -3 13 7 10 27 28 17 -9 -12 14 -2 16 -15 -7 19 20 -6 -21 -22 -24 -25 -8 -27 -5 29 -10
right_child=5 2 -4 8 18 6 25 11 9 -11 12 -13 -14 15 -16 -17 -18 -19 -20 21 22 -23 23 24 -26 26 -28 -29 -30 -31
leaf_value=-0.030017437906695817 0.009842591455948858 0.012549471906477292 -0.012056641297475459 0.032701835172250032 -0.019876012866918896 0.015015643084362233 0.019460430525867146 -0.027006934957901386 0.0022849301436719707 0.021704747462941567 0.0096360028889189483 -0.0034805780234563218 0.032536970779038887 -0.011059786282976786 0.027517639740794336 0.011850041344640495 0.011809665747981164 -0.0098817370880771513 -0.013416585415393287 0.02723456963734407 -0.022456434384672395 0.0014516678625726474 0.02265572820683005 -0.010248888132430354 0.016512384314688513 -0.0063999967572603523 0.014415732210015705 0.0066400149744881669 0.0056055442994253782 -0.02413959720537712
leaf_weight=40.095058128237724 161.90785455703735 15.638085059821604 108.76225692778826 8.7493752390146273 34.530737437307835 8.4933588802814501 26.164611473679543 8.6994602978229505 13.710686951875688 9.0470790788531286 17.796601742506031 104.54165837913752 11.18703271448612 25.19807231426239 16.747240051627159 27.055384680628777 12.088951736688612 14.261003248393534 50.152862228453159 7.525133103132247 8.6909004151821119 50.215794026851654 8.4732276499271411 23.332752622663975 6.1112935394048682 17.47293384373188 22.628853633999825 9.5357555970549566 21.792457185685635 12.762680880725382
leaf_count=617 753 91 973 42 276 40 118 60 82 60 82 687 56 132 80 136 61 87 419 53 65 317 57 181 41 76 95 54 127 99
internal_value=-0.000292501 -0.00734097 -0.00500384 -0.0022669 -0.00501559 0.00608541 0.00279719 -0.000465035 0.00517478 0.000728721 0.010091 -0.00528793 0.0184753 0.0092146 0.0114995 0.0028704 -0.0036452 -0.000588469 -0.0064687 -0.00395965 -0.0102017 0.00481185 -0.00303428 0.00141741 -0.00469442 0.0109189 0.00534602 0.0191105 -0.00320308 -0.0104542
internal_weight=903.369 429.126 389.031 280.269 204.671 474.243 231.246 164.979 75.598 57.3129 51.738 113.241 28.9836 242.998 178.655 64.3424 37.287 22.7544 189.033 138.88 81.1389 57.7409 46.6082 37.9173 29.444 66.2664 40.1018 18.2851 48.2658 26.4734
internal_count=6017 3554 2937 1964 1500 2463 1301 1012 464 368 265 747 138 1162 833 329 193 127 1409 990 620 370 344 279 222 289 171 96 308 181
cat_boundaries=0 1 2
cat_threshold=2 1
is_linear=0
shrinkage=0.03


Tree=40
num_leaves=31
num_cat=2
split_feature=6 1 7 5 4 6 5 4 7 1 2 2 2 6 4 1 1 2 7 7 7 7 4 7 4 7 2 1 2 4
split_gain=41.1968 21.4679 15.0065 12.5271 9.27544 7.89442 7.50647 6.11919 4.89057 4.42216 6.14062 5.8618 6.65224 6.09954 5.84611 5.01148 4.19319 4.05683 4.03468 5.31231 4.03259 6.12578 3.71759 3.8697 4.22045 3.46435 3.39422 3.10888 7.27665 5.1892
threshold=5.6500000000000012 8.6333333333333346 0.84764185703758299 0 17.900000000000002 7.1500000000000012 1 22.633333333333336 0.91440781440781449 5.1000000000000005 72.26666666666668 73.675000000000011 78.500000000000014 4.3500000000000005 13.775000000000002 5.6333333333333337 7.5500000000000007 89.90000000000002 0.17677696078431376 0.12543706293706297 0.48457573354480576 0.53073822121441183 18.900000000000002 0.73706512042818917 22.325000000000003 0.46180371352785149 33.100000000000009 3.4500000000000006 36.100000000000009 4.6333333333333337
decision_type=2 10 10 1 10 2 1 10 10 10 10 10 10 2 10 10 10 10 8 10 10 10 10 10 10 10 8 8 10 8
left_child=1 3 6 -1 9 8 -2 -6 -4 10 18 13 -13 -11 -15 -14 -17 -7 19 26 -8 -22 -23 -24 -25 -18 -5 28 -20 -29
right_child=2 -3 5 4 7 17 20 -9 -10 11 -12 12 15 14 -16 16 25 -19 27 -21 21 22 23 24 -26 -27 -28 29 -30 -31
leaf_value=-0.028112698502778848 -0.032260821653096294 0.01180416316603599 0.026309692723096481 0.005112704540244358 -0.020123626458785411 -0.021231019343915428 -0.022685688396766386 0.0081913028983640127 -0.00050865802184747266 0.028708347494827934 -0.017204444343700914 -0.021649447258423823 0.023622827618082036 0.0037232169083927153 0.022571532092917571 -0.0053634385195665242 0.022878564784447265 0.0065334010963431768 0.0037725713503024461 -0.025789730253793195 0.014354030273096634 -0.016996474157768067 -0.013995875444256125 0.029020299780255891 -0.0085170755962923044 0.0028582973931066311 -0.019377746740045752 0.023222565639003923 -0.014822136297987632 0.0033041192010602586
leaf_weight=13.696104306727648 23.629126131534576 199.89120201021433 13.749111875891687 20.340292945504192 28.624194428324699 12.700687505304815 33.684850506484509 9.0381482094526273 11.028781443834303 13.997410200536249 18.707561232149601 11.055230788886545 9.4807969629764539 74.560039386153221 18.481377236545086 48.595979206264019 10.053129732608793 7.553266003727912 79.663733132183552 10.931707441806791 8.1068919748067838 59.116388335824013 12.946540594100954 5.4154778942465764 5.3675834536552429 34.388555601239204 6.7945106327533713 14.902595333755015 24.848633356392384 56.027163684368134
leaf_count=203 375 890 80 134 214 125 344 61 62 65 163 73 67 388 104 292 51 62 510 78 65 522 97 39 44 173 51 76 201 380
internal_value=0.000116544 0.00348452 -0.0121511 0.000186099 0.000976293 0.0030162 -0.0167577 -0.0133287 0.0143727 0.00216605 -0.000723564 0.00520766 0.000460282 0.0102449 0.00746717 0.00284452 0.00072715 -0.0108769 0.000720486 -0.00813298 -0.0138186 -0.0105347 -0.0129702 -0.0029396 0.010335 0.00738707 -0.00101966 0.00264146 -0.000648466 0.00748906
internal_weight=897.377 704.078 193.299 504.187 490.491 45.0318 148.267 37.6623 24.7779 452.829 232.216 220.613 113.574 107.039 93.0414 102.518 93.0377 20.254 213.509 38.0665 124.638 90.9529 82.846 23.7296 10.7831 44.4417 27.1348 175.442 104.512 70.9298
internal_count=5989 4174 1815 3284 3081 329 1486 275 142 2806 1593 1213 656 557 492 583 516 187 1430 263 1111 767 702 180 83 224 185 1167 711 456
cat_boundaries=0 1 2
cat_threshold=2 2
is_linear=0
shrinkage=0.03


Tree=41
num_leaves=31
num_cat=2
split_feature=1 5 6 7 6 7 2 2 0 5 2 7 7 7 1 2 7 3 1 1 6 6 7 7 6 1 7 1 7 7
split_gain=39.7988 24.9167 9.25901 9.6162 6.54931 4.02294 3.88423 4.90292 4.81626 3.71698 4.33333 5.26145 3.96728 3.8891 3.71511 3.94587 3.69705 4.49925 6.56173 5.44994 4.13149 3.65674 3.54366 4.33417 4.06082 3.4836 3.47478 3.45313 3.42196 5.14335
threshold=6.1000000000000005 0 5.6500000000000012 0.85379556042751448 5.6500000000000012 0.43881221553369554 72.100000000000009 89.90000000000002 3.8333333333333335 1 82.225000000000009 0.90234733174399417 0.75091240875912424 0.75874296894106152 12.450000000000001 48.675000000000004 0.33004854368932046 0.22500000000000003 1.9000000000000001 3.5500000000000003 4.4500000000000011 4.8500000000000005 0.48457573354480576 0.41696642685851326 4.3500000000000005 8.9000000000000021 0.79932885906040274 5.6333333333333337 0.65319727891156465 0.57517123287671235
decision_type=10 1 2 10 2 10 10 10 10 1 10 10 10 10 10 10 8 10 10 10 2 2 10 10 2 10 10 8 10 10
left_child=1 -1 6 -4 14 -6 8 -8 16 10 13 12 -12 -7 15 -2 -3 18 -18 20 -19 -20 23 24 -10 -11 28 -9 29 -24
right_child=4 2 3 -5 5 9 7 27 22 25 11 -13 -14 -15 -16 -17 17 19 21 -21 -22 -23 26 -25 -26 -27 -28 -29 -30 -31
leaf_value=-0.029733607084345446 0.031225562448930003 -0.0096236145064262299 -0.016317484627375919 0.018772267108109326 -0.023029314796493918 0.020144962130152821 -0.016823535435190294 0.010116169540777528 0.020199627945632077 0.022172341843455089 -0.0084474401100302632 0.010356645881792539 -0.033431258734546464 -0.0079515997911260329 0.017981728235794692 0.0066390603746326266 -0.00096753090237394887 0.00085554784897054557 0.038320935537718377 0.0059750436367039233 -0.028418788449744908 0.0087771145296246782 -0.010732914331204969 0.024992112326641617 0.00040165502712598327 -0.00062966036856625747 0.013196762667680056 -0.016971269378013503 -0.018021023948885856 0.020004328255318976
leaf_weight=37.527188740670681 5.9752723574638358 58.33386605232954 75.182010889053345 7.7537780180573455 7.0663268491625777 10.221580713987352 30.862524814903736 14.377570547163488 12.359744302928446 11.633981972932817 16.546573489904407 8.3696186691522581 8.7427101731300336 7.8306551054120055 30.386396065354347 349.31977803260088 41.852869644761086 6.4632537961006191 6.8341363817453376 13.467971526086329 13.200450286269186 8.4111232459545118 12.529028289020063 12.514768622815607 37.96618228405714 12.518823206424711 10.578556127846239 6.0046113654971114 13.803120784461496 8.0460663139820081
leaf_count=608 26 431 784 70 59 67 258 114 66 71 115 49 70 52 125 1736 272 47 36 86 109 55 76 75 247 60 60 42 83 49
internal_value=0.000228338 -0.00638449 -0.00414087 -0.0130369 0.00626904 -0.00137936 -0.00174234 -0.00928246 -0.000235132 0.000637224 -0.00390105 -0.010261 -0.0170845 0.0079573 0.00791362 0.00705255 -0.00373779 6.7411e-05 0.00517043 -0.00872698 -0.0187966 0.022021 0.00459214 0.0091928 0.00526392 0.0103537 -0.00183867 0.00213618 -0.00646523 0.00128715
internal_weight=896.681 428.069 390.542 82.9358 468.612 82.9303 307.606 51.2447 256.361 75.8639 51.7111 33.6589 25.2893 18.0522 385.681 355.295 148.564 90.2298 57.0981 33.1317 19.6637 15.2453 107.797 62.8407 50.3259 24.1528 44.9568 20.3822 34.3782 20.5751
internal_count=5998 3568 2960 854 2430 543 2106 414 1692 484 353 234 185 119 1887 1762 1036 605 363 242 156 91 656 388 313 131 268 156 208 125
cat_boundaries=0 1 2
cat_threshold=2 8
is_linear=0
shrinkage=0.03


Tree=42
num_leaves=31
num_cat=2
split_feature=5 0 6 4 5 1 7 7 3 4 1 0 6 1 7 0 6 7 6 1 0 4 7 7 7 6 6 7 6 4
split_gain=36.4949 25.1101 15.0857 9.1674 6.57454 5.68748 5.19486 4.18903 5.36504 4.67463 4.64038 4.15289 3.73787 3.69062 3.61372 3.55735 4.06445 6.31842 3.73207 7.38943 5.99397 5.64943 6.58037 4.90864 4.54128 6.64171 3.80331 3.5888 3.5507 3.8634
threshold=0 7.5833333333333348 5.9500000000000011 5.366666666666668 1 6.366666666666668 0.9036062378167643 0.83216577671091962 0.55000000000000016 11.775000000000002 4.6333333333333337 14.833333333333334 4.9500000000000011 5.5500000000000007 0.50165562913907291 5.8333333333333348 4.9500000000000011 0.44487847222222227 4.8500000000000005 2.9000000000000004 4.166666666666667 2.5500000000000003 0.55273855370132663 0.34296141814389997 0.38949546029192056 4.5500000000000007 5.1500000000000012 0.30738946093276809 5.6500000000000012 17.700000000000006
decision_type=1 10 2 10 1 10 10 8 10 8 8 10 2 10 10 10 2 10 2 10 10 10 10 10 10 2 2 10 2 10
left_child=6 2 7 -3 14 13 -1 9 -9 15 12 28 -11 -5 -4 18 17 -17 21 -20 -21 23 24 -2 25 27 -22 -23 -7 -30
right_child=1 3 4 5 -6 11 -8 8 -10 10 -12 -13 -14 -15 -16 16 -18 -19 19 20 26 22 -24 -25 -26 -27 -28 -29 29 -31
leaf_value=-0.031415997447909037 0.00090832744874770925 0.029720917132675061 -0.02991719152436674 0.0075177081169919757 0.0080333873650366393 0.0080313753024576391 0.0013682654791990576 0.027123170843399019 0.0024782947181999867 -0.0047642942246236908 -0.0042591331757502009 0.024883137540759999 -0.031315987004555727 -0.01787023771656036 -0.014342033572408857 0.019107273522191444 0.020269685019129163 -0.010057550622973669 -0.014510077004250022 0.014366939197168856 0.0036649975575105609 -0.003196620236461487 -0.018818711219892661 0.021023635159433646 0.01608249741882127 0.02293405913394965 -0.0185481956185614 -0.026785692128056069 0.0094795022904459909 -0.0071953295155281665
leaf_weight=36.360678698867559 22.379819810390472 15.694213405251501 18.541511952877045 8.1923931688070315 9.4839835241436941 266.38682809472084 4.9410770721733561 9.822474539279936 41.701008677482605 8.0913443714380282 84.348651148378849 11.627982780337332 11.631183899939058 13.89166623353958 48.414730072021484 10.889542594552042 15.639690995216368 17.31699700653553 45.462572619318962 21.060879573225975 14.66042670607567 20.743306785821918 17.728707604110241 21.318640157580376 15.285571373999117 6.9198431819677344 13.168254815042017 8.059986084699629 20.83073365688324 31.288162633776665
leaf_count=592 141 67 220 47 72 1238 53 55 254 76 593 48 117 82 519 58 88 93 365 155 89 136 122 121 95 45 97 54 116 181
internal_value=4.56761e-05 0.00138292 -0.00311732 0.00728684 -0.0153438 0.00628722 -0.0274939 -0.000816647 0.00717661 -0.00197772 -0.00732233 0.0072732 -0.0204229 -0.00845222 -0.0186551 0.000241524 0.0080033 0.00120195 -0.00140424 -0.00580381 0.00229218 0.00228772 -0.00307405 0.0107217 0.00239821 -0.00345716 -0.00684606 -0.00979752 0.0066303 -0.00053078
internal_weight=891.883 850.581 482.669 367.912 76.4402 352.218 41.3018 406.229 51.5235 354.705 104.071 330.134 19.7225 22.0841 66.9562 250.634 43.8462 28.2065 206.788 94.3521 48.8896 112.436 68.7374 43.6985 51.0087 35.7231 27.8287 28.8033 318.506 52.1189
internal_count=5989 5344 3565 1779 811 1712 645 2754 309 2445 786 1583 193 129 739 1659 239 151 1420 706 341 714 452 262 330 235 186 190 1535 297
cat_boundaries=0 1 2
cat_threshold=2 8
is_linear=0
shrinkage=0.03


Tree=43
num_leaves=31
num_cat=3
split_feature=5 1 6 7 5 7 2 7 4 2 4 6 0 2 1 1 0 2 2 7 1 1 1 0 5 4 4 1 2 7
split_gain=34.2677 22.6298 11.721 7.14873 9.37836 7.2982 7.60744 6.31101 6.17581 6.55624 6.54797 5.94343 7.61191 6.4725 6.81788 5.6111 5.45804 5.2806 5.11926 8.4563 4.85481 4.60919 4.60077 7.97623 5.71154 5.41636 6.08715 5.32692 5.70716 5.11911
threshold=0 6.9000000000000012 6.0500000000000007 0.41696642685851326 1 0.47546715579502469 38.100000000000009 0.4938942665673865 5.9000000000000012 45.63333333333334 8.2666666666666675 4.5500000000000007 3.5833333333333335 44.70000000000001 4.366666666666668 3.9000000000000004 3.8333333333333335 73.675000000000011 71.450000000000017 0.74431524547803629 5.7750000000000012 4.9000000000000012 11.266666666666667 12.583333333333334 2 22.325000000000003 16.775000000000002 10.775000000000002 61.900000000000006 0.79932885906040274
decision_type=1 10 2 10 1 10 8 10 8 10 8 2 8 10 10 10 10 8 10 10 10 10 10 10 1 10 10 10 10 10
left_child=-1 2 3 4 -2 6 -5 -4 9 -6 -10 17 -13 -14 -15 -8 -12 21 19 -16 -20 -7 23 24 27 26 -26 28 -3 -28
right_child=1 22 7 5 8 11 15 -9 10 -11 16 12 13 14 18 -17 -18 -19 20 -21 -22 -23 -24 -25 25 -27 29 -29 -30 -31
leaf_value=-0.026791478909590893 -0.014553122534279518 0.016412590062311362 -0.031225615737129182 0.030965743441399261 0.0023226780201692642 -0.0066379315695565761 -0.020913632844918824 -0.0098073996434275036 -0.027827321736412263 0.031784441275387154 -0.021150432941881236 -0.0095065900406178707 0.023718453759725398 -0.023328192027050682 -0.014742915460603691 0.012207409557475018 0.0075955304236978681 -0.016173390864840941 0.030570964064541167 0.022741776644589606 0.0067626608082116636 0.013663347608869803 0.013135627247385965 -0.018955493184892151 0.011051693164446796 0.029796472259647419 -0.013847790179147093 0.02155221762139355 -0.0033270322232658153 0.010021247189533502
leaf_weight=41.777898475527763 70.145812496542931 15.124120861291884 16.330555364489555 14.553870491683481 41.979620195925236 32.710330620408058 6.277765795588496 51.202128313481808 11.498013138771055 8.1115270256996137 8.4765362441539782 28.533708348870277 19.215267911553383 7.3348753079771987 17.235422588884834 17.26026413589716 19.902009196579456 32.004557214677334 11.675747103989123 7.898729406297206 22.684537783265114 14.538821920752524 74.270264849066734 12.19867919385433 124.15114073455334 10.990115329623221 18.584736213088036 10.454574599862097 102.66044374555349 14.315710380673407
leaf_count=667 559 68 199 90 256 205 53 536 75 45 72 207 108 61 109 118 141 228 87 43 144 76 313 53 563 53 92 49 621 72
internal_value=-0.000271157 0.00104421 -0.00344329 -0.00145482 -0.00633045 0.00191118 0.0139159 -0.0149867 8.05899e-05 0.00709358 -0.00872881 -0.000447996 0.00392104 0.00837385 0.00396186 0.00337378 -0.000990752 -0.00676438 0.00732636 -0.00296287 0.0148528 -0.000391117 0.00643239 0.0048185 0.00579734 0.00943605 0.00801128 0.00102925 -0.000792367 -0.00346185
internal_weight=884.098 842.32 459.57 392.037 160.114 231.924 38.0919 67.5327 89.9677 50.0911 39.8766 193.832 114.578 86.0446 66.8293 23.538 28.3785 79.2537 59.4944 25.1342 34.3603 47.2492 382.75 308.48 296.281 168.042 157.052 128.239 117.785 32.9004
internal_count=5963 5296 3412 2677 1148 1529 261 735 589 301 288 1268 759 552 444 171 213 509 383 152 231 281 1884 1571 1518 780 727 738 689 164
cat_boundaries=0 1 2 3
cat_threshold=2 8 8
is_linear=0
shrinkage=0.03


Tree=44
num_leaves=31
num_cat=2
split_feature=5 1 4 4 6 1 6 7 5 1 2 2 0 0 1 7 0 0 7 7 2 4 7 1 7 6 7 7 4 4
split_gain=34.7847 20.5661 15.2255 6.37775 5.95553 6.57874 5.43065 6.94068 4.86821 8.18182 7.10711 5.41846 5.88995 7.21182 5.85629 4.66029 4.51879 8.83622 5.1847 3.81312 4.24741 4.04943 3.57535 3.31716 6.18608 3.17715 3.15686 3.02869 6.13108 5.36411
threshold=0 6.1000000000000005 9.7000000000000011 9.2250000000000014 6.7500000000000009 3.3666666666666671 5.4500000000000011 0.85379556042751448 1 10.775000000000002 66.63333333333334 72.100000000000009 11.16666666666667 7.166666666666667 7.1000000000000005 0.35495558672276772 8.1666666666666696 9.5833333333333339 0.51930530709600486 0.42254710273729118 45.100000000000009 5.2666666666666675 0.59931972789115651 7.1000000000000005 0.75091240875912424 5.9500000000000011 0.85770528683914515 0.64978632478632492 17.366666666666671 17.450000000000003
decision_type=1 10 10 10 2 10 2 8 1 10 10 10 10 10 8 10 10 10 10 10 8 8 10 10 10 2 10 10 10 10
left_child=-1 2 3 6 5 -4 -2 19 9 11 -10 12 13 14 -3 -15 23 25 -19 -8 21 22 -21 24 -13 -18 27 29 -29 -7
right_child=1 8 4 -5 -6 26 7 -9 10 -11 -12 16 -14 15 -16 -17 17 18 -20 20 -22 -23 -24 -25 -26 -27 -28 28 -30 -31
leaf_value=-0.027791406331324167 0.0011383622490873267 0.0029623279052093947 -0.029548389906990706 0.025950995406535945 -0.028463664755883272 0.00012251868001756232 -0.026797456681498247 0.022401448270673332 0.027731183513902247 0.010906427256069297 0.0068175615496900615 0.013798114229410982 0.028297957677761006 -0.026851979514740536 0.037849578488309825 -0.00032407892830453572 0.01722967927822109 -0.028114647135491701 -0.0028139596645878756 0.0072294932794086031 -0.019911172629848754 0.018030070389641939 -0.028546314832540744 -0.021329139911042586 -0.02310842700672168 -0.0046929453569557918 0.011491207408743622 -0.024372920415711073 0.012067620680124753 -0.023163684548170669
leaf_weight=39.65383393317461 211.140185944736 11.059579834342005 13.586875714361666 8.15154070407152 18.928981624543667 42.380588628351688 13.649301081895826 5.4182472378015509 15.640964344143866 66.036183252930641 225.00333210080862 8.6689509153366107 8.7588637918233854 8.0258550792932528 7.1172229349613181 23.155261680483818 21.125605002045635 11.260870903730394 20.669948130846024 5.0114287212491071 14.60430423915386 7.8533414155244801 5.0450886860489845 22.583746872842312 7.7340909019112578 8.2822808325290662 7.5066220611333838 21.109703436493877 5.1738241687417021 11.270856000483034
leaf_count=658 1355 67 139 63 220 340 154 36 67 284 1073 78 37 43 37 117 118 58 111 47 145 69 47 174 70 54 55 170 49 116
internal_value=-0.000322661 0.000949886 -0.00412308 -0.000182655 -0.0130209 -0.0101275 -0.000993511 -0.00971994 0.00521257 0.0020348 0.00817687 -0.00166275 0.00562642 0.00160322 0.0166226 -0.00715222 -0.00588524 -0.000809288 -0.0117366 -0.0134901 -0.00790367 0.00188766 -0.0107183 -0.0138714 -0.00360345 0.0110555 -0.00710979 -0.00885659 -0.0171997 -0.00476934
internal_weight=895.607 855.954 390.831 270.873 119.957 101.028 262.722 51.5817 465.123 224.478 240.644 158.442 58.1168 49.3579 18.1768 31.1811 100.325 61.3387 31.9308 46.1635 32.5142 17.9099 10.0565 38.9868 16.403 29.4079 87.4416 79.935 26.2835 53.6514
internal_count=6051 5393 3005 1916 1089 869 1853 498 2388 1248 1140 964 301 264 104 160 663 341 169 462 308 163 94 322 148 172 730 675 219 456
cat_boundaries=0 1 2
cat_threshold=2 8
is_linear=0
shrinkage=0.03


Tree=45
num_leaves=31
num_cat=2
split_feature=1 5 6 7 0 5 2 0 6 2 1 2 6 1 7 0 0 3 1 0 0 7 2 7 1 6 2 0 3 0
split_gain=33.8002 20.7795 10.208 6.01855 5.81448 7.93569 9.06684 4.62949 4.30059 3.98714 5.59667 7.49851 5.63065 4.22673 4.67323 9.77927 3.7481 4.57727 3.53329 3.27911 5.77827 5.47381 7.46806 3.1186 3.26742 3.18981 4.22366 3.10437 2.81015 3.46607
threshold=6.1000000000000005 0 5.9500000000000011 0.85379556042751448 8.1666666666666696 1 70.90000000000002 7.166666666666667 7.2500000000000009 54.550000000000004 3.5500000000000003 36.100000000000009 5.0500000000000007 4.366666666666668 0.87543103448275872 5.166666666666667 6.166666666666667 0.45000000000000007 4.366666666666668 2.1666666666666674 2.4166666666666674 0.35495558672276772 2.6333333333333337 0.28619047619047627 5.7750000000000012 4.4500000000000011 61.900000000000006 1.0000000180025095e-35 0.77500000000000013 5.8333333333333348
decision_type=10 1 2 10 10 1 8 10 2 8 10 10 2 8 10 10 10 8 10 10 10 8 10 8 8 2 10 10 10 8
left_child=1 -1 9 -4 5 6 7 -2 -6 10 11 19 16 -11 23 -16 17 18 -12 21 -21 22 -3 -15 25 -25 -27 -23 -28 -30
right_child=4 2 3 -5 8 -7 -8 -9 -10 13 12 -13 -14 14 15 -17 -18 -19 -20 20 -22 27 -24 24 -26 26 28 -29 29 -31
leaf_value=-0.029141342329866954 0.015729549004286622 0.010425518437976384 -0.018876940377462504 0.011543940176434262 0.0086079307951234425 0.0062401259724475374 -0.016003603054547469 -0.011622535067328575 -0.01149671210977191 -0.016693223958428528 0.026608311593048096 -0.017623811399339193 -0.006004757954343431 0.0076799571497251067 0.039547113021866483 -0.011705029368802383 0.0036197649995775515 0.041150118881162948 0.00034834117363638099 0.030506175345732977 0.001847886394098908 0.01533447080754757 -0.021441156993436163 -0.018686250332921497 -0.016189049115699274 -0.022323761687730818 0.025120844576782281 -0.0034139358055224485 0.0069772972382951175 -0.019617795883205381
leaf_weight=32.632696136832237 17.220882907509807 9.1836154684424383 53.794005826115608 6.5677922591567031 297.74794666469097 102.41447529196739 40.152566455304623 8.2311879992485029 9.8940578103065473 27.518855839967728 8.9620329737663322 25.451221823692322 18.764340452849865 12.904482774436472 6.4822137057781202 6.9355759769678116 19.508439615368843 7.3057968914508811 9.4992054402828199 7.5568914338946334 39.064398571848869 14.219702467322348 23.698869086802006 9.661854684352873 28.955553151667118 6.0070231333374968 5.2700691446661976 18.023101724684238 19.805321335792545 5.673893839120864
leaf_count=585 94 56 617 68 1367 550 333 46 60 269 49 209 123 98 39 45 97 40 51 51 238 81 194 70 204 43 36 126 162 45
internal_value=2.19697e-05 -0.00614291 -0.00422255 -0.0155669 0.00551012 0.00102193 -0.00712413 0.0068839 0.00796135 -0.00215034 0.000490237 -0.00292785 0.00781309 -0.00626275 -0.00344027 0.0130552 0.0135399 0.0210505 0.0130963 0.00041928 0.00649314 -0.00392882 -0.0125412 -0.00594749 -0.00828059 -0.00334732 0.000684714 0.00485448 0.00517953 0.00105491
internal_weight=899.108 423.447 390.814 60.3618 475.661 168.019 65.6046 25.4521 307.642 330.452 201.238 137.198 64.0398 129.215 101.696 13.4178 45.2755 25.767 18.4612 111.747 46.6213 65.1253 32.8825 88.2782 75.3737 46.4182 36.7563 32.2428 30.7493 25.4792
internal_count=6046 3596 3011 685 2450 1023 473 140 1427 2326 1315 955 360 1011 742 84 237 140 100 746 289 457 250 658 560 356 286 207 243 207
cat_boundaries=0 1 2
cat_threshold=2 8
is_linear=0
shrinkage=0.03


Tree=46
num_leaves=31
num_cat=3
split_feature=5 0 6 4 5 0 7 1 2 5 7 2 2 6 2 2 7 7 2 6 0 4 7 7 4 6 7 7 7 7
split_gain=31.5077 22.0142 12.9739 8.38643 7.86448 5.26247 4.9235 4.77698 4.8186 5.78834 4.29092 4.06731 3.97846 5.62487 3.48296 6.42006 5.28005 5.06208 5.3475 3.74057 4.43733 6.63244 4.40112 10.6118 5.10032 4.15035 4.32869 3.32403 5.57133 3.43474
threshold=0 8.1666666666666696 6.1500000000000012 18.225000000000005 1 8.4166666666666696 0.9036062378167643 7.6333333333333337 72.26666666666668 2 0.50165562913907291 89.90000000000002 86.100000000000009 8.6500000000000004 67.90000000000002 89.90000000000002 0.84420803782505927 0.37170824670824676 88.225000000000009 4.4500000000000011 5.8333333333333348 2.4500000000000006 0.032433380084151482 0.17677696078431376 2.2666666666666671 5.5500000000000007 0.45485893416927908 0.5446652874242649 0.37544326241134757 0.23922333704942403
decision_type=1 10 2 10 1 10 10 10 10 1 10 10 8 2 10 10 10 10 8 2 10 8 8 8 8 2 10 8 10 8
left_child=6 2 3 7 10 -3 -1 14 -9 -10 -4 -5 13 -12 16 17 19 -16 -19 20 21 -2 -21 -24 -25 -26 -27 28 29 -23
right_child=1 5 4 11 -6 -7 -8 8 9 -11 12 -13 -14 -15 15 -17 -18 18 -20 22 -22 27 23 24 25 26 -28 -29 -30 -31
leaf_value=-0.030245099175589166 0.013399051679427041 0.020301803895183861 -0.030899845015188363 -0.025522751804970007 0.027798326181297763 0.0066834178413553678 0.0021431007314546635 0.028142899205297941 0.011784111158521321 -0.015314878025485706 -0.011786575759033736 -0.004923463567823352 -0.025399682171112613 0.023411753119119562 -0.025350198236277949 0.0054125756188723138 0.021675914566404459 -0.0030821342675183714 -0.031672156195925602 0.023820808868069077 0.024972497589842352 0.00072808892329014074 -0.025275684260685282 -0.012819858315739579 0.0043907943161964249 -0.029367439685110491 -0.00040985768199247661 -0.022419887237853774 0.022100978090037426 -0.025434099318493133
leaf_weight=33.583186417818069 31.870051376521591 28.020437553524971 14.974178113043306 16.158003099262714 3.759737826883792 288.21215669810772 4.8319617733359328 10.138649210333822 27.547277167439461 9.554450646042822 29.093700937926769 18.508220292627811 15.009220547974108 4.7537719160318366 14.514342896640299 39.73554902523756 11.313215926289557 61.286517277359962 6.5137502253055564 5.9333851188421241 9.9665863811969739 12.445404931902891 16.604822725057602 24.04205767065287 115.40156208723783 7.008019499480727 13.784066528081892 8.0683574080467206 7.2034502401947966 7.0888602882623664
leaf_count=601 184 140 191 149 31 1321 53 46 127 62 323 133 167 53 120 249 59 444 48 44 49 82 130 164 761 76 118 54 41 46
internal_value=0.000409874 0.00159928 -0.00206925 -0.00031826 -0.0143664 0.0078901 -0.0261712 0.000800979 0.00981419 0.00480557 -0.01685 -0.0145248 -0.0125438 -0.00684308 -0.000283056 -0.00449051 0.00161375 -0.00927101 -0.00582885 0.00073883 0.00630188 0.00351104 -0.00159393 -0.00244665 -8.09329e-05 0.00216785 -0.0101701 -0.00554288 -0.00045008 -0.008766
internal_weight=896.925 858.51 542.277 474.687 67.5906 316.233 38.4151 440.02 47.2404 37.1017 63.8309 34.6662 48.8567 33.8475 392.78 122.05 270.73 82.3146 67.8003 259.417 76.6427 66.6761 182.774 176.841 160.236 136.194 20.7921 34.8061 26.7377 19.5343
internal_count=6066 5412 3951 3186 765 1461 654 2904 235 189 734 282 543 376 2669 861 1808 612 492 1749 456 407 1293 1249 1119 955 194 223 169 128
cat_boundaries=0 1 2 3
cat_threshold=2 8 1
is_linear=0
shrinkage=0.03


Tree=47
num_leaves=31
num_cat=3
split_feature=5 0 6 4 1 0 4 0 2 1 6 0 4 4 4 0 4 4 5 0 4 2 2 1 6 2 1 1 6 5
split_gain=29.8423 16.605 13.5708 4.75333 4.76969 4.30309 3.55537 6.44113 6.99993 6.0858 3.76367 4.53153 3.52786 9.16564 5.48916 4.42757 3.94524 6.86873 3.62867 3.50118 3.22174 3.14915 4.10393 4.62364 3.80914 3.89741 2.94582 2.94013 2.87623 2.70258
threshold=0 8.1666666666666696 6.1500000000000012 18.225000000000005 7.6333333333333337 4.8333333333333348 1.1000000000000003 2.1666666666666674 40.900000000000006 4.2250000000000005 4.5500000000000007 0.41666666666666669 22.225000000000005 23.900000000000002 16.775000000000002 13.16666666666667 21.100000000000005 20.366666666666671 1 7.416666666666667 4.1000000000000005 89.90000000000002 61.900000000000006 8.6333333333333346 5.2500000000000009 80.450000000000017 4.5500000000000007 6.366666666666668 4.9500000000000011 2
decision_type=1 10 2 10 10 10 8 8 8 8 2 10 10 10 10 10 10 10 1 8 8 10 10 10 2 10 8 10 2 1
left_child=27 2 3 4 6 -5 10 28 -9 -10 -2 -12 14 -14 18 16 17 -16 21 -7 -11 22 -3 -24 25 -25 -22 -1 -8 -4
right_child=1 12 29 5 -6 19 7 8 9 20 11 -13 13 -15 15 -17 -18 -19 -20 -21 26 -23 23 24 -26 -27 -28 -29 -30 -31
leaf_value=-0.029039553992073957 0.014854382757885295 0.012426413302617841 -0.016051598063537103 -0.033731686107747468 0.010157584698323436 -0.00056743377677349936 -0.0048037122943537878 0.0088477172672200999 -0.012465048116615677 -0.01993472739254442 0.011652611270247522 -0.022776359754643323 0.034869730475615555 0.0039360961211023452 -0.0045038107837925209 0.014631896051251373 -0.01798375588103545 0.021162280665038176 0.012291474160900968 -0.02746606489723093 0.020454036952120277 0.017611137196193723 -0.019712690279571465 0.0076260504470787652 0.015457250118741691 -0.019408377217658378 0.00033180600955477833 -0.0032659019758783923 -0.019401535906473991 0.009599755993925459
leaf_weight=32.60960141569376 26.804595299065113 19.61071103811264 61.059381581842899 5.9928610846400252 45.624628826975822 22.694430761039261 28.169135667383671 70.425442166626453 40.848753377795219 6.8036710023880005 7.3712815046310407 6.4523619934916496 13.990548230707644 22.460431970655918 52.761578932404518 15.35482184588909 13.13657174259424 11.414445765316485 111.26994349062443 5.3892893046140662 6.8073486387729636 12.350885435938833 12.261560343205927 9.3877523392438942 11.807973131537436 9.8194226026535016 171.75132502615452 4.5377424210309973 21.357919238507748 3.9347979351878157
leaf_count=614 151 90 712 64 226 178 200 428 361 36 50 48 63 109 261 64 66 54 479 34 51 59 70 42 55 44 1118 36 195 32
internal_value=0.000426911 0.001581 -0.00165576 0.000133576 0.000983685 -0.0106539 -9.84367e-05 -0.0010838 0.000588327 -0.00198304 0.00829716 -0.00441755 0.00703142 0.015809 0.00588537 -8.25231e-05 -0.00300491 6.11994e-05 0.00885054 -0.0057293 0.000326909 0.00376174 0.00104176 -0.00411716 0.00204839 -0.00619496 0.00109894 -0.0258912 -0.0110988 -0.0144986
internal_weight=884.261 847.114 531.487 466.493 432.416 34.0766 386.792 346.164 296.637 226.211 40.6282 13.8236 315.627 36.451 279.176 92.6674 77.3126 64.176 186.508 28.0837 185.362 75.2383 62.8874 43.2767 31.0151 19.2072 178.559 37.1473 49.5271 64.9942
internal_count=5990 5340 3884 3140 2864 276 2638 2389 1994 1566 249 98 1456 172 1284 445 381 315 839 212 1205 360 301 211 141 86 1169 650 395 744
cat_boundaries=0 1 2 3
cat_threshold=2 8 8
is_linear=0
shrinkage=0.03


Tree=48
num_leaves=31
num_cat=1
split_feature=5 0 6 4 1 7 7 1 1 0 0 7 0 7 6 0 7 6 0 3 4 0 7 1 7 1 3 3 4 1
split_gain=25.5835 15.3426 10.3457 6.31309 5.13529 5.11559 4.78804 4.55419 3.94813 4.09778 5.55491 3.90123 3.25257 3.21135 11.9205 4.67713 4.44055 4.86672 5.68486 6.39066 4.36679 3.98272 3.59212 3.33225 6.04667 3.3929 3.30093 3.88279 3.18524 3.85682
threshold=0 8.1666666666666696 6.1500000000000012 18.225000000000005 7.1000000000000005 0.74904580152671774 0.30040650406504071 7.9000000000000012 14.100000000000001 13.833333333333334 13.16666666666667 0.9036062378167643 4.8333333333333348 0.8192571947109154 4.8500000000000005 5.416666666666667 0.70722996515679448 4.2500000000000009 2.1666666666666674 0.45000000000000007 0.63333333333333341 1.0000000180025095e-35 0.20067114093959734 2.2916666666666674 0.58076375711574968 2.7083333333333335 0.55000000000000016 0.70833333333333337 5.366666666666668 6.366666666666668
decision_type=1 10 2 10 10 10 10 10 10 10 10 10 10 8 2 10 10 2 8 8 10 8 10 10 10 10 10 10 10 10
left_child=11 2 3 4 13 6 -6 -4 9 10 28 -1 -5 16 -15 -16 17 21 20 23 -19 -2 -21 -20 25 -25 -18 -28 -3 -30
right_child=1 8 7 12 5 -7 -8 -9 -10 -11 -12 -13 -14 14 15 -17 26 18 19 22 -22 -23 -24 24 -26 -27 27 -29 29 -31
leaf_value=-0.02905323685705679 0.029007668008016387 0.021047561955357171 -0.016493053166555374 -0.033529942167801557 -0.0075485822973129207 -0.0031528495388286845 0.018880704283330167 0.014000770960976643 0.024682294741018036 -0.0096332112940556627 0.028683105511317027 0.002126496933132993 -0.0092854972930521366 -0.010719742261945905 0.029513811578875133 0.0032082188841092052 -0.023359921163069262 0.0025317990204777132 -0.0048404204972925143 -0.026548423912732724 -0.016249031840677854 0.0040078985888778312 -0.0035742339520043768 0.024211340845562087 0.033014231747996114 0.0026475988920446835 0.010805639866683288 -0.012800043699794908 -0.011883894521984543 0.0052739143460277457
leaf_weight=31.589239545166492 7.3518187105655661 10.88189475238323 57.570596560835838 6.0763919353485099 7.557669222354888 25.135401479899883 33.580157652497292 4.7733483090996733 9.521614268422125 16.168934151530266 9.3096712976694089 4.0778119303286067 27.605604365468025 21.591794110834599 15.968226023018362 9.8265600055456144 14.228705801069735 15.35977356135845 18.638711430132389 6.5229733735322943 40.579569920897484 26.082038007676601 100.41815099865198 7.7026765942573538 8.570379972457884 44.539653636515141 8.9001429080963153 21.231219552457333 12.351195737719534 259.92927338927984
leaf_count=596 40 45 685 68 40 129 174 37 39 67 39 48 213 138 92 58 91 96 129 53 339 155 753 52 48 278 55 154 66 1213
internal_value=-0.000598678 0.000448223 -0.00267889 -0.00114794 -0.00017647 0.00751011 0.0140252 -0.0141583 0.00565556 0.00506859 0.00588136 -0.0254885 -0.0136593 -0.00156259 0.00572632 0.0194927 -0.00264152 -0.00122441 -0.00270473 -0.000187519 -0.0110922 0.00950513 -0.00497557 0.00625716 0.0096585 0.00582698 -0.0114511 -0.00582744 0.00513169 0.0044956
internal_weight=883.641 847.974 529.812 467.468 433.786 66.2732 41.1378 62.3439 318.163 308.641 292.472 35.6671 33.682 367.512 47.3866 25.7948 320.126 275.766 242.332 186.393 55.9393 33.4339 106.941 79.4514 60.8127 52.2423 44.3601 30.1314 283.162 272.28
internal_count=5990 5346 3877 3155 2874 343 214 722 1469 1430 1363 644 281 2531 288 150 2243 1943 1748 1313 435 195 806 507 378 330 300 209 1324 1279
cat_boundaries=0 1
cat_threshold=2
is_linear=0
shrinkage=0.03


Tree=49
num_leaves=31
num_cat=0
split_feature=6 1 7 3 4 4 7 6 3 1 7 0 1 4 0 4 4 2 0 0 6 4 7 1 2 1 7 7 0 4
split_gain=25.5159 13.1471 11.5115 8.51221 7.83096 10.6354 6.58524 6.02057 5.03805 4.45201 8.35136 4.67682 4.21564 5.10306 4.12484 3.81915 6.62182 4.91306 3.65799 3.37805 3.28029 2.85067 2.45979 2.84209 5.35135 5.21193 4.68477 6.13354 4.12996 4.28098
threshold=5.9500000000000011 5.366666666666668 0.82416216216216232 0.63333333333333341 20.900000000000002 18.100000000000005 0.83847248576850109 4.9500000000000011 0.55000000000000016 3.1000000000000005 0.57831869834710747 4.166666666666667 9.7083333333333339 9.9000000000000021 5.8333333333333348 6.9000000000000012 5.1000000000000005 7.4500000000000011 7.166666666666667 9.8333333333333339 6.5500000000000007 10.900000000000002 0.049545863677276827 0.63333333333333341 30.100000000000005 3.3666666666666671 0.33449883449883455 0.56369737644905438 6.166666666666667 7.366666666666668
decision_type=2 10 10 10 10 10 10 2 10 8 8 8 10 10 8 10 10 10 10 8 2 8 8 10 10 10 10 10 10 10
left_child=1 3 18 6 5 14 7 22 -3 15 11 -11 -10 -14 21 16 17 -9 -2 -6 -20 -4 -1 -24 26 -26 -25 -28 29 -27
right_child=2 8 4 -5 19 -7 -8 9 12 10 -12 -13 13 -15 -16 -17 -18 -19 20 -21 -22 -23 23 24 25 28 27 -29 -30 -31
leaf_value=0.017182913689563897 -0.021762056289589875 0.020119046109707807 0.0042629026001726319 -0.014366720713111972 -0.026483542734895862 0.046402503688861722 0.02721330723836481 0.0067243910040846342 0.0025093592140758569 0.0078694310539572272 0.02266440615771699 -0.017739360419103168 0.028856577576432372 0.0071336207475208553 0.01189254256495844 -0.031033600595343172 0.017431966400238121 -0.025551596870266317 0.0025598841635363352 0.0020896428158580136 -0.020916515088200707 -0.033410869193471346 -0.0080345775742133412 -0.0006379074528618247 -0.013168996311659189 0.0016143919476260861 0.030300712168039087 -0.00085788371467543064 -0.0091845287647182427 0.026527677770750473
leaf_weight=9.1145605593919736 67.73538139089942 19.288660816848278 3.1944727674126669 49.783534597605467 9.6929806247353518 5.9784894771873942 7.3784068524837485 5.6776741147041383 311.95219376310706 9.6099726893007773 9.9192725010216218 19.324562948197126 10.503208637237547 132.68020235002041 11.132793463766573 10.370776526629923 6.2821496762335292 16.816366251558065 12.335980780422689 6.0469569265842447 9.4678415656089765 4.1637516394257563 24.998645901679993 17.166428212076426 24.433648429811001 15.772093411535026 16.661457344889644 8.6314399242401105 13.198262065649031 10.236507739871739
leaf_count=58 942 94 41 522 94 45 38 48 1715 77 70 151 44 573 80 120 58 173 77 30 73 51 159 117 181 90 96 51 69 68
internal_value=-5.02243e-05 0.00207534 -0.0123336 -0.00313881 0.00100098 0.0116192 -0.000661047 -0.00160356 0.00510186 -0.00828459 -0.00109039 -0.00923396 0.00446543 0.00872711 0.000373175 -0.0154249 -0.00979963 -0.0174049 -0.0183218 -0.0155063 -0.00763424 -0.0170553 0.00211312 0.0010654 0.00320948 -0.00229372 0.011458 0.0196675 0.00448374 0.0114198
internal_weight=879.549 749.8 129.749 275.376 40.2094 24.4695 225.592 218.214 474.424 78.0008 38.8538 28.9345 455.136 143.183 18.491 39.147 28.7762 22.494 89.5392 15.7399 21.8038 7.35822 140.213 131.098 106.1 63.6405 42.4593 25.2929 39.2069 26.0086
internal_count=6005 4572 1433 2146 341 217 1624 1586 2426 697 298 228 2332 617 172 399 279 221 1092 124 150 92 889 831 672 408 264 147 227 158
is_linear=0
shrinkage=0.03


Tree=50
num_leaves=31
num_cat=1
split_feature=5 1 6 7 2 1 2 4 7 4 6 4 2 7 7 4 1 1 7 1 7 7 2 1 2 4 6 6 7 4
split_gain=25.711 15.1012 12.2722 12.1485 4.56718 7.3731 4.32496 8.21762 4.97066 3.35419 3.9365 4.02779 4.20886 3.97188 2.9766 2.94579 2.92835 5.40199 6.47034 3.60468 3.39228 4.7352 2.85391 4.98357 6.47004 3.36542 8.48253 5.24084 8.08006 5.56148
threshold=0 8.1000000000000014 5.4500000000000011 0.45485893416927908 67.675000000000011 4.366666666666668 44.300000000000004 3.5500000000000003 0.65319727891156465 15.775000000000002 7.2500000000000009 22.450000000000003 89.500000000000014 0.71244358478401038 0.9036062378167643 3.1000000000000005 11.266666666666667 11.900000000000002 0.5680909090909092 12.450000000000001 0.63397457918241173 0.45176799007444174 1.0000000180025095e-35 1.9000000000000001 18.500000000000004 5.6333333333333337 3.9500000000000006 4.9500000000000011 0.42583425009167591 7.9000000000000012
decision_type=1 10 2 10 8 10 10 8 10 10 2 10 8 10 10 8 10 10 10 10 10 10 8 8 8 8 2 2 10 10
left_child=14 2 22 15 5 6 7 -5 -9 -6 11 12 -11 -12 -1 -4 -3 18 -18 -19 21 -21 -2 -24 -25 26 -26 -27 -29 -30
right_child=1 16 3 4 9 -7 -8 8 -10 10 13 -13 -14 -15 -16 -17 17 19 -20 20 -22 -23 23 24 25 27 -28 28 29 -31
leaf_value=-0.028850092382261529 0.016081135815614725 0.0046362063334945544 -0.004883958528897058 -0.02583134426883596 -0.016077063464079722 0.017219896163863477 -0.02384946814967024 0.0010642975683042514 0.042410074349267204 0.00014558092383466824 0.0053294512921867043 -0.021795715036052387 0.030405574599163529 -0.033361317508436412 -0.0031789507167837823 -0.029322693436632068 0.0065499177092324589 -0.0043673544738546547 0.038719946591026337 0.0036687178522638499 -0.00097002658870911436 0.030382958579611291 -0.0082727126066994006 0.02624886917800455 0.037716756855214174 -0.0037571143583910566 0.0032442433607556935 -0.0059197076441855111 0.030014362439087512 0.0071944703790074995
leaf_weight=30.16303351148963 10.536624446511267 211.58426760137081 5.2821404188871384 6.3226652070879954 35.379994906485081 18.455312713980675 9.3773662298917753 6.7616485655307788 4.2692698538303375 12.639997124671941 3.8837649375200254 4.4144586771726599 6.1494550853967658 6.2000766173005104 4.6983041279017916 27.810046173632145 10.50086569786072 18.609113529324532 12.122909292578695 10.83392444252968 12.287077456712721 13.305869176983832 53.392693430185318 9.303968742489813 7.0607525035738936 174.18755595386028 71.26418362557888 35.416067682206631 12.562658138573168 40.920620925724506
leaf_count=593 55 1003 63 57 324 133 110 67 40 109 45 40 43 71 53 321 44 79 51 44 52 54 392 49 34 1099 409 259 70 254
internal_value=-0.000138742 0.000895895 -0.00197242 -0.00942199 -0.00477157 0.00263547 -0.00743377 0.00143679 0.0170663 -0.00964571 -0.00281013 0.00399077 0.0100491 -0.0184597 -0.0253904 -0.0254218 0.00646497 0.0114474 0.0237882 0.0063745 0.0118621 0.0183936 0.000667634 0.000265746 0.00156563 0.00089298 0.00635183 -0.000732203 0.00519475 0.0125546
internal_weight=885.697 850.835 561.591 146.946 113.854 45.1863 26.7309 17.3536 11.0309 68.6677 33.2878 23.2039 18.7895 10.0838 34.8613 33.0922 289.244 77.6598 22.6238 55.036 36.4269 24.1398 414.645 404.109 350.716 341.412 78.3249 263.087 88.8993 53.4833
internal_count=6017 5371 4044 1423 1039 407 274 164 107 632 308 192 152 116 646 384 1327 324 95 229 150 98 2621 2566 2174 2125 443 1682 583 324
cat_boundaries=0 1
cat_threshold=2
is_linear=0
shrinkage=0.03


Tree=51
num_leaves=31
num_cat=1
split_feature=5 1 6 2 4 4 1 2 6 4 7 6 2 7 2 2 4 7 6 7 1 2 2 4 4 4 2 4 1 1
split_gain=26.285 14.6732 7.10195 4.55722 4.43355 7.08275 4.69031 5.87676 6.28735 4.23602 4.65895 6.91113 4.24764 3.68055 3.41754 3.3909 3.41319 6.91494 3.25242 4.3202 3.20626 4.1702 3.27907 3.94637 3.28263 4.39187 3.10943 3.07667 3.22434 2.99355
threshold=0 6.9000000000000012 6.0500000000000007 62.225000000000009 5.6333333333333337 5.366666666666668 3.5500000000000003 41.900000000000006 4.4500000000000011 1.6333333333333335 0.35495558672276772 4.4500000000000011 6.2250000000000005 0.50165562913907291 89.90000000000002 63.45000000000001 6.5500000000000007 0.64978632478632492 4.4500000000000011 0.20067114093959734 8.5500000000000025 76.100000000000009 86.366666666666688 25.633333333333336 22.325000000000003 21.100000000000005 0.90000000000000013 14.550000000000002 10.900000000000002 2.2916666666666674
decision_type=1 10 2 10 10 10 10 10 2 10 10 2 8 10 10 8 10 10 2 10 10 10 10 10 10 10 10 10 10 10
left_child=14 2 4 -3 5 6 9 -8 -9 10 12 -12 -2 -4 -1 16 -15 -18 -6 -20 -5 -22 27 24 25 -24 -13 -23 -29 -11
right_child=1 3 13 20 18 -7 7 8 -10 29 11 26 -14 15 -16 -17 17 -19 19 -21 21 22 23 -25 -26 -27 -28 28 -30 -31
leaf_value=-0.029852910092374157 0.0082019485331862717 0.01742192039280371 -0.026218242624833098 -2.0939665228568845e-06 -0.011552676612792372 0.026553912178933135 0.029740870560733299 0.019942862094544839 -0.0095942584769991689 -0.01524205183483624 0.027734255338690731 0.0076802064026733228 -0.014965320512059935 -0.016686825715674401 -0.0022929788259415272 -0.014724452353215241 -0.018359450521212014 0.032123883168754273 -0.021251076493344772 -0.001416791314805717 0.016878676187961537 -0.014589409143364668 0.0075157436024772747 -0.010820556783094144 0.019504783318418879 -0.011787544148792947 -0.016083158949707573 0.01139320156400662 -0.0095942594313271103 -0.00069580617051765933
leaf_weight=29.814644522964954 11.594025537371637 24.337044611573219 14.048841081559656 120.22152309119701 45.125315077602863 10.03195560723543 9.8388719409704191 11.061362177133562 15.680243670940397 28.824017032980919 12.723181813955305 15.657902725040914 18.468550808727741 5.4194972887635222 4.6859446428716174 28.81328871846199 3.9670597314834577 6.35183085501194 10.486532084643839 171.89137069135904 27.972897902131081 13.826933696866034 137.45602782070637 11.299992114305494 18.254673816263676 11.495003357529638 7.2505285739898673 16.066019080579284 11.167615056037901 22.808417089283466
leaf_count=597 74 106 196 687 305 63 47 55 92 222 69 99 141 62 59 330 46 68 90 1251 126 63 609 52 82 54 51 82 49 146
internal_value=-0.000444558 0.000606883 -0.00308937 0.00484938 -0.00163123 0.00212988 0.000537873 0.00991708 0.00262344 -0.00238641 0.00266718 0.0100055 -0.00603056 -0.0128295 -0.0261097 -0.00860757 0.002591 0.0127158 -0.00434149 -0.00255724 0.00401738 0.0059695 0.00457966 0.00633799 0.00749759 0.00602605 0.000159091 -0.00306446 0.00278694 -0.00881631
internal_weight=876.641 842.141 450.043 392.098 391.442 163.939 153.907 36.5805 26.7416 117.327 65.6942 35.6316 30.0626 58.6005 34.5006 44.5517 15.7384 10.3189 227.503 182.378 367.761 247.539 219.566 178.506 167.206 148.951 22.9084 41.0606 27.2336 51.6324
internal_count=5973 5317 3407 1910 2705 1059 996 194 147 802 434 219 215 702 656 506 176 114 1646 1341 1804 1117 991 797 745 663 150 194 131 368
cat_boundaries=0 1
cat_threshold=2
is_linear=0
shrinkage=0.03


Tree=52
num_leaves=31
num_cat=0
split_feature=1 6 2 0 7 3 4 6 7 2 3 0 2 2 0 4 1 0 6 7 7 6 2 1 4 4 2 4 4 0
split_gain=24.7541 15.8416 9.01963 7.36955 6.96194 5.87988 5.41487 4.23414 6.06568 4.19001 3.72294 5.89486 5.10557 7.99615 4.25702 3.93649 4.42312 3.14679 3.66664 4.68354 3.19587 3.08569 3.06162 6.74025 3.88761 11.2119 3.05345 3.00787 4.50095 2.92596
threshold=5.366666666666668 5.5500000000000007 47.300000000000004 11.16666666666667 0.85379556042751448 0.63333333333333341 20.100000000000005 4.9500000000000011 0.51639784946236567 72.100000000000009 0.63333333333333341 7.166666666666667 89.90000000000002 88.100000000000009 8.1666666666666696 25.633333333333336 11.550000000000002 13.16666666666667 4.6500000000000012 0.5335585585585586 0.72427368992669028 4.0500000000000007 31.633333333333336 3.5500000000000003 7.366666666666668 4.6333333333333337 59.63333333333334 7.5500000000000007 4.9000000000000012 5.5833333333333348
decision_type=10 2 10 10 10 10 8 2 8 10 10 10 10 10 10 10 10 10 2 10 10 2 8 10 10 10 10 10 8 10
left_child=1 5 -2 10 -3 7 -6 22 -9 -5 11 -4 13 21 -15 16 -14 18 -11 -20 -21 -12 -1 -24 25 -25 -13 28 -10 -23
right_child=2 4 3 9 6 -7 -8 8 27 17 12 26 15 14 -16 -17 -18 -19 19 20 -22 29 23 24 -26 -27 -28 -29 -30 -31
leaf_value=0.0064417109415165295 0.028065039154887339 -0.020994493207204246 0.020407863052291978 0.024686039901383263 0.022783783695467727 -0.0130845888822474 -0.024175703973882978 -0.01338881866383417 -0.0055402019031823178 0.016593404490104328 0.014650445964149383 -0.0062914182330040596 0.0039532858233546925 -0.029864912547417896 -0.0060176556771222621 -0.01507664276622892 0.025555040041691048 0.016225173184671544 0.013294480393095498 -0.020177033265974868 0.00013560534327021031 0.0085931043816044033 -0.011921653123974509 0.018098266074403901 0.019956421877728829 -0.024220566821457529 0.013904344751442015 -0.01214266670471241 0.02644458742543996 -0.0032698340183568778
leaf_weight=72.021742232143879 13.326151937246321 75.008814230561256 22.481062963604927 15.408262148499487 6.2143382318317872 42.438918080180883 3.4296011701226234 44.894839607179165 6.9944047778844842 15.378362521529196 11.124290287494658 20.925159797072414 150.84765796363354 13.771925780922176 13.188986696302889 9.1317786946892721 9.0422355681657773 27.108312517404556 15.095438107848166 10.878723546862604 19.407117500901222 21.598830208182335 34.060274351388216 12.694057386368515 12.825012326240538 10.131612230092285 9.9374882429838163 6.1157081574201575 9.1262173727154767 140.01611572131515
leaf_count=444 65 1049 127 64 71 438 47 406 43 65 55 98 805 115 68 56 38 112 64 48 85 168 248 60 82 60 50 45 55 860
internal_value=-0.000294568 -0.00668535 0.00369122 0.00307294 -0.0179096 -0.00290439 0.00608394 -0.000835876 -0.00704235 0.010256 0.0013153 0.00872297 0.000243613 -0.00300409 -0.0181991 0.00408079 0.00517493 0.00772561 0.00393348 -0.000356593 -0.00716073 -0.000632471 0.0021038 -0.00237791 0.00674008 -0.000685761 0.000211431 0.00577108 0.012567 -0.00168443
internal_weight=874.623 335.956 538.668 525.342 84.6528 251.303 9.64394 208.864 67.1312 103.276 422.066 53.3437 368.722 199.7 26.9609 169.022 159.89 87.868 60.7596 45.3813 30.2858 172.739 141.733 69.711 35.6507 22.8257 30.8626 22.2363 16.1206 161.615
internal_count=5991 3048 2943 2878 1167 1881 118 1443 549 438 2440 275 2165 1266 183 899 843 374 262 197 133 1083 894 450 202 120 148 143 98 1028
is_linear=0
shrinkage=0.03


Tree=53
num_leaves=31
num_cat=2
split_feature=5 0 6 4 5 7 7 6 4 4 4 7 7 0 3 1 0 4 1 0 0 7 7 6 4 4 3 1 4 4
split_gain=21.5153 11.2715 5.5575 7.01938 5.15789 5.3489 4.83513 3.30351 3.42993 5.30746 4.78653 3.31475 6.68903 4.52626 4.2425 3.4771 3.02956 3.6815 3.21717 3.52034 3.12323 2.86863 4.25331 3.58009 3.98159 2.85018 2.74303 4.85249 3.224 3.05209
threshold=0 8.1666666666666696 6.1500000000000012 18.366666666666671 1 0.50165562913907291 0.9036062378167643 7.1500000000000012 22.225000000000005 21.100000000000005 24.225000000000005 0.59428977850030495 0.57039645279081908 11.41666666666667 0.90000000000000013 11.900000000000002 3.8333333333333335 1.7750000000000001 1.3666666666666669 0.41666666666666669 2.4166666666666674 0.82691966135811978 0.98326330532212891 4.6500000000000012 14.775000000000002 17.450000000000003 0.55000000000000016 4.366666666666668 3.9000000000000004 16.450000000000003
decision_type=1 10 2 10 1 10 10 2 10 10 10 10 10 8 10 10 8 10 10 10 8 10 10 2 10 8 8 8 10 10
left_child=6 2 3 16 5 -4 -1 8 9 11 -10 12 13 -3 -13 21 17 18 19 -2 -20 23 -23 -16 -25 -26 28 -28 -18 -29
right_child=1 7 4 -5 -6 -7 -8 -9 10 -11 -12 14 -14 -15 15 -17 26 -19 20 -21 -22 22 -24 24 25 -27 27 29 -30 -31
leaf_value=-0.028588762034949217 0.0044917568757976648 0.00036522144534424292 -0.030109027831205015 -0.014461630560384599 0.025131521936932143 -0.0078996127721811318 0.0047280146597001183 -0.013744256003811288 0.026083325503673652 -0.013203259286896663 0.0040862015895896091 0.017362664373280354 -0.020817333227204478 0.013670701888876069 0.018218609482249234 -0.0077054356797306945 0.019852943544767469 -0.006592573902171139 0.026508786567045611 -0.017153641878995256 -0.0010960783771116287 0.018634679141289523 -0.0033460253764228775 -0.018727212416408928 0.017899253185614843 -0.0055691963326440514 -0.015910847057156213 0.00034011695562484229 0.0037262823899413301 0.012647526152550867
leaf_weight=28.532389249652624 23.338505744934082 82.708445489406586 12.455222342163323 32.088676784187555 3.4359598010778418 45.095078259706497 4.5448088943958274 8.1430285498499853 16.689042642712593 14.482889652252195 19.082690879702568 37.154138900339603 10.623329013586043 31.879343390464783 9.1786119043827039 15.2677134424448 14.555180110037325 101.32132966816425 8.7949580997228587 9.5210357382893545 6.3534261435270318 32.254845708608627 10.502801805734633 9.8840265721082705 8.3260130882263166 10.570261642336847 15.351603522896765 177.29117411375046 47.788777589797974 20.200805135071278
leaf_count=595 139 386 180 270 29 537 53 48 75 71 87 170 49 132 40 64 72 796 58 73 40 142 48 46 41 54 138 1107 281 134
internal_value=-0.000281546 0.000659205 -0.00206854 -0.000932451 -0.0105745 -0.0127062 -0.024011 0.00511657 0.00561425 0.00446904 0.0143488 0.00545973 0.00195566 0.00406692 0.00875517 0.00542333 9.02025e-05 -0.00335017 0.00349297 -0.00177999 0.014931 0.00790667 0.0132354 0.00190424 -0.00329874 0.00477139 0.0019571 0.000336082 0.00749131 0.001599
internal_weight=867.416 834.339 517.592 456.605 60.9863 57.5503 33.0772 316.747 308.604 272.832 35.7717 258.35 125.211 114.588 133.138 95.9843 424.517 149.329 48.0079 32.8595 15.1484 80.7166 42.7576 37.9589 28.7803 18.8963 275.188 212.844 62.344 197.492
internal_count=5955 5307 3854 3108 746 717 648 1453 1405 1243 162 1172 567 518 605 435 2838 1106 310 212 98 371 190 181 141 95 1732 1379 353 1241
cat_boundaries=0 1 2
cat_threshold=2 8
is_linear=0
shrinkage=0.03


Tree=54
num_leaves=31
num_cat=2
split_feature=5 1 4 1 2 2 1 2 4 4 4 7 2 0 2 5 2 2 7 7 1 0 7 7 7 0 2 7 7 7
split_gain=23.6733 9.66981 4.51724 4.42652 6.79488 4.95391 5.005 5.57125 4.78816 4.17709 4.30129 4.26328 4.15641 4.76177 4.63409 4.01165 5.0528 11.6345 4.34678 6.27741 4.52144 6.41197 3.7894 3.72078 4.33216 3.69967 3.58448 3.5769 3.54266 5.153
threshold=0 6.9000000000000012 10.225000000000001 5.1000000000000005 51.500000000000007 54.100000000000009 3.1000000000000005 36.100000000000009 9.5500000000000025 5.366666666666668 6.1000000000000005 0.35495558672276772 62.225000000000009 5.8333333333333348 55.900000000000006 1 87.675000000000011 89.90000000000002 0.91440781440781449 0.89582608695652188 10.708333333333334 10.583333333333334 0.90940656565656575 0.26336189310485519 0.79289318755256533 5.166666666666667 57.100000000000009 0.60948202054794531 0.8192571947109154 0.58596059113300503
decision_type=1 10 10 10 10 10 10 10 10 10 8 10 10 10 10 1 10 10 10 10 10 10 10 10 10 8 10 10 10 8
left_child=22 2 3 5 -5 6 7 9 25 28 -11 -12 14 -14 -3 18 -17 -18 19 20 21 23 -1 -15 -25 -7 -6 -9 29 -2
right_child=1 12 -4 4 26 8 -8 27 -10 10 11 -13 13 15 -16 16 17 -19 -20 -21 -22 -23 -24 24 -26 -27 -28 -29 -30 -31
leaf_value=-0.028664005905988135 -0.00087236230017091276 0.0032114559032177634 -0.0063606858823885663 0.025539713561697708 -0.012972901194724717 -0.01105311805463448 0.0076895504348664474 -0.02593991158976152 0.016100679343538846 0.033210978145714484 -0.018513713155845941 0.015283562514940566 -0.017432310081887184 -0.020965324990032695 0.028872407136771455 0.015100089432393327 -0.028781702157485618 0.0063582046328625854 -0.020234802928760297 0.028313562985175681 0.006902059051671198 -0.019909079705290468 0.0026527689082429481 0.0053954535720848575 -0.016304699773116601 -0.036342724404489865 0.0064036097147728158 0.0046945578592942263 0.018016336662005649 -0.01714072647916072
leaf_weight=29.320846196264029 79.702617228031158 12.660517483949663 151.7702612541616 14.011877872049807 11.318377666175364 23.809718273580078 54.824865464121103 13.86301125586033 4.6496934592723838 5.9450357966125011 5.3014091216027763 9.1684422045946103 9.5399659723043424 6.8207698315381995 12.674541443586348 51.041484475135803 9.0729904025793058 129.72240923345089 8.5064010471105558 7.6373450011014929 59.238258481025696 17.774488985538483 3.9453548975288859 57.77726849168539 9.6648555994033796 6.6631612516939631 35.677100256085396 4.5581495463848105 6.733857035636901 22.461613550782204
leaf_count=623 579 55 1346 68 56 222 335 131 42 42 46 70 57 45 54 229 43 583 46 41 251 87 44 355 66 52 216 42 42 162
internal_value=-0.000127645 0.000852357 -0.00214618 -4.704e-06 0.00720388 -0.00185498 -5.14841e-05 -0.00292422 -0.0122561 -0.000725375 0.0117276 0.00290105 0.00429692 0.00348518 0.016049 0.00404375 0.00702917 0.00406113 0.000658584 0.00177698 0.000437245 -0.00372372 -0.0249499 0.000150174 0.00228569 -0.0165829 0.00173698 -0.0183597 -0.00305991 -0.00444909
internal_weight=875.857 842.59 450.459 298.689 61.0074 237.682 202.559 147.734 35.1226 129.313 20.4149 14.4699 392.131 366.796 25.3351 357.256 189.837 138.795 167.419 158.913 151.276 92.0374 33.2662 74.2629 67.4421 30.4729 46.9955 18.4212 108.898 102.164
internal_count=6030 5363 3451 2105 340 1765 1449 1114 316 941 158 116 1912 1803 109 1746 855 626 891 845 804 553 667 466 421 274 272 173 783 741
cat_boundaries=0 1 2
cat_threshold=2 8
is_linear=0
shrinkage=0.03


Tree=55
num_leaves=31
num_cat=2
split_feature=5 0 6 4 7 5 7 2 2 6 7 4 4 7 7 0 7 0 6 2 7 7 7 7 0 7 7 7 7 4
split_gain=21.0598 10.2111 9.10456 9.34455 5.05995 4.96443 4.81985 4.81323 10.1992 5.24213 4.3936 4.22141 7.94469 4.2789 4.2112 3.7702 7.65821 6.85225 6.4939 5.42186 5.02803 4.80171 6.13714 4.17677 5.2102 3.94424 3.45728 6.36154 3.1727 3.16095
threshold=0 8.1666666666666696 6.1500000000000012 18.225000000000005 0.9036062378167643 1 0.99295774647887336 89.90000000000002 73.675000000000011 5.6500000000000012 0.50165562913907291 16.291666666666668 11.366666666666669 0.56369737644905438 0.85379556042751448 2.1666666666666674 0.36860768943635686 1.0000000180025095e-35 4.5500000000000007 31.633333333333336 0.56369737644905438 0.19293495175848122 0.26689497716894983 0.59428977850030495 2.4166666666666674 0.29595918367346946 0.44840263691683574 0.24253565062388596 0.58076375711574968 11.550000000000002
decision_type=1 10 2 10 10 1 10 10 10 2 10 10 10 10 10 10 8 8 2 10 8 10 10 10 10 10 8 10 10 10
left_child=4 2 3 7 -1 10 -3 8 14 -10 -4 12 13 -9 15 16 18 20 -2 23 -18 -21 -23 24 -17 -24 27 -26 -12 -27
right_child=1 6 5 -5 -6 -7 -8 11 9 -11 28 -13 -14 -15 -16 19 17 -19 -20 21 -22 22 25 -25 26 29 -28 -29 -30 -31
leaf_value=-0.028363551668051209 -0.0015805430047171982 0.0062895978145653701 -0.03004130857577899 -0.01515101947167774 0.0064879921837433909 0.022138177587908564 -0.012768137130009257 0.034842143940792394 -0.013449657780908461 0.016638599129667461 0.01168131035305349 0.026434423801888516 -0.0058166197839825181 0.0085587660961569199 0.020130932106946761 0.042502140211781787 0.039935238475616398 -0.0026216231889924307 -0.025288020440721135 -0.015098207588571241 0.004661970228737081 0.020847226084621282 -0.020645594967771533 -0.0060729159562273854 0.023160963933410099 -0.0006307107246146113 0.030515020885797727 -0.010252438894879805 -0.012947262992791447 0.010309327518730255
leaf_weight=27.412984121590856 21.728966593742371 304.65567646175623 12.595261987298725 33.376311272382736 4.3432751707732669 3.5531834140419951 12.43087577819824 8.6612771078944224 58.951833710074425 5.7167983353137961 5.3610171675682059 10.49251054227352 26.532597377896309 15.642333596944807 11.498291507363318 6.3895026072859755 7.0798545554280254 35.534352205693722 19.942294668406248 14.444449178874491 7.4792887866497049 15.556875914335249 7.2124208882451049 7.9426997080445281 10.103445917367941 92.78557275980711 7.0797985270619384 10.413976266980169 38.619160443544388 31.956133961677551
leaf_count=602 145 1395 188 286 51 28 57 49 424 47 65 63 151 86 60 43 40 266 196 101 43 103 56 45 62 579 38 65 464 224
internal_value=0.000386484 0.00128916 -0.00127168 0.000144425 -0.0235969 -0.0122588 0.00554247 0.00132303 3.86554e-05 -0.0107898 -0.0144191 0.00910976 0.00553398 0.0179256 0.00231854 0.00162579 -0.00342396 0.00448055 -0.012926 0.00389858 0.0218147 0.00140936 0.0030258 0.0135134 0.0180907 0.00092472 0.0124388 0.00620141 -0.00994513 0.00217189
internal_weight=875.493 843.737 526.65 466.522 31.7563 60.1286 317.087 433.145 371.817 64.6686 56.5754 61.3287 50.8362 24.3036 307.148 295.65 91.7648 50.0935 41.6713 203.885 14.5591 161.955 147.511 41.9294 33.9867 131.954 27.5972 20.5174 43.9802 124.742
internal_count=6022 5369 3917 3172 653 745 1452 2886 2537 471 717 349 286 135 2066 2006 690 349 341 1316 83 1063 962 253 208 859 165 127 529 803
cat_boundaries=0 1 2
cat_threshold=2 8
is_linear=0
shrinkage=0.03


Tree=56
num_leaves=31
num_cat=4
split_feature=5 1 6 0 7 0 4 5 0 7 4 5 4 4 0 0 4 2 7 4 4 5 7 2 2 6 7 7 1 2
split_gain=27.2548 10.4111 9.2068 7.0632 4.88813 5.41123 4.79016 4.27396 6.10774 4.46803 3.62815 4.03705 2.91274 2.88624 4.00582 3.69109 8.80369 6.08494 4.05515 3.57825 2.863 2.72405 7.20883 4.16618 4.15967 5.96189 3.85261 4.89612 5.04462 3.66686
threshold=0 7.5500000000000007 5.5500000000000007 10.16666666666667 0.42254710273729118 0.83333333333333337 16.775000000000002 1 5.8333333333333348 0.80663489736070393 20.900000000000002 2 16.775000000000002 8.7750000000000021 9.1666666666666696 9.1666666666666696 12.775000000000002 89.90000000000002 0.46180371352785149 10.100000000000001 14.633333333333335 3 0.34296141814389997 75.100000000000009 89.90000000000002 4.6500000000000012 0.81625150060024021 0.5446652874242649 1.6333333333333335 36.500000000000007
decision_type=1 10 2 10 10 8 10 1 10 10 8 1 10 10 10 10 10 10 10 10 8 1 8 8 8 2 10 10 10 10
left_child=-1 2 3 6 -4 -6 21 -7 9 -9 11 -8 13 14 -3 16 18 20 -15 -17 -18 22 -2 26 25 -25 27 28 -23 -30
right_child=1 12 4 -5 5 7 10 8 -10 -11 -12 -13 -14 15 -16 19 17 -19 -20 -21 -22 23 -24 24 -26 -27 -28 -29 29 -31
leaf_value=-0.027106212246975292 -0.010985317183239505 -0.011702329848982961 -0.023083452651264186 0.032580769200009733 0.026246028421092124 -0.011450208241866378 -0.024843680905971111 0.00074175036994015013 -0.015549940531433897 0.03830317542719789 0.0057420325799444312 0.0035742529203337263 0.0024129112571199085 0.043644144742933877 0.011173254660525335 -0.010936878484264544 -0.018990255070257738 0.017988470672785403 0.019789594215735451 0.0078713076620370234 0.0047758413033425259 -0.0026735669590781503 0.0037069712420281496 -0.020192738641125085 0.0029608155678859855 0.012842097991853324 0.01997674248998212 -0.0035873968579980212 0.020633646040843993 0.0070298835666358951
leaf_weight=30.820253111422062 49.758103877305984 14.551871433854105 18.215214680880308 6.2716476023197165 4.4442866742610923 64.251958906650543 16.466879226267338 5.9684123024344462 7.9615263342857352 5.4554096832871437 8.6683056503534335 6.1903932690620449 138.29580813646317 8.9515370205044764 13.084157958626745 10.119593784213064 9.240993067622183 16.235759906470776 22.622290544211864 90.68798640370369 9.0096571668982524 28.751218527555466 75.905836798250675 20.154385507106785 42.830463625490665 6.503325253725051 15.853438355028628 47.225204102694988 28.317196063697338 48.164062477648258
leaf_count=653 392 66 242 27 45 727 136 56 51 34 75 53 681 41 55 43 49 77 105 395 50 186 496 150 259 44 80 290 151 288
internal_value=0.000601528 0.00161796 -0.00108677 0.000993759 -0.00893666 -0.00601111 0.000491965 -0.00772518 0.00462129 0.0186791 -0.0107643 -0.0170794 0.00574135 0.00810792 -0.000871984 0.00959514 0.0151069 0.0046278 0.0265526 0.00598324 -0.00725783 0.0014621 -0.00211061 0.00335009 -0.00282987 -0.0121337 0.00590152 0.00443789 0.0080394 0.0120667
internal_weight=870.977 840.157 507.357 401.06 106.297 88.0816 394.789 83.6373 19.3853 11.4238 31.3256 22.6573 332.8 194.504 27.636 166.868 66.0602 34.4864 31.5738 100.808 18.2507 363.463 125.664 237.799 69.4882 26.6577 168.311 152.458 105.232 76.4813
internal_count=5997 5344 3782 2627 1155 913 2600 868 141 90 264 189 1562 881 121 760 322 176 146 438 99 2336 888 1448 453 194 995 915 625 439
cat_boundaries=0 1 2 3 4
cat_threshold=2 8 1 8
is_linear=0
shrinkage=0.03


Tree=57
num_leaves=31
num_cat=2
split_feature=5 0 6 2 1 0 6 1 4 1 1 4 6 6 4 4 1 1 2 2 2 5 4 6 2 1 0 4 6 4
split_gain=19.8328 13.0948 9.70466 5.41334 5.04755 3.99337 4.33466 3.38187 3.211 3.12206 6.49203 4.32829 3.2674 2.86584 3.85371 3.78177 3.84929 3.96731 2.8279 4.58595 2.79409 2.67224 3.61758 5.15121 2.82015 2.66697 5.30898 2.51745 2.30017 2.92416
threshold=0 6.8333333333333348 5.9500000000000011 47.300000000000004 6.1000000000000005 14.833333333333334 5.5500000000000007 7.1000000000000005 21.900000000000002 6.6333333333333337 6.4500000000000011 18.225000000000005 5.8500000000000005 5.0500000000000007 18.633333333333336 14.550000000000002 10.100000000000001 11.675000000000002 72.26666666666668 89.90000000000002 55.100000000000009 1 19.100000000000005 7.0500000000000007 29.100000000000005 7.9000000000000012 10.16666666666667 21.100000000000005 5.2500000000000009 14.900000000000002
decision_type=1 10 2 10 10 10 2 10 10 10 10 10 2 2 10 10 10 10 10 10 10 1 10 2 8 10 10 10 2 10
left_child=4 2 7 -3 -1 6 8 9 13 10 11 12 28 15 -15 20 -17 -18 -9 -20 -5 22 24 -24 -4 -8 27 -27 -2 -30
right_child=1 3 21 5 -6 -7 25 18 -10 -11 -12 -13 -14 14 -16 16 17 -19 19 -21 -22 -23 23 -25 -26 26 -28 -29 29 -31
leaf_value=-0.029072131398377155 -0.0005191940615176426 0.022129863142809625 -0.0033428849755273615 -0.0068978152312034365 0.0059732139527427994 0.019718004657760885 -0.012326037554810643 0.023474206690752304 0.013922871587469049 -0.01712184014043832 0.024787107328471676 -0.019388318037082665 0.017693166998251065 0.012194083642381068 -0.0050088812472897717 -0.0082089434598032612 0.013276459556240884 -0.0082399003401427175 -0.014889333742994889 0.017869506627343996 0.0067254181189796668 0.0019340142436464561 0.029880757447283135 -0.016993669012244195 -0.024103360362769322 0.015009956023843576 -0.011219190194263113 -0.0050321451966253115 -0.0091976648747413015 0.013896536454570676
leaf_weight=25.759442005306486 230.40248554944992 15.103525929152964 7.0940382443368426 15.319657385349272 4.3189737349748603 13.763768360018728 21.474923577159643 8.6145645976066607 30.966666623950005 11.77215553075075 8.3047871664166433 12.494045309722422 7.8823781609535208 59.957139261066914 14.567027285695074 50.415117740631104 20.094012796878815 12.516945481300352 7.455450735986231 7.9442607760429382 117.25999315083027 7.8722662776708594 3.3482394851744157 5.7054181657731533 34.667718105018139 19.113544672727588 20.20572654902935 8.001898951828478 54.625549837946892 5.4244415611028662
leaf_count=610 1552 73 91 70 39 56 178 40 143 69 49 135 69 289 73 263 87 52 47 41 542 63 45 75 465 102 97 50 451 46
internal_value=-0.000108025 0.000756778 -0.00302941 0.00449638 -0.02404 0.00383659 0.00327596 -0.00116077 0.00474012 -0.00194966 -0.00138999 -0.0020894 -0.00136493 0.00376001 0.00883147 0.00200706 -0.0030137 0.00501791 0.00970978 0.00200999 0.00515125 -0.0143302 -0.0168498 0.000341513 -0.0205768 -0.00355785 0.000421267 0.00909543 -0.00188213 -0.00711152
internal_weight=862.446 832.368 413.608 418.76 30.0784 403.656 389.893 354.92 321.097 330.906 319.134 310.829 298.335 290.13 74.5242 215.606 83.0261 32.611 24.0143 15.3997 132.58 58.6877 50.8154 9.05366 41.7618 68.7961 47.3212 27.1154 290.452 60.05
internal_count=5962 5313 3238 2075 649 2002 1946 2499 1519 2371 2302 2253 2118 1376 362 1014 402 139 128 88 612 739 676 120 556 427 249 152 2049 497
cat_boundaries=0 1 2
cat_threshold=2 8
is_linear=0
shrinkage=0.03


Tree=58
num_leaves=31
num_cat=3
split_feature=5 0 6 5 7 6 4 2 2 6 0 0 6 0 0 0 2 7 4 6 7 7 2 5 1 7 7 0 7 6
split_gain=22.851 9.67024 9.18705 7.43093 4.6815 4.11148 3.83696 4.61248 6.78533 3.79799 3.20545 3.4376 3.03104 3.01369 4.60188 2.92317 6.32862 5.50107 5.30262 5.57667 4.42411 3.70651 9.39534 5.55477 3.67584 3.66419 2.77969 2.70001 3.13593 2.69714
threshold=0 8.1666666666666696 5.9500000000000011 1 0.48457573354480576 3.9500000000000006 18.225000000000005 89.90000000000002 88.100000000000009 5.8500000000000005 4.8333333333333348 7.166666666666667 9.0500000000000025 6.5833333333333348 5.8333333333333348 2.1666666666666674 31.633333333333336 0.17677696078431376 0.63333333333333341 4.2500000000000009 0.34656167979002633 0.26689497716894983 62.70000000000001 2 3.1000000000000005 0.29595918367346946 0.59728795049144534 7.8333333333333348 0.46816953731847355 4.1500000000000012
decision_type=1 10 2 1 10 2 10 10 10 2 10 10 2 10 10 8 8 8 10 2 10 8 10 1 8 8 10 8 10 2
left_child=-1 2 6 4 -4 -3 7 8 9 15 -8 13 -6 14 -12 18 -17 -18 19 -2 -20 22 23 -19 26 -26 -23 28 -9 -7
right_child=1 5 3 -5 12 29 10 27 -10 -11 11 -13 -14 -15 -16 16 17 21 20 -21 -22 24 -24 -25 25 -27 -28 -29 -30 -31
leaf_value=-0.025773509400761188 0.0290408882224872 0.022837980137088886 -0.030381728472963082 0.01114720849102812 -0.013695344407303961 -0.009042733612973114 -0.033036057213251362 0.027717664897051655 -0.026545884334451951 0.019428462779471599 0.014893642938999961 -0.020841108014339468 0.0098986070093899283 0.021382809862687462 -0.02486090874208988 0.012269752233819663 -0.0186372579973853 0.04641727751427141 -0.02018438202206883 -0.0027029778258028615 -0.0025376347994277085 -0.02394533253202143 -0.015287794999094058 0.0071272879200027263 -0.020835694671940949 0.0014349070078114705 0.0013462900099117832 -0.0072560455633809886 0.0079492895349594171 0.005177520429740773
leaf_weight=29.385795343667269 6.8436049371957806 11.540062114596365 14.498524416238068 11.137680999934672 40.264016535133123 12.514391928911207 4.6839556246995953 8.7797431349754316 8.659599803388117 9.1320942342281324 4.8329905495047587 8.906561076641081 5.579475224018096 5.1210050135850897 5.7248136028647423 40.243089817464352 14.316277943551539 6.8847956508398065 24.251607038080692 18.298328526318073 27.045033566653728 10.177133120596411 6.9434146955609313 6.11484269052744 6.9189619049429885 170.41501695662737 6.3519994169473639 8.0717250257730466 40.70962755382061 294.4100135192275
leaf_count=656 36 48 219 82 497 53 59 54 63 74 45 60 67 37 49 236 105 41 215 112 198 83 52 44 51 1084 49 39 229 1353
internal_value=0.000230062 0.00114043 -0.00137733 -0.0113674 -0.015523 0.00525868 0.000211554 0.000943176 -0.000309204 0.000332717 -0.0102908 -0.00595738 -0.0108238 0.00249753 -0.00666268 -0.000173031 0.00130117 -0.000633804 -0.00534874 0.00593767 -0.0108805 0.000571692 0.012887 0.0279358 -0.000695206 0.000565985 -0.014226 0.00883232 0.0114563 0.00459771
internal_weight=868.756 839.37 520.906 71.4797 60.342 318.464 449.426 420.157 362.596 353.936 29.2693 24.5854 45.8435 15.6788 10.5578 344.804 268.366 228.122 76.4386 25.1419 51.2966 213.806 19.9431 12.9996 193.863 177.334 16.5291 57.5611 49.4894 306.924
internal_count=5990 5334 3880 865 783 1454 3015 2765 2443 2380 250 191 564 131 94 2306 1745 1509 561 148 413 1404 137 85 1267 1135 132 322 283 1406
cat_boundaries=0 1 2 3
cat_threshold=2 8 1
is_linear=0
shrinkage=0.03


Tree=59
num_leaves=31
num_cat=2
split_feature=5 6 7 0 0 4 4 1 2 4 4 4 7 7 0 6 4 7 2 7 1 2 0 5 0 1 2 2 0 0
split_gain=21.8441 12.33 7.27404 5.30562 4.45687 4.34799 3.87876 3.74486 5.102 4.15893 3.70001 3.4382 3.35665 5.42904 5.28562 8.12866 7.19482 5.58814 4.69923 3.91654 3.54278 7.61649 3.27772 3.16986 2.98984 3.35215 6.02116 4.79141 4.58364 4.56232
threshold=0 5.9500000000000011 0.70301177536231896 8.1666666666666696 9.5833333333333339 18.225000000000005 9.7000000000000011 6.366666666666668 68.90000000000002 22.900000000000002 20.366666666666671 10.675000000000002 0.34296141814389997 0.39464733261725748 2.1666666666666674 4.5500000000000007 5.2666666666666675 0.25564420302155838 6.2250000000000005 0.41349768652400237 5.366666666666668 36.500000000000007 5.166666666666667 1 1.0000000180025095e-35 3.1000000000000005 40.500000000000007 42.900000000000006 5.166666666666667 3.8333333333333335
decision_type=1 2 10 10 8 10 10 10 10 10 10 8 8 8 10 2 10 10 10 8 10 8 10 1 8 8 10 8 10 8
left_child=-1 3 -3 5 6 12 -4 -5 11 23 -6 -9 14 20 15 18 17 -16 -2 -15 21 -14 -7 -10 -21 26 29 28 -27 -26
right_child=1 2 4 7 10 22 -8 8 9 -11 -12 -13 13 19 16 -17 -18 -19 -20 24 -22 -23 -24 -25 25 27 -28 -29 -30 -31
leaf_value=-0.025608747849128175 0.01536788139967687 -0.017465931499998793 0.017155370588471771 -0.0091482719243699377 0.02821112050399225 -0.029054395867605845 -0.010478064042955737 0.029435559768831544 -0.0004258056974676654 0.016717245476733575 -0.0014921148665100394 0.0091777817090273814 0.025733511781871003 -0.016435606368115602 0.024527214307335784 -0.027301687179598084 -0.0046443753847909292 -0.0064544741885535495 -0.012266892950823951 0.015803470537502789 0.029431053710618306 -0.011405927051248054 -0.0053158644553181608 0.0068748298042872859 -0.0054761950071211653 0.033150394620265214 -0.027651311424285282 0.0016129812751887727 0.0036407747750595233 0.022351030263793648
leaf_weight=28.622228939086199 9.9271577000617999 46.753982603549957 5.2971570640802375 14.727664425969122 7.1375838369131079 6.7754584178328541 33.374970689415932 13.227915674448012 97.198253333568573 24.163790240883827 8.0099165067076665 17.536928564310077 10.180375270545488 10.539059750735758 16.86582221090794 17.548188172280788 55.149633944034576 7.6009662374854079 12.525824174284933 13.808537669479845 10.085899643599985 9.7094214186072332 23.023006707429886 119.12676404416561 28.94582037627697 8.8910050988197344 9.1710344031453115 183.50630697607994 10.13994577527046 6.4918308556079856
leaf_count=647 59 560 58 71 41 80 327 56 457 105 40 75 64 69 97 177 395 54 91 76 55 83 178 510 195 48 88 1149 50 33
internal_value=0.000162679 0.0010435 -0.00880971 0.00238835 -0.00128992 0.000360991 -0.00669294 0.00558473 0.00638466 0.00491308 0.0125042 0.017888 0.00114468 0.00283187 -0.00310751 -0.0120044 0.00136248 0.0149023 -4.87045e-05 0.00149415 0.0149478 0.00760349 -0.0107134 0.00359454 0.00221827 0.00145924 -0.00598549 0.00309894 0.0174273 -0.00037852
internal_weight=866.062 837.44 100.574 736.867 53.8196 450.885 38.6721 285.981 271.254 240.489 15.1475 30.7648 421.087 301.469 119.618 40.0012 79.6164 24.4668 22.453 271.494 29.9757 19.8898 29.7985 216.325 260.954 247.146 44.6087 202.537 19.031 35.4377
internal_count=5988 5341 1026 4315 466 3041 385 1274 1203 1072 81 131 2783 1910 873 327 546 151 150 1708 202 147 258 967 1639 1563 316 1247 98 228
cat_boundaries=0 1 2
cat_threshold=2 8
is_linear=0
shrinkage=0.03


Tree=60
num_leaves=31
num_cat=2
split_feature=5 1 5 2 1 2 7 1 7 1 3 2 4 0 7 1 4 0 4 4 4 4 2 7 2 2 1 0 1 2
split_gain=18.9977 8.47995 8.75102 5.42202 7.72513 5.60367 6.96407 6.49374 3.76521 5.3163 3.3352 8.7223 6.64151 4.33386 4.67414 4.53196 4.65407 4.27358 3.77494 5.1525 3.97163 3.28448 3.24931 3.12805 2.86934 4.83968 5.0149 5.12889 4.08871 4.27062
threshold=0 7.6333333333333337 1 44.300000000000004 3.1000000000000005 22.550000000000004 0.19293495175848122 1.1000000000000003 0.23442887931034487 3.9000000000000004 0.90000000000000013 84.450000000000017 17.225000000000005 13.16666666666667 0.80663489736070393 9.1000000000000014 12.900000000000002 13.16666666666667 20.900000000000002 22.325000000000003 25.633333333333336 15.550000000000002 89.90000000000002 0.4708313077297035 75.100000000000009 89.90000000000002 6.1000000000000005 6.5833333333333348 1.7750000000000001 18.500000000000004
decision_type=1 10 1 8 10 10 10 10 10 10 10 10 8 10 10 10 10 10 10 10 8 10 10 10 10 10 10 10 8 8
left_child=22 2 3 4 5 6 -2 -8 -6 -10 13 12 -12 14 15 16 -3 18 -13 -20 -21 -18 -1 -17 28 26 -26 -28 -4 -30
right_child=1 10 24 -5 8 -7 7 -9 9 -11 11 17 -14 -15 -16 23 21 -19 19 20 -22 -23 -24 -25 25 -27 27 -29 29 -31
leaf_value=-0.027894212119908876 -0.022944344167237112 0.035485891910267547 -0.004194077505526762 -0.0093169369720991317 -0.0084952509677924705 -0.018659843201270378 -0.0094340742921876029 0.025079097860138556 0.038875476200352248 0.0083571858603240807 -0.031377032115725199 0.0053541452939930428 0.005105244859273936 -0.0082085597077976857 -0.007137828520752852 -0.0070549596335707067 -0.00078204291814858119 0.016417345075270071 -0.022166026551180107 0.0090079032575592372 -0.015724558669693144 0.026305884755504855 0.00019460703374909357 0.015204573400541769 -0.020258966676248762 0.0037071812509792555 0.019529027097304721 -0.012178935659299221 0.02902786453218846 0.0052921753938974074
leaf_weight=24.554182037711147 7.431036718189719 15.730057060718538 41.709504332393408 142.38595936819911 6.2108208537101772 20.911767680197954 8.2883340902626532 12.024781063199041 7.4001894369721439 16.799822550266981 11.044879630208014 166.39747563004494 7.5684917569160488 9.7316030561923963 8.7357854470610601 9.2571399658918399 8.186606705188753 25.387547895312309 11.21598546206951 20.185535877943042 8.2244536504149419 7.9319468364119521 4.3655101023614398 14.710927397012709 20.940701939165592 52.704765625298023 7.883571200072768 10.993794634938238 7.1510605737566939 148.39073370397091
leaf_count=605 67 68 278 1318 44 216 81 89 51 94 59 765 41 40 43 40 40 104 55 96 42 44 60 63 196 334 51 64 37 896
internal_value=0.00025074 0.00107814 -0.00132904 -0.0058189 0.00048048 -0.00693302 0.0019059 0.0109967 0.0123417 0.0176895 0.00487272 0.00321443 -0.0165428 0.0104542 0.0132677 0.0164613 0.023877 0.00480358 0.00337246 -0.00494904 0.00184806 0.0125479 -0.0236541 0.00660732 0.00210223 -0.00225658 -0.0101504 0.00106295 0.00414678 0.00638343
internal_weight=864.455 835.535 511.227 221.453 79.0668 48.6559 27.7442 20.3131 30.4108 24.2 324.308 250.024 18.6134 74.2841 64.5525 55.8167 31.8486 231.411 206.023 39.626 28.41 16.1186 28.9197 23.9681 289.774 92.5228 39.8181 18.8774 197.251 155.542
internal_count=5981 5316 3816 1960 642 453 237 170 189 145 1500 1162 100 338 298 255 152 1062 958 193 138 84 665 103 1856 645 311 115 1211 933
cat_boundaries=0 1 2
cat_threshold=2 8
is_linear=0
shrinkage=0.03


Tree=61
num_leaves=31
num_cat=0
split_feature=6 7 6 2 1 2 6 2 0 7 4 1 2 7 7 4 1 1 4 4 0 1 2 4 2 4 4 1 6 0
split_gain=17.9464 9.20393 5.13077 6.27614 4.97461 5.19299 5.40141 4.46441 5.71567 3.70981 4.91981 7.16619 3.70753 2.83842 4.28681 3.54498 2.39295 5.0081 2.2033 2.99092 6.00602 3.71867 6.16761 3.54153 3.3894 3.25791 3.60123 3.20191 2.74036 2.72311
threshold=5.9500000000000011 0.84420803782505927 7.1500000000000012 89.90000000000002 5.2250000000000005 72.100000000000009 4.9500000000000011 89.90000000000002 4.416666666666667 0.58076375711574968 10.100000000000001 2.9000000000000004 47.300000000000004 0.49065338923829499 0.5335585585585586 20.366666666666671 5.7750000000000012 6.1000000000000005 4.2250000000000005 9.5500000000000025 5.5833333333333348 3.5500000000000003 36.100000000000009 6.366666666666668 48.300000000000004 5.366666666666668 6.6333333333333337 4.366666666666668 4.1500000000000012 4.5833333333333348
decision_type=2 10 2 8 8 10 2 10 10 10 10 10 8 10 10 10 8 8 10 10 10 10 10 10 10 10 8 10 2 10
left_child=4 13 -3 -4 5 6 18 -7 -9 -8 11 -11 -6 15 -15 -2 -14 -18 28 20 21 22 25 -23 -21 -20 -27 -26 -1 -30
right_child=1 2 3 -5 12 7 9 8 -10 10 -12 -13 16 14 -16 -17 17 -19 19 24 -22 23 -24 -25 27 26 -28 -29 29 -31
leaf_value=-0.0041799649860511101 -0.031318106879356891 0.016264010139870836 -0.023474814837456136 0.013298370569815546 0.019412069746132715 -0.022506827946979561 -0.01089807404209875 -0.021152432821095912 0.025086288218886026 -0.0072868219351905896 -0.020339667550860769 0.031294246220655728 0.011423777833346745 0.010001363404078303 -0.015644707723586084 -0.0017550283403743412 -0.010358023423914255 0.0029428660318495583 -0.01351688065123482 -0.0084604529747436558 -0.02385055939276317 -0.0019232617135916904 -0.025371559999670494 0.029194158251135267 0.0043155647795889906 0.028355068246594697 -0.0035950714058084377 0.039472846780347244 0.0063634749281505964 0.022911257982884611
leaf_weight=17.369619607925415 18.14841898530722 13.955021161586048 10.066613718867304 7.1396140828728667 12.198259711265562 19.063396356999874 57.117665681988001 4.6930648013949412 4.9371774643659592 8.9626907631754928 5.9039026387035838 8.3880932405590993 26.570253856480122 6.5320258960127822 57.521458145231009 4.5697390511631957 27.057292480021715 436.30687733367085 6.0716832801699701 5.1922675296664229 11.247315019369124 6.4211055859923345 9.2349513955414277 6.7543013505637646 4.6928687095642072 6.6887458600103864 6.044010438024995 4.6331982463598251 49.908735282719135 10.905845820903776
leaf_count=94 297 87 116 67 57 238 594 53 42 68 54 53 187 88 712 58 187 2146 39 40 66 39 78 49 51 43 40 32 314 51
internal_value=-0.00035337 -0.0112384 0.00274694 -0.00821602 0.00134383 -0.00207542 -0.000546094 -0.0140962 0.00255297 -0.0067855 0.00331572 0.0113649 0.003075 -0.0162607 -0.0130294 -0.0253715 0.00266825 0.00216619 0.00290844 -0.00108469 -0.00441961 0.000882997 -0.00529413 0.0140289 0.0109661 0.004566 0.0131889 0.0217817 0.00632935 0.00933098
internal_weight=874.296 117.933 31.1612 17.2062 756.363 254.231 225.537 28.6936 9.63024 80.3724 23.2547 17.3508 502.133 86.7716 64.0535 22.7182 489.934 463.364 145.165 66.9804 52.4621 41.2148 28.0394 13.1754 14.5183 18.8044 12.7328 9.32607 78.1842 60.8146
internal_count=6040 1425 270 183 4615 2038 1705 333 95 769 175 121 2577 1155 800 355 2520 2333 936 477 354 288 200 88 123 122 83 83 459 365
is_linear=0
shrinkage=0.03


Tree=62
num_leaves=31
num_cat=2
split_feature=5 1 6 5 7 4 6 7 2 6 2 1 7 6 4 6 0 4 2 7 1 6 7 4 0 6 6 7 2 0
split_gain=15.6662 11.3698 8.0684 4.50172 3.66639 3.09185 4.57648 4.12392 7.2929 4.48843 4.59444 7.47344 3.68751 7.31563 5.20018 3.64333 3.65513 3.59968 5.3759 3.56949 3.63078 3.51006 3.4179 3.85704 3.1609 3.05989 3.64484 3.42852 3.29391 2.85804
threshold=0 8.5500000000000025 5.9500000000000011 1 0.9036062378167643 12.900000000000002 5.8500000000000005 0.52508992805755406 89.700000000000003 5.4500000000000011 81.63333333333334 6.9000000000000012 0.39207843137254911 4.9500000000000011 14.900000000000002 4.5500000000000007 3.1666666666666674 7.9000000000000012 66.63333333333334 0.73384195869111168 7.1000000000000005 5.0500000000000007 0.78736702127659586 16.291666666666668 5.166666666666667 4.3500000000000005 4.0500000000000007 0.6401754385964914 89.90000000000002 6.166666666666667
decision_type=1 10 2 1 10 8 2 10 8 2 10 10 8 2 8 2 10 10 10 10 8 2 8 10 10 2 2 10 10 8
left_child=4 2 5 -4 -1 6 7 8 9 10 11 -2 21 22 -15 25 -17 24 -19 -20 -21 -7 -14 -24 -18 26 -9 -28 -27 -16
right_child=1 -3 3 -5 -6 12 -8 15 -10 -11 -12 -13 13 14 29 16 17 18 19 20 -22 -23 23 -25 -26 28 27 -29 -30 -31
leaf_value=-0.027560526453008258 0.0017778237581665011 0.0052337473156129711 -0.014391302664640594 0.0064374145092965457 0.0037447863984998329 -0.0061320044859674155 0.023061215096976808 -0.015528254198109945 0.028442735701901759 -0.017310410875184364 -0.022431870674919082 0.024133953064820114 -0.015202702963099354 -0.0093670750326186446 0.021867904145235168 -0.011205096408571744 0.024097674953476162 -0.015227664820966833 0.022478064936090808 0.010536610596614721 -0.017554349010621376 -0.027385820856867769 -0.01171134513995092 0.014805709267994547 0.0031627486350684643 -0.019623795521463455 0.02178648351165029 -0.0057080117385343012 0.001499045369049737 0.0053650899986046
leaf_weight=23.349604897201065 155.68596698343754 262.55118449032307 65.072087645530701 10.903786830604075 3.9343508630990973 19.118581123650078 7.9846588894724837 10.051836267113687 9.6083862483501417 10.606792557984589 6.2732262760400763 14.731034338474272 37.693007878959179 16.794499821960926 13.291848029941319 19.314672894775867 11.469814978539945 16.503696158528328 8.6016481593251246 9.8812448531389254 7.1284179165959349 11.026738934218882 11.038327567279341 8.9312093928456289 14.953426659107206 28.36176672577858 7.8145748600363758 8.5454967841505987 8.6770694404840452 32.633109785616398
leaf_count=599 1008 1172 832 79 51 146 62 54 50 116 48 67 260 110 106 135 65 92 53 64 37 111 69 56 74 186 40 42 51 197
internal_value=-0.00067195 5.02765e-05 -0.00228529 -0.011402 -0.0230463 -0.000918356 0.000605031 9.00964e-05 0.00295198 0.0016443 0.00278216 0.00371031 -0.00452316 -0.00217348 0.0049176 -0.00363434 0.000321933 0.00357035 -0.00187544 0.00672861 -0.00123576 -0.0139064 -0.00988642 0.000148187 0.0122502 -0.00911213 -0.00131051 0.00742505 -0.0146754 0.0101414
internal_weight=872.532 845.248 582.697 75.9759 27.284 506.721 356.194 348.209 196.905 187.297 176.69 170.417 150.527 120.382 62.7195 151.304 87.8529 68.5382 42.115 25.6113 17.0097 30.1453 57.6625 19.9695 26.4232 63.4507 26.4119 16.3601 37.0388 45.925
internal_count=6032 5382 4210 911 650 3299 2244 2182 1289 1239 1123 1075 1055 798 413 893 520 385 246 154 101 257 385 125 139 373 136 82 237 303
cat_boundaries=0 1 2
cat_threshold=2 8
is_linear=0
shrinkage=0.03


Tree=63
num_leaves=31
num_cat=2
split_feature=5 1 6 2 4 1 0 2 5 2 0 6 6 0 0 4 6 6 4 1 2 2 2 2 2 1 1 1 1 1
split_gain=16.3296 7.44697 5.13799 3.2414 7.21778 3.75355 6.90444 3.54515 3.17976 4.10297 3.1158 2.99306 2.6913 3.42904 2.47231 4.13485 3.21717 5.16935 2.34423 2.12691 5.09917 2.51162 3.89461 2.12667 2.04716 1.96703 2.405 1.90814 2.79643 2.5111
threshold=0 7.9000000000000012 5.5500000000000007 32.675000000000004 6.5500000000000007 3.4500000000000006 3.5833333333333335 9.1000000000000014 1 85.77500000000002 10.583333333333334 3.9500000000000006 4.1500000000000012 14.833333333333334 8.4166666666666696 18.366666666666671 5.6500000000000012 5.2500000000000009 26.550000000000004 5.366666666666668 81.63333333333334 74.63333333333334 64.100000000000009 87.675000000000011 85.100000000000009 11.100000000000001 9.1000000000000014 11.900000000000002 12.450000000000001 9.9000000000000021
decision_type=1 10 2 10 10 10 10 10 1 10 10 2 2 10 10 10 2 2 10 10 10 8 10 10 10 10 10 10 10 10
left_child=23 2 10 4 7 -5 -7 -4 18 -10 -2 -3 -13 14 15 -14 17 27 19 24 21 22 -21 -1 -8 26 -19 29 -29 -16
right_child=1 11 3 5 -6 6 8 -9 9 -11 -12 12 13 -15 16 -17 -18 25 -20 20 -22 -23 -24 -25 -26 -27 -28 28 -30 -31
leaf_value=-0.02832136027601315 -0.00089057894753711718 0.020762170508268844 0.009666283206706568 -0.024462733001793014 0.038589093721807653 0.02401260756913862 -0.028825886114981897 -0.019598626515196858 -0.010485442021931149 0.020611466016272069 0.020552781388498292 -0.0103515780679198 0.012727027417289559 0.019047294906247726 -0.0022700478669709281 -0.0061198875467365684 -0.0065299480703716163 0.020228998518949194 0.0097043079681469451 0.012528430629445149 -0.024686472131164469 0.01927588305607264 -0.021344042509578064 -0.0077655645608142188 -0.00094786380216316669 0.020450167524523725 0.00072452327896769327 -0.018318678793899361 0.0022651219004200282 0.0067505546546819143
leaf_weight=20.696641083806757 414.67614447325468 9.0907685756683332 6.7991396300494698 14.283384956419466 4.087287262082099 5.7144283540546885 14.293037477880718 8.2410343587398511 10.142209470272066 6.1245594695210448 6.1895687729120246 12.475489988923071 47.003621391952038 12.81926044821739 57.347751542925835 13.481543332338331 35.940905332565308 8.535718187689783 3.4973684288561335 5.3180270195007378 13.596210978925226 4.4683999307453623 7.1792088523507118 5.7989325523376456 2.8420513831078997 16.752150520682335 17.06436824798584 11.041399076581003 12.856996625661848 53.8570676445961
leaf_count=559 2707 38 78 202 42 69 190 94 78 40 26 54 227 52 259 85 182 43 44 39 159 44 79 90 40 69 76 46 52 229
internal_value=-0.000635426 9.96929e-05 -0.00206528 -0.00794894 0.00323797 -0.0103955 -0.00764972 -0.00636898 -0.0103317 0.00122278 -0.000575217 0.00380402 0.00328872 0.00388227 0.00317246 0.00852624 0.00165498 0.00331271 -0.0140031 -0.0157415 -0.0109979 -2.79655e-05 -0.00693008 -0.0238224 -0.024202 0.0124578 0.00722781 0.000445894 -0.00724489 0.00209868
internal_weight=862.215 835.719 527.452 106.586 19.1275 87.4589 73.1755 15.0402 67.4611 16.2668 420.866 308.267 299.176 286.701 273.882 60.4852 213.396 177.455 51.1943 47.6969 30.5618 16.9656 12.4972 26.4956 17.1351 42.3522 25.6001 135.103 23.8984 111.205
internal_count=5992 5343 3931 1198 214 984 782 172 713 118 2733 1412 1374 1320 1268 312 956 774 595 551 321 162 118 649 230 188 119 586 98 488
cat_boundaries=0 1 2
cat_threshold=2 8
is_linear=0
shrinkage=0.03


Tree=64
num_leaves=31
num_cat=2
split_feature=5 1 6 7 3 7 1 1 0 4 0 4 0 4 4 1 6 1 1 6 7 7 0 4 4 3 7 7 6 5
split_gain=17.296 8.22355 5.40695 4.64305 3.85833 7.67687 3.8077 3.05111 2.89872 3.39583 3.53822 3.23986 4.76226 2.76101 3.39302 2.68356 2.61972 2.64131 2.98133 2.55223 4.03917 2.45075 4.86741 2.38107 3.03477 3.61994 2.93719 2.5619 3.14295 2.16669
threshold=0 6.1000000000000005 6.0500000000000007 0.4938942665673865 0.63333333333333341 0.88014084507042267 6.1000000000000005 4.6333333333333337 3.8333333333333335 0.63333333333333341 0.58333333333333337 4.9000000000000012 5.8333333333333348 9.2250000000000014 10.225000000000001 3.4500000000000006 6.8500000000000005 3.4500000000000006 4.9000000000000012 7.6500000000000012 0.73706512042818917 0.6401754385964914 3.5833333333333335 8.2666666666666675 5.366666666666668 0.22500000000000003 0.70301177536231896 0.57831869834710747 4.9500000000000011 1
decision_type=1 10 2 10 10 8 10 10 10 8 10 10 10 10 8 10 2 10 8 2 10 10 10 10 10 10 10 10 2 1
left_child=6 2 4 -4 5 8 -1 21 9 10 -2 12 -10 -13 -15 23 17 -5 -19 -18 -21 22 -6 24 26 -26 27 28 -11 -3
right_child=1 29 3 16 7 -7 -8 -9 11 15 -12 13 -14 14 -16 -17 19 18 -20 20 -22 -23 -24 -25 25 -27 -28 -29 -30 -31
leaf_value=-0.028470185323353756 0.013674856499892137 0.0017308833388422398 -0.029276688882396765 -0.014485371845883853 0.013866747872700681 0.034740353853838779 0.0040597289676002103 -0.0025899157869981237 0.0042232449836106791 -0.0034222384419340551 -0.0095720119641826903 -0.0041465098483061255 0.030435329224895863 0.024606916980902411 0.0012267043824639226 0.0057547818816359106 -0.025638555004494506 0.034393061246889914 -0.0008652176825430279 0.016064070091765151 -0.021566374096476125 -0.027559268653238184 -0.021046672492853514 -0.02250882031923666 0.017100055299051214 -0.0081946797060860471 -0.025803267029712786 0.0099003581548361107 -0.01895121980607074 0.0058180250838566847
leaf_weight=22.075727287679914 19.9091409444809 225.36178844794631 10.660730071365832 4.8382600806653491 5.7314011752605465 5.9306369796395293 3.7952148504555216 52.874172545969486 19.317627765238289 35.537175357341766 8.3696192875504476 41.894784089177847 9.2132880240678769 7.9600508064031601 18.733984686434273 18.220472496002913 8.7481264695525187 3.5527217164635632 5.4995458126068124 4.9133416563272458 5.3761904202401638 9.2658634148538095 9.6359244026243669 7.964559778571128 10.451700188219549 9.9294636845588666 7.7489493191242209 7.7666370496153823 17.509225744754076 242.18226480484009
leaf_count=610 110 1244 183 60 69 33 36 420 102 242 55 250 40 47 136 119 126 45 64 66 72 94 109 84 75 85 52 56 172 1128
internal_value=0.000460008 0.00120842 -0.00214922 -0.0120689 -0.00081454 0.00102146 -0.0236981 -0.00665264 0.000190056 -0.00252021 0.00679452 0.00419203 0.0126877 0.00065807 0.00819859 -0.00480817 -0.00649776 0.00340856 0.0129725 -0.0137257 -0.00359751 -0.0153731 -0.00802536 -0.0067942 -0.00538701 0.00477676 -0.00840836 -0.00619185 -0.00854795 0.00384797
internal_weight=860.969 835.098 367.554 43.5889 323.965 246.457 25.8709 77.5074 240.527 143.407 28.2788 97.1197 28.5309 68.5888 26.694 115.128 32.9282 13.8905 9.05227 19.0377 10.2895 24.6332 15.3673 96.9077 88.9432 20.3812 68.562 60.813 53.0464 467.544
internal_count=5984 5338 2966 616 2350 1658 646 692 1625 1050 165 575 142 433 183 885 433 169 109 264 138 272 178 766 682 160 522 470 414 2372
cat_boundaries=0 1 2
cat_threshold=2 8
is_linear=0
shrinkage=0.03


Tree=65
num_leaves=31
num_cat=2
split_feature=5 0 7 5 2 2 4 0 4 7 4 0 4 0 2 1 4 7 0 7 1 1 4 7 4 4 2 4 2 1
split_gain=17.141 6.49266 6.47104 4.75392 4.6049 4.15456 3.20363 4.26956 4.45573 4.47036 4.34027 4.17715 6.31475 3.58742 4.69963 3.28228 3.20066 3.16728 3.09356 3.1319 4.3106 5.26519 2.94954 2.77104 4.23326 4.00446 3.30606 3.16734 4.29143 4.2807
threshold=0 8.1666666666666696 0.99295774647887336 1 86.450000000000017 85.450000000000017 17.900000000000002 6.5833333333333348 9.7000000000000011 0.50165562913907291 9.5500000000000025 7.166666666666667 12.900000000000002 2.1666666666666674 35.70000000000001 6.366666666666668 0.90000000000000013 0.90940656565656575 8.4166666666666696 0.31601439496176342 6.5500000000000007 7.1000000000000005 14.900000000000002 0.78736702127659586 10.900000000000002 14.900000000000002 87.675000000000011 22.225000000000005 81.300000000000026 10.225000000000001
decision_type=1 10 10 1 8 8 10 10 10 10 10 10 8 10 10 10 10 10 10 10 10 10 8 10 10 10 10 10 10 8
left_child=17 3 18 4 5 6 7 8 9 13 -9 -12 -13 16 -15 22 -2 -1 -3 -20 -21 -22 -10 27 -25 -26 -27 28 -23 -30
right_child=1 2 -4 -5 -6 -7 -8 10 15 -11 11 12 -14 14 -16 -17 -18 -19 19 20 21 23 -24 24 25 26 -28 -29 29 -31
leaf_value=-0.027503314645488632 0.006676957043425376 0.01494706457666695 -0.017212618666823901 0.0013360409366945925 -0.014762136077680104 0.024092499500201491 -0.019444070752481796 -0.00851119640646247 -0.022871556876418515 0.0074721491370391881 0.029893618223627742 0.028188144992403484 -0.012350976556681168 0.0097000516824689281 -0.011277319450918619 0.0057438378420940185 -0.022544185964033431 0.0051874539218447696 0.011988571220517519 -0.016485295001799499 0.023779609196373584 0.0066489164053312221 -0.0010949340261218025 -0.0078534182694882243 0.024883533444264798 -0.0092943183578349103 0.011353038990706842 0.010733437372885275 -0.011470754713173383 0.0016539944922306835
leaf_weight=23.046773314476017 4.2618753351271179 26.614988043904305 12.080048769712446 297.3815377317369 33.406442187726498 5.0867544822394839 10.540318258106707 11.109955884516237 23.558528892695904 33.149087883532047 9.291717931628229 5.8139167875051498 8.5348378419876081 19.019401494413614 19.432175286114216 6.5083826929330817 16.185111064463854 3.0164548866450778 40.336486265063286 9.8431284055113775 11.276470728218554 42.203701019287109 7.3424399532377747 12.451188474893568 14.734317407011984 9.1114710569381696 29.828533783555031 23.436058312654495 45.061072923243046 44.405031368136406
leaf_count=624 36 130 55 1892 347 51 127 66 262 269 71 38 63 135 177 43 190 39 176 50 54 187 85 52 63 43 135 105 219 189
internal_value=0.000236872 0.000987335 0.00432781 -0.00111514 -0.00453351 -0.00263342 -0.00341139 -0.00238226 -0.00488857 -0.00134042 0.00695456 0.0142228 0.00407491 -0.00630028 -0.000901229 -0.013619 -0.0164535 -0.0237198 0.00516909 0.0042485 0.00296025 0.00378347 -0.0176972 0.00276424 0.00790644 0.0115624 0.00652182 0.000571993 -0.00123665 -0.0049565
internal_weight=858.068 832.005 321.382 510.622 213.241 179.835 174.748 164.207 129.457 92.0477 34.7504 23.6405 14.3488 58.8986 38.4516 37.4094 20.447 26.0632 309.302 282.687 242.351 232.508 30.901 221.231 66.1255 53.6743 38.94 155.106 131.67 89.4661
internal_count=5973 5310 1458 3852 1960 1613 1562 1435 1197 807 238 172 101 538 312 390 226 663 1403 1273 1097 1047 347 993 293 241 178 700 595 408
cat_boundaries=0 1 2
cat_threshold=2 8
is_linear=0
shrinkage=0.03


Tree=66
num_leaves=31
num_cat=2
split_feature=5 0 4 5 6 7 7 7 7 6 6 7 2 7 0 2 7 6 7 7 7 6 7 6 6 0 7 0 0 4
split_gain=13.6132 6.27588 6.29499 4.98178 6.16117 5.88544 5.78673 8.63149 5.32971 5.10754 4.4963 6.97355 6.11949 4.37975 4.32901 5.70289 4.29428 5.10005 5.17449 4.23381 7.60189 4.36276 4.15614 3.91093 3.57272 4.79175 3.57797 3.1871 3.17706 4.01344
threshold=0 10.833333333333334 9.7000000000000011 1 5.0500000000000007 0.79034299034299049 0.50165562913907291 0.53073822121441183 0.48161665314949992 5.5500000000000007 4.7500000000000009 0.41349768652400237 81.300000000000026 0.9036062378167643 5.416666666666667 81.450000000000017 0.54182569974554717 5.9500000000000011 0.66550116550116567 0.27075501253132833 0.22944819819819823 3.9500000000000006 0.33004854368932046 5.4500000000000011 5.2500000000000009 6.5833333333333348 0.60360072440609358 8.1666666666666696 2.1666666666666674 17.366666666666671
decision_type=1 10 10 1 2 10 8 8 8 2 2 10 8 10 8 10 8 2 8 10 10 2 10 2 2 10 8 10 8 10
left_child=13 3 -3 6 8 9 23 -8 10 -6 11 19 -13 -1 -7 -16 -9 18 24 20 21 -5 -21 28 25 -18 -26 -25 -2 -30
right_child=1 2 -4 4 5 14 7 16 -10 -11 -12 12 -14 -15 15 -17 17 -19 -20 22 -22 -23 -24 27 26 -27 -28 -29 29 -31
leaf_value=-0.027000370249648405 -0.017141747226816918 0.028434549504692739 0.0050944936438968892 0.019976379482913777 0.0082545272654375845 0.033456144491891271 0.028239019249884631 -0.02610763171698504 -0.003101129133629415 -0.01319366164110124 -0.0091380327440340695 0.034284784441511819 0.0011236843869289767 0.0058452165798694609 -0.0093212190114876671 0.018276636091786404 0.041752057268431925 -0.0076075088086341516 -0.0010964501745120629 -0.019945569598028613 0.029836632692729525 -0.002781358544569719 0.0020459884421637395 -0.020396072656033628 -0.0044736531005365827 0.0082300170721191501 0.021468852737689465 0.0042107544772617229 -7.9986459214682518e-05 -0.021027495208678849
leaf_weight=20.932931657880548 15.415266588330267 11.436451077461241 114.75671292841434 9.9877167865633947 30.530237391591072 10.408403955399988 9.6874039694666845 5.8711709678173056 188.16923244297504 14.854242123663424 17.990156512707472 13.852057188749315 7.8448210656642905 4.4263381436467162 8.9238507077097875 27.522720649838448 7.2496396973729125 51.909855686128139 65.034602478146553 10.923762664198874 11.976567670702932 31.46626440435648 26.48952154815197 28.664238471537828 13.203738026320936 8.1544796079397184 7.5039396211504927 5.6751737967133513 76.163275182247162 9.2292954102158529
leaf_count=590 144 47 487 52 188 58 67 36 1078 138 118 71 48 54 46 127 42 594 391 64 70 180 157 406 85 42 50 35 495 59
internal_value=0.000388799 0.00104189 0.00720972 -4.71457e-05 0.00210628 0.00893433 -0.00296037 0.000746669 0.000130074 0.00123458 0.00478808 0.00701423 0.0222949 -0.0212673 0.0163924 0.0115194 -0.000929124 3.67121e-05 0.00395984 0.00336464 0.00878411 0.00270178 -0.00437501 -0.00758541 0.0130658 0.0240065 0.00492726 -0.0163294 -0.00460684 -0.00234401
internal_weight=866.254 840.895 126.193 714.702 410.94 92.2395 303.762 168.615 318.7 45.3845 130.531 112.541 21.6969 25.3593 46.855 36.4466 158.927 153.056 101.146 90.8438 53.4305 41.454 37.4133 135.147 36.1118 15.4041 20.7077 34.3394 100.808 85.3926
internal_count=6019 5375 534 4841 2395 557 2446 1307 1838 326 760 642 119 644 231 173 1240 1204 610 523 302 232 221 1139 219 84 135 441 698 554
cat_boundaries=0 1 2
cat_threshold=2 8
is_linear=0
shrinkage=0.03


Tree=67
num_leaves=31
num_cat=0
split_feature=0 6 7 4 2 6 4 7 4 0 6 4 1 1 4 7 6 4 6 4 4 2 2 2 2 7 0 6 4 1
split_gain=11.0803 8.33203 4.09986 2.89854 4.98813 2.82803 2.88715 5.12658 4.62831 4.10512 3.61395 3.97787 3.49286 3.20042 8.58345 4.1722 4.35361 6.98462 7.67007 3.7692 3.51901 3.0103 2.84085 3.62677 2.72571 3.79233 2.86694 4.69361 3.34758 4.78937
threshold=6.8333333333333348 5.6500000000000012 0.48790243902439029 2.2666666666666671 22.550000000000004 3.8500000000000001 6.9000000000000012 0.35495558672276772 6.366666666666668 5.8333333333333348 4.2500000000000009 2.4500000000000006 1.0000000180025095e-35 4.4500000000000011 11.100000000000001 0.39464733261725748 4.9500000000000011 17.366666666666671 5.1500000000000012 10.100000000000001 17.900000000000002 41.300000000000004 56.63333333333334 47.300000000000004 35.70000000000001 0.59428977850030495 2.1666666666666674 4.9500000000000011 2.2666666666666671 2.6333333333333337
decision_type=10 2 10 8 8 2 8 8 10 10 2 8 10 8 10 10 2 10 2 10 8 10 8 8 10 10 10 2 10 10
left_child=1 5 -3 -4 -5 -1 8 22 9 10 11 -7 -12 14 21 -15 19 18 -18 -17 -21 -9 23 -8 26 -26 27 -14 -28 -30
right_child=-2 2 3 4 -6 6 7 13 -10 -11 12 -13 24 15 -16 16 17 -19 -20 20 -22 -23 -24 -25 25 -27 28 -29 29 -31
leaf_value=-0.018433861429083175 0.0031865785175545563 -0.022844548847346519 -0.034254163665031076 0.033687950702234695 -0.0083226342666855423 0.02153497971537028 -0.012455003330535945 0.012985615264975945 0.021607316570517662 0.016910822510521523 -0.01865132968268151 -0.0066456426668372775 0.0037609079397768821 0.022789409792441088 -0.030638017796595227 -0.017514482098050201 0.021050337663772765 0.037099316265308407 -0.0088272492277050724 0.0042766693289731095 -0.020505531034705909 -0.0093167574053777263 -0.020400719670106034 0.017304942016897164 -0.01475231671318186 0.0049377129479180647 -0.0072192538021866948 -0.021519388801564735 0.027195823901500389 -0.00034324899488959756
leaf_weight=8.6174147278070432 430.91473870351911 22.522656688466668 3.5951388776302338 2.65482598170638 60.76041285507381 12.081440731883047 13.742856398224832 10.988939695060255 10.081386137753723 12.644889354705809 11.571898072957991 7.1915515437722233 22.070538140833381 7.8938240744173518 10.938957246020435 16.471647188067436 12.233051497489212 6.0942656993865958 21.021913126111031 28.988051317632202 6.2727136909961656 10.800338186323641 21.758338306099176 5.0360823534429064 24.20084723085165 13.836949370801447 8.392165273427965 9.4355384074151498 12.746317848563196 10.257316298782824
leaf_count=52 2137 415 50 29 854 67 127 69 75 63 69 43 158 58 140 95 75 47 144 194 57 118 209 47 180 95 52 104 82 56
internal_value=-0.000203079 -0.0036407 -0.0117713 -0.00804949 -0.0065639 -0.00147009 -0.0010227 -0.00369361 0.00195469 0.000582904 -0.00098378 0.0110196 -0.00303994 -0.000822198 -0.00895477 0.001867 5.3709e-05 0.00757416 0.00216341 -0.00566657 -0.00013196 0.00193095 -0.0130227 -0.00447407 -0.00125022 -0.00758971 0.00258337 -0.00381011 0.00899931 0.0149162
internal_weight=855.817 424.902 89.533 67.0104 63.4152 335.369 326.752 172.241 154.511 144.429 131.785 19.273 112.512 131.704 32.7282 98.9755 91.0816 39.3492 33.255 51.7324 35.2608 21.7893 40.5373 18.7789 100.94 38.0378 62.9019 31.5061 31.3958 23.0036
internal_count=5961 3824 1348 933 883 2476 2424 1380 1044 969 906 110 796 997 327 670 612 266 219 346 251 187 383 174 727 275 452 262 190 138
is_linear=0
shrinkage=0.03


Tree=68
num_leaves=31
num_cat=2
split_feature=5 0 4 7 6 4 1 1 7 7 2 7 6 4 0 7 1 6 6 1 5 2 7 2 7 6 7 4 4 4
split_gain=14.4519 9.64646 4.54794 6.50684 5.66279 4.87843 4.42258 4.39929 3.46866 3.31909 3.28445 3.89473 3.0222 4.36307 2.79725 3.0335 5.15402 4.25551 4.02877 5.45691 2.53057 2.51182 3.55726 2.61985 5.86769 7.33035 3.13216 5.51203 4.2101 5.6501
threshold=0 8.1666666666666696 12.775000000000002 0.91901828298887134 6.0500000000000007 12.366666666666669 3.3666666666666671 3.9000000000000004 0.9036062378167643 0.85379556042751448 59.63333333333334 0.42907444668008049 4.6500000000000012 16.775000000000002 4.5833333333333348 0.7960174361006539 7.1000000000000005 4.9500000000000011 5.7500000000000009 6.1000000000000005 1 89.90000000000002 0.52823545043847997 84.63333333333334 0.84420803782505927 4.9500000000000011 0.61956064746689099 10.100000000000001 4.1000000000000005 5.6333333333333337
decision_type=1 10 10 10 2 10 10 10 10 8 10 10 2 10 10 10 10 2 2 10 1 10 10 10 10 2 10 8 10 8
left_child=8 2 4 6 5 21 -4 -8 -1 -6 -9 -12 13 -13 -14 16 17 -16 -19 -20 -17 23 -23 24 26 -26 -2 28 -28 -30
right_child=1 -3 3 -5 9 -7 7 10 -10 -11 11 12 14 -15 15 20 -18 18 19 -21 -22 22 -24 -25 25 -27 27 -29 29 -31
leaf_value=-0.027064117397977133 0.0007945820058492917 0.0047264788925563978 -0.032685280777936823 0.016188967790389773 -0.016366890977060771 0.02287394487549551 0.020471820265397591 0.0086437730829362867 0.0034791077551566971 0.0172013220218196 -0.020918044925214499 -0.0057398031399938801 -0.018982363305074249 -0.032659825453354691 -0.0097044390507797472 -0.021868929148046126 -0.0085984847866021254 0.036257839202028512 -0.014535755538362298 0.032587380256449014 -0.00075551069880664963 0.026335125875885889 0.0025247606213745113 -0.012876337163052323 -0.0027139411462701849 0.036697441457969146 -0.014733602113747309 -0.025224871347734445 0.028567412705292238 -0.0026885114081658312
leaf_weight=21.512843783944849 210.76875649765134 318.63559950143099 6.3108852952718726 10.650864541530607 25.801110003143553 8.89359302818775 5.053778860718011 9.7393761798739416 3.9627977125346652 2.9545404016971579 21.786413755267859 13.765036165714266 9.387909568846224 8.9362965263426286 5.5712061822414425 9.7296917960047722 17.891019530594349 7.8359739929437664 4.8890732228755933 4.038627777248621 10.758330017328262 7.6467397063970592 21.595041893422604 14.551886886358259 8.3766978383064288 8.6163109093904477 16.154682591557503 11.954933762550352 6.6892340108752268 23.461481414735317
leaf_count=629 1458 1444 90 63 375 57 67 76 52 33 202 90 100 72 42 106 120 58 66 42 63 40 117 105 48 43 93 84 44 143
internal_value=-5.55954e-05 0.000625558 -0.0019176 -0.00639007 -0.000136422 0.000948695 -0.00816234 -0.00696619 -0.022313 -0.0129179 -0.00808151 -0.00950305 -0.00682327 -0.0163368 -0.00374248 -0.001386 0.00339971 0.0130107 0.0205598 0.00678136 -0.0107822 0.000357473 0.00875118 -0.000459121 0.000172627 0.0172696 -0.000907291 -0.00706417 -0.00237551 0.00424592
internal_weight=857.921 832.445 513.809 146.344 367.465 338.709 135.694 129.383 25.4756 28.7557 124.329 114.59 92.8032 22.7013 70.1018 60.7139 40.2259 22.3349 16.7637 8.9277 20.488 329.816 29.2418 300.574 286.022 16.993 269.029 58.2603 46.3054 30.1507
internal_count=6022 5341 3897 1257 2640 2232 1194 1104 681 408 1037 961 759 162 597 497 328 208 166 108 169 2175 157 2018 1913 91 1822 364 280 187
cat_boundaries=0 1 2
cat_threshold=2 8
is_linear=0
shrinkage=0.03


Tree=69
num_leaves=31
num_cat=3
split_feature=5 6 1 4 5 1 3 7 1 1 7 1 4 0 7 6 7 3 0 0 0 0 4 1 1 3 5 7 7 3
split_gain=16.2115 8.50917 6.32563 4.60235 4.35229 3.63817 3.90665 3.48069 3.3461 2.48457 2.42906 2.23898 3.80488 2.89528 5.29572 2.22737 4.06059 2.17622 3.77203 6.76796 3.42595 5.33992 3.66789 5.70254 6.03808 3.3915 2.4319 4.05559 3.77216 4.9023
threshold=0 6.0500000000000007 7.9000000000000012 21.100000000000005 1 5.366666666666668 0.63333333333333341 0.52508992805755406 6.1000000000000005 14.450000000000001 0.58076375711574968 4.7750000000000012 15.225000000000001 3.4166666666666674 0.60067567567567581 4.9500000000000011 0.17677696078431376 0.90000000000000013 13.16666666666667 11.833333333333334 4.5833333333333348 5.5833333333333348 6.7750000000000012 7.9000000000000012 9.1000000000000014 0.55000000000000016 2 0.40070422535211275 0.59728795049144534 0.77500000000000013
decision_type=1 2 10 8 1 8 10 10 10 10 10 10 10 10 10 2 8 8 10 10 10 10 10 10 10 10 1 10 10 10
left_child=8 5 4 -4 7 6 15 -3 -1 17 -9 13 -13 14 -8 -2 -17 18 19 20 -7 -22 -23 25 -25 -24 28 -28 29 -27
right_child=1 2 3 -5 -6 9 11 10 -10 -11 -12 12 -14 -15 -16 16 -18 -19 -20 -21 21 22 23 24 -26 26 27 -29 -30 -31
leaf_value=-0.029520623219741974 0.0028710556031552245 -0.030018850641189504 0.015174970397215387 -0.0090559416192373121 0.011221302819051364 -0.01010483711977919 0.021934439303235673 0.0094202864614104792 -0.00011007316543716153 0.019551186463281522 -0.014548467360763007 -0.010742551957634926 0.017591057240486957 -0.022632904698295365 -0.025918258296628489 -0.025676472537288327 -0.001304740571135928 0.0016223839721327008 -0.013701096449714985 0.032087879108503026 0.024425252749012801 0.016234552989310157 0.013308457483761088 0.021525664425250553 -0.00073856538796515019 -0.020964802937039697 0.0079588011963709661 -0.017254856473661363 0.015576348331557873 0.0093667606402786981
leaf_weight=19.456620065495375 137.87820497900248 12.707665361464022 14.820988349616526 13.463253483176233 5.7149545028805724 12.005401156842707 4.3687639012932795 4.2593123055994502 4.2403427995741358 8.404300242662428 35.700255010277033 13.19312282651663 6.3037159405648699 16.124152258038521 3.9753606542944908 6.8519618399441233 60.279695302248001 320.61899295449257 8.5473623722791654 8.968920171260832 13.670197382569311 21.168907076120377 10.303071744740008 23.478493012487888 20.565760344266891 10.376445911824707 7.5801420658826855 23.670359440147877 10.247092708945273 8.9168084338307381
leaf_count=600 846 223 81 81 48 68 56 56 41 34 468 107 61 175 44 70 492 1663 35 37 77 95 51 108 89 58 41 124 56 61
internal_value=0.000214399 0.000901374 -0.00800327 0.0036411 -0.0136446 0.00192017 -0.00105115 -0.0163428 -0.0242579 0.00337494 -0.0119936 -0.00916598 -0.00158173 -0.0152093 -0.000863846 0.000689101 -0.0037923 0.00310311 0.00574795 0.00672038 0.00531579 0.00655018 0.0047575 0.00264737 0.0111297 -0.00260765 -0.00530517 -0.011139 0.0008664 -0.00694639
internal_weight=867.861 844.164 86.6664 28.2842 58.3822 757.497 248.975 52.6672 23.697 508.522 39.9596 43.9651 19.4968 24.4683 8.34412 205.01 67.1317 500.118 179.499 170.952 161.983 149.977 136.307 115.138 44.0443 71.0939 60.7908 31.2505 29.5403 19.2933
internal_count=6046 5405 957 162 795 4448 1851 747 641 2597 524 443 168 275 100 1408 562 2563 900 865 828 760 683 588 197 391 340 165 175 119
cat_boundaries=0 1 2 3
cat_threshold=2 8 8
is_linear=0
shrinkage=0.03


Tree=70
num_leaves=31
num_cat=1
split_feature=5 0 2 1 2 6 4 4 2 2 2 3 1 1 3 4 2 4 6 4 4 4 4 4 2 0 1 2 1 0
split_gain=10.5918 6.03495 6.65465 5.31378 4.84024 4.79558 3.67704 12.6269 7.16972 4.0533 3.44967 3.16811 7.1198 6.14621 3.54214 5.40186 3.52363 3.26835 3.09794 3.09605 3.01494 3.0026 3.36332 2.93671 2.79467 6.05539 3.90359 3.63432 2.74134 7.99364
threshold=0 6.8333333333333348 47.300000000000004 6.1000000000000005 56.300000000000004 5.4500000000000011 17.366666666666671 20.633333333333336 83.100000000000009 81.300000000000026 62.70000000000001 0.63333333333333341 1.9000000000000001 4.6333333333333337 0.45000000000000007 5.9000000000000012 18.500000000000004 2.5500000000000003 7.9500000000000011 3.5500000000000003 12.366666666666669 2.2666666666666671 10.366666666666669 9.7000000000000011 89.90000000000002 5.166666666666667 7.1000000000000005 86.63333333333334 3.3666666666666671 3.1666666666666674
decision_type=1 10 10 10 10 2 10 8 10 10 10 8 10 8 10 10 10 10 2 8 10 10 10 10 10 10 10 10 10 10
left_child=3 5 -3 -1 23 11 9 8 -8 18 -6 12 17 -13 16 -16 -14 -2 28 -19 -17 -18 -23 -4 27 -26 -27 -15 -7 -30
right_child=1 2 4 -5 10 6 7 -9 -10 -11 -12 13 14 24 15 20 21 19 -20 -21 -22 22 -24 -25 25 26 -28 -29 29 -31
leaf_value=-0.026442420978901992 -0.0018898420149584551 0.022292817888561904 -0.0014939358891545385 0.012326627642603611 0.016397538539302231 -0.016016777908331753 0.002180093636054209 -0.017545968156971264 0.0563989080390154 -0.026075440070570936 0.0022743961020383527 -0.020318132268736678 0.019534031854195531 -0.001497157928840662 0.031427973962288545 0.0010222406461292913 -0.013331319988539038 -0.035200446008211983 0.014845950330307119 -0.0086149209837393624 0.024923080846965047 0.0054472263267020147 -0.016478616093706686 -0.022852578143614587 0.032064285268927607 -0.0087407796134180895 0.018363853209605843 -0.020174963060871357 0.034475310245422351 -0.009218452031483703
leaf_weight=19.59247103147209 42.751781940460205 15.17602341622114 12.754638656973841 3.798734162002801 16.23270458728075 31.119482669979334 4.1969105117022973 11.136412523686888 4.6019377447664738 12.971899926662443 378.58124538511038 18.237859942018986 9.994065694510935 53.242584273219109 11.02113953232765 20.75308278948069 11.793967574834822 5.7839562967419624 5.0362369194626799 12.382168591022493 6.1599181517958632 58.903805091977119 7.0500978380441657 10.615919075906275 6.4448878616094616 16.362832374870781 6.7568137645721427 11.379885680973528 4.3115879297256461 29.907144296914339
leaf_count=619 277 73 60 39 77 380 55 141 50 138 1865 205 50 362 61 138 64 49 67 105 45 353 51 54 45 106 33 90 45 309
internal_value=-0.000235682 0.000321642 0.00277801 -0.0201463 0.00206981 -0.00232437 -0.00789757 0.00367664 0.0305374 -0.010666 0.00285507 -0.000399384 0.00199754 -0.00437761 0.00607747 0.0137373 0.00276586 -0.00641951 -0.00782557 -0.0170796 0.00649273 0.000610401 0.00310348 -0.011196 -0.00129098 0.00634909 -0.000819337 -0.00478628 -0.00957308 -0.003713
internal_weight=859.052 835.661 433.361 23.3912 418.185 402.3 103.282 19.9353 8.79885 83.3464 394.814 299.019 186.594 112.425 125.676 37.9341 87.7419 60.9179 70.3745 18.1661 26.913 77.7479 65.9539 23.3706 94.187 29.5645 23.1196 64.6225 65.3382 34.2187
internal_count=6006 5348 2129 658 2056 3219 1185 246 105 939 1942 2034 1193 841 762 244 518 431 801 154 183 468 404 114 636 184 139 452 734 354
cat_boundaries=0 1
cat_threshold=2
is_linear=0
shrinkage=0.03


Tree=71
num_leaves=31
num_cat=2
split_feature=5 1 0 1 5 4 7 6 7 7 7 1 0 0 6 7 7 7 7 7 1 0 7 0 1 1 7 4 0 7
split_gain=12.8524 7.10933 6.94278 6.0432 5.95097 5.2576 4.41288 6.30645 4.09715 3.8815 3.8005 5.0301 3.4398 3.10981 3.09341 3.76001 2.74404 3.8796 4.07044 4.63315 3.89543 3.16833 3.14606 3.43588 4.67789 3.18073 2.73087 2.58006 2.52851 3.7719
threshold=0 11.266666666666667 12.583333333333334 6.1000000000000005 1 15.550000000000002 0.50165562913907291 5.0500000000000007 0.45997355304648563 0.42907444668008049 0.52230514096185743 11.900000000000002 12.833333333333334 11.41666666666667 5.9500000000000011 0.5446652874242649 0.049545863677276827 0.16916134712744885 0.27075501253132833 0.2909656345086809 6.1000000000000005 6.5833333333333348 0.51339392489834978 8.4166666666666696 7.7083333333333348 6.366666666666668 0.16227770177838582 10.900000000000002 6.416666666666667 0.05917366946778712
decision_type=1 10 10 10 1 10 8 2 10 8 10 10 10 10 2 8 10 10 10 10 10 10 10 10 10 10 10 10 8 10
left_child=3 2 4 -1 6 -3 7 8 9 28 -7 -12 -13 16 -8 -16 -6 -18 27 -20 21 -21 23 24 -22 -24 -9 -19 29 -2
right_child=1 5 -4 -5 13 10 14 26 -10 -11 11 12 -14 -15 15 -17 17 18 19 20 22 -23 25 -25 -26 -27 -28 -29 -30 -31
leaf_value=-0.029417618924122983 0.01690792937032767 0.022134015962192811 -0.022051042218765547 0.011960268377279376 0.019125848855254327 0.014399209806899944 0.0027424535982866166 -0.034533341765592661 -0.02194284750361427 0.02176326191430894 0.015121250579598807 -0.021107944774369308 0.0017637963167303719 0.018365190690444604 0.024281850901530337 -0.0077531460355855812 -0.010290336371666776 0.018109063461499476 -0.021376839409864005 -7.7728233560831034e-05 0.008823251591222752 -0.013262728036472044 0.020166226400177456 0.0023987425825670755 0.036300053307325018 0.0015498212198314187 -0.012336472337605776 -0.0020693796308679864 0.0047911772676976563 -0.011360370453132713
leaf_weight=18.882904969155792 4.9833912625908843 20.524313896894455 13.169781446456907 3.8191789016127577 8.0990792140364629 21.11357969045639 118.56209538131952 5.4698350392282 7.938737951219081 7.1377947479486457 10.888044551014898 11.676631882786753 11.999900937080382 10.502949461340902 3.5149311237037173 53.300805687904358 23.690730426460505 22.020414993166927 7.9116489179432383 138.84079085662961 14.125004544854166 18.600022330880165 8.7920440286397916 18.646704286336899 9.2141932845115644 136.48223259299994 56.674346540123224 7.696085635572671 29.87322723865509 28.795245490968227
leaf_count=612 35 83 56 38 48 86 695 63 45 41 46 50 50 44 38 622 133 126 52 988 77 106 47 80 41 645 599 56 166 225
internal_value=-0.000186499 0.000422451 -0.000460058 -0.0224566 -7.62556e-05 0.0091551 -0.00319176 -0.0071458 -0.00150638 0.000785479 0.00437075 -0.00175508 -0.00951593 0.00224412 -1.56739e-05 -0.00577129 0.00183525 0.00149035 0.00222033 0.00132171 0.0018427 -0.0016354 0.00476694 0.012 0.0196709 0.00267649 -0.0142902 0.0128832 -0.00156693 -0.00718992
internal_weight=852.947 830.245 754.042 22.7021 740.872 76.2025 316.25 140.873 78.7284 70.7897 55.6782 34.5646 23.6765 424.622 175.378 56.8157 414.119 406.02 382.329 352.613 344.701 157.441 187.26 41.9859 23.3392 145.274 62.1442 29.7165 63.6519 33.7786
internal_count=5993 5343 5028 650 4972 315 2529 1174 512 467 232 146 100 2443 1355 660 2399 2351 2218 2036 1984 1094 890 198 118 692 662 182 426 260
cat_boundaries=0 1 2
cat_threshold=2 8
is_linear=0
shrinkage=0.03


Tree=72
num_leaves=31
num_cat=3
split_feature=5 1 7 2 2 5 4 7 3 2 4 4 6 1 5 1 7 6 4 6 4 4 7 6 7 7 6 7 6 2
split_gain=10.8678 4.68207 4.6322 4.00477 3.64407 5.23445 4.64932 3.65975 3.53826 5.28026 3.68674 3.78082 4.40908 3.34614 3.72026 4.7305 3.95413 3.14752 3.1171 4.06342 2.94484 5.34335 3.48593 2.93396 3.2159 2.9662 3.95559 2.8676 2.83884 3.0993
threshold=0 5.2250000000000005 0.9036062378167643 47.300000000000004 40.900000000000006 1 14.900000000000002 0.85770528683914515 1.0000000180025095e-35 18.500000000000004 9.7000000000000011 3.5500000000000003 4.2500000000000009 11.266666666666667 2 10.900000000000002 0.92134420697412833 7.0500000000000007 4.6333333333333337 5.0500000000000007 9.5500000000000025 10.225000000000001 0.63397457918241173 5.3500000000000005 0.54182569974554717 0.62826185613796237 5.8500000000000005 0.78736702127659586 4.2500000000000009 22.550000000000004
decision_type=1 10 10 10 10 1 10 10 10 10 10 10 2 10 1 10 8 2 10 2 10 10 10 2 10 10 2 10 2 10
left_child=2 4 -1 -3 7 6 -6 8 9 23 11 12 -10 14 16 -16 20 -8 -7 27 22 -22 -5 24 -2 26 -25 -20 -13 -30
right_child=1 3 -4 13 5 18 17 -9 10 -11 -12 28 -14 -15 15 -17 -18 -19 19 -21 21 -23 -24 25 -26 -27 -28 -29 29 -31
leaf_value=-0.026392066611756398 -0.0031753489217059487 0.018052689942096967 0.0088593794160754316 -0.020597730804546233 -0.018820866580527323 0.0096485317070938818 0.014284965811976276 0.024836508467433589 0.014604900759230389 -0.028651934061556094 -0.016577405689878002 -0.0085491996921561019 -0.0091938358883459671 0.0077442348590881201 0.0041291900264159888 -0.018674659918511746 -0.025096606859342875 -0.018023188408066829 -0.0058279500236712656 0.0096941191105037149 0.025160706075741186 -0.0010958262855442187 0.0036768417229631591 -0.022075936979708059 0.015549601185845335 -0.035287053574634478 0.020103405726645353 -0.027172249513471355 0.028989946828982569 0.0090008328742483754
leaf_weight=18.863711608573798 38.268816247582436 14.428919121623037 4.0805957652628413 14.134431455284359 37.931540288031101 18.306438475847244 7.5891579166054708 5.4100843220949164 9.6772043555974943 7.8174210973083964 7.6559480093419543 6.5931769311428061 25.383963461965322 78.582144990563393 249.75595732033253 8.4646368473768216 6.5227592438459387 4.2245359495282173 33.021752167493105 13.237463563680647 7.305606994777917 154.42118042707443 8.5418321415781957 4.8766737170517427 10.525039970874785 4.3865830004215232 3.393456406891346 6.8380434960126868 8.4164608158171159 40.931882981210947
leaf_count=609 263 69 49 86 452 113 102 30 50 69 67 38 180 324 1250 37 40 67 285 125 41 1014 50 50 64 42 48 56 58 294
internal_value=0.000246838 0.000805457 -0.0201227 0.00245947 -0.00223964 -0.00623143 -0.0137025 0.000550318 -0.000232109 -0.00542917 0.00341673 0.00509882 -0.00262517 0.00203313 0.00103392 0.00338167 -0.00214132 0.00273168 -0.00102653 -0.004707 -0.00132934 9.02475e-05 -0.0114538 -0.00247489 0.000863702 -0.0153457 -0.00476862 -0.00948962 0.0099398 0.01241
internal_weight=859.587 836.643 22.9443 542.157 294.486 121.149 49.7452 173.337 167.927 69.268 98.6586 91.0027 35.0612 527.729 449.146 258.221 190.926 11.8137 71.4037 53.0973 184.403 161.727 22.6763 61.4506 48.7939 12.6567 8.27013 39.8598 55.9415 49.3483
internal_count=6022 5364 658 2911 2453 1200 621 1253 1223 536 687 620 230 2842 2518 1287 1231 169 579 466 1191 1055 136 467 327 140 98 341 390 352
cat_boundaries=0 1 2 3
cat_threshold=2 8 8
is_linear=0
shrinkage=0.03


Tree=73
num_leaves=31
num_cat=2
split_feature=5 5 7 7 6 1 0 6 0 2 4 7 7 4 0 7 0 7 0 7 7 7 2 0 2 7 0 1 1 2
split_gain=12.0776 4.93526 4.53821 5.89938 5.7143 6.31111 4.3277 6.94709 5.02642 4.43422 4.21084 4.18909 4.03889 3.82972 3.753 4.37907 3.71097 3.67374 3.66287 3.6528 5.7228 5.16099 4.69121 4.37321 3.50034 3.29147 3.26362 4.40129 3.28782 5.68155
threshold=0 1 0.27075501253132833 0.20881782945736438 4.5500000000000007 2.2250000000000005 8.1666666666666696 5.0500000000000007 7.416666666666667 68.100000000000009 13.900000000000002 0.24253565062388596 0.2909656345086809 20.366666666666671 1.0000000180025095e-35 0.46180371352785149 11.16666666666667 0.90672316384180796 6.5833333333333348 0.48161665314949992 0.41349768652400237 0.50165562913907291 76.100000000000009 9.4166666666666696 89.90000000000002 0.82691966135811978 8.8333333333333339 3.9000000000000004 2.3666666666666671 6.2250000000000005
decision_type=1 1 8 10 2 8 10 2 10 10 10 10 10 10 8 8 8 10 10 10 10 10 8 10 10 10 10 10 10 10
left_child=24 6 3 26 12 -6 7 8 9 -2 16 -5 -4 17 -9 -16 -7 -12 -11 20 -14 -21 -22 -23 -1 -15 27 28 29 -3
right_child=1 2 4 11 5 10 -8 14 -10 18 13 -13 19 25 15 -17 -18 -19 -20 21 22 23 -24 -25 -26 -27 -28 -29 -30 -31
leaf_value=-0.027990216911802042 0.00036881712843467578 0.020747510498909081 -0.02327035720272437 0.035268424470866859 -0.015461726391031936 0.008357602441937631 0.0012107155646893096 0.019332247320728604 -0.020577626308938456 0.0042705637003855644 -0.0070507969780844934 0.0096438261538520833 -0.0033316650133506072 0.020314557775969824 -0.01848474648637945 -0.0065131767446075821 0.026436623859749965 0.010899810223114448 0.034463886716640621 -0.026924376837285754 0.026952993242875343 -0.0055654702714941166 -0.0019327026183198542 0.0083863494069499785 0.0028120889376704646 -0.0007092374761024174 0.019259187372755126 -0.016044820419923011 0.022836203813921829 -0.015372097648794592
leaf_weight=18.017676083371047 59.679935224354267 6.4696547314524713 8.1364767253398878 10.89710930362344 12.985612090677021 79.986018449068069 167.4930382668972 3.8826336041092864 8.3436167538166028 7.4759525284171087 44.786294743418694 12.136840779334305 30.944101676344872 14.705225314944984 41.90554079413414 79.991341285407543 11.714937433600424 13.310713261365889 7.0038905367255211 8.503675162792204 14.207008242607118 101.29949727654457 7.8594449907541266 25.262593105435371 4.0704902317374936 12.314647153019903 8.9577298462390882 11.734645925462244 7.5045231431722632 9.9431892111897451
leaf_count=587 399 39 49 63 103 437 801 41 52 62 261 73 180 94 507 864 55 59 46 45 69 603 45 106 63 60 37 62 42 75
internal_value=-0.000419843 0.000163202 0.00226933 0.00943716 0.00101327 0.00472445 -0.00237944 -0.00526651 0.00149845 0.0039822 0.00620693 0.0217665 -0.00257668 0.00140162 -0.00970389 -0.0106287 0.0106672 -0.0029381 0.0188751 -0.00168144 0.00499214 -0.00430068 0.0166647 -0.0027806 -0.0223139 0.0107327 0.00307096 -0.000996407 0.00638684 -0.00113438
internal_weight=851.524 829.436 453.66 67.6437 386.016 189.803 375.776 208.283 82.5034 74.1598 176.818 23.034 196.213 85.1169 125.78 121.897 91.701 58.097 14.4798 188.076 53.0106 135.066 22.0665 126.562 22.0882 27.0199 44.6097 35.652 23.9174 16.4128
internal_count=5979 5329 2557 391 2166 1069 2772 1971 559 507 966 136 1097 474 1412 1371 492 320 108 1048 294 754 114 709 650 154 255 218 156 114
cat_boundaries=0 1 2
cat_threshold=2 8
is_linear=0
shrinkage=0.03


Tree=74
num_leaves=31
num_cat=1
split_feature=5 1 2 2 6 1 1 2 2 1 4 4 6 3 2 1 2 0 2 2 4 6 6 4 4 4 4 1 3 0
split_gain=14.8202 6.66178 5.35193 4.57757 4.22248 3.54958 4.79978 3.94475 6.28842 3.91907 3.31805 5.76219 4.33573 3.68609 4.97133 4.49592 3.0213 2.88075 12.2304 6.68218 2.86684 2.85582 6.0995 2.52195 2.41244 6.57544 3.94203 3.18795 5.1137 5.61527
threshold=0 5.2250000000000005 47.300000000000004 54.100000000000009 7.1500000000000012 5.7750000000000012 8.5500000000000025 62.70000000000001 56.300000000000004 5.9000000000000012 9.7000000000000011 8.9000000000000021 6.5500000000000007 0.45000000000000007 46.300000000000004 3.5500000000000003 49.300000000000004 5.5833333333333348 76.90000000000002 68.450000000000017 20.900000000000002 7.5500000000000007 7.7500000000000009 25.633333333333336 22.225000000000005 21.100000000000005 20.225000000000005 9.1000000000000014 0.90000000000000013 9.5833333333333339
decision_type=1 10 10 8 2 10 10 10 10 10 10 8 2 8 8 10 10 10 10 8 10 2 2 10 10 10 10 10 10 10
left_child=21 3 -3 10 5 17 7 8 -7 -9 11 12 13 14 -2 -15 -12 18 -4 -19 -6 -1 -23 24 25 26 27 28 -8 -30
right_child=1 2 4 -5 20 6 23 9 -10 -11 16 -13 -14 15 -16 -17 -18 19 -20 -21 -22 22 -24 -25 -26 -27 -28 -29 29 -31
leaf_value=-0.031374852746609838 0.00022520170774679302 0.021642816175514452 -0.0056790201918557534 -0.0085622501320695554 -0.00070325820640344697 -0.0022883976812816428 0.026578799800280294 -0.023909420655551208 0.023106734827168046 -0.0022528972710710339 -0.020966123436740647 0.028887911429405701 -0.026900836818286668 -0.0046133023908471399 -0.028014448908572891 0.02997340140106668 0.0050677191112153261 0.025470631123356697 0.052751660559700646 -0.014162768549314987 -0.025707606830671081 0.032110777463106414 -0.031212948320946881 -0.0092452152540784295 0.014894394027080879 -0.016964586525732857 0.022023068218576455 0.0025135765172574378 0.013100481980610219 -0.015089825217888585
leaf_weight=15.784060014411809 147.33333159610629 12.721342504024504 6.5190496221184748 96.446410495787859 8.4052606709301489 22.620932660996914 14.089989319443701 7.8518069349229327 14.33817397803068 178.24448252469301 12.609777580946686 6.2820081263780585 5.3682374693453303 5.8718314543366414 5.8325374424457541 7.9788702912628651 5.8841039389371863 7.0690056756138775 6.3786409944295883 8.3520666658878326 8.1073890477418882 2.2328868675976983 3.538453683257103 11.253890663385389 21.425366789102554 12.300637371838091 12.382730826735495 152.71244633197784 21.390257768332962 9.0499239563941938
leaf_count=506 1010 60 49 987 81 106 62 71 71 1076 128 47 81 52 45 47 60 44 49 70 69 32 119 51 94 58 55 656 101 43
internal_value=-0.000213829 0.000424861 0.00241694 -0.00320647 0.00194884 0.00243604 0.00182422 -0.0013887 0.00756357 -0.00316663 -0.000586554 0.000665562 -0.000362911 0.00049007 -0.000850161 0.0153108 -0.0126831 0.0127557 0.0232183 0.00400515 -0.0129799 -0.0247719 -0.00671349 0.004639 0.00528108 0.00435299 0.00560388 0.0045731 0.0116361 0.00471945
internal_weight=850.376 828.821 535.213 293.607 522.492 505.979 477.661 223.055 36.9591 186.096 197.161 178.667 172.385 167.017 153.166 13.8507 18.4939 28.3188 12.8977 15.4211 16.5126 21.5554 5.77134 254.605 243.351 221.926 209.625 197.243 44.5302 30.4402
internal_count=5980 5323 2866 2457 2806 2656 2444 1324 177 1147 1470 1282 1235 1154 1055 99 188 212 98 114 150 657 151 1120 1069 975 917 862 206 144
cat_boundaries=0 1
cat_threshold=2
is_linear=0
shrinkage=0.03


Tree=75
num_leaves=31
num_cat=0
split_feature=1 6 7 4 6 7 1 6 7 4 3 7 1 0 0 6 6 7 4 7 7 6 7 1 2 7 4 7 7 4
split_gain=8.89229 8.41778 4.6102 4.41231 4.36518 3.89613 3.43902 3.26268 4.59999 3.63395 8.38025 4.66223 3.46323 3.40664 3.63235 3.35492 4.26631 3.78443 3.19412 4.56215 4.50037 15.8274 3.15511 3.00631 6.79917 10.954 3.84664 2.7825 7.41672 3.70338
threshold=6.9000000000000012 5.2500000000000009 0.42907444668008049 17.366666666666671 5.4500000000000011 0.40070422535211275 6.6333333333333337 6.8500000000000005 0.87543103448275872 5.366666666666668 0.22500000000000003 0.59728795049144534 3.5500000000000003 3.5833333333333335 4.5833333333333348 7.6500000000000012 8.0500000000000025 0.74431524547803629 15.225000000000001 0.89582608695652188 0.79932885906040274 4.8500000000000005 0.33937653814602137 5.366666666666668 81.63333333333334 0.66777041942604864 16.450000000000003 0.90033112582781472 0.91440781440781449 18.900000000000002
decision_type=10 2 8 10 2 8 10 2 8 10 10 10 10 10 10 2 2 8 10 10 10 2 10 10 10 8 8 10 10 10
left_child=1 3 4 6 5 22 18 8 9 11 -11 -4 -12 -14 -15 -9 -17 -18 19 20 -1 -22 -3 -16 25 -25 -26 -2 -29 -30
right_child=27 2 7 -5 -6 -7 -8 15 -10 10 12 -13 13 14 23 16 17 -19 -20 -21 21 -23 -24 24 26 -27 -28 28 29 -31
leaf_value=0.0012176165775068871 0.0030190769978616161 -0.0066873749156791378 0.0031680476444017093 -0.016171321870164714 -0.025481099108197802 -0.029539550889166443 -0.017930434652808608 -0.023699530333281423 0.019177935321571936 0.035350230735596774 -0.02397507621632726 -0.030115566275811793 0.025511118996586323 -0.024458286164861884 -0.012981466645186535 0.021233331463796593 0.0057165931040372518 -0.027787351934682968 0.01816621747734776 -0.018133015055975778 -0.0066603912969067751 0.047023145998837203 0.024886312182035072 0.048916923354638084 -0.034543456465927332 -0.0021418209131333693 0.0048215164109365848 0.029857158287212152 -0.00055710261978156252 0.017946691538754674
leaf_weight=231.25993372872472 335.01122884452343 10.505122158676388 6.3399690315127364 12.991330435499547 21.925027199089527 4.7161701936274758 7.7984720617532721 14.135475520044567 8.6606063451617938 5.3382923975586882 6.8589561451226464 9.4088266827166063 3.9504017010331145 6.3904663007706395 10.982948765158651 4.4721535462886122 5.4368346072733376 6.8662249017506847 10.926677105948327 10.125214286148546 11.730919733643534 8.5418345332145673 3.9081035088747731 6.1660996992141017 4.5193542372435314 9.7787374928593636 4.4182179495692253 13.232188269495962 35.375427037477493 13.430416829884051
leaf_count=1540 1626 109 77 139 413 41 44 278 67 42 127 91 44 86 120 76 91 139 84 67 77 42 41 42 47 69 39 69 161 69
internal_value=0.000830626 -0.00206576 -0.00772638 0.000920653 -0.0163437 -0.00587091 0.0017126 -0.00461551 -0.00151103 -0.0039274 -0.000478719 -0.0167166 -0.00408307 -0.00113025 -0.0036209 -0.0129327 -0.00386018 -0.0129817 0.00227457 0.00161095 0.00240572 0.0159589 0.00187374 9.18974e-05 0.0058624 0.0176033 -0.0150837 0.0040998 0.00993583 0.00453478
internal_weight=845.202 448.152 154.778 293.374 41.0544 19.1294 280.383 113.724 82.8129 74.1523 58.4035 15.7488 53.0652 46.2062 42.2558 30.9107 16.7752 12.3031 272.585 261.658 251.533 20.2728 14.4132 35.8654 24.8824 15.9448 8.93757 397.049 62.038 48.8058
internal_count=5957 4032 2039 1993 604 191 1854 1435 851 784 616 168 574 447 403 584 306 230 1810 1726 1659 119 150 317 197 111 86 1925 299 230
is_linear=0
shrinkage=0.03


Tree=76
num_leaves=31
num_cat=2
split_feature=5 7 6 7 4 0 2 4 4 0 7 2 7 5 2 6 0 4 7 2 0 2 7 4 6 7 7 2 0 2
split_gain=8.70119 5.36921 4.45183 9.24945 3.39933 2.96936 3.74013 2.71742 11.751 4.25071 2.61205 6.12206 2.77105 4.69659 2.43611 2.39255 3.89868 2.2562 3.49599 2.19361 3.34966 2.79066 3.55394 2.76158 4.51981 2.43673 3.90938 3.30323 3.53055 2.3746
threshold=0 0.9036062378167643 5.5500000000000007 0.42907444668008049 20.366666666666671 10.833333333333334 67.300000000000026 17.900000000000002 20.775000000000002 9.8333333333333339 0.84420803782505927 71.90000000000002 0.7626059322033899 1 85.77500000000002 5.2500000000000009 12.583333333333334 13.100000000000001 0.57831869834710747 40.900000000000006 2.5833333333333335 57.100000000000009 0.73706512042818917 17.700000000000006 5.8500000000000005 0.53073822121441183 0.48457573354480576 81.100000000000009 6.5833333333333348 88.90000000000002
decision_type=1 10 2 10 10 10 10 10 10 10 10 10 10 1 10 2 10 8 10 8 10 10 8 8 2 10 10 8 10 10
left_child=1 -1 5 4 -4 7 -7 -2 9 -9 12 -12 19 -14 -13 16 17 -8 -19 20 -5 -21 23 25 -25 26 -23 28 -27 -26
right_child=2 -3 3 10 -6 6 15 8 -10 -11 11 14 13 -15 -16 -17 -18 18 -20 21 -22 22 -24 24 29 27 -28 -29 -30 -31
leaf_value=-0.025851011005787849 0.001637263811779653 0.013966544698481447 -0.029352397338845895 -0.0044748843854306936 0.00096869315934603546 0.022305978279809357 -0.0023869714436578655 -0.023506192044808801 0.0086299379460120281 0.0013688377834761842 0.033033451614483206 -0.014405838248024201 -0.02760059202588681 0.001297634831106163 0.0046428648988424996 0.013150529423851188 -0.0077907612914699213 0.020469998927280866 0.00046344438449601448 -0.018375696539002912 0.027538365869720062 -0.0034902514494253747 0.01795158500066233 0.00789729155930507 -0.032934817474432616 -0.012500143566621618 0.035914777596686792 -0.018409076578313064 0.023376399794556392 -0.0079561713405492465
leaf_weight=17.328009031713012 500.05022724345326 3.6984647177159777 15.716653257608415 6.1878223903477174 4.2215490825474253 11.779663816094397 15.961087703704836 24.817242626100779 29.973030347377062 8.2340168952941877 6.0846656560897818 7.7529752738773814 10.469460509717464 9.7988847494125366 27.385999247431755 21.582550391554832 25.109064236283302 17.416419938206673 14.327473700046538 9.4653423465788347 5.6071581915020943 4.792211353778848 7.8504733629524699 6.8386909291148141 7.7515683248639089 4.4227348789572734 4.2983613386750221 7.9149555526673785 5.5874748155474663 6.1371993273496628
leaf_count=615 2991 50 245 75 49 48 66 176 177 38 43 64 138 63 164 89 103 73 61 115 49 59 74 41 75 62 34 72 34 51
internal_value=0.000210788 -0.0188473 0.000695026 -0.0038295 -0.0229325 0.00176512 0.00636692 0.00089738 -0.00497304 -0.0173091 -0.00107641 0.00525084 -0.00376201 -0.0136295 0.000440007 0.0043779 0.00177763 0.00681387 0.0114401 -0.0011597 0.0107437 -0.00331776 -0.000754 -0.00382978 -0.012067 0.0024901 0.0151419 -0.00392615 0.00752534 -0.0218972
internal_weight=848.561 21.0265 827.535 158.284 19.9382 669.251 106.176 563.075 63.0243 33.0513 138.346 41.2236 97.1223 20.2683 35.139 94.3966 72.814 47.705 31.7439 76.854 11.795 65.059 55.5937 47.7432 20.7275 27.0157 9.09057 17.9252 10.0102 13.8888
internal_count=5994 665 5329 1507 294 3822 440 3382 391 214 1213 271 942 201 228 392 303 200 134 741 124 617 502 428 167 261 93 168 96 126
cat_boundaries=0 1 2
cat_threshold=2 8
is_linear=0
shrinkage=0.03


Tree=77
num_leaves=31
num_cat=0
split_feature=1 2 1 2 6 3 4 1 2 2 7 6 6 0 6 4 7 7 6 2 6 2 0 2 4 7 4 7 0 1
split_gain=5.853 4.11647 4.81439 4.79987 4.00804 3.99516 3.09752 3.06189 3.34048 5.50463 2.96427 4.50024 3.73841 3.47524 2.63379 3.42355 3.61249 4.75996 2.62752 2.73043 3.33207 2.96875 3.65144 4.59234 2.60412 2.52819 2.50803 5.60238 7.52293 4.76094
threshold=5.2250000000000005 54.550000000000004 2.2916666666666674 30.633333333333336 7.6500000000000012 0.45000000000000007 6.7750000000000012 3.1000000000000005 40.500000000000007 52.500000000000007 0.33449883449883455 4.5500000000000007 4.3500000000000005 2.1666666666666674 4.2500000000000009 5.366666666666668 0.58076375711574968 0.82416216216216232 4.0500000000000007 54.70000000000001 4.1500000000000012 62.225000000000009 13.16666666666667 87.675000000000011 7.5500000000000007 0.73152530032763019 16.633333333333336 0.37170824670824676 12.583333333333334 6.9000000000000012
decision_type=10 10 10 10 2 10 10 10 10 8 10 2 2 10 2 10 10 10 2 10 2 10 10 10 10 10 10 10 8 10
left_child=1 2 3 10 5 24 25 -8 -9 -10 11 12 -1 -13 -12 16 -16 -18 -7 -20 -21 -22 26 -24 -2 -4 -23 -28 29 -29
right_child=4 -3 6 -5 -6 18 7 8 9 -11 14 13 -14 -15 15 -17 17 -19 19 20 21 22 23 -25 -26 -27 27 28 -30 -31
leaf_value=-0.010828795758534042 0.0026302359315220399 -0.0095224383795032667 0.0091025086707187015 -0.022002419917088158 -0.017396950101797523 0.0096358440157451493 -0.016904304505439716 0.013814775163202496 -0.016065509782106701 0.02220092551196147 0.017892157992626764 -0.02739844962192799 0.014633145739119086 0.0050660693204767236 0.0032464689450072202 0.02010030454735311 -0.021548036514487862 0.011753485746741609 -0.010398767531251973 -0.018704888757656708 0.011901872046232834 0.0018150782809688644 -0.0038679907020708736 0.019662179390226211 0.024875541813551671 -0.0095538503476791693 -0.020255953278120669 -0.012839466897380244 -0.030074001282686932 0.0032602358875400733
leaf_weight=13.029242888092996 8.4868402481079119 85.362956205382943 57.028446607291698 14.753390870988367 10.176512042060493 30.605136066675186 11.257777528837321 11.876285733655097 13.727719426155092 4.48978018015623 6.9936510622501364 14.720929494127633 8.6253572348505241 3.7169294264167538 25.238447250798345 5.7605830878019324 16.0966692250222 5.0826980695128432 19.590079493820667 7.5724956691265097 22.842087738215923 259.17414843291044 12.111450999975206 19.45788899064064 10.716772630810736 7.3837234228849402 15.332105938345192 19.665412738919258 7.5920603722333899 103.71674144268036
leaf_count=82 40 1202 364 199 107 141 126 76 130 36 36 204 59 34 215 51 134 32 94 37 111 1405 50 79 53 44 105 178 33 539
internal_value=-0.000602509 -0.00393141 -0.00175986 -0.00603625 0.00125439 0.00160793 0.00285028 -0.00355736 0.0014356 -0.00663458 -0.00366325 -0.00996136 -0.000686916 -0.0208539 0.00060408 -0.0017131 -0.00442021 -0.0135562 0.00110948 0.000573703 0.00103353 0.00135854 0.000807497 0.0106349 0.0150445 0.00696388 4.23669e-05 -0.0030979 -0.00108934 0.000694165
internal_weight=852.184 305.145 219.782 114.018 547.04 536.863 105.764 41.3516 30.0938 18.2175 99.2645 40.0925 21.6546 18.4379 59.172 52.1784 46.4178 21.1794 517.66 487.054 467.464 459.892 437.05 31.5693 19.2036 64.4122 405.48 146.306 130.974 123.382
internal_count=5996 3024 1822 1046 2972 2865 776 368 242 166 847 379 141 238 468 432 381 166 2772 2631 2537 2500 2389 129 93 408 2260 855 750 717
is_linear=0
shrinkage=0.03


Tree=78
num_leaves=31
num_cat=1
split_feature=5 1 0 2 6 1 2 1 2 4 2 4 6 2 1 4 0 2 2 2 6 2 6 4 4 1 6 0 6 4
split_gain=9.8863 4.82909 3.74962 3.61437 2.77075 3.44215 5.11504 2.90896 6.0221 2.80976 5.26143 2.7073 2.69101 2.59332 8.49574 3.51008 3.31924 2.55243 2.44311 3.25966 5.48415 2.43748 2.12582 3.59495 3.03335 2.47054 3.29972 3.22005 2.74797 2.67289
threshold=0 11.266666666666667 13.833333333333334 87.366666666666688 4.2500000000000009 1.1000000000000003 12.100000000000001 1.9000000000000001 18.100000000000005 5.2666666666666675 33.900000000000006 1.7750000000000001 4.9500000000000011 88.366666666666688 8.1000000000000014 0.63333333333333341 6.166666666666667 87.675000000000011 25.500000000000004 31.633333333333336 4.9500000000000011 5.3000000000000016 5.5500000000000007 9.2250000000000014 16.775000000000002 8.5500000000000025 4.4500000000000011 8.8333333333333339 4.3500000000000005 12.225000000000001
decision_type=1 10 8 10 2 10 10 10 10 8 10 10 2 10 8 10 10 10 10 10 2 10 2 10 10 10 2 10 2 8
left_child=17 2 4 -3 13 21 -7 9 -9 11 -11 -8 -4 14 15 -2 -17 -1 -10 20 -20 -6 24 -24 25 28 -27 -28 -21 -29
right_child=1 3 12 -5 5 6 7 8 18 10 -12 -13 -14 -15 -16 16 -18 -19 19 22 -22 -23 23 -25 -26 26 27 29 -30 -31
leaf_value=-0.026877909024055995 0.022514553496831576 -0.0042788548845168282 -0.025117971260729892 0.010870727166862597 -0.0020447589326396086 0.030442877268601065 -0.0013996625313981606 0.027393778962610853 -0.01245188039603406 0.028320352917077372 -0.023881065077715074 -0.028670943578741833 -0.0038728442695590342 -0.0034212151577056042 0.037981713576999192 -0.0058328852745366082 0.012321303323273768 -0.003529772023253316 0.031243012634186839 0.012640020377190477 -0.0056367894645484211 -0.018167985559775574 -0.01627402444156429 -0.0016020544502187367 -0.0041754042651451365 -0.0099363112009491304 0.018656822533948791 -0.0037631746304668495 -0.00012328874272319319 0.010723523953475726
leaf_weight=15.058773223310711 7.8661223351955405 18.267175391316414 8.8919089213013667 63.244078874588013 17.546809885650873 4.938609652221202 5.1332034952938548 7.2295332364737979 14.189503472298382 3.7955233752727535 3.2051670700311661 9.0560750998556596 13.531489148735998 20.963371723890305 7.8029250949621192 25.668122246861458 14.01233299076557 5.8514061067253342 7.8278809115290624 16.187261559069157 6.765100285410881 16.257438413798809 17.54406276345253 104.88321736827493 88.203970547765493 9.3754801750183088 21.50458736717701 19.749755620956424 244.46316025778651 27.317579343914982
leaf_count=569 40 77 55 259 126 38 41 39 92 37 44 83 109 99 32 156 67 98 43 93 59 162 211 973 537 39 96 84 1517 119
internal_value=2.7402e-05 0.000543472 -0.000216092 0.00747561 0.000159392 -0.000479998 3.52676e-05 -0.000212364 0.000183 -0.0111318 0.00442067 -0.0188051 -0.0122975 0.005565 0.00896849 0.0042071 0.000577891 -0.0203443 -0.000157341 0.000152071 0.0141461 -0.00979888 -0.000219748 -0.00370458 0.000779868 0.00207071 0.00675672 0.00903907 0.000669355 0.00464481
internal_weight=846.332 825.421 743.91 81.5113 721.487 645.174 611.37 606.431 585.241 21.19 7.00069 14.1893 22.4234 76.3129 55.3495 47.5466 39.6805 20.9102 578.012 563.822 14.593 33.8042 549.229 122.427 426.802 338.598 77.9474 68.5719 260.65 47.0673
internal_count=5994 5327 4991 336 4827 4433 4145 4107 3902 205 81 124 164 394 295 263 223 667 3863 3771 102 288 3669 1184 2485 1948 338 299 1610 203
cat_boundaries=0 1
cat_threshold=2
is_linear=0
shrinkage=0.03


Tree=79
num_leaves=31
num_cat=0
split_feature=6 7 7 7 7 1 4 4 7 1 2 1 6 7 1 4 1 0 0 7 7 4 2 1 4 4 4 4 2 0
split_gain=6.10456 11.4016 5.00184 5.96487 5.30019 5.45914 5.06138 5.1491 4.11909 3.74143 6.18935 3.42756 6.36131 5.89282 3.12872 3.60639 3.33751 3.02501 2.9987 2.90979 6.72251 3.37598 2.86701 2.80493 3.86886 4.57535 3.85555 2.59643 5.28934 4.04656
threshold=5.3500000000000005 0.48161665314949992 0.84420803782505927 0.95993589743589758 0.53073822121441183 9.2250000000000014 21.100000000000005 18.100000000000005 0.049545863677276827 7.9000000000000012 85.100000000000009 9.9000000000000021 5.4500000000000011 0.34955402952087783 3.5500000000000003 6.9000000000000012 3.7750000000000004 5.416666666666667 9.4166666666666696 0.26689497716894983 0.25082781456953646 5.1000000000000005 29.100000000000005 8.5500000000000025 17.225000000000005 21.550000000000004 16.550000000000004 4.4500000000000011 45.100000000000009 5.5833333333333348
decision_type=2 8 8 8 10 10 10 8 8 10 8 8 2 10 8 10 8 8 10 8 8 10 10 10 10 8 10 8 8 10
left_child=8 11 4 6 17 9 7 -4 -1 27 -11 12 13 -2 15 -10 -16 22 -8 20 21 -18 -3 24 26 -26 -21 -6 -29 -30
right_child=1 2 3 -5 5 -7 18 -9 14 10 -12 -13 -14 -15 16 -17 19 -19 -20 23 -22 -23 -24 -25 25 -27 -28 28 29 -31
leaf_value=0.017973263807670191 0.017807497796707872 0.031692997475458007 0.0077628225065441226 -0.022925753101129938 -0.024349992741823642 -0.020639007241375192 -0.021678497196031432 0.031178165000906255 -0.0012449074558479472 0.028351381535372817 -0.010083554845003787 -0.036857715654290739 -0.020155887232067713 -0.023328032809632988 0.020726462384696508 -0.015426367891624547 0.021559104052426371 0.021157174209922937 0.0048111853254839253 -0.00087968067807011349 0.035048357801085617 0.00039640594740829712 -0.018274154289422653 0.0037015714479599945 -0.019969976856744474 0.0064009964805209259 0.01959203827585931 0.014015457940581318 -0.016399460703495124 -0.0011879418824750766
leaf_weight=12.810549153015016 9.1240856871008855 1.3669308610260511 31.044412896037102 5.8961904160678378 6.4665937125682849 20.42497231066227 6.3330788146704462 11.614462813362477 90.7637038230896 7.9557471051812145 7.1684963926672944 6.4321030564606181 36.683033360168338 4.7742410264909259 8.2812659963965398 19.629193093627691 8.1448748558759672 10.622910276055334 9.7941447272896749 204.63335988111794 7.1672983542084685 40.610501825809479 4.2365987077355385 159.47507782280445 19.410367889329791 8.5205114576965588 8.6289501711726171 11.681998342275618 28.311237554997206 35.443562986329198
leaf_count=82 76 16 219 57 100 99 68 73 624 42 44 46 622 46 56 204 44 60 46 1192 41 231 93 684 156 60 53 106 444 314
internal_value=-0.000533618 -0.00440661 -0.0010082 0.00584032 -0.00432194 -0.00654226 0.00872553 0.014138 0.00114825 -0.0035748 0.0101342 -0.0162303 -0.0136073 0.00367695 0.000773571 -0.00376654 0.00185171 0.0117495 -0.00559118 0.00150937 0.0079198 0.00393176 -0.00608512 0.000614649 -0.0014264 -0.0119253 -5.13606e-05 -0.0061063 -0.00454242 -0.00794284
internal_weight=843.45 255.375 198.361 64.6823 133.679 117.453 58.7861 42.6589 588.076 97.0276 15.1242 57.0135 50.5814 13.8983 575.265 110.393 464.872 16.2264 16.1272 456.591 55.9227 48.7554 5.60353 400.668 241.193 27.9309 213.262 81.9034 75.4368 63.7548
internal_count=5998 2571 1781 463 1318 1149 406 292 3427 1050 86 790 744 122 3345 828 2517 169 114 2461 316 275 109 2145 1461 216 1245 964 864 758
is_linear=0
shrinkage=0.03


Tree=80
num_leaves=31
num_cat=2
split_feature=5 0 2 5 7 7 6 7 7 4 7 6 0 7 6 4 4 4 2 0 4 4 2 2 1 4 1 4 7 7
split_gain=9.44987 4.10481 3.54473 3.13785 3.58291 4.82421 6.41401 5.7839 7.52291 5.38263 3.08075 3.31749 5.19458 5.94406 3.63568 3.57994 4.32807 3.22057 3.05294 4.33568 2.922 6.00248 3.70367 2.88836 6.23675 5.71925 7.49158 4.09634 3.06582 6.35928
threshold=0 13.16666666666667 87.500000000000014 1 0.92134420697412833 0.85379556042751448 5.3500000000000005 0.45485893416927908 0.7960174361006539 21.100000000000005 0.049545863677276827 5.0500000000000007 10.16666666666667 0.84420803782505927 5.4500000000000011 21.100000000000005 16.550000000000004 17.225000000000005 78.500000000000014 8.1666666666666696 17.900000000000002 22.450000000000003 1.0000000180025095e-35 81.300000000000026 6.366666666666668 14.775000000000002 7.291666666666667 15.100000000000001 0.53073822121441183 0.4983443708609272
decision_type=1 10 10 1 10 10 2 8 10 8 8 2 10 10 2 8 10 8 10 10 10 10 8 10 10 10 10 10 10 8
left_child=-1 3 -3 4 5 6 -2 -8 23 18 -5 20 13 14 -13 16 -16 -15 -7 -20 22 -22 -12 24 27 -25 -27 28 29 -9
right_child=1 2 -4 10 -6 9 7 8 -10 -11 11 12 -14 17 15 -17 -18 -19 19 -21 21 -23 -24 25 -26 26 -28 -29 -30 -31
leaf_value=-0.019988169812605625 0.0013886709602730606 -0.0017627447734732547 0.017756590850859229 0.020863207891267901 -0.021179101867656317 0.038129002909091471 -0.017925363341397851 -0.012792313056348393 -0.026880210460394981 -0.0080180149059881078 -0.020579994873599079 0.010974991034027019 -0.0092906818043749541 0.013619123819556404 -0.0074077588801746939 -0.026160415026403028 0.023344176902889011 0.0353446436044553 -0.008635740102921844 0.023993370711316693 -0.016857697260937388 0.01093958151690537 0.0017024171378837753 -0.036044394857925745 0.018325225427635629 0.027978892278125375 -0.0098910682037755809 -0.032554863589531732 -0.0043487441924917681 0.047978870935325275
leaf_weight=20.132817262783647 173.78691616281867 13.129117429256437 23.115466669201851 7.6845914125442496 8.3529982939362508 5.3632299751043346 34.492344681173563 2.9627137370407572 11.200349066406487 10.136304557323458 6.8678923398256293 29.981665845960379 15.689215019345282 18.20929853618145 14.425286203622823 5.3831870891153804 5.765194594860076 9.2657494246959704 5.8187695108354083 9.9025671333074552 22.543356239795685 10.13454847037792 298.68631500005722 5.3655559346079817 17.406742364168167 5.8650120981037643 23.696384325623512 3.8887934610247603 27.374765433371067 3.2494291290640831
leaf_count=653 1041 54 94 43 54 37 427 47 128 72 34 174 67 81 124 44 40 43 63 46 144 53 1676 54 104 74 142 59 289 35
internal_value=0.000320244 0.000813006 0.010686 0.000362039 -0.00176776 -0.00129158 -0.0024261 -0.00731869 -0.00369678 0.00994745 0.00203309 0.00170192 0.00654047 0.00953189 0.00388706 -0.00442259 0.00137316 0.0209459 0.0185843 0.0119167 0.000289701 -0.0082368 0.00120158 -0.000805514 0.00348639 -0.00754959 -0.00237763 -0.00340597 -3.10202e-05 0.0189957
internal_weight=849.877 829.744 36.2446 793.499 348.863 340.51 309.289 135.502 101.01 31.2209 444.636 436.952 98.7196 83.0304 55.5553 25.5737 20.1905 27.475 21.0846 15.7213 338.232 32.6779 305.554 89.8094 54.8824 34.927 29.5614 37.4757 33.5869 6.21214
internal_count=5996 5343 148 5195 2672 2618 2400 1359 932 218 2523 2480 573 506 382 208 164 124 146 109 1907 197 1710 804 534 270 216 430 371 82
cat_boundaries=0 1 2
cat_threshold=2 8
is_linear=0
shrinkage=0.03


Tree=81
num_leaves=31
num_cat=2
split_feature=5 1 5 7 7 2 6 7 3 1 7 2 4 6 7 7 7 7 6 7 1 2 4 2 7 4 6 7 7 7
split_gain=9.93998 3.9994 3.52522 3.82975 5.38806 4.27491 4.24357 3.74166 4.26144 3.86447 3.59142 9.902 5.78983 3.19742 4.40732 6.98262 2.91974 2.64768 3.02006 2.58893 2.55789 3.35125 2.55915 5.98333 3.80481 3.79546 3.73197 4.2478 3.44712 2.54912
threshold=0 7.6333333333333337 1 0.032433380084151482 0.19293495175848122 18.500000000000004 4.9500000000000011 0.57039645279081908 0.77500000000000013 2.9000000000000004 0.75091240875912424 80.700000000000003 18.366666666666671 6.2500000000000009 0.6401754385964914 0.74431524547803629 0.67769272826681248 0.83216577671091962 6.8500000000000005 0.11658576051779937 2.5500000000000003 40.500000000000007 13.366666666666669 85.63333333333334 0.45997355304648563 17.225000000000005 5.5500000000000007 0.39207843137254911 0.39207843137254911 0.3648516863063796
decision_type=1 10 1 8 8 8 2 8 10 8 10 10 10 2 8 10 10 10 2 10 10 10 10 8 10 8 2 10 10 10
left_child=-1 2 3 -2 19 6 -6 20 9 -9 11 16 -13 14 -11 -16 -10 -12 -19 -5 -7 29 24 25 26 28 27 -23 -24 -22
right_child=1 -3 -4 4 5 7 -8 8 10 13 17 12 -14 -15 15 -17 -18 18 -20 -21 21 22 23 -25 -26 -27 -28 -29 -30 -31
leaf_value=-0.02091233811134887 0.023819155799949462 0.0033767774762309805 0.0012655711028380697 -0.009375776217169899 0.027877232102461541 -0.020621640721178221 -0.0018069819844715391 -0.014616937427742276 -0.0009252229556180238 0.034381249499238951 -0.02532693399586439 0.0078772092593803241 0.059496358414603788 -0.0058561429237159856 -0.0099788875756261167 0.027260370881868716 -0.034198203956405257 0.0057110590742733263 -0.022216146517512237 -0.032064073231773856 0.016311872581226617 -0.011995007773785892 -0.0036172147369425011 -0.033737490234500345 -0.028688384301774401 -0.015484350293145124 -0.032369484698700421 0.016362398459405052 0.029733751570803574 -0.0059168805597020402
leaf_weight=19.435139229521155 4.4234856888651839 326.95928663760424 291.47515322268009 9.670335780829193 7.7045055180788067 13.420170381665228 9.9087108410894853 6.1372462324798098 4.9636354334652442 8.2439992874860781 10.300890997052194 4.9797329455614072 3.2202965132892132 7.631789728999137 9.4229158125817793 8.7302172183990461 4.5487801730632782 8.725316606462 5.8026682548224917 8.5096327587962133 8.858585402369501 15.030829407274728 4.7177508138120174 4.1125396229326716 11.794776007533072 4.868631668388848 4.742184415459632 6.9535085707902899 6.8232118673622608 9.7569513805210573
leaf_count=653 38 1498 1885 85 51 169 107 72 46 49 120 55 38 102 56 54 50 75 85 80 63 111 43 51 98 62 84 47 65 66
internal_value=0.000296101 0.00079126 -0.000881134 -0.00380497 -0.00438802 -0.00290554 0.0111777 -0.00433287 0.000286489 0.00729463 -0.00633037 0.00398983 0.028149 0.0112465 0.0161911 0.00793024 -0.0168362 -0.0136926 -0.00544343 -0.0199957 -0.00852764 -0.00643769 -0.00993699 -0.00137996 -0.0144957 0.00672942 -0.00823231 -0.00302574 0.0161004 0.00466113
internal_weight=851.873 832.438 505.478 214.003 209.58 191.4 17.6132 173.787 82.7075 40.1662 42.5413 17.7124 8.20003 34.0289 26.3971 18.1531 9.51242 24.8289 14.528 18.18 91.0791 77.659 59.0434 20.5221 38.5213 16.4096 26.7265 21.9843 11.541 18.6155
internal_count=6058 5405 3907 2022 1984 1819 158 1661 802 333 469 189 93 261 159 110 96 280 160 165 859 690 561 221 340 170 242 158 108 129
cat_boundaries=0 1 2
cat_threshold=2 8
is_linear=0
shrinkage=0.03


Tree=82
num_leaves=31
num_cat=2
split_feature=5 0 6 7 2 6 3 7 0 2 1 2 0 1 0 7 7 0 6 7 0 7 2 5 7 0 6 7 2 0
split_gain=7.82862 6.42386 4.03273 6.33748 3.45996 2.67161 2.58216 3.50873 3.62487 2.79569 2.68806 4.17918 3.65616 3.35191 3.07158 2.97573 3.67776 2.86162 3.95158 2.552 3.00082 4.14113 2.08695 2.76014 4.27334 3.30496 5.41922 3.06914 2.06171 3.09119
threshold=0 8.1666666666666696 5.9500000000000011 0.4938942665673865 89.90000000000002 8.6500000000000004 0.63333333333333341 0.27798663324979117 4.416666666666667 85.450000000000017 3.4500000000000006 31.633333333333336 1.8333333333333337 3.7750000000000004 4.5833333333333348 0.63397457918241173 0.46816953731847355 0.41666666666666669 4.8500000000000005 0.53073822121441183 2.4166666666666674 0.22450000000000003 36.500000000000007 1 0.58076375711574968 6.166666666666667 4.4500000000000011 0.4708313077297035 80.100000000000009 13.16666666666667
decision_type=1 8 2 10 10 2 10 10 10 10 10 10 10 10 10 10 10 10 2 10 10 10 10 1 10 10 2 10 8 10
left_child=4 2 6 -4 -1 -5 10 -8 9 -9 11 12 17 -12 19 16 -13 -2 -19 20 -14 -22 -15 24 27 26 -25 -24 -3 -30
right_child=1 28 3 5 -6 -7 7 8 -10 -11 13 15 14 22 -16 -17 -18 18 -20 -21 21 -23 23 25 -26 -27 -28 -29 29 -31
leaf_value=-0.025372392799260741 0.0022232382174024543 0.0072825553692670809 -0.029309230877924506 -0.0071271137563554375 0.0071482292872565136 0.014882989007401076 -0.017145277150199225 -0.021622209378683775 -0.00068092563822114388 0.0011362656006239208 0.02252429055566512 -0.0079300937839437008 0.029108102750503857 -0.0070731407658807186 -0.011127794996564485 0.0068067151510627045 -0.031563843242921948 -0.00087776100697890759 -0.027308719753482109 -0.0015899643539497678 0.028545528602031228 -0.0017572139670194932 -0.0013776039494182947 -0.0006335399175701914 0.014347710489132699 0.00017375218093330181 0.029813836488803112 -0.025279557427831629 0.00083709443906629149 0.011502298424195923
leaf_weight=15.425113553181292 29.431008517742157 91.568687818944454 11.513394661247728 40.520632456988096 3.6390235964208832 5.6561079397797576 15.640333168208597 14.174330797046425 152.32301499694586 7.3908827379345885 8.8777196481823903 22.338787548244003 9.99140712618828 14.851508110761641 6.4590118899941436 7.5829471275210372 8.0656244643032533 11.751720339059831 8.9816363118588907 10.224738016724585 6.1701663658022907 11.86122155189514 19.006741110235456 8.4567332491278666 11.848293907940386 15.178912699222563 13.922925040125845 6.4844787046313277 221.1080479323864 27.50059962272644
leaf_count=591 183 418 231 521 61 76 126 152 986 71 50 192 76 76 32 59 70 84 97 61 38 75 141 44 65 76 74 41 1073 112
internal_value=-0.000160189 0.00028225 -0.00195765 -0.00939613 -0.0191648 -0.00443113 -0.000938375 -0.00353488 -0.0023107 -0.0138224 0.00118751 -0.00159786 0.00176901 0.00493961 0.00800749 -0.0100064 -0.0141996 -0.00379074 -0.0123276 0.0112389 0.0159199 0.00861209 0.00320019 0.00523729 -0.000538642 0.0109795 0.0183085 -0.0074578 0.00343427 0.00201686
internal_weight=837.946 818.882 478.704 57.6901 19.0641 46.1767 421.014 189.529 173.888 21.5652 231.486 132.858 94.8709 98.6273 44.7065 37.9874 30.4044 50.1644 20.7334 38.2475 28.0228 18.0314 89.7496 74.8981 37.3395 37.5586 22.3797 25.4912 340.177 248.609
internal_count=5952 5300 3697 828 652 597 2869 1335 1209 223 1534 967 646 567 282 321 262 364 181 250 189 113 517 441 247 194 118 182 1603 1185
cat_boundaries=0 1 2
cat_threshold=2 8
is_linear=0
shrinkage=0.03


Tree=83
num_leaves=31
num_cat=0
split_feature=0 6 4 6 7 2 2 1 6 4 4 7 4 1 2 0 0 2 2 4 4 0 4 4 4 4 2 2 4 7
split_gain=6.66958 5.76861 4.16133 3.57052 3.34502 3.06841 8.69162 2.96451 3.25699 6.87256 5.94156 3.18031 3.62198 5.23151 5.14863 3.60597 3.12264 2.80116 2.84024 2.76339 4.76733 3.21613 2.58125 3.83053 3.27479 3.61891 3.62386 4.66757 3.75046 3.5963
threshold=8.1666666666666696 5.9500000000000011 18.225000000000005 7.2500000000000009 0.43881221553369554 89.90000000000002 88.100000000000009 5.1000000000000005 4.3500000000000005 5.5500000000000007 9.9000000000000021 0.33449883449883455 11.100000000000001 6.5500000000000007 72.26666666666668 6.8333333333333348 6.166666666666667 72.100000000000009 83.90000000000002 11.550000000000002 15.633333333333335 6.8333333333333348 22.225000000000005 23.225000000000005 21.100000000000005 20.225000000000005 80.100000000000009 86.450000000000017 17.366666666666671 0.60360072440609358
decision_type=10 2 10 2 10 10 10 10 2 10 8 10 8 10 10 8 10 10 8 10 10 10 10 10 10 10 10 10 10 10
left_child=1 2 5 22 -3 6 7 17 10 -10 -9 15 13 16 -14 -11 -13 -1 -19 21 -21 -7 24 -24 25 26 29 -28 -29 -2
right_child=3 4 -4 -5 -6 19 -8 8 9 11 -12 12 14 -15 -16 -17 -18 18 -20 20 -22 -23 23 -25 -26 -27 27 28 -30 -31
leaf_value=-0.0020760712825586402 0.0025046383126363816 -0.028118626268753881 -0.012442206804714237 -0.015598930411315579 -0.0081500594428179033 0.0045257353322976125 -0.030359594761025642 0.032760778529802248 -0.024713799675605365 -0.022697764697722281 -0.0048022733001318214 0.019483151779257687 0.021712330172568371 -0.013385007468023966 0.0013176206322949428 0.0065491371242791061 -0.0047081706311224974 -0.028714448093611573 0.0023698023358402769 -0.008640637282682535 0.014382096212724804 0.026561213578828916 0.027190866524657385 0.0050414076317981324 -0.011596508058178351 0.01881828236277695 -0.010614963558349065 0.0052862036690867528 -0.0063980587281098804 0.015051310185854226
leaf_weight=225.90836124494672 52.158921740949154 8.6464569177478534 28.405427781865001 9.0638191327452642 59.538035089150071 14.809219880029561 9.2221438419073802 8.4401631653308851 8.5369631946086866 8.2192738670855725 6.8784366995096198 11.40429052338005 22.197608895599835 17.094059228897095 22.364461103454232 7.0469986796379098 8.2953650131821615 7.2179380543529961 4.1762685161083946 20.990676190704107 13.17585665732622 9.9773383736610395 9.7076118737459165 25.448724500834942 14.027032986283301 12.832232519984244 31.093043521046638 97.366626672446728 33.139395833015442 33.939770698547363
leaf_count=1737 235 219 290 59 999 93 71 41 46 61 41 66 127 85 160 44 49 113 52 122 77 47 42 116 68 57 150 418 152 151
internal_value=-0.000459216 -0.00254549 -0.00132443 0.00296064 -0.0106823 -0.000583021 -0.00160353 -0.000862309 0.00297024 0.00108762 0.015894 0.00336728 0.00572499 -0.00124121 0.0114768 -0.00919723 0.00929638 -0.00280808 -0.0173213 0.00576995 0.000237765 0.0133957 0.00350379 0.0111575 0.00252375 0.00328399 0.00247922 -0.000169429 0.00231922 0.00745049
internal_weight=841.323 522.545 454.361 318.777 68.1845 425.955 367.002 357.78 120.478 105.159 15.3186 96.6221 81.3558 36.7937 44.5621 15.2663 19.6997 237.303 11.3942 58.9531 34.1665 24.7866 309.713 35.1563 274.557 260.53 247.698 161.599 130.506 86.0987
internal_count=5988 4540 3322 1448 1218 3032 2693 2622 720 638 82 592 487 200 287 105 115 1902 165 339 199 140 1389 158 1231 1163 1106 720 570 386
is_linear=0
shrinkage=0.03


Tree=84
num_leaves=31
num_cat=3
split_feature=5 0 2 2 7 0 7 2 6 6 7 4 4 4 2 5 0 6 7 0 7 2 7 0 4 4 5 0 4 4
split_gain=9.9241 2.74268 3.24397 2.95839 2.69511 2.6039 2.58175 2.49257 2.30701 5.18519 5.5526 5.09561 4.30962 3.87347 3.21905 3.32569 4.14454 2.91132 2.69034 3.54382 5.31745 2.5322 2.65071 2.39962 2.25251 4.5091 4.08107 4.06686 5.07749 3.86867
threshold=0 8.1666666666666696 72.100000000000009 74.450000000000017 0.99295774647887336 12.583333333333334 0.41969797178130513 89.90000000000002 4.8500000000000005 5.2500000000000009 0.39932432432432435 16.900000000000002 8.6333333333333346 15.450000000000001 79.26666666666668 1 6.166666666666667 4.3500000000000005 0.57039645279081908 5.8333333333333348 0.82181161728788366 89.90000000000002 0.63075155692605367 5.166666666666667 22.225000000000005 21.100000000000005 2 11.833333333333334 20.225000000000005 19.366666666666671
decision_type=1 10 8 8 10 10 10 10 2 2 8 8 8 8 8 1 10 2 8 10 10 10 8 10 10 10 1 10 10 10
left_child=7 2 -2 -4 5 24 -7 -1 11 18 -11 13 -12 17 -14 -16 -17 -5 23 -20 -21 22 -19 -10 25 27 -26 28 29 -3
right_child=1 4 3 8 -6 6 -8 -9 9 10 12 -13 14 -15 15 16 -18 21 19 20 -22 -23 -24 -25 26 -27 -28 -29 -30 -31
leaf_value=-0.027013965246706413 0.0013542377562052322 0.0036536861697871945 -0.020321498318887049 0.0070391174863480132 -0.0101466556677008 -0.015145832491602611 0.0010322295081483526 0.0015184846072246866 -0.018087897499396439 -0.03324053707363081 -0.0306805308164829 -0.01976912755504635 0.01934359023451301 0.017414178278681632 -0.0087693368009013565 0.02205778661627401 -0.0066807636056817376 -0.0077442540212076397 0.028369543334522646 0.021568138626117922 -0.010706309298878945 -0.0024831268891265944 -0.032057653547729686 0.0073814370009320143 0.0041924621921574411 -0.014327893121972416 0.02866057598472467 0.018056013847697994 0.025786312592349245 -0.013378689321329721
leaf_weight=14.67181425355375 308.43593364953995 179.27573223412037 9.0688658505678159 12.780217394232748 13.473451659083365 11.550840392708777 38.362746030092239 3.3927829414606085 5.4150038622319689 5.7910592183470717 4.5180416852235821 20.006876703351736 6.6674614772200576 7.8362058401107779 31.364218305796385 8.8473313711583632 9.2260594591498357 9.2555746361613291 9.6548118814826029 9.4793361872434634 8.9155334457755071 20.213070891797543 7.1557204350829116 8.6435134261846525 16.952509663999081 11.694033108651636 9.6144298464059847 19.000462338328362 8.8245474472641927 12.863148152828215
leaf_count=586 2314 812 78 71 61 47 159 59 52 82 40 159 72 48 391 63 48 78 59 52 52 117 58 60 88 61 40 79 42 64
internal_value=0.000341072 0.000822778 -0.000560072 -0.00359048 0.00298673 0.00356099 -0.00271165 -0.0216552 -0.00277371 4.68856e-05 -0.00517464 -0.00673626 -0.00249362 -0.002181 -0.000223782 -0.00286276 0.0073874 -0.00528905 0.00828241 0.0136508 0.00592552 -0.00959101 -0.0183455 -0.00242874 0.00477347 0.0038246 0.0130473 0.00478965 0.00353536 0.00251342
internal_weight=842.951 824.887 503.275 194.839 321.612 308.138 49.9136 18.0646 185.77 108.522 66.4142 77.2477 60.6231 57.2408 56.1051 49.4376 18.0734 49.4046 42.1082 28.0497 18.3949 36.6244 16.4113 14.0585 258.225 231.658 26.5669 219.964 200.963 192.139
internal_count=5992 5347 3894 1580 1453 1392 206 645 1502 971 696 531 614 372 574 502 111 324 275 163 104 253 136 112 1186 1058 128 997 918 876
cat_boundaries=0 1 2 3
cat_threshold=2 8 8
is_linear=0
shrinkage=0.03


Tree=85
num_leaves=31
num_cat=1
split_feature=5 1 0 0 1 2 4 4 1 0 1 2 4 4 0 0 4 2 4 1 2 6 1 0 1 2 0 1 2 6
split_gain=7.09647 5.62597 4.38346 3.42986 2.75248 3.2462 4.8591 3.04654 2.89095 3.81774 3.53335 2.66619 4.86636 2.58547 5.14929 3.38018 3.34926 4.38689 4.25384 3.43862 3.32422 3.1499 2.83697 2.57509 2.70728 2.73809 2.52028 4.79265 4.43879 3.96677
threshold=0 11.266666666666667 13.16666666666667 6.8333333333333348 6.2250000000000005 61.45000000000001 8.2666666666666675 8.9000000000000021 6.6333333333333337 5.8333333333333348 6.9000000000000012 87.500000000000014 13.366666666666669 10.225000000000001 8.1666666666666696 7.166666666666667 7.366666666666668 51.500000000000007 6.7750000000000012 5.1000000000000005 61.900000000000006 6.0500000000000007 2.2250000000000005 14.833333333333334 13.266666666666667 87.500000000000014 10.16666666666667 9.5500000000000025 85.450000000000017 4.9500000000000011
decision_type=1 10 10 10 8 8 8 10 8 8 8 10 10 10 8 10 10 10 10 8 10 2 10 10 10 10 10 10 10 2
left_child=3 2 4 -1 13 7 -7 -6 11 -10 -11 12 -8 16 15 -15 18 19 21 22 -19 -2 -18 24 25 -3 -12 -28 -29 -30
right_child=1 23 -4 -5 5 6 8 -9 9 10 26 -13 -14 14 -16 -17 17 20 -20 -21 -22 -23 -24 -25 -26 -27 27 28 29 -31
leaf_value=-0.024811181469452177 -0.00044419621632138772 -0.0023875555687953376 -0.024256198807687656 0.0087323763124864326 0.023496974353666895 -0.010563844985487672 -0.0029258793823304851 0.0041992670141189781 -0.017831215520493326 -0.016274488010354329 0.0037910101446720921 -0.00092703622887226826 0.031857266288688811 -0.0066415882520411687 -0.038952187526343822 0.01343664309148176 0.02841765428532134 -0.015985763337491604 -0.018486841610591651 0.034290862229939593 0.0046221917175218513 -0.018779496301287134 0.0033832504114718696 0.020098931364793574 -0.008051047170361765 0.012269282353198708 -0.014469291022727393 0.01941692152683552 0.0081502720730124052 -0.010744216653874159
leaf_weight=14.967549400404097 168.34639563784003 16.036894470453262 6.9839743375778189 3.3591924943029872 10.651045911014078 32.35756666213274 5.7251318655908117 23.848230980336666 9.5775229185819608 9.7995875887572748 201.25885325670242 9.7675512582063675 9.8449849523603898 88.789072912186384 4.177350588142871 8.2471902444958669 5.1530137620866361 10.757109366357328 14.094059761613606 5.8066033050417891 20.412834692746401 8.8773131407797319 19.45659301429987 12.788878843188284 11.203093871474264 40.292758956551552 21.87059710919857 10.775260329246519 18.162031605839729 22.252890139818192
leaf_count=621 1108 68 29 31 47 157 35 108 63 73 1119 71 72 973 26 63 48 85 116 29 180 152 142 52 46 165 104 46 77 102
internal_value=-0.000198139 0.000210893 -0.000600335 -0.0186628 -0.000377078 0.00137562 0.000513462 0.0101571 0.00163696 0.000798164 0.00142615 0.0113597 0.0190675 -0.00228704 -0.0063391 -0.00493512 -0.000665379 0.00541953 -0.00262414 0.0135249 -0.00248985 -0.00136263 0.00862521 0.00775533 0.00541778 0.00809652 0.00205848 -0.0027141 0.00230822 -0.00225324
internal_weight=845.641 827.314 746.993 18.3267 740.009 385.891 351.392 34.4993 319.034 293.697 284.119 25.3377 15.5701 354.118 101.214 97.0363 252.904 61.5862 191.318 30.4162 31.1699 177.224 24.6096 80.3216 67.5327 56.3297 274.32 73.0608 51.1902 40.4149
internal_count=6008 5356 5025 652 4996 2074 1919 155 1762 1584 1521 178 107 2922 1062 1036 1860 484 1376 219 265 1260 190 331 279 233 1448 329 225 179
cat_boundaries=0 1
cat_threshold=2
is_linear=0
shrinkage=0.03


Tree=86
num_leaves=31
num_cat=2
split_feature=5 7 0 5 7 7 7 2 2 0 7 0 7 6 7 1 7 6 0 0 1 1 1 0 1 0 7 1 7 2
split_gain=8.75121 4.73643 3.5254 2.25864 2.84962 4.26945 4.63957 4.98535 4.02246 3.43463 2.81294 5.42219 4.50146 3.71736 2.72246 2.64347 3.12235 6.89155 5.92744 6.68574 4.98892 4.53971 4.1497 4.54183 3.62775 3.27692 4.86178 3.98384 4.70881 3.65243
threshold=0 0.032433380084151482 6.8333333333333348 1 0.92134420697412833 0.85379556042751448 0.7960174361006539 63.45000000000001 77.300000000000026 1.0000000180025095e-35 0.50165562913907291 2.1666666666666674 0.53073822121441183 5.5500000000000007 0.4708313077297035 1.6333333333333335 0.51639784946236567 4.5500000000000007 12.833333333333334 10.16666666666667 9.4500000000000011 4.1000000000000005 4.6333333333333337 3.1666666666666674 10.225000000000001 9.5833333333333339 0.68772163120567387 6.6333333333333337 0.84764185703758299 72.90000000000002
decision_type=1 8 10 1 10 8 10 8 8 8 10 10 10 2 10 8 10 2 8 10 8 10 8 10 10 10 10 10 10 10
left_child=2 -2 -1 4 5 6 9 -8 -7 -3 11 -11 -12 14 -13 -5 20 22 19 21 -17 -19 23 -18 -22 26 -23 28 29 -28
right_child=1 3 -4 15 -6 8 7 -9 -10 10 12 13 -14 -15 -16 16 17 18 -20 -21 24 25 -24 -25 -26 -27 27 -29 -30 -31
leaf_value=-0.026664543532259354 0.022203879730184926 0.021060573115936804 0.0067788766730788822 -0.0055856837404974179 -0.017752445237792333 0.030101208211452155 0.010475869486578776 -0.026936932558895742 0.0043421948953699116 -0.020559564875230384 0.018059567097855594 0.0011771865410598486 -7.9128276168759443e-05 -0.014321382748732176 -0.015598557277828023 0.0086834236244803346 0.0035004331943573322 -0.011329239624921616 0.026774350390511365 -0.010650028794807823 -0.017233920787917429 -0.0036200705544743089 -0.0019823871205366362 -0.026545707877075973 0.00544936660325688 0.024021351571477619 0.018086550252289328 0.0049927034310530711 0.005488181853542831 0.048421620316389774
leaf_weight=14.585892628878357 9.306584030389784 6.2792100757360449 3.5217459145933381 36.922186516225338 8.9866920337080938 6.7285165861248961 4.3374371193349388 12.283289387822149 28.849293053150177 16.334266867488623 13.556451153010128 105.80393938720226 134.3069834113121 19.645214721560478 9.4871096424758417 125.51047591865063 6.7029010131955173 11.319026112556456 10.614501670002936 24.590728402137756 12.699516251683237 27.647935159504414 96.633642163127661 13.953997939825056 12.682581365108488 11.183657586574553 7.8518307432532328 34.38667518645525 10.522762477397917 6.5538652762770653
leaf_count=629 66 56 33 252 57 45 31 130 197 218 78 643 955 276 49 750 54 89 48 104 67 163 510 101 53 47 45 164 54 43
internal_value=0.000470536 0.000922978 -0.0201601 0.000680378 -0.00106747 -0.000648179 -0.00173771 -0.0171735 0.00921377 -0.00089769 -0.00135862 -0.00423484 0.00158387 -0.0022587 -0.000203262 0.00210499 0.00279278 0.000812719 0.00519401 0.00348529 0.00623033 0.00666069 -0.00459134 -0.0167961 -0.00589984 0.00873543 0.00676962 0.0116125 0.0207438 0.0318875
internal_weight=843.789 825.681 18.1076 816.375 366.598 357.612 322.034 16.6207 35.5778 305.413 299.134 151.271 147.863 134.936 115.291 449.776 412.854 261.962 144.671 134.056 150.893 109.466 117.291 20.6569 25.3821 98.1467 86.9631 59.3151 24.9285 14.4057
internal_count=6007 5345 662 5279 2735 2678 2436 161 242 2275 2219 1186 1033 968 692 2544 2292 1422 757 709 870 605 665 155 120 516 469 306 142 88
cat_boundaries=0 1 2
cat_threshold=2 8
is_linear=0
shrinkage=0.03


Tree=87
num_leaves=31
num_cat=0
split_feature=6 7 0 4 2 4 4 6 2 4 7 4 2 6 0 7 1 4 0 4 4 0 1 7 2 1 0 7 7 1
split_gain=4.21647 6.16944 4.63132 4.40555 4.35568 2.9693 7.18471 4.8268 4.11691 4.68215 3.94683 4.38904 3.89478 3.72257 3.13167 2.78316 2.60623 4.23811 2.83466 2.28629 2.86722 4.00212 4.08047 5.10152 3.83617 4.7435 3.82958 2.52928 2.78241 2.36879
threshold=5.6500000000000012 0.64978632478632492 6.8333333333333348 17.225000000000005 9.1000000000000014 21.266666666666669 18.100000000000005 7.6500000000000012 64.100000000000009 6.5500000000000007 0.84420803782505927 16.100000000000005 89.90000000000002 6.3500000000000005 8.8333333333333339 0.74904580152671774 4.2250000000000005 11.100000000000001 4.166666666666667 22.225000000000005 17.900000000000002 13.16666666666667 11.100000000000001 0.85379556042751448 88.90000000000002 8.5500000000000025 13.833333333333334 0.95993589743589758 0.92334401709401726 8.3666666666666689
decision_type=2 10 10 8 8 10 10 2 10 10 10 10 10 2 8 10 10 10 8 10 10 10 8 10 10 10 10 10 10 10
left_child=16 2 4 -4 -2 6 8 -7 9 -3 15 14 -8 -11 -12 -10 17 -1 -19 20 26 22 23 24 25 -22 27 28 -18 -21
right_child=1 5 3 -5 -6 7 12 -9 10 13 11 -13 -14 -15 -16 -17 19 18 -20 29 21 -23 -24 -25 -26 -27 -28 -29 -30 -31
leaf_value=-0.00068201101645634979 0.023866293703726525 -0.006745907191125282 0.014099102041425752 -0.01437281681191899 -0.020370739926111218 -8.1290235998211901e-06 0.00895568502145987 -0.030396426573543262 -0.0044082744980160826 0.0075287015015424149 0.021118908907864838 -0.021211875559359328 0.039882913688654188 0.047185613701497126 -0.0069551409473459511 -0.027925104633626126 0.0033337458466029929 -0.028938044645258634 -0.0011190034357203107 0.023197089699854082 -0.014478114425815154 0.014291836762318108 -0.023327646350983573 0.014333935371922285 -0.01702990132497469 0.016754080616642082 -0.016654449625018108 -0.0058548720594337562 0.021465730849546189 0.0050965700635586886
leaf_weight=175.40351627208292 2.1172165982425204 7.0320003852248183 9.7894330061972124 9.775077663362028 37.201078230515122 15.72034488245845 8.8578029777854663 6.7130895908921948 8.4326581936329621 4.4993804991245252 9.3654358461499214 5.3486469201743594 6.2509446796029797 4.0460151601582766 5.7850542217493066 9.7845009937882406 356.42626664415002 8.3472162503749097 5.4481991603970537 8.6699304115027171 8.3065911456942576 9.3903733789920789 10.95876771211624 11.587975241243837 20.970793100073934 9.2505237907171232 9.0657996237277967 26.63911011070013 7.7831379175186148 26.084442742168903
leaf_count=1310 38 86 66 69 789 115 79 94 82 36 95 36 39 53 26 137 1889 146 66 63 73 38 46 63 127 44 37 134 36 111
internal_value=7.4699e-05 -0.00447365 -0.0120537 -0.000126412 -0.0179887 0.000386486 0.00345341 -0.00910167 -0.00163847 0.0113851 -0.00687849 0.00215117 0.0217512 0.0263052 0.0103991 -0.0170392 0.00106201 -0.00194121 -0.0179515 0.00218687 0.00163826 -0.00394161 -0.00674504 -0.00311895 -0.00836823 0.00197756 0.00262144 0.00306855 0.00372123 0.00961198
internal_weight=845.051 150.719 58.8828 19.5645 39.3183 91.8359 69.4024 22.4334 54.2937 15.5774 38.7163 20.4991 15.1087 8.5454 15.1505 18.2172 694.333 189.199 13.7954 505.134 470.379 70.465 61.0747 50.1159 38.5279 17.5571 399.914 390.849 364.209 34.7544
internal_count=6023 1840 962 135 827 878 669 209 551 175 376 157 118 89 121 219 4183 1522 212 2661 2487 391 353 307 244 117 2096 2059 1925 174
is_linear=0
shrinkage=0.03


Tree=88
num_leaves=31
num_cat=1
split_feature=5 1 6 2 6 1 2 0 0 1 6 3 4 2 2 4 1 1 4 0 0 6 4 0 6 1 2 4 2 0
split_gain=6.45895 4.45948 2.98095 2.50268 2.42785 2.36572 3.6185 14.6153 5.05675 3.04314 4.84568 2.84361 3.6839 7.42584 4.11133 4.0928 3.67723 3.42088 4.79031 3.02518 3.32534 2.86166 2.7118 2.63163 2.837 2.49149 4.98367 4.13179 2.85209 2.24147
threshold=0 5.2250000000000005 7.2500000000000009 87.675000000000011 7.5500000000000007 5.7750000000000012 76.90000000000002 5.416666666666667 5.8333333333333348 5.9000000000000012 4.8500000000000005 0.90000000000000013 20.225000000000005 89.325000000000017 89.90000000000002 25.633333333333336 11.675000000000002 10.550000000000002 17.450000000000003 5.5833333333333348 4.5833333333333348 5.2500000000000009 22.325000000000003 11.41666666666667 4.0500000000000007 7.9000000000000012 66.100000000000009 7.1000000000000005 80.100000000000009 10.16666666666667
decision_type=1 10 2 10 2 10 10 8 10 10 2 10 10 10 10 10 10 10 10 10 10 2 10 10 2 10 10 10 10 10
left_child=3 -2 5 -1 -5 6 8 -8 -3 10 -7 19 14 -14 16 21 23 18 29 20 -11 22 -15 24 -13 27 -27 -21 -28 -16
right_child=1 2 -4 4 -6 9 7 -9 -10 11 -12 12 13 15 17 -17 -18 -19 -20 25 -22 -23 -24 -25 -26 26 28 -29 -30 -31
leaf_value=-0.025666738057203198 -0.0024638681476814688 -0.013124488614533877 -0.011225366302193467 -0.021974384557605846 0.018312389579932049 -0.033507895920084796 0.05838722596315337 -0.0097403450007429154 0.016128374899943655 0.0034678930579314605 0.003770426873084945 0.010873554306080772 0.023577414354661628 -0.011177324064595245 0.0038671418640448419 -0.01539363973851306 -0.024375169098093549 0.0093406887177064392 -0.015253661276431388 0.015886977929859086 0.028918066929917538 0.014786089186872199 0.0086375581398844496 0.013558259206078765 -0.0077096986215828694 -0.0072703040244203364 0.016178920797021816 -0.0028483736573014151 -0.0022077178121664761 -0.0081657438515780889
leaf_weight=11.884990431368353 286.95334615372121 9.585209786891939 14.558253236114977 2.5892469901591531 2.8045089542865753 5.5522069633007032 5.6224394366145107 5.7144547328352937 11.947329137474297 8.64193879440427 7.2179876565933228 8.309716656804083 17.826942440122366 12.245469413697721 83.827532231807709 10.690053116530178 8.8510789126157743 41.93355119228363 17.228509165346622 12.822445996105669 9.9296800717711431 17.237966388463974 12.62468086183071 7.0081070065498343 67.068027637898922 14.186637066304682 41.715522989630699 60.955434717237949 9.2822982221841794 16.710075929760933
leaf_count=542 2475 71 147 53 40 40 42 47 76 47 58 40 105 57 403 53 37 174 98 61 56 87 57 30 420 60 182 339 45 71
internal_value=0.000177959 0.000557583 0.00216527 -0.0179752 -0.00102709 0.00253678 0.010329 0.024047 0.00310646 0.00201606 -0.0124374 0.00240131 0.000783606 0.00683626 -0.000919889 0.00118372 -0.00600028 0.00198255 -0.000637493 0.00570341 0.0170753 0.00539224 -0.00111882 -0.00402618 -0.00566106 0.00418361 0.0084572 0.000407792 0.0128323 0.00186719
internal_weight=843.526 826.247 539.294 17.2787 5.39376 524.735 32.8694 11.3369 21.5325 491.866 12.7702 479.096 321.562 70.6251 250.937 52.7982 91.2369 159.7 117.766 157.534 18.5716 42.1081 24.8702 82.3859 75.3777 138.962 65.1845 73.7779 50.9978 100.538
internal_count=6013 5378 2903 635 93 2756 236 89 147 2520 98 2422 1632 359 1273 254 527 746 572 790 103 201 114 490 460 687 287 400 227 474
cat_boundaries=0 1
cat_threshold=2
is_linear=0
shrinkage=0.03


Tree=89
num_leaves=31
num_cat=1
split_feature=5 6 7 1 2 4 1 3 2 6 4 2 6 7 1 2 7 7 7 1 6 7 7 7 4 7 4 4 4 7
split_gain=7.68262 1.81185 4.00709 4.25705 2.25082 2.78609 1.88876 2.99966 5.21459 6.13021 6.68902 4.27935 3.00172 5.93333 3.31323 6.76334 3.06066 3.67321 3.83184 2.88126 2.55507 2.43557 2.44698 2.6055 2.43179 3.39073 2.8367 2.33116 4.88378 4.0114
threshold=0 5.6500000000000012 0.45176799007444174 12.366666666666669 80.90000000000002 3.1000000000000005 1.9000000000000001 0.90000000000000013 86.100000000000009 4.4500000000000011 18.366666666666671 86.90000000000002 4.4500000000000011 0.92134420697412833 8.9000000000000021 89.90000000000002 0.74904580152671774 0.55273855370132663 0.25082781456953646 8.2250000000000014 4.8500000000000005 0.26689497716894983 0.44487847222222227 0.48790243902439029 17.100000000000005 0.95993589743589758 20.633333333333336 2.2666666666666671 3.1000000000000005 0.39932432432432435
decision_type=1 2 10 10 10 8 8 8 8 2 10 8 2 10 8 10 8 10 10 10 2 8 8 10 10 10 10 10 10 10
left_child=-1 6 4 -4 5 -3 20 27 9 -9 -11 -10 13 16 15 -14 17 18 -13 -17 -2 -16 -23 -24 25 -25 -26 29 -29 -8
right_child=1 2 3 -5 -6 -7 7 8 11 10 -12 12 14 -15 21 19 -18 -19 -20 -21 -22 22 23 24 26 -27 -28 28 -30 -31
leaf_value=-0.019679394033235164 0.00030801637824444758 0.0068295516155004845 0.00036231600844233999 -0.029091032368094499 0.0030160488207965105 -0.029705950977126132 0.0094431953731995439 0.017724519745653519 0.01997622094881266 -0.020977352098975624 0.0084876948582881355 -0.0014388510172728631 -0.01957525451495179 0.015363247881882154 0.020365526623694102 0.0047406974798029165 -0.023812359998125428 0.0093626465322179057 -0.026460105377158948 -0.0088374345080232137 -0.012723798756998569 -0.005418314511137219 0.021572258009060419 0.01381292424625518 -0.011135019450320865 -0.0063664245261583581 0.0053295767267385807 0.023203495851457027 0.0036029062623401074 -0.017670491909654636
leaf_weight=17.356323996558785 42.057866986840963 2.3083696104586133 114.65223511308432 4.5934794545173636 3.9851794242858878 10.087006874382496 8.5390872359275836 6.268054671585559 10.432075016200541 30.257514256983995 8.9956440068781358 12.32154379040003 16.700052615255117 9.619882717728613 8.8776292726397497 58.611634649336338 11.673420026898382 9.8654639050364477 9.9622010663151723 18.506133541464806 19.969825726002455 20.18951553478837 8.8668794035911542 34.051197998225689 15.087640315294264 9.6088861972093564 25.061755418777466 11.938298046588896 274.59955367073417 11.557991966605185
leaf_count=658 276 44 1076 20 52 182 48 36 63 206 51 57 124 46 50 349 67 52 58 86 185 97 44 158 66 41 107 66 1615 60
internal_value=7.43297e-05 0.00048778 -0.00268346 -0.00077226 -0.0165965 -0.022902 0.00110787 0.00159846 -0.000409876 -0.00982557 -0.0142248 0.00112398 0.000392881 -0.00597169 0.0019708 -0.00226604 -0.0106551 -0.00587768 -0.0126249 0.00148232 -0.00388758 0.00523578 0.00404573 0.00610747 0.00447133 0.00937177 -0.000857612 0.0037268 0.00441954 -0.0061501
internal_weight=846.602 829.246 135.626 119.246 16.3806 12.3954 693.62 631.592 324.957 45.5212 39.2532 279.436 269.004 53.4425 215.561 93.8178 43.8226 32.1492 22.2837 77.1178 62.0277 121.744 112.866 92.6764 83.8095 43.6601 40.1494 306.635 286.538 20.0971
internal_count=6040 5382 1374 1096 278 226 4008 3547 1758 293 257 1465 1402 280 1122 559 234 167 115 435 461 563 513 416 372 199 173 1789 1681 108
cat_boundaries=0 1
cat_threshold=2
is_linear=0
shrinkage=0.03


Tree=90
num_leaves=31
num_cat=1
split_feature=5 7 6 7 4 4 6 2 2 1 4 1 4 7 4 1 7 2 1 4 2 1 4 4 4 7 4 7 6 1
split_gain=4.59601 5.28397 3.39384 4.93402 5.7711 5.83463 3.45659 3.19267 4.61531 2.37947 5.58606 5.25371 5.87455 3.64725 5.21064 4.93247 3.82039 3.69112 4.84769 4.08615 4.14032 3.35776 2.83202 5.80718 2.54549 3.44969 2.53729 2.42451 4.8171 2.81189
threshold=0 0.9036062378167643 5.5500000000000007 0.40491259795057272 21.100000000000005 20.366666666666671 8.9500000000000011 82.100000000000009 89.100000000000009 9.2250000000000014 17.900000000000002 8.3666666666666689 20.900000000000002 0.19293495175848122 3.1000000000000005 8.5500000000000025 0.4938942665673865 64.90000000000002 1.9000000000000001 13.550000000000002 18.500000000000004 6.4500000000000011 22.225000000000005 23.900000000000002 16.450000000000003 0.57261510890543155 4.1000000000000005 0.11658576051779937 4.7500000000000009 2.9000000000000004
decision_type=1 10 2 10 10 10 2 10 8 10 10 10 10 10 8 10 10 10 8 10 8 8 10 8 10 8 8 10 2 10
left_child=1 -1 9 -4 5 6 -5 -6 -9 10 13 12 21 14 -2 17 -17 18 26 20 -20 -12 -11 -24 -19 -26 -15 28 29 -16
right_child=2 -3 3 4 7 -7 -8 8 -10 22 11 -13 -14 15 27 16 -18 24 19 -21 -22 -23 23 -25 25 -27 -28 -29 -30 -31
leaf_value=-0.024083828202509979 0.0069645456863589306 0.01765296335053099 -0.020387612104479966 -0.0014405238756735764 -0.036051661595221315 0.032116143886279869 0.025593468579560071 0.0087389755454664285 -0.019369230795303879 0.0029287506925541728 -0.033351821343301162 -0.024523470527093773 0.012999691356407401 -0.0015960909848059795 -0.029176934634632574 0.02782624299059016 0.0067561328667101773 -0.0034169833540613269 0.024685596423700124 0.023361025186897734 0.0036631307585997855 -0.0030333153947348802 0.0305685603273704 0.00037574521946013244 0.025791633385661535 -0.0033219824965266542 -0.020196548583550002 -0.021332418750198555 0.01399111876453665 -0.0014041897614830144
leaf_weight=13.206990465521814 18.570934481918812 3.4413806926459065 14.212792987003921 102.9191506318748 4.8995079994201687 5.2336468100547782 4.4403188228607169 8.1587602682411688 14.784640207886694 142.41036568582058 5.6565511114895353 14.846291713416575 12.182513415813444 36.967406060546637 7.1790216639637965 10.472340539097784 29.737703517079353 146.98289924860001 8.9553252682089788 11.598682455718516 144.1674254797399 7.8499702066183099 10.611988082528113 12.470646008849146 6.5953770913183662 8.2384021729230881 8.0349073074758035 15.946526937186716 7.2155277952551833 6.0425525233149529
leaf_count=597 124 51 233 970 51 34 48 69 110 600 70 77 93 247 50 47 132 924 42 68 844 55 43 52 45 53 70 108 57 34
internal_value=0.000149866 -0.0154564 0.000463892 -0.0035435 -0.0018388 0.00118542 -0.000322415 -0.0140683 -0.00937385 0.00138512 0.000366001 -0.0103165 -0.00210591 0.00129382 -0.00596553 0.00226269 0.0122437 0.0011825 0.00380905 0.00619305 0.00489262 -0.0157308 0.00450873 0.0142566 -0.00222165 0.00962248 -0.0049171 -0.0125653 -0.00572456 -0.0164842
internal_weight=844.031 16.6484 827.382 154.649 140.436 112.593 107.359 27.8429 22.9434 672.733 507.24 40.5353 25.689 466.705 54.9546 411.75 40.21 371.54 209.724 164.721 153.123 13.5065 165.493 23.0826 161.817 14.8338 45.0023 36.3836 20.4371 13.2216
internal_count=5998 648 5350 1515 1282 1052 1018 230 179 3835 3140 295 218 2845 373 2472 179 2293 1271 954 886 125 695 95 1022 98 317 249 141 84
cat_boundaries=0 1
cat_threshold=2
is_linear=0
shrinkage=0.03


Tree=91
num_leaves=31
num_cat=2
split_feature=5 2 6 4 4 6 1 2 6 0 0 0 1 6 6 6 6 4 4 6 1 2 4 3 2 1 6 5 4 0
split_gain=5.74857 4.38048 4.24115 3.66045 3.78368 3.37262 2.62826 2.48877 3.55234 2.97986 5.30565 2.05841 11.0303 2.3652 1.91503 3.24175 2.28133 3.67949 3.37897 3.1167 2.5961 4.16042 2.6264 2.43869 1.92307 2.30142 1.7457 4.53145 4.23125 4.23418
threshold=0 87.675000000000011 5.6500000000000012 22.100000000000005 23.900000000000002 7.5500000000000007 10.100000000000001 26.733333333333338 6.3500000000000005 9.5833333333333339 10.583333333333334 3.5833333333333335 3.4500000000000006 8.6500000000000004 3.9500000000000006 3.8500000000000001 4.1500000000000012 8.6333333333333346 14.100000000000001 4.2500000000000009 1.9000000000000001 18.500000000000004 2.5500000000000003 0.45000000000000007 5.3000000000000016 0.63333333333333341 5.1500000000000012 1 17.900000000000002 10.16666666666667
decision_type=1 10 2 10 10 2 10 10 2 10 10 10 10 2 2 2 2 10 10 2 8 8 8 10 10 10 2 1 10 10
left_child=1 -1 3 14 6 -3 -5 8 -4 11 -11 12 -9 -13 15 -2 17 -16 -19 -18 24 -22 23 -23 -21 -26 28 -28 -24 -30
right_child=2 5 7 4 -6 -7 -8 9 -10 10 -12 13 -14 -15 16 -17 19 18 -20 20 21 22 26 -25 25 -27 27 -29 29 -31
leaf_value=-0.028061680412334596 -0.0062948343489430611 -0.021150185277863887 0.019755367383084706 0.0069336992794989446 0.0014039830251594851 0.026496888034691378 0.029885948841106538 -0.019165988413634497 -0.013172785608556099 0.022517140267614703 -0.0060010456500501734 -0.012327732562558083 0.033995789396433586 0.0092713812838948282 -0.018272304158872023 0.013586573547364292 0.013346395871281669 0.015152160102838286 -0.011531687381235349 0.002041717910617958 0.021910349562534445 -0.019578496550314583 0.00083803602455310262 0.001712098008789802 -0.029094761691732592 -0.0072576890657325144 -9.4832294932219112e-05 0.01157001551398827 -0.019521754967742413 0.00095918007434694138
leaf_weight=11.508933115750553 10.746491461992262 2.4629724696278563 8.0781674496829492 7.9606628157198456 21.988877091556787 2.9246739819645882 10.299519166350363 9.122945247218011 4.6436334736645213 8.2404297366738337 20.422392070293427 70.272345436736941 5.7118881270289412 4.8797264397144309 15.432863011956213 23.570846803486347 16.541296072304249 8.6236556097865122 8.4618981033563596 15.557058323174713 8.2281809374690038 11.148348525166517 319.53217998892069 8.5596349313855153 5.195086948573592 26.500899724662304 91.455433692783117 44.583627969026566 19.428535729646683 17.063623815774918
leaf_count=561 63 55 86 44 114 43 42 167 75 42 97 759 73 58 87 108 85 40 42 101 42 65 1798 50 47 229 577 239 148 74
internal_value=-0.000289052 -0.0176105 6.68898e-05 0.00100642 0.00978606 0.00471494 0.0198797 -0.00487407 0.00773614 -0.00622616 0.0021978 -0.00890937 0.00130301 -0.0109253 0.000463297 0.0073607 7.92373e-05 -0.00765434 0.00193655 0.000510012 0.000135698 0.000747495 0.000407242 -0.0103315 -0.00659687 -0.0108369 0.000837347 0.00372805 -0.000267208 -0.00994493
internal_weight=839.147 16.8966 822.25 690.879 40.2491 5.38765 18.2602 131.372 12.7218 118.65 28.6628 89.9869 14.8348 75.1521 650.63 34.3173 616.312 32.5184 17.0856 583.794 567.253 520 511.771 19.708 47.253 31.696 492.063 136.039 356.024 36.4922
internal_count=6011 659 5352 3995 200 98 86 1357 161 1196 139 1057 240 817 3795 171 3624 169 82 3455 3370 2993 2951 115 377 276 2836 816 2020 222
cat_boundaries=0 1 2
cat_threshold=2 8
is_linear=0
shrinkage=0.03


Tree=92
num_leaves=31
num_cat=3
split_feature=5 7 7 7 5 6 1 7 1 1 2 1 6 7 2 4 4 1 2 2 7 6 7 1 1 2 5 6 7 1
split_gain=5.45524 2.97128 1.89257 5.88831 3.33086 2.51981 2.20655 2.57499 2.51029 4.40716 4.36227 2.27066 3.1633 4.71291 2.26129 3.89232 5.98551 4.84081 3.51338 3.28741 3.07246 2.24631 6.22594 2.54522 2.08587 4.70234 5.28653 2.10658 2.71295 4.25975
threshold=0 0.9036062378167643 0.95993589743589758 0.91901828298887134 1 5.5500000000000007 17.700000000000003 0.52508992805755406 11.100000000000001 10.450000000000001 89.90000000000002 9.4500000000000011 5.1500000000000012 0.44216833890746937 72.100000000000009 15.775000000000002 13.550000000000002 7.9000000000000012 74.450000000000017 69.300000000000026 0.46644144144144151 5.1500000000000012 0.52230514096185743 11.900000000000002 4.7750000000000012 84.225000000000009 2 4.9500000000000011 0.43498389694041872 6.291666666666667
decision_type=1 10 8 10 1 2 8 10 10 10 10 10 2 10 10 10 10 8 10 10 10 2 10 10 10 8 1 2 10 10
left_child=1 -1 3 6 -4 -5 8 -8 9 11 -11 14 13 -13 15 16 -2 -17 -16 20 -18 -10 -23 -24 25 -20 -27 -26 -29 -30
right_child=2 -3 4 5 -6 -7 7 -9 21 10 -12 12 -14 -15 18 17 19 -19 24 -21 -22 22 23 -25 27 26 -28 28 29 -31
leaf_value=-0.023724357427202695 0.0012903892618121192 0.0074843365299667843 -0.0012759649937021137 0.024642133080830284 -0.023142352184204462 0.0053730056057434061 -0.026044996710982041 -0.0012051408535641462 0.0011860767136447027 -0.025501934134434141 7.5027955255601588e-05 -0.0033190101166068486 -0.0032469357540476349 0.019258497770271932 -0.017108526144939431 -0.018604349030360776 0.026470889168742979 0.013788151345636213 -0.032242609453013771 0.036054440950957931 0.00028479344113609741 0.031123322177601751 0.01445819107010184 -0.0051259385825099049 -0.0034780538208350653 -0.014623208270558255 0.032439156858129141 -0.0088140440619431659 0.018074680418575406 0.0013124752409989808
leaf_weight=12.63492930494249 311.337875880301 3.5078422408550969 29.548172287642956 12.821162611246111 7.9582889862358561 11.664746105670927 5.9983642473816898 10.046998903155325 41.127281159162521 11.762745730578899 12.253128007054329 12.635333910584448 20.048776000738144 24.370239287614822 13.467138934880493 16.741757109761242 6.552656074985868 5.5215306133031836 6.1741175390779945 6.0779581405222407 10.485680572688578 10.28810842335224 10.475297048687937 13.894655048847197 103.03232137486339 6.3386806808412084 3.2493435628712168 15.538334388285874 17.308600977063179 64.459272477775812
leaf_count=600 2198 48 146 56 56 55 57 75 168 52 55 54 96 104 103 168 49 27 103 38 75 42 45 59 597 73 55 134 178 422
internal_value=0.000328106 -0.0169427 0.000667616 0.000982692 -0.00591567 0.0154626 0.000515674 -0.0104912 0.000753327 0.000165754 -0.0124523 0.000636787 0.00635009 0.0115495 8.07972e-05 0.00157544 0.00238396 -0.0105707 -0.00224168 0.0171125 0.0103555 0.00592741 0.0115538 0.0032922 -0.00131519 -0.011823 0.00132604 -0.000488468 0.00267704 0.00486069
internal_weight=837.321 16.1428 821.179 783.672 37.5065 24.4859 759.186 16.0454 743.141 667.355 24.0159 643.34 57.0543 37.0056 586.285 356.717 334.454 22.2633 229.568 23.1163 17.0383 75.7853 34.6581 24.37 216.101 15.7621 9.58802 200.339 97.3062 81.7679
internal_count=5988 648 5340 5138 202 111 5027 132 4895 4581 107 4474 254 158 4220 2555 2360 195 1665 162 124 314 146 104 1562 231 128 1331 734 600
cat_boundaries=0 1 2 3
cat_threshold=2 1 1
is_linear=0
shrinkage=0.03


Tree=93
num_leaves=31
num_cat=1
split_feature=1 5 6 6 2 1 2 0 6 2 1 4 4 0 6 2 2 2 1 2 1 1 1 0 0 2 0 6 4 6
split_gain=5.06765 5.50277 3.4738 4.00891 3.50216 3.91944 3.20351 5.04292 2.83795 2.68175 2.59105 2.56298 2.49397 2.33857 4.94159 6.01085 4.2635 3.57786 1.93697 1.87717 1.81304 4.09955 3.03453 3.52046 2.77469 8.04862 2.09158 2.08464 4.41768 1.73409
threshold=5.9000000000000012 0 6.7500000000000009 7.6500000000000012 89.90000000000002 4.7750000000000012 67.90000000000002 3.5833333333333335 5.6500000000000012 84.100000000000009 4.6333333333333337 15.900000000000002 10.100000000000001 5.8333333333333348 4.3500000000000005 48.300000000000004 38.100000000000009 55.100000000000009 13.100000000000001 70.450000000000017 12.450000000000001 12.100000000000001 11.266666666666667 12.583333333333334 11.41666666666667 87.366666666666688 11.833333333333334 4.0500000000000007 13.225000000000001 4.9500000000000011
decision_type=10 1 2 2 10 10 10 10 2 10 10 10 8 10 2 10 10 8 10 10 10 10 10 10 10 10 10 2 10 2
left_child=1 -1 4 -4 6 -6 13 12 9 19 -5 -7 -8 -3 -15 16 -16 -17 20 -9 21 22 23 24 27 -26 -24 28 -2 -21
right_child=18 2 3 10 5 11 7 8 -10 -11 -12 -13 -14 14 15 17 -18 -19 -20 29 -22 -23 26 -25 25 -27 -28 -29 -30 -31
leaf_value=-0.023212325612519884 -0.00078528125432905747 -0.0025944201304511369 -0.028752438047761317 0.0097519107276550932 -0.010789994042993087 0.0073400477304532055 -0.0044980087056786418 -0.022294961893655114 -0.032715904739708951 -0.024171647390240508 -0.023331141979228771 0.034650258183773798 0.033406937521759758 0.024061493389274501 -0.0034184561371304622 -0.028644571384907822 0.027486746637184225 0.0011007955583525429 -0.0071896454549444178 -0.0076117192766458203 0.012448514258578963 -0.016975521283592497 0.0041743843150337332 -0.014793074441936062 0.02774929950063702 -0.0072886781529838546 0.019555519088507167 0.00053045124138769079 0.026377706811261892 0.012151940539527199
leaf_weight=12.098677897825837 13.656956747174265 210.60637499019504 9.5676497947424668 6.3794336691498739 5.1685356870293644 6.5145522356033307 3.0734770894050589 4.4094657599926057 6.2940041273832312 9.2017957121133787 3.1990669704973698 5.8879244178533554 3.1771240159869194 9.6142464652657491 8.0164067596197182 7.6673059016466114 8.0532792359590513 6.9276883862912664 22.552759036421776 10.880857139825823 13.989172056317328 10.577233865857123 18.620090261101723 11.98386713862419 12.843855381011963 10.914641320705414 13.89416581392288 359.01961823739111 8.9006222411990148 6.314259458333253
leaf_count=610 62 1631 186 96 56 40 35 37 94 98 46 47 46 44 40 49 45 53 92 100 57 44 78 51 54 48 57 2015 43 61
internal_value=-0.000535565 -0.0033401 -0.00261363 -0.0150171 -0.00185201 0.0111585 -0.00262897 -0.0101595 -0.0143593 -0.0106089 -0.0012973 0.0203052 0.0147687 -0.00132776 0.00529525 -0.000588495 0.0120696 -0.0145256 0.00140044 -0.00483233 0.00180881 0.00148553 0.00191961 0.00123184 0.00170562 0.0116529 0.0107471 0.00108627 0.00993251 -0.000354259
internal_weight=840.005 343.052 330.953 19.1462 311.807 17.571 294.236 43.351 37.1004 30.8064 9.5785 12.4025 6.2506 250.885 40.2789 30.6647 16.0697 14.595 496.953 21.6046 474.4 460.411 449.834 417.32 405.336 23.7585 32.5143 381.577 22.5576 17.1951
internal_count=6015 3414 2804 328 2476 143 2333 471 390 296 142 87 81 1862 231 187 85 102 2601 198 2509 2452 2408 2273 2222 102 135 2120 105 161
cat_boundaries=0 1
cat_threshold=2
is_linear=0
shrinkage=0.03


Tree=94
num_leaves=31
num_cat=0
split_feature=1 2 0 7 7 0 6 7 6 1 0 7 2 2 6 2 7 4 1 4 4 3 4 7 1 2 2 7 7 6
split_gain=4.06154 4.52099 4.43967 4.00753 3.83505 4.70649 3.82408 3.7905 3.62805 3.6152 4.05432 4.82761 7.28623 4.25046 2.44495 2.78342 3.78621 4.30056 2.33505 3.37112 2.2411 2.20258 3.33317 2.00797 1.95495 2.60207 2.0357 1.85438 6.63659 1.83674
threshold=4.9000000000000012 36.100000000000009 2.1666666666666674 0.34656167979002633 0.57517123287671235 1.0000000180025095e-35 4.5500000000000007 0.65319727891156465 4.8500000000000005 3.4500000000000006 3.4166666666666674 0.66777041942604864 66.63333333333334 40.900000000000006 5.4500000000000011 39.63333333333334 0.30738946093276809 4.2250000000000005 1.7083333333333337 2.2666666666666671 4.6333333333333337 1.0000000180025095e-35 3.7750000000000004 0.85379556042751448 4.2250000000000005 66.366666666666688 53.70000000000001 0.51930530709600486 0.33449883449883455 4.3500000000000005
decision_type=8 10 10 10 10 10 2 8 2 10 10 8 10 10 2 10 10 10 10 10 10 10 10 10 10 10 10 10 8 2
left_child=1 2 3 6 5 -5 29 -6 -7 14 11 12 -11 -12 15 -3 -17 -18 -4 -20 -15 -21 -23 24 -22 26 -26 28 -24 -1
right_child=-2 9 18 4 7 8 -8 -9 -10 10 13 -13 -14 20 -16 16 17 -19 19 21 23 22 27 -25 25 -27 -28 -29 -30 -31
leaf_value=-0.011908390169073184 0.0007201299489653809 -0.029585747929990556 0.021124568375343128 0.027162700852132068 -0.030693594432051132 0.014006824846897799 -0.026168300261749908 0.00057251311693001783 -0.016823743283538261 0.002536058651231788 0.017151194423561885 -0.01994015557799483 0.052451888855087579 0.0035753741435761775 -0.025349521769553057 0.014977780562470176 0.016300175863154753 -0.021445357624463545 -0.012773980803034444 -0.0086303424283748469 -0.023131553678060614 0.026039230223108951 -0.0029876335284994174 0.0054471754970313487 -0.012776163186107315 -0.019617911334290822 0.014248733845587771 -0.0057334751094955836 0.033348423786465853 0.0069810701568905464
leaf_weight=12.480929933488371 593.64783761836588 5.2608323581516769 7.7777617760002604 8.3535189367830771 5.2819433175027344 6.8780084848403913 12.331868639215825 10.284802289679646 6.8628374934196472 8.2537030614912528 5.4719498902559272 3.8950591031461945 3.8640429358929387 8.3283368647098523 14.321417763829229 6.0126123093068626 3.4967511482536784 12.177495399489997 9.4136432558298093 6.8950268998742095 17.30808375403285 8.7551476936787349 12.387849057093268 4.5348938908427945 4.7498362883925456 10.985217321664093 5.3163549099117517 9.761826314032076 7.1263330020010462 7.3677983283996573
leaf_count=80 3416 47 62 53 51 43 185 79 97 76 32 47 57 56 420 63 36 154 56 52 260 50 83 59 36 165 52 66 42 50
internal_value=-0.000622885 -0.0038647 -8.44981e-05 -0.00527401 0.00136881 0.00940442 -0.0130481 -0.0100364 -0.00139144 -0.00824132 -0.00421598 0.00911396 0.018453 -0.00798088 -0.0153331 -0.0100099 -0.00526114 -0.0130247 0.00575031 0.00354976 -0.0106657 0.00697017 0.00979854 -0.0134307 -0.0156624 -0.00952147 0.00149676 0.00494167 0.0102818 -0.00489667
internal_weight=839.584 245.936 131.959 69.8417 37.6611 22.0944 32.1806 15.5667 13.7408 113.977 72.7075 16.0128 12.1177 56.6947 41.2691 26.9477 21.6869 15.6742 62.1176 54.3398 51.2227 44.9262 38.0312 42.8944 38.3595 21.0514 10.0662 29.276 19.5142 19.8487
internal_count=6025 2609 1049 638 323 193 315 130 140 1560 840 180 133 660 720 300 253 190 411 349 628 293 241 572 513 253 88 191 125 130
is_linear=0
shrinkage=0.03


Tree=95
num_leaves=31
num_cat=3
split_feature=5 1 7 1 6 7 1 3 4 7 7 4 0 5 4 6 6 4 4 4 7 7 7 7 6 1 3 4 4 5
split_gain=5.18816 3.15859 2.76637 2.47055 3.51194 3.03825 4.96688 4.51966 2.64917 3.31496 4.65952 3.00438 2.39306 2.47356 2.74086 4.86694 2.66655 2.4329 2.25866 5.51897 5.06928 3.03154 2.24451 3.28345 4.70683 2.23477 2.22303 2.81513 6.03343 2.55295
threshold=0 5.9000000000000012 0.9036062378167643 5.6333333333333337 4.8500000000000005 0.85770528683914515 5.366666666666668 0.90000000000000013 11.100000000000001 0.63667496886674979 0.60360072440609358 18.100000000000005 14.833333333333334 1 14.633333333333335 4.0500000000000007 5.1500000000000012 19.225000000000005 16.775000000000002 16.100000000000005 0.5680909090909092 0.63075155692605367 0.92134420697412833 0.90514095142209927 7.1500000000000012 6.4500000000000011 0.45000000000000007 17.900000000000002 14.900000000000002 2
decision_type=1 10 10 10 2 10 8 10 8 8 10 10 10 1 10 2 2 10 10 8 10 10 10 10 2 10 8 10 10 1
left_child=2 3 -1 5 -5 8 7 -7 -2 10 26 -11 13 22 16 -16 25 18 19 21 -20 -17 23 24 -3 -15 -10 28 29 -28
right_child=1 12 -4 4 -6 6 -8 -9 9 11 -12 -13 -14 14 15 17 -18 -19 20 -21 -22 -23 -24 -25 -26 -27 27 -29 -30 -31
leaf_value=-0.023408524277964086 -5.0028750852530633e-05 0.0004483478443880909 0.0065386064745236588 -0.033201380840612284 -0.0019517757976627225 0.018913812042354566 0.029838876914040195 -0.019340023374178335 -0.020901880948047846 -0.019631912726074601 0.030688018555906221 0.010687150649664402 0.014630365178186914 0.014055877139145285 0.022468006621345047 -0.017649879210687024 0.016483700985329558 0.004681631161681239 0.0063490605372396114 0.018111322324803107 -0.021642290176400267 0.0031216335791307967 -0.016518878527166318 0.018543695702282276 -0.022905462861130901 0.0032907661618244424 -0.017023647470627939 -0.01904691240781543 0.028710028827956192 0.0043324567097809234
leaf_weight=12.098797797225414 231.13992923684418 198.20034701004624 3.6028475612401971 5.226912021636962 8.5005014389753324 5.1455771289765853 7.4689324349164954 6.045608825981617 6.4228818751871577 21.531476832926277 3.6474108956754199 3.4069038666784754 13.986789897084234 20.714463889598846 8.264274097979067 13.35900585353375 21.378915749490261 36.016350120306015 8.9197917357087153 10.424367219209666 16.771536715328693 12.007672183215616 7.3988344222307196 8.5143248923122865 8.0838182643055898 107.0324878692627 9.0345793459564447 6.6730694621801367 6.1827998384833327 11.387734223157171
leaf_count=601 1770 1094 50 38 74 38 45 69 76 220 37 49 57 108 39 63 97 182 45 47 90 56 44 50 91 469 117 108 73 103
internal_value=0.000545529 0.000871483 -0.016537 -0.00138963 -0.0138505 -0.000851871 0.010893 -0.00175135 -0.00158381 -0.00677539 -0.00176191 -0.0154899 0.0023993 0.00204072 0.00405759 0.000363574 0.00667746 -0.00151006 -0.00513715 -0.000265491 -0.011924 -0.00781739 -0.000272885 0.000286716 -0.000466836 0.00503635 -0.00474315 -0.00162442 0.00274548 -0.00511522
internal_weight=838.589 822.887 15.7016 331.814 13.7274 318.087 18.6601 11.1912 299.427 68.2869 43.3485 24.9384 491.073 477.086 254.889 105.763 149.126 97.4987 61.4824 35.791 25.6913 25.3667 222.197 214.798 206.284 127.747 39.7011 33.2782 26.6051 20.4223
internal_count=6000 5349 651 2817 112 2705 152 107 2553 783 514 269 2532 2475 1196 522 674 483 301 166 135 119 1279 1235 1185 577 477 401 293 220
cat_boundaries=0 1 2 3
cat_threshold=2 8 8
is_linear=0
shrinkage=0.03


Tree=96
num_leaves=31
num_cat=1
split_feature=5 6 7 0 7 2 7 6 0 7 0 4 6 6 7 4 2 4 7 7 6 7 6 7 6 4 4 7 0 7
split_gain=4.32861 2.77333 2.74735 2.4875 5.02254 2.51126 2.45506 2.36287 3.33967 2.29247 2.82554 5.76684 4.45028 4.33801 5.22269 3.11964 2.32965 3.01784 2.22315 4.50741 5.95232 2.18987 6.84501 5.12343 3.4067 3.47424 5.89765 3.14293 2.80791 2.96976
threshold=0 7.2500000000000009 0.9036062378167643 3.8333333333333335 0.73152530032763019 75.450000000000017 0.84420803782505927 4.3500000000000005 14.41666666666667 0.88674067221708308 10.16666666666667 15.100000000000001 5.0500000000000007 5.2500000000000009 0.91440781440781449 17.225000000000005 86.63333333333334 13.900000000000002 0.032433380084151482 0.17677696078431376 4.9500000000000011 0.39464733261725748 5.4500000000000011 0.38672955974842776 4.9500000000000011 22.325000000000003 17.450000000000003 0.58076375711574968 13.833333333333334 0.42907444668008049
decision_type=1 2 10 8 10 10 10 2 10 10 10 8 2 2 10 8 8 8 8 8 2 8 2 10 2 10 8 10 8 10
left_child=2 6 -1 4 -3 -5 7 -2 18 -8 12 -12 16 -14 -15 -16 -11 -18 -9 20 -20 22 23 -21 25 26 -23 -28 29 -26
right_child=1 3 -4 5 -6 -7 9 8 -10 10 11 -13 13 14 15 -17 17 -19 19 21 -22 24 -24 -25 28 -27 27 -29 -30 -31
leaf_value=-0.022959490020733907 0.0041875282183065077 0.032510838318773008 0.0073326312037068197 -0.033388918181616468 -0.022020340427588048 -0.0083482861405975405 0.010052011078582449 0.017052850842915912 0.014988594239638465 -0.01714365407251504 -0.022873494318470161 0.0069170838930337581 0.030473805413169037 0.026417521027621238 -0.015096538482275422 0.011129008273474421 0.011504720636673344 -0.0095203751750372618 -0.0033641439146739481 0.0035881247690252361 -0.034683446959323828 -0.0041404507006351171 -0.016259803810372779 0.030592945486429463 -0.010943006223891471 0.014181314264201918 -0.0098550231700147185 -0.036373270918208009 -0.014193248499183705 0.0023295761131931492
leaf_weight=11.512752233073114 99.905728790909052 3.2439061477780369 3.5180250462144622 4.9560286663472679 2.8606177568435669 13.217426683753727 43.506051201373339 5.9687943570315829 11.777161881327627 7.9574255943298331 11.179923340678213 12.26294255256653 8.9141011238098127 7.6956595256924656 9.2287750244140607 7.320239000022414 12.946492984890938 11.693814516067505 16.144781496375803 105.64430483430624 8.2533042021095735 144.43963427841663 15.177830481901763 6.7254888154566279 16.437181079760194 8.0128691047430021 7.9414038509130505 8.1510322093963605 11.061279043555258 197.16974557377398
leaf_count=595 531 54 47 66 45 153 219 47 48 51 47 52 39 43 47 42 68 71 106 668 95 844 226 37 158 40 57 57 71 1357
internal_value=8.41616e-05 0.000376669 -0.0158695 -0.00961155 0.00695719 -0.015177 0.000681494 -6.42291e-05 -0.000818841 0.00440609 0.00165234 -0.00729007 0.00484041 0.0125786 0.00599904 -0.00349601 -0.00303098 0.00152662 -0.00115663 -0.001356 -0.0139587 -0.000765556 0.00265022 0.0052044 -0.00187354 -0.00509748 -0.00605977 -0.0232869 0.000545045 0.00130824
internal_weight=834.825 819.794 15.0308 24.278 6.10452 18.1735 795.516 662.811 562.905 132.705 89.1994 23.4429 65.7565 33.1588 24.2447 16.549 32.5977 24.6403 551.128 545.159 24.3981 520.761 127.548 112.37 393.213 168.545 160.532 16.0924 224.668 213.607
internal_count=5981 5339 642 318 99 219 5021 4342 3811 679 460 99 361 171 132 89 190 139 3763 3716 201 3515 931 705 2584 998 958 114 1586 1515
cat_boundaries=0 1
cat_threshold=2
is_linear=0
shrinkage=0.03


Tree=97
num_leaves=31
num_cat=0
split_feature=6 4 1 4 1 6 2 2 0 7 0 4 7 0 2 0 4 4 6 7 7 4 4 7 1 7 2 4 0 3
split_gain=4.67957 4.286 2.84302 4.18564 3.317 2.70782 3.48152 2.91163 2.74244 2.66252 7.1425 3.0306 2.60897 3.64254 4.04712 4.38923 5.90916 5.01831 2.91408 2.48395 2.76826 4.26012 3.08936 3.11728 2.96536 3.71913 6.32343 8.41212 4.3278 3.37484
threshold=6.1500000000000012 13.550000000000002 5.366666666666668 5.6333333333333337 4.291666666666667 7.2500000000000009 80.700000000000003 86.100000000000009 6.416666666666667 0.95993589743589758 9.4166666666666696 10.225000000000001 0.89323155216285 4.416666666666667 47.300000000000004 5.5833333333333348 10.450000000000001 13.900000000000002 5.6500000000000012 0.87543103448275872 0.85379556042751448 14.450000000000001 6.6333333333333337 0.83216577671091962 7.9000000000000012 0.62542517006802734 84.90000000000002 14.550000000000002 6.8333333333333348 0.77500000000000013
decision_type=2 10 8 10 10 2 10 10 8 10 10 10 10 8 8 8 10 10 2 10 10 8 8 10 8 10 10 10 10 10
left_child=2 -2 3 4 -1 7 -7 -3 -8 12 11 -11 13 -4 -15 16 -16 -18 -14 20 22 -22 -17 24 25 28 29 -28 -24 -27
right_child=1 5 9 -5 -6 6 8 -9 -10 10 -12 -13 18 14 15 19 17 -19 -20 -21 21 -23 23 -25 -26 26 27 -29 -30 -31
leaf_value=-0.00052518327327910901 -0.016091006663018999 0.01247743957977219 -0.012822165357328512 -0.0066149666046643289 0.013885655108810822 -0.032783376697307791 -0.020728600841751123 -0.0051564495870721231 0.0060109104553433138 -0.011547998501669378 -0.027979423285116871 0.011483530559456048 0.014610995428923503 0.019492702812419379 -0.0056631813621220717 0.012402698313320222 0.046456403497201808 0.010095682113374022 -0.0036694678605264015 -0.013401257501650273 0.026107150926732867 -0.002380310698384396 -0.018617039961250956 -0.015028258800638442 0.0024756181510496964 0.0094645985015095191 -0.0064797721991688151 0.037348320207709944 -0.0025830669864463905 -0.016835990555506108
leaf_weight=115.15446252468973 30.690551261417568 15.889562278054653 15.442804038524626 112.10708910506219 16.425472470000386 4.8979301163926747 5.4026692565530512 17.943971142172813 9.5609365049749613 8.2803930789232307 9.8850315660238248 13.566239118576048 28.417088523507118 11.592683896422384 8.1669019181281346 18.840890362858779 6.2356938719749433 7.5550763513892889 10.842717990279196 10.819518089294432 9.7904798462986928 9.130586043000223 22.148567011579871 12.105488665401934 217.80083506926894 6.8626423925161388 6.997188217937949 9.0247042030096036 47.950746059417725 12.191939339041708
leaf_count=854 624 202 95 1169 86 105 120 148 78 41 43 72 135 52 48 87 39 58 48 53 44 41 166 63 1032 33 40 58 272 77
internal_value=-0.000451451 -0.00714812 0.000304706 -0.00235541 0.00127376 -0.00203662 -0.0108295 0.00312512 -0.0036435 0.00159179 -0.00682004 0.00275403 0.0021574 0.00148547 0.00201505 0.00151554 0.0145603 0.0265367 0.00956232 0.000768964 0.00118017 0.0123602 0.000582473 -8.2151e-05 0.000478044 -0.00365859 0.00431646 0.0182074 -0.00764916 -0.00736365
internal_weight=831.721 84.3856 747.335 243.687 131.58 53.6951 19.8615 33.8335 14.9636 503.648 31.7317 21.8466 471.917 432.657 417.214 405.621 21.9577 13.7908 39.2598 383.664 372.844 18.9211 353.923 335.082 322.977 105.176 35.0765 16.0219 70.0993 19.0546
internal_count=5983 1277 4706 2109 940 653 303 350 198 2597 156 113 2441 2258 2163 2111 145 97 183 1966 1913 85 1828 1741 1678 646 208 98 438 110
is_linear=0
shrinkage=0.03


Tree=98
num_leaves=31
num_cat=2
split_feature=5 6 1 0 1 4 6 0 1 1 2 6 2 5 0 1 6 1 2 2 3 4 1 6 0 2 2 0 2 0
split_gain=9.4405 2.84403 2.62783 5.6458 2.44154 1.91714 2.66279 1.61706 2.06146 4.41437 3.37243 3.47487 2.01953 2.00864 1.4116 1.37984 1.28062 3.44287 6.11319 4.35354 2.13112 2.02185 3.95637 7.93125 1.99029 1.37448 5.02404 4.10219 1.83583 3.60513
threshold=0 6.9500000000000011 10.775000000000002 8.4166666666666696 7.9000000000000012 11.633333333333335 7.3500000000000005 11.41666666666667 10.450000000000001 11.100000000000001 85.90000000000002 5.2500000000000009 72.63333333333334 1 6.8333333333333348 6.2250000000000005 4.3500000000000005 4.5500000000000007 67.90000000000002 36.100000000000009 0.55000000000000016 13.900000000000002 8.9000000000000021 4.0500000000000007 8.5833333333333339 9.1000000000000014 14.100000000000001 1.0000000180025095e-35 31.633333333333336 3.1666666666666674
decision_type=1 2 10 10 8 10 2 10 10 10 10 2 10 1 10 8 2 10 10 8 10 8 10 2 10 8 8 10 10 10
left_child=14 7 3 4 5 6 -3 16 12 -10 -11 13 -9 -12 -1 -7 17 19 -19 -2 -21 22 23 -20 -23 27 -27 -18 29 -28
right_child=1 2 -4 -5 -6 15 -8 8 9 10 11 -13 -14 -15 -16 -17 25 18 21 20 -22 24 -24 -25 -26 26 28 -29 -30 -31
leaf_value=-0.028171425824597685 0.0027849066958421796 -0.0206866986272893 0.013191274395801563 -0.037857764844356184 0.019364458985606205 -0.02201370543535356 0.016553597174543078 0.02103950540827032 -0.016947831073743098 -0.0086903818322386639 -0.0044245615789549365 0.019646325714712448 0.0026039476243023877 0.011900455517881802 -0.0045684462125145072 -0.0001969649346633459 -0.0035370768204900475 0.026709444252673114 -0.01177787653310442 -0.02940676239358193 -0.004444023284825448 0.0014147572788454105 -0.014273947859466323 0.027888933284213723 0.021802461638571056 -0.02425668967626279 0.00047738261367441276 0.024156271953207371 -0.00063823406771865588 0.016782309742064978
leaf_weight=11.913603110238908 35.46000313013792 2.675480658188472 4.5811857506632796 5.7618351802229872 3.2619367390871039 9.0396558623760903 4.8798099476844072 11.98274649679661 9.3584040403366071 12.234433338046072 15.98557411134243 17.25153186917305 9.6583707332611066 11.78333643078804 2.8202972747385511 3.6677215807139882 11.930711336433889 12.69770987331867 9.2700425833463758 6.6637214794754964 5.720119021832943 8.6942181661725026 12.544929429888724 8.8845036476850492 8.5449168980121595 7.8121949993073931 45.873993974179029 8.0704015009105188 499.80817824043334 16.628660697489977
leaf_count=627 198 53 22 39 35 167 72 49 40 50 65 71 42 48 26 51 79 57 48 47 48 55 52 43 36 68 387 76 3258 95
internal_value=0.000147601 0.000574884 -0.00793738 -0.0112425 -0.00472363 -0.00860139 0.00336606 0.000941264 0.0047676 0.00215423 0.0052765 0.00907204 0.0128118 0.00250272 -0.0236534 -0.0157168 0.000457885 0.00345368 0.00820105 -0.00256305 -0.0178764 0.00329865 -0.00131819 0.00763434 0.0115203 -9.28192e-05 -0.000364002 0.00763712 -3.20602e-05 0.00481526
internal_weight=835.46 820.726 33.8676 29.2864 23.5246 20.2627 7.55529 786.859 88.2544 66.6133 57.2549 45.0204 21.6411 27.7689 14.7339 12.7074 698.604 108.48 60.6363 47.8438 12.3838 47.9386 30.6995 18.1545 17.2391 590.124 570.123 20.0011 562.311 62.5027
internal_count=6004 5351 439 417 378 343 125 4912 365 274 234 184 91 113 653 218 4547 584 291 293 95 234 143 91 91 3963 3808 155 3740 482
cat_boundaries=0 1 2
cat_threshold=2 8
is_linear=0
shrinkage=0.03


Tree=99
num_leaves=31
num_cat=1
split_feature=5 7 2 1 6 1 0 7 6 7 0 0 2 7 6 7 2 1 2 7 2 2 0 3 2 0 2 2 6 7
split_gain=4.33753 4.29782 1.87184 3.68527 1.75744 2.51841 3.14926 2.45036 4.42992 1.86783 1.76395 2.50491 1.97111 2.18734 1.81375 7.91389 2.06303 3.8482 5.06281 3.03401 2.75021 4.11396 2.35856 3.18592 2.48579 3.5866 3.24352 2.01189 1.77868 3.38431
threshold=0 0.9036062378167643 5.3000000000000016 0.63333333333333341 7.2500000000000009 10.225000000000001 7.8333333333333348 0.74431524547803629 8.3500000000000032 0.64978632478632492 1.0000000180025095e-35 1.8333333333333337 41.300000000000004 0.19293495175848122 6.6500000000000012 0.74705719429441919 32.675000000000004 3.1000000000000005 36.100000000000009 0.10977224576271187 36.100000000000009 40.500000000000007 3.5833333333333335 0.45000000000000007 48.300000000000004 6.166666666666667 50.550000000000004 70.450000000000017 5.6500000000000012 0.65319727891156465
decision_type=1 10 8 8 2 8 8 8 2 10 8 8 10 10 2 10 8 8 10 10 8 8 8 10 8 10 8 8 2 10
left_child=1 -1 -2 -4 10 6 7 8 9 -6 -5 12 13 -12 16 -16 19 18 -18 -13 -19 -22 23 -23 25 -24 -26 -25 -28 -30
right_child=2 -3 3 4 5 -7 -8 -9 -10 -11 11 14 -14 -15 15 -17 17 20 -20 -21 21 22 24 27 26 -27 28 -29 29 -31
leaf_value=-0.025463955957468649 0.0081453996998055514 0.011231528496505921 -0.020141164017097569 0.01405851644537821 -0.023635988175283302 0.014538662701118071 -0.035827329635854478 -0.019485170507699674 0.037560242352869352 0.0087311783447234139 -0.029268099088670917 0.02366640537415652 0.0058439227848264318 -0.0073804679365484819 -0.020263493056080113 0.025568974464719861 0.0094356121768338231 -0.013851224068013137 -0.02120619954853447 0.0030583011100242517 0.017820133671090636 -0.011280454677572747 -0.0018569335605225037 0.02581363498927559 -0.020892051735029383 0.022452454067040183 0.00035638379244113229 0.0021473883813791033 -0.013666988717181239 0.00023171731242565459
leaf_weight=11.264763355255125 25.279210418462753 3.8557620812207469 8.2108110077679139 8.3096789456903917 3.5652572438120931 3.7741079330444327 4.0452575162053099 7.0399386659264556 2.5569167584180832 2.9178419895470142 5.5451429300010266 7.4991212002933016 6.4727728459984055 15.869066055864094 5.0242858808487645 10.428239315748213 6.8891023769974735 12.191247988492249 16.419334907084703 45.082120802253485 12.152864076197146 4.5245362073183086 11.405972432345154 9.3253810517489875 6.946065414696931 10.482282277196644 497.65601185336709 4.9483155645430097 24.740989286452532 43.473289631307125
leaf_count=607 166 52 82 53 63 27 34 117 34 46 56 48 75 153 104 81 51 64 189 288 66 37 73 77 45 53 2701 54 241 300
internal_value=-0.000184281 -0.0161065 0.00010833 -0.000146431 6.15712e-05 -0.00794953 -0.0121668 -0.00621446 0.00412015 -0.00906853 0.00031172 0.000160835 -0.0086632 -0.0130482 0.000498299 0.0106669 0.000278148 -0.000176702 -0.0121496 0.00599742 0.000260817 0.000535798 0.000193413 0.0106557 -0.000137294 0.00978483 -0.000516435 0.0176092 -0.000266324 -0.00480928
internal_weight=837.896 15.1205 822.775 797.496 789.285 23.8993 20.1252 16.08 9.04002 6.4831 765.386 757.076 27.887 21.4142 729.189 15.4525 713.737 661.155 23.3084 52.5812 637.847 625.656 613.503 18.7982 594.705 21.8883 572.816 14.2737 565.87 68.2143
internal_count=6037 659 5378 5212 5130 321 294 260 143 109 4809 4756 284 209 4472 185 4287 3951 240 336 3711 3647 3581 168 3413 126 3287 131 3242 541
cat_boundaries=0 1
cat_threshold=2
is_linear=0
shrinkage=0.03


end of trees

feature_importances:
career_start_rate=531
defensive_contribution_r5=498
bps_r5=495
minutes_r5=479
cost=369
defensive_contribution_r3=348
position=211
played60_r5=69

parameters:
[boosting: gbdt]
[objective: binary]
[metric: auc]
[tree_learner: serial]
[device_type: cpu]
[data_sample_strategy: bagging]
[data: ]
[valid: ]
[num_iterations: 100]
[learning_rate: 0.03]
[num_leaves: 31]
[num_threads: 0]
[seed: 0]
[deterministic: 0]
[force_col_wise: 0]
[force_row_wise: 0]
[histogram_pool_size: -1]
[max_depth: -1]
[min_data_in_leaf: 40]
[min_sum_hessian_in_leaf: 0.001]
[bagging_fraction: 0.85]
[pos_bagging_fraction: 1]
[neg_bagging_fraction: 1]
[bagging_freq: 1]
[bagging_seed: 3]
[bagging_by_query: 0]
[feature_fraction: 0.85]
[feature_fraction_bynode: 1]
[feature_fraction_seed: 2]
[extra_trees: 0]
[extra_seed: 6]
[early_stopping_round: 0]
[early_stopping_min_delta: 0]
[first_metric_only: 0]
[max_delta_step: 0]
[lambda_l1: 0]
[lambda_l2: 0]
[linear_lambda: 0]
[min_gain_to_split: 0]
[drop_rate: 0.1]
[max_drop: 50]
[skip_drop: 0.5]
[xgboost_dart_mode: 0]
[uniform_drop: 0]
[drop_seed: 4]
[top_rate: 0.2]
[other_rate: 0.1]
[min_data_per_group: 100]
[max_cat_threshold: 32]
[cat_l2: 10]
[cat_smooth: 10]
[max_cat_to_onehot: 4]
[top_k: 20]
[monotone_constraints: ]
[monotone_constraints_method: basic]
[monotone_penalty: 0]
[feature_contri: ]
[forcedsplits_filename: ]
[refit_decay_rate: 0.9]
[cegb_tradeoff: 1]
[cegb_penalty_split: 0]
[cegb_penalty_feature_lazy: ]
[cegb_penalty_feature_coupled: ]
[path_smooth: 0]
[interaction_constraints: ]
[verbosity: -1]
[saved_feature_importance_type: 0]
[use_quantized_grad: 0]
[num_grad_quant_bins: 4]
[quant_train_renew_leaf: 0]
[stochastic_rounding: 1]
[linear_tree: 0]
[max_bin: 255]
[max_bin_by_feature: ]
[min_data_in_bin: 3]
[bin_construct_sample_cnt: 200000]
[data_random_seed: 1]
[is_enable_sparse: 1]
[enable_bundle: 1]
[use_missing: 1]
[zero_as_missing: 0]
[feature_pre_filter: 1]
[pre_partition: 0]
[two_round: 0]
[header: 0]
[label_column: ]
[weight_column: ]
[group_column: ]
[ignore_column: ]
[categorical_feature: 5]
[forcedbins_filename: ]
[precise_float_parser: 0]
[parser_config_file: ]
[objective_seed: 5]
[num_class: 1]
[is_unbalance: 0]
[scale_pos_weight: 1]
[sigmoid: 1]
[boost_from_average: 1]
[reg_sqrt: 0]
[alpha: 0.9]
[fair_c: 1]
[poisson_max_delta_step: 0.7]
[tweedie_variance_power: 1.5]
[lambdarank_truncation_level: 30]
[lambdarank_norm: 1]
[label_gain: ]
[lambdarank_position_bias_regularization: 0]
[eval_at: ]
[multi_error_top_k: 1]
[auc_mu_weights: ]
[num_machines: 1]
[local_listen_port: 12400]
[time_out: 120]
[machine_list_filename: ]
[machines: ]
[gpu_platform_id: -1]
[gpu_device_id: -1]
[gpu_device_id_list: ]
[gpu_use_dp: 0]
[num_gpu: 1]

end of parameters

pandas_categorical:[["DEF", "FWD", "GKP", "MID"]]
