tree
version=v4
num_class=1
num_tree_per_iteration=1
label_index=0
max_feature_idx=18
objective=poisson
feature_names=t_xgc_r3 t_xgc_r5 t_ga_r3 t_ga_r5 t_cs_r3 t_cs_r5 t_gf_r3 t_gf_r5 o_xg_r3 o_xg_r5 o_gf_r3 o_gf_r5 o_ga_r3 o_ga_r5 str_def str_att o_str_att o_str_def is_home_team
feature_infos=[0:4.5949999999999998] [0:4.5949999999999998] [0:5.333333333333333] [0:5] [0:1] [0:1] [0:5.666666666666667] [0:5] [0:4.1200000000000001] [0:4.1200000000000001] [0:5.666666666666667] [0:5] [0:5.333333333333333] [0:5] [990:1380] [1000:1395] [1000:1395] [990:1380] [0:1]
tree_sizes=1672 1746 1753 1744 1754 1744 1744 1746 1749 1750 1748 1754 1755 1755 1744 1741 1751 1751 1744 1749 1753 1751 1752 1754 1751 1759 1747 1752 1752 1746 1757 1755 1748 1762 1748 1743 1753 1756 1746 1759 1758 1775 1756 1753 1749 1758 1750 1759 1766 1760 1754 1758 1754 1735 1738 1751 1758 1756 1752 1761 1751 1748 1753 1757 1756 1757 1754 1756 1754 1756 1747 1749 1754 1762 1749 1761 1759 1747 1759 1758 1756 1754 1754 1756 1750 1752 1754 1761 1755 1764 1745 1753 1758 1758 1760 1751 1757 1761 1768 1763 1752 1768 1743 1766 1749 1768 1764 1777 1760 1761 1768 1762 1755 1746 1760 1761 1754 1756 1764 1755 1768 1753 1767 1765 1760 1753 1772 1756 1762 1752 1763 1758 1743 1764 1745 1764 1747 1755 1768 1757 1763 1762 1764 1776 1762 1767 1766 1760 1757 1767 1757 1771 1771 1756 1755 1759 1764 1769 1761 1764 1772 1764 1767 1767 1760 1770 1763 1743 1766 1773 1763 1767 1763 1761 1761 1765 1771 1737 1766 1770 1776 1762 1760 1755 1769 1752 1764 1765 1759 1768 1762 1749 1769 1734 1750 1757 1759 1770 1762 1757 1768 1754 1765 1763 1763 1762 1754 1757 1763 1753 1760 1750 1772 1759 1769 1763 1767 1762 1771 1772 1782 1763 1762 1760 1763 1762 1761 1755 1758 1751 1741 1762 1769 1758 1765 1763 1778 1763 1762 1760 1765 1747 1752 1763 1759 1767 1761 1752 1747 1753 1761 1766 1761 1764 1770 1767 1760 1749 1757 1769 1757 1762 1756 1758 1757 1766 1749 1757 1761 1771 1772 1746 1755 1772 1747 1765 1744 1765 1764 1762 1759 1753 1765 1758 1758 1769 1768 1765 1770 1764 1766 1768 1749 1764 1767 1760 1758 1754 1751 1759 1757 1768 1754 1763 1770 1746 1761 1763 1764 1762 1772 1743 1746 1749 1760 1764 1761 1762 1770 1749 1762 1771 1770 1766 1764 1765 1759 1761 1766 1738 1751 1759 1760 1775 1761 1772 1765 1759 1758 1754 1751 1765 1762 1759 1754 1766 1752 1767 1760 1767

Tree=0
num_leaves=15
num_cat=0
split_feature=16 15 15 15 16 15 11 14 7 10 16 7 1 16
split_gain=98.7033 44.0532 35.1943 19.917 14.5032 14.4009 13.1765 11.3472 8.23311 7.07461 6.44917 5.51435 5.26604 5.13717
threshold=1210.0000000000002 1112.5000000000002 1098.7500000000002 1036.2500000000002 1052.5000000000002 1270.0000000000002 1.5500000000000003 1212.5000000000002 1.4500000000000002 2.1666666666666674 1071.2500000000002 1.5500000000000003 1.8049999999999999 1137.5000000000002
decision_type=2 2 2 2 2 2 10 2 2 10 2 2 10 2
left_child=1 3 -2 -1 -5 6 10 11 -8 12 -3 -4 13 -6
right_child=2 5 7 4 9 -7 8 -9 -10 -11 -12 -13 -14 -15
leaf_value=0.38673220701116379 0.39185065405185066 0.37152775361020984 0.38209231335713961 0.37209119171421412 0.37663210210970199 0.37110225545939085 0.37534317006199669 0.3773101793738915 0.38021910036693118 0.38320470825150871 0.37503155228431478 0.38827360917445292 0.38170629098763559 0.38028964529447756
leaf_weight=287.91439342498779 464.18851184844971 663.96584606170654 376.05145263671875 287.91439342498779 1101.713240146637 893.12220001220703 605.20780658721924 334.92082500457764 640.46263027191162 340.79662895202637 1648.1630072593689 199.77733421325684 378.98935461044312 502.38123750686646
leaf_count=98 158 226 128 98 375 304 206 114 218 116 561 68 129 171
internal_value=0.377761 0.376381 0.385136 0.379258 0.378431 0.374507 0.375363 0.381701 0.37785 0.379218 0.374023 0.384251 0.378531 0.377778
internal_weight=8725.57 7350.63 1374.94 2899.71 2611.79 4450.92 3557.8 910.75 1245.67 2323.88 2312.13 575.829 1983.08 1604.09
internal_count=2970 2502 468 987 889 1515 1211 310 424 791 787 196 675 546
is_linear=0
shrinkage=1


Tree=1
num_leaves=15
num_cat=0
split_feature=17 15 15 15 17 1 17 17 17 15 15 17 6 3
split_gain=140.226 48.4301 25.8983 10.2143 9.93449 8.43068 8.12444 8.04904 7.79102 6.73843 6.34505 4.63965 4.3947 5.07924
threshold=1188.7500000000002 1102.5000000000002 1120.0000000000002 1262.5000000000002 1117.5000000000002 1.5730000000000002 1337.5000000000002 1066.2500000000002 1310.0000000000002 1060.0000000000002 1232.5000000000002 1142.5000000000002 1.4166666666666667 1.4500000000000002
decision_type=2 2 2 2 2 10 2 2 2 2 2 2 2 2
left_child=2 6 4 8 5 -1 9 -4 12 -2 11 -9 -3 -14
right_child=1 3 7 -5 -6 -7 -8 10 -10 -11 -12 -13 13 -15
leaf_value=-0.0034409263917120846 0.011397551205667569 0.00027016892289772812 -0.0079247668568501409 -0.0025255050459827202 0.002238366257723451 0.0011583329667690379 0.014571892710414699 -0.0041088184112567649 0.0062140049127615039 0.0063634683593482722 -0.0068102900092397237 -0.00033348565212464547 0.0056960144964968281 -0.00045650775579948483
leaf_weight=1194.368506193161 376.06240153312683 793.11349868774414 680.92163729667664 383.32563972473145 673.89192247390747 511.88944315910339 217.35823631286621 1204.4138965606689 462.95887207984924 674.17421627044678 601.78663921356201 387.27720165252686 379.93911004066467 176.6115550994873
leaf_count=407 127 270 233 131 229 174 73 411 157 228 206 132 129 60
internal_value=-6.97666e-05 0.0046158 -0.00315856 0.0019189 -0.000843468 -0.00206125 0.00928266 -0.00507461 0.00285966 0.00817517 -0.00418663 -0.00319102 0.00170531 0.0037463
internal_weight=8718.09 3463.54 5254.55 2195.95 2380.15 1706.26 1267.59 2874.4 1812.62 1050.24 2193.48 1591.69 1349.66 556.551
internal_count=2967 1175 1792 747 810 581 428 982 616 355 749 543 459 189
is_linear=0
shrinkage=0.03


Tree=2
num_leaves=15
num_cat=0
split_feature=17 14 14 17 17 14 1 17 18 1 12 5 17 17
split_gain=112.682 30.016 23.0492 16.6972 15.1087 13.5551 10.2377 8.10562 6.68713 4.87935 3.59081 3.44057 3.19637 3.07381
threshold=1191.2500000000002 1212.5000000000002 1162.5000000000002 1071.2500000000002 1327.5000000000002 1047.5000000000002 1.2622500000000001 1142.5000000000002 1.0000000180025095e-35 1.7170000000000003 0.83333333333333337 0.22500000000000003 1253.7500000000002 1127.5000000000002
decision_type=2 2 2 2 2 2 10 2 2 10 10 2 2 2
left_child=2 4 3 -1 5 -2 11 9 12 -4 -10 -3 -7 -5
right_child=1 6 7 13 -6 8 -8 -9 10 -11 -12 -13 -14 -15
leaf_value=-0.0046971986774706912 0.011714697737408821 0.00076537667052123566 -0.006109201791450079 -0.00031564315296956415 0.010809159283619739 0.0040570071338983781 0.0049339137135018555 -0.00168595623075327 0.0048540627997100128 -0.0008626188806715125 0.00048745086427287983 -0.0038613168420828571 0.0078769526750877335 0.0020628359297708556
leaf_weight=738.66970491409302 230.65632295608521 220.21635699272156 1809.9069492816925 1366.0972714424133 506.06190514564514 425.54089093208313 244.81621527671814 608.68359971046448 251.88543725013733 175.33830261230469 514.75511336326599 418.97063016891479 373.7565541267395 760.47385406494141
leaf_count=253 77 75 622 466 169 144 83 208 85 60 174 143 126 258
internal_value=-5.34011e-05 0.0044285 -0.00266994 -0.000814689 0.00623185 0.00493723 -0.000270609 -0.00471813 0.00393209 -0.00564649 0.00192659 -0.0022686 0.00585085 0.000535484
internal_weight=8645.83 3186.66 5459.17 2865.24 2302.66 1796.59 884.003 2593.93 1565.94 1985.25 766.641 639.187 799.297 2126.57
internal_count=2943 1076 1867 977 775 606 301 890 529 682 259 218 270 724
is_linear=0
shrinkage=0.03


Tree=3
num_leaves=15
num_cat=0
split_feature=16 15 15 16 15 15 8 14 10 15 16 16 1 16
split_gain=74.8211 37.2313 21.7672 20.4541 15.8143 7.50957 8.4248 6.10929 5.67602 5.03683 5.70833 4.4871 3.89459 3.1441
threshold=1210.0000000000002 1152.5000000000002 1132.5000000000002 1086.2500000000002 1036.2500000000002 1270.0000000000002 1.3150000000000002 1212.5000000000002 1.8333333333333337 1096.2500000000002 1312.5000000000002 1148.7500000000002 1.7710000000000001 1127.5000000000002
decision_type=2 2 2 2 2 2 8 2 10 2 2 2 10 2
left_child=1 3 9 12 -5 6 11 -4 13 10 -2 -3 -1 -6
right_child=2 5 7 4 8 -7 -8 -9 -10 -11 -12 -13 -14 -15
leaf_value=-0.0035775693952832407 0.0086316303880189984 -0.0052028964193149806 0.0046807622074485503 0.0089061454524714881 -0.0010138854113280963 -0.0064562043463496574 0.00089343236558228731 -0.001393433216281263 0.0031230123103711273 0.0066951750534157651 0.015471577043130525 -0.00075433102488117753 0.00043919750467556068 0.001215951803523359
leaf_weight=1108.0908913612366 281.41081690788269 941.2604808807373 313.88386940956116 242.86529874801636 1037.2624809741974 892.80172657966614 378.00707483291626 282.23918223381042 813.89633321762085 380.37354350090027 186.19325828552246 260.95558285713196 269.91109871864319 1258.4956920146942
leaf_count=381 93 324 105 81 354 309 129 96 275 127 61 89 92 427
internal_value=-2.53031e-05 -0.00127493 0.00620471 0.000284638 0.00154931 -0.00425704 -0.00301126 0.00180737 0.000972059 0.00929024 0.0113824 -0.00423871 -0.00279105 0.000208471
internal_weight=8647.65 7203.55 1444.1 4730.52 3352.52 2473.02 1580.22 596.123 3109.65 847.978 467.604 1202.22 1378 2295.76
internal_count=2943 2461 482 1610 1137 851 542 201 1056 281 154 413 473 781
is_linear=0
shrinkage=0.03


Tree=4
num_leaves=15
num_cat=0
split_feature=16 15 14 16 15 11 15 15 6 18 18 16 16 7
split_gain=68.3752 39.3212 26.085 15.5554 14.99 13.596 10.061 9.70004 6.81903 4.49413 4.18787 4.05053 3.92397 3.62022
threshold=1232.5000000000002 1112.5000000000002 1212.5000000000002 1086.2500000000002 1270.0000000000002 1.5500000000000003 1083.7500000000002 1036.2500000000002 1.4166666666666667 1.0000000180025095e-35 1.0000000180025095e-35 1112.5000000000002 1127.5000000000002 1.3666666666666669
decision_type=2 2 2 2 2 10 2 2 2 2 2 2 2 2
left_child=1 3 6 -1 5 10 -2 -5 9 -7 -3 -6 13 -9
right_child=2 4 -4 7 11 8 -8 12 -10 -11 -12 -13 -14 -15
leaf_value=-0.0017944727022363167 0.012861044988962607 -0.0020844368948761439 -0.0012486315614599521 0.008722876220179707 -0.008299488921428259 0.0007831408294225726 0.0065474821516487754 0.0023684921864773794 0.0026628256957290019 -0.0043391961302983477 -0.0047265732368212843 -0.0042667494288939163 0.0033787695664210969 -0.0018385007198314771
leaf_weight=851.84468460083008 341.05241751670837 1112.3037919998169 312.20391726493835 235.86682343482971 446.84271168708801 313.71155977249146 692.16246318817139 435.97875118255615 655.87042903900146 301.59402561187744 1053.4599814414978 457.563152551651 1158.6912000179291 317.16210627555847
leaf_count=292 111 383 106 78 156 107 229 148 223 103 363 159 390 108
internal_value=0.000132977 -0.00100673 0.00634761 0.00163441 -0.00283152 -0.00192616 0.00864194 0.00299462 0.000536545 -0.00173056 -0.0033712 -0.00626618 0.00228372 0.000596758
internal_weight=8686.31 7340.89 1345.42 2999.54 4341.35 3436.94 1033.21 2147.7 1271.18 615.306 2165.76 904.406 1911.83 753.141
internal_count=2956 2510 446 1016 1494 1179 340 724 433 210 746 315 646 256
is_linear=0
shrinkage=0.03


Tree=5
num_leaves=15
num_cat=0
split_feature=17 15 15 17 15 18 17 0 17 15 14 17 15 0
split_gain=115.581 44.083 24.8443 15.04 11.3807 12.5305 10.1749 6.20667 5.87114 5.79529 5.24345 4.50576 4.4765 3.02054
threshold=1188.7500000000002 1102.5000000000002 1132.5000000000002 1320.0000000000002 1262.5000000000002 1.0000000180025095e-35 1082.5000000000002 1.4800000000000002 1066.2500000000002 1255.0000000000002 1057.5000000000002 1327.5000000000002 1127.5000000000002 1.8345000000000005
decision_type=2 2 2 2 2 2 2 10 2 2 2 2 2 10
left_child=2 3 6 10 5 7 13 12 -4 -10 -2 -7 -3 -1
right_child=1 4 8 -5 -6 11 -8 -9 9 -11 -12 -13 -14 -15
leaf_value=-0.0040755844602651031 0.010151123266567749 0.0075635959184999074 -0.0080347648978301919 0.014250204567323028 -0.002918039947047694 -0.00098979734096758549 0.00032407687858950808 0.0099087947276132252 -0.0032219226285326889 -0.0068324657190739577 0.0052685438780431682 0.0040541589433495976 0.0024111712767061889 -8.5386736304463227e-05
leaf_weight=901.3212513923645 278.65133810043335 206.68733954429626 516.99566459655762 311.37036204338074 413.44881129264832 735.63165760040283 1811.2163484096527 184.633793592453 1225.9050686359406 596.00458145141602 698.9318380355835 202.40623068809509 570.09315919876099 210.64333271980286
leaf_count=311 91 69 181 100 143 249 616 62 423 209 232 67 192 72
internal_value=-7.34445e-05 0.00406654 -0.00290747 0.00851018 0.00158754 0.00256928 -0.00106295 0.00497423 -0.00521131 -0.00440615 0.00666923 0.000101727 0.0037901 -0.00332046
internal_weight=8863.94 3601.85 5262.09 1288.95 2312.9 1899.45 2923.18 961.414 2338.91 1821.91 977.583 938.038 776.78 1111.96
internal_count=3017 1205 1812 423 782 639 999 323 813 632 323 316 261 383
is_linear=0
shrinkage=0.03


Tree=6
num_leaves=15
num_cat=0
split_feature=17 15 15 17 17 17 15 17 15 7 14 0 15 6
split_gain=101.49 39.5288 26.2846 14.5197 12.8213 10.4705 10.0373 5.64562 5.35322 6.87674 5.31905 3.62863 4.39238 3.49768
threshold=1188.7500000000002 1093.7500000000002 1137.5000000000002 1071.2500000000002 1327.5000000000002 1320.0000000000002 1052.5000000000002 1112.5000000000002 1262.5000000000002 1.4500000000000002 1310.0000000000002 1.0216666666666672 1096.2500000000002 1.5833333333333337
decision_type=2 2 2 2 2 2 2 2 2 2 2 10 2 2
left_child=2 5 3 -1 8 6 -2 10 9 -3 -4 -5 -13 -6
right_child=1 4 7 11 13 -7 -8 -9 -10 -11 -12 12 -14 -15
leaf_value=-0.004642399029201068 0.01166004042477042 -0.00057813686981616488 -0.0055067364833130145 -0.0010254158388306237 0.008230568706494466 0.013735446605609622 0.0046182203566722353 -0.0031506441352104064 -0.0029238066629407341 0.0034384661278081324 -0.0098890855641612669 0.0030783566046244559 -0.00077738503207797549 0.0031805166012687249
leaf_weight=769.82147407531738 262.76245331764221 879.96414232254028 1166.6184213161469 1174.3697476387024 259.0685019493103 253.07383489608765 597.74101591110229 682.14937210083008 351.01142764091492 678.80368876457214 319.43647694587708 603.97043228149414 473.84524965286255 238.78755402565002
leaf_count=267 85 297 408 401 85 80 197 237 122 228 113 204 162 79
internal_value=-0.000230585 0.0037001 -0.00289749 -0.00108849 0.00153702 0.00837126 0.00677954 -0.00541717 0.000418128 0.00117207 -0.00645477 0.00012779 0.00138409 0.00581963
internal_weight=8711.42 3521.21 5190.21 3022.01 2407.64 1113.58 860.503 2168.2 1909.78 1558.77 1486.05 2252.19 1077.82 497.856
internal_count=2965 1173 1792 1034 811 362 282 758 647 525 521 767 366 164
is_linear=0
shrinkage=0.03


Tree=7
num_leaves=15
num_cat=0
split_feature=17 14 17 14 17 14 0 3 16 5 7 7 0 14
split_gain=118.236 29.9006 19.5643 19.6073 16.9996 15.1795 6.06934 5.33781 4.37613 5.69235 3.54496 3.51393 3.28322 3.06766
threshold=1188.7500000000002 1212.5000000000002 1292.5000000000002 1047.5000000000002 1071.2500000000002 1267.5000000000002 1.3483333333333338 2.1000000000000005 1232.5000000000002 1.0000000180025095e-35 0.90000000000000013 1.2250000000000003 1.0216666666666672 1207.5000000000002
decision_type=2 2 2 2 2 2 10 2 2 2 2 2 10 2
left_child=4 2 3 -2 13 7 -3 12 9 -5 -4 -11 -6 -1
right_child=1 6 10 8 5 -7 -8 -9 -10 11 -12 -13 -14 -15
leaf_value=-0.0047901473318801248 0.01180682808586187 -0.0016077092759646651 0.013460879831907671 0.005379110867867045 -0.0024121273173695734 -0.0058284419386530981 0.0040588683019731888 0.001738443555976153 0.005868601372093483 -0.00080452985524547352 0.008722391583216936 0.0029617771791057485 -0.00018576129834579262 -0.007907283228822606
leaf_weight=1012.6024630069733 265.80625891685486 740.53565907478333 201.58158612251282 356.30213928222656 1451.4846098423004 688.69199180603027 219.76404190063477 562.53065943717957 375.32847714424133 491.78955030441284 529.26772451400757 406.34422874450684 1011.4457800388336 400.25705909729004
leaf_count=354 85 254 64 119 500 243 74 191 123 165 170 136 346 142
internal_value=4.43684e-05 0.0042218 0.00587754 0.00426592 -0.0028783 -0.00181199 -0.000308043 -0.000896091 0.00302955 0.00217611 0.010046 0.000900866 -0.00149828 -0.00567819
internal_weight=8713.73 3586.72 2626.42 1895.57 5127.01 3714.15 960.3 3025.46 1629.76 1254.44 730.849 898.134 2462.93 1412.86
internal_count=2966 1190 862 628 1776 1280 328 1037 543 420 234 301 846 496
is_linear=0
shrinkage=0.03


Tree=8
num_leaves=15
num_cat=0
split_feature=17 15 15 15 17 17 17 16 14 14 7 14 2 11
split_gain=105.262 46.7986 20.5747 13.9986 10.736 10.4596 8.16933 6.6333 6.3269 6.18869 4.42522 4.06733 3.18087 2.99452
threshold=1188.7500000000002 1098.7500000000002 1098.7500000000002 1262.5000000000002 1320.0000000000002 1082.5000000000002 1087.5000000000002 1262.5000000000002 1052.5000000000002 1272.5000000000002 1.3666666666666669 1310.0000000000002 2.1666666666666674 2.2916666666666674
decision_type=2 2 2 2 2 2 2 2 2 2 2 2 2 10
left_child=2 7 5 4 10 -1 11 8 -2 -8 -3 -4 -7 -12
right_child=1 3 6 -5 -6 12 9 -9 -10 -11 13 -13 -14 -15
leaf_value=-0.0032615225593662428 0.011079067128130069 -0.00065936682504262004 -0.0054819427259066283 -0.0036732945088148558 0.0062407397605011893 0.00057718535144415939 -0.0022149298739569229 0.011561291861359867 0.0051933250764900239 -0.0060472782329289501 0.0035813780034223471 -0.010504710481299867 0.004234893891989268 -0.00059593276369702822
leaf_weight=608.73490571975708 230.55037331581116 699.57331562042236 1182.6609621047974 422.62664842605591 479.40278196334839 678.48763561248779 1615.7702450752258 414.54705095291138 582.09516906738281 495.58282804489136 636.20642971992493 166.29405379295349 311.81391620635986 203.51502919197083
leaf_count=211 73 236 417 147 156 230 559 129 191 176 213 60 105 68
internal_value=-0.000179156 0.00368933 -0.00298436 0.00128575 0.00232527 -0.000169834 -0.00428455 0.00846596 0.00687469 -0.00311691 0.00110256 -0.00610845 0.00173199 0.00256946
internal_weight=8727.86 3668.52 5059.34 2441.32 2018.7 1599.04 3460.31 1227.19 812.646 2111.35 1539.29 1348.96 990.302 839.721
internal_count=2971 1213 1758 820 673 546 1212 393 264 735 517 477 335 281
is_linear=0
shrinkage=0.03


Tree=9
num_leaves=15
num_cat=0
split_feature=15 13 15 9 15 9 18 15 18 0 15 14 12 0
split_gain=57.0612 17.812 12.193 12.5473 10.1596 12.4315 6.47646 5.45499 4.8583 4.69807 5.19339 3.92079 3.86773 3.4567
threshold=1127.5000000000002 1.6333333333333335 1270.0000000000002 1.9760000000000004 1042.5000000000002 2.276333333333334 1.0000000180025095e-35 1060.0000000000002 1.0000000180025095e-35 1.9283333333333339 1093.7500000000002 1042.5000000000002 1.1666666666666667 1.8816666666666668
decision_type=2 10 2 8 2 10 2 2 2 8 2 2 10 8
left_child=1 4 3 8 11 6 -6 -3 12 -8 -11 -1 13 -2
right_child=2 7 -4 -5 5 -7 9 -9 -10 10 -12 -13 -14 -15
leaf_value=0.01090292176082526 0.0036970595830082098 0.003091992265469406 -0.0053369984715785348 0.0044592520777876621 0.0039051117082656121 0.010290552088697589 -0.0012821465866314997 -0.0012835438167655931 -0.0033613832878940041 0.0051330651625606282 -0.00043118125020458317 0.0053500849027861312 -0.0021805305780883432 -0.00089476380500000331
leaf_weight=204.22476267814636 240.19330549240112 330.01979184150696 995.26976799964905 284.94056630134583 1212.3859984874725 192.53962397575378 537.72018504142761 1137.1577887535095 1453.979346036911 326.24379682540894 279.98931264877319 267.91511654853821 913.12058043479919 379.27389883995056
leaf_count=65 82 110 355 95 404 61 180 389 503 107 95 87 317 129
internal_value=5.27936e-05 0.00241398 -0.00243091 -0.00154544 0.00373068 0.00297972 0.00237823 -0.000297896 -0.00211964 0.000758012 0.00256673 0.00776994 -0.00094016 0.000888767
internal_weight=8754.97 4488.2 4266.78 3271.51 3021.02 2548.88 2356.34 1467.18 2986.57 1143.95 606.233 472.14 1532.59 619.467
internal_count=2979 1498 1481 1126 999 847 786 499 1031 382 202 152 528 211
is_linear=0
shrinkage=0.03


Tree=10
num_leaves=15
num_cat=0
split_feature=15 11 11 15 15 15 0 13 11 12 14 1 2 12
split_gain=59.9078 25.1878 12.8435 9.41635 8.69129 8.64329 5.80706 5.2508 5.09048 5.46331 4.49954 3.29978 3.49653 3.23882
threshold=1132.5000000000002 1.7750000000000001 1.7083333333333337 1042.5000000000002 1270.0000000000002 1098.7500000000002 2.3416666666666672 0.77500000000000013 1.1000000000000003 0.83333333333333337 1267.5000000000002 1.6550200000000002 1.4166666666666667 1.5833333333333337
decision_type=2 10 8 2 2 2 8 10 8 8 2 10 2 10
left_child=1 3 10 6 13 7 -1 -3 -5 -10 -2 12 -9 -4
right_child=2 5 4 8 -6 -7 -8 11 9 -11 -12 -13 -14 -15
leaf_value=0.0080042862987848382 -0.0029907629984808775 0.011476024598560487 0.0025268233031936448 -0.0013030519593638635 -0.0043590046853001002 0.0027705718565792584 0.0016113431237363412 0.0068010172446914359 0.0051579567651245445 0.00035422735661026203 -0.0055922368150130046 0.0082504451248752615 0.0014205532036290699 -0.0014333530878333693
leaf_weight=224.95984983444214 1494.3558747768402 195.21518278121948 604.1805636882782 1374.9158277511597 336.32307410240173 746.95107746124268 296.10622048377991 226.42955422401428 263.01203417778015 1105.4210450649261 1003.2529785633087 321.05357694625854 209.49601221084595 267.48204565048218
leaf_count=73 521 61 203 473 119 248 98 73 87 375 359 102 68 91
internal_value=7.621e-05 0.00223083 -0.00280967 0.000688484 -0.000269679 0.00519184 0.00438141 0.00708631 -1.42848e-05 0.00128059 -0.00403756 0.00594061 0.00422446 0.00131134
internal_weight=8669.15 4963.56 3705.59 3264.41 1207.99 1699.15 521.066 952.194 2743.35 1368.43 2497.61 756.979 435.926 871.663
internal_count=2951 1658 1293 1106 413 552 171 304 935 462 880 243 141 294
is_linear=0
shrinkage=0.03


Tree=11
num_leaves=15
num_cat=0
split_feature=17 15 15 15 17 17 17 5 15 9 17 1 15 9
split_gain=97.9372 41.2811 25.6808 8.18047 7.93897 6.88822 6.63974 6.2913 5.18905 3.41152 3.36026 4.74969 3.79707 3.23088
threshold=1197.5000000000002 1127.5000000000002 1137.5000000000002 1042.5000000000002 1337.5000000000002 1052.5000000000002 1097.5000000000002 0.22500000000000003 1052.5000000000002 1.0630000000000002 1127.5000000000002 1.5790000000000002 1088.7500000000002 1.6924500000000005
decision_type=2 2 2 2 2 2 2 2 2 8 2 10 2 10
left_child=2 4 3 -1 8 -5 -4 -3 -2 -10 11 -7 -12 -11
right_child=1 7 6 5 -6 10 -8 -9 9 13 12 -13 -14 -15
leaf_value=0.0031225665699171072 0.0099636752848647949 0.0026149401186185452 -0.0065717861682077208 -0.0052645424570719858 0.011436231985216009 -0.0023662057324584751 -0.0033596381829018047 -0.0014577252730614281 0.0074658363462338584 0.00081778286084748127 0.0031106406659443275 0.0014170524508559596 -0.00097365892758076596 0.0055605247889702041
leaf_weight=445.99452781677246 288.00003433227539 657.66655611991882 1024.1177351474762 336.88975048065186 372.0908887386322 1269.0062818527222 1341.9540438652039 707.70649981498718 402.10951805114746 204.20696043968201 371.32469868659973 389.74773740768433 454.68392968177795 353.13372945785522
leaf_count=148 89 221 369 119 114 439 473 241 131 67 123 133 154 115
internal_value=-4.48503e-05 0.00434777 -0.00237255 -0.000648575 0.00758561 -0.00124554 -0.00475216 0.000504455 0.0064288 0.00535846 -0.000698739 -0.00147696 0.000863942 0.00382738
internal_weight=8618.63 2984.91 5633.72 3267.65 1619.54 2821.65 2366.07 1365.37 1247.45 959.45 2484.76 1658.75 826.009 557.341
internal_count=2936 978 1958 1116 516 968 842 462 402 313 849 572 277 182
is_linear=0
shrinkage=0.03


Tree=12
num_leaves=15
num_cat=0
split_feature=15 16 16 16 15 15 11 15 18 14 18 9 15 16
split_gain=65.4388 39.5679 25.3858 11.9174 8.89162 8.14259 7.87339 5.15122 4.68957 4.68513 4.58194 4.18732 3.71498 3.71159
threshold=1120.0000000000002 1210.0000000000002 1162.5000000000002 1052.5000000000002 1052.5000000000002 1197.5000000000002 1.9000000000000001 1078.7500000000002 1.0000000180025095e-35 1337.5000000000002 1.0000000180025095e-35 1.9080000000000001 1078.7500000000002 1112.5000000000002
decision_type=2 2 2 2 2 2 10 2 2 2 2 8 2 2
left_child=1 3 6 -1 -5 11 9 -3 12 -2 -8 -4 -6 -14
right_child=2 7 5 4 8 -7 10 -9 -10 -11 -12 -13 13 -15
leaf_value=-0.0037152003838215098 -0.0040341964481185547 0.011566864751783075 0.0014774833959094527 0.0049306752508743281 0.00014492661787226377 -0.0025649975346593318 0.0024742074079523915 0.0065270804556192387 -0.0003188261346398794 -0.0076556760286923499 -0.0031731328037810538 0.0063967520100471093 0.0011521170423832103 0.0055387955484889001
leaf_weight=365.19265031814575 2336.6645278930664 370.24925088882446 776.70164895057678 715.39750289916992 404.84366631507874 411.31479001045227 245.08306503295898 370.76343202590942 1088.5938353538513 373.88834190368652 271.49926447868347 194.11772584915161 295.2612783908844 422.50495910644531
leaf_count=128 827 112 259 231 136 143 84 116 368 137 94 63 101 141
internal_value=8.5806e-06 0.0027991 -0.00243302 0.00138797 0.00202582 0.000968507 -0.00388969 0.00905742 0.0010842 -0.00453638 -0.000494251 0.00246667 0.00244378 0.0037384
internal_weight=8642.08 4032.81 4609.27 3291.79 2926.6 1382.13 3227.14 741.013 2211.2 2710.55 516.582 970.819 1122.61 717.766
internal_count=2940 1333 1607 1105 977 465 1142 228 746 964 178 322 378 242
is_linear=0
shrinkage=0.03


Tree=13
num_leaves=15
num_cat=0
split_feature=17 15 15 17 15 17 18 7 18 15 17 15 5 5
split_gain=95.231 36.8184 22.2029 11.3917 8.30755 7.52874 7.26272 7.79213 7.1423 7.75271 5.99456 5.82583 4.49635 4.2965
threshold=1183.7500000000002 1127.5000000000002 1120.0000000000002 1242.5000000000002 1262.5000000000002 1066.2500000000002 1.0000000180025095e-35 1.2250000000000003 1.0000000180025095e-35 1078.7500000000002 1117.5000000000002 1255.0000000000002 0.22500000000000003 1.0000000180025095e-35
decision_type=2 2 2 2 2 2 2 2 2 2 2 2 2 2
left_child=2 3 10 -2 6 -4 7 -3 12 -10 -1 -7 -5 -12
right_child=1 4 5 8 -6 11 -8 -9 9 -11 13 -13 -14 -15
leaf_value=-0.0013798815028907519 0.0036552839427464283 -0.00042262496232557206 -0.0073379967098271799 0.0087937840191915483 -0.0030522669907769849 -0.002694179845826321 -0.00057334910449282717 0.0062661069462735747 0.0097020377669586218 0.0028575968632622586 0.0052762599827512035 -0.0063176365886095558 0.014425900090635784 0.00010425409665386767
leaf_weight=1640.1767001152039 792.13437485694885 244.58989548683167 627.99111771583557 408.63897657394409 440.93908786773682 1605.5138289928436 649.29049134254456 434.88372302055359 272.78081059455872 329.32081294059753 234.69644951820374 532.2096631526947 191.84551382064819 373.94784617424011
leaf_count=565 257 82 229 126 156 566 218 144 83 105 78 195 60 126
internal_value=5.6371e-05 0.00366208 -0.00265063 0.00645558 0.000511515 -0.00445019 0.00169553 0.00386128 0.00829554 0.0059694 -0.000436454 -0.00359881 0.0106142 0.00210399
internal_weight=8778.96 3764.42 5014.54 1994.72 1769.7 2765.71 1328.76 679.474 1202.59 602.102 2248.82 2137.72 600.484 608.644
internal_count=2990 1231 1759 631 600 990 444 226 374 188 769 761 186 204
is_linear=0
shrinkage=0.03


Tree=14
num_leaves=15
num_cat=0
split_feature=16 15 15 15 16 15 15 10 0 8 16 12 16 7
split_gain=62.5512 29.0758 18.6588 12.2536 13.6526 10.9782 7.28224 5.96218 5.27207 5.09777 4.25647 4.16146 3.86499 3.25609
threshold=1210.0000000000002 1098.7500000000002 1120.0000000000002 1270.0000000000002 1071.2500000000002 1036.2500000000002 1197.5000000000002 1.1666666666666667 1.6483333333333332 1.4616666666666669 1162.5000000000002 1.1666666666666667 1332.5000000000002 1.5500000000000003
decision_type=2 2 2 2 2 2 2 10 10 10 2 8 2 2
left_child=1 5 11 4 -3 -1 -4 8 -7 -6 -9 12 -2 -11
right_child=2 3 6 -5 9 7 -8 10 -10 13 -12 -13 -14 -15
leaf_value=0.0069496981938215185 0.0052499064304559629 -0.0049632640871827153 0.0042285849037216805 -0.0056708593217290422 -0.0014775061603636663 -0.0020893495722338201 -0.0023350559408085144 0.0013620156963272893 0.0031690300377121817 -0.0007201557137199887 0.0059161739621487455 0.012812325244165397 0.010405311632981529 0.00322841651040208
leaf_weight=303.15248370170593 284.14244246482849 909.47200918197632 514.25794124603271 868.74733710289001 2307.1054697036743 740.31342053413391 215.11119294166565 822.81598424911499 222.33477115631104 355.54607653617859 237.53950452804565 197.66187286376953 248.57237601280212 397.04188752174377
leaf_count=96 87 326 167 319 802 253 74 274 75 121 76 60 74 134
internal_value=3.31845e-05 -0.00112032 0.00569117 -0.0024454 -0.00173818 0.00163545 0.00229224 0.000836057 -0.000872838 -0.000778243 0.00238685 0.00907763 0.00767048 0.00136451
internal_weight=8623.81 7164.07 1459.75 4837.91 3969.17 2326.16 729.369 2023 962.648 3059.69 1060.36 730.377 532.715 752.588
internal_count=2938 2476 462 1702 1383 774 241 678 328 1057 350 221 161 255
is_linear=0
shrinkage=0.03


Tree=15
num_leaves=15
num_cat=0
split_feature=17 14 17 14 17 14 0 1 18 7 1 14 18 1
split_gain=92.9978 19.3324 16.3736 15.6324 9.99642 9.51024 6.23207 5.81977 5.02439 4.51509 4.43321 3.96779 3.89977 3.52286
threshold=1188.7500000000002 1212.5000000000002 1337.5000000000002 1188.7500000000002 1071.2500000000002 1047.5000000000002 1.0216666666666672 1.192666666666667 1.0000000180025095e-35 1.7750000000000001 1.4212100000000003 1102.5000000000002 1.0000000180025095e-35 1.103
decision_type=2 2 2 2 2 2 10 10 2 2 10 2 2 8
left_child=3 2 5 4 -1 -2 -5 -3 10 11 13 -10 -4 -7
right_child=1 7 12 6 -6 8 -8 -9 9 -11 -12 -13 -14 -15
leaf_value=-0.0041758778301688101 0.0087544279420651554 -0.0015713185575886273 0.012154374449622104 -0.0059541224943298523 -0.00028151592834824575 0.0065678949970217242 -0.0023972790219418181 0.0034232883854876683 0.0026420220916025458 0.0051277517571584946 0.0075950352262834607 -0.0018848538447957816 0.0069489346875070603 0.0016579569193627727
leaf_weight=811.82938194274902 293.89689612388611 670.97477602958679 272.35929799079895 1322.3053660392761 2196.2360937595367 185.57408976554871 669.77677392959595 304.38421106338501 321.40778803825378 218.46713185310364 287.75715470314026 378.23686599731445 257.84691691398621 449.29690051078796
leaf_count=289 88 234 82 482 750 60 239 101 104 71 92 126 78 146
internal_value=-4.39884e-05 0.00360317 0.0049254 -0.00269938 -0.00133358 0.00375023 -0.00476005 -1.07217e-05 0.00294692 0.00137347 0.00450949 0.000195538 0.00964074 0.00310121
internal_weight=8640.35 3640.2 2664.84 5000.15 3008.07 2134.64 1992.08 975.359 1840.74 918.112 922.628 699.645 530.206 634.871
internal_count=2942 1182 847 1760 1039 687 721 335 599 301 298 230 160 206
is_linear=0
shrinkage=0.03


Tree=16
num_leaves=15
num_cat=0
split_feature=16 15 15 14 11 16 0 16 15 1 16 13 15 13
split_gain=55.0432 31.7081 22.3172 12.2033 10.1552 8.3448 6.21371 5.79937 4.58633 4.33578 4.22399 3.93774 3.85312 3.69081
threshold=1210.0000000000002 1127.5000000000002 1132.5000000000002 1052.5000000000002 1.7750000000000001 1083.7500000000002 0.95955000000000013 1066.2500000000002 1078.7500000000002 1.4430000000000003 1312.5000000000002 1.7750000000000001 1157.5000000000002 1.2916666666666667
decision_type=2 2 2 2 10 2 8 2 2 10 2 10 2 10
left_child=1 3 8 11 7 9 -6 -3 -2 -5 -4 -1 -9 -14
right_child=2 4 10 5 6 -7 -8 12 -10 -11 -12 -13 13 -15
leaf_value=0.0067652900489429584 0.01075906799959838 -0.006556512521484645 -0.0014855713014362282 -0.004183802615864889 -0.0049326946068376318 0.0011329483331907228 0.0011585932661377686 -0.0015163208981138065 0.0064189212661470369 0.00022796081829121157 0.0036517585527826059 0.001905014387141175 -0.0059441545974464882 -0.0027363078803227039
leaf_weight=366.67543840408325 379.59942555427551 594.23676586151123 333.39469408988953 493.21485328674316 193.17198848724365 2202.6044516563416 672.56719779968262 775.82628679275513 535.90371775627136 337.16342163085938 252.10351848602295 255.20465636253357 590.38370800018311 718.07876753807068
leaf_count=116 111 220 112 174 68 736 233 272 165 117 82 83 213 260
internal_value=8.152e-05 -0.00100824 0.00530542 0.000952296 -0.00302964 0.000166764 -0.000204676 -0.0039423 0.00822827 -0.00239435 0.000728912 0.00477701 -0.00319419 -0.00418714
internal_weight=8700.13 7199.13 1501 3654.86 3544.26 3032.98 865.739 2678.53 915.503 830.378 585.498 621.88 2084.29 1308.46
internal_count=2962 2492 470 1226 1266 1027 301 965 276 291 194 199 745 473
is_linear=0
shrinkage=0.03


Tree=17
num_leaves=15
num_cat=0
split_feature=17 15 15 17 15 17 17 15 1 15 3 6 14 9
split_gain=93.2511 27.9508 21.2515 10.8097 6.01542 5.57158 5.27299 4.83599 5.95089 3.90274 3.85151 6.09679 3.80064 3.76593
threshold=1197.5000000000002 1127.5000000000002 1137.5000000000002 1071.2500000000002 1262.5000000000002 1157.5000000000002 1320.0000000000002 1078.7500000000002 1.2810000000000004 1073.7500000000002 1.5500000000000003 1.8333333333333337 1292.5000000000002 1.2601900000000004
decision_type=2 2 2 2 2 2 2 2 8 2 2 2 2 10
left_child=2 7 3 -1 6 12 10 -2 -9 -5 11 -3 13 -4
right_child=1 4 5 9 -6 -7 -8 8 -10 -11 -12 -13 -14 -15
leaf_value=-0.0039342701156277367 0.0083175684077393692 -0.00020179873577169118 -0.0053919444229093344 0.0016738320084066882 -0.0026096742647585278 -0.0021485294707372453 0.005359730647680778 0.0091238637403236698 0.0037454146761310061 -0.00081431016766720049 -0.0025309137794443763 0.0062205408915208347 -0.0079367110879009044 -0.00082726499196842263
leaf_weight=818.54397916793823 756.9065637588501 387.88069820404053 1079.9293115139008 858.00437927246094 339.57102799415588 583.74234771728516 297.4060366153717 248.1483359336853 733.58761048316956 1670.1269998550415 235.51503491401672 201.42813277244568 445.05162787437439 191.95243763923645
leaf_count=292 226 131 395 283 121 206 95 78 231 572 79 67 168 69
internal_value=-0.000148104 0.00394235 -0.00246652 -0.000940143 0.000883739 -0.00468548 0.00194218 0.00651195 0.0051128 3.04505e-05 0.000704917 0.0020002 -0.00554627 -0.00470423
internal_weight=8847.79 3200.44 5647.35 3346.68 1461.8 2300.68 1122.23 1738.64 981.736 2528.13 824.824 589.309 1716.93 1271.88
internal_count=3013 1028 1985 1147 493 838 372 535 309 855 277 198 632 464
is_linear=0
shrinkage=0.03


Tree=18
num_leaves=15
num_cat=0
split_feature=17 15 15 17 17 0 9 15 5 15 17 8 0 16
split_gain=76.2311 34.4693 17.1978 10.9388 9.42071 5.82293 4.93502 4.39396 4.17368 4.14969 3.92086 3.88995 3.58089 3.7135
threshold=1142.5000000000002 1102.5000000000002 1137.5000000000002 1253.7500000000002 1261.2500000000002 1.6416666666666668 1.3500000000000003 1262.5000000000002 0.29166666666666669 1083.7500000000002 1077.5000000000002 0.66261666666666674 1.5783333333333336 1290.0000000000002
decision_type=2 2 2 2 2 10 8 2 2 2 2 10 8 2
left_child=2 3 5 11 8 -1 10 -6 -3 -7 -4 -2 -5 -14
right_child=1 4 6 12 7 9 -8 -9 -10 -11 -12 -13 13 -15
leaf_value=-0.002257268807942059 0.006221475291518396 0.00049295401231424932 -0.0078168868609495273 0.0053202221344713294 0.0034010204209824965 0.0041108560853038711 -0.001211657401409421 -0.0014941817211390714 -0.0024916878025306724 -0.00092472485366452343 -0.0046283111196153389 0.0022937335172464905 0.0077536398483616592 0.012769699891174402
leaf_weight=1834.7883431911469 353.41476225852966 914.16750860214233 623.92619061470032 246.054682970047 998.25229167938232 247.56872773170471 221.48424792289734 197.07675909996033 781.28262543678284 360.76608419418335 797.97744750976562 636.81693530082703 357.25465774536133 219.65422368049622
leaf_count=641 113 314 234 74 321 83 81 70 272 125 293 203 107 62
internal_value=-1.44205e-05 0.00258923 -0.00301138 0.00583058 0.00055483 -0.00141424 -0.00538344 0.00259336 -0.000883061 0.00112795 -0.00603196 0.00370041 0.00838611 0.00968226
internal_weight=8790.49 4703.97 4086.51 1813.2 2890.78 2443.12 1643.39 1195.33 1695.45 608.335 1421.9 990.232 822.964 576.909
internal_count=2993 1536 1457 559 977 849 608 391 586 208 527 316 243 169
is_linear=0
shrinkage=0.03


Tree=19
num_leaves=15
num_cat=0
split_feature=17 15 15 15 18 17 17 0 1 8 10 15 17 1
split_gain=78.3951 26.05 16.5879 9.97773 11.5962 9.09374 6.77582 6.5585 5.66615 4.02352 3.52388 3.52279 4.78696 3.05253
threshold=1188.7500000000002 1098.7500000000002 1120.0000000000002 1255.0000000000002 1.0000000180025095e-35 1087.5000000000002 1082.5000000000002 1.4616666666666669 1.7390300000000003 1.8916666666666668 1.8333333333333337 1052.5000000000002 1272.5000000000002 1.6196200000000003
decision_type=2 2 2 2 2 2 2 10 10 10 10 2 2 8
left_child=2 11 6 4 9 7 -1 -4 -8 13 -7 -2 -13 -3
right_child=1 3 5 -5 -6 10 8 -9 -10 -11 -12 12 -14 -15
leaf_value=-0.0027103982906573946 0.0091388355217424284 0.006029936740647026 -0.0072792010963077958 -0.0025916314982201982 0.00010785273695137765 -0.0033134246272856823 -0.0003535803031532591 -0.001001435525922928 0.0040371383256952199 0.0080775769469853091 0.00016889367396459747 0.0037364768548812897 0.0083331485758392776 0.0021543120896344342
leaf_weight=849.47680473327637 417.73574233055115 295.0171434879303 867.28388714790344 429.27212047576904 975.64080905914307 1279.6220066547394 1173.7058870792389 181.41760349273682 340.43125629425049 239.90815138816833 328.53327560424805 471.51693248748779 362.52304315567017 483.69153141975403
leaf_count=299 121 96 325 153 322 464 398 67 112 76 117 148 105 157
internal_value=4.07231e-05 0.00336939 -0.00239626 0.00155301 0.00244601 -0.00402229 -0.000567568 -0.00619518 0.000635621 0.00468323 -0.00260235 0.006882 0.00574205 0.00362846
internal_weight=8695.78 3675.31 5020.47 2423.53 1994.26 2656.86 2363.61 1048.7 1514.14 1018.62 1608.16 1251.78 834.04 778.709
internal_count=2960 1178 1782 804 651 973 809 392 510 329 581 374 253 253
is_linear=0
shrinkage=0.03


Tree=20
num_leaves=15
num_cat=0
split_feature=15 16 16 15 11 15 0 16 8 5 16 15 0 15
split_gain=51.1432 31.5344 19.0824 11.9576 8.12719 6.32581 6.10638 6.42855 4.82696 4.58703 6.78424 4.43122 3.72755 3.38843
threshold=1120.0000000000002 1210.0000000000002 1162.5000000000002 1042.5000000000002 1.9000000000000001 1210.0000000000002 1.9116666666666668 1086.2500000000002 1.3550000000000002 0.22500000000000003 1312.5000000000002 1162.5000000000002 1.5083333333333335 1137.5000000000002
decision_type=2 2 2 2 8 2 10 2 10 2 2 2 8 2
left_child=1 3 4 -1 8 11 7 -5 13 10 -3 -4 -6 -2
right_child=2 9 5 6 12 -7 -8 -9 -10 -11 -12 -13 -14 -15
leaf_value=0.0050210697701852953 -0.0024843047420503215 0.0034603620392577874 0.00074728179167326213 -0.0026548207404316474 -0.0028619981954145887 -0.0025791470326536644 0.0037998767888281666 0.00082954784912274925 -0.0015734468855407181 0.011583488276488254 0.0102006469901019 0.0050253887292138122 0.0022045327894707435 -0.0053510689540805642
leaf_weight=620.27255892753601 485.97121071815491 302.13331866264343 671.09999895095825 674.08569431304932 227.06561040878296 343.59778904914856 404.13028645515442 1619.4440922737122 572.01360630989075 227.27260112762451 243.43569946289062 321.98922729492188 305.09691381454468 1606.3863081932068
leaf_count=196 174 89 219 239 79 122 134 537 204 66 69 106 106 597
internal_value=0.000109394 0.00254106 -0.00208502 0.00126875 -0.00334337 0.000924451 0.000404441 -0.000195245 -0.00401919 0.00799459 0.00648107 0.00213803 4.14082e-05 -0.00468674
internal_weight=8623.99 4090.77 4533.22 3317.93 3196.53 1336.69 2697.66 2293.53 2664.37 772.842 545.569 993.089 532.163 2092.36
internal_count=2937 1330 1607 1106 1160 447 910 776 975 224 158 325 185 771
is_linear=0
shrinkage=0.03


Tree=21
num_leaves=15
num_cat=0
split_feature=17 17 14 14 3 17 18 17 14 3 3 13 8 18
split_gain=68.9937 18.9646 15.67 14.0728 9.50269 8.43591 6.79645 5.57908 4.72914 4.57054 4.47138 4.17584 4.14717 3.91611
threshold=1188.7500000000002 1327.5000000000002 1202.5000000000002 1047.5000000000002 0.70833333333333337 1097.5000000000002 1.0000000180025095e-35 1112.5000000000002 1162.5000000000002 1.1000000000000003 1.7750000000000001 0.90000000000000013 0.32500000000000001 1.0000000180025095e-35
decision_type=2 2 2 2 2 2 2 2 2 2 2 10 10 2
left_child=2 3 5 -2 12 10 -6 -4 -8 -3 -1 -7 -5 -11
right_child=1 9 7 4 6 11 8 -9 -10 13 -12 -13 -14 -15
leaf_value=-0.0040942495347175501 0.0081967558941801397 0.0036325571291171881 -0.006243752695223012 -0.0060535871701316519 0.0036276326030547437 -0.0034115464473877537 0.0021924486738204279 -0.0023086421730903486 -0.001717981173493733 0.011334468231616709 -0.00088690238337708709 0.00071057856111485273 0.00016178589153423593 0.0061579219075231957
leaf_weight=991.74185132980347 291.9247989654541 221.605055809021 992.19272541999817 200.82080769538879 1147.9704341888428 256.26051807403564 586.17922735214233 483.9422390460968 528.22010135650635 269.4669930934906 646.71393132209778 1576.0553848743439 185.25628042221069 266.14647531509399
leaf_count=358 84 69 374 69 371 88 188 176 179 78 228 539 63 78
internal_value=-5.11136e-05 0.00304844 -0.00236804 0.00195679 0.00126615 -0.00126622 0.0020086 -0.00495609 0.000339045 0.00727929 -0.00282959 0.000132528 -0.00307847 0.00877851
internal_weight=8644.5 3697.59 4946.91 2940.37 2648.45 3470.77 2262.37 1476.13 1114.4 757.219 1638.46 1832.32 386.077 535.613
internal_count=2942 1179 1763 954 870 1213 738 550 367 225 586 627 132 156
is_linear=0
shrinkage=0.03


Tree=22
num_leaves=15
num_cat=0
split_feature=17 15 15 18 17 17 1 17 15 17 1 13 8 13
split_gain=75.8055 30.1119 17.4923 12.332 7.59502 7.25731 6.64926 4.60739 4.5178 4.06825 4.12008 3.61958 3.59113 3.18794
threshold=1188.7500000000002 1098.7500000000002 1120.0000000000002 1.0000000180025095e-35 1087.5000000000002 1082.5000000000002 1.0098300000000002 1327.5000000000002 1312.5000000000002 1247.5000000000002 1.2970000000000004 0.90000000000000013 1.1146166666666668 2.1000000000000005
decision_type=2 2 2 2 2 2 10 2 2 2 10 10 8 10
left_child=2 7 5 6 -4 -1 -3 12 -6 -5 -11 -7 -2 -13
right_child=1 3 4 9 8 11 -8 -9 -10 10 -12 13 -14 -15
leaf_value=-0.0027791196344716849 0.0075990665259182896 0.0013467388696486052 -0.0060617224784027994 -0.0028582796992027227 -0.0021080302831479824 -0.0031537988415045893 0.0057823200264539194 0.01010944255543166 -0.0064847878054124699 0.0021220910968009058 -0.0028299766242712897 0.0020433985861915051 0.0040489016755708949 -0.0018092467068192347
leaf_weight=802.31280326843262 530.40847492218018 666.61257266998291 1046.4274184703827 528.50823497772217 1379.4181368350983 184.19601273536682 559.68497729301453 300.7114040851593 250.39130473136902 495.18514204025269 216.51643681526184 1046.4553956985474 504.89382600784302 236.22673153877258
leaf_count=284 159 221 396 182 498 62 179 82 96 163 70 351 152 80
internal_value=2.36502e-05 0.00320801 -0.00242494 0.00124217 -0.0040674 -0.000486922 0.00337421 0.00683363 -0.00278401 -0.000866976 0.000613698 0.00076784 0.00587331 0.00133301
internal_weight=8747.95 3802.52 4945.43 2466.51 2676.24 2269.19 1226.3 1336.01 1629.81 1240.21 711.702 1466.88 1035.3 1282.68
internal_count=2975 1208 1767 815 990 777 400 393 594 415 233 493 311 431
is_linear=0
shrinkage=0.03


Tree=23
num_leaves=15
num_cat=0
split_feature=16 14 14 1 16 14 1 6 16 0 9 13 18 0
split_gain=41.2624 23.3261 13.8017 11.8886 12.0611 8.25965 5.81592 5.00215 4.61537 3.32217 3.18845 2.96474 2.78091 4.10148
threshold=1232.5000000000002 1047.5000000000002 1207.5000000000002 1.7170000000000003 1127.5000000000002 1162.5000000000002 2.2790000000000004 0.83333333333333337 1345.0000000000002 1.0083333333333337 1.6750000000000003 1.4500000000000002 1.0000000180025095e-35 1.1004000000000003
decision_type=2 2 2 10 2 2 8 2 2 10 10 8 2 10
left_child=1 6 8 4 5 -3 -1 -5 -2 -7 -9 -8 13 -6
right_child=2 3 -4 7 12 9 11 10 -10 -11 -12 -13 -14 -15
leaf_value=0.0087903007636600181 0.0051566840494150414 -0.0014896240119248627 -0.00035470837677461462 -0.0025051537732121666 -0.00030181134731662498 -0.0055086594813479545 0.005200182040811345 0.001485547611327877 0.0096232106654011162 -0.0027630012143851608 0.0057094564099335905 2.6548490350677587e-05 -0.0013686322625943146 0.0038000264486785207
leaf_weight=207.33024072647095 804.56007409095764 1467.8986344337463 373.40372896194458 201.13166785240173 937.2799551486969 1131.7096848487854 196.778324842453 512.63259053230286 283.44855618476868 615.82490801811218 234.10913348197937 201.01526474952698 1213.0576765537262 285.39513421058655
leaf_count=63 238 518 124 67 321 426 61 175 81 224 76 65 419 94
internal_value=2.7009e-05 -0.000905524 0.00462149 -0.00142266 -0.00194414 -0.00315011 0.00472697 0.00168516 0.00632807 -0.00454323 0.00281564 0.00259244 -0.000351484 0.000657957
internal_weight=8665.58 7204.16 1461.41 6599.04 5651.17 3215.43 605.124 947.873 1088.01 1747.53 746.742 397.794 2435.73 1222.68
internal_count=2952 2509 443 2320 2002 1168 189 318 319 650 251 126 834 415
is_linear=0
shrinkage=0.03


Tree=24
num_leaves=15
num_cat=0
split_feature=17 15 15 15 17 16 14 17 7 12 17 14 14 10
split_gain=64.8699 25.2816 14.2699 11.05 7.06803 6.08804 5.44122 5.41628 4.56988 4.01713 3.95028 2.63289 2.41933 3.9355
threshold=1183.7500000000002 1098.7500000000002 1137.5000000000002 1262.5000000000002 1310.0000000000002 1187.5000000000002 1052.5000000000002 1082.5000000000002 1.4500000000000002 1.1666666666666667 1097.5000000000002 1292.5000000000002 1277.5000000000002 1.5833333333333337
decision_type=2 2 2 2 2 2 2 2 2 10 2 2 2 10
left_child=2 5 7 4 8 6 -2 -1 -3 -10 11 -4 13 -12
right_child=1 3 10 -5 -6 -7 -8 -9 9 -11 12 -13 -14 -15
leaf_value=-0.0027429197922753646 0.0080857199908101595 -0.00059632516910262815 -0.0049309099818896796 -0.00340582369195087 0.0047306650146837657 0.0082969337819340239 0.0024301134378791598 -4.3355484808934637e-05 0.00015769329794023437 0.0049920430330343919 -0.0035892570487184449 -0.008836431804174337 -0.0050377100669574499 0.0012950288798578861
leaf_weight=1061.5488085746765 224.15923571586609 851.71645593643188 734.94420099258423 417.98785400390625 583.61211133003235 630.82659864425659 482.90212559700012 1805.5524230003357 284.93991351127625 337.6139919757843 459.27224349975586 199.44086408615112 368.67072510719299 218.53856730461121
leaf_count=380 64 283 280 151 179 176 151 614 94 111 168 79 140 79
internal_value=-9.44941e-05 0.00283224 -0.00239698 0.00103581 0.00193919 0.00615342 0.00423199 -0.00104348 0.000831692 0.00278319 -0.00435452 -0.00577308 -0.00308361 -0.00201489
internal_weight=8661.73 3813.76 4847.97 2475.87 2057.88 1337.89 707.061 2867.1 1474.27 622.554 1980.87 934.385 1046.48 677.811
internal_count=2949 1209 1740 818 667 391 215 994 488 205 746 359 387 247
is_linear=0
shrinkage=0.03


Tree=25
num_leaves=15
num_cat=0
split_feature=16 15 14 15 15 16 16 0 9 18 15 3 10 14
split_gain=42.0852 24.8675 14.4969 9.7497 8.16311 8.73586 6.81382 4.94277 4.70835 5.53964 3.97123 4.67571 3.23857 2.72107
threshold=1210.0000000000002 1120.0000000000002 1207.5000000000002 1052.5000000000002 1270.0000000000002 1066.2500000000002 1093.7500000000002 2.7033333333333345 1.1950000000000003 1.0000000180025095e-35 1078.7500000000002 1.9000000000000001 0.58333333333333337 1167.5000000000002
decision_type=2 2 2 2 2 2 2 8 10 2 2 2 8 2
left_child=1 3 10 7 5 12 -5 -1 -7 -10 -2 13 -3 -12
right_child=2 4 -4 6 -6 8 -8 -9 9 -11 11 -13 -14 -15
leaf_value=0.0060782318361679265 0.0083733291916140273 -0.0087730345025215078 -0.0005910913579216195 -0.0020101997423266518 -0.0051976185442481277 -0.0019835507259286047 0.0012640444795780535 0.0013878725031769158 0.0031205444106408636 -0.0016438125059953289 0.004726595859346077 0.00082352481036338117 -0.0036910993430067391 0.0089765777333687697
leaf_weight=438.78782796859741 435.37773561477661 158.1793041229248 385.88078856468201 866.12081408500671 789.20046305656433 1533.3723623752594 1679.8293421268463 375.71077513694763 444.37970209121704 432.45460987091064 432.38923764228821 200.31547975540161 399.20645546913147 200.67839217185974
leaf_count=134 118 61 128 306 303 553 554 120 151 151 129 59 150 62
internal_value=0.000191539 -0.000810527 0.00449969 0.00106428 -0.00248738 -0.00176511 0.000149809 0.00391902 -0.000981333 0.000771568 0.00604725 0.00482347 -0.00514642 0.00608585
internal_weight=8771.88 7117.24 1654.64 3360.45 3756.79 2967.59 2545.95 814.499 2410.21 876.834 1268.76 833.383 557.386 633.068
internal_count=2979 2483 496 1114 1369 1066 860 254 855 302 368 250 211 191
is_linear=0
shrinkage=0.03


Tree=26
num_leaves=15
num_cat=0
split_feature=15 16 16 15 16 16 0 15 18 1 18 10 18 6
split_gain=43.0522 18.3994 15.1357 8.28743 7.65509 7.49493 5.35184 5.14132 4.87227 4.5834 3.984 3.47301 3.37081 4.27025
threshold=1120.0000000000002 1210.0000000000002 1290.0000000000002 1187.5000000000002 1071.2500000000002 1088.7500000000002 1.49 1036.2500000000002 1.0000000180025095e-35 1.3588600000000002 1.0000000180025095e-35 1.8333333333333337 1.0000000180025095e-35 0.83333333333333337
decision_type=2 2 2 2 2 2 10 2 2 10 2 10 2 2
left_child=1 5 3 4 -2 9 11 -7 -3 -1 -8 -6 -9 -14
right_child=2 8 -4 -5 6 7 10 12 -10 -11 -12 -13 13 -15
leaf_value=-0.0028903424477738377 -0.00487746536501009 0.0087149821087108472 0.0030941416577298917 -0.0045021478067904909 -0.0024558094579367946 0.0058597426115552511 0.0046293581501581993 0.0027627888498813059 0.0039730034539974587 0.0012483642871019545 -0.00082917375577590106 0.00062018841397018 0.0030200893570745228 -0.0010034191611024007
leaf_weight=534.91916465759277 536.40990042686462 382.0548141002655 461.70764899253845 1402.975004196167 1280.5639252662659 285.88206362724304 240.96843266487122 1071.7363712787628 403.59300255775452 436.56540846824646 238.89231657981873 444.61219477653503 359.81172060966492 693.17017602920532
leaf_count=191 203 105 145 529 455 84 82 348 114 150 83 150 117 229
internal_value=-5.46025e-05 0.00215436 -0.00205336 -0.00262742 -0.00166671 0.00119275 -0.000883787 0.00208904 0.00628714 -0.00103112 0.00191583 -0.00166316 0.00157918 0.000373004
internal_weight=8773.86 4167.73 4606.13 4144.42 2741.45 3382.08 2205.04 2410.6 785.648 971.485 479.861 1725.18 2124.72 1052.98
internal_count=2985 1338 1647 1502 973 1119 770 778 219 341 165 605 694 346
is_linear=0
shrinkage=0.03


Tree=27
num_leaves=15
num_cat=0
split_feature=16 15 15 16 15 8 18 1 18 15 16 15 3 16
split_gain=41.1248 22.8432 14.0644 10.2701 9.38894 7.47992 7.06369 5.92738 5.7658 4.71075 4.60489 4.25274 3.35544 3.22113
threshold=1210.0000000000002 1112.5000000000002 1127.5000000000002 1086.2500000000002 1270.0000000000002 1.3550000000000002 1.0000000180025095e-35 1.4430000000000003 1.0000000180025095e-35 1036.2500000000002 1066.2500000000002 1197.5000000000002 1.1000000000000003 1162.5000000000002
decision_type=2 2 2 2 2 8 2 10 2 2 2 2 2 2
left_child=1 3 6 7 5 10 -2 -1 -7 -5 -3 12 -4 -11
right_child=2 4 11 9 -6 8 -8 -9 -10 13 -12 -13 -14 -15
leaf_value=-0.0037712087218556966 0.0097973961251366145 -0.0049536996672923583 -0.00012138193622805435 0.0060206655240024462 -0.0052747671939408778 0.0032744754317141508 0.0043838755595772246 0.0015882316025181442 -0.0015540871118980121 0.00096553753365254146 -0.0018026104900038125 -0.0021223626089910473 0.0050469617741470746 0.0038295131022809989
leaf_weight=499.15479922294617 422.36167287826538 537.5129988193512 192.88624978065491 256.42612648010254 792.41812562942505 417.49455833435059 450.98387551307678 294.7029857635498 474.50574350357056 1399.4136786460876 1867.2698395252228 223.2546751499176 272.00217390060425 472.37338471412659
leaf_count=179 116 206 61 75 308 141 127 101 166 461 670 77 85 148
internal_value=8.36025e-05 -0.000897119 0.00448492 0.00112836 -0.00234441 -0.00163868 0.00701014 -0.00178213 0.000707024 0.00221435 -0.0025087 0.00127455 0.00290691 0.00168996
internal_weight=8572.76 7011.27 1561.49 2922.07 4089.2 3296.78 873.346 793.858 892 2128.21 2404.78 688.143 464.888 1871.79
internal_count=2921 2455 466 964 1491 1183 243 280 307 684 876 223 146 609
is_linear=0
shrinkage=0.03


Tree=28
num_leaves=15
num_cat=0
split_feature=17 14 3 17 14 14 17 10 17 1 10 14 1 7
split_gain=81.3923 14.4154 13.5643 10.7694 8.60872 4.62792 5.72788 6.00188 4.39031 3.63679 3.19401 3.57994 3.08236 3.62042
threshold=1188.7500000000002 1267.5000000000002 0.70833333333333337 1117.5000000000002 1162.5000000000002 1047.5000000000002 1320.0000000000002 1.5833333333333337 1071.2500000000002 1.6263333333333334 1.8333333333333337 1162.5000000000002 1.192666666666667 1.4500000000000002
decision_type=2 2 2 2 2 2 2 10 2 10 10 2 8 2
left_child=1 3 -2 8 5 -4 7 -7 -1 10 11 -10 -6 -14
right_child=2 -3 4 -5 12 6 -8 -9 9 -11 -12 -13 13 -15
leaf_value=-0.00424548635873628 -0.0015236123387907714 -0.0061109274297092113 0.0082267847660394827 0.00062224281724080558 -0.00038043787229931304 0.0062189195889660641 0.0074023873627367971 0.0018304600064441045 -0.0019948362578203868 0.00065823614741427271 0.0010419961683419236 -0.0054668435776437799 0.00077197740376509034 0.0044785623242470122
leaf_weight=1143.8379900455475 466.69272136688232 854.26488733291626 364.19512128829956 1157.8355097770691 347.20247602462769 438.69914054870605 443.61530733108521 778.22541093826294 802.31087398529053 399.16581988334656 188.1456503868103 401.39762568473816 411.57745814323425 560.25255107879639
leaf_count=427 157 333 99 396 118 138 122 242 280 134 66 148 135 182
internal_value=-3.01607e-05 -0.00256825 0.00326474 -0.00182748 0.00393332 0.00516178 0.004485 0.0034163 -0.00279381 -0.00186484 -0.00258838 -0.00315621 0.00204513 0.0029112
internal_weight=8757.42 4946.96 3810.46 4092.69 3343.77 2024.73 1660.54 1216.92 2934.86 1791.02 1391.85 1203.71 1319.03 971.83
internal_count=2977 1784 1193 1451 1036 601 502 380 1055 628 494 428 435 317
is_linear=0
shrinkage=0.03


Tree=29
num_leaves=15
num_cat=0
split_feature=17 17 3 17 7 7 1 17 7 3 12 18 18 1
split_gain=63.8518 12.826 12.5806 9.07861 8.30029 7.70587 4.26147 3.77181 3.65309 3.49136 5.82152 3.08545 2.91623 4.15704
threshold=1188.7500000000002 1071.2500000000002 0.70833333333333337 1337.5000000000002 0.45000000000000007 1.7083333333333337 1.6323300000000003 1117.5000000000002 1.3666666666666669 1.7750000000000001 1.8333333333333337 1.0000000180025095e-35 1.0000000180025095e-35 1.4070000000000003
decision_type=2 2 2 2 2 2 10 2 2 2 8 2 2 8
left_child=1 -1 -2 4 -4 7 -7 9 -5 -3 11 -11 -6 -14
right_child=2 5 3 8 12 6 -8 -9 -10 10 -12 -13 13 -15
leaf_value=-0.0047862924282831539 -0.0017360128843368497 -0.0025994538023362953 0.008182403123394761 0.0088173526329409311 0.003263583899639419 -0.0040965842092013788 0.00090986618232637194 0.001039388136479273 0.004319936604181205 0.0053173680207227519 -0.0039668378390092674 -0.00012735317002625509 -0.0011830656307299976 0.0024518193191304192
leaf_weight=1347.485603094101 469.68159532546997 836.92562580108643 229.71517729759216 341.1854419708252 1242.0328605175018 1000.2890164852142 180.23745584487915 995.73402309417725 316.6739399433136 186.72749161720276 178.75918698310852 186.87128400802612 428.82976913452148 829.85959720611572
leaf_count=513 158 302 69 94 388 373 63 341 92 63 61 64 142 261
internal_value=-2.58334e-05 -0.00229387 0.0028623 0.00350003 0.00273598 -0.00135086 -0.0033321 -0.00036921 0.00666227 -0.00137881 0.000472054 0.00260089 0.0022326 0.00121347
internal_weight=8771.01 4913.03 3857.98 3388.3 2730.44 3565.54 1180.53 2385.02 657.859 1389.28 552.358 373.599 2500.72 1258.69
internal_count=2984 1780 1204 1046 860 1267 436 831 186 490 188 127 791 403
is_linear=0
shrinkage=0.03


Tree=30
num_leaves=15
num_cat=0
split_feature=17 15 15 17 15 17 16 17 1 17 11 15 0 0
split_gain=62.4756 20.4704 14.8516 9.84978 8.07775 6.72987 4.88151 4.69036 4.42818 2.41698 2.22567 2.11189 1.90849 2.50983
threshold=1188.7500000000002 1102.5000000000002 1177.5000000000002 1052.5000000000002 1255.0000000000002 1320.0000000000002 1332.5000000000002 1127.5000000000002 1.5670000000000004 1010.0000000000001 1.5500000000000003 1120.0000000000002 1.656666666666667 1.061666666666667
decision_type=2 2 2 2 2 2 2 2 10 2 10 2 8 10
left_child=2 6 3 9 5 12 -2 8 -5 -1 -4 -11 13 -3
right_child=1 4 10 7 -6 -7 -8 -9 -10 11 -12 -13 -14 -15
leaf_value=-0.0079434127015551945 0.0047494626218193784 1.6411972082129112e-05 -0.0062176584251648973 -0.0022962697273959053 -0.0026366547757655581 0.0050260931414733935 0.0092859987816770826 0.0010046364549280826 0.00077767059521886568 -0.0018267100328386247 -0.0031963795216954083 -0.0062926569817478867 -8.8323599511891426e-05 0.0039039633438481274
leaf_weight=178.01515007019043 1242.6947407722473 273.56789040565491 795.65630459785461 1661.9169387817383 435.74572682380676 463.51812434196472 258.8830828666687 945.08933019638062 564.53541493415833 227.36294388771057 307.93445539474487 164.59137558937073 810.31112957000732 328.48914361000061
leaf_count=68 361 90 314 598 158 138 67 322 192 83 117 64 267 107
internal_value=-6.09414e-05 0.00281119 -0.00232149 -0.00141867 0.00103878 0.00189349 0.00553725 -0.000765389 -0.00151685 -0.00504607 -0.00537829 -0.00371331 0.000862593 0.00214046
internal_weight=8658.31 3813.21 4845.1 3741.51 2311.63 1875.89 1501.58 3171.54 2226.45 569.969 1103.59 391.954 1412.37 602.057
internal_count=2946 1188 1758 1327 760 602 428 1112 790 215 431 147 464 197
is_linear=0
shrinkage=0.03


Tree=31
num_leaves=15
num_cat=0
split_feature=17 14 0 14 17 17 17 7 7 14 14 2 12 1
split_gain=64.4101 11.6839 9.81232 8.4089 7.652 6.74197 5.48934 4.23806 4.31691 3.72974 3.64528 3.45249 3.44528 3.22571
threshold=1188.7500000000002 1188.7500000000002 1.8250000000000002 1207.5000000000002 1071.2500000000002 1320.0000000000002 1142.5000000000002 0.45000000000000007 1.2250000000000003 1102.5000000000002 1310.0000000000002 2.5833333333333335 1.5833333333333337 1.1550000000000002
decision_type=2 2 10 2 2 2 2 2 2 2 2 2 8 8
left_child=1 4 3 5 -1 7 10 -2 9 -9 -3 12 -6 -10
right_child=2 6 -4 -5 11 -7 -8 8 13 -11 -12 -13 -14 -15
leaf_value=-0.0039620907097210906 0.0060214199017564682 -0.0044166246801138238 0.0060608649091669778 -0.00045906829939326471 0.00022852120847222202 0.0057819046381843622 -0.0012843874215042676 0.0017589759989784638 5.9825339476583289e-05 -0.0023650235394859606 -0.0079706573117745306 0.0022462148964834906 -0.0023233784885613087 0.0044489513001283194
leaf_weight=768.50499296188354 207.65729451179504 1139.6327998638153 633.82338118553162 912.17698645591736 989.66627025604248 566.94981288909912 403.38023543357849 446.56592655181885 214.6057140827179 352.07281017303467 338.96405005455017 348.10035276412964 916.34785127639771 505.28755855560303
leaf_count=287 63 436 185 313 341 157 148 134 68 114 138 115 317 157
internal_value=-0.000257335 -0.00253517 0.00265256 0.00197691 -0.00137903 0.00294569 -0.00439032 0.00201136 0.00145938 -5.97367e-05 -0.00523621 -0.000497005 -0.000998922 0.00314242
internal_weight=8743.74 4904.6 3839.14 3205.32 3022.62 2293.14 1881.98 1726.19 1518.53 798.639 1478.6 2254.11 1906.01 719.893
internal_count=2973 1782 1191 1006 1060 693 722 536 473 248 574 773 658 225
is_linear=0
shrinkage=0.03


Tree=32
num_leaves=15
num_cat=0
split_feature=15 16 16 15 15 8 16 16 1 15 8 0 16 10
split_gain=38.8696 15.0057 12.1684 8.73437 8.35073 9.51848 6.36374 4.72256 3.96709 3.45499 3.18406 2.95669 2.90531 2.85401
threshold=1112.5000000000002 1172.5000000000002 1290.0000000000002 1036.2500000000002 1270.0000000000002 1.3550000000000002 1052.5000000000002 1162.5000000000002 2.026333333333334 1167.5000000000002 1.3960000000000001 1.7978166666666671 1127.5000000000002 1.5833333333333337
decision_type=2 2 2 2 2 8 2 2 8 2 10 10 2 10
left_child=1 3 4 -1 5 7 -5 13 10 -7 -3 12 -8 -2
right_child=2 8 -4 6 -6 9 11 -9 -10 -11 -12 -13 -14 -15
leaf_value=0.0058569773185480727 -0.0038208022310464093 0.0059284723283128038 0.0027417758573012722 -0.0038567893593344739 -0.0047385390127167061 1.1682795929647885e-05 -0.00055907795857845961 -0.00013438475369474898 0.0072068940943701958 0.0041535754300567026 0.0012546886503063007 0.0032214830660113819 0.0020029448779918385 -0.0011992535584379742
leaf_weight=319.16603136062622 1479.1171250343323 256.12520217895508 511.76862597465515 258.48349857330322 889.33169150352478 754.56474614143372 945.74585247039795 607.6020085811615 543.90818762779236 237.56309294700623 269.23468255996704 468.39001870155334 686.84324717521667 501.60942983627319
leaf_count=95 557 75 156 95 350 254 327 204 149 83 75 151 222 181
internal_value=9.9932e-05 0.0024075 -0.00163632 0.00120725 -0.00213809 -0.00149103 0.000576059 -0.00244843 0.00541034 0.00100663 0.0035402 0.00112301 0.000519352 -0.00315785
internal_weight=8729.45 3747.9 4981.56 2678.63 4469.79 3580.46 2359.46 2588.33 1069.27 992.128 525.36 2100.98 1632.59 1980.73
internal_count=2974 1189 1785 890 1629 1279 795 942 299 337 150 700 549 738
is_linear=0
shrinkage=0.03


Tree=33
num_leaves=15
num_cat=0
split_feature=17 15 15 17 15 18 7 17 17 14 14 0 14 0
split_gain=54.4782 21.7405 10.4244 8.54543 5.48115 5.28473 5.03799 6.32618 4.62707 7.67896 4.32306 3.65877 3.57685 4.99101
threshold=1117.5000000000002 1102.5000000000002 1137.5000000000002 1320.0000000000002 1270.0000000000002 1.0000000180025095e-35 1.4500000000000002 1202.5000000000002 1320.0000000000002 1042.5000000000002 1310.0000000000002 1.5150000000000003 1157.5000000000002 1.2316666666666671
decision_type=2 2 2 2 2 2 2 2 2 2 2 10 2 10
left_child=2 8 5 4 6 12 -3 -8 9 -2 11 -4 13 -1
right_child=1 3 10 -5 -6 -7 7 -9 -10 -11 -12 -13 -14 -15
leaf_value=-0.00092198092992513134 0.0078852693171376272 -0.0010968985232143536 -0.0048657703316379126 0.0036244993845252543 -0.0034858135248315458 -0.0031661030218052321 -0.00037722644970496498 0.0043833901141963607 0.0071894965546203393 0.002633813171374135 -0.0083015752332258608 4.9225904935764517e-05 -0.0034689656541579341 0.0038900590442524558
leaf_weight=573.20862722396851 305.14713025093079 1202.1958487033844 900.62360525131226 582.89285206794739 428.81133103370667 1043.6186308860779 555.79837083816528 457.2190158367157 394.92862272262573 1394.4924418926239 283.24835848808289 160.56635355949402 233.92808294296265 292.00667691230774
leaf_count=205 86 406 353 177 163 372 195 148 101 429 117 61 85 99
internal_value=-2.47364e-05 0.00188499 -0.0029387 0.000339788 -0.000385445 -0.00163821 0.000216013 0.00177365 0.00426426 0.00358072 -0.00500866 -0.00412275 -0.000185934 0.000704679
internal_weight=8808.69 5321.49 3487.2 3226.92 2644.02 2142.76 2215.21 1013.02 2094.57 1699.64 1344.44 1061.19 1099.14 865.215
internal_count=2997 1705 1292 1089 912 761 749 343 616 515 531 414 389 304
is_linear=0
shrinkage=0.03


Tree=34
num_leaves=15
num_cat=0
split_feature=17 15 15 15 17 17 17 14 0 9 9 9 9 5
split_gain=54.839 22.767 15.6601 7.4225 6.36386 4.98239 4.77515 4.11958 4.09675 3.7508 3.13132 3.86457 3.23365 2.97518
threshold=1142.5000000000002 1127.5000000000002 1137.5000000000002 1255.0000000000002 1197.5000000000002 1097.5000000000002 1320.0000000000002 1292.5000000000002 1.5083333333333335 1.4790000000000003 2.1910000000000003 1.9002400000000002 1.6580000000000001 1.0000000180025095e-35
decision_type=2 2 2 2 2 2 2 2 10 10 10 8 10 2
left_child=2 4 5 6 9 13 8 -4 -3 -2 11 12 -6 -1
right_child=1 3 7 -5 10 -7 -8 -9 -10 -11 -12 -13 -14 -15
leaf_value=-0.00032233595086558157 0.0030880362311207625 -0.00050357208054254299 -0.0040469286029462294 -0.0029640697082334144 0.0045043160646424697 0.00067335588547996685 0.0044927605758493007 -0.007710329578016077 0.0039632132806514805 -0.001549475646960534 0.0081063995852927728 0.00078645923870295084 0.008489785482175112 -0.0032149307247209512
leaf_weight=504.30255913734436 621.99286317825317 1104.6629056930542 1164.360625743866 573.42524552345276 1123.8859910964966 938.24458312988281 289.08792400360107 364.21688222885132 220.88367795944214 209.13485193252563 265.68877553939819 210.35511898994446 220.26913738250732 875.93429732322693
leaf_count=181 199 375 454 213 322 322 87 151 74 67 73 60 62 320
internal_value=0.000105113 0.00223018 -0.00256799 -3.50605e-05 0.00409893 -0.00101303 0.00100635 -0.00492428 0.000243181 0.00192065 0.00509196 0.00457187 0.00516325 -0.00215905
internal_weight=8686.45 4839.39 3847.06 2188.06 2651.33 2318.48 1614.63 1528.58 1325.55 831.128 1820.2 1554.51 1344.16 1380.24
internal_count=2960 1532 1428 749 783 823 536 605 449 266 517 444 384 501
is_linear=0
shrinkage=0.03


Tree=35
num_leaves=15
num_cat=0
split_feature=17 1 17 3 17 7 6 7 0 7 0 8 0 0
split_gain=57.3078 10.4431 9.73513 12.7774 7.92422 4.70416 4.41526 4.32383 3.39784 3.36222 2.77335 3.7017 2.44956 2.4134
threshold=1188.7500000000002 1.5730000000000002 1320.0000000000002 0.70833333333333337 1087.5000000000002 0.90000000000000013 2.5833333333333335 1.6333333333333335 1.3149833333333336 0.55000000000000016 1.0216666666666672 0.84310000000000007 1.6266666666666667 2.2783333333333338
decision_type=2 10 2 2 2 2 2 2 10 2 10 10 8 8
left_child=1 4 3 13 6 -6 -1 12 10 -5 11 -7 -4 -2
right_child=2 -3 7 9 5 8 -8 -9 -10 -11 -12 -13 -14 -15
leaf_value=-0.0041769121118471605 -0.001009470068460361 0.00028957673845253913 0.0041176910324092018 0.0060208595714887495 0.00060294551080721447 -0.0018673332275631876 -0.009334737385219876 0.0022866607382090193 -0.0058468927422944544 0.0021341103956333527 0.0009514631553323963 -0.0057319770573759001 0.007975445877090372 -0.0058363980348026465
leaf_weight=1298.8187115192413 183.68326020240784 1084.4513816833496 236.43561196327209 219.13602614402771 503.17052459716797 1109.870808839798 168.85939645767212 314.10872149467468 259.19051647186279 2273.8737316131592 223.29759383201599 278.84011769294739 414.11369252204895 189.36164736747742
leaf_count=501 63 373 66 65 174 410 68 93 93 714 80 105 111 66
internal_value=-0.000170249 -0.00231006 0.00258154 0.00170307 -0.00304371 -0.00197119 -0.00477628 0.00518708 -0.00266334 0.00247803 -0.00214815 -0.00264688 0.00658186 -0.00346872
internal_weight=8757.21 4926.5 3830.71 2866.05 3842.05 2374.37 1467.68 964.658 1871.2 2493.01 1612.01 1388.71 650.549 373.045
internal_count=2982 1804 1178 908 1431 862 569 270 688 779 595 515 177 129
is_linear=0
shrinkage=0.03


Tree=36
num_leaves=15
num_cat=0
split_feature=15 10 9 15 15 15 11 7 12 12 18 9 15 12
split_gain=31.9274 15.4663 11.3838 6.48456 5.91031 5.88726 5.30484 6.74545 4.59418 3.24797 2.98961 3.072 2.91374 2.83441
threshold=1098.7500000000002 1.8333333333333337 1.9967500000000002 1270.0000000000002 1148.7500000000002 1042.5000000000002 1.4500000000000002 1.4500000000000002 0.83333333333333337 0.83333333333333337 1.0000000180025095e-35 1.379 1120.0000000000002 0.83333333333333337
decision_type=2 10 8 2 2 2 10 2 10 10 2 10 2 10
left_child=1 5 3 6 -4 -1 10 8 -8 -3 11 12 -2 -9
right_child=2 9 4 -5 -6 -7 7 13 -10 -11 -12 -13 -14 -15
leaf_value=0.0034667775206513748 0.00089790231574206358 0.0076471916772486671 0.0058801556421554891 -0.0043741922079644979 -0.0005916994987671644 -8.6413605597433381e-05 0.00095348736845656467 -0.00080945807443935397 -0.0034450667754283701 0.0040874611766243216 -0.0034122351521933738 0.0022835329284173816 -0.0027752609800942374 0.00287194978742986
leaf_weight=569.93799686431885 252.54736042022705 356.28483414649963 266.83010673522949 798.63927912712097 241.20128273963928 1583.9481415748596 323.57778310775757 274.75735998153687 626.36541152000427 668.20642518997192 1196.6064028739929 181.46206569671631 836.70399403572083 594.11479043960571
leaf_count=173 88 96 81 319 81 523 103 91 213 195 443 61 314 200
internal_value=-0.000101368 0.00229917 -0.00146576 -0.00189366 0.00281235 0.000854966 -0.00143055 -0.000201069 -0.00194737 0.00533167 -0.00233642 -0.00132147 -0.00192358 0.00170821
internal_weight=8771.18 3178.38 5592.81 5084.77 508.031 2153.89 4286.14 1818.82 949.943 1024.49 2467.32 1270.71 1089.25 868.872
internal_count=2981 987 1994 1832 162 696 1513 607 316 291 906 463 402 291
is_linear=0
shrinkage=0.03


Tree=37
num_leaves=15
num_cat=0
split_feature=15 16 16 14 18 16 1 15 11 16 15 10 1 14
split_gain=29.4716 25.2243 12.1575 8.17134 7.68096 7.48892 5.36676 4.34765 3.89395 2.88983 2.83733 2.90029 2.67515 2.63964
threshold=1187.5000000000002 1210.0000000000002 1047.5000000000002 1047.5000000000002 1.0000000180025095e-35 1127.5000000000002 1.5790000000000002 1071.2500000000002 2.1000000000000005 1162.5000000000002 1091.2500000000002 1.5833333333333337 2.2790000000000004 1117.5000000000002
decision_type=2 2 2 2 2 2 10 2 10 2 2 10 8 2
left_child=1 2 13 12 8 -2 7 -3 9 -5 11 -6 -4 -1
right_child=5 6 3 4 10 -7 -8 -9 -10 -11 -12 -13 -14 -15
leaf_value=-0.002287832216619554 -0.006079542818964727 0.0069623381888335592 0.0062818800685473727 1.7700506807799676e-05 -0.0014949230837828045 -0.0017948760643789786 0.0072765633607235021 0.0021419503202086717 0.0041633496506305991 0.0029614173470193269 -0.0020851111863997647 0.0025126834320278782 0.002087806908248693 -0.0064705376763314372
leaf_weight=264.26328325271606 749.15710687637329 211.02741742134094 203.67480421066284 1681.4982059001923 373.91860437393188 721.36331462860107 385.25643754005432 827.3629093170166 306.69244170188904 364.35674810409546 1646.2182109355927 285.89419841766357 418.47271275520325 282.00599265098572
leaf_count=99 305 54 58 587 127 265 104 242 97 117 585 90 128 111
internal_value=-0.00010938 0.000676141 -0.000198697 0.000242359 -0.000189169 -0.00398035 0.00425448 0.00312733 0.00101667 0.000543153 -0.00141924 0.000242731 0.00346871 -0.00445499
internal_weight=8721.16 7250.64 5827 5280.73 4658.58 1470.52 1423.65 1038.39 2352.55 2045.85 2306.03 659.813 622.148 546.269
internal_count=2969 2399 1999 1789 1603 570 400 296 801 704 802 217 186 210
is_linear=0
shrinkage=0.03


Tree=38
num_leaves=15
num_cat=0
split_feature=17 15 15 17 17 1 17 11 17 15 15 1 15 17
split_gain=48.5913 14.329 14.2807 6.14185 4.61043 4.57329 4.94155 4.24616 3.51352 3.11967 3.10122 2.98628 3.2279 2.87011
threshold=1188.7500000000002 1120.0000000000002 1093.7500000000002 1066.2500000000002 1310.0000000000002 1.4470000000000003 1127.5000000000002 1.9000000000000001 1267.5000000000002 1187.5000000000002 1098.7500000000002 0.8416300000000001 1102.5000000000002 1142.5000000000002
decision_type=2 2 2 2 2 10 2 10 2 2 2 10 2 2
left_child=1 5 8 -3 -4 6 11 9 -2 13 -7 12 -1 -5
right_child=2 3 4 7 -6 10 -8 -9 -10 -11 -12 -13 -14 -15
leaf_value=-0.0024267968988136062 0.003690966609615869 -0.0061454299334699775 0.00065378428403971766 -0.002949166701618829 0.0035258961074796022 0.0026035426240500789 0.0020160880720058423 0.0013625458192667651 0.0067614900795081399 -0.0047385521629499409 -0.0017076935906623215 -0.005121229572038262 0.0016164381652695131 0.00057902147074477225
leaf_weight=616.03506398200989 659.88606142997742 538.85692763328552 1826.8097810745239 838.85336470603943 693.48956990242004 688.95071053504944 351.07649207115173 223.16199564933777 692.23899745941162 617.65275001525879 191.18524742126465 227.60292935371399 248.7818968296051 275.21718692779541
leaf_count=218 189 222 609 317 206 228 116 82 179 251 67 82 90 99
internal_value=0.000278824 -0.00173235 0.00278057 -0.00331123 0.00144516 -3.71887e-05 -0.0010762 -0.00252725 0.0052668 -0.00302902 0.00166617 -0.00207092 -0.00126316 -0.00207783
internal_weight=8689.8 4817.37 3872.42 2493.74 2520.3 2323.63 1443.5 1954.89 1352.13 1731.72 880.136 1092.42 864.817 1114.07
internal_count=2955 1772 1183 971 815 801 506 749 368 667 295 390 308 416
is_linear=0
shrinkage=0.03


Tree=39
num_leaves=15
num_cat=0
split_feature=17 17 3 17 1 7 7 9 18 16 11 16 4 0
split_gain=55.7576 15.1815 11.3702 7.55794 7.0855 4.13677 4.04617 3.79663 2.95379 2.80025 2.72427 2.5847 2.54754 3.86801
threshold=1188.7500000000002 1071.2500000000002 0.77500000000000013 1327.5000000000002 1.5730000000000002 0.55000000000000016 0.90000000000000013 1.4822500000000003 1.0000000180025095e-35 1137.5000000000002 1.3666666666666669 1162.5000000000002 1.0000000180025095e-35 1.4941666666666669
decision_type=2 2 2 2 10 2 2 10 2 2 10 2 2 8
left_child=1 10 -2 5 6 -4 -3 -6 12 -7 -1 -11 13 -8
right_child=2 4 3 -5 7 9 8 -9 -10 11 -12 -13 -14 -15
leaf_value=-0.0041949668602936979 -0.0015801937800032828 0.00038084269373910446 0.0063011940850378964 0.0059191049925335047 0.0028248936204985594 0.0042030286551424222 0.004079028468948853 -0.0015307960228905719 -0.003551496085984597 -0.00013272152344118534 -0.0077677764155174569 0.0023477349625946504 -0.0024350254976644773 -0.0018453445099578184
leaf_weight=1051.5391707420349 479.94329428672791 602.78681302070618 243.11329865455627 790.90870904922485 548.29742026329041 497.67038941383362 165.77906608581543 267.19488978385925 1034.1518023014069 518.13185715675354 236.72078895568848 1396.7666869163513 681.43728041648865 243.77819681167603
leaf_count=414 162 210 71 214 185 158 60 90 387 164 93 428 255 87
internal_value=8.83532e-05 -0.00206931 0.00274325 0.00334558 -0.00105472 0.00257721 -0.00178808 0.00139763 -0.00240317 0.00219949 -0.00485699 0.00167686 -0.00131242 0.000556796
internal_weight=8758.22 4831.69 3926.53 3446.59 3543.43 2655.68 2727.93 815.492 2125.15 2412.57 1288.26 1914.9 1090.99 409.557
internal_count=2978 1781 1197 1035 1274 821 999 275 789 750 507 592 402 147
is_linear=0
shrinkage=0.03


Tree=40
num_leaves=15
num_cat=0
split_feature=17 15 17 14 17 8 15 18 15 12 18 15 13 8
split_gain=49.2241 19.1314 11.3062 8.15186 5.46133 4.37111 4.26464 4.60453 3.96138 5.323 4.34905 3.70968 2.8497 3.27005
threshold=1117.5000000000002 1197.5000000000002 1253.7500000000002 1292.5000000000002 1071.2500000000002 0.60166666666666679 1088.7500000000002 1.0000000180025095e-35 1078.7500000000002 0.83333333333333337 1.0000000180025095e-35 1066.2500000000002 0.90000000000000013 1.1080166666666669
decision_type=2 2 2 2 2 10 2 2 2 10 2 2 10 10
left_child=3 2 11 4 -1 -6 -7 -8 9 -4 -10 -2 -13 -14
right_child=1 -3 8 -5 5 6 7 -9 10 -11 -12 12 13 -15
leaf_value=-0.0040973099146161714 0.0034424913752794926 -0.0025860382963128923 0.0029679806580998891 -0.0076377390152695306 -0.002839113381047453 0.0031740816319317808 0.0014590954808717208 -0.0038641830723989104 0.0049585582779921034 0.0087374224172587778 0.0015392556209777757 -0.0016623196603748047 -0.0002350958748927766 0.0025025660261675489
leaf_weight=1192.0185422897339 490.54158878326416 801.89816856384277 256.75306057929993 306.84475660324097 1002.8522226810455 272.07413005828857 275.02817797660828 310.3188157081604 676.61976265907288 330.91891956329346 664.26865005493164 419.46066117286682 793.87991452217102 775.71266746520996
leaf_count=466 145 297 65 131 368 89 99 114 196 86 200 138 269 256
internal_value=-0.00015169 0.00167393 0.00244928 -0.0029829 -0.0025126 -0.0014955 7.74889e-05 -0.00136479 0.0041715 0.00622609 0.00326706 0.00110864 0.000531625 0.00111862
internal_weight=8569.19 5210.05 4408.16 3359.14 3052.29 1860.27 857.421 585.347 1928.56 587.672 1340.89 2479.59 1989.05 1569.59
internal_count=2919 1652 1355 1267 1136 670 302 213 547 151 396 808 663 525
is_linear=0
shrinkage=0.03


Tree=41
num_leaves=15
num_cat=0
split_feature=15 16 16 16 16 0 13 15 15 9 18 18 3 5
split_gain=26.8705 12.1116 11.3513 5.63954 4.16971 4.03415 3.93741 3.67748 3.62749 3.95054 10.4056 3.04444 2.84573 2.52948
threshold=1098.7500000000002 1112.5000000000002 1277.5000000000002 1290.0000000000002 1052.5000000000002 1.5083333333333335 1.7083333333333337 1187.5000000000002 1270.0000000000002 1.3830000000000002 1.0000000180025095e-35 1.0000000180025095e-35 0.70833333333333337 1.0000000180025095e-35
decision_type=2 2 2 2 2 10 10 2 2 10 2 2 2 2
left_child=2 5 4 8 -1 7 -7 11 9 12 -11 -2 -3 -6
right_child=1 3 -4 -5 13 6 -8 -9 -10 10 -12 -13 -14 -15
leaf_value=-0.0028502934195553005 -0.0014768552860998233 -0.0044693640262359544 0.006474250930399621 0.0021944056582913836 0.0026289881702550007 0.0020972176976596082 -0.0032878692642272973 -0.0060359617742184041 -0.0033946173644272236 0.0045348883680861648 -0.0021042971712216395 -0.0045391767064342252 -0.00085831429599594606 0.00066031706533480972
leaf_weight=204.43230438232422 588.00767540931702 227.69706010818481 437.65716314315796 617.70578861236572 1131.2764973640442 222.29787564277649 269.02423000335693 522.03183770179749 461.91615629196167 416.59524130821228 431.64161777496338 582.57543706893921 1397.5722002983093 1222.4894618988037
leaf_count=75 223 82 107 183 352 81 101 217 182 132 145 223 487 390
internal_value=-0.000287294 -0.00148975 0.00201513 -0.000408802 0.00125004 -0.00324738 -0.000852085 -0.00394176 -0.00095716 -0.000500788 0.00115791 -0.00300348 -0.00136665 0.00160722
internal_weight=8732.92 5737.07 2995.86 3553.13 2558.2 2183.94 491.322 1692.61 2935.42 2473.51 848.237 1170.58 1625.27 2353.77
internal_count=2980 2056 924 1211 817 845 182 663 1028 846 277 446 569 742
is_linear=0
shrinkage=0.03


Tree=42
num_leaves=15
num_cat=0
split_feature=16 16 0 0 2 16 10 7 6 6 8 8 0 12
split_gain=15.307 9.42358 11.0614 6.7063 4.31506 4.41195 4.05097 3.93865 3.46758 3.44359 3.33523 4.90719 2.79811 2.68948
threshold=1088.7500000000002 1290.0000000000002 1.0216666666666672 1.3816666666666668 0.83333333333333337 1162.5000000000002 2.5833333333333335 1.7750000000000001 1.1666666666666667 1.1666666666666667 1.7966666666666666 1.6183333333333334 1.0216666666666672 2.1666666666666674
decision_type=2 2 10 10 2 2 10 2 2 2 10 10 8 10
left_child=3 2 4 7 -2 9 10 -1 -3 -6 11 13 -11 -4
right_child=1 8 6 -5 5 -7 -8 -9 -10 12 -12 -13 -14 -15
leaf_value=-0.0023339801020926185 -0.0026247293486615503 0.0055939531750047412 0.00057256775908041935 0.00022395003907798013 0.00030277693355979033 0.0013987872321999321 0.0047269908126566377 -0.0056677405516686943 0.0018957805012653848 -0.0054747869360684048 -0.00082925360630818547 0.0058161082179644863 -0.0014637074277004767 0.0042083310442630967
leaf_weight=1003.0847072601318 975.53905320167542 389.15654253959656 1080.1092662811279 668.56925010681152 637.46598815917969 894.59323596954346 345.24475955963135 468.66227078437805 553.67809152603149 226.62914395332336 531.03973865509033 244.48514175415039 504.80412125587463 219.60723328590393
leaf_count=384 357 105 355 243 219 283 104 191 156 84 168 77 184 73
internal_value=-6.34083e-05 0.000651346 0.000188499 -0.00226752 -0.000957912 -0.000238691 0.00172236 -0.00339871 0.00342652 -0.00130904 0.00122046 0.00192542 -0.00271229 0.00118965
internal_weight=8742.67 6602.35 5659.52 2140.32 3239.03 2263.49 2420.49 1471.75 942.835 1368.9 2075.24 1544.2 731.433 1299.72
internal_count=2983 2165 1904 818 1127 770 777 575 261 487 673 505 268 428
is_linear=0
shrinkage=0.03


Tree=43
num_leaves=15
num_cat=0
split_feature=17 15 15 17 18 1 1 17 0 17 17 2 17 15
split_gain=49.0116 16.2771 13.786 8.64617 5.23012 7.17896 4.51881 3.55659 3.33209 3.15856 2.8174 2.70199 2.68995 2.69831
threshold=1188.7500000000002 1148.7500000000002 1098.7500000000002 1073.7500000000002 1.0000000180025095e-35 1.8263333333333336 1.7390300000000003 1062.5000000000002 0.98166666666666669 1127.5000000000002 1337.5000000000002 1.1666666666666667 1267.5000000000002 1060.0000000000002
decision_type=2 2 2 2 2 8 10 2 10 2 2 2 2 2
left_child=1 3 12 -1 5 8 9 -3 -4 -5 -6 -11 13 -2
right_child=2 7 4 6 10 -7 -8 -9 -10 11 -12 -13 -14 -15
leaf_value=-0.0031944209674012649 0.0056684780133386108 -0.0073937279836141703 0.0016079315269795849 -0.0014096319790708142 -0.0010536644640185373 -0.00011285867968951938 0.0027783631055373717 -0.0037826019295394376 0.005920970595916967 0.0038699422002531087 0.0024996695052137375 -0.0002757869853050952 0.005987746959494296 0.0018412122292168567
leaf_weight=933.35601925849915 279.79778027534485 300.83216047286987 247.09305286407471 1132.228061914444 953.56501817703247 553.95865869522095 492.03778600692749 1357.9703817367554 468.04837656021118 225.18341660499573 253.34496688842773 377.53808116912842 778.25108957290649 408.52214574813843
leaf_count=354 75 129 81 402 322 177 159 541 143 77 74 127 197 121
internal_value=-6.65842e-06 -0.00203594 0.00247368 -0.000772267 0.00110758 0.00245139 0.000243863 -0.00444156 0.00443507 -0.000476116 -0.000306325 0.00127695 0.00477774 0.00340294
internal_weight=8761.73 4819.15 3942.58 3160.34 2476.01 1269.1 2226.99 1658.8 715.141 1734.95 1206.91 602.721 1466.57 688.32
internal_count=2979 1789 1190 1119 797 401 765 670 224 606 396 204 393 196
is_linear=0
shrinkage=0.03


Tree=44
num_leaves=15
num_cat=0
split_feature=17 15 15 17 0 17 9 0 0 17 11 1 4 9
split_gain=44.017 18.8533 7.38769 5.44121 5.22619 5.10339 4.14759 4.13046 3.8587 3.49379 3.32165 2.95876 2.85673 2.45551
threshold=1127.5000000000002 1098.7500000000002 1120.0000000000002 1320.0000000000002 0.96166666666666689 1253.7500000000002 0.57466666666666677 1.4800000000000002 1.4516666666666669 1042.5000000000002 2.4500000000000006 1.4645700000000004 1.0000000180025095e-35 1.6580000000000001
decision_type=2 2 2 2 10 2 10 10 10 2 8 10 2 10
left_child=2 5 11 4 -3 6 12 9 -8 -4 -7 -1 -2 -5
right_child=1 3 7 13 -6 10 8 -9 -10 -11 -12 -13 -14 -15
leaf_value=-0.002069874804086839 0.0075545633749624745 -0.0013806388472026952 -0.0082733847929240545 0.0047748214058268203 0.0013325281842454877 0.0069728272296442437 -0.002280802167715311 -0.00082497415833389625 0.002768074823631434 -0.0039516823437486109 0.0027954259255918426 0.00050509185602517343 0.0024682086571751567 0.00091874597820611713
leaf_weight=1120.3947262763977 202.76236319541931 1529.2966361045837 191.4613573551178 309.32835817337036 1096.030300617218 622.44109129905701 199.91514492034912 339.01553964614868 422.69821453094482 1414.5921795368195 238.91980814933777 625.18425750732422 196.79704594612122 286.35520315170288
leaf_count=404 61 535 82 90 364 161 61 130 124 570 60 213 60 85
internal_value=-7.01322e-05 0.00173434 -0.0025657 0.00033979 -0.000247861 0.0041177 0.00268002 -0.00383685 0.00114587 -0.00447171 0.00581871 -0.00114788 0.00506177 0.00292579
internal_weight=8795.19 5104.54 3690.65 3221.01 2625.33 1883.53 1022.17 1945.07 622.613 1606.05 861.361 1745.58 399.559 595.684
internal_count=3000 1601 1399 1074 899 527 306 782 185 652 221 617 121 175
is_linear=0
shrinkage=0.03


Tree=45
num_leaves=15
num_cat=0
split_feature=17 15 15 17 0 18 0 15 0 3 15 15 10 0
split_gain=44.0185 17.2933 13.3461 7.02323 5.83641 5.35011 9.17237 4.0228 3.69315 4.86419 5.80293 3.50015 2.96646 2.74507
threshold=1188.7500000000002 1098.7500000000002 1120.0000000000002 1066.2500000000002 1.6416666666666668 1.0000000180025095e-35 0.7316666666666668 1187.5000000000002 1.5783333333333336 1.4500000000000002 1052.5000000000002 1177.5000000000002 1.8333333333333337 2.3566666666666669
decision_type=2 2 2 2 10 2 10 2 8 2 2 2 10 10
left_child=2 8 4 -4 -1 6 7 -3 -2 -10 -11 12 -5 -6
right_child=1 5 3 11 13 -7 -8 -9 9 10 -12 -13 -14 -15
leaf_value=-0.0012671967185763685 0.0025131918773929523 0.0011596500987455685 -0.0064301696917448544 -0.0022405508482306745 0.0033892982404089525 -0.00059764983651693321 0.0046846375947199904 -0.0040083980618221896 0.0093328979083520096 0.0073655123963201549 0.0020351593800946302 -0.0040311538495322553 0.0017516900961621709 -0.00082514976731109103
leaf_weight=1620.0058798789978 401.33173108100891 463.27106118202209 560.55413699150085 893.75311732292175 450.95833277702332 1235.7139687538147 647.79838228225708 190.46539926528931 274.47551298141479 359.45779037475586 377.25571632385254 883.82780957221985 205.30945658683777 200.45076036453247
leaf_count=573 111 144 238 338 150 407 199 69 72 91 103 360 74 65
internal_value=-4.92354e-05 0.0022978 -0.00197465 -0.00346681 -0.000302999 0.00081599 0.00215757 -0.000349877 0.00495705 0.00592355 0.00464241 -0.00262627 -0.00149387 0.00209316
internal_weight=8764.63 3949.77 4814.86 2543.44 2271.41 2537.25 1301.53 653.736 1412.52 1011.19 736.714 1982.89 1099.06 651.409
internal_count=2994 1196 1798 1010 788 819 412 213 377 266 194 772 412 215
is_linear=0
shrinkage=0.03


Tree=46
num_leaves=15
num_cat=0
split_feature=17 15 15 18 1 17 1 17 15 8 1 8 3 15
split_gain=45.925 13.0147 8.05781 6.91469 7.02697 5.21129 4.88936 4.66641 4.42473 3.37107 3.34411 3.15476 2.99941 2.98656
threshold=1142.5000000000002 1112.5000000000002 1120.0000000000002 1.0000000180025095e-35 1.192666666666667 1235.0000000000002 1.4430000000000003 1052.5000000000002 1290.0000000000002 1.5983333333333334 1.7390300000000003 1.7783333333333335 1.6333333333333335 1232.5000000000002
decision_type=2 2 2 2 10 2 10 2 2 10 8 10 2 2
left_child=2 5 6 4 13 11 -1 -4 -9 -6 -5 -2 -8 -3
right_child=1 3 7 10 9 -7 12 8 -10 -11 -12 -13 -14 -15
leaf_value=-0.0021624982390042093 0.0029072936425252674 0.0015811347238078627 -0.0067236694809400871 -0.0023590246237182458 0.0022540224480292188 0.0049965109044336001 -0.0017675312095144311 -0.002350991888402472 -0.0066262248564782503 0.0075081314197006045 0.00064782301173860126 -0.0012645697312935425 0.0025388925394345709 -0.0022655933495568867
leaf_weight=1104.9937360286713 827.13926029205322 695.34751653671265 378.85557556152344 720.36799693107605 201.01621317863464 1203.1225082874298 217.19432306289673 1382.2387173175812 258.31699705123901 244.69193911552429 617.50506472587585 202.54285407066345 436.86991238594055 244.79686236381531
leaf_count=400 251 224 162 249 65 313 76 541 113 73 209 61 146 92
internal_value=5.95042e-05 0.0019586 -0.00243155 0.000566346 0.00205082 0.00365594 -0.000946372 -0.00372414 -0.00302778 0.00514886 -0.000971745 0.00208624 0.00110835 0.000578172
internal_weight=8735 4956.53 3778.47 2723.73 1385.85 2232.8 1759.06 2019.41 1640.56 445.708 1337.87 1029.68 654.064 940.144
internal_count=2975 1537 1438 912 454 625 622 816 654 138 458 312 222 316
is_linear=0
shrinkage=0.03


Tree=47
num_leaves=15
num_cat=0
split_feature=17 1 7 17 7 17 5 11 17 16 13 12 12 1
split_gain=35.0691 9.02061 6.60278 4.59928 4.34869 5.74851 3.22637 3.32427 3.09398 2.64562 2.49468 2.31581 3.90506 1.90019
threshold=1188.7500000000002 1.4281700000000004 1.7083333333333337 1117.5000000000002 0.45000000000000007 1327.5000000000002 0.36666666666666675 1.2250000000000003 1062.5000000000002 1255.0000000000002 1.7083333333333337 1.8333333333333337 1.5833333333333337 1.1650000000000003
decision_type=2 10 2 2 2 2 2 8 2 2 10 8 10 10
left_child=1 2 3 11 -2 6 9 -8 -4 -6 -3 12 -1 -9
right_child=4 10 8 -5 5 -7 7 13 -10 -11 -12 -13 -14 -15
leaf_value=-0.0026581754572919665 0.0055131130993161977 0.001446958634886662 -0.0083051348948111111 0.00044332306476039819 0.0024421458734368473 0.0038471531515281484 0.0026135696378819513 -0.0021422531354773917 -0.0038572037028772976 -0.00048121805433204944 -0.0011261755143769309 -0.0040313758381406526 0.0017481303734969667 0.0012823645734852556
leaf_weight=831.14137816429138 293.69374942779541 726.76069259643555 165.08420634269714 641.39444875717163 1364.9342851638794 868.83984088897705 265.39616560935974 574.04677653312683 967.70953726768494 349.63665270805359 634.00500869750977 602.23826766014099 230.58533430099487 194.60645818710327
leaf_count=316 83 248 72 226 418 232 89 191 384 101 225 234 89 61
internal_value=-0.000100886 -0.00181923 -0.0026373 -0.00171449 0.00200742 0.00172136 0.00104824 -0.000275168 -0.00451216 0.00184608 0.000248143 -0.00254601 -0.00170047 -0.00127467
internal_weight=8710.07 4798.92 3438.15 2305.36 3911.15 3617.46 2748.62 1034.05 1132.79 1714.57 1360.77 1663.96 1061.73 768.653
internal_count=2969 1794 1321 865 1175 1092 860 341 456 519 473 639 405 252
is_linear=0
shrinkage=0.03


Tree=48
num_leaves=15
num_cat=0
split_feature=17 3 14 17 17 17 14 18 11 8 18 11 5 1
split_gain=39.9877 10.4205 7.71524 6.55131 4.68594 4.58119 5.19103 4.37202 4.41543 3.95156 3.3963 3.76724 3.38359 3.1355
threshold=1188.7500000000002 0.70833333333333337 1292.5000000000002 1071.2500000000002 1112.5000000000002 1337.5000000000002 1047.5000000000002 1.0000000180025095e-35 1.5500000000000003 1.3273333333333335 1.0000000180025095e-35 1.9000000000000001 1.0000000180025095e-35 1.5790000000000002
decision_type=2 2 2 2 2 2 2 2 10 10 2 10 2 10
left_child=2 -2 3 -1 -4 6 -3 8 -8 -10 11 13 -7 -5
right_child=1 5 4 10 -6 12 7 -9 9 -11 -12 -13 -14 -15
leaf_value=-0.0033479502394565294 -0.0018365366925403796 0.0055807730537823586 -0.0076195969738335262 -0.0011248039333732742 -0.001309080283643534 0.0078819719378709005 0.0056031545160621149 0.00044303082681285854 -0.00047257497894205466 0.0037248307255305689 -0.0017014484371626699 0.0041829831521475831 0.0034669106760549726 0.0021424984166285204
leaf_weight=1166.5631384849548 487.08564400672913 373.29305791854858 310.19941234588623 1021.6637597084045 161.26228070259094 243.2937707901001 400.6883373260498 1142.0393204689026 380.62243151664734 428.31640982627869 1571.0463435649872 193.17150115966797 442.51389718055725 355.50686860084534
leaf_count=468 164 94 138 370 66 60 123 362 118 127 565 66 118 117
internal_value=1.03608e-05 0.00226516 -0.00182863 -0.00142911 -0.00546844 0.00285128 0.00229818 0.00177497 0.00303108 0.00175172 -0.000715704 0.000270937 0.00504237 -0.00028043
internal_weight=8677.27 3897.85 4779.41 4307.95 471.462 3410.77 2724.96 2351.67 1209.63 808.939 3141.39 1570.34 685.808 1377.17
internal_count=2956 1166 1790 1586 204 1002 824 730 368 245 1118 553 178 487
is_linear=0
shrinkage=0.03


Tree=49
num_leaves=15
num_cat=0
split_feature=17 17 14 5 17 14 18 10 14 14 5 10 18 2
split_gain=40.6951 10.1659 8.17579 6.87149 5.29431 4.19332 3.54175 3.06681 4.14711 2.77909 2.8992 2.37198 2.14796 2.11718
threshold=1112.5000000000002 1242.5000000000002 1292.5000000000002 0.29166666666666669 1071.2500000000002 1057.5000000000002 1.0000000180025095e-35 1.8333333333333337 1162.5000000000002 1207.5000000000002 0.29166666666666669 0.83333333333333337 1.0000000180025095e-35 0.83333333333333337
decision_type=2 2 2 2 2 2 2 10 2 2 2 8 2 2
left_child=2 3 4 5 -1 -2 9 8 11 10 -3 -6 -13 -8
right_child=1 6 -4 -5 7 -7 13 -9 -10 -11 -12 12 -14 -15
leaf_value=-0.0039036464230678561 0.0046403536307548969 0.0036166408783594645 -0.0075389946817435083 -0.0015536463684789992 0.0011195192003198161 0.00077261495570227006 -0.00077946040944685613 0.002014618775925819 -0.0038707186205592116 0.001566151866916547 0.0071576857540169422 7.9360811047235623e-05 -0.0036972792282818673 0.0023281245732120533
leaf_weight=1149.1726372241974 299.18035364151001 639.85391521453857 298.63691592216492 1148.9548807144165 417.60927486419678 1585.1277260780334 246.54732584953308 221.61458992958069 536.3159761428833 326.07677984237671 311.16599988937378 260.39537215232849 281.57307863235474 978.6358687877655
leaf_count=463 86 169 134 402 148 531 77 79 209 105 85 90 100 282
internal_value=-0.000109354 0.00144204 -0.00282205 0.000274131 -0.0023282 0.00138885 0.00285711 -0.00127243 -0.00176042 0.00396244 0.00478154 -0.000578158 -0.00188594 0.00170265
internal_weight=8700.86 5535.54 3165.32 3033.26 2866.68 1884.31 2502.28 1717.51 1495.89 1277.1 951.02 959.578 541.968 1225.18
internal_count=2960 1737 1223 1019 1089 617 718 626 547 359 254 338 190 359
is_linear=0
shrinkage=0.03


Tree=50
num_leaves=15
num_cat=0
split_feature=16 15 16 15 11 6 14 13 8 15 3 16 5 7
split_gain=17.6697 12.7887 9.12461 5.02613 5.14788 8.92299 4.24827 3.44586 3.2039 3.06193 2.7634 2.4157 2.65352 3.34997
threshold=1210.0000000000002 1112.5000000000002 1066.2500000000002 1270.0000000000002 1.5500000000000003 1.4166666666666667 1207.5000000000002 0.63333333333333341 1.4483333333333335 1036.2500000000002 1.2250000000000003 1132.5000000000002 1.0000000180025095e-35 1.3666666666666669
decision_type=2 2 2 2 8 2 2 10 10 2 2 2 2 2
left_child=1 2 -1 4 -3 -6 -2 -4 -8 -9 -7 12 -11 -14
right_child=6 3 7 -5 5 10 8 9 -10 11 -12 -13 13 -15
leaf_value=-0.0035061524444128765 0.0033984321912572031 -0.0023617299787161918 -0.0022468547038564934 -0.004092508224566054 -0.0024517342734237967 0.00067336803330650776 -0.0028495629638719405 0.004499533620759096 0.0025688216559947648 0.0019657364207565603 0.0046830348911490478 0.0024559610054312843 0.00096357013580775357 -0.0031693368124776091
leaf_weight=411.14379644393921 1319.7755298614502 1960.1704387664795 225.46150517463684 780.56943845748901 612.45050644874573 314.00356531143188 196.94972825050354 292.07987594604492 193.94007396697998 547.81903290748596 304.65454483032227 857.32139134407043 412.26802349090576 307.22212171554565
leaf_count=153 351 752 70 329 213 110 65 80 60 180 104 263 141 106
internal_value=-0.000147941 -0.000813787 0.000645987 -0.00193585 -0.00140723 0.00011321 0.00258535 0.00129318 -0.000161535 0.00162423 0.00265228 0.00122702 0.000394373 -0.00080313
internal_weight=8735.83 7025.16 3053.32 3971.85 3191.28 1231.11 1710.67 2642.17 390.89 2416.71 618.658 2124.63 1267.31 719.49
internal_count=2977 2501 993 1508 1179 427 476 840 125 770 214 690 427 247
is_linear=0
shrinkage=0.03


Tree=51
num_leaves=15
num_cat=0
split_feature=16 14 0 16 14 5 16 7 18 5 0 3 3 1
split_gain=24.2431 12.9664 6.58806 6.17984 5.72997 5.67264 5.24307 4.23464 3.88184 4.77658 2.86602 2.77176 2.83213 2.54185
threshold=1210.0000000000002 1191.2500000000002 1.0216666666666672 1078.7500000000002 1212.5000000000002 1.0000000180025095e-35 1162.5000000000002 2.5500000000000003 1.0000000180025095e-35 0.22500000000000003 1.8415666666666668 1.6333333333333335 1.2916666666666667 1.192666666666667
decision_type=2 2 10 2 2 2 2 2 2 2 8 2 2 10
left_child=1 3 6 -1 8 13 7 -3 9 -2 -10 12 -4 -5
right_child=4 2 11 5 -6 -7 -8 -9 10 -11 -12 -13 -14 -15
leaf_value=-0.0019877039418511886 0.0037019368499597608 -0.0038937999731913364 -0.0011195216463418299 0.00069207579603653682 -0.00034117667445551271 -0.00023039903910806629 5.6180964191495855e-06 -0.0084290910240712065 -0.00012429573795124348 0.0089189785065786602 0.0038802434029073219 -0.0033204096730959916 0.0029480470081920617 0.0034911671614651541
leaf_weight=1041.2190945148468 465.94262838363647 990.01565337181091 442.08905267715454 504.13675427436829 354.50711584091187 2290.8477306365967 251.62381887435913 228.55938482284546 266.02952980995178 240.21464061737061 405.59164142608643 264.60057616233826 235.18685245513916 694.80118751525879
leaf_count=394 119 406 166 166 115 768 92 97 74 63 107 94 84 212
internal_value=-0.000114307 -0.00090652 -0.0026829 3.95164e-05 0.00305961 0.000644758 -0.00393718 -0.00475067 0.00393425 0.00548673 0.00229622 -0.000722958 0.000295222 0.00231575
internal_weight=8675.37 6943.08 2412.08 4531 1732.29 3489.79 1470.2 1218.58 1377.78 706.157 671.621 941.876 677.276 1198.94
internal_count=2957 2479 939 1540 478 1146 595 503 363 182 181 344 250 378
is_linear=0
shrinkage=0.03


Tree=52
num_leaves=15
num_cat=0
split_feature=16 15 15 11 16 15 16 5 15 10 10 15 0 15
split_gain=23.3874 14.3078 7.99714 6.75244 5.1637 5.11253 3.74648 3.62677 3.05819 2.50574 2.63157 2.86542 2.37747 2.19802
threshold=1210.0000000000002 1112.5000000000002 1132.5000000000002 1.7750000000000001 1047.5000000000002 1036.2500000000002 1312.5000000000002 0.36666666666666675 1290.0000000000002 0.41666666666666669 1.5833333333333337 1096.2500000000002 1.7916666666666672 1078.7500000000002
decision_type=2 2 2 10 2 2 2 2 2 8 10 2 8 2
left_child=1 4 13 8 -1 -6 -4 -5 -3 -7 12 -12 -11 -2
right_child=2 3 6 7 5 9 -8 -9 -10 10 11 -13 -14 -15
leaf_value=-0.0034589201818609524 0.006099677774481835 -0.0023820832022023565 -0.0016413420982937135 0.0015786502661247442 0.0045659821327152846 0.0034560399217679642 0.0028768385672893683 -0.0019912731125370721 -0.0051563597395312844 -0.0021610620609926272 0.002407177907725717 -0.0013880816600284592 0.00050115310195393927 0.0033970451219752186
leaf_weight=244.21252584457397 482.63018393516541 2440.3692183494568 362.21807098388672 589.84570527076721 332.6955726146698 248.26432871818542 301.95808911323547 451.09733986854553 419.36892986297607 525.43183875083923 717.58344554901123 237.71371626853943 707.16944932937622 629.50817704200745
leaf_count=93 115 936 117 204 91 85 90 164 183 181 219 77 233 168
internal_value=-4.95659e-05 -0.000838502 0.00301986 -0.00203774 0.000714183 0.00108337 0.00041402 3.11816e-05 -0.00279058 0.000606082 0.000281262 0.00146231 -0.000634525 0.00457432
internal_weight=8690.07 6913.75 1776.31 3900.68 3013.07 2768.86 664.176 1040.94 2859.74 2436.16 2187.9 955.297 1232.6 1112.14
internal_count=2956 2466 490 1487 979 886 207 368 1119 795 710 296 414 283
is_linear=0
shrinkage=0.03


Tree=53
num_leaves=15
num_cat=0
split_feature=17 15 15 18 0 17 14 9 9 11 15 8 15 14
split_gain=35.0294 16.6515 10.2045 5.27873 4.83802 4.48873 3.91877 3.7278 3.44465 4.46811 3.01856 3.01373 2.89388 5.74358
threshold=1127.5000000000002 1102.5000000000002 1137.5000000000002 1.0000000180025095e-35 1.7233333333333338 1253.7500000000002 1310.0000000000002 1.2563333333333335 1.167 1.7750000000000001 1255.0000000000002 1.8550000000000002 1132.5000000000002 1157.5000000000002
decision_type=2 2 2 2 8 2 2 8 10 10 2 8 2 2
left_child=2 4 3 -1 8 12 7 -4 -2 -10 11 -7 13 -3
right_child=1 5 6 -5 -6 10 -8 -9 9 -11 -12 -13 -14 -15
leaf_value=0.00052112816319377624 0.0046335244431514652 -0.0016527877387295024 -0.0041609449936887734 -0.0024647557713493159 0.0049153454621830529 0.0012997150493973557 -0.0072323987627702195 0.00074879800803310224 -0.0024053969721622359 0.003163912247401333 -0.0016444957892745836 0.0049301232033634136 -0.0015343679046718663 0.0046504980029326388
leaf_weight=1085.6617431640625 273.17309093475342 294.58060598373413 883.3474702835083 1045.0149018764496 1253.4802522659302 775.97626209259033 310.13472557067871 164.84675550460815 249.94915747642517 267.24489903450012 212.90508127212524 279.66303849220276 1223.6249613761902 231.49868416786194
leaf_count=391 79 98 370 383 336 235 141 64 74 72 77 80 442 76
internal_value=7.24334e-05 0.0016664 -0.00224002 -0.000943802 0.00375659 0.000250215 -0.00427107 -0.00338882 0.00191499 0.000472933 0.00160828 0.00226525 -0.000734746 0.0011245
internal_weight=8551.1 5062.1 3489.01 2130.68 2043.85 3018.25 1358.33 1048.19 790.367 517.194 1268.54 1055.64 1749.7 526.079
internal_count=2918 1569 1349 774 561 1008 575 434 225 146 392 315 616 174
is_linear=0
shrinkage=0.03


Tree=54
num_leaves=15
num_cat=0
split_feature=17 15 15 17 3 0 17 7 15 15 5 14 0 15
split_gain=31.8357 12.1332 11.3338 5.28053 3.16953 2.96366 2.85825 2.53854 3.19316 3.86348 2.38536 3.02503 3.4374 2.50969
threshold=1188.7500000000002 1152.5000000000002 1127.5000000000002 1071.2500000000002 1.9000000000000001 1.9450000000000001 1097.5000000000002 1.2250000000000003 1262.5000000000002 1167.5000000000002 0.36666666666666675 1073.7500000000002 1.425 1102.5000000000002
decision_type=2 2 2 2 2 10 2 2 2 2 2 2 8 2
left_child=1 3 5 4 -1 10 -3 -4 9 -9 11 -2 -13 -14
right_child=2 6 7 -5 -6 -7 -8 8 -10 -11 -12 12 13 -15
leaf_value=-0.0040178669414874914 0.0039512695930084881 -0.0052721363638958268 -0.0014738307453524488 4.9293012486595298e-05 -1.539220362567697e-05 0.0057589375805438435 -0.0026643786720493587 0.00034108181377322944 -0.0017160216267313123 0.0044609237624331213 0.0045778560849576771 0.00359657355658651 0.0015831517059428028 -0.0027906827060883632
leaf_weight=554.61292600631714 509.10583686828613 714.28261613845825 572.23102355003357 2448.6728310585022 262.05964660644531 394.75430822372437 811.9445652961731 551.2078754901886 298.27446413040161 325.20828723907471 526.58297824859619 277.19079947471619 234.7239077091217 235.63391399383545
leaf_count=222 129 311 187 847 101 102 326 174 112 102 147 78 63 70
internal_value=-3.95028e-05 -0.00168025 0.00196346 -0.00064772 -0.00273511 0.00340673 -0.00388748 0.000163126 0.000961118 0.00187316 0.00288309 0.00216985 0.000952978 -0.000609268
internal_weight=8716.49 4791.57 3924.91 3265.35 816.673 2177.99 1526.23 1746.92 1174.69 876.416 1783.24 1256.65 747.549 470.358
internal_count=2971 1807 1164 1170 323 589 637 575 388 276 487 340 211 133
is_linear=0
shrinkage=0.03


Tree=55
num_leaves=15
num_cat=0
split_feature=17 15 0 17 15 17 15 17 1 11 10 0 15 0
split_gain=36.4674 11.2573 8.77926 6.24694 4.01338 4.05574 3.51967 3.46351 6.04498 3.21967 2.9593 2.7165 2.63197 2.43637
threshold=1127.5000000000002 1098.7500000000002 1.4700000000000004 1261.2500000000002 1210.0000000000002 1077.5000000000002 1060.0000000000002 1235.0000000000002 0.67825333333333349 2.4500000000000006 1.8333333333333337 0.96166666666666689 1187.5000000000002 1.1716666666666671
decision_type=2 2 10 2 2 2 2 2 10 8 10 10 2 10
left_child=2 7 4 11 5 -1 -4 8 -2 -9 -7 -3 -5 -13
right_child=1 3 6 12 -6 10 -8 9 -10 -11 -12 13 -14 -15
leaf_value=-0.0044788999182492246 0.0046576041886586175 -0.0019263159491392015 0.0038398910128007685 0.0025533838199783402 -0.0060324583167329976 -0.002395256674056356 -0.00093148570133957541 0.0055053999598757243 -0.00017497622343917873 0.0016378415389292952 0.0019047370592096386 0.0034194614242232129 -0.00068857836030822045 -0.0004464544079097465
leaf_weight=893.05914831161499 406.30406737327576 980.77926540374756 172.71080684661865 1039.9120943546295 450.75996041297913 1137.5820841789246 698.18704104423523 705.5101420879364 544.07402920722961 268.41576194763184 164.14990162849426 184.8870849609375 287.1908016204834 695.47945761680603
leaf_count=364 120 356 54 304 204 425 259 175 161 65 59 64 100 232
internal_value=-0.00024346 0.00137389 -0.00259464 0.000279965 -0.0034544 -0.00292242 1.80616e-05 0.00318525 0.00189376 0.00444227 -0.00185198 -0.00084125 0.00185182 0.000368391
internal_weight=8629 5112.55 3516.45 3188.25 2645.55 2194.79 870.898 1924.3 950.378 973.926 1301.73 1861.15 1327.1 880.367
internal_count=2942 1577 1365 1056 1052 848 313 521 281 240 484 652 404 296
is_linear=0
shrinkage=0.03


Tree=56
num_leaves=15
num_cat=0
split_feature=15 11 11 15 9 1 14 8 18 13 15 0 11 4
split_gain=21.6898 7.44247 5.00241 4.50217 4.993 3.39232 3.20477 4.59047 3.58294 2.87514 2.78794 2.56448 2.407 2.40048
threshold=1132.5000000000002 1.1000000000000003 1.9000000000000001 1042.5000000000002 2.1810000000000009 1.4510000000000003 1337.5000000000002 1.3666666666666669 1.0000000180025095e-35 1.7083333333333337 1270.0000000000002 0.98833333333333384 2.4500000000000006 1.0000000180025095e-35
decision_type=2 10 8 2 10 10 2 10 2 10 2 8 10 2
left_child=1 5 6 -3 9 -1 7 -2 -9 11 -4 -5 -13 -11
right_child=2 3 10 4 -6 -7 -8 8 -10 13 -12 12 -14 -15
leaf_value=-0.001356359637542992 -0.0027253160787589423 0.0045075243756346889 0.0010398684882509293 0.0044450350934035132 0.0049230658178875605 0.0016661308091239998 -0.0050459531428647102 0.0032572355752169989 -0.0020322605945241046 0.0011627969919623606 -0.0028732997994052583 0.0017285030962773068 -0.0016839130620225262 -0.0023081077209726611
leaf_weight=1085.6760792732239 1713.1374444961548 564.05284404754639 705.82031297683716 271.1919047832489 356.95529007911682 481.67611861228943 365.93485164642334 232.81688666343689 226.34781765937805 379.12217926979065 212.31023192405701 1513.7842769622803 211.27279233932495 338.56186175346375
leaf_count=387 677 149 228 82 96 161 161 80 83 124 81 465 59 116
internal_value=7.70339e-05 0.00130082 -0.00176476 0.00204576 0.00159226 -0.000427023 -0.00245095 -0.00201169 0.000650999 0.00115252 0.000132839 0.00173777 0.00130984 -0.000475509
internal_weight=8658.66 5202.29 3456.37 3634.94 3070.89 1567.35 2538.24 2172.3 459.165 2713.93 918.131 1996.25 1725.06 717.684
internal_count=2949 1639 1310 1091 942 548 1001 840 163 846 309 606 524 240
is_linear=0
shrinkage=0.03


Tree=57
num_leaves=15
num_cat=0
split_feature=17 15 17 14 15 18 12 17 17 1 17 17 9 18
split_gain=32.5958 16.0686 8.28516 8.04777 5.1442 4.39346 3.58082 3.54743 3.2376 3.16528 3.02472 3.19238 2.97596 2.82017
threshold=1117.5000000000002 1197.5000000000002 1347.5000000000002 1191.2500000000002 1088.7500000000002 1.0000000180025095e-35 0.83333333333333337 1052.5000000000002 1068.7500000000002 1.3850000000000002 1191.2500000000002 1212.5000000000002 1.0630000000000002 1.0000000180025095e-35
decision_type=2 2 2 2 2 2 10 2 2 10 2 2 10 2
left_child=3 2 4 7 -2 10 -7 -1 -5 -9 12 -12 -6 -11
right_child=1 -3 -4 8 5 6 -8 9 -10 13 11 -13 -14 -15
leaf_value=-0.0039376024551277273 0.0029958106480962128 -0.0026404819668272108 0.0062358373050886663 -0.0070977762729211875 0.0023500436480255057 0.001945421979927632 -0.0014670232573797133 -0.00167441984244224 -0.0035015785074910813 0.0030977322370892187 0.006220593133797441 0.0020171342350398698 -0.0028608764780044048 -0.0011731698129868818
leaf_weight=397.2586522102356 1569.1289396286011 776.09371113777161 384.4040961265564 316.30339169502258 203.37028956413269 398.8637478351593 898.06297755241394 1184.4142360687256 795.32440900802612 291.57084321975708 209.95110511779785 718.19113755226135 189.65863990783691 264.5781238079071
leaf_count=160 432 295 95 142 73 127 301 444 333 98 65 210 64 92
internal_value=-9.15209e-05 0.00134835 0.00202594 -0.00246085 0.00163805 0.000823464 -0.000416851 -0.00138316 -0.0045303 -0.000798216 0.00204041 0.00297365 -0.000165398 0.00106747
internal_weight=8597.17 5347.72 4571.63 3249.45 4187.23 2618.1 1296.93 2137.82 1111.63 1740.56 1321.17 928.142 393.029 556.149
internal_count=2931 1662 1367 1269 1272 840 428 794 475 634 412 275 137 190
is_linear=0
shrinkage=0.03


Tree=58
num_leaves=15
num_cat=0
split_feature=17 15 14 9 0 17 17 1 7 14 10 0 13 17
split_gain=35.1608 10.8212 9.19785 4.41715 3.33731 3.02579 2.723 2.82793 2.68495 3.25136 2.74918 2.68942 2.20625 2.19813
threshold=1132.5000000000002 1098.7500000000002 1202.5000000000002 1.3443800000000004 1.1004000000000003 1327.5000000000002 1197.5000000000002 2.4590000000000005 1.3666666666666669 1202.5000000000002 1.5833333333333337 1.6266666666666667 1.3666666666666669 1097.5000000000002
decision_type=2 2 2 8 10 2 2 8 2 2 10 8 10 2
left_child=2 6 3 13 -4 8 7 -2 11 10 -10 12 -3 -1
right_child=1 5 4 -5 -6 -7 -8 -9 9 -11 -12 -13 -14 -15
leaf_value=-0.0025902067397798175 0.00027605546433957405 -0.0015146266963492409 -0.0059093626466366535 0.0014284048789194937 -0.0021031804510802735 0.0025308205682066072 0.004197398873065355 0.0045532487380829266 0.0043581808225021659 -0.00031514060834750344 0.00073204573909504229 -0.0024170656879157685 0.0030271390404940203 -0.00060944379896806173
leaf_weight=1372.5608637332916 399.35929083824158 186.17105412483215 668.19960951805115 440.92781233787537 302.64097166061401 585.10712671279907 1302.2182400226593 212.61053991317749 333.18074607849121 944.30941557884216 431.82588529586792 574.69018173217773 197.32398533821106 797.90855526924133
leaf_count=533 121 61 298 155 122 164 327 63 111 341 137 193 66 284
internal_value=4.92278e-05 0.00163268 -0.00223446 -0.00130663 -0.00472624 0.000579072 0.00342174 0.00176704 0.000150175 0.000862626 0.00231495 -0.00112035 0.000824094 -0.00186265
internal_weight=8749.03 5166.8 3582.24 2611.4 970.841 3252.61 1914.19 611.97 2667.5 1709.32 765.007 958.185 383.495 2170.47
internal_count=2976 1584 1392 972 420 1073 511 184 909 589 248 320 127 817
is_linear=0
shrinkage=0.03


Tree=59
num_leaves=15
num_cat=0
split_feature=17 15 15 17 1 5 17 17 0 13 13 1 10 6
split_gain=32.3904 10.1958 7.90671 4.90246 4.68361 3.27988 3.64796 3.19904 3.16094 2.97886 2.59146 2.52591 3.58575 3.47241
threshold=1188.7500000000002 1127.5000000000002 1148.7500000000002 1097.5000000000002 1.3310000000000002 0.29166666666666669 1272.5000000000002 1197.5000000000002 1.9048833333333337 0.90000000000000013 1.7083333333333337 1.0098300000000002 1.5833333333333337 2.1666666666666674
decision_type=2 2 2 2 10 2 2 2 10 10 10 8 8 2
left_child=2 7 3 8 5 -3 -7 -2 -1 -5 -11 13 -13 -4
right_child=1 4 11 9 -6 6 -8 -9 -10 10 -12 12 -14 -15
leaf_value=-0.0027238439743397609 0.00033143644670250404 0.0010910169847678779 -0.0032242274597467937 -0.0029448459603603197 0.0031164187241660606 -0.0035703317729201475 0.00069511249593869984 0.0037570371226550115 0.0012466492948401708 0.0018885541419477651 -0.00063860441030264838 -0.0036999037687629114 -9.0481757102445288e-05 -0.0092491916591470706
leaf_weight=1143.6709070205688 279.70778131484985 611.61850333213806 226.4327187538147 218.60683917999268 409.50886344909668 450.55777454376221 300.09641599655151 2008.4188632965088 213.62170743942261 845.2291042804718 641.74680304527283 895.16060566902161 342.40994071960449 139.73049771785736
leaf_count=440 81 200 97 75 127 163 96 528 75 284 220 383 138 62
internal_value=5.68538e-05 0.00201612 -0.00164776 -0.00075374 0.000307302 -0.000538805 -0.00186644 0.00333861 -0.00209848 0.000316996 0.000798191 -0.00335365 -0.00270213 -0.00554233
internal_weight=8726.52 4059.91 4666.61 3062.88 1771.78 1362.27 750.654 2288.13 1357.29 1705.58 1486.98 1603.73 1237.57 366.163
internal_count=2969 1195 1774 1094 586 459 259 609 515 579 504 680 521 159
is_linear=0
shrinkage=0.03


Tree=60
num_leaves=15
num_cat=0
split_feature=15 16 16 16 0 18 9 10 1 15 13 7 15 1
split_gain=20.1743 11.3034 7.97501 6.21647 6.00585 4.28465 4.40122 3.32798 4.38837 2.95537 2.88387 2.48895 2.41367 2.13348
threshold=1098.7500000000002 1112.5000000000002 1277.5000000000002 1312.5000000000002 1.425 1.0000000180025095e-35 1.3830000000000002 1.1666666666666667 1.4470000000000003 1137.5000000000002 1.9000000000000001 0.70833333333333337 1270.0000000000002 2.3490000000000006
decision_type=2 2 2 2 10 2 10 10 10 2 10 2 2 8
left_child=2 4 7 5 9 6 -3 8 -1 -2 -6 -9 -7 -13
right_child=1 3 -4 -5 10 12 -8 11 -10 -11 -12 13 -14 -15
leaf_value=-0.0013237841446808634 -0.0020110158037045319 -0.00058244947930899816 0.0054872115373685564 0.0030331387142935413 0.0020829954787968249 -0.0011669182488994222 0.0028095125298891075 0.0045155146419539908 0.0024895642777547368 -0.0048045932934768611 -0.0025746533511045513 0.0025326256964248923 -0.0044832715414495228 -0.00010213711688579357
leaf_weight=725.02482295036316 533.27031588554382 1014.3535602092743 486.85918235778809 510.12888312339783 271.95324897766113 1254.2143549919128 519.97251152992249 335.10841989517212 432.93592977523804 954.60588908195496 212.00962710380554 774.37316560745239 233.76378440856934 429.86960101127625
leaf_count=248 207 359 109 142 101 437 166 98 136 410 83 231 96 127
internal_value=5.67818e-05 -0.00104268 0.00195708 -2.67816e-05 -0.00286166 -0.000544092 0.000568144 0.0013181 0.00010286 -0.00380537 4.15175e-05 0.00223159 -0.00169058 0.00159281
internal_weight=8688.44 5504.27 3184.17 3532.43 1971.84 3022.3 1534.33 2697.31 1157.96 1487.88 483.963 1539.35 1487.98 1204.24
internal_count=2950 2001 949 1200 801 1058 525 840 384 617 184 456 533 358
is_linear=0
shrinkage=0.03


Tree=61
num_leaves=15
num_cat=0
split_feature=15 9 11 9 3 11 15 3 12 4 13 1 0 7
split_gain=15.0248 6.63687 5.14634 4.30194 3.85336 3.73044 4.16497 3.44518 2.49073 4.86632 2.38183 2.11347 2.06373 4.32803
threshold=1098.7500000000002 1.9967500000000002 1.9000000000000001 2.2120000000000002 1.2916666666666667 2.5500000000000003 1270.0000000000002 2.2250000000000005 1.8333333333333337 0.58333333333333337 1.7750000000000001 0.81278000000000017 1.5483333333333336 1.2916666666666667
decision_type=2 8 10 10 2 10 2 2 10 2 10 10 10 2
left_child=2 5 7 -3 -4 6 8 12 -2 -10 -9 -8 -1 -14
right_child=1 3 4 -5 -6 -7 11 10 9 -11 -12 -13 13 -15
leaf_value=-0.000495575473700804 -0.00057273932591069237 0.0048975745446363534 0.006749965108715855 -0.00044942209750648644 0.0023924654793539462 0.0018164608854118959 -0.0047255177596475387 0.0046790072593777985 -0.003084515064318965 0.0016816070283405301 0.00068925537841583995 -0.0012776849167923975 0.0039689462606489062 -0.0016293670247448696
leaf_weight=1160.2912497520447 2726.7758605480194 272.54690384864807 244.98182678222656 267.88570785522461 718.19490313529968 333.74278259277344 475.2955048084259 309.31476330757141 1021.1664712429047 236.94306325912476 238.61904263496399 242.38679790496826 316.2234308719635 203.61699366569519
leaf_count=378 974 83 64 84 185 106 209 91 387 92 77 104 96 63
internal_value=3.40314e-05 -0.000905359 0.0016754 0.0022512 0.00350664 -0.00124446 -0.00146203 0.00088255 -0.00108259 -0.00218628 0.00294594 -0.00356446 0.000208276 0.00177722
internal_weight=8767.99 5576.74 3191.24 540.433 963.177 5036.31 4702.57 2228.07 3984.89 1258.11 547.934 717.682 1680.13 519.84
internal_count=2993 2039 954 167 249 1872 1766 705 1453 479 168 313 537 159
is_linear=0
shrinkage=0.03


Tree=62
num_leaves=15
num_cat=0
split_feature=17 15 15 1 17 15 17 15 15 2 17 3 16 7
split_gain=26.9757 10.5132 10.182 5.25682 4.32694 4.21673 4.18233 4.06582 3.18353 3.3609 1.81486 1.81272 1.90839 1.71351
threshold=1197.5000000000002 1127.5000000000002 1152.5000000000002 1.2410000000000003 1071.2500000000002 1262.5000000000002 1068.7500000000002 1167.5000000000002 1078.7500000000002 1.1666666666666667 1253.7500000000002 1.9000000000000001 1073.7500000000002 0.45000000000000007
decision_type=2 2 2 8 2 2 2 2 2 2 2 2 2 2
left_child=2 3 4 -2 11 7 -4 10 -5 -10 -3 12 -1 -6
right_child=1 5 6 8 13 -7 -8 -9 9 -11 -12 -13 -14 -15
leaf_value=-0.0045362958004084332 0.0069773707612547147 -0.0021922210543620789 -0.0065471927713271162 0.0040936629976101122 0.0025476460500233758 -0.0030282099657185251 -0.0026233926844007492 0.0034676777810546608 0.0043891495016922816 0.0002369474127087895 0.00081761273142506895 -0.00040541328327213202 -0.00061490886991072478 -0.00014194535115217809
leaf_weight=385.52599167823792 319.22491550445557 290.60165095329285 298.97457039356232 829.11495637893677 232.00944375991821 306.08487010002136 1342.0563836097717 378.7880527973175 248.64848351478577 590.68745183944702 471.46683859825134 273.27943539619446 157.57684111595154 2504.819014787674
leaf_count=159 87 97 139 201 76 115 551 119 70 163 142 106 62 854
internal_value=-2.42108e-05 0.00203823 -0.0013881 0.0034538 -0.000485105 9.26175e-05 -0.00334181 0.000931835 0.00277586 0.00147077 -0.000331504 -0.00240047 -0.00340176 8.69069e-05
internal_weight=8628.86 3434.62 5194.24 1987.68 3553.21 1446.94 1641.03 1140.86 1668.45 839.336 762.068 816.382 543.103 2736.83
internal_count=2941 994 1947 521 1257 473 690 358 434 233 239 327 221 930
is_linear=0
shrinkage=0.03


Tree=63
num_leaves=15
num_cat=0
split_feature=17 15 15 11 15 17 11 1 1 13 13 15 7 16
split_gain=24.6173 10.3487 8.1385 5.22834 3.2153 3.11421 3.97174 4.17934 3.76389 3.68776 3.02289 2.79433 4.32345 3.79781
threshold=1188.7500000000002 1127.5000000000002 1137.5000000000002 1.9000000000000001 1042.5000000000002 1097.5000000000002 1.2250000000000003 1.4645700000000004 2.0970000000000004 0.90000000000000013 1.7083333333333337 1270.0000000000002 1.4500000000000002 1167.5000000000002
decision_type=2 2 2 8 2 2 8 8 8 10 10 2 2 2
left_child=2 4 5 -4 -2 6 7 -1 -9 -7 -11 12 -3 -14
right_child=1 11 3 -5 -6 9 -8 8 -10 10 -12 -13 13 -15
leaf_value=-0.0039855380038019235 0.0054542744424599188 -0.00096055826681504719 -0.0036116393326763698 0.0017307645240688173 0.0025756250580489522 -0.0031470386136224202 -0.0045803891089596649 0.0036976934406074539 -0.00091180187400607428 0.0021582903565631989 -0.00068493080166222374 -0.0024346302248003287 0.0051676098515598288 0.00059391064794120797
leaf_weight=250.54804372787476 431.63411569595337 740.54386734962463 1547.3804491758347 183.91927576065063 1842.1041128635406 222.38564229011536 297.03691864013672 227.27856492996216 527.74488139152527 828.32823777198792 565.7422935962677 327.56623148918152 262.88502264022827 429.87568187713623
leaf_count=98 102 237 666 72 500 76 111 83 202 275 193 125 86 133
internal_value=7.31175e-05 0.00178763 -0.00141444 -0.00304343 0.00312425 -0.000447571 -0.00153856 -0.000636379 0.000478813 0.000432005 0.00100479 6.09143e-05 0.000632544 0.00233446
internal_weight=8684.97 4034.61 4650.36 1731.3 2273.74 2919.06 1302.61 1005.57 755.023 1616.46 1394.07 1760.87 1433.3 692.761
internal_count=2959 1183 1776 738 602 1038 494 383 285 544 468 581 456 219
is_linear=0
shrinkage=0.03


Tree=64
num_leaves=15
num_cat=0
split_feature=17 15 14 15 18 17 15 1 17 4 17 1 15 3
split_gain=27.6685 11.3249 9.07057 6.26516 7.93739 5.84745 3.79869 3.63625 3.02138 3.36504 2.831 2.54348 2.45445 2.39682
threshold=1112.5000000000002 1078.7500000000002 1292.5000000000002 1210.0000000000002 1.0000000180025095e-35 1071.2500000000002 1172.5000000000002 1.4470000000000003 1191.2500000000002 1.0000000180025095e-35 1253.7500000000002 1.8968100000000001 1042.5000000000002 1.6333333333333335
decision_type=2 2 2 2 2 2 2 10 2 2 2 8 2 2
left_child=2 10 5 4 6 -1 8 -7 9 -3 12 -10 -2 -6
right_child=1 3 -4 -5 13 7 -8 -9 11 -11 -12 -13 -14 -15
leaf_value=-0.0034623142237457083 0.0042768814157938513 0.002656117895193866 -0.0074436802809431206 -0.0020881262975825433 0.00030785672460934894 -0.0015615105331704051 0.0062856834209811434 0.0014578728128853537 0.0039981506221965259 -0.0022922386705917508 0.0048671358694272237 0.0010185634741984994 0.0010024744129372314 -0.002092843735820837
leaf_weight=1073.3012232780457 340.85600066184998 227.15148878097534 274.68163919448853 712.13833284378052 1195.606379032135 1158.6311619281769 200.80562829971313 519.00446081161499 642.79151368141174 269.11590671539307 707.07556176185608 431.57379674911499 520.69056916236877 543.71320414543152
leaf_count=449 91 77 132 277 392 444 66 178 180 94 164 127 157 170
internal_value=6.98767e-05 0.0012845 -0.00225477 0.000475664 0.000996161 -0.00173414 0.00240905 -0.000627102 0.00190974 -2.64905e-05 0.0034603 0.00280331 0.00230139 -0.000443376
internal_weight=8817.14 5791.52 3025.62 4222.9 3510.76 2750.94 1771.44 1677.64 1570.63 496.267 1568.62 1074.37 861.547 1739.32
internal_count=2998 1795 1203 1383 1106 1071 544 622 478 171 412 307 248 562
is_linear=0
shrinkage=0.03


Tree=65
num_leaves=15
num_cat=0
split_feature=15 8 13 15 1 11 7 1 5 8 7 5 4 3
split_gain=15.7117 7.8891 5.50133 5.2486 4.51079 4.45948 3.82148 3.15587 3.04942 2.62654 2.62477 3.08144 2.44437 2.29759
threshold=1132.5000000000002 2.4883333333333337 1.7083333333333337 1270.0000000000002 1.4710000000000003 1.5500000000000003 1.4500000000000002 0.80100000000000005 0.36666666666666675 1.3666666666666669 0.45000000000000007 1.0000000180025095e-35 1.0000000180025095e-35 1.6333333333333335
decision_type=2 10 8 2 10 10 2 10 2 10 2 2 2 2
left_child=1 2 10 5 -4 9 12 -5 -8 -2 -1 13 -7 -12
right_child=3 -3 4 7 -6 6 8 -9 -10 -11 11 -13 -14 -15
leaf_value=0.00405660644229451 -0.0027208820022123284 0.0065269050198666096 -0.0020832047267168208 -0.0051710117557288472 0.0011727488858274513 0.0010049984041984763 0.0038275697958708183 -0.0013164032092103147 -0.00029872180253412699 0.00070463377156219941 0.0046412392329821311 0.00040352818174945512 -0.0031632948490270484 0.0015614862469869395
leaf_weight=297.34589815139771 1185.275817155838 216.7369532585144 945.97689723968506 521.78546357154846 642.10513257980347 207.45059299468994 344.25249934196472 302.72212719917297 302.0993127822876 242.22847437858582 293.02512264251709 2009.6347317695618 322.40311026573181 851.10880851745605
leaf_count=87 480 56 335 229 208 68 113 127 101 87 86 618 110 250
internal_value=-9.47194e-05 0.000935796 0.000694074 -0.00167446 -0.000766824 -0.00101313 0.000354576 -0.00375908 0.00190149 -0.00213953 0.00136636 0.00111151 -0.00153249 0.00235361
internal_weight=8684.15 5255.93 5039.2 3428.22 1588.08 2603.71 1176.21 824.508 646.352 1427.5 3451.11 3153.77 529.854 1144.13
internal_count=2955 1640 1584 1315 543 959 392 356 214 567 1041 954 178 336
is_linear=0
shrinkage=0.03


Tree=66
num_leaves=15
num_cat=0
split_feature=17 15 14 1 15 17 3 17 0 1 14 15 16 12
split_gain=25.0346 7.2896 6.44274 3.7817 3.21324 3.11742 3.04945 2.89742 2.78764 4.05187 2.31477 4.43128 2.31443 2.30787
threshold=1117.5000000000002 1102.5000000000002 1202.5000000000002 1.4470000000000003 1197.5000000000002 1071.2500000000002 1.5500000000000003 1320.0000000000002 0.88666666666666705 1.4070000000000003 1172.5000000000002 1148.7500000000002 1137.5000000000002 0.83333333333333337
decision_type=2 2 2 10 2 2 2 2 10 10 2 2 2 10
left_child=2 8 3 -1 6 -5 10 12 -2 -10 11 13 -8 -3
right_child=1 4 -4 5 -6 -7 7 -9 9 -11 -12 -13 -14 -15
leaf_value=-0.0022115147172605677 0.0036248931251464164 0.0042431388726024222 -0.004419311808356214 -0.0024947108782132411 -0.0015370574293945641 0.0018222004086684744 0.00047566554028248889 0.002575833359827806 -0.0016546241491753263 0.0023527812799113137 0.0027918737335344639 -0.0032794384211423931 -0.0028313748368269409 0.00037522414457411891
leaf_weight=1605.8757839202881 944.06371593475342 214.50403046607971 890.83785247802734 220.31187200546265 761.31400728225708 469.99346947669983 327.81179308891296 202.44633007049561 287.8255181312561 1064.1904354095459 701.95625925064087 212.02047061920166 452.73892831802368 390.86685562133789
leaf_count=626 253 64 397 85 292 156 113 54 82 283 232 69 145 127
internal_value=-0.000135502 0.00107962 -0.00225494 -0.00141369 0.000168303 0.000442837 0.000687549 -0.000614084 0.00237433 0.00149907 0.00152954 0.000443387 -0.00144367 0.0017505
internal_weight=8746.76 5559.74 3187.02 2296.18 3263.66 690.305 2502.34 982.997 2296.08 1352.02 1519.35 817.391 780.551 605.371
internal_count=2978 1714 1264 867 1096 241 804 312 618 365 492 260 258 191
is_linear=0
shrinkage=0.03


Tree=67
num_leaves=15
num_cat=0
split_feature=16 15 15 15 18 7 16 15 1 18 1 2 2 1
split_gain=16.4973 9.92752 4.7495 3.7852 4.14466 4.57013 3.61947 3.39758 3.35553 3.29161 2.67476 2.60083 2.32612 6.3397
threshold=1232.5000000000002 1112.5000000000002 1120.0000000000002 1270.0000000000002 1.0000000180025095e-35 1.4500000000000002 1047.5000000000002 1036.2500000000002 1.5045000000000002 1.0000000180025095e-35 1.8049999999999999 0.58333333333333337 1.1666666666666667 1.1390000000000005
decision_type=2 2 2 2 2 2 2 2 8 2 10 2 2 8
left_child=1 6 9 4 5 8 -1 -8 -3 -2 12 -5 13 -9
right_child=2 3 -4 11 -6 -7 7 10 -10 -11 -12 -13 -14 -15
leaf_value=-0.0029498163660347273 0.006149848543766382 0.00096205378953561087 0.0010148523402247153 -0.0063838028030329813 -0.002301372660686645 0.0015164681884100902 0.0036560417764735361 -0.0029680830125016007 -0.0030482717296633158 0.0023656301691837951 0.0023637595535253948 -0.00246631376152264 -0.0007047078578548161 0.0036874195316647712
leaf_weight=238.78567457199097 410.20967125892639 283.67892622947693 814.39479923248291 215.6960723400116 1631.6288604736328 767.54371786117554 349.06129312515259 188.85725378990173 552.18917965888977 420.41098523139954 540.37796425819397 523.87883293628693 1354.9571115970612 400.12489223480225
leaf_count=92 95 102 246 98 628 280 93 64 207 102 161 233 443 129
internal_value=-5.94208e-05 -0.000690972 0.00264474 -0.00168076 -0.00123738 -0.000153902 0.000589702 0.000888934 -0.00168771 0.00423965 0.000498825 -0.00361592 -2.05405e-05 0.00155192
internal_weight=8691.8 7046.78 1645.02 3974.62 3235.04 1603.41 3072.16 2833.38 835.868 830.621 2484.32 739.575 1943.94 588.982
internal_count=2973 2530 443 1548 1217 589 982 890 309 197 797 331 636 193
is_linear=0
shrinkage=0.03


Tree=68
num_leaves=15
num_cat=0
split_feature=17 5 17 0 18 17 17 16 3 2 10 0 3 9
split_gain=22.1548 6.10738 5.26507 5.22543 4.07505 3.75207 3.54566 4.40104 4.88285 5.55027 3.20821 2.83458 2.64574 2.51424
threshold=1127.5000000000002 0.36666666666666675 1253.7500000000002 1.4616666666666669 1.0000000180025095e-35 1068.7500000000002 1327.5000000000002 1255.0000000000002 2.2250000000000005 1.1666666666666667 1.1666666666666667 1.2441666666666669 1.1000000000000003 1.2563333333333335
decision_type=2 2 2 10 2 2 2 2 2 2 10 8 2 10
left_child=3 6 10 5 -4 -1 7 8 9 11 -3 -2 -7 -5
right_child=1 2 4 13 -6 12 -8 -9 -10 -11 -12 -13 -14 -15
leaf_value=-0.0044395385206963869 0.0011839860262461918 0.00070884348859602184 0.0034713144922267729 -0.0013129293351073707 -0.00078403092094829908 -0.0033884818285836405 0.0039431619603456829 -0.0014754740426921992 0.0048192513321428272 0.00027177813705201337 -0.0028650501063187169 0.0056546726633886699 -0.0010281957324097194 0.0019017371948751999
leaf_weight=734.78909695148468 212.5925076007843 338.27726101875305 448.94035720825195 523.48227822780609 367.78784012794495 678.02033972740173 630.33982443809509 395.72655296325684 431.87415051460266 1364.576963186264 678.40090990066528 320.85787081718445 1157.301007270813 374.902503490448
leaf_count=322 73 121 129 193 111 285 153 109 122 424 235 102 441 132
internal_value=-8.44362e-05 0.00115618 -0.000236196 -0.00194037 0.00155644 -0.00262858 0.00191669 0.00144677 0.00194352 0.00128699 -0.00167639 0.00387855 -0.00190152 2.91973e-05
internal_weight=8657.87 5189.37 1833.41 3468.5 816.728 2570.11 3355.97 2725.63 2329.9 1898.03 1016.68 533.45 1835.32 898.385
internal_count=2952 1579 596 1373 240 1048 983 830 721 599 356 175 726 325
is_linear=0
shrinkage=0.03


Tree=69
num_leaves=15
num_cat=0
split_feature=17 15 0 18 15 11 15 5 0 17 5 0 0 8
split_gain=25.0199 8.42244 7.56872 4.53761 5.58353 4.62712 4.11916 3.62519 3.05229 2.81702 2.49879 2.54514 2.21083 2.04114
threshold=1112.5000000000002 1197.5000000000002 1.5083333333333335 1.0000000180025095e-35 1066.2500000000002 2.9000000000000004 1137.5000000000002 0.29166666666666669 1.5883333333333336 1066.2500000000002 1.0000000180025095e-35 0.87333333333333341 0.96166666666666689 1.8550000000000002
decision_type=2 2 10 2 2 10 2 2 10 2 2 8 8 10
left_child=2 3 6 5 8 10 -1 -3 -5 -8 -2 -12 -6 -13
right_child=1 7 -4 4 12 -7 9 -9 -10 -11 11 13 -14 -15
leaf_value=-0.0018016185262468302 0.0036863232871094656 0.0010107183022051256 0.00055812418473378687 0.0013697114379176525 -0.002402173959946591 0.0067801187551183124 -0.006864921609805512 -0.0031406595164301825 0.0058357690230160285 -0.0033382577129835254 0.0044899162048107231 0.00057235823103890407 0.00046364537551710357 0.0035556245082356049
leaf_weight=1303.5949177742004 737.53768634796143 305.43780136108398 749.20284426212311 296.83100891113281 285.89772605895996 219.72924852371216 288.43140685558319 495.29560375213623 257.27486729621887 706.2138078212738 231.87702441215515 1161.5723145008087 1556.4883871078491 250.17062044143677
leaf_count=500 207 115 271 78 92 56 138 195 64 312 71 352 488 68
internal_value=0.000140486 0.00129714 -0.00205989 0.00175482 0.000812565 0.00262238 -0.00291321 -0.00155784 0.00345011 -0.0043668 0.00223602 0.00158339 1.78715e-05 0.00110316
internal_weight=8845.56 5798.11 3047.44 4997.38 2396.49 2600.89 2298.24 800.733 554.106 994.645 2381.16 1643.62 1842.39 1411.74
internal_count=3007 1786 1221 1476 722 754 950 310 142 450 698 491 580 420
is_linear=0
shrinkage=0.03


Tree=70
num_leaves=15
num_cat=0
split_feature=15 15 13 11 13 7 6 0 7 1 3 0 15 15
split_gain=14.5558 6.44506 6.50377 6.51344 4.26946 4.55718 4.10433 3.23606 2.7034 2.66105 2.47926 2.23711 2.13337 2.8442
threshold=1120.0000000000002 1290.0000000000002 0.70833333333333337 1.5500000000000003 1.7750000000000001 0.45000000000000007 0.83333333333333337 1.0950000000000004 0.63333333333333341 1.8000000000000005 1.9000000000000001 1.7789166666666671 1197.5000000000002 1167.5000000000002
decision_type=2 2 10 10 8 2 2 10 2 10 2 10 2 2
left_child=4 2 -2 8 5 -1 -5 -6 -4 -7 -11 -10 13 -8
right_child=1 -3 3 6 7 9 12 -9 11 10 -12 -13 -14 -15
leaf_value=0.0054331603667404256 0.0023839144446591654 -0.0040719439897529408 0.0010995383748585372 -0.0029869383296818632 -0.001814966910055446 0.00095425371375241 0.00066308851771995365 0.0011590666793083316 -0.0032506720182945612 0.0053753722490222861 0.0016507666462898635 0.00051464643093256405 -0.0016932720632213797 0.0043974703160821419
leaf_weight=291.90146732330322 515.44308567047119 607.27005803585052 170.58722448348999 282.3519446849823 591.76460576057434 2047.6551222801208 695.9438419342041 739.80929017066956 1409.2392753362656 266.09988284111023 407.79649567604065 157.63385367393494 209.15126061439514 248.54082489013672
leaf_count=82 170 268 66 95 212 609 227 238 573 73 110 60 78 82
internal_value=2.74685e-05 -0.00121064 -0.000738633 -0.0012464 0.00125165 0.00187659 0.000248635 -0.000162993 -0.00248146 0.00149328 0.00312728 -0.00287178 0.00104244 0.0016494
internal_weight=8641.19 4296.16 3688.89 3173.45 4345.03 3013.45 1435.99 1331.57 1737.46 2721.55 673.896 1566.87 1153.64 944.485
internal_count=2943 1619 1351 1181 1324 874 482 450 699 792 183 633 387 309
is_linear=0
shrinkage=0.03


Tree=71
num_leaves=15
num_cat=0
split_feature=17 14 15 15 17 16 7 7 15 17 11 15 15 17
split_gain=27.6988 8.44975 7.44892 6.3094 7.18012 4.0632 3.18814 2.41097 3.25572 3.1061 2.44801 2.71793 5.64376 2.16118
threshold=1188.7500000000002 1277.5000000000002 1093.7500000000002 1036.2500000000002 1052.5000000000002 1290.0000000000002 1.2250000000000003 1.2250000000000003 1262.5000000000002 1320.0000000000002 2.2916666666666674 1167.5000000000002 1137.5000000000002 1071.2500000000002
decision_type=2 2 2 2 2 2 2 2 2 2 10 2 2 2
left_child=1 3 5 -1 -5 -2 -6 9 10 -4 11 12 -9 -8
right_child=2 -3 7 4 6 -7 13 8 -10 -11 -12 -13 -14 -15
leaf_value=0.0039485330029445228 0.0025735989545837092 -0.0051526955585845897 -0.0013853024277582407 -0.0047332149510333999 -3.2958314232539795e-05 0.0062969204285153735 -0.0047723591526907441 0.0045492919864277628 -0.0010985253783889939 0.0024090709847560412 0.00013075942369441797 0.006031942127294407 -0.00096580624048934452 -0.0014766238098176407
leaf_weight=203.54625511169434 1109.1094417572021 548.50975263118744 730.55045914649963 519.9286013841629 1689.2504079341888 346.49131393432617 204.91174113750458 379.26195168495178 339.23379111289978 263.34363651275635 361.30916547775269 210.41915941238403 297.23221802711487 1392.7104384899139
leaf_count=61 285 256 238 223 613 74 88 110 131 70 106 66 95 518
internal_value=-6.1251e-05 -0.00166361 0.00174823 -0.00118523 -0.0014607 0.00346361 -0.000941757 0.000779979 0.00150509 -0.000378529 0.002213 0.00306016 0.00212827 -0.00190206
internal_weight=8595.81 4558.86 4036.95 4010.35 3806.8 1455.6 3286.87 2581.35 1587.46 993.894 1248.22 886.913 676.494 1597.62
internal_count=2934 1759 1175 1503 1442 359 1219 816 508 308 377 271 205 606
is_linear=0
shrinkage=0.03


Tree=72
num_leaves=15
num_cat=0
split_feature=17 15 15 17 18 15 15 18 1 11 17 11 15 15
split_gain=24.8532 6.77376 6.40716 4.70121 3.9263 4.0004 4.57287 2.96753 3.78863 2.77572 2.53343 3.97917 2.98075 2.04174
threshold=1183.7500000000002 1102.5000000000002 1290.0000000000002 1010.0000000000001 1.0000000180025095e-35 1262.5000000000002 1172.5000000000002 1.0000000180025095e-35 1.1490000000000002 0.63333333333333341 1253.7500000000002 2.4500000000000006 1078.7500000000002 1177.5000000000002
decision_type=2 2 2 2 2 2 2 2 8 10 2 8 2 2
left_child=2 10 3 -1 5 6 -3 -5 -9 -10 -2 12 -12 -11
right_child=1 4 -4 7 -6 -7 -8 8 9 13 11 -13 -14 -15
leaf_value=-0.0060720677006605023 0.0016904577532182057 0.0015532870613377749 -0.0055057691335387553 -0.00022577708363208395 -0.00061933413473325301 -0.0020938885587588633 0.0065532748497229235 -0.0046559584470778756 0.0016400241142951223 -0.0013272641448933197 0.0068547865368268181 0.0012032330179794185 0.0028290370540775241 -0.0047199255659734285
leaf_weight=174.04946494102478 710.6521327495575 867.94603562355042 345.56839227676392 1985.4592779874802 1195.5701320171356 201.66825437545776 202.48381686210632 357.82062649726868 252.05375647544861 1211.5674207210541 425.8458080291748 311.09008407592773 274.00471615791321 183.21743607521057
leaf_count=76 193 255 168 739 396 78 62 142 99 441 97 72 69 79
internal_value=-4.06698e-05 0.00162287 -0.00158601 -0.00125948 0.000614812 0.00177429 0.00250432 -0.00104808 -0.001862 -0.00125247 0.00306658 0.00403132 0.00528491 -0.00177598
internal_weight=8699 4189.26 4509.74 4164.17 2467.67 1272.1 1070.43 3990.12 2004.66 1646.84 1721.59 1010.94 699.851 1394.78
internal_count=2966 1222 1744 1576 791 395 317 1500 761 619 431 238 166 520
is_linear=0
shrinkage=0.03


Tree=73
num_leaves=15
num_cat=0
split_feature=16 0 3 14 18 0 14 11 16 16 13 11 13 13
split_gain=12.1283 8.28798 5.45849 3.56991 3.53169 3.85944 3.47415 4.29374 3.97043 2.93063 2.24791 2.17917 2.79423 2.179
threshold=1172.5000000000002 1.0216666666666672 0.70833333333333337 1071.2500000000002 1.0000000180025095e-35 1.7978166666666671 1162.5000000000002 0.90000000000000013 1127.5000000000002 1060.0000000000002 1.3666666666666669 1.6333333333333335 1.3666666666666669 0.90000000000000013
decision_type=2 10 2 2 2 8 2 10 2 2 10 10 10 10
left_child=1 6 -2 -3 10 -6 7 -1 -8 -5 -4 12 -10 -11
right_child=2 3 4 9 5 -7 8 -9 11 13 -12 -13 -14 -15
leaf_value=-0.0030348946954231377 -0.0021426916860029059 0.0027638679001905568 0.0041367287482896101 -0.0026892805989912521 -0.0010844153661586366 0.0025113882252761682 -0.0039507860997652017 0.00015603930563882991 -0.0040693470211791731 -0.0020416869518437792 0.0011109296080908271 0.0018874696389057923 0.0010205927004506062 0.00080022506129656386
leaf_weight=551.56537175178528 291.82135486602783 495.8396692276001 865.0632688999176 322.13299226760864 464.85322403907776 634.01240468025208 981.471963763237 1211.6600615978241 244.18337321281433 282.52005362510681 297.89751887321472 182.19286727905273 160.13036131858826 1691.270528793335
leaf_count=212 95 143 223 133 135 174 434 420 99 95 87 67 65 571
internal_value=-2.30922e-05 -0.000747435 0.0017133 0.000458163 0.00221153 0.000990652 -0.00175764 -0.000843291 -0.00278465 -4.07751e-05 0.00336328 -0.000829806 -0.00205591 0.000392618
internal_weight=8676.62 6122.97 2553.65 2791.76 2261.83 1098.87 3331.2 1763.23 1567.98 2295.92 1162.96 586.507 404.314 1973.79
internal_count=2953 2239 714 942 619 309 1297 632 665 799 310 231 164 666
is_linear=0
shrinkage=0.03


Tree=74
num_leaves=15
num_cat=0
split_feature=17 15 1 1 8 14 17 15 6 8 17 15 0 13
split_gain=17.8021 7.97421 5.85932 4.30125 4.04158 3.86251 3.62062 2.57366 4.07093 2.3823 2.28089 2.17863 5.32128 3.74504
threshold=1127.5000000000002 1127.5000000000002 1.4645700000000004 1.3310000000000002 2.5050000000000003 1337.5000000000002 1253.7500000000002 1098.7500000000002 1.4166666666666667 2.0816666666666674 1052.5000000000002 1102.5000000000002 1.6216666666666668 1.1000000000000003
decision_type=2 2 10 10 8 2 2 2 2 10 2 2 8 10
left_child=2 4 5 6 9 10 -3 -4 -9 11 -1 -2 -13 -14
right_child=1 3 7 -5 -6 -7 -8 8 -10 -11 -12 12 13 -15
leaf_value=-0.0042006649520927629 0.0025562033372031668 -0.0022023765163483979 0.0018240140561109589 0.0021757112776518944 0.0058736980745456632 -0.0065602281427776929 0.00055825373680973192 -0.0041329949606720715 0.0017288318136443152 -0.00085422648023633521 -0.0017214936437134867 0.0045843431849218134 0.001541420965075303 -0.0038571951834167812
leaf_weight=407.05279457569122 1832.1232373714447 997.40214490890503 475.32465529441833 483.0840311050415 227.9171769618988 195.09363651275635 747.25553798675537 226.12462174892426 200.18001413345337 288.45391249656677 1862.5986289978027 203.03025841712952 224.37271356582642 236.75462126731873
leaf_count=182 486 373 157 153 57 99 239 89 77 75 741 61 65 76
internal_value=-5.92296e-05 0.00103425 -0.00176124 -0.000326603 0.00204033 -0.00251798 -0.00102033 0.000307905 -0.00138285 0.00172459 -0.00216778 0.0020228 0.000549754 -0.00123272
internal_weight=8606.77 5240.39 3366.37 2227.74 3012.65 2464.75 1744.66 901.629 426.305 2784.73 2269.65 2496.28 664.158 461.127
internal_count=2930 1585 1345 765 820 1022 612 323 166 763 923 688 202 141
is_linear=0
shrinkage=0.03


Tree=75
num_leaves=15
num_cat=0
split_feature=15 16 16 7 8 15 3 15 7 11 11 8 7 5
split_gain=12.479 11.107 5.47859 4.41316 2.52684 2.79652 2.60525 2.4329 2.37732 2.67325 4.26317 3.134 2.2006 2.12862
threshold=1262.5000000000002 1086.2500000000002 1290.0000000000002 0.45000000000000007 1.3150000000000002 1137.5000000000002 1.7750000000000001 1066.2500000000002 1.3666666666666669 1.7750000000000001 2.1000000000000005 1.361666666666667 1.5500000000000003 1.0000000180025095e-35
decision_type=2 2 2 2 8 2 2 2 2 10 10 10 2 2
left_child=1 4 3 -3 5 6 -1 -5 13 -10 -11 -12 -4 -9
right_child=-2 2 12 7 -6 -7 -8 8 9 10 11 -13 -14 -15
leaf_value=-0.0028978759927817772 -0.0035062794646964221 0.0033945081713827757 0.0041124285455141386 0.0017170345088360951 0.00058719824286486096 -0.0043886311518527956 0.00041954885944449436 0.00091856449378664425 -0.00021419424963784904 0.0042654841211186593 -0.0030201454516087761 0.0020361755220675995 0.0011223677213851549 -0.0015157878192116644
leaf_weight=480.25417160987854 819.35538101196289 455.74977135658264 618.40585136413574 890.07792639732361 311.88172268867493 431.47965633869171 381.89849424362183 438.10238194465637 1307.6167728900909 386.45920825004578 184.63785147666931 270.93632483482361 346.37346982955933 1226.4083304405212
leaf_count=190 365 135 150 249 114 193 145 138 463 125 60 79 88 418
internal_value=1.18439e-05 0.000385145 0.000967374 0.000579107 -0.00183518 -0.00241919 -0.00142961 0.000305686 -2.40323e-05 0.000634906 0.00195219 -1.52072e-05 0.00304122 -0.000874895
internal_weight=8549.64 7730.28 6124.77 5159.99 1605.51 1293.63 862.153 4704.24 3814.16 2149.65 842.033 455.574 964.779 1664.51
internal_count=2912 2547 1905 1667 642 528 335 1532 1283 727 264 139 238 556
is_linear=0
shrinkage=0.03


Tree=76
num_leaves=15
num_cat=0
split_feature=17 15 1 17 15 18 15 8 15 1 17 8 16 7
split_gain=23.8788 10.2081 5.64127 4.12303 3.84734 4.24638 3.53918 2.64176 2.37224 2.73283 2.3267 4.09736 2.24665 2.2211
threshold=1117.5000000000002 1102.5000000000002 1.4330000000000003 1052.5000000000002 1255.0000000000002 1.0000000180025095e-35 1088.7500000000002 1.8916666666666668 1187.5000000000002 1.1390000000000005 1253.7500000000002 0.65000000000000024 1112.5000000000002 1.5500000000000003
decision_type=2 2 10 2 2 2 2 10 2 8 2 10 2 2
left_child=2 10 3 13 5 7 -4 -3 9 -5 11 -2 -10 -1
right_child=1 4 6 8 -6 -7 -8 -9 12 -11 -12 -13 -14 -15
leaf_value=-0.0037879709111540804 0.0041674231390392662 0.0012518223551545046 0.0022964027601298479 -0.0039056383207665682 -0.0019796840153765475 -0.00054432533469334912 -0.0015302851389705091 0.0047204862127299286 -0.0059608158068055056 -0.00085926134935352489 0.0038888135386377326 0.00063084548489949664 -0.0012711783321448353 -0.0083193142831678255
leaf_weight=278.479088306427 471.8510856628418 1108.9432873725891 369.76373672485352 346.97353720664978 590.03354835510254 1270.8316874504089 525.27765369415283 239.84446144104004 245.72271418571472 1115.5810720920563 1028.1980223655701 784.32842445373535 147.60127472877502 151.76074075698853
leaf_count=123 135 353 121 141 237 423 203 67 120 431 238 226 69 74
internal_value=0.000100371 0.00129796 -0.00196769 -0.00275787 0.000206813 0.000699859 5.14128e-05 0.00187167 -0.00214234 -0.00158415 0.00283032 0.00196153 -0.00420864 -0.00540192
internal_weight=8675.19 5494.03 3181.16 2286.12 3209.65 2619.62 895.041 1348.79 1855.88 1462.55 2284.38 1256.18 393.324 430.24
internal_count=2961 1679 1282 958 1080 843 324 420 761 572 599 361 189 197
is_linear=0
shrinkage=0.03


Tree=77
num_leaves=15
num_cat=0
split_feature=17 15 14 1 17 8 8 17 3 3 15 14 14 5
split_gain=21.0809 7.1687 5.7519 3.94843 3.48089 3.46618 4.11739 2.2249 2.09936 1.93246 4.23345 1.69326 2.15586 1.76973
threshold=1127.5000000000002 1132.5000000000002 1292.5000000000002 1.5730000000000002 1052.5000000000002 2.5050000000000003 2.1306000000000007 1320.0000000000002 2.6333333333333337 1.6333333333333335 1102.5000000000002 1172.5000000000002 1212.5000000000002 0.29166666666666669
decision_type=2 2 2 10 2 10 10 2 2 2 2 2 2 2
left_child=2 5 3 4 -1 6 8 11 9 -2 -11 -3 -13 -14
right_child=1 7 -4 -5 -6 -7 -8 -9 -10 10 -12 12 13 -15
leaf_value=-0.004512672896371083 0.0026083927229220323 -0.002553434627067966 -0.0057462467370321324 0.00046681112554435039 -0.0014744703255699621 0.0056337122496197146 -0.0018062408039900492 0.0018892876176737478 0.0049867062253945195 0.0021277533381314768 -0.0020097242787850472 0.0018905040570326014 0.00054869729005246307 -0.0020955202678675511
leaf_weight=410.64606535434723 1526.7602610588074 340.44969606399536 298.94578099250793 771.23455142974854 1946.7556886672974 230.59294319152832 256.79661536216736 373.39416861534119 217.00642347335815 784.00160074234009 309.75022411346436 334.05339527130127 409.77251267433167 511.01981663703918
leaf_count=183 432 114 150 270 771 58 67 110 57 202 94 114 147 197
internal_value=5.56867e-05 0.00124246 -0.001777 -0.00139602 -0.0020054 0.00209176 0.00182607 -0.000192248 0.00215531 0.00191903 0.000955255 -0.00068033 -0.000170513 -0.000919468
internal_weight=8721.18 5293.6 3427.58 3128.64 2357.4 3324.91 3094.32 1968.69 2837.52 2620.51 1093.75 1595.3 1254.85 920.792
internal_count=2966 1592 1374 1224 954 910 852 682 785 728 296 572 458 344
is_linear=0
shrinkage=0.03


Tree=78
num_leaves=15
num_cat=0
split_feature=16 18 1 1 2 16 7 1 10 1 7 16 7 12
split_gain=8.54909 7.01222 4.97071 3.69466 3.51186 3.4971 2.96046 2.70255 2.48779 3.77364 2.22316 2.08984 2.29543 2.22325
threshold=1290.0000000000002 1.0000000180025095e-35 2.8520000000000003 1.8000000000000005 0.83333333333333337 1096.2500000000002 1.3666666666666669 2.0020000000000007 1.1666666666666667 1.4165600000000003 0.45000000000000007 1127.5000000000002 1.5500000000000003 1.1666666666666667
decision_type=2 2 8 10 2 2 2 10 10 10 2 2 2 8
left_child=1 2 5 10 -4 -1 -2 -5 9 -7 -3 12 -12 -14
right_child=6 3 4 7 -6 8 -8 -9 -10 -11 11 -13 13 -15
leaf_value=-0.00023017928416222718 0.0039932223177940934 0.0014875022177098477 -0.0033522797647357896 0.0037296960871712023 6.098341299138669e-05 -0.0014895973804370916 0.0008705412660477348 -0.00051070122799414528 0.0030288777180538357 0.0034794564528819885 -0.0015854268701712166 -0.0010379188593911814 -0.0066977911697431768 -0.0028077067316819686
leaf_weight=773.15991902351379 592.14102983474731 193.98844122886658 356.28001296520233 205.94930720329285 1127.1110779047012 329.02015113830566 507.93242454528809 389.97470664978027 1114.3860476016998 234.88691806793213 813.66269743442535 1500.113818526268 191.06611382961273 434.48071432113647
leaf_count=298 140 65 141 64 397 117 134 117 336 72 318 507 80 186
internal_value=8.16308e-05 -0.000273459 0.000609889 -0.00120542 -0.000760518 0.0014391 0.0025535 0.000958559 0.00220779 0.000582682 -0.00161716 -0.0018225 -0.002639 -0.00400468
internal_weight=8764.15 7664.08 3934.84 3729.24 1483.39 2451.45 1100.07 595.924 1678.29 563.907 3133.31 2939.32 1439.21 625.547
internal_count=2972 2698 1361 1337 538 823 274 181 525 189 1156 1091 584 266
is_linear=0
shrinkage=0.03


Tree=79
num_leaves=15
num_cat=0
split_feature=17 15 15 17 11 13 6 17 13 10 15 15 12 15
split_gain=21.7114 8.09782 5.80518 3.46632 3.07788 2.87509 4.01704 3.18665 2.82207 2.74419 2.63963 2.36118 2.21418 3.14998
threshold=1188.7500000000002 1127.5000000000002 1093.7500000000002 1068.7500000000002 2.5500000000000003 1.7750000000000001 1.8333333333333337 1092.5000000000002 1.1000000000000003 1.8333333333333337 1068.7500000000002 1262.5000000000002 1.8333333333333337 1098.7500000000002
decision_type=2 2 2 2 10 8 2 2 10 10 2 2 10 2
left_child=1 5 4 -3 -2 6 7 -1 -9 -5 -10 -4 -7 -14
right_child=2 3 11 9 -6 12 -8 8 10 -11 -12 -13 13 -15
leaf_value=-0.00041421899355587863 0.0038549489275371504 -0.0048809561311966704 0.0012764231385757568 -0.0025288006548556991 0.00033644846509113969 -0.0034536979527121552 -0.0025842997915393223 0.00029280462837166945 0.0068699145501830332 0.00064070750536980537 0.0022738948083999727 -0.0013356839711573835 0.00097535153213971701 -0.0032737493020040583
leaf_weight=470.22400593757629 1271.6243069171906 464.71652698516846 2166.3634257316589 1329.3596789836884 271.73831367492676 299.15197730064392 260.90446257591248 268.57205510139465 189.87642598152161 301.15066337585449 277.65418815612793 362.88017988204956 489.45179867744446 229.98257756233215
leaf_count=175 310 224 650 564 62 108 91 88 57 120 93 141 173 90
internal_value=0.00019316 -0.00122355 0.00178665 -0.00259694 0.00323607 -6.539e-05 0.000784507 0.00151465 0.00274571 -0.00194337 0.00415114 0.000901274 -0.0012892 -0.000385623
internal_weight=8653.65 4581.04 4072.61 2095.23 1543.36 2485.82 1467.23 1206.33 736.103 1630.51 467.531 2529.24 1018.59 719.434
internal_count=2946 1783 1163 908 372 875 504 413 238 684 150 791 371 263
is_linear=0
shrinkage=0.03


Tree=80
num_leaves=15
num_cat=0
split_feature=15 16 11 5 16 8 0 14 3 15 16 9 15 5
split_gain=13.6974 5.67891 5.22005 3.72995 3.64858 3.3856 3.2059 3.10008 4.84693 2.85513 2.53324 2.36591 2.35377 2.50937
threshold=1120.0000000000002 1210.0000000000002 0.90000000000000013 0.22500000000000003 1112.5000000000002 2.3650000000000007 1.8583333333333336 1292.5000000000002 1.5500000000000003 1042.5000000000002 1312.5000000000002 0.47800000000000004 1172.5000000000002 0.36666666666666675
decision_type=2 2 8 2 2 10 10 2 2 2 2 10 2 2
left_child=1 6 7 10 12 -6 9 8 11 -1 -3 -2 -4 -14
right_child=2 3 4 -5 5 -7 -8 -9 -10 -11 -12 -13 13 -15
leaf_value=0.0024722702799473899 -0.0021275255687633787 0.00040505198889139078 -0.00094797739064606207 0.0062786834515713395 -0.00031606079976502299 0.0037283352118359248 0.0023301001292840963 -0.007310790412635158 -0.006018382660568357 -0.00026639257200375681 0.0039902071055573814 0.0023614709006790197 -0.0011033533919643404 -0.0058696842960120951
leaf_weight=404.00671458244324 345.50633645057678 372.45898222923279 630.19437825679779 266.03970503807068 2172.6379170417786 202.74310684204102 793.93663954734802 139.36246466636658 230.42884683609009 2222.670783996582 338.10296607017517 151.08835935592651 171.89125669002533 236.58609926700592
leaf_count=117 150 90 249 62 756 62 234 70 96 748 73 63 75 109
internal_value=6.15451e-05 0.00123737 -0.00114636 0.0032539 -0.000618161 3.05594e-05 0.000660857 -0.00322467 -0.00243244 0.000155619 0.00211417 -0.000759753 -0.00210035 -0.00387156
internal_weight=8677.65 4397.22 4280.44 976.602 3414.05 2375.38 3420.61 866.386 727.024 2626.68 710.562 496.595 1038.67 408.477
internal_count=2954 1324 1630 225 1251 818 1099 379 309 865 163 213 433 184
is_linear=0
shrinkage=0.03


Tree=81
num_leaves=15
num_cat=0
split_feature=17 17 14 18 14 17 0 12 5 0 6 0 11 2
split_gain=21.9225 5.35216 4.38558 3.87809 3.23826 3.25953 2.43933 2.41496 2.08037 3.25345 1.71499 1.66033 2.33928 1.62627
threshold=1117.5000000000002 1253.7500000000002 1057.5000000000002 1.0000000180025095e-35 1188.7500000000002 1037.5000000000002 2.0783333333333336 1.1666666666666667 0.29166666666666669 0.88075000000000003 1.5833333333333337 2.3783333333333339 2.2916666666666674 1.1666666666666667
decision_type=2 2 2 2 2 2 8 8 2 8 2 8 10 2
left_child=4 2 -2 11 5 -1 10 -6 9 -4 -5 12 -3 -11
right_child=1 3 8 6 7 -7 -8 -9 -10 13 -12 -13 -14 -15
leaf_value=-0.0052787751514071883 0.0035011798041821797 0.0054742842620489089 0.0037836003073363307 0.0010728409997380599 -0.0052812653841421446 -0.00090164754304140698 0.0022770601241085598 -0.0023028991541576183 -0.0010486525969288637 0.001900169416754868 -0.0022593494016823271 0.0020328057986970793 0.0020174043673187921 -0.00050032476740666037
leaf_weight=165.85035991668701 348.74666261672974 487.16876268386841 247.10545611381531 294.8534243106842 362.43498516082764 1871.3251738548279 586.77999210357666 762.41065049171448 1139.5158641338348 330.28869390487671 261.29170179367065 531.46918058395386 278.33241152763367 1087.7436583042145
leaf_count=72 91 128 84 80 163 698 160 347 405 108 78 143 70 351
internal_value=2.13729e-05 0.00115002 0.000333513 0.00220473 -0.00197482 -0.00126041 0.000929436 -0.00326639 -6.14808e-05 0.000614302 -0.000493956 0.00332697 0.00422165 5.97444e-05
internal_weight=8755.32 5593.3 3153.4 2439.9 3162.02 2037.18 1142.93 1124.85 2804.65 1665.14 556.145 1296.97 765.501 1418.03
internal_count=2978 1698 1039 659 1280 770 318 510 948 543 158 341 198 459
is_linear=0
shrinkage=0.03


Tree=82
num_leaves=15
num_cat=0
split_feature=17 17 14 17 2 10 5 0 5 10 0 0 10 2
split_gain=15.4363 6.23171 4.91374 3.37936 3.60526 3.66396 4.52497 3.52948 3.08665 2.09238 1.84056 4.47027 2.27248 1.825
threshold=1197.5000000000002 1037.5000000000002 1272.5000000000002 1337.5000000000002 0.58333333333333337 1.4166666666666667 0.36666666666666675 1.4800000000000002 1.0000000180025095e-35 0.58333333333333337 1.8750000000000002 1.0083333333333337 1.1666666666666667 2.1666666666666674
decision_type=2 2 2 2 2 10 2 10 2 10 8 10 10 2
left_child=1 -1 8 4 -2 6 7 -6 10 -10 11 -3 -13 -12
right_child=3 2 -4 -5 5 -7 -8 -9 9 -11 13 12 -14 -15
leaf_value=-0.0052454324120546547 -0.002298867105750974 -0.0019221165114398022 -0.0031787611538029248 0.0032659378359495127 -0.000113722100044719 0.00053558828724921002 0.0064329057497126358 0.0043723787041962383 0.0012367812789129127 -0.0012334757330776447 -0.0015017464313503645 0.0015525425866907982 0.0060826822420613717 0.001389301791280296
leaf_weight=289.598916888237 254.97082233428955 171.24056434631348 632.58866500854492 843.82066249847412 399.76859307289124 1496.7435870170593 244.41882228851318 259.76355791091919 353.20707821846008 2404.2032381296158 407.7021586894989 196.86488914489746 202.75826334953308 377.51969194412231
leaf_count=134 87 64 292 206 118 431 76 68 139 893 143 70 67 121
internal_value=8.28015e-05 -0.000980683 -0.000719405 0.00161298 0.00108673 0.00144711 0.00295412 0.00165712 -0.000340515 -0.000916718 0.000830924 0.00212555 0.00386046 -0.000111786
internal_weight=8535.17 5035.68 4746.08 3499.49 2655.67 2400.69 903.951 659.532 4113.5 2757.41 1356.09 570.864 399.623 785.222
internal_count=2909 1923 1789 986 780 693 262 186 1497 1032 465 201 137 264
is_linear=0
shrinkage=0.03


Tree=83
num_leaves=15
num_cat=0
split_feature=15 11 8 13 0 18 0 0 13 18 15 0 12 3
split_gain=9.55737 4.54934 4.04037 3.63483 3.3357 3.05356 4.0446 3.36629 2.42569 2.231 3.61857 2.32385 1.86215 1.79707
threshold=1127.5000000000002 1.7083333333333337 2.5050000000000003 1.7083333333333337 1.7916666666666672 1.0000000180025095e-35 0.8416666666666669 1.7808500000000003 0.70833333333333337 1.0000000180025095e-35 1071.2500000000002 0.9010166666666668 0.58333333333333337 1.1000000000000003
decision_type=2 8 8 10 10 2 10 8 10 2 2 8 10 2
left_child=2 8 3 9 -5 6 13 -7 -2 11 -11 -1 -13 -3
right_child=1 5 -4 4 -6 7 -8 -9 -10 10 -12 12 -14 -15
leaf_value=0.0050613024125165731 0.00089745913491684384 -0.0021509404498891785 0.0051018027646002459 -0.001422439424599737 0.0017429073167866988 -0.0031247848483210955 0.0041565284121269962 0.0010969521004674033 -0.0022007510986306331 0.0022509842199912701 -0.00064925910731696381 -0.00064706776320909074 0.0021354954394453064 0.0017843230257160207
leaf_weight=204.16688966751099 254.45380771160126 223.75745487213135 200.75131487846375 1017.5362269878387 423.56127095222473 364.66551280021667 319.39831566810608 316.91515851020813 2103.0640721321106 643.65519738197327 968.58216571807861 261.08903694152832 1253.9068918228149 194.11572599411011
leaf_count=59 97 81 49 355 132 128 102 109 879 176 303 69 366 63
internal_value=7.90839e-05 -0.00105859 0.000943002 0.000767034 -0.000491531 0.000283527 0.00162062 -0.00116307 -0.00186611 0.00131145 0.000509286 0.00206299 0.00165585 -0.000322987
internal_weight=8749.62 3776.37 4973.25 4772.5 1441.1 1418.85 737.271 681.581 2357.52 3331.4 1612.24 1719.16 1515 417.873
internal_count=2968 1459 1509 1460 487 483 246 237 976 973 479 494 435 144
is_linear=0
shrinkage=0.03


Tree=84
num_leaves=15
num_cat=0
split_feature=11 14 1 15 9 8 8 3 13 1 3 9 15 15
split_gain=7.46024 7.32469 3.04098 2.53359 2.30016 4.74796 2.21483 2.13155 2.10557 2.33199 2.63199 2.22398 2.06839 1.83855
threshold=1.7083333333333337 1162.5000000000002 1.7170000000000003 1255.0000000000002 1.6750000000000003 1.3550000000000002 2.4516666666666671 1.6333333333333335 0.63333333333333341 1.7390300000000003 1.1000000000000003 1.8110000000000002 1127.5000000000002 1066.2500000000002
decision_type=8 2 10 2 10 10 10 2 8 10 2 8 2 2
left_child=1 13 4 6 5 7 8 -3 -2 10 12 -12 -10 -1
right_child=3 2 -4 -5 -6 -7 -8 -9 9 -11 11 -13 -14 -15
leaf_value=0.0013170367751611709 0.0027269809038799791 -0.0022619626652372704 0.001304468255165921 -0.0014156015372997759 -0.0059255710103960088 0.0013273449477951172 0.0036776155195383632 -0.0052520138922900542 0.0040391161177707824 0.0025906231365523864 8.6280430017155555e-06 -0.003247135685725309 0.00011983556174183218 -0.00025709174215143024
leaf_weight=958.31453824043274 551.34902596473694 1341.6273661851883 223.96552300453186 322.75844204425812 151.12877476215363 306.85374963283539 334.11919474601746 255.58451640605927 226.33122277259827 432.1437931060791 875.47480893135071 239.75498819351196 259.69086217880249 2196.6687443256378
leaf_count=284 146 585 79 128 56 117 87 104 63 115 261 67 88 774
internal_value=-3.5466e-05 -0.000714879 -0.00201035 0.00110335 -0.00237204 -0.00208703 0.00138227 -0.00274341 0.00108426 0.000637717 0.000109381 -0.000693586 0.00194952 0.00022131
internal_weight=8675.77 5434.14 2279.16 3241.62 2055.19 1904.07 2918.86 1597.21 2584.74 2033.4 1601.25 1115.23 486.022 3154.98
internal_count=2954 1999 941 955 862 806 827 689 740 594 479 328 151 1058
is_linear=0
shrinkage=0.03


Tree=85
num_leaves=15
num_cat=0
split_feature=15 16 16 1 15 1 0 16 16 6 6 9 9 9
split_gain=10.3077 7.54777 4.42148 3.65796 3.23239 3.47069 3.16245 3.08385 2.55185 2.62629 2.16172 1.97875 2.50929 2.67747
threshold=1132.5000000000002 1210.0000000000002 1068.7500000000002 2.0110000000000006 1042.5000000000002 2.2790000000000004 0.96166666666666689 1312.5000000000002 1052.5000000000002 1.1666666666666667 1.4166666666666667 1.9967500000000002 1.4700000000000002 1.5990000000000004
decision_type=2 2 2 8 2 8 10 2 2 2 2 10 8 10
left_child=1 4 -2 -3 5 -1 7 -4 9 -6 -8 12 -10 -14
right_child=2 3 6 -5 8 -7 10 -9 11 -11 -12 -13 13 -15
leaf_value=0.0046162703389265409 -0.0038347617282042173 0.001408759094842244 -0.001804976186191114 0.0047386317866363751 -0.0051042840776343778 0.00044434237181982701 -0.00085629300479728697 0.0025660802025224867 0.00050883736480017352 0.00017440297434674032 0.001905902955688847 0.0029856408775013042 -0.0042824523614021772 -0.00014708310464086816
leaf_weight=307.2376823425293 469.48656904697418 590.4822371006012 1707.2112566232681 598.65283393859863 169.00416707992554 430.16543102264404 470.10406899452209 157.89572048187256 2323.0280482769012 169.17675280570984 555.12929677963257 222.94748020172119 220.84398221969604 386.43817758560181
leaf_count=82 221 140 682 138 71 125 165 46 792 69 197 64 71 119
internal_value=0.000167694 0.00097719 -0.00113758 0.00308771 0.00038313 0.00218647 -0.000698298 -0.00143376 1.74289e-06 -0.00247086 0.000639743 0.000267625 5.98812e-05 -0.00165552
internal_weight=8777.8 5417.98 3359.83 1189.14 4228.84 737.403 2890.34 1865.11 3491.44 338.181 1025.23 3153.26 2930.31 607.282
internal_count=2982 1671 1311 278 1393 207 1090 728 1186 140 362 1046 982 190
is_linear=0
shrinkage=0.03


Tree=86
num_leaves=15
num_cat=0
split_feature=17 14 3 17 3 13 3 17 10 8 8 1 4 17
split_gain=17.2083 7.22276 4.18806 3.77428 2.95403 2.81926 2.81362 2.61148 2.50478 2.28617 3.6381 2.15929 3.22567 2.13602
threshold=1188.7500000000002 1292.5000000000002 0.70833333333333337 1087.5000000000002 2.6333333333333337 0.90000000000000013 1.9000000000000001 1097.5000000000002 0.83333333333333337 2.4516666666666671 1.1146166666666668 1.1550000000000002 0.41666666666666669 1327.5000000000002
decision_type=2 2 2 2 2 10 2 2 10 10 10 10 2 2
left_child=1 3 -2 -1 9 -5 8 -3 -7 10 -4 12 -10 -12
right_child=2 7 4 5 -6 6 -8 -9 11 -11 13 -13 -14 -15
leaf_value=-0.002026911711020703 -0.0011560819410399441 -0.0082768345135444538 0.0023091029840029442 -0.0026169960418095054 0.0051372465549892063 0.0015353214293843628 0.0019633825498248684 -0.0032035991973196555 -0.0033447234357200819 0.004060972070531345 -0.00028670385007433191 0.00043855759032480288 0.0014991157078980855 0.002324747574519107
leaf_weight=1540.8725214004517 497.8472101688385 146.24937403202057 1668.405570268631 356.87427234649658 219.86051821708679 428.92447686195374 620.84531259536743 246.55494284629822 527.43282341957092 300.44199991226196 1238.1401648521423 461.62673091888428 160.9168267250061 363.92774772644043
leaf_count=644 166 78 472 132 53 161 202 116 201 79 363 161 63 87
internal_value=7.01046e-05 -0.00122781 0.00142903 -0.000854617 0.00176875 -0.000147561 0.000254074 -0.00510869 -0.000418867 0.00155997 0.00132904 -0.00114845 -0.00221184 0.000307597
internal_weight=8778.92 4490.3 4288.62 4097.49 3790.78 2556.62 2199.75 392.804 1578.9 3570.92 3270.47 1149.98 688.35 1602.07
internal_count=2978 1758 1220 1564 1054 920 788 194 586 1001 922 425 264 450
is_linear=0
shrinkage=0.03


Tree=87
num_leaves=15
num_cat=0
split_feature=17 15 0 17 14 13 18 14 16 17 17 13 2 16
split_gain=15.3005 6.93121 6.39292 4.30244 3.76938 3.56513 3.34754 3.22555 2.62362 2.48432 2.44607 2.9971 2.60556 2.1131
threshold=1117.5000000000002 1197.5000000000002 1.5150000000000003 1320.0000000000002 1042.5000000000002 1.7750000000000001 1.0000000180025095e-35 1197.5000000000002 1255.0000000000002 1066.2500000000002 1253.7500000000002 1.3666666666666669 1.5833333333333337 1132.5000000000002
decision_type=2 2 10 2 2 10 2 2 2 2 2 10 2 2
left_child=2 3 7 4 -2 -4 8 -1 10 -9 11 12 -6 -13
right_child=1 -3 5 -5 6 -7 -8 9 -10 -11 -12 13 -14 -15
leaf_value=-0.0017991253184713159 0.0035181935536687777 -0.0018992818175773939 0.0026416993019988608 0.0029171555381972834 0.0014166066065028312 -0.001500087834584696 -0.00053392066101512817 -0.0067288387542537766 -0.0015051814660627201 -0.0030658623569247275 0.0039079582936808813 0.0039303010448885588 -0.0028952294047920051 0.00043757035588370019
leaf_weight=1541.5430158376694 392.40762829780579 750.2455188035965 374.43762767314911 1030.4449582099915 266.55260491371155 371.82390451431274 1693.8976864814758 235.86666512489319 251.00137209892273 575.83168935775757 373.08689117431641 372.64296889305115 237.69512224197388 267.98354911804199
leaf_count=615 94 295 130 242 86 140 538 122 67 268 100 122 72 83
internal_value=-0.000147319 0.000783752 -0.00184003 0.00119606 0.000735405 0.000578813 0.000419138 -0.00260702 0.00133154 -0.00413724 0.00180129 0.00111196 -0.000617638 0.0024722
internal_weight=8735.46 5635.96 3099.5 4885.71 3855.27 746.262 3462.86 2353.24 1768.96 811.698 1517.96 1144.87 504.248 640.627
internal_count=2974 1699 1275 1404 1162 270 1068 1005 530 390 463 363 158 205
is_linear=0
shrinkage=0.03


Tree=88
num_leaves=15
num_cat=0
split_feature=17 15 0 17 17 12 7 0 12 11 15 10 11 10
split_gain=18.5699 7.61167 4.47637 3.9033 3.39942 2.96862 2.92269 3.21631 3.07722 2.72058 2.60653 2.53947 2.39751 2.97296
threshold=1127.5000000000002 1120.0000000000002 1.5083333333333335 1087.5000000000002 1197.5000000000002 1.5833333333333337 1.4500000000000002 0.8416666666666669 0.83333333333333337 1.3666666666666669 1120.0000000000002 1.8333333333333337 2.4500000000000006 1.5833333333333337
decision_type=2 2 10 2 2 10 2 8 10 10 2 10 10 10
left_child=2 4 3 9 -2 12 8 -8 -3 10 -1 -5 13 -6
right_child=1 6 -4 11 5 -7 7 -9 -10 -11 -12 -13 -14 -15
leaf_value=-0.0013171759637825415 0.00066517770908518009 0.0010234507906503152 0.00012895134300754997 -0.0018667024975965734 0.00071478809312032748 0.0046827699775442155 -0.002163317229677704 0.001493127357928741 -0.0023339131158926895 -0.0067824735569814677 -0.0044004978703038712 0.0016217433878840373 -0.0001448735205929636 0.00404701578365584
leaf_weight=459.58329105377197 940.66583704948425 361.72181224822998 844.49886751174927 1070.6791703701019 384.26542329788208 569.72062039375305 266.38125467300415 1138.3603041172028 761.90732550621033 204.16081213951111 534.85450756549835 226.90899121761322 325.37430858612061 647.46519923210144
leaf_count=184 285 115 304 432 95 147 101 389 258 91 259 87 74 153
internal_value=-1.51485e-06 0.00108671 -0.00175901 -0.00239753 0.00214446 0.00286592 -0.00011329 0.00079871 -0.00125315 -0.00363138 -0.00297828 -0.0012559 0.00210032 0.00280783
internal_weight=8736.55 5395.86 3340.69 2496.19 2867.49 1926.83 2528.37 1404.74 1123.63 1198.6 994.438 1297.59 1357.1 1031.73
internal_count=2974 1617 1357 1053 754 469 863 490 373 534 443 519 322 248
is_linear=0
shrinkage=0.03


Tree=89
num_leaves=15
num_cat=0
split_feature=18 11 1 6 13 3 13 10 1 1 11 2 1 12
split_gain=6.08746 6.16267 4.88032 4.35389 3.51827 3.47097 3.2913 3.45662 3.10184 2.34146 3.21996 2.3366 2.23072 2.06692
threshold=1.0000000180025095e-35 1.7083333333333337 1.7757800000000001 1.5833333333333337 1.2916666666666667 0.63333333333333341 1.6333333333333335 1.5833333333333337 0.90200000000000014 1.3430000000000002 0.90000000000000013 1.1666666666666667 1.5730000000000002 1.1666666666666667
decision_type=2 10 8 2 10 2 10 10 8 10 10 2 10 10
left_child=1 3 -2 8 -3 -4 7 11 -1 10 -5 -7 -10 -12
right_child=2 4 5 9 -6 6 -8 -9 12 -11 13 -13 -14 -15
leaf_value=0.0047642519947206068 -0.001837175588170357 0.0034453467740423707 -0.0033683463769497574 -0.0053425464624404541 0.00064432222651577338 0.0026489923272516331 -0.0013098831588335448 0.0026758321599826993 -0.00020623754624449791 0.00069303568848009969 0.0010573211625506407 -0.0010708071863223892 0.0022725360540950543 -0.0026851714788474661
leaf_weight=173.69893991947174 1867.6202783584595 1012.1926575899124 221.46944344043732 226.6184903383255 671.69188892841339 203.30781328678131 609.4721360206604 797.07575726509094 1076.1595636606216 323.22737085819244 231.21092796325684 592.40744614601135 468.12364053726196 309.74165666103363
leaf_count=64 667 276 90 102 209 75 222 229 394 108 84 199 144 123
internal_value=0.000122888 0.00089465 -0.000685098 3.41753e-05 0.00232908 0.000203033 0.000563553 0.00128078 0.000975146 -0.00144737 -0.00234843 -0.000118254 0.000546146 -0.00108658
internal_weight=8784.02 4492.67 4291.35 2808.78 1683.88 2423.73 2202.26 1592.79 1717.98 1090.8 767.571 795.715 1544.28 540.953
internal_count=2986 1504 1482 1019 485 815 725 503 602 417 309 274 538 207
is_linear=0
shrinkage=0.03


Tree=90
num_leaves=15
num_cat=0
split_feature=17 15 15 18 15 6 17 18 17 2 1 17 12 1
split_gain=16.4918 6.08659 4.41629 3.46213 5.45018 3.12696 2.86705 2.89064 4.22343 2.84058 2.49507 4.45931 2.29108 2.0241
threshold=1197.5000000000002 1098.7500000000002 1290.0000000000002 1.0000000180025095e-35 1078.7500000000002 1.5833333333333337 1087.5000000000002 1.0000000180025095e-35 1066.2500000000002 2.1666666666666674 1.45652 1127.5000000000002 1.1666666666666667 1.9090000000000003
decision_type=2 2 2 2 2 2 2 2 2 2 10 2 8 10
left_child=1 5 3 -2 -5 10 7 8 -3 -6 11 -1 -9 -12
right_child=2 6 -4 4 9 -7 -8 12 -10 -11 13 -13 -14 -15
leaf_value=-0.0018015124521718895 0.0027365715874194279 -0.0039949753253046734 -0.0025454757304343087 0.0034578022629890852 0.00038243088446371652 -0.0020583300374975222 -0.0012757361922557551 -0.0080847922731077659 0.0015966940401855672 -0.0035343539378137677 0.0042262324215759997 0.002635630569635017 -0.0035633006969219725 0.00073249837625605175
leaf_weight=538.46796059608459 1781.0497174263 278.28219723701477 221.22142386436462 495.03477478027344 952.20072507858276 409.06337141990662 2123.157520532608 137.69512450695038 214.52340185642242 200.95864963531494 283.71851515769958 326.65843796730042 384.10658574104309 314.73124742507935
leaf_count=202 467 133 87 114 289 139 833 64 93 59 91 96 179 95
internal_value=2.12636e-05 -0.00109606 0.00155471 0.00181988 0.000828241 0.000257382 -0.00190363 -0.00321499 -0.00156256 -0.00030261 0.000905578 -0.000125007 -0.00476963 0.00239313
internal_weight=8660.87 5010.4 3650.47 3429.24 1648.19 1872.64 3137.76 1014.61 492.806 1153.16 1463.58 865.126 521.802 598.45
internal_count=2941 1925 1016 929 462 623 1302 469 226 348 484 298 243 186
is_linear=0
shrinkage=0.03


Tree=91
num_leaves=15
num_cat=0
split_feature=18 1 14 7 13 14 7 10 3 13 1 14 1 14
split_gain=6.48701 4.58088 5.07035 4.39774 3.32681 3.29293 2.9649 2.78021 4.99018 3.20083 2.70555 2.6139 2.52553 2.4985
threshold=1.0000000180025095e-35 1.3310000000000002 1267.5000000000002 2.1000000000000005 2.1000000000000005 1188.7500000000002 2.5500000000000003 1.1666666666666667 1.9000000000000001 0.90000000000000013 1.0657100000000004 1071.2500000000002 1.7270000000000003 1117.5000000000002
decision_type=2 10 2 2 8 2 2 10 2 10 8 2 10 2
left_child=1 2 4 -3 7 10 -4 9 11 -1 -2 -9 -7 -13
right_child=5 3 6 -5 -6 12 -8 8 -10 -11 -12 13 -14 -15
leaf_value=0.0033571598625724169 -0.0026420892514842187 0.0014776746741064258 -0.0011107745322989735 0.0062276900547299742 -0.0022732691356104912 -0.0024255415610460406 -0.0059440779654522354 0.0041330604924910445 0.0060824411696051772 -0.0012167888087462504 0.00012721812838090157 -0.0017554413389251665 0.0015769197785966069 0.0016540610986873268
leaf_weight=174.01762557029724 364.95068287849426 1392.2562927007675 406.9919821023941 199.93952548503876 297.22648131847382 1315.9398971796036 158.14453053474426 206.29212379455566 221.34973692893982 644.78948187828064 2398.0304130315781 310.58582210540771 158.33114385604858 509.2157655954361
leaf_count=56 123 412 172 64 114 533 70 54 63 240 763 94 54 162
internal_value=-7.27692e-06 0.000783088 7.8784e-05 0.00207769 0.000689354 -0.000850519 -0.00247141 0.00111642 0.00200741 -0.000241797 -0.000239392 0.00112327 -0.00199491 0.00036179
internal_weight=8758.06 4520.81 2928.61 1592.2 2363.48 4237.25 565.137 2066.25 1247.44 818.807 2762.98 1026.09 1474.27 819.802
internal_count=2974 1501 1025 476 783 1473 242 669 373 296 886 310 587 256
is_linear=0
shrinkage=0.03


Tree=92
num_leaves=15
num_cat=0
split_feature=15 13 8 8 5 12 15 1 1 1 15 1 14 3
split_gain=8.69221 6.10058 3.14694 3.06833 2.79609 3.21021 2.48369 2.32065 3.10822 2.39852 2.02539 4.13701 1.95431 1.93264
threshold=1255.0000000000002 1.7083333333333337 2.4716666666666676 1.7533333333333336 1.0000000180025095e-35 1.1666666666666667 1073.7500000000002 1.7510000000000001 1.5190100000000004 1.9570000000000001 1088.7500000000002 2.3990000000000005 1207.5000000000002 1.9000000000000001
decision_type=2 10 8 10 2 10 2 10 10 10 2 8 2 2
left_child=1 2 4 10 5 -1 -7 8 12 -9 11 -3 -6 -8
right_child=-2 3 -4 -5 7 6 13 9 -10 -11 -12 -13 -14 -15
leaf_value=0.0028894974487200008 -0.0026817729207168346 0.0020264760177585938 0.0038034338458173022 0.00242975666777439 0.0006808168949821601 0.0023249504508884278 0.00076268303118024806 0.0045588366755726136 -0.0030209794621415139 6.2242529560547124e-05 -0.0020229679037968525 -0.0026234209159635225 -0.0013044993246592378 -0.0033586747007756986
leaf_weight=961.21078133583069 923.61487030982971 391.63080763816833 322.23938918113708 218.01243114471436 2239.5992510318756 292.50528478622437 204.92897272109985 215.63301014900208 280.63811850547791 210.56012940406799 1277.0908726453781 305.73416662216187 556.26214015483856 203.08364284038544
leaf_count=275 414 128 83 66 722 78 71 63 87 61 500 102 209 67
internal_value=6.62636e-05 0.000397093 0.000931571 -0.000940258 0.000751677 0.00176475 0.000219514 0.000270694 -1.70051e-05 0.00234265 -0.0013134 -1.29387e-05 0.000285495 -0.00129187
internal_weight=8602.74 7679.13 5486.66 2192.47 5164.42 1661.73 700.518 3502.69 3076.5 426.193 1974.46 697.365 2795.86 408.013
internal_count=2926 2512 1716 796 1633 491 216 1142 1018 124 730 230 931 138
is_linear=0
shrinkage=0.03


Tree=93
num_leaves=15
num_cat=0
split_feature=17 18 15 17 11 15 16 4 16 2 2 15 13 18
split_gain=19.0699 7.24892 5.049 4.92126 4.22881 5.26426 3.28982 2.60783 2.91746 2.6324 2.58264 2.72161 2.13496 2.12622
threshold=1112.5000000000002 1.0000000180025095e-35 1098.7500000000002 1272.5000000000002 1.9000000000000001 1157.5000000000002 1197.5000000000002 1.0000000180025095e-35 1107.5000000000002 1.4166666666666667 1.8333333333333337 1132.5000000000002 1.3666666666666669 1.0000000180025095e-35
decision_type=2 2 2 2 8 2 2 2 2 2 2 2 10 2
left_child=4 3 -3 6 5 13 7 8 -2 12 11 -4 -9 -1
right_child=1 2 10 -5 -6 -7 -8 9 -10 -11 -12 -13 -14 -15
leaf_value=-0.00037711833390376614 0.00610479189397704 0.001586894274078388 0.0014822468707976562 0.003881123308748121 0.002400425289067358 -0.0042676293313449127 -0.0020293066421286361 -0.00016331559890638898 0.0019283193792878892 -0.0022462813484018787 -0.0031371727167116632 -0.0013867271523586519 0.0029776880800416908 -0.0023734250704439742
leaf_weight=987.59929573535919 202.54376316070557 1091.841668844223 457.79039025306702 966.31480646133423 192.36920833587646 782.15640020370483 237.95222735404968 366.50428140163422 584.69884085655212 213.59473323822021 398.21286392211914 846.09050941467285 414.37314021587372 934.38583171367645
leaf_count=376 65 282 143 240 71 382 69 125 175 68 132 313 136 368
internal_value=9.8232e-05 0.00109383 -4.58626e-06 0.00212126 -0.00188815 -0.00219401 0.00127774 0.0017203 0.00300923 0.000697953 -0.00102581 -0.000379071 0.00150514 -0.00134837
internal_weight=8676.43 5779.92 2793.94 2985.98 2896.51 2704.14 2019.67 1781.71 787.243 994.472 1702.09 1303.88 780.877 1921.99
internal_count=2945 1748 870 878 1197 1126 638 569 240 329 588 456 261 744
is_linear=0
shrinkage=0.03


Tree=94
num_leaves=15
num_cat=0
split_feature=17 15 15 5 17 17 10 9 7 17 10 16 9 13
split_gain=16.6548 6.94462 3.48968 3.15436 3.01959 2.81999 2.5175 2.06346 1.71634 3.90714 7.31952 2.8088 2.09468 3.58678
threshold=1082.5000000000002 1102.5000000000002 1146.2500000000002 1.0000000180025095e-35 1188.7500000000002 1320.0000000000002 2.5833333333333335 1.9967500000000002 1.4500000000000002 1188.7500000000002 1.8333333333333337 1187.5000000000002 1.4430000000000003 1.2916666666666667
decision_type=2 2 2 2 2 2 10 10 2 2 10 2 10 10
left_child=2 4 3 -1 -2 6 7 8 11 10 -10 -3 13 -11
right_child=1 5 -4 -5 -6 -7 -8 -9 9 12 -12 -13 -14 -15
leaf_value=0.00036377669585830951 0.00053879579778906637 -0.0004789961208812947 -0.0046536978134791842 -0.0030160452688261399 0.0024979758526169661 0.001729170092459731 -0.0026510562809309844 0.0029425117912741956 -0.0022830265616797137 0.00096844961202813967 0.0048174527953474683 -0.0038596118297265169 -0.00056012140890097082 0.0064305988689137691
leaf_weight=402.95530366897583 1156.3261752128601 1217.2141568660736 559.81367993354797 646.6361209154129 1827.9117033481598 609.75737762451172 421.56125009059906 178.08547472953796 701.75275993347168 258.98331522941589 159.53236937522888 269.42143630981445 182.07996249198914 185.3685348033905
leaf_count=157 373 456 278 266 435 165 141 58 299 89 63 86 61 64
internal_value=1.46006e-05 0.000633893 -0.0027423 -0.00171937 0.00173927 -0.000154791 -0.000476606 -0.000185078 -0.000373264 0.000347043 -0.000963772 -0.00109384 0.00214795 0.0032564
internal_weight=8777.4 7167.99 1609.41 1049.59 2984.24 4183.76 3574 3152.44 2974.35 1487.72 861.285 1486.64 626.432 444.352
internal_count=2991 2290 701 423 808 1482 1317 1176 1118 576 362 542 214 153
is_linear=0
shrinkage=0.03


Tree=95
num_leaves=15
num_cat=0
split_feature=17 15 15 18 15 7 14 15 17 17 17 14 1 7
split_gain=15.6218 6.4435 5.11769 3.73996 8.93112 3.37105 3.21744 3.3024 3.32064 2.88219 2.62576 2.28353 2.20696 2.17675
threshold=1188.7500000000002 1137.5000000000002 1262.5000000000002 1.0000000180025095e-35 1078.7500000000002 1.7750000000000001 1177.5000000000002 1127.5000000000002 1253.7500000000002 1087.5000000000002 1327.5000000000002 1207.5000000000002 1.9630000000000003 2.3666666666666671
decision_type=2 2 2 2 2 2 2 2 2 2 2 2 8 2
left_child=1 13 3 6 -5 9 7 8 -2 12 -6 -8 -3 -1
right_child=2 5 -4 4 10 -7 11 -9 -10 -11 -12 -13 -14 -15
leaf_value=-0.00043481503164411942 0.00058274640655603209 -0.0062246276856014054 -0.0018846828381082412 0.0037887772195159602 -0.001459790450723633 -0.0039886187929793968 0.0069248667849689484 -0.00093747820735924289 0.0038641857951461811 8.210284479689831e-05 0.0016710761654462664 0.0030876703174777444 -0.0011346173690827579 0.0030186081913944822
leaf_weight=2684.1679968833923 453.44177579879761 145.9973064661026 378.23188257217407 601.84142231941223 933.29927492141724 792.37655985355377 218.2651526927948 298.77602458000183 716.14532041549683 530.71410536766052 324.00549697875977 393.48468375205994 161.38516473770142 173.97590279579163
leaf_count=965 119 69 149 141 301 372 59 88 161 220 83 117 80 64
internal_value=0.000156747 -0.00108237 0.00144493 0.00176502 0.000786637 -0.00258666 0.00263868 0.00187494 0.00259358 -0.00125801 -0.000652284 0.0044658 -0.00356456 -0.000223622
internal_weight=8806.11 4488.62 4317.49 3939.26 1859.15 1630.47 2080.11 1468.36 1169.59 838.097 1257.3 611.75 307.382 2858.14
internal_count=2988 1770 1218 1069 525 741 544 368 280 369 384 176 149 1029
is_linear=0
shrinkage=0.03


Tree=96
num_leaves=15
num_cat=0
split_feature=17 17 14 3 9 8 18 0 9 9 10 4 15 14
split_gain=17.515 5.91118 4.4806 2.86078 2.79272 3.47015 3.37036 4.67371 2.30938 5.82179 3.71308 2.57399 2.25777 2.69788
threshold=1127.5000000000002 1327.5000000000002 1202.5000000000002 0.45000000000000007 1.3443800000000004 1.5010166666666669 1.0000000180025095e-35 1.061666666666667 1.4510000000000003 1.6030000000000004 2.4166666666666674 1.0000000180025095e-35 1148.7500000000002 1127.5000000000002
decision_type=2 2 2 2 8 10 2 8 10 10 10 2 2 2
left_child=2 3 4 -2 6 -6 -1 -8 10 -10 11 12 13 -5
right_child=1 -3 -4 8 5 -7 7 -9 9 -11 -12 -13 -14 -15
leaf_value=-0.00030068465101849281 -0.0025111619161226834 0.0031194828349056184 -0.0035424235635565429 0.002440941432235574 0.0045425383183638531 -0.0010860501781639687 -0.0075557300660165812 -0.0018633146540785852 -0.0035729159399831433 0.00085483348967975014 -0.001724309756869157 0.00083683820515329877 0.00022242440109269967 0.0062415594542924039
leaf_weight=1050.2454311847687 252.09196043014526 1022.1922442913055 874.80615413188934 537.96803450584412 166.43216300010681 239.00980472564697 152.2176194190979 858.65071606636047 344.69721174240112 1176.9097964763641 314.40415191650391 1241.1764370203018 224.19188332557678 245.22112536430359
leaf_count=406 96 241 417 146 60 84 64 337 107 345 93 406 81 74
internal_value=5.52071e-06 0.00106835 -0.00169884 0.000584265 -0.00104381 0.00122995 -0.00149146 -0.0027271 0.000775877 -0.000149894 0.00132534 0.00175234 0.00287836 0.00363738
internal_weight=8700.21 5358.85 3341.36 4336.66 2466.56 405.442 2061.11 1010.87 4084.57 1521.61 2562.96 2248.56 1007.38 783.189
internal_count=2957 1589 1368 1348 951 144 807 401 1252 452 800 707 301 220
is_linear=0
shrinkage=0.03


Tree=97
num_leaves=15
num_cat=0
split_feature=17 0 2 7 17 16 12 16 17 11 7 10 7 2
split_gain=11.3068 3.47821 3.3154 2.57085 2.73534 2.44741 2.37551 2.50143 2.37221 2.36329 2.7579 2.33965 3.62723 2.33111
threshold=1127.5000000000002 1.4116666666666668 2.1666666666666674 0.45000000000000007 1337.5000000000002 1137.5000000000002 1.1666666666666667 1068.7500000000002 1071.2500000000002 1.2916666666666667 1.3666666666666669 1.4166666666666667 1.4500000000000002 1.4166666666666667
decision_type=2 10 2 2 2 2 10 2 2 10 2 10 2 2
left_child=1 2 6 -2 5 -5 8 -8 -1 10 -9 12 -7 -3
right_child=3 13 -4 4 -6 11 7 9 -10 -11 -12 -13 -14 -15
leaf_value=-0.0067484089432387675 0.0032825371904334406 0.0027971018150047414 0.00089539058291303048 0.0014420103503734818 0.0022928885491462847 -0.00045599064358730859 -0.0035519772765819019 0.0022011287381036105 -0.0027110766300379248 -0.0030267073284551619 -0.0016974990459565666 -0.00084551175351158306 0.0029803531766594638 -0.00063273418027130844
leaf_weight=184.89638483524323 385.95601010322571 237.20165765285492 322.8722128868103 1404.4775197505951 849.75722789764404 683.47534251213074 436.60625147819519 317.43949627876282 453.18336081504822 295.93720579147339 334.21798431873322 1584.1709718704224 462.97462224960327 708.78070652484894
leaf_count=88 106 90 126 473 201 202 206 128 186 122 148 465 152 255
internal_value=7.82797e-05 -0.00130611 -0.0019253 0.000926692 0.000743667 0.000424827 -0.00237587 -0.00167572 -0.0038897 -0.000808404 0.000202088 -9.86911e-05 0.000933107 0.00022933
internal_weight=8661.95 3291.14 2345.15 5370.81 4984.86 4135.1 2022.28 1384.2 638.08 947.595 651.657 2730.62 1146.45 945.982
internal_count=2948 1349 1004 1599 1493 1292 878 604 274 398 276 819 354 345
is_linear=0
shrinkage=0.03


Tree=98
num_leaves=15
num_cat=0
split_feature=17 15 17 17 15 5 12 15 5 11 5 10 17 18
split_gain=11.4006 4.71332 4.54976 2.90769 3.13574 2.38754 2.30894 2.28302 2.13206 2.05557 1.95197 2.27253 2.34894 1.81771
threshold=1097.5000000000002 1120.0000000000002 1197.5000000000002 1010.0000000000001 1177.5000000000002 0.29166666666666669 1.5833333333333337 1262.5000000000002 0.45000000000000007 1.5500000000000003 1.0000000180025095e-35 0.83333333333333337 1071.2500000000002 1.0000000180025095e-35
decision_type=2 2 2 2 2 2 10 2 2 10 2 10 2 2
left_child=3 2 -2 -1 10 13 -4 8 -7 -9 -5 12 -12 -3
right_child=1 5 6 4 -6 7 -8 9 -10 -11 11 -13 -14 -15
leaf_value=-0.0055138088472465934 0.00022907776848742523 0.0015690053900011976 0.0017346605529261949 0.00062139706950388354 -0.0039250486580242258 -0.0013233746367598196 0.0040173006829991387 -0.00072569094013318015 0.0013547016799047927 -0.0049700927441294262 -0.0022604021442590634 -0.0029590669951768578 0.0024389934497614459 -0.00039948919961263929
leaf_weight=182.81750571727753 1562.7909286022186 876.22594225406647 1356.2991483211517 496.77172088623047 391.33478915691376 709.53237581253052 566.00909733772278 199.0369701385498 428.16475701332092 212.03497457504272 192.46895706653595 540.51709580421448 188.47813034057617 813.23924970626831
leaf_count=86 495 295 319 192 198 243 145 93 148 89 84 220 74 291
internal_value=7.53749e-05 0.00066605 0.00143155 -0.0019172 -0.001551 -0.000157996 0.00240851 -0.00100846 -0.000315194 -0.00292174 -0.000893617 -0.00171017 6.49783e-05 0.000621777
internal_weight=8715.72 6723.33 3485.1 1992.39 1809.57 3238.23 1922.31 1548.77 1137.7 411.072 1418.24 921.464 380.947 1689.47
internal_count=2972 2118 959 854 768 1159 464 573 391 182 570 378 158 586
is_linear=0
shrinkage=0.03


Tree=99
num_leaves=15
num_cat=0
split_feature=15 11 18 7 15 16 16 0 8 15 0 18 13 4
split_gain=8.37864 6.35281 3.79198 4.85867 3.1962 3.99796 3.49511 3.1145 2.98699 2.8913 3.01242 2.77974 2.74277 2.43322
threshold=1270.0000000000002 1.7750000000000001 1.0000000180025095e-35 1.2250000000000003 1042.5000000000002 1132.5000000000002 1036.2500000000002 0.70166666666666677 1.361666666666667 1120.0000000000002 1.8643500000000002 1.0000000180025095e-35 0.90000000000000013 1.0000000180025095e-35
decision_type=2 8 2 2 2 2 2 10 10 2 10 2 10 2
left_child=1 4 3 -3 5 -1 -6 -2 -9 10 -4 -8 -5 -11
right_child=7 2 9 12 6 -7 11 8 -10 13 -12 -13 -14 -15
leaf_value=0.0038313882428586605 -0.0044912675207485356 0.00079816023205152124 0.00037714610359500407 0.0016578603324632986 -0.0044725692287807088 -0.0010782555373535455 0.00040747338577676296 0.0028966874587407583 -0.0029134693606387317 0.0011607086029375923 0.0043090095104852781 -0.0011560546462563769 0.0052854352934535364 -0.0026014404949356762
leaf_weight=355.39469933509827 441.51090896129608 800.80444407463074 593.11277842521667 284.39884233474731 193.23496532440186 256.24144005775452 2101.243014216423 129.65445411205292 203.01195347309113 254.00244665145874 248.12818431854248 1993.3156598806381 557.13807129859924 393.01844644546509
leaf_count=107 209 212 160 73 89 63 746 63 86 82 60 742 160 131
internal_value=0.000136142 0.00042362 0.001479 0.00247248 -0.000250905 0.00177612 -0.000540399 -0.00284238 -0.000647106 0.000381754 0.00154061 -0.000353781 0.00406291 -0.00112501
internal_weight=8804.21 8030.03 3130.6 1642.34 4899.43 611.636 4287.79 774.177 332.666 1488.26 841.241 4094.56 841.537 647.021
internal_count=2983 2625 878 445 1747 170 1577 358 149 433 220 1488 233 213
is_linear=0
shrinkage=0.03


Tree=100
num_leaves=15
num_cat=0
split_feature=17 18 1 15 1 15 11 1 15 17 16 16 15 12
split_gain=14.7143 3.99558 4.70497 3.56436 4.01626 3.3828 3.50364 2.73213 2.48302 2.57057 3.11473 2.34323 3.97317 2.15854
threshold=1112.5000000000002 1.0000000180025095e-35 1.7757800000000001 1232.5000000000002 0.67825333333333349 1137.5000000000002 1.7083333333333337 1.4645700000000004 1172.5000000000002 1253.7500000000002 1137.5000000000002 1197.5000000000002 1120.0000000000002 1.8333333333333337
decision_type=2 2 10 2 10 2 8 8 2 2 2 2 2 10
left_child=5 3 -3 8 -5 7 -7 -1 9 10 13 -11 -13 -2
right_child=1 2 -4 4 -6 6 -8 -9 -10 11 -12 12 -14 -15
leaf_value=-0.0030885885065913697 0.001235437216950622 -0.00045509620295749228 0.0027028766247943975 -0.0043762860244977728 0.0022411961065720905 -0.0036179424798922794 0.0016105103131852096 -0.00026768948845315264 0.005156957487299307 0.0051284500728494692 -0.00039829891188191048 0.0036931215977309534 -0.00082897022438629443 0.0049058896604479464
leaf_weight=391.4895498752594 431.33739328384399 2235.1073529720306 523.12893033027649 171.49790346622467 157.40692806243896 947.16144227981567 130.74754130840302 1453.8931839466095 218.14751887321472 308.34258937835693 720.06420612335205 471.00517749786377 277.27222633361816 216.38120436668396
leaf_count=157 137 719 138 71 60 464 55 543 70 81 211 100 75 67
internal_value=8.33919e-05 0.000967001 0.00014461 0.00173008 -0.0012121 -0.00164823 -0.00298284 -0.000867479 0.00209659 0.00181921 0.00095952 0.00293011 0.0020186 0.00246729
internal_weight=8652.98 5729.69 2758.24 2971.46 328.905 2923.29 1077.91 1845.38 2642.55 2424.4 1367.78 1056.62 748.277 647.719
internal_count=2948 1729 857 872 131 1219 519 700 741 671 415 256 175 204
is_linear=0
shrinkage=0.03


Tree=101
num_leaves=15
num_cat=0
split_feature=15 16 15 16 1 18 1 1 18 1 1 5 16 10
split_gain=5.94824 3.20821 2.907 2.61883 2.55111 2.37166 2.74227 2.29149 2.01282 5.64731 2.12072 2.70147 2.86633 2.17143
threshold=1137.5000000000002 1068.7500000000002 1345.0000000000002 1047.5000000000002 2.2660000000000005 1.0000000180025095e-35 1.0384500000000003 0.28404000000000001 1.0000000180025095e-35 1.4070000000000003 1.2350000000000005 0.36666666666666675 1148.7500000000002 1.1666666666666667
decision_type=2 2 2 2 10 2 8 8 2 10 10 2 2 10
left_child=3 -2 8 -1 5 7 -7 -5 9 -3 11 12 -10 -13
right_child=1 2 -4 4 -6 6 -8 -9 10 -11 -12 13 -14 -15
leaf_value=-0.0018086587634256531 -0.0034163985657935728 -0.00049464405150606539 -0.0040683368489028583 0.0041278463840731337 0.003012848954798831 -0.0027625527132952269 0.00031157847661508021 0.0009585125969900787 -0.0011942328536107829 0.0045171799885915511 -0.0032506499197002192 0.00062189679423616526 0.004197093802063733 -0.0034891747769176681
leaf_weight=369.15313982963562 428.82567322254181 1041.4901823997498 202.60627043247223 225.27100133895874 430.30773735046387 299.36222791671753 2000.0929191112518 2234.4148116111755 173.03785765171051 250.09261071681976 335.13188445568085 189.39955973625183 180.45904874801636 294.82607793807983
leaf_count=154 209 389 93 68 113 99 619 661 75 81 124 83 62 116
internal_value=4.26905e-05 -0.00101099 -0.000623093 0.000629614 0.000803376 0.000603011 -8.96644e-05 0.00125034 -0.000338317 0.000478553 -0.00123752 -0.000429249 0.0015621 -0.00188321
internal_weight=8654.47 3095.87 2667.04 5558.6 5189.45 4759.14 2299.46 2459.69 2464.44 1291.58 1172.85 837.723 353.497 484.226
internal_count=2946 1232 1023 1714 1560 1447 718 729 930 470 460 336 137 199
is_linear=0
shrinkage=0.03


Tree=102
num_leaves=15
num_cat=0
split_feature=16 5 14 18 16 8 11 11 18 1 14 9 1 1
split_gain=7.36876 7.0112 5.60296 3.39487 3.05981 2.7275 2.54846 2.51688 2.29691 3.0838 2.36533 2.05541 1.83192 1.92745
threshold=1210.0000000000002 1.0000000180025095e-35 1207.5000000000002 1.0000000180025095e-35 1052.5000000000002 1.5283333333333335 1.5500000000000003 2.9000000000000004 1.0000000180025095e-35 1.45652 1052.5000000000002 1.3710000000000002 2.2660000000000005 1.4710000000000003
decision_type=2 2 2 2 2 10 10 10 2 8 2 10 8 10
left_child=1 8 6 4 -3 -4 -2 12 9 -1 -10 -6 13 -8
right_child=2 3 5 -5 11 -7 7 -9 10 -11 -12 -13 -14 -15
leaf_value=0.0049658903868814719 0.0052713405134996822 -0.0036630663414988613 -0.003933838270311023 -0.001941165813711431 -0.00058121420571991358 0.0010365832733417474 0.0019428827588046005 0.004509764686673007 0.0024210741574812247 0.0010795951279368812 -0.00084631268328628996 0.0014288520559886813 0.002765716187741604 -0.0017123651981664303
leaf_weight=235.3586231470108 254.09064221382141 224.63524758815765 200.10850954055786 2299.4008060693741 1571.6707965135574 195.7409029006958 247.5028350353241 267.19244170188904 264.89266586303711 829.8674601316452 796.43086051940918 644.87970244884491 383.69068765640259 270.88811755180359
leaf_count=82 64 103 66 895 588 58 62 61 72 265 287 207 89 62
internal_value=-2.24944e-05 -0.000472263 0.00167461 -0.00111422 -0.000334827 -0.00147963 0.00255225 0.00195738 0.000958662 0.00194211 -2.93037e-05 3.97192e-06 0.00119722 3.3193e-05
internal_weight=8686.35 6867.14 1819.21 4740.59 2441.19 395.849 1423.36 1169.27 2126.55 1065.23 1061.32 2216.55 902.082 518.391
internal_count=2961 2499 462 1793 898 124 338 274 706 347 359 795 213 124
is_linear=0
shrinkage=0.03


Tree=103
num_leaves=15
num_cat=0
split_feature=8 15 18 15 16 16 15 16 4 15 16 16 15 14
split_gain=6.11309 5.14961 4.29219 3.64027 3.356 2.49284 2.45249 3.22727 2.15865 2.00155 3.72727 2.25387 2.40969 2.12305
threshold=2.5050000000000003 1270.0000000000002 1.0000000180025095e-35 1083.7500000000002 1066.2500000000002 1112.5000000000002 1172.5000000000002 1142.5000000000002 1.0000000180025095e-35 1127.5000000000002 1112.5000000000002 1172.5000000000002 1073.7500000000002 1167.5000000000002
decision_type=10 2 2 2 2 2 2 2 2 2 2 2 2 2
left_child=1 2 4 8 -1 -3 9 -8 -4 11 -11 13 -13 -6
right_child=-2 5 3 -5 6 -7 7 -9 -10 10 -12 12 -14 -15
leaf_value=-0.0017593768451935126 0.0037334085322360787 -0.0051081012531362926 0.0014748171713556326 -0.001526404114847556 0.00087174409405244458 -0.0014777676801700724 0.00033658590021881397 0.0056279312854848303 -0.0011657657359915503 0.002788474478308196 -0.0016915688310477905 0.00052273931437800739 0.0040515322671647036 -0.0024738812799742663
leaf_weight=493.35282814502716 337.94629907608032 261.00608766078949 745.67826890945435 2497.2806355953217 1192.768506526947 489.68553602695465 202.81173765659332 211.65740633010864 443.58122563362122 220.35531604290009 681.63699758052826 315.13509774208069 389.2507746219635 198.20812392234802
leaf_count=207 90 137 213 912 367 212 84 68 133 85 222 69 94 64
internal_value=-0.000216107 -0.000376528 -0.000141985 -0.000876045 0.000551024 -0.00274511 0.000885528 0.00304577 0.000489756 0.000585898 -0.000595225 0.00109438 0.00247577 0.000393572
internal_weight=8680.35 8342.41 7591.72 3686.54 3905.18 750.692 3411.82 414.469 1189.26 2997.35 901.992 2095.36 704.386 1390.98
internal_count=2957 2867 2518 1258 1260 349 1053 152 346 901 307 594 163 431
is_linear=0
shrinkage=0.03


Tree=104
num_leaves=15
num_cat=0
split_feature=16 15 16 18 15 9 15 16 16 16 13 2 18 15
split_gain=8.65993 3.99135 4.13312 3.12895 3.95901 3.43691 3.00459 2.76304 3.83148 2.93774 2.49477 2.3742 2.20117 1.5515
threshold=1312.5000000000002 1187.5000000000002 1060.0000000000002 1.0000000180025095e-35 1036.2500000000002 1.379 1096.2500000000002 1202.5000000000002 1112.5000000000002 1073.7500000000002 1.2916666666666667 1.5833333333333337 1.0000000180025095e-35 1137.5000000000002
decision_type=2 2 2 2 2 10 2 2 2 2 10 2 2 2
left_child=1 2 13 5 -5 -4 -7 8 9 -3 12 -8 -10 -1
right_child=-2 7 3 4 -6 6 11 -9 10 -11 -12 -13 -14 -15
leaf_value=-0.0014616119270153445 0.0028135692254250295 -0.00099644024935448988 0.00015868303792295168 0.0034154132508810099 -0.00083928958777414859 0.00024982310365388196 0.0053646186799994012 -0.0059448715186801587 0.00092763875065831366 -0.0057722380178124311 0.0023069518225213863 0.001526348790449372 -0.0042967324987068988 -0.0048052246760684264
leaf_weight=448.9048330783844 862.01094341278076 226.67214548587799 2139.9656705856323 211.13910531997681 2729.4141068458557 386.1888530254364 325.46527981758118 138.05294179916382 144.01541030406952 237.3365523815155 270.14386463165283 262.9382529258728 144.73368835449219 172.88420605659485
leaf_count=186 205 117 701 52 930 102 98 51 61 116 116 78 64 86
internal_value=-3.87049e-05 -0.000352718 -7.03091e-05 0.000169023 -0.000532734 0.000831532 0.00230727 -0.00197546 -0.00143445 -0.00344638 0.00023908 0.00365492 -0.00169684 -0.0023975
internal_weight=8699.87 7837.85 6676.9 6055.11 2940.55 3114.56 974.592 1160.95 1022.9 464.009 558.893 588.404 288.749 621.789
internal_count=2963 2758 2233 1961 982 979 278 525 474 233 241 176 125 272
is_linear=0
shrinkage=0.03


Tree=105
num_leaves=15
num_cat=0
split_feature=17 14 15 17 1 12 11 14 12 16 1 16 9 12
split_gain=8.71569 4.63034 4.42645 3.34002 2.75875 2.89214 2.58706 3.68845 2.81109 2.52937 2.28303 2.22074 2.90843 1.75797
threshold=1112.5000000000002 1292.5000000000002 1132.5000000000002 1052.5000000000002 1.3350000000000002 0.58333333333333337 1.9000000000000001 1162.5000000000002 1.5833333333333337 1202.5000000000002 1.5670000000000004 1107.5000000000002 1.2305700000000002 1.8333333333333337
decision_type=2 2 2 2 10 10 8 2 10 2 10 2 10 10
left_child=1 3 11 -1 5 -4 7 13 -9 -7 -6 12 -2 -5
right_child=2 -3 4 6 10 9 -8 8 -10 -11 -12 -13 -14 -15
leaf_value=-0.0030355913963891574 0.0050207435447658247 -0.0052047894171630095 0.0018441175321643169 0.0011868455865157632 0.0041111562664976403 -0.00069901460389044424 0.0032402863785513636 -0.0044299740239722787 -0.0006238401971675469 -0.0036454100589772584 -0.00029147765809983841 0.0010948332499579475 0.0005163342737266038 -0.0010942836557605304
leaf_weight=518.71963918209076 316.03994417190552 241.95404040813446 283.01561331748962 783.29371845722198 201.79632306098938 978.31851816177368 165.22137236595154 327.14613091945648 374.15784120559692 357.58905911445618 221.84536671638489 3143.9264390468597 217.95166158676147 495.61383545398712
leaf_count=238 100 133 95 288 66 378 60 148 165 112 70 829 67 187
internal_value=9.79269e-05 -0.00123968 0.000777555 -0.000877762 -0.000342162 -0.000906218 -0.000354874 -0.000656325 -0.00240312 -0.00148983 0.0018104 0.00139932 0.00318665 0.000302677
internal_weight=8626.59 2906.11 5720.48 2664.15 2042.56 1618.92 2145.43 1980.21 701.304 1335.91 423.642 3677.92 533.992 1278.91
internal_count=2936 1219 1717 1086 721 585 848 788 313 490 136 996 167 475
is_linear=0
shrinkage=0.03


Tree=106
num_leaves=15
num_cat=0
split_feature=17 15 14 17 14 17 1 0 18 0 16 1 18 16
split_gain=11.7118 4.66962 4.55564 3.6813 3.38486 2.94255 2.51137 3.18564 2.48988 2.14126 2.48329 2.35012 2.08761 2.44336
threshold=1097.5000000000002 1197.5000000000002 1310.0000000000002 1320.0000000000002 1042.5000000000002 1037.5000000000002 0.69500000000000017 1.0443333333333338 1.0000000180025095e-35 1.1785500000000002 1093.7500000000002 1.4070000000000003 1.0000000180025095e-35 1078.7500000000002
decision_type=2 2 2 2 2 2 8 8 2 8 2 10 2 2
left_child=2 3 5 4 -2 -1 -6 -8 -5 -9 11 -11 -7 -14
right_child=1 -3 -4 8 6 12 7 9 -10 10 -12 -13 13 -15
leaf_value=-0.0042727059648742655 0.0031700219255624777 -0.0012960094930943539 -0.0070217647684028377 0.0041182119392317879 0.00267627427380931 0.00013331524866313103 -0.0022596397119868101 0.0034468608820382354 0.0010771480307321132 8.1997158859931375e-05 -3.4833523654083681e-05 0.0040358772352771998 -1.1377776672361502e-05 -0.0034225893227765023
leaf_weight=282.75898802280426 459.76436638832092 862.49701583385468 141.82972753047943 536.1802978515625 416.37607455253601 792.36020302772522 413.22147071361542 210.7754373550415 443.13318514823914 254.34117817878723 2728.9769039154053 288.16555213928223 316.40158557891846 468.27335393428802
leaf_count=134 112 359 81 118 128 322 141 67 106 95 846 96 140 192
internal_value=0.00015282 0.000761368 -0.00185722 0.00107009 0.00072591 -0.0014598 0.000464625 0.000227602 0.00274465 0.000523314 0.00033396 0.00218576 -0.000953068 -0.00204886
internal_weight=8615.06 6613.43 2001.62 5750.93 4771.62 1859.79 4311.86 3895.48 979.313 3482.26 3271.48 542.507 1577.04 784.675
internal_count=2937 2068 869 1709 1485 788 1373 1245 224 1104 1037 191 654 332
is_linear=0
shrinkage=0.03


Tree=107
num_leaves=15
num_cat=0
split_feature=17 17 7 18 11 13 10 0 0 13 14 16 18 10
split_gain=14.9132 4.75232 4.29961 3.29402 3.24199 2.72626 2.81578 2.70236 2.52061 2.39358 2.34289 2.08986 1.97731 2.44753
threshold=1197.5000000000002 1087.5000000000002 0.45000000000000007 1.0000000180025095e-35 1.3666666666666669 0.90000000000000013 0.83333333333333337 1.7533333333333336 1.5150000000000003 1.6333333333333335 1277.5000000000002 1197.5000000000002 1.0000000180025095e-35 1.1666666666666667
decision_type=2 2 2 2 10 10 10 10 10 10 2 2 2 10
left_child=1 4 -2 9 8 -3 -7 10 -1 -4 12 -5 -8 -14
right_child=2 5 3 11 -6 6 7 -9 -10 -11 -12 -13 13 -15
leaf_value=-0.0026011292735899942 0.0050208913394152715 -0.0024402591420955998 0.0014197008664769695 -0.0010827927182819736 -0.0052579898784421691 0.0015529113957183681 0.00030697001684569145 0.0014390308013416892 0.0006255496361679216 0.0043300978168345486 -0.0039275723421087231 0.001081733029251297 0.00087601445799905637 -0.0028840629043276758
leaf_weight=973.66482067108154 261.8165066242218 587.80315983295441 1402.7220451831818 760.13466119766235 321.09920287132263 640.00887322425842 759.62188267707825 425.94941830635071 280.18707752227783 310.26504921913147 246.4841228723526 848.53059840202332 214.86088597774506 562.10814189910889
leaf_count=448 65 213 370 241 138 240 264 134 108 87 116 227 81 204
internal_value=-0.000151036 -0.00120759 0.00132657 0.00103396 -0.00257173 -0.000581899 -0.000197767 -0.000705455 -0.00188017 0.00194907 -0.00121826 5.89031e-05 -0.000781387 -0.00184447
internal_weight=8595.26 5011.79 3583.47 3321.65 1574.95 3436.84 2849.03 2209.02 1253.85 1712.99 1783.08 1608.67 1536.59 776.969
internal_count=2936 1946 990 925 694 1252 1039 799 556 457 665 468 549 285
is_linear=0
shrinkage=0.03


Tree=108
num_leaves=15
num_cat=0
split_feature=17 15 5 15 13 17 12 5 16 5 17 13 17 12
split_gain=14.484 3.57019 3.71337 3.30779 3.3884 2.89733 2.38208 2.37529 3.57106 2.71067 2.3168 4.4343 3.28619 2.1557
threshold=1188.7500000000002 1120.0000000000002 0.36666666666666675 1177.5000000000002 1.2916666666666667 1261.2500000000002 1.8333333333333337 0.22500000000000003 1210.0000000000002 1.0000000180025095e-35 1097.5000000000002 0.90000000000000013 1010.0000000000001 1.1666666666666667
decision_type=2 2 2 2 10 2 10 2 2 2 2 10 2 10
left_child=3 7 -3 10 -5 -4 -6 9 -9 13 12 -12 -1 -2
right_child=1 2 5 4 6 -7 -8 8 -10 -11 11 -13 -14 -15
leaf_value=-0.0057546444968005058 0.0039309812776292313 0.001481654277451959 -0.0029352319165783097 -0.0051981685301491134 0.00051913536939798778 0.00040461843839959813 -0.0032922938004480875 0.0013634100432579578 0.0059848000103920858 2.3445190884346907e-05 -0.0037647832796207192 0.00040983645226830707 -0.0012481077806272402 0.0009931824699887762
leaf_weight=161.40964996814728 458.6690661907196 1036.5893640518188 429.09169125556946 350.04242050647736 282.12797927856445 511.66544008255005 307.90267992019653 311.70568871498108 291.34712147712708 719.78912162780762 264.42325139045715 1667.7945036888123 1422.126624584198 441.7041711807251
leaf_count=76 104 320 157 168 134 160 154 87 64 176 94 575 576 106
internal_value=-9.22984e-05 0.00117144 0.000243822 -0.00128364 -0.00286353 -0.00112023 -0.00147203 0.00199599 0.00360231 0.00139624 -0.000860496 -0.000163111 -0.0017108 0.00249246
internal_weight=8656.39 4200.56 1977.35 4455.83 940.073 940.757 590.031 2223.22 603.053 1620.16 3515.75 1932.22 1583.54 900.373
internal_count=2951 1174 637 1777 456 317 288 537 151 386 1321 669 652 210
is_linear=0
shrinkage=0.03


Tree=109
num_leaves=15
num_cat=0
split_feature=16 14 14 10 3 7 0 2 18 0 0 16 2 13
split_gain=5.49843 3.63111 3.09073 3.081 3.51379 3.25349 4.23296 2.29822 2.21931 2.20795 1.99501 2.98703 2.06762 1.71993
threshold=1210.0000000000002 1047.5000000000002 1207.5000000000002 1.8333333333333337 2.7083333333333335 1.9000000000000001 1.2183333333333335 1.1666666666666667 1.0000000180025095e-35 1.2883333333333338 1.8933333333333335 1132.5000000000002 1.8333333333333337 0.90000000000000013
decision_type=2 2 2 8 2 2 8 2 2 10 10 2 2 10
left_child=1 -1 8 4 10 13 -7 -4 9 -2 11 -3 -12 -5
right_child=2 3 7 5 -6 6 -8 -9 -10 -11 12 -13 -14 -15
leaf_value=0.0017536748242301548 0.0046197072125408606 -0.0019390808836096225 -0.0031039283733273141 -0.0027216051442790663 0.0032109301797892038 -0.0012575961192431962 0.0046889811710646209 0.0014406585593165525 0.00092919442543277554 0.0013965650790917395 0.0032982392107910787 -0.00020969570782477533 -0.00092649143329710153 0.00029031358746603512
leaf_weight=688.13196444511414 448.59665036201477 2514.3337422609329 198.67536735534668 212.11657190322876 175.43092751502991 162.84923958778381 315.28340041637421 200.05605268478394 710.76299810409546 335.00440812110901 177.88182306289673 1399.1285947561264 249.15250444412231 855.26853668689728
leaf_count=189 106 1058 66 63 60 62 110 58 175 72 61 492 83 283
internal_value=9.08493e-05 -0.000309933 0.00151919 -0.000544457 -0.000940086 0.000611411 0.00266521 -0.000825867 0.00214504 0.00324529 -0.00110856 -0.00132101 0.000836921 -0.000310218
internal_weight=8642.67 6749.58 1893.1 6061.45 4515.93 1545.52 478.133 398.731 1494.36 783.601 4340.5 3913.46 427.034 1067.39
internal_count=2938 2461 477 2272 1754 518 172 124 353 178 1694 1550 144 346
is_linear=0
shrinkage=0.03


Tree=110
num_leaves=15
num_cat=0
split_feature=17 10 14 7 10 3 16 0 0 7 10 18 0 0
split_gain=11.4524 5.19794 4.39176 3.23342 3.18341 2.29438 2.25526 2.0364 1.97152 1.84509 1.70733 1.68431 2.77341 2.46913
threshold=1117.5000000000002 1.8333333333333337 1157.5000000000002 0.45000000000000007 3.4166666666666674 1.6333333333333335 1071.2500000000002 0.8416666666666669 1.4182000000000003 1.5500000000000003 0.83333333333333337 1.0000000180025095e-35 0.43898333333333339 1.7583333333333335
decision_type=2 8 2 2 10 2 2 10 10 2 10 2 8 10
left_child=1 2 5 -2 11 6 -1 -3 9 10 -4 12 -5 -13
right_child=3 7 8 4 -6 -7 -8 -9 -10 -11 -12 13 -14 -15
leaf_value=-0.0044870560878430823 0.0032946453080023746 -0.00067216962257041397 -6.2026607254896343e-05 0.0041630257259155064 0.003781171350712488 0.00023945880615654951 -0.00096824465571215498 0.0037749457109628754 -0.0011642675426832324 -0.0051668333772351598 -0.0044124319609906166 -0.00070979230095495789 0.00060725048804720133 0.0015984868069465012
leaf_weight=242.49424386024475 412.0833957195282 168.75967824459076 157.73360550403595 213.83588194847107 258.38045215606689 741.21340095996857 504.04262518882751 203.84115946292877 268.77491545677185 549.30813896656036 166.37017440795898 1884.0674600601196 2443.7186733484268 534.57668304443359
leaf_count=105 110 70 75 64 65 272 192 75 113 276 76 615 708 148
internal_value=-4.7054e-05 -0.00154834 -0.00201816 0.000737475 0.000539359 -0.000942971 -0.00211572 0.00176433 -0.00341659 -0.00410757 -0.0023019 0.000373637 0.000894819 -0.000199159
internal_weight=8749.2 3002.54 2629.94 5746.66 5334.58 1487.75 746.537 372.601 1142.19 873.412 324.104 5076.2 2657.55 2418.64
internal_count=2964 1254 1109 1710 1600 569 297 145 540 427 151 1535 772 763
is_linear=0
shrinkage=0.03


Tree=111
num_leaves=15
num_cat=0
split_feature=17 15 2 12 6 15 15 2 8 17 17 13 15 3
split_gain=11.7838 3.42101 2.96409 2.89749 2.39315 2.21846 2.03305 1.85346 1.71953 1.71552 1.69754 1.56389 1.52012 2.31835
threshold=1097.5000000000002 1107.5000000000002 2.1666666666666674 1.4166666666666667 1.5833333333333337 1086.2500000000002 1187.5000000000002 1.1666666666666667 0.48293333333333338 1037.5000000000002 1077.5000000000002 0.90000000000000013 1270.0000000000002 0.55000000000000016
decision_type=2 2 2 8 2 2 2 2 10 2 2 10 2 2
left_child=2 4 3 6 7 -4 8 -2 10 -5 -1 -9 13 -3
right_child=1 12 5 9 -6 -7 -8 11 -10 -11 -12 -13 -14 -15
leaf_value=-0.0065323064345462079 0.0034993238396723229 0.0035342069828351061 0.0026331037716927526 -0.004173428275002145 -8.0527046611956357e-05 -0.0018781167455970847 -0.0072761918661385389 -0.00015793544957599099 -0.00083495026371802007 -0.00086247320397412068 -0.0024053708706070049 0.0019255353382195983 -0.0014414806721431957 4.1532889430471522e-05
leaf_weight=176.50779724121094 482.50025200843811 180.4746081829071 188.09139823913574 173.82979214191437 775.46437335014343 202.91791594028473 142.66156554222107 435.57136011123657 179.25798583030701 728.94904410839081 185.10811114311218 1266.0021908283234 568.62342858314514 2976.0817079544067
leaf_count=81 131 63 68 86 209 86 77 105 73 321 74 339 253 989
internal_value=-1.19214e-05 0.000589917 -0.00204582 -0.00262217 0.00135114 0.000293145 -0.00409476 0.00185927 -0.00324375 -0.00150391 -0.00443222 0.00139243 -1.50518e-05 0.000242281
internal_weight=8662.04 6684.72 1977.32 1586.31 2959.54 391.009 683.535 2184.07 540.874 902.779 361.616 1701.57 3725.18 3156.56
internal_count=2955 2089 866 712 784 154 305 575 228 407 155 444 1305 1052
is_linear=0
shrinkage=0.03


Tree=112
num_leaves=15
num_cat=0
split_feature=15 18 12 5 1 1 0 15 15 2 2 0 10 1
split_gain=5.16788 5.43823 3.71835 4.02761 3.64127 3.06891 2.80966 2.71767 3.47288 2.56157 2.25007 2.38691 2.62434 2.39252
threshold=1083.7500000000002 1.0000000180025095e-35 1.8333333333333337 0.55000000000000016 0.89100000000000013 1.7390300000000003 1.0950000000000004 1172.5000000000002 1137.5000000000002 1.1666666666666667 2.1666666666666674 0.95955000000000013 2.8333333333333335 1.2622500000000001
decision_type=2 2 10 2 8 10 10 2 2 2 2 8 8 8
left_child=-1 2 3 4 -2 7 -4 8 -6 -9 11 -3 13 -13
right_child=1 10 6 -5 5 -7 -8 9 -10 -11 -12 12 -14 -15
leaf_value=0.00108890723937677 0.0051117938897373679 -0.0030435027745299658 -0.0028062986741070276 -0.0020167869582934277 0.0010140465036755932 0.0038958655964665468 0.00051108905065614177 0.00018841634301988106 -0.0025065469671542583 0.0056626844732067683 -0.0034729996356435196 0.0014349754717442461 0.0028054122461379431 -0.001449220585251969
leaf_weight=2544.5842890739441 224.6393575668335 465.9201318025589 491.49601590633392 337.86924731731415 725.82153558731079 283.93463134765625 430.24467837810516 151.12125682830811 385.15873491764069 155.85113632678986 417.82556390762329 306.66183507442474 177.77776002883911 1635.2539856433868
leaf_count=714 79 194 204 131 223 80 151 65 134 59 143 115 52 636
internal_value=-4.89593e-05 -0.000516846 0.0003465 0.00100028 0.00153018 0.0010547 -0.00125895 0.000483432 -0.000207642 0.00297709 -0.00143252 -0.00110157 -0.000673487 -0.000993252
internal_weight=8734.16 6189.58 3186.14 2264.4 1926.53 1701.89 921.741 1417.95 1110.98 306.972 3003.44 2585.61 2119.69 1941.92
internal_count=2980 2266 1126 771 640 561 355 481 357 124 1140 997 803 751
is_linear=0
shrinkage=0.03


Tree=113
num_leaves=15
num_cat=0
split_feature=14 11 7 9 8 7 6 9 8 8 0 7 5 5
split_gain=5.2396 3.45259 2.99093 2.95405 2.52749 2.02007 2.03732 1.97235 1.92564 3.68737 3.5435 5.72718 2.23164 1.90645
threshold=1327.5000000000002 3.1000000000000005 0.22500000000000003 1.3046400000000002 1.256966666666667 2.2250000000000005 1.8333333333333337 1.0630000000000002 2.3800000000000003 1.90385 1.7233333333333338 1.4500000000000002 1.0000000180025095e-35 0.45000000000000007
decision_type=2 8 2 10 10 2 2 10 10 10 10 2 2 2
left_child=1 2 -1 4 7 6 8 -4 9 10 11 -5 -12 -2
right_child=13 -3 3 5 -6 -7 -8 -9 -10 -11 12 -13 -14 -15
leaf_value=0.003208209329065609 -0.0015921087270164614 0.0036318236338728411 -0.00050915955015409364 -0.0018056990152522463 0.0019187550718369098 0.0030414396295731501 -0.0012817577729971105 -0.0026582874592270024 0.0031537523188458158 -0.0020274120693849589 0.0050806169236957003 0.0040316958958985186 0.0010198715692534589 -0.0053703261263586231
leaf_weight=254.99010455608368 329.30806469917297 244.28056931495667 4234.6967771053314 501.97647106647491 354.89829754829407 297.50593280792236 498.04499685764313 421.8109096288681 282.35323882102966 398.75437498092651 270.04063630104065 215.32639765739441 222.33363008499146 189.49576818943024
leaf_count=74 157 64 1523 162 121 95 155 146 75 110 70 68 65 94
internal_value=-5.90108e-05 0.000126192 1.80681e-05 -8.80094e-05 -0.000518257 0.00071452 0.000423573 -0.000704368 0.000873208 0.000471158 0.00129577 -5.02043e-05 0.00325275 -0.0029798
internal_weight=8715.82 8197.01 7952.73 7697.74 5011.41 2686.34 2388.83 4656.51 1890.78 1608.43 1209.68 717.303 492.374 518.804
internal_count=2979 2728 2664 2590 1790 800 705 1669 550 475 365 230 135 251
is_linear=0
shrinkage=0.03


Tree=114
num_leaves=15
num_cat=0
split_feature=15 8 18 3 5 0 2 15 15 0 9 3 1 10
split_gain=4.24475 3.15253 3.14745 3.28584 3.00913 2.93529 4.31661 3.40802 2.41236 2.13076 2.09515 2.08942 2.18694 2.08069
threshold=1132.5000000000002 2.5050000000000003 1.0000000180025095e-35 1.2916666666666667 1.0000000180025095e-35 0.70166666666666677 0.83333333333333337 1255.0000000000002 1172.5000000000002 1.3883333333333334 1.4790000000000003 1.7750000000000001 1.1963333333333337 1.1666666666666667
decision_type=2 10 2 2 2 10 2 2 2 8 8 2 10 10
left_child=1 4 3 5 -1 7 -7 13 -5 -4 -6 12 -11 -2
right_child=2 -3 9 8 10 6 -8 -9 -10 11 -12 -13 -14 -15
leaf_value=0.0012561953719555517 -0.0029991178762767664 0.0038037678396190791 -0.0032627634564940311 0.00014591259663248915 0.00020922578983130033 0.0045066496229606273 -0.0015876808861734332 -0.0053361887767194791 0.0038679516399525138 -0.0011866988342757337 -0.0016174364727589052 -0.00358622372735891 0.002521213205742878 0.0013030151285182746
leaf_weight=2039.0766596794128 186.83112275600433 250.04622530937195 585.59367716312408 368.92109644412994 2369.1202964782715 176.0181713104248 254.81733381748199 217.05426323413849 271.56905674934387 533.96990025043488 741.07880640029907 209.84137976169586 194.47287774085999 218.43034255504608
leaf_count=600 81 60 248 129 773 68 95 103 103 230 208 82 73 75
internal_value=6.97374e-06 0.000520947 -0.000855419 3.47432e-05 0.000360827 -0.000995476 0.000906833 -0.00231181 0.00172763 -0.00184412 -0.0002264 -0.0009562 -0.000194696 -0.000682828
internal_weight=8616.84 5399.32 3217.52 1693.64 5149.28 1053.15 430.836 622.316 640.49 1523.88 3110.2 938.284 728.443 405.261
internal_count=2928 1641 1287 654 1581 422 163 259 232 633 981 385 303 156
is_linear=0
shrinkage=0.03


Tree=115
num_leaves=15
num_cat=0
split_feature=18 0 1 7 7 1 15 1 3 12 2 0 3 12
split_gain=5.50016 4.51385 3.98868 4.08058 3.85956 3.72436 3.83752 4.43442 3.45044 3.0646 2.69156 2.45655 1.94483 1.88106
threshold=1.0000000180025095e-35 1.0000000180025095e-35 1.3310000000000002 2.5500000000000003 2.1000000000000005 1.1650000000000003 1078.7500000000002 1.2970000000000004 1.6333333333333335 1.8333333333333337 2.1666666666666674 2.4133333333333336 0.70833333333333337 1.1666666666666667
decision_type=2 8 10 2 2 8 2 8 2 8 2 8 2 10
left_child=1 -1 3 9 -4 -2 11 -8 12 10 13 -7 -9 -3
right_child=5 2 4 -5 -6 6 7 8 -10 -11 -12 -13 -14 -15
leaf_value=0.0039653819555335104 -0.0028202326993500269 -0.00081019503173324742 0.00083142961896582885 -0.0048970806657504945 0.0050695229111916915 0.0029378713078531417 0.002778938212198536 -0.0033098228925870546 -0.003250539683863937 -0.0021019852018326207 0.0034607640383969239 -0.0001547401633205464 -0.00026350485806327702 0.0013009754665831738
leaf_weight=316.28337287902832 810.01538634300232 990.30664110183716 1396.095379948616 174.48135948181152 223.61457061767578 373.24931216239929 227.26341116428375 222.93481349945068 757.55437278747559 558.16972613334656 230.22468936443329 604.37252736091614 1197.2255401611328 614.79012048244476
leaf_count=105 316 323 401 74 71 98 83 98 264 218 70 174 446 219
internal_value=-0.000212454 0.00051541 0.000253959 -0.00048133 0.0014193 -0.000994306 -0.000556355 -0.00120047 -0.00161684 -0.000157518 0.000434668 0.00102779 -0.000743704 -1.26012e-06
internal_weight=8696.58 4503.97 4187.68 2567.97 1619.71 4192.62 3382.6 2404.98 2177.71 2393.49 1835.32 977.622 1420.16 1605.1
internal_count=2960 1481 1376 904 472 1479 1163 891 808 830 612 272 544 542
is_linear=0
shrinkage=0.03


Tree=116
num_leaves=15
num_cat=0
split_feature=17 3 17 2 1 11 13 12 16 1 14 1 10 11
split_gain=9.9608 3.62642 3.59475 4.30326 3.00299 2.7111 2.61752 3.31483 2.40466 3.69371 2.60762 2.25506 2.15486 2.28066
threshold=1117.5000000000002 0.70833333333333337 1253.7500000000002 0.83333333333333337 1.1490000000000002 1.3666666666666669 1.3666666666666669 1.1666666666666667 1137.5000000000002 1.7710000000000001 1097.5000000000002 1.5420000000000003 3.1666666666666674 2.5500000000000003
decision_type=2 2 2 2 10 10 10 10 2 8 2 10 10 10
left_child=4 -2 3 -3 -1 -4 7 -5 9 -8 -11 -10 13 -7
right_child=1 2 5 6 -6 12 8 -9 11 10 -12 -13 -14 -15
leaf_value=-0.0020836684597988434 -0.0013358875305775298 0.0037247677168099061 0.0049428420587226329 -0.00016481551029768612 -0.00012467227227380391 0.0017162110309907148 -0.00037082531480734629 -0.0039341328375550391 0.00076256398944403415 0.0060696236186154424 0.0014786856865828552 -0.0030489629423037256 0.003954486543125333 -0.001108682251133588
leaf_weight=1802.8937749862671 621.70329010486603 305.88418328762054 246.21766042709351 812.48714816570282 1155.5036537647247 1419.2012765407562 361.4281690120697 282.20503759384155 385.00574970245361 215.76243305206299 230.73185253143311 218.00464153289795 300.55335330963135 313.37640690803528
leaf_count=803 222 105 67 253 440 362 123 88 122 61 78 60 72 80
internal_value=9.38521e-05 0.000825541 0.00108971 0.000371688 -0.00131882 0.00197482 -3.89755e-05 -0.00113923 0.000814872 0.0018839 0.0037058 -0.000618173 0.00161313 0.00120492
internal_weight=8670.96 5712.56 5090.86 2811.51 2958.4 2279.35 2505.63 1094.69 1410.93 807.922 446.494 603.01 2033.13 1732.58
internal_count=2936 1693 1471 890 1243 581 785 341 444 262 139 182 514 442
is_linear=0
shrinkage=0.03


Tree=117
num_leaves=15
num_cat=0
split_feature=17 7 17 17 15 11 12 9 7 7 18 3 7 7
split_gain=11.8343 4.21153 3.05275 2.66068 2.46304 3.10647 2.07346 2.00305 4.5404 1.89899 1.7553 2.34623 2.27951 2.8057
threshold=1087.5000000000002 0.45000000000000007 1327.5000000000002 1202.5000000000002 1112.5000000000002 2.4500000000000006 1.8333333333333337 0.74179000000000017 1.2916666666666667 1.3666666666666669 1.0000000180025095e-35 2.3666666666666671 1.6333333333333335 1.1000000000000003
decision_type=2 2 2 2 2 8 10 8 2 2 2 2 2 2
left_child=7 3 4 -2 5 10 9 8 -1 -6 12 -12 13 -3
right_child=1 2 -4 -5 6 -7 -8 -9 -10 -11 11 -13 -14 -15
leaf_value=-0.0013604121224619974 0.0010900052425145254 0.0010083333238187233 0.0018283303641726753 0.005538701115257734 -0.0013287929159186372 -0.0026861509761182505 -0.0018470518683718173 -0.0011141040102259788 -0.0056124341785077393 0.0005125344251516123 -0.00054568022073356076 0.0026236435464402188 -0.00088324974311367532 0.004300270719954453
leaf_weight=507.59295511245728 255.13016986846924 505.40965867042542 1015.0833349227905 230.20167374610901 736.34762752056122 216.41125440597534 790.91539359092712 687.86193668842316 407.70721781253815 1592.4294924736023 859.15898299217224 277.22847700119019 216.27061200141907 432.63742828369141
leaf_count=223 80 140 235 57 265 55 308 289 203 592 260 75 65 123
internal_value=-1.16184e-05 0.000512296 0.000314926 0.00320715 4.16292e-05 0.000741626 -0.000520975 -0.00233967 -0.00325847 -7.00045e-05 0.00106649 0.000229122 0.00188994 0.00252957
internal_weight=8730.39 7127.22 6641.89 485.332 5626.81 2507.12 3119.69 1603.16 915.3 2328.78 2290.71 1136.39 1154.32 938.047
internal_count=2970 2255 2118 137 1883 718 1165 715 426 857 663 335 328 263
is_linear=0
shrinkage=0.03


Tree=118
num_leaves=15
num_cat=0
split_feature=17 17 8 0 18 15 17 8 7 16 2 1 16 5
split_gain=10.5275 4.15448 3.49531 3.48399 2.69131 3.93945 3.68901 2.73018 2.78986 2.56434 2.35686 2.21118 2.00919 2.80278
threshold=1132.5000000000002 1037.5000000000002 2.6766666666666672 1.4558333333333333 1.0000000180025095e-35 1078.7500000000002 1310.0000000000002 1.8066666666666673 1.5500000000000003 1262.5000000000002 2.1666666666666674 2.0755000000000003 1255.0000000000002 1.0000000180025095e-35
decision_type=2 2 10 10 2 2 2 10 2 2 2 8 2 2
left_child=1 -1 4 10 6 -6 12 8 9 11 -3 -7 13 -2
right_child=2 3 -4 -5 5 7 -8 -9 -10 -11 -12 -13 -14 -15
leaf_value=-0.004499548844135985 0.0029931184148438298 -0.0019387487882038328 0.0046477436480162572 0.00071627363795174928 0.0018353531630777643 -0.00092743293753517119 0.0034302107319697482 -0.0029371860052839452 0.0012877649320903709 0.0015155982369423984 0.00089932748656976441 -0.0050997520431417045 -0.0014045750933772228 0.00037745596039968926
leaf_weight=326.45664465427399 523.01020240783691 1951.7176430225372 208.50801467895508 829.98735427856445 711.66121029853821 272.79119634628296 593.99315190315247 414.11226320266724 628.26744568347931 180.86004614830017 303.80041420459747 196.48271894454956 326.94061899185181 1245.1459090709686
leaf_count=162 143 849 54 294 170 93 138 127 222 50 117 71 86 393
internal_value=1.33819e-05 -0.00128625 0.000849843 -0.00094492 0.000693483 -3.58966e-05 0.00134535 -0.000823331 -0.00013683 -0.00151337 -0.00155625 -0.00268149 0.00075291 0.00115241
internal_weight=8713.73 3411.96 5301.77 3085.51 5093.26 2404.17 2689.09 1692.51 1278.4 650.134 2255.52 469.274 2095.1 1768.16
internal_count=2969 1422 1547 1260 1493 733 760 563 436 214 966 164 622 536
is_linear=0
shrinkage=0.03


Tree=119
num_leaves=15
num_cat=0
split_feature=17 3 17 15 18 15 2 9 9 7 16 3 17 9
split_gain=8.0941 3.81607 3.7884 3.65084 3.00947 5.213 4.9803 3.15989 2.99597 2.78474 2.03999 1.81201 1.77988 1.592
threshold=1188.7500000000002 0.70833333333333337 1042.5000000000002 1255.0000000000002 1.0000000180025095e-35 1078.7500000000002 2.1666666666666674 1.4430000000000003 2.0480000000000005 1.7750000000000001 1137.5000000000002 2.3666666666666671 1267.5000000000002 1.3443800000000004
decision_type=2 2 2 2 2 2 2 10 10 2 2 2 2 8
left_child=2 -2 -1 10 -3 12 7 9 -9 -7 11 13 -6 -4
right_child=1 4 3 -5 5 6 -8 8 -10 -11 -12 -13 -14 -15
leaf_value=-0.003746345356492156 -0.0015960454055531294 0.0020645223045621594 -0.00062299354370830274 -0.0032078541845715815 0.0044673575324582016 0.00018833854501788374 -0.0047295036143032137 -0.0036759250031093019 0.0010056806101830136 0.0047230186360194071 -0.0017673210379021611 0.0018219632592843258 0.0011430299999674008 0.0012468726293392799
leaf_weight=368.90570282936096 462.47338461875916 2078.0430505275726 2023.9231008291245 423.72394347190857 278.62410831451416 344.0174241065979 224.69679498672485 267.66831874847412 226.30573153495789 187.82713890075684 667.29691016674042 448.46843671798706 302.91013193130493 512.79309630393982
leaf_count=182 156 537 810 221 68 109 66 86 65 62 238 149 63 182
internal_value=6.21558e-05 0.000978478 -0.000839229 -0.000575274 0.00128331 0.00039657 -0.000694859 0.00019264 -0.00153343 0.00179567 -0.000269075 6.63172e-05 0.00274071 -0.000244661
internal_weight=8817.68 4372.57 4445.11 4076.21 3910.09 1832.05 1250.52 1025.82 493.974 531.845 3652.48 2985.18 581.534 2536.72
internal_count=2994 1212 1782 1600 1056 519 388 322 151 171 1379 1141 131 992
is_linear=0
shrinkage=0.03


Tree=120
num_leaves=15
num_cat=0
split_feature=15 11 16 1 18 5 14 11 16 13 3 13 11 3
split_gain=5.13756 3.46371 2.60553 3.41235 3.15154 2.31812 2.27939 2.40069 2.35291 1.943 2.71815 1.57769 1.37585 1.56353
threshold=1270.0000000000002 3.1000000000000005 1066.2500000000002 1.4790000000000003 1.0000000180025095e-35 0.55000000000000016 1052.5000000000002 0.77500000000000013 1290.0000000000002 1.4500000000000002 1.7083333333333337 2.1000000000000005 1.1000000000000003 1.5500000000000003
decision_type=2 8 2 10 2 2 2 10 2 10 2 10 10 2
left_child=1 2 3 9 -4 -2 -6 -8 11 -1 -11 12 13 -9
right_child=5 -3 4 -5 6 -7 7 8 -10 10 -12 -13 -14 -15
leaf_value=2.1370860859939747e-05 -0.0011076704667939135 0.0037009241019217462 0.00087015209650732471 0.0011263044443263653 0.0016533027353270694 -0.0045104573634053898 0.0020237613280817699 -0.0014117778187195582 0.0012440305672290126 -0.0053814253279584135 -0.0002386153975954269 0.00091998796583155041 -0.0012304112060654037 -0.0051271255324324286
leaf_weight=162.87888336181641 469.98984789848328 240.14318895339966 3548.3355199098587 303.22735071182251 416.79682922363281 292.14217102527618 260.49836146831512 215.88751256465912 364.1993203163147 303.20942223072052 133.04086863994598 244.60682737827301 1602.4726275205612 193.96550858020782
leaf_count=73 223 58 1084 117 106 143 103 86 91 146 59 89 538 72
internal_value=-6.44867e-05 0.000160132 4.994e-05 -0.00146444 0.000249709 -0.00241624 -0.000417803 -0.000717836 -0.000990975 -0.00277534 -0.00381718 -0.00135203 -0.00162852 -0.00317829
internal_weight=8751.39 7989.26 7749.12 902.357 6846.76 762.132 3298.43 2881.63 2621.13 599.129 436.25 2256.93 2012.33 409.853
internal_count=2988 2622 2564 395 2169 366 1085 979 876 278 205 785 696 158
is_linear=0
shrinkage=0.03


Tree=121
num_leaves=15
num_cat=0
split_feature=15 11 7 0 14 0 15 1 8 16 16 1 12 16
split_gain=4.59578 2.87995 2.92749 4.29567 2.56623 4.51449 2.13854 2.14069 2.05961 1.97544 1.9548 1.89629 2.58579 1.7819
threshold=1120.0000000000002 0.90000000000000013 1.4500000000000002 0.70166666666666677 1202.5000000000002 1.3149833333333336 1042.5000000000002 1.9630000000000003 1.031666666666667 1047.5000000000002 1127.5000000000002 1.6196200000000003 1.4166666666666667 1157.5000000000002
decision_type=2 8 2 8 2 10 2 8 10 2 2 8 10 2
left_child=6 11 -3 -4 5 13 7 -1 10 -8 -6 12 -2 -5
right_child=1 2 3 4 8 -7 9 -9 -10 -11 -12 -13 -14 -15
leaf_value=0.0042270631236089439 -0.0034598084783039594 -0.0013637315563540728 -0.0033994233303503976 0.0024144945835019712 -0.0036280654431778961 -0.0012170432768749146 -0.0025350382261317716 0.001005385945201421 0.0013260415260696169 0.00044853975434267645 0.00018468926466895898 -0.0035619778843743646 0.0017507286268635717 0.0065315101954554226
leaf_weight=253.90163850784302 157.67609095573425 1514.0848866701126 232.50720500946045 193.94495725631714 197.31392753124237 188.67834186553955 211.32704770565033 686.60204386711121 567.60975468158722 3366.2986090183258 310.28631663322449 484.62992942333221 185.49951410293579 187.29084324836731
leaf_count=62 74 548 96 76 99 60 90 177 207 1002 118 222 90 54
internal_value=-5.83241e-05 -0.000770183 -0.000382671 0.000408742 0.000948693 0.00257424 0.000606511 0.00187869 8.5481e-05 0.000271643 -0.00130162 -0.00235554 -0.000646411 0.00444887
internal_weight=8737.65 4219.52 3391.72 1877.63 1645.12 569.914 4518.13 940.504 1075.21 3577.63 507.6 827.806 343.176 381.236
internal_count=2975 1644 1258 710 614 190 1331 239 424 1092 217 386 164 130
is_linear=0
shrinkage=0.03


Tree=122
num_leaves=15
num_cat=0
split_feature=17 17 11 16 15 15 0 8 7 7 0 18 10 12
split_gain=10.7426 3.92649 4.4526 3.52526 3.74287 3.35235 3.0462 2.75181 2.44008 2.82144 3.98933 2.80822 2.18489 2.02375
threshold=1197.5000000000002 1082.5000000000002 1.2250000000000003 1152.5000000000002 1157.5000000000002 1262.5000000000002 1.5150000000000003 0.88833333333333353 0.45000000000000007 1.1000000000000003 1.5150000000000003 1.0000000180025095e-35 1.4166666666666667 0.83333333333333337
decision_type=2 2 10 2 2 2 10 10 2 2 10 2 10 10
left_child=1 2 6 4 7 8 -1 12 -2 10 -10 -11 -3 -5
right_child=5 3 -4 13 -6 -7 -8 -9 9 11 -12 -13 -14 -15
leaf_value=-0.0021358277979901647 0.0041875767534133466 0.003118942317440932 -0.0053684900973217497 -0.0041237346445430218 -0.0015256575878438937 -0.0016728365786341365 0.0013475628320391976 -0.00015277141825216129 -0.0011046428019093957 0.0030286558797059685 0.0027561234267528718 0.00075590238096845581 -2.5515334363994902e-05 -0.00094310367916102564
leaf_weight=933.42631590366364 293.72661876678467 639.24070262908936 299.64821124076843 267.69730174541473 749.44656693935394 310.90806150436401 297.23706829547882 952.21125507354736 759.16538882255554 1089.2969484329224 351.61184334754944 889.21188998222351 288.46240592002869 548.27958858013153
leaf_count=437 72 227 134 94 335 124 116 314 201 278 81 251 98 191
internal_value=7.89528e-05 -0.000830887 -0.00209488 -0.000269017 0.00026572 0.00130438 -0.00129409 0.000980302 0.00157841 0.00132906 0.000118846 0.0020081 0.00214222 -0.00199034
internal_weight=8669.57 4975.65 1530.31 3445.34 2629.36 3693.92 1230.66 1879.91 3383.01 3089.29 1110.78 1978.51 927.703 815.977
internal_count=2953 1946 687 1259 974 1007 553 639 883 811 282 529 325 285
is_linear=0
shrinkage=0.03


Tree=123
num_leaves=15
num_cat=0
split_feature=17 15 9 10 11 17 16 15 11 16 0 16 16 15
split_gain=7.10098 4.02779 2.91225 2.14247 1.95963 1.88629 2.8792 1.93516 1.7688 1.72728 2.02766 2.9266 1.96866 3.56915
threshold=1087.5000000000002 1132.5000000000002 1.2190000000000001 2.5833333333333335 1.3666666666666669 1010.0000000000001 1078.7500000000002 1146.2500000000002 2.7083333333333335 1312.5000000000002 1.4800000000000002 1255.0000000000002 1127.5000000000002 1162.5000000000002
decision_type=2 2 10 10 10 2 2 2 10 2 10 2 2 2
left_child=2 -2 4 9 5 -1 -7 -8 -5 10 11 12 -3 -14
right_child=1 3 -4 8 -6 6 7 -9 -10 -11 -12 -13 13 -15
leaf_value=-0.0048490572994448651 0.0010107997532332834 -0.0016477232267097211 0.00087767877026345958 -0.0043700944423594951 -0.0050757921288855984 0.00050764041231831562 -0.0015724851559025116 -0.0056046052259838067 -0.00039649708614651857 0.0024581882274142199 0.0019361243323788378 -0.0045540107851144429 -0.0020170735590293192 0.001957033093878781
leaf_weight=161.70062792301178 4461.7417621612549 629.56611549854279 302.31698381900787 211.29209816455841 205.16428399085999 412.81466996669769 328.82162547111511 158.78746795654297 192.42704343795776 212.46805119514465 288.59185242652893 165.76071906089783 314.5857400894165 571.24152541160583
leaf_count=82 1254 280 121 72 95 198 129 81 62 59 102 55 113 229
internal_value=5.84285e-05 0.000464888 -0.00176575 -0.000477048 -0.00239654 -0.00187472 -0.00133579 -0.00289431 -0.00248179 -0.000105195 -0.000382803 -0.000781791 -0.000366437 0.000545017
internal_weight=8617.28 7047.67 1569.61 2585.93 1267.29 1062.12 900.424 487.609 403.719 2182.21 1969.75 1681.15 1515.39 885.827
internal_count=2932 2226 706 972 585 490 408 210 134 838 779 677 622 342
is_linear=0
shrinkage=0.03


Tree=124
num_leaves=15
num_cat=0
split_feature=17 15 7 11 11 11 5 6 17 1 6 7 17 1
split_gain=9.53184 4.46722 3.39216 3.08928 3.90839 2.98403 2.84525 2.47949 3.28941 3.12785 2.35672 1.8881 1.72373 3.79426
threshold=1097.5000000000002 1270.0000000000002 0.22500000000000003 3.1000000000000005 2.4500000000000006 1.3666666666666669 0.55000000000000016 1.8333333333333337 1052.5000000000002 1.0098300000000002 0.83333333333333337 1.2916666666666667 1253.7500000000002 1.8000000000000005
decision_type=2 2 2 8 10 10 2 2 2 10 2 2 2 10
left_child=5 2 -2 4 12 7 -3 8 -1 -9 -10 -12 -4 -14
right_child=1 6 3 -5 -6 -7 -8 9 10 -11 11 -13 13 -15
leaf_value=-0.0028398257659045601 0.00406629559641432 -0.00032609973257631661 0.00024920004530834354 0.0037694830753565835 -0.0019153996557646196 -0.0041171690283773252 -0.004709797272068621 -0.005481236356279639 -0.0017042837619309515 0.00022445232902136436 0.0035722543968400382 -0.00024509934706048076 0.00077909627516450539 0.0046042854093037234
leaf_weight=388.3681675195694 249.73475956916809 315.02171468734741 3460.1296753883362 248.90019989013672 605.5938093662262 445.63481652736664 230.14964771270752 239.52888214588165 261.62603271007538 134.88784623146057 256.44155871868134 212.95025956630707 1387.3635904788971 279.73742318153381
leaf_count=185 69 138 1144 60 160 196 107 122 106 61 104 93 361 63
internal_value=-0.000111063 0.000419725 0.000647652 0.000504269 0.000361872 -0.00196496 -0.00218196 -0.00132059 -0.000612396 -0.00343058 0.000573235 0.00184359 0.000631169 0.00142333
internal_weight=8716.07 6776.63 6231.46 5981.72 5732.82 1939.44 545.171 1493.8 1119.39 374.417 731.018 469.392 5127.23 1667.1
internal_count=2969 2102 1857 1788 1728 867 245 671 488 183 303 197 1568 424
is_linear=0
shrinkage=0.03


Tree=125
num_leaves=15
num_cat=0
split_feature=15 10 7 7 0 0 11 0 6 0 2 15 11 14
split_gain=6.04989 2.53486 1.64978 1.72035 2.2259 2.57457 2.17908 1.92078 2.93065 1.63011 2.94403 1.61673 1.54364 2.10003
threshold=1132.5000000000002 1.8333333333333337 2.2916666666666674 1.6333333333333335 1.2441666666666669 1.7583333333333335 1.1000000000000003 2.3916666666666671 0.83333333333333337 1.4800000000000002 1.8333333333333337 1096.2500000000002 1.9000000000000001 1177.5000000000002
decision_type=2 10 2 2 8 8 10 8 2 10 2 2 8 2
left_child=1 2 3 4 6 11 -1 8 -7 12 -11 -6 -2 -14
right_child=9 -3 -4 -5 5 7 -8 -9 -10 10 -12 -13 13 -15
leaf_value=0.0001957054259439318 -0.001702297045394305 0.0015329396467829166 0.0029585569962862291 -0.001547440773080261 -0.00045465165974010622 -0.00055909395983163017 0.0040686615937916811 -9.9934357818283191e-05 0.0041103286796650793 0.0024144574821094119 -0.0021007710014354156 -0.0037231969167805978 -0.0029574182255865931 0.00074756199673126544
leaf_weight=266.33100235462189 1984.9323287010193 1935.3318240642548 182.96484041213989 519.21243417263031 319.91167140007019 213.45095562934875 256.03051924705505 1378.6063820123672 277.56317400932312 313.51549971103668 220.53195989131927 236.58828711509705 178.63754105567932 588.63414227962494
leaf_count=98 868 507 61 173 96 61 80 453 82 115 78 78 55 209
internal_value=5.4686e-05 0.000655517 0.000190075 4.31913e-05 0.000323723 -5.90301e-05 0.00209814 0.000474291 0.00208345 -0.000966499 0.000549477 -0.00184841 -0.00126076 -0.000117765
internal_weight=8872.24 5585.99 3650.66 3467.69 2948.48 2426.12 522.362 1869.62 491.014 3286.25 534.047 556.5 2752.2 767.272
internal_count=3014 1689 1182 1121 948 770 178 596 143 1325 193 174 1132 264
is_linear=0
shrinkage=0.03


Tree=126
num_leaves=15
num_cat=0
split_feature=17 14 0 11 15 11 12 16 14 17 1 13 1 14
split_gain=6.10839 4.30832 3.40448 2.64725 2.22596 3.23786 2.10008 1.76829 1.35627 1.50247 3.06602 1.56812 3.29214 3.62091
threshold=1097.5000000000002 1292.5000000000002 1.9048833333333337 1.3666666666666669 1197.5000000000002 3.1000000000000005 1.0000000180025095e-35 1202.5000000000002 1042.5000000000002 1320.0000000000002 1.6488200000000004 0.90000000000000013 0.93300000000000016 1117.5000000000002
decision_type=2 2 10 10 2 10 8 2 2 2 8 10 10 2
left_child=1 2 3 -1 5 6 -2 -6 -8 11 -11 12 13 -10
right_child=4 -3 -4 -5 7 -7 8 -9 9 10 -12 -13 -14 -15
leaf_value=-0.0009909506233163909 -0.0024927615509085571 -0.0066812759253357485 0.0023017418914750795 -0.0039540219214606251 -0.00027878247551201945 0.0039260233759403863 0.0019093668288982576 -0.0034379733815663176 -0.0017442312513416293 -0.00086810357476783224 0.0031347420903963903 0.00044389846712523766 -0.0031406009515640475 0.0035770422684581337
leaf_weight=1218.9162390232086 213.02183628082275 135.91075694561005 223.13106083869934 348.51199948787689 632.08290207386017 246.82198405265808 578.21939992904663 212.34956073760986 253.30047988891602 275.91007328033447 455.67480087280273 3312.5637459754944 365.15742492675781 209.28315997123718
leaf_count=544 57 82 82 152 280 57 133 76 76 66 103 1067 111 65
internal_value=-6.14565e-05 -0.0015511 -0.00115819 -0.00165188 0.000363583 0.000569473 0.000422514 -0.00107635 0.000536896 0.000373646 0.00162598 0.000152021 -0.00101518 0.000665755
internal_weight=8680.86 1926.47 1790.56 1567.43 6754.39 5909.95 5663.13 844.432 5450.11 4871.89 731.585 4140.3 827.741 462.584
internal_count=2951 860 778 696 2091 1735 1678 356 1621 1488 169 1319 252 141
is_linear=0
shrinkage=0.03


Tree=127
num_leaves=15
num_cat=0
split_feature=17 15 14 0 9 18 1 1 14 0 11 1 17 13
split_gain=7.98577 3.77354 3.29404 2.47676 2.2586 2.20553 3.54467 2.24283 3.60738 1.8678 3.327 1.86732 1.69488 3.45926
threshold=1097.5000000000002 1187.5000000000002 1292.5000000000002 1.5150000000000003 1.0854700000000002 1.0000000180025095e-35 0.6379800000000001 1.6196200000000003 1217.5000000000002 2.3566666666666669 1.1000000000000003 1.2622500000000001 1327.5000000000002 0.90000000000000013
decision_type=2 2 2 8 10 2 8 8 2 8 10 8 2 10
left_child=2 5 3 4 -1 6 -2 8 -7 10 -5 -8 13 -13
right_child=1 -3 -4 9 -6 7 11 -9 -10 -11 -12 12 -14 -15
leaf_value=-0.0045014760242196019 0.0049370458693687707 -0.0013346795792095138 -0.0061114524490023647 0.0037861285127839847 -0.00021920036352482048 -7.6998018760234858e-05 -0.00076569110456501852 0.00076930056771471757 -0.0045541917410922587 -0.0013625272908909841 -0.0020541392495325959 -0.0014402717515473969 0.0030086707651911433 0.0016145997351004317
leaf_weight=343.83156001567841 223.60228323936462 891.50203275680542 140.68933045864105 197.29584145545959 163.52095210552216 779.32791590690613 443.73225808143616 1824.8220303058624 203.46895909309387 911.07008373737335 156.66031014919281 421.44008088111877 450.51311135292053 1587.8229873180389
leaf_count=157 60 375 85 78 70 243 134 539 73 404 60 121 94 467
internal_value=4.09203e-06 0.000484209 -0.00170843 -0.00135567 -0.00312443 0.000757618 0.00130548 0.000147165 -0.0010076 -0.000644381 0.00120273 0.0010242 0.00134727 0.000973447
internal_weight=8739.3 6826.23 1913.07 1772.38 507.353 5934.73 3127.11 2807.62 982.797 1265.03 353.956 2903.51 2459.78 2009.26
internal_count=2960 2106 854 769 227 1731 876 855 316 542 138 816 682 588
is_linear=0
shrinkage=0.03


Tree=128
num_leaves=15
num_cat=0
split_feature=17 15 1 9 9 18 0 6 6 11 4 3 3 9
split_gain=8.03399 3.20631 3.09731 2.2951 2.60657 2.22764 2.07216 1.78622 1.55509 1.74783 1.67744 1.64013 1.59473 1.69825
threshold=1112.5000000000002 1127.5000000000002 1.5730000000000002 2.2390000000000003 1.9967500000000002 1.0000000180025095e-35 1.0000000180025095e-35 2.4166666666666674 1.8333333333333337 0.90000000000000013 1.0000000180025095e-35 2.6333333333333337 1.1000000000000003 1.8630000000000002
decision_type=2 2 10 10 10 2 8 2 2 8 2 2 2 10
left_child=2 8 7 4 6 -4 -3 -1 9 -2 -10 12 -11 -14
right_child=1 3 5 -5 -6 -7 -8 -9 10 11 -12 -13 13 -15
leaf_value=-0.0016051940491320115 0.0037982589133115983 0.0026179281186041563 0.0020266441983744234 -0.0035506992303346403 0.0034850448007407477 -0.0014384604575901527 -0.00059660719218292461 -0.0043514296045135299 0.0014219936406663751 0.0025591820645411911 -0.0016388943664756752 0.0034914852717404725 0.0010474800157808317 -0.0011979187119954689
leaf_weight=1920.7721951007843 262.95729422569275 198.53184902667999 359.71993732452393 174.81054019927979 177.69598793983459 309.93445861339569 1890.1256911754608 239.36283385753632 310.58314442634583 458.70192694664001 332.73628926277161 259.20370888710022 1467.4753882884979 381.11934185028076
leaf_count=850 76 72 123 56 53 116 674 120 80 124 91 62 382 90
internal_value=-4.46261e-05 0.000584403 -0.00135897 -0.000248708 7.43791e-06 0.000423145 -0.000289951 -0.00191137 0.00116994 0.00147255 -0.000161239 0.00123288 0.000977739 0.000584155
internal_weight=8743.73 5913.94 2829.79 2441.16 2266.35 669.654 2088.66 2160.14 3472.78 2829.46 643.319 2566.5 2307.3 1848.59
internal_count=2969 1760 1209 855 799 239 746 970 905 734 171 658 596 472
is_linear=0
shrinkage=0.03


Tree=129
num_leaves=15
num_cat=0
split_feature=17 6 15 7 9 0 1 0 15 17 7 7 9 1
split_gain=9.47588 3.41016 2.70219 3.46637 4.55481 4.47219 3.23081 2.61821 3.03144 2.33584 2.27063 2.01645 1.98932 1.64955
threshold=1112.5000000000002 1.0000000180025095e-35 1098.7500000000002 1.4500000000000002 2.0480000000000005 0.95499999999999996 1.2970000000000004 1.4558333333333333 1187.5000000000002 1052.5000000000002 1.2250000000000003 1.6333333333333335 1.3046400000000002 2.1510000000000002
decision_type=2 2 2 2 10 8 8 10 2 2 2 2 10 8
left_child=7 -2 -3 4 6 -5 12 8 9 -1 -11 -7 -4 -8
right_child=1 2 3 5 -6 11 13 -9 -10 10 -12 -13 -14 -15
leaf_value=-0.0036462907554154337 0.0045888102106070826 0.0014689025847460055 0.0031866290453671634 -0.0019451463906254923 0.0032075661672672901 0.003694657807152345 -0.0041004679097182625 0.00017287479786479089 -0.0042007329875521924 0.00036725721583520893 -0.0021655037212180406 0.001120537486989328 -0.0012778179649367467 -0.0015332974480454895
leaf_weight=309.6225414276123 204.52302384376526 2230.6917500495911 178.98582744598389 366.10515964031219 211.91747379302979 362.85642278194427 328.24585628509521 752.45524954795837 409.85996150970459 723.20770275592804 568.02811992168427 1114.29465508461 178.51130867004395 720.69326281547546
leaf_count=150 54 552 61 143 59 115 104 279 229 290 243 373 60 236
internal_value=0.000112823 0.000792106 0.00065491 0.000130093 -0.000882772 0.00101937 -0.00150093 -0.00133658 -0.00190126 -0.00131028 -0.000747744 0.00175493 0.000960022 -0.00233979
internal_weight=8660 5896.82 5692.3 3461.61 1618.35 1843.26 1406.44 2763.17 2010.72 1600.86 1291.24 1477.15 357.497 1048.94
internal_count=2948 1757 1703 1151 520 631 461 1191 912 683 533 488 121 340
is_linear=0
shrinkage=0.03


Tree=130
num_leaves=15
num_cat=0
split_feature=17 7 12 0 9 7 17 15 4 3 16 11 3 17
split_gain=7.08306 5.55593 3.30298 2.57633 2.92163 2.60855 1.93409 2.38571 1.90513 4.27374 1.93596 1.77245 1.64784 1.77794
threshold=1117.5000000000002 0.36666666666666675 1.0000000180025095e-35 1.9283333333333339 0.57466666666666677 0.70833333333333337 1010.0000000000001 1312.5000000000002 1.0000000180025095e-35 1.5500000000000003 1177.5000000000002 0.45000000000000007 1.7083333333333337 1235.0000000000002
decision_type=2 2 10 10 10 2 2 2 2 2 2 10 2 2
left_child=6 -2 -3 4 5 -4 -1 11 10 -10 -7 -8 -5 -14
right_child=1 2 3 12 -6 8 7 -9 9 -11 -12 -13 13 -15
leaf_value=-0.004273726719915872 0.0054484214845044853 -0.0031842123643946165 0.0035418237404238441 0.0040599197198373628 -0.00045781416700134376 0.0035814672839966609 0.0014460381494492372 -0.0047737086290548271 0.0008621904420076451 -0.0035307556041300255 0.0004804233230274428 -0.0010720668339723731 -0.00069201801047286116 0.0027196477891345359
leaf_weight=172.65649974346161 204.68669700622559 217.97222280502319 326.82537317276001 265.64397835731506 2287.4682323932648 319.62823355197906 280.75544691085815 142.70990145206451 883.20805978775024 256.31926798820496 417.44875240325928 2356.5939935445786 249.24724650382996 304.6612536907196
leaf_count=87 52 61 88 73 698 102 121 85 294 78 111 970 69 67
internal_value=-7.78117e-06 0.000607011 0.000426807 0.000575596 0.000293102 0.00107251 -0.00120129 -0.001009 0.000640804 -0.000128165 0.0018282 -0.000803559 0.00212134 0.00118599
internal_weight=8685.83 5733.11 5528.42 5310.45 4490.9 2203.43 2952.72 2780.06 1876.6 1139.53 737.077 2637.35 819.552 553.909
internal_count=2956 1693 1641 1580 1371 673 1263 1176 585 372 213 1091 209 136
is_linear=0
shrinkage=0.03


Tree=131
num_leaves=15
num_cat=0
split_feature=17 15 0 7 17 15 17 16 7 13 0 10 12 6
split_gain=5.76585 3.34018 4.50389 3.19748 1.9618 1.87081 2.80058 1.97364 2.67624 2.68977 3.15931 2.07895 2.20034 1.71891
threshold=1197.5000000000002 1137.5000000000002 1.4800000000000002 0.45000000000000007 1097.5000000000002 1036.2500000000002 1052.5000000000002 1098.7500000000002 1.4500000000000002 2.1000000000000005 2.268333333333334 0.83333333333333337 1.5833333333333337 2.1666666666666674
decision_type=2 2 10 2 2 2 2 2 2 10 8 8 10 2
left_child=1 5 4 -2 13 -1 -7 8 9 10 -8 12 -9 -3
right_child=3 2 -4 -5 -6 6 7 11 -10 -11 -12 -13 -14 -15
leaf_value=0.0023172730177157094 0.0038491245189866598 -0.0028313941038211349 0.0014425955231509653 0.00055559491237678032 -0.0015916986553808183 -0.0031978192850653062 0.0012850020801347755 0.0028693984444047534 -0.0014493227405498635 -0.00079850474044098577 0.0062007958337453204 -0.0013715744316628907 -0.0014455842829402227 -0.0065007943059297111
leaf_weight=250.81178212165833 286.24534249305725 427.87674558162689 319.37013554573059 3480.8068532943726 888.44999659061432 284.89503788948059 307.65927362442017 251.42912411689758 292.33939683437347 221.34807229042053 190.24228191375732 1184.4883720874786 182.9802393913269 157.97760510444641
leaf_count=71 70 225 129 950 383 129 108 86 111 81 70 396 64 91
internal_value=-7.78892e-05 -0.000749854 -0.00178382 0.000806814 -0.00248324 -0.000163727 -0.00037789 -7.13787e-05 0.000967611 0.00195062 0.00317193 -0.000720802 0.00105271 -0.00383025
internal_weight=8726.92 4959.87 1793.67 3767.05 1474.3 3166.19 2915.38 2630.49 1011.59 719.25 497.902 1618.9 434.409 585.854
internal_count=2964 1944 828 1020 699 1116 1045 916 370 259 178 546 150 316
is_linear=0
shrinkage=0.03


Tree=132
num_leaves=15
num_cat=0
split_feature=17 7 17 8 14 8 14 5 8 8 14 8 9 17
split_gain=5.73927 2.81673 3.30435 3.69162 3.06203 2.37623 1.92126 1.82951 3.48545 4.46167 3.42432 2.80213 2.09877 1.71197
threshold=1188.7500000000002 1.7083333333333337 1066.2500000000002 1.6316666666666666 1127.5000000000002 1.037916666666667 1253.7500000000002 1.0000000180025095e-35 1.90385 1.4916666666666669 1127.5000000000002 2.5050000000000003 1.7809900000000003 1167.5000000000002
decision_type=2 2 2 10 2 10 2 2 10 10 2 10 8 2
left_child=1 13 -3 4 -4 6 -6 8 9 10 -2 12 -9 -1
right_child=7 2 3 -5 5 -7 -8 11 -10 -11 -12 -13 -14 -15
leaf_value=2.5453663521118144e-05 9.6107798409717361e-05 -0.005366385262714283 0.0032531442822628623 -0.0051453030259288471 -0.0043180762258132385 0.0012993419843107268 -0.00058030737883171932 0.00064253146573405354 -0.00078031193268139566 0.006187551298539421 0.0045229638561974841 0.0037162227331659706 -0.0013487130845757306 -0.002587611168191437
leaf_weight=2868.7219678163528 486.19886875152588 202.0072683095932 166.75644946098328 175.87164282798767 241.44073057174683 225.8889297246933 253.58081030845642 2202.6485183238983 344.31502556800842 248.69741463661194 231.48074054718018 220.6044864654541 606.79327845573425 243.91553974151611
leaf_count=1117 114 108 61 70 103 93 132 643 82 59 68 60 170 80
internal_value=0.000100844 -0.000665477 -0.00185824 -0.00118749 -0.000398429 -0.00124642 -0.00240839 0.00087375 0.00180979 0.00273248 0.00152825 0.000468388 0.000212128 -0.000180079
internal_weight=8718.92 4378.18 1265.55 1063.54 887.667 720.91 495.022 4340.74 1310.69 966.377 717.68 3030.05 2809.44 3112.64
internal_count=2960 1764 567 459 389 328 235 1196 323 241 182 873 813 1197
is_linear=0
shrinkage=0.03


Tree=133
num_leaves=15
num_cat=0
split_feature=17 17 1 15 1 8 17 1 15 2 1 18 10 4
split_gain=8.31222 3.84166 2.99252 2.95004 2.39688 2.3022 2.54834 2.27988 2.24608 3.75533 2.90993 2.10986 3.01724 2.019
threshold=1253.7500000000002 1052.5000000000002 1.5350000000000004 1152.5000000000002 1.4281700000000004 1.3960000000000001 1117.5000000000002 1.2090000000000003 1083.7500000000002 1.1666666666666667 1.4710000000000003 1.0000000180025095e-35 0.83333333333333337 1.0000000180025095e-35
decision_type=2 2 10 2 10 8 2 8 2 2 10 2 10 2
left_child=1 2 -1 5 -2 6 7 -3 -7 -10 -11 -5 -13 -8
right_child=4 3 -4 11 -6 8 13 -9 9 10 -12 12 -14 -15
leaf_value=-0.0043701906639443625 0.00075638844374230688 -0.003079172825992473 0.00052462468590690127 -0.00043910301560349 0.0027009372133208935 -0.0029077392361102228 0.0025174569890895702 0.00011714420254788085 0.0029363963690016643 -0.0045979130769023659 0.00023172734705456416 0.00093564270237953006 -0.0035966701875718493 0.00030551284404869229
leaf_weight=402.22494530677795 1768.8345675468445 241.41021382808685 155.58596658706665 840.36905682086945 841.96392607688904 403.08426451683044 700.97451901435852 1170.8444993495941 240.38770365715027 183.94786691665649 285.5235960483551 168.57388520240784 605.58038461208344 789.29406785964966
leaf_count=208 474 102 66 357 195 110 204 441 81 62 90 81 270 249
internal_value=-3.49625e-05 -0.000633908 -0.00300642 -0.000398351 0.00138429 3.71837e-05 0.000481996 -0.000431025 -0.00112227 -0.000105744 -0.00166637 -0.00148092 -0.00260981 0.00134693
internal_weight=8798.6 6187.8 557.811 5629.99 2610.8 4015.47 2902.52 1412.25 1112.94 709.859 469.471 1614.52 774.154 1490.27
internal_count=2990 2321 274 2047 669 1339 996 543 343 233 152 708 351 453
is_linear=0
shrinkage=0.03


Tree=134
num_leaves=15
num_cat=0
split_feature=17 15 16 16 7 15 18 9 15 9 5 17 7 1
split_gain=7.27271 2.49866 2.26231 2.61663 3.82589 2.09536 2.07856 2.60189 1.79441 1.74486 2.3889 2.55643 2.02982 1.73164
threshold=1087.5000000000002 1132.5000000000002 1232.5000000000002 1148.7500000000002 1.2250000000000003 1098.7500000000002 1.0000000180025095e-35 1.9310000000000003 1036.2500000000002 1.5497600000000002 0.36666666666666675 1193.7500000000002 1.6333333333333335 1.5970000000000002
decision_type=2 2 2 2 2 2 2 8 2 10 2 2 2 8
left_child=-1 2 3 8 5 -5 7 -3 -2 10 11 -8 -11 -6
right_child=1 6 -4 4 13 -7 9 -9 -10 12 -12 -13 -14 -15
leaf_value=-0.0017314159253569584 0.0037657424265356118 0.0001204669181889605 0.0020794349415288833 -0.00081120351634720819 -0.00063615522125497074 -0.0042489589773504624 -0.00075596200063032305 0.004025948564611654 0.0009204861128503496 -0.00055729821581093392 -0.0018366037424319465 0.0038690774738641032 -0.005029328805492202 0.002865858026011484
leaf_weight=1524.4959094524384 223.23136401176453 1168.587634563446 1220.9417331218719 511.19049954414368 212.50615835189819 231.41529679298401 248.25738883018494 175.75885558128357 1822.5437507629395 182.0439190864563 468.71277344226837 188.42646145820618 182.91317486763 313.96741533279419
leaf_count=696 54 439 266 132 62 75 106 51 585 64 198 63 69 88
internal_value=0.000149123 0.000550242 0.000975955 0.000569011 -0.000500902 -0.00188677 -0.000188344 0.00063368 0.00123264 -0.00105806 -0.00035106 0.001244 -0.00280626 0.00145378
internal_weight=8674.99 7150.5 4535.8 3314.85 1269.08 742.606 2614.7 1344.35 2045.78 1270.35 905.397 436.684 364.957 526.474
internal_count=2948 2252 1262 996 357 207 990 490 639 500 367 169 133 150
is_linear=0
shrinkage=0.03


Tree=135
num_leaves=15
num_cat=0
split_feature=18 8 0 11 4 2 7 3 2 10 13 7 7 10
split_gain=5.35208 3.80956 3.22426 2.50847 2.50523 2.2594 2.09003 2.03653 1.84934 3.42306 1.61276 1.89956 3.03297 1.87598
threshold=1.0000000180025095e-35 2.5550000000000002 1.4700000000000004 0.63333333333333341 0.41666666666666669 0.58333333333333337 0.90000000000000013 0.90000000000000013 1.1666666666666667 1.8333333333333337 1.9000000000000001 0.70833333333333337 1.1000000000000003 1.8333333333333337
decision_type=2 8 8 10 2 2 2 2 2 10 10 2 2 10
left_child=3 2 6 -1 7 -6 -2 -4 -9 -10 11 -5 13 -13
right_child=1 -3 4 10 5 -7 -8 8 9 -11 -12 12 -14 -15
leaf_value=-0.0013660917210196377 0.00029342997719985689 0.0035911076911077635 -0.00361895739334846 0.0029828163877098292 -0.0004281440585151428 0.004262392806901767 -0.0028859416705076593 0.0017324550959331949 -0.0017328620373328939 0.00099812291224367746 -0.00027349011778886198 0.0003800518937876716 0.0015157093349328812 -0.0027674103304750051
leaf_weight=483.41882824897766 229.06385803222656 168.55779445171356 207.79339754581451 467.9441534280777 188.70342373847961 179.84061872959137 986.7851699590683 284.92263972759247 1285.387184381485 607.64941489696503 818.53234660625458 490.88957476615906 2052.5152797698975 259.91168618202209
leaf_count=194 79 45 82 128 77 67 385 100 453 173 296 155 665 65
internal_value=-3.17086e-05 -0.000813242 -0.00100109 0.000675593 -0.000432729 0.00186607 -0.0022872 -0.000788473 -0.000516887 -0.000856174 0.000917198 0.00121512 0.000919092 -0.000711765
internal_weight=8711.92 4138.7 3970.15 4573.21 2754.3 368.544 1215.85 2385.75 2177.96 1893.04 4089.79 3271.26 2803.32 750.801
internal_count=2964 1461 1416 1503 952 144 464 808 726 626 1309 1013 885 220
is_linear=0
shrinkage=0.03


Tree=136
num_leaves=15
num_cat=0
split_feature=17 0 8 9 17 5 0 1 8 5 14 14 1 14
split_gain=7.76378 3.34489 2.87155 2.07497 2.50735 1.66843 1.73917 1.66307 4.06471 2.04771 2.27256 1.34007 2.55347 1.7833
threshold=1087.5000000000002 1.9048833333333337 2.7066666666666666 2.3370000000000002 1253.7500000000002 0.55000000000000016 1.061666666666667 1.8000000000000005 1.8916666666666668 0.29166666666666669 1087.5000000000002 1191.2500000000002 0.74300000000000022 1092.5000000000002
decision_type=2 10 10 8 2 2 8 8 8 2 2 2 10 2
left_child=1 11 3 4 -2 6 -6 8 -8 10 -9 13 -13 -1
right_child=2 -3 -4 -5 5 -7 7 9 -10 -11 -12 12 -14 -15
leaf_value=-0.0032913709629990924 -7.5613863329816378e-05 0.0013846423003194672 0.0039042599577588477 -0.0023095949668480676 0.0036788160062496628 -0.001123282169447113 -0.0027346830292948963 -0.00088682821687702761 0.0023025600309449913 0.0038323960584189702 0.0022566386219800018 -0.0057689942511263016 -0.001173260881477048 -0.00065453289786367998
leaf_weight=429.36503481864929 4467.0301035642624 228.38529336452484 196.04995226860046 276.63802886009216 269.49935913085938 257.08233428001404 288.80789756774902 346.94027400016785 285.91066241264343 308.92586421966553 510.53062868118286 263.5429584980011 185.88733780384064 499.23762178421021
leaf_count=181 1565 85 51 72 74 78 75 75 70 82 130 151 96 221
internal_value=-8.7875e-05 -0.00197317 0.000332543 0.000232129 0.000336861 0.00114905 0.00144001 0.00109156 -0.000229111 0.00174194 0.000985213 -0.00253027 -0.00387499 -0.00187598
internal_weight=8813.83 1606.42 7207.42 7011.37 6734.73 2267.7 2010.61 1741.12 574.719 1166.4 857.471 1378.03 449.43 928.603
internal_count=3006 734 2272 2221 2149 584 506 432 145 287 205 649 247 402
is_linear=0
shrinkage=0.03


Tree=137
num_leaves=15
num_cat=0
split_feature=15 13 0 8 15 2 1 7 16 7 8 11 18 15
split_gain=4.35338 3.40177 2.43038 2.11179 4.03573 3.20698 3.49904 2.00507 1.96318 2.10021 1.54829 2.20943 1.68491 4.84138
threshold=1120.0000000000002 1.9000000000000001 2.058333333333334 1.3068666666666668 1270.0000000000002 0.83333333333333337 1.1963333333333337 1.9000000000000001 1162.5000000000002 2.5500000000000003 2.4883333333333337 2.4500000000000006 1.0000000180025095e-35 1078.7500000000002
decision_type=2 8 10 8 2 2 10 2 2 2 10 10 2 2
left_child=1 10 -3 8 5 -5 -7 -8 9 -2 11 12 -1 -14
right_child=3 2 -4 4 -6 6 7 -9 -10 -11 -12 -13 13 -15
leaf_value=0.0017104348951483739 -0.0015495184183992 -0.0017798409120744598 0.0020129481411639352 0.0040776226962743077 -0.0034236789303356842 -0.003240501288324215 3.7301706471632477e-05 0.0035143338722636265 -0.00020565240152024884 -0.0048230331649232582 0.0033372451529090751 -0.0013680347855102198 0.0018777412997906197 -0.0015641814027272567
leaf_weight=1555.1721367835999 1643.0538423061371 812.01468622684479 186.15568447113037 221.12685883045197 240.84473860263824 219.02958202362061 492.13466417789459 213.25811886787415 920.92918050289154 197.01403796672821 220.2745189666748 392.57611155509949 799.27762341499329 679.61505007743835
leaf_count=433 744 282 53 74 108 76 159 66 302 100 49 91 223 225
internal_value=-0.000150844 0.000479879 -0.00107119 -0.000857201 9.81077e-05 0.000840882 6.30665e-05 0.00109198 -0.00133676 -0.00190244 0.000904588 0.000747282 0.00102134 0.000296041
internal_weight=8792.48 4645.09 998.17 4147.39 1386.39 1145.55 924.422 705.393 2761 1840.07 3646.92 3426.64 3034.06 1478.89
internal_count=2985 1356 335 1629 483 375 301 225 1146 844 1021 972 881 448
is_linear=0
shrinkage=0.03


Tree=138
num_leaves=15
num_cat=0
split_feature=18 0 0 11 2 0 0 3 16 2 2 2 9 7
split_gain=2.80547 4.81431 3.93548 3.49868 2.67135 2.44682 2.29002 1.85894 2.36701 2.96534 2.96243 2.50339 2.93972 1.92795
threshold=1.0000000180025095e-35 1.0000000180025095e-35 1.4800000000000002 1.9000000000000001 1.8333333333333337 0.95955000000000013 1.7050000000000003 2.3666666666666671 1132.5000000000002 1.1666666666666667 2.1666666666666674 0.83333333333333337 1.5587700000000002 1.7750000000000001
decision_type=2 8 10 10 2 8 10 2 2 2 2 2 10 2
left_child=1 -1 3 -3 6 -2 -4 8 9 13 11 -10 -13 -7
right_child=5 2 4 -5 -6 7 -8 -9 10 -11 -12 12 -14 -15
leaf_value=0.0040919756612316106 -0.0023012434094977531 -0.00099401598235807228 0.0055738371554523731 0.0013257786612255707 0.00044939466441223095 0.0017119910981696585 0.0016254260773012738 0.0014540057048952793 -0.0013072765237112278 -0.0024448458563096887 -0.0030733726998525943 0.0027309030056791943 -0.00070719593908185078 -0.0021720145471485477
leaf_weight=317.32783901691437 609.88477790355682 2088.7477250099182 222.47755563259125 811.71177136898041 713.46736192703247 341.26679956912994 326.7190842628479 497.11119818687439 375.36432695388794 906.02302062511444 205.77089095115662 658.43912136554718 338.30756497383118 172.26547741889954
leaf_count=105 244 775 67 231 195 143 97 148 126 361 56 202 95 84
internal_value=1.70251e-05 0.000536034 0.00026407 -0.000344574 0.00166135 -0.000549524 0.00323214 -0.000243235 -0.000525106 -0.00141347 0.000274505 0.000778448 0.00156443 0.000407404
internal_weight=8584.88 4480.45 4163.12 2900.46 1262.66 4104.43 549.197 3494.55 2997.44 1419.56 1577.88 1372.11 996.747 513.532
internal_count=2929 1470 1365 1006 359 1459 164 1215 1067 588 479 423 297 227
is_linear=0
shrinkage=0.03


Tree=139
num_leaves=15
num_cat=0
split_feature=17 15 11 11 12 10 2 11 17 15 15 16 10 17
split_gain=9.72266 3.1871 2.25994 2.20037 2.32016 3.03432 2.02176 1.84271 2.13077 2.35679 2.5484 2.30963 3.16237 3.14943
threshold=1087.5000000000002 1255.0000000000002 3.1000000000000005 1.3666666666666669 1.1666666666666667 1.1666666666666667 0.58333333333333337 2.4500000000000006 1188.7500000000002 1078.7500000000002 1162.5000000000002 1132.5000000000002 1.5833333333333337 1117.5000000000002
decision_type=2 2 8 10 8 8 2 10 2 2 2 2 10 2
left_child=3 2 7 4 -1 -6 -3 8 11 -10 -11 12 -2 -14
right_child=1 6 -4 -5 5 -7 -8 -9 9 10 -12 -13 13 -15
leaf_value=-0.0037013799740914159 -0.00017783441465103153 -0.003978717063354952 0.0036037868743747695 -0.0042722289849252302 -0.0015975703273658306 0.0027734371143540871 -0.0003927347374332662 -0.00094758818741662353 0.0024601149300570468 0.0001941719902725908 0.0028339294421446609 -0.0013497535845460869 0.0053333999215683242 0.00069885533793074672
leaf_weight=324.5483433008194 1196.3659757375717 200.93510806560516 231.68023705482483 333.56819689273834 735.45908081531525 176.40355610847473 473.66259551048279 628.02622604370117 1028.2218601703644 1693.6298205852509 407.58936023712158 702.05833005905151 220.68487226963043 326.95342683792114
leaf_count=150 438 94 55 151 343 76 210 164 227 479 126 251 81 109
internal_value=2.33113e-05 0.000495192 0.00070089 -0.0021126 -0.00152698 -0.000749869 -0.00146516 0.000591914 0.000765463 0.00128383 0.00070733 0.000102015 0.000686871 0.00257278
internal_weight=8679.79 7109.81 6435.21 1569.98 1236.41 911.863 674.598 6203.53 5575.5 3129.44 2101.22 2446.06 1744 547.638
internal_count=2954 2234 1930 720 569 419 304 1875 1711 832 605 879 628 190
is_linear=0
shrinkage=0.03


Tree=140
num_leaves=15
num_cat=0
split_feature=17 17 15 10 5 3 9 18 1 3 3 5 15 2
split_gain=9.43208 2.82609 2.37448 3.46091 3.45367 2.60116 2.36919 1.99227 2.40114 2.85652 2.89146 1.8139 1.66761 2.13917
threshold=1188.7500000000002 1010.0000000000001 1146.2500000000002 1.5833333333333337 0.36666666666666675 1.6333333333333335 1.4790000000000003 1.0000000180025095e-35 1.1650000000000003 1.2916666666666667 2.3666666666666671 1.0000000180025095e-35 1060.0000000000002 2.1666666666666674
decision_type=2 2 2 8 2 2 8 2 8 2 2 2 2 2
left_child=1 -1 6 5 -5 -4 7 -3 -9 -10 -11 -8 -2 -14
right_child=12 2 3 4 -6 -7 11 8 9 10 -12 -13 13 -15
leaf_value=-0.0047217022749195536 0.0022760528082906295 0.00080809854311826904 -0.0021564414895493319 0.0031809478032066327 -0.002387276888575385 -0.0062749023413903636 -0.00045895721905626793 -0.0040337625734729477 0.0025677407357684976 -0.0023015464723248604 0.0021196689902213263 -0.0044442485738602697 0.0010140499309303568 -0.00092725487840297684
leaf_weight=177.35328912734985 712.58882761001587 1266.3711625337601 772.47198784351349 202.27439403533936 196.82907330989838 167.72961521148682 203.6526095867157 185.38949620723724 233.4590482711792 552.73853135108948 174.40445065498352 207.05825746059418 3067.5078620910645 612.07881808280945
leaf_count=92 147 455 386 86 93 75 64 74 92 212 58 73 893 162
internal_value=-3.13878e-05 -0.00102319 -0.00086451 -0.00190433 0.000435718 -0.00289705 -0.000370707 -1.17329e-05 -0.000917597 -0.00031263 -0.00123967 -0.00247404 0.000948586 0.00069096
internal_weight=8731.91 4339.73 4162.38 1339.31 399.103 940.202 2823.07 2412.36 1145.99 960.602 727.143 410.711 4392.18 3679.59
internal_count=2962 1760 1668 640 179 461 1028 891 436 362 270 137 1202 1055
is_linear=0
shrinkage=0.03


Tree=141
num_leaves=15
num_cat=0
split_feature=15 17 12 3 17 15 13 17 4 15 6 8 8 11
split_gain=4.85242 3.92451 2.44944 2.64757 2.39985 2.34655 2.0627 3.17823 2.45961 1.67108 2.4564 2.23092 3.28471 2.90229
threshold=1270.0000000000002 1071.2500000000002 1.1666666666666667 1.3666666666666669 1320.0000000000002 1093.7500000000002 0.90000000000000013 1193.7500000000002 1.0000000180025095e-35 1112.5000000000002 1.4166666666666667 1.7241666666666668 1.0983333333333334 1.5500000000000003
decision_type=2 2 8 2 2 2 10 2 2 2 2 10 10 10
left_child=1 2 -1 -4 6 -5 7 -3 -9 -8 -11 12 13 -12
right_child=-2 4 3 5 -6 -7 9 8 -10 10 11 -13 -14 -15
leaf_value=-0.0045444667616679783 -0.0024195450741551711 -0.0027320508806735495 0.0016733352827334896 0.00013513760336835318 0.0016534985533622616 -0.0040888694177024301 0.00097102171602127794 0.0023463664144758411 -0.0012067954266721825 -0.0010900258499511679 -0.001781642844154171 -0.001783038932544513 0.0042790549903726745 0.0026543651902631578
leaf_weight=209.07226431369781 728.67521333694458 520.54808604717255 244.30344939231873 217.51685082912445 1118.2576310634613 258.50393927097321 2427.3770546913147 311.27794051170349 398.89716553688049 1197.2515068054199 288.33530044555664 217.45233416557312 276.6766300201416 244.2664167881012
leaf_count=98 357 188 122 89 248 127 702 80 114 440 119 71 96 87
internal_value=-7.8435e-05 0.000136971 -0.00169362 -0.000861018 0.000380216 -0.00216248 0.000137909 -0.000953763 0.000351706 0.000426902 -0.00016715 0.000909012 0.00163367 0.000253999
internal_weight=8658.41 7929.74 929.397 720.324 7000.34 476.021 5882.08 1230.72 710.175 4651.36 2223.98 1026.73 809.278 532.602
internal_count=2938 2581 436 338 2145 216 1897 382 194 1515 813 373 302 206
is_linear=0
shrinkage=0.03


Tree=142
num_leaves=15
num_cat=0
split_feature=17 15 17 8 8 12 14 17 14 11 1 11 18 14
split_gain=7.67242 3.57126 2.99222 2.12555 2.25417 2.33733 2.16008 2.45101 2.56016 2.23111 1.96233 1.90984 1.78291 1.71899
threshold=1117.5000000000002 1127.5000000000002 1037.5000000000002 2.5050000000000003 2.1306000000000007 0.58333333333333337 1102.5000000000002 1292.5000000000002 1042.5000000000002 1.2250000000000003 1.1490000000000002 1.4500000000000002 1.0000000180025095e-35 1267.5000000000002
decision_type=2 2 2 8 10 10 2 2 2 10 8 10 2 2
left_child=2 3 -1 4 5 -2 7 8 -7 -10 12 -8 -4 -12
right_child=1 -3 10 -5 -6 6 11 -9 9 -11 13 -13 -14 -15
leaf_value=-0.0042076537559263359 -0.00073522482466813167 -0.00026726509917544421 -0.00079313720385636296 0.0038673927875444792 -0.001555460164329797 0.0027682279874605511 0.004490335772389809 0.0036932878116752227 0.0016880363780122742 -0.0014193905974960277 -0.00025404709609081079 0.0017223143961137141 -0.0043958851321681475 -0.0028110366178314295
leaf_weight=278.22581624984741 440.65724658966064 2407.3519821166992 240.40638935565948 255.58992385864258 276.68476295471191 303.82069802284241 354.11320829391479 238.62854409217834 309.20276260375977 630.01285314559937 1952.4178372621536 615.42452192306519 254.66377007961273 268.29975497722626
leaf_count=146 107 837 113 57 67 69 104 46 90 172 764 162 127 142
internal_value=-1.56811e-05 0.000618104 -0.00124991 0.00124046 0.00102741 0.00127498 0.00163651 0.000915116 0.000379244 -0.000395675 -0.000945458 0.00273689 -0.00265151 -0.0005641
internal_weight=8825.5 5831.49 2994.01 3424.13 3168.54 2891.86 2451.2 1481.66 1243.04 939.216 2715.79 969.538 495.07 2220.72
internal_count=3003 1711 1292 874 817 750 643 377 331 262 1146 266 240 906
is_linear=0
shrinkage=0.03


Tree=143
num_leaves=15
num_cat=0
split_feature=16 0 0 0 0 16 3 10 11 11 11 15 18 11
split_gain=4.76399 3.14942 3.63214 2.7419 2.51141 2.18457 1.93899 2.35263 3.31281 2.09531 1.99764 1.86504 2.97993 5.04644
threshold=1312.5000000000002 1.0216666666666672 0.9010166666666668 1.1785500000000002 1.5883333333333336 1066.2500000000002 0.45000000000000007 2.4166666666666674 1.9000000000000001 1.2916666666666667 2.1000000000000005 1088.7500000000002 1.0000000180025095e-35 1.2916666666666667
decision_type=2 10 10 10 8 2 2 8 10 10 10 2 2 10
left_child=1 2 5 -3 -2 -1 -7 8 9 -8 -10 -5 13 -13
right_child=4 3 -4 11 -6 6 7 -9 10 -11 -12 12 -14 -15
leaf_value=-0.0026188743806800255 -6.7440666866723942e-05 0.0026432094847540395 -0.0042845165463245797 0.0009018311875390434 0.0031852852462091559 -0.0027897586784086416 0.00028113395832625069 -0.002487100328655989 0.0043304631158826339 -0.0014920150119335238 0.00048173147742489795 -0.0020726848061745997 -0.0019019885223815829 0.0023919600877886486
leaf_weight=476.64867901802063 351.99094748497009 391.50831460952759 271.76792204380035 1181.0011532306671 542.3269989490509 295.08165204524994 1525.8045430183411 377.30169200897217 227.56732130050659 987.01640832424164 259.40847229957581 388.46951496601105 863.51744866371155 548.17071104049683
leaf_count=237 86 136 105 324 118 123 589 117 71 342 77 144 320 166
internal_value=-0.000166168 -0.000404221 -0.000930908 0.000286185 0.00190641 -0.000710251 -0.000461867 -0.000257696 2.3444e-05 -0.000415662 0.00228546 -2.41402e-05 -0.000631791 0.000540023
internal_weight=8687.58 7793.26 4420.6 3372.67 894.318 4148.83 3672.18 3377.1 2999.8 2512.82 486.976 2981.16 1800.16 936.64
internal_count=2955 2751 1661 1090 204 1556 1319 1196 1079 931 148 954 630 310
is_linear=0
shrinkage=0.03


Tree=144
num_leaves=15
num_cat=0
split_feature=17 14 1 5 6 8 5 8 8 9 17 18 1 1
split_gain=4.32154 4.65523 2.3613 3.43062 2.75278 2.35246 1.705 3.43544 2.17114 1.93654 2.17804 2.04695 1.89744 2.03116
threshold=1106.2500000000002 1310.0000000000002 1.3990000000000002 0.36666666666666675 2.1666666666666674 2.7066666666666666 1.0000000180025095e-35 2.0816666666666674 1.5183333333333335 1.2250000000000003 1193.7500000000002 1.0000000180025095e-35 1.7810000000000004 0.90944999999999998
decision_type=2 2 8 2 2 8 2 10 10 10 2 2 10 10
left_child=1 2 3 -1 -4 6 7 8 9 10 11 -2 13 -8
right_child=5 -3 4 -5 -6 -7 12 -9 -10 -11 -12 -13 -14 -15
leaf_value=-0.0046292863150687591 0.0019947405437486213 -0.0058750181054658193 -0.00068065076992511009 0.00026700573591461832 0.0028182561794261657 0.0035444356439080877 0.00024798342297668402 -0.0020397750869821556 0.0034218646102859435 -0.0011445495845460716 0.0030927618849656536 -0.0021786065035123612 0.0016829272290865686 -0.0012174996350719119
leaf_weight=295.53454029560089 230.75634074211121 170.22643864154816 1475.0521103143692 227.48644828796387 233.53041672706604 204.77478957176208 2303.631708741188 277.81146264076233 419.04037165641785 305.47092533111572 445.06750178337097 193.58344125747681 495.66200160980225 1348.767343044281
leaf_count=132 72 103 616 106 103 53 750 69 105 84 112 64 134 421
internal_value=-2.69191e-05 -0.00110761 -0.000741486 -0.00250321 -0.000201049 0.000390191 0.000282323 0.00103367 0.0015703 0.000907562 0.00162907 9.02173e-05 -5.68767e-05 -0.000293379
internal_weight=8626.4 2401.83 2231.6 523.021 1708.58 6224.57 6019.79 1871.73 1593.92 1174.88 869.407 424.34 4148.06 3652.4
internal_count=2924 1060 957 238 719 1864 1811 506 437 332 248 136 1305 1171
is_linear=0
shrinkage=0.03


Tree=145
num_leaves=15
num_cat=0
split_feature=18 10 4 11 12 0 12 1 7 16 0 7 9 6
split_gain=3.69323 2.51932 3.68572 2.58092 2.44664 2.38613 1.96192 1.71864 1.64001 2.76503 2.55665 1.86772 5.95284 2.65316
threshold=1.0000000180025095e-35 1.5833333333333337 1.0000000180025095e-35 1.5500000000000003 0.83333333333333337 1.0000000180025095e-35 0.41666666666666669 1.6196200000000003 1.1000000000000003 1052.5000000000002 0.78545000000000009 2.3666666666666671 1.1890000000000003 1.4166666666666667
decision_type=2 8 2 10 10 8 10 10 2 2 8 2 10 2
left_child=5 6 4 -4 -3 -1 -2 -5 -7 -10 -11 13 -13 -12
right_child=1 2 3 7 -6 8 -8 -9 9 10 11 12 -14 -15
leaf_value=0.0028895049385978125 -0.0043311475981871678 0.00358330376168781 0.0021898461227137238 -0.0023858206463561612 0.00030503974622726423 -0.00044436035850786411 -0.0011481493169473559 0.00080023512691340898 -0.0025370800451840346 -0.0024245530795041501 0.0022357596205491259 -0.00080833268835789319 0.0070192244340968549 -4.4497218500883786e-05
leaf_weight=352.34091949462891 190.63531196117401 319.59637022018433 178.95111119747162 743.49266791343689 568.30381870269775 1567.1578795909882 1948.5307779312134 191.05867505073547 206.50794172286987 173.36835694313049 826.32935512065887 164.01243388652802 185.83843660354614 1032.1134153604507
leaf_count=116 69 82 70 248 175 474 761 56 101 68 258 68 58 324
internal_value=-7.14085e-05 -0.000718174 4.69365e-05 -0.00110226 0.00148774 0.000522713 -0.0014337 -0.00173431 0.000321379 0.000785034 0.00107403 0.00134967 0.00335777 0.000970043
internal_weight=8648.24 4140.57 2001.4 1113.5 887.9 4507.67 2139.17 934.551 4155.33 2588.17 2381.66 2208.29 349.851 1858.44
internal_count=2928 1461 631 374 257 1467 830 304 1351 877 776 708 126 582
is_linear=0
shrinkage=0.03


Tree=146
num_leaves=15
num_cat=0
split_feature=17 15 7 5 1 16 17 5 7 17 13 18 7 17
split_gain=4.29376 2.80319 2.32433 2.14534 1.95209 2.47911 3.15676 2.20358 2.0657 1.90809 3.37781 2.76901 1.86523 3.17664
threshold=1087.5000000000002 1262.5000000000002 0.22500000000000003 0.55000000000000016 1.192666666666667 1102.5000000000002 1037.5000000000002 0.36666666666666675 1.3666666666666669 1310.0000000000002 0.55000000000000016 1.0000000180025095e-35 1.4500000000000002 1152.5000000000002
decision_type=2 2 2 2 8 2 2 2 2 2 10 2 2 2
left_child=4 2 -2 -3 7 6 8 -1 -6 10 -4 -11 -12 -14
right_child=1 3 9 -5 5 -7 -8 -9 -10 11 12 -13 13 -15
leaf_value=-0.0058278244959277083 0.0032998458851234099 -0.00025994347402877565 -0.0028488680042859753 -0.0039122967592101175 -0.00041644580664382117 -0.0030620469726005337 0.0011481496972482054 -0.00093301771197506762 -0.005765560490143924 0.0028956643376873911 -0.00013310545986308615 -4.6176298873770113e-05 -0.00080061691694360978 0.0019494750786846408
leaf_weight=172.64317786693573 250.40384459495544 381.22738695144653 323.92305684089661 232.48532426357269 147.11689519882202 339.91448903083801 605.69788300991058 159.04088473320007 115.6116635799408 589.94955682754517 3090.539900302887 561.56697940826416 549.1120400428772 1208.999178647995
leaf_count=83 68 172 99 113 72 142 268 80 64 126 963 134 214 368
internal_value=-1.82554e-05 0.000289776 0.000470851 -0.00164763 -0.00145527 -0.000894149 -4.30563e-05 -0.00349065 -0.00278322 0.000358332 0.000112354 0.0014622 0.00031073 0.00109057
internal_weight=8728.23 7188.21 6574.49 613.713 1540.02 1208.34 868.426 331.684 262.729 6324.09 5172.57 1151.52 4848.65 1758.11
internal_count=2966 2257 1972 285 709 546 404 163 136 1904 1644 260 1545 582
is_linear=0
shrinkage=0.03


Tree=147
num_leaves=15
num_cat=0
split_feature=17 3 17 18 9 3 1 1 7 7 9 5 1 1
split_gain=5.58082 2.38438 2.06055 1.94032 3.79949 2.06809 2.34913 1.75636 1.79407 1.61784 1.47932 2.38449 2.93223 1.39264
threshold=1188.7500000000002 0.70833333333333337 1010.0000000000001 1.0000000180025095e-35 1.4790000000000003 1.2916666666666667 1.6323300000000003 1.5730000000000002 1.6333333333333335 0.45000000000000007 1.2990000000000002 1.0000000180025095e-35 1.3220200000000002 1.4330000000000003
decision_type=2 2 2 2 8 2 8 8 2 2 8 2 10 8
left_child=2 13 -1 4 5 6 -4 -7 -9 -3 -5 -12 -13 -2
right_child=1 9 3 10 -6 7 -8 8 -10 -11 11 12 -14 -15
leaf_value=-0.0041298928157620174 0.00029733059248557628 0.0030618160903119309 0.00098982577681242705 -0.0018348866442660808 -0.003525251810473716 -0.00098008431805620419 -0.0023333876987486077 0.0012216364973265915 0.0047323276723441211 0.00074416267342497424 0.0027133220249455922 0.0018200957369305035 -0.0039874938540739686 -0.0028774425624280712
leaf_weight=164.76457059383392 248.74827992916107 292.15594124794006 358.7129168510437 1541.1727509498596 250.91876041889191 241.49352753162384 408.48960208892822 653.18261671066284 163.28508222103119 3624.8730616569519 187.23007941246033 134.47938227653503 184.59903311729431 247.32517623901367
leaf_count=86 83 69 152 657 89 94 182 234 63 967 63 60 69 83
internal_value=-7.92973e-05 0.000669569 -0.000849929 -0.000717903 -7.15243e-05 0.000404956 -0.000780321 0.00126441 0.00192867 0.000917765 -0.00137296 3.39818e-05 -0.00154178 -0.00128811
internal_weight=8701.43 4413.1 4288.33 4123.56 2076.08 1825.16 767.203 1057.96 816.468 3917.03 2047.48 506.308 319.078 496.073
internal_count=2951 1202 1749 1663 814 725 334 391 297 1036 849 192 129 166
is_linear=0
shrinkage=0.03


Tree=148
num_leaves=15
num_cat=0
split_feature=17 17 11 5 0 11 11 12 7 17 12 14 6 0
split_gain=5.70348 2.85308 2.16412 2.09852 3.62683 1.58165 2.26379 1.9192 1.56568 2.07129 1.53886 2.7416 2.82785 2.12211
threshold=1037.5000000000002 1253.7500000000002 1.3666666666666669 1.0000000180025095e-35 1.9283333333333339 2.1000000000000005 1.6333333333333335 0.83333333333333337 0.90000000000000013 1077.5000000000002 1.1666666666666667 1117.5000000000002 2.1666666666666674 1.0850000000000002
decision_type=2 2 8 2 10 10 8 10 2 2 8 2 2 8
left_child=-1 3 -3 5 10 6 7 -2 -9 -10 11 -5 13 -13
right_child=1 2 -4 4 -6 -7 -8 8 9 -11 -12 12 -14 -15
leaf_value=-0.0042675996241523474 0.0034951685852709262 0.0033253653299888906 0.00070968346858237886 7.7643750761149207e-06 0.0021926930750241292 0.0032945555168536018 -0.0022738118263588175 -0.0013301514787617986 0.003715007022576548 0.00023473089041244229 -0.00034963390253714253 -0.0065339374935077929 0.00019474713789095584 -0.0026192693649586918
leaf_weight=262.867192029953 210.21921801567078 324.13428807258606 2296.9650220870972 559.53111326694489 396.58907580375671 187.8124395608902 242.58041095733643 338.40880012512207 202.88900279998779 628.44191110134125 2317.8803298473358 176.54241049289703 220.62931871414185 427.79730784893036
leaf_count=139 68 92 569 190 129 53 76 104 86 210 920 74 98 174
internal_value=7.63535e-05 0.000210698 0.00103429 -0.000154723 -0.000530404 0.000695711 0.000393045 0.000863154 0.000387561 0.00108755 -0.000822608 -0.00161362 -0.002712 -0.00377174
internal_weight=8793.29 8530.42 2621.1 5909.32 4098.97 1810.35 1622.54 1379.96 1169.74 831.331 3702.38 1384.5 824.969 604.34
internal_count=2982 2843 661 2182 1585 597 544 468 400 296 1456 536 346 248
is_linear=0
shrinkage=0.03


Tree=149
num_leaves=15
num_cat=0
split_feature=7 11 12 5 8 15 9 9 9 14 2 0 0 14
split_gain=3.2501 2.72095 2.18474 1.87282 4.09278 4.07191 3.27069 3.88767 1.62358 2.34809 1.48795 2.12588 1.93764 1.89656
threshold=0.45000000000000007 3.1000000000000005 1.1666666666666667 1.0000000180025095e-35 2.2650000000000006 1120.0000000000002 1.9190000000000003 1.4950000000000003 1.0630000000000002 1092.5000000000002 2.5833333333333335 1.9283333333333339 1.6641666666666668 1062.5000000000002
decision_type=2 8 10 2 10 2 10 10 10 2 2 10 10 2
left_child=2 3 -1 5 10 6 7 8 9 -2 11 12 13 -5
right_child=1 -3 -4 4 -6 -7 -8 -9 -10 -11 -12 -13 -14 -15
leaf_value=0.0040370553447489875 -0.00018010371352480199 0.0027004953754120281 0.00049908051350269333 -0.0028400438211991438 0.0024759236527323717 -0.001546984568848761 -0.0021562021087791049 0.0045814751994056341 -0.00096234605235596667 0.0031236577173360492 -0.0031230783213214478 0.0015225592853155819 -0.0032552811514071087 -0.00054105081743578535
leaf_weight=272.30356192588806 358.76990580558777 277.71817111968994 370.17823684215546 351.05408763885498 359.02554249763489 683.2325451374054 223.85026979446411 330.89004397392273 310.0750834941864 419.33219075202942 242.31413161754608 352.5234911441803 291.45973598957062 3920.2109518051147
leaf_count=73 109 70 118 100 99 257 52 83 90 134 80 110 96 1516
internal_value=-4.97934e-05 -0.000212397 0.00200253 -0.000315877 -0.000616881 0.00039793 0.0012072 0.00173891 0.000871131 0.00160207 -0.000832614 -0.000719085 -0.000892574 -0.000730625
internal_weight=8762.94 8120.46 642.482 7842.74 5516.59 2326.15 1642.92 1419.07 1088.18 778.102 5157.56 4915.25 4562.72 4271.27
internal_count=2987 2796 191 2726 2001 725 468 416 333 243 1902 1822 1712 1616
is_linear=0
shrinkage=0.03


Tree=150
num_leaves=15
num_cat=0
split_feature=16 2 0 15 18 2 0 1 11 11 16 14 6 6
split_gain=3.36681 2.37946 2.72372 2.31352 2.32913 2.51222 2.40523 3.08517 1.74654 2.61245 1.71349 1.636 1.56778 1.51434
threshold=1088.7500000000002 2.1666666666666674 1.8583333333333336 1083.7500000000002 1.0000000180025095e-35 2.1666666666666674 2.0783333333333336 1.7390300000000003 2.5500000000000003 1.9000000000000001 1112.5000000000002 1097.5000000000002 1.4166666666666667 1.1666666666666667
decision_type=2 2 10 2 2 2 8 10 8 10 2 2 2 2
left_child=1 2 -1 8 6 13 7 -5 9 10 -2 -8 -12 -6
right_child=3 -3 -4 4 5 -7 11 -9 -10 -11 12 -13 -14 -15
leaf_value=-0.0020211024401862146 0.0031452698129085326 0.0014633315062513093 0.0017631314122966586 0.00091740237690530319 0.00092857518814747563 -0.0029776735960249726 -0.0028305975074571824 0.0049389706648353951 -0.0010261667512682896 0.0034751718942492783 0.0010301040472055637 0.00017323712176507285 -0.0016017918907390563 -0.00084971513187251119
leaf_weight=1307.193553686142 247.56953454017639 284.12491512298584 196.16454994678497 1204.4975665807724 665.29648327827454 352.60218405723572 201.61086940765381 199.38270783424377 266.08909034729004 478.23727583885193 832.44916558265686 838.03314578533173 268.62697887420654 1219.4646916389465
leaf_count=599 77 111 73 382 234 115 65 56 57 104 222 291 72 459
internal_value=0.000107084 -0.00105069 -0.00152648 0.000412706 4.19061e-05 -0.00065729 0.000682117 0.00149166 0.00124158 0.00157226 0.000895399 -0.000411436 0.000387136 -0.000221842
internal_weight=8561.34 1787.48 1503.36 6773.86 4680.89 2237.36 2443.52 1403.88 2092.97 1826.88 1348.65 1039.64 1101.08 1884.76
internal_count=2917 783 672 2134 1602 808 794 438 532 475 371 356 294 693
is_linear=0
shrinkage=0.03


Tree=151
num_leaves=15
num_cat=0
split_feature=17 14 7 0 2 17 18 1 15 13 18 7 1 2
split_gain=6.42942 2.75823 1.96755 1.96321 1.66491 1.6192 1.44285 2.15288 1.94439 1.4245 1.35379 2.24664 1.69066 2.31697
threshold=1183.7500000000002 1202.5000000000002 0.45000000000000007 1.8078166666666668 1.8333333333333337 1082.5000000000002 1.0000000180025095e-35 1.9760000000000002 1167.5000000000002 1.3666666666666669 1.0000000180025095e-35 1.1000000000000003 1.5090000000000003 0.83333333333333337
decision_type=2 2 2 10 2 2 2 10 2 10 2 2 8 2
left_child=1 6 -2 10 -5 -3 7 -1 -8 -7 11 -4 -12 -14
right_child=2 5 3 4 -6 9 8 -9 -10 -11 12 -13 13 -15
leaf_value=-0.00017800984654842332 0.0030527933737962919 -0.0038747093626226238 -0.00087147137875092978 0.0039006364851478801 0.00098695912029006755 -0.0030756340589861435 -0.00067799648803362235 0.0031142285621399324 -0.0041175065238712215 -0.00034038619191776773 -0.0015504127571815546 0.0015439881214991209 -0.0021850334440621862 0.0013578905816975979
leaf_weight=1442.9910620450974 324.05754709243774 335.11068499088287 479.16935849189758 264.7115421295166 528.75466203689575 271.78954386711121 1394.6053432226181 203.02736353874207 164.57410395145416 461.65147662162781 624.96882843971252 1246.1391673088074 219.64046287536621 671.69117569923401
leaf_count=545 79 193 122 67 124 127 535 60 77 210 200 344 69 189
internal_value=-3.34435e-06 -0.000830092 0.000807214 0.00062616 0.00196269 -0.00214932 -0.000389753 0.000229714 -0.00104345 -0.00135679 0.000298506 0.000873027 -0.000355352 0.000483379
internal_weight=8632.88 4273.75 4359.13 4035.08 793.466 1068.55 3205.2 1646.02 1559.18 733.441 3241.61 1725.31 1516.3 891.332
internal_count=2941 1747 1194 1115 191 530 1217 605 612 337 924 466 458 258
is_linear=0
shrinkage=0.03


Tree=152
num_leaves=15
num_cat=0
split_feature=17 14 7 1 18 1 17 9 13 12 17 1 18 3
split_gain=3.89737 4.22482 4.08914 2.43078 2.21709 2.47072 2.14085 2.00352 1.63729 1.54158 1.96812 2.462 1.53492 2.33242
threshold=1117.5000000000002 1310.0000000000002 0.29166666666666669 1.3910000000000002 1.0000000180025095e-35 1.9090000000000003 1108.7500000000002 1.2305700000000002 0.29166666666666669 1.8333333333333337 1052.5000000000002 1.0335900000000002 1.0000000180025095e-35 2.3666666666666671
decision_type=2 2 2 10 2 10 2 10 10 10 2 8 2 2
left_child=1 3 -2 6 7 -6 9 -5 -4 10 -1 -12 -10 -14
right_child=2 -3 8 4 5 -7 -8 -9 12 -11 11 -13 13 -15
leaf_value=-0.0032209422499656294 0.0045790009720058601 -0.0050934920635481726 -0.0022221381594670461 0.00046137410663935031 0.0010032063954430444 -0.0037932581118547606 -0.0039516422198822643 0.004496774613016126 0.00083450479348952974 -0.0020532578582981055 -0.0024347371785288473 0.0013319222001972851 -0.00055589648015183437 0.0021818825963116658
leaf_weight=156.99932396411896 201.54590916633606 205.53648662567139 232.12027168273926 273.42645275592804 235.77461040019989 162.44095635414124 230.58384871482849 185.38936567306519 2749.7450959682465 612.10439658164978 204.80391478538513 646.88869976997375 2135.7744017839432 321.31132936477661
leaf_count=80 52 125 62 101 95 58 91 61 781 284 95 274 675 84
internal_value=-6.66652e-05 -0.00095738 0.000393577 -0.000641734 0.000678675 -0.000957979 -0.00125301 0.00209815 0.000237668 -0.000866884 -0.000145636 0.000424372 0.000347732 -0.000197137
internal_weight=8554.45 2913.95 5640.5 2708.41 857.031 398.216 1851.38 458.816 5438.95 1620.8 1008.69 851.693 5206.83 2457.09
internal_count=2918 1264 1654 1139 315 153 824 162 1602 733 449 369 1540 759
is_linear=0
shrinkage=0.03


Tree=153
num_leaves=15
num_cat=0
split_feature=17 0 0 7 3 12 14 17 15 17 14 15 12 15
split_gain=3.71865 2.6513 2.2922 2.2748 2.05297 2.11201 2.89696 2.44924 1.70974 1.56738 1.54112 2.85923 1.04986 1.04127
threshold=1097.5000000000002 1.5205666666666671 1.1939500000000003 0.22500000000000003 2.3666666666666671 1.1666666666666667 1152.5000000000002 1052.5000000000002 1086.2500000000002 1347.5000000000002 1097.5000000000002 1177.5000000000002 1.0000000180025095e-35 1197.5000000000002
decision_type=2 10 10 2 2 8 2 2 2 2 2 2 8 2
left_child=1 2 4 -2 5 6 -1 -7 -3 12 -9 -12 -5 -14
right_child=3 8 -4 9 -6 7 -8 10 -10 -11 11 -13 13 -15
leaf_value=-0.00090264072729510534 0.0032428854219296518 0.0032477915291178891 -0.005171044083427819 -0.0020878304331117645 0.0022511579897564866 -0.0034643324997109225 -0.0062994883954508758 -0.0021401439368616301 -0.00056700593160194769 0.0017891838141927175 0.0032648145103674393 -0.0019912590584665181 0.00034087868084210483 -0.00083265525169653868
leaf_weight=175.8425840139389 236.30937528610229 168.45925140380859 157.8336169719696 187.52058589458466 127.5750732421875 233.83288264274597 182.1687136888504 176.53577315807343 280.55909323692322 548.23226380348206 239.32638311386108 151.24328875541687 5159.9553823471069 782.8587201833725
leaf_count=75 60 56 73 55 53 128 98 74 117 121 106 86 1544 341
internal_value=3.38883e-05 -0.00114375 -0.0017694 0.000356458 -0.00134838 -0.00174621 -0.00365864 -0.000887881 0.000868237 0.000253857 0.000178687 0.00122958 0.000116284 0.000186173
internal_weight=8808.25 1893.38 1444.36 6914.88 1286.52 1158.95 358.011 800.938 449.018 6678.57 567.105 390.57 6130.33 5942.81
internal_count=2987 866 693 2121 620 567 173 394 173 2061 266 192 1940 1885
is_linear=0
shrinkage=0.03


Tree=154
num_leaves=15
num_cat=0
split_feature=17 12 17 11 8 14 8 17 16 8 10 14 15 13
split_gain=4.30622 2.16296 2.42151 2.2628 2.05513 1.67276 1.49368 2.91585 3.10681 2.66 1.33468 1.157 1.91331 3.27697
threshold=1082.5000000000002 1.1666666666666667 1052.5000000000002 1.3666666666666669 2.7066666666666666 1108.7500000000002 1.8016666666666667 1261.2500000000002 1120.0000000000002 1.7416666666666669 0.83333333333333337 1010.0000000000001 1088.7500000000002 0.90000000000000013
decision_type=2 8 2 10 10 2 8 2 2 10 8 2 2 10
left_child=1 -1 -3 5 6 -4 9 8 -8 11 -7 -2 -13 -14
right_child=4 2 3 -5 -6 10 7 -9 -10 -11 -12 12 13 -15
leaf_value=-0.0033133289354262577 -0.0014243106351127081 -0.0024296622201002574 -0.00043206602479372588 -0.0027979230835212822 0.0032190431421073164 0.00099729316424609958 0.00048773777486676713 0.00070300060141753802 -0.0040578698787951751 0.0039842115825933404 0.005118246716347372 0.0014558655360849772 -0.0013254675969396348 0.00071448410225895189
leaf_weight=365.43760180473328 278.43502855300903 423.68249416351318 246.82408249378204 148.99604594707489 234.965744972229 150.92953741550446 230.05810523033142 723.00591707229614 326.95198023319244 198.3932466506958 133.13886916637421 1513.355437040329 952.78796422481537 2757.4408366680145
leaf_count=171 62 216 98 66 59 72 78 175 102 58 60 406 318 1023
internal_value=0.000163907 -0.00131608 -0.000652303 0.000457227 0.000465362 0.00137433 0.000372224 -0.000553556 -0.00218292 0.000580166 0.00293991 0.000456721 0.00055724 0.000190408
internal_weight=8684.4 1469.01 1103.57 679.889 7215.39 530.892 6980.43 1280.02 557.01 5700.41 284.068 5502.02 5223.58 3710.23
internal_count=2964 683 512 296 2281 230 2222 355 180 1867 132 1809 1747 1341
is_linear=0
shrinkage=0.03


Tree=155
num_leaves=15
num_cat=0
split_feature=18 0 0 3 3 16 10 8 6 7 6 14 2 0
split_gain=3.34115 2.71647 2.11145 2.00811 3.18448 2.30457 2.63592 2.0068 2.5131 1.85958 3.3997 1.75644 1.74519 2.1935
threshold=1.0000000180025095e-35 1.0000000180025095e-35 1.3883333333333334 1.2916666666666667 0.63333333333333341 1197.5000000000002 1.1666666666666667 1.153616666666667 2.4166666666666674 2.1000000000000005 1.8333333333333337 1047.5000000000002 1.8333333333333337 1.6509500000000001
decision_type=2 8 8 2 2 2 8 10 2 2 2 2 2 10
left_child=1 -1 -2 4 -4 6 -6 8 -3 10 -9 -5 13 -13
right_child=2 7 3 11 5 -7 -8 9 -10 -11 -12 12 -14 -15
leaf_value=0.0032145417496514716 -0.0016272077934559655 0.00016224677996553354 -0.0018988621146502568 0.0011999630066834423 0.0034647949089690495 0.0047030752773482374 -0.00078284984990570111 0.0013619944727277949 -0.0031461679813361179 0.0031937651345329073 -0.0025231858113985662 -0.0010638820578381465 -0.0019701018802522566 0.0026536288897714101
leaf_weight=336.06181180477142 1182.4575570821762 2161.3716657161713 258.63352787494659 361.47178316116333 220.37126564979553 200.26377105712891 323.12269294261932 1206.5914305448532 227.47486841678619 333.13239872455597 242.64042353630066 483.67934501171112 914.48533868789673 201.54455494880676
leaf_count=110 455 752 113 91 97 52 120 333 97 108 72 175 307 64
internal_value=5.85738e-05 0.000623884 -0.000555994 -0.000128178 0.000963549 0.00196013 0.000942649 0.000414442 -0.000153977 0.00117594 0.000710219 -0.000686384 -0.00111311 3.18211e-05
internal_weight=8653.3 4507.27 4146.03 2963.57 1002.39 743.758 543.494 4171.21 2388.85 1782.36 1449.23 1961.18 1599.71 685.224
internal_count=2946 1472 1474 1019 382 269 217 1362 849 513 405 637 546 239
is_linear=0
shrinkage=0.03


Tree=156
num_leaves=15
num_cat=0
split_feature=17 14 3 2 16 8 0 17 13 8 14 2 17 17
split_gain=5.15493 3.0518 2.48026 2.39598 2.06821 2.85959 2.43738 2.33532 2.15164 2.50151 2.0913 1.98075 1.55779 1.52397
threshold=1188.7500000000002 1310.0000000000002 0.70833333333333337 0.83333333333333337 1102.5000000000002 1.7150000000000005 1.5483333333333336 1097.5000000000002 0.90000000000000013 1.132266666666667 1108.7500000000002 1.8333333333333337 1112.5000000000002 1247.5000000000002
decision_type=2 2 2 2 2 8 10 2 10 10 2 2 2 2
left_child=1 4 13 -4 6 8 7 -1 -6 -10 -9 -8 -3 -2
right_child=2 12 3 -5 5 -7 11 10 9 -11 -12 -13 -14 -15
leaf_value=-0.0016295437101840871 -0.00335730867289908 -0.0053262757259635932 0.0029945389845586301 0.00068610229267362379 -0.003163843948400984 -0.004695431947272748 0.003378385336791388 0.0028480595719486265 -0.0010334865267718049 0.0020539788513154328 -0.00073218875054720288 0.00011150638685670059 -0.00090132888393478958 8.4274805628582576e-05
leaf_weight=823.15472280979156 195.26069355010986 188.61903893947601 459.25332188606262 3361.1686351299286 299.40762794017792 194.53741276264191 305.13452470302582 260.18545937538147 1086.3354463577271 300.73648929595947 334.67054212093353 367.77030026912689 115.80985033512115 282.33631134033203
leaf_count=402 73 116 130 881 117 66 113 89 420 105 137 130 56 88
internal_value=-2.41783e-05 -0.000761532 0.000709466 0.000964311 -0.000539173 -0.00126065 0.000110168 -0.000595414 -0.000861894 -0.000363084 0.000835936 0.00159572 -0.00365141 -0.00132686
internal_weight=8574.38 4276.36 4298.02 3820.42 3971.93 1881.02 2090.92 1418.01 1686.48 1387.07 594.856 672.905 304.429 477.597
internal_count=2923 1751 1172 1011 1579 708 871 628 642 525 226 243 172 161
is_linear=0
shrinkage=0.03


Tree=157
num_leaves=15
num_cat=0
split_feature=17 0 15 15 17 13 2 15 4 13 17 5 11 10
split_gain=5.39582 4.22153 2.7179 1.79499 1.94871 1.8757 1.75799 2.21643 1.73617 1.57487 3.9398 1.64179 1.4254 1.68896
threshold=1087.5000000000002 1.9048833333333337 1142.5000000000002 1132.5000000000002 1253.7500000000002 1.9000000000000001 1.4166666666666667 1091.2500000000002 1.0000000180025095e-35 0.90000000000000013 1193.7500000000002 1.0000000180025095e-35 1.2250000000000003 0.41666666666666669
decision_type=2 10 2 2 2 8 2 2 2 10 2 2 10 10
left_child=1 2 12 5 -5 9 -7 -8 -6 10 -2 -12 13 -1
right_child=3 -3 -4 4 8 6 7 -9 -10 -11 11 -13 -14 -15
leaf_value=-0.0031256380097816213 -0.0027711448507736899 0.0022457261387529015 -0.0040098008148224396 -0.00083606289927377669 0.0028015411752227472 0.0010247746905575079 2.600820754600614e-05 -0.0040879944057428969 -6.5011236113735041e-05 0.0014161990968074925 0.0027917165272584822 0.0001353910226851408 -0.0037316625910282513 0.00027777923978901397
leaf_weight=176.10767471790314 316.8926157951355 218.61354053020477 493.58275973796844 1817.7892081737518 286.29695200920105 348.50263047218323 269.37084674835205 208.52717566490173 562.28134679794312 2500.8697113990784 330.55102920532227 568.74163198471069 161.53935086727142 506.06596100330353
leaf_count=81 104 80 279 750 83 111 74 68 179 696 70 131 71 215
internal_value=-1.00399e-05 -0.00161169 -0.00224348 0.000335778 -0.000282064 0.000698346 -0.000593851 -0.00177389 0.000904278 0.000985718 0.000100073 0.00111379 -0.00120664 -0.000604125
internal_weight=8765.73 1555.91 1337.3 7209.82 2666.37 4543.46 826.401 477.898 848.578 3717.05 1216.19 899.293 843.713 682.174
internal_count=2992 726 646 2266 1012 1254 253 142 262 1001 305 201 367 296
is_linear=0
shrinkage=0.03


Tree=158
num_leaves=15
num_cat=0
split_feature=9 9 15 4 0 0 15 16 2 14 13 9 10 7
split_gain=3.00786 2.91023 2.16827 1.97005 2.22307 2.38919 2.22597 1.91288 2.38114 2.92161 1.56403 2.60799 1.92063 3.91993
threshold=2.0210000000000004 2.2120000000000002 1120.0000000000002 0.58333333333333337 1.8933333333333335 2.4133333333333336 1042.5000000000002 1132.5000000000002 1.5833333333333337 1092.5000000000002 0.63333333333333341 1.8040000000000005 1.5833333333333337 1.4500000000000002
decision_type=8 8 2 2 10 10 2 2 2 2 10 10 10 2
left_child=2 -2 3 4 6 -6 -1 -8 -9 -10 -4 12 -12 -14
right_child=1 -3 10 -5 5 -7 7 8 9 -11 11 -13 13 -15
leaf_value=0.0014661142785744304 0.0039177336250140636 0.00036283023669249787 0.00069466308999368187 0.002290144000630337 0.0026456667067364151 -0.00077215075650047 -0.0015754241843230149 -0.0013114326028317051 -0.0012311631966193276 0.0029711732803728193 -0.0014181437747608722 -0.0040127581390553418 -0.0018834565128512558 0.0016119551540254057
leaf_weight=493.07595443725586 310.70907974243164 619.22647941112518 554.07787156105042 376.88048362731934 511.15766525268555 286.77203893661499 1225.1471340656281 558.75465321540833 239.363121509552 391.01983642578125 1736.0855461359024 242.90869104862213 495.76091706752777 688.59615635871887
leaf_count=130 82 157 199 118 139 78 452 147 61 103 789 81 180 260
internal_value=-5.82751e-05 0.00155352 -0.000250622 0.000226691 1.62473e-05 0.00141789 -0.000368791 -0.000743991 0.000113224 0.00137608 -0.000774688 -0.00103219 -0.000782992 0.000148454
internal_weight=8729.54 929.936 7799.6 4082.17 3705.29 797.93 2907.36 2414.28 1189.14 630.383 3717.43 3163.35 2920.44 1184.36
internal_count=2976 239 2737 1228 1110 217 893 763 311 164 1509 1310 1229 440
is_linear=0
shrinkage=0.03


Tree=159
num_leaves=15
num_cat=0
split_feature=17 11 12 17 10 11 13 8 10 10 13 6 11 2
split_gain=4.53792 3.08891 3.82223 2.42691 2.439 5.09503 4.69352 4.38398 2.26126 2.17912 2.34082 2.06408 1.88652 2.46382
threshold=1087.5000000000002 1.3666666666666669 1.1666666666666667 1253.7500000000002 0.83333333333333337 1.1000000000000003 1.3666666666666669 0.77166666666666683 3.1666666666666674 0.41666666666666669 1.5500000000000003 1.1666666666666667 2.4500000000000006 0.83333333333333337
decision_type=2 10 8 2 10 10 10 10 10 8 10 2 8 2
left_child=1 2 -1 4 5 6 -2 -8 12 -4 -11 -6 13 -5
right_child=3 -3 9 8 11 -7 7 -9 -10 10 -12 -13 -14 -15
leaf_value=-0.0037058109969979919 -0.0026266766342741008 -0.0041911451667183625 -0.0023086285918674072 -0.0011272838285288748 0.00034830828811825113 0.0059952034311698179 -3.636490217392097e-05 0.0060513147849164369 0.0033214989621767831 0.0045147219664554376 0.00013053126277734787 -0.001078703438217795 -0.0011919187611325198 0.0016215787351847512
leaf_weight=305.9134087562561 310.70517420768738 308.61791443824768 231.33884263038635 363.90901112556458 1605.6581783294678 166.27790462970734 298.76713013648987 164.39779627323151 335.72967720031738 138.85463869571686 507.04176604747772 2110.2383141517639 396.27421832084656 1501.7961959838867
leaf_count=146 116 145 110 105 515 56 115 58 78 65 232 765 100 367
internal_value=-1.67957e-05 -0.00152313 -0.000824244 0.000293156 -0.000116747 0.00124751 0.000220972 0.0021328 0.00102762 0.000183705 0.00107857 -0.000462156 0.000685834 0.00108509
internal_weight=8745.52 1491.77 1183.15 7253.75 4656.04 940.148 773.87 463.165 2597.71 877.235 645.896 3715.9 2261.98 1865.71
internal_count=2973 698 553 2275 1625 345 289 173 650 407 297 1280 572 472
is_linear=0
shrinkage=0.03


Tree=160
num_leaves=15
num_cat=0
split_feature=17 14 15 17 16 15 18 0 14 0 12 11 0 8
split_gain=8.11748 4.28543 2.57599 2.7879 2.35494 1.99046 4.05691 2.47716 2.42019 3.35925 1.98068 1.78409 1.59604 1.57969
threshold=1197.5000000000002 1277.5000000000002 1036.2500000000002 1052.5000000000002 1060.0000000000002 1088.7500000000002 1.0000000180025095e-35 1.3970166666666668 1183.7500000000002 0.78545000000000009 0.83333333333333337 0.90000000000000013 1.9850000000000001 1.8066666666666673
decision_type=2 2 2 2 2 2 2 10 2 10 10 10 8 10
left_child=1 2 -1 -4 -5 12 7 8 -7 -10 -8 -3 -2 -12
right_child=5 11 3 4 -6 6 10 -9 9 -11 13 -13 -14 -15
leaf_value=0.0024152962575637866 0.0006100045757325204 -0.0064373145059105977 -0.003110520525985214 0.0026012669309309071 -0.00076096659570513026 -0.00080771677599846437 0.00065895985361718624 0.0035862256583977185 0.00013195063360082503 0.0052210965307003757 -0.00088729298850376249 -0.0024636728904603319 0.0027917278399940933 -0.0038626076700086173
leaf_weight=228.59225845336914 528.0900444984436 142.60076010227203 438.03288531303406 197.00742983818054 3537.6814385652542 470.60907673835754 480.1421856880188 379.59832715988159 285.42967224121094 196.57272100448608 522.53734636306763 357.28682005405426 705.35394096374512 231.43396830558777
leaf_count=64 116 83 220 88 1306 122 143 92 91 58 172 184 146 73
internal_value=-0.000171593 -0.000978324 -0.000678924 -0.000848971 -0.000582958 0.000868967 0.000392645 0.00154014 0.000721902 0.00221395 -0.000846302 -0.00360781 0.00185889 -0.00180448
internal_weight=8700.97 4901.2 4401.31 4172.72 3734.69 3799.77 2566.32 1332.21 952.611 482.002 1234.11 499.888 1233.44 753.971
internal_count=2958 1945 1678 1614 1394 1013 751 363 271 149 388 267 262 245
is_linear=0
shrinkage=0.03


Tree=161
num_leaves=15
num_cat=0
split_feature=11 17 11 8 14 3 13 3 16 17 11 6 11 8
split_gain=3.67143 2.98298 1.99194 1.75155 1.59498 2.31414 1.61414 1.88055 1.77182 2.00813 1.75101 2.26867 1.71799 2.2614
threshold=3.3666666666666671 1197.5000000000002 2.1000000000000005 2.3800000000000003 1267.5000000000002 0.77500000000000013 1.7083333333333337 0.63333333333333341 1120.0000000000002 1142.5000000000002 1.3666666666666669 0.83333333333333337 2.1000000000000005 1.4300500000000003
decision_type=8 2 10 10 2 2 10 2 2 2 10 2 10 10
left_child=1 4 -3 -4 6 -6 7 -1 9 10 11 -8 13 -9
right_child=-2 2 3 -5 5 -7 8 12 -10 -11 -12 -13 -14 -15
leaf_value=-0.0027049413757914528 0.0042003202239554553 0.0010161742736582717 -0.00095452591790978498 0.0018439308709870127 0.00074628173769759995 -0.0029832688614053068 -0.002973666713772638 0.00049332349709330515 -0.0030801113339628031 0.0018676773509121636 -0.0030855959921549155 0.00065611749566296988 0.0028968081447531989 -0.0019771190925641606
leaf_weight=206.90429162979126 174.14497399330139 2248.9369986057281 1099.5422782897949 245.38772249221802 207.0625593662262 536.58112776279449 219.13764238357544 1746.4564796686172 345.51285636425018 230.72339749336243 315.19617283344269 522.6638103723526 203.83434343338013 411.12973666191101
leaf_count=84 44 614 286 61 114 274 93 650 124 74 127 223 62 140
internal_value=-9.9335e-05 -0.000187503 0.000470158 -0.000442946 -0.000665449 -0.00194519 -0.000438535 3.04472e-05 -0.0011756 -0.000662595 -0.00121615 -0.000418727 0.000271162 2.18809e-05
internal_weight=8713.21 8539.07 3593.87 1344.93 4945.2 743.644 4201.56 2568.32 1633.23 1287.72 1057 741.801 2361.42 2157.59
internal_count=2970 2926 961 347 1965 388 1577 936 641 517 443 316 852 790
is_linear=0
shrinkage=0.03


Tree=162
num_leaves=15
num_cat=0
split_feature=15 17 18 0 0 15 0 3 1 1 12 0 17 16
split_gain=3.765 3.09332 2.54393 3.35887 3.21035 2.68045 3.75379 2.83239 2.63054 1.68273 2.04581 2.10161 2.10498 1.90042
threshold=1262.5000000000002 1052.5000000000002 1.0000000180025095e-35 0.96166666666666689 2.3916666666666671 1083.7500000000002 1.7283333333333337 1.6333333333333335 0.40562000000000009 1.1860000000000004 0.58333333333333337 1.2441666666666669 1272.5000000000002 1102.5000000000002
decision_type=2 2 2 8 10 2 10 2 8 8 10 8 2 2
left_child=1 -1 8 -4 5 6 -5 -7 -3 -10 -11 -12 13 -13
right_child=-2 2 3 4 -6 7 -8 -9 9 10 11 12 -14 -15
leaf_value=-0.0021456924825973664 -0.0019341814463733522 0.0034875081398140096 -0.0024265470775571927 0.00051908661628888915 -0.0035000745520822937 0.00057250316868937825 0.0046060099437765355 -0.0019095798827729635 -0.0010304187960427603 -0.0010395578581082424 0.004241977932976709 0.0019499111571351089 0.0026077091464058984 -8.5161692047675832e-05
leaf_weight=458.92462813854218 784.66696178913116 327.79387712478638 514.98840045928955 686.88617897033691 197.71907353401184 1312.8213150501251 285.86531853675842 603.01217222213745 450.05893385410309 411.38974070549011 192.57299828529358 591.07093906402588 565.39506363868713 1365.0784935951233
leaf_count=229 393 106 193 191 54 476 68 204 150 106 59 207 120 422
internal_value=4.71488e-05 0.000242592 0.000388906 -0.000186122 0.000188385 0.000441978 0.00172362 -0.000209326 0.000919347 0.000682999 0.000929974 0.00122878 0.000997065 0.000530439
internal_weight=8748.24 7963.58 7504.65 3601.29 3086.3 2888.58 972.751 1915.83 3903.36 3575.57 3125.51 2714.12 2521.54 1956.15
internal_count=2978 2585 2356 1186 993 939 259 680 1170 1064 914 808 749 629
is_linear=0
shrinkage=0.03


Tree=163
num_leaves=15
num_cat=0
split_feature=17 12 9 17 11 15 15 11 11 15 9 10 0 9
split_gain=4.9186 1.72265 2.7978 2.55618 2.10702 2.17963 3.14986 1.58045 1.63251 1.53426 3.43673 2.79301 1.61404 1.4246
threshold=1188.7500000000002 1.1666666666666667 1.4790000000000003 1071.2500000000002 1.3666666666666669 1162.5000000000002 1091.2500000000002 3.1000000000000005 2.5500000000000003 1088.7500000000002 2.0310000000000006 0.83333333333333337 0.93000000000000005 1.8040000000000005
decision_type=2 10 10 2 10 2 2 10 8 2 10 10 10 10
left_child=1 3 -3 -1 5 6 -5 8 9 12 11 -11 -2 -13
right_child=7 2 -4 4 -6 -7 -8 -9 -10 10 -12 13 -14 -15
leaf_value=-0.0045276726724756897 0.0025942790057200981 -0.00012464900959045845 -0.0028897707276406537 -0.0037686211824273373 0.00024746134304067923 -0.0052640262119050202 0.0011414604870327899 0.0027762094058276943 -0.0010656705396190247 0.0026803786772074639 0.0029680443921920588 -0.00037812145967967674 0.00041183883384727973 -0.0028513016360589179
leaf_weight=243.44795894622803 610.42216920852661 2654.1909757852554 374.99742746353149 229.47100925445557 528.87036514282227 165.59491288661957 239.3449615240097 268.03699612617493 583.51147174835205 245.61013293266296 339.03315687179565 1444.2968513965607 609.40268158912659 244.2958996295929
leaf_count=123 136 1104 137 75 194 83 95 62 151 81 92 454 130 71
internal_value=-0.000168356 -0.000870953 -0.000467797 -0.00173814 -0.00115097 -0.00231531 -0.00126478 0.000549043 0.00040196 0.000647361 0.000186582 -0.000302243 0.0015052 -0.000737403
internal_weight=8780.53 4435.92 3029.19 1406.73 1163.28 634.411 468.816 4344.61 4076.57 3493.06 2273.24 1934.2 1219.82 1688.59
internal_count=2988 1811 1241 570 447 253 170 1177 1115 964 698 606 266 525
is_linear=0
shrinkage=0.03


Tree=164
num_leaves=15
num_cat=0
split_feature=17 14 3 13 14 3 3 10 16 0 13 12 0 14
split_gain=5.03535 2.58747 2.48319 2.43343 3.26442 2.23504 1.55305 1.46613 1.54334 1.45676 2.18723 1.36169 1.20044 1.36446
threshold=1142.5000000000002 1188.7500000000002 1.7750000000000001 1.5500000000000003 1106.2500000000002 2.6333333333333337 1.9000000000000001 3.1666666666666674 1362.5000000000002 0.92156666666666676 1.1000000000000003 0.83333333333333337 2.3566666666666669 1097.5000000000002
decision_type=2 2 2 10 2 2 2 10 2 10 10 10 8 2
left_child=1 2 3 9 -5 7 -4 8 -2 10 -1 -3 -8 -14
right_child=5 11 6 4 -6 -7 12 -9 -10 -11 -12 -13 13 -15
leaf_value=-0.00085440295221920386 0.00041971570473985607 -0.0043796036458315689 0.0031870663949778136 -0.0042632689828452815 -9.2054676252613718e-05 0.0029799767333721231 0.0015443900003277095 0.002147255533087789 -0.0021523891540547167 -0.0020020761606649672 0.0036412843758641196 -0.0015722513567949447 -0.0022581743714080757 0.0012431238458409618
leaf_weight=200.87040150165558 4571.2818486690521 185.81364238262177 203.86448848247528 369.96012091636658 310.02605009078979 333.77195191383362 346.58029723167419 420.52981543540955 219.07533693313599 169.98216259479523 187.51756143569946 945.68714511394501 247.02612102031708 167.20214855670929
leaf_count=82 1345 96 78 151 132 79 123 105 52 63 77 482 88 63
internal_value=4.97462e-05 -0.000871334 -0.00027212 -0.00116067 -0.00236442 0.000603736 0.00086854 0.000450989 0.000301662 0.00030686 0.00131994 -0.00203673 0.000243906 -0.000845294
internal_weight=8879.19 3334.53 2203.03 1238.36 679.986 5544.66 964.673 5210.89 4790.36 558.37 388.388 1131.5 760.809 414.228
internal_count=3016 1435 857 505 283 1581 352 1502 1397 222 159 578 274 151
is_linear=0
shrinkage=0.03


Tree=165
num_leaves=15
num_cat=0
split_feature=17 1 13 15 1 1 4 12 16 12 12 1 12 6
split_gain=4.36502 2.22904 2.4305 2.21352 1.87836 2.9911 1.85115 2.15992 2.46397 1.49587 2.08701 2.31067 1.52149 1.46448
threshold=1127.5000000000002 1.8118000000000001 1.7083333333333337 1197.5000000000002 0.90944999999999998 1.1780000000000004 0.41666666666666669 0.41666666666666669 1290.0000000000002 2.1666666666666674 1.1666666666666667 0.99900000000000022 2.8333333333333335 0.83333333333333337
decision_type=2 10 10 2 8 8 2 10 2 10 8 8 10 2
left_child=1 9 -3 4 -2 -6 7 8 -7 10 11 -1 -11 -9
right_child=3 2 -4 -5 5 6 -8 13 -10 12 -12 -13 -14 -15
leaf_value=-0.0055819527377881867 0.0023725668201197993 0.0030545049159591948 -0.0011409997937952561 -0.0011498576380027101 -0.0022888932757068026 -0.0032322843196083769 0.0023598846561446924 -0.00028316503250520923 0.00079133516216949474 -0.0037851921391919168 -0.0001362585266945831 -0.0013672568882401206 -0.00062156843582320063 0.0011784540738186114
leaf_weight=139.07650339603424 515.78242254257202 240.47070503234863 255.23395276069641 691.8356386423111 328.52713871002197 283.1679801940918 516.16219925880432 868.34138298034668 263.83048796653748 372.89851832389832 1253.9637783765793 720.7057991027832 216.49086463451385 2127.3198289871216
leaf_count=67 148 78 91 279 101 76 147 225 57 177 556 313 102 578
internal_value=-6.77971e-05 -0.000951582 0.000896329 0.000437574 0.00066175 0.000460129 0.000683148 0.000438253 -0.00129369 -0.00129066 -0.000917206 -0.00205471 -0.00262617 0.000754827
internal_weight=8793.81 3198.84 495.705 5594.97 4903.13 4387.35 4058.82 3542.66 546.998 2703.14 2113.75 859.782 589.389 2995.66
internal_count=2995 1384 169 1611 1332 1184 1083 936 133 1215 936 380 279 803
is_linear=0
shrinkage=0.03


Tree=166
num_leaves=15
num_cat=0
split_feature=15 18 3 15 15 15 15 1 15 9 12 9 8 11
split_gain=3.68338 4.67924 2.33821 1.61954 1.51996 1.98861 4.13605 1.85279 1.57757 1.49143 2.47244 1.58322 1.18065 1.16514
threshold=1083.7500000000002 1.0000000180025095e-35 1.6333333333333335 1096.2500000000002 1290.0000000000002 1172.5000000000002 1187.5000000000002 0.40562000000000009 1152.5000000000002 1.5330000000000004 1.5833333333333337 1.1890000000000003 1.3816666666666668 1.7750000000000001
decision_type=2 2 2 2 2 2 2 10 2 10 10 8 8 10
left_child=12 4 3 -3 5 8 -7 -6 -2 11 -11 -5 -1 -4
right_child=1 2 13 9 7 6 -8 -9 -10 10 -12 -13 -14 -15
leaf_value=0.0014747664005925619 0.00068209783044078395 0.0022961272676583207 -0.0035205594096946822 -0.0008164823598419093 -0.004050715489499185 0.0058076066546360354 0.00037771237882009892 0.0008354881449580317 -0.0013716876972072096 -0.00073809436593870383 -0.0051587057415377648 0.0018740375123496146 3.8317903278026655e-05 -0.0011941205542305036
leaf_weight=1867.08511531353 1998.7165323495865 156.90084195137024 459.12988543510437 1161.1907811164856 138.66252541542053 196.7717832326889 349.55989766120911 139.14434206485748 403.77226066589355 330.57309591770172 173.03461074829102 236.00173771381378 711.03703260421753 337.22879838943481
leaf_count=535 636 49 187 506 74 70 147 66 144 113 65 94 170 101
internal_value=0.000128742 -0.000274167 -0.00115883 -0.000624046 0.000508463 0.000708441 0.00234043 -0.00160916 0.000336503 -0.000866171 -0.00226419 -0.000361008 0.00107877 -0.00253813
internal_weight=8658.81 6080.69 2854.06 2057.7 3226.63 2948.82 546.332 277.807 2402.49 1900.8 503.608 1397.19 2578.12 796.359
internal_count=2957 2252 1115 827 1137 997 217 140 780 778 178 600 705 288
is_linear=0
shrinkage=0.03


Tree=167
num_leaves=15
num_cat=0
split_feature=17 14 16 11 11 16 2 13 16 0 1 7 7 11
split_gain=3.81929 2.45177 2.22939 2.00946 2.89504 1.79204 1.74986 1.84446 1.7815 1.7083 2.75641 2.10779 1.87712 1.57944
threshold=1197.5000000000002 1292.5000000000002 1112.5000000000002 3.1000000000000005 2.5500000000000003 1137.5000000000002 0.58333333333333337 0.70833333333333337 1277.5000000000002 1.6950000000000001 1.845 1.4500000000000002 1.9000000000000001 1.3666666666666669
decision_type=2 2 2 8 10 2 2 10 2 10 10 2 2 10
left_child=1 5 -3 4 6 -1 -2 8 -8 11 -11 13 -13 -9
right_child=3 2 -4 -5 -6 -7 7 9 -10 10 -12 12 -14 -15
leaf_value=-3.2572417948392115e-05 -0.0014843137781946208 -0.0050427426515942007 -0.0004820624287678699 0.0034408360180422058 -0.0015011302671621893 -0.0014643692818090874 0.0044159757093759086 0.002110692581668528 0.0011012736642141805 -0.0030718260070476374 0.00099702051002812861 0.0043000728971874817 0.0010948027549471137 -0.00054664847850990428
leaf_weight=3580.2273925542831 252.8459165096283 198.38448894023895 187.33187663555145 228.84004497528076 528.61110949516296 1007.315801024437 266.94150352478027 296.20265483856201 322.45469379425049 246.3332986831665 379.31188678741455 296.68762826919556 369.48295950889587 622.99507403373718
leaf_count=1424 83 121 95 54 136 341 75 79 76 65 85 83 110 165
internal_value=6.86881e-06 -0.000540669 -0.00283472 0.000721401 0.000546749 -0.000347212 0.000901674 0.00111756 0.00260746 0.000719388 -0.000607339 0.00124302 0.00252662 0.000311017
internal_weight=8783.97 4973.26 385.716 3810.71 3581.87 4587.54 3053.26 2800.41 589.396 2211.01 625.645 1585.37 666.171 919.198
internal_count=2992 1981 216 1011 957 1765 821 738 151 587 150 437 193 244
is_linear=0
shrinkage=0.03


Tree=168
num_leaves=15
num_cat=0
split_feature=15 18 17 12 9 16 12 16 17 3 3 9 13 12
split_gain=4.15798 3.05549 3.00445 3.41114 3.51234 2.16136 1.97348 1.81514 1.51522 1.54389 2.49518 2.278 1.83048 2.49472
threshold=1137.5000000000002 1.0000000180025095e-35 1253.7500000000002 1.4166666666666667 1.4570000000000005 1277.5000000000002 1.8333333333333337 1172.5000000000002 1087.5000000000002 2.3666666666666671 1.3666666666666669 1.8310000000000002 1.1000000000000003 1.5833333333333337
decision_type=2 2 2 8 10 2 10 2 2 2 2 10 10 10
left_child=1 -1 3 4 7 -4 -5 -2 -3 10 -10 12 -12 -14
right_child=2 8 5 6 -6 -7 -8 -9 9 -11 11 -13 13 -15
leaf_value=0.0012137501618807306 -0.0028709357176477917 -0.0017058742686400165 0.0024144935756840223 0.0016765300828078722 0.00038221744057658489 -0.00067192814036415435 -0.0011048063245877647 -0.0067147024082717293 0.0012809636563238956 0.00189496007700597 -0.0020396377015872162 -0.0038685262760197793 0.002932925311909894 -0.00093963989289544284
leaf_weight=2917.7508534193039 771.02862775325775 482.25120258331299 367.23464608192444 351.0493643283844 286.62839257717133 457.67192792892456 659.1218546628952 129.13762593269348 658.20094919204712 376.84072017669678 387.46850633621216 207.07785773277283 245.48223042488098 380.49651336669922
leaf_count=847 370 209 122 156 109 131 309 47 200 98 107 54 74 121
internal_value=5.84559e-05 0.000538459 -0.000839772 -0.00141923 -0.00250914 0.000703355 -0.000137549 -0.0034292 -0.000181394 0.000145159 -0.000206643 -0.00100927 -0.000421797 0.000581271
internal_weight=8677.44 5655.57 3021.87 2196.97 1186.79 824.907 1010.17 900.166 2737.82 2255.57 1878.73 1220.53 1013.45 625.979
internal_count=2954 1710 1244 991 526 253 465 417 863 654 556 356 302 195
is_linear=0
shrinkage=0.03


Tree=169
num_leaves=15
num_cat=0
split_feature=15 18 15 15 0 14 3 17 15 14 0 0 16 10
split_gain=3.02434 2.67408 4.69997 2.84306 2.03387 1.94004 2.05376 2.96631 2.81751 1.68411 1.7676 1.64487 2.20665 1.57008
threshold=1187.5000000000002 1.0000000180025095e-35 1172.5000000000002 1071.2500000000002 1.5783333333333336 1073.7500000000002 1.6333333333333335 1267.5000000000002 1107.5000000000002 1097.5000000000002 0.95955000000000013 1.2316666666666671 1112.5000000000002 2.1666666666666674
decision_type=2 2 2 2 10 2 2 2 2 2 10 10 2 10
left_child=1 2 -1 4 -3 -5 9 8 -8 -7 -11 12 -2 -14
right_child=11 3 -4 5 -6 6 7 -9 -10 10 -12 -13 13 -15
leaf_value=0.00041317856266296244 -0.0039634818879580843 -0.00024984355255795238 0.0050273184871570675 -0.0031849756431701006 0.0025635050818556297 0.0022745507534084916 -0.00041910413376834021 0.0010510658258536883 -0.004767820982048844 -0.0015646043186557088 0.00064682641676275829 0.0010879923023032539 -0.00013187153735270293 -0.0034965918726206436
leaf_weight=3681.7028650045395 337.83952653408051 548.90810751914978 209.03378999233246 315.31770813465118 398.45432233810425 237.46210992336273 219.66564190387726 216.25368690490723 344.01361334323883 654.88593876361847 644.56411838531494 183.84802162647247 493.7211217880249 166.08210122585297
leaf_count=1121 196 163 75 104 94 89 76 54 140 261 220 76 222 64
internal_value=-0.000105168 0.000117963 0.000662306 -0.000473726 0.000934888 -0.000980874 -0.000679656 -0.00193243 -0.00307687 -4.30713e-05 -0.000468018 -0.00151488 -0.00199515 -0.00098283
internal_weight=8651.75 7470.26 3890.74 3579.53 947.362 2632.16 2316.85 779.933 563.679 1536.91 1299.45 1181.49 997.643 659.803
internal_count=2955 2397 1196 1201 257 944 840 270 216 570 481 558 482 286
is_linear=0
shrinkage=0.03


Tree=170
num_leaves=15
num_cat=0
split_feature=17 17 14 14 8 8 1 1 2 6 17 14 6 10
split_gain=2.92747 2.726 1.90824 1.50969 1.25361 1.72535 1.72487 1.86619 2.54549 1.61105 2.39372 1.46756 1.76215 1.506
threshold=1253.7500000000002 1010.0000000000001 1052.5000000000002 1025.0000000000002 2.5050000000000003 2.1306000000000007 2.2220000000000004 2.0377500000000004 2.8333333333333335 2.8333333333333335 1142.5000000000002 1092.5000000000002 0.58333333333333337 1.1666666666666667
decision_type=2 2 2 2 8 10 10 10 2 2 2 2 2 10
left_child=1 -1 3 -3 5 6 7 8 9 11 -11 12 -4 -14
right_child=-2 2 4 -5 -6 -7 -8 -9 -10 10 -12 -13 13 -15
leaf_value=-0.00425091410524103 0.00074887518673806964 -0.00031351075610495889 -0.004102314742153443 0.0025124759404097441 0.0020855881615113188 -0.0035763937402768144 0.0022987441346557082 -0.003798618325179286 0.00306105037406976 -0.0056253324900082191 -0.00029273354872953001 -0.00016938594794996826 0.00029523916796866164 -0.0022190688745248122
leaf_weight=163.83103764057159 2640.1702952384949 327.09117412567139 186.5731086730957 353.10023820400238 158.85832989215851 169.90975117683411 188.27891111373901 159.81692886352539 171.89187037944794 139.7318457365036 164.34929180145264 3126.6721887588501 454.14311420917511 404.79733669757843
leaf_count=90 663 88 65 106 48 56 60 51 60 77 66 1261 170 140
internal_value=-8.69227e-05 -0.000444683 -0.000340153 0.00115505 -0.000531323 -0.000612181 -0.00051068 -0.000621151 -0.000511107 -0.000648934 -0.00275358 -0.000494918 -0.00146735 -0.000890894
internal_weight=8809.22 6169.05 6005.21 680.191 5325.02 5166.16 4996.25 4807.98 4648.16 4476.27 304.081 4172.19 1045.51 858.94
internal_count=3001 2338 2248 194 2054 2006 1950 1890 1839 1779 143 1636 375 310
is_linear=0
shrinkage=0.03


Tree=171
num_leaves=15
num_cat=0
split_feature=17 15 16 16 18 15 6 15 2 0 0 7 0 0
split_gain=3.22719 2.27825 2.35072 1.77112 1.60188 2.53944 4.38222 2.36314 3.76642 3.19977 1.95909 1.85046 1.77247 1.99273
threshold=1052.5000000000002 1255.0000000000002 1112.5000000000002 1047.5000000000002 1.0000000180025095e-35 1172.5000000000002 1.8333333333333337 1083.7500000000002 2.1666666666666674 1.6216666666666668 0.33833333333333343 1.2250000000000003 1.8860333333333335 1.6266666666666667
decision_type=2 2 2 2 2 2 2 2 2 10 8 2 10 10
left_child=3 4 -3 -1 5 10 -7 9 12 -6 -2 -10 13 -9
right_child=1 2 -4 -5 7 6 -8 8 11 -11 -12 -13 -14 -15
leaf_value=-0.0035595970338354772 0.0030718556262925344 -0.0038714076829484082 -0.00027731448482688547 8.2510254385403253e-05 -0.00021236657832674694 0.0057763014140395546 -0.00061090634616059003 -8.7312860561194347e-05 -0.0055561101170395009 0.0029985324359439632 0.00032142145362233225 -0.0013179792346339539 0.0027227520571416353 -0.0034412011663893477
leaf_weight=331.06122410297394 250.25456929206848 231.61947536468506 554.04526627063751 188.24462056159973 749.74926996231079 226.09341382980347 168.03172445297241 1628.6081199645996 183.6498955488205 444.06352210044861 3226.870440363884 187.87900757789612 176.91385877132416 175.7488044500351
leaf_count=178 75 131 244 93 217 82 61 603 61 108 942 64 57 58
internal_value=4.94137e-05 0.000194705 -0.00134045 -0.00224174 0.000357461 0.000779346 0.00305852 -0.000103131 -0.000654674 0.000983504 0.000520201 -0.00342221 -0.000134239 -0.000415715
internal_weight=8722.83 8203.53 785.665 519.306 7417.86 3871.25 394.125 3546.61 2352.8 1193.81 3477.13 371.529 1981.27 1804.36
internal_count=2974 2703 375 271 2328 1160 143 1168 843 325 1017 125 718 661
is_linear=0
shrinkage=0.03


Tree=172
num_leaves=15
num_cat=0
split_feature=15 9 8 4 5 12 11 9 8 8 18 10 6 16
split_gain=3.33631 2.29362 4.94607 1.5734 2.90257 3.26496 2.94707 3.62273 2.25585 2.49813 1.98779 1.66974 1.99532 4.2567
threshold=1262.5000000000002 0.79100000000000015 1.4300500000000003 0.41666666666666669 0.36666666666666675 1.8333333333333337 1.3666666666666669 1.7130000000000003 0.51446666666666674 1.3450000000000004 1.0000000180025095e-35 1.1666666666666667 1.5833333333333337 1187.5000000000002
decision_type=2 10 10 2 2 10 10 10 10 10 2 10 2 2
left_child=3 -2 -3 4 11 6 -6 -8 -5 -10 -7 12 13 -1
right_child=1 2 -4 8 5 10 7 -9 9 -11 -12 -13 -14 -15
leaf_value=0.00094574136432798157 -0.0033399036557523114 0.0044675011902376681 -0.0028624273337968438 0.0025323727824786381 0.0017824151421762485 -0.0014919898826570607 -0.0030407502587396947 0.0018620025298658914 -0.0026309759185553718 0.0015875441788787217 -0.0061253931936621989 0.00082373758492169425 -0.0018234376762553425 -0.0039343307233631634
leaf_weight=1245.8928151130676 402.6197110414505 134.54812228679657 212.11753010749817 624.64200580120087 386.58438539505005 176.90349161624908 440.50982129573822 195.00140070915222 212.98767077922821 307.45409083366394 158.014040350914 3459.5858837366104 539.3726452589035 183.69902181625366
leaf_count=450 212 72 94 219 144 68 141 51 83 98 64 990 207 49
internal_value=0.000109457 -0.00180268 -1.28631e-05 0.00029032 0.000116652 -0.00112384 -0.000280257 -0.00153582 0.00131844 -0.000140595 -0.00368976 0.000426895 -0.000270444 0.000316352
internal_weight=8679.93 749.285 346.666 7930.65 6785.56 1357.01 1022.1 635.511 1145.08 520.442 334.918 5428.55 1968.96 1429.59
internal_count=2942 378 166 2564 2164 468 336 192 400 181 132 1696 706 499
is_linear=0
shrinkage=0.03


Tree=173
num_leaves=15
num_cat=0
split_feature=17 15 6 16 14 6 1 15 2 14 8 3 16 0
split_gain=4.14053 2.72324 2.42061 5.30722 1.70416 1.55634 5.68398 1.73138 1.99192 1.94957 1.86371 1.53122 1.70281 2.56311
threshold=1117.5000000000002 1232.5000000000002 1.8333333333333337 1162.5000000000002 1310.0000000000002 2.1666666666666674 1.0335900000000002 1098.7500000000002 2.1666666666666674 1097.5000000000002 0.81536666666666668 1.9000000000000001 1120.0000000000002 1.8345000000000005
decision_type=2 2 2 2 2 2 10 2 2 2 10 2 2 8
left_child=4 -2 -3 -4 5 7 -7 8 10 -9 -1 12 13 -11
right_child=1 2 3 -5 -6 6 -8 9 -10 11 -12 -13 -14 -15
leaf_value=-0.0025120245061429048 0.00063869289290223355 -0.0041263410164864281 0.0035308111177027326 -0.0036313622511188236 -0.0035364921417834977 -0.0021195193182241539 0.0052602221068512338 -0.003875955187337144 0.0016709116189955013 -0.0018341655952668378 0.0008112827919553318 -0.0036862492588814956 -0.0025060774079777356 0.0022201860557537261
leaf_weight=363.52989065647125 5200.0547704696655 206.48791289329529 183.76390051841736 186.72062790393829 214.19964456558228 220.85699880123138 161.95928263664246 302.48555302619934 360.2220870256424 259.64418613910675 259.67469453811646 174.26030325889587 281.04032754898071 303.06443917751312
leaf_count=147 1445 87 83 73 136 109 65 131 122 128 90 77 128 147
internal_value=-4.26884e-05 0.000421666 -0.00153205 -7.89136e-05 -0.000967246 -0.000761173 0.00100822 -0.00105548 -0.000102249 -0.00176478 -0.0011282 -0.00113429 -0.000603493 0.000349498
internal_weight=8677.96 5777.03 576.972 370.485 2900.94 2686.74 382.816 2303.92 983.427 1320.49 623.205 1018.01 843.749 562.709
internal_count=2968 1688 243 156 1280 1144 174 970 359 611 237 480 403 275
is_linear=0
shrinkage=0.03


Tree=174
num_leaves=15
num_cat=0
split_feature=15 8 1 10 18 15 13 1 14 6 12 6 14 0
split_gain=2.89542 2.63728 3.29976 2.4018 2.07497 4.0353 2.3705 2.81436 2.09114 3.61594 4.12734 2.49881 2.24559 2.06503
threshold=1270.0000000000002 1.6316666666666666 0.78381000000000012 3.4166666666666674 1.0000000180025095e-35 1083.7500000000002 1.9000000000000001 0.40562000000000009 1172.5000000000002 2.1666666666666674 1.4166666666666667 1.1666666666666667 1102.5000000000002 1.7233333333333338
decision_type=2 10 10 8 2 2 10 8 2 2 10 2 2 10
left_child=3 2 -2 4 6 13 7 -1 11 10 -10 12 -9 -6
right_child=1 -3 -4 -5 5 -7 -8 8 9 -11 -12 -13 -14 -15
leaf_value=0.0039621485639337551 -0.0021879534638315403 -0.0050614055433708515 0.0031917135127237871 0.0030744890572782261 0.00015021419718345584 -0.0010890154393237979 -0.00076432140581312864 0.00017523455150802428 -0.00063963006861448559 0.0051677432471384874 0.0044849936283927498 -0.0010732792039768911 0.0030742791953893827 0.002734494040822493
leaf_weight=260.66352248191833 382.56009554862976 168.26307022571564 139.13264167308807 255.22553086280823 855.26606202125549 2481.1515175104141 897.93751311302185 762.28899455070496 498.71475851535797 227.00042879581451 196.3371422290802 844.24457108974457 350.37738513946533 411.59503412246704
leaf_count=78 205 74 72 63 255 931 322 208 166 75 69 247 107 101
internal_value=5.6462e-05 -0.00180715 -0.000749864 0.000216577 0.000122507 -0.000385765 0.000594307 0.000982996 0.000711979 0.00188903 0.000812329 0.000156699 0.00109008 0.000991325
internal_weight=8730.76 689.956 521.693 8040.8 7785.58 3748.01 4037.56 3139.63 2878.96 922.052 695.052 1956.91 1112.67 1266.86
internal_count=2973 351 277 2622 2559 1287 1272 950 872 310 235 562 315 356
is_linear=0
shrinkage=0.03


Tree=175
num_leaves=15
num_cat=0
split_feature=17 0 17 0 0 15 0 0 1 12 7 11 17 17
split_gain=4.61699 2.39177 2.29983 2.06168 1.9171 2.27933 2.70924 1.94615 2.69296 2.22094 2.08558 1.83441 1.60257 1.44921
threshold=1253.7500000000002 1.0774166666666669 1122.5000000000002 0.88075000000000003 1.1785500000000002 1098.7500000000002 2.3566666666666669 1.3950000000000002 1.2810000000000004 0.83333333333333337 2.1000000000000005 1.1000000000000003 1102.5000000000002 1071.2500000000002
decision_type=2 8 2 10 8 2 10 8 10 8 2 8 2 2
left_child=1 2 -1 -4 -3 6 13 8 -7 12 -11 -12 -9 -6
right_child=-2 4 3 -5 5 7 -8 9 -10 10 11 -13 -14 -15
leaf_value=-0.0033799606879783522 0.0010311690746339262 0.0027029258991519327 0.00036644651098592624 -0.0029495267843136141 -0.0011054660890946254 -0.00029579599882650144 -0.0025318416860212957 -9.7714914431482104e-06 -0.0057759144766635958 -0.00063420563896808481 -0.00072621957873201647 0.0034092151018228784 -0.0037237819394237001 0.0012828729645692929
leaf_weight=450.90823173522949 2518.0270736217499 195.86375510692596 530.63617372512817 246.31248450279236 271.97506880760193 160.27487814426422 235.53278112411499 159.19153559207916 161.78835773468018 1583.82348549366 158.82240450382233 243.98568177223206 303.72216129302979 1412.7383632659912
leaf_count=225 627 71 188 87 114 62 66 79 65 653 76 101 113 409
internal_value=-4.97536e-05 -0.000494909 -0.00167804 -0.000687241 -0.000197409 -0.000319035 0.000475222 -0.00086929 -0.00305809 -0.000580379 -0.00014387 0.0017809 -0.00244934 0.00089688
internal_weight=8633.6 6115.58 1227.86 776.949 4887.72 4691.85 1920.25 2771.61 322.063 2449.55 1986.63 402.808 462.914 1684.71
internal_count=2936 2309 500 275 1809 1738 589 1149 127 1022 830 177 192 523
is_linear=0
shrinkage=0.03


Tree=176
num_leaves=15
num_cat=0
split_feature=17 1 16 16 6 1 11 17 16 13 16 7 15 11
split_gain=3.45701 1.7123 2.66418 2.38065 2.20433 1.67011 1.97775 1.60376 2.82549 2.41804 1.39948 2.17733 2.23579 1.96175
threshold=1197.5000000000002 1.1490000000000002 1177.5000000000002 1073.7500000000002 1.8333333333333337 0.90200000000000014 1.1000000000000003 1037.5000000000002 1060.0000000000002 2.1000000000000005 1102.5000000000002 1.4500000000000002 1112.5000000000002 1.1000000000000003
decision_type=2 8 2 2 2 10 10 2 2 10 2 2 2 10
left_child=1 4 3 7 5 6 -1 -3 9 -9 -5 12 -12 -13
right_child=-2 2 -4 10 -6 -7 -8 8 -10 -11 11 13 -14 -15
leaf_value=-0.0018794612067545222 0.00051310590399966118 -0.0038802806817907027 -0.0035432750850931689 0.0012667686893047174 -0.0036956726149983072 -0.0032253550794726867 0.0021336626235551721 0.0032430486740071627 -0.0027394415938346689 -0.0014767312213861798 9.1414743433367875e-05 -0.00097793540881837768 -0.0024710479135527414 0.0023144421118414275
leaf_weight=207.54794347286224 3759.0517190694809 201.85386943817139 230.18125057220459 812.82274317741394 356.5199179649353 172.48030865192413 234.15033805370331 196.61728024482727 372.81589126586914 192.34854578971863 750.54561424255371 254.38747572898865 516.83621692657471 449.55176711082458
leaf_count=91 990 111 70 306 171 73 88 93 153 85 235 112 215 173
internal_value=-0.000172659 -0.000693571 -0.000417673 -0.000224811 -0.00182262 -0.000731108 0.000247965 -0.00150919 -0.000876644 0.000911256 0.000220115 -0.000211868 -0.000954678 0.00112495
internal_weight=8707.71 4948.66 3977.96 3747.78 970.699 614.179 441.698 963.636 761.782 388.966 2784.14 1971.32 1267.38 703.939
internal_count=2966 1976 1553 1483 423 252 179 442 331 178 1041 735 450 285
is_linear=0
shrinkage=0.03


Tree=177
num_leaves=15
num_cat=0
split_feature=11 7 17 11 1 17 11 8 3 6 4 1 15 13
split_gain=3.14621 2.06931 2.35631 1.7701 2.85218 1.85749 1.85971 2.87097 1.62697 1.62661 1.47419 1.34186 1.2857 2.87679
threshold=3.1000000000000005 0.45000000000000007 1202.5000000000002 2.4500000000000006 1.861 1087.5000000000002 1.3666666666666669 0.87 2.6333333333333337 0.58333333333333337 1.0000000180025095e-35 1.6263333333333334 1232.5000000000002 1.2916666666666667
decision_type=10 2 2 10 8 2 10 8 2 2 2 10 2 10
left_child=1 2 -1 5 -5 6 7 10 9 -7 -3 -9 -11 -14
right_child=-2 3 -4 4 -6 8 -8 11 -10 12 -12 -13 13 -15
leaf_value=-5.4078584214303243e-05 0.0032048550139291841 -5.389153174263496e-05 0.0036160917309328638 0.00046481317930953273 -0.0035263186797845742 -0.0019013414433576789 -0.0032727326955091858 0.0034564208983795712 0.002174832622208126 0.00035199887357949099 -0.0028013841192002292 -0.00030741448239161303 -0.0032728034620694434 0.00078587932572809257
leaf_weight=357.73645186424255 269.95267653465271 313.26852905750275 280.13836574554443 294.84607577323914 353.83354425430298 364.86780118942261 276.41468632221222 186.14728677272797 337.25943493843079 4400.7602069377899 399.53137397766113 156.29093980789185 291.90057051181793 338.52360510826111
leaf_count=127 66 147 63 81 93 110 131 89 85 1374 210 58 134 160
internal_value=2.33249e-05 -7.98856e-05 0.0015609 -0.000215754 -0.0017143 -7.79406e-05 -0.00108684 -0.000511696 0.00015654 3.00152e-05 -0.00159566 0.00174269 0.00017043 -0.00109559
internal_weight=8621.47 8351.52 637.875 7713.64 648.68 7064.96 1331.65 1055.24 5733.31 5396.05 712.8 342.438 5031.18 630.424
internal_count=2928 2862 190 2672 174 2498 635 504 1863 1778 357 147 1668 294
is_linear=0
shrinkage=0.03


Tree=178
num_leaves=15
num_cat=0
split_feature=8 18 8 8 7 6 11 12 12 1 10 0 10 12
split_gain=1.85125 1.98717 2.74584 2.07603 1.98152 2.91356 4.14188 3.33915 2.67439 2.08725 1.73556 1.65441 2.10839 2.04339
threshold=2.7600000000000002 1.0000000180025095e-35 1.8066666666666673 1.5333333333333339 1.1000000000000003 1.8333333333333337 0.90000000000000013 1.5833333333333337 0.83333333333333337 1.0593500000000002 2.5833333333333335 1.8136833333333338 1.5833333333333337 1.1666666666666667
decision_type=10 2 10 8 2 2 10 10 10 8 8 10 10 10
left_child=1 4 3 -3 10 9 -7 8 -8 -6 -1 12 -11 -14
right_child=-2 2 -4 -5 5 6 7 -9 -10 11 -12 -13 13 -15
leaf_value=-1.641861003833562e-05 0.0029537593933850769 -0.00042002861513553162 -0.0023576648279404143 0.0019674066796240967 0.0043176290449783491 -0.0042731839276853789 -0.0003758348917848451 -0.0015148195079992355 0.0038334964812852361 -0.00043826216753830612 -0.0029078239721314235 0.0034317566799983578 0.00039540561320755753 0.0041602702617428216
leaf_weight=1475.6944473981857 193.09756994247437 3046.1286255121231 603.06390583515167 366.32345700263977 240.21010434627533 189.58980190753937 233.46923398971558 401.37632286548615 323.32222199440002 593.42015814781189 212.92445540428162 261.68834114074707 274.61023318767548 245.3500679731369
leaf_count=454 46 1129 185 118 83 87 75 150 105 223 51 74 76 76
internal_value=5.69352e-05 -9.46912e-06 -0.00049331 -0.000163238 0.000426981 0.00092166 -0.00023398 0.000568867 0.00207096 0.00174245 -0.000382512 0.00128978 0.000783708 0.00217648
internal_weight=8660.27 8467.17 4015.52 3412.45 4451.66 2763.04 1147.76 958.168 556.791 1615.28 1688.62 1375.07 1113.38 519.96
internal_count=2932 2886 1432 1247 1454 949 417 330 180 532 505 449 375 152
is_linear=0
shrinkage=0.03


Tree=179
num_leaves=15
num_cat=0
split_feature=15 17 1 17 7 10 0 13 2 13 10 13 17 15
split_gain=3.25392 2.79504 2.02096 1.90109 1.3451 1.17846 2.91463 1.49465 1.81033 2.23111 1.37785 1.86248 2.44156 2.18477
threshold=1290.0000000000002 1337.5000000000002 0.69500000000000017 1037.5000000000002 1.2916666666666667 2.4166666666666674 1.0383333333333338 0.70833333333333337 1.8333333333333337 0.55000000000000016 0.83333333333333337 1.4500000000000002 1112.5000000000002 1120.0000000000002
decision_type=2 2 10 2 2 8 10 10 2 10 10 10 2 2
left_child=1 3 -2 -1 -3 7 -7 8 9 -5 11 13 -13 -9
right_child=2 4 -4 5 -6 6 -8 10 -10 -11 -12 12 -14 -15
leaf_value=-0.0026445034311720402 -0.0039250570364135944 0.0028578741919088857 -8.548228532143772e-05 0.00046606624704650598 0.00047419115082870136 -0.0028509782098543462 0.00069769125169632108 0.0011037772475237667 -0.0010242790047751344 0.0044200432451438195 -0.00028071131978534149 0.00057925359843692995 0.0042091756606991836 -0.0025639201112702854
leaf_weight=249.94944775104523 301.10954022407532 450.96855711936951 208.61932599544525 265.53198456764221 403.95697784423828 408.65130305290222 423.16103792190552 352.40158069133759 192.53011894226074 248.24923264980316 4170.5490546226501 482.62008810043335 254.14027523994446 248.30983901023865
leaf_count=134 164 95 102 86 89 124 111 116 59 81 1396 203 80 111
internal_value=-3.39436e-05 0.000111593 -0.00235686 -7.86602e-05 0.00173344 1.27208e-05 -0.00104702 0.000154717 0.00145295 0.00238143 -1.19923e-05 0.00082552 0.00183538 -0.000414042
internal_weight=8660.75 8151.02 509.729 7296.09 854.926 7046.14 831.812 6214.33 706.311 513.781 5508.02 1337.47 736.76 600.711
internal_count=2951 2685 266 2501 184 2367 235 2132 226 167 1906 510 283 227
is_linear=0
shrinkage=0.03


Tree=180
num_leaves=15
num_cat=0
split_feature=11 11 17 12 11 10 4 16 11 18 13 3 10 12
split_gain=1.75601 3.27206 2.47404 2.70301 2.16258 1.87888 2.77587 1.71846 1.61864 1.29939 1.24227 1.41549 1.40224 1.82779
threshold=2.4500000000000006 2.9000000000000004 1087.5000000000002 1.1666666666666667 1.3666666666666669 0.41666666666666669 1.0000000180025095e-35 1073.7500000000002 2.2250000000000005 1.0000000180025095e-35 1.9000000000000001 1.6333333333333335 1.8333333333333337 2.1666666666666674
decision_type=10 10 2 8 10 8 2 2 10 2 8 2 10 10
left_child=2 -2 3 9 5 -5 -7 -8 10 -1 -4 12 13 -12
right_child=1 -3 8 4 -6 6 7 -9 -10 -11 11 -13 -14 -15
leaf_value=-0.0014378390041659985 -0.0030016952643988726 0.00050531066911200324 0.0005338088506685872 -0.0018855075149025091 -0.0029936963819741235 0.0032972887887299817 -0.0028432983748437855 0.0013027109133129551 0.0023083618024611887 -0.0050682060350825727 -0.0025925482023042628 -0.0019473538533333551 0.0026712109470312432 0.00095070645524815423
leaf_weight=185.10324215888977 459.23539042472839 498.57557702064514 4704.6682051420212 233.00595462322235 201.8667174577713 313.09427523612976 162.00440168380737 199.91625356674194 392.1726530790329 171.43225979804993 219.63349509239197 421.76531219482422 163.77519810199738 321.74178755283356
leaf_count=85 125 125 1495 116 95 134 88 90 109 87 84 131 55 126
internal_value=3.30729e-05 -0.00117755 0.000183989 -0.000924154 -0.000193193 0.000432009 0.00123359 -0.000555864 0.000445193 -0.00319271 0.000319521 -0.000574772 0.000247793 -0.000488906
internal_weight=8647.99 957.811 7690.18 1466.42 1109.89 908.021 675.015 361.921 6223.76 356.536 5831.58 1126.92 705.15 541.375
internal_count=2945 250 2695 695 523 428 312 178 2000 172 1891 396 265 210
is_linear=0
shrinkage=0.03


Tree=181
num_leaves=15
num_cat=0
split_feature=17 3 8 9 18 17 3 17 3 6 2 9 6 17
split_gain=4.06299 1.9575 2.31935 2.98399 1.80361 3.11256 2.01311 2.7995 2.17485 1.71144 1.69078 1.67391 1.59918 1.56174
threshold=1042.5000000000002 2.6333333333333337 2.7066666666666666 2.3690000000000002 1.0000000180025095e-35 1253.7500000000002 1.2916666666666667 1157.5000000000002 1.6333333333333335 1.8333333333333337 1.1666666666666667 1.8040000000000005 0.83333333333333337 1142.5000000000002
decision_type=2 2 10 8 2 2 2 2 2 2 2 10 2 2
left_child=-1 2 3 4 5 6 9 -8 -9 10 12 13 -2 -6
right_child=1 -3 -4 -5 11 -7 7 8 -10 -11 -12 -13 -14 -15
leaf_value=-0.0032496291055558297 -0.0016785637483218115 0.002000933640983563 0.0033109734852252303 -0.0035847956482217228 -0.0010010835300442306 0.0017194967810533431 0.0016906785249829199 0.001092650289861204 -0.0023537331347672813 -0.0025650389843225076 -0.002413937625589785 -0.0021577345709103126 0.0017972944007071082 0.00037415188334498291
leaf_weight=327.37573349475861 172.60604918003082 484.54020249843597 189.28977417945862 207.16289162635803 1260.8233625888824 1267.2690417766571 924.04688489437103 290.73461389541626 378.06278038024902 413.74876964092255 216.47676253318787 445.23044180870056 379.05110609531403 1807.2386152744293
leaf_count=178 61 133 48 55 558 304 346 87 104 181 80 136 147 557
internal_value=2.42909e-05 0.000151708 3.87875e-05 -4.1422e-05 5.61974e-05 0.000488283 -7.44522e-05 0.000621459 -0.000856153 -0.00101208 -0.000173338 -0.000440909 0.000708676 -0.000191145
internal_weight=8763.66 8436.28 7951.74 7762.45 7555.29 4042 2774.73 1592.84 668.797 1181.88 768.134 3513.29 551.657 3068.06
internal_count=2975 2797 2664 2616 2561 1310 1006 537 191 469 288 1251 208 1115
is_linear=0
shrinkage=0.03


Tree=182
num_leaves=15
num_cat=0
split_feature=17 7 17 10 10 16 10 15 11 0 16 3 11 2
split_gain=5.27692 2.02746 1.78701 1.89119 2.33936 1.73794 2.14244 1.6618 1.9066 2.33439 1.79902 2.39714 1.63019 2.15721
threshold=1097.5000000000002 0.22500000000000003 1253.7500000000002 3.1666666666666674 2.4166666666666674 1202.5000000000002 0.83333333333333337 1146.2500000000002 1.2250000000000003 1.0016666666666671 1073.7500000000002 1.9000000000000001 0.77500000000000013 0.83333333333333337
decision_type=2 2 2 10 8 2 10 2 8 8 2 2 8 2
left_child=7 -2 5 4 -4 6 -3 8 9 -1 11 -11 -9 -14
right_child=1 2 3 -5 -6 -7 -8 12 -10 10 -12 -13 13 -15
leaf_value=-0.0034119338981500589 0.0033064340562424174 0.0016943971265934307 0.0011409500221490215 0.0030352773126448239 -0.0013448333252949753 -0.0023045865460562089 -0.00019374611614470717 -0.0052407670942951129 -0.002862362504688755 -0.0026338225228187667 0.0019681462307665192 0.0021196949746045517 -0.0049253693788356475 -0.00023261894614527571
leaf_weight=159.62665569782257 215.7050666809082 654.43191075325012 1737.6215438842773 347.79577279090881 422.89240860939026 281.29217171669006 3093.0884236097336 162.08703410625458 294.37511122226715 254.62335824966431 401.88250064849854 151.48626708984375 126.84529829025269 284.36751711368561
leaf_count=71 57 237 444 79 106 85 1056 97 123 120 155 63 74 150
internal_value=6.37969e-05 0.0004515 0.000356805 0.000985254 0.000653993 -3.46101e-05 0.000136346 -0.0013622 -0.000752679 -0.000108565 0.000547458 -0.000859823 -0.00270028 -0.00168861
internal_weight=8588.12 6752.83 6537.12 2508.31 2160.51 4028.81 3747.52 1835.29 1261.99 967.619 807.992 406.11 573.3 411.213
internal_count=2917 2064 2007 629 550 1378 1293 853 532 409 338 183 321 224
is_linear=0
shrinkage=0.03


Tree=183
num_leaves=15
num_cat=0
split_feature=17 16 3 18 14 2 9 2 9 9 17 14 2 1
split_gain=3.10665 2.04245 2.24237 1.53816 3.27725 2.33529 2.08933 1.95828 1.86434 2.32376 2.24807 1.80754 1.79371 1.57714
threshold=1197.5000000000002 1152.5000000000002 2.3666666666666671 1.0000000180025095e-35 1052.5000000000002 2.1666666666666674 1.4010000000000005 0.83333333333333337 2.0579700000000005 1.7809900000000003 1310.0000000000002 1142.5000000000002 1.1666666666666667 1.3310000000000002
decision_type=2 2 2 2 2 2 10 2 10 8 2 2 2 10
left_child=1 2 -1 8 -5 6 7 -6 9 10 11 -2 -13 -8
right_child=3 -3 -4 4 5 -7 13 -9 -10 -11 -12 12 -14 -15
leaf_value=-0.00054056827008393076 -0.00063094141603076191 -0.0018664274675393958 0.0014892038489163748 0.0032521636545510255 -0.0010644533574425629 -0.0031414719357334767 -0.0029960590037803841 0.0024287772614020784 0.0032024610235845278 -0.0016234565051463875 0.0032188572965730048 0.00025152455778445278 0.0040671924643591708 0.00010457301655124283
leaf_weight=3472.9102482795715 546.77507281303406 856.55388295650482 569.27111232280731 232.88222575187683 223.4541187286377 260.55790638923645 267.44494581222534 405.02337265014648 337.94424057006836 300.70759463310242 387.31617903709412 251.48375701904297 197.52079486846924 327.94641256332397
leaf_count=1465 131 297 190 47 71 71 87 117 78 77 83 83 56 90
internal_value=-3.95906e-05 -0.0005366 -0.000254412 0.000611537 -4.87177e-05 -0.000568413 -1.84988e-05 0.00118705 0.00117212 0.000762961 0.00128261 0.000527011 0.00193538 -0.00129089
internal_weight=8637.79 4898.74 4042.18 3739.06 1717.31 1484.43 1223.87 628.477 2021.75 1683.8 1383.1 995.78 449.005 595.391
internal_count=2943 1952 1655 991 483 436 365 188 508 430 353 270 139 177
is_linear=0
shrinkage=0.03


Tree=184
num_leaves=15
num_cat=0
split_feature=14 17 18 0 11 16 17 9 14 10 8 0 17 16
split_gain=2.67713 2.72948 1.92171 3.53254 2.21812 2.53296 2.52352 1.73533 1.66613 1.60865 1.75695 1.44124 1.28783 1.51736
threshold=1292.5000000000002 1112.5000000000002 1.0000000180025095e-35 0.96166666666666689 0.63333333333333341 1098.7500000000002 1087.5000000000002 1.4010000000000005 1106.2500000000002 1.8333333333333337 1.4116666666666668 1.1450000000000002 1066.2500000000002 1197.5000000000002
decision_type=2 2 2 8 10 2 2 10 2 10 10 8 2 2
left_child=2 11 8 -4 5 -5 -6 -3 -1 10 -8 -2 -10 -14
right_child=1 7 3 4 6 -7 9 -9 12 -11 -12 -13 13 -15
leaf_value=-6.9834806250855381e-05 -0.0021453995688140823 0.0015585716277337514 -0.0027626493685006847 -0.0004679912311949632 -0.0023469789728453902 0.0050507170437286506 6.831245650856861e-05 -0.0021922763001555358 -0.0011279519042201895 0.0010030461962267361 -0.0022685494520726999 -0.0072364596350556207 0.0018697919021907329 2.5113056527015123e-05
leaf_weight=1936.242490530014 98.975031137466431 194.96936917304993 479.83567845821381 141.40880739688873 442.39763486385345 157.65519094467163 1158.6315972805023 255.18457889556885 204.88078665733337 1056.5004678964615 385.00790417194366 102.7576367855072 1463.4470391273499 552.84836435317993
leaf_count=561 64 87 189 68 205 60 390 101 107 296 118 66 511 133
internal_value=-2.3981e-05 -0.00187095 0.000127135 -0.000358433 -1.24775e-05 0.0024484 -0.000255093 -0.000567866 0.000573441 0.000101594 -0.000515629 -0.00476156 0.00113398 0.00136426
internal_weight=8630.74 651.887 7978.86 3821.44 3341.6 299.064 3042.54 450.154 4157.42 2600.14 1543.64 201.733 2221.18 2016.3
internal_count=2956 318 2638 1326 1137 128 1009 188 1312 804 508 130 751 644
is_linear=0
shrinkage=0.03


Tree=185
num_leaves=15
num_cat=0
split_feature=17 18 3 12 1 16 1 1 8 8 5 7 1 16
split_gain=2.0099 1.68605 2.00598 2.3026 1.84219 1.82113 1.52494 1.46742 1.28485 2.77524 1.83432 2.01165 1.96145 1.6583
threshold=1142.5000000000002 1.0000000180025095e-35 1.4500000000000002 1.8333333333333337 1.0250000000000004 1088.7500000000002 0.97135000000000005 1.2970000000000004 2.4716666666666676 2.2116666666666673 1.0000000180025095e-35 1.1000000000000003 2.0020000000000007 1148.7500000000002
decision_type=2 2 2 10 8 2 8 8 10 10 2 2 8 2
left_child=1 2 6 5 -3 -4 -1 -6 9 10 11 13 -13 -2
right_child=8 4 3 -5 7 -7 -8 -9 -10 -11 -12 12 -14 -15
leaf_value=0.001816128422067005 0.0021037311296120474 -0.0036090958220313385 0.00027365213886172148 -0.00070697310652407185 0.0022525940084410774 0.0039495310365885621 -0.0014497380236001929 -0.0010590202894293587 0.0020769138735829596 -0.0024110879139681487 0.00014768128848641237 0.0042063610470516625 0.001088595970128101 -0.0010016742760366243
leaf_weight=157.84570872783661 255.73919415473938 234.18680036067963 199.70233750343323 329.84592437744141 132.81207430362701 308.59142744541168 678.28458654880524 1207.5739513635635 422.27662062644958 305.32333850860596 3238.223580121994 337.40685439109802 394.02291393280029 388.67634248733521
leaf_count=75 66 120 79 126 62 106 311 525 106 80 986 94 104 89
internal_value=0.000132962 -0.000455354 0.000207408 0.00124385 -0.00115976 0.0025087 -0.000831771 -0.000729454 0.000490798 0.000354253 0.000537725 0.00145497 0.00253059 0.00023207
internal_weight=8590.51 3248.84 1674.27 838.14 1574.57 508.294 836.13 1340.39 5341.67 4919.39 4614.07 1375.85 731.43 644.416
internal_count=2929 1404 697 311 707 185 386 587 1525 1419 1339 353 198 155
is_linear=0
shrinkage=0.03


Tree=186
num_leaves=15
num_cat=0
split_feature=0 12 0 1 15 6 14 13 9 11 6 9 0 14
split_gain=2.20707 1.70458 1.90985 2.09995 1.6544 3.38051 3.3716 2.19137 1.93845 1.49712 2.43536 1.77624 2.03601 1.73258
threshold=1.4800000000000002 0.58333333333333337 2.4133333333333336 1.4281700000000004 1078.7500000000002 0.83333333333333337 1247.5000000000002 1.5500000000000003 1.2825700000000002 0.90000000000000013 1.8333333333333337 0.94550000000000012 0.70166666666666677 1102.5000000000002
decision_type=10 10 10 10 2 2 2 10 10 8 2 10 8 2
left_child=9 -2 3 -3 5 -5 7 -6 -9 10 -1 -11 -13 -14
right_child=1 2 -4 4 6 -7 -8 8 -10 11 -12 12 13 -15
leaf_value=-0.00055707333980706405 -0.0018137487998886447 -0.0012916667806267593 -0.0011071946183761761 0.00018532933475796763 0.0015610581470626554 0.0046030323306921125 0.0045894362943950237 0.00098957526044545592 -0.0030158343447387191 0.00027737436926930133 -0.0036857704575225087 -0.0039608629336255023 -0.0025680376336119685 -7.5552248516206309e-05
leaf_weight=924.69371473789215 227.13671767711639 253.66154408454895 361.20199716091156 260.54788374900818 497.51682317256927 387.44450426101685 187.58204996585846 186.88143217563629 257.79218900203705 3208.5625021457672 294.66179418563843 175.91792237758636 311.65589320659637 1273.1120510101318
leaf_count=390 57 92 100 58 139 97 66 68 81 1096 153 71 89 439
internal_value=-6.50669e-05 0.000664651 0.00090059 0.00125796 0.00162227 0.00282976 0.000927815 0.000194724 -0.00133405 -0.000374029 -0.00131554 -0.000142784 -0.000908177 -0.000567028
internal_weight=8808.37 2619.77 2392.63 2031.43 1777.76 647.992 1129.77 942.19 444.674 6188.6 1219.36 4969.25 1760.69 1584.77
internal_count=2996 758 701 601 509 155 354 288 149 2238 543 1695 599 528
is_linear=0
shrinkage=0.03


Tree=187
num_leaves=15
num_cat=0
split_feature=16 1 10 3 13 2 2 9 3 16 9 14 1 16
split_gain=2.09787 1.87981 1.22792 2.61493 2.177 2.90157 2.33576 3.38302 2.19476 2.17983 3.05298 2.74821 1.83705 1.75537
threshold=1290.0000000000002 2.0430000000000006 1.8333333333333337 2.7083333333333335 0.45000000000000007 0.58333333333333337 1.1666666666666667 1.7130000000000003 1.1000000000000003 1142.5000000000002 1.3500000000000003 1082.5000000000002 1.1550000000000002 1088.7500000000002
decision_type=2 8 10 2 10 2 2 10 2 2 10 2 8 2
left_child=2 -2 3 4 -1 12 -7 8 -8 10 -10 -11 -6 -4
right_child=1 -3 13 -5 5 6 7 -9 9 11 -12 -13 -14 -15
leaf_value=-0.003380450334849917 -0.00012025884092667592 0.0023035847233372772 -0.0017137585991574076 0.0023270885689035286 6.2490641082199445e-05 0.00086333220404726419 -0.0034481284195631871 -0.0037779637623099249 -0.0012263290856539774 -0.00098882331330821379 0.0020891794382372937 0.0027011077007274005 -0.0039297539392611543 0.00082970946947459134
leaf_weight=226.91288983821869 507.54333591461182 664.35677146911621 280.01893329620361 308.14406263828278 154.40707504749298 1414.2053374052048 183.71639442443848 275.5296288728714 1430.8314851522446 295.56883692741394 301.87730240821838 468.63202738761902 314.91530740261078 1865.4968702793121
leaf_count=80 117 147 113 92 72 567 79 85 577 78 103 152 145 555
internal_value=7.45516e-05 0.00125462 -0.000109484 -0.000351675 -0.000515021 -0.000380002 -0.000139021 -0.00061867 -0.000292653 -5.91931e-05 -0.00064782 0.00127453 -0.00261897 0.000497109
internal_weight=8692.16 1171.9 7520.26 5374.74 5066.6 4839.68 4370.36 2956.16 2680.63 2496.91 1732.71 764.201 469.322 2145.52
internal_count=2962 264 2698 2030 1938 1858 1641 1074 989 910 680 230 217 668
is_linear=0
shrinkage=0.03


Tree=188
num_leaves=15
num_cat=0
split_feature=17 11 9 1 11 7 3 3 2 17 3 9 9 10
split_gain=4.20655 2.26238 2.59072 2.07119 2.32386 2.03523 1.81342 1.5306 1.07645 0.901562 2.01971 1.89979 1.65132 2.49454
threshold=1087.5000000000002 1.3666666666666669 0.88300000000000012 0.28404000000000001 1.6333333333333335 1.7750000000000001 2.7083333333333335 1.3666666666666669 1.4166666666666667 1188.7500000000002 0.70833333333333337 1.2305700000000002 1.4790000000000003 1.5833333333333337
decision_type=2 10 10 8 10 2 2 2 2 2 2 8 8 10
left_child=1 2 5 4 -2 8 9 -7 -1 12 11 -11 13 -5
right_child=3 -3 -4 6 -6 7 -8 -9 -10 10 -12 -13 -14 -15
leaf_value=-0.0022085578641412827 0.0043703151040495099 -0.0038727178219770961 0.0012081359317688267 -0.00078435193520430839 0.00022632602871862638 -0.0018013618044028529 0.0021790396592802465 -0.0068307010099374933 0.00028452505065026593 -0.0032652371552060926 0.00052096442695928787 0.00076036010544543956 -0.0020838010880640783 0.001555635837000363
leaf_weight=309.89110028743744 223.98058140277863 291.51192653179169 357.56245601177216 1373.2374304533005 265.78975141048431 110.09313023090363 358.2575798034668 108.69544315338135 312.19135856628418 260.76180243492126 3391.3415246009827 176.22007131576538 459.04439473152161 583.37875330448151
leaf_count=155 76 140 152 543 77 68 90 55 139 90 898 59 165 220
internal_value=-5.82802e-05 -0.0015068 -0.00092855 0.000246205 0.00212649 -0.00183749 0.00010642 -0.00431968 -0.000958958 -1.28295e-05 0.000273502 -0.00164382 -0.000466531 -8.623e-05
internal_weight=8581.96 1489.95 1198.43 7092.01 489.77 840.871 6602.24 218.789 622.082 6243.98 3828.32 436.982 2415.66 1956.62
internal_count=2927 709 569 2218 153 417 2065 123 294 1975 1047 149 928 763
is_linear=0
shrinkage=0.03


Tree=189
num_leaves=15
num_cat=0
split_feature=8 11 7 15 12 1 15 14 8 9 15 13 15 2
split_gain=2.85343 2.29585 2.29305 1.67124 2.18873 2.46182 1.61471 2.10424 1.45402 1.85282 2.07289 2.78273 2.17318 1.63501
threshold=2.7066666666666666 3.1000000000000005 0.29166666666666669 1120.0000000000002 1.8333333333333337 1.2010000000000003 1142.5000000000002 1292.5000000000002 1.7966666666666666 1.5703900000000002 1157.5000000000002 1.2916666666666667 1202.5000000000002 1.1666666666666667
decision_type=10 10 2 2 10 10 2 2 10 8 2 10 2 2
left_child=1 2 -1 -4 8 6 -6 -8 9 10 -5 13 -13 -12
right_child=-2 -3 3 4 5 -7 7 -9 -10 -11 11 12 -14 -15
leaf_value=0.0025404785459547446 0.0034859772680841702 0.0028650219582663315 0.00014409359493260384 0.00075281608463143143 -0.005411198051070972 6.4616736710466455e-05 -0.00073696066810685591 -0.0051495055935667526 -0.0018927186972415527 0.0021980103085589542 -0.0011941191572748114 -0.0012318995648074795 0.0030799642817227607 -0.0041672031742429989
leaf_weight=268.2331360578537 203.79724144935608 227.84610915184021 4092.6258010864258 895.13810384273529 183.99164760112762 356.89564275741577 319.95377779006958 139.01744782924652 431.52338135242462 299.94917726516724 437.93340611457825 228.39965283870697 193.40372717380524 268.78579008579254
leaf_count=76 51 55 1198 328 78 146 144 78 138 99 194 98 97 111
internal_value=-1.24932e-05 -9.83518e-05 -0.000181889 -0.000275252 -0.00073222 -0.00193379 -0.00304144 -0.00208176 -0.000295617 1.67116e-06 -0.000324797 -0.00117946 0.000747769 -0.00232916
internal_weight=8547.49 8343.7 8115.85 7847.62 3754.99 999.859 642.963 458.971 2755.13 2323.61 2023.66 1128.52 421.803 706.719
internal_count=2891 2840 2785 2709 1511 446 300 222 1065 927 828 500 195 305
is_linear=0
shrinkage=0.03


Tree=190
num_leaves=15
num_cat=0
split_feature=17 17 0 3 13 11 14 8 8 18 17 13 16 17
split_gain=3.48752 2.43245 1.80072 1.48627 1.41354 2.79414 2.3763 4.93687 3.93385 1.66011 1.49017 1.67166 2.64018 1.77445
threshold=1052.5000000000002 1253.7500000000002 1.601666666666667 1.1000000000000003 1.3666666666666669 2.2250000000000005 1167.5000000000002 1.6516666666666671 1.4300500000000003 1.0000000180025095e-35 1212.5000000000002 1.9000000000000001 1120.0000000000002 1172.5000000000002
decision_type=2 2 10 2 8 10 2 10 10 2 2 10 2 2
left_child=2 4 3 -1 5 6 8 9 -2 -8 11 13 -13 -6
right_child=1 -3 -4 -5 10 -7 7 -9 -10 -11 -12 12 -14 -15
leaf_value=-0.0006243045841895032 0.00067331173076891327 0.0010067367226812955 0.00076320606732439161 -0.0047205320250312318 0.00045720141285561012 0.0022793998916727652 -0.0019186269751222196 0.002680155434469257 -0.0035530276926539588 -0.0049078190778860621 -0.001879115906178818 0.00037155972423818346 -0.0029665303924801423 0.0025125435865927994
leaf_weight=117.7463972568512 957.51399457454681 2621.869818687439 124.46625411510468 248.08035886287689 1310.9642925262451 254.86004722118378 344.55212438106537 146.62428617477417 248.89111137390137 327.82713270187378 260.54414176940918 945.0203754901886 274.32391738891602 530.58202052116394
leaf_count=71 320 653 56 132 520 79 143 56 76 155 76 367 97 160
internal_value=0.000106102 0.000252759 -0.00234925 -0.0034074 -0.000100257 -0.000675255 -0.00104798 -0.00229408 -0.000200837 -0.00338117 0.000294582 0.000480161 -0.000381248 0.00105042
internal_weight=8713.87 8223.57 490.293 365.827 5601.7 2280.27 2025.41 819.004 1206.41 672.379 3321.43 3060.89 1219.34 1841.55
internal_count=2961 2702 259 203 2049 829 750 354 396 298 1220 1144 464 680
is_linear=0
shrinkage=0.03


Tree=191
num_leaves=15
num_cat=0
split_feature=15 16 13 12 16 6 13 16 17 16 0 9 8 8
split_gain=3.00579 2.36343 3.097 2.29354 1.70115 1.84068 2.65895 1.696 2.07993 1.79712 2.8734 2.62121 1.65686 1.8419
threshold=1187.5000000000002 1112.5000000000002 1.2916666666666667 2.1666666666666674 1197.5000000000002 2.1666666666666674 1.3666666666666669 1071.2500000000002 1037.5000000000002 1098.7500000000002 1.4750000000000003 1.1122100000000004 2.5050000000000003 2.2783833333333336
decision_type=2 2 10 10 2 2 10 2 2 2 8 10 8 10
left_child=7 2 -2 -4 5 6 -3 8 -1 10 11 -9 13 -11
right_child=1 4 3 -5 -6 -7 -8 9 -10 12 -12 -13 -14 -15
leaf_value=-0.003878927669557249 -0.0074849961142931772 -0.0036400241979622854 0.00046927964122906054 -0.0048070133671861215 -0.0025300660293502662 0.0028787691520946331 0.0016242204612611571 0.0020707017340774476 -0.00027964435830912202 0.00020412577142501397 0.0029180039648601373 -0.0033475311621862501 0.002303445324069136 -0.0026636498047094143
leaf_weight=174.60234892368317 110.28371810913086 157.55136716365814 185.43376195430756 122.37266838550568 233.07311034202576 192.22874331474304 188.74333572387695 160.76658165454865 816.82509815692902 5224.569077372551 579.10501968860626 158.7310049533844 322.52166271209717 208.65477991104126
leaf_count=95 64 73 105 70 83 89 83 66 343 1542 204 59 75 52
internal_value=2.18615e-05 -0.00138024 -0.00319388 -0.00163716 -0.00039465 0.000532535 -0.000774402 0.000240181 -0.000916791 0.000412669 0.00165964 -0.0006232 0.000217734 9.35233e-05
internal_weight=8835.46 1189.69 418.09 307.806 771.597 538.523 346.295 7645.78 991.427 6654.35 898.603 319.498 5755.75 5433.22
internal_count=3003 567 239 175 328 245 156 2436 438 1998 329 125 1669 1594
is_linear=0
shrinkage=0.03


Tree=192
num_leaves=15
num_cat=0
split_feature=1 1 7 10 14 11 2 6 4 14 14 13 13 10
split_gain=1.53916 3.34926 1.67214 2.24952 2.45358 1.95592 2.18578 1.5338 1.52319 1.43337 1.42169 1.19339 1.51828 1.5857
threshold=1.7757800000000001 1.9310000000000003 0.77500000000000013 1.1666666666666667 1062.5000000000002 2.1000000000000005 1.8333333333333337 0.83333333333333337 1.0000000180025095e-35 1066.2500000000002 1112.5000000000002 1.2916666666666667 2.2250000000000005 1.8333333333333337
decision_type=10 10 2 10 2 10 2 2 2 2 2 8 10 8
left_child=2 -2 3 4 -1 11 8 -3 -7 -5 -9 -4 13 -13
right_child=1 7 5 9 -6 6 -8 10 -10 -11 -12 12 -14 -15
leaf_value=-0.0034302385865397503 0.0030243029281880351 -0.0018987775608980486 -0.00060428390155108341 0.0040002179670242284 0.0010599183979915386 0.0012732765612408689 -0.003458865649179793 -0.00053094006696708925 -0.0013905119768606591 0.00098699471886045677 0.0019689814209107709 0.00033945971646745927 -0.0012121440986135712 0.0025953194141086502
leaf_weight=175.57983338832855 458.48894941806793 288.63465118408203 2126.2169638872147 228.38663840293884 287.57302331924438 265.21367216110229 338.62773418426514 436.46531641483307 704.17985379695892 375.7746719121933 384.07586061954498 1813.3245656490326 458.240553855896 330.84347259998322
leaf_count=52 131 74 758 57 110 70 88 112 208 115 115 728 204 118
internal_value=2.00565e-05 0.000870563 -0.000167725 0.000926342 -0.000646009 -0.000361284 -0.00138754 -2.16294e-05 -0.000661172 0.00213079 0.000640186 -7.71686e-05 0.000353561 0.000688585
internal_weight=8671.63 1567.66 7103.96 1067.31 463.153 6036.65 1308.02 1109.18 969.394 604.161 820.541 4728.63 2602.41 2144.17
internal_count=2940 432 2508 334 162 2174 366 301 278 172 227 1808 1050 846
is_linear=0
shrinkage=0.03


Tree=193
num_leaves=15
num_cat=0
split_feature=17 3 15 8 15 5 16 17 3 16 0 16 14 17
split_gain=3.01433 1.81197 2.38267 1.88425 1.8431 2.66412 2.94933 2.28964 5.57901 3.34385 2.1822 1.84806 1.6675 2.02621
threshold=1188.7500000000002 0.70833333333333337 1172.5000000000002 1.5439833333333335 1127.5000000000002 0.29166666666666669 1187.5000000000002 1267.5000000000002 1.7750000000000001 1277.5000000000002 1.49 1148.7500000000002 1310.0000000000002 1112.5000000000002
decision_type=2 2 2 10 2 2 2 2 2 2 8 2 2 2
left_child=12 -2 4 -4 5 7 -7 8 -3 -9 -6 -10 -1 -14
right_child=1 2 3 -5 10 6 -8 9 11 -11 -12 -13 13 -15
leaf_value=-0.00026098605885589384 -0.0010949267933409012 0.0048731786061700713 0.0044409302150143787 0.0005900735800590328 -0.0024083408445375364 0.00058641245281849323 0.0048535683880712036 -0.0030008910792313098 0.001654081691487726 0.00078050977634617417 0.0006161873263029066 -0.0016695959508911146 -0.0043953457216240072 0.00038184465665649838
leaf_weight=4009.1530146598816 454.34050488471985 303.23232579231262 283.66016459465027 191.72781085968018 343.6891131401062 278.96031665802002 305.05329036712646 325.55341482162476 282.65148901939392 591.22201561927795 568.48833084106445 319.90334010124207 197.51982367038727 133.48807227611542
leaf_count=1603 154 77 95 62 107 76 64 76 69 115 169 79 130 66
internal_value=0.000125754 0.000693728 0.000908148 0.00289235 0.00062314 0.00105828 0.0028198 0.000492589 0.00156154 -0.000564099 -0.00052478 -0.00011034 -0.000430254 -0.00247346
internal_weight=8588.64 4248.48 3794.14 475.388 3318.75 2406.58 584.014 1822.56 905.787 916.775 912.177 602.555 4340.16 331.008
internal_count=2942 1143 989 157 832 556 140 416 225 191 276 148 1799 196
is_linear=0
shrinkage=0.03


Tree=194
num_leaves=15
num_cat=0
split_feature=17 9 12 8 8 1 2 15 6 16 10 16 16 13
split_gain=3.37699 2.1886 2.54968 1.91256 2.18225 1.7273 2.33108 1.70178 2.25231 2.22201 1.98501 3.15623 2.39122 2.19844
threshold=1082.5000000000002 1.2140000000000002 1.1666666666666667 1.3916666666666668 2.7066666666666666 1.7630000000000001 1.8333333333333337 1132.5000000000002 2.1666666666666674 1312.5000000000002 2.4166666666666674 1210.0000000000002 1157.5000000000002 1.1000000000000003
decision_type=2 10 10 10 10 10 2 2 2 2 10 2 2 10
left_child=1 2 -1 7 5 -5 -7 8 10 -9 11 12 13 -2
right_child=3 -3 -4 4 -6 6 -8 9 -10 -11 -12 -13 -14 -15
leaf_value=-0.0045718207520872777 0.0034343263851259074 0.0008539180305819112 -0.0013063765486382379 -0.0014653068403226814 0.0022337902845120656 0.0021406123103817815 -0.0011397641474716943 -0.00067047099649956152 0.0034843917380717186 0.0030409288061649274 -0.0016402722420852734 0.0031573643361797938 -0.0012710053619717754 0.0004287466182383689
leaf_weight=288.07352244853973 274.7434606552124 272.30119776725769 847.70448517799377 1547.8763267993927 220.51772665977478 337.93881106376648 458.0050630569458 1596.2978689670563 264.20022797584534 158.70674753189087 316.93063163757324 445.13302063941956 570.3034770488739 1066.7653112411499
leaf_count=146 87 116 421 482 55 88 109 657 80 42 76 97 165 334
internal_value=-0.00021517 -0.00155913 -0.0021379 4.57643e-05 -0.000612931 -0.000881603 0.000253944 0.000405735 0.00084715 -0.000333305 0.000585364 0.000885207 0.000354799 0.00104639
internal_weight=8665.5 1408.08 1135.78 7257.42 2564.34 2343.82 795.944 4693.08 2938.08 1755 2673.88 2356.95 1911.81 1341.51
internal_count=2955 683 567 2272 734 679 197 1538 839 699 759 683 586 421
is_linear=0
shrinkage=0.03


Tree=195
num_leaves=15
num_cat=0
split_feature=16 9 6 9 15 16 0 8 8 9 13 9 9 9
split_gain=2.00563 1.9172 1.57438 1.35958 1.2918 2.86937 2.12044 1.51423 1.12422 1.99679 2.26105 1.468 2.02695 1.79236
threshold=1290.0000000000002 1.0630000000000002 1.1666666666666667 1.9967500000000002 1042.5000000000002 1132.5000000000002 1.8487500000000001 2.4716666666666676 1.9450000000000001 1.7070000000000001 1.2250000000000003 1.4790000000000003 1.5616100000000002 1.3750700000000002
decision_type=2 10 2 10 2 2 10 10 8 10 8 10 10 10
left_child=4 2 -2 -3 5 6 -1 8 9 11 -11 13 -13 -6
right_child=1 3 -4 -5 7 -7 -8 -9 -10 10 -12 12 -14 -15
leaf_value=0.0045413267006470881 0.0039921111445542813 -0.0016188313466657823 0.0009134383864427937 0.0013237376629879356 -0.00043870154479016529 -0.00093564548863103573 0.00042293577797496108 0.0019883598459540246 -0.0017577494043070332 0.0039209297780014767 -0.00032281740244791802 -0.0041409134431979215 -0.00034269103206988934 0.0019321949906290381
leaf_weight=232.80442714691162 276.1301703453064 273.49147295951843 326.29734945297241 290.27742481231689 4687.1226428747177 397.57699203491211 217.32829737663269 245.05694031715393 511.55670559406281 207.03464019298553 247.0248110294342 220.71387219429016 294.77028930187225 304.70247972011566
leaf_count=70 61 62 76 64 1837 90 56 68 161 63 78 78 102 110
internal_value=-3.87333e-06 0.00115364 0.00232886 -0.000104079 -0.000182424 0.000920449 0.00255827 -0.000321706 -0.000409456 -0.000293481 0.00161654 -0.000451221 -0.00197384 -0.000293623
internal_weight=8731.89 1166.2 602.428 563.769 7565.69 847.71 450.133 6717.98 6472.93 5961.37 454.059 5507.31 515.484 4991.83
internal_count=2976 263 137 126 2713 216 126 2497 2429 2268 141 2127 180 1947
is_linear=0
shrinkage=0.03


Tree=196
num_leaves=15
num_cat=0
split_feature=17 11 1 0 6 0 17 11 0 0 7 14 17 16
split_gain=3.25927 1.73646 1.59064 3.69617 1.8907 1.79089 1.94315 2.92382 1.67692 2.32494 1.85081 1.78729 1.59817 2.07464
threshold=1188.7500000000002 1.1000000000000003 1.3850000000000002 1.3513000000000004 2.1666666666666674 1.1004000000000003 1042.5000000000002 0.45000000000000007 2.3566666666666669 1.4116666666666668 1.5500000000000003 1102.5000000000002 1122.5000000000002 1060.0000000000002
decision_type=2 10 10 10 2 10 2 10 10 10 2 2 2 2
left_child=2 -2 3 5 8 6 -1 -8 9 -4 11 -11 13 -9
right_child=1 -3 4 -5 -6 -7 7 12 -10 10 -12 -13 -14 -15
leaf_value=-0.0040382533075378818 0.0021177206398151297 0.00031486219290084407 -0.0028720725525066423 -0.0053143185155243066 0.0027750518694065755 0.0017880190146457931 0.0027201792970326212 0.0014290353517436374 -0.0024974307743726668 0.0001874806466985184 -0.0016875504267821965 0.0033795351203578855 0.0001829048839371437 -0.0020509766118976844
leaf_weight=174.41614544391632 546.44310402870178 3955.9570382833481 172.37323868274689 169.59965705871582 215.43081092834473 226.43578481674194 197.37379157543182 174.47428929805756 242.13438367843628 328.12724471092224 184.07917869091034 303.4738667011261 620.6584290266037 1284.5479315519333
leaf_count=102 155 1051 68 73 81 94 90 93 76 105 66 116 235 575
internal_value=-2.97677e-05 0.000534091 -0.0006211 -0.00103243 0.000189276 -0.000759365 -0.000995293 -0.000760541 -0.000265432 0.000283518 0.000953071 0.00172413 -0.00109203 -0.00163413
internal_weight=8795.52 4502.4 4293.12 2847.51 1445.62 2677.91 2451.47 2277.05 1230.19 988.054 815.68 631.601 2079.68 1459.02
internal_count=2980 1206 1774 1262 512 1189 1095 993 431 355 287 221 903 668
is_linear=0
shrinkage=0.03


Tree=197
num_leaves=15
num_cat=0
split_feature=17 8 17 9 8 2 8 8 18 13 0 13 16 13
split_gain=3.13257 1.78641 2.01031 1.29818 4.88187 1.47828 1.3438 2.80632 1.99211 3.48295 1.24263 1.17866 1.11845 1.08851
threshold=1188.7500000000002 1.7905500000000003 1042.5000000000002 1.3443800000000004 1.2941666666666669 0.58333333333333337 1.2750000000000001 0.94166666666666676 1.0000000180025095e-35 1.4500000000000002 0.63833333333333353 2.3666666666666671 1132.5000000000002 2.1000000000000005
decision_type=2 8 2 8 10 2 10 10 2 10 8 10 2 8
left_child=1 2 11 5 -5 -4 7 8 10 -10 -7 -1 -12 -11
right_child=-2 -3 3 4 -6 6 -8 -9 9 13 12 -13 -14 -15
leaf_value=-0.001251024586522804 0.00055970544745949737 -0.002780149315556488 -0.0025522386280489931 0.0054808726997819801 -0.00051534892751523953 0.0032429902434281785 0.0018397839798946355 -0.0027779263874219591 -0.0027580029926119369 0.0018870575252881404 0.0010151004413247744 -0.004994617389775669 -0.0014685370814680131 -0.00098668777977249482
leaf_weight=200.14246189594269 4415.3634066581726 307.22573745250702 277.23478031158447 163.1391054391861 477.70928561687469 166.8503497838974 249.03356325626373 396.28081381320953 499.42171823978424 307.3119307756424 693.72343671321869 121.68047118186951 212.33627700805664 192.00714457035065
leaf_count=112 1189 114 135 60 176 66 91 152 220 129 284 67 78 85
internal_value=-3.19764e-07 -0.000580207 -0.000408736 -0.000207189 0.00101725 -0.000469508 -0.000256129 -0.000468283 -2.53497e-05 -0.000989056 0.000871822 -0.00267756 0.000432079 0.00078223
internal_weight=8679.46 4264.1 3956.87 3635.05 640.848 2994.2 2716.97 2467.93 2071.65 998.741 1072.91 321.823 906.06 499.319
internal_count=2958 1769 1655 1476 236 1240 1105 1014 862 434 428 179 362 214
is_linear=0
shrinkage=0.03


Tree=198
num_leaves=15
num_cat=0
split_feature=17 0 0 12 14 13 7 14 1 6 1 0 15 1
split_gain=2.92426 2.4015 1.97021 1.78098 1.98097 1.93827 1.69466 1.68707 1.66191 1.67076 1.83539 3.07538 1.42989 1.95572
threshold=1087.5000000000002 1.0000000180025095e-35 0.78545000000000009 1.1666666666666667 1152.5000000000002 1.4500000000000002 0.29166666666666669 1157.5000000000002 0.92100000000000015 0.83333333333333337 1.3310000000000002 1.3000000000000005 1086.2500000000002 1.1390000000000005
decision_type=2 8 8 8 2 10 2 2 8 2 8 8 2 8
left_child=3 7 -3 4 -1 -5 -4 -2 -8 -10 -11 -12 -7 -14
right_child=1 2 6 5 -6 12 8 -9 9 10 11 -13 13 -15
leaf_value=-0.00077297902070242786 0.00082514927795055175 -0.002202782794838402 0.0027300960094977251 0.0018121317014782078 -0.0051608657282225315 0.00071255601823815668 0.0028921411067463201 0.0045016537770862846 -0.00082847659427827793 -0.00097595866412274028 0.0038983052937713782 0.00040223622502949503 -0.005725039258165498 -0.0012310808321053263
leaf_weight=184.83898079395294 265.16899800300598 305.02331459522247 239.80897569656372 238.67514431476593 185.39772963523865 238.26136994361877 193.76986801624298 194.62121343612671 1405.2677907943726 775.84298050403595 240.80306196212769 3574.531335234642 105.28459501266479 489.60902297496796
leaf_count=78 72 122 63 110 104 94 74 69 407 260 75 1106 59 250
internal_value=4.52895e-05 0.000292458 0.000149084 -0.00118725 -0.00297822 -0.000566402 0.000260975 0.00238774 0.000164896 7.62998e-05 0.000353354 0.000623853 -0.00124914 -0.0020347
internal_weight=8636.9 7194.84 6735.05 1442.07 370.237 1071.83 6430.02 459.79 6190.22 5996.45 4591.18 3815.33 833.155 594.894
internal_count=2943 2248 2107 695 182 513 1985 141 1922 1848 1441 1181 403 309
is_linear=0
shrinkage=0.03


Tree=199
num_leaves=15
num_cat=0
split_feature=18 15 3 1 6 8 0 3 13 10 0 8 0 0
split_gain=2.91421 3.7256 2.32705 2.66833 1.92948 2.44553 2.37389 1.85951 1.80133 1.55011 2.45667 1.90852 2.78503 1.68392
threshold=1.0000000180025095e-35 1078.7500000000002 1.6333333333333335 1.2622500000000001 1.1666666666666667 1.5439833333333335 1.3883333333333334 2.3666666666666671 1.4500000000000002 1.1666666666666667 1.3200333333333336 1.3916666666666668 1.031666666666667 1.8136833333333338
decision_type=2 2 2 10 2 10 10 2 10 10 8 10 10 10
left_child=9 7 4 -4 6 -6 -3 8 -2 13 11 -11 -13 -1
right_child=1 2 3 -5 5 -7 -8 -9 -10 10 -12 12 -14 -15
leaf_value=-0.00047061481612447844 0.0013000620277991198 -0.00012989589424117817 -0.00025992815361206402 -0.0036902701706917314 -0.00040139615280564671 -0.0033248742000432136 0.0039947669351123871 0.002885802670254704 -0.0016316710252151118 0.004098339479381442 0.00053422553295695986 -0.0013249248955867373 0.0034946250043335707 0.0022832336587208851
leaf_weight=1399.4973684549332 514.81016504764557 589.13382303714752 338.18723464012146 514.28050661087036 1007.8805969953537 345.06468570232391 158.58318412303925 333.85781002044678 296.37154054641724 363.02055752277374 2056.759249329567 210.07896327972412 220.01222574710846 232.10318732261658
leaf_count=536 132 231 128 177 443 124 55 88 97 118 595 72 62 71
internal_value=0.000131026 -0.000447096 -0.00101026 -0.0023313 -0.000473311 -0.00114893 0.00074907 0.00100494 0.00022824 0.000659684 0.00108173 0.00249911 0.00114289 -7.77078e-05
internal_weight=8579.64 4098.17 2953.13 852.468 2100.66 1352.95 747.717 1145.04 811.182 4481.47 2849.87 793.112 430.091 1631.6
internal_count=2929 1475 1158 305 853 567 286 317 229 1454 847 252 134 607
is_linear=0
shrinkage=0.03


Tree=200
num_leaves=15
num_cat=0
split_feature=15 8 1 16 13 15 18 11 6 9 11 1 11 15
split_gain=2.43111 3.15321 2.45648 2.13902 1.89296 1.34789 3.05824 1.6586 1.72871 3.00851 2.43841 2.04825 1.96997 1.91082
threshold=1187.5000000000002 1.9616666666666669 0.80100000000000005 1127.5000000000002 1.7750000000000001 1172.5000000000002 1.0000000180025095e-35 2.4500000000000006 0.83333333333333337 1.0505700000000002 2.3666666666666671 1.1650000000000003 1.9000000000000001 1120.0000000000002
decision_type=2 10 10 2 10 2 2 10 2 8 10 8 8 2
left_child=5 2 3 -2 -4 7 -7 8 9 13 11 -10 -11 -1
right_child=1 -3 4 -5 -6 6 -8 -9 10 12 -12 -13 -14 -15
leaf_value=0.0012152247381821398 -0.0036012772537975576 -0.0055265289009105096 -0.00041211424103133995 -0.00023638444442341383 0.0041683061571656591 0.0044797385670889353 -0.0008312372380720088 -0.0011239749478600574 -0.001076379744398417 -0.0009459246390456171 0.0035042154608824123 0.00075333717194136683 -0.0043816769823845185 -0.001494705805186552
leaf_weight=863.83488261699677 297.76180505752563 135.04668164253235 200.91975939273834 394.93673014640808 135.10174572467804 204.13167667388916 185.60866522789001 819.04055213928223 653.42299056053162 498.93408024311066 250.87231349945068 3473.2353785037994 214.37875127792358 320.19261765480042
leaf_count=267 176 55 90 172 66 73 76 198 229 148 60 1147 54 128
internal_value=4.09982e-05 -0.00123397 -0.000665635 -0.00168592 0.00143641 0.000239404 0.0019548 0.000144897 0.000310672 -0.000445515 0.000638451 0.000463426 -0.00198319 0.000481744
internal_weight=8647.42 1163.77 1028.72 692.699 336.022 7483.65 389.74 7093.91 6274.87 1897.34 4377.53 4126.66 713.313 1184.03
internal_count=2939 559 504 348 156 2380 149 2231 2033 597 1436 1376 202 395
is_linear=0
shrinkage=0.03


Tree=201
num_leaves=15
num_cat=0
split_feature=9 18 1 1 15 7 14 14 7 15 7 13 8 13
split_gain=1.64303 1.84931 2.1856 3.56075 2.97068 2.11458 2.06132 3.14453 4.73201 2.92585 3.93122 3.29905 2.66386 2.18873
threshold=2.4400000000000008 1.0000000180025095e-35 1.1650000000000003 1.2970000000000004 1078.7500000000002 1.1000000000000003 1207.5000000000002 1177.5000000000002 1.6333333333333335 1112.5000000000002 1.3666666666666669 1.3666666666666669 1.0583333333333338 1.3666666666666669
decision_type=10 2 8 8 2 2 2 2 2 2 2 10 10 10
left_child=1 5 -3 -4 -5 -1 7 9 -9 10 -7 -11 -8 -12
right_child=-2 2 3 4 -6 6 12 8 -10 11 13 -13 -14 -15
leaf_value=-0.00040382584578956465 0.002368825423317236 -0.0019429112043764488 0.0036740601504400639 0.00093112691144120604 -0.0010356989745226076 0.0050480002836271742 -0.0017476526781803321 0.0072335749953619088 0.00085075826386155431 0.0012953640718169678 -0.0013336489580510907 -0.0035657537092481976 0.0014187180820962987 0.0021593209620463078
leaf_weight=1709.7322915792465 272.64718675613403 729.61789107322693 206.56927561759949 1032.8759343624115 2084.2105920314789 250.93064117431641 486.06791687011719 193.51771080493927 226.6368635892868 266.70321333408356 285.41428136825562 235.93467032909393 468.77000117301941 369.22582745552063
leaf_count=511 65 301 80 282 801 70 226 66 77 81 70 86 163 113
internal_value=8.05679e-05 7.29763e-06 -0.000457267 -0.000130648 -0.000383883 0.00042641 0.00093639 0.00152613 0.0038008 0.000845247 0.00186329 -0.00098896 -0.00019329 0.000636722
internal_weight=8818.85 8546.21 4053.27 3323.66 3117.09 4492.93 2783.2 1828.36 420.155 1408.21 905.571 502.638 954.838 654.64
internal_count=2992 2927 1464 1163 1083 1463 952 563 143 420 253 167 389 183
is_linear=0
shrinkage=0.03


Tree=202
num_leaves=15
num_cat=0
split_feature=17 11 15 12 9 4 15 16 12 18 17 5 7 5
split_gain=2.26362 1.77762 2.46197 1.6255 1.4971 3.03277 1.6305 2.12053 1.56163 1.47066 1.39459 3.00414 1.36761 1.28397
threshold=1253.7500000000002 2.2916666666666674 1107.5000000000002 1.4166666666666667 1.8250000000000004 1.0000000180025095e-35 1042.5000000000002 1132.5000000000002 0.58333333333333337 1.0000000180025095e-35 1052.5000000000002 0.36666666666666675 1.5500000000000003 1.0000000180025095e-35
decision_type=2 8 2 10 10 2 2 2 8 2 2 2 2 2
left_child=4 2 -2 9 6 -6 7 -1 12 -4 11 13 -8 -10
right_child=1 -3 3 -5 5 -7 8 -9 10 -11 -12 -13 -14 -15
leaf_value=0.0027614337566299824 0.0025669380249901375 -0.00030612755674983575 0.0022823385832286091 -0.0019388671567731944 -0.0040053802289884794 0.00042974269890350174 -0.00058719294204892059 -0.00082256994137466582 -0.0016857257544033264 -0.00055742588347463433 1.2229306377936319e-05 0.001701096322852057 -0.0039961260059808226 -0.0057391677109347337
leaf_weight=365.09661912918091 784.87418913841248 904.66148400306702 364.82857918739319 224.70932030677795 275.79471445083618 277.90737879276276 247.4141571521759 249.43696570396423 152.26393377780914 297.10724139213562 3992.0075401067734 146.29491555690765 184.7459968328476 131.65403485298157
leaf_count=102 163 214 97 70 84 92 89 63 77 93 1540 87 76 73
internal_value=2.08043e-05 0.000764864 0.00134434 0.00026041 -0.000297542 -0.0017826 -0.000146889 0.00130773 -0.000331266 0.0010088 -0.000162843 -0.00178362 -0.00205035 -0.00357887
internal_weight=8598.8 2576.18 1671.52 886.645 6022.62 553.702 5468.91 614.534 4854.38 661.936 4422.22 430.213 432.16 283.918
internal_count=2920 637 423 260 2283 176 2107 165 1942 190 1777 237 165 150
is_linear=0
shrinkage=0.03


Tree=203
num_leaves=15
num_cat=0
split_feature=11 11 16 17 14 14 1 9 5 16 8 9 1 14
split_gain=2.19484 1.7991 2.90737 2.78135 2.77709 1.21008 2.01072 1.57174 1.44867 2.42403 2.13991 2.68235 2.73822 2.0311
threshold=3.1000000000000005 2.4500000000000006 1167.5000000000002 1112.5000000000002 1310.0000000000002 1253.7500000000002 1.3310000000000002 1.6030000000000004 1.0000000180025095e-35 1132.5000000000002 1.9141666666666668 1.4950000000000003 1.4165600000000003 1112.5000000000002
decision_type=10 8 2 2 2 2 10 10 2 2 10 8 10 2
left_child=1 3 -3 4 -1 8 7 -7 9 -5 11 -10 -13 -11
right_child=-2 2 -4 5 -6 6 -8 -9 10 13 -12 12 -14 -15
leaf_value=-0.00051478264105895145 0.0027847505531251458 0.000793611711146479 -0.0032479640897357413 0.0026039244179192557 -0.0043866692165219455 0.0015048185658869423 0.0042811642349324707 -0.0019587635327515864 -1.6368112886186215e-05 -0.00089667584814582342 0.0019653158247270311 -0.00020056231110413469 -0.0047505083956554872 0.0020589806589097655
leaf_weight=2559.3469265699387 239.06465458869934 267.61587393283844 396.85911512374878 526.09231972694397 177.37667238712311 501.05511152744293 178.09938514232635 153.17953932285309 1931.2981352806091 640.73791217803955 359.25277805328369 232.7142493724823 242.90314173698425 309.49362730979919
leaf_count=1105 59 82 100 143 119 209 57 61 575 146 94 71 69 85
internal_value=-4.4006e-05 -0.00012411 -0.00162148 3.4528e-06 -0.000767244 0.000419139 0.0014643 0.000692119 0.000213791 0.000972284 -0.000191226 -0.000513791 -0.00252936 6.7144e-05
internal_weight=8715.09 8476.02 664.475 7811.55 2736.72 5074.83 832.334 654.235 4242.49 1476.32 2766.17 2406.92 475.617 950.232
internal_count=2975 2916 182 2734 1224 1510 327 270 1183 374 809 715 140 231
is_linear=0
shrinkage=0.03


Tree=204
num_leaves=15
num_cat=0
split_feature=15 17 7 18 1 6 11 2 15 1 13 3 17 11
split_gain=2.61308 2.47787 1.8853 1.72601 1.94602 3.45024 1.98704 1.93894 2.3617 1.8832 1.87737 1.5678 2.06862 1.71573
threshold=1312.5000000000002 1037.5000000000002 0.22500000000000003 1.0000000180025095e-35 1.8000000000000005 0.83333333333333337 1.3666666666666669 1.8333333333333337 1088.7500000000002 2.0310000000000006 0.55000000000000016 1.5500000000000003 1267.5000000000002 1.1000000000000003
decision_type=2 2 2 2 8 2 10 2 2 8 10 2 2 10
left_child=1 -1 -3 10 7 6 -6 -5 -9 -7 -4 13 -13 -11
right_child=-2 2 3 4 5 9 -8 8 -10 11 -12 12 -14 -15
leaf_value=-0.0026326254538549219 -0.0022564385575846715 0.0028239392691487633 -0.0015123738607115743 -0.00034500568506383959 0.00055943310309585349 0.0038317609024708862 -0.0029809047297906107 -3.0109891456542664e-05 -0.0043770117410357546 0.0043448731915067098 0.00085260063521335285 -0.0014404074696022823 0.0021442733662476537 0.00081645894224016008
leaf_weight=261.93640315532684 396.5041252374649 262.23381006717682 327.34043657779694 1146.2143120765686 238.69071817398071 203.2197779417038 352.69806361198425 187.6603080034256 279.86918258666992 172.82924997806549 3790.3836164474487 448.19591593742371 212.87944006919861 435.2281836271286
leaf_count=147 212 70 85 417 85 59 104 56 103 74 1190 157 48 157
internal_value=0.000119838 0.000233349 0.000326833 0.000242478 -0.000229864 0.000380334 -0.00155345 -0.00100997 -0.00263601 0.00115759 0.000664274 0.000726711 -0.000284574 0.00182483
internal_weight=8715.88 8319.38 8057.44 7795.21 3677.49 2063.74 591.389 1613.74 467.529 1472.35 4117.72 1269.13 661.075 608.057
internal_count=2964 2752 2605 2535 1260 684 189 576 159 495 1275 436 205 231
is_linear=0
shrinkage=0.03


Tree=205
num_leaves=15
num_cat=0
split_feature=15 17 15 10 17 13 1 0 17 15 13 15 13 13
split_gain=2.26639 1.7945 2.52599 1.63783 1.83612 2.20412 2.56991 2.00183 1.41952 1.50672 3.76946 2.86936 2.16124 1.94872
threshold=1345.0000000000002 1235.0000000000002 1078.7500000000002 3.1666666666666674 1277.5000000000002 0.77500000000000013 1.3588600000000002 1.3950000000000002 1212.5000000000002 1152.5000000000002 1.3666666666666669 1167.5000000000002 2.2250000000000005 1.9000000000000001
decision_type=2 2 2 8 2 10 10 8 2 2 8 2 8 10
left_child=1 8 -3 4 7 -6 -7 -4 9 12 -11 -12 -1 -13
right_child=-2 2 3 -5 5 6 -8 -9 -10 10 11 13 -14 -15
leaf_value=0.00053017451010065563 -0.0028716594454009587 0.0021436415678842352 0.0034999133621895183 0.0024323163815866316 0.00091201216949053762 -0.0035533085051455931 0.00018650225776211074 3.2769344135690421e-05 -0.0022264114917781219 -0.0027984891005987606 -0.0028211958110104067 0.0026469511823012278 -0.0015461258866526551 -0.00077344670438362544
leaf_weight=3402.928197145462 227.2488306760788 844.88508868217468 208.53408467769623 256.06460380554199 373.76649260520935 386.41188907623291 288.37150716781616 526.44302153587341 281.9181421995163 558.12541651725769 191.51636433601379 396.55441772937775 519.16119933128357 240.06984317302704
leaf_count=1183 122 165 63 59 96 106 68 161 84 266 90 186 204 119
internal_value=7.8301e-05 0.000157733 0.000765329 0.000193602 -0.000128997 -0.000934528 -0.00195717 0.00101992 -0.000155856 -4.54931e-05 -0.000895272 0.00038923 0.000255014 0.00135794
internal_weight=8702 8474.75 2884.48 2039.59 1783.53 1048.55 674.783 734.977 5590.27 5308.36 1386.27 828.141 3922.09 636.624
internal_count=2972 2850 718 553 494 270 174 224 2132 2048 661 395 1387 305
is_linear=0
shrinkage=0.03


Tree=206
num_leaves=15
num_cat=0
split_feature=17 15 14 3 15 9 10 17 16 10 17 9 7 6
split_gain=1.66648 2.32055 2.48455 2.23388 3.24485 3.14578 2.44536 2.42953 1.63281 1.78252 2.86708 1.98371 1.44588 1.79478
threshold=1197.5000000000002 1127.5000000000002 1172.5000000000002 1.5500000000000003 1107.5000000000002 1.9080000000000001 2.1666666666666674 1261.2500000000002 1202.5000000000002 0.83333333333333337 1037.5000000000002 1.2900000000000003 2.1000000000000005 1.8333333333333337
decision_type=2 2 2 2 2 10 10 2 2 8 2 10 2 2
left_child=8 3 -3 4 -2 6 7 -5 9 10 -1 -12 13 -11
right_child=1 2 -4 5 -6 -7 -8 -9 -10 12 11 -13 -14 -15
leaf_value=-0.0032338411370794714 0.0010160231743316177 -0.0024377504910083562 0.00026002002202590488 0.0038451552159148544 0.0048316973860113473 -0.0021437854528624681 -0.0013265907594531296 0.00041347275958831603 -0.0032112147831258584 -0.00062305183992114458 0.00060289160606531505 0.0040998713849469621 0.0007905483645130252 -0.002709889772777523
leaf_weight=154.60197615623474 716.30534076690674 426.36592054367065 1092.5055909156799 339.12670016288757 278.022047996521 369.47055053710938 276.42291235923767 409.48164319992065 179.97169733047485 2318.1621927022934 1047.02743268013 168.75440669059753 502.87834072113037 440.83160877227783
leaf_count=89 157 127 353 82 72 81 62 88 56 860 448 62 231 185
internal_value=-4.19277e-05 0.000418246 -0.000498383 0.00100102 0.0020867 0.000225959 0.00108139 0.00197111 -0.000415614 -0.00030633 0.000601309 0.00109125 -0.000687717 -0.000957348
internal_weight=8719.93 3907.7 1518.87 2388.83 994.327 1394.5 1025.03 748.608 4812.23 4632.26 1370.38 1215.78 3261.87 2758.99
internal_count=2953 1022 480 542 229 313 232 170 1931 1875 599 510 1276 1045
is_linear=0
shrinkage=0.03


Tree=207
num_leaves=15
num_cat=0
split_feature=18 15 14 1 14 2 3 13 14 9 3 15 15 12
split_gain=1.60909 2.37926 3.16612 3.06573 2.72922 2.16953 2.29211 3.33064 2.67479 2.60889 2.15878 2.32304 1.92056 1.83345
threshold=1.0000000180025095e-35 1262.5000000000002 1102.5000000000002 0.6379800000000001 1082.5000000000002 0.83333333333333337 1.2916666666666667 1.2916666666666667 1162.5000000000002 1.0760000000000003 2.3666666666666671 1078.7500000000002 1142.5000000000002 1.5833333333333337
decision_type=2 2 2 10 2 2 2 10 2 10 2 2 2 10
left_child=1 2 4 -3 13 -4 -7 9 -9 -8 -2 -12 -10 -1
right_child=10 3 5 -5 -6 6 7 8 12 -11 11 -13 -14 -15
leaf_value=-0.0005496697345895536 -0.00058767414092266064 -0.0040823684014752249 0.0032485081685045048 0.0012671000186361666 -0.0021868731318287937 -0.0005475584108832253 0.0057819309049697227 0.002128220214277241 -0.0037281644135443298 0.0017628890218918587 0.003200434034262096 -0.00088861257792735972 0.00063425199564195989 0.0017300280289361746
leaf_weight=717.21696627140045 3576.5897351503372 219.51368701457977 464.38445115089417 170.66446447372437 481.65668416023254 614.67227268218994 231.83444273471832 350.51974236965179 180.28982186317444 390.63998079299927 298.19878661632538 214.21229720115662 181.52202093601227 568.22856450080872
leaf_count=185 1321 115 168 81 147 210 73 110 63 98 77 74 66 167
internal_value=0.000105644 0.000492357 0.000701543 -0.00174525 -0.000263282 0.00140767 0.000967728 0.0016654 0.000263549 0.00326661 -0.000326682 0.00149262 -0.00154381 0.000458627
internal_weight=8660.14 4571.14 4180.96 390.178 1767.1 2413.86 1949.48 1334.81 712.332 622.474 4089 512.411 361.812 1285.45
internal_count=2955 1483 1287 196 499 788 620 410 239 171 1472 151 129 352
is_linear=0
shrinkage=0.03


Tree=208
num_leaves=15
num_cat=0
split_feature=11 3 1 16 10 0 3 15 3 6 8 1 11 15
split_gain=1.91412 1.19271 2.03156 1.50432 1.84665 1.39359 1.26333 1.17069 1.46611 2.91527 3.64757 3.20894 3.1978 1.53896
threshold=3.3666666666666671 0.70833333333333337 0.78381000000000012 1066.2500000000002 0.58333333333333337 1.3758166666666669 0.22500000000000003 1312.5000000000002 1.6333333333333335 2.1666666666666674 2.1933333333333338 1.7345000000000004 0.90000000000000013 1083.7500000000002
decision_type=8 2 10 2 10 8 2 2 2 2 10 8 10 2
left_child=1 2 6 4 -3 -6 -1 8 9 10 12 -11 -5 -10
right_child=-2 3 -4 7 5 -7 -8 -9 13 11 -12 -13 -14 -15
leaf_value=0.00058706971865766318 0.003088073062379328 -0.0035858597178702986 0.0013127584980283024 0.0022481118626307508 -0.0026411709818530736 0.00054459273815373604 -0.0027012665709643504 -0.0019435930177434256 0.00058954781401931566 0.00096287370508124333 0.003963210634177039 0.0054049120395135023 -0.00034166194452982571 -0.00081322781165197352
leaf_weight=135.58044934272766 189.9800853729248 193.92186665534973 238.65585780143738 519.53358340263367 164.21160423755646 489.53381085395813 462.65709412097931 199.31684148311615 1361.7398357391357 387.69667732715607 238.3803448677063 234.68055009841919 2442.3325628042221 1454.8658952713013
leaf_count=62 46 100 89 206 79 218 204 101 347 139 62 78 767 466
internal_value=0.000117771 5.12089e-05 -0.0010236 0.000168355 -0.00102298 -0.000258438 -0.00195628 0.000316154 0.000384277 0.000766874 0.000401137 0.00264382 0.000113209 -0.000135062
internal_weight=8713.09 8523.11 836.893 7686.21 847.667 653.745 598.238 6838.55 6639.23 3822.62 3200.25 622.377 2961.87 2816.61
internal_count=2964 2918 355 2563 397 297 266 2166 2065 1252 1035 217 973 813
is_linear=0
shrinkage=0.03


Tree=209
num_leaves=15
num_cat=0
split_feature=7 15 18 7 16 15 9 11 15 2 13 7 2 6
split_gain=2.00014 1.61071 1.63063 2.70308 2.35845 1.74939 3.94732 2.68018 2.97605 2.0128 1.89869 1.61534 1.52149 1.3181
threshold=0.22500000000000003 1345.0000000000002 1.0000000180025095e-35 1.1000000000000003 1098.7500000000002 1172.5000000000002 0.91900000000000004 1.7083333333333337 1137.5000000000002 1.1666666666666667 1.3666666666666669 1.2250000000000003 1.8333333333333337 1.8333333333333337
decision_type=2 2 2 2 2 2 10 10 2 2 10 2 2 2
left_child=-1 2 3 -2 11 7 -7 8 10 -9 -6 -5 13 -13
right_child=1 -3 -4 4 5 6 -8 9 -10 -11 -12 12 -14 -15
leaf_value=0.0027791189344054867 -0.00050125572239219916 -0.0025209094975096875 -0.00034864419849196869 0.0023498504483082179 -0.00066716301569186526 0.0009874853127658078 0.0067413253443905467 0.0043998075148931589 -0.0031828672883165102 0.0012320503282850673 0.002637495472810844 0.0014047926380012349 -0.0038749599843815883 -0.0019307179147066225
leaf_weight=244.23259127140045 1562.9360340833664 215.93249940872192 3884.8497569561005 147.71204590797424 318.37955403327942 277.55745673179626 174.37399256229401 279.60292673110962 207.70353245735168 509.54537892341614 306.09328699111938 211.53973734378815 139.1572847366333 212.99950158596039
leaf_count=66 473 114 1379 60 92 114 58 70 75 119 95 90 55 100
internal_value=0.000108269 3.07377e-05 9.79641e-05 0.000497025 0.0010573 0.00156854 0.00321754 0.00110719 -8.08913e-05 0.00235857 0.000954284 -0.000432689 -0.0011647 -0.000269302
internal_weight=8692.62 8448.38 8232.45 4347.6 2784.66 2073.26 451.931 1621.32 832.176 789.148 624.473 711.409 563.697 424.539
internal_count=2960 2894 2780 1401 928 623 172 451 262 189 187 305 245 190
is_linear=0
shrinkage=0.03


Tree=210
num_leaves=15
num_cat=0
split_feature=0 8 0 8 8 8 9 9 10 8 4 3 12 15
split_gain=1.56611 1.63751 1.54193 1.84678 1.46206 4.31826 1.78235 3.79902 1.73027 1.6777 1.40027 2.32649 2.40663 2.22384
threshold=1.4460000000000002 2.4883333333333337 1.2950000000000006 1.7533333333333336 1.8016666666666667 1.7150000000000005 1.4790000000000003 1.3410000000000004 1.5833333333333337 2.0283333333333338 0.41666666666666669 0.70833333333333337 2.4166666666666674 1127.5000000000002
decision_type=8 10 10 10 10 10 10 10 10 10 2 2 8 2
left_child=2 4 -1 -4 5 6 7 10 -8 -6 11 -2 -13 -12
right_child=1 -3 3 -5 9 -7 8 -9 -10 -11 13 12 -14 -15
leaf_value=-0.00010338251860745838 -0.0031837769500284315 0.0031207831283862736 -0.0034819576552449967 0.00028799654571341174 -0.0028141013785427586 0.0050143382073674176 0.00026137683715783103 0.0044711761237750921 -0.0032813873498765056 0.00031013890854755067 0.0035809451282416628 0.00053509352621602013 -0.0021609496783221004 0.00022785643945860828
leaf_weight=2287.3935010433197 184.66996729373932 196.29326415061951 289.38308334350586 195.56162977218628 268.36805903911591 183.55788004398346 271.10996544361115 208.86902296543121 227.55185079574585 362.95367550849915 287.16713345050812 2993.6178835630417 329.92775344848633 466.08783197402954
leaf_count=847 74 43 103 52 75 49 75 65 58 93 88 1006 130 209
internal_value=0.000159813 0.000433025 -0.000429472 -0.0019642 0.000341285 0.000508279 0.000340847 0.00053068 -0.00135861 -0.00102029 0.00033654 8.43923e-05 0.000266888 0.00150922
internal_weight=8752.51 5980.17 2772.34 484.945 5783.88 5152.56 4969 4470.34 498.662 631.322 4261.47 3508.22 3323.55 753.255
internal_count=2967 1965 1002 155 1922 1754 1705 1572 133 168 1507 1210 1136 297
is_linear=0
shrinkage=0.03


Tree=211
num_leaves=15
num_cat=0
split_feature=14 9 0 3 9 7 14 8 3 11 10 15 15 3
split_gain=1.28733 2.30049 3.1376 2.16862 1.7563 1.72051 1.73415 2.00258 2.79345 2.08768 2.07476 2.97343 4.30631 1.95984
threshold=1292.5000000000002 1.4870000000000003 1.656666666666667 1.3666666666666669 1.9760000000000004 0.63333333333333341 1247.5000000000002 1.4700000000000004 0.70833333333333337 1.9000000000000001 1.5833333333333337 1127.5000000000002 1102.5000000000002 0.55000000000000016
decision_type=2 10 8 2 10 2 2 8 2 10 10 2 2 2
left_child=3 2 -2 4 5 -1 7 8 13 10 11 12 -10 -7
right_child=1 -3 -4 -5 -6 6 -8 -9 9 -11 -12 -13 -14 -15
leaf_value=0.0024843971695146074 0.0025883661645334961 -0.003558501395192511 -0.0027300557630387857 -0.00027691194949296626 0.0028042571788903176 0.00023753670847653682 0.0018790484106013851 -0.0024780281763833989 -0.00023564282719377723 0.0029822313923716678 -0.002348160545064557 -0.0010618394283802139 0.0063301049183311911 -0.0042087015289044355
leaf_weight=338.13889980316162 214.3101726770401 246.36601841449738 185.14316236972809 4984.0664409399033 330.3161473274231 168.46688604354858 445.15083992481232 292.48109698295593 190.30497789382935 318.62888920307159 222.50852382183075 333.99504721164703 169.29182064533234 188.4400349855423
leaf_count=112 112 102 103 1566 84 61 200 92 63 89 78 147 62 73
internal_value=2.28142e-06 -0.00128495 0.000122662 0.000106581 0.000744064 0.000487986 0.000197226 -0.000200915 0.000218823 0.000894652 0.000166111 0.000974924 0.00286438 -0.00211519
internal_weight=8627.61 645.819 399.453 7981.79 2997.72 2667.41 2329.27 1884.12 1591.64 1234.73 916.1 693.592 359.597 356.907
internal_count=2944 317 215 2627 1061 977 865 665 573 439 350 272 125 134
is_linear=0
shrinkage=0.03


Tree=212
num_leaves=15
num_cat=0
split_feature=17 15 8 9 17 8 8 12 9 0 14 17 11 10
split_gain=2.11183 2.13645 2.51452 2.72535 2.1818 1.83534 2.16985 2.23888 2.23122 1.28781 1.95893 1.27294 1.46343 2.10461
threshold=1253.7500000000002 1120.0000000000002 1.3816666666666668 1.3443800000000004 1042.5000000000002 1.1816666666666669 1.031666666666667 0.83333333333333337 0.87480000000000013 1.4800000000000002 1197.5000000000002 1212.5000000000002 0.90000000000000013 0.83333333333333337
decision_type=2 2 10 10 2 10 10 10 10 10 2 2 10 10
left_child=1 2 3 5 -3 6 7 -1 -9 11 -11 12 -6 -14
right_child=-2 4 -4 -5 9 -7 -8 8 -10 10 -12 -13 13 -15
leaf_value=0.002642169975156775 0.00062059032181782431 -0.0041731503158710642 -0.0013374504957708124 0.0039957133352162564 -0.0022300955513999349 0.0031691041564153679 -0.0027917966884178883 -0.00062704486193718829 0.0026177967607446976 -0.0013757274835598933 0.0022731745061526218 -0.0030781359769037823 0.0030446369678358886 -0.00072732126317332705
leaf_weight=326.53627753257751 2640.738804936409 179.41997420787811 767.79159772396088 198.27186024188995 497.51318073272705 185.80248308181763 213.35226118564606 1194.1144285202026 225.93787002563477 248.58879017829895 281.16019606590271 254.07992494106293 146.96948766708374 1327.4814084768295
leaf_count=104 651 112 227 58 253 57 68 421 73 89 105 91 68 584
internal_value=-8.70546e-05 -0.000396135 0.000151527 0.00063961 -0.000976601 0.000327781 5.69448e-05 0.000406328 -0.000109294 -0.000767047 0.000561533 -0.00108333 -0.000824876 -0.000349533
internal_weight=8687.76 6047.02 3111.81 2344.02 2935.21 2145.74 1959.94 1746.59 1420.05 2755.79 529.749 2226.04 1971.96 1474.45
internal_count=2961 2310 1008 781 1302 723 666 598 494 1190 194 996 905 652
is_linear=0
shrinkage=0.03


Tree=213
num_leaves=15
num_cat=0
split_feature=17 11 3 1 15 9 16 8 15 9 1 1 17 3
split_gain=2.11163 3.4531 1.39479 5.90192 3.36574 2.86334 2.21547 2.0069 2.65317 2.55929 2.40709 3.27956 1.95357 2.5918
threshold=1071.2500000000002 1.3666666666666669 1.6333333333333335 1.7757800000000001 1120.0000000000002 2.0710000000000002 1152.5000000000002 1.3960000000000001 1086.2500000000002 1.1300000000000003 1.3310000000000002 1.5190100000000004 1117.5000000000002 0.70833333333333337
decision_type=2 10 2 10 2 8 2 10 2 8 10 10 2 2
left_child=1 -1 3 7 5 -4 -6 9 -9 12 -10 -12 -2 -14
right_child=2 -3 4 -5 6 -7 -8 8 10 -11 11 -13 13 -15
leaf_value=-0.00056464187820570884 -0.0010886706065692338 -0.0051785179112818127 0.00053400174933362606 0.004137934816819254 -0.0038983727492538801 -0.0028917011950665185 -0.00045062894835615582 -0.0040915209181709052 -0.0013868038467347971 0.0025532947992176628 0.0040959516410451211 -0.00099948189247577989 -0.0015062900167534788 0.0012502273643158356
leaf_weight=824.71449661254883 795.21886515617371 176.47610402107239 1879.8789186477661 349.65533697605133 360.38105523586273 247.62009811401367 313.59261631965637 194.71442651748657 730.63174891471863 470.89080858230591 213.01507139205933 241.83197700977325 385.43817412853241 1493.6257538795471
leaf_count=422 364 92 508 96 140 54 92 49 260 167 63 72 145 440
internal_value=-8.71482e-05 -0.00138227 8.19231e-05 0.000388446 -0.000451425 0.000134112 -0.00229722 9.78887e-05 -0.000855427 0.00051637 -0.0003209 0.00139057 0.000156886 0.000684303
internal_weight=8677.69 1001.19 7676.49 4875.02 2801.47 2127.5 673.974 4525.37 1380.19 3145.17 1185.48 454.847 2674.28 1879.06
internal_count=2964 514 2450 1656 794 562 232 1560 444 1116 395 135 949 585
is_linear=0
shrinkage=0.03


Tree=214
num_leaves=15
num_cat=0
split_feature=11 11 1 3 14 14 2 0 1 11 11 5 11 0
split_gain=1.64403 1.70136 2.55734 1.34187 0.976499 1.97869 1.32576 1.6478 3.30095 1.637 1.96828 3.41998 2.28706 3.23765
threshold=3.1000000000000005 2.5500000000000003 1.8325400000000003 2.6333333333333337 1337.5000000000002 1357.5000000000002 1.5833333333333337 1.4460000000000002 1.4281700000000004 2.2250000000000005 1.3666666666666669 0.36666666666666675 1.1000000000000003 1.1380333333333337
decision_type=10 10 8 2 2 2 2 10 10 10 8 2 10 10
left_child=1 3 -3 4 6 -6 7 8 -1 10 12 -12 -8 -14
right_child=-2 2 -4 -5 5 -7 9 -9 -10 -11 11 -13 13 -15
leaf_value=0.0002746422461704258 0.0019870093428863691 0.00034491611647305089 -0.0034900652506501375 0.0015089656612354886 -0.0038447116942983547 0.00077174904668095518 -0.00062822393320252851 0.0016321196262557281 -0.0035353399360889908 0.0020423144164688793 -0.00085766311891899113 -0.0047923242873367166 0.0049322832145236566 -0.00057545756865871271
leaf_weight=2855.2036908864975 325.03128600120544 295.20501065254211 331.66707301139832 458.87177085876465 182.20143795013428 153.1164128780365 1042.8396289348602 680.49525046348572 219.45847928524017 207.08287310600281 1359.0455098152161 232.0373899936676 184.32157206535339 199.03332221508026
leaf_count=1075 75 81 88 129 106 82 398 207 77 52 390 76 65 63
internal_value=-0.000103167 -0.000184266 -0.00168643 -6.29303e-05 -0.000161731 -0.00174067 -8.56352e-05 0.000297464 1.63819e-06 -0.000531754 -0.000709037 -0.00143413 0.000100325 0.00207867
internal_weight=8725.61 8400.58 626.872 7773.71 7314.84 335.318 6979.52 3755.16 3074.66 3224.36 3017.28 1591.08 1426.19 383.355
internal_count=2964 2889 169 2720 2591 188 2403 1359 1152 1044 992 466 526 128
is_linear=0
shrinkage=0.03


Tree=215
num_leaves=15
num_cat=0
split_feature=6 8 1 7 9 8 11 11 12 5 14 14 14 8
split_gain=1.55002 2.63421 2.71775 2.20711 3.2277 2.19255 2.13196 2.09673 1.81695 1.43689 1.2432 3.12208 1.58768 1.5038
threshold=1.8333333333333337 2.1306000000000007 1.0098300000000002 2.1000000000000005 0.88300000000000012 1.0983333333333334 1.1000000000000003 1.9000000000000001 1.0000000180025095e-35 0.36666666666666675 1207.5000000000002 1193.7500000000002 1188.7500000000002 1.2883333333333338
decision_type=2 10 8 2 10 10 10 10 10 2 2 2 2 10
left_child=8 2 7 5 9 6 -4 -2 -1 -5 11 12 -10 -12
right_child=1 -3 3 4 -6 -7 -8 -9 10 -11 13 -13 -14 -15
leaf_value=-0.0026205071765594778 -0.0010800867207087464 -0.0037823355340409473 -0.0023230446985384899 0.0016933623613401025 0.0032261991756566176 -0.002749714553830477 0.0017503603989117982 -0.0054913345087444412 0.00038890955875629422 -0.0023155136157210284 -0.0016689003983667175 0.0040048723509779286 -0.0021871606482328082 0.00073459363614387994
leaf_weight=205.47445094585419 308.38346910476685 232.45437407493591 174.34653747081757 130.08961844444275 392.12472820281982 336.08840465545654 338.67593061923981 140.91640186309814 4821.8861222267151 207.62248182296753 603.36191916465759 209.28498721122742 224.39793562889099 381.85817933082581
leaf_count=58 144 69 75 52 136 110 114 49 1478 103 275 81 86 132
internal_value=-8.87158e-05 -0.000764442 -0.000416873 0.00016933 0.00137816 -0.000870098 0.00036422 -0.00247273 0.000148343 -0.00077082 0.000239911 0.000423251 0.000273946 -0.000737538
internal_weight=8706.97 2260.7 2028.25 1578.95 729.837 849.111 513.022 449.3 6446.26 337.712 6240.79 5255.57 5046.28 985.22
internal_count=2962 852 783 590 291 299 189 193 2110 155 2052 1645 1564 407
is_linear=0
shrinkage=0.03


Tree=216
num_leaves=15
num_cat=0
split_feature=17 11 12 8 0 3 8 8 18 10 13 13 11 10
split_gain=2.943 1.60414 2.28407 1.48703 2.12882 1.58414 1.344 2.14037 1.9404 1.68089 3.19088 2.90019 2.06682 1.99762
threshold=1087.5000000000002 1.3666666666666669 0.83333333333333337 1.2176000000000005 1.8860333333333335 1.5500000000000003 2.7066666666666666 2.1150000000000007 1.0000000180025095e-35 2.5833333333333335 0.90000000000000013 1.2916666666666667 2.4500000000000006 1.8333333333333337
decision_type=2 10 8 10 8 2 8 10 2 10 10 10 10 10
left_child=1 2 -1 4 5 -4 7 9 -9 12 -11 -12 13 -2
right_child=6 -3 3 -5 -6 -7 -8 8 -10 10 11 -13 -14 -15
leaf_value=-0.0042037818269381449 0.00030875419373645934 -0.0031262563111095708 -0.00069302666024457344 0.0024880103338471011 0.00064265723910711251 -0.0045831936631544595 0.0025073544704175884 7.3521351586664177e-05 -0.0032998291200490425 -0.0033098896832856549 0.002642032885632202 -0.0018973031989360264 -0.0023718163389315253 0.0016661456006951769
leaf_weight=146.27233612537384 4093.6741247177124 313.73980748653412 221.80899178981781 155.15810346603394 478.71645843982697 163.32397961616516 227.3778965473175 324.6209568977356 289.99638664722443 313.54966616630554 271.80552268028259 235.52592504024506 213.35036635398865 1280.4100426435471
leaf_count=74 1370 151 117 65 236 77 56 82 85 78 68 74 60 375
internal_value=-6.38213e-06 -0.00122551 -0.000711515 -0.000206592 -0.000692893 -0.00235033 0.000242448 0.000168772 -0.00152091 0.00033104 -0.00093581 0.000535083 0.000517294 0.000632411
internal_weight=8729.33 1479.02 1165.28 1019.01 863.849 385.133 7250.31 7022.93 614.617 6408.32 820.881 507.331 5587.43 5374.08
internal_count=2968 720 569 495 430 194 2248 2192 167 2025 220 142 1805 1745
is_linear=0
shrinkage=0.03


Tree=217
num_leaves=15
num_cat=0
split_feature=14 0 9 0 0 2 0 16 10 0 16 7 12 14
split_gain=2.19968 2.37834 2.5352 1.53297 2.08811 2.79414 2.18857 1.37837 1.68725 1.95317 1.36552 2.77699 3.37588 2.76432
threshold=1320.0000000000002 2.3075000000000006 1.4700000000000002 2.3783333333333339 1.8250000000000002 1.8333333333333337 1.6841666666666668 1312.5000000000002 2.4166666666666674 1.0150000000000003 1127.5000000000002 1.4500000000000002 1.4166666666666667 1127.5000000000002
decision_type=2 8 10 10 10 2 10 2 10 10 2 2 8 2
left_child=3 2 -2 4 6 -6 7 8 10 -10 13 -12 -13 -1
right_child=1 -3 -4 -5 5 -7 -8 -9 9 -11 11 12 -14 -15
leaf_value=0.00046447407955276394 0.0018060952625950537 -0.005023421845511915 -0.0032818840738176079 -0.0018110081550944078 0.0032157228446448665 0.0001202172989775022 -0.0024017601951569763 0.001324309328701722 -0.0028057255181340082 0.00077824452690641594 -0.00025271743096189102 0.00048110214370015677 0.0040327418998694744 -0.0015975473910580789
leaf_weight=1277.1444541215897 183.08531963825226 161.5354710817337 168.15913760662079 399.02117729187012 422.16447961330414 691.17288053035736 353.11081695556641 654.59017205238342 409.59923040866852 204.72454380989075 1692.0806139707565 702.24050569534302 365.86672556400299 1078.3146538734436
leaf_count=494 99 95 75 109 126 185 107 146 120 57 519 231 114 502
internal_value=-0.00011804 -0.0020226 -0.000632189 5.67979e-07 9.28588e-05 0.00129583 -0.000106084 2.12396e-05 -0.000127828 -0.00161204 5.06869e-05 0.000503384 0.00170031 -0.000479784
internal_weight=8762.81 512.78 351.244 8250.03 7851.01 1113.34 6737.67 6384.56 5729.97 614.324 5115.65 2760.19 1068.11 2355.46
internal_count=2979 269 174 2710 2601 311 2290 2183 2037 177 1860 864 345 996
is_linear=0
shrinkage=0.03


Tree=218
num_leaves=15
num_cat=0
split_feature=9 8 8 5 7 12 1 9 1 10 13 11 7 10
split_gain=1.94895 1.93861 2.46103 1.36459 1.77707 1.76735 1.93094 2.42322 1.47696 1.39836 2.89616 2.56961 2.30792 1.78676
threshold=2.0310000000000006 2.0683333333333338 2.4716666666666676 1.0000000180025095e-35 0.77500000000000013 1.1666666666666667 1.0555000000000003 1.0904800000000001 1.6390000000000005 0.83333333333333337 1.2916666666666667 0.45000000000000007 1.4500000000000002 1.4166666666666667
decision_type=10 10 10 2 2 10 10 10 10 8 10 10 2 8
left_child=3 -2 -3 5 -5 -1 -7 -8 -9 10 -6 -12 -11 -14
right_child=1 2 -4 4 9 6 7 8 -10 12 11 -13 13 -15
leaf_value=0.0014563919545752843 0.0035517836721922075 -0.0016633168050004784 0.0020072364840271911 0.0010122236551933386 -0.0017504969768122665 -0.0015421188604786966 0.0034338713303555895 0.0018361791334739091 -0.0012105062449065647 -0.0016393602022370874 -0.0017445013138501896 0.0027148021407461904 -0.0012723644991383227 0.0006149228764478434
leaf_weight=984.99399638175964 256.72720551490784 278.94784021377563 397.40159320831299 714.59101462364197 356.10621201992035 572.91575384140015 217.47163474559784 211.43893671035767 438.45892691612244 1776.3830162286758 152.94880723953247 476.78360962867737 746.5047390460968 1139.0430626869202
leaf_count=279 66 74 95 230 155 205 80 68 117 597 72 204 319 396
internal_value=4.27224e-05 0.00133762 0.000493164 -0.000112577 -0.000379628 0.000477793 -0.000192005 0.000700522 -0.000217994 -0.000593796 0.000408791 0.00163068 -0.000863743 -0.000132549
internal_weight=8720.72 933.077 676.349 7787.64 5362.36 2425.28 1440.29 867.369 649.898 4647.77 985.839 629.732 3661.93 1885.55
internal_count=2957 235 169 2722 1973 749 470 265 185 1743 431 276 1312 715
is_linear=0
shrinkage=0.03


Tree=219
num_leaves=15
num_cat=0
split_feature=15 18 8 15 3 0 17 3 0 10 16 8 0 15
split_gain=2.22933 2.14829 2.01275 1.49431 2.19192 1.70913 1.40305 1.69998 1.30818 1.93624 1.4131 1.28473 1.83943 3.25669
threshold=1345.0000000000002 1.0000000180025095e-35 2.5850000000000004 1078.7500000000002 1.6333333333333335 1.4858333333333336 1191.2500000000002 1.9000000000000001 0.9010166666666668 0.41666666666666669 1127.5000000000002 1.8016666666666667 1.4616666666666669 1107.5000000000002
decision_type=2 2 8 2 2 10 2 2 8 10 2 10 10 2
left_child=1 8 3 6 11 -6 7 -3 -1 10 -10 12 13 -5
right_child=-2 2 -4 4 5 -7 -8 -9 9 -11 -12 -13 -14 -15
leaf_value=0.0018190133733782868 -0.003020177199011485 -0.0022952334430219887 0.0026912021444738172 -0.0042234587883375838 -0.0010170835131614829 -0.0039156848425564985 0.0015207271377063148 0.00092125882497125244 -0.00011694777071998065 0.00056205922530714724 -0.0038551485424333878 -0.0023223383715937794 0.0021359925702414263 3.6020015324578755e-05
leaf_weight=628.01037573814392 209.89643967151642 283.4631735086441 178.93862748146057 185.89140141010284 406.39940893650055 333.63300108909607 511.53202724456787 307.17078721523285 213.12494266033173 3508.4590590000153 157.92341113090515 269.76244926452637 276.38769114017487 1191.2726230621338
leaf_count=214 114 102 46 64 156 118 109 97 95 1076 52 92 104 517
internal_value=2.64748e-05 0.000102484 -0.000408748 -0.000556734 -0.00094108 -0.0023274 0.000372036 -0.000623704 0.000549845 0.000343978 -0.00171406 -0.000406735 -9.30067e-05 -0.000541577
internal_weight=8661.87 8451.97 3944.45 3765.51 2663.35 740.032 1102.17 590.634 4507.52 3879.51 371.048 1923.31 1653.55 1377.16
internal_count=2956 2842 1405 1359 1051 274 308 199 1437 1223 147 777 685 581
is_linear=0
shrinkage=0.03


Tree=220
num_leaves=15
num_cat=0
split_feature=11 8 8 15 4 12 18 2 14 12 11 16 14 18
split_gain=1.49853 1.40536 2.27064 1.59002 2.78957 2.33446 2.05204 1.94226 2.11557 3.94778 2.04848 1.88757 1.42472 1.92536
threshold=3.3666666666666671 2.4716666666666676 2.2116666666666673 1088.7500000000002 1.0000000180025095e-35 1.5833333333333337 1.0000000180025095e-35 2.4166666666666674 1097.5000000000002 1.8333333333333337 1.5500000000000003 1132.5000000000002 1122.5000000000002 1.0000000180025095e-35
decision_type=8 10 10 2 2 10 2 2 2 10 10 2 2 2
left_child=1 2 3 4 12 -6 -7 8 9 10 -5 -9 13 -1
right_child=-2 -3 -4 7 5 6 -8 11 -10 -11 -12 -13 -14 -15
leaf_value=-0.00028500333582023873 0.0024766671037104648 0.0016455127333447562 -0.0028639168331554155 0.0014924643525701298 -0.0020366389824415299 0.0026713636279148516 -0.0014110082783271849 -0.00042652281478057605 -2.0998330324695532e-05 -0.0049365343389047274 -0.0021156170856153635 -0.0048318061247373759 0.0031948738028210778 0.0019089292205064013
leaf_weight=724.73872208595276 196.70074963569641 368.03046941757202 286.93423366546631 278.12696874141693 587.98566329479218 245.73667287826538 200.30406892299652 176.24353086948395 3974.7104079723358 238.42291224002838 286.50698208808899 173.34339499473572 265.12769961357117 713.89637386798859
leaf_count=194 48 95 78 102 157 70 68 69 1577 95 89 53 78 196
internal_value=-0.000105436 -0.000165332 -0.000247276 -0.000151464 0.00043217 -0.000796569 0.000839032 -0.000463124 -0.000304905 -0.00170832 -0.000338855 -0.00261844 0.00117793 0.000804265
internal_weight=8716.81 8520.11 8152.08 7865.14 2737.79 1034.03 446.041 5127.35 4777.77 803.057 564.634 349.587 1703.76 1438.64
internal_count=2969 2921 2826 2748 763 295 138 1985 1863 286 191 122 468 390
is_linear=0
shrinkage=0.03


Tree=221
num_leaves=15
num_cat=0
split_feature=17 15 17 3 9 17 8 11 10 17 0 17 15 3
split_gain=1.60939 1.66522 1.77197 2.53436 2.06398 2.70354 1.87422 1.43045 1.2923 1.62098 2.23872 2.93115 1.26899 3.48985
threshold=1253.7500000000002 1036.2500000000002 1212.5000000000002 1.5500000000000003 1.9967500000000002 1010.0000000000001 1.7283333333333335 1.3666666666666669 3.1666666666666674 1272.5000000000002 1.5783333333333336 1310.0000000000002 1152.5000000000002 1.6333333333333335
decision_type=2 2 2 2 8 2 10 8 10 2 8 2 2 2
left_child=1 -1 4 -4 5 -3 12 -2 9 -9 -11 -12 -7 -14
right_child=7 2 3 -5 -6 6 -8 8 -10 10 11 -13 13 -15
leaf_value=0.0019104549310998695 0.0025735392330720713 -0.0042455725570144463 -2.2560905779394097e-05 -0.004254264778629095 0.0026808071378785089 0.00044562520000362928 -0.0020714884840556153 0.0017265997412274465 0.0021829646372057694 -0.0018430641102174059 -0.0018140771731708224 0.0017747632411426269 -3.4920098510285162e-06 -0.0043143758155564796
leaf_weight=355.07404756546021 355.29686665534973 141.21737456321716 290.42172074317932 225.89380574226379 238.77754878997803 3175.3222403526306 379.07724249362946 483.52963280677795 358.17502737045288 524.09863996505737 302.8103768825531 627.88044762611389 1095.7385500669479 198.83567321300507
leaf_count=88 95 83 95 66 73 1146 140 130 80 134 77 136 538 90
internal_value=0.000187857 -8.03832e-05 -0.000203733 -0.00187862 -3.80249e-05 -0.00016863 -4.90461e-05 0.000804732 0.000530075 0.000223675 -0.000276697 0.000606401 0.000122896 -0.000668426
internal_weight=8752.15 6100.36 5745.28 516.316 5228.97 4990.19 4848.97 2651.79 2296.49 1938.32 1454.79 930.691 4469.9 1294.57
internal_count=2971 2319 2231 161 2070 1997 1914 652 557 477 347 213 1774 628
is_linear=0
shrinkage=0.03


Tree=222
num_leaves=15
num_cat=0
split_feature=17 12 14 1 12 14 15 1 8 8 8 10 3 10
split_gain=3.6085 2.90398 2.13035 1.95314 1.85863 2.26498 1.86835 1.71908 1.42381 2.65233 2.43361 2.11662 2.22959 1.72656
threshold=1087.5000000000002 1.1666666666666667 1152.5000000000002 0.33860000000000007 2.1666666666666674 1117.5000000000002 1120.0000000000002 1.192666666666667 2.5050000000000003 2.2116666666666673 2.0283333333333338 2.5833333333333335 2.6333333333333337 2.8333333333333335
decision_type=2 10 2 8 10 2 2 10 10 8 10 10 2 10
left_child=1 2 -1 -2 5 -3 -6 -7 9 10 11 12 -5 -13
right_child=3 4 -4 8 6 7 -8 -9 -10 -11 -12 13 -14 -15
leaf_value=-0.001489358109903693 0.0020363953889348109 -0.0015413020208009823 -0.0060090539149461521 9.0238255880724147e-05 -0.00026571442459283052 0.00025067991275087994 -0.0045636055363411018 0.004282527073300753 0.0018725852541926799 -0.0026081825152441725 0.002908958057380894 -0.0035373019521532123 0.0027413725206824266 -0.00030757520128289409
leaf_weight=201.48037505149841 531.3563107252121 321.31316924095154 176.18362355232239 4793.8938573598862 192.74847114086151 241.59569537639618 171.72165441513062 156.18894815444946 404.17824077606201 322.44175755977631 279.50951755046844 248.54519522190094 302.58400797843933 370.13800692558289
leaf_count=85 164 135 102 1584 84 136 101 68 102 89 77 68 77 100
internal_value=1.31356e-05 -0.00134643 -0.00360814 0.000287202 -0.000555537 0.000329397 -0.00229763 0.00184054 0.000148636 3.80565e-05 0.000180804 4.68934e-05 0.000248146 -0.00160868
internal_weight=8713.88 1461.23 377.664 7252.65 1083.57 719.098 364.47 397.785 6721.29 6317.11 5994.67 5715.16 5096.48 618.683
internal_count=2972 711 187 2261 524 339 185 204 2097 1995 1906 1829 1661 168
is_linear=0
shrinkage=0.03


Tree=223
num_leaves=15
num_cat=0
split_feature=17 18 9 9 6 0 6 1 17 12 17 15 15 17
split_gain=1.59471 1.91952 2.21922 2.20546 1.49195 1.43655 1.57636 2.0119 1.23534 1.48607 1.20583 1.16164 1.8291 1.4483
threshold=1188.7500000000002 1.0000000180025095e-35 1.4790000000000003 1.3590000000000002 2.1666666666666674 1.0850000000000002 2.1666666666666674 1.9630000000000003 1127.5000000000002 1.5833333333333337 1157.5000000000002 1172.5000000000002 1137.5000000000002 1071.2500000000002
decision_type=2 2 8 10 2 8 2 10 2 10 2 2 2 2
left_child=1 2 3 4 10 8 7 -7 9 -3 11 12 13 -1
right_child=-2 5 -4 -5 -6 6 -8 -9 -10 -11 -12 -13 -14 -15
leaf_value=-0.00073212389304500047 0.00037176284344014285 -0.0060407230340808133 -0.0022389796874951722 0.0039874117898780446 -0.0016815738885163694 -0.00059495109314077919 0.0015429548050462847 -0.0036578286065535423 -0.00043920704418925355 -0.0014102439625817589 -0.0013069359227730576 0.0030047507717058126 -0.0022259026907451647 0.0019326961245507688
leaf_weight=260.54491674900055 4485.440043091774 139.55781853199005 298.78858351707458 152.29107904434204 302.03435623645782 1180.9451063871384 237.12501275539398 229.8683078289032 136.9754456281662 113.54448437690735 242.91063761711121 214.32961905002594 173.00231635570526 616.63160467147827
leaf_count=116 1199 72 107 54 139 508 111 78 56 62 80 113 84 209
internal_value=-2.39044e-05 -0.000436765 0.000165186 0.000532313 0.000239476 -0.00110419 -0.00071577 -0.00109623 -0.00273911 -0.00397716 0.000625247 0.000997157 0.000584961 0.00114124
internal_weight=8783.99 4298.55 2260.53 1961.74 1809.45 2038.02 1647.94 1410.81 390.078 253.102 1507.42 1264.51 1050.18 877.177
internal_count=2988 1789 902 795 741 887 697 586 190 134 602 522 409 325
is_linear=0
shrinkage=0.03


Tree=224
num_leaves=15
num_cat=0
split_feature=18 9 9 0 3 5 0 16 11 1 0 0 3 15
split_gain=2.30014 1.55205 1.39019 1.22764 1.55296 1.20248 1.60575 1.66388 1.14414 1.13452 1.21053 1.26459 1.16382 1.08016
threshold=1.0000000180025095e-35 2.4400000000000008 2.1413200000000003 0.52370000000000017 2.3666666666666671 1.0000000180025095e-35 1.3483333333333338 1148.7500000000002 2.5500000000000003 1.901 1.8415666666666668 1.6266666666666667 0.70833333333333337 1107.5000000000002
decision_type=2 8 10 8 2 2 8 2 10 10 10 10 2 2
left_child=5 2 3 -2 9 6 -1 -8 -7 10 11 12 -5 -14
right_child=1 -3 -4 4 -6 8 7 -9 -10 -11 -12 -13 13 -15
leaf_value=0.0029331133780531099 -0.002334700865131204 0.0021400174548738449 -0.0029924667614408826 -0.0020964735470118223 0.0013153543403624805 -0.00013461137400750487 0.0015087469994712367 -0.00089286344607463842 0.0017497926775213784 -0.0026023480504921387 0.0017040602343518199 -0.0031730482939583103 -0.0011172615380840929 0.00034604712703087338
leaf_weight=332.96932029724121 324.9526994228363 177.71658849716187 227.04506492614746 337.63515388965607 412.55291271209717 2800.2628852128983 650.87724101543427 430.63362550735474 322.46872079372406 244.20909547805786 211.32251274585724 166.58887326717377 716.32105159759521 1235.9053161144257
leaf_count=98 127 45 64 153 126 978 206 104 81 75 68 60 229 517
internal_value=-7.46933e-05 -0.000593901 -0.000719755 -0.000577582 -0.000405185 0.000389276 0.0011146 0.000552538 6.04794e-05 -0.000649309 -0.000469618 -0.000657232 -0.0004729 -0.000191175
internal_weight=8591.46 4054.25 3876.53 3649.49 3324.53 4537.21 1414.48 1081.51 3122.73 2911.98 2667.77 2456.45 2289.86 1952.23
internal_count=2931 1464 1419 1355 1228 1467 408 310 1059 1102 1027 959 899 746
is_linear=0
shrinkage=0.03


Tree=225
num_leaves=15
num_cat=0
split_feature=17 18 8 8 17 9 14 9 8 17 7 8 12 9
split_gain=2.38412 2.71195 1.77464 1.44993 1.35182 1.32007 1.58914 1.06161 1.6065 1.46278 1.5663 1.06235 1.89595 1.88664
threshold=1087.5000000000002 1.0000000180025095e-35 1.3550000000000002 0.86035000000000006 1057.5000000000002 0.87480000000000013 1132.5000000000002 2.3690000000000002 2.4516666666666671 1347.5000000000002 2.9000000000000004 1.8016666666666667 1.1666666666666667 1.6490000000000002
decision_type=2 2 8 10 2 10 2 10 8 2 2 10 10 10
left_child=1 5 3 4 -3 6 -1 8 9 10 11 13 -13 -2
right_child=7 2 -4 -5 -6 -7 -8 -9 -10 -11 -12 12 -14 -15
leaf_value=0.00078398770598681576 -7.913126814816578e-05 -0.00060341525230575121 0.00066098300029286585 -0.0059246387042748826 -0.0038827403444841959 0.0017844569947744206 -0.00262025207178578 -0.0014322701568008243 0.0029173735007824962 0.0018139020615668764 0.0025422998614521657 0.00053331909322062185 -0.0025110400259296412 0.0019893181783263202
leaf_weight=258.21534478664398 4806.1832159757614 209.91837275028229 131.07519912719727 134.39600193500519 245.47682642936707 264.24956786632538 234.79255342483521 363.26233208179474 193.4940025806427 443.29972124099731 214.87890005111694 338.24819648265839 402.2527232170105 431.57835268974304
leaf_count=113 1576 119 57 65 126 111 128 89 52 96 88 97 120 122
internal_value=-7.97389e-05 -0.00117667 -0.00249236 -0.00319309 -0.00237574 7.74304e-05 -0.000839287 0.0001458 0.00022993 0.000151147 3.18543e-05 -5.87896e-05 -0.00112158 9.1651e-05
internal_weight=8671.32 1478.12 720.866 589.791 455.395 757.257 493.008 7193.2 6829.94 6636.44 6193.14 5978.26 740.501 5237.76
internal_count=2959 719 367 310 245 352 241 2240 2151 2099 2003 1915 217 1698
is_linear=0
shrinkage=0.03


Tree=226
num_leaves=15
num_cat=0
split_feature=0 16 15 15 7 15 0 8 16 2 16 16 7 7
split_gain=1.18896 1.66439 1.79033 1.62349 1.84528 1.51815 1.54675 1.27098 2.97698 1.51283 1.2571 2.20519 1.49603 1.15774
threshold=2.4700000000000002 1312.5000000000002 1137.5000000000002 1052.5000000000002 0.70833333333333337 1047.5000000000002 2.2083333333333335 0.58000000000000018 1071.2500000000002 1.5833333333333337 1262.5000000000002 1120.0000000000002 1.9000000000000001 1.3666666666666669
decision_type=8 2 2 2 2 2 10 10 2 2 2 2 2 2
left_child=5 2 3 -2 -5 -1 7 -7 9 -9 11 -4 -13 -6
right_child=1 -3 10 4 13 6 -8 8 -10 -11 -12 12 -14 -15
leaf_value=0.0018826569218257476 -0.0015369868064734112 0.0016245765270078219 -0.0028768993103524738 0.0025278464840397001 -0.00095700974800021091 0.0011362162071055213 0.0027263879769039777 -0.001010476814000209 7.7119597241670146e-05 -0.0046308062717755677 -0.0040610525618499363 -0.0010501134718464038 0.0024208839226616263 0.00078619819112767933
leaf_weight=480.8112907409668 565.95906448364258 321.28869652748108 394.56044685840607 282.20130205154419 723.13915061950684 729.6387528181076 193.89944779872894 237.7036726474762 3203.4024758338928 184.54041373729706 163.71152853965759 329.37844371795654 167.88917708396912 650.30423676967621
leaf_count=109 154 69 211 90 259 268 54 112 1041 83 52 142 76 217
internal_value=-1.65153e-05 -0.000432806 -0.000634944 -0.000151387 0.000322903 0.000281323 0.000111699 -5.30737e-06 -0.000235282 -0.00259993 -0.00165158 -0.00120523 0.000124283 -0.000131656
internal_weight=8628.43 3598.43 3277.14 2221.6 1655.64 5030 4549.18 4355.29 3625.65 422.244 1055.54 891.828 497.268 1373.44
internal_count=2937 1270 1201 720 566 1667 1558 1504 1236 195 481 429 218 476
is_linear=0
shrinkage=0.03


Tree=227
num_leaves=15
num_cat=0
split_feature=8 9 6 1 13 3 1 1 6 0 16 3 14 15
split_gain=1.44331 1.23158 0.778976 1.74887 2.13324 1.99304 1.46209 2.21145 1.60228 1.36976 1.20745 1.37525 1.7433 1.56079
threshold=2.7066666666666666 2.3690000000000002 0.83333333333333337 1.2536400000000001 1.9000000000000001 1.2250000000000003 1.7345000000000004 1.8968100000000001 1.1666666666666667 1.601666666666667 1290.0000000000002 1.1000000000000003 1102.5000000000002 1047.5000000000002
decision_type=10 10 2 8 8 2 10 10 2 8 2 2 2 2
left_child=1 2 3 5 9 -1 -4 -8 -9 -5 11 -11 13 -13
right_child=-2 -3 6 4 -6 -7 7 8 -10 10 -12 12 -14 -15
leaf_value=-0.00073524951145120636 0.0025282299335005832 -0.0023152907640530836 -1.2678181918789773e-05 -0.0026764839703474451 -0.0030882912756389903 0.0035723993495996261 0.0032446619128264497 0.0024953780783530067 -0.00055247840076472817 -0.0025838839960934563 0.0020874445929396487 0.0008742503912849488 0.0022771779809419735 -0.0021764357840789758
leaf_weight=197.05368149280548 203.00210154056549 205.23447871208191 4949.9900548458099 199.05584788322449 315.26833987236023 188.22065079212189 330.5414115190506 215.46128749847412 547.96153628826141 209.73298990726471 206.52998352050781 285.26376461982727 240.91913557052612 318.53919851779938
leaf_count=70 49 51 1828 58 115 59 97 55 162 78 43 70 88 105
internal_value=3.49073e-05 -2.55721e-05 3.19798e-05 -0.000456805 -0.000854454 0.001373 0.000206757 0.00119876 0.000309859 -0.000370315 -4.43719e-06 -0.000415751 0.000124985 -0.000736092
internal_weight=8612.77 8409.77 8204.54 2160.58 1775.31 385.274 6043.95 1093.96 763.423 1460.04 1260.99 1054.46 844.722 603.803
internal_count=2928 2879 2828 686 557 129 2142 314 217 442 384 341 263 175
is_linear=0
shrinkage=0.03


Tree=228
num_leaves=15
num_cat=0
split_feature=4 0 0 7 11 17 5 14 0 0 14 14 17 17
split_gain=2.03529 2.22633 2.45359 1.38245 1.34017 1.0145 2.76402 1.55804 1.95179 1.99802 1.68971 0.982936 1.07993 0.912577
threshold=0.41666666666666669 1.0000000180025095e-35 1.4460000000000002 0.45000000000000007 1.2250000000000003 1052.5000000000002 1.0000000180025095e-35 1253.7500000000002 1.2316666666666671 2.0883333333333338 1212.5000000000002 1087.5000000000002 1097.5000000000002 1212.5000000000002
decision_type=2 10 10 2 8 2 2 2 8 8 2 2 2 2
left_child=3 11 -3 4 -1 6 -5 10 -9 -10 -7 -2 -13 -14
right_child=1 2 -4 5 -6 7 -8 8 9 -11 -12 12 13 -15
leaf_value=0.0025869407539922886 0.0040215340475053055 -0.0014534707255235088 0.0027167212951092058 0.00085669373923348503 -0.00028328251509009475 -0.0004065879671756863 -0.0043740382702792454 -0.0011724454916852713 0.0037781920722918623 0.0003348410540928366 -0.0025715067317139805 -0.00059532128715154018 0.003350952291668549 0.00065842518795688999
leaf_weight=277.81252360343933 166.28590166568756 491.03020453453064 170.16211843490601 167.51942086219788 307.93746590614319 5049.3790850639343 197.11787295341492 308.27959370613098 255.20910787582397 372.21088600158691 345.81806004047394 172.04268014431 261.20755481719971 200.52357506752014
leaf_count=89 47 194 56 83 82 1536 112 142 89 159 115 97 112 59
internal_value=-0.000111219 0.000910179 -0.000377763 -0.000316296 0.00108011 -0.000438602 -0.0019752 -0.000349802 0.000779716 0.00173924 -0.000545804 0.00197371 0.00143093 0.00218557
internal_weight=8742.54 1461.25 661.192 7281.28 585.75 6695.53 364.637 6330.9 935.7 627.42 5395.2 800.06 633.774 461.731
internal_count=2972 565 250 2407 171 2236 195 2041 390 248 1651 315 268 171
is_linear=0
shrinkage=0.03


Tree=229
num_leaves=15
num_cat=0
split_feature=6 15 16 8 9 2 11 11 14 8 8 15 12 16
split_gain=2.0369 1.62673 2.12502 2.0201 2.72662 1.67292 1.19123 2.59512 1.12081 3.96242 2.30019 2.06758 2.44045 3.74003
threshold=3.1666666666666674 1262.5000000000002 1047.5000000000002 1.625 0.90900000000000014 0.58333333333333337 2.9000000000000004 2.5500000000000003 1247.5000000000002 1.3783333333333336 0.58000000000000018 1120.0000000000002 0.83333333333333337 1120.0000000000002
decision_type=2 2 2 10 10 2 8 10 2 10 10 2 10 2
left_child=1 2 -1 4 5 -3 7 8 11 10 -10 -4 -13 -14
right_child=-2 3 6 -5 -6 -7 -8 -9 9 -11 -12 12 13 -15
leaf_value=-0.0018886284864657371 -0.0029617077919020349 -0.0050538982327227745 0.00053886682295691598 -0.0049573690173915245 0.0026301317786588921 -0.00063203173940496761 0.0016862055359060911 -0.0022642347944170946 0.0015162225909136624 0.004405542590122177 -0.0033350906535067762 0.0010338610774655367 0.00053006764013162691 -0.0025301115771548203
leaf_weight=456.75457918643951 216.40364229679108 116.32398879528046 3919.913938999176 121.22075700759888 155.60349059104919 225.06227338314056 464.81085419654846 387.25074410438538 208.26911556720734 246.88231587409973 150.77533710002899 568.62263691425323 608.61401975154877 875.89052522182465
leaf_count=229 99 65 1116 56 79 120 107 101 90 83 63 192 261 300
internal_value=-9.42801e-05 -2.09894e-05 9.52328e-05 -0.00150163 -0.000650484 -0.0021491 0.00021741 0.000119179 0.000259794 0.0014881 -0.000524618 0.000134962 -0.000636077 -0.00127599
internal_weight=8722.4 8505.99 7887.78 618.211 496.99 341.386 7431.03 6966.22 6578.97 605.927 359.044 5973.04 2053.13 1484.5
internal_count=2961 2862 2542 320 264 185 2313 2206 2105 236 153 1869 753 561
is_linear=0
shrinkage=0.03


Tree=230
num_leaves=15
num_cat=0
split_feature=1 6 7 9 10 0 3 18 11 11 16 1 6 1
split_gain=2.22499 3.05714 1.85461 1.73801 1.61207 2.88205 2.23695 1.37838 2.26503 1.43269 1.00771 1.5647 1.47984 2.7391
threshold=1.0098300000000002 1.8333333333333337 0.22500000000000003 1.151 0.41666666666666669 1.5650000000000004 1.1000000000000003 1.0000000180025095e-35 1.4500000000000002 1.1000000000000003 1290.0000000000002 2.0110000000000006 0.83333333333333337 1.4906000000000001
decision_type=8 2 2 10 8 10 2 2 10 10 2 8 2 8
left_child=1 7 -2 -3 5 6 -4 8 -1 -9 12 -12 13 -6
right_child=2 3 4 -5 10 -7 -8 9 -10 -11 11 -13 -14 -15
leaf_value=0.0036468373952831261 0.0028729467316288637 -0.0013431269132049659 0.00034062054794565042 -0.0050056400118088295 0.0027030166078451196 0.0024806721263315201 -0.0040108249179161021 -0.0034085699230779814 -0.00077824020849208539 0.00027512344212366309 -0.00020955762639913598 0.0021848485768155251 0.00052377548764286443 -0.0011904489381536225
leaf_weight=198.7852863073349 254.75510358810425 278.97466123104095 169.28920793533325 200.6694164276123 189.04478132724762 143.1399599313736 284.2000904083252 151.74603545665741 216.77945399284363 251.09105515480042 398.29854536056519 639.12625002861023 4170.8112636804581 1127.2390940189362
leaf_count=74 67 119 79 86 66 49 126 66 62 91 90 139 1473 369
internal_value=0.000161305 -0.00098358 0.000362893 -0.00288264 0.000272707 -0.00121868 -0.00238924 0.000131572 0.00134217 -0.0011175 0.000409251 0.00126625 0.000247021 -0.000629642
internal_weight=8673.95 1298.05 7375.9 479.644 7121.15 596.629 453.489 818.402 415.565 402.837 6524.52 1037.42 5487.1 1316.28
internal_count=2956 498 2458 205 2391 254 205 293 136 157 2137 229 1908 435
is_linear=0
shrinkage=0.03


Tree=231
num_leaves=15
num_cat=0
split_feature=18 2 4 11 3 3 7 6 1 11 6 9 7 11
split_gain=3.07873 1.52718 2.52467 2.55803 1.58899 4.18653 1.3071 1.85262 1.74869 1.72164 1.28101 1.27601 1.39425 2.02823
threshold=1.0000000180025095e-35 1.8333333333333337 1.0000000180025095e-35 1.1000000000000003 2.3666666666666671 1.9000000000000001 1.1000000000000003 0.41666666666666669 2.0110000000000006 1.4500000000000002 0.83333333333333337 1.9920000000000004 2.3666666666666671 1.2250000000000003
decision_type=2 2 2 10 2 2 2 2 10 10 2 8 2 10
left_child=6 11 3 -3 5 -5 7 -1 -8 10 -9 12 13 -2
right_child=1 2 -4 4 -6 -7 8 9 -10 -11 -12 -13 -14 -15
leaf_value=0.0013726978692962866 0.00030549196249741458 -0.0032020887679324681 -0.0042028708985575166 0.0015923612613402477 0.0016394734395299973 -0.0038764720253186054 0.00064341453695673768 -0.0013005836896915911 0.0032917020157724624 -0.0019086494985891681 0.0013417183135274863 0.001621264304320921 0.0015949189987409041 -0.0015676950902744138
leaf_weight=508.81970155239105 947.15819990634918 305.52017021179199 247.24450325965881 260.06236207485199 324.6265926361084 242.61458539962769 2692.8400657176971 275.89228403568268 243.919105052948 616.82688415050507 408.18677473068237 295.92777931690216 261.84088706970215 1152.4174298048019
leaf_count=142 400 123 83 82 82 73 925 92 63 159 139 87 124 399
internal_value=-4.42384e-05 -0.000653126 -0.00146238 -0.000861076 6.27381e-06 -0.0010496 0.000473716 -0.00016043 0.00086442 -0.000760672 0.000275723 -0.000232454 -0.000465346 -0.000722922
internal_weight=8783.9 4037.41 1380.07 1132.82 827.304 502.677 4746.48 1809.73 2936.76 1300.91 684.079 2657.34 2361.42 2099.58
internal_count=2973 1453 443 360 237 155 1520 532 988 390 231 1010 923 799
is_linear=0
shrinkage=0.03


Tree=232
num_leaves=15
num_cat=0
split_feature=13 16 0 0 1 16 11 4 0 1 16 18 1 0
split_gain=1.53416 1.42355 1.80194 1.56465 1.93524 1.41638 2.31475 1.77223 1.69608 2.96755 1.23796 0.975867 3.0405 2.57008
threshold=1.9000000000000001 1066.2500000000002 2.0433333333333339 1.6266666666666667 1.2267500000000002 1068.7500000000002 0.70833333333333337 1.0000000180025095e-35 2.4700000000000002 2.2220000000000004 1120.0000000000002 1.0000000180025095e-35 1.7757800000000001 0.9141666666666669
decision_type=10 2 10 8 10 2 8 2 10 10 2 2 8 8
left_child=5 -2 3 4 -3 6 -1 -8 9 11 -5 13 -13 -7
right_child=1 2 -4 10 -6 8 7 -9 -10 -11 -12 12 -14 -15
leaf_value=-0.0019304866951221763 -0.0023281809147340789 -0.0010703833556736514 0.0024590355410101582 -0.00059206270767080452 0.0026394841839556347 0.0022228443009628829 0.0050953017803296082 0.00097154134729868279 -0.0023739835447143813 0.0037412381376562523 -0.0034288352801083418 -0.0015158980376260478 0.00046005830808723764 -7.9828404091678639e-05
leaf_weight=125.08069908618927 470.37554943561554 340.7109649181366 170.97483789920807 287.34354531764984 199.99725377559662 522.05412006378174 164.80406212806702 217.3424037694931 268.48354434967041 189.72569561004639 267.11157166957855 1318.3352788686752 1494.3424679040909 2627.9381495714188
leaf_count=67 231 137 48 111 65 174 67 107 69 43 89 467 497 779
internal_value=-0.000123672 -0.00092075 -0.000396459 -0.00084409 0.000304163 7.62183e-05 0.00160077 0.00275861 -4.44462e-05 5.75814e-05 -0.0019624 -6.02362e-05 -0.000466305 0.000302382
internal_weight=8664.62 1736.51 1266.14 1095.16 540.708 6928.11 507.227 382.146 6420.88 6152.4 554.455 5962.67 2812.68 3149.99
internal_count=2951 681 450 402 202 2270 241 174 2029 1960 200 1917 964 953
is_linear=0
shrinkage=0.03


Tree=233
num_leaves=15
num_cat=0
split_feature=17 6 0 9 0 13 18 11 9 2 6 6 8 1
split_gain=2.54298 1.94821 3.01866 2.82098 1.63745 1.63471 1.59713 1.98897 1.89896 1.55939 1.88305 2.86702 1.80947 1.32443
threshold=1253.7500000000002 1.8333333333333337 0.49753333333333344 1.8310000000000002 2.3916666666666671 0.77500000000000013 1.0000000180025095e-35 1.7083333333333337 1.7445000000000004 2.1666666666666674 1.1666666666666667 0.83333333333333337 1.8483333333333334 1.4281700000000004
decision_type=2 2 8 10 10 8 2 10 10 2 2 2 10 10
left_child=1 4 -3 -4 9 -2 13 -8 -9 12 11 -11 -1 -7
right_child=5 2 3 -5 -6 6 7 8 -10 10 -12 -13 -14 -15
leaf_value=-0.00037260217871499206 0.0019115836846666085 -0.0052395669703353392 -0.00033299816886755794 -0.0047426147640623533 -0.0023838769642790998 0.0003369211362760195 0.0016580938052942714 -0.0031964135025880193 5.9825833204604775e-05 0.0005025125782589018 -0.00086061758663143672 0.0047181875104027656 0.0020949768244447014 0.002655135432685995
leaf_weight=3160.1038665771484 808.37485718727112 152.7480593919754 1221.480900645256 145.22409451007843 247.12021899223328 647.85033082962036 248.15341973304749 307.93535327911377 336.9532972574234 366.19943022727966 262.93908762931824 239.87268531322479 291.18108248710632 336.54917454719543
leaf_count=1225 189 72 531 49 73 163 69 82 86 117 90 77 91 70
internal_value=1.57737e-05 -0.000323512 -0.00125367 -0.000804683 -1.38681e-05 0.000784531 0.000298494 -0.000619822 -0.00149758 0.000122216 0.00125729 0.00217603 -0.000163869 0.00113137
internal_weight=8772.69 6086.87 1519.45 1366.7 4567.42 2685.82 1877.44 893.042 644.889 4320.3 869.011 606.072 3451.28 984.4
internal_count=2984 2325 652 580 1673 659 470 237 168 1600 284 194 1316 233
is_linear=0
shrinkage=0.03


Tree=234
num_leaves=15
num_cat=0
split_feature=15 16 14 11 13 5 0 13 2 0 3 9 9 9
split_gain=1.44649 1.4959 1.95588 1.2446 2.53744 1.90852 1.78057 1.11118 1.06699 0.969811 1.31037 1.64046 1.59463 0.997492
threshold=1187.5000000000002 1047.5000000000002 1117.5000000000002 1.3666666666666669 1.4500000000000002 0.36666666666666675 1.6416666666666668 0.22500000000000003 0.83333333333333337 2.3916666666666671 2.6333333333333337 2.0210000000000004 2.2220000000000009 1.7310000000000001
decision_type=2 2 2 10 10 2 8 8 2 10 2 10 10 10
left_child=1 2 -1 4 8 -5 -6 -3 -2 10 11 13 -13 -9
right_child=3 7 -4 5 6 -7 -8 9 -10 -11 -12 12 -14 -15
leaf_value=0.00037023379490394825 3.0904184039215848e-05 -0.0017393411813117737 -0.0036480337662883524 0.00022309670636809533 0.0047224052321466932 -0.0031200082735257876 -0.00032797513160534304 0.0003211247202497587 -0.0037379941285860057 -0.0010835317524866301 0.0022200524904951034 0.0036195963750897168 0.00058979186116447739 -0.0010416247202084334
leaf_weight=233.80129623413086 134.64005362987518 230.40653240680695 202.99950063228607 251.95844411849976 131.25801539421082 392.53661918640137 119.44939351081848 4939.9593088626862 134.74880063533783 386.64202642440796 359.14940083026886 255.78336882591248 400.93429827690125 534.86407971382141
leaf_count=110 75 59 107 102 72 176 68 1614 71 99 96 64 96 151
internal_value=4.88172e-05 0.000200751 -0.00150129 -0.000934777 0.000157044 -0.00181474 0.00232441 0.000305545 -0.00186116 0.000374296 0.000461291 0.000357927 0.00177357 0.000187825
internal_weight=8709.13 7544.54 436.801 1164.59 520.096 644.495 250.707 7107.74 269.389 6877.33 6490.69 6131.54 656.718 5474.82
internal_count=2960 2396 217 564 286 278 140 2179 146 2120 2021 1925 160 1765
is_linear=0
shrinkage=0.03


Tree=235
num_leaves=15
num_cat=0
split_feature=1 0 14 9 14 0 2 15 0 3 10 9 3 1
split_gain=1.19216 1.83551 1.56836 1.1341 1.12748 1.95154 0.967372 2.96819 1.44846 2.30789 1.68724 1.65387 1.28479 1.67752
threshold=1.1650000000000003 0.9010166666666668 1253.7500000000002 1.4570000000000005 1292.5000000000002 0.5615500000000001 2.5833333333333335 1083.7500000000002 1.9116666666666668 1.9000000000000001 0.41666666666666669 0.44200000000000006 0.45000000000000007 1.2310000000000001
decision_type=8 10 2 10 2 10 2 2 10 2 8 10 2 8
left_child=1 4 3 -3 5 -1 8 -8 10 -10 11 -2 -12 -14
right_child=6 2 -4 -5 -6 -7 7 -9 9 -11 12 -13 13 -15
leaf_value=-0.00050148278188562421 -0.00046637025402400482 -0.0048371373750780685 0.00020120972760774157 -0.0015889142775339258 -0.0021613406337915855 0.002637876731618069 0.00061427963754718954 -0.0027159593443039881 0.0025551700037463238 -0.00059311318599715337 -0.00202980305971963 -0.0043203793885581866 0.0031644355852807212 0.00020891546367868277
leaf_weight=637.70858693122864 320.1722606420517 197.29164385795593 170.86153209209442 191.72417056560516 190.96416652202606 246.20785939693451 578.22840070724487 411.49898493289948 549.91083419322968 337.69872272014618 216.97876310348511 145.05949926376343 179.20698201656342 4233.9323287010193
leaf_count=222 149 71 80 57 97 91 146 139 159 91 96 60 60 1408
internal_value=-7.43359e-05 -0.000803238 -0.00219443 -0.00324445 -7.72367e-05 0.000374953 9.66471e-05 -0.000771678 0.000240394 0.00135806 4.54687e-05 -0.00167474 0.000218639 0.000329622
internal_weight=8607.44 1634.76 559.877 389.016 1074.88 883.916 6972.69 989.727 5982.96 887.61 5095.35 465.232 4630.12 4413.14
internal_count=2926 618 208 128 410 313 2308 285 2023 250 1773 209 1564 1468
is_linear=0
shrinkage=0.03


Tree=236
num_leaves=15
num_cat=0
split_feature=17 7 6 10 11 12 10 11 13 13 17 13 13 10
split_gain=3.23778 1.92674 1.56796 2.56235 2.03486 1.36698 1.23437 2.03244 2.09571 1.7884 1.54706 1.76414 2.37121 1.83025
threshold=1037.5000000000002 0.22500000000000003 0.83333333333333337 1.1666666666666667 1.3666666666666669 1.4166666666666667 0.83333333333333337 1.1000000000000003 1.4500000000000002 2.1000000000000005 1261.2500000000002 1.3666666666666669 0.90000000000000013 2.4166666666666674
decision_type=2 2 2 10 10 10 10 10 8 8 2 10 10 10
left_child=-1 -2 3 5 -5 -3 7 8 -4 -10 -8 12 13 -12
right_child=1 2 6 4 -6 -7 10 -9 9 -11 11 -13 -14 -15
leaf_value=-0.0035712011703818987 0.0026517912657681988 -0.0010816664313058881 -0.0011350461309869223 0.0025604761150457385 -0.00059229495686265339 -0.0038255969147136201 -0.00042922552187543407 0.0036025550289884257 0.0031751011787432841 -0.00046505573733403093 0.0013789944038183084 -0.00098027589079625345 0.0027873322135533035 -0.0014303133732706211
leaf_weight=233.39993417263031 239.17399215698242 358.36132895946503 422.97035765647888 223.24617207050323 1031.8294126987457 301.10521829128265 3327.9872138500214 223.58766984939575 303.5980761051178 201.66044414043427 504.93619441986084 446.27821016311646 518.92954921722412 354.29889893531799
leaf_count=137 65 122 180 71 294 108 1237 75 125 84 127 120 128 80
internal_value=-9.31955e-05 3.19189e-06 -7.41979e-05 -0.000825878 -2.99048e-05 -0.00233841 0.000154175 0.00104157 0.000421484 0.00172418 -4.43649e-05 0.000657514 0.00118819 0.000220282
internal_weight=8691.36 8457.96 8218.79 1914.54 1255.08 659.467 6304.25 1151.82 928.229 505.259 5152.43 1824.44 1378.16 859.235
internal_count=2953 2816 2751 595 365 230 2156 464 389 209 1692 455 335 207
is_linear=0
shrinkage=0.03


Tree=237
num_leaves=15
num_cat=0
split_feature=18 14 14 16 14 16 10 10 9 10 7 16 9 14
split_gain=1.71468 1.66412 1.90566 3.35454 2.2424 2.22257 1.63745 2.1119 2.13322 2.09732 1.66376 2.26602 2.45845 1.66319
threshold=1.0000000180025095e-35 1102.5000000000002 1087.5000000000002 1148.7500000000002 1052.5000000000002 1152.5000000000002 2.5833333333333335 1.1666666666666667 1.6360000000000003 2.8333333333333335 1.7750000000000001 1172.5000000000002 1.2305700000000002 1261.2500000000002
decision_type=2 2 2 2 2 2 8 10 10 10 2 2 10 2
left_child=6 2 3 4 -2 -4 7 13 10 -8 11 12 -9 -1
right_child=1 -3 5 -5 -6 -7 9 8 -10 -11 -12 -13 -14 -15
leaf_value=7.8768417145055967e-05 0.0032532907387188299 -0.0010630573280321534 -0.00021144614386698973 -0.0021393133549855131 -0.00040157385909811937 0.004162459816840638 -0.0032796667027061815 0.00022262647805733367 -0.00048623145007182779 0.0001732501340685213 0.00013806913779789362 0.0041329319329228877 0.0037730283572676745 -0.0026681550063336989
leaf_weight=1468.3119897842407 251.04866945743561 2469.9886955022812 214.50273787975311 552.75148606300354 376.68371534347534 202.82443189620972 248.17579543590546 557.51811635494232 562.09160137176514 433.93998336791992 470.87237226963043 386.00512480735779 255.27996647357941 228.35684645175934
leaf_count=513 73 978 80 136 146 54 67 198 150 105 170 89 77 119
internal_value=-0.000126306 -0.000575179 0.000179205 -0.000437017 0.00106296 0.00191918 0.000269764 0.000505389 0.00111168 -0.00108599 0.00164958 0.00224267 0.00134099 -0.000292297
internal_weight=8678.35 4067.8 1597.81 1180.48 627.732 417.327 4610.55 3928.44 2231.77 682.116 1669.68 1198.8 812.798 1696.67
internal_count=2955 1467 489 355 219 134 1488 1316 684 172 534 364 275 632
is_linear=0
shrinkage=0.03


Tree=238
num_leaves=15
num_cat=0
split_feature=12 0 0 10 15 3 0 0 5 9 8 10 16 11
split_gain=1.8705 2.23428 1.69033 1.548 1.48742 2.00559 1.44024 2.27378 3.1259 2.46578 5.2382 1.98534 1.75457 1.74946
threshold=1.8333333333333337 1.0950000000000004 1.3149833333333336 1.4166666666666667 1088.7500000000002 1.7750000000000001 1.1785500000000002 1.4800000000000002 0.22500000000000003 1.8250000000000004 1.4750000000000003 1.1666666666666667 1107.5000000000002 2.5500000000000003
decision_type=10 10 10 10 2 2 10 10 2 10 10 10 2 10
left_child=6 3 -3 -2 -4 -6 13 11 9 10 12 -8 -9 -1
right_child=1 2 4 -5 5 -7 7 8 -10 -11 -12 -13 -14 -15
leaf_value=0.00073117724024219859 -0.00095572443663575395 0.0027950038688533832 0.0011104158492109615 -0.0032322830859838748 6.8862385663215128e-05 -0.0035782074823523468 -0.0044071980752905162 0.00065504684547755369 0.00273403390608357 -0.0021673118352073498 0.0032034846875817176 -0.00083275222910288767 -0.0027342334118118389 -0.0012011833627850158
leaf_weight=3549.1845002174377 774.71552240848541 177.88293290138245 363.49941849708557 411.75470352172852 350.78065526485443 220.29337775707245 200.60388445854187 229.50140810012817 336.74018955230713 502.12436306476593 371.07233023643494 458.65064597129822 340.5922327041626 477.5862842798233
leaf_count=1263 349 67 100 149 131 80 72 78 99 120 102 137 91 127
internal_value=-0.000108013 -0.000842807 0.000123144 -0.00174784 -0.000387851 -0.0013418 0.000153323 -0.000421833 0.000135815 -0.00047186 0.000434026 -0.00192544 -0.00137106 0.000501753
internal_weight=8764.98 2298.93 1112.46 1186.47 934.573 571.074 6466.06 2439.29 1780.03 1443.29 941.166 659.255 570.094 4026.77
internal_count=2965 876 378 498 311 211 2089 699 490 391 271 209 169 1390
is_linear=0
shrinkage=0.03


Tree=239
num_leaves=15
num_cat=0
split_feature=18 8 8 15 8 17 0 15 0 0 1 7 1 7
split_gain=1.8333 1.61066 2.93707 2.09298 1.69985 1.5391 1.87112 1.33978 2.28838 1.7459 2.26287 1.76034 2.55037 1.88499
threshold=1.0000000180025095e-35 1.3960000000000001 1.5333333333333339 1071.2500000000002 1.736666666666667 1142.5000000000002 0.75833333333333364 1290.0000000000002 0.60136666666666683 0.89500000000000002 1.3310000000000002 1.1000000000000003 1.4510000000000003 1.2916666666666667
decision_type=2 10 10 2 10 2 8 2 10 8 8 2 8 2
left_child=7 5 -3 -4 -5 6 -2 9 -9 -1 -11 -12 -13 -14
right_child=1 2 3 4 -6 -7 -8 8 -10 10 11 12 13 -15
leaf_value=0.0022165909892671201 -0.0039812607015984767 -0.004402948244563853 0.0019973494392817571 0.0011053217819412707 -0.0019907348061836928 0.00071894189945566399 -0.00029433139210204072 -0.0040473784079725827 0.0016733694744769836 -0.0013826266329489206 -9.6378997367038639e-05 0.0047159904963634241 0.0028006083438788937 0.00040330390107522147
leaf_weight=566.06862533092499 137.77392256259918 214.81529581546783 225.39350509643555 209.8931245803833 657.94579291343689 1513.7373586893082 1156.6137754917145 144.14943063259125 110.33338344097137 530.62659585475922 1331.6570835113525 180.24702620506287 384.62735855579376 1260.6868441104889
leaf_count=187 72 72 51 76 213 461 531 81 55 171 389 54 119 407
internal_value=0.000122307 -0.000335407 -0.00120448 -0.000572543 -0.00124152 6.96982e-05 -0.000689537 0.000540183 -0.00157025 0.000666775 0.000428349 0.000733057 0.00133781 0.000965086
internal_weight=8624.57 4116.17 1308.05 1093.23 867.839 2808.13 1294.39 4508.4 254.483 4253.91 3687.84 3157.22 1825.56 1645.31
internal_count=2939 1476 412 340 289 1064 603 1463 136 1327 1140 969 580 526
is_linear=0
shrinkage=0.03


Tree=240
num_leaves=15
num_cat=0
split_feature=17 10 15 8 8 8 8 3 8 15 15 16 10 17
split_gain=1.30845 2.57893 1.59691 1.10505 1.69522 1.24969 1.68496 2.72915 1.87632 1.27369 1.13354 2.25467 1.45665 2.08569
threshold=1042.5000000000002 1.0000000180025095e-35 1107.5000000000002 2.4883333333333337 2.2116666666666673 2.0350000000000006 1.8016666666666667 1.4500000000000002 1.7416666666666669 1015.0000000000001 1042.5000000000002 1132.5000000000002 2.1666666666666674 1142.5000000000002
decision_type=2 10 2 10 10 10 10 2 10 2 2 2 10 2
left_child=2 -2 -1 4 5 6 8 -8 9 -3 11 -11 13 -12
right_child=1 3 -4 -5 -6 -7 7 -9 -10 10 12 -13 -14 -15
leaf_value=0.00094083120425497366 0.0035953788801538129 -0.0022210825487079763 -0.0035870050514210223 0.0017474834759700769 -0.0020890810924435801 0.0021281773761004865 0.00053177316254942686 -0.0038419331659445724 0.003185283975916968 0.0035300226994506253 -0.00041810885250064428 -0.00039929855115735074 -0.0010248784234008637 0.00083176015136028213
leaf_weight=113.58851170539856 194.47448587417603 206.06838583946228 180.67965614795685 353.15334677696228 323.38651406764984 269.46686577796936 262.45259046554565 249.99415993690491 180.65824663639069 253.77556276321411 2214.8919676542282 271.09454131126404 949.42175471782684 2624.3454972505569
leaf_count=54 73 44 113 88 90 77 81 69 55 71 979 60 285 804
internal_value=0.000120723 0.000190078 -0.00184198 0.000108477 3.41081e-05 0.000126141 5.10604e-05 -0.00160524 0.000177958 9.4149e-05 0.000170056 0.00150363 4.88987e-05 0.000259734
internal_weight=8647.45 8353.18 294.268 8158.71 7805.56 7482.17 7212.7 512.447 6700.26 6519.6 6313.53 524.87 5788.66 4839.24
internal_count=2943 2776 167 2703 2615 2525 2448 150 2298 2243 2199 131 2068 1783
is_linear=0
shrinkage=0.03


Tree=241
num_leaves=15
num_cat=0
split_feature=7 17 6 1 14 18 14 14 14 15 7 15 14 14
split_gain=2.09151 1.74018 2.14766 2.40413 1.60669 2.16283 3.17325 2.68986 2.17982 2.99011 2.40085 2.01274 1.7828 1.62719
threshold=0.45000000000000007 1337.5000000000002 0.83333333333333337 1.103 1042.5000000000002 1.0000000180025095e-35 1261.2500000000002 1191.2500000000002 1267.5000000000002 1172.5000000000002 2.5500000000000003 1148.7500000000002 1292.5000000000002 1087.5000000000002
decision_type=2 2 2 8 2 2 2 2 2 2 2 2 2 2
left_child=-1 2 3 -2 -4 8 7 13 9 11 -10 -6 -8 -7
right_child=1 -3 4 -5 5 6 12 -9 10 -11 -12 -13 -14 -15
leaf_value=0.001630689150783957 0.0017631166660734365 0.00109595246922459 0.0022296687379036425 -0.0018593360723752304 0.00075613863078660443 -0.0022988324943175134 0.0029671979794729528 -0.0034072424878491192 -0.00018827207001878774 0.0036249977529976712 -0.0048594388987362432 -0.0020433155373579298 -0.00050581566186895857 -0.0001333330668161256
leaf_weight=655.14319205284119 190.76278245449066 919.05420279502869 267.86414957046509 1182.8191050291061 1814.8583387136459 435.9407901763916 270.19862544536591 441.53763604164124 416.07647264003754 294.58000910282135 128.9942147731781 263.88509666919708 260.60121393203735 1095.2239083051682
leaf_count=194 68 200 66 405 568 147 122 183 191 115 65 97 142 390
internal_value=2.51676e-06 -0.000131301 -0.000291118 -0.00135533 -3.401e-05 -0.000146236 -0.000793001 -0.00134694 0.000408664 0.000801607 -0.00130061 0.000399952 0.00126434 -0.000750974
internal_weight=8637.54 7982.4 7063.34 1373.58 5689.76 5421.9 2503.5 1972.7 2918.39 2373.32 545.071 2078.74 530.8 1531.16
internal_count=2953 2759 2559 473 2086 2020 984 720 1036 780 256 665 264 537
is_linear=0
shrinkage=0.03


Tree=242
num_leaves=15
num_cat=0
split_feature=15 3 8 1 1 6 14 14 14 2 2 15 3 0
split_gain=2.20806 2.7104 1.78342 2.45934 1.44065 1.33814 2.71977 1.87182 1.93833 1.54388 1.64799 1.42064 2.32094 1.84118
threshold=1120.0000000000002 1.6333333333333335 1.5983333333333334 2.1410000000000005 1.7710000000000001 1.4166666666666667 1025.0000000000002 1042.5000000000002 1087.5000000000002 2.1666666666666674 1.8333333333333337 1073.7500000000002 1.9000000000000001 2.3566666666666669
decision_type=2 2 10 8 10 2 2 2 2 2 2 2 2 8
left_child=5 4 3 -3 -2 6 -1 -8 9 10 -9 13 -13 -7
right_child=1 2 -4 -5 -6 11 7 8 -10 -11 -12 12 -14 -15
leaf_value=-0.001422045439459741 -0.00023845013141709172 -0.0052293000981457069 0.00010565166923343624 -0.0012612034122466888 0.0027195276274308766 4.6999026513332499e-05 0.0037107092717442078 8.541833058067987e-05 0.0015921363890708314 0.0017634014748055204 -0.0029447364365300321 0.001530133385424382 -0.0018488568707072674 -0.0035340465355007014
leaf_weight=434.22627031803131 3028.8497403860092 242.56997132301331 247.93988633155823 334.49268245697021 154.80882334709167 289.06528866291046 230.34326672554016 610.68733632564545 1535.4078468084335 309.60019326210022 218.60482966899872 566.02410078048706 269.13395547866821 232.63352870941162
leaf_count=108 1261 100 74 133 49 77 55 177 456 86 64 168 84 63
internal_value=2.59459e-05 -0.00049113 -0.00202242 -0.00293537 -9.38065e-05 0.000467376 0.000790148 0.00112123 0.000896892 -4.0983e-05 -0.000715928 -0.000326879 0.000440328 -0.00155355
internal_weight=8704.39 4008.66 825.003 577.063 3183.66 4695.73 3338.87 2904.64 2674.3 1138.89 829.292 1356.86 835.158 521.699
internal_count=2955 1617 307 233 1310 1338 946 838 783 327 241 392 252 140
is_linear=0
shrinkage=0.03


Tree=243
num_leaves=15
num_cat=0
split_feature=15 9 13 1 9 16 13 4 1 10 13 11 14 16
split_gain=1.33212 2.19086 2.64798 2.15716 1.48608 1.31179 2.17852 1.34804 3.51255 1.29324 1.2648 1.79912 3.21814 1.22295
threshold=1255.0000000000002 1.4700000000000002 1.2916666666666667 0.51476000000000011 2.5580000000000003 1052.5000000000002 2.5500000000000003 0.41666666666666669 1.0806400000000003 0.41666666666666669 1.6333333333333335 1.1000000000000003 1108.7500000000002 1088.7500000000002
decision_type=2 10 10 10 10 2 10 2 10 10 8 8 2 2
left_child=4 2 -2 -4 5 9 7 10 -9 -1 -7 12 -12 -13
right_child=1 -3 3 -5 -6 6 -8 8 -10 -11 11 13 -14 -15
leaf_value=-0.0038872642316489176 -0.002371351869440123 -0.0035673353204505771 -0.00030892234702658064 0.0046526361998583598 0.0027893794839946506 0.00017364119035625448 0.0027363007352289711 0.0021812310758990089 -0.0016753099427989594 -0.00044842609082552649 -0.0015501517362476928 -0.0038355311872334753 0.0032588326375787577 -0.001097902654627629
leaf_weight=133.86446762084961 261.24199295043945 230.6721715927124 197.435098528862 130.19549572467804 189.81298637390137 4494.6537152528763 294.16496014595032 753.43854057788849 295.08408629894257 365.45088267326355 283.31720423698425 184.76137745380402 222.88245451450348 708.79285430908203
leaf_count=74 134 102 112 72 41 1345 100 251 95 175 97 75 90 211
internal_value=5.48088e-05 -0.00109588 -0.000123356 0.00167088 0.000173909 0.000109386 0.000212065 0.000104737 0.00109533 -0.00137629 -7.16296e-05 -0.000858764 0.000569521 -0.00166762
internal_weight=8745.77 819.545 588.873 327.631 7926.22 7736.41 7237.1 6942.93 1048.52 499.315 5894.41 1399.75 506.2 893.554
internal_count=2974 420 318 184 2554 2513 2264 2164 346 249 1818 473 187 286
is_linear=0
shrinkage=0.03


Tree=244
num_leaves=15
num_cat=0
split_feature=18 17 14 6 14 7 17 11 7 14 0 14 6 11
split_gain=1.41713 1.23174 1.79295 2.51061 2.79805 3.24152 2.51187 2.10002 1.3983 1.17302 1.09018 1.787 1.84949 1.21603
threshold=1.0000000180025095e-35 1253.7500000000002 1102.5000000000002 1.8333333333333337 1207.5000000000002 1.1000000000000003 1108.7500000000002 1.4500000000000002 1.9000000000000001 1127.5000000000002 0.95955000000000013 1261.2500000000002 1.1666666666666667 0.77500000000000013
decision_type=2 2 2 2 2 2 2 8 2 2 8 2 2 10
left_child=1 2 7 4 5 9 -7 -1 -5 -4 11 12 -2 -12
right_child=10 -3 3 8 -6 6 -8 -9 -10 -11 13 -13 -14 -15
leaf_value=3.2950534619745942e-05 -0.00068525020685662893 0.0011055066826092218 0.0019246139395356801 -0.0033436890517962304 -0.00075278257838210926 0.0015095205206386343 0.0059146075576859873 -0.0026127627245966342 -9.3868007728379016e-05 -0.0015443917724943196 0.0014512293324288569 0.0012284150367076873 -0.0045992994233226125 -0.00037489947349100974
leaf_weight=803.72119534015656 228.01961815357208 1447.1536118984222 178.22164607048035 150.88829004764557 356.36849844455719 204.69764041900635 272.15260648727417 405.59180641174316 553.24674212932587 170.8616646528244 365.07590758800507 150.61239433288574 207.2776734828949 3170.9325976371765
leaf_count=267 83 334 62 58 152 88 81 115 236 61 162 79 84 1075
internal_value=1.79214e-05 0.000383332 4.54929e-05 0.000623434 0.00146758 0.00242535 0.00403075 -0.000855822 -0.000794023 0.000227119 -0.000384805 -0.00158223 -0.00255529 -0.000186003
internal_weight=8664.82 4542.9 3095.75 1886.44 1182.3 825.934 476.85 1209.31 704.135 349.083 4121.92 585.91 435.297 3536.01
internal_count=2937 1454 1120 738 444 292 169 382 294 123 1483 246 167 1237
is_linear=0
shrinkage=0.03


Tree=245
num_leaves=15
num_cat=0
split_feature=0 17 8 0 11 0 7 6 13 11 11 7 0 14
split_gain=1.88049 1.86542 2.32993 2.20412 1.69617 1.40122 1.51716 2.5627 2.30578 1.3662 1.47632 1.23729 1.53002 1.11727
threshold=1.9283333333333339 1071.2500000000002 0.88833333333333353 0.78545000000000009 0.90000000000000013 1.8316666666666668 2.1000000000000005 1.8333333333333337 1.2250000000000003 3.1000000000000005 2.4500000000000006 1.4500000000000002 1.1533000000000004 1188.7500000000002
decision_type=8 2 10 10 10 10 2 2 8 8 10 2 10 2
left_child=1 4 13 -4 -1 6 7 11 -8 10 -2 12 -5 -3
right_child=9 2 3 5 -6 -7 8 -9 -10 -11 -12 -13 -14 -15
leaf_value=-0.00051493730234240809 0.00068641430623855794 0.0021085610700195918 -0.0031242470220762776 -0.0021505559776338564 -0.0043240745687286863 -0.0025080703280609064 0.0040099543039356861 -0.0025551491683447019 -0.0003830789339143435 0.0031154465868540385 -0.0012212352340161339 0.0016911051755849878 0.00031251116510971346 -0.0002096651744122047
leaf_weight=248.25202190876007 3936.6926521062851 562.61459696292877 252.53082740306854 296.70899891853333 181.99525940418243 215.70769619941711 196.53509879112244 379.38742578029633 235.65315723419189 188.02439880371094 401.5129566192627 374.25007772445679 954.61015152931213 279.83655631542206
leaf_count=131 1361 170 104 96 92 60 62 124 87 44 105 117 278 119
internal_value=0.000194938 -0.000263987 -4.89718e-05 -0.000451806 -0.0021325 -0.000196329 9.22406e-06 -0.000338472 0.00161927 0.000618529 0.000509615 0.000180125 -0.000272775 0.00133918
internal_weight=8704.31 4178.08 3747.83 2905.38 430.247 2652.85 2437.14 2004.96 432.188 4526.23 4338.21 1625.57 1251.32 842.451
internal_count=2950 1440 1217 928 223 824 764 615 149 1510 1466 491 374 289
is_linear=0
shrinkage=0.03


Tree=246
num_leaves=15
num_cat=0
split_feature=18 7 16 16 17 14 0 13 14 17 16 12 16 14
split_gain=1.38518 1.98166 2.11689 3.46812 2.11561 1.92137 1.75422 1.54347 1.54126 2.01679 1.52776 1.48584 2.37134 3.48484
threshold=1.0000000180025095e-35 1.1000000000000003 1112.5000000000002 1232.5000000000002 1066.2500000000002 1172.5000000000002 1.7283333333333337 2.1000000000000005 1106.2500000000002 1183.7500000000002 1078.7500000000002 1.1666666666666667 1152.5000000000002 1253.7500000000002
decision_type=2 2 2 2 2 2 8 10 2 2 2 10 2 2
left_child=1 2 -1 -4 5 -3 11 -6 9 10 -8 -2 13 -13
right_child=6 4 3 -5 7 -7 8 -9 -10 -11 -12 12 -14 -15
leaf_value=0.0012836675745792089 -0.0020605480792758465 0.0010220071613179225 -0.002158136017186188 0.0012583218598932154 0.0015219292447625813 -0.0044620480616861169 0.002036057444306552 -0.0006434117215645699 -0.00049316055255911552 0.0021172718312417048 -0.0012510460428549349 -0.00054486385981693036 -0.0028842366919258019 0.0045780617033604155
leaf_weight=537.58077108860016 689.5733380317688 113.00420880317688 777.28466057777405 406.58517503738403 2327.6290485858917 115.41955614089966 180.58540189266205 338.89388728141785 1245.4871408939362 673.40561699867249 424.37588429450989 476.60350561141968 217.4988842010498 158.42483174800873
leaf_count=195 239 53 231 84 733 73 78 119 489 159 148 194 73 84
internal_value=0.000174374 0.000529941 -0.000276009 -0.000984725 0.00100912 -0.00175639 -0.000229361 0.00124659 0.000257732 0.000989125 -0.000268081 -0.0010262 -0.000188131 0.000738376
internal_weight=8682.35 4616.4 1721.45 1183.87 2894.95 228.424 4065.95 2666.52 2523.85 1278.37 604.961 1542.1 852.527 635.028
internal_count=2952 1488 510 315 978 126 1464 852 874 385 226 590 351 278
is_linear=0
shrinkage=0.03


Tree=247
num_leaves=15
num_cat=0
split_feature=17 18 15 14 2 0 10 10 6 0 14 15 1 0
split_gain=1.4008 2.33745 2.0519 2.13567 1.79132 2.22653 2.3304 2.10841 2.77004 1.62259 1.833 1.83012 1.54871 1.21865
threshold=1253.7500000000002 1.0000000180025095e-35 1137.5000000000002 1357.5000000000002 1.5833333333333337 1.4800000000000002 2.1666666666666674 1.8333333333333337 2.5833333333333335 2.3783333333333339 1191.2500000000002 1127.5000000000002 1.0866800000000001 2.058333333333334
decision_type=2 2 2 2 2 10 10 8 2 8 2 2 10 8
left_child=2 9 -1 4 5 6 7 8 12 10 -2 -11 -4 -3
right_child=1 13 3 -5 -6 -7 -8 -9 -10 11 -12 -13 -14 -15
leaf_value=0.00017488368087676258 0.0012745573720057007 -0.0013643417458673152 0.00035684151319266674 0.0026074556336190993 -0.0026333035005447689 0.0026197735838117565 -0.0046957266041997318 0.0029389106412279244 -0.0043337586688648594 0.0016828141003353109 0.0042990503485924279 -0.0016133062040337989 -0.0029724860590183907 0.00052929415620498507
leaf_weight=3952.8977402448654 524.89885497093201 576.46043431758881 627.33655452728271 138.66840898990631 579.94822871685028 164.25903952121735 141.61139476299286 131.02711093425751 190.68267703056335 352.72530436515808 274.82462120056152 264.34405636787415 156.223149061203 649.4824652671814
leaf_count=1335 108 158 314 78 257 64 60 54 101 70 72 77 69 169
internal_value=2.09693e-05 0.000597521 -0.000229583 -0.000980015 -0.00123105 -0.000653293 -0.00108623 -0.000619937 -0.00110109 0.00142704 0.00231799 0.000270476 -0.00030989 -0.000361514
internal_weight=8725.39 2642.74 6082.65 2129.76 1991.09 1411.14 1246.88 1105.27 974.242 1416.79 799.723 617.069 783.56 1225.94
internal_count=2986 654 2332 997 919 662 598 538 484 327 180 147 383 327
is_linear=0
shrinkage=0.03


Tree=248
num_leaves=15
num_cat=0
split_feature=17 15 17 16 13 3 0 14 12 13 0 15 15 17
split_gain=1.83108 1.86114 1.71716 1.5626 1.32634 1.26985 1.53673 2.05147 1.45187 2.26523 3.19533 1.38506 1.0877 1.04588
threshold=1347.5000000000002 1137.5000000000002 1068.7500000000002 1172.5000000000002 1.9000000000000001 1.2250000000000003 1.49 1261.2500000000002 1.8333333333333337 1.2916666666666667 0.7316666666666668 1187.5000000000002 1187.5000000000002 1127.5000000000002
decision_type=2 2 2 2 10 2 8 2 10 10 10 2 2 2
left_child=1 13 4 5 -3 8 -7 -8 9 10 11 -4 -11 -1
right_child=-2 2 3 -5 -6 6 7 -9 -10 12 -12 -13 -14 -15
leaf_value=-0.00038381613691681305 0.0016228273769634688 -0.001291422922057191 -0.0012767358079499402 -0.0017717387074932421 -0.0055450113603628722 -0.0008532011295164356 0.00042594238177802332 0.0047358071274838619 -0.0025365581473191846 0.00019357636329884063 0.0011816557298102595 -0.0054310062451290025 0.0038501415225829097 0.00047207283445323581
leaf_weight=2091.8369473218918 537.41945958137512 158.84681630134583 143.25688719749451 699.51983392238617 112.86176288127899 273.48015642166138 268.1876631975174 157.14392340183258 293.87074589729309 145.10547745227814 261.13329529762268 146.35010468959808 147.01268756389618 3327.9604952335358
leaf_count=813 113 101 60 234 74 111 103 65 138 61 103 77 75 851
internal_value=-7.21054e-05 -0.000183015 -0.0008099 -0.000566318 -0.00307212 -0.000106221 0.0008994 0.00202565 -0.000724681 -9.06948e-05 -0.00122283 -0.00338752 0.00204065 0.000141722
internal_weight=8763.99 8226.57 2806.77 2535.06 271.709 1835.54 698.812 425.332 1136.73 842.858 550.74 289.607 292.118 5419.8
internal_count=2979 2866 1202 1027 175 793 279 168 514 376 240 137 136 1664
is_linear=0
shrinkage=0.03


Tree=249
num_leaves=15
num_cat=0
split_feature=17 12 16 17 8 12 3 15 1 1 10 14 17 3
split_gain=2.15073 2.51151 1.42142 2.17809 1.79259 1.24711 2.25795 2.62966 1.9461 1.92166 1.82823 1.51909 1.75507 2.66651
threshold=1082.5000000000002 1.4166666666666667 1098.7500000000002 1037.5000000000002 0.70833333333333337 1.8333333333333337 1.6333333333333335 1066.2500000000002 1.3310000000000002 0.28404000000000001 1.4166666666666667 1025.0000000000002 1102.5000000000002 1.5500000000000003
decision_type=2 10 2 2 10 8 2 2 10 8 8 2 2 2
left_child=1 -1 3 -3 -5 9 8 -8 10 -2 -7 -11 13 -13
right_child=5 2 -4 4 -6 6 7 -9 -10 11 -12 12 -14 -15
leaf_value=-0.0026473556830797777 0.0025961219584117721 -0.0021642875190134143 -0.002238661130578517 0.0036354439848490473 -6.4438664538145861e-05 0.00096516787276799184 0.00037872729894542872 -0.0035470977398035521 0.0022955751787064947 -0.0016602841521166148 -0.0020660579623603646 0.00026701356102270792 0.00029762439553649166 0.0052801452546674251
leaf_weight=529.18691349029541 359.98163020610809 176.872398853302 196.8764317035675 228.04531681537628 242.70445585250854 374.40188145637512 267.05582642555237 359.76926183700562 331.394167304039 321.94392561912537 341.50844752788544 225.5080349445343 4548.7902380228043 164.77195751667023
leaf_count=264 108 102 87 116 110 153 69 119 109 71 120 104 1356 61
internal_value=5.95027e-05 -0.00102901 -1.29721e-05 0.000666043 0.0017318 0.000264584 -0.000453962 -0.00187658 0.000398471 0.000478635 -0.000481673 0.000333281 0.000463538 0.00239159
internal_weight=8668.81 1373.69 844.499 647.622 470.75 7295.13 1674.13 626.825 1047.3 5621 715.91 5261.01 4939.07 390.28
internal_count=2949 679 415 328 226 2270 570 188 382 1700 273 1592 1521 165
is_linear=0
shrinkage=0.03


Tree=250
num_leaves=15
num_cat=0
split_feature=15 17 12 11 3 7 17 15 17 16 2 1 11 11
split_gain=1.74033 0.977579 2.52099 1.72666 1.78588 1.46107 2.15451 2.57855 2.23062 1.96541 1.94729 1.95769 2.36624 1.74207
threshold=1345.0000000000002 1188.7500000000002 0.58333333333333337 0.90000000000000013 2.6333333333333337 1.2250000000000003 1310.0000000000002 1148.7500000000002 1212.5000000000002 1277.5000000000002 0.83333333333333337 3.3430000000000004 1.7750000000000001 1.9000000000000001
decision_type=2 2 8 8 2 2 2 2 2 2 2 8 10 8
left_child=1 2 -1 -3 5 6 7 8 -5 10 -7 12 -12 -10
right_child=-2 3 -4 4 -6 9 -8 -9 13 -11 11 -13 -14 -15
leaf_value=-0.0029376031844747818 -0.002523322455526954 0.0029979672075339898 6.1542965293488278e-05 0.0011687264003891254 0.0029284857528083636 0.0035206145170499658 0.001230045406099208 -0.0039131288796280875 -6.2343419215875185e-05 -0.00057466614780018284 -0.0019649985319666018 0.0028337366088761035 0.0013658960880438479 -0.003147969180539873
leaf_weight=268.6412581205368 215.97480309009552 236.20439839363098 3908.652943611145 461.14151906967163 230.39723825454712 304.39931154251099 530.07066202163696 229.77187490463257 341.75858473777771 668.20122647285461 320.27416062355042 309.46222567558289 475.82964253425598 316.87471747398376
leaf_count=115 115 66 1600 124 49 100 113 80 85 155 91 89 132 77
internal_value=0.000130232 0.000197144 -0.000131989 0.000507855 0.000366736 0.000216905 -0.00038908 -0.00102547 -0.000429981 0.000764917 0.00139972 0.000813114 2.50864e-05 -0.00154939
internal_weight=8817.65 8601.68 4177.29 4424.39 4188.18 3957.78 1879.62 1349.55 1119.77 2078.17 1409.97 1105.57 796.104 658.633
internal_count=2991 2876 1715 1161 1095 1046 479 366 286 567 412 312 223 162
is_linear=0
shrinkage=0.03


Tree=251
num_leaves=15
num_cat=0
split_feature=15 8 13 1 18 17 8 16 17 13 15 17 16 13
split_gain=1.06813 2.11339 2.65 2.92811 1.99123 1.82185 0.925993 1.13912 2.46866 1.65905 1.60881 1.93739 1.42082 1.31817
threshold=1232.5000000000002 1.6316666666666666 1.2916666666666667 0.85400000000000009 1.0000000180025095e-35 1167.5000000000002 2.7066666666666666 1137.5000000000002 1197.5000000000002 0.63333333333333341 1036.2500000000002 1052.5000000000002 1060.0000000000002 1.4500000000000002
decision_type=2 10 10 10 2 2 10 2 2 8 2 2 2 8
left_child=6 2 5 4 -4 -2 7 10 -9 -10 -1 -12 -13 -14
right_child=1 -3 3 -5 -6 -7 -8 8 9 -11 11 12 13 -15
leaf_value=0.0027726463707858197 -0.0050823493157471878 -0.0037426107246742737 -0.0027169762200803154 0.0051572808726142181 0.0023698473934544318 -0.00032198794060831143 0.0021097720103173132 -0.0016107557814142315 0.0013071521900059331 -0.00029422822390988402 -0.0017012042367303996 0.0029367154993602839 -0.00033048789854908206 0.00093997876620866483
leaf_weight=246.0201940536499 125.83351421356201 193.97154796123505 147.99923801422119 125.39829468727112 128.42867612838745 168.79763913154602 202.72964644432068 968.75150752067566 792.28149247169495 2187.8771684169769 397.96604919433594 203.37599265575409 1371.6093095541 1581.6258912086487
leaf_count=64 79 84 80 62 75 72 46 328 186 545 214 92 503 574
internal_value=2.92392e-06 -0.000981814 -0.000208636 0.00137471 -0.00035361 -0.0023654 0.000113297 6.08028e-05 -0.000295987 0.000131798 0.000431496 0.000268726 0.000517543 0.000350007
internal_weight=8842.67 890.429 696.457 401.826 276.428 294.631 7952.24 7749.51 3948.91 2980.16 3800.6 3554.58 3156.61 2953.24
internal_count=3004 452 368 217 155 151 2552 2506 1059 731 1447 1383 1169 1077
is_linear=0
shrinkage=0.03


Tree=252
num_leaves=15
num_cat=0
split_feature=8 8 17 9 8 8 7 10 11 8 9 18 11 11
split_gain=2.50599 1.76559 1.58491 1.24358 2.86009 3.25958 2.75485 2.08765 4.69368 1.73383 1.53429 1.52713 1.64678 1.34743
threshold=2.4716666666666676 2.2116666666666673 1142.5000000000002 1.20645 0.92499999999999993 1.2176000000000005 1.5500000000000003 1.8333333333333337 1.2250000000000003 1.4466500000000002 0.68831000000000009 1.0000000180025095e-35 1.1000000000000003 1.2916666666666667
decision_type=8 10 2 10 10 10 2 10 10 10 10 2 10 10
left_child=1 2 3 4 6 -6 10 8 9 -5 13 12 -8 -1
right_child=-2 -3 -4 7 5 -7 11 -9 -10 -11 -12 -13 -14 -15
leaf_value=0.0004961108935752339 0.0021445584831896705 -0.0023869528329433852 0.00025095661469950136 0.0035617248622987043 -0.005172004986656091 0.00056072105042492067 -0.0021951069785818289 0.0032669440423074196 -0.0038607720140355129 -0.00061623680364627132 0.0027379656911811871 -0.0035272810068407456 0.0018676430376821254 -0.0017955793053738575
leaf_weight=865.25850164890289 436.43962490558624 314.32425177097321 4748.9635553359985 198.08126258850098 265.81230914592743 133.87254297733307 248.15642476081848 179.8415858745575 220.52257931232452 161.7928774356842 197.17372071743011 322.2020822763443 139.46341550350189 313.83009660243988
leaf_count=385 108 86 1357 76 118 54 127 66 90 63 78 177 65 130
internal_value=-6.86086e-05 -0.000185098 -9.82435e-05 -0.000609049 -0.000933698 -0.00325525 -0.000487553 0.000452296 -0.000423969 0.00168689 0.000295551 -0.00200418 -0.000732308 -0.000114858
internal_weight=8745.73 8309.3 7994.97 3246.01 2485.77 399.685 2086.08 760.238 580.397 359.874 1376.26 709.822 387.62 1179.09
internal_count=2980 2872 2786 1429 1134 172 962 295 229 139 593 369 192 515
is_linear=0
shrinkage=0.03


Tree=253
num_leaves=15
num_cat=0
split_feature=17 10 7 14 14 17 7 7 17 6 12 13 14 14
split_gain=1.98153 1.6205 1.42122 1.35885 2.36735 1.80783 3.58393 3.01471 3.00159 2.20215 3.69245 3.95384 2.80623 2.15892
threshold=1037.5000000000002 1.0000000180025095e-35 1.3666666666666669 1010.0000000000001 1042.5000000000002 1320.0000000000002 1.2916666666666667 1.4500000000000002 1212.5000000000002 1.8333333333333337 1.4166666666666667 1.6333333333333335 1172.5000000000002 1102.5000000000002
decision_type=2 10 2 2 2 2 2 2 2 2 10 10 2 2
left_child=2 -2 -1 -3 -5 7 -7 8 -6 10 12 -12 -9 -10
right_child=1 3 -4 4 5 6 -8 9 13 -11 11 -13 -14 -15
leaf_value=-0.00061563909149155356 0.0029915472432764509 -0.0015871801695457718 -0.0051154604554552322 0.0026665600275175426 -0.00011857006667761433 0.0031739800072940086 -0.00031323486391143622 0.0024202115636980299 -0.00048301769276462439 -2.9092703501563204e-06 0.0075446653964134202 0.0016634621235949545 -0.0015123797409770348 -0.0033631959046241154
leaf_weight=157.58494830131531 184.30257868766785 383.27888488769531 104.79504382610321 344.8697544336319 2681.5175536870956 484.5644838809967 584.21035218238831 301.28472578525543 422.52353715896606 1673.755554318428 162.7492561340332 278.86785876750946 354.23599648475647 525.67819261550903
leaf_count=85 71 85 68 85 986 102 138 97 103 670 55 106 142 161
internal_value=0.000136751 0.000217237 -0.00242547 0.000154506 0.000240125 0.000127752 0.0012693 -6.30319e-05 -0.000631819 0.000682007 0.00172594 0.00384301 0.000296017 -0.00208163
internal_weight=8644.22 8381.84 262.38 8197.54 7814.26 7469.39 1068.77 6400.61 3629.72 2770.89 1097.14 441.617 655.521 948.202
internal_count=2954 2801 153 2730 2645 2560 240 2320 1250 1070 400 161 239 264
is_linear=0
shrinkage=0.03


Tree=254
num_leaves=15
num_cat=0
split_feature=7 12 17 14 9 9 12 14 1 9 6 17 13 1
split_gain=1.11797 1.39197 0.722344 1.94082 1.34598 1.6503 1.66157 1.51511 2.32564 3.36966 1.62644 1.80448 1.5626 1.6539
threshold=0.22500000000000003 1.0000000180025095e-35 1327.5000000000002 1117.5000000000002 2.2120000000000002 2.0310000000000006 0.58333333333333337 1102.5000000000002 2.1550000000000007 1.8040000000000005 2.8333333333333335 1152.5000000000002 0.70833333333333337 1.0000000180025095e-35
decision_type=2 10 2 2 10 10 10 2 10 10 2 2 10 8
left_child=-1 -2 4 -4 5 6 -3 -8 9 10 12 -12 -9 -14
right_child=1 2 3 -5 -6 -7 7 8 -10 -11 11 -13 13 -15
leaf_value=0.0019769855435208651 -0.00197022534758867 -0.0016336436448525229 0.0021688223074855929 -0.00048919775811121554 -0.0019554093969132379 0.0028119522619262463 -0.00042703404022694462 0.0034443969800787176 0.0038442203506323458 -0.002946037946619573 -0.0041449219437722732 0.00065187803684588186 0.0032254803057953645 0.00045467377749272905
leaf_weight=284.33496272563934 290.23542702198029 493.19024014472961 516.67843174934387 472.67617630958557 292.22003567218781 198.03979754447937 2319.917688369751 192.81234705448151 182.27488839626312 253.77071344852448 128.72608816623688 154.30450069904327 208.3963086605072 2626.2984467744827
leaf_count=77 87 169 100 113 84 58 732 71 56 84 73 57 84 1070
internal_value=0.000130504 6.72429e-05 0.000141036 0.000899709 3.44546e-05 0.000120778 3.91136e-05 0.000175351 0.000548368 0.00037879 0.000634469 -0.00153668 0.000837883 0.000659439
internal_weight=8613.88 8329.54 8039.31 989.355 7049.95 6757.73 6559.69 6066.5 3746.58 3564.31 3310.54 283.031 3027.51 2834.69
internal_count=2915 2838 2751 213 2538 2454 2396 2227 1495 1439 1355 130 1225 1154
is_linear=0
shrinkage=0.03


Tree=255
num_leaves=15
num_cat=0
split_feature=0 4 17 13 8 10 1 10 17 8 6 9 15 10
split_gain=1.64938 0.995866 0.985254 1.88301 1.11851 2.25512 2.17671 1.6716 1.74976 1.59146 1.41488 1.51063 1.41086 1.19895
threshold=2.7033333333333345 0.83333333333333337 1071.2500000000002 1.1000000000000003 1.9683333333333337 2.1666666666666674 1.8000000000000005 2.5833333333333335 1337.5000000000002 1.8338000000000003 0.83333333333333337 1.3443800000000004 1127.5000000000002 1.8333333333333337
decision_type=10 2 2 10 8 10 10 10 2 10 2 10 2 10
left_child=1 2 3 -1 6 -6 7 9 -9 13 -8 -12 -7 -4
right_child=-2 -3 4 -5 5 12 10 8 -10 -11 11 -13 -14 -15
leaf_value=-0.0040790197947316656 -0.00270246559737755 -0.0022289549099962099 -0.00012065243614235882 -0.00034146518606709798 -0.0026536813349958147 0.0013382965445002239 -5.1801121657201668e-05 -0.0025936437712990781 0.00070979522912900802 0.0028609152929535888 0.00064612404266284904 0.0038022493890324692 -0.0015173199151361841 0.0010666886576930642
leaf_weight=141.80093705654144 214.24210119247437 182.51647305488586 3646.2381370067596 807.93250811100006 372.64776277542114 411.96853637695312 282.91258859634399 400.08351290225983 224.84849953651428 199.18034648895264 227.70368206501007 341.51139855384827 248.98787546157837 967.72071647644043
leaf_count=76 59 78 1301 422 112 92 70 124 47 61 67 90 78 294
internal_value=-0.000109122 -4.31059e-05 5.37806e-06 -0.000903208 0.000123309 -0.000790814 0.000273619 5.25848e-05 -0.00140584 0.000242198 0.00168249 0.00254305 0.000261895 0.000128555
internal_weight=8670.3 8456.05 8273.54 949.733 7323.8 1033.6 6290.2 5438.07 624.932 4813.14 852.128 569.215 660.956 4613.96
internal_count=2971 2912 2834 498 2336 282 2054 1827 171 1656 227 157 170 1595
is_linear=0
shrinkage=0.03


Tree=256
num_leaves=15
num_cat=0
split_feature=17 10 8 16 16 12 1 16 2 1 12 14 7 0
split_gain=2.16129 3.33779 2.68966 3.08488 2.6175 1.99872 2.28779 1.88143 2.60596 2.32241 2.2441 1.85332 1.71379 1.81486
threshold=1117.5000000000002 1.8333333333333337 1.4016666666666671 1112.5000000000002 1093.7500000000002 1.1666666666666667 1.4645700000000004 1142.5000000000002 1.5833333333333337 1.3850000000000002 0.83333333333333337 1167.5000000000002 0.45000000000000007 2.4550000000000005
decision_type=2 8 8 2 2 10 8 2 2 10 8 2 2 8
left_child=1 5 12 -4 -3 6 -1 8 -5 10 -9 -8 -2 -14
right_child=2 4 3 7 -6 -7 11 9 -10 -11 -12 -13 13 -15
leaf_value=-0.0053196248133740975 0.0026879659811761538 -0.001083424562977118 -0.0037423358208878723 0.0035851811642216313 0.0041309509868404553 -0.00066712896561761117 -0.00022549190022344901 0.00024077383830470021 -0.00075334682291270728 0.00022547781772050925 -0.0034414275122764634 -0.0042599413080651851 0.0013430006365394039 -9.5072142979094669e-05
leaf_weight=194.75176548957825 358.09633159637451 149.92494976520538 247.75320708751678 246.52268886566162 203.16194081306458 1775.1162011623383 333.30173623561859 233.82754254341125 250.33230984210968 960.10970497131348 408.81525957584381 147.04983496665955 1352.0874511003494 1896.9849528074265
leaf_count=100 89 69 85 79 78 810 129 69 68 224 122 80 413 559
internal_value=-0.000116497 -0.000803202 0.000206874 -0.000583362 0.00192006 -0.00119626 -0.0025845 -0.000209 0.00140216 -0.000709025 -0.00210335 -0.00146684 0.000721139 0.000503605
internal_weight=8757.84 2803.31 5954.53 2347.36 353.087 2450.22 675.103 2099.61 496.855 1602.75 642.643 480.352 3607.17 3249.07
internal_count=2974 1266 1708 647 147 1119 309 562 147 415 191 209 1061 972
is_linear=0
shrinkage=0.03


Tree=257
num_leaves=15
num_cat=0
split_feature=17 14 0 9 7 7 7 8 8 8 14 17 15 0
split_gain=2.32382 2.72587 1.49969 1.28717 2.0409 1.80223 1.59629 1.38985 1.66489 1.8743 2.91504 1.47275 1.38329 1.38142
threshold=1117.5000000000002 1310.0000000000002 1.2950000000000006 1.0630000000000002 0.63333333333333341 0.90000000000000013 2.1000000000000005 2.4716666666666676 1.8016666666666667 1.7016666666666671 1253.7500000000002 1261.2500000000002 1127.5000000000002 0.43898333333333339
decision_type=2 2 8 8 2 2 2 10 8 10 2 2 2 8
left_child=1 -1 -3 4 -2 -6 13 8 9 10 12 -10 -5 -7
right_child=3 2 -4 7 5 6 -8 -9 11 -11 -12 -13 -14 -15
leaf_value=-0.0004406453294118881 0.002508834025438735 -0.0012948632405892478 -0.0066044011514245389 -0.0001008567266334507 -0.0016953928326084303 0.0031813604843047532 -0.0010449032091588075 0.0015555012161802973 -0.0028412046208359685 0.0028331844583585762 0.0029840034477342033 -0.00039084013333039506 -0.0023196174595545853 0.0007837653813994337
leaf_weight=2645.8233880996704 522.07778406143188 90.518443942070007 102.08468329906464 932.64705300331116 309.16861033439636 257.0296642780304 357.40763127803802 408.34011197090149 361.04124283790588 216.41319179534912 226.32339763641357 566.66092598438263 346.02797091007233 1344.8619203567505
leaf_count=1151 130 61 71 237 85 79 128 100 114 62 85 141 119 398
internal_value=1.19086e-05 -0.000692262 -0.00412863 0.00035375 0.000819504 0.000429778 0.000765814 -7.14741e-05 -0.000322752 0.000229428 -0.000146616 -0.0013465 -0.000702629 0.00117021
internal_weight=8686.43 2838.43 192.603 5848 2790.55 2268.47 1959.3 3057.45 2649.11 1721.41 1505 927.702 1278.68 1601.89
internal_count=2961 1283 132 1678 820 690 605 858 758 503 441 255 356 477
is_linear=0
shrinkage=0.03


Tree=258
num_leaves=15
num_cat=0
split_feature=0 12 0 0 0 9 16 15 10 5 16 9 16 2
split_gain=1.70472 1.15512 1.97284 1.9359 1.69758 1.54731 1.62228 1.51185 2.31239 1.35406 1.81416 1.67982 1.32681 1.20765
threshold=2.4133333333333336 1.8333333333333337 1.0950000000000004 1.3000000000000005 2.0433333333333339 1.5030000000000003 1078.7500000000002 1098.7500000000002 1.4166666666666667 0.55000000000000016 1270.0000000000002 1.3750700000000002 1127.5000000000002 2.5833333333333335
decision_type=10 10 10 10 10 10 2 2 10 2 2 10 2 2
left_child=1 9 7 -4 5 6 -5 -3 12 13 11 -11 -9 -1
right_child=-2 2 3 4 -6 -7 -8 8 -10 10 -12 -13 -14 -15
leaf_value=0.00057722331690677412 -0.0018601221419484034 0.0003415332495169101 0.0032315361254485965 -0.00218664932853403 0.0022928308207703779 -0.0030064011768471369 0.0016553101492170898 -0.0017872574396856243 -0.0041917804353355757 -0.0026901618734150542 0.001766664509380541 0.00086024861722322325 0.0016401393727240993 -0.00089080383129948911
leaf_weight=4904.716633439064 439.64623785018921 320.86284041404724 180.19478809833527 163.02425968647003 188.34402132034302 214.69788014888763 248.19531905651093 379.99028337001801 297.42738783359528 430.28747653961182 174.51958084106445 165.5775853395462 137.76765024662018 561.22140097618103
leaf_count=1584 119 109 68 75 55 64 83 203 118 202 47 58 56 160
internal_value=-4.14372e-05 5.43389e-05 -0.000548587 0.000426969 -0.00019688 -0.000948518 0.000130591 -0.00140218 -0.00208809 0.00026037 -0.00091634 -0.00170379 -0.000873875 0.000426357
internal_weight=8806.47 8366.83 2130.5 994.456 814.261 625.917 411.22 1136.05 815.185 6236.32 770.385 595.865 517.758 5465.94
internal_count=3001 2882 831 345 277 222 158 486 377 2051 307 260 259 1744
is_linear=0
shrinkage=0.03


Tree=259
num_leaves=15
num_cat=0
split_feature=4 18 7 0 11 16 8 8 15 8 14 11 8 7
split_gain=2.01839 1.39397 1.9601 1.86494 1.93437 3.51443 2.20098 2.67149 1.8359 1.96499 2.06967 1.95267 1.87861 1.649
threshold=0.83333333333333337 1.0000000180025095e-35 1.1000000000000003 0.43898333333333339 0.77500000000000013 1073.7500000000002 2.5850000000000004 1.8066666666666673 1262.5000000000002 1.5333333333333339 1106.2500000000002 1.9000000000000001 1.2941666666666669 1.3666666666666669
decision_type=2 2 2 8 10 2 10 10 2 10 2 10 10 2
left_child=1 2 -1 -3 5 -5 7 8 9 10 -6 12 -12 -4
right_child=-2 3 13 4 6 -7 -8 -9 -10 -11 11 -13 -14 -15
leaf_value=-0.00044668367170703219 -0.0030740950985195963 -0.0028184260030239775 0.00232138700795868 -0.0020411410796038212 0.00011183483682258993 0.0040549281676341246 0.0027402469738128312 -0.0026031240901295623 0.0024064443565308706 0.0016146429968106021 -0.0032031551764027796 0.0005397385938565283 0.00052174011055556614 0.00048889770157718943
leaf_weight=1683.6659338474274 195.63421511650085 268.4644992351532 548.67926120758057 133.16626346111298 1037.3428982496262 232.47318387031555 181.8400616645813 522.39920711517334 213.10638093948364 341.46780204772949 646.73695290088654 248.71323561668396 149.77841830253601 2259.7477456331253
leaf_count=502 84 109 174 71 321 93 46 164 114 106 267 77 58 767
internal_value=-6.93396e-05 4.36791e-07 0.000362508 -0.000408672 -0.000233444 0.00183522 -0.000460294 -0.000645302 -0.000256632 -0.000491649 -0.000837616 -0.00177911 -0.00250294 0.000847608
internal_weight=8663.22 8467.58 4492.09 3975.49 3707.02 365.639 3341.38 3159.54 2637.15 2424.04 2082.57 1045.23 796.515 2808.43
internal_count=2953 2869 1443 1426 1317 164 1153 1107 943 829 723 402 325 941
is_linear=0
shrinkage=0.03


Tree=260
num_leaves=15
num_cat=0
split_feature=17 7 14 14 18 1 2 3 9 7 9 9 17 1
split_gain=1.43994 1.83149 1.34142 1.87931 1.35868 2.5838 1.98531 2.42573 1.85538 2.32554 2.04616 1.79137 1.39391 1.55333
threshold=1052.5000000000002 1.5500000000000003 1010.0000000000001 1042.5000000000002 1.0000000180025095e-35 1.0000000180025095e-35 1.8333333333333337 2.3666666666666671 1.379 2.2250000000000005 1.5030000000000003 1.0630000000000002 1097.5000000000002 1.3910000000000002
decision_type=2 2 2 2 2 8 2 2 10 2 10 10 2 10
left_child=1 -1 -2 -4 5 -5 12 -8 9 11 -10 -7 -6 -14
right_child=2 -3 3 4 6 8 7 -9 10 -11 -12 -13 13 -15
leaf_value=-0.00040244584020085775 -0.001794415509762343 -0.0043226504177885918 0.0021684951042651719 0.002808553736353853 -0.0016387349071705279 0.00036896721913568751 -0.0025463465936666112 0.00049640296029989717 0.0035810110793156658 -0.0032475325408471132 0.00046223151161592368 -0.0017789550108202367 -0.00015323474463018583 0.0017686449617983675
leaf_weight=324.9648597240448 364.17172646522522 159.27538406848907 363.75318002700806 347.17904996871948 389.29837608337402 1599.5538558959961 716.73500180244446 350.75463974475861 223.8495147228241 234.61298704147339 1201.1581599712372 446.06719636917114 1544.3334435224533 500.3077689409256
leaf_count=173 80 100 87 107 202 527 245 103 68 102 320 153 561 148
internal_value=-0.000109756 -0.00169812 -1.6689e-05 6.52942e-05 -3.62584e-05 0.000337696 -0.000469031 -0.00154703 0.000105482 -0.000425174 0.000954317 -0.000100048 4.2059e-06 0.000317669
internal_weight=8766.02 484.24 8281.77 7917.6 7553.85 4052.42 3501.43 1067.49 3705.24 2280.23 1425.01 2045.62 2433.94 2044.64
internal_count=2976 273 2703 2623 2536 1277 1259 348 1170 782 388 680 911 709
is_linear=0
shrinkage=0.03


Tree=261
num_leaves=15
num_cat=0
split_feature=12 0 4 12 15 3 18 0 0 6 8 8 2 8
split_gain=1.25631 3.38617 2.03798 1.76775 1.66393 2.7171 1.59914 2.35385 1.8459 1.45637 1.84423 1.38632 2.31114 1.98501
threshold=1.8333333333333337 1.1004000000000003 0.41666666666666669 2.8333333333333335 1086.2500000000002 1.6333333333333335 1.0000000180025095e-35 0.89500000000000002 0.43898333333333339 2.1666666666666674 1.1816666666666669 0.65000000000000024 2.1666666666666674 1.1816666666666669
decision_type=10 10 2 10 2 2 2 8 8 2 10 8 2 10
left_child=6 2 3 4 -2 -6 7 -1 -8 11 -11 12 -9 -13
right_child=1 -3 -4 -5 5 -7 8 9 -10 10 -12 13 -14 -15
leaf_value=0.0026386375195868151 -0.00082651677568343156 0.00060784027006237416 0.00063557577628858255 0.00030152396316816452 -0.0025374816167515971 -0.0072914878321472271 -0.0028394028749776463 0.00022679915630914764 -7.0124075733132827e-05 0.00023643879044999986 0.0043369539713307773 -0.0027267717564687737 0.0036966664203415133 4.1675782558390101e-05
leaf_weight=466.88352847099304 228.18682873249054 1100.8676255941391 264.55473852157593 183.54386818408966 383.69803714752197 150.83890914916992 234.10207653045654 1037.38438975811 2757.7305159568787 225.96564328670502 174.46051454544067 300.94411087036133 206.31692028045654 1022.1379053592682
leaf_count=155 77 375 124 77 174 62 91 340 943 88 50 94 61 265
internal_value=3.53087e-06 -0.000596076 -0.00169026 -0.0023405 -0.00297584 -0.00389011 0.000219295 0.000660942 -0.000287688 0.000348972 0.00202933 8.61418e-05 0.000804921 -0.00058961
internal_weight=8737.62 2311.69 1210.82 946.268 762.724 534.537 6425.93 3434.09 2991.83 2967.21 400.426 2566.78 1243.7 1323.08
internal_count=2976 889 514 390 313 236 2087 1053 1034 898 138 760 401 359
is_linear=0
shrinkage=0.03


Tree=262
num_leaves=15
num_cat=0
split_feature=17 7 17 11 0 6 18 17 17 3 3 7 0 1
split_gain=1.52656 1.73431 1.35108 1.2324 2.68582 1.50829 2.17432 1.24896 1.22674 1.11383 1.854 1.6958 1.10815 1.08368
threshold=1127.5000000000002 0.45000000000000007 1010.0000000000001 1.9000000000000001 0.43898333333333339 0.83333333333333337 1.0000000180025095e-35 1225.0000000000002 1197.5000000000002 1.2916666666666667 1.1000000000000003 1.3666666666666669 1.4800000000000002 2.0310000000000006
decision_type=2 2 2 8 8 2 2 2 2 2 2 2 8 10
left_child=2 -2 -1 4 -3 6 -6 8 -5 10 12 -11 -9 -7
right_child=1 3 -4 7 5 13 -8 9 -10 11 -12 -13 -14 -15
leaf_value=-0.0032533229242823242 0.0022188503578329886 0.0038465670519642454 -0.00036472727946952648 -0.00034053677438453887 -0.0033581620190203136 0.00044375632525973539 0.00070342254744869444 -0.0014465894122490761 -0.003045510129132129 -0.0017294510884199575 0.0031814353375773804 0.00069282758136696349 0.0013471372928994341 0.0026462533194541115
leaf_weight=152.28592693805695 401.23959279060364 211.06096792221069 2968.4761523008347 356.55235064029694 221.27309989929199 1906.5872421264648 253.78509199619293 254.36430668830872 260.97137463092804 535.5157642364502 232.13783264160156 504.11239647865295 254.76948022842407 223.85976791381836
leaf_count=92 98 67 1296 116 63 603 75 76 78 116 55 123 67 55
internal_value=2.51951e-05 0.00032078 -0.000506681 0.000174345 0.000599822 0.000335442 -0.00119147 -0.000325351 -0.00148676 7.79731e-05 0.000965768 -0.000555359 -4.87141e-05 0.00067632
internal_weight=8736.99 5616.23 3120.76 5214.99 2816.57 2605.51 475.058 2398.42 617.524 1780.9 741.272 1039.63 509.134 2130.45
internal_count=2980 1592 1388 1494 863 796 138 631 194 437 198 239 143 658
is_linear=0
shrinkage=0.03


Tree=263
num_leaves=15
num_cat=0
split_feature=17 7 7 16 16 17 3 0 11 3 0 3 0 0
split_gain=2.19704 1.5447 1.87917 2.5821 2.36969 2.38589 3.20947 2.11252 2.8704 2.76857 2.0409 1.8621 2.13743 1.65154
threshold=1327.5000000000002 0.45000000000000007 1.3666666666666669 1102.5000000000002 1270.0000000000002 1188.7500000000002 1.5500000000000003 2.3916666666666671 1.1000000000000003 1.2916666666666667 1.6509500000000001 0.77500000000000013 0.88075000000000003 1.0950000000000004
decision_type=2 2 2 2 2 2 2 8 8 2 10 2 10 8
left_child=1 -1 3 10 5 13 11 9 -9 -5 -3 -7 -13 -4
right_child=-2 2 4 7 -6 6 -8 8 -10 -11 -12 12 -14 -15
leaf_value=0.0010593194825883358 0.0011098027081806819 -0.00068512480311401979 -0.0019932854179617963 -0.0028909614238433216 -0.0031092435039520687 -0.00050560815406900793 -0.00068957197293466831 -0.00037425936527157606 -0.0036945147667706841 0.00040185383591718153 0.0021717500117930076 0.0044846362635704651 0.0012660407356815291 -2.9523167291831607e-05
leaf_weight=642.91650819778442 1060.6926016807556 734.61624467372894 506.96330761909485 340.0539493560791 211.4898624420166 189.7244930267334 582.81933188438416 353.25128257274628 696.56909728050232 703.92231440544128 323.26019752025604 358.86106932163239 385.97428870201111 1598.0610753297806
leaf_count=193 224 319 254 110 60 71 156 130 224 191 109 112 113 694
internal_value=-0.00016887 -0.000346783 -0.000476327 -0.00101889 -3.01583e-05 0.000150419 0.00105689 -0.00162902 -0.00257871 -0.000672454 0.00018909 0.0021456 0.00282069 -0.000503188
internal_weight=8689.18 7628.48 6985.57 3151.67 3833.89 3622.4 1517.38 2093.8 1049.82 1043.98 1057.88 934.56 744.835 2105.02
internal_count=2960 2736 2543 1083 1460 1400 452 655 354 301 428 296 225 948
is_linear=0
shrinkage=0.03


Tree=264
num_leaves=15
num_cat=0
split_feature=18 17 14 15 0 0 15 15 0 2 17 0 15 0
split_gain=1.89492 3.13364 1.88568 1.62994 3.0195 2.23316 1.71145 1.87415 1.38662 1.36537 1.30201 1.26043 1.82257 1.5053
threshold=1.0000000180025095e-35 1066.2500000000002 1106.2500000000002 1232.5000000000002 0.86150000000000027 1.1533000000000004 1172.5000000000002 1137.5000000000002 1.4858333333333336 1.8333333333333337 1042.5000000000002 2.4133333333333336 1068.7500000000002 1.7283333333333337
decision_type=2 2 2 2 10 10 2 2 10 2 2 10 2 10
left_child=1 10 -3 5 -5 6 7 -4 -7 -10 -1 12 13 -2
right_child=11 2 3 4 -6 8 -8 -9 9 -11 -12 -13 -14 -15
leaf_value=-0.0001707169756524563 0.0001669408457617298 2.5306673415142878e-05 0.0030062114696097295 -0.0025325773713512946 0.0028438970424964601 -0.0010427246080065419 0.0047166164038619082 0.00010259062593599275 0.0028060540545810208 -2.743118222009831e-05 -0.0039180809585366927 -0.0026637262091937495 -0.00056449038732119536 0.0029901576711996634
leaf_weight=150.75673961639404 543.65117263793945 1821.3642811775208 527.65386915206909 242.8254759311676 152.02563381195068 318.37570655345917 253.65753304958344 321.98994588851929 306.55854892730713 304.63944005966187 186.15803444385529 201.29944169521332 3076.8403699398041 246.37073016166687
leaf_count=87 156 491 154 121 63 95 91 111 86 81 94 59 1198 56
internal_value=0.000116004 0.000534056 0.000755025 0.00130225 -0.000460571 0.0016447 0.00255682 0.00190724 0.000560537 0.00139602 -0.00224674 -0.000355277 -0.000234447 0.00105004
internal_weight=8654.17 4586.01 4249.09 2427.73 394.851 2032.88 1103.3 849.644 929.574 611.198 336.915 4068.16 3866.86 790.022
internal_count=2943 1474 1293 802 184 618 356 265 262 167 181 1469 1410 212
is_linear=0
shrinkage=0.03


Tree=265
num_leaves=15
num_cat=0
split_feature=15 12 16 9 9 14 15 7 11 17 18 16 0 7
split_gain=1.11853 2.41358 3.2849 2.21995 2.76793 1.54425 2.27388 1.76532 1.35451 2.05146 1.57615 1.44063 1.22128 2.26537
threshold=1120.0000000000002 1.5833333333333337 1202.5000000000002 2.2970000000000006 2.0310000000000006 1068.7500000000002 1042.5000000000002 1.6333333333333335 1.2250000000000003 1127.5000000000002 1.0000000180025095e-35 1112.5000000000002 1.0216666666666672 1.4500000000000002
decision_type=2 10 2 10 8 2 2 2 10 2 2 2 8 2
left_child=1 5 8 4 12 6 -1 -7 11 -10 -11 -3 -2 -14
right_child=3 2 -4 -5 -6 7 -8 -9 9 10 -12 -13 13 -15
leaf_value=0.00012463725312546835 -0.0015349815080455515 0.0023318043428751235 0.0047636145421098104 -0.0037691258981694857 0.0029853773186689536 0.00065554504281179567 -0.0030993543913420858 -0.001512771397251635 -0.0027752875149581742 0.0020730486771147996 -0.00095892370780124414 -0.00016369837800988339 -0.0010486575878496346 0.00064640877510265969
leaf_weight=405.39180910587311 770.17588114738464 588.39481782913208 193.54065179824829 170.17392098903656 219.59562587738037 1427.3256472349167 381.67665815353394 441.65905857086182 210.5855530500412 326.91386151313782 290.62808585166931 321.71904921531677 1397.298449754715 1439.7452275753021
leaf_count=91 349 222 41 52 65 399 103 121 78 80 81 98 551 595
internal_value=-5.97412e-05 0.00025986 0.00106642 -0.00042656 -0.000276974 -0.000326945 -0.00144074 0.000142616 0.000652265 -0.000225633 0.000646896 0.00145045 -0.000476348 -0.000188519
internal_weight=8584.82 4587.84 1931.78 3996.99 3826.82 2656.05 787.068 1868.98 1738.24 828.128 617.542 910.114 3607.22 2837.04
internal_count=2926 1314 600 1612 1560 714 194 520 559 239 161 320 1495 1146
is_linear=0
shrinkage=0.03


Tree=266
num_leaves=15
num_cat=0
split_feature=15 8 1 16 16 17 7 16 1 15 2 9 9 2
split_gain=1.07009 3.139 4.10623 1.35873 1.29217 1.3039 1.43998 4.16207 2.81291 1.72215 1.44675 1.73268 1.38643 1.6192
threshold=1270.0000000000002 1.6316666666666666 0.8416300000000001 1167.5000000000002 1362.5000000000002 1193.7500000000002 1.4500000000000002 1277.5000000000002 0.90944999999999998 1083.7500000000002 2.1666666666666674 2.0710000000000002 1.4390000000000003 1.1666666666666667
decision_type=2 10 10 2 2 2 2 2 10 2 2 10 10 2
left_child=4 2 3 -2 5 -1 9 8 -8 -7 11 12 13 -11
right_child=1 -3 -4 -5 -6 6 7 -9 -10 10 -12 -13 -14 -15
leaf_value=-0.00020282981558908937 -0.0025209653754689441 -0.0047365756845569517 0.005091369106006001 0.0011764625718718163 -0.0020328645822765023 0.0010661010221787637 0.004450310663721777 -0.0013873706431516792 0.0010345343396087434 -0.0013844989048543838 -0.0028361582896157915 0.0021740473008813968 -0.0026862005897037473 0.0016872905526734497
leaf_weight=4348.5117344856262 288.65138912200928 165.80448007583618 110.80677247047424 128.7060329914093 252.01009249687195 999.70393419265747 376.55565023422241 346.50792574882507 512.10881233215332 344.21399736404419 214.14064717292786 228.32215476036072 240.97942709922791 278.46575665473938
leaf_count=1688 176 77 58 56 56 201 107 80 139 101 58 57 70 79
internal_value=-1.89235e-05 -0.00114889 -1.57934e-05 -0.00138065 7.75218e-05 0.000145182 0.000572493 0.00139863 0.00248528 0.000129538 -0.000587573 -0.000144427 -0.000759159 -1.02753e-05
internal_weight=8835.49 693.969 528.164 417.357 8141.52 7889.51 3541 1235.17 888.664 2305.83 1306.12 1091.98 863.659 622.68
internal_count=3003 367 290 232 2636 2580 892 326 246 566 365 307 250 180
is_linear=0
shrinkage=0.03


Tree=267
num_leaves=15
num_cat=0
split_feature=7 1 0 7 15 8 0 13 1 0 0 10 10 16
split_gain=1.33146 1.0287 2.87684 2.443 1.50029 2.96909 1.63921 1.27481 1.58844 1.25285 1.24593 2.36039 2.07074 1.23923
threshold=0.22500000000000003 1.3310000000000002 1.4383333333333335 2.1000000000000005 1107.5000000000002 2.0350000000000006 1.9916666666666669 0.70833333333333337 1.1550000000000002 2.3566666666666669 1.8583333333333336 1.5833333333333337 1.5833333333333337 1068.7500000000002
decision_type=2 10 10 2 2 10 10 8 8 10 10 10 10 2
left_child=-1 2 7 4 9 6 -6 8 -2 10 12 -12 -3 -9
right_child=1 3 -4 -5 5 -7 -8 13 -10 -11 11 -13 -14 -15
leaf_value=0.0019840561502816466 0.0031553575426733578 -0.0012381707788336617 -0.003959983328482187 0.0026154608427545688 -0.0010440276177474529 0.0022433253206488959 -0.0043665655953808429 -0.0017815500127700277 0.00011682902444790823 -0.0010287850263756458 0.0040252807025379722 0.0002326432187141658 0.0018797844290262605 -0.00025325548915309577
leaf_weight=278.88421070575714 199.23897778987885 426.17121863365173 192.36072099208832 366.43506050109863 599.92241263389587 208.14309239387512 171.3386834859848 544.50873780250549 683.33674836158752 361.31735515594482 274.05900835990906 319.21366715431213 346.78435134887695 3834.9555339813232
leaf_count=77 64 129 70 116 225 57 59 287 204 92 77 71 86 1379
internal_value=-5.19869e-05 -0.000118796 -0.000366106 0.000320086 8.51401e-06 -0.000928935 -0.00178684 -0.000234 0.000805563 0.000540216 0.000955608 0.00198846 0.000161312 -0.000443635
internal_weight=8806.67 8527.79 5454.4 3073.38 2706.95 979.404 771.261 5262.04 882.576 1727.55 1366.23 593.273 772.956 4379.46
internal_count=2993 2916 2004 912 796 341 284 1934 268 455 363 148 215 1666
is_linear=0
shrinkage=0.03


Tree=268
num_leaves=15
num_cat=0
split_feature=11 7 8 11 12 12 3 1 5 12 6 12 1 9
split_gain=1.77695 1.70832 2.30103 1.97653 1.99787 1.99078 1.71863 2.69483 1.62867 1.57544 1.50691 2.34358 1.44594 1.26704
threshold=1.3666666666666669 0.45000000000000007 1.7241666666666668 1.1000000000000003 1.1666666666666667 1.8333333333333337 1.1000000000000003 1.6550200000000002 0.36666666666666675 1.1666666666666667 1.1666666666666667 1.8333333333333337 1.2205700000000004 0.89100000000000013
decision_type=8 2 10 10 10 10 2 8 2 10 2 10 10 10
left_child=1 -1 3 4 6 9 -3 -8 10 -5 11 -6 -12 -10
right_child=-2 2 -4 5 8 -7 7 -9 13 -11 12 -13 -14 -15
leaf_value=0.0025986625315973888 -0.00040481459529098624 0.00084124399245789796 -0.0027120702884271715 0.0012620231362832279 0.0030968330599642222 -0.00045599528822991465 -0.0057408128772697036 -0.00082108680448826014 0.0011234074679562433 0.0044684300146463993 -0.0026395471641565168 -0.0012272789697959109 0.00057567794280829283 0.004542785646092588
leaf_weight=308.48953998088837 5156.4011648893356 222.96223747730255 216.87370204925537 298.81576824188232 249.90581083297729 253.46673202514648 144.78295719623566 321.87191450595856 391.29203379154205 256.92111754417419 284.11128580570221 204.18215692043304 224.86725425720215 129.39365184307098
leaf_count=97 1566 99 77 103 91 96 59 128 188 93 128 85 88 57
internal_value=-5.04859e-05 0.000470317 0.000264355 0.000481618 1.01649e-05 0.00174628 -0.00132289 -0.00235648 0.000630216 0.00274973 -0.000100968 0.00115406 -0.00122071 0.00198022
internal_weight=8664.34 3507.94 3199.45 2982.57 2173.37 809.204 689.617 466.655 1483.75 555.737 963.067 454.088 508.979 520.686
internal_count=2955 1389 1292 1215 923 292 286 187 637 196 392 176 216 245
is_linear=0
shrinkage=0.03


Tree=269
num_leaves=15
num_cat=0
split_feature=17 1 14 16 1 10 12 3 4 14 11 10 10 3
split_gain=1.65807 1.91049 1.61156 1.57331 1.77542 1.32889 1.7523 1.53585 1.45017 2.40831 2.87962 2.36256 1.59083 3.22172
threshold=1235.0000000000002 1.9310000000000003 1102.5000000000002 1202.5000000000002 1.7390300000000003 0.83333333333333337 1.1666666666666667 0.90000000000000013 1.0000000180025095e-35 1102.5000000000002 1.4500000000000002 1.5833333333333337 2.1666666666666674 0.90000000000000013
decision_type=2 10 2 2 10 10 8 2 2 2 10 10 10 2
left_child=1 3 -3 4 5 6 -1 -8 -7 10 -10 -11 13 -13
right_child=-2 2 -4 -5 -6 8 7 -9 9 11 -12 12 -14 -15
leaf_value=-0.0011412881505957083 0.0004242301608679174 -0.0035319066542000427 -0.00050068993222975879 -0.0031686458087944792 0.0018581282047067781 9.013694430971272e-05 0.0037510250433671465 0.00061530602205776407 -0.00075330867212013131 -0.0017653957656343241 -0.005110776176433394 -0.0012683625743762942 -0.0013594397104714306 0.0038746450690865381
leaf_weight=396.99285459518433 2884.1002229452133 314.41502451896667 316.77030670642853 161.41040539741516 359.76691257953644 1381.1268755197525 176.75599074363708 674.8840137720108 282.14668071269989 664.91446578502655 264.14305937290192 184.99024260044098 215.0490288734436 266.67754590511322
leaf_count=182 718 88 107 51 111 495 87 302 105 311 87 86 87 101
internal_value=-0.000161131 -0.000459426 -0.00201384 -0.000263966 -0.000167012 -0.000329019 0.000502882 0.00126975 -0.0006478 -0.00119028 -0.00286573 -0.000501306 0.000760123 0.00177007
internal_weight=8544.14 5660.04 631.185 5028.86 4867.45 4507.68 1248.63 851.64 3259.05 1877.92 546.29 1331.63 666.717 451.668
internal_count=2918 2200 195 2005 1954 1843 571 389 1272 777 192 585 274 187
is_linear=0
shrinkage=0.03


Tree=270
num_leaves=15
num_cat=0
split_feature=13 18 1 1 1 0 12 16 2 10 10 4 11 7
split_gain=1.56694 2.35323 3.75596 3.6057 2.21702 1.85462 1.8948 2.80021 1.56706 1.45219 1.38818 1.87618 1.47838 1.35401
threshold=1.9000000000000001 1.0000000180025095e-35 1.7757800000000001 1.9310000000000003 0.67825333333333349 2.0433333333333339 2.8333333333333335 1162.5000000000002 1.8333333333333337 0.83333333333333337 1.8333333333333337 1.0000000180025095e-35 1.2916666666666667 1.1000000000000003
decision_type=10 2 8 8 8 10 10 2 2 10 10 2 10 2
left_child=1 4 8 -4 -1 6 7 -2 -3 -5 12 -12 -11 -6
right_child=5 2 3 9 13 -7 -8 -9 -10 10 11 -13 -14 -15
leaf_value=0.0029540946571532116 -0.0011838444903144311 -0.0011204905005784533 0.0043670620571227498 0.0017958732169680938 -0.00038284751209575682 0.001610000041282041 0.00062263295044221953 -0.0051391767356505028 -0.0035581913422596738 0.00022085921176172733 0.002291442539303269 -0.0010400160297128686 -0.0023758754930364627 0.00087209064845845518
leaf_weight=339.29886698722839 1004.1906383037567 984.32553911209106 183.52984428405762 314.38736069202423 1221.5456514358521 236.1578688621521 374.95524227619171 191.13200449943542 312.50050890445709 343.27527105808258 303.5492502450943 303.15907990932465 462.58762633800507 2107.7911305427551
leaf_count=107 423 371 51 131 351 70 154 61 108 134 76 93 155 667
internal_value=-7.78909e-05 0.000128709 -0.000464779 0.000381057 0.000647553 -0.000863922 -0.00123677 -0.00182007 -0.0017102 -4.48319e-05 -0.000455487 0.000627812 -0.00127084 0.000411673
internal_weight=8682.39 6875.95 3207.31 1910.49 3668.64 1806.44 1570.28 1195.32 1296.83 1726.96 1412.57 606.708 805.863 3329.34
internal_count=2952 2244 1119 640 1125 708 638 484 479 589 458 169 289 1018
is_linear=0
shrinkage=0.03


Tree=271
num_leaves=15
num_cat=0
split_feature=7 0 2 9 8 0 1 3 3 1 0 6 8 9
split_gain=2.12137 1.29789 3.47233 1.02699 3.528 1.54672 0.895712 1.03972 2.71025 1.04094 1.44409 1.21321 1.58202 2.43769
threshold=0.45000000000000007 1.8583333333333336 1.8333333333333337 1.8040000000000005 1.5439833333333335 2.2416666666666676 1.901 2.5500000000000003 2.2250000000000005 1.7390300000000003 1.7050000000000003 0.58333333333333337 2.2228333333333334 2.0310000000000006
decision_type=2 10 2 10 10 10 10 2 2 10 10 2 10 8
left_child=-1 6 -3 4 5 -4 7 8 9 10 11 -2 13 -13
right_child=1 2 3 -5 -6 -7 -8 -9 -10 -11 -12 12 -14 -15
leaf_value=0.001598815224026451 -0.0019253950523142346 0.002979632331709402 0.00065470464561065487 -0.0016944727475401466 0.0036580838571385913 -0.0030262164417656219 -0.0021669982207963676 -0.0019730314457429622 0.0034924675377503854 0.0018539822608159117 -0.0028365044872464868 -0.0001362225533963711 -0.0021898196550639627 0.003429390564467439
leaf_weight=681.87111496925354 365.54620790481567 416.00608229637146 204.42974305152893 318.23577857017517 200.28095686435699 204.94954061508179 226.39748668670654 299.58332824707031 175.99254262447357 198.67700111865997 201.71009624004364 4633.7359675168991 316.51497364044189 178.23863983154297
leaf_count=198 126 121 65 72 54 60 66 93 57 58 67 1765 95 48
internal_value=-5.71476e-06 -0.000143687 0.000705731 -0.000315844 0.000405382 -0.00119098 -0.000316822 -0.000250735 -0.000165426 -0.000275216 -0.000349798 -0.000258001 -0.000138801 -3.46486e-06
internal_weight=8622.17 7940.3 1343.9 927.896 609.66 409.379 6596.4 6370 6070.42 5894.42 5695.75 5494.04 5128.49 4811.97
internal_count=2945 2747 372 251 179 125 2375 2309 2216 2159 2101 2034 1908 1813
is_linear=0
shrinkage=0.03


Tree=272
num_leaves=15
num_cat=0
split_feature=3 15 17 0 5 3 18 10 11 9 1 7 9 0
split_gain=1.09589 1.90907 1.88612 2.26384 2.06578 1.45123 1.37934 2.69013 1.90495 1.88932 1.37178 2.09356 2.17693 2.15687
threshold=1.3666666666666669 1127.5000000000002 1327.5000000000002 1.9233333333333336 0.36666666666666675 1.1000000000000003 1.0000000180025095e-35 1.5833333333333337 1.2250000000000003 0.75746000000000013 0.8416300000000001 1.1000000000000003 1.3637900000000005 1.1583333333333339
decision_type=2 2 2 8 2 2 2 10 10 10 10 2 10 10
left_child=1 2 3 5 -5 -1 -2 8 9 -8 -3 -12 -13 -14
right_child=6 10 -4 4 -6 -7 7 -9 -10 -11 11 12 13 -15
leaf_value=0.00076982855428603012 0.00028678692833569448 -0.00062485454640074658 0.0038501349574137406 0.0046735797769053089 0.0008334684878336388 -0.002147344588554167 -0.0021418760154502075 0.0003557836924021149 -0.0032415356919200237 0.00068558824612602711 -0.002016005384839589 0.0040777318295319416 0.002735920206447993 -0.0018500978403657199
leaf_weight=421.20807361602783 2734.3761172294617 1374.6956472396851 228.62277603149414 206.69856989383698 322.24001240730286 240.16437959671021 449.37945222854614 1158.411269903183 437.82011723518372 402.3137481212616 165.50922775268555 229.03059864044189 176.78099870681763 190.98352098464966
leaf_count=133 814 607 43 57 103 76 191 340 140 145 66 109 64 69
internal_value=0.000102027 0.000507534 0.00136017 0.000879091 0.00234009 -0.000291128 -0.000176264 -0.000693407 -0.00163547 -0.000807031 -5.89728e-05 0.000960987 0.00178859 0.0003558
internal_weight=8738.23 3555.93 1418.93 1190.31 528.939 661.372 5182.3 2447.92 1289.51 851.693 2137 762.304 596.795 367.765
internal_count=2957 1327 412 369 160 209 1630 816 476 336 915 308 242 133
is_linear=0
shrinkage=0.03


Tree=273
num_leaves=15
num_cat=0
split_feature=10 18 15 17 5 1 17 8 13 1 15 7 1 15
split_gain=1.38817 0.972153 1.97134 2.33372 2.32479 1.48832 1.49642 1.66965 1.42933 1.31354 1.1848 2.60559 1.46323 1.92291
threshold=1.0000000180025095e-35 1.0000000180025095e-35 1078.7500000000002 1087.5000000000002 0.22500000000000003 1.2310000000000001 1207.5000000000002 2.0350000000000006 1.7750000000000001 1.3588600000000002 1068.7500000000002 0.55000000000000016 1.7630000000000001 1042.5000000000002
decision_type=10 2 2 2 2 10 2 10 10 10 2 2 8 2
left_child=-1 10 9 4 8 -5 -7 -8 -4 -3 12 -12 -2 -14
right_child=1 2 3 5 -6 6 7 -9 -10 -11 11 -13 13 -15
leaf_value=0.0023439675449848023 0.0012885832299826443 -0.0002396479737229808 -0.0068381659722957242 0.0001558916878209364 -0.00030114040460126561 -0.0001698549855505679 -0.0042488515153094536 -0.00069369585785152997 -0.0025004844087781987 0.0017965789604949267 0.0039371040581442475 0.00029811302156890088 -0.00019053283582525673 -0.003444657483904265
leaf_weight=219.10217714309692 244.57411313056946 659.04613375663757 127.40886962413788 1472.7416597604752 205.55049824714661 472.59028244018555 248.31640934944153 228.15579271316528 150.23709511756897 501.2659764289856 186.14948797225952 3298.9460026025772 438.57884216308594 259.62369620800018
leaf_count=90 59 194 69 568 119 177 76 60 77 122 55 1126 105 72
internal_value=-8.24157e-06 -6.91913e-05 -0.00040411 -0.000821548 -0.00272296 -0.000441212 -0.00136698 -0.00255151 -0.0045084 0.000640811 0.000238325 0.000493556 -0.000704691 -0.00140376
internal_weight=8712.29 8493.18 4065.31 2905 483.196 2421.8 949.062 476.472 277.646 1160.31 4427.87 3485.1 942.777 698.203
internal_count=2969 2879 1462 1146 265 881 313 136 146 316 1417 1181 236 177
is_linear=0
shrinkage=0.03


Tree=274
num_leaves=15
num_cat=0
split_feature=17 11 16 10 3 1 1 2 10 3 6 3 3 4
split_gain=1.48376 2.42946 2.53229 2.7476 2.43779 2.51889 2.24038 2.09842 1.84104 1.25766 1.28385 1.94227 4.2103 1.96845
threshold=1087.5000000000002 1.3666666666666669 1078.7500000000002 0.41666666666666669 1.7750000000000001 0.9880000000000001 0.22931000000000004 1.4166666666666667 1.8333333333333337 2.6333333333333337 2.1666666666666674 1.6333333333333335 1.2250000000000003 0.58333333333333337
decision_type=2 10 2 8 2 10 8 2 10 2 2 2 2 2
left_child=1 2 3 -1 5 -4 8 -5 -2 10 -8 12 13 -12
right_child=6 -3 4 7 -6 -7 9 -9 -10 -11 11 -13 -14 -15
leaf_value=-0.0018357710573521245 0.0037958924130136098 -0.0032945118404569948 -0.0021500729144109418 0.00027919133137692691 -0.003988036389581423 0.002875376954712365 -0.00024936502254100062 0.0047336428259416785 9.106755765169392e-05 0.0015928964813857749 -0.0010313381615323647 -0.0014202960201943986 0.005430470307482952 0.0025262395633726055
leaf_weight=181.58584046363831 269.41007018089294 295.03409266471863 216.68194317817688 179.86200702190399 234.1063015460968 151.75459003448486 5443.6914875507355 201.4785623550415 218.15934300422668 438.33883452415466 357.05700612068176 244.96222078800201 196.0135657787323 228.85214853286743
leaf_count=102 86 145 111 103 95 64 1669 95 62 107 133 72 64 94
internal_value=5.92658e-06 -0.000867555 -0.000250883 0.00119478 -0.00160124 -7.79702e-05 0.000178497 0.00263889 0.00214178 3.9657e-05 -6.57946e-05 0.000906639 0.00163651 0.000360164
internal_weight=8856.99 1460.5 1165.47 562.926 602.543 368.437 7396.48 381.341 487.569 6908.92 6470.58 1026.88 781.923 585.909
internal_count=3002 715 570 300 270 175 2287 198 148 2139 2032 363 291 227
is_linear=0
shrinkage=0.03


Tree=275
num_leaves=15
num_cat=0
split_feature=2 4 11 1 7 1 1 3 11 16 7 7 14 12
split_gain=1.74392 2.0577 1.86766 1.61628 2.02738 1.83476 1.55379 1.56948 2.30498 1.54169 1.98708 1.62659 2.43585 1.63853
threshold=1.8333333333333337 1.0000000180025095e-35 1.5500000000000003 1.3310000000000002 2.1000000000000005 1.2350000000000005 1.4906000000000001 1.5500000000000003 1.2250000000000003 1066.2500000000002 0.70833333333333337 0.90000000000000013 1097.5000000000002 1.1666666666666667
decision_type=2 2 10 10 2 10 10 2 10 2 2 2 2 10
left_child=3 -2 -3 5 6 9 -5 -8 -9 -1 -11 -12 -13 -14
right_child=1 2 -4 4 -6 -7 7 8 -10 10 11 12 13 -15
leaf_value=-0.0017243418460329138 -0.00027654957857583282 -0.00063951307734156303 -0.0043631826971053259 0.002422632261888527 0.0036082458625022783 -0.0025799913022371791 -0.0011320244636988191 0.0033806879525195522 -0.00053421169968201571 0.0020727991780890007 -0.0020072844046116222 0.0020224235891780832 -0.0010121416118511859 0.00060032049391705851
leaf_weight=373.61596882343292 2394.5184100866318 254.63794302940369 231.08754312992096 328.95579743385315 239.72973680496216 241.32848858833313 510.05153286457062 239.44414925575256 309.15733218193054 489.55520272254944 319.00074636936188 558.39168083667755 1108.4299147129059 1159.4747211933136
leaf_count=212 720 94 68 107 76 82 153 76 84 148 107 166 409 476
internal_value=-3.35192e-05 -0.000638128 -0.0024164 0.000262844 0.0010665 -4.50734e-05 0.000625097 6.47893e-05 0.00117754 0.000108146 0.000296924 1.99444e-05 0.000249384 -0.000187863
internal_weight=8757.38 2880.24 485.725 5877.14 1627.34 4249.8 1387.61 1058.65 548.601 4008.47 3634.85 3145.3 2826.3 2267.9
internal_count=2978 882 162 2096 496 1600 420 313 160 1518 1306 1158 1051 885
is_linear=0
shrinkage=0.03


Tree=276
num_leaves=15
num_cat=0
split_feature=14 8 7 4 14 1 13 7 0 6 1 6 6 1
split_gain=1.35749 2.02084 1.73946 1.50407 1.34238 1.67561 1.2031 1.1418 1.04844 2.18253 1.04227 2.04426 2.21533 1.94933
threshold=1337.5000000000002 1.3916666666666668 2.9000000000000004 0.41666666666666669 1217.5000000000002 1.4130000000000005 0.90000000000000013 2.2250000000000005 1.4182000000000003 1.1666666666666667 1.8000000000000005 0.83333333333333337 1.1666666666666667 1.6630000000000005
decision_type=2 10 2 2 2 8 8 2 8 2 10 2 2 10
left_child=2 7 3 10 6 -6 -5 -2 -8 -10 13 -12 -13 -1
right_child=1 -3 -4 4 5 -7 8 -9 9 -11 11 12 -14 -15
leaf_value=4.1573351403516186e-05 0.002298134542527528 -0.0043417501033552516 0.0030549706571729629 0.0037401605205012473 0.0014844836114938146 -0.0030592530081243554 -0.00026680663260681369 -0.0019056158831131985 -9.030297365802079e-05 0.0041502171479645602 -0.0010123332900127352 0.0038831150421860133 0.00066658957737581197 -0.0020450094160785366
leaf_weight=5082.6216772794724 115.0114631652832 142.51316571235657 200.35867238044739 212.27166891098022 161.06144738197327 132.03402900695801 278.88290822505951 115.60284614562988 212.73963713645935 223.43026971817017 397.61775696277618 263.36205160617828 713.13463187217712 436.64837956428528
leaf_count=1730 66 72 79 59 70 63 98 68 77 80 103 65 199 130
internal_value=0.000221053 -0.00154677 0.000300567 0.000232183 0.00120247 -0.000565827 0.00176138 0.00019174 0.00116955 0.00208645 6.02515e-05 0.000799242 0.00153717 -0.000123844
internal_weight=8687.29 373.127 8314.16 8113.8 1220.42 293.095 927.324 230.614 715.053 436.17 6893.38 1374.11 976.497 5519.27
internal_count=2959 206 2753 2674 447 133 314 134 255 157 2227 367 264 1860
is_linear=0
shrinkage=0.03


Tree=277
num_leaves=15
num_cat=0
split_feature=15 14 7 8 16 16 6 15 14 14 15 3 1 6
split_gain=1.93325 1.81444 2.59492 1.64296 1.45208 4.06423 1.60251 1.53133 1.31242 1.40694 2.56917 1.07151 2.41622 1.94902
threshold=1132.5000000000002 1010.0000000000001 0.45000000000000007 1.7966666666666666 1312.5000000000002 1255.0000000000002 0.83333333333333337 1162.5000000000002 1042.5000000000002 1077.5000000000002 1083.7500000000002 1.5500000000000003 1.0098300000000002 1.8333333333333337
decision_type=2 2 2 10 2 2 2 2 2 2 2 2 10 2
left_child=1 -1 -3 4 5 6 7 -2 -4 10 -10 12 -8 -14
right_child=3 2 8 -5 -6 -7 11 -9 9 -11 -12 -13 13 -15
leaf_value=-0.0016876791132475416 8.7224361122481585e-05 0.0029378673650252559 0.002312169185836088 -0.0023263817736860325 0.0020861145217347912 -0.0043347260171613224 -8.0810119134755846e-05 -0.0040414469380450572 0.00036994494537527837 0.00049266218252770892 -0.0024404792549929501 -0.0010665304538047043 0.00078339049210487835 0.0053749874824862787
leaf_weight=372.57625794410706 154.15056097507477 358.11098337173462 273.54806315898895 427.3526850938797 206.54623746871948 227.62214398384094 1075.140086889267 168.94090723991394 780.06398224830627 3415.1235684156418 467.40011024475098 449.06757569313049 187.4386875629425 149.19807910919189
leaf_count=86 64 100 69 151 55 74 526 79 216 1049 152 199 79 67
internal_value=5.54267e-06 0.000333138 0.000475643 -0.000603939 -0.000322004 -0.000529035 -0.000130582 -0.00207742 0.000296453 0.000177723 -0.000684177 0.000208374 0.000614372 0.00282829
internal_weight=8712.28 5666.82 5294.25 3045.46 2618.1 2411.56 2183.94 323.091 4936.14 4662.59 1247.46 1860.84 1411.78 336.637
internal_count=2966 1672 1586 1294 1143 1088 1014 143 1486 1417 368 871 672 146
is_linear=0
shrinkage=0.03


Tree=278
num_leaves=15
num_cat=0
split_feature=11 1 1 2 2 10 4 10 2 5 0 0 8 1
split_gain=1.78536 0.913391 2.13936 1.98026 1.09031 2.66828 1.6646 2.25601 1.51226 1.79891 1.68431 1.30965 3.0634 1.42505
threshold=3.3666666666666671 0.90944999999999998 1.1590000000000003 0.83333333333333337 0.41666666666666669 1.8333333333333337 0.41666666666666669 1.4166666666666667 0.83333333333333337 0.36666666666666675 1.1939500000000003 1.4616666666666669 1.321666666666667 1.4330000000000003
decision_type=10 8 8 2 2 8 2 10 2 2 8 8 10 8
left_child=1 -1 3 -3 5 -4 8 -8 9 -6 -10 12 -12 -13
right_child=-2 2 4 -5 6 -7 7 -9 10 -11 11 13 -14 -15
leaf_value=0.00070399359535723159 0.0028901561806775168 0.00040753391196371577 -0.0029743919119028998 -0.003402210922922607 0.00012112921702205866 0.0016260932699687417 0.0034555090166820414 -0.00063532894917413501 0.0020530708473271305 -0.0038371329970815545 -0.0044921639842488287 -0.0022516906366270057 0.00021684981237462495 0.00016462231522026518
leaf_weight=1094.0767451524734 181.98570227622986 190.10615992546082 334.89208948612213 344.78313672542572 205.73560070991516 170.56603610515594 280.96362257003784 212.49378943443298 341.45910489559174 206.48726487159729 196.48385548591614 230.29274022579193 335.42715430259705 4369.8740203380585
leaf_count=424 40 74 153 133 71 58 111 68 116 79 73 82 99 1387
internal_value=-4.18113e-05 -0.000104816 -0.000224161 -0.00204995 -8.20336e-05 -0.00142182 2.43307e-05 0.00169618 -0.0001161 -0.0018661 1.60125e-05 -0.000119895 -0.00152779 4.31942e-05
internal_weight=8695.63 8513.64 7419.56 534.889 6884.68 505.458 6379.22 493.457 5885.76 412.223 5473.54 5132.08 531.911 4600.17
internal_count=2968 2928 2504 207 2297 211 2086 179 1907 150 1757 1641 172 1469
is_linear=0
shrinkage=0.03


Tree=279
num_leaves=15
num_cat=0
split_feature=11 4 1 4 10 9 13 3 0 1 0 13 0 13
split_gain=1.70353 1.36933 3.18252 2.90619 3.7168 3.10396 2.51984 1.91129 1.58595 3.38043 2.26603 1.50412 2.00998 1.92772
threshold=3.2250000000000005 1.0000000180025095e-35 1.7590000000000001 0.41666666666666669 2.4166666666666674 1.8710000000000002 1.7083333333333337 1.1000000000000003 1.3200333333333336 1.0866800000000001 1.5083333333333335 1.2916666666666667 1.281666666666667 0.70833333333333337
decision_type=8 2 10 2 10 10 10 2 8 10 8 10 10 10
left_child=1 7 3 4 6 -5 11 -1 9 -9 -10 12 13 -3
right_child=-2 2 -4 5 -6 -7 -8 8 10 -11 -12 -13 -14 -15
leaf_value=-0.0015857992099535855 0.002917370920202271 0.00067249204778243004 0.0019253430973724221 0.0011021599168292574 -0.0045391308698921095 -0.0034660287007998885 -0.0022561470009429159 1.8885331071704299e-06 -0.0023578372805249711 0.0042901563038212319 0.00065272389356048214 0.0011253096062058565 0.0018594921945700156 -0.0022853933983356979
leaf_weight=360.7025545835495 195.17801260948181 287.04642474651337 525.95411705970764 1186.8269597291946 258.19931888580322 149.88947200775146 712.1242527961731 350.34843146800995 244.21258020401001 312.47648429870605 2733.6703300476074 569.1162314414978 212.93367409706116 637.6609354019165
leaf_count=128 46 92 150 485 79 46 300 123 78 101 838 213 66 235
internal_value=0.000153349 8.98529e-05 -0.000266743 -0.000554395 -0.00112467 0.000587709 -0.000758479 0.00049439 0.000700863 0.00202693 0.000405123 -0.00013264 -0.000762378 -0.00136748
internal_weight=8736.34 8541.16 4539.75 4013.8 2677.08 1336.72 2418.88 4001.41 3640.71 662.825 2977.88 1706.76 1137.64 924.707
internal_count=2980 2934 1666 1516 985 531 906 1268 1140 224 916 606 393 327
is_linear=0
shrinkage=0.03


Tree=280
num_leaves=15
num_cat=0
split_feature=14 14 12 12 8 16 17 6 2 10 6 11 2 2
split_gain=1.16554 2.56707 1.10751 1.96417 3.94122 2.83622 2.09998 2.25176 2.14922 2.58065 2.17127 1.63928 2.53727 1.59576
threshold=1010.0000000000001 1042.5000000000002 1.8333333333333337 1.1666666666666667 0.65000000000000024 1083.7500000000002 1071.2500000000002 2.1666666666666674 0.83333333333333337 1.8333333333333337 0.58333333333333337 0.70833333333333337 1.4166666666666667 1.5833333333333337
decision_type=2 2 10 8 10 2 2 2 2 10 2 10 2 2
left_child=-1 -2 3 6 5 -5 -3 8 9 -8 -10 12 -4 -13
right_child=1 2 11 4 -6 -7 7 -9 10 -11 -12 13 -14 -15
leaf_value=-0.001445225396222709 0.0026564762346583844 -0.0031443648926434797 -0.00099872724523998287 0.0054426129256114125 -0.00012277120297860461 0.0015716962378549506 -0.003814885792435926 0.001827667089860493 0.0025479263399614716 0.00023868481084362523 -0.00023274073858190635 1.5002920747208562e-05 0.0042928073635840874 -0.0017537059407199535
leaf_weight=392.60438501834869 372.41257691383362 194.25734925270081 172.74823904037476 213.59491860866547 1262.9706015586853 834.18636512756348 303.52016937732697 539.79373443126678 290.47354781627655 263.58991885185242 1900.4826370477676 979.70992422103882 152.97817170619965 862.89412665367126
leaf_count=91 92 109 85 105 416 288 115 184 80 83 547 400 65 309
internal_value=0.000150127 0.00022536 0.00011146 0.000327611 0.00100592 0.00236524 -0.000121389 5.75761e-05 -0.000289393 -0.0019337 0.00013691 -0.000466887 0.00149199 -0.000813788
internal_weight=8736.22 8343.61 7971.2 5802.87 2310.75 1047.78 3492.12 3297.86 2758.07 567.11 2190.96 2168.33 325.726 1842.6
internal_count=2969 2878 2786 1927 809 393 1118 1009 825 198 627 859 150 709
is_linear=0
shrinkage=0.03


Tree=281
num_leaves=15
num_cat=0
split_feature=7 1 0 0 1 13 3 3 15 0 5 15 3 15
split_gain=1.36256 1.86905 1.50211 4.136 1.92121 2.00042 1.77772 1.61095 1.49458 1.41172 2.52388 1.30582 1.32612 2.23969
threshold=2.9000000000000004 1.5420000000000003 1.1716666666666671 1.1004000000000003 1.6020000000000003 2.2250000000000005 0.90000000000000013 2.4500000000000006 1078.7500000000002 0.9010166666666668 0.22500000000000003 1197.5000000000002 1.2916666666666667 1127.5000000000002
decision_type=2 8 8 10 8 8 2 2 2 10 2 2 2 2
left_child=2 -2 3 9 6 7 -4 11 -7 -1 -11 12 13 -6
right_child=1 -3 4 -5 5 8 -8 -9 -10 10 -12 -13 -14 -15
leaf_value=0.00092828600811063798 -0.0002961535688986733 0.0046189588411620118 0.0014019508507160715 0.0050624269214980021 0.0023129037342501393 -0.0038725323924006971 -0.0016178844056898289 0.0017681297933724125 -0.00042208212524736901 0.00096235441460513474 -0.0032898829910798949 -0.0016482162512901455 -0.0001471878704305413 -0.00017778634639458452
leaf_weight=1120.2606607675552 137.67826247215271 139.64484071731567 206.0551552772522 184.61624097824097 627.39086186885834 182.66373336315155 1154.5175760984421 579.52790915966034 294.31997859477997 274.21572232246399 230.30362582206726 357.87799251079559 2611.4696696996689 672.57680523395538
leaf_count=417 62 60 71 62 178 57 389 148 125 96 89 185 779 255
internal_value=0.000121031 0.00218653 5.33587e-05 0.000819938 -0.000154176 0.000102909 -0.00115984 0.000285385 -0.00174879 0.000335066 -0.00098138 8.37461e-05 0.000242593 0.00102513
internal_weight=8773.12 277.323 8495.8 1809.4 6686.4 5325.83 1360.57 4848.84 476.984 1624.78 504.519 4269.32 3911.44 1299.97
internal_count=2973 122 2851 664 2187 1727 460 1545 182 602 185 1397 1212 433
is_linear=0
shrinkage=0.03


Tree=282
num_leaves=15
num_cat=0
split_feature=11 12 7 9 8 9 8 7 8 15 14 12 11 10
split_gain=1.15413 1.21909 2.39029 2.03676 1.62853 2.58733 1.62331 2.04497 2.26239 2.32049 2.40913 3.19436 2.11179 1.80485
threshold=3.3666666666666671 1.1666666666666667 0.45000000000000007 2.1810000000000009 1.6944000000000001 1.8170000000000004 1.6838666666666671 0.55000000000000016 1.571666666666667 1088.7500000000002 1097.5000000000002 1.8333333333333337 1.5500000000000003 1.1666666666666667
decision_type=10 8 2 10 10 10 10 2 10 2 2 10 8 10
left_child=1 2 -1 6 -4 -6 7 -3 9 12 11 -11 13 -9
right_child=-2 3 4 -5 5 -7 -8 8 -10 10 -12 -13 -14 -15
leaf_value=0.0022720581658009641 0.0023095734314639983 -0.0017522204390195866 -0.00096260240512164013 0.0031409492635014915 0.003044101194146259 -0.00052252013071302846 -0.0011983270069204008 0.0015511969057295009 0.0040304851807411585 0.00069544057703406622 0.00037539182616508685 -0.0048277047373353529 -0.00033873052918709159 0.0047538412839022905
leaf_weight=284.67308628559113 205.59441816806793 347.02431988716125 2581.3472826480865 224.34554779529572 259.00367224216461 617.77380454540253 626.39995098114014 539.76415073871613 169.37669098377228 176.95790529251099 1956.3753378391266 200.08508825302124 342.08375644683838 224.16957974433899
leaf_count=74 47 114 878 56 79 162 196 176 56 66 846 83 89 65
internal_value=9.39071e-05 4.03612e-05 -0.000365552 0.000356449 -0.000583274 0.000533342 0.000219464 0.000444215 0.000655852 0.000488543 -4.80795e-05 -0.00224054 0.0016197 0.00249597
internal_weight=8754.97 8549.38 3742.8 4806.58 3458.12 876.777 4582.24 3955.84 3608.81 3439.44 2333.42 377.043 1106.02 763.934
internal_count=2987 2940 1193 1747 1119 241 1691 1495 1381 1325 995 149 330 241
is_linear=0
shrinkage=0.03


Tree=283
num_leaves=15
num_cat=0
split_feature=15 17 1 7 7 15 11 10 8 11 11 3 3 9
split_gain=1.74696 1.47301 1.39341 1.3184 1.57461 0.949038 1.15243 1.91633 3.23751 1.27684 1.33623 1.35493 1.26712 2.7248
threshold=1042.5000000000002 1052.5000000000002 2.2790000000000004 1.1000000000000003 1.5500000000000003 1345.0000000000002 3.3666666666666671 2.5833333333333335 1.9569000000000003 2.4500000000000006 2.1000000000000005 2.7750000000000004 1.6333333333333335 1.0970000000000002
decision_type=2 2 8 2 2 2 8 10 10 10 10 2 2 10
left_child=2 3 -1 -2 -5 6 7 9 -9 10 11 12 -3 -14
right_child=1 5 -4 4 -6 -7 -8 8 -10 -11 -12 -13 13 -15
leaf_value=0.0025431866399719793 -0.0040743356238581233 0.00029576389432672199 0.00025728318547027615 0.0018769680520371982 -0.0026509663181101609 -0.0021026827586520247 0.0023869733492664258 -0.002976750331070273 0.00071652880046105521 -0.0021413131793331093 0.0016095766184367002 0.002657931610896344 0.00044983040060261864 -0.0020798801953500578
leaf_weight=405.80012440681458 152.82640504837036 3591.6898684501648 585.9343513250351 125.07792389392853 152.09544336795807 194.77348697185516 178.63445472717285 488.47161769866943 378.45844709873199 211.82888078689575 565.11260187625885 175.86190676689148 819.00248777866364 718.70109581947327
leaf_count=91 83 1346 143 68 95 104 39 143 98 60 156 55 284 222
internal_value=9.34611e-06 -0.000142366 0.00119425 -0.00184675 -0.000608278 -4.20419e-05 1.45543e-05 -4.67659e-05 -0.00136548 0.000141392 0.000224112 7.62581e-05 -1.27558e-05 -0.000733104
internal_weight=8744.27 7752.53 991.734 430 277.173 7322.53 7127.76 6949.13 866.93 6082.2 5870.37 5305.26 5129.39 1537.7
internal_count=2987 2753 234 246 163 2507 2403 2364 241 2123 2063 1907 1852 506
is_linear=0
shrinkage=0.03


Tree=284
num_leaves=15
num_cat=0
split_feature=11 7 11 11 16 14 0 8 14 4 2 10 5 7
split_gain=1.32012 1.00123 1.02723 1.01333 0.979568 1.0427 1.78453 1.42992 1.5365 1.33493 2.079 1.67345 1.48201 1.81836
threshold=3.2250000000000005 0.22500000000000003 2.4500000000000006 2.9000000000000004 1345.0000000000002 1292.5000000000002 1.6133333333333335 1.6316666666666666 1327.5000000000002 0.41666666666666669 0.58333333333333337 1.8333333333333337 1.0000000180025095e-35 0.90000000000000013
decision_type=8 2 10 10 2 2 8 10 2 2 2 10 2 2
left_child=1 -1 4 -4 5 9 7 8 -7 12 11 -11 13 -3
right_child=-2 2 3 -5 -6 6 -8 -9 -10 10 -12 -13 -14 -15
leaf_value=0.0016754036829025145 0.0024118881800192292 -0.00092394344243022829 -0.0020528878383737517 0.00017813631229922345 0.0015499041865365867 -0.0015115779825588878 -0.0037581098992580902 -0.0027320123881105574 0.0031678355562530106 -0.0012422828887439198 0.0026137327753886891 0.0024415413455058876 -0.00049579262026771002 0.0010722245439316643
leaf_weight=304.00868356227875 206.10641491413116 566.84856188297272 441.5880115032196 312.41158437728882 362.87967252731323 109.92930316925049 178.08403873443604 125.98956954479218 145.96039640903473 380.16384267807007 438.42489361763 155.57661044597626 3487.1066566705704 1483.9855260848999
leaf_count=82 48 170 124 79 79 52 101 58 84 161 161 49 1232 483
internal_value=4.5423e-05 -1.22833e-05 -7.51344e-05 -0.00112948 3.19269e-05 -4.61712e-05 -0.00128723 -0.000128158 0.00115952 6.0726e-05 0.00108424 -0.000169961 -0.000119481 0.000520304
internal_weight=8699.06 8492.96 8188.95 754 7434.95 7072.07 559.963 381.879 255.89 6512.11 974.165 535.74 5537.94 2050.83
internal_count=2963 2915 2833 203 2630 2551 295 194 136 2256 371 210 1885 653
is_linear=0
shrinkage=0.03


Tree=285
num_leaves=15
num_cat=0
split_feature=6 12 1 18 13 7 1 12 7 8 15 6 16 13
split_gain=1.13307 2.69237 1.81674 2.08745 1.87688 1.36969 2.0273 1.97437 1.86426 3.1153 1.741 1.27374 2.75377 2.48241
threshold=1.8333333333333337 1.0000000180025095e-35 0.90944999999999998 1.0000000180025095e-35 1.2250000000000003 2.1000000000000005 1.5250000000000004 2.1666666666666674 1.9000000000000001 1.0500166666666668 1137.5000000000002 0.83333333333333337 1210.0000000000002 0.90000000000000013
decision_type=2 10 8 2 10 2 10 10 2 10 2 2 2 10
left_child=1 -1 3 -3 -5 8 7 -7 10 -10 -2 12 13 -4
right_child=5 2 11 4 -6 6 -8 -9 9 -11 -12 -13 -14 -15
leaf_value=-0.0033079864413274027 -0.0016361690433951217 0.0032152541228113204 -0.0039783815344800683 -0.0023169178491528842 0.0022934998897379444 -9.2052786805209383e-06 0.0023143824197412615 -0.0039265876787777342 -0.00031961768222824694 -0.0053604311733737699 0.0013713844410151972 0.00038174884983234762 0.0015634115800900836 -0.00064475753188110267
leaf_weight=199.60252571105957 436.72919034957886 367.51799070835114 236.64588022232056 164.72267866134644 151.68969428539276 717.33982622623444 275.25573372840881 137.08235359191895 214.04391252994537 227.04533398151398 285.7363543510437 3555.7643269300461 426.36833047866821 1309.261522769928
leaf_count=54 132 117 79 59 64 301 84 67 92 77 117 1189 95 447
internal_value=-9.19337e-05 0.00011278 0.000223211 0.00168062 -0.000106398 -0.000664087 8.00904e-05 -0.00064156 -0.00138605 -0.00292057 -0.000446425 4.26288e-05 -0.000568646 -0.00115731
internal_weight=8704.81 6411.57 6211.97 683.93 316.412 2293.23 1129.68 854.422 1163.55 441.089 722.466 5528.04 1972.28 1545.91
internal_count=2974 2104 2050 240 123 870 452 368 418 169 249 1810 621 526
is_linear=0
shrinkage=0.03


Tree=286
num_leaves=15
num_cat=0
split_feature=11 11 17 12 17 8 5 14 0 13 0 8 4 14
split_gain=1.63975 1.40901 2.44129 2.43103 3.8178 2.48262 2.18671 2.51466 1.95247 1.53527 1.49543 2.08268 1.81477 1.75893
threshold=0.36666666666666675 1.3666666666666669 1097.5000000000002 1.1666666666666667 1077.5000000000002 1.3960000000000001 0.36666666666666675 1253.7500000000002 0.83333333333333359 2.1000000000000005 1.4460000000000002 0.83075000000000021 0.41666666666666669 1152.5000000000002
decision_type=10 10 2 10 2 10 2 2 8 10 10 10 2 2
left_child=-1 3 -3 4 -2 8 7 -4 -5 -10 11 12 -8 -14
right_child=1 2 6 5 -6 -7 10 -9 9 -11 -12 -13 13 -15
leaf_value=-0.002821809745281424 -0.0043910887551216133 -0.0025896661507001572 1.5489099332523113e-05 0.0038755955883777891 0.00014757911988544763 -0.0014437135929050008 -0.0020489450870517286 0.0026502432438153009 0.0016832689936668653 -0.00032725902857064264 0.00093460818310983293 -0.0030129131943089594 -0.00109274115698442 0.0028510637011494948
leaf_weight=189.04183292388916 200.29477202892303 392.64150774478912 2735.8581480979919 260.2718859910965 973.06200587749481 305.59617328643799 364.40108978748322 369.12597954273224 1137.959854722023 488.0014306306839 278.48779559135437 492.48525547981262 204.35566306114197 200.98173034191132
leaf_count=83 104 188 714 116 344 104 122 127 442 215 79 173 53 75
internal_value=-6.61247e-05 -3.80571e-06 -0.000321258 0.000471436 -0.000630262 0.00106123 -0.000129022 0.000329466 0.00146761 0.00108002 -0.00105262 -0.00149146 -0.000515382 0.000864952
internal_weight=8592.57 8403.52 5038.34 3365.19 1173.36 2191.83 4645.7 3104.98 1886.23 1625.96 1540.71 1262.22 769.738 405.337
internal_count=2939 2856 1531 1325 448 877 1343 841 773 657 502 423 250 128
is_linear=0
shrinkage=0.03


Tree=287
num_leaves=15
num_cat=0
split_feature=17 10 12 11 0 3 13 16 13 13 7 3 11 11
split_gain=1.74798 1.82687 3.22792 2.16745 1.48324 1.46421 1.42941 2.21835 1.38996 1.93905 1.37708 1.76554 1.27122 1.38958
threshold=1042.5000000000002 0.83333333333333337 0.83333333333333337 1.1000000000000003 2.788333333333334 0.70833333333333337 1.7083333333333337 1068.7500000000002 0.77500000000000013 1.3666666666666669 2.3666666666666671 2.4500000000000006 2.9000000000000004 1.3666666666666669
decision_type=2 10 8 8 8 2 10 2 10 10 2 2 10 10
left_child=-1 2 -2 4 -4 8 7 -7 -3 -10 11 12 13 -9
right_child=1 5 3 -5 -6 6 -8 10 9 -11 -12 -13 -14 -15
leaf_value=-0.0021178872033589379 -0.0016687841036822813 0.0011091650338572038 0.0022718596299468874 0.0043887255457392364 -3.1406646739878717e-05 0.003391670683230564 -0.00062621494651378634 0.00080374497217478708 -0.0042915700006922351 -0.00050147766648451434 0.0020262765555358912 0.0021080006604640429 0.0017354089292479975 -0.00062359939457183036
leaf_weight=293.60048711299896 292.67024075984955 159.23875570297241 548.51758778095245 239.32091426849365 464.14372551441193 216.33542597293854 1530.3832587003708 821.53661668300629 209.7203323841095 287.61308991909027 372.1363080739975 363.28660178184509 313.73021221160889 2419.134161233902
leaf_count=171 116 55 216 80 190 88 538 276 87 127 122 84 73 686
internal_value=0.000152765 0.00023394 0.00116355 0.00182646 0.00121719 1.92598e-05 0.000165672 0.000434692 -0.00132506 -0.00210512 0.000284816 0.000118922 -8.49128e-05 -0.00026162
internal_weight=8531.37 8237.77 1544.65 1251.98 1012.66 6693.11 6036.54 4506.16 656.572 497.333 4289.82 3917.69 3554.4 3240.67
internal_count=2909 2738 602 486 406 2136 1867 1329 269 214 1241 1119 1035 962
is_linear=0
shrinkage=0.03


Tree=288
num_leaves=15
num_cat=0
split_feature=0 14 16 14 18 17 13 16 14 14 8 17 17 12
split_gain=1.54088 1.31455 1.77256 1.43759 1.26643 1.87298 1.616 1.80607 1.57221 3.39552 1.52979 1.35874 1.36452 1.95123
threshold=2.4133333333333336 1052.5000000000002 1148.7500000000002 1037.5000000000002 1.0000000180025095e-35 1087.5000000000002 2.1000000000000005 1068.7500000000002 1082.5000000000002 1097.5000000000002 0.85333333333333383 1052.5000000000002 1087.5000000000002 1.8333333333333337
decision_type=10 2 2 2 2 2 8 2 2 2 10 2 2 10
left_child=1 2 3 -1 11 6 7 -6 10 -10 -7 -3 13 -13
right_child=-2 4 -4 -5 5 8 -8 -9 9 -11 -12 12 -14 -15
leaf_value=0.00090985087897846469 -0.0018545316336697529 -0.0020932339646775986 -0.00025206298478492049 0.0042602441755626597 -5.2600671559841182e-05 -0.00031223944981229084 0.00063704559399145166 -0.0042114160842389023 0.0036607866396448289 -0.00022196289373765764 -0.0037596821014629169 0.0034406836278538014 0.00021163257000339624 -0.00061356819254270519
leaf_weight=256.15139734745026 395.75585770606995 201.65789270401001 426.08676528930664 209.61379039287567 135.4030464887619 279.75473546981812 152.52161157131195 306.39786505699158 222.88296985626221 2142.3471655845642 196.96389961242676 291.00712656974792 3220.5421308279037 168.06322300434113
leaf_count=72 109 114 91 64 79 84 83 156 70 775 59 127 979 77
internal_value=-2.8552e-05 5.96894e-05 0.00114642 0.00242356 -7.28983e-05 -0.000492267 -0.00202236 -0.00293982 -0.000171688 0.000145313 -0.00174149 0.000298419 0.000430025 0.00195834
internal_weight=8605.15 8209.39 891.852 465.765 7317.54 3436.27 594.323 441.801 2841.95 2365.23 476.719 3881.27 3679.61 459.07
internal_count=2939 2830 227 136 2603 1306 318 235 988 845 143 1297 1183 204
is_linear=0
shrinkage=0.03


Tree=289
num_leaves=15
num_cat=0
split_feature=17 16 15 11 16 10 8 0 6 1 0 8 12 11
split_gain=1.70271 2.65263 1.40036 2.15468 1.24652 1.20035 2.55507 1.90926 1.8226 2.53508 1.67593 1.16127 1.08428 3.20987
threshold=1197.5000000000002 1137.5000000000002 1068.7500000000002 1.1000000000000003 1277.5000000000002 1.8333333333333337 1.4016666666666671 1.4750000000000003 2.1666666666666674 1.8263333333333336 1.1883333333333337 1.6617166666666667 0.83333333333333337 2.3666666666666671
decision_type=2 2 2 8 2 8 10 10 2 8 10 10 8 10
left_child=5 11 4 -4 -3 6 -1 -8 9 10 -7 -2 13 -5
right_child=1 2 3 12 -6 8 7 -9 -10 -11 -12 -13 -14 -15
leaf_value=-0.00032485262566042168 0.0039090604896844924 -0.0019756301724017204 0.0030618432774385308 0.0022035483682819783 0.00037511036740127748 -0.00027266358736229024 -0.0041869803957741867 -0.00082522888754403556 0.0033748142064284653 -0.0018125830910344861 0.0038305914630971829 0.0010745588305721091 -0.00037435003271562851 -0.0014172049458841178
leaf_weight=3285.6164985895157 243.85514378547668 471.44475388526917 255.40594577789307 627.90064525604248 355.5124990940094 184.63534688949585 291.69170582294464 317.70326399803162 167.2812352180481 373.84956455230713 172.79706275463104 279.79541993141174 1379.8861001729965 338.37517547607422
leaf_count=1389 66 102 77 165 62 69 123 105 66 129 61 79 383 83
internal_value=-4.80559e-05 0.000412891 0.000108862 0.000450704 -0.000965804 -0.000428101 -0.000656098 -0.00243858 0.000559829 -8.78302e-05 0.00171617 0.00239947 0.000165269 0.000935461
internal_weight=8745.75 3952.18 3428.53 2601.57 826.957 4793.57 3895.01 609.395 898.563 731.282 357.432 523.651 2346.16 966.276
internal_count=2959 1017 872 708 164 1942 1617 228 325 259 130 145 631 248
is_linear=0
shrinkage=0.03


Tree=290
num_leaves=15
num_cat=0
split_feature=17 15 0 4 14 16 3 3 8 6 15 8 8 15
split_gain=1.84783 1.54989 1.60877 1.52446 1.99497 2.64308 2.58347 1.65037 1.4216 2.38352 1.73888 1.70037 1.42725 1.4122
threshold=1327.5000000000002 1042.5000000000002 1.9116666666666668 0.41666666666666669 1310.0000000000002 1146.2500000000002 0.90000000000000013 1.1000000000000003 1.4016666666666671 1.8333333333333337 1152.5000000000002 1.2176000000000005 1.1146166666666668 1107.5000000000002
decision_type=2 2 8 2 2 2 2 2 8 2 2 10 10 2
left_child=1 2 -1 8 5 7 -7 -5 11 10 13 12 -3 -10
right_child=-2 3 -4 4 -6 6 -8 -9 9 -11 -12 -13 -14 -15
leaf_value=0.0029365393815325162 0.0010535127584572056 -0.00037233788396874579 0.00010873381993360032 0.0033107767340932607 -0.0024187482838043703 -0.0033036687237856435 0.0013736106440056415 -0.00012749129117235216 -0.00020652061859581703 -0.0031157627667415585 0.0017692411566575202 0.0015381337671988081 -0.0028649578099252905 -0.0026909867761436132
leaf_weight=253.8431339263916 1111.4580030441284 3292.2302235364914 625.73023855686188 433.13619005680084 173.28724527359009 194.35267949104309 232.22832000255585 176.71736788749695 510.52936434745789 491.70055282115936 221.29207074642181 397.82088589668274 219.64202845096588 344.29739201068878
leaf_count=59 239 1257 159 191 100 68 70 72 143 176 82 143 82 115
internal_value=-8.81383e-05 -0.000255948 0.000927241 -0.000411688 0.000551818 0.00105034 -0.000760126 0.00231589 -0.000624543 -0.00138746 -0.000595611 -0.000318328 -0.000529004 -0.00120916
internal_weight=8678.27 7566.81 879.573 6687.23 1209.72 1036.43 426.581 609.854 5477.51 1567.82 1076.12 3909.69 3511.87 854.827
internal_count=2956 2717 218 2499 501 401 138 263 1998 516 340 1482 1339 258
is_linear=0
shrinkage=0.03


Tree=291
num_leaves=15
num_cat=0
split_feature=8 8 3 10 13 10 0 16 15 3 3 13 10 0
split_gain=1.18486 1.28125 1.39712 0.94612 1.96511 1.91133 2.44722 2.71406 1.67721 1.48662 2.91558 1.38504 1.51405 1.29756
threshold=2.4716666666666676 2.2916666666666674 2.7083333333333335 0.83333333333333337 0.90000000000000013 1.1666666666666667 1.7789166666666671 1093.7500000000002 1312.5000000000002 1.6333333333333335 1.1000000000000003 0.63333333333333341 2.1666666666666674 1.1939500000000003
decision_type=10 10 2 8 10 8 8 2 2 2 2 8 10 8
left_child=1 2 3 4 -1 6 7 -5 11 10 -8 12 -7 -6
right_child=-2 -3 -4 5 13 8 9 -9 -10 -11 -12 -13 -14 -15
leaf_value=-0.0019858045959009257 0.0016086475007427402 -0.0024722276230491227 0.0016053688026730656 -0.0059534415279857249 0.0025814052489475624 0.0022500818428829819 -0.0017808818262379223 -0.0014264117407042597 -0.0027323762011879664 -0.0021328988087836462 0.0031046364063305838 -0.00015590139058158247 -0.00047874904996330508 0.00042923792888507434
leaf_weight=241.79408097267151 383.39465367794037 198.18161141872406 439.82465898990631 171.72777771949768 329.39128661155701 489.73208248615265 201.40625834465027 387.60071980953217 197.50893878936768 221.08954167366028 239.79827058315277 3720.0806727409363 291.31937539577484 1066.7310825586319
leaf_count=96 96 54 126 83 149 132 87 132 106 71 90 1196 72 435
internal_value=-1.92079e-05 -9.55414e-05 -3.63481e-05 -0.000132082 0.000505848 -0.00030863 -0.00136526 -0.00282447 -3.36798e-05 -0.000130508 0.000875453 8.53191e-05 0.00123296 0.000938489
internal_weight=8579.58 8196.19 7998 7558.18 1637.92 5920.26 1221.62 559.328 4698.64 662.294 441.205 4501.13 781.051 1396.12
internal_count=2925 2829 2775 2649 680 1969 463 215 1506 248 177 1400 204 584
is_linear=0
shrinkage=0.03


Tree=292
num_leaves=15
num_cat=0
split_feature=14 9 13 12 17 17 13 6 14 14 14 17 16 9
split_gain=1.22109 1.90581 2.6446 1.58416 1.93739 1.5447 1.99526 2.47469 2.45943 4.2078 1.8508 1.4945 2.5967 2.51818
threshold=1292.5000000000002 1.5870000000000004 1.9000000000000001 1.4166666666666667 1310.0000000000002 1261.2500000000002 2.2250000000000005 1.8333333333333337 1112.5000000000002 1202.5000000000002 1197.5000000000002 1188.7500000000002 1102.5000000000002 0.94550000000000012
decision_type=2 10 10 10 2 2 10 2 2 2 2 2 2 10
left_child=3 2 -2 -1 5 6 7 8 11 -10 -9 12 13 -5
right_child=1 -3 -4 4 -6 -7 -8 10 9 -11 -12 -13 -14 -15
leaf_value=-0.00015719005291765366 0.0014739846052198803 -0.0034283425679594273 -0.0039403518948555663 0.0035053575649039693 0.003823893921601226 -0.0014415723057742693 -0.00065421235292740284 -0.0023379847247798559 0.0047886254564409965 -0.00023522214181261473 0.0013997084265659691 0.0028391501912131186 -0.0021529089893299585 -0.0011203894639327519
leaf_weight=4856.062756896019 302.26386106014252 220.01749873161316 109.87657201290131 249.22650754451752 168.05191922187805 321.15382051467896 684.57606196403503 267.71114253997803 456.93015503883362 223.03642511367798 213.44684159755707 236.63695406913757 280.28646528720856 182.99262082576752
leaf_count=1496 166 94 66 100 36 86 277 98 168 94 93 59 95 63
internal_value=8.82904e-05 -0.00118076 2.44797e-05 0.000186978 0.000695785 0.000525907 0.000752424 0.00120883 0.00176691 0.00314282 -0.00068044 0.000778928 9.16683e-05 0.00154885
internal_weight=8772.27 632.158 412.14 8140.11 3284.05 3116 2794.84 2110.27 1629.11 679.967 481.158 949.143 712.506 432.219
internal_count=2991 326 232 2665 1169 1133 1047 770 579 262 191 317 258 163
is_linear=0
shrinkage=0.03


Tree=293
num_leaves=15
num_cat=0
split_feature=17 16 17 13 13 8 9 2 9 9 3 0 0 16
split_gain=1.68841 1.05616 1.66588 1.46406 3.38994 1.3928 3.43524 2.23876 1.90851 3.26023 1.70682 2.25223 1.2801 1.20694
threshold=1037.5000000000002 1137.5000000000002 1197.5000000000002 1.7083333333333337 1.1000000000000003 1.7966666666666666 1.5870000000000004 1.5833333333333337 1.4790000000000003 1.3710000000000002 2.7083333333333335 1.656666666666667 1.8933333333333335 1060.0000000000002
decision_type=2 2 2 10 10 8 10 2 10 10 2 10 10 2
left_child=-1 5 3 4 -3 6 8 -7 9 10 11 13 -13 -2
right_child=1 2 -4 -5 -6 7 -8 -9 -10 -11 -12 12 -14 -15
leaf_value=-0.0024337984157641111 0.002225340685552525 -0.0025858235917864607 5.4000529933847412e-05 -0.0035765897910687103 0.0010879963258263047 0.00098700573709031934 0.0034390465288109337 -0.0031432210331549465 -0.0029656896047671861 0.0040612955294249183 0.0028050733871052128 -0.0040019529884217355 -0.00067784956666021355 0.00010477421257649335
leaf_weight=255.33495628833771 274.94026780128479 455.87283802032471 3312.6942728757858 204.36205875873566 446.58516979217529 228.46159338951111 343.38748848438263 242.73108530044556 153.61932063102722 208.65916335582733 206.59045577049255 171.07831728458405 265.87588465213776 1939.6912848949432
leaf_count=153 145 167 847 73 153 80 109 76 55 74 64 62 89 816
internal_value=-3.51301e-05 3.75911e-05 -0.000282767 -0.00128985 -0.000768626 0.000388458 0.000591176 -0.0011428 0.000286543 0.000450363 0.000185421 -1.96621e-05 -0.00198548 0.000368922
internal_weight=8709.88 8454.55 4419.51 1106.82 902.458 4035.03 3563.84 471.193 3220.45 3066.84 2858.18 2651.59 436.954 2214.63
internal_count=2963 2810 1240 393 320 1570 1414 156 1305 1250 1176 1112 151 961
is_linear=0
shrinkage=0.03


Tree=294
num_leaves=15
num_cat=0
split_feature=11 15 0 17 17 0 11 17 10 0 12 12 14 14
split_gain=1.56327 0.932124 0.859007 0.856254 1.62064 1.11955 1.72355 4.01927 1.87856 1.61715 2.09697 1.30404 1.25006 1.0172
threshold=2.9000000000000004 1345.0000000000002 1.9233333333333336 1235.0000000000002 1212.5000000000002 1.5083333333333335 1.9000000000000001 1106.2500000000002 1.1666666666666667 1.1939500000000003 1.1666666666666667 2.8333333333333335 1157.5000000000002 1267.5000000000002
decision_type=8 2 8 2 2 8 10 2 10 10 10 10 2 2
left_child=1 3 -2 4 5 6 7 9 -9 10 -1 -7 -10 -5
right_child=2 -3 -4 13 -6 11 -8 8 12 -11 -12 -13 -14 -15
leaf_value=-0.004116366357024886 0.00027972597089757505 -0.002068449807079366 0.0027073381951137235 0.00020055034549187718 -0.0024676015289483658 0.00031126828681771781 -0.0029110158407011362 -0.00061862362746400459 0.00060648067060889096 -0.0044033760764553087 0.00028904173500545312 -0.0019679699445671827 0.0037372894572698977 0.0022339593744126291
leaf_weight=142.29560601711273 247.06133198738098 212.95854508876801 279.31390953063965 2215.4958918094635 284.99434387683868 3311.8719434738159 283.06000638008118 346.70782172679901 212.80863428115845 194.81300795078278 302.22108364105225 241.45917785167694 249.33192694187164 245.03175675868988
leaf_count=75 59 119 69 524 85 1250 98 123 65 94 149 98 92 84
internal_value=-1.28873e-05 -0.000114182 0.0015706 -6.21034e-05 -0.000267998 -0.00014893 -0.000774271 -0.000354904 0.00104974 -0.00213086 -0.00112726 0.000155877 0.00230002 0.000403873
internal_weight=8769.42 8243.05 526.375 8030.09 5569.56 5284.57 1731.24 1448.18 808.848 639.33 444.517 3553.33 462.141 2460.53
internal_count=2984 2856 128 2737 2129 2044 696 598 280 318 224 1348 157 608
is_linear=0
shrinkage=0.03


Tree=295
num_leaves=15
num_cat=0
split_feature=0 0 14 8 9 5 12 5 7 8 1 13 9 3
split_gain=1.62713 1.97643 2.75914 1.77856 2.55207 1.78419 2.02056 1.89116 1.25783 0.9786 1.6832 1.90472 3.14749 2.07526
threshold=1.0216666666666672 1.1785500000000002 1162.5000000000002 1.4550000000000001 1.8470000000000002 0.55000000000000016 1.8333333333333337 0.36666666666666675 0.36666666666666675 2.0350000000000006 1.7390300000000003 0.90000000000000013 1.7890000000000004 1.1000000000000003
decision_type=8 8 2 10 10 2 10 2 2 8 8 10 8 2
left_child=3 2 -2 5 -5 6 7 -1 -3 10 11 -10 13 -13
right_child=1 8 -4 4 -6 -7 -8 -9 9 -11 -12 12 -14 -15
leaf_value=0.0014748082073885544 -0.00051084147110727444 0.0020293937136553475 0.0042041838362230771 -0.0047927900487840149 2.7042278115314981e-05 0.0024817060672388401 -0.0031562906575622589 -0.0019761003907317453 -0.0034298302500709765 0.00092785278840259002 9.0080358997957655e-05 0.0027787417235467784 -0.0041451456934305493 -0.00060550942825379425
leaf_weight=351.72220849990845 204.39066958427429 265.72831237316132 244.78372609615326 223.1414475440979 176.88733375072479 170.75050473213196 245.55747866630554 239.29001891613007 256.67068600654602 775.27663671970367 4325.5584133863449 203.50532042980194 187.32028448581696 803.98583602905273
leaf_count=121 60 70 92 95 60 74 104 92 81 192 1484 80 55 293
internal_value=-4.37899e-05 0.000137057 0.00206231 -0.000977077 -0.00266677 -0.000304082 -0.000874968 7.66207e-05 9.93751e-06 -7.22584e-05 -0.00020661 -0.00109023 -0.000585188 8.01603e-05
internal_weight=8674.57 7267.22 449.174 1407.35 400.029 1007.32 836.57 591.012 6818.05 6552.32 5777.04 1451.48 1194.81 1007.49
internal_count=2953 2407 152 546 155 391 317 213 2255 2185 1993 509 428 373
is_linear=0
shrinkage=0.03


Tree=296
num_leaves=15
num_cat=0
split_feature=11 11 11 8 0 0 14 14 12 7 10 1 6 7
split_gain=1.54548 1.27202 2.05408 2.14193 2.06398 2.03412 1.92263 2.5889 1.72907 1.96849 1.99565 3.04879 3.29162 1.70962
threshold=3.2250000000000005 2.4500000000000006 1.7750000000000001 1.9683333333333337 1.2950000000000006 1.4516666666666669 1047.5000000000002 1077.5000000000002 2.1666666666666674 1.9000000000000001 2.1666666666666674 1.2970000000000004 1.1666666666666667 0.70833333333333337
decision_type=10 10 10 10 8 8 2 2 10 2 10 10 2 2
left_child=1 2 3 4 13 -6 -4 -8 9 10 11 12 -9 -1
right_child=-2 -3 6 -5 5 -7 7 8 -10 -11 -12 -13 -14 -15
leaf_value=0.0038243073425704602 0.0026678723587032298 -0.001217974928613185 0.0031875070660213139 -0.0033819046469240155 -0.0032586297509354495 -0.00035195208502214215 -0.0020100621630537653 0.00050866409897763916 -0.0016611634661286344 0.0029030116122117601 -0.00092344742942520577 -0.0012594996668191325 0.0055094694865349915 0.00045533346045631385
leaf_weight=152.02414309978485 187.71711587905884 796.16586589813232 261.91844987869263 193.07473468780518 229.68251955509186 3578.4241844415665 321.39756071567535 241.427849650383 208.64148080348969 456.56384408473969 472.36801946163177 226.66417646408081 232.00293481349945 1191.9281402826309
leaf_count=54 43 213 52 64 89 1319 87 75 68 150 136 62 72 492
internal_value=-1.75588e-05 -7.67381e-05 4.04008e-05 -0.000287955 -0.000171375 -0.000528075 0.000765176 0.00046998 0.000904583 0.00123401 0.000582177 0.00159792 0.00296574 0.000838983
internal_weight=8750 8562.28 7766.12 5345.13 5152.06 3808.11 2420.98 2159.07 1837.67 1629.03 1172.46 700.095 473.431 1343.95
internal_count=2976 2933 2720 2018 1954 1408 702 650 563 495 345 209 147 546
is_linear=0
shrinkage=0.03


Tree=297
num_leaves=15
num_cat=0
split_feature=10 8 10 13 13 8 8 3 1 3 13 15 13 6
split_gain=1.23996 2.21988 2.03299 1.2605 2.12747 1.4338 1.23762 1.85405 2.87798 1.79553 2.66883 2.42089 1.5709 1.95715
threshold=2.5833333333333335 2.0283333333333338 2.8333333333333335 0.70833333333333337 0.22500000000000003 1.4916666666666669 1.7783333333333335 1.4500000000000002 1.3310000000000002 0.63333333333333341 1.2916666666666667 1167.5000000000002 2.2250000000000005 1.8333333333333337
decision_type=10 10 10 8 10 10 10 2 10 2 8 2 8 2
left_child=3 2 -2 4 -1 -6 9 8 -8 10 -5 -12 -11 -14
right_child=1 -3 -4 6 5 -7 7 -9 -10 12 11 -13 13 -15
leaf_value=-0.0015146828366234873 -0.003752076031140607 0.00079160044643923069 -0.00057461347906682329 -0.0041126936468548342 0.0010865701654144003 0.0039301075328246416 -0.0017115584402814389 -0.0024816542306362473 0.0030678386145925633 0.00058514432243290785 -0.0024313099553395605 0.0024238770895960711 -0.0019859006907743709 0.0018510179124554714
leaf_weight=208.58854472637177 301.80406475067139 460.77728724479675 452.46102142333984 206.22535383701324 570.49797868728638 221.27382934093475 270.87148356437683 410.96333336830139 193.53493988513947 4324.7883117198944 173.46286594867706 195.57131993770599 471.82055795192719 159.30601000785828
leaf_count=60 87 116 121 93 176 61 92 115 56 1529 66 107 192 68
internal_value=3.98978e-05 -0.000847968 -0.0018493 0.00018564 0.00117547 0.0018852 3.09213e-05 -0.00101655 0.000282501 0.000196849 -0.0013882 0.000141315 0.000381077 -0.00101601
internal_weight=8621.95 1215.04 754.265 7406.9 1000.36 791.772 6406.54 875.37 464.406 5531.17 575.26 369.034 4955.91 631.127
internal_count=2939 324 208 2615 297 237 2318 263 148 2055 266 173 1789 260
is_linear=0
shrinkage=0.03


Tree=298
num_leaves=15
num_cat=0
split_feature=2 0 13 6 8 8 10 3 8 12 1 6 6 1
split_gain=1.3236 2.43318 2.42941 2.17339 3.26183 3.9501 2.80707 2.0665 2.05847 1.97847 1.72419 1.83677 1.82376 3.76103
threshold=1.8333333333333337 1.8583333333333336 2.2250000000000005 1.4166666666666667 1.8016666666666667 1.5010166666666669 1.1666666666666667 2.2250000000000005 0.90499999999999992 1.1666666666666667 1.5510000000000004 1.8333333333333337 1.4166666666666667 0.82900000000000018
decision_type=2 10 10 2 10 10 10 2 10 8 10 2 2 10
left_child=1 9 3 4 5 7 -5 8 -2 -1 11 12 -11 -14
right_child=2 -3 -4 6 -6 -7 -8 -9 -10 10 -12 -13 13 -15
leaf_value=-0.00042998988788048461 0.00031545362156674826 0.0025677233345656782 -0.002998172789191999 -0.0044288246414187554 -0.0021927424775257287 0.00473602649015322 -0.00028508525866754693 0.00189935822232655 -0.0032193439495526474 0.0010306520748784081 -0.0011554652291830439 -0.00018352480971606529 0.00071048866268001189 0.0065984666468681934
leaf_weight=2382.5999673604965 603.41003525257111 425.84093916416168 290.18287813663483 209.61739230155945 347.28504037857056 219.7899067401886 488.6431382894516 503.55076634883881 195.51098310947418 1395.5722360610962 379.93885695934296 805.36603808403015 219.0722097158432 175.53949630260468
leaf_count=792 196 122 111 79 87 58 147 137 63 529 124 356 89 61
internal_value=0.000126865 0.000387829 -0.000401218 -0.000106688 0.000426783 0.00102544 -0.00153359 0.000396134 -0.000552521 0.000214133 0.00072988 0.0010062 0.00154123 0.00333976
internal_weight=8641.92 5783.93 2857.99 2567.81 1869.55 1522.26 698.261 1302.47 798.921 5358.09 2975.49 2595.55 1790.18 394.612
internal_count=2951 2073 878 767 541 454 226 396 259 1951 1159 1035 679 150
is_linear=0
shrinkage=0.03


Tree=299
num_leaves=15
num_cat=0
split_feature=8 5 12 10 7 6 1 1 13 8 8 14 17 0
split_gain=1.59763 1.2597 2.14893 1.23978 1.31614 1.11523 1.08475 1.3263 1.05245 1.59163 1.27557 1.38117 1.06573 0.893409
threshold=2.7066666666666666 1.0000000180025095e-35 1.1666666666666667 3.1666666666666674 2.9000000000000004 2.8333333333333335 1.7030000000000001 1.5390000000000004 1.2916666666666667 1.3816666666666668 0.68166666666666687 1106.2500000000002 1112.5000000000002 1.8750000000000002
decision_type=8 2 10 10 2 2 10 8 10 10 10 2 2 10
left_child=1 2 6 4 5 13 7 -1 -4 10 12 -12 -10 -3
right_child=-2 3 8 -5 -6 -7 -8 -9 9 -11 11 -13 -14 -15
leaf_value=0.0003670807826033454 0.0024771630635622151 -0.00040446485866514994 -0.0021062310925613458 -0.0024972954550291854 0.0020345147933717028 -0.0023745907243030921 -2.903849204941819e-05 0.0029890367661286263 -0.001440983505604099 -0.0014895408579000159 0.00033880360921794686 0.0039930354262658887 0.0012966243852837458 0.00084817536130986967
leaf_weight=267.26034545898438 219.1415069103241 4624.2992208003998 239.38923621177673 232.45451688766479 214.2658656835556 234.95823872089386 310.72553849220276 496.2940411567688 281.01064503192902 409.56757605075836 192.93720185756683 179.24300718307495 233.33707141876221 575.34005856513977
leaf_count=82 52 1697 67 61 96 97 75 136 120 116 56 69 68 171
internal_value=-4.60415e-05 -0.000111446 0.000436989 -0.00035484 -0.00026625 -0.000357318 0.00146553 0.00207298 -0.000283097 5.50003e-05 0.000769438 0.00210468 -0.000198944 -0.000265724
internal_weight=8710.22 8491.08 2609.76 5881.32 5648.86 5434.6 1074.28 763.554 1535.48 1296.1 886.528 372.18 514.348 5199.64
internal_count=2963 2911 789 2122 2061 1965 293 218 496 429 313 125 188 1868
is_linear=0
shrinkage=0.03


Tree=300
num_leaves=15
num_cat=0
split_feature=3 14 0 0 0 0 16 14 13 18 0 14 2 0
split_gain=1.01828 3.02384 1.56462 1.79952 1.51565 1.62405 1.37569 2.38803 2.3661 1.96672 1.86978 1.77144 1.64456 1.23426
threshold=1.6333333333333335 1212.5000000000002 1.4460000000000002 1.3149833333333336 1.1004000000000003 1.1785500000000002 1137.5000000000002 1052.5000000000002 1.3666666666666669 1.0000000180025095e-35 2.2983333333333342 1092.5000000000002 2.1666666666666674 1.656666666666667
decision_type=2 2 10 10 10 10 2 2 10 2 8 2 2 10
left_child=2 6 3 4 -1 -6 7 -2 11 12 -11 -8 -9 -4
right_child=1 -3 13 -5 5 -7 8 9 -10 10 -12 -13 -14 -15
leaf_value=-0.00010726345745412567 0.0023662331433561448 -0.003319650004876544 0.0025150555076870309 -0.0024185748499370914 0.004008469085742811 0.00032898690627513103 -0.0013601428334620532 -0.00044560871138421164 -0.0025905272599072572 -7.5159772274297032e-05 -0.0037531578721029541 0.0012185238815244298 0.002690218219662404 0.00044071057872324833
leaf_weight=3642.9364593029022 420.3962653875351 303.45026922225952 406.45733714103699 271.8505380153656 172.74868535995483 285.66366934776306 452.18083143234253 363.3035991191864 470.67323875427246 287.40793359279633 218.38348257541656 508.11239218711853 255.70654606819153 706.04830360412598
leaf_count=1388 115 114 135 96 61 99 100 127 125 110 88 126 85 214
internal_value=-5.38272e-05 -0.00047194 0.000196181 -5.94385e-05 9.74841e-05 0.00172127 -0.000180569 0.000439998 -0.000850514 -0.000281398 -0.00166747 4.135e-06 0.000852018 0.00120016
internal_weight=8765.32 3279.61 5485.7 4373.2 4101.35 458.412 2976.16 1545.2 1430.97 1124.8 505.791 960.293 619.01 1112.51
internal_count=2983 990 1993 1644 1548 160 876 525 351 410 198 226 212 349
is_linear=0
shrinkage=0.03


Tree=301
num_leaves=15
num_cat=0
split_feature=0 12 10 8 10 3 12 15 0 0 16 3 15 1
split_gain=1.27047 2.38026 1.77752 1.44054 1.88884 1.87947 1.85603 0.971045 0.771647 1.07834 0.810413 0.784841 1.81121 1.75124
threshold=1.0383333333333338 1.8333333333333337 3.4166666666666674 1.4383333333333337 1.5833333333333337 0.90000000000000013 1.1666666666666667 1167.5000000000002 1.1785500000000002 1.2583333333333335 1142.5000000000002 1.7083333333333337 1137.5000000000002 2.0970000000000004
decision_type=8 10 10 10 10 2 10 2 8 8 2 2 2 8
left_child=1 3 8 4 6 -5 -1 -3 10 -10 -2 -11 -13 -14
right_child=2 7 -4 5 -6 -7 -8 -9 9 11 -12 12 13 -15
leaf_value=-0.00251154490915197 0.0026166670613494039 -0.0040119828220295233 0.0027215049359891057 0.00071233819105475922 0.0023549741909683814 -0.0034695509568653982 0.0013986429978486705 -0.00093902686830599712 -0.0023128596821004399 0.00026506683338082523 -7.1576417273601733e-05 -9.6897475780153113e-05 -0.0044256498822207758 -0.0002692438734377406
leaf_weight=232.72309422492981 200.25910830497742 248.40319859981537 221.19668006896973 170.99969434738159 316.33876192569733 220.81446659564972 204.25626301765442 148.36366701126099 188.50770854949951 3709.7620935440063 202.35229194164276 2278.2830741405487 183.77027702331543 180.49031496047974
leaf_count=98 78 95 48 64 96 77 87 78 70 1331 58 651 70 71
internal_value=-8.79592e-05 -0.000868841 8.01922e-05 -0.000174217 0.000593117 -0.00164728 -0.000684794 -0.00286816 -4.33188e-06 -8.28754e-05 0.00126873 -1.63459e-05 -0.000411361 -0.00237254
internal_weight=8706.52 1541.9 7164.62 1145.13 753.318 391.814 436.979 396.767 6943.42 6540.81 402.611 6352.31 2642.54 364.261
internal_count=2972 595 2377 422 281 141 185 173 2329 2193 136 2123 792 141
is_linear=0
shrinkage=0.03


Tree=302
num_leaves=15
num_cat=0
split_feature=10 2 15 0 3 2 0 16 0 8 13 15 15 0
split_gain=0.95243 1.16359 2.39954 3.11732 2.10875 2.07005 1.98916 1.68303 1.64199 1.62666 1.51998 1.52925 1.51247 1.49276
threshold=1.0000000180025095e-35 1.4166666666666667 1088.7500000000002 2.3283333333333336 2.3666666666666671 2.5833333333333335 3.0466666666666669 1232.5000000000002 1.8078166666666668 1.4116666666666668 0.90000000000000013 1120.0000000000002 1157.5000000000002 1.3970166666666668
decision_type=8 2 2 8 2 2 8 2 10 10 10 2 2 10
left_child=-1 13 3 9 -5 6 7 -4 -7 -3 -8 -12 -13 -2
right_child=1 2 5 4 -6 8 10 -9 -10 -11 11 12 -14 -15
leaf_value=0.0018638162306241048 3.4166511001998756e-05 0.0027467924051166864 -0.001987060633951189 -0.0020988170533624909 0.00079710275707038343 -0.0050596213053957818 -0.0014416784738202359 0.00086522634914014298 -0.0010430844662958853 0.00029210608983409148 0.003945840368387828 -0.0016867017533432013 0.0025130220877491566 0.0014321176901951052
leaf_weight=243.30558347702026 3634.540790438652 504.82179498672485 929.6300265789032 529.90354919433594 393.71366691589355 189.5783097743988 218.59897351264954 232.13757419586182 177.63525092601776 468.06218814849854 160.58960914611816 159.08783531188965 148.04140949249268 846.83659398555756
leaf_count=102 1366 147 346 151 103 71 71 55 54 106 56 63 66 256
internal_value=1.67434e-05 -3.5765e-05 -0.000400162 0.00038301 -0.000864836 -0.0010705 -0.000660847 -0.00141688 -0.00312478 0.00156734 0.000619131 0.00158332 0.000339221 0.000298595
internal_weight=8836.48 8593.18 4111.8 1896.5 923.617 2215.3 1848.09 1161.77 367.214 972.884 686.318 467.719 307.129 4481.38
internal_count=3013 2911 1289 507 254 782 657 401 125 253 256 185 129 1622
is_linear=0
shrinkage=0.03


Tree=303
num_leaves=15
num_cat=0
split_feature=17 15 5 8 10 15 7 17 17 11 16 16 8 18
split_gain=1.37775 1.12544 1.93485 1.68416 0.901634 0.76475 1.15642 2.71552 0.800202 1.46635 2.12403 1.52657 1.26854 1.2132
threshold=1042.5000000000002 1290.0000000000002 0.45000000000000007 1.3483333333333334 0.41666666666666669 1026.2500000000002 0.45000000000000007 1177.5000000000002 1320.0000000000002 2.1000000000000005 1137.5000000000002 1187.5000000000002 2.2228333333333334 1.0000000180025095e-35
decision_type=2 2 2 10 10 2 2 2 2 8 2 2 10 2
left_child=4 5 3 -3 -1 -2 7 -7 9 -8 -11 -12 13 -10
right_child=1 2 -4 -5 -6 6 8 -9 12 10 11 -13 -14 -15
leaf_value=-0.0041228396848517548 -0.0010258596100313029 0.0023856197693369495 -0.0035527902395202358 -0.0022723287313162091 -0.00064680409998912186 -0.00074528397694110843 0.00029548634943495712 0.0036311030153904516 0.0024853867479681653 0.00082166486297387438 -0.0036130759175218175 -0.00070266939644544001 -0.00066783534413188822 0.0001503705980121466
leaf_weight=106.18585932254791 400.16912579536438 157.81902086734772 193.35367822647095 123.74208438396454 181.08842670917511 228.99111568927765 4934.4750998020172 286.38705110549927 502.07339286804199 387.3714337348938 287.44011044502258 372.01434850692749 318.39464426040649 332.92617440223694
leaf_count=65 88 87 109 61 106 83 1767 66 100 118 84 99 66 79
internal_value=9.82909e-05 0.000167246 -0.00125037 0.000337721 -0.0019415 0.000251022 0.00031794 0.00168892 0.000218683 7.91025e-05 -0.000940185 -0.00197479 0.000941829 0.00155568
internal_weight=8812.43 8525.16 474.915 281.561 287.274 8050.24 7650.07 515.378 7134.7 5981.3 1046.83 659.454 1153.39 835
internal_count=2978 2807 257 148 171 2550 2462 149 2313 2068 301 183 245 179
is_linear=0
shrinkage=0.03


Tree=304
num_leaves=15
num_cat=0
split_feature=9 12 1 15 18 12 14 14 14 9 6 7 1 14
split_gain=0.973149 0.829973 0.848552 2.25965 2.23955 2.10174 1.85034 1.84983 1.78756 1.72714 1.28346 3.74821 2.84438 1.93111
threshold=2.3810000000000007 1.0000000180025095e-35 2.2790000000000004 1047.5000000000002 1.0000000180025095e-35 1.8333333333333337 1261.2500000000002 1066.2500000000002 1217.5000000000002 1.5530000000000002 1.8333333333333337 2.3666666666666671 0.22931000000000004 1207.5000000000002
decision_type=10 8 8 2 2 10 2 2 2 10 2 2 10 2
left_child=1 -1 3 -3 10 7 8 -4 -6 -8 12 13 -5 -12
right_child=-2 2 5 4 6 -7 9 -9 -10 -11 11 -13 -14 -15
leaf_value=-0.0015887128241562625 -0.0015514963776191541 0.0027211346673125295 -0.0011756346033881156 0.0042694818657060566 -0.0005599976025974792 -0.0014300122691168087 0.0032646419683768756 0.00067851897738688293 -0.0036144672419483439 -0.00098719476840982995 -0.0032901997990933481 0.0027493315850161812 0.00080841020166295952 0.00063921905759603233
leaf_weight=243.56646835803986 319.31151616573334 364.23125100135803 627.54868245124817 254.90270137786865 1337.0865033864975 882.22674369812012 201.33767557144165 2108.9597333669662 197.07492387294769 148.88087427616119 284.5858473777771 258.24666523933411 1300.7278444766998 185.32547414302826
leaf_count=75 77 82 168 78 475 353 106 756 77 62 89 94 409 72
internal_value=7.14259e-05 0.000133335 0.00018498 0.000458443 0.000260115 -0.000157559 -0.000505289 0.000253042 -0.000954467 0.00145949 0.000891603 -0.00014781 0.00137791 -0.00174243
internal_weight=8714.01 8394.7 8151.13 4532.4 4168.17 3618.74 1884.38 2736.51 1534.16 350.219 2283.79 728.158 1555.63 469.911
internal_count=2973 2896 2821 1544 1462 1277 720 924 552 168 742 255 487 161
is_linear=0
shrinkage=0.03


Tree=305
num_leaves=15
num_cat=0
split_feature=17 14 16 16 7 6 9 8 9 9 8 14 15 14
split_gain=1.14149 2.21602 1.98054 0.973582 0.890772 1.6639 1.45869 3.22856 1.8688 2.40665 1.75855 1.50943 1.40588 1.17543
threshold=1327.5000000000002 1191.2500000000002 1277.5000000000002 1345.0000000000002 2.9000000000000004 2.5833333333333335 1.6490000000000002 1.8016666666666667 1.4790000000000003 1.379 2.0283333333333338 1106.2500000000002 1167.5000000000002 1062.5000000000002
decision_type=2 2 2 2 2 2 10 10 8 10 10 2 2 2
left_child=2 3 4 -2 5 6 8 -8 9 13 -9 -10 -7 -1
right_child=1 -3 -4 -5 -6 12 7 10 11 -11 -12 -13 -14 -15
leaf_value=-0.0010143510928768598 -0.00052217719379712968 0.0034505972527344147 -0.0020886127575184934 0.0015841297564274861 0.0019866659960222103 -0.00022767089480077234 0.0034694669000739824 -0.0019640908972335478 -0.0038067358621605078 0.002616889341147509 0.0010810710519124354 -0.00034425667661681919 -0.0036969124851321542 0.00024549635448779372
leaf_weight=806.08273828029633 486.28427457809448 272.86389470100403 360.84846305847168 331.18061542510986 237.97439968585968 251.55117726325989 380.38441967964172 250.66471314430237 192.39389860630035 345.85063469409943 529.38949346542358 274.18822968006134 179.78398895263672 3825.4997247457504
leaf_count=238 96 71 91 63 111 89 108 76 56 113 155 99 89 1505
internal_value=0.000207391 0.00111494 7.76517e-05 0.000332047 0.000185392 0.000124193 0.000242187 0.00120738 3.62646e-05 0.00020657 0.000101269 -0.00177709 -0.00167889 2.60603e-05
internal_weight=8724.94 1090.33 7634.61 817.465 7273.76 7035.79 6604.45 1160.44 5444.02 4977.43 780.054 466.582 431.335 4631.58
internal_count=2960 230 2730 159 2639 2528 2350 339 2011 1856 231 155 178 1743
is_linear=0
shrinkage=0.03


Tree=306
num_leaves=15
num_cat=0
split_feature=14 17 11 1 1 16 2 8 9 1 18 15 15 2
split_gain=1.63806 1.56537 1.74558 1.35038 1.32116 1.51865 1.60013 1.22594 1.92121 2.06679 1.30031 1.46827 1.32741 1.19076
threshold=1025.0000000000002 1087.5000000000002 1.3666666666666669 1.192666666666667 1.5590000000000004 1078.7500000000002 1.4166666666666667 2.7066666666666666 1.8040000000000005 2.2220000000000004 1.0000000180025095e-35 1096.2500000000002 1098.7500000000002 2.1666666666666674
decision_type=2 2 10 8 8 2 2 8 10 10 2 2 2 2
left_child=-1 2 3 -2 -5 6 -6 8 9 13 12 -12 -10 -3
right_child=1 7 -4 4 5 -7 -8 -9 10 -11 11 -13 -14 -15
leaf_value=-0.0015733235392312078 -0.0020363617413270483 0.00023836841441051044 -0.0028499459038211013 0.00326310308620057 -0.00094351242433896531 -0.0016393064176063177 0.0029440679018600921 0.0025870712750126214 -0.0016357486058294519 0.0035523969244142047 0.00011266399999426563 -0.0031483505633956854 0.0011202992289299199 0.0014634747791192671
leaf_weight=495.4560638666153 266.07447826862335 4372.3624848127365 276.63985252380371 123.71448028087616 174.21064841747284 312.38198530673981 208.33615207672119 219.47349488735199 248.9581458568573 198.18191409111023 201.85491609573364 321.99175989627838 423.20762050151825 852.54615116119385
leaf_count=119 142 1484 139 64 102 128 101 52 55 48 48 110 115 243
internal_value=0.000100031 0.000201318 -0.000727346 -0.000183885 0.000419955 -9.01567e-05 0.00117583 0.000386267 0.000312914 0.000552938 -0.000774984 -0.00189396 9.8595e-05 0.00043851
internal_weight=8695.39 8199.93 1361.36 1084.72 818.643 694.929 382.547 6838.58 6619.1 5423.09 1196.01 523.847 672.166 5224.91
internal_count=2950 2831 676 537 395 331 203 2155 2103 1775 328 158 170 1727
is_linear=0
shrinkage=0.03


Tree=307
num_leaves=15
num_cat=0
split_feature=8 8 8 9 11 3 16 17 12 16 14 4 16 4
split_gain=1.30757 2.85013 2.04175 2.12629 1.54326 1.28996 1.26967 1.79642 1.23809 2.09586 2.30295 1.96134 1.84199 2.99254
threshold=1.8016666666666667 1.7533333333333336 2.7066666666666666 2.3112300000000006 1.7750000000000001 2.3666666666666671 1132.5000000000002 1142.5000000000002 1.8333333333333337 1132.5000000000002 1102.5000000000002 0.58333333333333337 1071.2500000000002 1.0000000180025095e-35
decision_type=10 8 10 10 10 2 2 2 10 2 2 2 2 2
left_child=1 5 3 4 -2 8 7 -7 -1 10 -10 12 13 -12
right_child=2 -3 -4 -5 -6 6 -8 -9 9 -11 11 -13 -14 -15
leaf_value=0.00025208261253864127 -0.0023154703290933039 0.0038388342429468017 0.0017855914920554569 -0.0036907221726995014 0.00019452051223812109 0.00076369750206452724 -0.00013854041147365833 0.0043350756279526108 -0.0018939391960701183 -0.0023667223201737195 0.0018430914980911979 0.0038753391044218446 0.0014394835398931175 -0.0047111708908447935
leaf_weight=4285.2332193851471 322.07017040252686 191.93454742431641 242.65287292003632 249.28449833393097 693.72848129272461 333.25782430171967 380.11596035957336 204.11477589607239 399.26528024673462 486.18993413448334 110.99669539928436 158.00035917758942 392.88386809825897 141.82761824131012
leaf_count=1485 110 57 56 64 191 121 93 51 158 161 57 80 160 80
internal_value=7.17813e-05 0.000242543 -0.000730139 -0.0012137 -0.000602794 0.000141846 0.00118854 0.00212578 -1.90669e-05 -0.000706687 -3.43642e-05 0.000890639 0.00015544 -0.00183775
internal_weight=8591.56 7083.82 1507.74 1265.08 1015.8 6891.89 917.489 537.373 5974.4 1689.16 1202.97 803.709 645.708 252.824
internal_count=2924 2503 421 365 301 2446 265 172 2181 696 535 377 297 137
is_linear=0
shrinkage=0.03


Tree=308
num_leaves=15
num_cat=0
split_feature=15 1 1 17 1 13 0 5 17 7 10 1 7 5
split_gain=1.23259 1.66425 2.03024 1.52743 1.6519 2.96859 2.39398 1.5771 1.83158 1.58138 1.49647 1.49125 1.42514 1.27062
threshold=1127.5000000000002 1.7900000000000003 1.5970000000000002 1197.5000000000002 1.1390000000000005 0.90000000000000013 1.3000000000000005 0.22500000000000003 1217.5000000000002 1.5500000000000003 0.41666666666666669 0.22931000000000004 0.90000000000000013 1.0000000180025095e-35
decision_type=2 10 10 2 8 10 8 2 2 2 10 10 2 2
left_child=3 2 -2 4 11 -6 -7 8 -5 -9 -8 -1 -10 -14
right_child=1 -3 -4 7 5 6 10 9 12 -11 -12 -13 13 -15
leaf_value=-0.00057749033795872671 -0.00050816878234454194 0.0018336814681238801 -0.0036197001075252526 0.0024496486001435438 -0.002812030767652525 0.0032206618501273163 0.0023065901452808805 0.0031472843852239038 -0.001456457801343824 0.0002252034275479095 -0.00026232655413953142 -0.0043276735293352143 0.0015157226712478066 -0.00074619770097276636
leaf_weight=243.05591881275177 3146.1032801866531 250.91781401634216 199.82690846920013 286.93668866157532 290.66267919540405 241.56783068180084 231.78672420978546 412.13173913955688 502.29935169219971 279.69590830802917 1654.2451363801956 156.51330077648163 513.51608991622925 394.36108183860779
leaf_count=87 1329 83 73 71 98 87 89 96 102 62 551 60 107 90
internal_value=-9.11403e-05 -0.000518159 -0.000695023 0.000203887 -0.000269194 2.63689e-05 0.000415277 0.000761781 0.000269214 0.00196796 5.44394e-05 -0.00205359 -0.000175873 0.000533456
internal_weight=8803.62 3596.85 3345.93 5206.77 2817.83 2418.26 2127.6 2388.94 1697.11 691.828 1886.03 399.569 1410.18 907.877
internal_count=2985 1485 1402 1500 972 825 727 528 370 158 640 147 299 197
is_linear=0
shrinkage=0.03


Tree=309
num_leaves=15
num_cat=0
split_feature=6 0 0 9 0 13 3 0 18 6 14 5 3 5
split_gain=1.15858 1.72778 1.66186 1.772 1.76465 1.52222 1.80981 1.54133 3.28588 1.4559 1.33009 1.70535 1.33542 1.84334
threshold=1.8333333333333337 0.52370000000000017 2.4133333333333336 2.1290000000000004 1.8583333333333336 2.6333333333333337 2.6333333333333337 0.72166666666666679 1.0000000180025095e-35 0.83333333333333337 1122.5000000000002 0.29166666666666669 1.6333333333333335 0.36666666666666675
decision_type=2 8 10 10 10 8 2 8 2 2 2 2 2 2
left_child=2 -2 3 4 5 6 7 8 -1 -6 11 -3 13 -12
right_child=1 10 -4 -5 9 -7 -8 -9 -10 -11 12 -13 -14 -15
leaf_value=0.0034679427227518934 -0.0032884704299404408 -0.0032235610626873052 -0.0018905812660036426 0.001934797069656848 -0.00022865753515335539 -0.0026865411117611765 0.0026024499470244126 -0.00033766018328638655 -0.0012302499819789282 0.0027527460050404007 0.0018352951085872913 0.00032975593264425912 -0.0015285670890506718 -0.00051143177806094588
leaf_weight=298.74120032787323 204.43366014957428 293.23488986492157 348.4199481010437 506.05304992198944 241.34245121479034 196.7638201713562 227.85117053985596 3958.1550651788712 241.54207873344421 377.17462599277496 526.99704360961914 206.84344244003296 383.83810448646545 700.71056616306305
leaf_count=94 87 91 94 121 68 81 62 1370 94 109 199 64 127 309
internal_value=-8.7115e-05 -0.000661877 0.000121082 0.000237272 8.19344e-05 -0.000107935 -3.7523e-08 -0.000132406 0.00136915 0.00159093 -0.000406151 -0.00175611 1.35825e-05 0.000496581
internal_weight=8712.1 2316.06 6396.04 6047.62 5541.57 4923.05 4726.29 4498.44 540.283 618.517 2111.62 500.078 1611.55 1227.71
internal_count=2970 877 2093 1999 1878 1701 1620 1558 188 177 790 155 635 508
is_linear=0
shrinkage=0.03


Tree=310
num_leaves=15
num_cat=0
split_feature=15 13 18 0 14 2 15 3 13 0 13 0 14 1
split_gain=1.85968 1.29046 1.22137 2.39116 1.79112 1.86821 1.4431 1.8071 1.52023 1.33784 1.06286 1.12185 1.04877 1.28126
threshold=1345.0000000000002 0.36666666666666675 1.0000000180025095e-35 0.96166666666666689 1092.5000000000002 1.1666666666666667 1088.7500000000002 1.9000000000000001 1.3666666666666669 1.5783333333333336 1.7083333333333337 2.0950000000000006 1082.5000000000002 1.4212100000000003
decision_type=2 8 2 8 2 2 2 2 10 10 8 8 2 10
left_child=1 -1 4 -4 5 -3 9 12 -9 -5 11 -7 -8 -14
right_child=-2 2 3 6 -6 10 7 8 -10 -11 -12 -13 13 -15
leaf_value=-0.0019358593808254333 -0.0027618184465347992 0.0013644133377443116 -0.0021511033433842123 3.6814958249967802e-05 0.00093616760210546684 0.00099444157868956132 -0.0020307249340534299 -0.00010830857478392275 -0.0036738825935591778 0.0020876376126675246 -0.0025481451166670158 -0.0014573644107277943 -0.00016836875658116505 0.0019187087244367761
leaf_weight=273.26168096065521 210.35072422027588 394.70215785503387 506.19177544116974 674.95049273967743 2855.2383579015732 290.64972066879272 193.67862391471863 190.68635809421539 246.23605966567993 496.19162440299988 303.86447131633759 395.19199585914612 1154.8610588312149 342.41136932373047
leaf_count=77 117 115 210 199 956 74 72 63 99 121 92 112 481 122
internal_value=1.71953e-05 8.77953e-05 0.000156765 -0.000233382 0.000506907 -0.000378448 6.14301e-05 -0.000404026 -0.00212156 0.000906751 -0.00107419 -0.00041839 4.07558e-05 0.000309887
internal_weight=8528.47 8318.12 8044.85 3805.21 4239.65 1384.41 3299.02 2127.87 436.922 1171.14 989.706 685.842 1690.95 1497.27
internal_count=2910 2793 2716 1367 1349 393 1157 837 162 320 278 186 675 603
is_linear=0
shrinkage=0.03


Tree=311
num_leaves=15
num_cat=0
split_feature=0 1 1 1 1 17 16 2 1 14 14 17 15 16
split_gain=1.15044 1.78551 1.65015 2.27663 1.85839 1.7904 2.201 1.55728 1.16654 0.958618 2.07742 0.94252 1.92035 1.70757
threshold=1.9283333333333339 1.8968100000000001 1.7390300000000003 1.667 1.5790000000000002 1152.5000000000002 1098.7500000000002 1.8333333333333337 1.4070000000000003 1122.5000000000002 1071.2500000000002 1052.5000000000002 1052.5000000000002 1060.0000000000002
decision_type=10 10 10 10 10 2 2 2 10 2 2 2 2 2
left_child=1 2 3 4 5 8 -7 -2 11 10 -9 -1 -13 -14
right_child=7 -3 -4 -5 -6 6 -8 9 -10 -11 -12 12 13 -15
leaf_value=-0.0020268143168510082 0.0024914355092894714 -0.0022627148309344726 0.0021131370910049056 -0.0033461393741670261 0.0028164249697468897 0.0033573301527779647 0.00018455335766998004 0.001085880813523625 -0.0027582610290632242 0.0016571525243501025 -0.0025323270650100386 -0.0032190412265044907 0.003163463560295952 -0.00021352192411668806
leaf_weight=303.17024230957031 396.6594226360321 311.22367882728577 333.19546711444855 182.08550667762756 209.84458041191101 206.88389885425568 3687.8000794649124 330.27396750450134 220.1740357875824 280.78670036792755 250.09901440143585 174.95533847808838 145.99597001075745 1618.0981569290161
leaf_count=185 112 88 93 53 65 73 1071 76 95 85 70 60 77 740
internal_value=0.000100269 -4.24664e-05 5.54069e-05 -4.64804e-05 4.55071e-05 -4.63884e-05 0.000353908 0.00093863 -0.000679411 0.000221331 -0.00047498 -0.00047414 -0.00023046 6.75904e-05
internal_weight=8651.25 7393.43 7082.2 6749.01 6566.92 6357.08 3894.68 1257.82 2462.39 861.16 580.373 2242.22 1939.05 1764.09
internal_count=2943 2600 2512 2419 2366 2301 1144 343 1157 231 146 1062 877 817
is_linear=0
shrinkage=0.03


Tree=312
num_leaves=15
num_cat=0
split_feature=17 11 17 0 1 3 7 7 10 7 1 0 3 6
split_gain=1.50629 1.59461 1.53256 2.18454 1.492 2.22245 1.7212 1.45124 1.42517 1.38909 2.44559 2.20575 1.75728 1.79047
threshold=1253.7500000000002 1.3666666666666669 1212.5000000000002 1.061666666666667 1.5250000000000004 2.1000000000000005 1.1000000000000003 2.1000000000000005 2.1666666666666674 1.2250000000000003 1.1490000000000002 1.1533000000000004 1.4500000000000002 1.8333333333333337
decision_type=2 8 2 10 10 2 2 2 10 2 8 8 2 2
left_child=2 -2 9 -4 6 -6 -3 8 -8 -1 12 -12 13 -11
right_child=1 4 3 -5 5 -7 7 -9 -10 10 11 -13 -14 -15
leaf_value=0.00028761560195917496 0.0023777372589553936 -0.001590861222257809 -0.0042527689501720327 -0.0004013069494591821 0.0026532481769649622 -0.00070804676004498435 0.0022070844786512855 -0.0016346803876881762 -0.00028275509163659169 0.00069068273870253011 0.0032856806605420885 -0.00044195562817323116 -0.0053100671354779985 -0.0029284591041754829
leaf_weight=2765.8366227149963 355.86204385757446 579.52701258659363 208.95224380493164 360.12075614929199 452.8194408416748 289.70044732093811 436.59447765350342 235.3662987947464 392.08755087852478 205.88013553619385 153.2573047876358 1934.2286193370819 135.10416197776794 303.52561688423157
leaf_count=1007 92 138 69 102 99 59 107 72 96 90 63 788 55 154
internal_value=-7.61139e-05 0.00050731 -0.000339834 -0.00182047 0.000227475 0.00134262 -0.000276826 0.000439677 0.00103011 -0.000186273 -0.000665961 -0.000166841 -0.00227979 -0.00146727
internal_weight=8808.86 2741.96 6066.91 569.073 2386.1 742.52 1643.58 1064.05 828.682 5497.83 2732 2087.49 644.51 509.406
internal_count=2991 663 2328 171 571 158 413 275 203 2157 1150 851 299 244
is_linear=0
shrinkage=0.03


Tree=313
num_leaves=15
num_cat=0
split_feature=1 0 1 0 2 9 6 3 0 1 8 9 2 2
split_gain=1.19844 2.13298 1.8561 1.57716 1.43555 2.17345 1.73285 2.04068 1.73845 2.22682 1.61684 1.69128 1.51028 2.55069
threshold=1.192666666666667 0.9010166666666668 1.2410000000000003 1.0016666666666671 1.8333333333333337 1.9760000000000004 2.1666666666666674 0.90000000000000013 1.4750000000000003 1.4855000000000003 1.8016666666666667 1.6750000000000003 2.1666666666666674 2.5833333333333335
decision_type=8 10 8 10 2 8 2 2 8 10 10 10 2 2
left_child=1 -1 -2 -3 5 6 8 -8 9 -4 11 12 -6 -14
right_child=2 3 4 -5 10 -7 7 -9 -10 -11 -12 -13 13 -15
leaf_value=0.00023038404947345358 0.0030024991935869842 -0.0044849416181712001 5.6043246300979983e-05 -0.0010884264296975078 -0.0013075500347244709 0.0025806598396268267 -0.00067643137578726363 0.0030716748115659455 0.0003055300414401795 -0.004507111090649274 -0.0018833065165485977 0.0024350530437140176 0.0021912662177369629 -0.00079381482418318275
leaf_weight=1104.563219666481 219.38462162017822 161.77344000339508 234.7223002910614 508.43804311752319 761.68510663509369 423.80858993530273 196.23453903198242 388.82727766036987 2778.3626089096069 162.12074160575867 500.36552202701569 230.06139469146729 438.75506949424744 621.16794013977051
leaf_count=427 72 67 87 189 255 103 92 142 967 59 124 55 138 186
internal_value=0.000115708 -0.000579922 0.000293264 -0.00191373 0.000204596 0.00054658 0.0003167 0.00181552 4.00434e-05 -0.00181477 -0.000356083 1.71153e-05 -0.000289428 0.00044276
internal_weight=8730.27 1774.77 6955.5 670.211 6736.11 4184.08 3760.27 585.062 3175.21 396.843 2552.04 2051.67 1821.61 1059.92
internal_count=2963 683 2280 256 2208 1450 1347 234 1113 146 758 634 579 324
is_linear=0
shrinkage=0.03


Tree=314
num_leaves=15
num_cat=0
split_feature=0 1 12 1 7 3 14 11 13 12 1 13 1 0
split_gain=1.34971 1.44502 2.48629 1.977 1.93923 2.28277 1.88051 1.38493 1.50604 1.36532 2.45317 1.53195 1.37488 1.64699
threshold=2.3916666666666671 1.192666666666667 1.8333333333333337 1.2410000000000003 1.9000000000000001 2.1000000000000005 1066.2500000000002 2.1000000000000005 1.6333333333333335 0.58333333333333337 1.3850000000000002 1.3666666666666669 1.4855000000000003 1.4750000000000003
decision_type=10 10 10 10 2 2 2 10 10 10 10 10 10 10
left_child=1 2 4 -3 5 6 -1 8 -8 -5 11 -11 -12 -14
right_child=-2 3 -4 9 -6 -7 7 -9 -10 10 12 -13 13 -15
leaf_value=-0.0016076881052070943 -0.0016801967188894895 0.0033579864947024468 -0.0014116987619326028 -0.001590385193276217 -0.0011266011848130742 0.0026991691884555255 0.00060928039875682294 -0.00079178851922803945 0.0032158316923871621 -0.0035398552876743429 0.0028520823945696414 3.9054617162748724e-05 -0.0011272573609192762 0.0010864751007940586
leaf_weight=435.79111349582672 408.68064451217651 213.44977033138275 1223.6083765029907 286.43124663829803 843.16041219234467 371.50660645961761 1404.5022330284119 523.24626588821411 231.69511437416077 185.20819902420044 302.38063764572144 255.07528185844421 368.2655154466629 1674.1026163101196
leaf_count=123 112 71 514 77 353 106 524 141 96 58 104 94 122 473
internal_value=8.53763e-07 8.36351e-05 -0.000235776 0.000572995 0.000142161 0.000503007 0.000187709 0.00055061 0.000980122 0.000378423 0.000581407 -0.00147105 0.000967268 0.000686954
internal_weight=8727.1 8318.42 5033.51 3284.91 3809.9 2966.74 2595.23 2159.44 1636.2 3071.46 2785.03 440.283 2344.75 2042.37
internal_count=2968 2856 1857 999 1343 990 884 761 620 928 851 152 699 595
is_linear=0
shrinkage=0.03


Tree=315
num_leaves=15
num_cat=0
split_feature=18 15 17 15 0 6 1 16 0 11 13 0 3 14
split_gain=1.32927 1.93629 1.58021 1.53983 3.50219 2.55754 2.0937 1.50022 3.1971 1.79362 1.06957 1.0391 1.01972 1.87524
threshold=1.0000000180025095e-35 1066.2500000000002 1052.5000000000002 1172.5000000000002 0.70166666666666677 1.8333333333333337 0.46900000000000008 1148.7500000000002 1.4858333333333336 2.1000000000000005 1.3666666666666669 1.7050000000000003 1.3666666666666669 1097.5000000000002
decision_type=2 2 2 2 10 2 8 2 8 10 10 10 2 2
left_child=2 -2 -1 6 5 -5 -4 9 -9 -8 -6 -10 13 -3
right_child=1 12 3 4 10 -7 7 8 11 -11 -12 -13 -14 -15
leaf_value=-0.0021189123352982416 0.00077419358603895646 0.0021006428693048393 0.0026372355671998365 0.0022331687460344475 0.0057257124727253424 -0.0024181288059479567 0.0001805615141136006 -0.0030185202963823906 0.00063468778336290351 0.003076242292741204 0.0023092476385791331 -0.0011829224470097726 -0.0013282112607255708 -0.00073267877213912776
leaf_weight=237.28012418746948 867.11589109897614 252.25605368614197 277.01280975341797 203.01337242126465 155.3717737197876 221.35770976543427 1488.2371603250504 406.85265958309174 853.66691565513611 220.14951992034912 179.44588923454285 422.26294851303101 1691.4098228216171 1236.9135680198669
leaf_count=134 227 90 78 85 56 104 492 104 213 60 73 91 624 529
internal_value=-8.40886e-05 -0.000481829 0.000261076 0.000389078 0.00161794 -0.000192992 0.000134374 -7.07936e-05 -0.000706357 0.000555292 0.00390698 3.2703e-05 -0.000824393 -0.000251644
internal_weight=8712.35 4047.7 4664.65 4427.37 759.189 424.371 3668.18 3391.17 1682.78 1708.39 334.818 1275.93 3180.58 1489.17
internal_count=2960 1470 1490 1356 318 189 1038 960 408 552 129 304 1243 619
is_linear=0
shrinkage=0.03


Tree=316
num_leaves=15
num_cat=0
split_feature=17 13 1 14 3 9 9 5 11 9 6 9 1 14
split_gain=1.51046 1.79354 2.61911 2.06893 1.86631 1.42565 1.9246 2.1097 1.55807 1.38455 1.35813 1.26934 1.3338 1.49038
threshold=1197.5000000000002 0.90000000000000013 1.0930000000000002 1277.5000000000002 1.3666666666666669 1.8630000000000002 2.0210000000000004 1.0000000180025095e-35 2.2916666666666674 1.8710000000000002 0.83333333333333337 1.6750000000000003 1.6436666666666666 1132.5000000000002
decision_type=2 10 10 2 2 10 10 2 10 10 2 8 10 2
left_child=1 2 4 9 -1 11 -7 -8 -9 10 -3 12 13 -2
right_child=5 3 -4 -5 -6 6 7 8 -10 -11 -12 -13 -14 -15
leaf_value=0.0013869468328831214 3.3852156951309148e-05 -0.0010247592977933454 -0.0046979370866189838 -0.0022676041199137789 -0.0025435586971637508 -0.0026752139985883445 -0.0017362976032391888 0.0031321336534971002 -0.00010246618663479149 0.0027551288537613046 0.00029712899520691256 0.0023851235809171935 -0.0012594790114597116 0.0016071345746544753
leaf_weight=219.14162266254425 1135.1884846687317 962.38862323760986 200.468013048172 377.85309612751007 213.90185129642487 275.12520563602448 316.97085428237915 241.09494984149933 300.10642421245575 162.99188351631165 2552.8462707996368 374.80378472805023 330.05081748962402 1035.9715336561203
leaf_count=103 271 364 73 219 85 74 67 63 76 52 1009 97 77 313
internal_value=-2.32678e-05 -0.000388749 -0.00187195 -0.000156687 -0.000555914 0.000404217 -0.000496665 0.000204067 0.00134161 6.0719e-05 -6.49614e-05 0.00075926 0.00051477 0.00078494
internal_weight=8698.9 4689.59 633.511 4056.08 433.043 4009.31 1133.3 858.172 541.201 3678.23 3515.23 2876.01 2501.21 2171.16
internal_count=2943 1905 261 1644 188 1038 280 206 139 1425 1373 758 661 584
is_linear=0
shrinkage=0.03


Tree=317
num_leaves=15
num_cat=0
split_feature=8 10 13 13 8 11 8 13 15 11 9 11 13 16
split_gain=1.07315 2.0364 2.90939 3.40779 1.51035 1.53197 1.63313 3.75547 1.55404 1.48817 2.46949 1.33441 1.09552 1.33798
threshold=2.4716666666666676 2.4166666666666674 0.90000000000000013 1.2916666666666667 2.1550000000000007 2.4500000000000006 1.6183333333333334 0.90000000000000013 1137.5000000000002 1.9000000000000001 1.4790000000000003 2.1000000000000005 0.63333333333333341 1146.2500000000002
decision_type=10 10 10 10 10 10 10 10 2 10 10 10 8 2
left_child=1 4 -3 -4 5 6 9 -8 -9 12 11 -11 13 -1
right_child=-2 2 3 -5 -6 -7 7 8 -10 10 -12 -13 -14 -15
leaf_value=0.00042262311331626578 0.0014699729634682131 -0.0034263048128191564 0.0022526045989784706 -0.0021942473323489507 -0.0023883306130961924 -0.0025442154163262875 0.0048832538369255416 0.0012967168023456446 -0.0017098273212420468 0.0033297665020491198 -0.0016683669532266202 0.00045020065048652309 -2.3806092212497711e-05 -0.0026896484512852637
leaf_weight=203.62534368038177 395.81593763828278 387.35313522815704 290.24488878250122 330.79517471790314 220.82803404331207 187.19986009597778 210.56347548961639 477.86658239364624 227.61380708217621 360.26515173912048 199.6847836971283 242.35131680965424 4586.6045852899551 317.22788310050964
leaf_count=86 96 98 75 103 65 53 55 137 87 112 56 71 1764 93
internal_value=-5.39077e-05 -0.000127258 -0.00138955 -0.000115718 4.88716e-05 0.000125945 0.000199537 0.00137745 0.000325648 1.67517e-05 0.00121706 0.00217437 -0.000172 -0.00147444
internal_weight=8638.04 8242.22 1008.39 621.04 7233.83 7013 6825.8 916.044 705.48 5909.76 802.301 602.616 5107.46 520.853
internal_count=2951 2855 276 178 2579 2514 2461 279 224 2182 239 183 1943 179
is_linear=0
shrinkage=0.03


Tree=318
num_leaves=15
num_cat=0
split_feature=15 2 14 1 3 1 7 4 10 8 0 3 10 9
split_gain=1.2537 2.11519 1.27042 1.30503 1.52512 1.30361 1.23671 1.17163 2.25283 1.61978 1.42266 2.28282 1.39803 1.69633
threshold=1083.7500000000002 2.4166666666666674 1077.5000000000002 1.7390300000000003 1.9000000000000001 1.6630000000000005 1.3666666666666669 1.0000000180025095e-35 2.1666666666666674 1.5833333333333337 1.3149833333333336 1.4500000000000002 1.8333333333333337 1.6410000000000002
decision_type=2 2 2 10 2 10 2 2 10 10 10 2 8 10
left_child=-1 2 -2 5 -5 7 -3 9 12 10 11 -4 13 -9
right_child=1 6 3 4 -6 -7 -8 8 -10 -11 -12 -13 -14 -15
leaf_value=0.00045844175315478579 -0.0015893237862612396 -0.0040946477828156819 -0.00084775148708447334 0.0025606578398941946 -0.00071843489114042447 -0.0028458932402075643 -0.00083836500814067508 -6.0181439348178659e-05 -0.0021122540610720854 0.0026470278741557111 -0.0018940774411522507 0.0021574085497615999 0.0016375070009089965 -0.0031257964122553016
leaf_weight=2666.6800743341446 511.83264899253845 197.54810523986816 452.73557710647583 346.96781122684479 201.05038797855377 159.55021607875824 224.11230361461639 1696.3954637050629 579.73683345317841 280.27749991416931 249.30969774723053 455.45924055576324 380.90942335128784 178.6585282087326
leaf_count=711 166 68 176 104 64 53 75 769 189 88 97 169 136 62
internal_value=-8.14811e-05 -0.000324952 -0.00016756 -2.11754e-05 0.00135855 -0.000192007 -0.00237001 -9.22813e-05 -0.000445945 0.000605066 0.000108768 0.00066005 -1.69911e-05 -0.000353789
internal_weight=8581.22 5914.54 5492.88 4981.05 548.018 4433.03 421.66 4273.48 2835.7 1437.78 1157.5 908.195 2255.96 1875.05
internal_count=2927 2216 2073 1907 168 1739 143 1686 1156 530 442 345 967 831
is_linear=0
shrinkage=0.03


Tree=319
num_leaves=15
num_cat=0
split_feature=8 8 2 8 12 7 12 4 15 1 8 2 2 3
split_gain=1.30564 2.73523 2.44426 2.38884 1.89737 1.70508 1.65338 2.2975 3.56726 2.28171 2.1754 2.0099 1.92977 1.85059
threshold=1.8016666666666667 2.0283333333333338 1.5833333333333337 1.7533333333333336 1.1666666666666667 0.55000000000000016 1.8333333333333337 0.41666666666666669 1088.7500000000002 1.6323300000000003 1.0783333333333338 2.5833333333333335 2.1666666666666674 1.6333333333333335
decision_type=10 10 2 10 10 2 10 2 2 8 10 2 2 2
left_child=3 2 -2 4 5 -1 11 8 10 -9 -8 12 -6 -10
right_child=1 -3 -4 -5 6 -7 7 9 13 -11 -12 -13 -14 -15
leaf_value=0.0018353932307883468 -0.00016969292715119508 0.00022058587414774979 -0.0044661458890772783 0.0038060349967235559 0.0012517369103510619 -0.00058115683887561772 7.5673559688165245e-05 0.0051889884161573051 -0.00063608209854512047 0.00018970770958904871 0.0038529488331868287 -0.0013875905208737594 0.0045622377459747171 -0.0033592689677865006
leaf_weight=290.3351731300354 217.96570146083832 1027.8892954587936 262.13764977455139 171.42127645015717 1705.2599854469299 2682.2787231206894 394.69929087162018 140.13413751125336 698.42948746681213 196.84216690063477 209.38883638381958 233.26387023925781 173.9708685874939 330.49604570865631
leaf_count=75 73 272 75 51 621 888 131 61 306 87 58 71 54 138
internal_value=0.000149629 -0.000653025 -0.00251997 0.000317189 0.000231892 -0.000344595 0.000651635 2.63614e-05 -0.000439358 0.0022779 0.00138916 0.00123444 0.00156047 -0.0015132
internal_weight=8734.51 1507.99 480.103 7226.52 7055.1 2972.61 4082.48 1969.99 1633.01 336.976 604.088 2112.49 1879.23 1028.93
internal_count=2961 420 148 2541 2490 963 1527 781 633 148 189 746 675 444
is_linear=0
shrinkage=0.03


Tree=320
num_leaves=15
num_cat=0
split_feature=17 15 17 11 11 2 12 8 1 0 3 1 17 17
split_gain=2.09047 1.37313 1.44278 1.14163 1.28535 1.08576 1.74305 1.37658 1.00708 2.19092 2.81249 2.10557 1.37503 1.7263
threshold=1037.5000000000002 1187.5000000000002 1347.5000000000002 2.4500000000000006 2.9000000000000004 1.5833333333333337 0.58333333333333337 1.7966666666666666 0.90944999999999998 0.52370000000000017 0.70833333333333337 1.1650000000000003 1277.5000000000002 1261.2500000000002
decision_type=2 2 2 10 10 2 10 10 10 10 2 10 2 2
left_child=-1 2 3 8 -5 6 -3 -8 9 10 -2 -10 13 -12
right_child=1 5 -4 4 -6 -7 7 -9 11 -11 12 -13 -14 -15
leaf_value=-0.0025468596391180699 -0.0026307254688632147 0.0029837005536959894 0.0019603929948858881 -0.0022922937630857208 0.00040649315127059497 -0.0026349559870183959 -0.00025262948961381307 -0.0037011633348002044 -0.00207344293088932 0.0039640834989669201 0.00075361040353644627 0.00031472833056046936 -0.0011730740697673771 0.0030094547102452475
leaf_weight=247.96545791625977 222.76577663421631 125.66319894790649 491.04657101631165 314.33628797531128 319.49665522575378 217.95004773139954 637.09781396389008 123.58451735973358 374.45648312568665 184.29126226902008 1891.8232445716858 2887.1190769672394 262.3903968334198 363.37664198875427
leaf_count=151 81 56 97 85 77 96 329 56 137 68 702 876 58 92
internal_value=0.000162393 0.000242516 0.000391463 0.000278229 -0.000933417 -0.000743067 -0.000275411 -0.00081702 0.000402503 0.000806623 0.000592912 3.99946e-05 0.000879083 0.00111826
internal_weight=8663.36 8415.4 7311.1 6820.06 633.833 1104.3 886.346 760.682 6186.22 2924.65 2740.36 3261.58 2517.59 2255.2
internal_count=2961 2810 2273 2176 162 537 441 385 2014 1001 933 1013 852 794
is_linear=0
shrinkage=0.03


Tree=321
num_leaves=15
num_cat=0
split_feature=18 15 0 0 3 0 15 14 11 0 10 12 10 8
split_gain=1.41938 2.00252 3.52544 1.90815 1.79862 1.40263 3.29207 1.59626 1.15377 1.78884 2.52561 2.36196 1.99192 1.47183
threshold=1.0000000180025095e-35 1086.2500000000002 1.5783333333333336 2.4133333333333336 0.55000000000000016 2.0883333333333338 1197.5000000000002 1092.5000000000002 2.1000000000000005 1.8250000000000002 1.1666666666666667 0.83333333333333337 0.83333333333333337 1.4616666666666669
decision_type=2 2 8 8 2 8 2 2 10 10 10 10 10 10
left_child=5 2 -2 -4 -3 8 7 -7 9 10 12 -12 -1 -13
right_child=1 4 3 -5 -6 6 -8 -9 -10 -11 11 13 -14 -15
leaf_value=0.0007700991682027781 -0.0023840311570475247 0.0017594173314801054 0.0030434581702307967 0.00031134265427564119 -0.0012011365309229647 -0.00092312547140122297 -0.0039722949105336601 0.00080670245885839124 -0.00054349721273811238 0.0033321630166469277 0.0046275951478641619 0.0021405754828705448 -0.0023597125981767229 -0.00060907265474879164
leaf_weight=415.4564642906189 304.66100668907166 198.00955927371979 359.34174990653992 637.10639834403992 2586.8945626020432 850.18995678424835 200.81640636920929 1100.2869029045105 507.90804445743561 268.06046795845032 199.50533294677734 399.56600761413574 325.60294234752655 310.78232753276825
leaf_count=162 96 94 82 177 1029 245 104 359 125 78 57 136 118 97
internal_value=-0.000129859 -0.000536241 0.000435178 0.00129867 -0.000990082 0.000232874 -0.000324778 5.26041e-05 0.000727131 0.00106354 0.000693393 0.00175155 -0.000606389 0.00093842
internal_weight=8664.19 4086.01 1301.11 996.448 2784.9 4578.17 2151.29 1950.48 2426.88 1918.97 1650.91 909.854 741.059 710.348
internal_count=2959 1478 355 259 1123 1481 708 604 773 648 570 290 280 233
is_linear=0
shrinkage=0.03


Tree=322
num_leaves=15
num_cat=0
split_feature=18 15 0 0 11 3 0 0 8 8 8 3 15 15
split_gain=2.0691 2.38845 1.65579 1.70176 1.56659 1.77157 2.86802 1.43988 1.16287 2.13985 1.09088 1.14401 0.876425 2.15496
threshold=1.0000000180025095e-35 1066.2500000000002 1.0000000180025095e-35 1.2950000000000006 2.2250000000000005 1.7083333333333337 1.5414000000000005 1.0000000180025095e-35 1.9616666666666669 1.4483333333333335 1.4550000000000001 1.9000000000000001 1068.7500000000002 1047.5000000000002
decision_type=2 2 8 10 10 2 10 8 10 8 8 2 2 2
left_child=7 10 -3 8 5 6 -5 -1 9 -4 11 -2 13 -9
right_child=1 2 3 4 -6 -7 -8 12 -10 -11 -12 -13 -14 -15
leaf_value=0.0021835844977223955 -0.0010841420635758331 -0.0033315887325276717 -0.00038251920234093551 -0.0039780871651881782 0.00084664853263592211 -0.0037324676728220144 0.00079930846047845863 0.00047243061582579452 -0.0025332657808073383 0.0028892581576735301 0.0026013245067823283 0.0015088629490259374 0.00040499384591102008 -0.0025589020253086597
leaf_weight=349.38037919998169 314.98970234394073 244.10676348209381 1566.677229642868 181.69176149368286 175.2487907409668 398.0023387670517 296.18652665615082 571.86294412612915 179.75416827201843 202.23464822769165 227.86588883399963 296.13349831104279 3387.6435601711273 333.30684959888458
leaf_count=105 89 99 651 73 48 145 110 137 64 78 51 79 1150 94
internal_value=-9.88382e-05 -0.000591376 -0.000960345 -0.00076634 -0.00173863 -0.00225627 -0.0010216 0.000334391 -0.000241255 -7.04514e-06 0.000834666 0.000172769 0.000183417 -0.000645376
internal_weight=8725.09 4082.89 3243.9 2999.8 1051.13 875.881 477.878 4642.19 1948.67 1768.91 838.989 611.123 4292.81 905.17
internal_count=2973 1487 1268 1169 376 328 183 1486 793 729 219 168 1381 231
is_linear=0
shrinkage=0.03


Tree=323
num_leaves=15
num_cat=0
split_feature=11 1 15 8 8 14 8 8 8 10 15 10 6 13
split_gain=0.780927 0.778177 2.01386 1.17006 1.86481 1.12222 1.03971 1.9722 1.89819 2.60914 1.85481 1.60701 1.68326 1.29373
threshold=3.3666666666666671 1.9090000000000003 1042.5000000000002 1.9783333333333337 1.6183333333333334 1117.5000000000002 2.5050000000000003 2.2116666666666673 2.0283333333333338 2.5833333333333335 1127.5000000000002 1.8333333333333337 2.1666666666666674 0.77500000000000013
decision_type=10 10 2 10 10 2 10 8 10 10 2 10 2 10
left_child=1 2 -1 4 5 -3 7 8 9 11 -11 -4 13 -13
right_child=-2 3 6 -5 -6 -7 -8 -9 -10 10 -12 12 -14 -15
leaf_value=0.0017506959957316684 0.0018061046401326741 -0.0019868369509096254 -0.000272763293807245 -0.002798412239964469 0.0020877465380075046 0.00055859980960019299 0.0016568956203746102 -0.0028824132724721177 0.0027234843596776466 -0.0039879363799503889 -0.00038569696619652778 0.0023872404880799333 0.003266051753199533 -0.00021511981146365611
leaf_weight=554.90795922279358 197.45332002639771 453.26564490795135 4393.9261528253555 218.42849254608154 213.59122669696808 236.76266813278198 280.79107236862183 237.44051420688629 205.84913265705109 264.35267496109009 250.16677188873291 225.49366319179535 231.05174326896667 713.1114217042923
leaf_count=136 45 121 1743 52 54 78 72 70 62 67 86 60 80 233
internal_value=-5.41681e-05 -9.76961e-05 1.45826e-05 -0.000833247 -0.000355647 -0.0011139 -0.000127282 -0.000204346 -0.000102712 -0.00019886 -0.00224062 -9.6694e-06 0.000978056 0.000411955
internal_weight=8676.59 8479.14 7357.09 1122.05 903.62 690.028 6802.18 6521.39 6283.95 6078.1 514.519 5563.58 1169.66 938.605
internal_count=2959 2914 2609 305 253 199 2473 2401 2331 2269 153 2116 373 293
is_linear=0
shrinkage=0.03


Tree=324
num_leaves=15
num_cat=0
split_feature=9 5 11 17 3 2 11 1 1 1 9 17 9 1
split_gain=1.0833 1.04357 1.49331 1.96486 2.65323 1.40242 1.39076 1.26912 1.2523 1.42429 2.09919 2.7793 1.75214 2.19078
threshold=2.3810000000000007 1.0000000180025095e-35 2.1000000000000005 1087.5000000000002 1.1000000000000003 0.58333333333333337 2.3666666666666671 1.6790000000000005 1.7757800000000001 1.1145000000000003 1.4700000000000002 1142.5000000000002 1.3590000000000002 0.71700000000000019
decision_type=8 2 10 2 2 2 10 8 10 10 10 2 10 10
left_child=1 -1 3 4 5 -3 -4 -6 9 12 11 -11 13 -5
right_child=-2 2 6 8 7 -7 -8 -9 -10 10 -12 -13 -14 -15
leaf_value=0.00053743560553362547 -0.0016381873851291045 -0.0018986633095695428 -0.0026189584549884846 0.0005749267114619355 -0.00075034574790042087 0.0021206355927830284 -0.00039645973691896286 -0.0036067787652658604 0.0019379239046503512 -0.002054509625703472 -0.0022979973412594139 0.0024682124836081748 0.0028268722330127495 -0.0029853130326012813
leaf_weight=2649.1400434970856 357.60654973983765 113.23259222507477 386.25077021121979 1832.2476046085358 239.67620086669922 246.6700736284256 734.45441484451294 337.76290678977966 407.95159029960632 212.72630751132965 445.43596827983856 284.90135097503662 274.03830564022064 168.9845312833786
leaf_count=797 88 69 111 652 118 137 206 166 112 86 140 88 103 70
internal_value=-2.36844e-05 4.57856e-05 -0.000183398 5.76368e-05 -0.001166 0.000854327 -0.0011641 -0.00242451 0.000374163 0.000175402 -0.000804338 0.000534592 0.000581664 0.000272958
internal_weight=8691.08 8333.47 5684.33 4563.63 937.342 359.903 1120.71 577.439 3626.29 3218.33 943.064 497.628 2275.27 2001.23
internal_count=2943 2855 2058 1741 490 206 317 284 1251 1139 314 174 825 722
is_linear=0
shrinkage=0.03


Tree=325
num_leaves=15
num_cat=0
split_feature=11 11 16 8 13 0 15 15 0 1 13 9 15 15
split_gain=1.42629 2.02216 1.31768 1.25094 1.26995 2.9427 1.44655 1.3598 1.31064 1.56866 1.26351 2.23844 2.87676 2.00024
threshold=2.4500000000000006 3.1000000000000005 1167.5000000000002 2.2116666666666673 0.70833333333333337 1.3200333333333336 1112.5000000000002 1120.0000000000002 1.8860333333333335 2.3490000000000006 1.1000000000000003 1.4570000000000005 1148.7500000000002 1167.5000000000002
decision_type=8 10 2 10 10 8 2 2 10 10 10 10 2 2
left_child=3 2 -2 4 5 -1 -7 8 -6 -10 13 -12 -13 -9
right_child=1 -3 -4 -5 7 6 -8 10 9 -11 11 12 -14 -15
leaf_value=0.0043385362894642586 -0.00031738738155983438 0.00091278352054858613 -0.0030980727323188097 -0.0014081398760578379 0.00018252880861918737 -0.00092059567029632503 0.0017102966548096716 -4.9941597676723022e-05 0.0025584072945882661 -0.00044902327300340558 0.0004229011541766074 -0.0050762127634213791 -6.5381638079051689e-05 -0.0033545752982871283
leaf_weight=214.99485170841217 248.99003052711487 309.23347663879395 399.43247544765472 438.2255471944809 2623.9778989553452 384.2694878578186 366.59095346927643 365.71860373020172 499.96897220611572 226.35158729553223 1779.9450287818909 165.46369302272797 271.03676342964172 299.17347609996796
leaf_count=70 78 70 101 121 824 92 127 136 136 59 825 56 104 138
internal_value=9.27583e-06 -0.00108145 -0.00203244 0.000146196 0.000241015 0.00125263 0.000364446 8.40469e-05 0.000494952 0.00162184 -0.000393742 -4.94387e-05 -0.00197209 -0.00153969
internal_weight=8593.37 957.656 648.423 7635.72 7197.49 965.855 750.86 6231.64 3350.3 726.321 2881.34 2216.45 436.5 664.892
internal_count=2937 249 179 2688 2567 289 219 2278 1019 195 1259 985 160 274
is_linear=0
shrinkage=0.03


Tree=326
num_leaves=15
num_cat=0
split_feature=17 7 7 11 3 16 8 17 8 12 12 11 3 7
split_gain=1.48441 2.75077 1.62011 2.29016 3.01246 2.2386 2.0212 1.86539 1.55079 2.42566 2.25877 1.78246 1.77285 1.51946
threshold=1142.5000000000002 0.36666666666666675 1.5500000000000003 1.4500000000000002 1.2250000000000003 1102.5000000000002 1.0583333333333338 1087.5000000000002 1.031666666666667 1.1666666666666667 1.8333333333333337 0.63333333333333341 1.4500000000000002 1.9000000000000001
decision_type=2 2 2 8 2 2 10 2 10 10 10 10 2 2
left_child=2 -2 5 4 -4 8 13 -7 9 -1 -11 -12 -13 -6
right_child=1 -3 3 -5 6 7 -8 -9 -10 10 11 12 -14 -15
leaf_value=-0.0020516418004622285 0.0034431397721721452 -4.6815144115796796e-06 -0.00069265150369363039 0.00086098389654247606 -0.0079201863982327793 -0.0035938480297282448 -0.0014312090713841604 -0.00046596879343710387 -0.0007876447461632346 0.0045142435029163191 0.0036387255154853395 0.0018147473687998689 -0.0029635211004528294 -0.0032902934725572868
leaf_weight=147.28817045688629 215.72552299499512 5332.0793206691742 487.90832185745239 268.37119400501251 138.7227281332016 241.83153903484344 153.82276678085327 586.24626708030701 446.55038106441498 239.31243586540222 137.37171840667725 141.70307660102844 135.99449908733368 121.75910556316376
leaf_count=68 49 1508 271 118 67 102 63 224 167 100 65 66 60 59
internal_value=-0.000168193 0.000129983 -0.000677555 -0.00156954 -0.00229267 -0.000174156 -0.00417074 -0.00138267 0.000628043 0.00141662 0.00219919 0.000856782 -0.000527511 -0.00577686
internal_weight=8794.69 5547.8 3246.88 1170.58 902.213 2076.3 414.305 828.078 1248.22 801.67 654.382 415.069 277.698 260.482
internal_count=2987 1557 1430 578 460 852 189 326 526 359 291 191 126 126
is_linear=0
shrinkage=0.03


Tree=327
num_leaves=15
num_cat=0
split_feature=8 8 8 14 3 4 7 16 17 7 12 10 3 16
split_gain=1.57432 2.48872 1.3547 1.39644 2.66028 1.31885 1.35594 1.50014 3.42744 2.24295 1.69535 1.63535 1.53162 1.81015
threshold=1.4016666666666671 1.5333333333333339 1.3550000000000002 1202.5000000000002 1.6333333333333335 0.41666666666666669 1.9000000000000001 1102.5000000000002 1142.5000000000002 1.5500000000000003 1.8333333333333337 2.5833333333333335 1.6333333333333335 1071.2500000000002
decision_type=8 10 10 2 2 2 2 2 2 2 10 10 2 2
left_child=2 -2 3 5 -5 6 7 8 12 10 11 -9 13 -1
right_child=1 -3 -4 4 -6 -7 -8 9 -10 -11 -12 -13 -14 -15
leaf_value=-0.0021416681091567915 -0.0026432665503201627 -0.00020480751322642099 0.0027462033176649881 -7.3292049172948769e-05 -0.0036541870168429469 0.0016769576538122253 -0.0014831794168034156 0.0003928228321089072 0.0054419081723973218 0.0020993521855420393 -0.0023558765061382639 -0.0023466839987508663 0.0018644743000191871 0.0018222442083753649
leaf_weight=270.63116490840912 450.67009997367859 2270.5212544202805 190.27992606163025 1153.5189723968506 221.78881537914276 660.55156970024109 375.82678258419037 1308.6401152610779 156.07872366905212 374.06211948394775 339.85518980026245 229.65304684638977 447.32851493358612 166.75900483131409
leaf_count=127 145 658 63 545 94 222 129 382 45 114 108 53 179 69
internal_value=-1.27457e-05 -0.000609476 0.000262769 0.000179467 -0.000653 0.000444005 0.000221623 0.000416581 0.0013579 -1.88347e-05 -0.000441597 -1.74192e-05 0.000632087 -0.000629681
internal_weight=8616.17 2721.19 5894.97 5704.69 1375.31 4329.39 3668.83 3293.01 1040.8 2252.21 1878.15 1538.29 884.719 437.39
internal_count=2933 803 2130 2067 639 1428 1206 1077 420 657 543 435 375 196
is_linear=0
shrinkage=0.03


Tree=328
num_leaves=15
num_cat=0
split_feature=8 1 1 9 15 8 9 7 10 15 15 10 11 9
split_gain=1.56196 2.89795 2.96526 2.49238 3.00627 2.44213 1.61895 1.72044 2.27832 2.94451 2.93929 1.45968 1.93435 2.14411
threshold=1.3960000000000001 1.3310000000000002 1.5150000000000003 1.5616100000000002 1177.5000000000002 1.3068666666666668 1.3500000000000003 0.70833333333333337 1.1666666666666667 1068.7500000000002 1098.7500000000002 0.83333333333333337 1.1000000000000003 0.84700000000000009
decision_type=10 10 10 10 2 10 10 2 10 2 2 10 10 10
left_child=5 3 -3 -2 -5 6 7 8 9 -1 -10 12 13 -9
right_child=1 2 -4 4 -6 -7 -8 11 10 -11 -12 -13 -14 -15
leaf_value=-0.0030446707480258134 -0.0045586286235040109 0.0024023363436936284 -0.00049947422255597178 0.00032749754227994594 -0.0040808120987097917 0.0028885795767370865 0.0022733962896961512 -0.0006178376431642521 0.0046293606486984403 0.0017821720416879936 -1.14526727459392e-05 -0.00054074617163475626 0.0035935394958812256 0.002499307993722207
leaf_weight=200.20813584327698 238.37655317783356 405.64393520355225 1435.6422879695892 466.97182643413544 197.29414105415344 315.25175309181213 312.60500502586365 764.7640655040741 280.91325759887695 260.68872439861298 217.65338444709778 3132.3484538793564 175.02510559558868 267.14584052562714
leaf_count=56 94 111 377 138 86 101 101 352 68 102 73 1122 62 107
internal_value=4.96141e-05 -0.000542033 0.000140765 -0.00193348 -0.000985984 0.000323583 0.00017899 5.50222e-05 0.00120394 -0.000316604 0.00260741 -0.000199234 0.000686804 0.000190783
internal_weight=8670.53 2743.93 1841.29 902.643 664.266 5926.6 5611.35 5298.75 959.464 460.897 498.567 4339.28 1206.94 1031.91
internal_count=2950 806 488 318 224 2144 2043 1942 299 158 141 1643 521 459
is_linear=0
shrinkage=0.03


Tree=329
num_leaves=15
num_cat=0
split_feature=6 6 1 16 7 3 17 3 17 1 1 10 16 10
split_gain=0.923145 1.41346 2.92711 2.37538 2.74344 1.49653 1.43008 1.97461 1.49718 1.42123 1.91545 2.77815 2.97884 1.96617
threshold=1.5833333333333337 0.83333333333333337 1.2410000000000003 1277.5000000000002 0.45000000000000007 1.2250000000000003 1112.5000000000002 1.5500000000000003 1082.5000000000002 1.7510000000000001 1.901 1.1666666666666667 1137.5000000000002 0.83333333333333337
decision_type=2 2 8 2 2 2 2 2 2 8 8 10 2 10
left_child=1 2 5 4 -4 -1 8 -8 -6 -3 -11 12 13 -12
right_child=-2 9 3 -5 6 -7 7 -9 -10 10 11 -13 -14 -15
leaf_value=0.00018056090265437165 -0.00046048576992007226 -0.00018405298907039913 0.00039236853652419419 0.0013936914173861693 -0.0025671302303498871 0.0038292867574476245 -0.0052180912003797382 -0.001751515603241774 0.00090479722513849741 0.003967157076675454 0.0021162871247015348 -0.00016127850987329039 -0.00049078747862101339 0.006420008536424316
leaf_weight=210.88964879512787 3428.7046468257904 1251.9234969615936 535.62108325958252 342.42959427833557 238.64272320270538 193.63488912582397 251.58594489097595 360.69799470901489 208.77235972881317 190.6221536397934 227.33740937709808 1017.90687084198 208.26947712898254 165.75906157493591
leaf_count=71 1264 437 153 71 113 60 81 100 78 52 93 293 63 65
internal_value=-7.55191e-05 0.000168769 -0.000385857 -0.00087053 -0.00135711 0.00193224 -0.00224091 -0.00318211 -0.000948658 0.000593041 0.00113037 0.00079418 0.00240903 0.00394275
internal_weight=8832.8 5404.09 2342.27 1937.75 1595.32 404.525 1059.7 612.284 447.415 3061.82 1809.89 1619.27 601.366 393.096
internal_count=2994 1730 727 596 525 131 372 181 191 1003 566 514 221 158
is_linear=0
shrinkage=0.03


Tree=330
num_leaves=15
num_cat=0
split_feature=18 0 11 1 9 7 12 16 1 1 12 0 5 0
split_gain=0.940116 1.33425 1.89873 1.47473 1.52779 1.41115 1.42842 1.44206 1.35912 1.26738 0.999574 1.52947 1.23887 0.957793
threshold=1.0000000180025095e-35 0.43898333333333339 1.3666666666666669 1.9630000000000003 1.2990000000000002 1.5500000000000003 1.1666666666666667 1112.5000000000002 2.1970000000000005 1.901 1.5833333333333337 1.1939500000000003 0.29166666666666669 1.3200333333333336
decision_type=2 8 10 10 8 2 8 2 10 10 10 8 2 8
left_child=13 -2 3 4 5 -3 -7 -8 9 10 11 -4 -12 -1
right_child=1 2 8 -5 -6 6 7 -9 -10 -11 12 -13 -14 -15
leaf_value=0.00091984989597808722 -0.0023507601960597803 0.0012435310794346203 0.0020855193301095708 -0.0020471469182402544 0.0029847697307529785 -0.0035388348508929783 -0.001806653754059737 0.0027195924014268478 0.0015576768815449376 -0.0031239752030304073 -0.00075166764172606131 -0.00073488830177818008 -0.0035909433080400844 -3.6274707313204879e-05
leaf_weight=1310.5231170654297 289.50418293476105 680.17440795898438 206.55351161956787 168.24729990959167 259.8663318157196 132.3686363697052 135.34638071060181 117.34476006031036 202.272536277771 227.04420363903046 394.51395916938782 1040.1099536418915 212.58270227909088 3355.0287359952927
leaf_count=444 118 276 73 56 96 64 79 51 47 65 139 322 88 1050
internal_value=-5.8145e-05 -0.000391552 -0.000240775 0.000590734 0.000926956 0.000422619 -0.00102692 0.00029768 -0.000784681 -0.00101302 -0.000752928 -0.000266292 -0.00175015 0.000232434
internal_weight=8731.48 4065.93 3776.42 1493.35 1325.1 1065.23 385.06 252.691 2283.08 2080.8 1853.76 1246.66 607.097 4665.55
internal_count=2968 1474 1356 622 566 470 194 130 734 687 622 395 227 1494
is_linear=0
shrinkage=0.03


Tree=331
num_leaves=15
num_cat=0
split_feature=1 16 1 0 9 9 10 1 1 10 13 1 17 8
split_gain=1.3736 0.948058 0.772407 1.52718 1.45894 1.40712 0.949577 0.913234 1.37968 1.02964 1.51365 1.75254 1.06119 1.759
threshold=2.4590000000000005 1362.5000000000002 1.8968100000000001 2.0433333333333339 1.912666666666667 1.3500000000000003 3.4166666666666674 1.7900000000000003 1.6630000000000005 2.5833333333333335 0.90000000000000013 1.3750000000000002 1188.7500000000002 1.7583333333333335
decision_type=10 2 10 10 10 10 10 10 10 8 10 8 2 10
left_child=1 2 3 6 5 -4 7 8 9 12 -11 -12 13 -1
right_child=-2 -3 4 -5 -6 -7 -8 -9 -10 10 11 -13 -14 -15
leaf_value=2.9212317632892581e-05 0.0025038514537409277 -0.0017835108548617119 -0.0014388221873412265 0.0029421485485376605 -0.0027764041147797496 0.0012921936195076059 0.0020987462600937775 0.0019585495721964872 -0.0019483221853177695 -0.0029868336795632793 -0.0020887020882686303 0.0017343536749861257 0.00068307542200300969 -0.0030937362221778613
leaf_weight=3018.7352305650711 206.7358922958374 249.48691987991333 327.77509999275208 176.40747797489166 232.88015007972717 350.14171671867371 211.68725597858429 220.57531261444092 310.59346091747284 229.45594990253448 194.55980324745178 239.79596996307373 2539.6473352909088 170.54591143131256
leaf_count=1346 55 57 105 54 54 92 54 62 94 61 62 72 716 71
internal_value=9.3748e-05 3.46495e-05 9.00242e-05 0.000192669 -0.000733334 -2.84362e-05 0.000124294 6.36336e-05 9.97948e-07 9.59962e-05 -0.0010216 2.10384e-05 0.000225648 -0.000138704
internal_weight=8679.02 8472.29 8222.8 7312 910.797 677.917 7135.6 6923.91 6703.33 6392.74 663.812 434.356 5728.93 3189.28
internal_count=2955 2900 2843 2592 251 197 2538 2484 2422 2328 195 134 2133 1417
is_linear=0
shrinkage=0.03


Tree=332
num_leaves=15
num_cat=0
split_feature=0 0 0 14 12 0 15 12 2 7 6 14 0 1
split_gain=1.23564 2.17794 1.94776 1.90627 1.60887 1.99163 2.15376 2.04315 1.61717 1.52226 1.40553 1.85996 1.58973 3.13764
threshold=1.0216666666666672 1.1785500000000002 0.9010166666666668 1162.5000000000002 1.5833333333333337 1.4800000000000002 1127.5000000000002 0.83333333333333337 2.1666666666666674 1.1000000000000003 0.83333333333333337 1082.5000000000002 1.5365666666666666 1.9760000000000002
decision_type=10 10 10 2 10 10 2 10 2 2 2 2 10 10
left_child=2 3 -1 -2 5 7 8 -3 9 -7 -6 -12 -13 -14
right_child=1 4 -4 -5 10 6 -8 -9 -10 -11 11 12 13 -15
leaf_value=-0.00026514164172221908 9.9515328447333294e-05 -5.0729625303820647e-05 -0.0027289387692504981 0.0040311091214275075 -0.00080496354156428778 0.0017385883872328644 0.0020409674499800314 -0.0037379535887312157 -0.002162849218360212 -0.0011691694858304822 0.0034293882347735082 0.0022307855647513064 -0.0020288671673496304 0.0025276412968403494
leaf_weight=4340.3808850049973 202.03277027606964 246.52069449424744 308.39395344257355 245.44615757465363 393.8809529542923 322.68657255172729 364.72824192047119 298.73259890079498 388.8712739944458 323.50255870819092 273.18082547187805 343.16037702560425 366.16222214698792 215.06050074100494
leaf_count=1615 59 75 122 90 122 78 119 99 96 86 76 126 128 61
internal_value=-9.69178e-05 0.000290751 -0.000429139 0.00226021 4.09835e-05 -0.000537695 6.1798e-05 -0.00207403 -0.000636906 0.000283316 0.00074813 0.00125919 0.000614824 -0.00034145
internal_weight=8632.74 3983.97 4648.77 447.479 3536.49 1945.04 1399.79 545.253 1035.06 646.189 1591.44 1197.56 924.383 581.223
internal_count=2952 1215 1737 149 1066 553 379 174 260 164 513 391 315 189
is_linear=0
shrinkage=0.03


Tree=333
num_leaves=15
num_cat=0
split_feature=15 2 2 16 10 13 10 12 13 9 11 7 12 8
split_gain=1.26604 0.83037 1.23184 1.45211 1.12514 1.46508 3.71188 1.43906 1.35878 1.92149 1.83235 2.18729 1.94588 1.80344
threshold=1042.5000000000002 3.1666666666666674 2.5833333333333335 1148.7500000000002 1.8333333333333337 0.90000000000000013 2.5833333333333335 0.41666666666666669 1.1000000000000003 1.1763333333333337 1.2250000000000003 1.4500000000000002 1.1666666666666667 1.1183333333333338
decision_type=2 2 2 2 8 8 10 10 10 10 10 2 10 10
left_child=-1 2 4 -4 7 6 -6 -2 9 -9 12 -12 -10 -13
right_child=1 -3 3 -5 5 -7 -8 8 10 -11 11 13 -14 -15
leaf_value=0.0010043035698541777 -0.0019171275543139103 0.0018416125025229968 -4.2261266232425375e-05 -0.0032980538938274782 0.0012130966789280001 0.00096515076663191335 -0.0027745711525914876 -0.00017716670401445939 -0.002036319638109406 0.0026334153151596571 -0.0026351479267890518 0.0016539787834001548 0.00052084052833733694 -0.0016857543177348493
leaf_weight=1014.9122763872147 471.62662661075592 188.07133781909943 254.45752048492432 238.225510597229 469.17934620380402 1643.4162265062332 378.84839475154877 615.48475432395935 319.72317481040955 338.67864048480988 616.73312485218048 280.8407324552536 1622.7027280330658 299.85954320430756
leaf_count=241 168 59 94 63 132 506 97 235 135 106 216 112 703 106
internal_value=8.59532e-06 -0.000122117 -0.000171272 -0.00162002 -6.99147e-05 0.000442765 -0.000569526 -0.000349716 -0.000168728 0.000822157 -0.000470011 -0.00139251 9.91009e-05 -7.05117e-05
internal_weight=8752.76 7737.85 7549.78 492.683 7057.09 2491.44 848.028 4565.65 4094.02 954.163 3139.86 1197.43 1942.43 580.7
internal_count=2973 2732 2673 157 2516 735 229 1781 1613 341 1272 434 838 218
is_linear=0
shrinkage=0.03


Tree=334
num_leaves=15
num_cat=0
split_feature=16 12 9 8 6 2 15 10 6 1 5 12 15 2
split_gain=0.909067 2.6626 1.84068 2.49389 1.75245 1.78716 1.64659 1.31531 1.17761 2.09372 1.63117 1.93705 1.60883 1.50368
threshold=1210.0000000000002 1.5833333333333337 2.2120000000000002 2.2483333333333335 0.83333333333333337 1.1666666666666667 1137.5000000000002 2.1666666666666674 0.83333333333333337 1.5350000000000004 1.0000000180025095e-35 1.1666666666666667 1083.7500000000002 1.5833333333333337
decision_type=2 10 10 8 2 2 2 10 2 8 2 10 2 2
left_child=2 4 3 8 -2 6 -6 -7 9 13 -11 -12 -13 -1
right_child=1 -3 -4 -5 5 7 -8 -9 -10 10 11 12 -14 -15
leaf_value=-0.00062321277656338212 0.00169315134758953 0.0030454964637129404 -0.0027216534282981431 0.0034373507026093084 -0.0035076867549036907 0.0015839383315494578 -1.9871384700869207e-05 -0.0009528960103798921 5.7300909793505795e-05 -0.0001309909711654944 -0.0043613236157374639 0.0010669280671242514 -0.0026107915036459053 0.0030604105664114489
leaf_weight=229.12595403194427 437.49222755432129 320.84582698345184 246.61177039146423 174.88837933540344 266.33377575874329 398.53272151947021 223.82643961906433 339.98332190513611 4631.9352111816406 465.24899482727051 279.45097875595093 174.69606423377991 273.67741322517395 175.23916387557983
leaf_count=89 95 79 71 55 61 87 71 75 1795 142 95 56 112 61
internal_value=-1.54477e-05 0.000547449 -0.000183676 -8.5535e-05 6.48744e-05 -0.000515808 -0.0019183 0.000416372 -0.000184975 -0.000887075 -0.00151907 -0.00240498 -0.00117869 0.000976766
internal_weight=8637.89 1987.01 6650.87 6404.26 1666.17 1228.68 490.16 738.516 6229.37 1597.44 1193.07 727.824 448.373 404.365
internal_count=2944 468 2476 2405 389 294 132 162 2350 555 405 263 168 150
is_linear=0
shrinkage=0.03


Tree=335
num_leaves=15
num_cat=0
split_feature=11 11 8 7 6 8 17 11 16 10 17 16 11 1
split_gain=1.34217 1.02497 1.3486 1.03502 1.28955 1.43651 1.41023 1.23334 1.51704 1.60596 1.90379 1.19074 1.15388 1.12978
threshold=3.2250000000000005 2.5500000000000003 2.0350000000000006 2.9000000000000004 2.4166666666666674 1.1816666666666669 1253.7500000000002 2.2916666666666674 1202.5000000000002 0.83333333333333337 1167.5000000000002 1277.5000000000002 2.1000000000000005 2.2890000000000001
decision_type=10 10 10 2 2 10 2 10 2 8 2 2 8 8
left_child=1 3 -3 4 6 -6 7 8 9 10 13 -8 -11 -1
right_child=-2 2 -4 -5 5 -7 11 -9 -10 12 -12 -13 -14 -15
leaf_value=0.0010432273119978925 0.0022257744590922835 -0.0022984980911437271 0.000405682452684265 0.0017708624802284052 -0.0031089636423599874 0.00015663437079632139 0.0014219760066495806 0.0022663971170116103 -0.0028317529398988726 -0.00050379932882211838 0.0031527136390494567 -8.5214008517709745e-05 -0.0030343827176689949 -0.00083874706762157179
leaf_weight=570.1699116230011 210.10944998264313 443.07258212566376 264.62330257892609 257.26665902137756 270.01596331596375 219.19761824607849 913.54183602333069 160.67004430294037 219.03482532501221 3272.286358833313 217.55058002471924 974.19315195083618 169.68763983249664 576.21075665950775
leaf_count=243 46 123 66 117 117 75 241 48 67 1224 67 220 55 258
internal_value=-0.000137249 -0.000195726 -0.0012882 -9.67047e-05 -0.000160462 -0.00164844 -5.73306e-05 -0.000312908 -0.000395815 -0.000284228 0.000586662 0.000644535 -0.000629401 9.7375e-05
internal_weight=8737.63 8527.52 707.696 7819.83 7562.56 489.214 7073.35 5185.61 5024.94 4805.91 1363.93 1887.73 3441.97 1146.38
internal_count=2967 2921 189 2732 2615 192 2423 1962 1914 1847 568 461 1279 501
is_linear=0
shrinkage=0.03


Tree=336
num_leaves=15
num_cat=0
split_feature=14 14 11 14 12 16 15 15 7 16 7 18 7 14
split_gain=1.05238 1.50143 1.11398 0.935551 1.39937 3.32237 1.58857 1.35189 2.26144 1.4048 1.38526 2.78295 2.00219 2.2389
threshold=1025.0000000000002 1042.5000000000002 3.1000000000000005 1092.5000000000002 0.58333333333333337 1148.7500000000002 1132.5000000000002 1137.5000000000002 2.3666666666666671 1202.5000000000002 2.4500000000000006 1.0000000180025095e-35 1.9000000000000001 1267.5000000000002
decision_type=2 2 8 2 10 2 2 2 2 2 2 2 2 2
left_child=-1 -2 3 -3 5 -5 -7 8 -6 10 12 -12 -9 -14
right_child=1 2 -4 4 7 6 -8 9 -10 -11 11 -13 13 -15
leaf_value=-0.0014371459950697702 0.0023961266299772268 -0.00063123493017211191 0.0017700990911333043 -0.0046277929965862176 0.00046407257116959865 -0.0018190290112576255 0.0016254183820605555 -0.00027894070627835788 0.0034405450980160806 -0.0018748347434488668 -0.004732226458073841 0.0012269395322824798 -0.00025600621218359987 0.0036852350590216168
leaf_weight=450.31583321094513 237.52044200897217 2088.178484916687 300.47591590881348 181.56477653980255 2376.6704367399216 213.46581029891968 274.06529080867767 1165.6559089422226 253.38275945186615 391.76709032058716 145.07466399669647 135.74208450317383 231.55030345916748 293.62186992168427
leaf_count=110 54 650 69 81 753 53 91 517 78 122 74 72 97 150
internal_value=-2.63773e-05 5.0432e-05 -1.90578e-05 -8.86381e-05 0.000111531 -0.00117579 0.000116628 0.000284226 0.000752029 -0.000236452 8.98817e-05 -0.00185753 0.00041422 0.00195034
internal_weight=8739.05 8288.74 8051.22 7750.74 5662.56 669.096 487.531 4993.47 2630.05 2363.41 1971.64 280.817 1690.83 525.172
internal_count=2971 2861 2807 2738 2088 225 144 1863 831 1032 910 146 764 247
is_linear=0
shrinkage=0.03


Tree=337
num_leaves=15
num_cat=0
split_feature=11 17 17 12 9 5 7 0 9 0 8 13 10 12
split_gain=1.10101 2.0159 1.6134 2.28011 1.37719 1.342 1.65726 2.62076 3.19905 1.55364 1.60581 1.19645 1.74125 1.16459
threshold=1.3666666666666669 1087.5000000000002 1267.5000000000002 0.41666666666666669 1.1300000000000003 0.36666666666666675 1.5500000000000003 1.3200333333333336 1.8040000000000005 1.4800000000000002 0.83075000000000021 0.90000000000000013 1.8333333333333337 1.1666666666666667
decision_type=8 2 2 8 10 2 2 8 10 10 8 10 10 8
left_child=2 4 3 -1 -2 6 13 -8 -9 10 11 -7 -13 -3
right_child=1 5 -4 -5 -6 9 7 8 -10 -11 -12 12 -14 -15
leaf_value=-0.002915994395865235 -0.0047707031204383323 0.00036785650106884452 0.002435457642532576 0.00040033053425300003 -0.000593953828345432 -0.0018822166826414175 0.0034180022146305931 0.0013947071209567301 -0.0028776329726264431 0.0011446704418453832 -0.0025162907234954702 -0.0013532355607180806 0.0021869603763058601 -0.0010244796406929932
leaf_weight=198.04725384712219 145.6296706199646 1161.4247878789902 316.59604406356812 2980.7771332263947 138.46816349029541 309.01086294651031 322.48981559276581 567.05464911460876 217.37884140014648 289.78860461711884 552.65067219734192 239.31451725959778 259.75638556480408 1009.9433640241623
leaf_count=83 80 283 78 1227 63 95 103 168 55 82 192 89 82 285
internal_value=-1.52563e-05 -0.000291459 0.000396625 0.000192865 -0.0027442 -0.000149554 0.000201708 0.00114588 0.000208618 -0.000846937 -0.00127161 -0.000418309 0.000490054 -0.000279918
internal_weight=8708.33 5212.91 3495.42 3178.82 284.098 4928.81 3278.29 1106.92 784.433 1650.52 1360.73 808.082 499.071 2171.37
internal_count=2965 1577 1388 1310 143 1434 894 326 223 540 458 266 171 568
is_linear=0
shrinkage=0.03


Tree=338
num_leaves=15
num_cat=0
split_feature=4 17 5 15 14 10 15 11 10 13 17 1 15 17
split_gain=1.16201 1.12252 1.64229 1.81987 1.66471 1.31527 1.28346 1.03846 1.05759 2.81015 3.5452 1.29241 1.83873 1.1573
threshold=0.83333333333333337 1253.7500000000002 0.29166666666666669 1127.5000000000002 1122.5000000000002 2.1666666666666674 1078.7500000000002 0.36666666666666675 0.83333333333333337 1.4500000000000002 1127.5000000000002 2.1685100000000008 1096.2500000000002 1132.5000000000002
decision_type=2 2 2 2 2 10 2 10 10 8 2 8 2 2
left_child=1 7 4 -4 6 -6 -3 -1 9 13 11 12 -11 -9
right_child=-2 2 3 -5 5 -7 -8 8 -10 10 -12 -13 -14 -15
leaf_value=-0.00236132927042765 -0.0021384890896111643 0.00033254905645677374 0.0031199692809545576 0.00041085653797205132 0.0023917066672914074 -0.00019014251856815676 -0.0018412192891983344 0.00022267919395887946 -0.00022297970126722489 0.0047562900368539902 0.0057498828483690022 -0.00067278281577627858 0.00018097231858344668 -0.0023779861951450125
leaf_weight=170.0959016084671 200.02543354034424 535.75899529457092 434.40364599227905 458.5444575548172 397.21804356575012 320.25951766967773 448.1992130279541 434.50223410129547 4346.3067089319229 137.13566744327545 171.17133057117462 269.99881613254547 185.01927959918976 237.41848230361938
leaf_count=79 82 98 93 143 104 86 107 195 1587 50 56 125 94 79
internal_value=0.000116049 0.000169062 0.000689691 0.00173081 0.000142596 0.00124059 -0.00065848 -5.79631e-05 1.01996e-05 0.000715992 0.00196032 0.000857036 0.0021373 -0.000698416
internal_weight=8746.06 8546.03 2594.38 892.948 1701.44 717.478 983.958 5951.65 5781.55 1435.25 763.325 592.154 322.155 671.921
internal_count=2978 2896 631 236 395 190 205 2265 2186 599 325 269 144 274
is_linear=0
shrinkage=0.03


Tree=339
num_leaves=15
num_cat=0
split_feature=17 15 4 1 6 11 9 11 9 4 0 2 15 6
split_gain=0.976116 0.959296 1.74177 1.68293 2.28831 1.43681 1.76743 1.29081 1.22025 1.70511 2.01018 1.79057 1.53584 1.62687
threshold=1037.5000000000002 1197.5000000000002 0.41666666666666669 0.80100000000000005 2.1666666666666674 0.90000000000000013 0.91900000000000004 0.45000000000000007 1.379 1.0000000180025095e-35 1.8816666666666668 2.1666666666666674 1112.5000000000002 1.1666666666666667
decision_type=2 2 2 10 2 10 10 8 10 2 10 2 2 2
left_child=-1 2 7 -3 -5 -4 -7 -2 9 10 11 12 -9 -14
right_child=1 3 5 4 -6 6 -8 8 -10 -11 -12 -13 13 -15
leaf_value=-0.0018883008047539728 0.0020054505159563291 -0.0017735496338652436 -0.0010089192230495335 -0.0011622019028931395 0.0032471069054739979 0.0030261224324816078 0.00020507857852680004 -0.0010991329939715063 0.000445678286591346 -0.001175091473139991 -0.0020962147889828941 0.0017907751172993648 0.0029987094642946088 -0.00033903199257782825
leaf_weight=239.97434914112091 271.43062996864319 635.61166834831238 192.31608903408051 257.81362247467041 178.3859167098999 485.2225182056427 339.66218400001526 702.33366131782532 2264.1606464385986 1609.1256824731827 316.53677308559418 627.27705955505371 221.10761618614197 321.48437654972076
leaf_count=147 103 328 75 113 79 151 111 205 611 548 95 194 79 119
internal_value=-5.68522e-06 4.81724e-05 0.000170458 -0.00078986 0.000644309 0.00132213 0.00186616 -1.46882e-05 -0.000105457 -0.000434056 0.000111029 0.000485131 -0.000173649 0.00102412
internal_weight=8662.44 8422.47 7350.66 1071.81 436.2 1017.2 824.885 6333.46 6062.03 3797.87 2188.74 1872.2 1244.93 542.592
internal_count=2958 2811 2291 520 192 337 262 1954 1851 1240 692 597 403 198
is_linear=0
shrinkage=0.03


Tree=340
num_leaves=15
num_cat=0
split_feature=17 6 3 2 15 17 0 2 17 15 1 9 3 3
split_gain=0.915934 1.17774 1.70854 2.38261 1.75853 2.23008 1.71627 1.64006 1.59827 1.50997 2.48796 1.06656 0.821264 0.935644
threshold=1197.5000000000002 2.1666666666666674 2.2250000000000005 2.1666666666666674 1127.5000000000002 1320.0000000000002 1.0850000000000002 1.1666666666666667 1310.0000000000002 1107.5000000000002 1.5970000000000002 1.9690000000000003 2.1000000000000005 2.5500000000000003
decision_type=2 2 2 2 2 2 8 2 2 2 10 10 2 2
left_child=11 2 3 4 9 6 -6 -8 -3 10 -2 12 -1 -14
right_child=1 8 -4 -5 5 -7 7 -9 -10 -11 -12 -13 13 -15
leaf_value=-0.0003427583365132581 -0.00057680695442239758 0.002904201480086997 0.0018751755405175896 -0.0023595628656473853 0.00071570633097410054 0.0015328905141957692 -0.0042096697274436878 -0.0008306213387119319 -0.0003634221217672461 0.0025061091439462346 0.0025450236624798132 -0.0027520050242452227 0.00161780300575512 -0.00039868928353942347
leaf_weight=3807.014857172966 798.18271279335022 348.67875945568085 454.19694399833679 366.27539539337158 201.70567786693573 277.44019246101379 261.43699407577515 255.97828722000122 218.82024431228638 380.81017184257507 321.48077249526978 145.95892226696014 452.20819926261902 380.74682748317719
leaf_count=1621 175 112 96 89 70 73 91 82 57 97 67 48 158 123
internal_value=4.20015e-05 0.000384171 0.000167919 -0.000103457 0.00022829 -0.000748153 -0.0016291 -0.0025428 0.00164583 0.000876875 0.000321013 -0.000235779 -0.00015605 0.000696684
internal_weight=8670.93 3885.01 3317.51 2863.31 2497.03 996.561 719.121 517.415 567.499 1500.47 1119.66 4785.93 4639.97 832.955
internal_count=2959 1009 840 744 655 316 243 173 169 339 242 1950 1902 281
is_linear=0
shrinkage=0.03


Tree=341
num_leaves=15
num_cat=0
split_feature=12 14 6 15 12 0 11 1 4 15 9 16 14 11
split_gain=1.0834 0.608246 1.32635 2.53243 1.76447 1.72596 1.62786 1.29068 1.31771 1.17711 1.10124 1.63063 1.36517 2.25776
threshold=1.0000000180025095e-35 1073.7500000000002 1.1666666666666667 1120.0000000000002 0.83333333333333337 1.601666666666667 1.2250000000000003 1.1230000000000004 1.0000000180025095e-35 1091.2500000000002 1.6030000000000004 1187.5000000000002 1052.5000000000002 1.2250000000000003
decision_type=10 2 2 2 10 8 10 8 2 2 10 2 2 10
left_child=-1 10 3 5 -5 9 -7 -6 -9 -3 11 12 -2 -14
right_child=1 2 -4 4 7 6 -8 8 -10 -11 -12 -13 13 -15
leaf_value=-0.0018545436519861816 -0.00038236666078035532 -0.0014168496544232547 -0.00016830627146993831 0.0017746655394672963 0.0015473017375324729 0.0040406661552816825 0.0013101211144758474 -2.745960406699428e-05 -0.0026457971703313134 0.0017549943053311384 0.00083907510574880012 0.00095049828952248328 -0.00070148613670882869 -0.0045489465375324108
leaf_weight=287.65238881111145 580.79714953899384 218.19451498985291 4173.3391991853714 277.00114679336548 149.49671626091003 343.53585147857666 460.81177711486816 304.64002203941345 399.34221804141998 201.66547000408173 453.66504907608032 346.35472106933594 300.13240194320679 252.64729428291321
leaf_count=87 165 66 1535 97 65 116 125 120 172 62 102 72 112 80
internal_value=-4.7182e-05 1.44711e-05 0.000152907 0.00072204 -0.000301724 0.0016669 0.0024799 -0.000976915 -0.00151439 0.000107188 -0.00045274 -0.000849039 -0.00139922 -0.002465
internal_weight=8749.28 8461.62 6528.03 2354.69 1130.48 1224.21 804.348 853.479 703.982 419.86 1933.6 1479.93 1133.58 552.78
internal_count=2976 2889 2358 823 454 369 241 357 292 128 531 429 357 192
is_linear=0
shrinkage=0.03


Tree=342
num_leaves=15
num_cat=0
split_feature=15 3 2 17 8 9 9 3 15 8 11 13 13 9
split_gain=1.20971 2.26488 1.46118 2.73535 0.997041 1.27013 1.30176 1.25234 1.00434 2.89974 2.00102 2.02224 1.47694 0.968239
threshold=1290.0000000000002 0.45000000000000007 1.1666666666666667 1162.5000000000002 2.7066666666666666 2.3690000000000002 2.1810000000000009 2.6333333333333337 1172.5000000000002 1.3783333333333336 1.9000000000000001 1.2916666666666667 1.7750000000000001 1.0505700000000002
decision_type=2 2 2 2 10 8 10 2 2 10 10 10 10 10
left_child=4 -2 3 -3 5 6 7 8 13 10 11 -10 -13 -1
right_child=1 2 -4 -5 -6 -7 -8 -9 9 -11 -12 12 -14 -15
leaf_value=-4.3873869436424187e-05 -0.0051911309320840484 -0.0020096332245625663 -0.0032076170475072198 0.0042232706480938567 0.0018950952596042995 -0.0023989563796206407 0.0019957065748711896 0.0013754074184772547 -0.0033735024763518881 0.0036398165029021654 0.0024254171330420123 0.002881654491519055 -0.001395778621453383 -0.00081447316685900612
leaf_weight=3532.4596576690674 117.982754945755 137.49377918243408 115.75828242301941 115.8828752040863 228.55856013298035 211.41554868221283 269.81190991401672 470.0202978849411 221.56898140907288 226.3729373216629 183.43121445178986 124.70283591747284 171.19192469120026 2509.4510269165039
leaf_count=1213 68 92 60 52 52 52 65 130 108 82 61 56 88 762
internal_value=-0.000140886 -0.00159155 -0.000430139 0.000846408 -5.39859e-05 -0.000110462 -4.73986e-05 -0.000121758 -0.000222914 0.000695889 -0.000258762 -0.0012131 0.000410551 -0.000364017
internal_weight=8636.1 487.118 369.135 253.377 8148.98 7920.43 7709.01 7439.2 6969.18 927.268 700.895 517.464 295.895 6041.91
internal_count=2941 272 204 144 2669 2617 2565 2500 2370 395 313 252 144 1975
is_linear=0
shrinkage=0.03


Tree=343
num_leaves=15
num_cat=0
split_feature=6 18 14 14 16 14 10 1 1 1 10 16 1 1
split_gain=1.52512 1.23888 2.22991 2.07734 1.75727 2.26913 1.78643 1.71317 1.93569 2.16929 1.54103 1.60207 1.50487 1.12125
threshold=3.1666666666666674 1.0000000180025095e-35 1097.5000000000002 1087.5000000000002 1146.2500000000002 1052.5000000000002 1.8333333333333337 1.4710000000000003 1.2970000000000004 1.1715000000000002 0.83333333333333337 1102.5000000000002 2.0430000000000006 1.5190100000000004
decision_type=2 2 2 2 2 2 10 10 10 10 10 2 10 8
left_child=1 -1 3 4 5 -3 -6 8 9 10 11 -4 -9 -7
right_child=-2 2 7 -5 6 13 -8 12 -10 -11 -12 -13 -14 -15
leaf_value=0.00042771047092138412 -0.0024576512535243104 0.0032603676098382681 -0.0019580541778585034 0.0032339038526320229 -0.0027240870190218349 0.0014253397482447252 0.00068704158832755193 0.0013305098572523083 -0.0037962531210927824 0.002357064756572028 -0.0018138539437960589 0.0023554799540354289 -0.0016454167825049417 -0.0018811248007966413
leaf_weight=4435.783127784729 217.2409702539444 275.73300015926361 132.30475699901581 233.11776375770569 288.5556435585022 172.67610859870911 263.67778134346008 497.20453572273254 243.55659353733063 161.55918264389038 1135.1382274627686 184.17882716655731 219.71130013465881 196.05070471763611
leaf_count=1406 102 80 74 76 76 68 59 169 93 63 457 77 68 77
internal_value=1.84176e-05 8.24396e-05 -0.000300127 0.000649496 0.000143769 0.00120708 -0.00109706 -0.000827744 -0.0013085 -0.000930787 -0.00129808 0.000551736 0.000417464 -0.000333028
internal_weight=8656.49 8439.25 4003.46 1429.81 1196.69 644.46 552.233 2573.65 1856.74 1613.18 1451.62 316.484 716.916 368.727
internal_count=2945 2843 1437 436 360 225 135 1001 764 671 608 151 237 145
is_linear=0
shrinkage=0.03


Tree=344
num_leaves=15
num_cat=0
split_feature=1 1 6 15 3 5 5 14 11 6 17 3 3 14
split_gain=0.984445 1.60831 1.39224 1.66026 1.46447 3.03102 1.29009 1.58194 1.22996 1.10933 0.989879 0.964781 1.72352 1.49882
threshold=1.192666666666667 1.103 0.83333333333333337 1047.5000000000002 1.2250000000000003 0.36666666666666675 0.36666666666666675 1122.5000000000002 1.3666666666666669 1.8333333333333337 1183.7500000000002 1.9000000000000001 1.3666666666666669 1092.5000000000002
decision_type=10 10 2 2 2 2 2 2 10 2 2 2 2 2
left_child=1 11 8 -4 5 -5 7 -6 -2 -9 -11 12 -1 -13
right_child=2 -3 3 4 6 -7 -8 9 -10 10 -12 13 -14 -15
leaf_value=8.0676635113756425e-05 0.00074346834584570662 -0.0025862020551482103 0.0026396292638022276 -0.00054429864059137912 -0.0009723565291177087 0.0035275060502241284 -0.0021050775453752718 0.0018700271910874031 -0.0015208272385616372 0.0013366918726100351 -0.0017817516843597041 -0.00053193507977587664 -0.0012513100051621182 0.0018373721973031611
leaf_weight=2571.7260686159134 349.03439319133759 258.50815606117249 345.400883436203 309.37530255317688 562.35967218875885 349.87515342235565 234.67730343341827 567.05418300628662 563.03145682811737 179.16830956935883 185.40846705436707 465.73207759857178 1323.5322875976562 494.66367554664612
leaf_count=1010 108 95 78 100 159 115 76 184 148 71 49 140 467 168
internal_value=-1.66514e-05 -0.000285139 0.000359989 0.000698607 0.00041686 0.00161875 -4.21658e-05 0.000283069 -0.000654449 0.00104111 -0.000249754 -0.000162127 -0.000372111 0.000689048
internal_weight=8759.55 5114.16 3645.39 2733.32 2387.92 659.25 1728.67 1493.99 912.066 931.631 364.577 4855.65 3895.26 960.396
internal_count=2968 1880 1088 832 754 215 539 463 256 304 120 1785 1477 308
is_linear=0
shrinkage=0.03


Tree=345
num_leaves=15
num_cat=0
split_feature=3 18 0 15 10 16 17 10 10 0 16 15 16 5
split_gain=1.80334 1.00203 1.72559 2.84747 2.47675 1.89307 3.87414 1.61996 1.48826 1.28196 1.26339 1.20881 1.69553 1.06483
threshold=0.22500000000000003 1.0000000180025095e-35 1.7050000000000003 1187.5000000000002 1.1666666666666667 1112.5000000000002 1272.5000000000002 1.5833333333333337 0.83333333333333337 2.3183333333333338 1073.7500000000002 1068.7500000000002 1148.7500000000002 0.36666666666666675
decision_type=2 2 8 2 10 2 2 10 10 8 2 2 2 2
left_child=-1 2 4 5 8 7 9 10 -2 -7 -4 12 -3 -11
right_child=1 11 3 -5 -6 6 -8 -9 -10 13 -12 -13 -14 -15
leaf_value=0.0029359498022980069 0.0006875932116568263 0.0017897818360253089 0.00067083148882629009 -0.0033803577485538626 0.0017612206458937393 -0.0034619530989037995 0.0014719573343457098 -0.00090813798071665106 -0.0022602252376427092 -0.00025725913877500443 0.0036350449751342533 -0.0006752295536641247 -0.00077752476054095013 -0.0025723426234198783
leaf_weight=184.88027596473694 363.76368284225464 481.6950923204422 244.68355596065521 234.72545826435089 1204.6643899679184 244.27756142616272 588.19868612289429 203.79028701782227 266.05771827697754 565.57975351810455 274.9945410490036 3119.7895547151566 444.10497689247131 260.65037751197815
leaf_count=79 144 142 106 118 350 64 118 70 96 170 94 1207 97 84
internal_value=1.28458e-05 -5.10941e-05 0.000259459 -0.000235084 0.000964671 7.61214e-05 -0.00048242 0.0013556 -0.000559273 -0.00155664 0.00224335 -0.000392778 0.000558738 -0.000989824
internal_weight=8681.86 8496.98 4451.39 2616.9 1834.49 2382.17 1658.71 723.468 629.821 1070.51 519.678 4045.59 925.8 826.23
internal_count=2939 2860 1414 824 590 706 436 270 240 318 200 1446 239 254
is_linear=0
shrinkage=0.03


Tree=346
num_leaves=15
num_cat=0
split_feature=14 0 6 1 1 1 10 11 14 11 0 15 0 2
split_gain=1.62169 1.5986 1.39246 1.46876 1.34156 1.77663 1.44965 1.25473 0.982742 0.975272 1.88758 1.19776 3.50369 3.53424
threshold=1253.7500000000002 1.8583333333333336 1.1666666666666667 0.69500000000000017 1.0657100000000004 1.2900000000000003 1.1666666666666667 3.1000000000000005 1310.0000000000002 2.5500000000000003 2.0183166666666676 1088.7500000000002 1.3200333333333336 1.4166666666666667
decision_type=2 10 2 8 8 8 10 8 2 10 8 2 10 2
left_child=7 2 -2 -4 -5 -6 -7 9 -8 11 -11 -1 -13 -14
right_child=1 -3 3 4 5 6 8 -9 -10 10 -12 12 13 -15
leaf_value=0.00036011109905277242 -0.0018668810753890311 0.0038416106007196742 -0.0018990084176343847 0.0035654804087390879 -0.0024701093420362811 -0.00070128252309049519 0.0037587015432355578 0.0019394705294218982 0.00065379418051370671 0.00046758386853523428 -0.0031859723661899798 0.00016307085168215595 0.00014475182993650882 -0.0030987114048180485
leaf_weight=2593.426081776619 175.11497735977173 153.48376953601837 134.00716996192932 207.78997468948364 120.89931058883667 179.67396342754364 236.18030369281769 245.77140974998474 150.42718052864075 236.218590259552 274.35957288742065 2543.7074680328369 510.55022644996643 740.16539144515991
leaf_count=721 85 50 71 99 55 95 93 52 76 60 70 960 167 259
internal_value=1.81468e-05 0.000968235 0.000599087 0.00102016 0.00145889 0.00081764 0.00152268 -0.000162504 0.0025554 -0.000237662 -0.00149805 -0.000136701 -0.000476269 -0.00177565
internal_weight=8501.78 1357.58 1204.09 1028.98 894.971 687.181 566.281 7144.2 386.607 6898.43 510.578 6387.85 3794.42 1250.72
internal_count=2913 624 574 489 418 319 264 2289 169 2237 130 2107 1386 426
is_linear=0
shrinkage=0.03


Tree=347
num_leaves=15
num_cat=0
split_feature=17 8 13 18 1 13 0 16 16 16 5 17 8 10
split_gain=1.67556 2.27193 2.44572 2.02403 1.95488 2.84478 1.87188 1.80867 1.78348 1.60003 1.56177 2.54038 1.64642 1.29904
threshold=1188.7500000000002 1.7016666666666671 0.90000000000000013 1.0000000180025095e-35 1.1550000000000002 1.7083333333333337 1.8487500000000001 1137.5000000000002 1107.5000000000002 1112.5000000000002 0.45000000000000007 1097.5000000000002 0.97166666666666679 1.4166666666666667
decision_type=2 8 10 2 10 10 10 2 2 2 2 2 10 8
left_child=1 2 3 -1 7 6 8 10 -6 -3 12 -12 -4 -2
right_child=13 9 4 -5 5 -7 -8 -9 -10 -11 11 -13 -14 -15
leaf_value=-0.00036608787473092823 0.0010564117930391239 -0.00061988357449249318 -0.00033778209198954945 -0.0044569803477021068 0.001566900446876227 -0.00048229320109277715 0.00029750666486218208 -0.002867821733516988 0.00554539371208599 -0.0044137330982805109 -0.0007546664126386835 0.0048438661279721707 -0.0038539663981808337 -3.3620887088943318e-05
leaf_weight=218.86057138442993 1453.4904011487961 187.04864633083344 1331.0875425338745 215.93218517303467 207.6249805688858 701.3732762336731 268.48863470554352 274.55859708786011 199.30851697921753 215.03730905056 163.38628375530243 130.44428586959839 130.74132609367371 3041.5918645858765
leaf_count=91 398 73 592 103 81 273 86 116 68 79 94 62 65 797
internal_value=-8.45984e-05 -0.000512059 -0.000287169 -0.00240332 -1.64859e-05 0.000855794 0.00224395 -0.000608154 0.00352431 -0.00265477 -0.000253345 0.00173877 -0.000654678 0.000318999
internal_weight=8738.97 4243.89 3841.81 434.793 3407.01 1376.8 675.422 2030.22 406.933 402.086 1755.66 293.831 1461.83 4495.08
internal_count=2978 1783 1631 194 1437 508 235 929 149 152 813 156 657 1195
is_linear=0
shrinkage=0.03


Tree=348
num_leaves=15
num_cat=0
split_feature=14 14 17 11 17 0 0 3 15 16 0 17 13 16
split_gain=1.07558 1.68225 1.17511 1.16267 2.57208 2.43036 2.34774 1.45573 2.82716 1.97788 3.37207 1.57841 1.27913 1.25157
threshold=1207.5000000000002 1193.7500000000002 1122.5000000000002 1.3666666666666669 1188.7500000000002 1.6483333333333332 2.0883333333333338 1.2916666666666667 1132.5000000000002 1120.0000000000002 2.3916666666666671 1191.2500000000002 1.4500000000000002 1096.2500000000002
decision_type=2 2 2 10 2 8 8 2 2 2 8 2 10 2
left_child=1 3 -3 4 5 -1 -6 8 -5 10 13 -11 -13 -9
right_child=-2 2 -4 7 6 -7 -8 9 -10 11 -12 12 -14 -15
leaf_value=-0.0015159271253349178 -0.00056508831643759156 0.00015649394722809181 0.0034719072879966619 0.0014330802996900846 0.0043573014057300243 0.00077588341039707201 0.00061261386393127062 -0.0022620656954026709 -0.0018174205476210327 -0.0032074524452619037 0.0036257509123635481 -0.00034919353260129654 -0.0025049364381605063 0.00092564021942370233
leaf_weight=605.42061805725098 2063.8845529556274 163.40074610710144 233.35071277618408 933.12739217281342 272.43213200569153 1328.3121478557587 336.51380968093872 242.35397613048553 323.53001499176025 287.69690001010895 234.64349722862244 1218.7176058292389 310.06390023231506 202.80818676948547
leaf_count=248 888 78 68 251 68 509 82 87 112 94 76 272 76 60
internal_value=3.34758e-05 0.000218126 0.00211029 9.8565e-05 0.000593744 5.79417e-05 0.00229232 -0.000236996 0.00059545 -0.000656129 0.000723488 -0.00117256 -0.000787768 -0.000810982
internal_weight=8756.26 6692.37 396.751 6295.62 2542.68 1933.73 608.946 3752.94 1256.66 2496.28 679.806 1816.48 1528.78 445.162
internal_count=2969 2081 146 1935 907 757 150 1028 363 665 223 442 348 147
is_linear=0
shrinkage=0.03


Tree=349
num_leaves=15
num_cat=0
split_feature=12 15 3 12 7 0 0 7 3 8 0 17 17 4
split_gain=1.22136 0.961927 1.50665 3.65445 2.2277 2.28344 1.83464 1.69439 2.23449 2.16189 1.62406 2.18491 1.96034 1.66347
threshold=1.0000000180025095e-35 1083.7500000000002 1.6333333333333335 1.8333333333333337 1.1000000000000003 2.058333333333334 0.52370000000000017 1.4500000000000002 1.4500000000000002 1.8338000000000003 1.1785500000000002 1267.5000000000002 1197.5000000000002 0.58333333333333337
decision_type=8 2 2 10 2 8 8 2 2 10 8 2 2 2
left_child=-1 -2 6 4 5 -4 -3 9 10 -8 -9 12 13 -12
right_child=1 2 3 -5 -6 -7 7 8 -10 -11 11 -13 -14 -15
leaf_value=-0.0019224683252495539 0.00049008118158894588 -0.0019230981136042823 -0.00048162161931387574 -0.0032410567170867094 -0.0010099370408996591 0.0041678926251719076 -0.00081872788227675523 0.0019655682712504015 0.0033916078812006008 0.0017377001397713102 -0.00096163504456440486 -0.0023766259996949729 0.0036430656726293611 0.0023082791399754816
leaf_weight=305.34834229946136 2563.7140680551529 370.10578763484955 193.56921005249023 460.96512496471405 766.94266760349274 185.45755612850189 1576.8935880661011 474.88429892063141 280.30846846103668 365.98541581630707 499.49767339229584 287.70831966400146 158.37421727180481 193.40480035543442
leaf_count=90 682 154 60 186 247 63 613 200 96 104 222 82 52 102
internal_value=-6.19384e-05 6.09423e-06 -0.000207366 -0.000988475 -8.03399e-05 0.00179836 9.11435e-05 0.000285879 0.000924122 -0.00033652 0.000493716 -0.000121139 0.000643048 -4.69166e-05
internal_weight=8683.16 8377.81 5814.1 1606.93 1145.97 379.027 4207.16 3837.06 1894.18 1942.88 1613.87 1138.99 851.277 692.902
internal_count=2953 2863 2181 556 370 123 1625 1471 754 717 658 458 376 324
is_linear=0
shrinkage=0.03


end of trees

feature_importances:
str_att=565
o_str_def=546
t_xgc_r3=401
t_xgc_r5=367
o_str_att=330
str_def=315
o_xg_r3=274
o_gf_r5=268
t_gf_r5=237
t_ga_r5=221
o_xg_r5=220
o_gf_r3=191
o_ga_r5=189
is_home_team=180
o_ga_r3=170
t_ga_r3=135
t_gf_r3=135
t_cs_r5=101
t_cs_r3=55

parameters:
[boosting: gbdt]
[objective: poisson]
[metric: poisson]
[tree_learner: serial]
[device_type: cpu]
[data_sample_strategy: bagging]
[data: ]
[valid: ]
[num_iterations: 350]
[learning_rate: 0.03]
[num_leaves: 15]
[num_threads: 0]
[seed: 0]
[deterministic: 0]
[force_col_wise: 0]
[force_row_wise: 0]
[histogram_pool_size: -1]
[max_depth: -1]
[min_data_in_leaf: 60]
[min_sum_hessian_in_leaf: 0.001]
[bagging_fraction: 0.8]
[pos_bagging_fraction: 1]
[neg_bagging_fraction: 1]
[bagging_freq: 1]
[bagging_seed: 3]
[bagging_by_query: 0]
[feature_fraction: 0.7]
[feature_fraction_bynode: 1]
[feature_fraction_seed: 2]
[extra_trees: 0]
[extra_seed: 6]
[early_stopping_round: 0]
[early_stopping_min_delta: 0]
[first_metric_only: 0]
[max_delta_step: 0.7]
[lambda_l1: 0]
[lambda_l2: 1]
[linear_lambda: 0]
[min_gain_to_split: 0]
[drop_rate: 0.1]
[max_drop: 50]
[skip_drop: 0.5]
[xgboost_dart_mode: 0]
[uniform_drop: 0]
[drop_seed: 4]
[top_rate: 0.2]
[other_rate: 0.1]
[min_data_per_group: 100]
[max_cat_threshold: 32]
[cat_l2: 10]
[cat_smooth: 10]
[max_cat_to_onehot: 4]
[top_k: 20]
[monotone_constraints: ]
[monotone_constraints_method: basic]
[monotone_penalty: 0]
[feature_contri: ]
[forcedsplits_filename: ]
[refit_decay_rate: 0.9]
[cegb_tradeoff: 1]
[cegb_penalty_split: 0]
[cegb_penalty_feature_lazy: ]
[cegb_penalty_feature_coupled: ]
[path_smooth: 0]
[interaction_constraints: ]
[verbosity: -1]
[saved_feature_importance_type: 0]
[use_quantized_grad: 0]
[num_grad_quant_bins: 4]
[quant_train_renew_leaf: 0]
[stochastic_rounding: 1]
[linear_tree: 0]
[max_bin: 255]
[max_bin_by_feature: ]
[min_data_in_bin: 3]
[bin_construct_sample_cnt: 200000]
[data_random_seed: 1]
[is_enable_sparse: 1]
[enable_bundle: 1]
[use_missing: 1]
[zero_as_missing: 0]
[feature_pre_filter: 1]
[pre_partition: 0]
[two_round: 0]
[header: 0]
[label_column: ]
[weight_column: ]
[group_column: ]
[ignore_column: ]
[categorical_feature: ]
[forcedbins_filename: ]
[precise_float_parser: 0]
[parser_config_file: ]
[objective_seed: 5]
[num_class: 1]
[is_unbalance: 0]
[scale_pos_weight: 1]
[sigmoid: 1]
[boost_from_average: 1]
[reg_sqrt: 0]
[alpha: 0.9]
[fair_c: 1]
[poisson_max_delta_step: 0.7]
[tweedie_variance_power: 1.5]
[lambdarank_truncation_level: 30]
[lambdarank_norm: 1]
[label_gain: ]
[lambdarank_position_bias_regularization: 0]
[eval_at: ]
[multi_error_top_k: 1]
[auc_mu_weights: ]
[num_machines: 1]
[local_listen_port: 12400]
[time_out: 120]
[machine_list_filename: ]
[machines: ]
[gpu_platform_id: -1]
[gpu_device_id: -1]
[gpu_device_id_list: ]
[gpu_use_dp: 0]
[num_gpu: 1]

end of parameters

pandas_categorical:[]
