tree
version=v4
num_class=1
num_tree_per_iteration=1
label_index=0
max_feature_idx=18
objective=binary sigmoid:1
feature_names=t_xgc_r3 t_xgc_r5 t_ga_r3 t_ga_r5 t_cs_r3 t_cs_r5 t_gf_r3 t_gf_r5 o_xg_r3 o_xg_r5 o_gf_r3 o_gf_r5 o_ga_r3 o_ga_r5 str_def str_att o_str_att o_str_def is_home_team
feature_infos=[0:4.5949999999999998] [0:4.5949999999999998] [0:5.333333333333333] [0:5] [0:1] [0:1] [0:5.666666666666667] [0:5] [0:4.1200000000000001] [0:4.1200000000000001] [0:5.666666666666667] [0:5] [0:5.333333333333333] [0:5] [990:1380] [1000:1395] [1000:1395] [990:1380] [0:1]
tree_sizes=1671 1731 1733 1743 1741 1736 1730 1736 1741 1741 1735 1739 1743 1750 1737 1738 1719 1739 1724 1748 1741 1746 1733 1749 1744 1738 1742 1742 1734 1751 1737 1744 1746 1754 1736 1724 1733 1750 1746 1735 1742 1746 1743 1751 1751 1741 1754 1747 1746 1747 1742 1748 1740 1745 1726 1740 1754 1741 1749 1743 1745 1749 1745 1742 1749 1753 1749 1731 1739 1753 1746 1738 1740 1747 1744 1747 1744 1743 1746 1749 1741 1746 1759 1756 1740 1747 1756 1744 1753 1744 1746 1748 1735 1758 1743 1747 1753 1749 1734 1753 1749 1727 1738 1754 1746 1738 1755 1747 1747 1741 1748 1738 1751 1745 1731 1749 1750 1747 1752 1765 1738 1738 1768 1739 1741 1737 1751 1751 1738 1725 1749 1751 1763 1752 1756 1728 1749 1756 1757 1737 1736 1742 1747 1740 1749 1746 1752 1755 1759 1751 1760 1736 1752 1756 1746 1750 1748 1750 1729 1754 1752 1729 1755 1749 1753 1741 1760 1746 1755 1747 1747 1745 1753 1744 1744 1745 1744 1760 1756 1751 1750 1754 1740 1738 1750 1762 1742 1754 1731 1750 1745 1753 1755 1745 1745 1753 1727 1750 1758 1755 1728 1748 1747 1753 1758 1740 1742 1748 1743 1744 1752 1749 1743 1746 1748 1746 1741 1756 1742 1765 1737 1752 1754 1750 1752 1741 1730 1747 1739 1755 1751 1748 1750 1740 1761 1755 1746 1746 1756 1756 1750 1738 1736 1746 1747 1762 1747 1756 1747 1737 1763 1748 1751 1758 1739 1759 1740 1745 1744 1747 1735 1746 1751 1760 1752 1749 1743 1757 1729 1749 1752 1740 1755 1739 1756 1756 1723 1743 1752 1742 1752 1751 1750 1742 1746 1736 1752 1754 1741 1737 1742 1757 1733 1754 1744 1742 1741 1756 1747 1747 1758 1755 1755 1750 1755 1747 1761 1751 1737 1759 1754 1753 1744 1728 1760 1760 1731 1737 1758 1753 1738 1756 1744 1765 1729 1750 1741 1736 1741 1747 1756 1749 1752 1736 1744 1749 1748 1756 1750 1756 1738 1753 1752 1742 1750 1749 1738 1738 1758 1744

Tree=0
num_leaves=15
num_cat=0
split_feature=15 16 16 15 16 8 12 14 12 1 1 11 14 1
split_gain=77.793 41.9913 26.2516 19.5825 14.9268 11.2343 9.36819 17.1645 8.7284 8.39413 8.37218 7.05447 6.51861 5.31768
threshold=1098.7500000000002 1088.7500000000002 1290.0000000000002 1277.5000000000002 1078.7500000000002 1.5071666666666672 1.4166666666666667 1267.5000000000002 2.1666666666666674 0.69500000000000017 1.0250000000000004 1.1000000000000003 1225.0000000000002 1.4906000000000001
decision_type=2 2 2 2 2 10 10 2 10 10 8 10 2 10
left_child=4 6 3 5 13 -3 7 -2 11 -5 -6 -8 -4 -1
right_child=1 2 12 9 10 -7 8 -9 -10 -11 -12 -13 -14 -15
leaf_value=-1.0549244448041457 -1.0473000928854939 -1.0577430182124374 -1.0823027709162345 -1.0382271583586689 -1.0626667611673595 -1.0682871754044327 -1.0509470621005397 -1.0182785567529646 -1.0436941572246079 -1.0571261983137885 -1.0768152455542985 -1.0697220373666274 -1.0637607167585021 -1.0704976250400606
leaf_weight=23.106660038232803 27.880763351917267 151.2435929775238 23.106660038232803 24.252444833517075 19.478341519832611 54.042849510908127 19.478341519832615 11.648812085390089 34.946436256170273 15.850023001432417 125.65439921617508 12.221704483032225 11.457847952842711 12.79459688067436
leaf_count=121 146 792 121 127 102 283 102 61 183 83 658 64 60 67
internal_value=-1.06132 -1.05625 -1.06033 -1.05801 -1.0721 -1.06054 -1.0456 -1.03789 -1.05045 -1.04541 -1.07494 -1.05822 -1.07639 -1.06057
internal_weight=567.163 386.129 279.953 245.389 181.034 205.286 106.176 39.5296 66.6465 40.1025 145.133 31.7 34.5645 35.9013
internal_count=2970 2022 1466 1285 948 1075 556 207 349 210 760 166 181 188
is_linear=0
shrinkage=1


Tree=1
num_leaves=15
num_cat=0
split_feature=17 15 15 1 15 17 15 5 1 17 8 12 17 1
split_gain=106.849 36.2333 36.0483 17.5548 15.1546 11.7894 9.52505 7.50314 8.44122 11.3913 6.3134 5.67404 5.26647 6.51912
threshold=1117.5000000000002 1197.5000000000002 1098.7500000000002 1.4710000000000003 1096.2500000000002 1253.7500000000002 1277.5000000000002 0.45000000000000007 0.9880000000000001 1037.5000000000002 1.4700000000000004 0.83333333333333337 1183.7500000000002 0.81278000000000017
decision_type=2 2 2 10 2 2 2 2 8 2 10 10 2 10
left_child=2 4 3 -1 -2 -6 7 8 -4 -10 -11 -7 -3 -14
right_child=1 12 6 -5 5 11 -8 -9 9 10 -12 -13 13 -15
leaf_value=0.0060268872297326538 -0.016560269309598672 0.016282314264949155 0.029964484951078618 -0.013370502927868089 -0.0023717093408728964 -0.020574095681877323 0.025725866827313468 0.0016265100479988177 0.027516783401600159 0.011674797415973794 -0.0038826745429717136 -0.0080395054725276929 0.0097098392724840679 -0.0068443657442289352
leaf_weight=47.82115726172924 102.86259505152702 16.717132031917572 12.46812631189823 29.224695309996605 99.423817083239555 25.63222162425518 27.935523867607117 20.912455230951309 16.731198400259018 81.462323516607285 11.455929726362227 36.537779256701469 22.075824081897736 15.281709298491476
leaf_count=251 542 87 65 154 520 135 145 109 87 425 60 192 115 80
internal_value=0.000121938 -0.00753225 0.00994329 -0.00140789 -0.0105776 -0.00669088 0.0150372 0.0127854 0.0146676 0.0126731 0.00973579 -0.0134513 0.00728285 0.00293618
internal_weight=566.542 318.531 248.011 77.0459 264.456 161.594 170.966 143.03 122.118 109.649 92.9183 62.17 54.0747 37.3575
internal_count=2967 1671 1296 405 1389 847 891 746 637 572 485 327 282 195
is_linear=0
shrinkage=0.02


Tree=2
num_leaves=15
num_cat=0
split_feature=17 14 14 0 17 17 14 1 14 3 0 17 0 3
split_gain=81.8083 31.2131 23.0453 14.9252 12.6099 11.8584 9.14285 8.03555 7.61731 6.63611 8.78159 5.49133 5.4625 6.44172
threshold=1142.5000000000002 1191.2500000000002 1242.5000000000002 1.8860333333333335 1052.5000000000002 1327.5000000000002 1047.5000000000002 1.2622500000000001 1292.5000000000002 1.6333333333333335 1.0774166666666669 1253.7500000000002 0.74756666666666682 1.7750000000000001
decision_type=2 2 2 10 2 2 2 10 2 2 10 2 8 2
left_child=1 3 5 4 -1 6 -2 11 9 10 -3 -4 -6 -14
right_child=2 8 7 -5 12 -7 -8 -9 -10 -11 -12 -13 13 -15
leaf_value=0.017236844364155911 -0.020476755587037213 0.013855382041386817 0.011118673745521685 -0.011720996425127521 0.012894523183933337 -0.021781598174707994 -0.0070087948743951037 -0.0094095583070301324 0.025486593297486509 0.023959498288042766 -0.003443786968498167 -0.0019987601229414982 0.0040281786633877478 -0.0061178704809819653
leaf_weight=25.806767761707306 22.561378702521324 44.093814834952354 32.72949056327343 24.632078647613525 15.204601764678953 32.893211469054222 161.81772063672543 16.566334828734398 26.849681749939919 15.996330440044401 15.402879193425177 20.109299331903458 69.553713738918304 37.797334790229797
leaf_count=134 120 228 170 130 79 175 853 87 138 83 80 105 363 198
internal_value=-0.000162648 0.00760936 -0.00762772 0.00239908 0.00480617 -0.0108207 -0.00875836 0.0023797 0.0163081 0.0127532 0.00939397 0.00618206 0.00207029 0.000432353
internal_weight=562.015 275.337 286.677 172.994 148.362 217.272 184.379 69.4051 102.343 75.493 59.4967 52.8388 122.556 107.351
internal_count=2943 1433 1510 904 774 1148 973 362 529 391 308 275 640 561
is_linear=0
shrinkage=0.02


Tree=3
num_leaves=15
num_cat=0
split_feature=15 16 16 15 1 15 2 9 6 13 13 16 13 1
split_gain=62.6005 40.3432 21.0451 14.209 14.1742 10.9002 9.24132 8.97395 8.00386 7.973 7.83293 6.87115 6.85814 11.0632
threshold=1187.5000000000002 1071.2500000000002 1290.0000000000002 1078.7500000000002 0.80100000000000005 1098.7500000000002 0.83333333333333337 1.9760000000000004 2.5833333333333335 1.2916666666666667 0.90000000000000013 1167.5000000000002 0.90000000000000013 0.89100000000000013
decision_type=2 2 2 2 10 2 2 10 2 10 10 2 10 10
left_child=1 5 3 10 8 -1 -7 12 11 -6 -3 -2 13 -5
right_child=4 2 -4 7 9 6 -8 -9 -10 -11 -12 -13 -14 -15
leaf_value=-0.0011688769556530854 0.01780115735064532 0.00019020999079223742 -0.019683799841991857 -0.0016101306650253844 0.013313794474927983 -0.0012282130302672446 0.018307086313172297 -0.014217009449516892 0.029018451142877322 -0.0053472136284884435 -0.014253079398950222 0.00084984490943529854 -0.0027477864810395341 0.019959304612165052
leaf_weight=29.570711836218834 37.325857922434807 18.593298941850662 43.417826578021049 25.366069465875626 15.028159707784651 12.400224834680555 41.373864606022835 21.880798950791359 19.738176569342613 20.478182941675186 76.571258559823036 12.884129688143728 173.01593598723412 14.090852931141852
leaf_count=155 191 99 233 133 78 64 213 116 101 106 407 67 906 74
internal_value=-0.000716123 -0.00393056 -0.00674158 -0.0049819 0.0130984 0.00857848 0.0138621 -0.00231441 0.0182645 0.00269945 -0.0114585 0.0135529 -0.00102781 0.00639569
internal_weight=561.735 456.281 372.936 329.518 105.455 83.3448 53.7741 234.354 69.9482 35.5063 95.1646 50.21 212.473 39.4569
internal_count=2943 2400 1968 1735 543 432 277 1229 359 184 506 258 1113 207
is_linear=0
shrinkage=0.02


Tree=4
num_leaves=15
num_cat=0
split_feature=15 16 16 15 16 18 13 8 12 8 11 15 18 16
split_gain=67.0679 37.2938 19.7472 14.8954 13.2268 8.51712 7.89922 7.4907 6.30508 5.48085 7.59763 4.84899 4.40669 5.31308
threshold=1177.5000000000002 1071.2500000000002 1290.0000000000002 1060.0000000000002 1112.5000000000002 1.0000000180025095e-35 1.2250000000000003 2.3550000000000009 1.8333333333333337 0.78461666666666685 0.90000000000000013 1098.7500000000002 1.0000000180025095e-35 1096.2500000000002
decision_type=2 2 2 2 2 2 10 8 10 10 10 2 2 2
left_child=1 5 3 -3 6 11 -2 12 -8 10 -7 -1 13 -5
right_child=4 2 -4 7 -6 9 8 -9 -10 -11 -12 -13 -14 -15
leaf_value=-0.007074675321828856 0.030646741735975584 -0.015153822423815836 -0.019813593214655343 -0.013291586424449948 0.0066434709601787822 0.031500296236245756 0.0045265152711438843 -0.016805352084059828 0.020486055620032122 0.0055425171575442002 0.0082889973281051327 0.0071569416171896891 0.00050176712715157309 -0.0027972947111427459
leaf_weight=14.48393829166889 17.3775375187397 46.786831140518188 39.109154686331749 22.945030048489571 75.04037918150425 12.067981973290445 17.44362798333168 13.872907176613806 24.26827934384346 16.388780906796455 11.622594386339186 24.206002101302147 124.26951317489147 104.1440663933754
leaf_count=76 88 251 212 120 388 62 89 74 124 85 60 124 654 549
internal_value=6.13913e-05 -0.00379401 -0.00658379 -0.00486754 0.0123549 0.00856853 0.0193769 -0.00300293 0.0140741 0.0149139 0.0209098 0.00178519 -0.00217758 -0.00478094
internal_weight=564.027 429.897 351.128 312.018 134.13 78.7693 59.0894 265.232 41.7119 40.0794 23.6906 38.6899 251.359 127.089
internal_count=2956 2267 1860 1648 689 407 301 1397 213 207 122 200 1323 669
is_linear=0
shrinkage=0.02


Tree=5
num_leaves=15
num_cat=0
split_feature=17 15 14 15 0 0 17 17 15 17 13 0 12 17
split_gain=79.4076 39.4645 23.1157 16.0309 12.9021 12.1053 11.9567 10.3577 12.542 8.78535 9.18893 6.3361 5.37988 4.85311
threshold=1097.5000000000002 1112.5000000000002 1310.0000000000002 1210.0000000000002 0.77500000000000024 1.6641666666666668 1253.7500000000002 1052.5000000000002 1137.5000000000002 1267.5000000000002 0.90000000000000013 1.0383333333333338 0.83333333333333337 1197.5000000000002
decision_type=2 2 2 2 10 10 2 2 2 2 10 8 10 2
left_child=2 9 5 6 -5 7 -3 -1 -9 10 -2 -12 -8 -6
right_child=1 3 -4 4 13 -7 12 8 -10 -11 11 -13 -14 -15
leaf_value=0.02032679827784422 0.0022237590451262084 0.00079368247740510425 0.035101793435435007 0.015608803986794631 0.0059285187658539929 -0.0030711735840826928 -0.017338797323088757 0.0014531939723696407 0.016665024416439585 -0.01999502498809665 -6.2900120368357115e-06 -0.014164945372538779 -0.004795532511538904 -0.010596003918320529
leaf_weight=38.611214101314545 22.028863161802292 122.49319294095039 14.416749671101568 40.567005857825279 13.67760591208935 26.128976985812187 23.695953831076622 51.981981098651886 36.455557227134705 43.336164966225624 14.937341809272764 81.328907892107964 33.151034727692604 12.849903225898741
leaf_count=197 117 640 72 206 70 137 128 271 186 235 79 435 177 67
internal_value=0.000100126 -0.00466052 0.0116504 0.000384416 0.00865083 0.00922988 -0.00273902 0.011764 0.00784001 -0.0123075 -0.00934719 -0.0119906 -0.0102334 -0.00217009
internal_weight=575.66 408.066 167.594 246.435 67.0945 153.178 179.34 127.049 88.4375 161.631 118.295 96.2662 56.847 26.5275
internal_count=3017 2154 863 1288 343 791 945 654 457 866 631 514 305 137
is_linear=0
shrinkage=0.02


Tree=6
num_leaves=15
num_cat=0
split_feature=17 15 15 17 17 14 15 0 0 17 13 0 8 7
split_gain=70.3002 28.7101 27.4808 16.5714 15.5956 15.311 14.0252 8.21493 6.15992 5.24944 5.27847 4.4018 3.99458 8.25205
threshold=1142.5000000000002 1102.5000000000002 1210.0000000000002 1071.2500000000002 1320.0000000000002 1310.0000000000002 1068.7500000000002 1.0216666666666672 0.7316666666666668 1082.5000000000002 1.1000000000000003 0.43898333333333339 1.2416666666666669 1.5500000000000003
decision_type=2 2 2 2 2 2 2 10 10 2 10 10 8 2
left_child=1 3 4 -1 6 9 -2 -5 -4 12 -11 -7 13 -3
right_child=2 5 8 7 -6 11 -8 -9 -10 10 -12 -13 -14 -15
leaf_value=0.010650800818271812 -0.017003936325521708 0.0091974199724679396 0.013961687687347518 0.00035997006861934489 -0.019403567044691285 0.035378432041531481 -0.0035979934081346006 -0.01432533961452768 -0.00072462069102398525 0.01435847825093833 0.0033013994472331776 0.016817763225175749 0.0029665516033372408 0.023955939755812051
leaf_weight=30.522073209285736 38.002025157213211 36.327597260475159 27.215898677706718 29.470826789736748 43.48132549226284 12.394406825304033 160.90802103281021 30.441911771893501 19.036602258682251 23.720621287822723 60.308862760663033 14.010130330920218 11.844521656632422 27.918076157569885
leaf_count=159 207 184 138 156 239 61 854 163 99 122 311 70 61 141
internal_value=0.000926096 0.00810959 -0.0059708 -0.00113427 -0.00866435 0.0125736 -0.00623146 -0.00721438 0.00802968 0.0101262 0.00655485 0.0265033 0.0139341 0.0158796
internal_weight=565.603 276.959 288.644 90.4348 242.391 186.524 198.91 59.9127 46.2525 160.12 84.0295 26.4045 76.0902 64.2457
internal_count=2965 1428 1537 478 1300 950 1061 319 237 819 433 131 386 325
is_linear=0
shrinkage=0.02


Tree=7
num_leaves=15
num_cat=0
split_feature=17 14 14 17 14 3 17 12 17 13 0 17 16 16
split_gain=73.3781 25.4918 22.3693 16.8878 13.3374 11.1203 8.56656 7.11791 8.12469 7.08921 6.37034 5.45509 4.76071 4.55477
threshold=1142.5000000000002 1188.7500000000002 1242.5000000000002 1292.5000000000002 1047.5000000000002 1.7750000000000001 1082.5000000000002 1.4166666666666667 1087.5000000000002 1.9000000000000001 0.58166666666666678 1052.5000000000002 1073.7500000000002 1152.5000000000002
decision_type=2 2 2 2 2 2 2 10 2 10 10 2 2 2
left_child=1 5 3 4 -2 11 -7 8 -3 12 -4 -1 -9 -12
right_child=2 7 10 -5 -6 6 -8 9 -10 -11 13 -13 -14 -15
leaf_value=0.017677178295458857 -0.022150927451180868 0.02795109959595184 0.0097023851423194505 -0.020872588190441795 -0.0051258100665307225 0.0028975265101901797 -0.011288198721449856 -0.0070228740291669121 0.011926641332784954 0.016061243545561914 -0.0081879201536916562 0.0044897036927934054 0.008924695775164436 0.004699963794338193
leaf_weight=14.230974256992338 20.109534546732903 25.713542550802231 29.428307875990868 45.409713685512543 154.30745755136013 34.630452781915665 31.899128541350365 11.986067906022074 29.118841633200645 30.810804009437561 22.708617761731148 79.18504486978054 16.793641835451126 19.517501145601273
leaf_count=72 111 128 150 252 823 180 170 60 147 155 118 412 85 103
internal_value=1.88784e-05 0.00742834 -0.00695713 -0.0101091 -0.00720382 0.00224371 -0.00397058 0.0145934 0.0198073 0.0095481 0.00271882 0.00666463 0.00227011 -0.00226004
internal_weight=565.85 274.368 291.481 219.827 174.417 159.946 66.5296 114.423 54.8324 59.5905 71.6544 93.416 28.7797 42.2261
internal_count=2966 1409 1557 1186 934 834 350 575 275 300 371 484 145 221
is_linear=0
shrinkage=0.02


Tree=8
num_leaves=15
num_cat=0
split_feature=17 15 14 15 15 17 17 9 5 2 7 17 17 11
split_gain=77.4361 36.2505 29.5758 17.8482 17.3017 14.1139 11.7576 9.50865 9.64271 9.27517 7.09374 6.90117 5.87388 4.62947
threshold=1117.5000000000002 1197.5000000000002 1310.0000000000002 1098.7500000000002 1096.2500000000002 1253.7500000000002 1077.5000000000002 1.1850000000000005 0.22500000000000003 1.8333333333333337 1.5500000000000003 1188.7500000000002 1066.2500000000002 0.90000000000000013
decision_type=2 2 2 2 2 2 2 8 2 2 2 2 2 10
left_child=2 4 3 6 11 9 13 8 12 -6 -9 -2 -5 -1
right_child=1 -3 -4 7 5 -7 -8 10 -10 -11 -12 -13 -14 -15
leaf_value=-0.00039464919837919703 -0.0072398864901258332 0.0077724699157382419 0.028585138970885795 0.026454731864383293 -0.0040119877572884531 -0.012326956114057382 -0.0093118573783164665 0.01000274984528555 0.0069985778226316041 0.0098238802274030253 -0.0096574360395939376 -0.019283698424905127 0.012922595461734472 0.01382207108922427
leaf_weight=18.736760810017586 28.516099482774734 61.260383382439613 26.291381046175957 23.127408608794212 71.988111063838005 64.961078599095345 37.520067140460014 13.185240492224695 59.48741826415062 25.388488754630089 14.215507403016089 68.851434126496315 36.454511255025864 16.828830868005753
leaf_count=97 155 312 128 115 379 355 201 68 300 134 73 380 186 88
internal_value=0.000488163 -0.00597412 0.00891501 0.00644063 -0.00923409 -0.00518367 -0.00162044 0.0104466 0.0128727 -0.000341444 -0.000177861 -0.0158659 0.0185252 0.00652642
internal_weight=566.813 320.966 245.847 219.556 259.705 162.338 73.0857 146.47 119.069 97.3766 27.4007 97.3675 59.5819 35.5656
internal_count=2971 1715 1256 1128 1403 868 386 742 601 513 141 535 301 185
is_linear=0
shrinkage=0.02


Tree=9
num_leaves=15
num_cat=0
split_feature=15 15 9 1 18 0 13 13 1 12 0 6 1 1
split_gain=54.9313 16.6216 13.8857 8.44536 8.07115 8.04867 8.52343 7.53419 5.5383 5.37499 4.38212 3.72786 3.71135 3.69692
threshold=1098.7500000000002 1255.0000000000002 1.7890000000000004 1.1590000000000003 1.0000000180025095e-35 1.0715166666666669 1.7750000000000001 1.9000000000000001 0.97135000000000005 1.1666666666666667 0.83333333333333359 2.4166666666666674 1.2622500000000001 1.4470000000000003
decision_type=2 2 8 10 2 10 10 10 8 10 8 2 8 8
left_child=5 2 4 8 7 6 12 10 -3 -4 -2 -10 -1 -12
right_child=1 3 9 -5 -6 -7 -8 -9 11 -11 13 -13 -14 -15
leaf_value=-0.0016547549666297982 -0.013031459570851346 0.0067332611602636547 -0.016003709610926363 -0.0028970509277369363 0.006791428555010982 -0.014018590510945681 0.004478555766376624 0.0076954904463957157 0.014138270777502194 -0.0015622669377823178 0.0073516591388500911 0.027912969774539633 -0.012179399384910215 -0.0031408083278636144
leaf_weight=19.265318125486374 13.704364731907843 26.494050443172455 20.735578864812851 13.17563611268997 131.81796754896641 85.557531714439392 24.778325334191322 35.201789945363998 31.557575568556786 20.065108582377434 15.50837694108486 12.709026619791983 45.832387492060661 71.46123069524765
leaf_count=103 71 132 113 67 682 469 131 180 156 108 81 62 250 374
internal_value=-0.00037417 0.00378475 0.00162204 0.0116208 0.00328542 -0.00964606 -0.00537518 -0.000140651 0.0143267 -0.00910892 -0.00292939 0.0186223 -0.00913684 -0.0012075
internal_weight=567.864 392.431 308.494 83.9363 267.694 175.434 89.876 135.876 70.7607 40.8007 100.674 44.2666 65.0977 86.9696
internal_count=2979 2026 1609 417 1388 953 484 706 350 221 526 218 353 455
is_linear=0
shrinkage=0.02


Tree=10
num_leaves=15
num_cat=0
split_feature=15 15 11 7 13 1 1 3 11 1 14 12 15 10
split_gain=55.4769 19.3284 11.453 7.81025 6.60172 6.55557 6.45491 6.08072 5.75431 8.48027 11.7494 5.86586 8.75705 5.49974
threshold=1157.5000000000002 1066.2500000000002 1.1000000000000003 2.7750000000000004 1.1000000000000003 1.0866800000000001 1.6790000000000005 1.9000000000000001 1.7750000000000001 1.1145000000000003 1277.5000000000002 1.5833333333333337 1177.5000000000002 1.4166666666666667
decision_type=2 2 8 2 10 10 10 2 10 8 2 10 2 8
left_child=1 13 5 6 -4 7 8 -3 9 -2 11 12 -11 -1
right_child=3 2 4 -5 -6 -7 -8 -9 -10 10 -12 -13 -14 -15
leaf_value=-0.0087868773132183508 0.0016361481982675057 0.010170531526510752 -0.010202807521016266 0.018610986550282583 -0.0024695850006274272 -0.0031565926666791357 -0.006797702144056476 -0.0049699831262345123 0.0019637382566986624 0.025437364704937369 0.025821965989347936 0.00012515040874703202 0.0033894785888233577 -0.019552861685485149
leaf_weight=49.294462367892265 30.622879564762115 48.897112652659416 69.604163527488708 25.421292170882225 120.3253757506609 42.017149910330772 12.232674196362494 12.81701424717903 45.908013060688972 13.194163113832476 22.892926901578903 20.312065258622169 15.363772362470625 33.591163575649261
leaf_count=269 153 251 379 126 639 219 64 66 237 68 112 103 77 188
internal_value=-0.000449807 -0.00486099 -0.00243318 0.00846111 -0.0053422 0.00289333 0.00674849 0.00699699 0.00790395 0.0105227 0.0142402 0.00840573 0.0140919 -0.0133311
internal_weight=562.494 376.546 293.661 185.948 189.93 103.731 160.526 61.7141 148.294 102.386 71.7629 48.87 28.5579 82.8856
internal_count=2951 2011 1554 940 1018 536 814 317 750 513 360 248 145 457
is_linear=0
shrinkage=0.02


Tree=11
num_leaves=15
num_cat=0
split_feature=15 17 17 13 17 15 1 15 1 17 15 13 2 13
split_gain=59.5044 39.5153 19.3175 8.63857 9.50109 8.68817 8.40319 6.7002 8.37323 7.59581 6.06132 10.8241 5.06555 4.55536
threshold=1098.7500000000002 1197.5000000000002 1188.7500000000002 0.90000000000000013 1042.5000000000002 1142.5000000000002 1.4212100000000003 1255.0000000000002 0.67825333333333349 1267.5000000000002 1157.5000000000002 1.2250000000000003 2.1666666666666674 1.5500000000000003
decision_type=2 2 2 8 2 2 10 2 10 2 2 8 2 10
left_child=2 3 6 5 -5 -2 12 9 -9 -3 13 -12 -1 -6
right_child=1 7 -4 4 10 -7 -8 8 -10 -11 11 -13 -14 -15
leaf_value=0.00380488619981124 0.0032697321567837405 -0.0010072019705205679 -0.017932113820740624 0.018738285923348027 -0.0030264534506197374 0.024321615365208746 -0.0108496809064901 0.015166196811675482 -0.0068268942393401224 -0.012191782997221992 0.019719203197966155 0.0051359630327784435 -0.0090937888409497493 0.0056435527872506089
leaf_weight=46.96804678440094 11.75873017311096 44.251198545098305 66.675170809030533 25.213990926742554 38.376150444149971 24.825414970517159 43.282514661550522 12.688863322138788 13.152658969163893 53.369551241397858 27.779056057333946 73.507594168186188 15.325836583971975 62.55829855799675
leaf_count=249 61 234 376 123 199 123 237 63 68 294 138 367 82 322
internal_value=0.000166427 0.00451317 -0.00958122 0.00887004 0.00735832 0.0178222 -0.00418856 -0.00480025 0.00413498 -0.00718347 0.00585418 0.00928927 0.000537955 0.00234979
internal_weight=559.733 387.482 172.252 264.019 227.435 36.5841 105.576 123.462 25.8415 97.6207 202.221 101.287 62.2939 100.934
internal_count=2936 1992 944 1333 1149 184 568 659 131 528 1026 505 331 521
is_linear=0
shrinkage=0.02


Tree=12
num_leaves=15
num_cat=0
split_feature=15 16 16 15 16 13 11 15 14 16 15 9 3 10
split_gain=54.9903 22.8384 22.5932 15.2474 8.80306 8.69191 11.7034 6.55509 5.32241 4.45874 6.14355 4.44747 4.2354 3.27235
threshold=1137.5000000000002 1232.5000000000002 1142.5000000000002 1052.5000000000002 1071.2500000000002 1.2916666666666667 1.9000000000000001 1202.5000000000002 1197.5000000000002 1066.2500000000002 1177.5000000000002 0.67100000000000015 1.1000000000000003 1.1666666666666667
decision_type=2 2 2 2 2 10 10 2 2 2 2 8 2 10
left_child=1 3 5 11 -5 7 9 -2 12 -7 -11 -1 -4 -6
right_child=2 -3 8 4 13 6 -8 -9 -10 10 -12 -13 -14 -15
leaf_value=-0.0056726836389528312 0.012097399445966706 -0.017747090187421485 0.0017046088226298738 0.0065728906471947688 0.00027069209211235795 0.017285448445447209 -0.0095451693678795455 0.027064679619119746 0.0029333127736429344 -0.0017094739431967551 0.012370204364642191 -0.018523171387179148 -0.013218768981508998 -0.0052688019886387482
leaf_weight=19.640376046299934 30.494826108217239 48.902843907475471 12.593041628599169 49.285018622875214 73.808021545410156 29.554596617817879 11.854948490858076 21.850438147783279 64.92403906583786 18.880253791809082 33.913532480597496 26.6783547103405 17.45182129740715 99.761202290654182
leaf_count=108 154 279 67 251 390 144 61 105 335 97 167 151 94 537
internal_value=0.00014253 -0.00531388 0.00732084 -0.00299771 -0.000804644 0.0122183 0.00843826 0.0187354 -0.000285131 0.0111106 0.00739682 -0.0133093 -0.00711034 -0.00292515
internal_weight=559.593 318.076 241.517 269.173 222.854 146.549 94.2033 52.3453 94.9689 82.3484 52.7938 46.3187 30.0449 173.569
internal_count=2940 1716 1224 1437 1178 728 469 259 496 408 264 259 161 927
is_linear=0
shrinkage=0.02


Tree=13
num_leaves=15
num_cat=0
split_feature=17 15 15 15 17 18 15 17 13 13 8 18 16 17
split_gain=54.4199 25.9709 25.8764 13.4966 11.4814 11.3596 7.35836 6.49058 7.06039 6.49009 6.24888 8.87319 4.75737 4.71101
threshold=1117.5000000000002 1210.0000000000002 1120.0000000000002 1068.7500000000002 1320.0000000000002 1.0000000180025095e-35 1290.0000000000002 1052.5000000000002 1.2250000000000003 1.2916666666666667 1.4816666666666671 1.0000000180025095e-35 1086.2500000000002 1242.5000000000002
decision_type=2 2 2 2 2 2 2 2 10 10 8 2 2 2
left_child=2 3 10 -2 5 -5 7 -4 -9 13 11 -1 -13 -3
right_child=1 9 6 4 -6 -7 -8 8 -10 -11 -12 12 -14 -15
leaf_value=-0.0047638966106762735 -0.017382586532176968 0.020992769437957724 0.018518238998271156 -0.0086962554884899256 -0.016375802639838951 0.0013845408370510113 0.022211363846127798 0.014487247960036491 0.0031693776965028278 -0.00020916900589901708 -0.013595121699511586 0.013305044062216657 0.0007405806681131912 0.0044932044171258128
leaf_weight=48.090485736727715 49.591419443488121 14.672348573803903 28.263353943824768 89.802330926060677 33.579126253724098 87.62232968211174 25.032406777143478 35.159726038575172 58.4586101770401 26.281901076436043 11.858862340450285 24.278649657964706 23.280148014426231 13.629847645759581
leaf_count=253 285 72 137 482 193 468 118 175 294 132 64 124 124 69
internal_value=9.54827e-05 -0.00545126 0.00696125 -0.00807587 -0.00581688 -0.00373793 0.0123884 0.0102066 0.00752816 0.00699902 -0.000501021 0.00124629 0.00729662 0.0134714
internal_weight=569.602 315.179 254.422 260.595 211.004 177.425 146.914 121.882 93.6183 54.5841 107.508 95.6493 47.5588 28.3022
internal_count=2990 1701 1289 1428 1143 950 724 606 469 273 565 501 248 141
is_linear=0
shrinkage=0.02


Tree=14
num_leaves=15
num_cat=0
split_feature=15 16 16 16 15 16 0 0 0 3 0 3 8 7
split_gain=46.3748 20.9688 14.8278 11.3648 11.2219 14.6567 10.5591 8.83814 8.58227 8.14253 5.87238 5.76983 5.71689 5.28309
threshold=1120.0000000000002 1071.2500000000002 1290.0000000000002 1255.0000000000002 1232.5000000000002 1066.2500000000002 1.6133333333333335 0.49753333333333344 1.8933333333333335 1.1000000000000003 1.0715166666666669 2.5500000000000003 1.6316666666666666 1.3666666666666669
decision_type=2 2 2 2 2 2 10 10 8 2 8 2 10 2
left_child=1 6 4 10 5 9 -1 -6 -7 -2 -3 -12 -9 -10
right_child=2 3 -4 -5 7 8 -8 12 13 -11 11 -13 -14 -15
leaf_value=0.011637855521766573 0.00063272574803466958 0.00090261312436547422 -0.0097858922180795518 -0.020187289792873587 0.017967829218028621 -0.0039818114283392287 -0.0096366598393710819 0.00014266962374581165 0.010091280163347519 0.019964780208767824 -0.0072665626023867818 -0.018958879830426999 0.015888223808698934 0.00036249233006632595
leaf_weight=31.461896494030952 12.580089166760443 28.25603275001049 24.871297866106033 33.046364143490791 45.976583138108253 78.253278866410255 12.23073574900627 29.104713514447212 42.163526087999344 27.865302681922913 115.5448264926672 19.5663703083992 12.51541645824909 46.411455929279327
leaf_count=160 62 151 138 193 219 408 65 143 218 136 633 110 63 239
internal_value=-0.000205777 -0.0068327 0.00477642 -0.00961278 0.00603362 0.00346694 0.00560018 0.0119993 0.000817442 0.0141121 -0.00736393 -0.00908666 0.00513914 0.00505455
internal_weight=559.848 240.106 319.742 196.414 294.87 207.274 43.6926 87.5967 166.828 40.4454 163.367 135.111 41.6201 88.575
internal_count=2938 1312 1626 1087 1488 1063 225 425 865 198 894 743 206 457
is_linear=0
shrinkage=0.02


Tree=15
num_leaves=15
num_cat=0
split_feature=17 14 17 1 14 16 18 14 8 16 3 1 1 9
split_gain=59.6622 29.0913 19.0688 12.1315 9.48334 8.20838 7.19624 7.51643 7.1575 6.89164 6.08642 8.22042 5.85623 5.75449
threshold=1242.5000000000002 1337.5000000000002 1087.5000000000002 1.6790000000000005 1162.5000000000002 1071.2500000000002 1.0000000180025095e-35 1127.5000000000002 1.2500000000000002 1290.0000000000002 1.9000000000000001 1.5510000000000004 1.0250000000000004 1.5790000000000002
decision_type=2 2 2 10 2 2 2 2 8 2 2 8 10 10
left_child=1 2 6 4 10 -6 7 -1 -8 -2 11 -4 -9 -5
right_child=9 -3 3 13 5 -7 8 12 -10 -11 -12 -13 -14 -15
leaf_value=-0.0035478876174751691 -0.0080739674561030473 0.020825818945503137 -0.0074596240660561412 -0.015987331164106205 0.01857099890401518 0.003012369955173279 0.016176168793428435 0.015763575664138319 -0.00044060964584626726 -0.017974365857660976 -0.010497608664447084 0.0047533894310446056 -0.00099392672705054608 -0.0010492142591325743
leaf_weight=30.59835359454155 79.007176622748375 35.812409579753876 35.912813812494278 26.694142699241638 15.119880706071852 89.53731644153595 53.601456299424171 22.454130694270134 12.734999194741247 45.827438324689865 29.619010120630264 53.732397109270096 12.770912542939184 16.674309149384499
leaf_count=158 433 169 193 147 75 458 265 110 66 265 162 285 64 92
internal_value=0.000310594 0.0038095 0.00223572 -0.000841713 0.00104693 0.00541463 0.00841933 0.00365031 0.013027 -0.0118224 -0.00279898 -0.000167591 0.00982839 -0.010397
internal_weight=560.097 435.262 399.45 267.29 223.921 104.657 132.16 65.8234 66.3365 124.835 119.264 89.6452 35.225 43.3685
internal_count=2942 2244 2075 1412 1173 533 663 332 331 698 640 478 174 239
is_linear=0
shrinkage=0.02


Tree=16
num_leaves=15
num_cat=0
split_feature=15 16 9 0 16 16 13 2 15 15 16 13 0 13
split_gain=38.3231 22.1985 11.5662 11.0297 9.80067 9.60834 10.6723 8.12994 8.01728 7.66571 6.41436 5.67624 4.24223 5.2418
threshold=1127.5000000000002 1083.7500000000002 1.167 1.6133333333333335 1277.5000000000002 1162.5000000000002 1.2250000000000003 0.83333333333333337 1060.0000000000002 1152.5000000000002 1066.2500000000002 1.9000000000000001 1.425 1.3666666666666669
decision_type=2 2 10 10 2 2 10 2 2 2 2 10 10 10
left_child=1 3 5 -1 8 6 9 -7 -3 -2 -8 12 -10 -14
right_child=2 4 -4 -5 -6 7 10 -9 11 -11 -12 -13 13 -15
leaf_value=0.0097169625457252246 0.0055456139734957671 -0.014769786804700431 -0.00072585559324229683 -0.0081163052538213917 -0.019631667258808067 0.01084982765577373 0.012650629554016002 -0.0057889160120551883 -0.0091018661848470319 0.022160497273147013 0.0018851041591185413 0.0039557312338471011 0.0069521094163275642 -0.0082323453502121009
leaf_weight=46.588718816637993 16.785937547683716 39.6043850928545 97.788985401391983 18.709476456046104 27.934986740350723 17.090010493993759 35.06855072081089 32.497468486428261 76.249288082122803 37.459822952747345 58.437456056475639 24.800102844834328 17.240085616707802 17.14196340739727
leaf_count=237 85 229 509 100 168 89 167 172 412 180 290 134 95 95
internal_value=-6.90956e-05 -0.00552945 0.00489623 0.00456196 -0.00878243 0.00767179 0.0102134 4.66413e-05 -0.00694925 0.0172126 0.00601375 -0.00457078 -0.00650047 -0.000637155
internal_weight=563.397 268.269 295.128 65.2982 202.971 197.339 147.752 49.5875 175.036 54.2458 93.506 135.431 110.631 34.382
internal_count=2962 1470 1492 337 1133 983 722 261 965 265 457 736 602 190
is_linear=0
shrinkage=0.02


Tree=17
num_leaves=15
num_cat=0
split_feature=17 15 15 17 1 15 17 14 12 1 6 17 14 12
split_gain=57.7109 22.2004 15.9742 9.03798 8.99024 8.9072 8.06689 9.72931 7.24767 6.88995 6.79177 6.64127 7.47805 6.34236
threshold=1197.5000000000002 1142.5000000000002 1255.0000000000002 1047.5000000000002 0.67825333333333349 1096.2500000000002 1112.5000000000002 1292.5000000000002 1.4166666666666667 1.6870000000000003 1.8333333333333337 1152.5000000000002 1157.5000000000002 0.83333333333333337
decision_type=2 2 2 2 10 2 2 2 10 10 2 2 2 10
left_child=1 3 5 -1 -4 -2 7 8 -3 11 -8 12 -5 -7
right_child=2 6 4 9 -6 13 10 -9 -10 -11 -12 -13 -14 -15
leaf_value=0.011156338372972561 -0.017258642781308745 0.016114578265648567 0.017148029629570113 0.00099390391303736032 -0.0052942071671215627 -0.01391964305612098 -0.0015164988313097906 0.023336433958232962 0.0038228205474790471 -0.007888498646755452 0.012208357752644354 -0.0054918475801739022 0.013068600316443271 -0.0035063924848393784
leaf_weight=29.43924443423748 55.128498941659927 37.37218464910984 12.888136029243471 87.304334178566933 13.961564525961874 35.689317688345909 32.545119225978851 30.702943846583366 40.024408519268036 39.669961169362068 24.626281037926674 40.585296556353569 25.896355673670769 67.325464025139809
leaf_count=146 325 180 63 458 72 201 166 142 196 220 122 223 132 367
internal_value=0.000777854 0.00515627 -0.0083876 0.0010257 0.00570723 -0.0108015 0.0106874 0.0138865 0.00988794 -0.000565379 0.00450365 0.00136242 0.00384642 -0.00721319
internal_weight=573.159 388.166 184.993 222.895 26.8497 158.143 165.271 108.1 77.3966 193.456 57.1714 153.786 113.201 103.015
internal_count=3013 1985 1028 1179 135 893 806 518 376 1033 288 813 590 568
is_linear=0
shrinkage=0.02


Tree=18
num_leaves=15
num_cat=0
split_feature=17 14 15 16 15 8 7 8 8 15 0 14 17 5
split_gain=57.7219 23.6208 21.388 15.5362 11.1131 9.42624 8.0831 6.33579 5.70082 5.14717 5.22787 5.19391 4.93183 4.94182
threshold=1117.5000000000002 1310.0000000000002 1098.7500000000002 1290.0000000000002 1098.7500000000002 0.62498333333333356 1.3666666666666669 1.3666666666666669 1.031666666666667 1210.0000000000002 1.675 1207.5000000000002 1188.7500000000002 1.0000000180025095e-35
decision_type=2 2 2 2 2 10 2 8 10 2 8 2 2 2
left_child=1 4 12 9 5 -1 -7 8 -6 10 -4 -12 13 -2
right_child=2 -3 3 -5 7 6 -8 -9 -10 -11 11 -13 -14 -15
leaf_value=0.0047671214297718423 -0.014735964827706255 0.02405693046002369 -0.0060774264449505802 -0.015137432487389092 0.0074452587481589286 -0.017264349163552215 0.002341319870863326 -0.0031894077865279504 0.019227789284547731 0.005652228381219415 0.0048360508724710049 -0.0073865647329959972 -0.016765907028261227 0.0013871317963378249
leaf_weight=40.882931008934975 13.943219915032389 27.51798614859581 65.410388231277466 31.349222838878632 121.34429062902927 19.707438498735428 13.804718405008314 18.37309767305851 18.776121020317078 45.564699649810791 53.11267101764679 17.752101048827171 65.996022775769234 15.163933023810385
leaf_count=215 80 126 350 181 594 109 75 94 94 224 283 93 391 84
internal_value=-6.27012e-05 0.00685608 -0.00591009 -0.00236668 0.00472948 -0.00163375 -0.00935432 0.00770782 0.00914918 -9.42459e-05 -0.0020428 0.00171403 -0.013746 -0.00656924
internal_weight=568.699 260.407 308.292 213.189 232.889 74.3951 33.5122 158.494 140.12 181.84 136.275 70.8648 95.1032 29.1072
internal_count=2993 1307 1686 1131 1181 399 184 782 688 950 726 376 555 164
is_linear=0
shrinkage=0.02


Tree=19
num_leaves=15
num_cat=0
split_feature=17 15 0 15 17 17 15 1 1 1 17 1 13 18
split_gain=61.9154 26.8213 11.2217 10.0123 8.96389 8.62169 8.95343 6.36145 6.17872 11.0926 5.23848 7.11043 4.74683 4.20414
threshold=1097.5000000000002 1098.7500000000002 1.5650000000000004 1197.5000000000002 1242.5000000000002 1037.5000000000002 1142.5000000000002 1.0806400000000003 1.5190100000000004 1.7390300000000003 1188.7500000000002 1.3790000000000004 1.2250000000000003 1.0000000180025095e-35
decision_type=2 2 10 2 2 2 2 8 8 8 2 8 8 2
left_child=2 10 5 4 8 -1 -7 -5 -3 -10 11 -2 -8 -6
right_child=1 3 -4 7 13 6 12 -9 9 -11 -12 -13 -14 -15
leaf_value=0.022430816660170372 0.0045857889386366167 -0.0058295509553164771 -0.0013484773452972405 -0.0018594962168140333 -0.014263884582899797 0.0044249334538639055 0.023195142191068999 0.0099414356959914227 0.020040828473340395 -0.00019712680458109378 -0.016524903020866198 -0.011830818642393928 0.010425497158813838 -0.0041327654715453879
leaf_weight=25.671015501022339 13.399236381053923 50.518714934587479 30.140938445925713 30.668519616127014 33.843818321824074 63.972924709320068 20.105310946702957 43.231143847107887 11.893647044897078 67.676149919629097 62.562947392463684 41.846056252717972 33.537280529737473 33.087348103523254
leaf_count=121 73 265 156 151 193 326 93 211 62 351 374 237 160 187
internal_value=-0.000196026 -0.00462827 0.00970816 -0.00114931 -0.00350143 0.0120272 0.00958652 0.00508458 -0.000423146 0.00303912 -0.0125517 -0.00783838 0.0155485 -0.00939014
internal_weight=562.155 388.728 173.427 270.919 197.02 143.287 117.616 73.8997 130.089 79.5698 117.808 55.2453 53.6426 66.9312
internal_count=2960 2104 856 1420 1058 700 579 362 678 413 684 310 253 380
is_linear=0
shrinkage=0.02


Tree=20
num_leaves=15
num_cat=0
split_feature=15 16 16 16 15 15 8 18 16 16 0 0 18 7
split_gain=43.3662 17.9349 11.494 8.89234 8.71016 8.37106 6.37214 7.20625 5.70459 4.79313 4.18295 3.9659 4.42643 7.11309
threshold=1120.0000000000002 1277.5000000000002 1277.5000000000002 1088.7500000000002 1270.0000000000002 1052.5000000000002 1.3450000000000004 1.0000000180025095e-35 1162.5000000000002 1078.7500000000002 0.49753333333333344 1.3970166666666668 1.0000000180025095e-35 1.9000000000000001
decision_type=2 2 2 2 2 2 10 2 2 2 10 10 2 2
left_child=2 3 5 11 6 -1 8 -8 -5 -7 -6 12 13 -2
right_child=1 -3 -4 4 10 9 7 -9 -10 -11 -12 -13 -14 -15
leaf_value=-0.013363924445121682 0.00038108199094295185 -0.010344486202631733 -0.019987224054496038 0.0065568889335615079 0.016355649951850123 0.0019779885840829404 -0.014027618630361676 0.0019825725119263548 -0.0035901947467204855 -0.0055480331922639408 0.0042940724780488569 0.002349197514317343 0.017380320668707358 0.018105435002247115
leaf_weight=43.090461000800133 22.867963135242462 29.963533759117126 23.959248214960098 71.852521315217018 23.73729145526886 45.503160148859024 20.14010101556778 23.567743182182312 31.092720240354538 126.44777423143387 23.29426297545433 18.976944088935852 39.022911697626114 14.044198170304297
leaf_count=251 110 170 150 362 110 232 108 125 164 697 114 93 185 66
internal_value=-0.00067303 0.0041534 -0.0070966 0.00568916 0.00320284 -0.0055745 0.000776339 -0.0055435 0.00348709 -0.00355651 0.0105954 0.0106766 0.0127002 0.00742446
internal_weight=557.561 318.56 239.001 288.597 193.685 215.041 146.653 43.7078 102.945 171.951 47.0316 94.912 75.9351 36.9122
internal_count=2937 1607 1330 1437 983 1180 759 233 526 929 224 454 361 176
is_linear=0
shrinkage=0.02


Tree=21
num_leaves=15
num_cat=0
split_feature=17 17 14 14 17 14 13 2 17 8 18 14 8 7
split_gain=42.1515 18.4918 13.0961 11.967 9.21999 8.31574 6.1257 6.99637 5.71157 5.38789 4.64381 4.38335 6.08499 5.72161
threshold=1117.5000000000002 1327.5000000000002 1292.5000000000002 1242.5000000000002 1052.5000000000002 1047.5000000000002 1.2250000000000003 1.1666666666666667 1082.5000000000002 0.5421666666666668 1.0000000180025095e-35 1162.5000000000002 1.0000000180025095e-35 2.1000000000000005
decision_type=2 2 2 2 2 2 8 2 2 10 2 2 10 2
left_child=2 3 4 5 9 -2 7 -6 -9 -1 -7 12 -8 -13
right_child=1 -3 -4 -5 6 10 11 8 -10 -11 -12 13 -14 -15
leaf_value=0.01745205218964405 -0.017307759859961414 -0.017776854679543829 0.018386773314638612 0.0041832305321867621 0.016083225413116315 -0.0071210858200970199 0.0018517471756016846 0.011968061007217793 -0.0040425442612925843 0.003228113854694647 -0.00066867021998594592 0.0086640707575028758 -0.010071709751327269 -0.006139944905247695
leaf_weight=29.490820661187172 19.926676854491234 36.91056801378727 30.67908787727356 70.721955671906471 22.73948435485363 89.238928660750389 37.721862226724625 13.311504125595091 22.735676556825638 17.195818975567818 88.69934555888176 34.204065650701523 29.96289587020874 14.016613647341726
leaf_count=140 122 225 139 355 112 495 194 67 119 85 487 169 164 69
internal_value=0.000294451 -0.00469392 0.00633508 -0.00283672 0.00458976 -0.00535425 0.00244632 0.00764612 0.00203331 0.0123906 -0.00392637 -0.000233837 -0.00349635 0.00432358
internal_weight=557.555 305.497 252.058 268.587 221.379 197.865 174.692 58.7867 36.0472 46.6866 177.938 115.905 67.6848 48.2207
internal_count=2942 1684 1258 1459 1119 1104 894 298 186 225 982 596 358 238
is_linear=0
shrinkage=0.02


Tree=22
num_leaves=15
num_cat=0
split_feature=17 7 15 1 15 8 17 1 17 15 7 1 13 17
split_gain=54.9074 23.9926 18.7606 11.6423 11.0045 11.6093 9.41523 7.3303 6.70978 6.87248 6.17846 8.25031 5.53707 4.82959
threshold=1152.5000000000002 1.5500000000000003 1091.2500000000002 1.5350000000000004 1098.7500000000002 0.62498333333333356 1247.5000000000002 1.5290000000000001 1062.5000000000002 1312.5000000000002 1.9000000000000001 1.5350000000000004 1.7750000000000001 1188.7500000000002
decision_type=2 2 2 10 2 8 2 10 2 2 2 8 10 2
left_child=1 4 13 8 5 12 -4 -6 -3 10 -10 -12 -1 -2
right_child=2 3 6 -5 7 -7 -8 -9 9 -11 11 -13 -14 -15
leaf_value=-0.0045234658196592597 -0.0051266109846894413 0.025277347958071794 0.00045642259360636995 -0.00063447982887732102 0.0024894962737745593 -0.015230911299267926 -0.0082096573108682864 0.016837832883443531 0.015826031390021065 0.022835864784679326 0.011081427610558432 -0.0085196402139386344 0.011517992171465792 -0.017686566453071439
leaf_weight=20.033274814486504 16.744763448834419 21.771408423781395 115.40007100999355 21.819276809692383 85.438467755913734 27.196282416582108 87.550936341285706 16.219047978520393 27.173644065856934 18.779105693101883 19.669088751077652 13.764165371656416 13.61701115965843 58.164638251066208
leaf_count=107 97 100 601 113 418 153 494 81 136 84 97 68 70 356
internal_value=-0.000177951 0.00597181 -0.00649513 0.0125986 0.000910558 -0.00576006 -0.00330396 0.00492044 0.0154312 0.01245 0.00891352 0.00299878 0.00211298 -0.0149835
internal_weight=563.341 285.481 277.86 122.977 162.504 60.8466 202.951 101.658 101.157 79.386 60.6069 33.4333 33.6503 74.9094
internal_count=2975 1427 1548 598 829 330 1095 499 485 385 301 165 177 453
is_linear=0
shrinkage=0.02


Tree=23
num_leaves=15
num_cat=0
split_feature=14 16 1 16 14 0 14 1 14 16 13 13 18 8
split_gain=22.7159 20.2378 12.6506 8.48932 5.68094 5.26529 5.085 4.73389 4.05892 3.9701 9.43112 3.89071 6.51974 3.80668
threshold=1272.5000000000002 1232.5000000000002 1.6870000000000003 1073.7500000000002 1047.5000000000002 0.74756666666666682 1132.5000000000002 1.5190100000000004 1212.5000000000002 1167.5000000000002 1.2916666666666667 2.1000000000000005 1.0000000180025095e-35 1.1080166666666669
decision_type=2 2 10 2 2 10 2 10 2 2 10 10 2 10
left_child=1 2 3 6 -5 9 11 13 -3 10 -2 12 -1 -6
right_child=5 8 -4 4 7 -7 -8 -9 -10 -11 -12 -13 -14 -15
leaf_value=-0.0026462543006206237 0.025536359568213318 -0.014188681220176842 -0.0075948729668279301 -0.011654097268014491 0.0013217432242868131 0.0029547952337405422 0.011895081478385068 0.0096113237212175698 -0.00039355207396838516 0.0028311102177634591 0.0072759018253202587 -0.0062036942628717383 0.016632634791609278 -0.0047946356771163354
leaf_weight=14.511845231056213 19.362136587500572 53.649592399597168 70.405080512166023 15.196720898151396 150.81850856542587 39.602619707584381 42.749435529112816 20.172800600528717 10.178352624177931 14.17751608788967 28.120661064982414 14.103136733174322 12.174679666757584 54.616521999239922
leaf_count=73 88 328 396 90 784 194 205 109 58 70 130 70 60 297
internal_value=0.000225041 -0.00167237 2.83546e-05 0.00170138 -0.00021197 0.00874995 0.00715396 0.000606787 -0.0120288 0.0123655 0.0150951 0.00201931 0.00643206 -0.000319693
internal_weight=559.84 458.577 394.749 324.344 240.805 101.263 83.5391 225.608 63.8279 61.6603 47.4828 40.7897 26.6865 205.435
internal_count=2952 2470 2084 1688 1280 482 408 1190 386 288 218 203 133 1081
is_linear=0
shrinkage=0.02


Tree=24
num_leaves=15
num_cat=0
split_feature=15 17 17 15 2 17 16 15 11 1 12 14 4 1
split_gain=33.917 21.2114 19.3769 11.6193 9.73817 6.42209 7.23774 5.89774 9.57791 5.61941 5.55738 5.13909 6.54691 10.1176
threshold=1098.7500000000002 1253.7500000000002 1188.7500000000002 1255.0000000000002 2.8333333333333335 1117.5000000000002 1187.5000000000002 1177.5000000000002 1.3666666666666669 1.1715000000000002 0.83333333333333337 1310.0000000000002 0.58333333333333337 0.99900000000000022
decision_type=2 2 2 2 2 2 2 2 10 10 10 2 2 8
left_child=2 5 4 10 9 11 7 8 -7 -1 -3 12 13 -2
right_child=1 3 -4 -5 -6 6 -8 -9 -10 -11 -12 -13 -14 -15
leaf_value=0.0052091456853884952 0.023464233415772213 -0.016612910195537664 -0.016111604950547989 0.0089528696182794194 -0.017221897724545999 -0.012320528910463577 0.015152488139036708 0.0064483848641800528 0.0023607473829304094 -0.004921571995973352 -0.0043362818614653192 0.015942895276874841 -0.0014964525206024391 0.0064089641066429285
leaf_weight=47.288948550820351 15.292477324604986 26.753422662615776 61.724748343229294 15.642099514603613 13.243020147085188 25.613748639822006 14.838732704520224 45.358651086688042 52.7856135815382 39.091532424092293 33.583812192082405 28.091620773077011 31.272477567195892 107.83212143182755
leaf_count=251 73 160 382 79 75 135 78 221 280 221 192 125 151 526
internal_value=0.000303215 0.00344487 -0.00740173 -0.00600207 -0.00189877 0.00569202 0.00242136 0.000785659 -0.00253051 0.000620628 -0.00996182 0.00814929 0.00663782 0.00869926
internal_weight=558.413 397.065 161.348 75.9793 99.6235 321.085 138.597 123.758 78.3994 86.3805 60.3372 182.489 154.397 123.125
internal_count=2949 2020 929 431 547 1589 714 636 415 472 352 875 750 599
is_linear=0
shrinkage=0.02


Tree=25
num_leaves=15
num_cat=0
split_feature=15 16 16 14 15 0 14 16 9 2 0 6 11 12
split_gain=31.8869 18.3787 12.168 9.72538 8.83991 8.8371 10.3927 7.73213 5.93029 5.33871 7.82062 4.54832 4.48062 7.24727
threshold=1098.7500000000002 1290.0000000000002 1088.7500000000002 1217.5000000000002 1052.5000000000002 2.3075000000000006 1277.5000000000002 1142.5000000000002 2.0310000000000006 1.8333333333333337 1.5083333333333335 0.83333333333333337 0.70833333333333337 1.4166666666666667
decision_type=2 2 2 2 2 8 2 2 10 2 10 2 8 8
left_child=4 2 9 -3 -1 8 -7 -6 -4 10 12 -9 -2 -14
right_child=1 3 5 -5 7 6 -8 11 -10 -11 -12 -13 13 -15
leaf_value=-0.01479440778035054 0.01654938580613281 -0.020022867560804111 -0.00058412920994283673 0.0030833262073830087 -0.00061355725197342762 0.002664175789161052 0.019219758691785594 -0.0010285347062541084 -0.012879694422765344 0.017528352119381106 -0.0068791775690048356 -0.014999657797772945 0.014355916857736796 0.00021700663546303625
leaf_weight=50.591832906007767 22.694701105356216 20.001970142126087 115.94516560435295 10.791084289550779 71.009609371423721 95.721376076340675 17.132082745432854 13.11328701674938 17.166528031229973 23.068210646510124 13.570261433720587 32.599896743893623 23.673316285014153 35.249428451061249
leaf_count=308 105 125 598 60 386 490 78 78 94 111 67 199 112 168
internal_value=-0.00058648 0.00251399 0.00377782 -0.0120833 -0.00787784 0.00123048 0.00532419 -0.00477975 -0.00225402 0.00902137 0.00679895 -0.0110997 0.00912891 0.00604235
internal_weight=562.329 395.014 364.221 30.7931 167.315 245.965 112.853 116.723 133.112 118.256 95.1877 45.7132 81.6174 58.9227
internal_count=2979 2008 1823 185 971 1260 568 663 692 563 452 277 385 280
is_linear=0
shrinkage=0.02


Tree=26
num_leaves=15
num_cat=0
split_feature=15 16 16 15 16 11 13 13 15 2 10 14 0 18
split_gain=33.3098 15.8617 10.2572 6.39997 8.63854 8.55642 6.79766 6.51676 5.72165 5.61399 5.60093 5.56193 5.23022 5.13514
threshold=1120.0000000000002 1290.0000000000002 1078.7500000000002 1187.5000000000002 1071.2500000000002 1.2250000000000003 1.2916666666666667 0.90000000000000013 1060.0000000000002 0.83333333333333337 0.83333333333333337 1261.2500000000002 1.6133333333333335 1.0000000180025095e-35
decision_type=2 2 2 2 2 8 10 10 2 2 10 2 10 2
left_child=2 3 12 4 5 -2 7 -5 -4 -9 -8 -6 13 -1
right_child=1 -3 8 6 11 -7 10 9 -10 -11 -12 -13 -14 -15
leaf_value=-0.0014661530937748379 0.016928578971954232 -0.011084589676366363 -0.013944406298904912 0.0058269080272969334 0.0025962273234715451 -0.0019665805386414143 -0.004747369804513497 0.029856096438162592 -0.0057654226721177782 0.011082214427274821 0.0083450343544524824 -0.0076197329949048501 -0.0081426760057261589 0.012892886179273236
leaf_weight=19.201164677739143 29.150031641125679 24.293812215328217 46.075140938162804 20.825659483671188 123.67505057156086 13.773670226335524 17.345389410853386 13.632746890187265 137.53964738547802 14.653145149350165 46.057207345962524 24.723697334527969 13.61423523724079 19.301855713129044
leaf_count=97 136 145 287 97 643 67 81 63 783 69 219 127 75 96
internal_value=5.26378e-05 0.00416788 -0.00566903 0.00541978 0.00316666 0.0109586 0.00918939 0.0147177 -0.00788222 0.020841 0.00474518 0.000854606 0.00212986 0.0058763
internal_weight=563.862 328.13 235.732 303.837 191.322 42.9237 112.514 49.1116 183.615 28.2859 63.4026 148.399 52.1173 38.503
internal_count=2985 1647 1338 1502 973 203 529 229 1070 132 300 770 268 193
is_linear=0
shrinkage=0.02


Tree=27
num_leaves=15
num_cat=0
split_feature=16 15 16 14 12 13 1 16 15 8 14 1 18 7
split_gain=28.2765 21.8255 8.73975 8.34278 8.11536 8.34329 6.30288 7.30783 5.9813 6.55649 5.62039 5.17741 4.81356 4.61032
threshold=1277.5000000000002 1098.7500000000002 1088.7500000000002 1247.5000000000002 1.4166666666666667 2.2250000000000005 1.4790000000000003 1127.5000000000002 1270.0000000000002 1.5833333333333337 1267.5000000000002 0.78381000000000012 1.0000000180025095e-35 1.5500000000000003
decision_type=2 2 2 2 8 10 10 2 2 10 2 10 2 2
left_child=1 6 4 -2 10 -6 7 -1 9 -4 -3 -10 -11 -8
right_child=3 2 8 -5 5 -7 13 -9 11 12 -12 -13 -14 -15
leaf_value=0.003761314954393209 -0.01839057224984644 0.010078927337447143 0.00261303126308552 0.00030802117705258674 -0.00027200950474779145 0.013387485654422875 -0.013112291380013288 -0.0074664601029707936 0.013086175798466172 -0.012970448906186123 0.025682961402325243 -0.00044113964980836625 0.00055815653464273956 0.0012782686531173976
leaf_weight=48.939920321106911 37.404113337397575 29.286311194300652 149.74317418038845 12.657715901732443 47.812714606523514 27.540340632200241 41.634772524237633 42.345732793211937 31.90908171236515 20.388258427381516 14.429653927683828 17.152743145823479 20.547669917345047 11.044305592775343
leaf_count=261 242 141 771 69 228 130 250 250 146 112 64 83 110 64
internal_value=0.00043331 0.00186998 0.00450653 -0.0137493 0.00891436 0.00483027 -0.00468695 -0.00147151 0.00228941 0.000670435 0.0156886 0.00844248 -0.00632842 -0.0101277
internal_weight=552.837 502.775 358.81 50.0618 119.069 75.3531 143.965 91.2857 239.741 190.679 43.716 49.0618 40.9359 52.6791
internal_count=2921 2610 1785 311 563 358 825 511 1222 993 205 229 222 314
is_linear=0
shrinkage=0.02


Tree=28
num_leaves=15
num_cat=0
split_feature=17 14 14 17 9 7 17 1 14 3 16 13 14 3
split_gain=63.9782 15.5641 10.9682 8.844 8.54384 10.5896 7.81997 7.57441 5.47951 4.74165 4.23763 3.6719 3.5586 3.37099
threshold=1152.5000000000002 1310.0000000000002 1242.5000000000002 1327.5000000000002 1.1950000000000003 1.5500000000000003 1071.2500000000002 1.2622500000000001 1062.5000000000002 2.3666666666666671 1093.7500000000002 1.6333333333333335 1157.5000000000002 0.70833333333333337
decision_type=2 2 2 2 8 2 2 10 2 2 2 10 2 2
left_child=1 4 3 8 5 9 -7 -4 -2 -1 -6 -3 -8 -10
right_child=2 11 7 -5 10 6 12 -9 13 -11 -12 -13 -14 -15
leaf_value=0.0049040761268195447 -0.01637221908703158 0.027104183070590922 0.0034094321932260198 -0.019213638534867732 -0.0070955356939650608 0.020244673207789422 -0.0020968145248032857 -0.012272340878782968 0.0038109743829858227 -0.0061799095041024923 0.0038760216432696761 0.01206863537662475 0.010651254097734975 -0.0068385641690389713
leaf_weight=120.43818840384483 22.861452803015709 14.635587632656099 54.729224249720573 29.81312370300293 29.327244997024536 31.97661754488945 12.160616248846052 14.816937908530234 12.421318441629408 16.817604184150696 25.403603300452232 16.175853222608566 27.855539441108704 132.43245267868042
leaf_count=600 145 64 272 198 154 150 64 80 68 91 137 72 134 748
internal_value=0.00018277 0.00659593 -0.00689413 -0.00928852 0.00498128 0.00681472 0.0129787 -5.82008e-05 -0.00742081 0.00351111 -0.00202486 0.0198381 0.00682054 -0.00590549
internal_weight=561.865 294.791 267.075 197.528 263.979 209.249 71.9928 69.5462 167.715 137.256 54.7308 30.8114 40.0162 144.854
internal_count=2977 1466 1511 1159 1330 1039 348 352 961 691 291 136 198 816
is_linear=0
shrinkage=0.02


Tree=29
num_leaves=15
num_cat=0
split_feature=17 17 1 6 7 1 16 18 17 13 3 13 13 16
split_gain=32.8643 13.9562 11.4094 8.36861 8.11714 8.34596 7.42523 7.08054 10.2102 6.08339 5.62789 4.78551 4.75029 4.31135
threshold=1097.5000000000002 1327.5000000000002 1.8000000000000005 2.5833333333333335 1.1000000000000003 1.5250000000000004 1142.5000000000002 1.0000000180025095e-35 1052.5000000000002 1.4500000000000002 1.7750000000000001 1.2250000000000003 1.9000000000000001 1167.5000000000002
decision_type=2 2 10 2 2 8 2 2 2 10 2 8 10 2
left_child=3 2 4 7 5 -2 9 8 -1 -6 13 -10 -13 -7
right_child=1 -3 -4 -5 6 10 -8 -9 11 -11 -12 12 -14 -15
leaf_value=0.010953253355936735 -0.012732568599185048 -0.014887299627755056 -0.011254514544687367 0.018814343925023846 0.0098139004639156164 -0.0011269606679082161 -0.0026102732914246923 0.0094896878467887764 0.0047513726601161738 0.00048317368457551074 -0.0078661310555851738 -0.013970447877072854 0.00064322474689465438 0.013075571883704529
leaf_weight=26.234151557087898 37.444876968860626 37.411283880472183 46.773146659135818 20.09717221558094 53.252174019813538 21.704219549894333 93.544375479221344 79.080622881650925 16.068236231803894 57.874236598610878 24.792411908507347 21.136931195855141 14.734974488615988 12.955241292715071
leaf_count=124 206 241 278 92 268 115 505 383 78 297 143 106 74 74
internal_value=-0.000166269 -0.00344128 -0.0021729 0.00693644 -0.000731795 -0.00547007 0.00152713 0.00530915 0.00101369 0.00500214 -0.000760944 -0.00411869 -0.008113 0.00439956
internal_weight=563.104 385.752 348.341 177.352 301.568 96.8967 204.671 157.255 78.1743 111.126 59.4519 51.9401 35.8719 34.6595
internal_count=2984 2127 1886 857 1608 538 1070 765 382 565 332 258 180 189
is_linear=0
shrinkage=0.02


Tree=30
num_leaves=15
num_cat=0
split_feature=17 15 17 3 15 0 14 12 14 16 13 1 0 11
split_gain=39.6418 23.635 13.4143 13.887 8.78885 8.60475 14.1838 7.71487 7.18627 6.34226 14.9592 8.83627 6.28076 6.01927
threshold=1097.5000000000002 1102.5000000000002 1242.5000000000002 1.6333333333333335 1255.0000000000002 0.77500000000000024 1310.0000000000002 0.83333333333333337 1277.5000000000002 1232.5000000000002 0.90000000000000013 1.0250000000000004 1.8933333333333335 1.2250000000000003
decision_type=2 2 2 2 2 10 2 10 2 2 10 8 10 10
left_child=8 9 3 5 7 6 -3 -4 12 10 -2 -12 13 -1
right_child=1 2 4 -5 -6 -7 -8 -9 -10 -11 11 -13 -14 -15
leaf_value=0.00566189054460727 0.009299695351678584 -9.9749074488016649e-05 -0.018734043304386987 0.013697798222926836 0.0053910749926261627 -0.0055446905592798088 0.019270060967921849 -0.0042083903979948127 0.018066865228015396 -0.019559399447101604 0.0042632892460669055 -0.014216426213531658 -0.0048472694093421994 0.016064670322196745
leaf_weight=104.832704231143 15.81075459718704 65.933201253414154 24.476097404956818 38.271913707256317 17.954639375209808 58.869477301836014 18.618146374821663 36.185644239187241 24.855845585465431 24.156612679362297 11.674973174929617 69.107146814465523 16.60728807747364 28.110451027750969
leaf_count=509 94 331 151 198 90 302 84 208 109 162 65 416 89 138
internal_value=0.000388293 -0.00322615 0.000175161 0.00316021 -0.00667672 0.000272874 0.00434086 -0.010278 0.00825882 -0.0104998 -0.00805695 -0.0115262 0.00651951 0.00796504
internal_weight=555.465 381.059 260.309 181.693 78.6164 143.421 84.5513 60.6617 174.406 120.749 96.5929 80.7821 149.55 132.943
internal_count=2946 2101 1364 915 449 717 415 359 845 737 575 481 736 647
is_linear=0
shrinkage=0.02


Tree=31
num_leaves=15
num_cat=0
split_feature=17 14 17 1 14 17 16 2 12 1 0 7 13 13
split_gain=43.4755 11.5488 11.4165 11.0061 6.74005 6.09506 5.20253 5.17288 6.65473 11.0097 4.95589 4.08695 5.97175 5.62353
threshold=1142.5000000000002 1057.5000000000002 1327.5000000000002 1.4470000000000003 1310.0000000000002 1082.5000000000002 1093.7500000000002 2.5833333333333335 1.5833333333333337 0.69500000000000017 1.5205666666666671 1.5500000000000003 0.90000000000000013 0.63333333333333341
decision_type=2 2 2 10 2 2 2 2 10 10 8 2 10 10
left_child=3 -2 7 4 -1 -5 -7 8 11 -10 -6 12 13 -3
right_child=1 2 -4 5 10 6 -8 -9 9 -11 -12 -13 -14 -15
leaf_value=0.007027308641029309 -0.017921955250601668 -0.0092158440886864392 -0.014019600688594194 0.0050019952277197931 0.0084765297003285608 -0.012649265033342745 0.003551339263961892 0.0092118614936571447 0.012111536780104156 -0.0037186730772449002 0.025583240565835989 -0.0017700425039126537 -0.014174657944922356 0.009165661631517592
leaf_weight=193.17670780420303 23.562824964523315 14.780152216553688 34.429910704493523 34.829505622386932 15.012981444597246 20.86984808743 11.870409592986105 15.001729831099508 26.78297957777977 46.954953670501709 14.084921330213545 61.842880666255951 36.087222039699554 10.535208180546761
leaf_count=948 156 84 223 178 66 114 66 85 142 259 60 329 203 60
internal_value=0.000938792 -0.00482692 -0.00350736 0.00630744 0.00844787 -0.000754141 -0.00684436 -0.00174219 -0.00261874 0.00211627 0.017332 -0.00544594 -0.0090605 -0.00150861
internal_weight=559.822 269.978 246.415 289.844 222.275 67.5698 32.7403 211.985 196.983 73.7379 29.0979 123.245 61.4026 25.3154
internal_count=2973 1541 1385 1432 1074 358 180 1162 1077 401 126 676 347 144
is_linear=0
shrinkage=0.02


Tree=32
num_leaves=15
num_cat=0
split_feature=15 16 15 10 3 1 1 0 16 3 9 8 1 7
split_gain=25.119 12.2494 10.7299 7.53554 7.90732 6.89357 8.67962 5.96148 5.88305 5.35686 7.49186 5.16004 6.02614 5.08489
threshold=1098.7500000000002 1066.2500000000002 1210.0000000000002 1.5833333333333337 2.6333333333333337 1.0806400000000003 0.81278000000000017 1.4700000000000004 1290.0000000000002 1.6333333333333335 1.7890000000000004 1.4116666666666668 1.0098300000000002 0.90000000000000013
decision_type=2 2 2 8 2 8 10 10 2 2 10 10 10 2
left_child=3 7 8 4 11 6 -4 -2 9 10 -3 12 13 -1
right_child=1 2 5 -5 -6 -7 -8 -9 -10 -11 -12 -13 -14 -15
leaf_value=0.0080331757282391947 0.012385269489751606 -0.00092929232032518756 0.0071013225574299635 -0.012764060247004232 -0.018775616768896452 0.011328304778270138 -0.01248740572258009 -0.0021547051854860885 -0.011062215078580849 0.0046439061142132315 -0.014587355263834546 0.0095695238801600819 -0.010622335046576947 -0.004808893288958554
leaf_weight=20.564100831747055 57.883088380098343 144.51418183743954 23.893038898706436 59.236480250954628 11.402005672454832 49.626426994800568 13.214455798268316 13.619311422109602 22.873880282044411 56.583257168531418 17.098877385258675 12.837120845913885 29.629099830985069 27.826637655496597
leaf_count=113 264 742 111 371 68 231 64 65 150 296 97 77 172 153
internal_value=-0.00050803 0.00218492 0.000537879 -0.00713898 -0.00378843 0.00652864 -1.91085e-05 0.00962427 -0.00163559 -0.000601419 -0.00245515 -0.0017237 -0.00367944 0.000700617
internal_weight=560.802 399.307 327.804 161.495 102.259 86.7339 37.1075 71.5024 241.07 218.196 161.613 90.857 78.0198 48.3907
internal_count=2974 2020 1691 954 583 406 175 329 1285 1135 839 515 438 266
is_linear=0
shrinkage=0.02


Tree=33
num_leaves=15
num_cat=0
split_feature=17 15 14 17 0 8 8 15 15 18 16 14 18 8
split_gain=35.8444 20.5029 18.7783 12.6011 10.7932 6.97027 6.52034 5.82374 5.56811 5.00023 7.94314 7.44033 4.55547 4.70855
threshold=1102.5000000000002 1068.7500000000002 1310.0000000000002 1320.0000000000002 1.571666666666667 1.2176000000000005 0.88833333333333353 1093.7500000000002 1187.5000000000002 1.0000000180025095e-35 1120.0000000000002 1157.5000000000002 1.0000000180025095e-35 1.4279666666666671
decision_type=2 2 2 2 10 8 10 2 2 2 2 2 2 10
left_child=2 -2 4 8 5 6 9 -6 12 11 -11 -1 -3 -14
right_child=1 3 -4 -5 7 -7 -8 -9 -10 10 -12 -13 13 -15
leaf_value=-0.0036491065246034506 -0.015656263029878003 -0.0052229377119957362 0.024626263391811429 -0.013050673074207614 -0.015068734749790473 -0.0070994632237405386 0.020721473683493478 0.0014386734522979631 0.0044484367947079748 0.014473499827918882 -0.0015166240179458072 0.0099387440831598534 -0.0022146323764043545 0.0068289387537788949
leaf_weight=35.954525634646416 51.831286549568176 102.32719531655312 19.248770624399185 36.304080083966255 14.319624483585356 12.928971230983732 13.345605328679083 18.987561583518982 64.276936575770378 46.281047359108925 16.616274654865265 27.681329667568207 70.42955094575882 32.998495444655418
leaf_count=181 335 565 82 233 82 65 64 94 307 216 82 128 380 183
internal_value=-0.000330447 -0.00414651 0.00631285 -0.00215448 0.00429732 0.00654183 0.00784414 -0.00589065 -0.000646815 0.00633412 0.0102916 0.00232387 -0.00225236 0.000708463
internal_weight=563.531 358.168 205.364 306.336 186.115 152.808 139.879 33.3072 270.032 126.533 62.8973 63.6359 205.755 103.428
internal_count=2997 2003 994 1668 912 736 671 176 1435 607 298 309 1128 563
is_linear=0
shrinkage=0.02


Tree=34
num_leaves=15
num_cat=0
split_feature=15 17 17 0 15 15 17 7 15 14 0 8 11 17
split_gain=29.6359 16.282 13.4111 12.5651 7.17755 5.85758 5.82359 6.38035 5.43673 6.90526 5.19604 4.50981 4.46044 4.39801
threshold=1127.5000000000002 1097.5000000000002 1253.7500000000002 1.4116666666666668 1202.5000000000002 1060.0000000000002 1037.5000000000002 0.63333333333333341 1290.0000000000002 1357.5000000000002 1.1883333333333337 1.3666666666666669 1.2250000000000003 1337.5000000000002
decision_type=2 2 2 10 2 2 2 2 2 2 10 8 10 2
left_child=1 6 3 8 -4 -3 -1 -8 10 -10 11 -2 -9 -7
right_child=2 5 4 -5 -6 13 7 12 9 -11 -12 -13 -14 -15
leaf_value=0.01345602519205288 0.0060036845544764938 -0.015624160079282055 -0.01063660296808904 -0.0042576187901379589 0.0048417486061844853 -0.0054260799391915113 0.011373758746792003 -0.0067089615101009028 0.018433953624331725 0.0024134636176055429 0.016259694070518148 -0.0047229622608041706 0.0061595427312713738 -0.017689044021555012
leaf_weight=13.86599940061569 126.01707597076893 37.424241796135902 33.161518886685371 40.04085336625576 17.728476017713547 124.01920852065086 13.693887531757353 40.975405871868134 34.813779473304749 15.863465219736097 16.758482232689857 17.133773311972618 13.622242152690886 12.262282609939573
leaf_count=66 604 249 200 201 90 711 71 211 154 72 83 89 71 88
internal_value=-0.000212309 -0.00520779 0.00402999 0.00592871 -0.00525504 -0.00866204 0.00211186 -0.000352429 0.0078765 0.0135628 0.00600135 0.00469595 -0.0034452 -0.00665029
internal_weight=557.381 255.863 301.517 250.627 50.89 173.706 82.1575 68.2915 210.587 50.6772 159.909 143.151 54.5976 136.281
internal_count=2960 1467 1493 1203 290 1048 419 353 1002 226 776 693 282 799
is_linear=0
shrinkage=0.02


Tree=35
num_leaves=15
num_cat=0
split_feature=17 7 17 0 1 17 0 3 9 12 10 8 17 1
split_gain=37.2453 17.1602 11.85 7.92318 7.45919 6.81397 9.12438 6.754 5.02859 7.90548 6.85288 6.2852 4.93037 5.83399
threshold=1188.7500000000002 1.5500000000000003 1327.5000000000002 1.8860333333333335 1.7170000000000003 1097.5000000000002 1.1939500000000003 0.45000000000000007 1.4822500000000003 1.4166666666666667 1.1666666666666667 0.45166666666666672 1071.2500000000002 1.5350000000000004
decision_type=2 2 2 10 10 2 10 2 10 10 10 10 2 8
left_child=1 3 7 5 8 6 -1 -2 9 12 11 -11 -3 -14
right_child=2 4 -4 -5 -6 -7 -8 -9 -10 10 -12 -13 13 -15
leaf_value=0.0024714664239563174 0.0089264433816518465 0.024005077954921725 -0.016681772204071226 -0.0097074960655346362 -0.0027792678427705562 -0.0020612627221447922 0.017622542746058848 -0.0052382639584074202 0.020803819590875527 0.016720385038657314 -0.00369455529396289 2.2667425225335803e-05 0.01878778634195355 0.0042039725670082011
leaf_weight=74.525205031037331 13.863493040204046 15.54605822265148 35.211436986923218 25.16300705075264 17.565575882792473 83.671507105231285 19.367942199110985 151.624412804842 17.587870538234711 20.376959025859833 25.472461387515068 15.600056797266005 18.997747883200645 26.019851893186569
leaf_count=359 70 69 239 146 94 446 97 869 88 95 122 73 92 123
internal_value=0.000583701 0.00442978 -0.00630086 0.000574715 0.00936732 0.00207803 0.00574955 -0.00400515 0.0109046 0.00932012 0.00416342 0.00967648 0.0143996 0.010633
internal_weight=560.594 359.894 200.699 202.728 157.167 177.565 93.8931 165.488 139.601 122.013 61.4495 35.977 60.5637 45.0176
internal_count=2982 1804 1178 1048 756 902 456 939 662 574 290 168 284 215
is_linear=0
shrinkage=0.02


Tree=36
num_leaves=15
num_cat=0
split_feature=15 10 9 7 7 6 15 14 11 2 7 10 9 6
split_gain=27.2141 10.2839 9.28965 7.04328 5.65824 10.6882 4.23627 3.84406 8.15294 4.11054 5.22036 5.04801 7.341 8.83697
threshold=1098.7500000000002 1.1666666666666667 1.9967500000000002 0.77500000000000013 1.5500000000000003 0.83333333333333337 1152.5000000000002 1337.5000000000002 1.1000000000000003 1.8333333333333337 1.1000000000000003 2.1666666666666674 1.1763333333333337 1.5833333333333337
decision_type=2 8 8 2 2 2 2 2 10 2 2 10 10 2
left_child=1 4 3 -2 5 -1 -4 9 -9 11 -11 12 -5 -14
right_child=2 -3 6 7 -6 -7 -8 8 -10 10 -12 -13 13 -15
leaf_value=0.0049690823740646348 -0.0048549640312330281 -0.011010070936383435 -0.014815887186196508 0.0039251660890231585 0.0089761776426905797 -0.012103834474374933 0.00051924726770658121 0.02219066353758049 0.0035087499238246078 -0.0019645041538717757 0.011616043523522445 0.010221758197125659 0.0050493631744221792 -0.011015633281633767
leaf_weight=27.330742925405502 32.254825219511986 90.981010243296623 14.777223840355875 146.42543670535088 16.6170354783535 29.641281634569168 13.142108902335165 14.263886556029318 25.308703407645226 14.35795910656452 48.29470506310463 30.408421769738197 22.182605713605881 32.951144158840179
leaf_count=155 169 570 91 713 91 171 71 61 115 76 244 165 116 173
internal_value=0.000256642 -0.0065512 0.00310695 0.00395919 -0.000964827 -0.00396914 -0.00782903 0.00482184 0.0106236 0.00400927 0.00852185 0.00275911 0.00158834 -0.00457721
internal_weight=558.937 164.57 394.367 366.448 73.5891 56.972 27.9193 334.193 39.5726 294.62 62.6527 231.968 201.559 55.1337
internal_count=2981 987 1994 1832 417 326 162 1663 176 1487 320 1167 1002 289
is_linear=0
shrinkage=0.02


Tree=37
num_leaves=15
num_cat=0
split_feature=15 16 16 14 15 3 1 1 16 5 14 11 3 4
split_gain=24.8841 13.8802 9.94474 9.25729 6.90206 8.87875 6.62634 6.31774 6.18527 6.80267 5.8364 5.49535 5.37098 6.12784
threshold=1127.5000000000002 1277.5000000000002 1210.0000000000002 1277.5000000000002 1071.2500000000002 1.1000000000000003 1.4212100000000003 0.70820000000000005 1071.2500000000002 0.29166666666666669 1212.5000000000002 1.2250000000000003 1.3666666666666669 1.0000000180025095e-35
decision_type=2 2 2 2 2 2 10 10 2 2 2 8 2 2
left_child=1 4 3 8 6 -6 -1 -5 11 12 -11 -2 -10 -14
right_child=2 -3 -4 7 5 -7 -8 -9 9 10 -12 -13 13 -15
leaf_value=-0.0026484633706544028 0.014028516882021372 -0.01880577706973709 -0.0049317449223414203 0.016853260601451751 -0.0090675306833232425 0.0023567761933944802 -0.014372184554571763 0.0055428784015440517 -0.010351837087944345 0.010619218139777474 -0.0023778644133678334 -0.00082617769298235541 0.0057991285759467562 -0.0083384297561978678
leaf_weight=47.867197960615158 30.979777857661247 22.752236440777779 40.240782737731934 39.778411090373993 34.197294518351555 118.94217759370804 31.962002158164978 41.165060371160507 25.160892307758331 37.715880066156387 21.004678845405579 14.313503563404081 33.354474008083344 18.078677326440811
leaf_count=275 140 164 235 174 183 646 207 194 129 189 104 68 169 92
internal_value=0.000349811 -0.0042315 0.0042329 0.00565633 -0.00273385 -0.000236641 -0.00746214 0.011239 0.00310621 0.000939993 0.00600812 0.00941772 -0.00297282 0.000765542
internal_weight=557.513 255.721 301.792 261.551 232.969 153.139 79.8292 80.9435 180.608 135.315 58.7206 45.2933 76.594 51.4332
internal_count=2969 1475 1494 1259 1311 829 482 368 891 683 293 208 390 261
is_linear=0
shrinkage=0.02


Tree=38
num_leaves=15
num_cat=0
split_feature=17 15 1 17 12 6 16 14 1 10 11 0 12 17
split_gain=30.5339 12.5375 11.8098 7.55806 7.32965 7.16787 6.52645 5.47424 5.26811 5.02304 9.95082 6.11897 6.32669 4.89346
threshold=1188.7500000000002 1098.7500000000002 1.7390300000000003 1037.5000000000002 0.83333333333333337 3.1666666666666674 1290.0000000000002 1112.5000000000002 1.1282700000000003 0.83333333333333337 0.90000000000000013 0.82833333333333337 1.8333333333333337 1087.5000000000002
decision_type=2 2 10 2 8 2 2 2 8 10 10 8 10 2
left_child=2 -2 3 -1 7 9 8 -5 -3 11 -11 -6 -13 -12
right_child=1 6 -4 4 5 -7 -8 -9 -10 10 13 12 -14 -15
leaf_value=0.013493223676170998 -0.015149745913161386 -0.0089399562990409836 -0.0069428964478030391 0.0006005892636848011 -0.015648084123233409 0.014449949336985669 -0.012511771717489619 0.01424019869009324 0.00068685316686742685 0.014748522971697008 0.0067585846200858626 -0.0065271607681844411 0.0068081011586965268 -0.0022007451938449644
leaf_weight=28.354965522885323 57.555662199854851 30.15681229531765 45.982285588979721 18.050881177186966 13.495394468307493 14.347518146038054 28.41022714972496 33.324783578515053 83.690354064106941 21.232144311070442 32.310062259435654 33.663548901677132 23.16069583594799 90.018204122781754
leaf_count=127 391 158 261 95 65 65 184 156 450 103 154 168 114 464
internal_value=-0.00111657 -0.00734737 0.00241174 0.00382647 0.00280156 0.0012472 -0.00410691 0.00955088 -0.00191882 0.000298404 0.0024399 -0.00404645 -0.00106817 0.00020126
internal_weight=553.754 199.813 353.94 307.958 279.603 228.228 142.257 51.3757 113.847 213.88 143.56 70.3196 56.8242 122.328
internal_count=2955 1183 1772 1511 1384 1133 792 251 608 1068 721 347 282 618
is_linear=0
shrinkage=0.02


Tree=39
num_leaves=15
num_cat=0
split_feature=17 17 1 11 1 3 9 8 7 0 17 8 16 3
split_gain=32.8157 14.4288 14.1241 8.36235 10.2227 5.59801 5.36195 5.18608 7.94145 6.64998 5.16165 4.51869 3.64455 3.55852
threshold=1082.5000000000002 1253.7500000000002 1.6870000000000003 1.3666666666666669 1.0250000000000004 2.1000000000000005 1.5870000000000004 1.256966666666667 1.2250000000000003 1.8316666666666668 1052.5000000000002 0.48293333333333338 1132.5000000000002 1.1000000000000003
decision_type=2 2 10 10 10 2 10 8 2 8 2 10 2 2
left_child=3 2 5 7 -5 -2 -4 8 9 -1 -11 -10 -7 -3
right_child=1 13 6 4 -6 12 -8 -9 11 10 -12 -13 -14 -15
leaf_value=0.010734843016939334 0.0014267272066865655 -0.0045383448797619401 -0.016625801758802503 0.027397905280579435 0.0038447571502112556 -0.015637518575299991 -0.0021664626065839064 -0.0066793505533945764 0.016559126521451889 0.0019809661793127736 -0.01400558987570228 0.0044745926154121712 1.7281863567301916e-05 -0.012413842732355612
leaf_weight=16.071165680885315 240.77065868675709 36.394512295722961 28.441028162837029 15.835452839732172 13.781384915113447 12.390693187713625 16.259251147508621 12.562331601977347 31.484762817621231 19.072901859879497 12.752126291394232 21.566967040300369 10.699168011546133 69.871813029050827
leaf_count=78 1234 212 170 72 70 68 97 64 142 89 65 101 61 455
internal_value=-0.000615108 -0.00346449 -0.00126349 0.00761002 0.0169216 0.000512518 -0.0115289 0.0050539 0.00656522 0.000621999 -0.00465629 0.0118201 -0.00868395 -0.00978407
internal_weight=557.954 414.827 308.561 143.127 29.6168 263.861 44.7003 113.51 100.948 47.8962 31.825 53.0517 23.0899 106.266
internal_count=2978 2297 1630 681 142 1363 267 539 475 232 154 243 129 667
is_linear=0
shrinkage=0.02


Tree=40
num_leaves=15
num_cat=0
split_feature=17 15 15 17 17 13 14 2 15 15 8 4 4 18
split_gain=35.7047 16.9698 10.4327 7.41302 6.8843 7.51377 6.72349 4.67252 4.37998 4.33338 4.10588 4.15472 6.47635 5.10477
threshold=1193.7500000000002 1091.2500000000002 1255.0000000000002 1097.5000000000002 1071.2500000000002 0.90000000000000013 1292.5000000000002 2.1666666666666674 1187.5000000000002 1078.7500000000002 1.736666666666667 0.41666666666666669 1.0000000180025095e-35 1.0000000180025095e-35
decision_type=2 2 2 2 2 8 2 2 2 2 8 2 2 2
left_child=1 4 9 6 -1 -6 -3 -7 -5 -2 11 12 -11 -14
right_child=2 3 -4 8 5 7 -8 -9 -10 10 -12 -13 13 -15
leaf_value=0.0050293264664402959 -0.015490633141462 0.0082701543034440547 0.0043203980953854578 0.001359609286575291 0.0089623640626423935 -0.0049248456693064989 0.021397730784055807 -0.016972184016000071 0.0087396528148094288 -0.0084943743127835463 -0.012623462174447805 -0.01321604217314426 -0.0031996936662316926 0.012696897166354158
leaf_weight=29.907692983746529 31.578825801610947 113.21737363934517 27.579376503825188 103.67341840267181 10.108615607023237 39.501455098390579 17.885746881365776 19.103703513741493 45.951743602752686 28.383526593446732 34.472107857465744 15.245491191744803 16.04932989180088 14.649208635091783
leaf_count=152 222 526 136 538 59 230 75 119 211 168 216 89 94 84
internal_value=0.000850939 0.00424794 -0.00680125 0.00674893 -0.00286748 -0.00632741 0.0102095 -0.00907081 0.00366909 -0.00900137 -0.00699395 -0.00425013 -0.00175511 0.00454733
internal_weight=547.308 379.35 167.958 280.728 98.6215 68.7138 131.103 58.6052 149.625 140.378 108.8 74.3276 59.0821 30.6985
internal_count=2919 1910 1009 1350 560 408 601 349 749 873 651 435 346 178
is_linear=0
shrinkage=0.02


Tree=41
num_leaves=15
num_cat=0
split_feature=15 16 10 3 16 15 0 7 8 8 18 8 18 15
split_gain=19.3123 9.3141 6.40974 6.37573 6.19606 6.55617 6.86245 5.934 5.5081 7.10662 5.85357 4.90056 4.46347 5.91038
threshold=1098.7500000000002 1290.0000000000002 1.5833333333333337 2.2250000000000005 1071.2500000000002 1270.0000000000002 0.74756666666666682 2.1000000000000005 1.5915000000000001 1.4383333333333337 1.0000000180025095e-35 1.3000000000000005 1.0000000180025095e-35 1071.2500000000002
decision_type=2 2 8 2 2 2 10 2 10 10 2 10 2 2
left_child=2 4 3 12 7 8 -7 -2 9 11 -10 -6 -1 -14
right_child=1 -3 -4 -5 5 6 -8 -9 10 -11 -12 -13 13 -15
leaf_value=-0.004733006684585506 0.010521889031450902 -0.008655760820372135 -0.011263211745593001 -0.012344467689043704 0.0015713590358771134 0.012355710714358599 -0.0020833247462035943 -0.0022147584607053942 -0.013295016513721619 0.015238213482066229 0.00088591002594301386 -0.011168932119908097 -0.0024894010410874958 0.013355432959763163
leaf_weight=37.855416014790535 67.896759182214737 27.802163481712341 56.908270075917244 20.568995133042336 164.40578688681126 39.42284132540226 19.144548907876015 18.184575870633125 21.367120161652565 13.449867531657217 24.041025310754776 12.030812054872511 19.60485066473484 16.668243631720543
leaf_count=219 310 183 374 125 830 175 90 81 121 72 131 63 115 91
internal_value=5.75883e-05 0.00232416 -0.00601367 -0.00277424 0.00314822 0.00175289 0.00768013 0.00783675 0.000251274 0.00175267 -0.00592972 0.000644577 1.02539e-05 0.0049546
internal_weight=559.351 407.746 151.606 94.6975 379.943 293.862 58.5674 86.0813 235.295 189.886 45.4081 176.437 74.1285 36.2731
internal_count=2980 2056 924 550 1873 1482 265 391 1217 965 252 893 425 206
is_linear=0
shrinkage=0.02


Tree=42
num_leaves=15
num_cat=0
split_feature=16 0 7 0 12 2 0 0 4 4 16 16 13 16
split_gain=11.7869 8.52758 9.50753 9.21128 6.25005 6.3198 6.38423 6.02467 5.10598 5.01891 4.31261 3.70951 3.57401 3.66709
threshold=1290.0000000000002 1.0850000000000002 2.7750000000000004 1.1939500000000003 1.8333333333333337 0.83333333333333337 0.52370000000000017 1.2701833333333337 0.41666666666666669 1.0000000180025095e-35 1162.5000000000002 1132.5000000000002 0.90000000000000013 1036.2500000000002
decision_type=2 10 2 10 10 2 10 10 2 2 2 2 10 2
left_child=1 2 4 -3 5 6 -1 -5 11 -2 -7 -6 -9 -14
right_child=9 3 -4 7 8 10 -8 12 -10 -11 -12 -13 13 -15
leaf_value=0.0088635089750801963 -0.018887989124314022 -0.015803261455883514 0.014414944729187201 0.011756426498946983 0.0061862590939782275 -0.00019015210847808602 -0.0045675134194769727 0.0055338953089527979 -0.0025009531515572574 -0.0040391800108433009 -0.0080131503620720131 0.017145141739464277 0.0068103184612265059 -0.0041541482672837419
leaf_weight=49.229633867740631 15.198534108698366 17.24942734837532 25.919961854815483 12.954189643263815 55.091210529208183 108.94554780423641 18.989784643054008 21.188487559556961 19.85541632771492 22.448428057134151 37.049669161438942 15.918203592300413 12.593951895833014 126.21758179366589
leaf_count=238 110 93 118 68 265 550 96 121 96 151 215 86 60 716
internal_value=0.00029101 0.00107926 0.00301523 -0.00228794 0.00200276 0.000130582 0.00511283 -0.0008569 0.00636698 -0.0103674 -0.00221643 0.0088469 -0.0019448 -0.00311778
internal_weight=558.85 521.203 330.999 190.204 305.079 214.215 68.2194 172.954 90.8648 37.647 145.995 71.0094 160 138.812
internal_count=2983 2722 1664 1058 1546 1099 334 965 447 261 765 351 897 776
is_linear=0
shrinkage=0.02


Tree=43
num_leaves=15
num_cat=0
split_feature=17 15 17 15 17 13 13 1 10 15 10 17 4 18
split_gain=32.0108 12.9729 11.1143 8.69921 6.68202 7.29955 6.26854 6.24006 7.58863 5.06637 4.93071 4.9548 4.84371 4.80612
threshold=1117.5000000000002 1137.5000000000002 1327.5000000000002 1197.5000000000002 1066.2500000000002 0.90000000000000013 1.2250000000000003 1.6127300000000002 1.4166666666666667 1066.2500000000002 0.83333333333333337 1092.5000000000002 1.0000000180025095e-35 1.0000000180025095e-35
decision_type=2 2 2 2 2 8 8 10 8 2 10 2 2 2
left_child=1 4 3 9 -1 -6 -3 8 10 -2 -7 -12 -5 -11
right_child=2 6 -4 12 5 7 -8 -9 -10 13 11 -13 -14 -15
leaf_value=0.0069650138567228115 -0.01234247027399615 0.015935654795750681 -0.015215307083485258 0.013589333278233058 0.011687290056752954 -0.0042385644255496357 0.0062086939959566578 -0.013585762158051119 -0.013048744160146862 -0.0071488338049818922 0.016628534485502486 -0.0002950451759484171 0.00019832820913737861 -0.00045813457033501279
leaf_weight=45.179151281714439 32.765787653625011 40.838555812835693 34.962357208132744 13.50985439121723 12.0640302747488 21.706312745809555 79.014778822660446 20.908306732773781 15.19521379470825 85.197870343923569 13.153555750846865 13.472723156213759 42.431501567363739 85.875751063227654
leaf_count=217 227 181 250 66 63 111 357 124 80 487 66 71 201 478
internal_value=-0.00026997 0.00481352 -0.0047817 -0.00332454 0.000702232 -0.00227122 0.00962747 -0.00437903 -0.00118533 -0.00523712 0.0027333 0.0083646 0.00361412 -0.00381241
internal_weight=556.276 261.533 294.743 259.781 141.679 96.5001 119.853 84.4361 63.5278 203.839 48.3326 26.6263 55.9414 171.074
internal_count=2979 1270 1709 1459 732 515 538 452 328 1192 248 137 267 965
is_linear=0
shrinkage=0.02


Tree=44
num_leaves=15
num_cat=0
split_feature=17 15 15 0 17 10 17 4 12 7 1 7 1 9
split_gain=25.8086 15.5557 7.56464 5.83607 6.16031 6.25289 4.55599 4.15149 3.70564 5.95468 3.22015 3.27812 2.79733 4.07665
threshold=1225.0000000000002 1098.7500000000002 1098.7500000000002 1.0774166666666669 1127.5000000000002 0.83333333333333337 1037.5000000000002 1.0000000180025095e-35 1.5833333333333337 1.5500000000000003 1.8118000000000001 0.55000000000000016 1.5465500000000001 1.4213200000000004
decision_type=2 2 2 10 2 10 2 2 10 2 10 2 10 8
left_child=1 3 -2 4 5 -1 -3 -6 -4 -10 11 -8 13 -13
right_child=2 6 8 -5 7 -7 10 -9 9 -11 -12 12 -14 -15
leaf_value=-0.003823860263814355 -0.01620440633577842 0.012035038537831253 -0.0078110971353273287 -0.0091360203103631535 -0.017421750222186463 0.011064941150631686 -0.0053428992782656873 -0.00047196929374081919 0.01136725182198514 -0.0073982638206813488 -0.0047856983128428147 0.0048802498048461417 0.01108875060944289 -0.002290636022296511
leaf_weight=20.643422037363052 35.275455057621002 25.948702529072762 62.888715974986553 53.534745112061501 10.157873600721361 22.892806172370911 13.657433122396467 12.111715435981749 11.427377387881281 13.860750958323477 17.235814407467842 202.53484183549881 22.308137893676758 36.950893625617027
leaf_count=107 256 113 377 328 64 122 69 74 65 76 90 959 112 188
internal_value=-0.000443021 0.00183694 -0.0084815 -0.00429778 -0.000283912 0.00407783 0.00414087 -0.00861975 -0.00524485 0.00119146 0.00340241 0.00393022 0.00443248 0.00376891
internal_weight=561.429 437.976 123.452 119.341 65.8058 43.5362 318.636 22.2696 88.1768 25.2881 292.687 275.451 261.794 239.486
internal_count=3000 2226 774 695 367 229 1531 138 518 141 1418 1328 1259 1147
is_linear=0
shrinkage=0.02


Tree=45
num_leaves=15
num_cat=0
split_feature=17 15 0 6 17 18 3 14 1 7 8 17 1 14
split_gain=22.0697 13.2034 11.9495 7.48542 8.75385 5.15247 5.12556 4.5931 7.21877 5.85578 4.57283 4.03958 5.181 4.36845
threshold=1188.7500000000002 1098.7500000000002 1.7188666666666668 1.8333333333333337 1010.0000000000001 1.0000000180025095e-35 1.9000000000000001 1277.5000000000002 1.0498200000000002 2.2250000000000005 1.1399999999999999 1320.0000000000002 1.9760000000000002 1247.5000000000002
decision_type=2 2 10 2 2 2 2 2 8 2 10 2 8 2
left_child=2 -2 3 4 -1 6 10 8 -5 -10 -6 12 -3 -13
right_child=1 11 -4 7 5 -7 -8 -9 9 -11 -12 13 -14 -15
leaf_value=0.018113557704176841 -0.013437484669499511 -0.0039453672403741633 -0.0053602958636695033 0.018275856339882119 -0.0017260932169117535 0.0047204957746278618 -0.010492175042713625 0.015051944775077876 0.0071132745178247641 -0.0071134226916095113 0.010344487944675565 -0.014264048717966328 0.0043971690679977709 0.0023588776015652873
leaf_weight=12.668748289346693 53.287104308605194 66.225794732570648 53.870453685522079 13.605779275298117 63.040089413523674 99.947903990745544 19.945622593164444 35.177093669772148 32.292739510536194 16.794095098972321 14.61979755759239 17.716528393328193 52.455902114510536 9.1688565313816053
leaf_count=56 377 360 301 65 310 492 107 152 158 80 77 127 278 54
internal_value=0.000320984 -0.00501688 0.00325923 0.00477884 0.0026294 0.00155021 -0.00171112 0.00932249 0.00592183 0.00220105 0.000648865 -0.00186373 -0.000252134 -0.00871375
internal_weight=560.817 198.854 361.962 308.092 210.222 197.553 97.6055 97.8697 62.6926 49.0868 77.6599 145.567 118.682 26.8854
internal_count=2994 1196 1798 1497 1042 986 494 455 303 238 387 819 638 181
is_linear=0
shrinkage=0.02


Tree=46
num_leaves=15
num_cat=0
split_feature=17 17 17 15 6 1 1 0 18 16 8 17 18 15
split_gain=28.6887 9.12167 9.0522 7.747 7.14779 6.90943 7.04475 7.25208 5.69378 5.70473 5.54501 5.17113 5.00225 5.63067
threshold=1117.5000000000002 1327.5000000000002 1052.5000000000002 1066.2500000000002 2.5833333333333335 1.8000000000000005 0.90200000000000014 1.0383333333333338 1.0000000180025095e-35 1187.5000000000002 1.3960000000000001 1217.5000000000002 1.0000000180025095e-35 1167.5000000000002
decision_type=2 2 2 2 2 10 8 8 2 2 10 2 2 2
left_child=2 3 -1 -2 12 6 -5 -8 9 -9 11 -10 -4 -14
right_child=1 -3 4 5 -6 -7 7 8 10 -11 -12 -13 13 -15
leaf_value=0.011282935221290988 -0.012429735360323895 -0.014241811786905607 -0.002308215131659107 -0.0078375814442061958 0.011887504831818696 -0.012580199472758005 0.012374790010072858 -0.0077082394628488525 0.0044565943674514125 0.00579487964559157 0.011965563423745587 -0.0086751683110937311 0.0011169650166120593 0.012103618249985446
leaf_weight=59.146181881427765 31.543374061584473 33.901256874203682 90.745346412062645 43.444004058837891 26.840689495205879 21.12042498588562 19.175641015172005 52.222920417785645 33.295612514019012 15.555879369378088 20.560482263565063 17.447072356939316 64.676198646426201 25.362066194415092
leaf_count=268 222 248 458 228 122 127 105 280 169 91 114 98 332 113
internal_value=-0.000272968 -0.00463942 0.00444503 -0.00330887 0.00245236 -0.00196793 -0.000800124 0.00116884 -0.000453464 -0.00456995 0.00346864 -0.000138953 0.000993854 0.00431065
internal_weight=555.037 288.267 266.77 254.365 207.624 222.822 201.702 158.258 139.082 67.7788 71.3032 50.7427 180.784 90.0383
internal_count=2975 1682 1293 1434 1025 1212 1085 857 752 371 381 267 903 445
is_linear=0
shrinkage=0.02


Tree=47
num_leaves=15
num_cat=0
split_feature=17 11 17 1 12 1 5 17 13 1 13 12 8 13
split_gain=18.2548 11.1707 10.5513 8.91569 7.21512 5.88488 5.84955 7.08607 7.32516 11.4675 5.83287 5.50963 4.84592 4.6625
threshold=1087.5000000000002 1.3666666666666669 1327.5000000000002 1.6790000000000005 1.1666666666666667 1.0250000000000004 0.55000000000000016 1253.7500000000002 0.90000000000000013 0.93300000000000016 1.7750000000000001 1.5833333333333337 1.8066666666666673 1.9000000000000001
decision_type=2 10 2 10 8 10 2 2 8 10 8 10 10 10
left_child=1 4 3 6 -1 -3 7 8 9 -2 -8 -9 -5 -10
right_child=2 5 -4 12 -6 -7 10 11 13 -11 -12 -13 -14 -15
leaf_value=0.011027667677756401 0.0006525117920419027 0.023547613926184156 -0.013101760754774957 -0.012166737513536661 0.00014469900126339253 0.0050916612416205455 0.010086258923715504 -0.013074717099310483 -0.0034870408943577544 0.023770425524342581 -0.0046660870084005417 0.0014472477605199771 0.00096033772760069846 0.0036213398657829192
leaf_weight=32.339796543121338 26.750034898519516 17.923550784587864 32.198604963719845 40.466775432229042 90.64587976038456 11.957536756992338 37.814072296023369 30.464738465845585 125.870107203722 11.678802639245985 14.129790663719175 15.371452003717421 15.245398141443728 51.132298961281776
leaf_count=150 139 80 237 252 430 61 188 190 663 61 68 91 96 263
internal_value=-5.82088e-05 0.00580048 -0.00229981 -0.00132418 0.0030723 0.0165661 -2.96572e-06 -0.00122708 0.00030437 0.0081029 0.00606098 -0.00827777 -0.00862098 -0.00142477
internal_weight=553.989 152.867 401.122 368.923 122.986 29.8811 313.211 261.267 215.431 38.4288 51.9439 45.8362 55.7122 177.002
internal_count=2969 721 2248 2011 580 141 1663 1407 1126 200 256 281 348 926
is_linear=0
shrinkage=0.02


Tree=48
num_leaves=15
num_cat=0
split_feature=17 14 1 17 5 11 14 11 7 7 8 1 7 12
split_gain=25.7478 9.75279 8.25058 6.39501 5.78368 4.70303 4.51768 6.04692 4.63616 4.46424 4.78801 4.28947 5.42385 5.5249
threshold=1127.5000000000002 1047.5000000000002 1.4470000000000003 1327.5000000000002 0.55000000000000016 1.9000000000000001 1337.5000000000002 0.77500000000000013 1.2916666666666667 1.1000000000000003 1.1816666666666669 0.59253000000000011 1.1000000000000003 1.4166666666666667
decision_type=2 2 10 2 2 8 2 10 2 2 10 8 2 10
left_child=2 -2 5 4 -3 6 7 8 -1 -4 -11 -9 -13 -14
right_child=1 3 9 -5 -6 -7 -8 11 -10 10 -12 12 13 -15
leaf_value=-0.0056081143250425033 -0.017650426769168667 -0.0033989700541386244 -0.0083704873654441899 -0.011856774967823025 0.0052086644278534272 -0.0051219324988535497 0.014913424812433365 0.018344110945885811 0.0061713401046080661 0.0089942286314182388 -0.0048885157165249569 0.012397841808078028 0.0090206356731409015 -0.0017870637774783178
leaf_weight=26.993780106306076 19.09337268024683 184.28504531085491 24.900874748826027 28.692954666912556 36.627423673868179 13.022153213620184 24.569413796067238 13.880992397665976 24.575295403599739 19.660030007362366 18.250950381159782 42.009576827287674 35.295837819576263 38.949954897165298
leaf_count=130 144 1044 142 210 186 64 102 65 112 99 98 208 167 185
internal_value=0.000193857 -0.00422882 0.00440636 -0.00313582 -0.00195478 0.00623055 0.00696849 0.00581846 1.6008e-05 -0.0019603 0.00235698 0.00810014 0.00673099 0.00340243
internal_weight=550.808 268.699 282.109 249.605 220.912 219.297 206.275 181.705 51.5691 62.8119 37.911 130.136 116.255 74.2458
internal_count=2956 1584 1372 1440 1230 1033 969 867 242 339 197 625 560 352
is_linear=0
shrinkage=0.02


Tree=49
num_leaves=15
num_cat=0
split_feature=17 17 14 14 16 8 11 12 8 9 10 16 14 18
split_gain=28.3016 9.96115 9.39836 6.70379 5.94672 5.55072 6.66293 5.54278 5.65961 7.27192 4.61063 4.47135 3.95691 4.29148
threshold=1242.5000000000002 1097.5000000000002 1087.5000000000002 1247.5000000000002 1290.0000000000002 1.7905500000000003 1.7750000000000001 0.83333333333333337 1.1716666666666671 1.5497600000000002 1.1666666666666667 1127.5000000000002 1310.0000000000002 1.0000000180025095e-35
decision_type=2 2 2 2 2 10 10 10 10 10 10 2 2 2
left_child=1 12 -3 4 -2 7 -7 11 -9 10 -10 -4 13 -1
right_child=3 2 5 -5 -6 6 -8 8 9 -11 -12 -13 -14 -15
leaf_value=0.0017819395152290261 -0.0074139044998230456 -0.0073788915508088606 0.01666657550291618 -8.1135402136166328e-06 -0.018810185841235155 0.02105449624799632 0.00044156696565505728 0.0015627725472945892 -0.0023405130309269509 0.0046149057287551629 -0.018850512295782409 0.0021196854401620531 0.014718013826084295 0.0082223222865395931
leaf_weight=82.207983314990997 54.959438227117062 53.319083571434021 12.846808940172194 26.840009927749634 28.503936290740967 11.60185243189335 12.57614281773567 100.71375332772732 11.203110843896868 13.845184996724127 17.396788239479065 22.588883817195892 18.393067300319672 83.804687961935997
leaf_count=397 352 325 63 146 220 62 70 511 58 75 94 116 76 395
internal_value=0.000297774 0.00256942 1.32244e-05 -0.00871562 -0.0114825 0.00198366 0.0107761 0.000739967 -0.00102585 -0.00706274 -0.0126808 0.00770618 0.00610008 0.00506287
internal_weight=550.801 440.497 256.092 110.303 83.4634 202.773 24.178 178.595 143.159 42.4451 28.5999 35.4357 184.406 166.013
internal_count=2960 2242 1374 718 572 1049 132 917 738 227 152 179 868 792
is_linear=0
shrinkage=0.02


Tree=50
num_leaves=15
num_cat=0
split_feature=16 15 14 9 7 3 15 9 16 13 13 8 9 14
split_gain=13.9118 11.6159 10.1586 6.29269 7.06743 5.8779 7.95014 10.8337 5.01483 4.9686 4.80639 5.27712 9.65287 4.6571
threshold=1290.0000000000002 1098.7500000000002 1247.5000000000002 0.75746000000000013 1.3666666666666669 1.6333333333333335 1187.5000000000002 1.7890000000000004 1127.5000000000002 1.7750000000000001 1.3666666666666669 1.4300500000000003 0.79100000000000015 1108.7500000000002
decision_type=2 2 2 8 2 2 2 8 2 10 10 10 10 2
left_child=1 3 -2 9 -5 6 7 13 -6 -1 -8 12 -12 -3
right_child=2 5 -4 4 8 -7 10 -9 -10 -11 11 -13 -14 -15
leaf_value=-0.0034155563766886487 -0.017774410411565938 0.0055362800353208107 0.0065461197435046203 -0.013265213307851843 0.0066548090919935441 0.0073646735661116892 0.010335113031441591 -0.015272158539599083 -0.0095610870114395882 0.0078521750904917611 0.0044952591294936247 0.012609538813998454 -0.014637414248330203 -0.0016922176192701497
leaf_weight=47.248688437044621 27.070109151303768 49.739617958664894 8.5116574615240079 42.583759784698486 16.329272150993351 81.766678363084793 47.234248489141464 18.532248616218567 12.6300663203001 22.172715455293655 34.235986992716789 13.145771473646162 14.063066795468329 118.93890650570393
leaf_count=280 212 252 51 280 94 413 213 108 85 120 150 63 65 591
internal_value=-1.56044e-05 0.00082368 -0.0119367 -0.00405723 -0.00817642 0.00265144 0.00132856 -0.00117078 -0.00050052 0.000243677 0.00560534 0.00186216 -0.00125945 0.000459375
internal_weight=554.203 518.621 35.5818 140.965 71.5431 377.657 295.89 187.211 28.9593 69.4214 108.679 61.4448 48.2991 168.679
internal_count=2977 2714 263 859 459 1855 1442 951 179 400 491 278 215 843
is_linear=0
shrinkage=0.02


Tree=51
num_leaves=15
num_cat=0
split_feature=16 14 16 1 0 14 5 14 16 11 1 9 11 3
split_gain=17.0367 10.1723 8.00321 7.46048 6.93139 6.62811 6.15752 5.92003 4.76446 5.33546 3.93582 3.7871 3.36497 4.87227
threshold=1277.5000000000002 1320.0000000000002 1071.2500000000002 0.69500000000000017 1.7233333333333338 1047.5000000000002 0.45000000000000007 1117.5000000000002 1060.0000000000002 0.77500000000000013 1.0740000000000003 2.1810000000000009 1.6333333333333335 2.1000000000000005
decision_type=2 2 2 10 10 2 2 2 2 10 10 10 10 2
left_child=1 2 4 -3 6 -4 8 -2 9 -1 -5 12 13 -7
right_child=7 3 5 10 -6 11 -8 -9 -10 -11 -12 -13 -14 -15
leaf_value=0.014678413389228229 -0.019266435750182286 0.016699580928954332 -0.010711505015060603 -0.0043928556223189683 -0.0070343260420843304 0.00036059079449296912 -0.0037821674720777449 -0.004520710052081928 0.016219276715570032 0.00058539134817993963 0.010069292671163046 -0.0099667221059477912 0.0038949640704482591 -0.0082729777583463969
leaf_weight=15.940618246793745 18.844232425093651 28.382110074162483 23.846584521234035 15.643773883581163 14.280867248773573 194.9957327246666 15.226380929350851 25.987777911126614 28.86137618124485 29.623470053076744 12.819491028785704 13.531499430537222 83.046106785535812 29.182475939393044
leaf_count=71 152 120 164 72 77 1012 69 177 138 137 60 82 461 165
internal_value=0.000674493 0.00173016 0.00071054 0.00962407 0.00554695 -0.00075996 0.00760654 -0.0110039 0.00995576 0.00572519 0.00224139 1.08792e-05 0.000481246 -0.000795036
internal_weight=550.212 505.38 448.535 56.8454 103.933 344.602 89.6518 44.832 74.4255 45.5641 28.4633 320.756 307.224 224.178
internal_count=2957 2628 2376 252 492 1884 415 329 346 208 132 1720 1638 1177
is_linear=0
shrinkage=0.02


Tree=52
num_leaves=15
num_cat=0
split_feature=15 16 0 11 15 3 16 5 15 6 0 0 10 2
split_gain=14.919 8.74057 8.28912 5.03808 4.75721 5.15939 4.57624 5.15776 5.16958 7.9575 3.69279 3.92087 3.50013 3.48975
threshold=1120.0000000000002 1127.5000000000002 1.8860333333333335 1.7083333333333337 1277.5000000000002 1.6333333333333335 1290.0000000000002 0.22500000000000003 1073.7500000000002 1.5833333333333337 1.3970166666666668 0.9141666666666669 1.1666666666666667 2.1666666666666674
decision_type=2 2 10 8 2 2 2 2 2 2 10 10 10 2
left_child=1 2 -1 4 5 10 7 8 -3 -10 11 -2 -7 -5
right_child=3 6 -4 13 -6 12 -8 -9 9 -11 -12 -13 -14 -15
leaf_value=0.0025989224196455493 0.0007492264256191587 -0.0085750131778212588 -0.010842356591831808 -0.002308186334927746 0.0098128406539651266 0.014491850729999412 -0.017955803992556446 -0.013224553234635285 0.0096941751214315221 -0.010957417221723711 -0.0057105313456295497 0.009520671808000588 0.0019621319236124922 0.0090205345467749051
leaf_weight=94.165923938155174 93.211204290390015 30.493236422538757 21.736823581159115 85.330113455653191 51.96041351556778 21.742751285433769 14.870302788913248 27.147224135696888 21.199017174541954 10.284296117722986 24.500982232391834 25.163655623793602 15.254876941442488 11.452428191900252
leaf_count=497 446 209 138 465 226 105 126 165 126 62 124 126 77 64
internal_value=0.000242758 -0.00377955 6.91262e-06 0.00293762 0.00453211 0.00296083 -0.00795949 -0.00611087 -0.0028344 0.00281851 0.00120977 0.00267796 0.00951319 -0.0008891
internal_weight=548.513 219.897 115.903 328.616 231.834 179.873 103.994 89.1238 61.9765 31.4833 142.876 118.375 36.9976 96.7825
internal_count=2956 1323 635 1633 1104 878 688 562 397 188 696 572 182 529
is_linear=0
shrinkage=0.02


Tree=53
num_leaves=15
num_cat=0
split_feature=17 15 15 0 18 15 17 13 15 10 0 11 17 17
split_gain=23.2645 12.3418 7.86228 8.78145 7.4005 6.40907 4.67513 4.57324 4.58836 4.57967 6.37192 5.78947 4.40354 4.35636
threshold=1152.5000000000002 1210.0000000000002 1098.7500000000002 1.0850000000000002 1.0000000180025095e-35 1066.2500000000002 1037.5000000000002 1.1000000000000003 1142.5000000000002 1.5833333333333337 0.7316666666666668 0.70833333333333337 1073.7500000000002 1320.0000000000002
decision_type=2 2 2 10 2 2 2 8 2 8 8 10 2 2
left_child=2 5 3 4 -1 -2 -4 8 -8 10 -9 -12 -13 -7
right_child=1 -3 6 -5 -6 13 7 9 -10 -11 11 12 -14 -15
leaf_value=-0.0035379409351995982 -0.014847805483662246 0.004539486133953074 0.013834485309595355 -0.0092873169377672843 0.012164745891752638 -0.0036401266668021066 0.00097593310652555488 -0.0058511062171003759 0.014432566468442527 -0.0029716936030516421 -0.0017491425960907783 0.0024869167546576203 0.013477600278030584 -0.012854012172874048
leaf_weight=24.103633761405945 30.815794631838799 49.166311517357826 25.370638117194176 32.48840269446373 22.255063787102699 145.05764406919479 14.999921306967734 17.118467748165131 31.268043145537376 37.567725732922554 21.632656008005142 21.86353974044323 46.209103420376778 23.276315197348595
leaf_count=128 235 237 109 196 113 833 73 77 137 179 101 99 221 180
internal_value=0.000135504 -0.00436547 0.00392772 -0.00146456 0.00409802 -0.00657563 0.00589348 0.00477012 0.0101829 0.00297757 0.00507796 0.00720506 0.0100347 -0.00498256
internal_weight=543.193 248.316 294.877 78.8471 46.3587 199.15 216.03 190.659 46.268 144.391 106.824 89.7053 68.0726 168.334
internal_count=2918 1485 1433 437 241 1248 996 887 210 677 498 421 320 1013
is_linear=0
shrinkage=0.02


Tree=54
num_leaves=15
num_cat=0
split_feature=17 15 15 17 0 13 15 7 10 0 5 0 13 10
split_gain=20.3179 9.44801 9.28852 7.12328 6.6104 5.60348 9.58425 5.4716 4.87274 7.07012 4.74881 5.31996 4.41725 4.94242
threshold=1188.7500000000002 1098.7500000000002 1052.5000000000002 1066.2500000000002 2.995833333333334 1.2916666666666667 1162.5000000000002 1.1000000000000003 0.83333333333333337 1.425 0.45000000000000007 1.5150000000000003 2.1000000000000005 1.1666666666666667
decision_type=2 2 2 2 8 10 2 2 10 8 2 10 10 10
left_child=2 -2 4 10 -1 6 7 -5 9 -7 11 -4 13 -10
right_child=1 -3 3 5 -6 8 -8 -9 12 -11 -12 -13 -14 -15
leaf_value=-0.018327136270604952 -0.012648911928281322 -0.0025936716152775937 0.013900060427319411 -0.0060649154774277741 0.0011875393189306445 -0.014423709721411517 0.013418350873773584 0.0059529089362354796 0.011565417877226624 0.0012031446300297391 -0.0019265367852322915 0.00020514637982605894 -0.0044878353157138265 0.0010260865750084838
leaf_weight=12.689500749111177 50.779224149882793 137.12303204089403 52.004126965999603 26.119814291596413 13.858101978898047 19.905552387237549 38.136531010270119 33.360161066055298 24.777629494667053 25.64917628467083 13.432268425822256 14.474970996379851 30.803793728351593 58.226258084177971
leaf_count=87 379 785 230 139 80 99 169 172 124 128 59 70 155 295
internal_value=-4.05582e-05 -0.0053636 0.00271869 0.00362259 -0.00846697 0.0019843 0.00573141 0.000662426 -0.000332389 -0.0057883 0.00880137 0.0109654 0.00188289 0.00427243
internal_weight=551.34 187.902 363.438 336.89 26.5476 256.979 97.6165 59.48 159.362 45.5547 79.9114 66.4791 113.808 83.0039
internal_count=2971 1164 1807 1640 167 1281 480 311 801 227 359 300 574 419
is_linear=0
shrinkage=0.02


Tree=55
num_leaves=15
num_cat=0
split_feature=17 15 0 15 10 18 15 18 0 17 0 12 12 5
split_gain=25.1645 7.33371 7.48032 5.83498 6.27819 5.61331 5.89099 5.50801 5.67507 4.44696 3.96161 3.96903 3.60997 5.73802
threshold=1197.5000000000002 1060.0000000000002 2.995833333333334 1132.5000000000002 1.8333333333333337 1.0000000180025095e-35 1290.0000000000002 1.0000000180025095e-35 1.281666666666667 1087.5000000000002 1.3666666666666669 1.1666666666666667 1.5833333333333337 0.29166666666666669
decision_type=2 2 8 2 8 2 2 2 10 2 10 8 10 2
left_child=1 2 -1 4 7 6 -3 -2 -9 10 11 -7 13 -5
right_child=3 5 -4 12 -6 9 -8 8 -10 -11 -12 -13 -14 -15
leaf_value=-0.017576207226996699 -0.011022189348737679 0.00055662255698172409 0.0019327638476475167 -0.011700691031964191 -0.015010247891635516 0.021268902716753385 0.011900414603364655 -0.0055572939571083037 0.014791048452316009 0.0043153041176175778 0.0024918239299500113 0.0092492368590807502 0.0052055522451596023 0.0012805327874512696
leaf_weight=11.588714770972727 20.087428383529186 157.45591686666012 20.479275964200497 23.454617872834206 40.756460025906563 17.295747697353363 19.739448264241219 11.701105631887915 8.7301692143082601 110.34194493293762 18.004754647612572 35.837948143482208 20.416419222950935 30.348494604229927
leaf_count=82 139 793 118 139 297 76 84 78 59 554 89 158 110 166
internal_value=0.000900096 0.00360681 -0.00543569 -0.00588121 -0.00955171 0.00442813 0.00188 -0.00383186 0.0034219 0.00689216 0.0107739 0.0134824 -0.00178822 -0.00448867
internal_weight=546.238 390.744 32.068 155.495 81.2752 358.676 177.195 40.5187 20.4313 181.48 71.1385 53.1337 74.2195 53.8031
internal_count=2942 1954 200 988 573 1754 877 276 137 877 323 234 415 305
is_linear=0
shrinkage=0.02


Tree=56
num_leaves=15
num_cat=0
split_feature=15 11 15 15 14 10 1 1 18 13 18 9 10 13
split_gain=14.4232 6.11757 5.55758 5.29029 7.62489 5.18533 4.86693 4.316 4.25882 4.20761 5.50274 11.2628 5.55523 5.17463
threshold=1120.0000000000002 2.1000000000000005 1052.5000000000002 1290.0000000000002 1357.5000000000002 1.5833333333333337 1.4470000000000003 1.0098300000000002 1.0000000180025095e-35 0.90000000000000013 1.0000000180025095e-35 1.5330000000000004 1.1666666666666667 0.70833333333333337
decision_type=2 8 2 2 2 8 8 8 2 10 2 10 10 10
left_child=2 3 -1 9 -5 6 8 -3 -4 13 12 -12 -11 -2
right_child=1 7 5 4 -6 -7 -8 -9 -10 10 11 -13 -14 -15
leaf_value=-0.011188931554642564 0.0018197441495584571 0.0062666674192004591 -0.0013175638299214756 0.014103292232445471 -0.0024325513015533043 -0.0072583156728511398 -0.0031673912196330096 -0.0074533890546680109 0.012359952454667523 0.0019010790694307146 0.0012981104779610881 0.021433051985168018 -0.0076319200246361477 0.01613176458979515
leaf_weight=39.910187683999538 25.457355968654156 11.110486313700674 17.288867734372616 35.030034855008125 15.775606378912924 68.108358457684517 73.497363656759262 38.493112675845623 17.838458761572838 50.306997925043106 79.594700396060944 11.945524036884306 46.000869125127792 16.08510522544384
leaf_count=284 135 59 94 151 70 438 404 224 94 241 377 64 235 79
internal_value=-0.000535262 0.00209656 -0.00453296 0.00324331 0.00902092 -0.0029754 -0.000248271 -0.00431719 0.00577806 0.00193008 0.000640275 0.00412883 -0.00268394 0.00761024
internal_weight=546.443 329.8 216.643 280.196 50.8056 176.733 108.625 49.6036 35.1273 229.391 187.848 91.5402 96.3079 41.5425
internal_count=2949 1635 1314 1352 221 1030 592 283 188 1131 917 441 476 214
is_linear=0
shrinkage=0.02


Tree=57
num_leaves=15
num_cat=0
split_feature=17 15 15 12 1 17 12 1 15 17 16 3 9 6
split_gain=25.2167 11.2681 7.97537 8.16765 6.77845 6.76782 6.42306 6.24737 5.63456 5.22085 5.27435 6.10099 5.36433 6.15331
threshold=1152.5000000000002 1210.0000000000002 1137.5000000000002 1.4166666666666667 1.6020000000000003 1073.7500000000002 1.8333333333333337 0.67825333333333349 1068.7500000000002 1320.0000000000002 1187.5000000000002 1.1000000000000003 1.5330000000000004 1.5833333333333337
decision_type=2 2 2 8 10 2 10 10 2 2 2 2 10 2
left_child=2 8 4 5 -1 -4 -5 -3 -2 10 11 -10 -13 -14
right_child=1 7 3 6 -6 -7 -8 -9 9 -11 -12 12 13 -15
leaf_value=0.0037445139571632515 -0.013625708560105905 0.010969624898179018 0.021811241351632475 -0.0056649580891403985 -0.0059530908391483761 0.0081209933802927729 0.0073260280913765921 -0.0032274852703949803 -0.012845614085253663 -0.013338929041897839 0.0031264608134171207 -0.0065244670765541128 -0.0038364676707596706 0.014337065725219453
leaf_weight=127.32604418694973 33.113062173128128 26.08860282599926 22.848296701908112 21.31506584584713 36.229202970862389 42.143283978104591 47.533143773674965 22.200275883078575 30.52035827934742 22.691328540444374 38.367761895060539 44.944749310612679 15.804840639233591 12.577173590660093
leaf_count=635 257 119 97 97 213 188 213 112 169 179 233 252 94 73
internal_value=0.000639989 -0.00408379 0.00455289 0.00815537 0.00157327 0.0131915 0.00328056 0.0045096 -0.0061915 -0.00462558 -0.00315188 -0.00547919 -0.00228154 0.00443079
internal_weight=543.703 246.308 297.395 133.84 163.555 64.9916 68.8482 48.2889 198.019 164.906 142.215 103.847 73.3268 28.382
internal_count=2931 1488 1443 595 848 285 310 231 1257 1000 821 588 419 167
is_linear=0
shrinkage=0.02


Tree=58
num_leaves=15
num_cat=0
split_feature=17 15 14 17 17 7 0 0 12 1 9 11 13 13
split_gain=21.9577 11.7334 7.6504 5.71933 4.57399 4.44787 4.61828 6.00847 3.96055 3.92808 4.08304 4.42319 3.92399 5.59734
threshold=1127.5000000000002 1066.2500000000002 1191.2500000000002 1320.0000000000002 1052.5000000000002 0.55000000000000016 0.88666666666666705 1.051666666666667 1.1666666666666667 1.1390000000000005 1.2790000000000001 0.90000000000000013 1.9000000000000001 1.5500000000000003
decision_type=2 2 2 2 2 2 8 8 10 8 8 10 10 10
left_child=2 -2 4 5 -1 -3 -7 -8 -4 -6 11 -11 13 -10
right_child=1 3 8 -5 9 6 7 -9 12 10 -12 -13 -14 -15
leaf_value=0.0074500175235410384 -0.014977238464042662 -0.013342359330918438 0.013200021478753529 -0.010509854508014739 0.0067319380976874864 -0.0068942356686491268 0.013385126194277112 -0.00029768509575274775 0.0084449603638215506 0.0058472110704004049 -0.0092560327481260862 -0.0034872304587529246 0.010182598589188565 -0.0054636695863661544
leaf_weight=34.687957257032394 33.925514779984951 10.58294567465782 36.245629698038101 30.186310887336731 23.015020743012428 36.409688681364059 13.092223227024077 143.72748141735792 21.087511032819748 30.8299570530653 24.267758250236511 55.085578814148903 33.717732116580009 23.345188707113266
leaf_count=161 266 61 158 225 111 192 71 795 93 159 140 287 151 106
internal_value=-6.33011e-05 -0.00415643 0.00382259 -0.00253055 0.00109066 -0.0013032 -0.000578534 0.00092221 0.00778773 -0.00060864 -0.00218869 -0.00010892 0.0051425 0.00117788
internal_weight=550.206 267.924 282.282 233.999 167.886 203.812 193.229 156.82 114.396 133.198 110.183 85.9155 78.1504 44.4327
internal_count=2976 1610 1366 1344 858 1119 1058 866 508 697 586 446 350 199
is_linear=0
shrinkage=0.02


Tree=59
num_leaves=15
num_cat=0
split_feature=17 15 17 15 13 13 13 17 10 0 7 0 13 1
split_gain=17.5671 9.79023 9.27293 6.3162 6.06491 5.07029 5.63953 8.39915 6.74842 5.5589 5.14355 5.73368 4.8802 5.70674
threshold=1242.5000000000002 1120.0000000000002 1097.5000000000002 1255.0000000000002 0.90000000000000013 1.2916666666666667 1.9000000000000001 1066.2500000000002 0.83333333333333337 0.99473333333333336 1.2250000000000003 0.77500000000000024 1.6333333333333335 1.6488200000000004
decision_type=2 2 2 2 10 8 10 2 10 10 2 10 10 10
left_child=1 2 -1 -2 -4 10 8 -8 -7 -9 -3 -12 -6 -14
right_child=3 5 4 -5 12 6 7 9 -10 -11 11 -13 13 -15
leaf_value=0.0031283739562755503 -0.0097654417173225119 0.0010139830101322674 0.0048302150307497592 0.0028411445417901187 -0.012355576342117581 -0.0096797653554843831 0.015780315480190429 0.006427453671519332 0.0019252808485961863 -0.0074336971596338716 0.014547584463663428 0.0022685316062502369 0.002584126382412108 -0.014072045681723053
leaf_weight=73.519054979085922 89.174519419670105 35.280619353055954 16.223480686545372 18.827619627118111 48.720585592091084 27.82427079975605 22.026863664388657 28.3858452886343 65.001549482345581 18.105764463543892 44.808946132659912 23.404759183526039 25.64556772261858 10.955392643809317
leaf_count=375 631 170 97 95 304 128 94 134 313 92 201 113 146 76
internal_value=-0.000373127 0.00140496 -0.00225708 -0.00756188 -0.00614866 0.00382503 0.00159094 0.00590089 -0.00161939 0.000986484 0.00725935 0.0104282 -0.00826801 -0.00264305
internal_weight=547.905 439.903 175.064 108.002 101.545 264.839 161.344 68.5185 92.8258 46.4916 103.494 68.2137 85.3215 36.601
internal_count=2969 2243 998 726 623 1245 761 320 441 226 484 314 526 222
is_linear=0
shrinkage=0.02


Tree=60
num_leaves=15
num_cat=0
split_feature=15 16 18 7 10 12 7 16 16 2 1 9 2 13
split_gain=20.92 8.69694 5.65078 7.10985 5.43351 5.61771 5.2384 4.44073 3.93336 5.0039 3.76651 3.67493 7.54315 4.67875
threshold=1098.7500000000002 1290.0000000000002 1.0000000180025095e-35 2.7750000000000004 1.1666666666666667 1.1666666666666667 2.4500000000000006 1047.5000000000002 1142.5000000000002 1.1666666666666667 1.8049999999999999 1.3290000000000004 1.5833333333333337 1.2250000000000003
decision_type=2 2 2 2 8 10 2 2 2 2 10 10 2 10
left_child=4 2 3 7 5 -1 10 -2 9 -6 -4 13 -13 -9
right_child=1 -3 6 -5 8 -7 -8 11 -10 -11 -12 12 -14 -15
leaf_value=0.0067206296791315432 0.0080939705431293026 -0.0082773965181727766 0.0080990022422197383 0.013440992231241105 0.0065041168614776591 -0.005603475374919671 -0.003077193773513454 0.0055489536272365124 -0.014237733956096245 -0.0089900835854338848 -0.0028244806416172479 -0.012343341657811537 0.0048562669365208675 -0.0030047401702902737
leaf_weight=20.513930909335613 21.455847501754761 25.64921996742487 152.11828464269638 15.844354987144468 10.288994826376436 46.58561397343874 21.908722579479218 43.204529613256454 37.102168023586273 32.565890699625015 13.277106195688246 27.749760568141937 15.124986566603182 59.734781295061111
leaf_count=124 94 188 736 72 60 268 102 212 288 209 70 150 83 294
internal_value=0.000386337 0.00277811 0.00356386 0.00105585 -0.00603068 -0.00179234 0.00599714 -0.000190214 -0.00952139 -0.00520661 0.00721042 -0.00145602 -0.00630342 0.000604166
internal_weight=543.124 396.068 370.418 183.114 147.057 67.0995 187.304 167.27 79.9571 42.8549 165.395 145.814 42.8747 102.939
internal_count=2950 2001 1813 905 949 392 908 833 557 269 806 739 233 506
is_linear=0
shrinkage=0.02


Tree=61
num_leaves=15
num_cat=0
split_feature=15 11 14 15 0 13 4 14 1 9 7 3 14 0
split_gain=10.6955 4.1076 6.03864 7.82604 4.36229 7.00771 4.90136 4.62453 4.70175 4.18723 4.93881 4.26696 3.87351 4.11592
threshold=1052.5000000000002 1.1000000000000003 1191.2500000000002 1137.5000000000002 1.2950000000000006 1.6333333333333335 1.0000000180025095e-35 1073.7500000000002 1.4165600000000003 0.74179000000000017 1.5500000000000003 0.90000000000000013 1106.2500000000002 1.8078166666666668
decision_type=2 8 2 2 10 10 2 2 10 10 2 2 2 10
left_child=-1 9 4 -4 5 -3 -7 -6 -9 10 -2 -11 -13 -14
right_child=1 2 3 -5 7 6 -8 8 -10 11 -12 12 13 -15
leaf_value=-0.0098797227549351236 0.0016971312061940683 -0.0085951575216829321 -0.0098830696995880016 0.0039094418838761021 0.011899553578135226 -0.0073710506712631012 0.0087957258391873627 0.0094240994217049644 -0.0054119699895622967 -0.0098922989567080139 0.0098267892168502607 0.0093847498355213218 -0.0055795575107877964 0.0077128439998165712
leaf_weight=41.72171938419342 73.840593889355659 84.019343137741089 17.952332727611065 125.28643081337214 11.465654484927652 11.287316501140596 18.425369761884212 10.301930770277975 34.277402155101299 15.659576192498205 49.827407345175743 16.809003420174122 30.55619765818119 12.25389903783798
leaf_count=302 355 504 107 619 71 60 96 59 216 74 223 92 151 64
internal_value=-0.000265455 0.00053578 -0.00089211 0.00212427 -0.00343453 -0.00566943 0.00261422 0.00112062 -0.00185193 0.0027756 0.00502522 -0.000937521 0.00153893 -0.00168556
internal_weight=553.684 511.962 313.016 143.239 169.777 113.732 29.7127 56.045 44.5793 198.947 123.668 75.2787 59.6191 42.8101
internal_count=2993 2691 1732 726 1006 660 156 346 275 959 578 381 307 215
is_linear=0
shrinkage=0.02


Tree=62
num_leaves=15
num_cat=0
split_feature=17 15 0 9 16 14 16 9 7 1 11 0 7 7
split_gain=14.3275 10.207 8.03273 6.57232 4.74543 5.98347 4.5605 4.99072 7.25051 4.6702 6.1948 4.36535 6.06989 4.46839
threshold=1082.5000000000002 1098.7500000000002 1.8933333333333335 1.1950000000000003 1290.0000000000002 1247.5000000000002 1277.5000000000002 1.4790000000000003 1.3666666666666669 1.3530000000000002 0.90000000000000013 1.9048833333333337 1.3666666666666669 1.1000000000000003
decision_type=2 2 10 8 2 2 2 10 2 10 8 8 2 2
left_child=2 6 3 -1 11 -6 7 9 -9 10 -2 -3 13 -13
right_child=1 4 -4 -5 5 -7 -8 8 -10 -11 -12 12 -14 -15
leaf_value=0.0083905453297766202 0.0081077122307200485 -0.0020312450697319998 -0.0082219582635095542 -0.0050385923922999587 -0.014682793483274417 0.0052773992953899437 -0.019270531820736528 -0.0069133001113950796 0.014812120705995302 -0.016527286395408656 -0.0088328299693335686 0.0039346715545190945 -0.00044646357043059867 0.016174921702926094
leaf_weight=114.50207507610321 10.276018425822256 134.76854134351015 15.312423944473265 16.009088292717934 17.522290855646137 8.2635597586631757 11.064728401601313 14.340974755585195 9.2699469625949842 20.402232564985752 37.531672842800617 35.675047680735588 79.908769905567169 17.669564202427864
leaf_count=516 59 696 83 78 140 50 103 104 63 146 241 185 389 88
internal_value=-0.000236349 -0.00220714 0.00510343 0.00671748 -0.000300842 -0.00832796 -0.00759559 -0.00599627 0.00187165 -0.00870745 -0.00510004 0.000499517 0.00305512 0.00821209
internal_weight=542.517 396.693 145.824 130.511 293.808 25.7859 102.886 91.8208 23.6109 68.2099 47.8077 268.022 133.253 53.3446
internal_count=2941 2264 677 594 1548 190 716 613 167 446 300 1358 662 273
is_linear=0
shrinkage=0.02


Tree=63
num_leaves=15
num_cat=0
split_feature=17 15 3 0 15 16 8 13 17 1 1 7 7 1
split_gain=15.0234 9.62074 9.93675 11.1797 8.08763 6.40044 7.51189 6.00312 7.06345 6.94845 4.67204 6.75027 6.1841 4.32147
threshold=1217.5000000000002 1120.0000000000002 1.6333333333333335 1.5414000000000005 1202.5000000000002 1071.2500000000002 1.7905500000000003 1.2916666666666667 1052.5000000000002 0.89100000000000013 1.6436666666666666 0.90000000000000013 1.3666666666666669 2.8520000000000003
decision_type=2 2 2 10 2 2 10 8 2 10 8 2 2 8
left_child=1 5 3 7 -2 -1 10 9 -9 -3 11 -7 13 -12
right_child=4 2 -4 -5 -6 6 -8 8 -10 -11 12 -13 -14 -15
leaf_value=0.0045870742840668092 -0.0089422630692984929 0.0045847055989534664 0.012414669666606974 -0.011415673078057631 0.0043912405655074458 -0.012494922535701693 0.009232173225330511 0.010709641954212848 -0.0017730713278107128 0.018964210517128797 -0.013765151862408688 0.0043994582381089104 -0.017435877527206382 -0.0010919144791729667
leaf_weight=41.556757554411888 97.821133151650429 59.943010479211807 44.590897232294083 20.999336183071136 21.659741222858429 12.569081053137777 13.640227153897284 21.588048532605171 91.005206882953644 16.742804616689682 14.503883421421049 30.260186932981014 23.008013226091862 35.838632479310036
leaf_count=206 687 273 211 105 110 72 85 91 429 78 102 168 135 207
internal_value=-0.000271694 0.00148776 0.00394546 0.00209924 -0.00650875 -0.00216899 -0.00435021 0.00365075 0.000693511 0.00792788 -0.00601004 -0.000730487 -0.00904148 -0.00494012
internal_weight=545.727 426.246 254.869 210.278 119.481 171.377 129.82 189.279 112.593 76.6858 116.18 42.8293 73.3505 50.3425
internal_count=2959 2162 1187 976 797 975 769 871 520 351 684 240 444 309
is_linear=0
shrinkage=0.02


Tree=64
num_leaves=15
num_cat=0
split_feature=15 17 14 17 18 1 3 7 1 13 15 3 1 14
split_gain=14.8643 9.52376 7.90879 7.21002 6.56693 6.54894 6.09546 4.40933 5.44245 5.72453 4.3411 4.16356 4.25453 4.04251
threshold=1078.7500000000002 1087.5000000000002 1320.0000000000002 1071.2500000000002 1.0000000180025095e-35 1.7510000000000001 1.1000000000000003 2.2250000000000005 1.5910000000000004 1.9000000000000001 1142.5000000000002 1.2250000000000003 0.66124000000000016 1112.5000000000002
decision_type=2 2 2 2 2 10 2 2 10 10 2 2 10 2
left_child=3 2 4 -1 -2 7 -6 8 9 -3 -8 12 -9 -7
right_child=1 5 -4 -5 6 13 10 11 -10 -11 -12 -13 -14 -15
leaf_value=0.0033121996095293814 -0.00079616134394650288 -0.0028786763830351172 0.019389984081793508 -0.0099302549083521326 -0.0013193970440078997 0.0014105957209366732 0.0072039133911791552 0.0075805332034297596 0.011120445762973196 0.0047824244563955797 0.021259332884345117 0.015412776446958499 -0.0060086552857479226 -0.01340159020149808
leaf_weight=20.260576918721199 54.211808815598488 186.5875348597765 14.720680266618727 77.671707898378372 15.99346776306629 10.528735913336275 22.690942525863647 22.872341722249985 14.038516879081724 48.303240478038788 15.305440053343771 12.587349452078341 14.089400723576544 22.263940438628197
leaf_count=101 251 1017 60 554 70 68 107 104 80 246 66 65 74 135
internal_value=-0.000158788 0.00136861 0.00609862 -0.00718482 0.00412935 -0.000399596 0.00899965 0.000543402 -0.000548074 -0.00128964 0.0132656 0.00592922 0.00237866 -0.00874484
internal_weight=552.126 454.193 122.922 97.9323 108.202 331.271 53.9899 298.478 248.929 234.891 37.9964 49.5491 36.9617 32.7927
internal_count=2998 2343 554 655 494 1789 243 1586 1343 1263 173 243 178 203
is_linear=0
shrinkage=0.02


Tree=65
num_leaves=15
num_cat=0
split_feature=15 3 1 15 11 15 8 13 12 9 15 12 5 11
split_gain=8.78296 4.20219 5.08722 4.0456 4.49387 4.69988 3.82412 8.23378 5.95304 5.65111 4.39769 4.16936 4.91189 4.82133
threshold=1120.0000000000002 1.6333333333333335 1.3850000000000002 1187.5000000000002 1.4500000000000002 1157.5000000000002 1.1816666666666669 1.7750000000000001 2.1666666666666674 1.3410000000000004 1086.2500000000002 1.1666666666666667 0.29166666666666669 1.3666666666666669
decision_type=2 2 10 2 10 2 8 10 10 10 2 10 2 10
left_child=6 2 3 4 -2 -6 7 11 -9 -8 -10 12 -1 -13
right_child=1 -3 -4 -5 5 -7 9 8 10 -11 -12 13 -14 -15
leaf_value=0.0034126548121762722 0.0027287718798432092 0.0069841703569239926 -0.0054749668483986625 0.0051439019997576441 -0.0093942422008697467 0.0032621270016318172 -0.016441451372598854 0.011353647190489825 -0.010389345300605399 -0.0034627125390311003 0.0051002365202533059 -0.015050217381391329 -0.010497162139126125 -0.0005445051198464826
leaf_weight=32.098485141992569 82.473766133189201 58.322680957615376 39.204138420522213 104.28737543523312 31.384880088269711 17.762874707579613 17.236327655613422 27.128136977553368 11.902839668095114 53.903105549514294 16.037870675325394 24.168971583247185 13.657085619866846 14.536049783229826
leaf_count=206 396 296 207 470 184 98 107 147 69 377 81 138 86 93
internal_value=0.000136932 0.00215452 0.00110907 0.00222172 -0.000114941 -0.00484617 -0.00305149 -0.0011098 0.00485478 -0.00679164 -0.00162936 -0.00501005 -0.00087485 -0.00975337
internal_weight=544.105 333.436 275.113 235.909 131.622 49.1478 210.669 139.529 55.0688 71.1394 27.9407 84.4606 45.7556 38.705
internal_count=2955 1651 1355 1148 678 282 1304 820 297 484 150 523 292 231
is_linear=0
shrinkage=0.02


Tree=66
num_leaves=15
num_cat=0
split_feature=17 15 14 17 2 0 3 3 10 0 15 17 10 0
split_gain=15.7552 7.00113 5.57146 5.26412 3.89539 6.69624 6.57081 5.4381 4.32035 3.93361 5.9672 4.50961 3.7856 3.83105
threshold=1117.5000000000002 1066.2500000000002 1292.5000000000002 1320.0000000000002 1.8333333333333337 1.571666666666667 2.1000000000000005 1.7750000000000001 2.5833333333333335 0.89500000000000002 1197.5000000000002 1188.7500000000002 0.83333333333333337 1.0715166666666669
decision_type=2 2 2 2 2 10 2 2 10 8 2 2 10 10
left_child=2 -2 -1 4 5 8 7 -6 9 11 12 -3 -11 -14
right_child=1 3 -4 -5 6 -7 -8 -9 -10 10 -12 -13 13 -15
leaf_value=0.0020768575940937196 -0.011959992916745647 -0.00077413622399010666 0.010615633257632597 -0.010292612318725577 -0.0013781351052963434 -0.013892336801128096 -0.0060857067162951506 0.015087718323242747 0.0073166107055668396 -0.011951219938351791 0.007249913935934044 -0.015842426681636903 0.0025690567906942398 -0.0077741223596586376
leaf_weight=229.063058398664 33.827284097671509 15.201216489076616 34.438665673136711 28.606175780296326 12.808993637561796 18.148376271128654 17.579762637615204 19.795873373746872 19.151620395481586 15.830774314701555 26.793308958411217 15.893581956624983 38.606654286384583 21.472013354301453
leaf_count=1121 274 75 143 222 71 108 105 111 108 87 124 87 217 125
internal_value=-0.000286265 -0.00355073 0.00322876 -0.00236923 -0.00130325 -0.00273885 0.00354912 0.0087705 -0.00133377 -0.00261707 -0.000700055 -0.00872968 -0.00356389 -0.00119434
internal_weight=547.217 283.716 263.502 249.888 221.282 171.098 50.1846 32.6049 152.949 133.798 102.703 31.0948 75.9094 60.0787
internal_count=2978 1714 1264 1440 1218 931 287 182 823 715 553 162 429 342
is_linear=0
shrinkage=0.02


Tree=67
num_leaves=15
num_cat=0
split_feature=16 15 13 1 16 1 10 16 2 1 1 6 7 15
split_gain=9.89454 6.82109 4.34074 6.71114 5.72905 4.18909 3.91934 3.83486 4.16964 4.68047 4.19809 4.07811 3.88662 4.43094
threshold=1290.0000000000002 1098.7500000000002 0.90000000000000013 1.0000000180025095e-35 1078.7500000000002 1.901 1.1666666666666667 1066.2500000000002 1.8333333333333337 1.6760000000000002 1.5190100000000004 1.1666666666666667 1.3666666666666669 1187.5000000000002
decision_type=2 2 8 8 2 8 8 2 2 10 8 2 2 2
left_child=1 2 5 -4 -5 -1 -6 -3 9 10 11 -9 -12 -14
right_child=-2 7 3 4 6 -7 -8 8 -10 -11 12 -13 13 -15
leaf_value=-0.0041719788025080017 -0.0098014836265733814 0.006544801491543413 0.0099943252852221064 0.001960211130556647 -0.003257256428062866 0.013003767487245906 -0.012641360782487059 -0.0081783724576311133 0.0062930464230652053 -0.0096457460582389694 0.008099584493597935 0.00060985780678650219 -0.0035216058075708827 0.0065651358089515869
leaf_weight=9.5366823673248309 33.494189284741879 78.188078477978706 11.07763712108135 27.281565725803375 31.952575422823429 11.790988467633722 41.955249786376953 27.257848605513573 59.52871261537075 16.172481253743172 48.151915311813354 83.15435466170311 40.357759833335876 29.113440081477165
leaf_count=59 267 343 60 146 205 80 297 142 305 91 239 410 204 125
internal_value=0.000570889 0.00126247 -0.002614 -0.00418659 -0.00582164 0.00548074 -0.00868197 0.00262172 0.00159367 0.000427151 0.00118053 -0.00161366 0.0037949 0.000738644
internal_weight=549.013 515.519 133.595 112.267 101.189 21.3277 73.9078 381.925 303.737 244.208 228.035 110.412 117.623 69.4712
internal_count=2973 2706 847 708 648 139 502 1859 1516 1211 1120 552 568 329
is_linear=0
shrinkage=0.02


Tree=68
num_leaves=15
num_cat=0
split_feature=17 5 18 12 16 12 17 8 0 17 9 2 10 8
split_gain=11.6468 9.76046 5.06394 5.65141 5.03973 5.17578 5.25473 4.32237 4.1033 4.00011 4.9266 5.79773 5.68848 3.84456
threshold=1117.5000000000002 0.36666666666666675 1.0000000180025095e-35 0.83333333333333337 1177.5000000000002 0.58333333333333337 1261.2500000000002 1.2941666666666669 1.0383333333333338 1327.5000000000002 1.4790000000000003 1.5833333333333337 2.1666666666666674 2.0350000000000006
decision_type=2 2 2 8 2 10 2 8 8 2 10 2 10 10
left_child=2 9 3 -1 8 -6 -7 -4 -3 10 12 -12 -2 -13
right_child=1 4 7 -5 5 6 -8 -9 -10 -11 11 13 -14 -15
leaf_value=0.01005879501226924 -0.0095077122444562345 0.0055575039993086594 0.0074462782552257916 -0.0012633529909513821 -0.0049599436646615841 0.0206005081116899 0.0040996151370485323 -0.0026070968694887177 -0.004634523726029547 -0.014502637282807903 -0.0071259917743544685 0.01147117105810112 0.0027978898586170763 -0.0033849364474665389
leaf_weight=19.81721056997776 78.211463548243046 22.423178941011429 113.9985103905201 114.40919014066458 9.8040400743484479 12.856816768646242 18.890977218747139 19.579555414617062 47.714784137904644 17.591229535639286 21.749997653067112 18.649024419486526 18.061973161995411 10.216610617935656
leaf_count=93 462 113 528 560 62 68 126 100 259 153 131 119 112 66
internal_value=0.00025685 -0.00262032 0.00322261 0.000470274 0.00193292 0.0073655 0.0112069 0.00596426 -0.0013438 -0.00570518 -0.00456067 0.000490423 -0.00719401 0.00627577
internal_weight=543.975 276.17 267.804 134.226 111.69 41.5518 31.7478 133.578 70.138 164.48 146.889 50.6156 96.2734 28.8656
internal_count=2952 1671 1281 653 628 256 194 628 372 1043 890 316 574 185
is_linear=0
shrinkage=0.02


Tree=69
num_leaves=15
num_cat=0
split_feature=17 1 11 12 15 7 15 0 1 17 11 12 11 18
split_gain=14.6758 9.53921 8.5565 8.94613 9.52747 6.75901 4.90546 4.81024 3.85163 3.795 3.60497 5.76106 4.71049 3.49462
threshold=1082.5000000000002 1.7510000000000001 1.3666666666666669 1.1666666666666667 1098.7500000000002 0.90000000000000013 1071.2500000000002 1.6416666666666668 1.0250000000000004 1292.5000000000002 1.5500000000000003 1.5833333333333337 0.90000000000000013 1.0000000180025095e-35
decision_type=2 10 10 8 2 2 2 10 10 2 10 10 8 2
left_child=2 5 3 13 -5 10 -7 9 -4 -8 12 -12 -2 -1
right_child=1 -3 8 4 -6 6 7 -9 -10 -11 11 -13 -14 -15
leaf_value=0.0037688759877001722 -0.0011699303613307826 -0.010748630857732097 0.020557979554703964 -0.010801403105050436 0.003398171446659496 -0.0090222155738044641 0.00080936774523571024 0.010075183152833412 0.0056675723362736167 -0.0072667930174440979 -0.0079867220080936489 0.0097448309051199698 -0.015879280221936881 0.017656435822330917
leaf_weight=13.701925173401834 13.31057173758745 48.480429194867611 16.287774428725246 26.03599351644516 61.859185412526131 21.328123435378075 221.55447808653116 19.37779051810503 13.334146589040754 24.991557560861111 19.439182691276077 10.448112159967421 25.146266624331474 16.19721294939518
leaf_count=63 74 344 71 137 271 152 1116 110 67 183 134 64 149 72
internal_value=-0.000548548 -0.00251889 0.00483284 0.00236233 -0.000882167 -0.00136988 -1.69505e-05 0.000736402 0.0142591 -3.53342e-05 -0.00697404 -0.00167325 -0.0109468 0.0116201
internal_weight=551.493 404.077 147.416 117.794 87.8952 355.596 287.252 265.924 29.6219 246.546 68.3441 29.8873 38.4568 29.8991
internal_count=3007 2326 681 543 408 1982 1561 1409 138 1299 421 198 223 135
is_linear=0
shrinkage=0.02


Tree=70
num_leaves=15
num_cat=0
split_feature=15 8 7 1 3 9 14 0 0 7 6 15 8 14
split_gain=10.7389 6.10524 4.75418 7.56169 8.91602 5.88695 4.75737 4.36816 4.63462 5.51247 4.42886 4.22128 3.84332 5.10481
threshold=1052.5000000000002 2.3550000000000009 1.5500000000000003 1.5350000000000004 1.9000000000000001 1.5080000000000002 1357.5000000000002 0.88075000000000003 1.0950000000000004 1.2250000000000003 1.4166666666666667 1146.2500000000002 1.0583333333333338 1191.2500000000002
decision_type=2 8 2 10 2 10 2 8 8 2 2 2 10 2
left_child=-1 2 7 5 -5 6 12 11 -9 -10 -11 -2 13 -4
right_child=1 -3 3 4 -6 -7 -8 8 9 10 -12 -13 -14 -15
leaf_value=-0.010392177981247941 -0.0018407516099403813 -0.010614586923287274 -0.00021375033359737294 -0.013714075278142984 0.0059886622697862806 0.0120414702674461 -0.0086048625864425573 0.010879779230365155 0.00087360396539131358 -0.0023693957438228846 -0.015963008393257403 -0.01585692124877041 -0.0028998567588714081 0.0082439574498671814
leaf_weight=39.277022808790207 21.576396018266678 18.558003388345242 43.870224297046661 20.823882356286049 15.093545034527777 32.421493619680405 12.532475203275679 13.492810867726801 159.65955381095409 27.654679872095585 14.037597879767416 13.631211698055266 27.441649533808231 80.452165588736534
leaf_count=294 119 123 232 117 86 173 54 76 870 149 80 67 138 365
internal_value=-0.000456369 0.000341331 0.00078363 0.00283563 -0.00549647 0.00437704 0.00280088 -0.00112913 -4.59042e-05 -0.000828195 -0.007213 -0.00755542 0.00379291 0.00528156
internal_weight=540.523 501.246 482.688 232.635 35.9174 196.718 164.297 250.052 214.845 201.352 41.6923 35.2076 151.764 124.322
internal_count=2943 2649 2526 1165 203 962 789 1361 1175 1099 229 186 735 597
is_linear=0
shrinkage=0.02


Tree=71
num_leaves=15
num_cat=0
split_feature=17 7 15 0 14 17 3 8 0 7 17 11 17 7
split_gain=13.8877 8.51428 7.74433 7.66453 6.59104 5.89455 6.87722 6.46219 5.51728 5.09352 4.97297 3.85772 5.48118 4.98824
threshold=1225.0000000000002 1.5500000000000003 1112.5000000000002 1.8816666666666668 1242.5000000000002 1068.7500000000002 1.2250000000000003 1.8016666666666667 0.88666666666666705 1.3666666666666669 1047.5000000000002 1.9000000000000001 1157.5000000000002 1.6333333333333335
decision_type=2 2 2 10 2 2 2 10 8 2 2 10 2 2
left_child=1 2 3 10 -2 6 -3 11 -4 -10 -1 12 13 -7
right_child=4 5 8 -5 -6 7 -8 -9 9 -11 -12 -13 -14 -15
leaf_value=0.0091289709614170694 -0.009401514274951752 0.0038202207637075048 -0.0078934591619891584 -0.016083846835373533 0.0010606472543643866 0.011736552917477097 0.021057388957545414 0.014539919266556891 0.0065577453773327443 -0.0038141362719798563 -0.0041112874644337353 0.0093072959806482208 -0.0062882517308281661 0.00021540217787362052
leaf_weight=12.206359818577765 78.523583568632603 20.901145070791245 16.572285637259483 18.639805980026722 34.281811140477657 18.737391479313374 16.451548516750336 16.191958174109459 82.214723840355873 23.794878706336021 81.128514714539051 20.536359928548336 36.106493450701237 63.216234177350998
leaf_count=57 579 88 80 131 188 91 72 85 394 114 476 104 186 289
internal_value=-3.15657e-05 0.00162068 -0.000936307 -0.00471767 -0.00624066 0.0047308 0.0117632 0.00296916 0.00252807 0.00421579 -0.00230131 0.0015229 0.000102018 0.00295926
internal_weight=539.503 426.698 234.557 111.975 112.805 192.141 37.3527 154.788 122.582 106.01 93.3349 138.596 118.06 81.9536
internal_count=2934 2167 1252 664 767 915 160 755 588 508 533 670 566 380
is_linear=0
shrinkage=0.02


Tree=72
num_leaves=15
num_cat=0
split_feature=17 18 15 1 17 15 1 11 12 18 16 1 1 15
split_gain=14.1574 5.65924 5.17698 6.66477 4.87419 7.66278 8.04367 7.22034 8.41179 3.84286 3.72039 3.7141 3.65656 3.616
threshold=1253.7500000000002 1.0000000180025095e-35 1052.5000000000002 2.7690000000000001 1077.5000000000002 1098.7500000000002 1.3790000000000004 1.3666666666666669 1.4166666666666667 1.0000000180025095e-35 1187.5000000000002 1.7100000000000002 1.5290000000000001 1157.5000000000002
decision_type=2 2 2 8 2 2 8 10 8 2 2 10 10 2
left_child=2 13 3 -1 7 6 -6 8 9 -4 11 12 -7 -2
right_child=1 -3 4 -5 5 10 -8 -9 -10 -11 -12 -13 -14 -15
leaf_value=-0.01429608533537592 -0.015981723733230573 -0.0017876732472269397 0.0036628841160041034 0.0035196780632887753 0.0052829991384589804 0.0020368523642688434 -0.010470295242364995 0.015542320511598307 -0.0013962152287581367 0.01620841012372945 0.012033409668436617 -0.0064045884031797362 0.012445151386831162 -0.004099227616238676
leaf_weight=16.343298763036728 27.871752470731735 48.308535419404507 19.232865124940872 15.668834879994391 18.453019678592682 191.64475879073143 38.930230036377907 23.636927515268326 59.362242892384529 20.547904551029205 14.927696615457533 18.29599142074585 13.601096063852308 17.248129762709141
leaf_count=129 222 333 87 98 108 925 247 108 270 90 78 101 69 101
internal_value=0.000431562 -0.00661211 0.00190327 -0.00573342 0.00249951 0.00110113 -0.00540071 0.00583297 0.00338605 0.0103816 0.00268169 0.00200639 0.00278358 -0.0116267
internal_weight=544.073 93.4284 450.645 32.0121 418.633 295.853 57.3832 122.78 99.143 39.7808 238.47 223.542 205.246 45.1199
internal_count=2966 656 2310 227 2083 1528 355 555 447 177 1173 1095 994 323
is_linear=0
shrinkage=0.02


Tree=73
num_leaves=15
num_cat=0
split_feature=14 16 14 18 0 16 16 16 16 14 4 9 2 0
split_gain=10.3117 7.52663 6.511 5.24259 6.96701 3.30347 5.88925 3.25972 3.72968 4.51237 3.52876 5.0905 4.26107 4.08237
threshold=1277.5000000000002 1073.7500000000002 1052.5000000000002 1.0000000180025095e-35 1.5650000000000004 1112.5000000000002 1073.7500000000002 1290.0000000000002 1098.7500000000002 1191.2500000000002 0.41666666666666669 1.9847400000000002 0.83333333333333337 1.5550000000000004
decision_type=2 2 2 2 10 2 2 2 2 2 2 10 2 10
left_child=1 3 -3 -1 -5 6 -2 8 9 -4 11 12 -10 -13
right_child=5 2 7 4 -6 -7 -8 -9 10 -11 -12 13 -14 -15
leaf_value=-0.0012477956367024615 0.0027163219875194241 -0.011841067869159819 -0.010077317046899188 0.011361929278346132 -0.0055918886207086647 0.0025721448664491014 0.018081126579974571 -0.0087042323621801271 0.010640611339003948 0.0022428286573635222 -0.0054934914027322266 -0.017091550711987705 0.00082475137617750297 0.0013171787812969802
leaf_weight=51.900712788105011 20.986285850405693 28.166421428322792 35.491706863045692 42.014555767178535 11.847599633038042 52.234821185469627 18.777866825461388 25.238617286086082 18.949642956256866 17.173048451542854 41.263520315289497 9.7531308457255381 158.20335173606873 8.4894203543663007
leaf_count=250 89 214 191 188 62 246 81 217 99 83 220 63 890 60
internal_value=-0.000102456 -0.0013565 -0.00279468 0.00328651 0.00759879 0.0059598 0.0102376 -0.00194969 -0.00133252 -0.006093 -0.000251971 0.000877266 0.00192856 -0.00890154
internal_weight=540.491 448.492 342.729 105.763 53.8622 91.999 39.7642 314.562 289.324 52.6648 236.659 195.396 177.153 18.2426
internal_count=2953 2537 2037 500 250 416 170 1823 1606 274 1332 1112 989 123
is_linear=0
shrinkage=0.02


Tree=74
num_leaves=15
num_cat=0
split_feature=17 15 17 0 15 13 1 12 11 6 16 14 12 13
split_gain=11.3307 6.60121 6.91675 6.12336 6.34272 6.02085 6.58154 4.55431 4.14937 4.0317 3.95 3.91874 7.62722 3.72685
threshold=1267.5000000000002 1098.7500000000002 1071.2500000000002 1.1200333333333334 1078.7500000000002 0.90000000000000013 1.0250000000000004 1.1666666666666667 0.90000000000000013 1.5833333333333337 1187.5000000000002 1097.5000000000002 1.8333333333333337 1.2916666666666667
decision_type=2 2 2 8 2 8 8 10 10 2 2 2 10 10
left_child=1 2 8 -2 -5 -4 -7 9 -1 -6 11 12 -3 -13
right_child=3 10 5 4 7 6 -8 -9 -10 -11 -12 13 -14 -15
leaf_value=-0.00084202116386414565 -0.016891335877701138 0.0015846314905291828 0.0066105218964798568 -0.016200322296956934 -0.012193087996516369 0.0060487917492648147 -0.0099084281445605445 0.0072657702086204746 0.013663517328753955 0.002573255674501982 0.011693501372598851 0.0044934679542204632 0.017502239165654042 -0.00035598359364287789
leaf_weight=17.565404370427135 17.282089084386826 33.119940280914307 13.684284597635267 11.479458898305891 14.445349119603636 11.574012406170366 64.673627614974976 18.743551917374134 13.159470319747923 13.636719226837156 18.619171187281609 99.922205492854118 18.125463262200356 170.09265467524529
leaf_count=87 118 167 89 108 111 66 447 120 67 95 97 466 88 804
internal_value=0.000359058 0.00154061 -0.00246397 -0.00676602 -0.00353059 -0.00525222 -0.00743925 -0.000150764 0.00560556 -0.0051806 0.00296529 0.00242472 0.00744192 0.00144857
internal_weight=536.123 460.536 120.657 75.5872 58.3051 89.9319 76.2476 46.8256 30.7249 28.0821 339.879 321.26 51.2454 270.015
internal_count=2930 2378 756 552 434 602 513 326 154 206 1622 1525 255 1270
is_linear=0
shrinkage=0.02


Tree=75
num_leaves=15
num_cat=0
split_feature=16 14 3 2 9 5 12 9 14 2 9 10 15 10
split_gain=8.7038 6.67005 4.51502 4.97871 5.01869 5.30112 4.85741 4.54436 3.906 3.5163 3.38474 3.23288 3.22722 3.17316
threshold=1290.0000000000002 1277.5000000000002 2.3666666666666671 1.8333333333333337 1.5240000000000002 0.29166666666666669 1.8333333333333337 0.59453000000000011 1253.7500000000002 1.5833333333333337 1.9967500000000002 2.5833333333333335 1071.2500000000002 1.5833333333333337
decision_type=2 2 2 2 10 2 10 10 2 2 8 10 2 8
left_child=1 2 3 10 5 6 13 -4 -2 -3 11 -1 -9 -5
right_child=8 9 7 4 -6 -7 -8 12 -10 -11 -12 -13 -14 -15
leaf_value=-0.00076837864071654591 -0.013779633443072021 0.0040380772491266084 0.0010043894253709443 -0.00078130810290240327 0.014206367267994392 0.012494660443089296 0.0063517998011389147 -0.01978063508527041 0.0028097642639368014 0.014744307350052943 -0.0099816600224506089 0.0082942645966904236 -0.0049152575923723614 -0.013248519324521282
leaf_weight=253.54696818441153 23.262762948870662 69.571628659963608 19.874649703502655 23.86110346019268 16.712816618382931 15.103394240140913 24.039171852171421 10.264991506934168 7.0189111977815619 14.313355073332785 13.965431630611418 15.783578746020792 14.037792004644869 11.524200908839701
leaf_count=1318 213 308 113 129 105 80 125 83 44 65 91 90 80 68
internal_value=0.000269636 0.000904994 -0.000131052 0.000587886 0.00462414 0.00231569 -0.000435378 -0.00610431 -0.00996752 0.00601707 -0.000723756 -0.000208563 -0.0117277 -0.00509413
internal_weight=532.881 502.599 418.714 374.537 91.2407 74.5279 59.4245 44.1774 30.2817 83.885 283.296 269.331 24.3028 35.3853
internal_count=2912 2655 2282 2006 507 402 322 276 257 373 1499 1408 163 197
is_linear=0
shrinkage=0.02


Tree=76
num_leaves=15
num_cat=0
split_feature=15 17 17 8 17 2 5 18 9 9 8 8 9 8
split_gain=14.9553 10.1903 7.99565 5.60768 4.71696 4.94525 5.96121 5.25342 3.6791 3.61827 5.18399 6.02982 5.17745 5.10876
threshold=1091.2500000000002 1132.5000000000002 1117.5000000000002 0.5421666666666668 1327.5000000000002 1.8333333333333337 0.55000000000000016 1.0000000180025095e-35 1.5952000000000004 1.5240000000000002 1.361666666666667 0.98075000000000012 1.1610000000000003 0.64000000000000024
decision_type=2 2 2 8 2 2 2 2 10 10 8 10 10 10
left_child=1 3 9 -1 5 6 -4 -7 -3 10 11 13 -13 -2
right_child=2 8 4 -5 -6 7 -8 -9 -10 -11 -12 12 -14 -15
leaf_value=0.0038432016631274697 0.0048476863470411522 -0.015255508688438627 -0.0038329149089363201 -0.0075322515882650879 -0.0097716310141597058 -0.001804178925794547 0.0053977598057363876 0.01259919346730199 -0.0038396935003711763 0.014130502851484364 -0.0069359251005418864 0.021191090453394203 0.0036867359076470465 -0.0049152211711307684
leaf_weight=41.289433121681213 122.15308907628059 41.61859492212534 114.67162422090769 28.390160843729973 20.784068532288074 17.797538533806801 35.969042792916298 21.847584903240204 16.495398215949535 13.882704541087149 15.559038162231444 14.310205996036531 13.007749721407889 25.111550509929657
leaf_count=215 539 326 619 179 169 98 177 117 138 67 75 66 61 115
internal_value=-7.12035e-05 -0.00602664 0.00177235 -0.000832592 -0.000955951 5.29968e-05 -0.00160781 0.00624791 -0.0121349 0.00458577 0.0038186 0.00481111 0.0132807 0.00316099
internal_weight=542.888 127.794 415.094 69.6796 211.07 190.286 150.641 39.6451 58.114 204.024 190.142 174.583 27.318 147.265
internal_count=2961 858 2103 394 1180 1011 796 215 464 923 856 781 127 654
is_linear=0
shrinkage=0.02


Tree=77
num_leaves=15
num_cat=0
split_feature=17 15 9 15 0 11 14 3 17 1 3 17 14 3
split_gain=10.4396 7.57385 6.39087 5.43032 5.21574 4.36684 3.2516 3.58098 3.19905 3.22873 3.16358 2.80487 4.25854 2.58164
threshold=1117.5000000000002 1066.2500000000002 1.7130000000000003 1098.7500000000002 1.8860333333333335 0.77500000000000013 1292.5000000000002 0.77500000000000013 1052.5000000000002 1.5290000000000001 1.9000000000000001 1320.0000000000002 1247.5000000000002 1.6333333333333335
decision_type=2 2 10 2 10 10 2 2 2 10 2 2 2 2
left_child=3 2 -2 4 5 -1 7 -5 -9 -10 -7 13 -13 -3
right_child=1 11 -4 6 -6 10 -8 8 9 -11 -12 12 -14 -15
leaf_value=-0.0082127735681874117 -0.016851513032502718 -0.0022172420743258618 0.0039552298732090123 -0.0044017462703999626 -0.013581605981192558 0.0081372082559267901 0.0098457110733851366 0.0097193372091224171 0.00091151898230610467 0.0095606105882754117 -0.0028283586382160009 -0.0124078073120644 0.0038402649391538878 0.0027773531452192964
leaf_weight=15.947187334299086 24.071935102343563 157.94722275435925 7.2896186411380759 21.400189518928528 12.071015305817125 25.203553594648838 33.891571953892708 31.855862453579903 90.582621619105339 20.408270463347435 16.912445738911629 19.944590367376808 8.7602726295590383 55.03476732224226
leaf_count=83 204 861 67 96 82 133 140 136 416 101 95 179 54 319
internal_value=-0.000203986 -0.00295168 -0.0120425 0.0025932 -0.002167 0.000395806 0.00428056 0.00307959 0.00422319 0.00257303 0.00377032 -0.00172729 -0.0074868 -0.000919685
internal_weight=541.321 273.048 31.3616 268.273 70.1342 58.0632 198.139 164.247 142.847 110.991 42.116 241.687 28.7049 212.982
internal_count=2966 1684 271 1282 393 311 889 749 653 517 228 1413 233 1180
is_linear=0
shrinkage=0.02


Tree=78
num_leaves=15
num_cat=0
split_feature=8 1 18 6 8 16 1 4 16 8 16 8 8 8
split_gain=7.37937 6.02908 5.44682 11.8907 5.05612 4.16518 3.80218 3.54442 5.81291 4.09086 5.18087 2.76659 2.66874 5.32666
threshold=2.3550000000000009 2.1230000000000007 1.0000000180025095e-35 3.1666666666666674 1.7966666666666666 1290.0000000000002 1.3750000000000002 0.41666666666666669 1088.7500000000002 1.2083333333333337 1146.2500000000002 1.4183333333333337 0.86035000000000006 0.41833333333333339
decision_type=8 10 2 2 10 2 10 2 2 10 2 10 10 10
left_child=1 2 3 5 7 -1 -6 9 -9 12 -11 -3 13 -4
right_child=-2 11 4 -5 6 -7 -8 8 -10 10 -12 -13 -14 -15
leaf_value=-0.0021647910384296593 -0.012060015074360105 -0.002821887329691854 0.0045292130798013242 0.016775481131920747 0.0027301220700766378 -0.013344537044088093 0.019774271728900946 0.0066114019820105695 -0.0078795165747817184 -0.0078963152297575299 0.0076845293758260194 -0.017143196373265002 0.010550417477373243 -0.0090111948867765256
leaf_weight=225.8920673429966 20.944386400282383 10.941362611949446 105.76453998684883 12.04689586162567 10.619676992297174 13.234407782554625 10.093978025019167 15.414891794323919 33.50127536803484 26.061824195086956 11.549329742789267 10.637100055813788 22.230736300349236 12.105081543326376
leaf_count=1200 146 76 550 56 60 115 65 67 172 141 69 79 116 60
internal_value=-0.000699256 -0.000219487 0.000237873 -0.00183309 0.00233984 -0.00283653 0.0115641 0.00144965 -0.00327204 0.00276036 -0.00303677 -0.0103282 0.00432714 0.00307452
internal_weight=541.038 520.093 498.515 251.173 247.341 239.126 20.7137 226.628 48.9162 177.712 37.6112 21.5785 140.1 117.87
internal_count=2972 2826 2671 1371 1300 1315 125 1175 239 936 210 155 726 610
is_linear=0
shrinkage=0.02


Tree=79
num_leaves=15
num_cat=0
split_feature=17 15 1 6 13 0 17 6 15 13 2 17 13 11
split_gain=13.7207 6.08098 5.15667 7.79942 6.59716 5.13928 4.92103 3.55538 4.55834 9.50347 5.01978 7.70065 4.59604 3.68496
threshold=1188.7500000000002 1132.5000000000002 1.6870000000000003 2.1666666666666674 1.7083333333333337 2.0183166666666676 1077.5000000000002 0.41666666666666669 1127.5000000000002 1.6333333333333335 1.1666666666666667 1122.5000000000002 1.9000000000000001 1.2250000000000003
decision_type=2 2 10 2 8 8 2 2 2 10 2 2 10 10
left_child=2 -2 3 7 -5 -3 -4 -1 9 -9 11 13 -12 -10
right_child=1 5 6 4 -6 -7 -8 8 10 -11 12 -13 -14 -15
leaf_value=0.0074407637653443439 -0.0088255619111720779 -0.005652419584679662 0.0031148808961285182 0.013729085585894253 0.00052346286319054653 0.0039194398660452505 -0.0095657580317172839 -0.0087849170757799723 -0.0010087827101379837 0.0039282700493476165 0.010681084162544466 -0.014203478208555118 -0.0013417896677714444 0.010303147131890764
leaf_weight=28.705966368317604 88.927359916269779 49.760911464691162 20.190584063529968 39.241001062095165 24.382751241326332 39.282714486122131 28.646765746176243 52.817984260618687 39.53558911383152 40.98184622079134 38.876519918441772 13.291950359940527 18.37364037334919 15.168465852737425
leaf_count=146 670 279 108 176 110 214 188 284 172 208 176 64 83 68
internal_value=-0.00062823 -0.00515556 0.00161668 0.00256599 0.00875466 -0.00143304 -0.00436596 0.000947903 6.70664e-05 -0.00324758 0.00255555 -0.00112037 0.00686572 0.00225647
internal_weight=538.184 177.971 360.213 311.376 63.6238 89.0436 48.8373 247.752 219.046 93.7998 125.246 67.996 57.2502 54.7041
internal_count=2946 1163 1783 1487 286 493 296 1201 1055 492 563 304 259 240
is_linear=0
shrinkage=0.02


Tree=80
num_leaves=15
num_cat=0
split_feature=16 14 3 15 0 0 10 14 0 0 15 3 3 11
split_gain=8.19685 7.34814 6.25333 5.15398 2.68007 5.53889 5.82082 5.62289 5.22621 4.98293 5.32513 4.49485 4.68029 3.97312
threshold=1290.0000000000002 1247.5000000000002 2.6333333333333337 1078.7500000000002 1.0850000000000002 1.2016666666666669 1.4166666666666667 1073.7500000000002 0.88075000000000003 0.77500000000000024 1270.0000000000002 1.3666666666666669 1.4500000000000002 1.3666666666666669
decision_type=2 2 2 2 10 10 10 2 10 10 2 2 2 10
left_child=2 -2 4 -4 8 -6 -7 -8 9 10 11 -1 13 -13
right_child=1 -3 3 -5 5 6 7 -9 -10 -11 -12 12 -14 -15
leaf_value=-0.0025609253255838489 -0.015816491424664764 0.0056581558099881215 -0.018927506537215803 0.00072739326550229702 -0.010802430106630579 0.0035133315289541003 0.008809045481172036 -0.0070436599325663599 0.0094053312468299483 -0.010689171005908039 0.007560146791370034 0.0029500628335671335 0.00076676028756357377 0.017928339068118877
leaf_weight=106.40176340192556 22.206249833106998 8.1940825730562192 10.81678691506386 9.601047255098818 19.540431544184685 89.386773556470871 9.879796735942362 51.973505765199661 33.425899609923363 12.569922193884848 49.981680393218994 15.708362840116026 86.449751108884811 12.662816591560839
leaf_count=532 211 51 81 49 106 501 70 307 171 62 213 75 457 68
internal_value=-0.000115179 -0.0100324 0.000496363 -0.0100828 0.000958724 -0.00105725 0.000264529 -0.00441165 0.00204403 0.00114696 0.0017328 0.000388113 0.00311943 0.0100181
internal_weight=538.799 30.4003 508.399 20.4178 487.981 170.781 151.24 61.8533 317.2 283.774 271.204 221.223 114.821 28.3712
internal_count=2954 262 2692 130 2562 984 878 377 1578 1407 1345 1132 600 143
is_linear=0
shrinkage=0.02


Tree=81
num_leaves=15
num_cat=0
split_feature=17 14 0 0 2 5 0 7 6 6 14 17 11 12
split_gain=10.4814 7.90102 3.10162 3.83816 11.8718 5.00914 5.66707 3.96049 3.37867 3.88268 3.41884 3.28113 4.39776 3.78856
threshold=1117.5000000000002 1057.5000000000002 2.1116666666666668 1.6841666666666668 1.8333333333333337 0.29166666666666669 1.0000000180025095e-35 0.90000000000000013 0.83333333333333337 1.1666666666666667 1152.5000000000002 1242.5000000000002 1.6333333333333335 1.5833333333333337
decision_type=2 2 10 10 2 2 8 2 2 2 2 2 10 10
left_child=-1 -2 3 5 -5 7 -7 -3 -8 -10 -11 12 -9 -13
right_child=1 2 -4 4 -6 6 8 11 9 10 -12 13 -14 -15
leaf_value=0.0030746422921471544 -0.014406195329135507 -0.01224502814522176 -0.010464302176390623 -0.0072511951127662323 0.017677179040303182 -0.011284271739805564 0.011349583769361255 -0.0041865090013022983 -0.008940517952654034 0.01081860036813229 0.00047281814941226117 -0.01289190067027224 0.0072827488897480768 0.0022314428160735943
leaf_weight=268.00903558731079 19.552994906902313 22.301147863268852 13.593482978641985 13.945383340120317 14.855366289615629 11.871673814952372 14.677370101213453 35.610357314348221 11.844479084014891 16.023105651140213 51.616946414113045 19.993405394256119 20.068521022796631 9.2975978404283506
leaf_count=1280 173 144 98 93 95 66 90 191 70 96 270 145 108 59
internal_value=0.000265096 -0.00247175 -0.00150657 -0.000962644 0.00576852 -0.00189417 0.00118554 -0.00492119 0.00285976 0.00117051 0.00304552 -0.00287891 2.94921e-06 -0.00817624
internal_weight=543.261 275.252 255.699 242.105 28.8007 213.305 106.034 107.271 94.1619 79.4845 67.6401 84.9699 55.6789 29.291
internal_count=2978 1698 1525 1427 188 1239 592 647 526 436 366 503 299 204
is_linear=0
shrinkage=0.02


Tree=82
num_leaves=15
num_cat=0
split_feature=17 17 1 2 16 16 5 1 13 17 16 4 11 1
split_gain=11.8907 8.65773 4.36108 4.55297 4.1382 4.77007 4.41699 4.39579 5.80839 4.60369 5.64099 7.73476 5.56679 4.23363
threshold=1337.5000000000002 1037.5000000000002 1.7510000000000001 2.8333333333333335 1060.0000000000002 1071.2500000000002 0.63333333333333341 1.5420000000000003 1.3666666666666669 1188.7500000000002 1096.2500000000002 0.41666666666666669 1.5500000000000003 1.2970000000000004
decision_type=2 2 10 2 2 2 2 10 10 2 2 2 10 8
left_child=1 -1 3 4 -3 -6 7 9 -9 10 -7 -12 -11 -14
right_child=-2 2 -4 -5 5 6 -8 8 -10 12 11 -13 13 -15
leaf_value=0.010014917145537722 -0.014560908970257212 -0.0058086984479872482 -0.005704226396447758 -0.010678106903421525 0.0076488036694764561 -0.0048199675887045301 0.0099273047957996255 0.017600949738922188 -0.0011239983229784241 -0.010271927412765121 0.0056246339434527374 -0.0061917707324053821 -0.0064710325382781051 0.0034928849285223084
leaf_weight=31.199759602546692 22.547768354415894 37.439906299114227 59.785084381699562 14.303637802600859 38.560663044452667 48.058307707309723 16.996505826711655 11.288440234959127 14.13810548186302 38.167900323867798 103.24316644668579 27.252091065049171 28.844745449721813 38.844067007303238
leaf_count=134 206 167 402 84 178 235 80 65 80 226 514 131 170 237
internal_value=-0.000667058 -2.31335e-05 -0.000699393 2.98375e-05 0.00043555 0.00108947 0.000294614 -0.000264038 0.00754064 -0.000985759 0.000974304 0.00312862 -0.00427007 -0.000785508
internal_weight=530.67 508.122 476.923 417.138 402.834 365.394 326.833 309.837 25.4265 284.41 178.554 130.495 105.857 67.6888
internal_count=2909 2703 2569 2167 2083 1916 1738 1658 145 1513 880 645 633 407
is_linear=0
shrinkage=0.02


Tree=83
num_leaves=15
num_cat=0
split_feature=18 6 15 15 13 15 13 13 3 9 8 8 15 9
split_gain=5.96831 9.47144 7.64801 5.5614 5.25176 5.74932 5.03428 4.42188 3.82404 3.72612 13.0751 7.20984 5.14956 4.63346
threshold=1.0000000180025095e-35 3.1666666666666674 1052.5000000000002 1068.7500000000002 1.9000000000000001 1152.5000000000002 0.55000000000000016 1.3666666666666669 1.2250000000000003 1.5240000000000002 1.2050000000000005 2.2983333333333342 1098.7500000000002 1.0090000000000003
decision_type=2 2 2 2 10 2 10 10 2 10 10 10 2 10
left_child=1 2 -1 -4 5 8 -2 -7 -5 10 13 12 -11 -8
right_child=6 -3 3 4 -6 7 9 -9 -10 11 -12 -13 -14 -15
leaf_value=-0.014877110326313803 -0.0084857832190105668 0.013980310193710033 0.010057441613535676 -0.012710920427831618 0.0022517315568664742 0.0038160086583332187 0.0023911974641162544 -0.0062630532094917124 -0.0044124855162859591 -0.00078084981209828555 -0.0099594107184079305 -0.006474920145667468 0.015475504588062681 0.012353465846657471
leaf_weight=19.38646050542593 16.391767464578152 12.671263486146925 13.221658915281294 38.257123939692974 58.638141460716724 41.305835388600826 151.21903967857361 28.591488286852837 55.190345294773579 10.346918575465677 32.814558334648609 10.977511383593081 29.486131608486176 20.458789490163326
leaf_count=158 102 58 86 224 295 205 761 137 334 80 184 75 160 109
internal_value=-0.00013996 -0.00225774 -0.00311746 -0.00208931 -0.00285465 -0.0046903 0.00194391 -0.000337017 -0.00790845 0.00264405 0.00142245 0.00743815 0.0113371 0.00364306
internal_weight=538.957 267.262 254.591 235.205 221.983 163.345 271.695 69.8973 93.4475 255.303 204.492 50.8106 39.8331 171.678
internal_count=2968 1497 1439 1281 1195 900 1471 342 558 1369 1054 315 240 870
is_linear=0
shrinkage=0.02


Tree=84
num_leaves=15
num_cat=0
split_feature=15 8 9 9 3 2 6 5 13 13 0 0 1 6
split_gain=5.09136 5.46072 3.86221 8.22666 3.02545 5.24277 5.87918 6.79659 5.31299 7.36937 5.23243 4.70355 3.1927 4.98415
threshold=1177.5000000000002 2.2483333333333335 1.5330000000000004 1.167 2.7083333333333335 1.8333333333333337 2.1666666666666674 0.29166666666666669 0.90000000000000013 1.9000000000000001 1.9233333333333336 0.82833333333333337 1.0593500000000002 2.4166666666666674
decision_type=2 8 10 10 2 2 2 2 10 10 10 8 8 2
left_child=1 4 3 -2 5 10 7 8 -7 -10 11 -1 -13 -14
right_child=2 -3 -4 -5 -6 6 -8 -9 9 -11 -12 12 13 -15
leaf_value=-0.0083582431311586009 0.0038695765346523536 -0.011126396700363929 0.010165807031166452 -0.0097657595344529009 -0.0085741659560146927 0.0099992036591364363 0.017260316204029305 0.014985464904113002 -0.0079855951357834642 0.0060367022186525064 -0.014195258387024495 0.0084252613851539936 9.0467579942832486e-05 -0.012366278880388302
leaf_weight=30.642914988100529 103.85531989485025 20.366590045392513 24.343534253537655 20.312618255615234 17.651456847786903 14.706417627632616 10.127726338803766 12.390809156000612 40.724180482327938 22.507606156170368 12.031815148890017 15.279861040413378 180.64584847539663 12.830820776522158
leaf_count=167 462 152 122 95 115 97 54 69 259 120 79 82 1011 70
internal_value=-9.41963e-05 -0.00129458 0.00304491 0.00157877 -0.000724153 -0.000307198 0.00353356 0.00182237 -0.00043366 -0.00297803 -0.00184965 -0.00117271 -8.31471e-05 -0.000794968
internal_weight=538.418 389.906 148.511 124.168 369.539 351.888 100.457 90.329 77.9382 63.2318 251.431 239.399 208.757 193.477
internal_count=2954 2275 679 557 2123 2008 599 545 476 379 1409 1330 1163 1081
is_linear=0
shrinkage=0.02


Tree=85
num_leaves=15
num_cat=0
split_feature=16 15 15 6 12 2 16 3 0 12 1 2 1 6
split_gain=7.82168 6.815 6.30828 5.04313 7.39624 5.02897 5.56408 4.10499 8.82076 5.70021 3.67637 3.60865 6.19679 5.53431
threshold=1290.0000000000002 1071.2500000000002 1127.5000000000002 0.83333333333333337 1.1666666666666667 2.4166666666666674 1071.2500000000002 1.1000000000000003 1.6641666666666668 1.4166666666666667 0.6379800000000001 0.83333333333333337 0.6379800000000001 0.58333333333333337
decision_type=2 2 2 2 8 2 2 2 8 10 10 2 10 2
left_child=1 3 -2 4 -1 6 7 10 -9 -10 -3 12 -8 -13
right_child=2 5 -4 -5 -6 -7 11 8 9 -11 -12 13 -14 -15
leaf_value=0.012331521345662816 -0.019526859531881654 0.0047881708083580251 -0.0016908946144113118 -0.010097233040356658 -0.0070347591063528404 0.0091074322947157366 0.0069222723026674563 0.018341237903014753 0.011949270195618186 -0.0041639206412952727 -0.0074732921506023477 -0.011896088275726319 -0.0036955325227335366 -0.0009615450059566763
leaf_weight=12.028371796011927 13.632973685860636 23.48293200135231 17.779593616724014 39.084280915558338 19.000100821256638 29.426534421741962 54.885081328451633 20.74819552898407 13.272292643785475 21.937532767653465 15.289128720760344 19.3642463311553 35.429310142993927 206.77263517677784
leaf_count=86 144 101 132 269 129 157 258 94 59 100 69 106 184 1094
internal_value=-0.000267989 0.000335997 -0.00979529 -0.0054108 0.000623313 0.00126065 0.000678356 0.00490355 0.00832055 0.00207218 -0.000113269 -0.000597923 0.00276217 -0.00194613
internal_weight=542.133 510.721 31.4126 70.1128 31.0285 440.608 411.181 94.7301 55.958 35.2098 38.7721 316.451 90.3144 226.137
internal_count=2982 2706 276 484 215 2222 2065 423 253 159 170 1642 442 1200
is_linear=0
shrinkage=0.02


Tree=86
num_leaves=15
num_cat=0
split_feature=17 14 3 13 11 17 11 13 1 8 9 14 11 3
split_gain=9.86557 5.80331 3.89158 3.55161 3.43497 2.66242 5.64442 4.00154 17.0334 4.48543 5.42361 4.85519 4.9526 4.65888
threshold=1242.5000000000002 1272.5000000000002 2.7083333333333335 1.2916666666666667 1.3666666666666669 1037.5000000000002 0.55000000000000016 0.90000000000000013 0.93300000000000016 1.3068666666666668 1.5190000000000003 1117.5000000000002 0.90000000000000013 1.4500000000000002
decision_type=2 2 2 10 10 2 10 10 10 10 10 2 10 2
left_child=1 2 5 4 -3 -1 -7 8 -8 11 -11 12 13 -9
right_child=-2 3 -4 -5 -6 6 7 9 -10 10 -12 -13 -14 -15
leaf_value=0.0063623645448195954 -0.0058841384617782603 0.016829287418578313 -0.0089478572735139077 0.0022254586046684464 0.0039936093442242034 -0.0090560558649304158 -0.0027256475882390598 -0.0030652793902463432 0.022999574448076609 -0.011466436691878039 0.00051586709964608255 0.004476432730229408 -0.0047746911131413966 0.014137713566658647
leaf_weight=26.25128111243248 101.7418877184391 16.66563618183136 17.940870955586433 50.200507134199142 17.349696725606918 25.123436540365219 29.577971927821636 11.904657155275347 14.647339083254336 27.330549769103527 32.204173773527145 89.898274280130863 67.73698865622282 11.705630406737326
leaf_count=114 738 69 115 221 76 128 152 59 79 156 190 440 378 63
internal_value=-0.000305026 0.000999787 -0.000126879 0.00568587 0.0105834 0.000368716 -0.000157443 0.000655897 0.00611466 -0.000367884 -0.00508339 0.00120044 -0.00203715 0.00569161
internal_weight=540.279 438.537 354.321 84.2158 34.0153 336.38 310.129 285.006 44.2253 240.78 59.5347 181.246 91.3473 23.6103
internal_count=2978 2240 1874 366 145 1759 1645 1517 231 1286 346 940 500 122
is_linear=0
shrinkage=0.02


Tree=87
num_leaves=15
num_cat=0
split_feature=15 2 3 17 18 14 16 14 17 2 17 4 9 13
split_gain=8.59464 8.9117 6.29971 6.09527 6.05419 5.64054 6.84262 4.34007 4.23941 3.52601 7.09209 6.74467 3.80128 3.20612
threshold=1098.7500000000002 0.83333333333333337 2.7750000000000004 1087.5000000000002 1.0000000180025095e-35 1112.5000000000002 1060.0000000000002 1202.5000000000002 1057.5000000000002 1.8333333333333337 1112.5000000000002 1.0000000180025095e-35 1.2825700000000002 0.90000000000000013
decision_type=2 2 2 2 2 2 2 2 2 2 2 2 10 8
left_child=1 -1 8 4 7 -6 -7 -2 -3 -5 -11 12 -12 -10
right_child=3 2 -4 9 5 6 -8 -9 13 10 11 -13 -14 -15
leaf_value=0.0093352958140700808 -0.0047616519603401871 0.0055649605875899696 -0.019444617451817504 -0.0013134750340523772 0.020482476413962593 -0.0036474748153573354 0.012183051057398782 0.0063344676045684837 0.00084340846986237766 -0.0089276109118930896 -0.002784677430600182 0.02052634900002925 0.010313822633797902 -0.0080386052228436089
leaf_weight=15.63094239681959 29.117797642946243 13.350763112306593 12.154307939112185 234.20735260099173 13.76043565571308 17.499687269330025 26.500408634543419 25.51683534681797 20.420288555324078 12.105369746685026 19.099785134196281 11.267824739217756 15.027939930558203 75.442307233810425
leaf_count=99 132 66 94 1233 60 73 114 108 155 57 107 61 88 527
internal_value=-0.000161267 -0.0044717 -0.00631166 0.00130748 0.0052423 0.00969855 0.0059458 0.000441444 -0.00468693 -0.000221337 0.00417347 0.00778419 0.00311258 -0.00615742
internal_weight=541.102 136.999 121.368 404.103 112.395 57.7605 44.0001 54.6346 109.213 291.708 57.5009 45.3955 34.1277 95.8626
internal_count=2974 941 842 2033 487 247 187 240 748 1546 313 256 195 682
is_linear=0
shrinkage=0.02


Tree=88
num_leaves=15
num_cat=0
split_feature=17 11 15 12 17 0 4 11 17 10 11 18 0 8
split_gain=12.0166 11.3049 9.19603 6.54522 5.39351 5.06174 4.35375 3.64299 5.06843 3.3562 3.2311 2.74999 2.4855 2.44156
threshold=1087.5000000000002 1.3666666666666669 1091.2500000000002 1.1666666666666667 1253.7500000000002 1.1200333333333334 1.0000000180025095e-35 1.1000000000000003 1052.5000000000002 1.1666666666666667 1.7750000000000001 1.0000000180025095e-35 1.1200333333333334 1.9783333333333337
decision_type=2 10 2 8 2 8 2 8 2 8 10 2 10 10
left_child=1 3 9 -1 13 -6 -7 8 11 -2 -8 -5 -3 -4
right_child=2 12 4 7 5 6 10 -9 -10 -11 -12 -13 -14 -15
leaf_value=0.0094075606548960512 -0.0023745511595634991 0.020496045866530959 0.00062546837982636839 0.011751179304431272 -0.014992953954981332 -0.0088792136326560182 -0.0056059711383178714 -0.0096900113681510722 -0.0042782965442806692 -0.010512540290745134 0.0075490050527684876 0.00087325411966505441 0.0079564040347962234 0.0081286863990389195
leaf_weight=33.277705244719982 32.991854846477509 17.153322294354442 218.90835104882717 17.101456493139267 15.075857274234293 20.892235323786736 10.922539435327055 14.540539301931856 36.214443445205688 54.729903936386108 19.301462076604366 19.468366429209709 12.734086796641348 17.864114955067635
leaf_count=149 226 74 1078 76 98 150 65 71 174 438 133 84 63 95
internal_value=-1.55076e-07 0.00478316 -0.00185016 0.00200041 -0.00019116 -0.00519394 -0.00207167 -0.000896859 0.000967322 -0.00751313 0.00276769 0.00613757 0.0155839 0.00122338
internal_weight=541.176 150.49 390.686 120.603 302.965 66.1921 51.1162 87.3248 72.7843 87.7218 30.224 36.5698 29.8874 236.772
internal_count=2974 691 2283 554 1619 446 348 405 334 664 198 160 137 1173
is_linear=0
shrinkage=0.02


Tree=89
num_leaves=15
num_cat=0
split_feature=10 3 13 13 2 8 5 12 1 8 1 5 12 3
split_gain=4.05432 7.1868 3.92286 4.20426 4.18971 3.78535 3.76543 3.67599 4.31802 3.23739 3.23076 4.33684 3.01474 3.83308
threshold=1.5833333333333337 2.6333333333333337 1.2916666666666667 1.7750000000000001 2.1666666666666674 0.69000000000000028 1.0000000180025095e-35 1.8333333333333337 1.0555000000000003 1.4466500000000002 1.7510000000000001 0.22500000000000003 2.8333333333333335 1.5500000000000003
decision_type=8 2 10 10 2 10 2 10 10 10 8 2 10 2
left_child=1 2 4 -4 6 12 -1 -2 -9 -7 11 -8 13 -5
right_child=7 -3 3 5 -6 9 10 8 -10 -11 -12 -13 -14 -15
leaf_value=-0.0051594416002270927 -0.0040589332755403698 -0.01352653743716826 -0.0038353366252168019 0.002851210958487805 0.014234192244607393 -0.0044720315232239334 0.016941516624257798 0.0075659842371150537 -0.0037743434280570567 0.0067474135608785891 0.0011904659427522798 0.0034483446641286669 -0.0030190289777171893 0.013488266582275399
leaf_weight=17.963977977633476 155.95432194322348 12.067051507532595 74.993148662149906 34.395707115530968 14.315380960702894 42.038937047123909 15.092776402831076 26.496225468814373 25.377640284597874 12.563455253839491 49.25126301497221 25.029350623488426 13.911323018372057 22.157293930649757
leaf_count=102 975 76 398 156 78 222 76 140 148 68 250 124 64 109
internal_value=-0.000344861 0.00101997 0.00160582 -0.000120153 0.00442204 0.00212032 0.0029941 -0.00253122 0.00205163 -0.00181563 0.00467191 0.00881263 0.00515299 0.00718073
internal_weight=541.608 333.78 321.713 200.06 121.653 125.067 107.337 207.828 51.8739 54.6024 89.3734 40.1221 70.4643 56.553
internal_count=2986 1723 1647 1017 630 619 552 1263 288 290 450 200 329 265
is_linear=0
shrinkage=0.02


Tree=90
num_leaves=15
num_cat=0
split_feature=15 17 2 17 13 0 1 12 14 8 1 1 0 0
split_gain=10.1087 8.52983 3.83182 7.445 6.49763 3.65342 3.44007 4.00799 5.32026 3.94002 6.49638 3.69469 5.12287 2.99319
threshold=1060.0000000000002 1117.5000000000002 1.8333333333333337 1242.5000000000002 1.3666666666666669 2.4700000000000002 1.6760000000000002 1.5833333333333337 1097.5000000000002 1.6944000000000001 1.4855000000000003 0.98029000000000022 1.2250000000000003 1.6641666666666668
decision_type=2 2 2 2 10 8 10 10 2 10 8 8 8 10
left_child=5 -2 6 4 -4 -1 7 8 -3 10 -9 -10 -13 -5
right_child=1 2 3 13 -6 -7 -8 9 11 -11 -12 12 -14 -15
leaf_value=-0.016793494948025917 0.003585285628775285 -0.013542385957840488 0.017948951562621399 -0.012387038993198204 0.0011196320163661569 -0.0044670718012347187 -0.011289072538967824 -0.0074952173892942611 -0.0090245553912998554 0.011326658168618185 0.0066458223416633704 0.010221227419112314 -0.0028185468645536313 0.0027417311537647794
leaf_weight=15.113847233355044 242.21999977529049 19.898185081779957 14.695645846426485 12.568942435085775 22.441110037267208 26.539363369345665 17.35382317006588 26.129058584570885 23.150257222354412 12.787984378635882 23.951628245413303 14.505697228014467 53.094994217157364 8.0119534134864789
leaf_count=137 1123 132 81 94 128 194 120 143 126 73 132 88 311 59
internal_value=0.000111538 0.000921352 -0.00167829 0.00280316 0.0080753 -0.00922857 -0.00304098 -0.00215612 -0.00443298 0.00185784 -0.000734409 -0.00230981 8.77248e-05 -0.00664341
internal_weight=532.462 490.809 248.589 57.7177 37.1368 41.6532 190.872 173.518 110.649 62.8687 50.0807 90.7509 67.6007 20.5809
internal_count=2941 2610 1487 362 209 331 1125 1005 657 348 275 525 399 153
is_linear=0
shrinkage=0.02


Tree=91
num_leaves=15
num_cat=0
split_feature=18 14 10 14 14 1 14 8 0 1 0 7 12 1
split_gain=4.93826 9.84924 7.39 6.36839 5.04482 4.7512 4.37306 4.16715 4.73821 3.47906 3.42218 3.31322 5.15498 7.13988
threshold=1.0000000180025095e-35 1202.5000000000002 1.1666666666666667 1073.7500000000002 1047.5000000000002 2.0690000000000004 1193.7500000000002 1.8741666666666668 0.9010166666666668 1.6760000000000002 0.77500000000000024 1.5500000000000003 1.1666666666666667 1.2205700000000004
decision_type=2 2 10 2 2 8 2 10 8 10 10 2 8 10
left_child=1 4 -3 5 -1 -2 7 8 -6 -10 -4 -5 13 -13
right_child=3 2 10 11 6 -7 -8 -9 9 -11 -12 12 -14 -15
leaf_value=-0.015793098914261752 0.016285247284587946 0.0095802184193412143 0.0030216636215095426 -0.0018721716517726161 -0.0094814061000562701 0.0028009987686205334 -0.014510991408360985 -0.012404483126070107 0.0019862709532440246 -0.0073652676827187903 -0.0069540186299803112 0.0030961714727888424 -0.00050956214951172144 0.02037893948472061
leaf_weight=14.146017767488955 18.56130289286375 40.818277716636658 28.809042252600193 110.90107467770576 22.967729955911636 23.546865619719028 12.60555551946163 14.5563947558403 89.582301571965218 18.306445561349392 24.631480865180492 34.943997643887997 70.825001187622547 12.414976768195627
leaf_count=118 119 187 137 605 127 159 66 110 500 121 135 175 346 69
internal_value=3.56925e-05 -0.00189462 0.00328011 0.00193205 -0.00473033 0.00898476 -0.00364689 -0.00261243 -0.00143735 0.000346444 -0.00161955 0.000602275 0.00292046 0.00795451
internal_weight=537.616 266.423 94.2588 271.193 172.164 42.1082 158.018 145.413 130.856 107.889 53.4405 229.085 118.184 47.359
internal_count=2974 1501 459 1473 1042 278 924 858 748 621 272 1195 590 244
is_linear=0
shrinkage=0.02


Tree=92
num_leaves=15
num_cat=0
split_feature=3 15 8 9 8 13 8 15 9 12 9 9 9 1
split_gain=4.23202 5.13469 4.25687 3.32472 7.62677 7.38843 6.91851 6.16439 5.62537 4.22865 3.63832 4.58729 3.22023 5.12219
threshold=2.7083333333333335 1078.7500000000002 2.3550000000000009 1.5190000000000003 1.1816666666666669 1.7750000000000001 1.031666666666667 1255.0000000000002 1.619 3.1666666666666674 1.3170000000000004 1.1468933333333335 1.3830000000000002 1.4906000000000001
decision_type=2 2 8 10 10 10 10 2 10 10 10 10 10 10
left_child=2 -2 3 4 5 6 7 -1 -5 -7 11 -6 -12 -14
right_child=1 -3 -4 8 10 9 -8 -9 -10 -11 12 -13 13 -15
leaf_value=-0.0037225524322792654 -0.017281905756501598 0.0022289634304271003 -0.0088393793146272302 0.013781354296296492 -0.00097541009642672415 0.0062094817810942685 0.011863592260881359 0.004962304245437376 0.0013054059850354184 -0.0053796379774047678 0.006684351683079414 -0.017073373510231277 -0.014385046308441701 0.0044582082618399872
leaf_weight=171.84737927466631 11.366706050932409 9.2079834640026075 19.061250440776348 18.044332109391689 11.100016370415689 109.82251488417387 14.248777791857718 39.403133407235146 61.07241540402174 13.435930073261259 10.941151209175585 19.19255942851305 12.040719762444498 9.6841586008667928
leaf_count=962 91 50 134 101 60 530 78 170 388 66 60 109 66 61
internal_value=-0.000175086 -0.00885144 0.000191653 0.000559627 -0.000165351 0.000996275 -0.00115689 -0.00208688 0.00428732 0.00491307 -0.00651512 -0.0113943 -0.00178638 -0.00615885
internal_weight=530.469 20.5747 509.894 490.833 411.716 348.758 225.499 211.251 79.1167 123.258 62.9586 30.2926 32.666 21.7249
internal_count=2926 141 2785 2651 2162 1806 1210 1132 489 596 356 169 187 127
is_linear=0
shrinkage=0.02


Tree=93
num_leaves=15
num_cat=0
split_feature=15 17 8 4 18 11 13 7 17 18 6 12 3 13
split_gain=11.7334 9.17953 5.90145 6.07487 4.66734 5.36165 4.28271 6.84604 5.83818 6.37402 3.64385 2.96238 2.93806 2.89262
threshold=1120.0000000000002 1087.5000000000002 1.1716666666666671 0.41666666666666669 1.0000000180025095e-35 1.3666666666666669 1.4500000000000002 1.1000000000000003 1225.0000000000002 1.0000000180025095e-35 1.1666666666666667 1.1666666666666667 1.4500000000000002 1.3666666666666669
decision_type=2 2 10 2 2 10 8 2 2 2 2 10 2 10
left_child=2 -2 3 4 5 12 7 11 13 -10 -7 -3 -1 -9
right_child=1 6 -4 -5 -6 10 -8 8 9 -11 -12 -13 -14 -15
leaf_value=-0.00010916473244349854 0.0077737620845572059 -0.0096618312420514198 -0.0083938331927813029 -0.012269418059673883 0.0042866701539905194 0.011208926557259415 -0.0031074201145619906 0.0098146641487641337 -0.0097900115611311376 0.0062978350497237936 -0.0047522346796067755 0.0026943612017977319 -0.011562692443094109 1.6969770626368097e-05
leaf_weight=13.376690298318861 92.305188432335854 21.626429364085197 67.972154811024666 16.394087240099907 60.147954307496548 12.227151028811933 88.12120782583952 61.178517803549767 18.437552258372307 19.016745276749134 9.3108106181025487 11.261260740458964 26.242912985384464 14.955908417701719
leaf_count=74 396 126 492 101 356 81 442 284 120 117 68 61 156 71
internal_value=0.000115403 0.00246756 -0.00361705 -0.00121559 0.000366402 -0.00349608 0.000355635 0.00244598 0.00476749 -0.00167034 0.00440425 -0.00547622 -0.00779355 0.00791517
internal_weight=532.575 326.903 205.672 137.7 121.306 61.1576 234.598 146.476 113.589 37.4543 21.538 32.8877 39.6196 76.1344
internal_count=2945 1617 1328 836 735 379 1221 779 592 237 149 187 230 355
is_linear=0
shrinkage=0.02


Tree=94
num_leaves=15
num_cat=0
split_feature=17 15 15 0 17 16 12 9 10 15 2 3 0 10
split_gain=10.9008 6.72046 4.28779 4.54289 3.79998 4.78677 8.05513 3.77273 4.44036 3.3383 3.25084 6.6042 4.8064 6.17319
threshold=1082.5000000000002 1071.2500000000002 1277.5000000000002 1.8860333333333335 1320.0000000000002 1187.5000000000002 0.83333333333333337 1.7310000000000001 0.83333333333333337 1167.5000000000002 1.8333333333333337 2.1000000000000005 1.8250000000000002 2.5833333333333335
decision_type=2 2 2 8 2 2 10 10 8 2 2 2 10 10
left_child=2 7 3 -1 5 10 -7 8 -2 -6 12 -12 13 -3
right_child=1 4 -4 -5 9 6 -8 -9 -10 -11 11 -13 -14 -15
leaf_value=0.0078004455750262935 0.0020820972724365761 -0.002137811789258183 0.013652489899059615 0.00041706720596353352 -0.012543505077470221 -0.0040044221857258233 0.013191795959150477 0.0042314234220037043 -0.013477738216440768 0.0023570386405921068 0.0079685723132792048 -0.0057520795235121583 -0.013947328330852207 0.010669770919504547
leaf_weight=58.469934701919556 8.9542804285883886 181.25650799274445 18.985240086913109 76.120127126574516 16.724793069064621 17.488572150468826 26.349476508796215 7.9787725284695616 34.264213748276234 8.6827152520418149 40.547789312899113 20.324152685701847 11.369920827448366 15.417169228196142
leaf_count=272 65 911 77 352 160 108 152 77 280 58 211 116 69 83
internal_value=0.000479864 -0.00130109 0.0049743 0.0036585 -0.000269275 0.000344796 0.0063953 -0.00798055 -0.0102798 -0.00755499 -0.000661584 0.00336854 -0.00185124 -0.00108493
internal_weight=542.934 389.358 153.575 134.59 338.161 312.754 43.838 51.1973 43.2185 25.4075 268.916 60.8719 208.044 196.674
internal_count=2991 2290 701 624 1868 1650 260 422 345 218 1390 327 1063 994
is_linear=0
shrinkage=0.02


Tree=95
num_leaves=15
num_cat=0
split_feature=17 8 7 8 9 8 15 17 6 13 3 7 16 18
split_gain=8.79662 7.41236 5.56865 5.71113 5.63198 5.23958 4.97459 4.67017 7.91174 5.79426 7.25203 5.09319 4.64889 4.15633
threshold=1197.5000000000002 1.7905500000000003 0.55000000000000016 2.2483333333333335 1.9430000000000003 1.6050000000000002 1068.7500000000002 1082.5000000000002 2.5833333333333335 0.90000000000000013 2.1000000000000005 1.5500000000000003 1120.0000000000002 1.0000000180025095e-35
decision_type=2 10 2 8 10 8 2 2 2 10 2 2 2 2
left_child=1 5 -2 4 6 7 -4 8 13 11 -11 -9 -3 -1
right_child=2 12 3 -5 -6 -7 -8 9 -10 10 -12 -13 -14 -15
leaf_value=-0.0013926088384295129 -0.018245224192108146 0.0027353855335256463 -0.014758452042777231 -0.013439910554207212 0.0099017854729562937 -0.0096933567189368252 -0.0015642878273424549 -0.00071294075908068634 0.017144936736549217 -0.00056083057913147965 -0.012963200006179596 0.014481044560821346 0.020584939719714253 0.0058747916440012957
leaf_weight=60.395050048828125 9.5509453341364843 11.493879199028017 11.98149663954973 17.714846275746822 14.118433043360708 17.259047023952007 98.65373819321394 17.684296444058418 15.47624748945236 153.12302029877901 20.524666778743267 16.439415410161018 11.647453874349592 64.04365823417902
leaf_count=283 73 62 119 136 102 94 610 93 66 784 138 77 64 287
internal_value=-0.000131981 0.00146597 -0.00419427 -0.0031317 -0.00157271 0.000753845 -0.00311258 0.00129875 0.00410959 -0.000604706 -0.00209259 0.00681079 0.0121999 0.00236465
internal_weight=540.106 388.087 152.019 142.469 124.754 364.945 110.635 347.686 139.915 207.771 173.648 34.1237 23.1413 124.439
internal_count=2988 1948 1040 967 831 1822 729 1728 636 1092 922 170 126 570
is_linear=0
shrinkage=0.02


Tree=96
num_leaves=15
num_cat=0
split_feature=17 17 15 0 11 18 9 8 9 17 5 14 14 3
split_gain=10.5741 6.67463 4.19672 5.01657 3.58432 3.2323 4.47184 6.16014 5.42852 5.02369 3.13622 2.78706 2.60916 4.88343
threshold=1097.5000000000002 1327.5000000000002 1232.5000000000002 0.7316666666666668 1.3666666666666669 1.0000000180025095e-35 1.5190000000000003 1.1183333333333338 0.93550000000000011 1225.0000000000002 0.22500000000000003 1097.5000000000002 1207.5000000000002 1.2250000000000003
decision_type=2 2 2 10 10 2 10 10 10 2 2 2 2 2
left_child=4 2 5 -4 -1 12 7 8 11 -8 -6 -7 -2 -14
right_child=1 -3 3 -5 10 6 9 -9 -10 -11 -12 -13 13 -15
leaf_value=0.0023491317667435571 -0.0060606629570081425 -0.011666062699039482 0.0076200681096985443 -0.0039102591274409034 0.013947431439692428 -0.0067798482129054344 -0.00047695190278548551 -0.011048919065202523 0.012984257612115822 0.014628731565993479 0.0029734028971917796 0.0015103052389530672 -0.0063814657516841258 0.010276411802398952
leaf_weight=140.92514566332102 100.47985656559467 25.423469409346581 39.880697339773178 23.142100587487221 22.370542421936989 25.600431725382805 20.77845773845911 23.496520489454269 10.769992575049399 14.207303985953329 20.022752821445465 40.857019864022732 15.090384379029276 11.524555370211599
leaf_count=649 638 241 173 111 107 161 120 144 64 94 88 218 85 64
internal_value=3.51511e-05 -0.00199586 -0.00120793 0.00339116 0.00391642 -0.00231951 -0.000167429 -0.00230983 0.000456293 0.00589334 0.00895226 -0.00173635 -0.00459822 0.000942506
internal_weight=534.569 351.251 325.827 63.0228 183.318 262.805 135.71 100.724 77.2274 34.9858 42.3933 66.4575 127.095 26.6149
internal_count=2957 2113 1872 284 844 1588 801 587 443 214 195 379 787 149
is_linear=0
shrinkage=0.02


Tree=97
num_leaves=15
num_cat=0
split_feature=17 13 1 7 0 17 16 11 12 0 2 16 3 16
split_gain=7.90782 3.6465 4.41112 4.52692 3.40408 3.31206 3.55022 4.54504 5.14543 3.4075 3.95943 6.18751 3.28216 3.24264
threshold=1188.7500000000002 1.2916666666666667 1.6870000000000003 1.2250000000000003 2.0783333333333336 1327.5000000000002 1177.5000000000002 2.1000000000000005 1.8333333333333337 0.60136666666666683 0.83333333333333337 1148.7500000000002 1.1000000000000003 1142.5000000000002
decision_type=2 10 10 2 8 2 2 10 10 10 2 2 2 2
left_child=1 2 3 -1 -5 6 9 8 12 13 -11 -12 -8 -2
right_child=5 -3 -4 4 -6 -7 7 -9 -10 10 11 -13 -14 -15
leaf_value=0.00028717054256044699 0.0073102058229704116 -0.00033978181565387408 -0.0076659354770551207 0.012920639522475857 0.0036021549052686584 -0.010700686206182357 0.00092105983945077257 0.0085618881196964005 0.0085459612820677437 -0.018164834940074804 -0.01138172747504153 0.0041930540011807724 -0.011587193128600782 -0.0053991523690644682
leaf_weight=45.393629811704159 12.397528856992723 238.73222927749157 11.032002687454222 32.974522516131401 31.09753306210041 24.972053483128548 13.634765811264513 19.104688555002213 10.983074270188807 12.314240053296087 25.207375764846802 16.021851181983948 20.259844779968262 19.046449571847916
leaf_count=230 69 1195 67 151 140 237 79 126 62 73 164 103 139 113
internal_value=-0.000601072 0.00109436 0.00391513 0.00514111 0.00852275 -0.00408878 -0.00291645 0.000641382 -0.00284355 -0.00557125 -0.00859429 -0.00537333 -0.00667331 -0.000317321
internal_weight=533.172 359.23 120.498 109.466 64.0721 173.942 148.97 63.9824 44.8777 84.9874 53.5435 41.2292 33.8946 31.444
internal_count=2948 1783 588 521 291 1165 928 406 280 522 340 267 218 182
is_linear=0
shrinkage=0.02


Tree=98
num_leaves=15
num_cat=0
split_feature=17 7 8 15 17 8 2 2 1 14 5 9 12 14
split_gain=6.42981 6.0988 4.72812 4.63167 5.67783 4.97875 5.18536 3.88171 4.41546 3.77985 3.6892 3.54268 7.34666 3.50377
threshold=1071.2500000000002 1.5500000000000003 0.86035000000000006 1112.5000000000002 1292.5000000000002 1.90385 2.8333333333333335 2.5833333333333335 1.7390300000000003 1102.5000000000002 0.36666666666666675 1.5030000000000003 1.5833333333333337 1108.7500000000002
decision_type=2 2 10 2 2 10 2 2 10 2 2 10 10 2
left_child=1 2 10 4 5 6 9 8 11 -2 13 -5 -13 -1
right_child=3 -3 -4 7 -6 -7 -8 -9 -10 -11 -12 12 -14 -15
leaf_value=-0.0043126747633933484 4.4791073107556996e-06 0.0098219227475324234 0.0094512354106554373 -0.0010492955875293696 -0.017336529349800189 0.0084104351061113376 -0.017015505546027695 0.010112673391247121 -0.0094356655455502519 -0.007716408566350517 -0.0096904079838882832 -0.0011636046873365435 0.013480514708333871 0.0084922964663866635
leaf_weight=18.738459393382072 65.292044378817081 42.345628842711449 15.70027808845043 199.08180128782988 11.430780529975889 12.533240064978598 10.829970374703406 13.478711210191248 19.525892846286297 40.472354225814342 18.40899969637394 34.562220558524132 21.551320873200893 14.105928942561148
leaf_count=86 442 181 77 992 127 90 84 72 114 249 81 200 115 62
internal_value=-0.000331367 0.00397693 0.000190065 -0.00143634 -0.00439889 -0.00312918 -0.0044306 1.87452e-05 -0.000511377 -0.00299464 -0.00277346 0.000205617 0.00459826 0.0012752
internal_weight=538.058 109.299 66.9537 428.758 140.558 129.128 116.594 288.2 274.721 105.764 51.2534 255.195 56.1135 32.8444
internal_count=2972 487 306 2485 992 865 775 1493 1421 691 229 1307 315 148
is_linear=0
shrinkage=0.02


Tree=99
num_leaves=15
num_cat=0
split_feature=15 13 16 9 9 18 0 14 16 4 13 16 13 7
split_gain=6.84665 5.69032 5.44837 4.6011 4.47886 4.23261 4.87889 4.57129 4.55663 5.11089 4.30616 4.01512 3.53891 4.18142
threshold=1157.5000000000002 1.2250000000000003 1290.0000000000002 1.5530000000000002 1.1950000000000003 1.0000000180025095e-35 0.85391666666666699 1047.5000000000002 1088.7500000000002 0.41666666666666669 1.9000000000000001 1127.5000000000002 0.90000000000000013 1.7750000000000001
decision_type=2 8 2 10 8 2 8 2 2 2 10 2 10 2
left_child=2 11 5 4 -3 6 -1 -8 -7 -10 12 -2 -9 -14
right_child=1 3 -4 -5 -6 8 7 10 9 -11 -12 -13 13 -15
leaf_value=-0.013538540604921986 0.011225088478947804 -0.00028232086978021771 -0.012337928032883576 0.0080825456011767213 -0.011434817112393485 0.0053631771979096845 -0.01348289431630223 0.0039445924707946882 0.00015726900515012328 -0.011846133674997308 0.0045058556495884035 0.0026006693577406053 -0.0029506648432302517 -0.014483321722602187
leaf_weight=17.618014372885227 36.478491276502609 75.926733203232288 18.907941304147243 19.385275483131409 16.79195736348629 54.513019040226936 12.82940288633108 18.332294173538685 93.314350247383118 15.727939888834952 35.02266301214695 52.885945059359074 52.986257627606392 15.816503584384916
leaf_count=100 157 341 200 97 83 263 106 109 569 89 188 276 316 89
internal_value=-0.000434559 0.00247168 -0.00218417 -0.00053403 -0.00240257 -0.00153994 -0.00392438 -0.00257924 0.000695192 -0.00166598 -0.00133393 0.00620641 -0.00370563 -0.00577132
internal_weight=536.537 201.468 335.068 112.104 92.7187 316.16 152.605 134.987 163.555 109.042 122.158 89.3644 87.1351 68.8028
internal_count=2983 954 2029 521 424 1829 908 808 921 658 702 433 514 405
is_linear=0
shrinkage=0.02


Tree=100
num_leaves=15
num_cat=0
split_feature=17 1 6 15 1 8 6 8 17 16 17 16 18 16
split_gain=6.89853 4.53126 5.14338 5.00612 5.97815 5.17626 4.72585 4.8948 4.2876 8.36505 3.71321 4.07824 6.36133 6.1062
threshold=1253.7500000000002 1.3310000000000002 2.1666666666666674 1060.0000000000002 1.9310000000000003 0.88833333333333353 1.8333333333333337 1.4550000000000001 1037.5000000000002 1052.5000000000002 1202.5000000000002 1083.7500000000002 1.0000000180025095e-35 1096.2500000000002
decision_type=2 10 2 2 10 10 2 10 2 2 2 2 2 2
left_child=1 6 3 -3 5 -5 8 -8 -1 -10 11 12 -11 -13
right_child=-2 2 -4 4 -6 -7 7 -9 9 10 -12 13 -14 -15
leaf_value=0.0089996420616330845 -0.005374218869523416 -0.011369604132281533 -0.012202045659470407 -0.013242198360678534 0.010238768817705572 0.00074402162657058609 0.003449263580061806 0.014819362388413835 -0.015904576131949275 -0.0036857314950395014 0.0083336798566363036 -0.014600891343389495 0.01161238490165881 -0.00073891012896074005
leaf_weight=19.551448568701744 86.075870133936405 14.239909693598745 17.551732689142227 11.936085581779478 20.509975753724575 57.730297565460205 90.469539821147919 17.473070412874222 12.322574734687803 19.080804005265236 20.428564578294754 13.400071732699869 23.16837140917778 109.48716855049133
leaf_count=83 646 125 93 58 122 317 410 83 54 93 117 71 105 571
internal_value=-0.000223274 0.000777611 -0.00249667 -0.000764983 0.00101594 -0.00180575 0.00200885 0.00540892 0.000303932 -0.000596141 0.000500227 -0.000513157 0.00477789 -0.00235613
internal_weight=533.425 447.35 121.968 104.416 90.1764 69.6664 325.382 107.943 217.439 197.888 185.565 165.136 42.2492 122.887
internal_count=2948 2302 715 622 497 375 1587 493 1094 1011 957 840 198 642
is_linear=0
shrinkage=0.02


Tree=101
num_leaves=15
num_cat=0
split_feature=16 1 16 1 6 7 2 1 1 2 3 2 15 9
split_gain=4.21566 5.61229 4.22715 6.44286 3.85122 5.45718 5.81019 8.90724 5.67187 5.10989 4.73814 4.62103 3.21529 3.0349
threshold=1290.0000000000002 1.3310000000000002 1202.5000000000002 1.103 0.83333333333333337 1.5500000000000003 1.8333333333333337 1.7270000000000003 1.5350000000000004 0.83333333333333337 1.5500000000000003 1.1666666666666667 1137.5000000000002 1.5408900000000003
decision_type=2 8 2 8 2 2 2 8 10 2 2 2 2 10
left_child=2 -2 4 -4 9 -6 8 -8 10 -1 13 -11 -5 -7
right_child=1 -3 3 12 5 6 7 -9 -10 11 -12 -13 -14 -15
leaf_value=0.01118606740219092 0.0053607284397066733 -0.013688882636374456 -0.0048394241690605305 0.0049531653646779613 -0.0048594871149147054 -0.0029694509837937849 0.016258587807474786 -0.0016915939008704476 -0.011683929894777401 -0.0092870444136399066 0.0098416810905044786 0.0023439567760068568 0.020142897148218708 0.0048256453943099735
leaf_weight=19.885970748960972 8.0769906416535395 20.346829012036324 13.383547835052012 12.930265009403231 152.28833519667387 105.65903664380312 19.400518760085106 23.776499077677727 18.68110553920269 15.785479903221129 15.552942618727682 72.471771359443665 10.149017907679079 23.640183381736279
leaf_count=102 69 194 81 100 835 482 95 124 105 88 79 417 55 120
internal_value=-0.000918563 -0.00827748 -0.00048764 0.00597831 -0.00100403 -0.00199998 0.000119946 0.00655933 -0.00160975 0.00229019 -0.000239319 0.000182922 0.0121919 -0.00151815
internal_weight=532.028 28.4238 503.605 36.4628 467.142 358.999 206.71 43.177 163.533 108.143 144.852 88.2573 23.0793 129.299
internal_count=2946 263 2683 236 2447 1840 1005 219 786 607 681 505 155 602
is_linear=0
shrinkage=0.02


Tree=102
num_leaves=15
num_cat=0
split_feature=18 6 2 14 5 7 2 7 16 11 16 16 13 1
split_gain=6.56871 14.4305 5.61283 4.15753 4.11228 4.01679 4.00163 4.0104 3.92398 3.74138 8.43783 3.78343 3.50347 7.42625
threshold=1.0000000180025095e-35 3.1666666666666674 1.8333333333333337 1047.5000000000002 0.29166666666666669 1.9000000000000001 1.4166666666666667 1.7083333333333337 1162.5000000000002 0.90000000000000013 1127.5000000000002 1066.2500000000002 1.9000000000000001 1.0593500000000002
decision_type=2 2 2 2 2 2 2 2 2 10 2 2 10 10
left_child=1 3 6 -1 5 8 -2 -8 -4 10 11 -5 -11 -14
right_child=2 -3 4 9 -6 -7 7 -9 -10 12 -12 -13 13 -15
leaf_value=-0.013403954559911911 0.0018051575888399255 0.017928834262742065 0.0051589996854978885 0.0029657127084626849 0.01730075284681851 0.015029412415464287 -0.00092590424815360874 -0.014417022759030172 -0.0070081068055420186 -0.0057109093531500415 0.012675630544208867 -0.0084911637114120728 0.0098292355983943796 -0.0071974792478525845
leaf_weight=14.402922689914702 154.90304177999496 12.489867970347403 44.527835115790367 20.891805693507195 11.358893424272535 11.260273702442644 27.989932537078857 11.967444166541098 12.884020805358885 132.20891623944044 18.062128685414791 23.696078807115555 18.88197398930788 20.158608198165894
leaf_count=121 797 57 252 93 60 57 156 65 98 786 94 119 94 112
internal_value=3.34206e-05 -0.00223597 0.00218672 -0.00331813 0.00661056 0.00461938 0.000345326 -0.00521991 0.0023553 -0.00264265 0.00152162 -0.0031757 -0.0041661 0.00107731
internal_weight=535.684 260.792 274.891 248.302 80.031 68.6721 194.86 39.9574 57.4119 233.9 62.65 44.5879 171.249 39.0406
internal_count=2961 1476 1485 1419 467 407 1018 221 350 1298 306 212 992 206
is_linear=0
shrinkage=0.02


Tree=103
num_leaves=15
num_cat=0
split_feature=8 16 15 9 13 9 13 2 16 16 18 14 9 15
split_gain=5.05613 5.67048 5.52175 6.63137 4.36809 4.3086 3.61891 2.87211 2.54893 3.64992 5.26655 3.41582 2.52546 5.5805
threshold=1.1816666666666669 1162.5000000000002 1120.0000000000002 1.3410000000000004 1.7083333333333337 2.1810000000000009 1.3666666666666669 0.83333333333333337 1093.7500000000002 1146.2500000000002 1.0000000180025095e-35 1242.5000000000002 0.96300000000000008 1270.0000000000002
decision_type=8 2 2 10 10 10 10 2 2 2 2 2 10 2
left_child=1 12 3 -2 7 6 -5 -3 -4 -10 -11 -12 13 -1
right_child=2 4 8 5 -6 -7 -8 -9 9 10 11 -13 -14 -15
leaf_value=0.0013413763328615749 -0.017570479030007382 0.0016194848236125497 0.006097212678174993 0.0067939257135780544 0.0069110751553239638 -0.014793735248033046 -0.0048488687442417256 -0.0073878889394278771 -0.0053870359535130091 -0.0042045161474278262 0.0013316277325198544 0.017304526114090831 0.0078154402791718574 0.0099589818110870851
leaf_weight=202.6031583622098 15.420579649507998 19.734874598681927 26.313174083828926 17.04693741351366 15.064508706331251 8.8443579822778684 25.156439535319805 46.460457861423492 37.813596531748772 19.592021457850933 10.216304399073126 10.689046680927275 44.210380539298058 34.391573399305344
leaf_count=999 103 123 124 130 85 81 176 319 198 122 64 57 234 142
internal_value=0.00079053 0.00212643 -0.00203552 -0.00649745 -0.00250462 -0.00287917 -9.76681e-05 -0.00471838 0.000833842 -0.000989275 0.00314791 0.00991581 0.00346879 0.00262851
internal_weight=533.557 362.465 171.092 66.4683 81.2598 51.0477 42.2034 66.1953 104.624 78.311 40.4974 20.9054 281.205 236.995
internal_count=2957 1902 1055 490 527 387 306 442 565 441 243 121 1375 1141
is_linear=0
shrinkage=0.02


Tree=104
num_leaves=15
num_cat=0
split_feature=16 2 3 9 9 10 12 13 12 8 13 9 8 9
split_gain=5.7913 4.40709 5.81685 5.29615 4.71371 4.33599 3.8233 3.80903 3.9902 3.36586 3.24431 9.76458 3.21689 3.19185
threshold=1290.0000000000002 1.8333333333333337 2.3666666666666671 2.0310000000000006 1.3410000000000004 1.5833333333333337 3.1666666666666674 1.7750000000000001 1.1666666666666667 1.5439833333333335 1.9000000000000001 0.8641500000000002 1.4816666666666671 1.8250000000000004
decision_type=2 2 2 8 10 8 10 10 10 10 10 10 10 8
left_child=1 3 4 6 5 -3 10 8 -4 -6 13 -12 -13 -1
right_child=-2 2 7 -5 9 -7 -8 -9 -10 -11 11 12 -14 -15
leaf_value=-0.0013487382745818615 -0.0087624758972047381 0.0061940192707029395 0.00060182533952819013 -0.011500101246201584 0.021283035134735732 -0.0045704333492476599 -0.010412113016356708 0.0043881127189102191 -0.015180982705179216 0.0067482842529520415 0.010120895864480606 -0.0085916731815318271 0.0038851089885793134 0.0090708101380548422
leaf_weight=247.74234674870968 28.154001981019974 52.055082730948925 11.984134986996652 16.480600900948048 10.617651849985124 20.01809598505497 13.12220738828182 16.462156966328621 12.590528421103953 17.407846674323082 42.294515997171402 21.73863622546196 12.249540388584135 11.350965097546576
leaf_count=1269 264 268 79 105 59 112 65 105 85 108 198 114 65 67
internal_value=-9.44004e-05 0.000404113 0.00339229 -0.000757512 0.00597478 0.0031826 -0.000218041 -0.0028993 -0.00776172 0.0127984 0.000210589 0.003808 -0.00411245 -0.000859134
internal_weight=534.268 506.114 141.135 364.979 100.099 72.0732 348.498 41.0368 24.5747 28.0255 335.376 76.2827 33.9882 259.093
internal_count=2963 2699 816 1883 547 380 1778 269 164 167 1713 377 179 1336
is_linear=0
shrinkage=0.02


Tree=105
num_leaves=15
num_cat=0
split_feature=14 18 17 14 9 8 17 13 12 15 16 15 12 13
split_gain=4.67399 8.6893 5.14957 4.31556 4.64694 5.23755 3.83256 2.75621 3.18167 3.07363 4.27168 3.52356 2.85228 7.33574
threshold=1202.5000000000002 1.0000000180025095e-35 1292.5000000000002 1357.5000000000002 1.167 1.986666666666667 1042.5000000000002 0.90000000000000013 0.58333333333333337 1071.2500000000002 1177.5000000000002 1047.5000000000002 1.5833333333333337 1.9000000000000001
decision_type=2 2 2 2 10 10 2 8 10 2 2 2 10 10
left_child=1 -1 6 4 -2 -6 -3 8 -8 11 12 -9 -11 -14
right_child=3 2 -4 -5 5 -7 7 9 -10 10 -12 -13 13 -15
leaf_value=-0.0050548416477864105 0.0054944534376043623 0.012405323782829953 -0.011164889152903087 -0.0070431572555840352 -0.004751115795991496 0.0089800392907396949 -0.00067455332594465781 0.0013355718544615267 0.012850300678433251 -0.0045582343681614349 0.011323635112071375 -0.013916115146666658 0.010263240135554687 -0.0045245872693456327
leaf_weight=168.44361402094364 110.21995007246733 12.589275866746901 11.359183780848978 17.702750399708748 44.874794453382492 13.682165011763571 12.201420903205873 11.647710211575033 14.899654798209665 34.582985244691372 14.164203256368635 11.277582451701162 25.357282504439354 26.476312823593616
leaf_count=1029 497 55 117 78 238 82 70 92 83 176 84 73 131 131
internal_value=-0.000443952 -0.00182781 0.00129729 0.00209759 0.00309219 -0.00144584 0.00222743 0.00130044 0.00695384 1.40245e-05 0.00153287 -0.00643521 -0.000183071 0.00276703
internal_weight=529.479 342.999 174.556 186.48 168.777 58.557 163.196 150.607 27.1011 123.506 100.581 22.9253 86.4166 51.8336
internal_count=2936 2041 1012 895 817 320 895 840 153 687 522 165 438 262
is_linear=0
shrinkage=0.02


Tree=106
num_leaves=15
num_cat=0
split_feature=17 14 7 18 17 15 14 7 17 14 10 3 1 0
split_gain=7.98599 5.71058 3.8884 4.07543 4.34651 6.99551 4.93005 4.40292 3.48605 3.33084 5.99559 7.43249 4.21694 7.53165
threshold=1042.5000000000002 1052.5000000000002 3.1000000000000005 1.0000000180025095e-35 1087.5000000000002 1142.5000000000002 1117.5000000000002 1.1000000000000003 1320.0000000000002 1142.5000000000002 1.1666666666666667 1.5500000000000003 1.5150000000000003 1.3149833333333336
decision_type=2 2 2 2 2 2 2 2 2 2 10 2 10 10
left_child=-1 -2 3 8 5 6 -5 -6 -3 10 -9 -12 13 -11
right_child=1 2 -4 4 7 -7 -8 9 -10 12 11 -13 -14 -15
leaf_value=0.0082233133039267929 -0.0091555732894182361 -0.0019465584772953234 0.009674785912458404 0.0068000645432315298 -0.005244405037164405 0.013823332522056897 -0.0088920119027364065 -0.0038759364009766724 -0.012508583461466145 -0.0010515321636875145 0.023838431798037196 0.00019740363988102641 -0.0093739807355558424 0.015913199998939788
leaf_weight=40.958967730402946 30.143356218934059 203.86617241799831 14.108029216527937 16.483723230659965 50.679713256657124 24.385853245854378 13.779434919357298 12.190531447529791 12.380659624934195 63.983722127974033 11.066316954791548 9.5433848872780782 15.750520855188368 11.491959840059279
leaf_count=177 240 1107 64 80 309 102 65 69 117 318 66 70 92 61
internal_value=-0.000151729 -0.000867332 -0.000305176 -0.000642103 0.00121288 0.00608077 -0.000400742 -0.000335766 -0.00260605 0.00169591 0.00705906 0.0134071 -0.000288036 0.00170583
internal_weight=530.812 489.853 459.71 445.602 229.355 54.649 30.2632 174.706 216.247 124.026 32.8002 20.6097 91.2262 75.4757
internal_count=2937 2760 2520 2456 1232 247 145 985 1224 676 205 136 471 379
is_linear=0
shrinkage=0.02


Tree=107
num_leaves=15
num_cat=0
split_feature=17 3 0 6 13 17 10 16 3 14 7 7 17 0
split_gain=9.59092 4.70172 6.23565 5.49388 4.36843 6.38357 5.75673 3.49662 3.87257 3.68011 3.23688 3.90458 5.35933 5.63173
threshold=1188.7500000000002 0.70833333333333337 0.5615500000000001 0.58333333333333337 1.2916666666666667 1025.0000000000002 1.5833333333333337 1152.5000000000002 0.90000000000000013 1217.5000000000002 2.2250000000000005 1.2250000000000003 1310.0000000000002 1.6316666666666668
decision_type=2 2 10 2 8 2 10 2 2 2 2 2 2 8
left_child=4 2 -2 -3 6 -6 7 8 -1 -10 11 12 13 -5
right_child=1 3 -4 10 5 -7 -8 -9 9 -11 -12 -13 -14 -15
leaf_value=-0.0018456083835841838 0.011189703454026919 -0.015668098429315082 -0.0070803300427735565 -0.0069118406704821314 0.010150293316210297 -0.00040410849159321506 -0.0014352381385287218 0.016047723860033496 0.0054827957975058352 0.017791098721036801 0.0043698609011844167 -0.0080142186158675341 -0.013120088107085565 0.0081977408444474237
leaf_weight=18.359805874526501 17.476375021040443 15.63159406930208 11.670469537377356 14.599480196833609 24.739164873957634 208.86878482252359 34.988203585147858 17.110606074333191 39.958254761993885 12.59748527407646 17.691585496068001 61.105655714869499 9.7121836841106397 26.091823525726795
leaf_count=82 96 121 68 96 106 1060 180 84 200 53 102 406 102 180
internal_value=0.000489667 -0.00334825 0.00388213 -0.00481998 0.00236613 0.000752107 0.00540044 0.00810305 0.00598966 0.00871018 -0.00339724 -0.00465742 -0.000511136 0.00274087
internal_weight=530.601 173.979 29.1468 144.832 356.622 233.608 123.014 88.0262 70.9155 52.5557 129.201 111.509 50.4035 40.6913
internal_count=2936 1171 164 1007 1765 1166 599 419 335 253 886 784 378 276
is_linear=0
shrinkage=0.02


Tree=108
num_leaves=15
num_cat=0
split_feature=17 17 15 13 10 16 10 5 0 2 16 13 16 5
split_gain=9.02799 4.16579 6.2784 5.29662 6.04039 4.67914 4.47991 7.47922 5.39284 3.92876 5.01846 4.39215 4.28866 3.84843
threshold=1320.0000000000002 1117.5000000000002 1068.7500000000002 1.2916666666666667 0.83333333333333337 1152.5000000000002 0.83333333333333337 0.36666666666666675 0.74756666666666682 0.83333333333333337 1102.5000000000002 1.4500000000000002 1091.2500000000002 0.55000000000000016
decision_type=2 2 2 8 10 2 10 2 8 2 2 10 2 2
left_child=1 5 -3 4 -4 6 7 -1 -8 12 -11 -12 -10 -6
right_child=-2 2 3 -5 13 -7 8 -9 9 10 11 -13 -14 -15
leaf_value=0.0023393334174883476 -0.011126829030734428 -0.010515602134802167 0.015216223462119526 -0.0033373773320516937 -0.001084453738696997 0.010365258166569332 0.014145804142914551 -0.0089860668078959212 0.014551013642366882 -0.0031201741701708864 7.9337567529784628e-06 0.014163886923258507 0.00015686853038706402 0.0091582259277951591
leaf_weight=59.895401380956173 27.383824571967125 26.18656862527132 12.957762494683264 109.12251479923725 70.286118745803833 24.229082509875298 15.86848036944866 36.887400224804878 17.327594578266144 65.489814341068268 20.110074646770954 14.545029893517492 15.142257034778593 17.491885237395763
leaf_count=289 261 238 67 610 406 119 69 165 75 321 98 74 70 89
internal_value=-0.000150905 0.000464426 -0.00147218 -0.000299204 0.00299237 0.00215983 0.00131044 -0.00202494 0.00348348 0.00211132 0.000127399 0.00617992 0.00804358 0.00103681
internal_weight=532.924 505.54 236.045 209.858 100.736 269.495 245.266 96.7828 148.483 132.615 100.145 34.6551 32.4699 87.778
internal_count=2951 2690 1410 1172 562 1280 1161 454 707 638 493 172 145 495
is_linear=0
shrinkage=0.02


Tree=109
num_leaves=15
num_cat=0
split_feature=14 16 7 3 0 16 3 1 10 0 14 2 8 14
split_gain=4.86404 5.01159 5.82025 4.42257 12.1801 4.56332 3.74328 3.24549 3.11204 3.70691 4.03689 3.6175 4.91235 3.41173
threshold=1191.2500000000002 1290.0000000000002 2.2250000000000005 1.6333333333333335 1.3883333333333334 1120.0000000000002 2.7083333333333335 0.6379800000000001 1.5833333333333337 1.7716666666666672 1127.5000000000002 1.1666666666666667 1.6838666666666671 1097.5000000000002
decision_type=2 2 2 2 10 2 2 8 8 8 2 2 10 2
left_child=1 2 6 4 7 -5 8 -2 -1 10 13 -11 -13 -10
right_child=3 -3 -4 5 -6 -7 -8 -9 9 11 -12 12 -14 -15
leaf_value=0.0019081148007265847 0.010296814621762178 -0.012263785375647235 -0.013700354197343676 0.014957082149663035 -0.010673244090285843 0.0012577675087139177 -0.0097016438012404935 0.0021385482242898841 -0.0086160890614612913 0.0086043944268768911 -0.015828063815995171 -0.0072302045933872322 0.0096547610180877982 0.0058254114052444673
leaf_weight=174.49750394374132 21.973435372114182 15.183688946068285 12.385920345783232 19.844692468643188 28.452224127948284 18.609403751790524 14.634306378662584 135.8294849768281 13.863237090408804 15.552990190684794 13.199189990758894 24.820489481091499 8.4507941305637342 10.769589088857172
leaf_count=950 101 172 66 90 155 105 106 642 95 88 79 158 61 70
internal_value=0.000217978 -0.00143231 -0.000821169 0.00244234 0.0011472 0.00852737 -0.000195344 0.00333224 0.000372337 -0.00270671 -0.00731989 0.000943038 -0.0027849 -0.00232125
internal_weight=528.067 303.358 288.174 224.709 186.255 38.4541 275.788 157.803 261.154 86.6563 37.832 48.8243 33.2713 24.6328
internal_count=2938 1845 1673 1093 898 195 1607 743 1501 551 244 307 219 165
is_linear=0
shrinkage=0.02


Tree=110
num_leaves=15
num_cat=0
split_feature=17 0 14 1 1 7 16 1 0 18 12 14 14 16
split_gain=8.12477 4.78166 4.51299 3.85293 4.1413 4.8549 4.83999 4.2429 3.18868 3.146 4.5495 4.72571 4.14262 3.34532
threshold=1117.5000000000002 0.43898333333333339 1047.5000000000002 1.8180000000000003 0.90200000000000014 1.5500000000000003 1107.5000000000002 0.69500000000000017 1.9916666666666669 1.0000000180025095e-35 1.5833333333333337 1197.5000000000002 1157.5000000000002 1137.5000000000002
decision_type=2 8 2 10 8 2 2 10 10 2 10 2 2 2
left_child=1 -1 -2 4 5 -4 -6 -7 -5 13 11 -11 -12 -8
right_child=2 -3 3 8 6 7 9 -9 -10 10 12 -13 -14 -15
leaf_value=0.011393399136776328 -0.012935041091891496 0.0019041253754647444 -0.014154623175738181 -0.017849748608721263 0.0071339022057206629 0.0049733119804912327 -0.011245740429711349 -0.009874583075775701 -0.0030326069532828816 -0.0068969188249351308 0.017590708615771035 0.0053367053321269863 0.0011656105059009256 -0.0014094145336634044
leaf_weight=22.391643986105919 13.793899621814488 240.33865106105804 17.059851951897144 8.9132821112871188 35.70019643753767 18.245983295142654 17.576413922011852 11.842529401183127 15.290205411612986 27.811895772814751 10.675521127879621 21.539381340146065 13.283074423670767 55.579285152256489
leaf_count=101 145 1153 109 66 187 95 102 63 118 196 66 117 72 374
internal_value=0.000260578 0.002753 -0.00219026 -0.00155711 -0.00073795 -0.00595511 0.000637501 -0.00100032 -0.00898095 -0.000983601 0.00193247 -0.0015576 0.0088959 -0.00389247
internal_weight=530.042 262.73 267.312 253.518 229.314 47.1484 182.166 30.0885 24.2035 146.466 73.3099 49.3513 23.9586 73.1557
internal_count=2964 1254 1710 1565 1381 267 1114 158 184 927 451 313 138 476
is_linear=0
shrinkage=0.02


Tree=111
num_leaves=15
num_cat=0
split_feature=17 15 13 16 6 12 12 10 3 9 15 3 9 10
split_gain=7.8259 5.5694 9.20776 8.63195 6.0786 4.88495 6.10994 4.87963 8.96209 5.05064 4.82334 5.83841 3.97532 4.35638
threshold=1097.5000000000002 1102.5000000000002 0.90000000000000013 1177.5000000000002 1.5833333333333337 1.4166666666666667 1.8333333333333337 2.1666666666666674 1.6333333333333335 1.2825700000000002 1137.5000000000002 1.1000000000000003 1.6650000000000003 2.8333333333333335
decision_type=2 2 8 2 2 8 10 10 2 10 2 2 10 10
left_child=5 2 3 -2 -4 10 -7 8 -3 -10 -1 -12 13 -9
right_child=1 7 4 -5 -6 6 -8 12 9 -11 11 -13 -14 -15
leaf_value=0.0015100182123582923 0.017600619620558457 -0.0040988227070325274 -0.013046936160698 -0.0066831591446042202 -0.00022842352389456407 -0.0076826484008873158 0.0030543535058157119 0.014214834408549357 0.00021010895507937979 0.01427916666687544 0.0030195013259027505 0.017949857598420924 -0.0018078573707718088 -0.0010346424619071914
leaf_weight=38.171810515224934 10.31488721817732 155.14809095859528 52.400698531419039 11.321452450007198 20.519653365015984 27.707901813089848 80.066376373171806 21.411806337535381 23.404813535511494 17.141142383217812 19.52520839869976 22.8736871778965 21.479826830327511 11.063955515623091
leaf_count=188 68 806 418 110 148 132 368 115 123 97 82 96 134 70
internal_value=-0.00022213 -0.00201394 -0.00612022 0.00515997 -0.00949172 0.00304581 0.000248705 -0.000440445 -0.00191086 0.00635845 0.00673839 0.0113023 0.00483041 0.00914388
internal_weight=532.551 344.206 94.5567 21.6363 72.9204 188.345 107.774 249.65 195.694 40.546 80.5707 42.3989 53.9556 32.4758
internal_count=2955 2089 744 178 566 866 500 1345 1026 220 366 178 319 185
is_linear=0
shrinkage=0.02


Tree=112
num_leaves=15
num_cat=0
split_feature=18 14 7 15 14 14 0 15 0 0 7 9 14 14
split_gain=5.1909 6.02429 4.09473 4.13643 7.58651 5.3728 3.29615 3.37282 6.30718 5.13128 4.89425 4.90924 3.1385 2.95705
threshold=1.0000000180025095e-35 1052.5000000000002 2.9000000000000004 1071.2500000000002 1073.7500000000002 1068.7500000000002 2.0016666666666674 1232.5000000000002 0.86150000000000027 0.85391666666666699 2.1000000000000005 1.7210000000000003 1092.5000000000002 1157.5000000000002
decision_type=2 2 2 2 2 2 8 2 10 10 2 10 2 2
left_child=1 -1 3 5 -5 -2 7 9 -9 -3 11 -11 -8 -14
right_child=2 6 -4 4 -6 -7 12 8 -10 10 -12 -13 13 -15
leaf_value=-0.01313673901561245 0.0038042052084927588 -0.012789592121941105 -0.0079055359297253765 0.015275760893078116 0.0024188673539328495 -0.011254671690525003 0.0077817330009740194 0.012219987927390059 -0.0059680018808984129 0.0031373246579818781 -0.013153664181913794 -0.0097874684238690567 -0.0053372476523989142 0.0021882145323573353
leaf_weight=16.940306924283504 18.552067801356316 24.56367963552475 14.860323309898375 19.240064278244972 205.76507718116045 17.606611631810665 22.980469599366188 13.419354245066645 15.282548785209654 47.73244484513998 12.777829490602015 14.492069140076635 30.444148294627666 61.219527810811996
leaf_count=139 142 140 69 107 1055 124 139 61 71 268 74 110 187 294
internal_value=7.50163e-05 -0.00194988 0.00198143 0.00257201 0.00358098 -0.00363391 -0.00111906 -0.00331008 0.00266077 -0.00504063 -0.00236792 1.99505e-05 0.00133975 -0.000341833
internal_weight=535.877 259.852 276.024 261.164 225.005 36.1587 242.912 128.268 28.7019 99.566 75.0023 62.2245 114.644 91.6637
internal_count=2980 1483 1497 1428 1162 266 1344 724 132 592 452 378 620 481
is_linear=0
shrinkage=0.02


Tree=113
num_leaves=15
num_cat=0
split_feature=9 9 6 6 11 11 8 10 0 13 6 7 1 8
split_gain=3.21599 7.11546 4.91235 4.14138 4.89646 4.56647 3.66616 4.24212 3.48046 3.11598 4.12785 8.31151 4.31327 3.28407
threshold=1.1950000000000003 1.5030000000000003 2.5833333333333335 0.83333333333333337 1.9000000000000001 0.77500000000000013 1.4550000000000001 1.5833333333333337 1.361666666666667 0.63333333333333341 1.8333333333333337 1.7750000000000001 1.1860000000000004 2.2483333333333335
decision_type=8 10 2 2 10 10 10 10 10 8 2 2 10 10
left_child=2 6 3 4 5 -1 8 -8 -2 -3 11 13 -12 -11
right_child=1 9 -4 -5 -6 -7 7 -9 -10 10 12 -13 -14 -15
leaf_value=-0.0023354365873270917 -0.017348072303358605 -0.0080840572162703857 0.0073886094178120792 -0.0012534502218769018 -0.0077857962863351216 0.0083690169909097466 0.006789852108022622 -0.0093252011095090025 -0.0051431432230036904 0.005177479366393325 0.015443283111338323 -0.016650556275150271 0.001382708006811062 -0.0066149345705362322
leaf_weight=21.243660673499107 18.748933240771294 12.776894941926001 41.622876472771168 232.76708922535181 11.896292738616465 58.685025624930859 11.970974534749987 12.195605155080555 20.038697145879269 38.098931677639484 14.426342464983462 10.243816778063772 20.601193062961102 11.524264160543678
leaf_count=104 102 89 189 1214 84 327 67 72 126 256 74 64 124 87
internal_value=-5.13825e-05 -0.00231138 0.00100502 0.00016626 0.00373982 0.00553026 -0.00759593 -0.00138997 -0.0113304 0.000819896 0.00209055 -0.0011111 0.00744157 0.00236229
internal_weight=536.841 170.626 366.215 324.592 91.825 79.9287 62.9542 24.1666 38.7876 107.671 94.8945 59.867 35.0275 49.6232
internal_count=2979 1061 1918 1729 515 431 367 139 228 694 605 407 198 343
is_linear=0
shrinkage=0.02


Tree=114
num_leaves=15
num_cat=0
split_feature=14 18 9 9 8 9 9 10 8 8 15 0 3 3
split_gain=5.11726 4.09681 3.39106 6.52355 5.54639 4.96917 9.3691 4.74797 4.56917 4.11957 4.67873 3.24221 2.71897 7.53992
threshold=1052.5000000000002 1.0000000180025095e-35 1.5190000000000003 1.619 1.1816666666666669 1.3443800000000004 1.1468933333333335 2.1666666666666674 1.0907500000000001 2.0350000000000006 1157.5000000000002 1.3063500000000006 1.9000000000000001 1.6333333333333335
decision_type=2 2 10 10 8 10 8 10 10 10 2 10 2 2
left_child=1 -1 4 -4 8 6 -6 -5 12 -9 -11 -7 13 -2
right_child=2 -3 3 7 5 11 -8 9 -10 10 -12 -13 -14 -15
leaf_value=-0.014464775076089429 -1.57391571051065e-06 -0.00068629722857515435 0.014236449533692606 0.0051593185511617278 0.003083835206097531 -0.0060842077855484712 -0.018064657368249977 0.0059818130269334293 0.010811008311251742 -0.017272780499908755 0.0012962449340743734 0.0066992004518863215 -0.0036148792117188756 0.010759285701156404
leaf_weight=15.49181481823325 226.82889688760042 18.331711649894714 18.90972638875246 50.222689963877201 12.742253519594668 14.285638861358168 22.105905741453171 9.2042847424745577 16.69044778496027 11.866557575762274 9.1613674759864789 15.514006942510603 55.454225718975067 28.424086637794971
leaf_count=129 1130 135 102 309 68 77 127 60 85 99 53 93 306 155
internal_value=0.000178398 -0.00723125 0.00070205 0.00398236 -0.000137368 -0.00544408 -0.0104614 0.0014271 0.00092388 -0.00473964 -0.00949112 0.000572397 0.000359788 0.00123403
internal_weight=525.234 33.8235 491.41 99.3646 392.045 64.6478 34.8482 80.4549 327.398 30.2322 21.0279 29.7996 310.707 255.253
internal_count=2928 264 2664 623 2041 365 195 521 1676 212 152 170 1591 1285
is_linear=0
shrinkage=0.02


Tree=115
num_leaves=15
num_cat=0
split_feature=18 7 1 10 10 16 1 5 0 9 9 16 7 0
split_gain=5.37684 8.78343 5.41452 3.03082 6.49861 3.6612 3.15857 3.07301 3.02997 2.50205 5.94685 4.22999 4.06571 4.45246
threshold=1.0000000180025095e-35 2.7750000000000004 1.7390300000000003 1.1666666666666667 0.58333333333333337 1066.2500000000002 1.3050000000000004 0.36666666666666675 2.0016666666666674 1.5240000000000002 1.3322500000000004 1232.5000000000002 1.9000000000000001 1.6841666666666668
decision_type=2 2 10 8 10 2 10 2 10 10 8 2 2 10
left_child=1 2 3 4 7 -5 -6 -1 -4 10 -2 12 13 -11
right_child=9 -3 8 5 6 -7 -8 -9 -10 11 -12 -13 -14 -15
leaf_value=-0.00077032836676713915 0.0022782290937862089 0.011895221933726042 -0.016373610223255161 0.0052986202006104132 0.006085632821093815 -0.0053116413768153469 -0.0049620947457512518 -0.013505886435391355 -0.0034087939962541233 -0.0019594905376750763 -0.0085598590491072473 -0.0050857574558650434 0.016704550518819885 0.013094665186162311
leaf_weight=16.053875159472231 194.88290521502495 16.351379364728928 15.983957510441543 14.161061301827429 57.878741756081581 97.851378209888935 11.767590351402758 13.577025063335894 13.667854636907576 19.11463196575642 21.599992915987968 10.761585153639315 14.968581527471541 12.092517927289007
leaf_count=81 1002 76 117 65 292 608 67 65 110 108 123 91 75 80
internal_value=0.000207443 -0.00186406 -0.00284313 -0.00169477 0.000847128 -0.00393523 0.00417517 -0.00685624 -0.0107037 0.00215645 0.00116245 0.00585045 0.00845298 0.00409933
internal_weight=530.713 257.293 240.941 211.29 99.2772 112.012 69.6463 29.6309 29.6518 273.42 216.483 56.9373 46.1757 31.2071
internal_count=2960 1481 1405 1178 505 673 359 146 227 1479 1125 354 263 188
is_linear=0
shrinkage=0.02


Tree=116
num_leaves=15
num_cat=0
split_feature=17 3 2 0 14 10 17 0 0 16 13 14 3 0
split_gain=6.86974 5.71448 5.37532 4.77699 5.78526 4.53946 5.71846 5.6057 7.47458 4.05071 3.78557 4.91078 6.32453 4.90098
threshold=1267.5000000000002 2.7083333333333335 1.8333333333333337 1.1200333333333334 1212.5000000000002 2.5833333333333335 1188.7500000000002 0.88075000000000003 1.4316666666666669 1172.5000000000002 0.90000000000000013 1127.5000000000002 1.9000000000000001 1.7583333333333335
decision_type=2 2 2 8 2 10 2 8 10 2 8 2 2 10
left_child=1 2 5 -2 -5 6 -1 -8 9 -9 -4 12 -12 -13
right_child=3 -3 10 4 -6 -7 7 8 -10 -11 11 13 -14 -15
leaf_value=0.00034663047697119611 -0.015835153567374881 -0.010823297827596485 0.01369034704561068 -0.0077154433481494526 0.0057959369768460648 0.0085128843397612487 -0.018409171329591828 -0.0054147738986774149 -0.016823131508522098 0.0067410322591636065 0.006634855985859266 0.012596441558791914 -0.0070655848502680944 -0.0018949146720380618
leaf_weight=240.78823494166136 15.247794069349764 16.526071779429913 14.909558102488516 38.600646905601025 17.781011402606964 20.079781100153923 11.461359955370424 21.029000319540501 11.750100456178187 20.844564244151115 23.252448819577694 28.795971058309078 29.363459676504135 13.250383853912352
leaf_count=1153 111 115 81 351 108 112 64 124 78 115 131 137 186 70
internal_value=-0.000540943 0.000375559 0.000824322 -0.00625049 -0.00342763 -0.000466936 -0.00108226 -0.00629382 -0.00341471 0.00065245 0.00463503 0.00308059 -0.00100015 0.00809174
internal_weight=523.68 452.051 435.525 71.6295 56.3817 325.953 305.873 65.085 53.6237 41.8736 109.572 94.6623 52.6159 42.0464
internal_count=2936 2366 2251 570 459 1646 1534 381 317 239 605 524 317 207
is_linear=0
shrinkage=0.02


Tree=117
num_leaves=15
num_cat=0
split_feature=17 3 11 3 7 15 7 9 9 17 17 9 10 3
split_gain=7.184 4.58951 4.39438 4.60778 3.63812 3.70029 3.53742 3.43299 3.29616 3.16623 2.68478 3.03906 5.42423 5.65131
threshold=1087.5000000000002 2.6333333333333337 1.3666666666666669 1.3666666666666669 1.7750000000000001 1088.7500000000002 0.55000000000000016 0.90900000000000014 1.0970000000000002 1177.5000000000002 1327.5000000000002 1.4570000000000005 2.1666666666666674 1.6333333333333335
decision_type=2 2 10 2 2 2 2 8 10 2 2 10 10 2
left_child=2 6 3 7 5 -5 9 -1 -4 -2 11 -8 13 -13
right_child=1 -3 8 4 -6 -7 10 -9 -10 -11 -12 12 -14 -15
leaf_value=0.00047695090506722328 -0.00050670192996519429 -0.012244360168301889 0.015123713750468035 -0.0034622839774857473 0.013762622870622946 0.0070866980958074408 -0.0012130898476419049 -0.010861279473327963 0.0020596233101259592 -0.016459728717870541 -0.0071213416200217785 0.0018673074287513412 -0.0047847117599549493 0.014529011581039404
leaf_weight=43.181332662701607 9.3014608100056666 14.107892874628304 19.368911489844322 21.742538586258888 14.948018193244932 31.438750341534615 234.24371068179607 13.159080848097799 13.020776607096193 9.8668419197201711 21.899661920964718 41.270041659474373 23.939600415527821 20.704538598656654
leaf_count=187 56 115 84 115 65 140 1273 60 64 77 222 231 151 130
internal_value=6.05316e-05 -0.00144173 0.00364151 0.0018962 0.00536139 0.00278957 -0.000987189 -0.00231448 0.0100909 -0.00912744 -0.000505747 -3.24572e-05 0.00316344 0.00626089
internal_weight=532.193 375.334 156.859 124.47 68.1293 53.1813 361.226 56.3404 32.3897 19.1683 342.058 320.158 85.9142 61.9746
internal_count=2970 2255 715 567 320 255 2140 247 148 133 2007 1785 512 361
is_linear=0
shrinkage=0.02


Tree=118
num_leaves=15
num_cat=0
split_feature=17 15 2 16 17 17 2 7 1 1 9 1 12 5
split_gain=8.32284 8.08504 7.85564 4.70935 5.41141 4.30194 4.47037 4.26321 4.16745 3.55992 3.56636 3.55376 4.32371 5.10636
threshold=1042.5000000000002 1098.7500000000002 2.1666666666666674 1060.0000000000002 1066.2500000000002 1097.5000000000002 2.1666666666666674 1.5500000000000003 1.7900000000000003 1.6436666666666666 1.7310000000000001 0.33860000000000007 0.41666666666666669 0.36666666666666675
decision_type=2 2 2 2 2 2 2 2 8 8 10 8 10 2
left_child=7 5 3 -3 -5 6 8 -1 -2 -7 -11 -6 -13 -14
right_child=1 2 -4 4 11 9 -8 -9 -10 10 -12 12 13 -15
leaf_value=0.0034651112345638231 -0.0038617536686328864 -0.0082378004390214182 0.0092532595208498058 0.012181031004179933 -0.007296906650862166 -0.001953146568251833 -0.0095494843193065903 0.016305701460009418 0.010565956512992056 -0.013093439177969299 0.00044656583732373612 -0.0064423653433815812 -0.0014442855224348768 0.0044666891674265763
leaf_weight=28.112370848655701 13.628310903906824 25.188589051365852 39.344489000737667 14.329488784074782 23.530585400760174 29.356379177421331 12.337674289941786 16.069901809096336 17.111467383801937 42.946828339248896 9.3768603615462762 29.341500535607338 113.48096247017384 118.7610911950469
leaf_count=123 71 110 206 61 116 217 72 67 91 366 92 171 605 601
internal_value=0.00017996 -0.000578132 0.000930017 -0.000104054 0.000605281 -0.00495052 0.000170294 0.00839299 0.00424937 -0.0076206 -0.0107041 -1.70423e-05 0.000663108 0.00158459
internal_weight=532.916 488.734 363.977 324.632 299.444 124.758 43.0775 44.1823 30.7398 81.6801 52.3237 285.114 261.584 232.242
internal_count=2969 2779 1870 1664 1554 909 234 190 162 675 458 1493 1377 1206
is_linear=0
shrinkage=0.02


Tree=119
num_leaves=15
num_cat=0
split_feature=17 15 16 16 17 7 0 18 3 11 17 2 16 2
split_gain=5.38851 5.23798 4.66639 6.64476 4.52827 4.93501 4.22038 4.75474 3.52939 5.89962 5.32597 4.96498 4.89959 4.50392
threshold=1042.5000000000002 1255.0000000000002 1060.0000000000002 1066.2500000000002 1320.0000000000002 2.3666666666666671 0.81166666666666665 1.0000000180025095e-35 2.3666666666666671 0.77500000000000013 1188.7500000000002 2.1666666666666674 1177.5000000000002 1.1666666666666667
decision_type=2 2 2 2 2 2 10 2 2 10 2 2 2 2
left_child=-1 2 -2 -4 5 8 -3 -8 9 -5 -11 12 -12 -14
right_child=1 6 3 4 -6 -7 7 -9 -10 10 11 -13 13 -15
leaf_value=0.006749017654476064 -0.0089701895329118448 0.00680948348798618 0.0095528153408481527 -0.0067632755251556109 -0.0099930671124197432 -0.0086684789386919699 -0.010917129545787522 0.0053193401047962365 -0.0066379140279596172 0.004052502923337962 -0.0087922034304101556 0.0095193501849602565 0.0081020806544311302 -0.0051682767958688433
leaf_weight=42.391007080674171 30.320730082690716 59.096418529748917 21.745749615132809 37.443818256258965 22.98671805486083 29.419884584844112 13.037164576351643 13.951105087995529 29.777601167559624 144.88342630118132 39.725580915808678 11.750245563685892 18.313973635435104 20.781718902289867
leaf_count=182 143 256 104 192 246 155 63 66 217 758 263 79 120 150
internal_value=-8.57499e-06 -0.000601837 -0.0015508 -0.000931653 -0.00159876 -0.000989475 0.00385269 -0.0026338 -0.000216995 0.000505306 0.00168493 -0.00210528 -0.00393577 0.00109512
internal_weight=535.625 493.234 407.149 376.829 355.083 332.096 86.0847 26.9883 302.676 272.899 235.455 90.5715 78.8213 39.0957
internal_count=2994 2812 2427 2284 2180 1934 385 129 1779 1562 1370 612 533 270
is_linear=0
shrinkage=0.02


Tree=120
num_leaves=15
num_cat=0
split_feature=1 1 3 1 9 6 18 13 16 13 1 6 5 2
split_gain=3.26975 5.59746 8.5456 4.52678 3.73 2.58605 3.5378 4.4136 5.12696 4.05689 3.46613 3.67401 3.28066 2.96046
threshold=1.6870000000000003 1.9510000000000003 2.4500000000000006 2.0970000000000004 1.6650000000000003 2.5833333333333335 1.0000000180025095e-35 0.90000000000000013 1157.5000000000002 1.9000000000000001 1.0593500000000002 1.1666666666666667 0.22500000000000003 1.5833333333333337
decision_type=10 10 2 10 10 2 2 8 2 10 8 2 2 2
left_child=5 4 3 -3 -2 6 7 8 -1 -9 -11 -12 -10 -7
right_child=1 2 -4 -5 -6 13 -8 9 12 10 11 -13 -14 -15
leaf_value=0.012112277262846327 -0.014305374869722332 0.016780661960433634 -0.01436272694542744 0.00071761046857962251 -0.00025151629411112659 0.0018985006895411763 0.0020666390965214162 -0.0053146473369851659 -0.010041446638154655 0.010509249556947948 0.0046324006198396666 -0.0070366556268713423 0.0054232849710322941 0.011755728177663198
leaf_weight=17.294869937002659 21.799210295081139 10.342084482312204 9.2258820906281453 18.654611513018608 11.351294878870247 45.364522844552994 205.03900527954102 108.04555677622557 10.038597017526628 11.790387213230131 20.077394232153893 21.175995729863644 10.003913089632986 15.931636922061442
leaf_count=87 141 67 79 136 82 213 1083 605 79 58 102 107 70 79
internal_value=0.00020121 -0.00375412 0.00146753 0.00681515 -0.00964137 0.000815383 0.00022921 -0.00167029 0.00444544 -0.00310648 0.00140648 -0.00138228 -0.00243156 0.0046081
internal_weight=536.135 71.3731 38.2226 28.9967 33.1505 464.762 403.466 198.427 37.3374 161.089 53.0438 41.2534 20.0425 61.2962
internal_count=2988 505 282 203 223 2483 2191 1108 236 872 267 209 149 292
is_linear=0
shrinkage=0.02


Tree=121
num_leaves=15
num_cat=0
split_feature=8 15 8 9 14 14 9 0 9 9 6 14 2 6
split_gain=4.00686 4.35932 4.6495 4.45766 6.07288 3.81804 3.53831 3.25659 4.00031 9.03972 3.2431 5.69948 3.51677 4.70564
threshold=2.3550000000000009 1052.5000000000002 0.68166666666666687 1.5190000000000003 1357.5000000000002 1320.0000000000002 1.5990000000000004 1.0443333333333338 1.8567500000000001 2.0210000000000004 0.83333333333333337 1068.7500000000002 0.83333333333333337 0.58333333333333337
decision_type=8 2 10 10 2 2 10 10 10 10 2 2 2 2
left_child=1 2 -1 4 5 10 -5 -8 -9 -10 11 -3 -13 -14
right_child=-2 3 -4 6 -6 -7 7 8 9 -11 -12 12 13 -15
leaf_value=0.0011423561667988893 -0.008606409739177364 0.015549191778374685 -0.013566323264295639 0.014081469515098517 -0.012832786167911579 0.007211198253328977 0.010338703582758265 -0.0052015403476235655 0.019488282806331553 -0.0049947833440776449 -0.00099965965946148972 0.0091086864586850513 -0.0076714870600894406 0.0037334331545634189
leaf_weight=16.686785720288754 18.745157934725285 12.187947772443293 16.42230811715126 14.270205892622469 12.797335624694822 31.69049084186554 17.624963440001011 23.743666164577007 10.106262497603895 12.512812606990336 272.2818244472146 16.477431654930115 24.156225822865963 33.12131791561842
leaf_count=123 137 71 163 76 56 135 96 141 62 95 1423 84 135 178
internal_value=0.000235834 0.000574337 -0.00633708 0.00106227 0.000208448 0.000668204 0.00539792 0.00327448 0.000427408 0.00630628 7.09126e-05 0.00343515 0.0012521 -0.00112558
internal_weight=532.825 514.08 33.1091 480.97 402.713 389.915 78.2579 63.9877 46.3627 22.6191 358.225 85.9429 73.755 57.2775
internal_count=2975 2838 286 2552 2082 2026 470 394 298 157 1891 468 397 313
is_linear=0
shrinkage=0.02


Tree=122
num_leaves=15
num_cat=0
split_feature=15 18 17 15 16 17 14 0 0 14 0 8 10 3
split_gain=5.27127 6.23925 4.78039 5.03738 3.33465 3.16512 3.2319 4.45448 6.90742 5.91585 6.14597 8.63667 4.66925 4.3898
threshold=1060.0000000000002 1.0000000180025095e-35 1037.5000000000002 1210.0000000000002 1047.5000000000002 1320.0000000000002 1261.2500000000002 0.85391666666666699 1.0850000000000002 1117.5000000000002 1.6950000000000001 1.4750000000000003 0.83333333333333337 0.70833333333333337
decision_type=2 2 2 2 2 2 2 10 10 2 10 10 10 2
left_child=1 -1 -2 4 -4 6 7 12 -9 10 11 -10 -6 -14
right_child=2 -3 3 -5 5 -7 -8 8 9 -11 -12 -13 13 -15
leaf_value=-0.015268872108523473 0.0080863393693092825 0.00073022335370287472 -0.0079576826829735534 0.0038195428817019519 -0.0069771089547052047 -0.0081698883623867007 -0.0062132925621834713 0.013439464093328465 0.0088690383801043916 -0.0028824690160021826 0.013655633115556516 -0.014777017937188055 0.011554625860924967 -0.00091048542810645561
leaf_weight=18.27946463227272 29.813024997711182 19.549379698932171 25.826297864317894 103.28472210466862 46.344256021082401 19.844685833901167 30.345330700278282 21.200001329183578 14.307521745562555 61.442285418510437 22.833160787820816 9.3627276644110662 11.816728867590426 94.698135189712048
leaf_count=165 124 157 119 461 231 205 152 115 81 357 138 62 61 525
internal_value=-0.000100622 -0.00719491 0.000459331 -5.00082e-05 -0.00117386 -0.000624151 -0.000120201 0.000555088 0.00327677 0.00117583 0.00648563 -0.000703974 -0.00175073 0.000566998
internal_weight=528.948 37.8288 491.119 461.306 358.021 332.195 312.35 282.005 129.146 107.946 46.5034 23.6702 152.859 106.515
internal_count=2953 322 2631 2507 2046 1927 1722 1570 753 638 281 143 817 586
is_linear=0
shrinkage=0.02


Tree=123
num_leaves=15
num_cat=0
split_feature=15 17 10 2 9 0 9 9 16 9 9 7 7 9
split_gain=4.68258 3.64408 5.56208 4.13984 3.73482 5.78193 4.18681 6.62684 3.58045 3.39057 5.28541 3.94729 4.27158 3.4192
threshold=1060.0000000000002 1087.5000000000002 0.83333333333333337 0.83333333333333337 1.2601900000000004 1.9048833333333337 1.9967500000000002 2.3560000000000003 1073.7500000000002 1.8567500000000001 1.6924500000000005 2.1000000000000005 1.1000000000000003 1.4610000000000005
decision_type=2 2 10 2 10 8 10 10 2 10 10 2 2 10
left_child=-1 2 -2 -4 5 -3 9 -8 -7 10 11 12 -6 -14
right_child=1 4 3 -5 6 8 7 -9 -10 -11 -12 -13 13 -15
leaf_value=-0.0070494054512967013 -0.0012208868219694936 -0.0073611868364601984 0.014066600936513629 0.0035733253157591259 -0.001239927671401961 0.0091795096359786749 -0.011556678744716799 0.0070091105878076765 -0.0013206806169400751 0.011946461978832642 -0.0072396376638905113 -0.0032865329550001952 0.0042452383194300112 0.017761466733141083
leaf_weight=37.648164413869381 69.568131074309349 67.104705080389977 20.451017573475838 53.973695755004883 14.077968239784239 13.35675238072872 19.12851614877582 11.598015874624251 135.53372514247894 16.02329657971859 17.892529487609863 16.863193042576313 14.282137751579286 16.866367146372795
leaf_count=322 310 369 88 247 91 64 141 86 750 94 105 87 84 94
internal_value=-0.000348709 0.000182986 0.0028417 0.00660502 -0.000939059 -0.00253398 0.00177779 -0.00454881 -0.000323766 0.00382864 0.00207491 0.00483131 0.00786375 0.0118889
internal_weight=524.368 486.72 143.993 74.4247 342.727 215.995 126.732 30.7265 148.89 96.0055 79.9822 62.0897 45.2265 31.1485
internal_count=2932 2610 645 335 1965 1183 782 227 814 555 461 356 269 178
is_linear=0
shrinkage=0.02


Tree=124
num_leaves=15
num_cat=0
split_feature=17 15 17 3 6 9 9 17 16 5 0 7 15 1
split_gain=4.53508 3.99343 3.59395 8.03292 3.75969 4.97435 11.3876 6.51431 4.9227 4.01985 3.89908 3.32816 5.20726 6.24313
threshold=1320.0000000000002 1345.0000000000002 1052.5000000000002 1.1000000000000003 1.8333333333333337 1.5240000000000002 1.1950000000000003 1097.5000000000002 1060.0000000000002 0.55000000000000016 1.2701833333333337 1.2250000000000003 1073.7500000000002 1.5350000000000004
decision_type=2 2 2 2 2 10 8 2 2 2 10 2 2 8
left_child=1 2 3 -1 8 6 7 -6 -4 -9 -7 12 -10 -14
right_child=-2 -3 4 -5 5 10 -8 9 11 -11 -12 -13 13 -15
leaf_value=-0.0061943844677815971 -0.0076255297186384212 0.008298959465406406 -0.012532362230336686 0.0092609872108685085 0.010854761852337406 0.01794752011738986 -0.013525783473167944 -0.0040881131322678824 -0.0055924716195119174 0.007694795038411837 0.0026138246452008401 -0.0039759733484723081 -0.0035488386339837699 0.0056384399114999227
leaf_weight=18.493485599756241 27.593069862574339 24.346134185791016 15.10965585708618 43.326440572738647 29.433350667357445 11.817425169050695 18.441426999866962 39.037632524967194 40.704756930470467 15.301789104938505 14.588385030627249 102.5692845582962 44.022320233285427 85.933126740157604
leaf_count=78 274 105 75 191 128 60 105 207 321 69 81 565 244 466
internal_value=0.00012314 0.000562386 0.0001525 0.00461249 -0.000518209 0.00231394 0.000282391 0.00344577 -0.00178518 -0.000690998 0.00988062 -0.00114733 0.000565988 0.00252292
internal_weight=530.718 503.125 478.779 61.8199 416.959 128.62 102.214 83.7728 288.339 54.3394 26.4058 273.229 170.66 129.955
internal_count=2969 2695 2590 269 2321 650 509 404 1671 276 141 1596 1031 710
is_linear=0
shrinkage=0.02


Tree=125
num_leaves=15
num_cat=0
split_feature=14 2 0 11 10 7 10 14 9 14 9 6 9 9
split_gain=4.21983 2.93868 6.04687 5.92989 10.2406 6.46953 8.25963 3.55055 5.20801 6.41478 5.3099 3.76134 3.59528 3.51477
threshold=1047.5000000000002 1.8333333333333337 1.9233333333333336 1.6333333333333335 2.1666666666666674 1.5500000000000003 1.1666666666666667 1337.5000000000002 1.167 1157.5000000000002 1.5190000000000003 1.1666666666666667 2.0310000000000006 1.0450000000000002
decision_type=2 2 10 10 10 2 10 2 8 2 10 2 10 10
left_child=-1 2 7 5 -5 -3 -7 8 13 11 -11 -10 -12 -2
right_child=1 3 -4 4 -6 6 -8 -9 9 10 12 -13 -14 -15
leaf_value=-0.0072204884541849194 0.00047809521160093653 -0.0037694117791727284 -0.012238098266354167 0.019728179955769518 -0.00084181445709535416 0.014639117565922646 -0.0044343407860191631 0.0052837776134847603 -0.0040098833017000795 -0.014219751548097521 0.0012131210738190339 0.0090676257919962873 -0.01228388459213039 0.010724770003698583
leaf_weight=28.61889934912324 204.14353538304567 57.321024373173714 15.377855218946932 18.836676150560379 18.755838483572006 21.248164549469948 14.715739034116266 46.511540368199348 16.365739677101374 28.905801750719547 26.430952332913876 17.003880888223648 10.16496793925762 13.339804276823996
leaf_count=248 1047 320 100 118 134 102 76 201 114 159 148 111 69 67
internal_value=0.000118768 0.00054467 -0.000350781 0.00311562 0.00970942 0.00038361 0.0069258 0.000185239 -0.000578652 -0.00436068 -0.00795656 0.00272386 -0.00276286 0.00115281
internal_weight=537.74 509.122 378.244 130.877 37.5925 93.2849 35.9639 362.866 316.355 98.8713 65.5017 33.3696 36.5959 217.483
internal_count=3014 2766 2016 750 252 498 178 1916 1715 601 376 225 217 1114
is_linear=0
shrinkage=0.02


Tree=126
num_leaves=15
num_cat=0
split_feature=14 3 1 0 9 17 16 16 18 14 13 16 1 15
split_gain=3.61424 6.46123 4.79797 3.63636 3.6145 3.60365 4.85915 3.91591 4.02705 3.47113 3.4122 4.39061 3.88017 3.52762
threshold=1188.7500000000002 1.6333333333333335 1.4710000000000003 2.2416666666666676 1.7310000000000001 1052.5000000000002 1060.0000000000002 1078.7500000000002 1.0000000180025095e-35 1092.5000000000002 0.90000000000000013 1262.5000000000002 0.93300000000000016 1091.2500000000002
decision_type=2 2 10 10 10 2 2 2 2 2 8 2 10 2
left_child=3 2 4 5 -2 9 -7 8 -8 -1 11 12 -9 -12
right_child=1 -3 -4 -5 -6 6 7 10 -10 -11 13 -13 -14 -15
leaf_value=0.012382575383753267 0.0003372276869203252 0.0086733749591999185 -0.0089210806836055607 -0.010298249544497399 0.009474159008742114 -0.013071791133682847 -0.0016760322830619942 0.0015854916478868905 0.011871865430916098 -0.00081044002591440349 -0.0074990322336361513 -0.0076308536521008863 0.016112998456161581 -0.0011294815035269798
leaf_weight=14.126267969608309 159.16169364005327 44.20413913577795 19.327418483793736 16.514370732009411 18.444724045693874 13.207101911306379 16.983564533293247 22.709623090922832 16.693516306579113 16.63519275188446 55.62054880708456 11.214677996933458 10.060280069708822 91.296264261007309
leaf_count=65 745 220 106 137 104 65 91 133 81 73 424 125 63 519
internal_value=5.60671e-05 0.00185416 0.000287423 -0.00146614 0.00133385 -0.000886811 -0.0017256 -0.00100335 0.00518827 0.00544716 -0.00211697 0.00272532 0.00639047 -0.0035753
internal_weight=526.199 241.138 196.934 285.061 177.606 268.547 237.786 224.578 33.6771 30.7615 190.901 43.9846 32.7699 146.917
internal_count=2951 1175 955 1776 849 1639 1501 1436 172 138 1264 321 196 943
is_linear=0
shrinkage=0.02


Tree=127
num_leaves=15
num_cat=0
split_feature=15 17 0 11 17 15 18 9 0 14 5 14 1 17
split_gain=6.41189 3.45114 4.36912 3.41729 3.29678 4.21644 2.9578 2.94357 4.26625 2.86636 3.09163 5.44422 3.64779 3.86003
threshold=1060.0000000000002 1097.5000000000002 2.1116666666666668 1.7750000000000001 1320.0000000000002 1167.5000000000002 1.0000000180025095e-35 1.5990000000000004 0.88075000000000003 1310.0000000000002 0.22500000000000003 1212.5000000000002 1.2205700000000004 1047.5000000000002
decision_type=2 2 10 10 2 2 2 10 10 2 2 2 8 2
left_child=6 9 3 -3 7 -6 -1 8 -5 10 12 -12 -2 -14
right_child=1 2 -4 4 5 -7 -8 -9 -10 -11 11 -13 13 -15
leaf_value=-0.013543974171188338 0.012867226136410136 -0.0016954187283518374 -0.010759184232861081 0.0035603658316494609 -0.010903184999223143 0.0076538241922977472 -0.0023690260414886261 -0.00076762755720289461 0.015332725193205532 0.0099964790211695843 0.0023579181047847157 -0.010222586431825016 0.0090346955121893748 -0.00075166389776610892
leaf_weight=17.358222533017397 15.866709515452383 181.2072821855545 14.806970939040182 50.586173228919506 13.182107482105495 6.6207009106874457 20.655944012105465 32.567928358912468 15.702174089848993 19.698814958333969 47.545191377401352 18.220181822776794 23.014827579259872 48.636910140514374
leaf_count=164 71 983 104 283 149 48 167 195 89 80 216 78 100 233
internal_value=0.000114561 0.000737293 -0.000510979 2.9141e-05 0.00265492 -0.00462931 -0.00768815 0.00414584 0.00653539 0.00299791 0.00203955 -0.0012284 0.00448137 0.00247284
internal_weight=525.67 487.656 314.673 299.866 118.659 19.8028 38.0142 98.8563 66.2883 172.983 153.284 65.7654 87.5184 71.6517
internal_count=2960 2629 1851 1747 764 197 331 567 372 778 698 294 404 333
is_linear=0
shrinkage=0.02


Tree=128
num_leaves=15
num_cat=0
split_feature=17 18 15 6 13 13 17 1 3 0 3 0 0 15
split_gain=6.4927 5.60342 7.0231 4.7551 5.3002 5.84436 3.9716 3.86985 3.71089 6.17791 3.35163 3.10074 6.64465 3.48206
threshold=1327.5000000000002 1.0000000180025095e-35 1052.5000000000002 3.1666666666666674 0.90000000000000013 1.9000000000000001 1087.5000000000002 1.4212100000000003 1.1000000000000003 1.3666666666666669 1.3666666666666669 0.87333333333333341 1.0383333333333338 1098.7500000000002
decision_type=2 2 2 2 8 10 2 8 2 8 2 8 8 2
left_child=1 2 -1 4 10 -6 8 -2 -3 -10 -4 -8 -13 -14
right_child=7 6 3 -5 5 -7 11 -9 9 -11 -12 12 13 -15
leaf_value=-0.014687914945763943 0.0011053286754334679 -0.0013167420129627453 -0.00043084533038863763 0.01083095563801928 -0.0057737276496601002 0.0019098642726406057 -0.005415470068902444 -0.016267562934229766 0.019059241652353367 0.0043282908389840951 0.011339075559127361 0.015170540841175296 -0.0051074815048010782 0.002124200145850273
leaf_weight=15.611114002764223 7.3687633126974132 21.423760533332825 21.6201511323452 11.430085860192774 122.71958713233471 57.639526590704918 29.340254314243793 15.006172027438877 14.873787149786947 43.538126416504383 16.417637586593628 12.159898132085798 34.637405425310135 104.43171454966068
leaf_count=148 72 91 118 52 671 291 151 167 65 199 93 63 263 525
internal_value=-0.000438369 3.77597e-05 -0.002126 -0.0012128 -0.00188961 -0.0033212 0.00207749 -0.0107436 0.00576218 0.00833699 0.00480955 0.000425605 0.00158697 0.000299428
internal_weight=528.218 505.843 245.438 229.827 218.397 180.359 260.405 22.3749 79.8357 58.4119 38.0378 180.569 151.229 139.069
internal_count=2969 2730 1373 1225 1173 962 1357 239 355 264 211 1002 851 788
is_linear=0
shrinkage=0.02


Tree=129
num_leaves=15
num_cat=0
split_feature=17 5 7 6 1 7 1 2 0 0 17 1 17 15
split_gain=5.08685 4.04367 3.96456 5.91336 9.27386 6.99762 4.01176 3.90547 6.45781 3.76955 3.65486 3.58215 4.65483 3.5444
threshold=1117.5000000000002 0.36666666666666675 0.55000000000000016 0.83333333333333337 1.5190100000000004 1.1000000000000003 1.3310000000000002 1.8333333333333337 1.49 1.8860333333333335 1193.7500000000002 1.8180000000000003 1202.5000000000002 1177.5000000000002
decision_type=2 2 2 2 8 2 8 2 10 10 2 8 2 2
left_child=1 9 -2 4 -4 -5 -7 8 -8 -1 -6 -9 -13 -3
right_child=2 13 3 5 10 6 7 11 -10 -11 -12 12 -14 -15
leaf_value=0.0052935928159316336 -0.011532165557509822 -0.0041521948985049654 -0.0076648171214886672 -0.010628055157582385 0.021533843877643739 0.0029996652173651201 -0.0028030860675208975 0.010807373734345234 -0.01746441775764793 -0.0041116788062327669 0.0060153907241276084 -0.011620984988530645 0.0062133544953956836 0.0031399739988685433
leaf_weight=137.02182791382074 14.830079782754181 58.770053990185261 12.832944341003893 34.52016967907548 10.028744079172613 65.59014718234539 62.954230025410652 11.890948913991449 14.02157514169812 18.698668509721756 16.079751145094633 10.277828127145769 11.249781202524899 47.182080283761024
leaf_count=653 115 278 85 254 63 367 370 70 105 115 125 64 86 198
internal_value=0.000131695 0.00210433 -0.00182208 -0.00120105 0.00586373 -0.00252952 -0.000889875 -0.003207 -0.00566345 0.00414519 0.0125508 0.0024513 -0.00243911 -0.000905886
internal_weight=525.949 261.673 264.276 249.446 38.9414 210.505 175.985 110.394 76.9758 155.72 26.1085 33.4186 21.5276 105.952
internal_count=2948 1244 1704 1589 273 1316 1062 695 475 768 188 220 150 476
is_linear=0
shrinkage=0.02


Tree=130
num_leaves=15
num_cat=0
split_feature=7 17 15 9 8 16 17 17 0 12 3 18 17 3
split_gain=3.85467 6.46649 3.48227 4.29417 4.99324 3.05376 4.51864 4.31351 4.40629 4.59829 3.13024 2.91791 2.55571 2.05013
threshold=0.55000000000000016 1117.5000000000002 1066.2500000000002 1.6360000000000003 0.69000000000000028 1187.5000000000002 1242.5000000000002 1207.5000000000002 1.1200333333333334 1.1666666666666667 0.90000000000000013 1.0000000180025095e-35 1152.5000000000002 2.1000000000000005
decision_type=2 2 2 8 10 2 2 2 8 10 2 2 2 2
left_child=1 -1 3 4 12 6 13 -7 -9 10 -10 -8 -2 -4
right_child=2 -3 5 -5 -6 7 11 8 9 -11 -12 -13 -14 -15
leaf_value=0.0019109699727574453 0.0029239419383566222 -0.015523118506225659 0.0015440522320265683 0.0090619554456065794 -0.01738043412367412 0.016777189564931842 -0.01271789295028823 -0.0075016422636625651 0.010456695543680346 0.014235251233241611 -0.0039654656743817133 -0.00056982604086168508 -0.010076707682533395 -0.003399916019003967
leaf_weight=17.430583871901035 15.277555435895922 15.275158636271952 322.03453880548477 6.5954660661518565 12.308167736977337 9.6252236515283567 15.361524611711502 12.022903144359587 7.7915080711245563 15.101783849298952 18.110148262232542 15.499287098646164 8.6826930306851846 36.492228962481022
leaf_count=91 86 119 1554 69 112 54 102 89 49 102 156 91 88 194
internal_value=9.43773e-05 -0.00645056 0.000539036 -0.00484332 -0.00754732 0.00105897 0.000394034 0.00512054 0.00273328 0.00584148 0.000600316 -0.00682612 -0.00200219 0.00103278
internal_weight=527.609 32.7057 494.903 42.8639 36.2684 452.039 389.388 62.6516 53.0263 41.0034 25.9017 30.8608 23.9602 358.527
internal_count=2956 210 2746 355 286 2391 1941 450 396 307 205 193 174 1748
is_linear=0
shrinkage=0.02


Tree=131
num_leaves=15
num_cat=0
split_feature=14 17 16 5 16 0 15 11 5 11 11 7 6 15
split_gain=4.52743 4.20893 4.77917 4.32058 3.61769 3.07541 2.84022 2.25919 2.90672 3.98999 2.90165 1.98973 2.97905 2.87951
threshold=1202.5000000000002 1106.2500000000002 1255.0000000000002 0.45000000000000007 1290.0000000000002 1.0715166666666669 1262.5000000000002 2.2250000000000005 0.36666666666666675 1.1000000000000003 1.2250000000000003 2.1000000000000005 2.1666666666666674 1120.0000000000002
decision_type=2 2 2 2 2 10 2 10 2 10 10 2 2 2
left_child=4 3 7 5 11 6 -2 8 10 -10 -3 12 13 -1
right_child=1 2 -4 -5 -6 -7 -8 -9 9 -11 -12 -13 -14 -15
leaf_value=-0.0024821947993283488 0.017069781043151544 0.0020564216533453081 0.0089905714590305576 -0.0015805841804600665 -0.0099333127124968407 0.0023776138639017884 0.0056736868231541905 -0.009541998356178763 -0.0062027144296056226 0.0066343202982032676 -0.0097857077701918264 -0.0059438424069363496 0.0079504694201569508 0.0015883170896901764
leaf_weight=162.77517964690924 20.691972583532333 13.469706952571867 18.622752673923969 21.089800864458084 17.119170915335417 19.886265531182289 17.090107381343842 12.21759796887636 13.019740521907805 30.80515568703413 19.310331784188747 26.017627842724323 15.642486400902269 119.88591776788235
leaf_count=1042 87 68 120 88 206 90 70 64 60 147 101 136 84 601
internal_value=0.000132857 0.00263354 4.93101e-05 0.00611423 -0.00123459 0.00890726 0.0121942 -0.00190456 -0.000579216 0.00276733 -0.00500281 -0.000746308 -0.000274641 -0.000756243
internal_weight=527.644 186.203 107.445 78.7581 341.44 57.6683 37.7821 88.8225 76.6049 43.8249 32.78 324.321 298.304 282.661
internal_count=2964 895 560 335 2069 247 157 440 376 207 169 1863 1727 1643
is_linear=0
shrinkage=0.02


Tree=132
num_leaves=15
num_cat=0
split_feature=17 14 6 7 10 9 14 14 8 8 8 9 16 12
split_gain=4.69299 4.02868 2.70897 3.87652 2.59667 4.66509 2.61923 5.38966 2.85951 2.39207 4.95394 4.15152 2.55111 3.55779
threshold=1327.5000000000002 1052.5000000000002 0.83333333333333337 0.55000000000000016 2.5833333333333335 1.8110000000000002 1357.5000000000002 1337.5000000000002 2.1421166666666669 1.5333333333333339 1.4383333333333337 1.8567500000000001 1162.5000000000002 0.83333333333333337
decision_type=2 2 2 2 10 10 2 2 10 8 10 10 2 10
left_child=1 2 3 -1 6 -6 7 8 9 10 12 -11 -3 -14
right_child=-2 4 -4 -5 5 -7 -8 -9 -10 11 -12 -13 13 -15
leaf_value=-0.011121732294081126 -0.0091656262165397909 0.00033915672021111082 -0.013257555532083826 0.0063185984418550481 0.0098041642150209496 -0.0052048458503433969 -0.0073326748641180904 0.00925955792703235 0.0091122347470773898 -0.0083463877795308949 0.01160979203190992 0.0044698890729967349 -0.011205538302668534 -0.00060197733096019617
leaf_weight=8.3093606978654879 22.614886645227671 264.30768822878599 13.542497538030146 10.309797074645756 26.727109178900719 11.069679871201513 17.715104103088379 24.313272282481194 11.600311160087584 34.213240146636963 13.162607587873934 13.443492129445074 18.69319811463356 35.769920900464058
leaf_count=69 242 1298 112 76 151 74 78 101 72 198 75 81 119 214
internal_value=-0.000451917 -4.2884e-05 -0.00678109 -0.00163484 0.000430602 0.00538757 -1.32867e-05 0.000315633 -0.000262442 -0.000572123 3.48366e-05 -0.00471348 -0.000477926 -0.00437782
internal_weight=525.792 503.177 32.1617 18.6192 471.016 37.7968 433.219 415.504 391.19 379.59 331.933 47.6567 318.771 54.4631
internal_count=2960 2718 257 145 2461 225 2236 2158 2057 1985 1706 279 1631 333
is_linear=0
shrinkage=0.02


Tree=133
num_leaves=15
num_cat=0
split_feature=17 18 10 11 8 8 12 17 1 15 1 11 17 11
split_gain=6.82348 4.86167 4.50313 3.55336 6.32771 11.1782 3.0143 5.92161 5.00856 4.921 4.16434 4.30248 6.57216 4.34631
threshold=1242.5000000000002 1.0000000180025095e-35 1.1666666666666667 1.7750000000000001 2.0283333333333338 1.2013000000000003 0.83333333333333337 1191.2500000000002 1.3220200000000002 1162.5000000000002 2.1230000000000007 1.3666666666666669 1082.5000000000002 1.1000000000000003
decision_type=2 2 8 10 10 10 8 2 10 2 10 10 2 8
left_child=6 2 -2 -3 5 -5 7 8 9 -1 11 13 -13 -8
right_child=1 3 -4 4 -6 -7 10 -9 -10 -11 -12 12 -14 -15
leaf_value=-0.0013559448241337053 0.0038422596693690166 -0.0079218631375093506 -0.012618218493905049 -0.002118931094822783 -0.0087033829681243055 0.026646782313746384 0.00024845939754735124 -0.0054102899617530856 0.018426254561023644 0.011371694122286963 -0.0098559706498639026 0.012507097897413631 0.0012078197811456566 -0.0067430656911753976
leaf_weight=27.032935760915279 7.5798697955906382 16.598222434520721 36.83394580706954 13.224477812647821 10.867516182363032 7.9839078038930884 162.06807489693165 18.119889579713345 12.063978530466555 20.798610061407089 15.123552307486532 24.195912152528763 114.16677918285131 44.542084403336048
leaf_count=136 58 114 306 105 89 58 783 108 68 88 112 106 628 231
internal_value=-0.000191634 -0.00507905 -0.00978625 -0.000673322 0.00320366 0.00942219 0.000856023 0.00439347 0.0073995 0.00429796 7.95846e-05 0.000542386 0.00325933 -0.00128403
internal_weight=531.2 93.0879 44.4138 48.6741 32.0759 21.2084 438.112 78.0154 59.8955 47.8315 360.096 344.973 138.363 206.61
internal_count=2990 730 364 366 252 163 2260 400 292 224 1860 1748 734 1014
is_linear=0
shrinkage=0.02


Tree=134
num_leaves=15
num_cat=0
split_feature=17 9 9 17 18 17 1 17 1 0 11 0 2 15
split_gain=3.96219 4.06589 4.59979 4.17712 4.24465 5.45358 4.10516 2.91976 4.63356 6.36337 4.07373 3.76716 3.29514 4.04687
threshold=1327.5000000000002 1.5190000000000003 1.4190000000000003 1183.7500000000002 1.0000000180025095e-35 1225.0000000000002 1.4330000000000003 1087.5000000000002 1.8000000000000005 1.6416666666666668 1.3666666666666669 1.3816666666666668 1.1666666666666667 1332.5000000000002
decision_type=2 10 8 2 2 2 10 2 10 10 10 10 2 2
left_child=1 2 7 -3 -5 -6 -4 10 9 11 -1 12 13 -9
right_child=-2 3 6 4 5 -7 -8 8 -10 -11 -12 -13 -14 -15
leaf_value=0.00023451052731697817 -0.0086899569684661428 0.0092197934150169379 -0.017371729478398653 -0.0058776351206965786 -0.0049847394785314967 0.011655887623499043 -0.00056561710813568989 0.0026811254851492319 -0.011949528860374481 0.012422606620027499 0.0091181886658721189 -0.012737893582169844 -0.0037589836643889731 -0.008498387755016535
leaf_weight=115.2431074231863 21.835167925804853 32.987395837903023 11.60288565605879 24.040294174104929 12.344583556056024 18.783189125359058 10.92124307900667 95.866214908659458 15.708104338496922 12.26918852329254 24.169290132820606 11.007047839462755 103.36420453339815 13.966071367263792
leaf_count=522 239 171 64 164 73 118 69 499 128 69 108 65 598 61
internal_value=-0.00054207 -0.000171296 -0.00100323 0.00370421 0.00030077 0.00510684 -0.00959342 -0.000485954 -0.00176767 -0.00104385 0.0018286 -0.00183267 -0.00121281 0.00119571
internal_weight=524.108 502.273 414.117 88.1555 55.1681 31.1278 22.5241 391.593 252.181 236.473 139.412 224.204 213.196 109.832
internal_count=2948 2709 2183 526 355 191 133 2050 1420 1292 630 1223 1158 560
is_linear=0
shrinkage=0.02


Tree=135
num_leaves=15
num_cat=0
split_feature=3 4 18 7 11 8 7 9 13 9 8 7 0 7
split_gain=4.65308 3.93985 5.06146 4.7541 3.77346 6.31919 3.93095 6.14546 6.33051 3.66872 6.11622 4.25072 6.20921 3.46952
threshold=2.7083333333333335 0.41666666666666669 1.0000000180025095e-35 2.6333333333333337 1.1000000000000003 1.0907500000000001 1.2250000000000003 1.167 1.5500000000000003 1.5240000000000002 2.2483333333333335 1.9000000000000001 1.5365666666666666 2.2250000000000005
decision_type=2 2 2 2 8 10 2 8 10 10 10 2 10 2
left_child=1 2 3 4 5 -1 7 8 -6 13 11 12 -11 -4
right_child=-2 -3 9 -5 6 -7 -8 -9 -10 10 -12 -13 -14 -15
leaf_value=-0.0011906710273176875 -0.0094338733427028736 -0.0029699202422737202 0.0031751579864238021 0.011800524365996724 -0.002844344981129824 0.013210040213067813 -0.0073318284158805881 -0.0084544373353398344 0.015204144786455098 -0.0039272803712397273 -0.004204159817832771 0.023493290714659817 0.016982178925104122 -0.0058088422691324618
leaf_weight=58.842972800135612 18.910639237612486 107.02140349894762 146.78891135007143 9.992393493652342 15.712957903742792 14.329586803913115 62.387154966592789 18.800255108624697 13.892210491001604 9.9532974809408241 10.430261783301829 9.7898347303271276 11.341455694288014 18.530614845454693
leaf_count=299 141 551 780 47 108 81 382 141 81 62 75 49 79 88
internal_value=5.09073e-05 0.000421961 0.00133282 -0.000986321 -0.0017409 0.00176954 -0.00405445 0.000232482 0.00584496 0.00350185 0.00874994 0.0130922 0.00747118 0.00213927
internal_weight=526.724 507.813 400.792 193.958 183.965 73.1726 110.793 48.4054 29.6052 206.834 41.5148 31.0846 21.2948 165.32
internal_count=2964 2823 2272 1139 1092 380 712 330 189 1133 265 190 141 868
is_linear=0
shrinkage=0.02


Tree=136
num_leaves=15
num_cat=0
split_feature=17 7 14 7 1 14 5 1 8 9 10 8 9 8
split_gain=4.0313 4.91904 3.23566 5.45298 3.81762 3.77886 3.40027 5.2468 5.89602 3.37308 3.11992 2.77105 3.94078 4.14992
threshold=1117.5000000000002 0.55000000000000016 1310.0000000000002 2.1000000000000005 1.9510000000000003 1202.5000000000002 0.29166666666666669 1.3455000000000001 0.82163333333333344 1.2601900000000004 0.58333333333333337 2.5116666666666672 1.4700000000000002 1.0983333333333334
decision_type=2 2 2 2 10 2 2 10 10 10 10 8 10 10
left_child=2 -2 3 4 6 -5 7 8 -1 -9 -8 12 13 -3
right_child=1 11 -4 5 -6 -7 10 9 -10 -11 -12 -13 -14 -15
leaf_value=0.003994711219273599 -0.012323709255350108 -0.00036800326455698883 0.0081602828559072891 -0.013436556806491582 0.011885930650696047 8.5361057215307726e-05 -0.0095367589211763325 0.0016768516677283954 0.018225288622600908 -0.011564475644401885 0.0005001374865422312 -0.0097962789440772923 0.0035627205315492383 -0.0085822664747121618
leaf_weight=78.976622268557549 14.244749758392571 130.79913407564163 30.907367885112762 14.366780132055281 15.225299842655657 17.865613996982574 14.858849078416823 20.516811221838001 12.885911233723162 11.116539143025873 56.201240330934525 11.493627764284609 76.887983039021492 29.329331785440445
leaf_count=373 113 798 127 69 96 79 67 105 62 62 262 92 513 188
internal_value=0.000470818 -0.00129502 0.0021694 0.00137387 0.0025559 -0.00616465 0.00176872 0.00376332 0.00616565 -0.00318818 -0.00170182 -0.000615987 -0.000131519 -0.00191646
internal_weight=535.676 262.755 272.921 242.014 209.781 32.2324 194.556 123.496 91.8625 31.6334 71.0601 248.51 237.016 160.128
internal_count=3006 1704 1302 1175 1027 148 931 602 435 167 329 1591 1499 986
is_linear=0
shrinkage=0.02


Tree=137
num_leaves=15
num_cat=0
split_feature=15 13 16 13 8 15 1 13 8 13 18 0 11 16
split_gain=4.17342 6.34379 3.62242 4.27771 3.60866 4.11266 6.77006 3.4569 11.8029 5.8848 5.01185 5.83049 6.98695 8.97056
threshold=1157.5000000000002 1.2916666666666667 1127.5000000000002 0.90000000000000013 1.6944000000000001 1202.5000000000002 1.7390300000000003 1.9000000000000001 1.5550000000000004 0.90000000000000013 1.0000000180025095e-35 0.96166666666666689 1.2250000000000003 1157.5000000000002
decision_type=2 8 2 10 10 2 8 10 10 8 2 8 10 2
left_child=7 2 -2 -4 5 -3 -7 9 -9 -1 -11 -12 -13 -14
right_child=1 4 3 -5 -6 6 -8 8 -10 10 11 12 13 -15
leaf_value=0.0026974733519372863 0.010897172086098925 0.0022159390673319695 -0.003114020376085604 0.0080062527718943975 0.0085125341708527213 -0.012031611773359208 0.0021094814317754195 0.0046223283633423226 -0.016658765884459852 -0.0080066313575346531 0.0099981542781578496 -0.0097137101800967695 0.0086733254021364517 -0.010161016824255574
leaf_weight=60.286375518888235 36.801298469305038 43.708126120269299 25.608520835638046 28.08879504352808 13.079845026135443 30.455432295799255 23.325091451406479 79.90765006840229 10.976823337376116 84.164016224443913 14.414853677153586 36.651956282556057 27.749245904386044 14.634860344231127
leaf_count=419 158 209 137 144 67 138 98 423 74 556 79 205 164 114
internal_value=-1.78789e-05 0.00224549 0.00614173 0.00274296 -0.000969992 -0.00231576 -0.00597194 -0.00140464 0.00189872 -0.00266927 -0.00449577 -0.00128251 -0.00343913 0.00208568
internal_weight=529.853 201.067 90.4986 53.6973 110.568 97.4886 53.7805 328.786 90.8845 237.901 177.615 93.4509 79.0361 42.3841
internal_count=2985 951 439 281 512 445 236 2034 497 1537 1118 562 483 278
is_linear=0
shrinkage=0.02


Tree=138
num_leaves=15
num_cat=0
split_feature=9 8 16 11 4 16 0 0 13 16 8 0 0 13
split_gain=2.91386 4.27496 2.49943 4.22946 3.83714 1.6397 5.28877 4.22946 2.33323 2.26874 4.27792 7.6795 3.89264 3.46237
threshold=2.3560000000000003 2.2483333333333335 1290.0000000000002 2.7750000000000004 1.0000000180025095e-35 1071.2500000000002 1.8345000000000005 1.1785500000000002 1.2916666666666667 1102.5000000000002 1.8016666666666667 1.4116666666666668 0.74756666666666682 1.9000000000000001
decision_type=10 8 2 10 2 2 10 10 10 2 10 10 8 10
left_child=1 2 3 5 -4 6 7 8 -1 12 13 -12 -7 -11
right_child=-2 -3 4 -5 -6 9 -8 -9 -10 10 11 -13 -14 -15
leaf_value=0.0076240742618222728 0.0093506711083216065 -0.01108991208309746 -0.017382928588437818 0.011820868555636915 -7.5151860518824152e-05 0.0040765993860855925 -0.0095487712798409414 0.011008521101158667 -0.00044045530679111809 -0.0015442370689508864 -0.0033588351405534817 0.01959967563464218 -0.0055219991636078292 0.0050381019177511257
leaf_weight=17.579560771584511 11.931754991412161 13.181044235825537 7.1979065015912083 11.520482569932936 13.68663330376148 21.22996698319912 12.853425748646258 22.896203652024269 62.619050525128841 195.82796975597739 10.811657167971136 11.038180805742739 71.574910677969456 37.169865146279335
leaf_count=77 92 96 82 69 131 99 72 108 275 1098 61 72 388 209
internal_value=-2.49968e-05 -0.000262594 4.68699e-05 0.000350545 -0.00656205 4.06779e-05 0.00208989 0.00361874 0.00139942 -0.000646805 0.000330766 0.0085896 -0.00330618 -0.000477121
internal_weight=521.119 509.187 496.006 475.121 20.8845 463.601 115.948 103.095 80.1986 347.653 254.848 21.8498 92.8049 232.998
internal_count=2929 2837 2741 2528 213 2459 532 460 352 1927 1440 133 487 1307
is_linear=0
shrinkage=0.02


Tree=139
num_leaves=15
num_cat=0
split_feature=17 11 1 9 13 8 1 9 8 9 17 6 16 15
split_gain=6.34436 4.18137 3.74598 3.36629 3.3056 5.86094 9.59642 4.67151 8.45598 6.31167 5.1983 5.17109 5.17948 4.91032
threshold=1087.5000000000002 1.3666666666666669 2.0970000000000004 1.1950000000000003 0.90000000000000013 1.6617166666666667 1.2310000000000001 1.4790000000000003 1.1080166666666669 1.0970000000000002 1117.5000000000002 1.8333333333333337 1148.7500000000002 1187.5000000000002
decision_type=2 10 8 8 8 10 10 10 8 10 2 2 2 2
left_child=1 3 -3 -1 5 6 -2 8 9 13 -10 12 -9 -6
right_child=4 2 -4 -5 7 -7 -8 11 10 -11 -12 -13 -14 -15
leaf_value=0.0034923009810958225 0.0017612505187233648 0.016152824558685965 0.0026629357808045945 -0.0065804837965201049 -0.0044960091792783817 -0.0076514683716612355 0.021190034955220597 -0.0070904184404051596 -0.001636973431120548 0.012102701549136546 -0.016432867266280342 0.008991167276700315 0.0058652006086114409 0.0037135938967729383
leaf_weight=110.38947396725416 56.379310756921768 18.050492390990257 15.324743457138537 14.133363485336302 113.69718943908811 16.585572112351656 11.468111455440519 27.976567052304745 14.826060958206652 11.996934235095976 26.680156998336315 28.536111038178205 20.5481773391366 38.224459931254387
leaf_count=497 352 82 69 72 681 129 72 180 83 73 182 161 154 167
internal_value=0.000692863 0.00403159 0.0102164 0.00230572 -0.000750962 0.0027004 0.00530534 -0.00178844 -0.00335952 -0.00128984 -0.0113106 0.00238907 -0.00159661 -0.00241964
internal_weight=524.817 157.898 33.3752 124.523 366.919 84.433 67.8474 282.486 205.425 163.919 41.5062 77.0609 48.5247 151.922
internal_count=2954 720 151 569 2234 553 424 1681 1186 921 265 495 334 848
is_linear=0
shrinkage=0.02


Tree=140
num_leaves=15
num_cat=0
split_feature=17 16 2 1 0 10 3 5 3 1 15 3 6 5
split_gain=8.5702 5.49296 4.31859 3.7269 8.20875 5.95832 5.69269 3.89068 3.38339 4.05656 3.30847 4.647 4.68059 4.28801
threshold=1188.7500000000002 1152.5000000000002 2.5833333333333335 1.1490000000000002 1.1785500000000002 0.83333333333333337 1.1000000000000003 0.36666666666666675 2.3666666666666671 1.9510000000000003 1157.5000000000002 0.77500000000000013 1.1666666666666667 0.45000000000000007
decision_type=2 2 2 8 8 10 2 2 2 10 2 2 2 2
left_child=1 3 -2 5 -5 7 -7 -1 9 10 13 -12 -13 -6
right_child=2 -3 -4 4 8 6 -8 -9 -10 -11 11 12 -14 -15
leaf_value=0.005541116859060986 -0.0039866944721573209 0.0098330006315773908 0.006995076244295244 -0.012858203850890901 0.00077134495812566071 0.0033390984832901757 0.017464258265874097 -0.0091851224290863814 -0.0054975392692724126 0.012450547692369534 -0.0031407439052026712 0.016571424544612533 0.0037227687178312333 -0.011092835766312899
leaf_weight=13.311841547489168 155.92083516344428 35.189789354801178 14.852251525968311 16.330672234296799 107.19251842051744 25.726663365960121 20.407379120588303 13.460297942161558 24.333019454032183 13.52425356954336 20.517548531293869 16.157550171017647 35.942211344838142 12.734930470585821
leaf_count=61 1083 180 119 83 541 118 97 62 158 83 88 71 156 62
internal_value=0.000673806 0.00244369 -0.00299644 0.00160205 0.000420171 0.00554204 0.00982532 -0.00192697 0.00141283 0.00225143 0.00147442 0.00481234 0.00794452 -0.000569809
internal_weight=525.602 354.829 170.773 319.639 246.733 72.9062 46.134 26.7721 230.402 206.069 192.545 72.6173 52.0998 119.927
internal_count=2962 1760 1202 1580 1242 338 215 123 1159 1001 918 315 227 603
is_linear=0
shrinkage=0.02


Tree=141
num_leaves=15
num_cat=0
split_feature=17 13 6 3 0 0 8 9 15 15 12 0 17 15
split_gain=3.26067 4.7794 8.74715 7.16919 4.52722 7.00844 4.27201 3.97074 3.93738 3.48762 3.73071 3.35074 3.77814 3.30421
threshold=1267.5000000000002 0.90000000000000013 0.83333333333333337 1.7750000000000001 1.0715166666666669 1.1785500000000002 1.7283333333333335 1.3370000000000004 1142.5000000000002 1073.7500000000002 0.58333333333333337 1.7233333333333338 1197.5000000000002 1088.7500000000002
decision_type=2 8 2 2 10 10 10 8 2 2 10 10 2 2
left_child=1 2 -1 8 6 -6 7 -3 -4 -2 -11 12 13 -7
right_child=9 4 3 -5 5 11 -8 -9 -10 10 -12 -13 -14 -15
leaf_value=0.017587725330103526 -0.014557730135878957 0.0013806478238421371 -0.010885086504431055 0.013626406469478642 -0.017074550394640443 -0.0057767605716817026 0.012196169446703526 -0.009191585035424497 0.0016759695394062673 -0.011200888455898464 0.00060347415683536544 -0.0052213735434328409 -0.0083306885077947951 0.0059219170788901779
leaf_weight=16.524957448244095 9.7452702857553941 213.7084157243371 14.295705892145632 13.28874311596155 12.175307318568228 11.382431350648401 12.677623093128203 14.22201584279537 28.113790884613991 12.902505762875078 46.233087461441755 57.977175131440163 12.359023343771694 44.745495066046715
leaf_count=90 119 1040 80 72 66 74 64 74 126 107 348 374 84 220
internal_value=-3.81753e-05 0.00058289 0.005261 0.00135812 -0.000319494 -0.00318551 0.00133827 0.000683711 -0.00271142 -0.00405895 -0.00211549 -0.00172489 0.00126759 0.0034899
internal_weight=520.352 451.471 72.2232 55.6982 379.247 138.639 240.608 227.93 42.4095 68.8809 59.1356 126.464 68.4869 56.1279
internal_count=2938 2364 368 278 1996 818 1178 1114 206 574 455 752 378 294
is_linear=0
shrinkage=0.02


Tree=142
num_leaves=15
num_cat=0
split_feature=17 15 12 13 17 14 3 1 14 15 11 1 8 18
split_gain=7.57243 6.99653 3.95826 3.7859 4.95025 4.75004 5.21375 3.64772 4.46151 3.74094 3.52907 3.44609 5.39054 3.16359
threshold=1188.7500000000002 1098.7500000000002 1.5833333333333337 1.2916666666666667 1052.5000000000002 1112.5000000000002 1.3666666666666669 1.7390300000000003 1092.5000000000002 1137.5000000000002 1.5500000000000003 1.4165600000000003 0.90959999999999996 1.0000000180025095e-35
decision_type=2 2 10 8 2 2 2 8 2 2 10 10 10 2
left_child=3 10 -3 7 5 -5 -7 11 -9 -10 -2 12 -1 -4
right_child=1 2 13 4 -6 6 -8 8 9 -11 -12 -13 -14 -15
leaf_value=0.013137477561778219 -0.019456509518254984 -0.0032397649669527158 -0.0014996514724910806 0.014132231329750141 -0.0010926524783358401 -0.0067515667223727836 0.0084696148289117573 0.010326327887532669 -0.0072835292085599822 0.0032097807584278229 -0.0062371043905055795 0.017547450005447801 -0.001204350077593942 0.0094263653416251456
leaf_weight=18.846940375864506 11.404893960803745 91.491797618567944 20.073388770222664 17.175675988197327 185.60813194513321 15.840297281742094 18.377808406949043 17.12813863158226 22.076506808400154 32.124022930860519 27.992790441960096 12.407021477818487 21.894761964678764 20.912330277264118
leaf_count=86 111 580 119 78 970 66 78 94 120 136 285 64 103 113
internal_value=0.000281396 -0.00316348 -0.000934246 0.00192357 0.000434405 0.00586495 0.00143177 0.00473284 0.0017343 -0.00111879 -0.0104508 0.0086507 0.00558591 0.00416691
internal_weight=533.355 171.875 132.478 361.479 237.002 51.3938 34.2181 124.477 71.3287 54.2005 39.3977 53.1487 40.7417 40.9857
internal_count=3003 1208 812 1795 1192 222 144 603 350 256 396 253 189 232
is_linear=0
shrinkage=0.02


Tree=143
num_leaves=15
num_cat=0
split_feature=8 8 10 2 2 11 7 7 3 0 0 16 14 0
split_gain=2.86736 4.18063 4.04938 2.90282 3.2493 5.15615 5.1708 5.85288 4.72112 3.82385 3.33022 3.58497 3.23036 2.55822
threshold=2.3550000000000009 1.9616666666666669 2.1666666666666674 2.8333333333333335 1.8333333333333337 1.6333333333333335 0.70833333333333337 1.7750000000000001 2.1000000000000005 2.0783333333333336 1.5550000000000004 1112.5000000000002 1112.5000000000002 1.6416666666666668
decision_type=8 10 10 2 2 10 2 2 2 8 10 2 2 10
left_child=1 3 -3 4 10 6 -6 8 13 -7 -1 -12 -5 -8
right_child=-2 2 -4 12 5 9 7 -9 -10 -11 11 -13 -14 -15
leaf_value=0.00039773060719078333 -0.0072898389600665157 0.015266913296534011 -0.00041166904438155711 -0.012493317124320058 0.011636065207514446 0.019111898860181935 -0.0046820372636706895 0.0078457397799890222 -0.014656317779673932 0.0033288446456563041 -0.010781235781449921 0.0015218070234678575 0.0019608147359049363 0.006590069660873883
leaf_weight=313.22924284264445 17.587521512061357 14.045499425381424 11.632462754845617 13.474072813987734 14.448496509343384 12.089896589517595 22.854925692081451 19.258949808776379 13.202057436108587 12.529880639165638 22.287321768701077 15.598161172121761 10.383144490420817 11.172362230718134
leaf_count=1637 139 83 84 104 89 74 115 93 86 89 127 111 58 66
internal_value=0.00042675 0.000708697 0.00841511 0.000280269 0.000641217 0.00370034 0.00120927 -0.00119541 -0.0049684 0.0115228 -0.000286351 -0.00580697 -0.00637678 -0.000898526
internal_weight=523.794 506.206 25.678 480.529 456.671 105.557 80.9368 66.4883 47.2293 24.6198 351.115 37.8855 23.8572 34.0273
internal_count=2955 2816 167 2649 2487 612 449 360 267 163 1875 238 162 181
is_linear=0
shrinkage=0.02


Tree=144
num_leaves=15
num_cat=0
split_feature=17 14 12 10 3 17 12 9 1 7 10 10 3 1
split_gain=4.51047 4.77792 3.22051 5.1962 6.06648 5.72285 3.81979 3.13785 4.65694 6.24138 4.0774 5.66023 3.4203 4.90618
threshold=1117.5000000000002 1052.5000000000002 1.4166666666666667 0.83333333333333337 1.4500000000000002 1077.5000000000002 0.83333333333333337 2.3810000000000007 1.8180000000000003 1.1000000000000003 2.8333333333333335 2.5833333333333335 1.6333333333333335 1.4790000000000003
decision_type=2 2 8 10 2 2 10 10 10 2 8 8 2 10
left_child=2 -2 3 6 5 -5 -1 8 10 -10 11 12 -3 -14
right_child=1 7 -4 4 -6 -7 -8 -9 9 -11 -12 -13 13 -15
leaf_value=0.0063093096233787687 -0.012888426936134614 -0.0026778720521976034 -0.00066258752256837796 0.022456425678723399 0.0004609301094713361 0.0064237368828564071 -0.0053378806151820699 0.0089215547733329046 0.0024991141656760746 -0.019423548665560647 -0.0097376146573889578 0.012498524785184151 -0.00028462104871953805 0.015235492434633003
leaf_weight=16.350637808442116 15.120175078511236 142.41067562252283 139.59163308143616 13.485959038138388 30.51404332369566 26.402490422129631 31.19895575940609 9.8107018470764142 8.1681254245340842 12.344660781323908 19.325887236744165 11.876857303082941 30.624250296503305 10.083023097366093
leaf_count=73 162 832 668 58 158 121 146 76 65 96 136 78 194 61
internal_value=-0.00047939 -0.00233456 0.00139356 0.00381205 0.00722461 0.0122609 -0.00128536 -0.00163246 -0.00210934 -0.0109836 -0.00121291 -0.000322658 -0.00121759 0.00383277
internal_weight=517.308 259.764 257.544 117.952 70.4025 39.8884 47.5496 244.644 234.833 20.5128 214.321 194.995 183.118 40.7073
internal_count=2924 1700 1224 556 337 179 219 1538 1462 161 1301 1165 1087 255
is_linear=0
shrinkage=0.02


Tree=145
num_leaves=15
num_cat=0
split_feature=18 6 11 0 11 7 6 0 16 4 0 12 16 5
split_gain=3.6871 7.86824 2.87726 4.29808 3.00369 3.10922 7.39479 4.3315 2.86018 4.69649 4.26921 7.03442 4.21994 4.3412
threshold=1.0000000180025095e-35 3.1666666666666674 0.90000000000000013 0.89500000000000002 1.3666666666666669 1.1000000000000003 0.58333333333333337 0.78545000000000009 1086.2500000000002 0.41666666666666669 1.5483333333333336 1.1666666666666667 1093.7500000000002 0.36666666666666675
decision_type=2 2 8 8 10 2 2 8 2 2 10 8 2 2
left_child=1 2 3 -1 -4 6 -6 -7 10 12 11 -2 -10 -14
right_child=8 -3 4 -5 5 7 -8 -9 9 -11 -12 -13 13 -15
leaf_value=-0.0093785659108367118 0.019149871402665792 0.01321575032243767 -0.007240849982910043 0.0037583317475580668 -0.011169785550884216 0.0064594570864168737 0.0087834614331753266 -0.0059931541371636724 -0.0088597660408310779 -0.0058591201789837634 -0.0035141545390979297 0.0035590600672038559 0.00088500349436328618 0.008850485964951112
leaf_weight=11.314264908432959 14.466364428400992 12.700401730835436 60.942479033023119 51.409823674708605 9.4197805076837522 12.570435620844362 25.193113055080175 65.541315983980894 12.04342073202133 36.584117829799652 17.923414699733257 48.705807387828827 101.09842931479216 36.663935542106628
leaf_count=55 63 59 338 266 74 72 180 423 67 194 92 213 634 198
internal_value=0.000214631 -0.00153315 -0.00237788 0.00127869 -0.0036983 -0.00173626 0.00319209 -0.00393285 0.00184187 0.000469236 0.00495258 0.00737212 0.00204329 0.00305343
internal_weight=516.577 249.092 236.391 62.7241 173.667 112.725 34.6129 78.1118 267.485 186.39 81.0956 63.1722 149.806 137.762
internal_count=2928 1467 1408 321 1087 749 254 495 1461 1093 368 276 899 832
is_linear=0
shrinkage=0.02


Tree=146
num_leaves=15
num_cat=0
split_feature=17 1 2 3 1 4 1 4 14 17 17 13 14 12
split_gain=5.52851 4.88463 5.25713 6.44288 4.87153 4.29801 4.32814 5.02978 5.20811 4.31832 4.14994 5.63899 5.27335 5.58495
threshold=1097.5000000000002 1.6760000000000002 2.1666666666666674 2.4500000000000006 1.5910000000000004 1.0000000180025095e-35 1.5590000000000004 0.41666666666666669 1267.5000000000002 1188.7500000000002 1253.7500000000002 0.90000000000000013 1235.0000000000002 1.8333333333333337
decision_type=2 10 2 2 10 2 8 2 2 2 2 10 2 10
left_child=-1 4 -3 -4 5 10 9 -8 -9 -7 11 -2 13 -13
right_child=1 2 3 -5 -6 6 7 8 -10 -11 -12 12 -14 -15
leaf_value=0.0026527754404201335 0.0086824495867767609 -0.012739063225562057 0.010000723138301706 -0.012984191052347532 0.01184016936011314 0.0017689457570656401 0.0075477729022052301 -0.0095294910824397869 0.0062405314146018569 -0.0066310333491843123 -0.011909762919515263 -0.013377637025604032 0.0055539237663745867 0.00062900142169496564
leaf_weight=186.61089164763689 14.329292573034762 28.679798018187284 11.189054433256389 7.1365687660872927 10.988676533102987 50.499538950622082 54.033318866044283 17.344515006989244 14.4914653301239 45.921358995139599 22.379451896995306 28.881700769066811 14.144470080733297 18.25823899358511
leaf_count=858 76 224 88 73 68 253 314 112 65 294 192 174 69 106
internal_value=-0.000102435 -0.00162569 -0.00753749 0.000840987 -0.000649118 -0.00117912 0.000639439 0.00388215 -0.00237967 -0.00225862 -0.00453435 -0.00222449 -0.00487316 -0.00805221
internal_weight=524.888 338.277 47.0054 18.3256 291.272 280.283 182.29 85.8693 31.836 96.4209 97.9932 75.6137 61.2844 47.1399
internal_count=2966 2108 385 161 1723 1655 1038 491 177 547 617 425 349 280
is_linear=0
shrinkage=0.02


Tree=147
num_leaves=15
num_cat=0
split_feature=17 3 2 1 0 17 12 0 0 5 0 17 16 16
split_gain=3.87216 3.45977 2.93227 6.38365 4.98737 4.50208 4.34273 3.49629 5.34505 4.39935 3.40446 3.1512 3.09796 4.73721
threshold=1082.5000000000002 2.6333333333333337 1.8333333333333337 1.6760000000000002 1.6316666666666668 1242.5000000000002 0.58333333333333337 0.87333333333333341 1.0383333333333338 0.55000000000000016 2.1116666666666668 1112.5000000000002 1152.5000000000002 1088.7500000000002
decision_type=2 2 2 10 10 2 10 8 8 2 10 2 2 2
left_child=-1 2 3 6 5 11 -2 9 -9 -8 -6 -4 13 -10
right_child=1 -3 4 -5 10 -7 7 8 12 -11 -12 -13 -14 -15
leaf_value=0.0033509558304618005 -0.006954553595157985 -0.010511668612452429 -0.0042645879073907149 -0.011118968743360966 0.014358649196685381 -0.011114298313830404 -0.0080015975828983277 0.012019937789087071 0.005749419091486717 0.0052426538178262693 0.0011192085242806874 0.0070180849475166571 0.0044142416061375839 -0.0039225476024135914
leaf_weight=147.47440512478352 31.944227177649736 12.228409651666878 15.633710004389284 22.243651304394007 19.177811644971371 11.681160576641558 32.252498626708984 18.334309458732605 26.934131070971489 13.555326722562311 12.927811972796915 23.771649375557899 60.502729639410973 72.925050385296345
leaf_count=668 204 106 82 175 127 104 177 100 131 69 97 137 386 388
internal_value=0.000617997 -0.000465391 -9.78856e-05 -0.00108264 0.00317471 -0.000730104 -0.000172312 0.00081928 0.00208416 -0.00405412 0.00922243 0.00254703 0.000880743 -0.00128267
internal_weight=521.587 374.112 361.884 278.692 83.1921 51.0865 256.448 224.504 178.696 45.8078 32.1056 39.4054 160.362 99.8592
internal_count=2951 2283 2177 1630 547 323 1455 1251 1005 246 224 219 905 519
is_linear=0
shrinkage=0.02


Tree=148
num_leaves=15
num_cat=0
split_feature=1 6 17 17 18 16 14 16 14 0 17 4 14 11
split_gain=4.48108 4.25597 5.41775 3.7545 2.19543 2.02748 2.96722 2.69551 3.11888 2.42206 6.06375 3.17064 4.34605 4.38072
threshold=1.7510000000000001 2.1666666666666674 1082.5000000000002 1037.5000000000002 1.0000000180025095e-35 1047.5000000000002 1172.5000000000002 1066.2500000000002 1167.5000000000002 1.6266666666666667 1106.2500000000002 1.0000000180025095e-35 1188.7500000000002 0.90000000000000013
decision_type=10 2 2 2 2 2 2 2 2 10 2 2 2 8
left_child=3 2 -2 -1 -4 6 -5 8 -7 11 -11 12 13 -9
right_child=1 -3 4 5 -6 7 -8 9 -10 10 -12 -13 -14 -15
leaf_value=0.0072789162429588352 0.0073326558635712219 -0.017303285095839862 -0.011974918330559896 -0.011771170431761485 -0.0021524252870618976 0.011545790696566811 0.0012052564963116708 0.0020517376782439038 -0.00019178849990980859 -0.0073290005892070976 0.010927168601430576 0.00083089119142548142 0.0017036699370188513 -0.0090419577738243915
leaf_weight=30.130551055073738 14.180433616042135 8.8081734478473646 16.743903528898954 12.701476149261 19.802646718919277 17.038600608706474 14.17113161087036 18.781948193907738 18.11858719587326 9.8888695687055606 21.661701709032059 226.33675582706928 44.349372275173664 53.943183537572622
leaf_count=125 80 56 160 60 159 81 60 103 78 52 136 1224 227 381
internal_value=-9.41644e-05 -0.00521447 -0.00282145 0.000568168 -0.00685171 8.99001e-05 -0.00513039 0.000443601 0.00565871 -5.91294e-05 0.00515578 -0.000551823 -0.00320938 -0.00618794
internal_weight=526.657 59.5352 50.727 467.122 36.5466 436.992 26.8726 410.119 35.1572 374.962 31.5506 343.411 117.075 72.7251
internal_count=2982 455 399 2527 319 2402 120 2282 159 2123 188 1935 711 484
is_linear=0
shrinkage=0.02


Tree=149
num_leaves=15
num_cat=0
split_feature=9 8 15 0 0 7 7 9 2 15 7 0 0 0
split_gain=3.26796 6.79705 2.89826 5.78027 2.70297 5.55086 4.59757 4.00026 4.3445 5.46997 3.34945 3.18239 3.57279 5.82147
threshold=2.3810000000000007 2.2483333333333335 1052.5000000000002 2.995833333333334 1.2950000000000006 2.2250000000000005 2.7750000000000004 0.96300000000000008 1.5833333333333337 1091.2500000000002 1.2250000000000003 1.0443333333333338 0.9010166666666668 0.5615500000000001
decision_type=10 8 2 8 10 2 2 10 2 2 2 10 10 10
left_child=1 2 3 -1 6 7 11 -6 -9 -10 -11 12 13 -4
right_child=-2 -3 4 -5 5 -7 -8 8 9 10 -12 -13 -14 -15
leaf_value=-0.015408835164749193 0.010087422611759021 -0.013282890320899488 -0.0001239184775885584 0.002008081611822679 -0.0028507945590648359 -0.0078895689608023106 0.0068529362088393117 0.00057017718862769099 -0.0013915178913744433 0.020710123050689835 0.0082632192606373351 -0.0067919694173431688 0.0068902620027006135 -0.0095066608801901917
leaf_weight=13.062930766493084 11.107277918606995 14.93807293474674 241.42740369215608 16.202439457178116 21.514337152242661 15.303949326276777 30.114455692470074 29.249284755438566 12.134922534227369 16.05052662268281 22.362184718251228 35.127943523228168 23.057894311845303 28.708724521100521
leaf_count=142 87 113 1259 128 107 84 134 177 88 89 122 192 119 146
internal_value=-0.000184926 -0.000423627 -1.71978e-05 -0.00601841 0.00036437 0.00299553 -0.000497616 0.00470087 0.00674698 0.0102408 0.0138576 -0.00119059 -0.000498674 -0.00115245
internal_weight=530.362 519.255 504.317 29.2654 475.052 116.615 358.436 101.311 79.7969 50.5476 38.4127 328.322 293.194 270.136
internal_count=2987 2900 2787 270 2517 667 1850 583 476 299 211 1716 1524 1405
is_linear=0
shrinkage=0.02


Tree=150
num_leaves=15
num_cat=0
split_feature=16 2 4 16 0 1 0 16 16 18 10 16 4 14
split_gain=2.50263 2.48532 2.81851 2.35981 2.31278 2.68882 3.86346 3.70043 2.77173 2.11474 2.08337 3.63398 3.31612 2.57032
threshold=1088.7500000000002 0.41666666666666669 0.41666666666666669 1098.7500000000002 2.3283333333333336 1.7510000000000001 1.7050000000000003 1162.5000000000002 1107.5000000000002 1.0000000180025095e-35 0.41666666666666669 1083.7500000000002 1.0000000180025095e-35 1193.7500000000002
decision_type=2 2 2 2 10 10 10 2 2 2 10 2 2 2
left_child=1 -1 10 9 5 6 8 -7 -5 -2 12 13 -3 -12
right_child=3 2 -4 4 -6 7 -8 -9 -10 -11 11 -13 -14 -15
leaf_value=0.008667322180468829 -0.00052246514430782942 0.013228126684940665 -0.0073657327202098187 0.0057894491689176901 0.0082205547026418524 -0.01212516032701228 0.0092403815005208077 0.0026874981305104236 -0.0012635975282380666 -0.012238974498419137 0.0018397418631797972 0.010562081737947468 -0.00026943185556629364 -0.0050670136617133365
leaf_weight=19.860837861895561 11.816185120493174 14.463000260293484 12.751430436968802 23.471286296844482 11.230632185935972 16.70623126253486 15.804500874131916 10.399362199008463 249.7517373599112 12.093006357550621 61.048202037811279 12.418538734316824 13.685586929321289 32.038816630840302
leaf_count=88 69 65 59 117 92 123 98 95 1474 66 307 64 61 139
internal_value=0.000189441 0.00220355 0.00127385 -0.000767438 -0.000314915 -0.000643103 -6.85935e-05 -0.0065487 -0.000638801 -0.00670198 0.0021467 0.000830682 0.00688163 -0.000566023
internal_weight=517.539 166.266 146.406 351.273 327.364 316.133 289.028 27.1056 273.223 23.9092 133.654 105.506 28.1486 93.087
internal_count=2917 783 695 2134 1999 1907 1689 218 1591 135 636 510 126 446
is_linear=0
shrinkage=0.02


Tree=151
num_leaves=15
num_cat=0
split_feature=17 2 0 14 2 2 0 6 14 6 9 0 15 2
split_gain=6.35021 3.77069 3.27523 2.80282 3.1747 7.08546 7.30343 6.32269 5.11469 8.69472 2.89221 2.43018 3.8306 4.52801
threshold=1188.7500000000002 2.8333333333333335 2.1583333333333337 1052.5000000000002 1.8333333333333337 1.1666666666666667 2.3183333333333338 1.1666666666666667 1097.5000000000002 1.5833333333333337 1.8630000000000002 1.1939500000000003 1088.7500000000002 1.5833333333333337
decision_type=2 2 10 2 2 2 8 2 2 2 10 10 2 2
left_child=1 2 11 -2 5 6 -5 -8 -6 -10 -7 -1 -13 -14
right_child=3 -3 -4 4 8 10 7 -9 9 -11 -12 12 13 -15
leaf_value=0.0013767655420043508 -0.01312146215508825 -0.0073870315695472241 -0.0077523926728616938 -0.0055540503715291378 0.014434480623028831 -0.013323406304500714 0.018755222998760705 0.00010100540650617556 -0.012084136293667731 0.0092590926078867392 -0.0011960656851832446 -0.002792941486764405 0.0017033159680337692 0.01219782121278803
leaf_weight=244.13956288993359 9.7111825682222825 17.006934486329556 12.268790833652018 42.637706488370895 9.4745632372796518 32.596702106297016 10.684780918061735 19.255864061415195 14.844006195664408 13.762337323278187 10.545422647148369 17.844634093344212 30.268734283745289 36.009201571345329
leaf_count=1143 111 109 78 281 81 226 68 114 107 90 87 121 152 173
internal_value=5.16223e-05 0.00154426 0.00201064 -0.00320175 -0.00249469 -0.00413467 -0.000287712 0.00714906 0.00246718 -0.00185012 -0.0104533 0.00239797 0.0053107 0.0075016
internal_weight=521.05 357.538 340.531 163.513 153.801 115.72 72.5784 29.9406 38.0809 28.6063 43.1421 328.262 84.1226 66.2779
internal_count=2941 1776 1667 1165 1054 776 463 182 278 197 313 1589 446 325
is_linear=0
shrinkage=0.02


Tree=152
num_leaves=15
num_cat=0
split_feature=14 18 1 14 1 14 12 12 17 1 17 14 1 18
split_gain=2.47821 3.15825 4.68072 6.31659 4.9322 4.62896 3.79666 3.25333 4.68211 3.18577 3.81861 3.17358 3.05939 3.6325
threshold=1277.5000000000002 1.0000000180025095e-35 1.0806400000000003 1122.5000000000002 0.78381000000000012 1112.5000000000002 1.1666666666666667 2.1666666666666674 1092.5000000000002 1.2310000000000001 1183.7500000000002 1202.5000000000002 2.0690000000000004 1.0000000180025095e-35
decision_type=2 2 8 2 10 2 10 10 2 10 2 2 8 2
left_child=1 11 4 5 -3 6 -4 8 -5 -10 -11 -1 13 -2
right_child=12 2 3 7 -6 -7 -8 -9 9 10 -12 -13 -14 -15
leaf_value=-0.0037843096872745732 0.0052473068909971348 0.001796652700768662 -0.0040208441039009234 -0.012851553945879966 0.01740588137473981 0.015683128655606643 0.0049631937979173176 0.0040623462670493805 -0.0068708551899150129 0.01125182296503213 -0.0039261841267883135 0.001996840164418237 0.0083494497254976343 -0.0041105787759773008
leaf_weight=161.16529040038586 31.538690470159054 21.852480009198189 28.356660358607769 23.723278790712357 12.118046596646307 9.92481482028961 51.699802227318287 15.955009981989859 27.043240211904049 10.906750708818437 14.137557610869406 48.901025600731373 27.61423334479332 32.868052341043949
leaf_count=1025 149 117 200 105 64 53 301 77 152 57 96 256 116 150
internal_value=-5.07984e-05 -0.000695412 0.00100245 -0.000285316 0.00770332 0.00346067 0.00177063 -0.00395616 -0.00567464 -0.0022254 0.00286204 -0.00243544 0.00290726 0.000481956
internal_weight=517.805 425.784 215.718 181.747 33.9705 89.9813 80.0565 91.7658 75.8108 52.0875 25.0443 210.066 92.021 64.4067
internal_count=2918 2503 1222 1041 181 554 501 487 410 305 153 1281 415 299
is_linear=0
shrinkage=0.02


Tree=153
num_leaves=15
num_cat=0
split_feature=7 7 7 16 14 16 3 5 17 3 16 16 10 0
split_gain=2.60744 2.51098 3.53609 2.86257 4.77357 3.31641 4.30359 3.74266 2.74088 5.37036 3.39016 3.12879 3.19518 5.10023
threshold=3.1000000000000005 2.9000000000000004 2.7750000000000004 1290.0000000000002 1247.5000000000002 1197.5000000000002 1.1000000000000003 1.0000000180025095e-35 1052.5000000000002 1.1000000000000003 1060.0000000000002 1071.2500000000002 0.83333333333333337 0.43898333333333339
decision_type=2 2 2 2 2 2 2 2 2 2 2 2 10 8
left_child=1 2 3 5 -5 8 -7 -8 9 -1 -10 -12 -13 -14
right_child=-2 -3 -4 4 -6 6 7 -9 10 -11 11 12 13 -15
leaf_value=-0.0052384275040239297 0.0081665771193879296 -0.0083382348394835555 0.011114335389620271 -0.011564238672041868 0.0081259095452505849 0.014440759333969605 0.010500024152102506 -0.0051490394282636088 -0.0081698005378374513 0.0077738990416778295 0.004879766104423546 -0.0046646209345364842 0.0096212356326473847 -0.00076538478506920054
leaf_weight=17.417035579681396 15.279382370412348 12.9342073649168 10.743535794317721 18.00497799739242 5.8463036492466918 13.801380872726439 8.7508504427969473 15.400524728000162 22.322414331138134 40.678815141320229 40.275208204984665 71.188983969390392 19.73314892500639 214.12943112105131
leaf_count=73 69 61 51 220 40 85 67 110 107 178 193 380 102 1251
internal_value=0.000286837 3.58466e-05 0.000269478 8.24215e-06 -0.00660512 0.000361896 0.00594773 0.00071317 -0.00014882 0.0038502 -0.000789473 -0.000290186 -0.000986476 0.000148264
internal_weight=526.506 511.227 498.293 487.549 23.8513 463.698 37.9528 24.1514 425.745 58.0959 367.649 345.327 305.052 233.863
internal_count=2987 2918 2857 2806 260 2546 262 177 2284 251 2033 1926 1733 1353
is_linear=0
shrinkage=0.02


Tree=154
num_leaves=15
num_cat=0
split_feature=17 8 8 9 9 12 10 12 15 11 13 13 17 15
split_gain=4.316 3.43842 4.92681 3.81147 5.47194 3.3839 3.32513 3.23332 5.17909 3.15911 3.13386 5.09206 4.73327 3.77061
threshold=1235.0000000000002 1.8150000000000002 1.5333333333333339 1.5190000000000003 1.379 3.1666666666666674 1.8333333333333337 1.5833333333333337 1137.5000000000002 2.3666666666666671 1.9000000000000001 1.2916666666666667 1077.5000000000002 1210.0000000000002
decision_type=2 10 8 10 10 10 10 10 2 10 10 10 2 2
left_child=1 2 3 4 5 10 -3 9 -9 -2 11 12 -1 -14
right_child=7 6 -4 -5 -6 -7 -8 8 -10 -11 -12 -13 13 -15
leaf_value=0.0093741009298837115 -0.0099022535016488698 0.013038286779805208 -0.0079865837423322462 0.010610021119463044 -0.011567412276197618 -0.0084301316968888526 0.00027884423980345161 -0.0073654080463640137 0.0093993953896572835 -0.00038278699045465853 0.0040664410966866921 -0.0033904252142775964 -0.001761203826882585 0.007663676556765529
leaf_weight=29.121103309094906 44.10247702896595 14.828325748443605 29.730322431772947 12.929147534072397 14.785947680473326 15.275135718286036 16.976909376680851 13.536038581281902 13.972928978502749 20.304893579334021 90.167064409703016 111.64973730221391 76.755561869591475 20.724541321396828
leaf_count=128 355 78 176 69 85 78 102 111 79 183 442 573 418 87
internal_value=-0.000620807 0.000218095 -0.000290313 0.000345546 -5.31446e-05 0.00047433 0.0064437 -0.00453202 0.00118112 -0.00695291 0.000912821 -0.000292688 0.00244437 0.000300025
internal_weight=524.86 432.944 401.139 371.408 358.479 343.693 31.8052 91.9163 27.509 64.4074 328.418 238.251 126.601 97.4801
internal_count=2964 2236 2056 1880 1811 1726 180 728 190 538 1648 1206 633 505
is_linear=0
shrinkage=0.02


Tree=155
num_leaves=15
num_cat=0
split_feature=0 10 0 16 0 0 8 8 13 3 7 16 0 0
split_gain=3.08799 9.74601 7.68282 3.3334 4.81114 3.29836 3.25815 3.78251 3.04427 4.77914 4.47292 3.85018 3.01718 3.06308
threshold=0.85391666666666699 0.83333333333333337 1.0715166666666669 1172.5000000000002 0.5615500000000001 1.1785500000000002 1.111666666666667 1.5983333333333334 0.90000000000000013 1.7750000000000001 1.1000000000000003 1177.5000000000002 2.1350000000000002 2.3283333333333336
decision_type=8 10 8 2 10 8 10 10 8 2 2 2 10 10
left_child=1 -1 6 4 -3 -4 -2 -8 9 10 -7 -11 -10 -14
right_child=2 3 5 -5 -6 8 7 -9 12 11 -12 -13 13 -15
leaf_value=-0.014906353634926008 0.017653040057881545 0.0089452930040428615 -0.0085421758105575837 -0.0066049512262782526 -0.0047130788417116733 0.0090352276806189933 -0.0025964097980012823 0.012246032749155008 -0.00013611809930623569 0.016882083113980172 -0.0034305791739615847 0.00044852774873676746 -0.016380163822890842 -0.0017992583484413775
leaf_weight=21.329336255788803 11.408968448638914 25.412978455424309 17.212914519011974 17.028061486780643 16.116650462150574 15.427791398018597 13.16843678802252 12.727837372571228 285.97648523002863 14.833444572985174 37.495362862944603 8.9999456182122213 8.4439977481961268 15.526217989623545
leaf_count=101 54 120 102 114 80 97 70 77 1558 81 221 91 59 121
internal_value=-7.05961e-05 -0.00366343 0.000586731 0.000613275 0.00365862 -0.000224529 0.00914706 0.00488263 0.000166783 0.00370585 0.000303533 0.0109444 -0.000718747 -0.00738597
internal_weight=521.108 79.887 441.221 58.5577 41.5296 403.916 37.3052 25.8963 386.703 76.7565 52.9232 23.8334 309.947 23.9702
internal_count=2946 415 2531 314 200 2330 201 147 2228 490 318 172 1738 180
is_linear=0
shrinkage=0.02


Tree=156
num_leaves=15
num_cat=0
split_feature=17 8 8 2 15 0 3 13 0 7 1 14 15 0
split_gain=3.62619 5.46707 6.21061 5.02427 3.99313 4.59461 3.83729 3.45964 6.32707 4.14528 5.29151 4.16173 4.78784 3.09233
threshold=1188.7500000000002 1.7905500000000003 1.5550000000000004 2.5833333333333335 1262.5000000000002 0.70166666666666677 0.70833333333333337 1.2250000000000003 1.9233333333333336 1.2250000000000003 1.7390300000000003 1077.5000000000002 1142.5000000000002 1.7050000000000003
decision_type=2 10 8 2 2 8 2 10 10 2 8 2 2 10
left_child=1 2 7 4 5 -2 -7 9 -9 11 -11 -1 -13 -8
right_child=3 -3 -4 -5 -6 6 13 8 -10 10 -12 12 -14 -15
leaf_value=0.0091976737392795525 -0.016619167983673969 0.010747425429021988 -0.010597733515312872 0.0085507075781035124 0.0030964069815094422 0.0058000680548911457 -0.0069360043498831762 0.00065226752560853586 -0.012548244969995887 0.014149436102876294 0.0022204226391619544 -0.011337192071587851 0.0042272143593582116 0.0019577566455349273
leaf_weight=11.248920328915117 11.575689055025576 21.099596194922924 18.118445210158825 14.1351854018867 28.577175498008728 13.774933859705923 77.789816875010729 196.71293359994888 14.676004685461519 25.729456916451454 34.556906215846539 16.953597955405716 13.392491877079008 19.036568406969309
leaf_count=62 83 111 103 117 138 90 584 950 101 114 159 93 58 160
internal_value=-2.94935e-05 0.00111538 0.000471615 -0.00246889 -0.00355166 -0.00511915 -0.00377741 0.00114351 -0.000318965 0.00415154 0.00745938 -0.000705286 -0.00455251 -0.00518531
internal_weight=517.378 352.488 331.389 164.889 150.754 122.177 110.601 313.27 211.389 101.881 60.2864 41.595 30.3461 96.8264
internal_count=2923 1751 1640 1172 1055 917 834 1537 1051 486 273 213 151 744
is_linear=0
shrinkage=0.02


Tree=157
num_leaves=15
num_cat=0
split_feature=17 18 17 15 0 15 15 17 0 1 2 13 13 10
split_gain=5.87983 5.72929 5.24666 4.42158 4.28689 3.75793 4.16354 4.36454 3.11251 4.48235 4.1542 3.54955 4.42638 5.2284
threshold=1052.5000000000002 1.0000000180025095e-35 1267.5000000000002 1137.5000000000002 1.5150000000000003 1071.2500000000002 1047.5000000000002 1142.5000000000002 1.4858333333333336 1.5420000000000003 2.1666666666666674 0.77500000000000013 1.2916666666666667 0.83333333333333337
decision_type=2 2 2 2 10 2 2 2 10 10 2 10 10 10
left_child=4 2 -2 -4 -1 6 7 -3 11 -10 -11 -7 -13 -14
right_child=1 5 3 -5 -6 8 -8 -9 9 10 -12 12 13 -15
leaf_value=0.0085205329135933771 -0.0015890379609167053 0.013273672503898187 -0.017591544655053491 -0.0028479214210185093 -0.0041816747329513756 -0.0058282825011049776 -0.011695977282850038 -0.0082349690358617094 0.016664820553194615 -0.0033970413747058613 0.01175184957447912 0.0067123765407071491 -0.0080012786898948415 0.002614337303547602
leaf_weight=49.80341038107872 193.5002171471715 6.8776951432228106 15.447759766131638 17.020512349903584 12.780852317810057 23.266838263720274 15.822808630764483 6.3167056404054165 12.913151122629641 17.375380869954828 11.032464966177939 57.49141114205122 24.721516311168671 65.652244992554188
leaf_count=210 1076 46 174 117 60 135 119 75 67 105 65 303 117 323
internal_value=0.00019498 -0.000580025 -0.00286265 -0.0101787 0.00590154 0.00155906 -0.00507862 0.00312187 0.00248519 0.00734486 0.00268574 0.00127593 0.00242544 -0.000345324
internal_weight=530.023 467.439 225.968 32.4683 62.5843 241.47 29.0172 13.1944 212.453 41.321 28.4078 171.132 147.865 90.3738
internal_count=2992 2722 1367 291 270 1355 240 121 1115 237 170 878 743 440
is_linear=0
shrinkage=0.02


Tree=158
num_leaves=15
num_cat=0
split_feature=9 9 13 15 16 7 15 16 14 3 13 0 6 0
split_gain=4.25003 5.57496 4.98962 5.43089 5.86195 10.5109 7.00208 5.73532 9.0783 4.31994 4.21921 8.3182 3.65423 3.6318
threshold=2.0210000000000004 2.3222500000000004 1.2916666666666667 1167.5000000000002 1071.2500000000002 1.5500000000000003 1112.5000000000002 1112.5000000000002 1157.5000000000002 1.6333333333333335 1.7750000000000001 1.0950000000000004 1.4166666666666667 1.1785500000000002
decision_type=8 10 10 2 2 2 2 2 2 2 10 10 2 10
left_child=2 -2 13 4 5 -4 10 8 -8 12 -6 -12 -9 -1
right_child=1 -3 3 -5 6 -7 7 9 -10 -11 11 -13 -14 -15
leaf_value=0.0013465520078512522 -0.01437296035454984 0.0026283886921686672 1.106157618131783e-05 -0.0052978004770746342 -0.011341246150177467 0.016420891332769454 0.007922763362340662 0.0087141316680037668 -0.014699449176284128 0.017405833852158936 0.0077650728961549363 -0.011084126485387522 -0.0051426959756770627 0.007538570162765137
leaf_weight=151.81566745787859 16.986591752618555 13.042769249528645 49.185671407729387 88.091555297374725 32.91690381616354 21.87521867454052 12.269444331526758 17.660004034638408 14.419800564646719 11.205970495939253 18.285676397383213 17.226312696933746 11.99906327575445 49.768925938755274
leaf_count=850 133 106 238 402 237 98 60 97 74 60 107 136 67 311
internal_value=3.9482e-05 -0.00714197 0.000487116 -0.00116856 0.000605339 0.0052204 -0.00182686 0.00272308 -0.00438914 0.007362 -0.00629317 -0.00143153 0.00312324 0.00290496
internal_weight=526.75 30.0294 496.72 295.136 207.044 71.0609 135.983 67.5543 26.6892 40.865 68.4289 35.512 29.6591 201.585
internal_count=2976 239 2737 1576 1174 336 838 358 134 224 480 243 164 1161
is_linear=0
shrinkage=0.02


Tree=159
num_leaves=15
num_cat=0
split_feature=17 16 13 13 16 17 13 10 13 17 16 12 17 7
split_gain=4.55373 3.51969 2.52492 2.83773 3.24259 4.39712 3.21299 2.84196 5.05488 6.9834 3.38025 7.76127 6.31617 4.21635
threshold=1267.5000000000002 1197.5000000000002 2.7083333333333335 1.9000000000000001 1137.5000000000002 1042.5000000000002 2.1000000000000005 0.83333333333333337 1.4500000000000002 1077.5000000000002 1127.5000000000002 1.4166666666666667 1071.2500000000002 2.2250000000000005
decision_type=2 2 8 10 2 2 10 10 8 2 2 10 2 2
left_child=1 2 3 7 5 -5 -7 8 -1 -10 11 -9 -13 -12
right_child=-2 -3 -4 4 -6 6 -8 10 9 -11 13 12 -14 -15
leaf_value=0.00086585620007398139 -0.0045467012896052948 0.0092065664914942232 -0.0053369040651970187 0.011668345018797188 0.012811962122714911 0.0052638005225341669 -0.0031591838139714513 0.0074721534355414168 0.00061505948756896539 -0.017104141012064433 -0.0031265072390784265 -0.01337475402713572 0.0020033984271866558 0.0086129754977641391
leaf_weight=55.657030928879976 65.963283646851778 19.169491328299046 25.431998915970325 15.867200478911398 13.210976291447876 29.894456643611193 42.801779463887215 75.36891982704401 16.695627234876156 17.884178467094898 84.702706947922707 14.350313305854796 34.466332476586103 13.297100521624087
leaf_count=271 567 114 128 68 78 154 218 382 76 100 499 65 188 65
internal_value=0.000326787 0.00103583 0.000659473 0.00103962 0.00392245 0.00246816 0.000328977 9.09965e-05 -0.00288323 -0.00877222 0.00130644 0.00348592 -0.00269495 -0.00146273
internal_weight=524.761 458.798 439.629 414.197 101.774 88.5634 72.6962 312.422 90.2368 34.5798 222.185 124.186 48.8166 97.9998
internal_count=2973 2406 2292 2164 518 440 372 1646 447 176 1199 635 253 564
is_linear=0
shrinkage=0.02


Tree=160
num_leaves=15
num_cat=0
split_feature=15 17 16 17 18 12 11 12 12 11 14 0 12 0
split_gain=6.97505 5.31567 4.55019 3.87344 3.11054 4.9035 4.36276 2.89562 6.80231 4.65584 4.38633 2.8519 6.34211 6.52049
threshold=1060.0000000000002 1253.7500000000002 1202.5000000000002 1097.5000000000002 1.0000000180025095e-35 0.83333333333333337 1.9000000000000001 1.4166666666666667 2.1666666666666674 0.63333333333333341 1112.5000000000002 1.0383333333333338 1.5833333333333337 0.88075000000000003
decision_type=2 2 2 2 2 10 8 8 10 10 2 10 10 8
left_child=-1 2 3 7 6 -6 -3 -2 10 -10 -9 12 -5 -14
right_child=1 4 -4 11 5 -7 -8 8 9 -11 -12 -13 13 -15
leaf_value=-0.0077229134627954813 0.006936958883704946 0.00023871498229567615 0.01301058907844911 -0.0018562097999608102 -0.0082513866192725632 0.0058654014366989584 -0.013910005669664358 0.0046299274426221115 -0.0022940038649236637 0.011166942376417377 -0.0074619354388736452 -0.0028228453645117403 -0.0026860509715882727 0.011213178196685105
leaf_weight=35.469469308853149 76.395298093557358 15.196532201021908 14.115717962384222 80.211730055510998 15.246630005538462 23.970876224339008 19.342005345970392 17.570349887013435 14.303521066904066 32.996487826108932 33.503100946545601 83.953076079487801 19.586986392736435 40.211006052792072
leaf_count=321 339 116 81 408 125 164 174 84 64 146 152 483 102 199
internal_value=0.000716002 0.00134571 0.00222994 0.0018167 -0.00356739 0.000308497 -0.00785319 0.00403905 0.00174141 0.00713314 -0.00329305 7.22486e-05 0.00181592 0.00669115
internal_weight=522.073 486.603 412.847 398.732 73.756 39.2175 34.5385 174.769 98.3735 47.3 51.0735 223.963 140.01 59.798
internal_count=2958 2637 2058 1977 579 289 290 785 446 210 236 1192 709 301
is_linear=0
shrinkage=0.02


Tree=161
num_leaves=15
num_cat=0
split_feature=3 9 1 1 1 13 1 0 6 3 9 6 9 9
split_gain=2.93042 2.88361 2.34486 4.63531 3.79655 3.79964 3.86059 5.57252 4.78399 3.64111 3.1333 6.34379 3.87055 6.386
threshold=2.6333333333333337 0.91300000000000014 1.9510000000000003 2.1230000000000007 1.7510000000000001 1.2916666666666667 1.103 0.5615500000000001 1.5833333333333337 1.7750000000000001 1.5030000000000003 1.8333333333333337 1.1950000000000003 0.95500000000000007
decision_type=2 10 8 8 10 10 10 10 2 2 10 2 10 10
left_child=2 -2 4 -4 5 6 7 8 -1 -6 12 -12 13 -7
right_child=1 -3 3 -5 9 10 -8 -9 -10 -11 11 -13 -14 -15
leaf_value=-0.003041490890449678 -0.00091484731250067713 -0.016330584768835938 0.012729191070199175 0.0012516986510395607 -0.015574979218810832 -0.0053294723532741773 0.0069656770700810425 -0.0071901432675108724 0.01414512840022737 0.00010737867071972706 -0.0040528571787171652 0.012115597963670692 -0.0098771745180481572 0.0071281449048214785
leaf_weight=12.043912205845119 12.140878967940809 7.2307931855320922 14.032935578376053 227.29703574255109 11.885468423366548 50.914259321987629 48.412540588527918 26.022948376834393 12.320732373744248 10.93327112495899 22.328239411115646 15.707393996417521 29.582322001457214 23.127367578446865
leaf_count=70 78 70 96 1256 83 245 292 146 61 77 134 83 163 116
internal_value=0.000249589 -0.0071882 0.000548775 0.00196887 -0.000755458 -1.00084e-06 0.00299242 -0.000886368 0.00586448 -0.00837196 -0.00209509 0.00276348 -0.00388782 -0.00139512
internal_weight=523.98 19.3717 504.608 241.33 263.278 240.46 98.8001 50.3876 24.3646 22.8187 141.66 38.0356 103.624 74.0416
internal_count=2970 148 2822 1352 1470 1310 569 277 131 160 741 217 524 361
is_linear=0
shrinkage=0.02


Tree=162
num_leaves=15
num_cat=0
split_feature=17 11 15 18 9 9 15 10 0 17 11 11 1 17
split_gain=3.39884 3.29753 3.20333 2.87836 5.04159 5.01886 4.22417 2.72231 2.69908 5.05218 4.01152 3.36226 3.16455 3.00446
threshold=1242.5000000000002 2.5500000000000003 1290.0000000000002 1.0000000180025095e-35 1.3110000000000002 1.7890000000000004 1132.5000000000002 1.5833333333333337 1.8860333333333335 1071.2500000000002 0.90000000000000013 1.9000000000000001 2.0020000000000007 1202.5000000000002
decision_type=2 10 2 2 10 10 2 8 8 2 10 10 8 2
left_child=1 2 8 6 -5 -6 7 -2 9 10 -1 -11 -10 -14
right_child=3 -3 -4 4 5 -7 -8 -9 12 11 -12 -13 13 -15
leaf_value=0.0018214566974055796 -0.001592884947033225 0.010313194406121282 0.0050460271124380604 -0.0064509052209914073 0.017318510868835294 -0.0010812007918258276 -0.0010245565640996965 -0.018308326311460531 -0.0096412471336148262 -0.0018021572162546567 0.013834057628942072 0.006587764010062773 -0.0017502600448791523 0.0078252348887115613
leaf_weight=24.771699011325836 5.5566468350589302 13.037270635366438 52.263425827026367 24.029701668769121 8.8870827816426772 14.54414042830467 21.065292328596115 13.876699738204477 17.7480388879776 111.65237739682198 19.715445026755333 22.011536967009306 162.78233264759183 13.25973106920719
leaf_count=110 52 74 220 184 61 118 141 161 108 619 87 122 838 83
internal_value=5.19682e-05 0.000775383 0.000458688 -0.00351238 -0.000145293 0.00632073 -0.00735973 -0.0138407 -0.000197705 0.00157464 0.0073322 -0.00038186 -0.00182674 -0.000988895
internal_weight=525.201 437.242 424.205 87.9596 47.4609 23.4312 40.4986 19.4333 371.941 178.151 44.4871 133.664 193.79 176.042
internal_count=2978 2261 2187 717 363 179 354 213 1967 938 197 741 1029 921
is_linear=0
shrinkage=0.02


Tree=163
num_leaves=15
num_cat=0
split_feature=17 15 2 14 14 13 12 0 10 6 12 2 14 6
split_gain=4.22351 5.15882 6.63225 3.94179 3.337 3.29778 3.85971 3.45109 2.42177 2.77345 2.38164 3.66675 2.64964 4.11643
threshold=1188.7500000000002 1071.2500000000002 2.5833333333333335 1357.5000000000002 1310.0000000000002 1.2916666666666667 0.83333333333333337 2.0083333333333342 1.0000000180025095e-35 2.8333333333333335 2.8333333333333335 2.8333333333333335 1068.7500000000002 0.83333333333333337
decision_type=2 2 2 2 2 8 10 8 10 2 10 2 2 2
left_child=3 -2 5 4 8 6 -3 -7 -1 10 11 12 13 -10
right_child=1 2 -4 -5 -6 7 -8 -9 9 -11 -12 -13 -14 -15
leaf_value=-0.005912676048766035 -0.011443862580803861 -0.0035744763083433123 0.013764983846852928 -0.0087884225359974796 0.008322579500158309 -0.009677694850479257 0.0051204635707168067 0.000558864365324034 0.01560354351983019 -0.0056143362339496862 -0.0036445597478966057 -0.0065604500523034079 0.0027980382180939618 0.00088659734337218153
leaf_weight=15.300567381083964 19.359511658549309 41.027758628129959 10.700871620327232 12.479673385620115 31.816473767161369 32.757818937301636 38.743535730987787 21.43393062800169 16.222275905311111 17.048083379864693 22.515861351042986 14.198902670294045 219.2691293284297 13.837907820940016
leaf_count=74 227 296 72 53 135 205 255 122 92 79 115 99 1077 87
internal_value=0.000638458 -0.00201675 -0.000685276 0.0018415 0.00224424 -0.00193299 0.000659617 -0.00569216 0.00161269 0.00201077 0.0024832 0.00301856 0.00358809 0.00907541
internal_weight=526.712 164.023 144.664 362.689 350.209 133.963 79.7713 54.1917 318.393 303.092 286.044 263.528 249.329 30.0602
internal_count=2988 1177 950 1811 1758 878 551 327 1623 1549 1470 1355 1256 179
is_linear=0
shrinkage=0.02


Tree=164
num_leaves=15
num_cat=0
split_feature=17 13 11 10 7 11 1 0 13 12 3 7 12 10
split_gain=3.92059 3.67984 4.71455 4.90631 6.04757 3.1414 2.89432 7.21731 3.30074 8.42209 4.8726 3.21372 2.72084 3.04293
threshold=1152.5000000000002 1.3666666666666669 1.4500000000000002 2.1666666666666674 1.3666666666666669 0.90000000000000013 1.3220200000000002 1.1883333333333337 0.90000000000000013 0.83333333333333337 1.6333333333333335 1.9000000000000001 0.83333333333333337 1.4166666666666667
decision_type=2 8 10 10 2 8 8 10 10 10 2 2 8 8
left_child=12 6 5 4 -4 -3 7 11 9 10 -8 -2 -1 -14
right_child=1 2 3 -5 -6 -7 8 -9 -10 -11 -12 -13 13 -15
leaf_value=0.006027327735283851 -0.0061247521433709607 0.00089423932236705429 0.014496231349037556 -0.0077713912790102618 -0.0024461950521841918 -0.011917082972278198 -0.0091093514481994774 0.017597793053380679 -0.0057179623908817628 0.016242535743841841 0.0066015634125079674 0.0063631478081061276 0.0020116133896697632 -0.0031781515878105521
leaf_weight=47.157886885106564 17.055573422461752 9.4694664068520051 12.596444644033907 22.477862007915974 21.552804540842772 36.236333150416613 19.770101290196184 11.377251118421553 40.312223993241787 11.283572219312189 11.8444846868515 14.171774085611103 198.94559380784631 57.432095315307379
leaf_count=218 122 58 86 153 131 236 147 72 286 78 106 78 954 291
internal_value=0.000177423 -0.0017991 -0.00459595 -0.000703263 0.00403789 -0.00930048 0.000494049 0.00467305 -0.00167573 0.00216656 -0.00320128 -0.000435831 0.00166408 0.000841204
internal_weight=531.683 228.148 102.333 56.6271 34.1492 45.7058 125.815 42.6046 83.2104 42.8982 31.6146 31.2273 303.536 256.378
internal_count=3016 1553 664 370 217 294 889 272 617 331 253 200 1463 1245
is_linear=0
shrinkage=0.02


Tree=165
num_leaves=15
num_cat=0
split_feature=17 11 15 12 3 1 10 13 11 16 13 6 13 1
split_gain=3.05814 3.05837 2.94111 3.8119 3.52208 3.43006 3.16557 4.27959 3.31425 2.59858 2.553 6.9885 3.89905 4.02052
threshold=1197.5000000000002 2.2916666666666674 1098.7500000000002 0.83333333333333337 1.4500000000000002 1.3910000000000002 1.8333333333333337 0.90000000000000013 1.5500000000000003 1177.5000000000002 1.2916666666666667 1.8333333333333337 1.9000000000000001 1.0593500000000002
decision_type=2 10 2 10 2 8 8 8 10 2 8 2 10 8
left_child=1 10 5 4 -4 -2 8 -8 -7 -5 11 -1 -12 -14
right_child=2 -3 3 9 -6 6 7 -9 -10 -11 12 -13 13 -15
leaf_value=0.00069411147815879193 -0.019459705580948328 0.011072142967130733 -0.0091496522495536966 -0.00082330168952226591 0.0053102653891104338 -0.0060801274186051872 0.0030975444436408335 -0.019560480202801555 0.012956203745986477 0.0066612645861755648 -0.0019525332675820646 0.010581602103310309 0.010798167911325953 0.0012481831773626154
leaf_weight=90.808244772255421 5.8454235307872322 13.127422310411928 24.874514490365982 40.210348188877106 8.3656263910233957 6.4613838121294993 5.3561911024153206 6.8973490372300157 6.3053152747452259 33.148872878402472 132.46979569271207 40.840521231293678 20.843553736805916 93.315563332289457
leaf_count=461 60 73 176 230 63 72 65 80 63 213 694 184 96 465
internal_value=0.0010261 0.00192626 -0.00153235 6.07558e-05 -0.00546168 -0.00686364 -0.00328607 -0.0101699 0.00357987 0.00260285 0.00158052 0.00381809 0.000375519 0.00307048
internal_weight=528.87 391.405 137.465 106.599 33.2401 30.8657 25.0202 12.2535 12.7667 73.3592 378.278 131.649 246.629 114.159
internal_count=2995 1973 1022 682 239 340 280 145 135 443 1900 645 1255 561
is_linear=0
shrinkage=0.02


Tree=166
num_leaves=15
num_cat=0
split_feature=14 11 8 9 14 18 8 9 8 3 9 15 0 14
split_gain=3.54975 2.90181 2.47488 2.97054 5.30031 5.03244 3.32842 6.3176 4.45499 5.00992 5.05109 4.32524 4.01873 3.60283
threshold=1047.5000000000002 1.1000000000000003 2.5116666666666672 1.5190000000000003 1357.5000000000002 1.0000000180025095e-35 1.2500000000000002 1.3110000000000002 0.86035000000000006 1.6333333333333335 1.1950000000000003 1270.0000000000002 1.3063500000000006 1261.2500000000002
decision_type=2 8 8 10 2 2 10 10 10 2 10 2 10 2
left_child=1 -1 3 4 6 -5 8 -8 11 10 -10 13 -9 -2
right_child=2 -3 -4 5 -6 -7 7 12 9 -11 -12 -13 -14 -15
leaf_value=1.5574200520918673e-05 -0.00024611998767668316 -0.013847926256563642 -0.0086427605289455551 -0.0014291513246410782 -0.012426088579033504 0.0082055656723618794 -0.012374667282544024 -0.0070122331974535462 0.0067442525403583718 0.014714251401691386 -0.0080931750650860019 0.0055200331179074084 0.0073173895955503093 -0.0072038872476085569
leaf_weight=10.937461800873281 202.56613974645734 12.479146163910626 11.42424103617668 39.930244643241167 12.980536028742788 45.803238391876221 22.236447777599096 12.355183117091658 26.875723771750927 16.867307830601931 12.717640377581118 43.568085819482803 17.97499517723918 33.913492947816849
leaf_count=81 1112 142 88 260 57 266 131 70 136 93 71 184 110 156
internal_value=-0.000191129 -0.00763711 0.000172709 0.000396431 -0.000326954 0.00375347 0.000107525 -0.00452419 0.000842315 0.0059151 0.00189641 -0.000197821 0.00144263 -0.00127006
internal_weight=522.63 23.4166 499.213 487.789 402.056 85.7335 389.075 52.5666 336.508 56.4607 39.5934 280.048 30.3302 236.48
internal_count=2957 223 2734 2646 2120 526 2063 311 1752 300 207 1452 180 1268
is_linear=0
shrinkage=0.02


Tree=167
num_leaves=15
num_cat=0
split_feature=17 9 9 16 0 2 13 13 2 4 3 7 9 1
split_gain=2.85471 4.59028 4.5404 2.87212 3.89157 2.5447 4.15423 2.62935 2.52204 10.5126 3.92503 4.19025 3.46606 3.38532
threshold=1197.5000000000002 1.5190000000000003 1.4213200000000004 1107.5000000000002 1.4941666666666669 2.1666666666666674 1.2250000000000003 2.7083333333333335 1.8333333333333337 1.0000000180025095e-35 0.90000000000000013 1.6333333333333335 1.4990000000000003 0.71700000000000019
decision_type=2 10 8 2 10 2 10 10 2 2 2 2 10 10
left_child=1 2 5 -3 -5 7 -7 -1 10 -10 13 12 -12 -2
right_child=8 3 -4 4 -6 6 -8 -9 9 -11 11 -13 -14 -15
leaf_value=0.0017684870424548374 0.006265846966561902 0.00029766674724863632 -0.010413175401503459 0.0040081640857001976 0.019347558721576168 0.0047684319017195029 -0.0076545123453521978 -0.0057411247526302327 -0.0041559907626195717 0.019875587322821239 -0.0074983698729614362 -0.013599595598532986 0.0042916570752125809 -0.0061865432009538812
leaf_weight=266.38969308882952 20.521761752665043 17.001446697860956 14.880647946149109 16.130179755389694 11.089175745844839 15.057320281863211 32.497598391026258 19.079878702759743 28.284823395311832 8.701180797070263 25.119562745094299 23.694495014846325 15.305707804858683 13.723320320248602
leaf_count=1296 124 89 87 83 64 82 189 91 243 60 200 168 127 89
internal_value=-5.02091e-05 0.000814756 3.55014e-05 0.00680915 0.0107216 0.00053216 -0.00370384 0.00124828 -0.0025437 0.00187198 -0.00420617 -0.00709018 -0.00303862 0.00124175
internal_weight=527.477 392.126 347.905 44.2208 27.2194 333.024 47.5549 285.47 135.351 36.986 98.3648 64.1198 40.4253 34.2451
internal_count=2992 1981 1745 236 147 1658 271 1387 1011 303 708 495 327 213
is_linear=0
shrinkage=0.02


Tree=168
num_leaves=15
num_cat=0
split_feature=15 13 18 3 17 13 1 13 7 3 0 0 13 2
split_gain=5.37972 6.10817 3.78171 5.61568 4.46724 4.39881 5.5512 4.76084 4.03008 3.60392 4.71169 3.59787 3.29038 3.05724
threshold=1142.5000000000002 1.2916666666666667 1.0000000180025095e-35 1.1000000000000003 1235.0000000000002 0.90000000000000013 1.8800000000000003 1.5500000000000003 1.1000000000000003 1.6333333333333335 1.4182000000000003 0.66666666666666685 0.77500000000000013 0.58333333333333337
decision_type=2 8 2 2 2 8 8 10 2 2 10 8 10 2
left_child=2 12 3 -1 5 -5 7 -7 -8 10 11 -3 -2 -14
right_child=1 9 -4 4 -6 6 8 -9 -10 -11 -12 -13 13 -15
leaf_value=-0.012122647066753998 -0.00065926581872708637 -0.0090220655303342584 -0.00015519019037303663 0.010388770066139698 -0.011931058706684722 -0.0070443116614852322 -0.00089914721466237022 0.009042970503738694 -0.013435994964406457 0.0059865399286630795 -0.012218637699484999 0.0009814439372843604 0.014825086506425065 0.0050901587797342086
leaf_weight=31.055058546364307 29.803982380777597 16.771062389016151 145.9067581705749 11.542938284575937 15.585837427526711 10.10849565267563 20.414001230150461 21.279281415045261 19.929790191352367 21.736970186233521 16.699065789580345 74.633438795804977 15.596821829676626 69.114565774798393
leaf_count=195 161 79 890 67 169 65 135 126 119 101 87 344 72 344
internal_value=-0.000460165 0.00169709 -0.00237054 -0.0048384 -0.00245171 -0.000557013 -0.00243701 0.0038045 -0.00726752 -0.00127059 -0.00277131 -0.000931791 0.00504379 0.00703458
internal_weight=520.178 244.356 275.822 129.915 98.8603 83.2745 71.7316 31.3878 40.3438 129.841 108.104 91.4045 114.515 84.7114
internal_count=2954 1188 1766 876 681 512 445 191 254 611 510 423 577 416
is_linear=0
shrinkage=0.02


Tree=169
num_leaves=15
num_cat=0
split_feature=9 17 3 16 7 17 4 14 9 9 7 17 1 9
split_gain=4.07438 4.09723 4.04955 3.46538 3.34833 3.27845 2.79201 2.53892 2.30529 2.22195 2.01868 2.99547 2.22618 1.87769
threshold=2.3810000000000007 1327.5000000000002 2.3666666666666671 1187.5000000000002 1.4500000000000002 1235.0000000000002 1.0000000180025095e-35 1117.5000000000002 1.7445000000000004 1.3110000000000002 0.63333333333333341 1102.5000000000002 1.7630000000000001 1.8310000000000002
decision_type=10 2 2 2 2 2 2 2 10 10 2 2 10 10
left_child=1 2 3 5 6 13 -5 -3 9 -7 -4 -12 -13 -1
right_child=-2 7 10 4 -6 8 -8 -9 -10 -11 11 12 -14 -15
leaf_value=0.00040941133692081784 0.011938840211143598 -0.018670809160155996 0.0024405992150324531 0.018172987238511441 9.0377586875830884e-05 -0.0072028639117196003 0.004186728698580537 -0.0030739174283113185 -0.012926662670035623 0.0052108259581218098 -0.015114398754021026 0.0031323658592261579 -0.010073099011174766 0.0070745629610096178
leaf_weight=361.49152553826571 10.463194429874418 6.2359684854745892 8.9709471650421602 10.680400371551515 20.541151665151119 12.175319816917183 12.720146954059599 11.044583786278961 10.825599811971186 9.3238458894193155 12.891288273036482 10.898848425596954 8.0688175112009031 16.746958218514919
leaf_count=1793 82 93 66 80 119 81 88 107 75 59 71 74 73 94
internal_value=0.000146307 -0.000117171 0.000225542 0.000771995 0.00604466 0.000194357 0.0110535 -0.00941577 -0.00582059 -0.00182692 -0.00573042 -0.0080355 -0.00270836 0.000722395
internal_weight=523.079 512.615 495.335 454.505 43.9417 410.563 23.4005 17.2806 32.3248 21.4992 40.8299 31.859 18.9677 378.238
internal_count=2955 2873 2673 2389 287 2102 168 200 215 140 284 218 147 1887
is_linear=0
shrinkage=0.02


Tree=170
num_leaves=15
num_cat=0
split_feature=17 1 14 1 11 2 16 8 4 16 7 14 14 0
split_gain=3.23099 3.75528 2.62821 4.93819 3.80484 4.14629 4.38734 6.16673 4.94452 5.49171 4.58365 3.9432 5.18112 3.57162
threshold=1327.5000000000002 1.4212100000000003 1277.5000000000002 1.0806400000000003 1.6333333333333335 2.8333333333333335 1073.7500000000002 1.031666666666667 0.41666666666666669 1096.2500000000002 1.5500000000000003 1142.5000000000002 1183.7500000000002 0.74756666666666682
decision_type=2 8 2 8 10 2 2 10 2 2 2 2 2 10
left_child=2 -2 4 13 5 6 7 10 9 -8 -1 -6 -13 -4
right_child=1 -3 3 -5 11 -7 8 -9 -10 -11 -12 12 -14 -15
leaf_value=-0.0031093368060142223 0.0043392845131864193 -0.012863484239482765 0.0042034343150260875 0.0079722112258143515 0.0073253162107570569 -0.01083343852241876 -0.0075722944186469932 0.012957017173020485 -0.0087816227833788004 0.0011593313484684663 0.007115615138119276 -0.0098036658738568355 0.003612648042943944 -0.0078944618639827761
leaf_weight=49.26148809492588 7.1026784293353584 13.818304937332867 19.557212822139263 49.552592366933823 50.791242744773626 15.252852037549017 35.408667117357254 19.039940215647221 35.39178741723299 137.22661707922816 25.939204305410385 15.480273790657519 37.217271618545055 17.648240551352501
leaf_count=230 73 168 87 216 357 104 190 94 187 798 113 97 205 82
internal_value=0.000427811 -0.00709162 0.000750956 0.00389946 9.44357e-05 -0.00099219 -0.000461502 0.00309812 -0.00208119 -0.00066488 0.000464682 0.00340597 -0.000437665 -0.00159158
internal_weight=528.688 20.921 507.767 86.758 421.009 317.521 302.268 94.2406 208.027 172.635 75.2007 103.489 52.6975 37.2055
internal_count=3001 241 2760 385 2375 1716 1612 437 1175 988 343 659 302 169
is_linear=0
shrinkage=0.02


Tree=171
num_leaves=15
num_cat=0
split_feature=15 17 9 14 17 0 16 14 14 7 7 16 13 9
split_gain=4.6324 3.98546 4.3126 4.30135 2.83843 4.73716 4.35125 3.1272 8.02863 5.18065 5.36195 4.06456 4.0407 3.36664
threshold=1066.2500000000002 1122.5000000000002 1.6924500000000005 1062.5000000000002 1253.7500000000002 1.1200333333333334 1187.5000000000002 1337.5000000000002 1357.5000000000002 2.1000000000000005 1.5500000000000003 1071.2500000000002 1.3666666666666669 0.89900000000000013
decision_type=2 2 10 2 2 8 2 2 2 2 2 2 10 8
left_child=1 3 -3 -1 6 -6 7 9 -9 10 -2 -12 -13 -11
right_child=4 2 -4 -5 5 -7 -8 8 -10 13 11 12 -14 -15
leaf_value=0.0053433176956186393 -0.00083038740869886731 -0.016795912900101406 0.0031984238706597853 -0.0095443721848577062 -0.0124921438753096 -0.00035896426799094148 0.0099921337583154298 0.013341707526422327 -0.0046219245665261328 -0.0008046852990042019 0.011531144050595098 0.007265895912749766 -0.0022948213765279315 -0.010459469581358601
leaf_weight=17.531457763165239 189.42351291328669 16.696291487663988 5.3293538987636557 12.369396038353441 15.79558717086911 55.360777974128723 19.964566007256508 22.834332868456841 16.399733230471611 30.45525786280632 26.152438044548035 33.260344997048378 35.796682864427567 26.799512565135956
leaf_count=116 971 188 63 76 122 430 109 94 72 137 112 160 188 136
internal_value=-0.000162183 -0.00577337 -0.0120293 -0.000924991 0.000465703 -0.00318814 0.00112024 0.00063057 0.00590471 9.86893e-06 0.00111844 0.00496405 0.00234795 -0.00542582
internal_weight=524.169 51.9265 22.0256 29.9009 472.243 71.1564 401.086 381.122 39.2341 341.888 284.633 95.2095 69.057 57.2548
internal_count=2974 443 251 192 2531 552 1979 1870 166 1704 1431 460 348 273
is_linear=0
shrinkage=0.02


Tree=172
num_leaves=15
num_cat=0
split_feature=15 13 16 10 9 13 9 16 13 3 6 13 3 8
split_gain=3.45313 5.39034 7.37939 4.70302 4.11088 3.67437 3.40868 2.75743 2.89946 3.85778 3.2595 4.34647 2.51011 2.50315
threshold=1152.5000000000002 1.3666666666666669 1088.7500000000002 0.58333333333333337 2.1910000000000003 0.70833333333333337 1.5530000000000002 1290.0000000000002 0.90000000000000013 1.6333333333333335 1.1666666666666667 1.1000000000000003 0.70833333333333337 1.2750000000000001
decision_type=2 8 2 10 8 10 10 2 10 2 2 10 2 10
left_child=4 2 -2 -3 7 -4 -5 8 9 -1 11 -10 -7 -13
right_child=1 3 5 6 -6 12 -8 -9 10 -11 -12 13 -14 -15
leaf_value=-0.00092393797801216691 0.016726385898773531 -0.011458289317678954 -0.0048921974636629076 -0.0015315060259132336 -0.012780158895821687 0.012135867359611665 0.0080758687566911524 -0.010600489912114475 -0.014269810818617073 0.01078838460483625 0.00036289382958981274 -0.0011754471667037461 0.002403019773851866 -0.0091984444123776165
leaf_weight=29.029484614729881 16.56708388030529 15.112921118736265 20.005695171654224 81.147735379636288 12.206498093903063 13.443569675087927 17.011243648827076 11.406991913914679 14.208878759294747 17.220809429883957 126.51406688243151 80.967783559113741 42.597160458564758 18.374200239777565
leaf_count=170 69 67 108 376 117 61 86 150 91 106 721 467 214 139
internal_value=-0.000523687 0.00147976 0.00503261 -0.00144375 -0.00185505 0.00230103 0.000198133 -0.00136584 -0.000962314 0.00357305 -0.00184728 -0.00429145 0.00490965 -0.00273626
internal_weight=515.814 205.885 92.6135 113.272 309.929 76.0464 98.159 297.722 286.315 46.2503 240.065 113.551 56.0407 99.342
internal_count=2942 981 452 529 1961 383 462 1844 1694 276 1418 697 275 606
is_linear=0
shrinkage=0.02


Tree=173
num_leaves=15
num_cat=0
split_feature=17 3 14 14 2 0 5 1 10 17 0 10 0 0
split_gain=3.57936 2.60668 2.23012 2.20103 1.94235 5.85505 4.68449 4.55237 3.72287 4.51714 5.90179 3.12777 2.42519 6.88773
threshold=1037.5000000000002 2.6333333333333337 1162.5000000000002 1108.7500000000002 1.8333333333333337 1.9233333333333336 0.29166666666666669 2.4590000000000005 2.1666666666666674 1102.5000000000002 1.6316666666666668 1.5833333333333337 0.9010166666666668 1.0216666666666672
decision_type=2 2 2 2 2 10 2 8 10 2 10 8 8 8
left_child=2 4 -1 -3 5 12 7 8 9 -6 -11 -9 -2 -14
right_child=1 3 -4 -5 6 -7 -8 11 -10 10 -12 -13 13 -15
leaf_value=0.012026473101452674 -0.0030742982288848955 -0.01366947264004266 0.0019755967661743601 0.00042685044962220415 -0.0012594389935288522 -0.012343540741274667 0.011074227449777188 -0.00039840403793810854 -0.0059516759536897548 0.00066153016881247378 0.018329274416602218 -0.012471404620857853 0.012226250771455435 0.0001196327912234481
leaf_weight=15.439367696642874 72.148770913481712 8.9927935078740138 20.118398889899254 7.8545160181820384 19.002116166055202 14.675494227558373 20.242886286228895 23.33174617215991 11.335133429616688 12.981553275138142 17.380276259034872 12.642967876046894 19.327883899211884 249.88926716893911
leaf_count=67 371 86 83 48 97 107 111 131 85 79 118 94 100 1391
internal_value=0.000512453 6.17503e-05 0.00654933 -0.00744183 0.000344174 -0.000391618 0.00256917 0.000693117 0.00401206 0.00637271 0.0110372 -0.00486389 0.000156754 0.00103083
internal_weight=525.363 489.805 35.5578 16.8473 472.958 356.041 116.917 96.6738 60.6991 49.3639 30.3618 35.9747 341.366 269.217
internal_count=2968 2818 150 134 2684 1969 715 604 379 294 197 225 1862 1491
is_linear=0
shrinkage=0.02


Tree=174
num_leaves=15
num_cat=0
split_feature=18 6 10 8 1 14 13 0 13 15 12 14 2 13
split_gain=2.8167 6.38805 3.44648 5.21454 4.28828 3.11778 4.25676 3.78457 2.99042 2.7496 4.56675 3.21343 2.54205 2.48507
threshold=1.0000000180025095e-35 3.1666666666666674 1.1666666666666667 1.2941666666666669 2.026333333333334 1082.5000000000002 0.63333333333333341 1.2250000000000003 1.9000000000000001 1157.5000000000002 1.8333333333333337 1157.5000000000002 0.83333333333333337 1.3666666666666669
decision_type=2 2 8 10 8 2 10 8 10 2 10 2 2 10
left_child=1 2 3 4 8 -4 -7 12 -1 10 11 -9 -8 -11
right_child=-2 -3 5 -5 -6 6 7 9 -10 13 -12 -13 -14 -15
leaf_value=-0.0096087934584732446 0.0014031367341567397 0.012550033978543755 -0.011024017068203685 0.012207711981212808 0.0023873958253880353 0.0076225482348187355 -0.0053785357951694323 -0.014077476118569828 0.0014763152499765713 -0.0039629192127696271 0.0071621388773484753 0.00044082537765818906 0.0063956427396293751 -0.016132594404912687
leaf_weight=28.2556486800313 273.05517049133778 11.282418198883532 22.833024621009827 12.080787736922501 56.246059082448483 12.444340154528616 11.495066303759815 13.411707848310472 14.229888133704661 11.828118033707144 10.87828592956066 10.468819268047808 16.865325473248959 17.524687759578228
leaf_count=153 1501 53 194 71 298 89 64 98 74 60 66 65 99 88
internal_value=1.47059e-06 -0.0015299 -0.0022454 0.000337423 -0.00122287 -0.00447101 -0.00295425 -0.00444394 -0.00594743 -0.00710225 -0.00315309 -0.00795099 0.00160267 -0.0115208
internal_weight=522.899 249.844 238.562 110.812 98.7316 127.749 104.916 92.472 42.4855 64.1116 34.7588 23.8805 28.3604 29.3528
internal_count=2973 1472 1419 596 525 823 629 540 227 377 229 163 163 148
is_linear=0
shrinkage=0.02


Tree=175
num_leaves=15
num_cat=0
split_feature=17 7 14 8 16 8 0 0 8 16 12 17 1 16
split_gain=4.75438 3.40996 2.96521 2.48167 5.20179 5.1545 3.21034 7.7301 5.04212 3.51981 3.00437 4.53774 3.94656 3.94152
threshold=1337.5000000000002 1.3666666666666669 1357.5000000000002 1.8016666666666667 1167.5000000000002 2.2483333333333335 1.3950000000000002 1.3000000000000005 1.4616666666666669 1066.2500000000002 1.1666666666666667 1142.5000000000002 1.0740000000000003 1086.2500000000002
decision_type=2 2 2 10 2 10 8 10 8 2 10 2 10 2
left_child=2 -2 3 6 5 -5 7 9 -8 -1 11 -11 13 -12
right_child=1 -3 -4 4 -6 -7 8 -9 -10 10 12 -13 -14 -15
leaf_value=0.0096278333399572348 -0.019234249071173493 -0.0017629434009572374 -0.0067521909996477074 0.0068935156738949401 0.016121973310213877 -0.0083178605954244509 0.00018815822579230056 0.017989706064710956 -0.0094322539410415119 0.01160318982897005 -0.0086977031484993372 -0.0019990308202585912 -0.010314044510943707 0.0046297674338226557
leaf_weight=17.214675143361092 7.1965308599174049 10.321405094116924 19.348633855581284 23.386843532323837 12.058037973940371 13.060629293322561 282.88551443070173 11.778471663594244 22.607111632823944 17.350426957011223 11.592292696237562 20.548825595527887 17.965422242879868 29.110515356063843
leaf_count=75 101 105 87 141 88 90 1514 61 151 78 55 127 107 156
internal_value=0.00036098 -0.00959141 0.000728922 0.00104418 0.00528584 0.00136609 0.000555749 0.00323454 -0.000552225 0.0015637 4.21982e-05 0.00436632 -0.00277752 0.000716514
internal_weight=516.425 17.5179 498.907 479.559 48.5055 36.4475 431.053 125.561 305.493 113.782 96.5675 37.8993 58.6682 40.7028
internal_count=2936 206 2730 2643 319 231 2324 659 1665 598 523 205 318 211
is_linear=0
shrinkage=0.02


Tree=176
num_leaves=15
num_cat=0
split_feature=16 15 16 1 9 7 6 5 1 17 18 11 17 16
split_gain=2.76985 3.89264 2.57837 3.6444 3.53851 2.53806 4.59571 5.25868 4.18752 3.71361 3.69508 3.61815 6.58857 4.77611
threshold=1290.0000000000002 1132.5000000000002 1197.5000000000002 1.0930000000000002 1.3110000000000002 2.1000000000000005 2.1666666666666674 0.36666666666666675 1.1650000000000003 1242.5000000000002 1.0000000180025095e-35 1.2250000000000003 1066.2500000000002 1157.5000000000002
decision_type=2 2 2 8 10 2 2 2 10 2 2 10 2 2
left_child=2 -2 5 -4 -5 6 9 -8 -7 11 -11 13 -13 -1
right_child=1 -3 3 4 -6 8 7 -9 -10 10 -12 12 -14 -15
leaf_value=-0.0014449129155501481 -0.014439094569466543 0.0014601195557460483 -0.0029088778835537664 0.0035700448713797297 0.018362139246808538 0.00041231494838458852 0.0181660066018191 0.00021591728708456222 -0.009038071468820956 -0.015021479735675053 0.00070868781798409718 0.017872981889665299 0.0024758487506789883 0.0089842044425234163
leaf_weight=170.92749213054776 10.216943323612215 13.29688912630081 12.082147143781183 15.640284530818464 10.834970898926256 66.118985511362553 12.573560222983362 12.624655105173586 25.137208446860313 10.39519277215004 12.374154947698116 11.313943922519682 120.52377971634269 18.564912892878056
leaf_count=871 152 110 76 108 76 298 61 61 134 88 87 49 693 102
internal_value=0.000811965 -0.00575542 0.00113225 0.00603345 0.0100717 0.000709744 0.00144786 0.00952428 -0.00226062 0.000830548 -0.00680265 0.00139086 0.00392179 -0.000381354
internal_weight=522.625 23.5138 499.111 38.5574 26.4753 460.554 369.298 25.1982 91.2562 344.099 22.7693 321.33 131.838 189.492
internal_count=2966 262 2704 260 184 2444 2012 122 432 1890 175 1715 742 973
is_linear=0
shrinkage=0.02


Tree=177
num_leaves=15
num_cat=0
split_feature=7 3 0 0 8 2 13 15 13 8 18 8 11 3
split_gain=2.51518 2.64212 2.77913 8.64827 4.33262 3.46124 2.77899 4.17269 3.86023 2.64583 2.57948 4.19206 2.59433 4.07265
threshold=3.1000000000000005 2.6333333333333337 1.2016666666666669 1.0443333333333338 1.6433333333333333 1.8333333333333337 1.2250000000000003 1167.5000000000002 0.90000000000000013 2.2483333333333335 1.0000000180025095e-35 1.821666666666667 0.90000000000000013 1.5500000000000003
decision_type=2 2 8 10 10 2 10 2 10 8 2 10 10 2
left_child=1 2 3 4 5 6 8 -8 -1 10 12 -12 13 -4
right_child=-2 -3 9 -5 -6 -7 7 -9 -10 -11 11 -13 -14 -15
leaf_value=-0.0076770750149256122 0.0073618766756423527 -0.0080488885434431539 -0.0025319700988622206 -0.013263787280129197 0.0078081938477543265 0.0069924234474016845 -0.00078526161336486757 -0.012933014920979704 0.0068230460433065434 -0.0077858114076471332 0.0017390320010311178 0.013388619987672249 -0.0025065613668071602 0.0089071772510490796
leaf_weight=11.432261474430563 15.363214723765848 17.383334256708622 25.214793756604195 24.48212781175971 20.266853392124176 12.746903806924818 22.240136925131083 22.308917194604874 16.966901361942291 13.42226444929838 163.08607909083366 12.421316985040901 113.32605938985944 22.952688705176115
leaf_count=64 71 141 123 144 118 64 118 105 86 111 881 77 704 121
internal_value=-0.000355032 -0.000607247 -0.000322086 -0.00280247 -0.000284014 -0.00226581 -0.00395626 -0.0070189 0.000923346 0.000606577 0.00096288 0.0026347 -0.000859047 0.00298929
internal_weight=513.614 498.251 480.867 130.444 105.962 85.6951 72.9482 44.5491 28.3992 350.423 337.001 175.507 161.494 48.1675
internal_count=2928 2857 2716 699 555 437 373 223 150 2017 1906 958 948 244
is_linear=0
shrinkage=0.02


Tree=178
num_leaves=15
num_cat=0
split_feature=9 8 9 10 10 0 9 3 9 9 7 0 18 1
split_gain=2.8442 4.6654 4.28362 2.25456 10.4408 1.84401 4.02544 3.51658 2.9081 2.85558 3.06848 6.66313 5.92033 4.67946
threshold=2.0210000000000004 1.9983333333333337 2.3810000000000007 2.8333333333333335 2.5833333333333335 1.8078166666666668 0.96300000000000008 1.5500000000000003 1.4822500000000003 1.7970000000000004 1.3666666666666669 1.2625000000000002 1.0000000180025095e-35 0.70820000000000005
decision_type=8 10 10 10 10 10 10 2 10 10 2 8 2 8
left_child=1 3 -2 4 5 9 -7 -8 -9 10 11 12 -1 -12
right_child=2 -3 -4 -5 -6 6 7 8 -10 -11 13 -13 -14 -15
leaf_value=-0.013836738137305831 -0.011978977999487916 0.0099409849622524825 0.0036876314984582064 -0.0078325240260268911 0.017345474591335945 -0.014460486172382443 -0.010816139804392675 0.0074282376764095029 -0.005505120435472334 0.0090118302860801129 0.0048830665972130136 0.0036099220708743951 0.0020024369488217896 -0.0033448047898701557
leaf_weight=17.900537740439177 18.30169435590506 17.149031449109316 10.336894217878578 14.750018935650585 12.269630603492258 10.864938355982302 9.7104595266282541 17.462331425398592 10.258705053478478 12.015138514339922 31.685077402740717 130.92268114537001 18.416406780481339 181.22719828039408
leaf_count=104 149 106 85 111 74 67 61 121 76 71 152 743 98 914
internal_value=-0.000376206 -8.36744e-06 -0.0063906 -0.000393787 -0.000134706 -0.000659824 -0.00430572 -0.0010586 0.00261697 -0.000201013 -0.000515076 0.00150731 -0.00596624 -0.00210325
internal_weight=513.271 484.632 28.6386 467.483 452.733 440.463 48.2964 37.4315 27.721 392.167 380.152 167.24 36.3169 212.912
internal_count=2932 2698 234 2592 2481 2407 325 258 197 2082 2011 945 202 1066
is_linear=0
shrinkage=0.02


Tree=179
num_leaves=15
num_cat=0
split_feature=15 1 6 17 17 0 0 13 0 4 2 10 10 15
split_gain=2.90284 7.26665 3.26837 3.39242 3.20017 2.71304 5.59199 4.68337 3.71758 2.99074 4.19924 3.11826 2.63291 2.85239
threshold=1232.5000000000002 0.70820000000000005 2.5833333333333335 1177.5000000000002 1010.0000000000001 0.8416666666666669 1.0383333333333338 1.1000000000000003 1.1939500000000003 0.41666666666666669 1.1666666666666667 1.5833333333333337 2.5833333333333335 1172.5000000000002
decision_type=2 10 2 2 2 10 10 10 10 2 2 10 8 2
left_child=4 2 3 -2 -1 7 -7 12 -8 10 11 -9 13 -6
right_child=1 -3 -4 -5 5 6 8 9 -10 -11 -12 -13 -14 -15
leaf_value=0.0074907701145003752 -0.00018450175627651266 -0.003625899824363977 0.014205333553836401 0.011619478431415921 -0.0058846527161922025 0.0097179684024060672 -0.0085244314390059799 0.002083506052589001 0.00061645209160383018 -0.0064540770049780509 -0.0015194723790388377 0.014154391258741541 0.002906170696202318 -0.017008059404734349
leaf_weight=17.597279444336891 26.560474723577499 37.707703143358231 18.769364759325981 14.349521055817602 53.572986610233784 23.47118054702878 19.407176945358515 24.426747217774391 138.35945551097393 25.942039743065834 86.650799322873354 12.546969082206486 9.7450600340962392 10.840139120817183
leaf_count=76 110 179 79 67 331 131 125 121 927 139 462 70 80 54
internal_value=9.44024e-05 0.00318892 0.00748358 0.0041343 -0.000624634 -0.000994865 0.000821778 -0.00246362 -0.000554595 -0.000414057 0.000895032 0.00644461 -0.0065368 -0.00798801
internal_weight=519.947 97.3871 59.6794 40.91 422.56 404.963 181.238 223.725 157.767 149.567 123.625 36.9737 74.1582 64.4131
internal_count=2951 435 256 177 2516 2440 1183 1257 1052 792 653 191 465 385
is_linear=0
shrinkage=0.02


Tree=180
num_leaves=15
num_cat=0
split_feature=8 9 13 12 17 16 10 17 10 11 6 11 18 3
split_gain=3.40935 4.22065 3.45651 4.80373 4.94397 4.48671 3.45016 6.18385 3.56643 3.40098 2.8743 2.39789 2.81068 2.7865
threshold=2.5116666666666672 1.5030000000000003 1.9000000000000001 2.1666666666666674 1102.5000000000002 1112.5000000000002 2.1666666666666674 1217.5000000000002 2.8333333333333335 0.90000000000000013 1.1666666666666667 1.2250000000000003 1.0000000180025095e-35 1.3666666666666669
decision_type=8 10 10 10 2 2 10 2 10 10 2 10 2 2
left_child=1 2 6 5 9 -4 7 -1 -8 -5 -3 -12 13 -13
right_child=-2 10 3 4 -6 -7 8 -9 -10 -11 11 12 -14 -15
leaf_value=-0.001784299178684153 -0.010497626394402555 -0.0015676772385128132 0.0027160062766466092 -0.0032868309332830109 -0.0089588731442203293 0.0159895488722306 0.0077272691326753752 -0.011153658845243705 -0.004921233954044632 0.0079035703652589901 0.01347094305394291 -0.0077056665184358558 0.0084657750100291061 0.0053774974284512165
leaf_weight=231.81021038070321 12.051974061876534 27.703283324837685 36.184388626366854 20.504605874419212 22.671670325100422 13.488559387624262 25.126589216291904 31.183643884956837 12.706164624541996 21.146001435816288 13.006365209817885 11.563707251101734 25.2676100730896 12.540090478956698
leaf_count=1187 99 204 175 92 135 76 158 244 97 97 69 73 149 90
internal_value=-0.000405349 -0.000144173 -0.000998011 0.00195606 -0.00164907 0.00656482 -0.0021202 -0.00293328 0.00346192 0.00244664 0.00375553 0.0061071 0.00393826 -0.000956028
internal_weight=516.955 504.903 414.822 113.995 64.3223 49.6729 300.827 262.994 37.8328 41.6506 90.0811 62.3778 49.3714 24.1038
internal_count=2945 2846 2261 575 324 251 1686 1431 255 189 585 381 312 163
is_linear=0
shrinkage=0.02


Tree=181
num_leaves=15
num_cat=0
split_feature=3 17 3 16 3 9 9 8 17 10 10 2 5 3
split_gain=3.58729 2.82514 3.01843 2.23534 4.26301 2.49244 4.80146 2.84539 2.60777 4.08885 12.0394 4.99878 4.5886 6.33099
threshold=2.7083333333333335 1042.5000000000002 1.3666666666666669 1060.0000000000002 1.3666666666666669 2.3810000000000007 2.0110000000000006 2.1150000000000007 1127.5000000000002 2.8333333333333335 2.5833333333333335 1.5833333333333337 0.36666666666666675 1.6333333333333335
decision_type=2 2 2 2 2 8 10 10 2 10 8 2 2 2
left_child=1 2 -1 4 -3 6 7 8 -5 10 11 -10 13 -13
right_child=-2 3 -4 5 -6 -7 -8 -9 9 -11 -12 12 -14 -15
leaf_value=-0.0014303907379731753 -0.0091401998190520656 0.0020578471821805595 0.0094654196265934274 0.0014208915201489051 -0.011581974892724752 0.0091321006828497479 -0.0098294212387941855 0.009694145900360036 -0.0048271203890020587 -0.012237335052102836 0.019817454649508421 -0.01127120353665639 0.012124700979917647 0.0040936897260058711
leaf_weight=17.215440735220909 17.313863806426525 16.529837794601917 23.057366341352463 192.34120206534863 18.874265655875206 10.224579602479933 19.615144044160843 10.919976618140934 110.38513301685452 13.089464943855999 9.4443156197667104 14.589754465967415 13.468568120151756 33.410312801599503
leaf_count=72 137 73 99 940 91 80 154 68 675 102 63 98 80 243
internal_value=-0.000445338 -0.000128613 0.00488597 -0.000574486 -0.00533208 -0.000168944 -0.000418144 6.95865e-05 -0.000226482 -0.00185544 -0.00104287 -0.00229727 0.00225036 -0.000711227
internal_weight=520.479 503.165 40.2728 462.893 35.4041 427.488 417.264 397.649 386.729 194.388 181.298 171.854 61.4686 48.0001
internal_count=2975 2838 171 2667 164 2503 2423 2269 2201 1261 1159 1096 421 341
is_linear=0
shrinkage=0.02


Tree=182
num_leaves=15
num_cat=0
split_feature=17 15 3 10 3 0 15 3 11 1 16 10 7 2
split_gain=4.06421 3.30625 4.59581 4.4403 4.40038 5.29008 3.8146 3.59591 3.25977 3.076 3.11155 3.93507 7.4818 2.80953
threshold=1097.5000000000002 1096.2500000000002 1.6333333333333335 2.1666666666666674 0.45000000000000007 0.9010166666666668 1162.5000000000002 1.3666666666666669 2.1000000000000005 1.3530000000000002 1102.5000000000002 1.1666666666666667 1.2250000000000003 1.8333333333333337
decision_type=2 2 2 10 2 8 2 2 10 8 2 10 2 2
left_child=-1 -2 3 4 -3 -6 7 -5 13 -7 -11 -12 -13 -4
right_child=1 2 8 6 5 9 -8 -9 -10 10 11 12 -14 -15
leaf_value=0.0024132845762813333 -0.0049919697387007314 0.0062617908328067001 -1.9701202479600564e-05 -0.0085711377652271312 -0.012595126943552429 0.002835297308587567 0.0097824590571213635 0.0076602485371957546 -0.0044887182721885487 -0.011288958580959076 -0.0079473487122792182 0.012073361897761443 -0.0058681766366333113 0.010612564326204126
leaf_weight=185.35639569163322 73.442173779010773 16.565415404736996 14.616537798196076 12.441869609057905 24.701696939766407 30.67144326120615 21.379573337733746 8.2369919419288617 11.30649061501026 19.479494750499725 26.485218934714794 15.608392637223004 20.186325274407864 30.055281691253185
leaf_count=853 655 80 83 92 131 170 114 58 77 101 139 92 115 157
internal_value=5.71984e-05 -0.00128909 -0.000193321 -0.00164105 -0.00321504 -0.00439687 0.004052 -0.00205059 0.00480934 -0.00250051 -0.00451227 -0.0022478 0.00207079 0.00720945
internal_weight=510.533 325.177 251.735 195.756 153.698 137.133 42.0584 20.6789 55.9783 112.431 81.7594 62.2799 35.7947 44.6718
internal_count=2917 2064 1409 1092 828 748 264 150 317 617 447 346 207 240
is_linear=0
shrinkage=0.02


Tree=183
num_leaves=15
num_cat=0
split_feature=3 2 1 6 9 9 6 13 4 3 13 14 1 1
split_gain=2.64596 2.9025 3.88448 5.04176 7.20732 4.39735 3.75749 3.68084 3.67215 4.58156 3.21857 4.60479 4.3829 3.71826
threshold=2.7083333333333335 1.8333333333333337 1.3530000000000002 2.1666666666666674 1.0190000000000003 1.5990000000000004 2.5833333333333335 1.7750000000000001 0.41666666666666669 0.36666666666666675 0.90000000000000013 1102.5000000000002 1.0622400000000003 1.6390000000000005
decision_type=2 2 10 2 10 10 2 10 2 2 8 2 8 10
left_child=1 2 8 4 -4 7 10 -6 -1 -10 11 -3 -12 -14
right_child=-2 6 3 -5 5 -7 -8 -9 9 -11 12 -13 13 -15
leaf_value=0.0021543122795820492 -0.007168658603872417 0.018547772760584159 -0.013911988066657253 -0.015365973573456777 0.011902183831093085 -0.0058771478985460051 0.01418750838719487 -0.0018106270263041659 0.0064118898678023678 -0.004819181052321592 0.011713216917438405 -2.3545665357003454e-05 -0.0041130737742931609 0.0045221911539780318
leaf_weight=205.34026478976011 17.513656552881002 9.4655901864171046 14.351381424814461 12.720674023032187 17.943521816283468 18.048830166459084 10.235739938914774 12.947638005018232 17.123235121369362 73.682828571647406 11.191981580108402 10.900400623679159 55.881154477596283 29.754341773688793
leaf_count=1102 138 69 74 74 114 137 52 81 82 382 59 63 312 204
internal_value=0.000256955 0.000531069 -0.000362639 -0.00436474 -0.00194903 0.00176737 0.00312365 0.00627808 0.000675813 -0.00265457 0.00204547 0.00907204 0.000489923 -0.00109516
internal_weight=517.101 499.588 372.158 76.012 63.2914 48.94 127.429 30.8912 296.146 90.8061 117.193 20.366 96.8275 85.6355
internal_count=2943 2805 2046 480 406 332 759 195 1566 464 707 132 575 516
is_linear=0
shrinkage=0.02


Tree=184
num_leaves=15
num_cat=0
split_feature=18 6 17 9 14 11 17 8 16 17 8 14 15 10
split_gain=4.45816 6.59665 3.43721 4.83919 3.98751 4.40741 4.60667 3.03493 6.58499 3.88604 2.96696 2.66675 2.75105 3.37322
threshold=1.0000000180025095e-35 3.1666666666666674 1087.5000000000002 1.5330000000000004 1092.5000000000002 1.3666666666666669 1057.5000000000002 1.1183333333333338 1148.7500000000002 1188.7500000000002 0.84310000000000007 1047.5000000000002 1068.7500000000002 2.1666666666666674
decision_type=2 2 2 10 2 10 2 8 2 2 10 2 2 10
left_child=1 11 4 7 -2 6 -6 9 -9 10 -4 -1 -13 -14
right_child=2 -3 3 -5 5 -7 -8 8 -10 -11 -12 12 13 -15
leaf_value=-0.011200352935182551 0.012499000756486333 0.012061944303722824 0.0010250986280307441 0.0058736564828030047 -0.0074665154402683868 0.011814037899923809 0.0050999146281824363 -0.014399112359647507 0.0051162184755377746 -0.0046366741658433472 0.011442950460603759 0.0054125827749800116 -0.0035867424975225505 0.0035149464847321421
leaf_weight=11.982426524162291 22.363807931542397 12.390983223915098 58.471692658960819 50.042951624840498 19.908985987305641 14.7343792617321 25.410851359367371 17.269644994288686 10.465458907186983 41.395748928189278 12.521111488342283 18.177268590778112 175.52796441316605 30.70634288340807
leaf_count=121 103 58 288 318 84 64 114 105 64 279 64 139 945 210
internal_value=0.000323903 -0.00160859 0.0020871 0.000599019 0.00547228 0.00269371 -0.000462527 -0.00131301 -0.00711349 0.00016854 0.00299593 -0.00237295 -0.00185401 -0.00251751
internal_weight=521.37 248.785 272.585 190.167 82.418 60.0542 45.3198 140.124 27.7351 112.389 70.9928 236.394 224.412 206.234
internal_count=2956 1473 1483 1118 365 262 198 800 169 631 352 1415 1294 1155
is_linear=0
shrinkage=0.02


Tree=185
num_leaves=15
num_cat=0
split_feature=8 15 3 18 12 13 1 13 11 1 1 16 11 1
split_gain=1.87379 2.06647 1.77046 2.0772 2.05094 2.60603 4.77425 3.17904 2.44053 2.34192 3.33298 3.60557 3.16221 2.84341
threshold=2.3550000000000009 1137.5000000000002 2.7083333333333335 1.0000000180025095e-35 3.1666666666666674 1.9000000000000001 0.71700000000000019 2.1000000000000005 1.1000000000000003 2.0020000000000007 1.8000000000000005 1047.5000000000002 0.55000000000000016 2.2510000000000008
decision_type=8 2 2 2 10 10 10 10 10 10 10 2 10 10
left_child=2 -2 4 -4 5 9 7 -7 -8 10 11 -1 -13 -11
right_child=1 -3 3 -5 -6 6 8 -9 -10 13 -12 12 -14 -15
leaf_value=0.0069785809480855023 -0.012909336392539604 5.5337960625321519e-05 -0.012542609496817087 0.00077856106666291422 -0.0069067581974924346 0.013789344581047771 0.0036321727536113126 0.0033282683785156248 -0.0044418345457759049 0.013026419999824712 -0.010836623718480171 -0.0090217453480316741 -0.00052516658267416606 -0.0023607193197095824
leaf_weight=23.160132095217705 8.8247543312609213 9.8292188569903356 8.7589428871870041 8.7891451567411423 15.107482999563215 19.117557041347027 26.430760025978088 29.620252013206482 32.024554923176765 9.9346908517181891 11.875062480568884 17.682364359498024 284.88218528032303 8.097379267215727
leaf_count=99 86 62 74 64 78 90 132 135 186 69 85 85 1619 65
internal_value=-0.000366192 -0.00642271 -0.000125697 -0.0061883 0.000109358 0.000352774 0.00307103 0.0076264 -0.000791457 -0.000472865 -0.000855293 -0.000459347 -0.0010498 0.00635577
internal_weight=514.134 18.654 495.481 17.5481 477.932 462.825 107.193 48.7378 58.4553 355.632 337.6 325.725 302.565 18.0321
internal_count=2929 148 2781 138 2643 2565 543 225 318 2022 1888 1803 1704 134
is_linear=0
shrinkage=0.02


Tree=186
num_leaves=15
num_cat=0
split_feature=1 6 10 1 9 1 6 11 5 3 3 0 1 12
split_gain=2.07696 5.85864 5.68268 4.62722 3.95357 3.25744 3.01805 5.0418 3.83465 4.40415 2.35303 3.75342 2.26509 5.76056
threshold=1.7510000000000001 2.1666666666666674 1.1666666666666667 1.6127300000000002 1.3410000000000004 1.9630000000000003 2.5833333333333335 0.90000000000000013 0.55000000000000016 1.3666666666666669 1.6333333333333335 1.9850000000000001 1.3850000000000002 1.1666666666666667
decision_type=10 2 10 10 10 10 2 8 2 2 2 10 10 10
left_child=3 2 5 6 -5 -2 12 -8 9 -9 -4 -12 -1 -14
right_child=1 -3 10 4 -6 -7 7 8 -10 -11 11 -13 13 -15
leaf_value=8.6055357231294244e-05 -0.0020634820608684203 -0.018477936379379681 0.0017868682671851009 0.00076999242706404293 0.017379492524402483 0.013711066699712905 0.013481159615700318 -0.0093476581069199417 0.0091974534524629486 0.0058016904923266057 -0.019322225722639131 -0.0023957587551648339 0.0051566371755961109 -0.0099087753240819764
leaf_weight=341.08356172218919 8.4820422194898146 7.7071854323148719 10.174640309065582 11.222951531410219 10.928191293030975 11.771606884896753 16.254564702510834 17.998066164553169 13.402480237185953 12.009454146027563 8.3490811660885829 12.680020797997711 14.778388403356074 28.244567070156336
leaf_count=1865 58 50 75 61 73 86 71 90 61 62 78 113 91 162
internal_value=0.000193718 -0.0033042 -0.000722589 0.000644022 0.00936098 0.00731857 0.00018884 0.00433477 0.000683529 -0.00329309 -0.00600711 -0.00968805 -0.000464745 -0.00473422
internal_weight=525.087 59.1646 51.4574 465.922 22.1511 20.2536 443.771 59.6646 43.41 30.0075 31.2037 21.0291 384.107 43.023
internal_count=2996 460 410 2536 134 144 2402 284 213 152 266 191 2118 253
is_linear=0
shrinkage=0.02


Tree=187
num_leaves=15
num_cat=0
split_feature=9 9 16 10 13 15 14 13 11 1 16 16 11 15
split_gain=2.09133 3.19494 2.40789 2.44588 2.0392 7.88901 3.78458 2.96167 3.50075 2.7333 2.3636 4.63408 4.85681 2.91816
threshold=2.3810000000000007 2.0110000000000006 1312.5000000000002 2.1666666666666674 1.2916666666666667 1167.5000000000002 1337.5000000000002 1.5500000000000003 0.90000000000000013 1.3220200000000002 1120.0000000000002 1068.7500000000002 0.70833333333333337 1127.5000000000002
decision_type=10 8 2 10 10 2 2 10 10 8 2 2 10 2
left_child=1 2 4 -4 5 -1 -7 8 -6 -10 11 -9 -13 -14
right_child=-2 -3 3 -5 7 6 -8 10 9 -11 -12 12 13 -15
leaf_value=-0.0014448239299187933 0.0078592230774874091 -0.0082018309972284112 -0.016743942609339094 0.00066609077368714087 0.0027530394478969722 0.0096566237343742728 -0.0010742086610397673 0.0022254699972197927 -0.015564159268651671 -0.0043906385553982262 0.0030687109477114624 -0.015799666611002235 0.0017739704564843611 -0.0061096497133336734
leaf_weight=120.96837578713894 11.18291864544153 19.807194277644157 5.9822210073471052 5.8656835332512856 15.896773681044577 51.58575189858675 17.279810354113579 76.751353591680527 12.597847685217856 28.17213125154376 68.609530732035637 11.981216952204703 34.25439415872097 39.642716690897942
leaf_count=727 87 161 69 66 79 235 74 350 69 171 408 62 215 189
internal_value=-0.00033118 -0.000526033 -0.000199409 -0.00874358 3.03071e-05 0.00163462 0.0069872 -0.00102951 -0.00508449 -0.00813319 -1.81992e-05 -0.00133129 -0.00449907 -0.00248037
internal_weight=520.578 509.395 489.588 11.8479 477.74 189.834 68.8656 287.906 56.6668 40.77 231.239 162.63 85.8783 73.8971
internal_count=2962 2875 2714 135 2579 1036 309 1543 319 240 1224 816 466 404
is_linear=0
shrinkage=0.02


Tree=188
num_leaves=15
num_cat=0
split_feature=17 1 1 1 17 1 6 1 9 11 12 3 4 1
split_gain=2.86342 3.28884 5.00705 3.99103 3.36798 4.10507 3.16596 2.89109 2.94255 3.96257 2.82809 3.26675 3.0719 3.17816
threshold=1087.5000000000002 1.8180000000000003 1.9630000000000003 2.1550000000000007 1092.5000000000002 1.0930000000000002 2.5833333333333335 1.861 1.0854700000000002 1.3666666666666669 0.83333333333333337 1.2250000000000003 0.58333333333333337 0.74300000000000022
decision_type=2 10 10 10 2 8 2 10 10 10 10 2 2 10
left_child=6 4 -3 -4 -2 10 7 8 9 -1 -6 12 13 -12
right_child=1 2 3 -5 5 -7 -8 -9 -10 -11 11 -13 -14 -15
leaf_value=0.00024396259691575071 -0.0072962705760137737 -0.017094792757959366 0.0070331641389669731 -0.008607126805224562 -0.010529959722883418 0.0019486138437431913 0.010322077502615363 0.0099035336421787173 -0.0063678336788665756 0.010896171614237693 -0.01611367023141342 0.0058860306346063341 0.0033010339462011397 -0.002311312654823496
leaf_weight=88.37285528331995 22.127756185829639 10.656590986996887 11.647852137684824 12.503098113462327 16.343429699540138 228.16255821660161 18.020601168274879 13.947814568877218 19.420842185616493 15.602242410182951 10.678939659148456 16.89362358301878 13.501710012555121 16.513780608773232
leaf_count=396 105 85 91 122 102 1394 77 76 94 66 57 100 70 92
internal_value=0.000407845 -0.000574496 -0.00632647 -0.00108419 6.0574e-05 0.000621742 0.00266708 0.00159533 0.000584167 0.00193098 -0.00344452 -0.00128827 -0.00433631 -0.00811097
internal_weight=514.394 359.029 34.8075 24.151 324.222 302.094 155.364 137.344 123.396 103.975 73.9315 57.5881 40.6944 27.1927
internal_count=2927 2218 298 213 1920 1815 709 632 556 462 421 319 219 149
is_linear=0
shrinkage=0.02


Tree=189
num_leaves=15
num_cat=0
split_feature=8 14 2 8 9 13 13 1 12 9 10 4 11 1
split_gain=3.86568 1.96689 2.65388 3.56618 4.81763 2.48047 2.4605 4.64892 7.06154 5.22085 4.46731 3.81166 3.52264 3.89837
threshold=2.5116666666666672 1277.5000000000002 1.5833333333333337 1.5071666666666672 1.1300000000000003 1.7750000000000001 0.90000000000000013 1.1550000000000002 0.58333333333333337 1.7130000000000003 1.5833333333333337 1.0000000180025095e-35 0.77500000000000013 1.2536400000000001
decision_type=8 2 2 10 10 10 10 10 10 10 10 2 10 8
left_child=1 6 3 4 5 -3 7 8 -1 -9 12 -10 -8 -14
right_child=-2 2 -4 -5 -6 -7 10 9 11 -11 -12 -13 13 -15
leaf_value=-0.0088319124916410047 -0.011167793480378543 -0.0017861041933475181 0.010795810637871828 0.0093576789867759903 -0.011168017021438008 0.0078550565507312185 -0.0036069493843187569 0.016564797664345644 -0.0029397817918045146 -0.002063628576193592 -0.0043859663507421287 0.010937432159617516 0.0081572921229087388 0.00051313376770869429
leaf_weight=22.410093411803246 11.062858723103998 24.633789464831352 13.662847422063349 16.281318366527557 13.106071934103964 17.454783633351326 58.347802814096212 15.574003115296366 12.439512193202974 9.1319421231746656 107.00176259130239 19.21740410476923 32.581608980894089 130.72220300510526
leaf_count=161 91 106 63 77 61 74 291 93 81 80 692 110 171 740
internal_value=1.82392e-05 0.000291592 0.00303757 0.00142606 -0.0010385 0.00230174 -0.000288259 0.00286435 -0.00045651 0.00986684 -0.00105029 0.00556137 0.000572471 0.00207863
internal_weight=503.628 492.565 85.1388 71.476 55.1946 42.0886 407.426 78.773 54.067 24.7059 328.653 31.6569 221.652 163.304
internal_count=2891 2800 381 318 241 180 2419 525 352 173 1894 191 1202 911
is_linear=0
shrinkage=0.02


Tree=190
num_leaves=15
num_cat=0
split_feature=8 8 0 17 8 7 0 13 7 3 0 16 13 1
split_gain=3.18902 3.53835 4.50809 7.96913 2.70362 4.72928 3.76281 3.87864 4.92475 3.96189 3.5717 4.32269 4.82451 4.42487
threshold=2.3550000000000009 1.7905500000000003 1.7050000000000003 1253.7500000000002 1.6050000000000002 1.5500000000000003 0.88075000000000003 1.2250000000000003 1.3666666666666669 1.2250000000000003 1.5650000000000004 1071.2500000000002 0.90000000000000013 1.0593500000000002
decision_type=8 10 10 2 10 2 8 10 2 2 8 2 10 10
left_child=1 4 3 -3 6 -6 7 8 -1 -9 11 -8 -13 -14
right_child=-2 2 -4 -5 5 -7 10 9 -10 -11 -12 12 13 -15
leaf_value=-0.0085138110823981678 -0.0084740804816246448 0.0086036773511632934 0.014020452859716813 -0.012174335153610345 -0.016091404832384554 0.00095460170726597736 0.011901627553430178 -0.01340535672032081 0.0078222302634848428 -0.0011115116655475512 -9.3882732104418734e-05 0.012523007437394975 0.008179990825158738 -0.0056888368099209299
leaf_weight=11.095326263457538 16.291937470436096 18.790197819471363 15.259707391262053 10.782014980912207 10.535035708919169 14.705955341458319 22.553936749696732 22.559915520250797 17.995997346937656 19.247768867760897 285.80059964582324 11.467710658907889 12.102838031947611 30.058123517781496
leaf_count=69 131 96 112 89 77 80 100 112 90 102 1598 62 63 180
internal_value=-2.89155e-05 0.000260916 0.00555942 0.000877603 -0.000268574 -0.00650212 0.000109046 -0.00407128 0.00151584 -0.0079036 0.000936777 0.00475444 0.00158579 -0.00161033
internal_weight=519.247 502.955 44.8319 29.5722 458.123 25.241 432.882 70.899 29.0913 41.8077 361.983 76.1826 53.6287 42.161
internal_count=2961 2830 297 185 2533 157 2376 373 159 214 2003 405 305 243
is_linear=0
shrinkage=0.02


Tree=191
num_leaves=15
num_cat=0
split_feature=9 9 17 11 9 9 11 0 0 6 15 15 12 17
split_gain=3.36994 5.89577 2.36453 3.93149 3.02949 4.74491 3.93917 3.13111 3.42962 3.63268 2.83903 4.98447 2.69066 2.90128
threshold=2.3560000000000003 1.9967500000000002 1071.2500000000002 1.3666666666666669 1.5190000000000003 1.1300000000000003 1.9000000000000001 1.8250000000000002 1.5205666666666671 2.1666666666666674 1187.5000000000002 1277.5000000000002 1.8333333333333337 1037.5000000000002
decision_type=10 8 2 10 10 10 10 10 10 2 2 2 10 2
left_child=1 2 3 12 5 10 -7 8 9 -6 -4 -12 -1 -14
right_child=-2 -3 4 -5 7 6 -8 -9 -10 -11 11 -13 13 -15
leaf_value=0.0039780494773576751 0.0097022841982324168 -0.011116462081700654 -0.0018330945378517165 0.010084351628633215 -0.0019815134691277174 -0.0083969402485636977 0.0051002098073984359 -0.0046685478062679494 0.014539750945088406 0.010427408947986603 0.0095353596776313939 -0.0016130181944385327 0.0034509566321421705 -0.0065429829099548833
leaf_weight=44.306174069643021 11.710329305380581 19.94435328990221 181.64684201031923 19.940380349755287 26.714286208152771 58.762444600462914 9.4253508858382684 16.228633269667625 11.111793223768471 13.38697127252817 26.381150282919407 38.160734444856644 17.878580018877983 29.741121634840965
leaf_count=194 93 165 1120 86 160 374 61 117 69 66 124 162 76 136
internal_value=-0.000472816 -0.000723203 -0.000281702 0.00226295 -0.00103121 -0.00185663 -0.00648453 0.00278737 0.0051942 0.00231386 -0.000553774 0.00301978 0.000476086 -0.002797
internal_weight=525.339 513.629 493.684 111.866 381.818 314.377 68.1878 67.4417 51.2131 40.1013 246.189 64.5419 91.9259 47.6197
internal_count=3003 2910 2745 492 2253 1841 435 412 295 226 1406 286 406 212
is_linear=0
shrinkage=0.02


Tree=192
num_leaves=15
num_cat=0
split_feature=9 8 1 7 3 1 3 7 6 14 2 3 14 12
split_gain=2.24408 3.03968 2.89131 2.96132 5.1598 2.71631 2.41989 2.0502 4.68747 4.20571 3.29624 4.87975 2.71848 1.9652
threshold=2.3370000000000002 2.2483333333333335 0.90200000000000014 1.2916666666666667 1.3666666666666669 1.0250000000000004 0.63333333333333341 0.55000000000000016 0.83333333333333337 1073.7500000000002 0.83333333333333337 1.6333333333333335 1052.5000000000002 2.5833333333333335
decision_type=10 8 8 2 2 8 2 2 2 2 2 2 2 10
left_child=1 2 3 -1 6 -4 -5 -7 9 -9 -11 -12 -10 -14
right_child=-2 -3 5 4 -6 7 -8 8 12 10 11 -13 13 -15
leaf_value=-0.0097625014929923863 0.0078860489131342814 -0.0096346747245023966 0.0082154259168853872 0.0014992640763415153 0.0084405054951893575 -0.0054885998931351347 -0.0091674236072461085 0.012689270142269234 -0.0094602317201299222 0.010597112010625517 -0.0070737406063409282 0.0068076901080422825 -0.00091659028327865228 0.0040827943423857498
leaf_weight=22.913248177617788 11.802847698330877 13.449199903756378 15.740281492471693 13.022207058966158 14.671474564820526 24.563279815018177 22.25349697843194 19.286855719983578 12.589188065379856 12.027753926813601 22.056357629597187 17.083039060235023 256.65207334235311 34.828706741333008
leaf_count=136 96 103 81 62 75 165 110 134 117 62 124 97 1403 175
internal_value=-0.000383903 -0.000593995 -0.000325471 -0.0039714 -0.00117527 0.000322912 -0.00529698 -8.12982e-06 0.000364967 0.0049751 0.00187983 -0.000996302 -0.000716023 -0.000307303
internal_weight=512.94 501.137 487.688 72.8604 49.9472 414.828 35.2757 399.087 374.524 70.454 51.1672 39.1394 304.07 291.481
internal_count=2940 2844 2741 383 247 2358 172 2277 2112 417 283 221 1695 1578
is_linear=0
shrinkage=0.02


Tree=193
num_leaves=15
num_cat=0
split_feature=18 14 10 15 14 8 17 8 0 16 15 16 0 5
split_gain=4.45176 5.44062 5.97544 4.64967 4.55161 3.51005 4.63183 4.14364 3.12091 3.07663 4.20984 4.17378 4.30286 3.90132
threshold=1.0000000180025095e-35 1157.5000000000002 1.4166666666666667 1142.5000000000002 1077.5000000000002 0.92499999999999993 1092.5000000000002 1.5113500000000002 0.77500000000000024 1127.5000000000002 1127.5000000000002 1120.0000000000002 1.6841666666666668 0.36666666666666675
decision_type=2 2 10 2 2 10 2 10 10 2 2 2 10 2
left_child=1 8 3 -3 5 6 -2 -7 -1 11 13 12 -6 -11
right_child=4 2 -4 -5 9 7 -8 -9 -10 10 -12 -13 -14 -15
leaf_value=-0.0079846970476739991 0.011055765302229492 0.011541874989690963 -0.0044519505729352163 0.0011758066699608057 0.0031994442739524676 0.02417193771113884 -0.0057635981390957627 0.0044482436781224516 -0.00095573532322800739 -0.0023558601634829572 0.00096888079231413767 0.013178264069762113 -0.0073303264067510285 -0.01677125195074566
leaf_weight=63.841860514134169 12.225089929997923 22.544516950845718 54.318458121269941 66.390545412898064 97.202399417757988 8.0943126529455203 12.079393390566109 9.0661108493804914 41.895721631124616 20.851497162133459 68.40796335041523 12.884395927190779 17.467770017683506 11.100918479263781
leaf_count=411 57 121 312 310 442 57 96 66 325 153 358 61 97 76
internal_value=0.000107854 -0.00181618 0.000725882 0.00390266 0.0018864 0.00789906 0.00279907 0.0145703 -0.0052347 0.000762781 -0.00184666 0.0028143 0.00154593 -0.00772103
internal_weight=518.371 248.991 143.254 88.9351 269.38 41.4649 24.3045 17.1604 105.738 227.915 100.36 127.555 114.67 31.9524
internal_count=2942 1479 743 431 1463 276 153 123 736 1187 587 600 539 229
is_linear=0
shrinkage=0.02


Tree=194
num_leaves=15
num_cat=0
split_feature=15 13 12 9 5 10 13 8 12 2 15 1 11 1
split_gain=3.04596 4.14691 7.29662 5.53965 4.64231 5.84847 2.87227 6.30027 4.13721 5.01502 6.577 4.87165 3.91253 3.44017
threshold=1137.5000000000002 1.3666666666666669 0.58333333333333337 1.5616100000000002 0.36666666666666675 1.1666666666666667 1.7750000000000001 1.5550000000000004 1.8333333333333337 1.5833333333333337 1098.7500000000002 1.4906000000000001 0.45000000000000007 1.2010000000000003
decision_type=2 10 10 10 2 10 10 10 10 2 2 10 10 10
left_child=6 2 -2 -3 5 -4 12 8 -8 -10 11 -11 -1 -14
right_child=1 3 4 -5 -6 -7 7 -9 9 10 -12 -13 13 -15
leaf_value=-0.01475542752351462 -0.0048476346829922452 -0.0019520797420038924 0.011154686831806935 0.0090646300890797112 0.01155956654414832 -0.003343811214762077 0.010913575090448421 -0.011226765268567526 -0.0051670821407940448 0.0072727269754110525 0.01440974238347642 -0.011659912287614272 -0.004180299304738842 0.0019240363825075697
leaf_weight=8.9683140665292722 23.942115426063538 117.34028569608927 17.765884697437286 20.588661797344685 48.87335541844368 26.536059007048607 21.922227274626493 12.194471988826988 28.605911128222942 10.117282830178739 17.422310031950474 9.6840806640684587 93.442507930099964 59.872923562303185
leaf_count=52 130 543 81 106 233 149 122 89 152 59 83 71 624 461
internal_value=0.000547143 0.00209938 0.00484989 -0.000254205 0.00736676 0.00258824 -0.000964816 0.00169193 0.00359345 0.00102892 0.00580107 -0.0021019 -0.00260138 -0.00179941
internal_weight=517.276 255.046 117.117 137.929 93.1753 44.3019 262.23 99.9463 87.7518 65.8296 37.2237 19.8014 162.284 153.315
internal_count=2955 1242 593 649 463 230 1713 576 487 365 213 130 1137 1085
is_linear=0
shrinkage=0.02


Tree=195
num_leaves=15
num_cat=0
split_feature=8 5 15 18 16 15 9 12 3 4 0 16 6 5
split_gain=3.28316 2.73001 2.23771 4.51098 2.70857 7.83631 3.87037 2.28947 2.10624 4.4389 6.50918 5.09499 4.86101 5.05562
threshold=2.5116666666666672 0.77500000000000013 1060.0000000000002 1.0000000180025095e-35 1202.5000000000002 1197.5000000000002 1.3443800000000004 0.83333333333333337 1.1000000000000003 1.0000000180025095e-35 1.4750000000000003 1071.2500000000002 1.8333333333333337 0.22500000000000003
decision_type=8 2 2 2 2 2 10 10 2 2 10 2 2 2
left_child=1 2 3 -1 8 6 7 -6 -4 10 -10 -11 -13 -14
right_child=-2 -3 4 -5 5 -7 -8 -9 9 11 -12 12 13 -15
leaf_value=-0.011456351788937072 -0.0098998377354443546 -0.0066418777828111284 -0.0012511664249605806 0.0028260883599916758 -0.0099871189449601758 0.019584313563238413 0.0093221041725827167 0.0020079670831298839 -0.0037940353711217695 0.011290058568707415 0.0051869946453059184 0.0051579141231640384 0.0035399597597009416 -0.01262030569443901
leaf_weight=15.911935735493897 11.281721018254755 19.208881102502346 143.74308264255524 17.889688119292259 11.074559684842827 11.175428107380865 13.358610346913336 12.879397474229334 92.183333054184914 31.624611727893353 48.402794279158115 63.379840925335884 14.873206980526447 14.416921406984329
leaf_count=167 92 93 701 152 107 57 117 108 472 141 268 348 79 74
internal_value=0.000319751 0.000564691 0.000859605 -0.00403329 0.00122943 0.00564943 0.00107358 -0.00371567 0.000692433 0.00174791 -0.000687135 0.00448562 0.00206779 -0.00456834
internal_weight=521.404 510.122 490.913 33.8016 457.112 48.488 37.3126 23.954 408.624 264.881 140.586 124.295 92.67 29.2901
internal_count=2976 2884 2791 319 2472 389 332 215 2083 1382 740 642 501 153
is_linear=0
shrinkage=0.02


Tree=196
num_leaves=15
num_cat=0
split_feature=1 7 0 0 0 17 1 17 9 16 16 17 0 1
split_gain=3.07195 5.57633 4.25863 3.87801 3.53659 3.52712 3.34055 3.48946 3.0271 3.56162 3.03849 5.33377 3.23181 3.01845
threshold=1.3310000000000002 2.2250000000000005 1.425 1.1004000000000003 0.9010166666666668 1127.5000000000002 1.9310000000000003 1082.5000000000002 1.0010000000000001 1071.2500000000002 1107.5000000000002 1191.2500000000002 1.4941666666666669 1.0930000000000002
decision_type=10 2 10 10 10 2 10 2 10 2 2 2 10 10
left_child=2 6 3 4 -1 -6 8 -8 -2 -10 -11 -12 -13 -5
right_child=1 -3 -4 13 5 -7 7 -9 9 10 11 12 -14 -15
leaf_value=0.00088483796578127957 -0.0097342503329841314 -0.012725840818232701 0.011934799066466975 -0.012858230296692206 0.0158692046193562 0.0016518974992873478 0.012612577044588062 -0.00025394882381082488 0.0092900595716310236 -0.0090481449172144547 0.0081307556520067974 0.003576043337124162 -0.010944073936484885 -0.0005509631994161442
leaf_weight=303.24975568056107 18.23850329592824 16.465517222881317 13.49209965765476 12.679272741079329 12.14756426215172 15.438887003809212 12.36505266278982 22.735733918845654 10.812361367046831 19.342038944363594 18.721265017986298 9.0699968785047549 15.681410029530523 19.329061295837164
leaf_count=1629 96 95 73 69 54 96 67 211 55 115 107 73 130 110
internal_value=0.000352091 -0.00212916 0.0013009 0.000873771 0.00152186 0.00824855 -0.000666234 0.0045024 -0.00266833 -0.000811009 -0.00266805 0.000310234 -0.00569102 -0.00566802
internal_weight=519.769 143.432 376.337 362.845 330.836 27.5865 126.966 35.1008 91.8656 73.6271 62.8147 43.4727 24.7514 32.0083
internal_count=2980 949 2031 1958 1779 150 854 278 576 480 425 310 203 179
is_linear=0
shrinkage=0.02


Tree=197
num_leaves=15
num_cat=0
split_feature=17 15 8 9 9 9 17 15 8 8 17 2 8 13
split_gain=3.01404 4.55324 4.45568 3.40754 3.19676 4.52329 3.15298 2.96561 2.84103 5.36877 2.82605 2.46197 2.16876 2.20889
threshold=1188.7500000000002 1098.7500000000002 1.7905500000000003 1.7130000000000003 1.1950000000000003 1.0332500000000002 1267.5000000000002 1052.5000000000002 1.4210833333333335 1.5333333333333339 1097.5000000000002 1.5833333333333337 0.98075000000000012 1.4500000000000002
decision_type=2 2 10 10 8 10 2 2 10 10 2 2 10 10
left_child=2 3 4 -2 5 7 -5 -1 11 -10 -7 -6 13 -9
right_child=1 -3 -4 6 8 10 -8 12 9 -11 -12 -13 -14 -15
leaf_value=0.0087953255245707546 -0.012433369811160007 -0.00041714666462369703 0.0096136916276555583 0.010389872570912489 -0.012333050674558553 0.015481542930816149 -0.0093110778503464348 0.0016810135903352393 0.010743262979195613 -0.005666295713143317 0.0026182709740065232 -0.0015111241951273283 0.0077483492166423697 -0.0023919733033372181
leaf_weight=15.309973280876873 24.548803195357323 127.95902984961867 21.875988863408566 5.6403338015079481 17.72650283575058 12.875146232545378 5.3692039363086224 97.385466195642948 12.227778501808645 19.101644236594439 14.432853620499371 15.835927464067934 12.466300822794436 115.20391657948494
leaf_count=104 266 800 113 52 93 60 71 453 67 110 86 94 60 529
internal_value=3.9328e-05 -0.00219894 0.00107521 -0.00842406 0.000486415 0.00145321 0.000806698 0.000560244 -0.00346308 0.000872507 0.00901569 -0.00741835 -3.6397e-05 -0.000527036
internal_weight=517.959 163.517 354.441 35.5583 332.566 267.674 11.0095 240.366 64.8919 31.3294 27.308 33.5624 225.056 212.589
internal_count=2958 1189 1769 389 1656 1292 123 1146 364 177 146 187 1042 982
is_linear=0
shrinkage=0.02


Tree=198
num_leaves=15
num_cat=0
split_feature=17 1 0 2 0 12 12 14 15 17 5 1 0 6
split_gain=2.78849 5.92253 3.99262 4.23745 3.87317 2.99262 3.94792 5.54186 3.43577 2.69162 4.17368 4.56806 4.68143 3.38844
threshold=1087.5000000000002 1.8000000000000005 1.6266666666666667 1.8333333333333337 1.9916666666666669 1.1666666666666667 2.1666666666666674 1117.5000000000002 1142.5000000000002 1092.5000000000002 0.22500000000000003 0.89100000000000013 0.95955000000000013 0.83333333333333337
decision_type=2 10 10 2 10 8 10 2 2 2 2 8 8 2
left_child=5 2 9 -4 -3 -1 7 -7 -9 -2 -11 -12 -13 -14
right_child=1 4 3 -5 -6 6 -8 8 -10 10 11 12 13 -15
leaf_value=0.0067948230873101255 -0.0073910300035992631 -0.016182790820304202 -0.00071607479418081554 0.014245570162013516 -0.0028380474989631466 0.0044253329642806672 0.0053406243546510581 -0.013700068172802941 -0.0021036534911082292 -0.0026711821335036394 -0.0044291551877958307 0.015598661881008381 0.010315149748833042 0.00074808424526308002
leaf_weight=41.140272907912731 21.917896933853626 14.549503959715365 14.862004883587362 14.246117446571587 20.962360076606274 28.134005829691887 41.689055316150188 16.567281141877174 25.498842880129814 140.01721459999681 30.90852328017354 11.756128318607805 17.457920901477337 75.840737603604794
leaf_count=182 103 131 96 84 187 139 185 80 109 888 166 64 106 423
internal_value=-3.56273e-06 -0.000959161 -0.000105815 0.0068364 -0.00859897 0.00225173 0.000535893 -0.00235238 -0.00688284 -0.000804752 -0.000256886 0.00223075 0.00421346 0.00262866
internal_weight=515.548 362.518 327.007 29.1081 35.5119 153.029 111.889 70.2001 42.0661 297.898 275.981 135.963 105.055 93.2987
internal_count=2943 2248 1930 180 318 695 513 328 189 1750 1647 759 593 529
is_linear=0
shrinkage=0.02


Tree=199
num_leaves=15
num_cat=0
split_feature=7 0 0 10 0 5 0 16 16 1 0 16 0 10
split_gain=3.79609 3.80568 5.92074 5.75327 4.00524 3.73147 3.13868 5.01944 6.06483 4.55038 4.38542 3.1506 2.74073 2.47379
threshold=3.1000000000000005 1.2016666666666669 1.0950000000000004 1.4166666666666667 0.9010166666666668 0.36666666666666675 1.5083333333333335 1071.2500000000002 1157.5000000000002 1.3850000000000002 1.6483333333333332 1290.0000000000002 2.4700000000000002 0.83333333333333337
decision_type=2 8 10 10 10 2 8 2 2 8 8 2 10 10
left_child=1 2 3 4 13 -5 7 -3 -9 -8 -11 12 -12 -1
right_child=-2 6 -4 5 -6 -7 9 8 -10 10 11 -13 -14 -15
leaf_value=-0.0061325318639399978 0.0093309589399541964 0.015951106584851601 -0.014750158336177318 -0.013899593298419905 0.0092059453367755156 -0.0023719901956410941 0.010682413903475262 -0.0040586669856821382 0.011793207739705413 -0.011659478158200971 -0.00048549754479441324 -0.0097741106071496768 0.0092107338462151366 0.0026231293971114293
leaf_weight=22.960306443274021 14.080907501280306 11.185212984681128 16.142631024122238 19.662971023470163 18.618177827447653 25.723998941481113 12.762769334018229 27.716274593025446 13.558746982365845 13.896468359977005 266.49574113637209 13.039829157292841 11.192100834101437 27.105286132544279
leaf_count=111 65 51 96 124 94 147 67 156 103 89 1442 161 86 137
internal_value=-0.000557698 -0.000854213 -0.00378058 -0.00211353 0.00154111 -0.00755807 0.000183498 0.00466725 0.00130442 -0.000569944 -0.00107479 -0.000530622 -6.30466e-05 -0.00143372
internal_weight=514.141 500.061 130.213 114.071 68.6838 45.387 369.847 52.4602 41.275 317.387 304.624 290.728 277.688 50.0656
internal_count=2929 2864 709 613 342 271 2155 310 259 1845 1778 1689 1528 248
is_linear=0
shrinkage=0.02


Tree=200
num_leaves=15
num_cat=0
split_feature=11 10 1 1 16 6 7 16 6 11 8 14 1 8
split_gain=2.71938 3.37717 2.9227 2.10897 4.2744 6.1357 4.23121 4.20119 3.4341 3.38094 3.18354 4.32787 4.35227 3.36016
threshold=1.2250000000000003 1.4166666666666667 2.1550000000000007 1.901 1112.5000000000002 0.83333333333333337 1.1000000000000003 1177.5000000000002 0.41666666666666669 2.1000000000000005 2.2483333333333335 1261.2500000000002 1.1145000000000003 0.81536666666666668
decision_type=10 8 10 8 2 2 2 2 2 10 10 2 10 10
left_child=1 -1 3 6 -5 8 7 -2 -6 -7 11 13 -13 -8
right_child=2 -3 -4 4 5 9 10 -9 -10 -11 -12 12 -14 -15
leaf_value=-0.0004626825414831449 -0.0095085433790042303 -0.0091945626904310646 -0.0085403597467817866 0.010612956029324796 0.0020382379138377238 -0.0047714657197979017 -0.0024933050193919177 0.0061813186720647362 0.018682099563017539 0.0054138144367303995 -0.0063381077931053695 0.0039078148308683506 -0.011010107039861931 0.0095961000689813135
leaf_weight=244.09672129526734 25.073079772293568 18.116124056279659 9.5054195579141361 29.948440663516521 9.4089408814907074 39.621723890304565 11.011411234736441 8.4668514132499677 10.171358004212379 18.244474373757839 12.864633247256277 19.066739886999134 11.866699449717997 45.576459493488073
leaf_count=1241 158 106 93 144 71 239 63 81 67 144 98 91 61 282
internal_value=0.000323578 -0.0010986 0.00180878 0.00224999 0.00432433 0.00178824 0.00056685 -0.00548349 0.0111719 -0.00152276 0.00262247 0.0039963 -0.00198058 0.00724118
internal_weight=513.039 262.213 250.826 241.321 107.395 77.4465 133.926 33.5399 19.5803 57.8662 100.386 87.5213 30.9334 56.5879
internal_count=2939 1347 1592 1499 665 521 834 239 138 383 595 497 152 345
is_linear=0
shrinkage=0.02


Tree=201
num_leaves=15
num_cat=0
split_feature=8 2 2 6 15 15 6 12 14 11 1 2 14 13
split_gain=3.06104 2.3923 3.51002 2.39676 4.88621 4.31783 3.97052 3.48602 2.92229 3.10787 3.21622 7.28616 4.36802 4.1954
threshold=2.309166666666667 2.8333333333333335 2.5833333333333335 0.83333333333333337 1078.7500000000002 1086.2500000000002 1.5833333333333337 1.1666666666666667 1077.5000000000002 0.45000000000000007 1.6760000000000002 1.5833333333333337 1337.5000000000002 1.2916666666666667
decision_type=8 2 2 2 2 2 2 10 2 10 8 2 2 10
left_child=1 2 3 5 6 7 -5 -1 -6 -10 11 13 -12 -11
right_child=-2 -3 -4 4 8 -7 -8 -9 9 10 12 -13 -14 -15
leaf_value=0.016852530958137546 -0.00752713776242911 -0.0056713129154111483 0.0093977462711501009 -0.012447269119085001 0.0086704623882227442 0.00015489133876079317 0.00057423752036848486 0.0035789329971980827 0.0072076271736349539 0.0033325436762424122 -0.0038450729662371881 0.0086828704859814154 0.0063545301731948913 -0.0047834978376750745
leaf_weight=12.611722547560928 18.81180788949132 23.038366904482245 17.252184614539146 21.503408450633287 15.618191700428723 63.908856246620417 15.899924553930758 20.646292746067047 21.598864406347275 44.465054001659155 129.71347150206566 40.769312284886837 18.352591052651405 57.067173853516579
leaf_count=93 157 169 110 173 89 345 121 143 96 231 694 208 77 286
internal_value=0.000184511 0.000487617 0.000794779 0.000454034 -0.000291344 0.00322834 -0.00704109 0.0089574 0.000498419 6.29e-05 -0.000491471 0.00164986 -0.0025467 -0.00123132
internal_weight=521.257 502.445 479.407 462.155 364.988 97.1669 37.4033 33.258 327.585 311.966 290.368 142.302 148.066 101.532
internal_count=2992 2835 2666 2556 1975 581 294 236 1681 1592 1496 725 771 517
is_linear=0
shrinkage=0.02


Tree=202
num_leaves=15
num_cat=0
split_feature=9 8 15 8 0 7 0 0 17 16 7 6 16 8
split_gain=2.44774 2.94226 2.20079 5.97351 1.67909 5.71436 3.81735 5.02212 3.28274 6.42617 2.43258 4.76075 3.49776 3.22375
threshold=2.3980000000000006 2.2983333333333342 1052.5000000000002 0.68166666666666687 0.9010166666666668 1.5500000000000003 1.0715166666666669 1.2016666666666669 1188.7500000000002 1098.7500000000002 2.1000000000000005 2.1666666666666674 1132.5000000000002 0.81536666666666668
decision_type=10 8 2 10 8 2 8 8 2 2 2 2 2 10
left_child=1 2 3 -1 5 -4 -6 -8 9 -7 11 13 -12 -9
right_child=-2 -3 4 -5 6 8 7 10 -10 -11 12 -13 -14 -15
leaf_value=0.0032748762197870171 0.0093764557294393341 -0.0098505728860350857 -0.0084811613052254726 -0.015005678595030648 0.0082143894177919268 -0.0022581814714197823 -0.00933362084102809 -0.00058782658623859874 -0.0058345435652661258 0.014843944179653559 -0.0061958026696900719 0.011312895390911964 0.0035247571159374713 0.0040720230058588318
leaf_weight=14.704358134418728 10.063415970653294 11.163722086697815 32.702922880649567 12.405449451878665 26.183205224573612 18.921800628304482 18.881054993718863 165.20895003899932 13.420533657073973 15.054012075066565 38.382723838090897 18.614403381943703 22.90472649782896 91.528549011796713
leaf_count=121 79 90 189 147 137 82 107 879 80 70 179 95 123 542
internal_value=7.1375e-05 -0.000134217 0.000107298 -0.00532654 0.000437108 -0.00217831 0.000990202 0.000436611 0.00225597 0.00552719 0.00101061 0.0018128 -0.00256471 0.00108279
internal_weight=510.14 500.076 488.913 27.1098 461.803 80.0993 381.704 355.52 47.3963 33.9758 336.639 275.352 61.2875 256.737
internal_count=2920 2841 2751 268 2483 421 2062 1925 232 152 1818 1516 302 1421
is_linear=0
shrinkage=0.02


Tree=203
num_leaves=15
num_cat=0
split_feature=14 14 11 8 11 9 9 9 16 16 17 9 2 12
split_gain=3.56025 3.07885 4.80661 2.98662 3.21495 2.94608 5.63192 4.41995 2.2108 5.58082 2.29475 6.64869 1.59097 3.15871
threshold=1052.5000000000002 1068.7500000000002 1.2250000000000003 0.68166666666666687 1.1000000000000003 2.3222500000000004 2.0310000000000006 1.8870000000000002 1290.0000000000002 1255.0000000000002 1242.5000000000002 1.5030000000000003 1.5833333333333337 1.1666666666666667
decision_type=2 2 10 8 10 10 8 10 2 2 2 10 2 10
left_child=3 2 -2 4 -1 6 7 8 9 10 12 -12 13 -3
right_child=1 5 -4 -5 -6 -7 -8 -9 -10 -11 11 -13 -14 -15
leaf_value=0.0048922719307357551 -0.00010712794358087798 0.002498312895541299 0.017854978737622582 -0.015743182526149174 -0.0097461118810090418 0.0097564411607563815 -0.011733955397346039 0.011197198319532961 -0.00742536383757575 0.011546819352159392 -0.012830012222388274 0.006022157612826996 0.0018655825361100426 -0.0025135015643270352
leaf_weight=11.566292285919195 14.059824317693712 74.978360082954168 9.3278178386390191 8.5159892104566079 10.568196993321179 11.570147003978489 14.949443127959965 13.566348552703856 14.485554870218037 15.844344086945055 17.941856279969219 11.594278275966643 143.65368325263262 148.07871648669243
leaf_count=70 84 356 71 111 88 86 122 86 155 96 118 73 737 722
internal_value=0.000148758 0.000567531 0.00749517 -0.00635312 -0.00221605 0.000205056 -5.86351e-05 0.000363617 -6.30363e-06 0.00027183 -0.000206944 -0.00547481 0.000231082 -0.0008252
internal_weight=520.701 490.05 23.3876 30.6505 22.1345 466.663 455.093 440.143 426.577 412.091 396.247 29.5361 366.711 223.057
internal_count=2975 2706 155 269 158 2551 2465 2343 2257 2102 2006 191 1815 1078
is_linear=0
shrinkage=0.02


Tree=204
num_leaves=15
num_cat=0
split_feature=3 18 2 0 11 17 3 15 13 17 5 2 15 15
split_gain=2.29908 2.63672 2.11221 5.46774 4.22101 3.98994 3.4777 3.35016 2.55708 2.27223 3.30143 3.39667 3.24399 4.28416
threshold=2.7083333333333335 1.0000000180025095e-35 1.8333333333333337 1.9233333333333336 0.55000000000000016 1235.0000000000002 2.1000000000000005 1107.5000000000002 2.9000000000000004 1117.5000000000002 0.45000000000000007 0.58333333333333337 1068.7500000000002 1086.2500000000002
decision_type=2 2 2 10 10 2 2 2 8 2 2 2 2 2
left_child=2 -2 3 8 -4 6 -6 -8 9 10 -1 -12 -11 -14
right_child=1 -3 4 -5 5 -7 7 -9 -10 12 11 -13 13 -15
leaf_value=0.0032719929930312636 -0.014199114135364904 0.00077432207385154188 -0.0087588718895171957 -0.011871017545044793 0.0079165893372116075 -0.0039463358624784416 -0.0061677844332595731 0.0069987934218047844 -0.0082631459972199416 -0.011861214212376214 0.0022967358874382746 -0.0091694343109105011 0.011091576391449467 -0.0016150306517676294
leaf_weight=136.42180545628071 8.7957759127020836 8.8616306520998478 11.490091934800146 15.611740238964556 63.438590370118618 22.419655527919531 16.536830510944132 12.825541272759436 13.830392528325318 10.17823291569948 20.955053403973579 18.800318390130997 10.442543957382439 146.1037929430604
leaf_count=629 79 66 57 116 323 200 118 60 70 111 91 84 83 877
internal_value=-0.000152644 -0.00704574 0.000104847 -0.000654845 0.00232488 0.00349603 0.00531692 -0.000375507 -0.000132177 0.000218847 0.00179769 -0.00321756 -0.00145029 -0.000702405
internal_weight=516.712 17.6574 499.055 372.344 126.711 115.221 92.801 29.3624 356.732 342.902 176.177 39.7554 166.725 156.546
internal_count=2964 145 2819 2061 758 701 501 178 1945 1875 804 175 1071 960
is_linear=0
shrinkage=0.02


Tree=205
num_leaves=15
num_cat=0
split_feature=15 11 3 15 13 0 15 16 12 15 16 3 15 1
split_gain=3.04361 2.38035 5.32659 5.2266 4.18406 4.41662 4.06869 3.96905 3.90561 3.22393 2.8977 4.37801 3.18645 4.08216
threshold=1345.0000000000002 1.2250000000000003 1.1000000000000003 1071.2500000000002 1.7750000000000001 1.1450000000000002 1107.5000000000002 1152.5000000000002 1.1666666666666667 1120.0000000000002 1290.0000000000002 2.3666666666666671 1068.7500000000002 1.7810000000000004
decision_type=2 10 2 2 8 10 2 2 8 2 2 2 2 10
left_child=1 2 7 8 10 9 -7 -1 -4 -6 11 12 -3 -14
right_child=-2 4 3 -5 5 6 -8 -9 -10 -11 -12 -13 13 -15
leaf_value=-0.0077435853642768109 0.006615272428581973 0.011482219173948429 0.0023285291726978627 0.0022591975274793121 0.017163896064572037 -0.0099616944092112032 0.0050862324177702849 0.0031538745676002707 -0.011676069503725057 0.0051863780791523584 -0.0073203997144490598 -0.010314239847558755 0.0018610269073573249 -0.010351857074828545
leaf_weight=66.102476514875889 27.58179897069931 11.0709829069674 12.222842819988726 139.31226279586554 13.923537150025366 10.454282343387606 18.301823459565639 16.103512853384018 20.420045576989651 26.110379382967949 19.978177517652512 12.391369912773369 115.69664660841227 11.084971629083155
leaf_count=312 122 102 82 687 82 89 98 91 147 123 241 92 631 73
internal_value=0.000270033 -9.75069e-05 -0.00144219 0.000564776 0.00133245 0.00545666 -0.000535369 -0.00559661 -0.00651883 0.00966885 -0.00035635 0.000611949 0.0016613 0.000720555
internal_weight=520.755 493.173 254.161 171.955 239.012 68.79 28.7561 82.206 32.6429 40.0339 170.222 150.244 137.853 126.782
internal_count=2972 2850 1319 916 1531 392 187 403 229 205 1139 898 806 704
is_linear=0
shrinkage=0.02


Tree=206
num_leaves=15
num_cat=0
split_feature=9 2 9 9 17 11 14 15 3 6 17 18 10 0
split_gain=3.34825 3.3807 2.06262 2.8242 2.108 3.61703 4.00756 4.33841 3.48737 3.40909 3.09023 3.1374 3.06805 6.99975
threshold=2.3370000000000002 3.1666666666666674 2.0310000000000006 1.8567500000000001 1127.5000000000002 1.9000000000000001 1310.0000000000002 1210.0000000000002 0.45000000000000007 2.5833333333333335 1242.5000000000002 1.0000000180025095e-35 1.5833333333333337 0.78545000000000009
decision_type=10 2 8 10 2 10 2 2 2 2 2 2 10 10
left_child=1 2 3 4 12 8 7 10 -6 -10 -7 -12 -1 -14
right_child=-2 -3 -4 -5 5 6 -8 -9 9 -11 11 -13 13 -15
leaf_value=0.0023303964234687976 0.0096514512551758355 -0.010304374602423467 -0.0065306298221122225 0.007966376113698128 0.0075067641931742101 0.0072309831720939353 -0.0092532555955800819 0.016797685988097541 -0.0030377697997941038 -0.013169462001234072 -0.011379459546664772 0.0035014842476272802 0.0030427515420828151 -0.011082388119373605
leaf_weight=209.15667612105608 13.397349331527947 11.734213208779691 16.899902183562517 17.874297641217709 9.8951908871531469 20.540392503142357 8.79556607455015 8.6924484372138959 105.3816385678947 14.419599652290342 9.5133977718651295 11.536952760070562 32.686245881021023 23.176328655332327
leaf_count=989 108 90 138 116 50 126 42 42 694 76 101 105 153 123
internal_value=0.000142338 -0.000131047 0.00013384 0.00038594 7.04975e-05 -0.00154 0.00253316 0.00473508 -0.00340058 -0.00435617 0.0018788 -0.00343481 0.00121914 -0.00290934
internal_weight=513.7 500.303 488.569 471.669 453.794 188.775 59.0788 50.2832 129.696 119.801 41.5907 21.0504 265.019 55.8626
internal_count=2953 2845 2755 2617 2501 1236 416 374 820 770 332 206 1265 276
is_linear=0
shrinkage=0.02


Tree=207
num_leaves=15
num_cat=0
split_feature=18 6 14 15 14 9 1 9 15 9 1 13 3 14
split_gain=2.3876 6.43341 2.07475 4.78996 6.40112 5.38821 2.85949 5.06334 4.23901 3.56747 2.71625 2.16791 2.05451 2.02487
threshold=1.0000000180025095e-35 3.1666666666666674 1122.5000000000002 1098.7500000000002 1068.7500000000002 1.0410000000000001 1.3910000000000002 1.5497600000000002 1162.5000000000002 1.1300000000000003 0.94500000000000017 1.3666666666666669 1.7750000000000001 1193.7500000000002
decision_type=2 2 2 2 2 10 10 10 2 8 10 10 2 2
left_child=1 -1 3 4 -2 11 7 9 12 13 -6 -5 -8 -4
right_child=2 -3 6 5 10 -7 8 -9 -10 -11 -12 -13 -14 -15
leaf_value=-0.0023947846619594738 0.0057347242717483253 0.01161504784739216 0.0050719542633093761 -0.0025682082710835811 -0.016367371639189495 0.016282843631734392 -0.016162542572672169 0.0097929290254433494 0.0042869082820380508 -0.0090001088189887429 -0.0028086427305581397 0.0066996577042043428 -0.0042701496564743046 -0.0012282087694754766
leaf_weight=235.18976574204862 24.745847497135401 12.896547958254812 29.645161885768175 16.213136438280344 9.3056368082761782 16.91124352067709 10.551955115050079 21.148582693189383 12.005011536180971 16.417006589472294 15.085373964160679 24.020969845354557 13.726835176348684 60.246450953185558
leaf_count=1423 182 60 153 92 59 90 65 112 58 87 111 112 80 271
internal_value=-0.000209674 -0.00162279 0.00108983 0.00325182 -0.00132056 0.00713851 -0.000324701 0.0010926 -0.00519913 -0.00071334 -0.00842244 0.00299327 -0.00987368 0.000882451
internal_weight=518.11 248.086 270.023 106.282 49.1369 57.1453 163.741 127.457 36.2838 106.309 24.391 40.2341 24.2788 89.8916
internal_count=2955 1483 1472 646 352 294 826 623 203 511 170 204 145 424
is_linear=0
shrinkage=0.02


Tree=208
num_leaves=15
num_cat=0
split_feature=16 3 15 14 15 14 3 16 0 16 11 8 16 16
split_gain=2.36696 3.7002 4.32111 4.14306 4.31644 3.84936 3.61721 2.88846 3.5656 4.76101 3.68881 3.25992 2.76222 2.6378
threshold=1152.5000000000002 1.1000000000000003 1127.5000000000002 1112.5000000000002 1083.7500000000002 1242.5000000000002 1.4500000000000002 1071.2500000000002 0.8416666666666669 1060.0000000000002 0.90000000000000013 0.84310000000000007 1187.5000000000002 1172.5000000000002
decision_type=2 2 2 2 2 2 2 2 8 2 10 10 2 2
left_child=7 2 -2 4 -3 6 -5 8 -1 10 -10 -12 -8 -6
right_child=1 3 -4 5 13 -7 12 -9 9 -11 11 -13 -14 -15
leaf_value=-0.0079554928060032414 -0.0046556909758660231 -0.0041056193273961723 0.0084907868496273721 -0.016401445758094539 0.017380246304495198 0.0025703614246049915 -0.010824043283269026 -0.0027242290376108401 0.0040871104556891033 0.0086715336165817027 -0.0095329684420920689 0.0026919299176226797 0.0038853999441801719 0.0035280227416374685
leaf_weight=14.292840361595152 12.286852940917013 15.912483150139449 42.412494454532862 13.446822416037319 8.502320662140848 17.711799308657646 8.3753242120146769 258.0313863158226 34.132881477475166 31.905366789549589 22.214942447841167 13.399522088468073 10.394404657185076 14.667749460786579
leaf_count=64 101 176 235 101 46 97 51 1416 152 154 98 63 87 123
internal_value=-0.000711905 0.00146278 0.00550719 -0.00105617 0.00376704 -0.00483149 -0.0088557 -0.00154926 0.00106652 0.0024002 -0.000550591 -0.00498559 -0.00289367 0.00911991
internal_weight=517.687 143.71 54.6993 89.0109 39.0826 49.9284 32.2166 373.977 115.946 101.653 69.7473 35.6145 18.7697 23.1701
internal_count=2964 1017 336 681 345 336 239 1947 531 467 313 161 138 169
is_linear=0
shrinkage=0.02


Tree=209
num_leaves=15
num_cat=0
split_feature=15 6 13 8 2 13 6 16 8 7 11 10 12 11
split_gain=2.95153 3.6707 7.59982 3.37684 3.14159 2.6603 7.38757 5.27968 4.56308 3.49473 3.43826 5.54946 2.2379 2.73059
threshold=1120.0000000000002 0.83333333333333337 0.90000000000000013 1.256966666666667 2.1666666666666674 1.7750000000000001 1.8333333333333337 1127.5000000000002 1.2750000000000001 1.3666666666666669 1.3666666666666669 1.4166666666666667 2.5833333333333335 0.90000000000000013
decision_type=2 2 8 8 2 10 2 2 10 2 10 10 10 8
left_child=1 2 -1 4 -4 6 10 -8 9 -7 -3 -12 13 -2
right_child=12 5 3 -5 -6 8 7 -9 -10 -11 11 -13 -14 -15
leaf_value=0.015956760077876008 0.0040128523214432495 -0.015218970875838629 0.0045500588577967026 -0.010580556781794589 -0.0075672993232134955 0.0085817260845336921 0.012795547629311149 -0.0052772031138970769 -0.010759282685670245 -0.0030972360533016463 0.0082157315537064388 -0.010535224056366914 0.006005584431007599 -0.00049311352200749451
leaf_weight=11.543800786137579 70.255688905715942 26.52229542657733 31.064918182790279 11.237690197303889 10.696725014597176 20.370116040110588 10.821745581924917 13.399656534194945 11.629046868532894 18.934931311756372 8.163481719791891 20.030069604516029 33.483017817139626 218.83746764063835
leaf_count=90 315 172 189 99 72 111 58 108 86 105 62 189 158 1146
internal_value=1.66001e-05 -0.00192425 0.00195385 -0.00133514 0.00134197 -0.00385178 -0.00612802 0.0029846 -0.000274005 0.00301821 -0.0101431 -0.00501041 0.00118867 0.000611989
internal_weight=516.991 194.414 64.5431 52.9993 41.7616 129.871 78.9372 24.2214 50.9341 39.305 54.7158 28.1936 322.576 289.093
internal_count=2960 1341 450 360 261 891 589 166 302 216 423 251 1619 1461
is_linear=0
shrinkage=0.02


Tree=210
num_leaves=15
num_cat=0
split_feature=8 4 1 15 10 1 4 1 15 8 0 3 12 14
split_gain=2.68539 3.73669 3.02823 4.23132 2.90241 5.13804 3.72561 2.79437 4.79204 3.99123 3.79169 4.1782 3.13173 3.49642
threshold=2.3550000000000009 0.41666666666666669 1.4470000000000003 1270.0000000000002 2.5833333333333335 1.4855000000000003 1.0000000180025095e-35 1.1590000000000003 1202.5000000000002 1.4279666666666671 1.1939500000000003 2.5500000000000003 1.8333333333333337 1068.7500000000002
decision_type=8 2 10 2 10 8 2 10 2 10 10 2 10 2
left_child=1 4 3 -3 7 -6 -7 9 10 12 -9 -12 13 -1
right_child=-2 2 -4 -5 5 6 -8 8 -10 -11 11 -13 -14 -15
leaf_value=0.0065860168305230202 -0.0088585030905909863 -0.0082549598946893236 0.0053087536955729103 0.00072960311661449443 0.016517846820810832 -0.007473219814996707 0.0092962805926524016 -0.0098187779158321279 -0.01332111151364457 0.009246044349543894 0.0015404457099699848 -0.011405783093438765 0.0037772673389093185 -0.0026399693531331632
leaf_weight=17.884414825588465 15.745567440986632 61.697774648666382 11.453588526695965 31.273185104131699 10.691201228648426 11.243963573127985 8.343555673956871 16.736410468816757 13.861382290720938 20.387496434152126 94.004516147077084 10.141141923144458 65.368696749210358 126.95599620044231
leaf_count=128 133 343 65 135 65 91 58 97 65 111 587 97 324 668
internal_value=-0.00097836 -0.000713042 -0.0040589 -0.00525717 0.000178113 0.00602556 -0.000225453 -0.000321638 -0.00259935 0.00101476 -0.00127069 0.000183325 0.000176439 -0.00146343
internal_weight=515.789 500.043 104.425 92.971 395.619 30.2787 19.5875 365.34 134.743 230.597 120.882 104.146 210.209 144.84
internal_count=2967 2834 543 478 2291 214 149 2077 846 1231 781 684 1120 796
is_linear=0
shrinkage=0.02


Tree=211
num_leaves=15
num_cat=0
split_feature=9 9 9 14 14 17 0 0 15 8 11 17 9 9
split_gain=1.67755 5.07341 4.31362 3.68709 3.70215 4.60302 3.23129 3.20935 3.09279 5.13953 2.15864 3.70544 4.33083 5.96889
threshold=1.9967500000000002 2.3560000000000003 1.5190000000000003 1357.5000000000002 1310.0000000000002 1108.7500000000002 1.8078166666666668 1.4383333333333335 1202.5000000000002 1.656666666666667 1.3666666666666669 1152.5000000000002 1.1950000000000003 0.96300000000000008
decision_type=8 10 10 2 2 2 10 10 2 10 10 2 10 10
left_child=2 -2 3 4 10 -6 7 8 9 -4 11 12 13 -1
right_child=1 -3 6 -5 5 -7 -8 -9 -10 -11 -12 -13 -14 -15
leaf_value=-0.0017890524589395174 -0.011641714829790723 0.0047802137389967147 0.0088742875813266481 -0.011952433417330788 0.012671863525794897 -0.0017198702298370412 -0.0028361877873027677 0.014401999071409155 0.010702978622591272 -0.010000529226278684 0.00044278603998361237 -0.0077526793077926995 -0.010826313759822933 0.0096668915266983277
leaf_weight=144.6315658017993 18.08157787844539 11.696823220700024 9.6768144592642802 11.353247761726378 16.392933622002602 17.754343450069427 18.187719978392124 14.710385285317896 12.81438025832176 11.58250757679343 147.49325998872519 44.733480650931597 16.506641387939453 19.790831293910742
leaf_count=682 156 90 57 51 68 82 128 89 57 75 918 294 96 101
internal_value=-0.000716953 -0.00524552 -0.000429056 -0.00118527 -0.000856601 0.00535307 0.00424607 0.00689042 0.00332934 -0.00139639 -0.00143763 -0.00266321 -0.00136917 -0.000360047
internal_weight=515.407 29.7784 485.628 418.656 407.303 34.1473 66.9718 48.7841 34.0737 21.2593 373.156 225.663 180.929 164.422
internal_count=2944 246 2698 2292 2241 150 406 278 189 132 2091 1173 879 783
is_linear=0
shrinkage=0.02


Tree=212
num_leaves=15
num_cat=0
split_feature=15 17 0 12 5 17 0 3 17 15 17 5 15 15
split_gain=3.3925 2.74754 4.11725 3.74443 2.53115 2.50831 2.46642 4.2137 2.78082 2.66129 2.25497 3.0086 5.66175 2.05841
threshold=1120.0000000000002 1253.7500000000002 1.061666666666667 1.5833333333333337 0.36666666666666675 1025.0000000000002 1.5083333333333335 1.7083333333333337 1042.5000000000002 1152.5000000000002 1172.5000000000002 0.29166666666666669 1162.5000000000002 1137.5000000000002
decision_type=2 2 8 10 2 2 10 2 2 2 2 2 2 2
left_child=5 6 -3 4 -4 -1 8 9 -2 -8 13 -12 -13 -10
right_child=1 2 3 -5 -6 -7 7 -9 10 -11 11 12 -14 -15
leaf_value=0.0075151528284422313 0.0092706594644611038 -0.01409760211933973 -0.0097261868471290886 0.0092525050717142607 0.0019016995075602891 -0.0028968406240136024 -0.00050543844045350297 0.005119836534550927 -0.0036531839809277634 -0.013337543345401057 -0.00048472414696537348 0.019008269226528617 0.0023575998236350089 0.0018012620200931232
leaf_weight=8.8101921528577787 21.30555334687233 10.073493361473082 14.32478701323271 10.786690756678579 14.10762697458267 180.32575469464064 11.703737258911135 16.060522437095642 34.442121565341949 13.67114809155464 22.230085656046867 12.590740919113157 21.317313030362129 125.54893865436316
leaf_count=40 87 72 116 66 93 1272 64 77 162 70 120 67 101 554
internal_value=-0.000248356 0.000980743 -0.00332802 -0.000280095 -0.00408806 -0.00237486 0.00175152 -0.00270413 0.00253717 -0.00766252 0.00183376 0.00524504 0.00890774 0.000611656
internal_weight=517.299 328.163 49.2926 39.2191 28.4324 189.136 278.87 41.4354 237.435 25.3749 216.129 56.1381 33.9081 159.991
internal_count=2961 1649 347 275 209 1312 1302 211 1091 134 1004 288 168 716
is_linear=0
shrinkage=0.02


Tree=213
num_leaves=15
num_cat=0
split_feature=13 15 1 13 15 14 13 17 2 13 2 1 8 13
split_gain=2.78881 4.4769 5.19102 6.9056 6.49882 4.01605 4.00076 3.88803 3.3799 3.3155 3.67218 3.13877 5.04464 4.24098
threshold=1.2916666666666667 1167.5000000000002 1.0000000180025095e-35 0.90000000000000013 1093.7500000000002 1188.7500000000002 0.70833333333333337 1202.5000000000002 1.4166666666666667 1.1000000000000003 1.8333333333333337 1.9510000000000003 0.86035000000000006 1.7750000000000001
decision_type=8 2 8 10 2 2 10 2 2 10 2 8 10 10
left_child=1 2 -1 4 7 8 -3 -4 -6 -5 -11 12 13 -2
right_child=11 6 3 9 5 -7 -8 -9 -10 10 -12 -13 -14 -15
leaf_value=0.013987959639142495 -0.016476438840099032 -0.0017400629729201009 0.0204889414781886 -0.00985331661287084 -0.011761307499974226 0.0066704714515947337 0.0086045546083475498 0.0017649217563833371 0.0034244802566454182 0.0027286481535669272 -0.010538138466922095 0.0011830545264288675 -0.00041980624264829409 -0.0039312099447952635
leaf_weight=8.7322259992361051 15.411986984312533 19.839082553982735 10.963376060128214 32.891334790736437 14.12023374810815 16.297120351344347 56.249064952135086 7.3738212510943404 8.9764001443982107 27.286464009433985 10.854790609329937 147.05958272516727 107.72542925179005 34.127564132213593
leaf_count=56 85 101 65 222 96 99 260 95 61 171 76 794 619 164
internal_value=0.000314911 0.00206165 -0.000100692 -0.00115656 0.00394351 -0.00070035 0.00591973 0.0134402 -0.00596223 -0.00529879 -0.00121978 -0.000913736 -0.00286955 -0.00808288
internal_weight=517.908 213.584 137.496 128.764 57.731 39.3938 76.0881 18.3372 23.0966 71.0326 38.1413 304.325 157.265 49.5396
internal_count=2964 1302 941 885 416 256 361 160 157 469 247 1662 868 249
is_linear=0
shrinkage=0.02


Tree=214
num_leaves=15
num_cat=0
split_feature=13 13 9 1 1 9 2 9 13 8 8 0 3 8
split_gain=3.03209 4.23886 1.86341 2.64764 4.67024 3.90347 3.61634 2.83004 2.16274 2.59747 2.74098 2.15534 4.60474 3.36905
threshold=3.1000000000000005 2.9000000000000004 1.5190000000000003 1.6870000000000003 1.9090000000000003 1.4213200000000004 2.1666666666666674 1.3443800000000004 0.63333333333333341 1.3783333333333336 1.5333333333333339 1.0383333333333338 1.1000000000000003 1.8066666666666673
decision_type=10 8 10 10 10 10 2 10 10 10 10 10 2 10
left_child=1 2 3 5 -5 7 -6 -1 -4 -10 -11 -12 -13 -14
right_child=-2 -3 8 4 6 -7 -8 -9 9 10 11 12 13 -15
leaf_value=0.00021635279039174907 0.010333558488787704 -0.012000004630285228 -0.0047118284802978834 -0.014203926126162733 0.0076707540796792633 -0.0096928152423522117 -0.0088938041140744235 0.0094586564791494659 -0.0061924860828945555 0.014728933212103756 0.0096131868669042352 -0.0091972942254358488 -0.0039514740436511929 0.0082725507866814284
leaf_weight=333.99126945436001 10.578679546713827 10.540447596460579 12.824349731206892 13.670727368444203 11.447744086384775 14.44136320799589 8.1500256173312646 12.802507027983664 8.4385833144187909 9.1759360805153829 16.351767025887966 11.584077332168816 12.247046567499636 28.661024503409863
leaf_count=1779 53 56 96 97 82 86 70 69 49 60 91 76 87 213
internal_value=0.000214445 -1.78407e-05 0.000261668 -0.000356299 -0.00566926 0.000147305 0.000684785 0.000583764 0.00269625 0.0038364 0.00498576 0.00349484 0.00144484 0.00460596
internal_weight=514.906 504.327 493.786 394.504 33.2685 361.235 19.5978 346.794 99.2828 86.4584 78.0199 68.8439 52.4921 40.9081
internal_count=2964 2911 2855 2183 249 1934 152 1848 672 576 527 467 376 300
is_linear=0
shrinkage=0.02


Tree=215
num_leaves=15
num_cat=0
split_feature=9 14 14 8 9 6 9 6 11 2 13 14 1 7
split_gain=2.02792 4.53209 4.1172 5.1809 3.56557 3.51337 4.90537 2.84835 4.07868 3.53611 2.78271 2.62184 2.77893 5.42976
threshold=1.5190000000000003 1235.0000000000002 1112.5000000000002 1.9983333333333337 1.4213200000000004 1.1666666666666667 1.8673700000000002 0.83333333333333337 0.77500000000000013 0.83333333333333337 1.1000000000000003 1071.2500000000002 0.99900000000000022 1.5500000000000003
decision_type=10 2 2 10 8 2 10 2 10 2 10 2 8 2
left_child=4 2 5 -4 7 6 -2 8 -1 -10 -11 -9 13 -13
right_child=1 -3 3 -5 -6 -7 -8 11 9 10 -12 12 -14 -15
leaf_value=-0.0044496112976048045 0.0094758901118705482 0.0087127645630929867 0.0014451812238301465 -0.013626127569418682 -0.008611135533375296 0.01275316389749459 -0.010896662166758806 -0.0066533746028102315 0.014189650056263612 -0.003441762677628329 0.0058095172347535865 -0.0057240488070992761 -0.0012988624653825648 0.0077604041918583567
leaf_weight=21.610513493418694 8.3792630694806629 33.260244965553284 22.095371354371309 14.340893324464558 18.933658555150032 12.646295558661221 8.5389528945088369 27.651838339865208 13.446726452559231 17.722539752721786 42.789306096732616 16.312039643526077 219.99953611940145 38.307969126850367
leaf_count=107 68 177 135 108 121 99 80 205 74 118 258 90 1138 184
internal_value=0.000256793 0.00281075 -0.000249138 -0.00469224 -0.000356743 0.00520105 -0.000840814 5.66982e-05 0.003048 0.00526891 0.00308812 -0.000895992 -0.000294236 0.00370282
internal_weight=516.035 99.261 66.0008 36.4363 416.774 29.5645 16.9182 397.84 95.5691 73.9586 60.5118 302.271 274.62 54.62
internal_count=2962 667 490 243 2295 247 148 2174 557 450 376 1617 1412 274
is_linear=0
shrinkage=0.02


Tree=216
num_leaves=15
num_cat=0
split_feature=15 0 2 2 0 3 13 2 0 0 0 0 18 3
split_gain=2.0477 3.79209 2.6895 4.10077 2.08361 4.12531 1.95198 2.43295 6.25161 5.67869 4.85423 3.84137 3.60424 3.02608
threshold=1052.5000000000002 2.3075000000000006 2.5833333333333335 2.8333333333333335 1.9283333333333339 1.7750000000000001 2.9000000000000004 1.1666666666666667 1.1785500000000002 1.3883333333333334 1.0216666666666672 0.83333333333333359 1.0000000180025095e-35 1.1000000000000003
decision_type=2 8 2 2 10 2 8 2 8 8 8 10 2 2
left_child=1 -1 4 -4 6 -6 7 8 -2 -10 11 12 -9 -11
right_child=2 -3 3 -5 5 -7 -8 10 9 13 -12 -13 -14 -15
leaf_value=-0.014628682207629447 -0.0020590917711859453 0.00032470902845024131 0.012564848122129513 -0.00075141327361638816 -0.011925550851714572 0.0030277680288388481 -0.0064030929393662905 -0.0067496579746750074 0.016125636817891319 0.0014224072672650021 -0.0021502707687238603 0.014768791257711897 0.0080225677244421846 0.0087896657926485062
leaf_weight=9.2181143835186976 78.423079993575811 20.056944664567709 17.292795229703188 18.498589567840099 14.701517164707186 13.307892378419636 14.449457753449677 11.41305248811841 15.353774078190325 82.229856248944998 167.42883148044348 11.68873058632016 13.151169989258051 29.870087686926126
leaf_count=110 419 183 98 113 96 85 72 66 83 412 940 60 66 165
internal_value=0.000336966 -0.00471147 0.000648959 0.00584905 0.000225206 -0.00496143 0.000578696 0.000840013 0.00236808 0.00508696 -0.000708541 0.00582886 0.00116353 0.00344584
internal_weight=517.084 29.2751 487.809 35.7914 452.017 28.0094 424.008 409.559 205.877 127.454 203.682 36.253 24.5642 112.1
internal_count=2968 293 2675 211 2464 181 2283 2211 1079 660 1132 192 132 577
is_linear=0
shrinkage=0.02


Tree=217
num_leaves=15
num_cat=0
split_feature=10 10 3 14 14 5 2 4 18 14 3 14 7 0
split_gain=2.68551 7.75971 2.77894 1.43159 4.98065 2.5397 4.19623 2.81853 1.56313 4.0093 5.39703 3.81431 5.60802 4.11444
threshold=2.5833333333333335 2.8333333333333335 0.36666666666666675 1357.5000000000002 1337.5000000000002 0.45000000000000007 0.41666666666666669 0.41666666666666669 1.0000000180025095e-35 1073.7500000000002 1.6333333333333335 1207.5000000000002 1.7750000000000001 0.82833333333333337
decision_type=10 10 2 2 2 2 2 2 2 2 2 2 2 8
left_child=2 -2 -1 4 5 8 -7 -8 11 10 -10 12 13 -4
right_child=1 -3 3 -5 -6 6 7 -9 9 -11 -12 -13 -14 -15
leaf_value=0.008268455097502219 0.015372689632079153 -0.0016349376806756334 -0.011475293180104399 -0.0057469132933896782 0.0093747123254204166 0.0030261756504297455 -0.0016708239292388698 -0.013720846418658356 0.014903806103086857 0.00018012462528994706 -1.1461012150540471e-05 0.0038628098565605248 -0.010973330372807063 0.00080795296905376032
leaf_weight=16.162387285381556 17.5307139120996 25.087921414524317 11.378494020551441 15.317860171198843 21.872351109981537 18.744385942816734 13.681017979979517 17.951165478676558 18.150975842028856 159.95888627320528 19.669114716351032 46.169166412204504 25.573744915425777 91.020223887637258
leaf_count=77 117 201 71 69 92 94 71 95 109 843 142 244 152 602
internal_value=0.000803135 0.00555301 0.000366785 7.14924e-05 0.000284608 -0.000207237 -0.00437564 -0.00872009 0.000367591 0.00158054 0.00734634 -0.00101116 -0.00278588 -0.000654736
internal_weight=518.268 42.6186 475.65 459.487 444.17 422.297 50.3766 31.6322 371.921 197.779 37.8201 174.142 127.972 102.399
internal_count=2979 318 2661 2584 2515 2423 260 166 2163 1094 251 1069 825 673
is_linear=0
shrinkage=0.02


Tree=218
num_leaves=15
num_cat=0
split_feature=1 1 6 15 8 12 8 6 9 11 1 16 13 16
split_gain=2.03948 4.54196 7.12721 5.84016 4.55878 3.47721 3.05539 6.26778 5.49585 4.51978 3.64596 2.78576 2.26744 4.7988
threshold=1.3310000000000002 1.5290000000000001 2.1666666666666674 1120.0000000000002 1.4550000000000001 1.1666666666666667 1.4550000000000001 1.1666666666666667 1.1950000000000003 1.4500000000000002 1.0930000000000002 1093.7500000000002 1.9000000000000001 1060.0000000000002
decision_type=10 10 2 2 10 10 10 2 8 10 10 2 10 2
left_child=6 4 3 -3 11 -5 8 -8 12 -9 -11 -2 -1 -14
right_child=1 2 -4 5 -6 -7 7 9 -10 10 -12 -13 13 -15
leaf_value=-0.00067193046792128229 -0.0088187524309145306 -0.0020376724167109534 -0.012138245806757705 0.0001992559008054916 -0.016039627938561517 0.01383870709311345 -0.0080042450748147361 0.016531111393603679 -0.0093575943120970759 -0.0035707524253193101 0.010789704270569593 0.0043248888409395852 -0.0045071542004709196 0.00674980005091426
leaf_weight=227.30106567963958 12.07855035364628 49.793214334174991 15.625882767140864 11.824171286076309 16.10520813241601 19.472488787025213 11.398558560758827 15.286328114569185 24.578320600092411 14.758862413465978 11.969907026737927 11.852097086608408 20.794276714324951 49.65823170915246
leaf_count=1249 58 421 96 68 115 103 76 77 137 82 70 67 88 250
internal_value=-0.000484804 -0.00256661 -0.000198954 0.00222157 -0.008142 0.00885132 0.000277666 0.00466171 -0.000460985 0.00820413 0.00301746 -0.00239675 0.000302257 0.0034107
internal_weight=512.497 136.752 96.7158 81.0899 40.0359 31.2967 375.746 53.4137 322.332 42.0151 26.7288 23.9306 297.754 70.4525
internal_count=2957 928 688 592 240 171 2029 305 1724 229 152 125 1587 338
is_linear=0
shrinkage=0.02


Tree=219
num_leaves=15
num_cat=0
split_feature=15 2 13 0 10 4 0 13 13 0 0 8 16 3
split_gain=3.78626 3.48427 4.8063 3.56287 4.01049 3.19878 3.31403 2.86707 3.79729 3.65176 3.54941 4.50708 5.36077 2.89626
threshold=1345.0000000000002 1.8333333333333337 2.9000000000000004 1.8860333333333335 2.5833333333333335 1.0000000180025095e-35 1.6416666666666668 0.70833333333333337 0.45000000000000007 0.9010166666666668 1.0383333333333338 1.3068666666666668 1152.5000000000002 1.3666666666666669
decision_type=2 2 8 10 10 2 10 10 10 8 8 10 2 2
left_child=1 2 3 4 7 6 -3 8 -1 13 -11 -12 -13 -9
right_child=-2 5 -4 -5 -6 -7 -8 9 -10 10 11 12 -14 -15
leaf_value=-0.00023253202878401996 0.0067392306783854222 -0.0024987566945379206 -0.013791822383872178 -0.010390434553006504 0.0062795217129079694 0.0076170685090083566 0.0047045363533169812 -0.0088974869350390701 -0.013099578311068439 0.008375755785879244 0.00077381316485684469 -0.011500574177273118 0.0055353446642603058 0.0015544224612858354
leaf_weight=17.547545429319143 25.752805545926094 68.806990761309862 12.393167734146116 16.388096302747726 26.126441396772861 28.034568700939417 39.295767558738589 35.030928753316402 18.311370249837637 18.01590072363615 160.05163260549307 26.371333561837673 9.4299176372587663 14.651511233299969
leaf_count=111 114 413 64 120 184 154 288 183 110 93 818 155 72 77
internal_value=-0.000589989 -0.000987761 -0.00203125 -0.00156601 -0.00109132 0.00172309 0.000138789 -0.00175326 -0.00698023 -0.00101837 0.00012493 -0.000672731 -0.00698489 -0.00584533
internal_weight=516.208 490.455 354.318 341.925 325.537 136.137 108.103 299.41 35.8589 263.551 213.869 195.853 35.8013 49.6824
internal_count=2956 2842 1987 1923 1803 855 701 1619 221 1398 1138 1045 227 260
is_linear=0
shrinkage=0.02


Tree=220
num_leaves=15
num_cat=0
split_feature=14 11 9 8 8 8 8 6 2 2 8 2 0 14
split_gain=2.76408 1.44692 2.42634 2.13033 2.36097 3.45309 3.6039 3.5425 2.45693 4.79791 3.43913 5.91226 3.78125 2.57529
threshold=1357.5000000000002 2.7750000000000004 1.9229999999999998 2.2116666666666673 1.90995 1.7883333333333338 1.5666666666666671 1.5833333333333337 2.8333333333333335 2.5833333333333335 1.4116666666666668 1.1666666666666667 1.8583333333333336 1062.5000000000002
decision_type=2 8 8 10 10 10 10 2 2 2 8 2 10 2
left_child=1 3 -3 4 5 6 8 -8 9 10 12 -12 13 -1
right_child=-2 2 -4 -5 -6 -7 7 -9 -10 -11 11 -13 -14 -15
leaf_value=0.0067336422977195875 -0.0071201793042251771 0.00042124270723539406 -0.013409827362075129 0.0072705554823414443 -0.0065838012348574141 0.011081014087274415 -0.012802979648075899 0.0013406438871289849 -0.0063007013528496095 0.011738249838519399 -0.0031547049080676653 0.016597942684652662 -0.0079758278814179573 0.00015256697850546573
leaf_weight=24.829355280846357 19.743755921721458 13.49320323765278 7.0744907185435286 17.199069738388062 18.148594565689564 11.203444916754959 15.035489156842234 12.378502637147902 17.74031500145793 15.297196157276629 10.378457404673101 12.705315914005039 20.553393203765154 301.08885967358947
leaf_count=174 90 109 66 134 121 71 108 71 129 91 59 80 131 1535
internal_value=3.31195e-05 0.000330942 -0.00473729 0.000559143 0.00029261 0.000589711 0.000291294 -0.00659415 0.000775326 0.00111699 0.000646847 0.00795492 0.000138452 0.000672995
internal_weight=516.869 497.126 20.5677 476.558 459.359 441.21 430.007 27.414 402.593 384.853 369.555 23.0838 346.472 325.918
internal_count=2969 2879 175 2704 2570 2449 2378 179 2199 2070 1979 139 1840 1709
is_linear=0
shrinkage=0.02


Tree=221
num_leaves=15
num_cat=0
split_feature=15 6 17 8 8 1 10 13 13 3 6 1 11 15
split_gain=3.32892 2.32032 2.04419 1.45678 2.44657 2.18794 1.77828 3.40328 2.47503 2.95016 2.45702 5.06567 5.04616 5.41981
threshold=1060.0000000000002 0.41666666666666669 1010.0000000000001 2.3550000000000009 2.1421166666666669 1.3220200000000002 2.5833333333333335 1.1000000000000003 0.70833333333333337 0.36666666666666675 1.4166666666666667 1.5250000000000004 1.2250000000000003 1167.5000000000002
decision_type=2 2 2 8 10 8 10 10 10 2 2 8 10 2
left_child=1 -1 -2 4 6 -5 8 -8 -4 -10 11 -11 13 -13
right_child=2 -3 3 5 -6 -7 7 -9 9 10 -12 12 -14 -15
leaf_value=0.0019966309983646458 0.0065638477493296368 -0.0093988964777210054 -0.0047710900851167396 0.0015740110718273686 0.0091309593977452787 -0.012685297001462589 0.011925144728304405 -0.0014885219821650037 0.0093636790671604939 -0.0029400231623235187 -0.0019650951383240784 -0.0023035067390414386 0.0088630767855644253 0.010314271472223859
leaf_weight=9.6282425336539728 18.997742801904678 23.687207330018282 43.901511963456869 8.0864167585968936 11.072984740138052 7.7494374886155137 12.975011911243202 16.073230117559433 12.54658182710409 68.735125411301851 160.59308968111873 58.934924077242613 47.163635950535536 16.62349783629179
leaf_count=89 79 233 259 58 76 68 94 99 58 379 815 313 276 75
internal_value=-0.000123838 -0.00614335 0.0003028 3.31504e-05 0.00024936 -0.00574293 4.28509e-06 0.00470045 -0.000340321 0.000204784 -0.000147224 0.00137988 0.00380361 0.000570976
internal_weight=516.769 33.3154 483.453 464.455 448.62 15.8359 437.547 29.0482 408.498 364.597 352.05 191.457 122.722 75.5584
internal_count=2971 322 2649 2570 2444 126 2368 193 2175 1916 1858 1043 664 388
is_linear=0
shrinkage=0.02


Tree=222
num_leaves=15
num_cat=0
split_feature=8 8 8 10 10 3 3 17 14 13 12 10 1 15
split_gain=3.05093 3.10449 4.65816 2.53598 4.15714 3.22641 3.04056 3.87781 3.9612 4.96149 3.99505 4.57378 3.9087 3.873
threshold=2.5116666666666672 2.2116666666666673 2.0350000000000006 2.5833333333333335 2.8333333333333335 1.2916666666666667 1.6333333333333335 1122.5000000000002 1106.2500000000002 1.6333333333333335 1.4166666666666667 0.83333333333333337 1.3990000000000002 1148.7500000000002
decision_type=8 10 10 10 8 2 2 2 2 10 10 10 8 2
left_child=1 2 3 6 -5 -6 7 8 9 -1 11 -10 -12 -8
right_child=-2 -3 -4 4 5 -7 13 -9 10 -11 12 -13 -14 -15
leaf_value=-0.00020758704988987626 -0.0093104701789351579 0.0097115893765303829 -0.01205580112087957 0.013802277478607062 -0.0092109399952330345 0.0072390982761465295 0.0008651306521727059 -0.0035781912214268088 -0.0033744657864318646 0.012782361752072239 0.0018255717068782838 0.0071672171120551117 -0.0074408545220492495 0.0092790607000892561
leaf_weight=24.951698951423168 12.206199783831833 13.007711723446844 11.174206033349035 13.550541546195747 8.1821999140083808 8.9308294318616372 104.56724503822625 132.08706629276276 27.465850591659546 21.195697709918022 28.994577333331108 38.435001224279404 46.489176064729691 26.760804072022438
leaf_count=126 101 96 76 84 56 71 683 817 120 101 131 170 213 127
internal_value=0.000180104 0.000427058 0.000162809 0.000470695 0.00594198 -0.000700404 8.63337e-05 -0.000966584 0.000882108 0.00590332 -0.000786747 0.00278894 -0.00390413 0.00263681
internal_weight=517.999 505.793 492.785 481.611 30.6636 17.113 450.947 319.619 187.532 46.1474 141.385 65.9009 75.4838 131.328
internal_count=2972 2871 2775 2699 211 127 2488 1678 861 227 634 290 344 810
is_linear=0
shrinkage=0.02


Tree=223
num_leaves=15
num_cat=0
split_feature=18 6 1 0 2 17 15 6 14 14 16 14 1 0
split_gain=1.63856 6.78887 4.27212 4.59462 3.55304 4.32638 3.77439 2.98715 2.9446 3.71498 4.36637 3.53944 4.85741 3.36335
threshold=1.0000000180025095e-35 3.1666666666666674 1.7390300000000003 2.0016666666666674 2.5833333333333335 1087.5000000000002 1112.5000000000002 2.8333333333333335 1267.5000000000002 1108.7500000000002 1078.7500000000002 1152.5000000000002 1.2310000000000001 1.1583333333333339
decision_type=2 2 10 10 2 2 2 2 2 2 2 2 10 8
left_child=1 2 -1 -4 5 -2 -6 8 9 13 -11 -12 -13 -7
right_child=4 -3 3 -5 6 7 -8 -9 -10 10 11 12 -14 -15
leaf_value=-0.00088933497072303926 0.0044357349034421121 0.01284253866785327 -0.016668303322600501 -0.00024659184532389714 0.0016909630456531327 0.008191481649974696 0.017516473001526752 -0.0097311468954761077 -0.0055410208355468719 0.014420092490490186 0.0097524959735592869 -0.0065370061939381812 0.0065548126889151351 -0.0053323150380734027
leaf_weight=211.07356004416943 73.717291355133057 12.264292880892752 14.13449699804187 12.453328469768165 14.84394843131304 7.902381654828786 9.4374820217490178 14.401162981986998 34.875534243881702 11.942710429430006 14.704191789031027 26.963574092835188 18.090096410363913 43.136255700141191
leaf_count=1216 322 56 116 113 110 53 46 72 166 54 96 153 107 308
internal_value=7.34167e-05 -0.00109132 -0.00186117 -0.00926437 0.00115155 0.000415296 0.00829144 -0.00132334 -0.000498615 0.000967352 0.00388063 0.00157163 -0.00125215 -0.00312123
internal_weight=519.94 249.926 237.661 26.5878 270.015 245.733 24.2814 172.016 157.615 122.739 71.7006 59.7579 45.0537 51.0386
internal_count=2988 1501 1445 229 1487 1331 156 1009 937 771 410 356 260 361
is_linear=0
shrinkage=0.02


Tree=224
num_leaves=15
num_cat=0
split_feature=1 7 1 6 15 3 11 8 11 0 16 3 8 16
split_gain=3.08171 4.65434 3.75502 3.04644 4.07094 3.47992 3.48355 3.06354 4.24452 2.90491 2.04456 5.52151 5.6347 3.94875
threshold=0.80100000000000005 1.2916666666666667 0.89100000000000013 0.83333333333333337 1068.7500000000002 1.4500000000000002 0.90000000000000013 1.1080166666666669 1.3666666666666669 1.7978166666666671 1071.2500000000002 1.1000000000000003 0.99500000000000022 1042.5000000000002
decision_type=8 2 8 2 2 2 8 10 10 10 2 2 10 2
left_child=1 -1 -2 5 -5 7 -7 8 -4 -8 11 -6 13 -13
right_child=2 -3 3 4 10 6 9 -9 -10 -11 -12 12 -14 -15
leaf_value=-0.0028411370261152919 -0.010694567209123819 0.0082081555046560322 0.0042408043887053881 -0.0080142075316235184 -0.0047592052021910971 0.0070721630062851263 -0.0075042137877518247 -0.0017205015080323234 0.018399652206042786 0.0049667343167061435 -0.0010058806544837498 -0.0042780633294038032 0.016701441926253568 0.0089051726642068747
leaf_weight=22.599608410149813 12.142987363040445 43.391662105917931 22.540745217353106 27.29274844750762 24.856104224920273 15.823553603142498 24.926870960742235 11.728372186422346 13.422012533992527 9.6915236860513669 232.72003993019462 18.037681117653847 14.434791073203085 16.479164160788059
leaf_count=136 62 216 113 249 110 88 170 80 80 82 1326 79 66 74
internal_value=0.000439609 0.00443825 -0.000163212 0.000156861 -0.000755327 0.00323618 -0.000436996 0.00705041 0.00987999 -0.00397151 -8.50497e-05 0.00279302 0.00664631 0.00208945
internal_weight=510.088 65.9913 444.097 431.954 333.821 98.1331 50.4419 47.6911 35.9628 34.6184 306.528 73.8077 48.9516 34.5168
internal_count=2931 352 2579 2517 1904 613 340 273 193 252 1655 329 219 153
is_linear=0
shrinkage=0.02


Tree=225
num_leaves=15
num_cat=0
split_feature=9 9 9 9 15 9 9 9 6 14 8 9 9 4
split_gain=1.88044 5.06199 4.45783 2.47012 2.27267 6.50322 2.06053 3.37726 2.84679 2.02508 1.73958 3.63715 3.27419 4.95554
threshold=2.0210000000000004 2.3222500000000004 1.8567500000000001 1.7070000000000001 1060.0000000000002 1.0505700000000002 1.5190000000000003 1.4190000000000003 1.8333333333333337 1052.5000000000002 1.2176000000000005 1.3170000000000004 1.0904800000000001 1.0000000180025095e-35
decision_type=8 10 10 10 2 8 10 10 2 2 10 10 10 2
left_child=2 -2 3 4 5 9 7 10 -8 -1 12 -12 -6 -14
right_child=1 -3 -4 -5 6 -7 8 -9 -10 -11 11 -13 13 -15
leaf_value=0.0065432363519191362 -0.011128301091242569 0.0052452036528890132 0.010731634617634161 -0.0058958801287475387 0.0014833370960804374 -0.019615895078880348 0.0012772509195521791 -0.0069863320709763997 0.013638085543723855 -0.005293313491527998 -0.0066059108014937338 0.0056675312367724011 0.018047275353670324 0.0012233171553210568
leaf_weight=12.39261475577951 15.872457630932333 12.851529471576212 18.311892952769995 19.363356851041317 304.98586003482342 6.9476344250142565 17.746217548847202 18.183709867298603 12.145931534469126 9.2203252464532834 26.083258625119925 14.091713309288023 11.468886986374857 16.33683730661869
leaf_count=105 136 104 117 124 1564 88 101 109 58 72 152 82 62 85
internal_value=0.00101674 -0.00387255 0.0013123 0.000922445 0.00122853 -0.00413958 0.00160161 0.00120545 0.00657866 0.00148285 0.00162245 -0.00226781 0.00209747 0.00854823
internal_weight=516.002 28.724 487.278 468.966 449.603 28.5606 421.042 391.15 29.8921 21.6129 372.967 40.175 332.792 27.8057
internal_count=2959 240 2719 2602 2478 265 2213 2054 159 177 1945 234 1711 147
is_linear=0
shrinkage=0.02


Tree=226
num_leaves=15
num_cat=0
split_feature=12 0 10 8 9 2 1 7 5 4 2 9 16 2
split_gain=1.88565 3.54134 1.73064 3.85354 4.86385 7.89478 3.09534 3.36021 2.83476 3.54228 7.56973 4.96565 2.40146 4.34844
threshold=2.8333333333333335 1.4558333333333333 1.5833333333333337 1.656666666666667 1.379 1.1666666666666667 1.9410000000000001 2.7750000000000004 0.36666666666666675 0.41666666666666669 0.83333333333333337 1.0190000000000003 1132.5000000000002 0.83333333333333337
decision_type=8 8 10 10 10 2 10 2 2 2 2 10 2 2
left_child=2 -2 3 4 6 -6 7 12 -4 10 -10 -11 -1 -14
right_child=1 -3 8 -5 5 -7 -8 -9 9 11 -12 -13 13 -15
leaf_value=-0.00063215613930584045 -0.01285302062593297 0.00052752596929590964 -0.0030750337724145859 0.01035193935003898 -0.020502238762757568 0.0011407527964803934 0.01145726366199413 0.0095566370209523716 0.019194565957637726 -0.0081245460063998406 0.0004023197497759966 0.0054145324845971026 0.012341844568778133 0.00038779422721058873
leaf_weight=161.02157467603683 11.350618638098238 21.807475283741951 105.81152112036943 17.568731930106878 9.6732523962855357 18.036508098244667 11.699879538267849 17.218652114272118 11.272725544869898 23.519945867359638 28.596527025103569 18.497177023440599 16.791460148990154 38.753605280071497
leaf_count=773 57 116 752 102 58 116 79 76 59 132 172 110 91 244
internal_value=0.000245741 -0.00429506 0.000568727 0.00153309 0.00093028 -0.0068656 0.00183454 0.00130622 -0.000925381 0.00185593 0.00605533 -0.00217693 0.000609343 0.0041559
internal_weight=511.62 33.1581 478.462 290.764 273.195 27.7098 245.485 233.785 187.698 81.8864 39.8693 42.0171 216.567 55.5451
internal_count=2937 173 2764 1539 1437 174 1263 1184 1225 473 231 242 1108 335
is_linear=0
shrinkage=0.02


Tree=227
num_leaves=15
num_cat=0
split_feature=9 15 9 16 3 8 1 6 1 6 16 15 6 8
split_gain=2.65002 2.12444 3.51037 2.3762 2.35877 1.85983 1.69527 3.58554 3.21229 2.68596 4.17485 2.86952 3.1582 2.56649
threshold=2.3370000000000002 1060.0000000000002 1.0505700000000002 1073.7500000000002 1.9000000000000001 2.2483333333333335 0.89100000000000013 1.8333333333333337 1.0250000000000004 0.83333333333333337 1157.5000000000002 1091.2500000000002 1.5833333333333337 1.2176000000000005
decision_type=10 2 8 2 2 8 8 2 8 2 2 2 2 10
left_child=1 2 3 -1 -5 6 7 -3 -8 10 13 12 -11 -10
right_child=-2 5 -4 4 -6 -7 8 -9 9 11 -12 -13 -14 -15
leaf_value=0.0078200451939725267 0.009006156753053822 -0.0063759501740935313 -0.014651429330022439 -0.012295383743101953 0.0028053486685756905 -0.0077062235417212441 0.0093254902304528309 0.0025262712772627515 0.0029744230182536992 -0.011113048061196474 0.011700035976727951 0.00019706355796685776 0.00082570074121223044 -0.0073121048157474512
leaf_weight=7.5552579313516643 11.40815634280443 41.318140897899866 9.7289677057415229 7.7167198434472066 7.2972318790853024 11.207868956029413 15.658142276108263 30.874768432229757 48.786155059933662 19.053835861384869 18.302507199347019 254.53788845986128 15.650291722267864 11.06417044252157
leaf_count=41 95 231 130 73 69 89 78 148 236 136 123 1303 108 68
internal_value=-0.000124246 -0.000350693 -0.00523125 -0.000721122 -0.00523911 -2.28581e-06 0.000203855 -0.00258623 0.00073506 0.000344621 0.00360961 -0.000546971 -0.00585678 0.0009839
internal_weight=510.16 498.752 32.2982 22.5692 15.014 466.454 455.246 72.1929 383.053 367.395 78.1528 289.242 34.7041 59.8503
internal_count=2928 2833 313 183 142 2520 2431 379 2052 1974 427 1547 244 304
is_linear=0
shrinkage=0.02


Tree=228
num_leaves=15
num_cat=0
split_feature=4 14 0 1 15 6 7 14 11 10 17 10 1 0
split_gain=3.26112 3.93489 3.24784 4.93687 3.34668 2.96731 4.37568 2.66944 4.61066 2.62295 2.2496 2.22852 2.4867 4.66113
threshold=0.41666666666666669 1052.5000000000002 1.4750000000000003 1.2090000000000003 1127.5000000000002 0.83333333333333337 0.55000000000000016 1073.7500000000002 1.2250000000000003 1.8333333333333337 1132.5000000000002 2.8333333333333335 1.4470000000000003 1.3513000000000004
decision_type=2 2 8 10 2 2 2 2 10 10 2 10 10 10
left_child=1 5 3 -2 -4 6 -1 8 -3 -10 -6 12 13 -9
right_child=2 7 4 -5 10 -7 -8 11 9 -11 -12 -13 -14 -15
leaf_value=-0.010677645472453354 -0.0024737583901564349 8.6229912969354905e-05 -0.0134162238280573 0.012201524283491083 0.00098858503020238871 -0.01312507584014963 0.0089043323928675883 0.00148955913094808 0.021470118547548035 0.0056584880268265303 -0.0079749888472655881 -0.0057659537617784848 -0.0016499145863746712 0.010296470822965823
leaf_weight=7.5745504647493425 36.564536422491074 20.646943725645542 15.858196597546337 11.140536081045864 25.80980284512043 11.870729172602294 8.760862994939087 222.03065571933985 8.2837725579738635 9.4617537297308427 18.528620157390833 16.935386013239622 76.7571578361094 26.039145722985268
leaf_count=69 191 115 103 63 112 118 73 1145 54 76 96 130 490 137
internal_value=0.000320015 0.00113771 -0.00275664 0.00113351 -0.00580768 -0.00594297 -0.000267778 0.00167729 0.0066101 0.0137911 -0.00285049 0.00110548 0.00148033 0.00245162
internal_weight=516.263 408.361 107.902 47.7051 60.1966 28.2061 16.3354 380.155 38.3925 17.7455 44.3384 341.762 324.827 248.07
internal_count=2972 2407 565 254 311 260 142 2147 245 130 208 1902 1772 1282
is_linear=0
shrinkage=0.02


Tree=229
num_leaves=15
num_cat=0
split_feature=9 8 8 0 6 12 14 6 11 11 11 8 2 16
split_gain=1.908 4.98534 5.03513 5.54589 3.50461 3.05031 4.5653 2.86121 2.23907 2.06983 3.31733 3.65947 4.17488 3.93461
threshold=1.5190000000000003 1.2050000000000005 1.031666666666667 1.2183333333333335 1.8333333333333337 1.4166666666666667 1142.5000000000002 2.1666666666666674 2.1000000000000005 1.9000000000000001 1.2916666666666667 0.76278333333333337 0.58333333333333337 1073.7500000000002
decision_type=10 8 10 10 2 8 2 2 10 10 10 10 2 2
left_child=1 2 7 -4 -2 -3 -7 9 -6 10 11 12 -1 -14
right_child=4 5 3 -5 8 6 -8 -9 -10 -11 -12 -13 13 -15
leaf_value=0.0084328498901693714 -0.00038226935627599636 -0.0011673943113911568 -0.0023283632347881377 0.014910563331414856 0.011126730954473377 -8.425088393011022e-05 -0.015745876778319939 0.00345795203541679 0.00054669344217802901 -0.0055021758145871996 0.0033242635979077685 -0.0086377472526867095 0.0028856010326968589 -0.004638737987139172
leaf_weight=16.540423512458801 60.333295814692974 30.068595126271248 12.032433342188599 17.685208309441805 22.515200424939394 11.693541698157789 19.542486369609833 61.730339277535677 12.290661819279192 38.722140483558178 62.830252088606358 26.982953976839781 41.994865141808987 78.219825711101294
leaf_count=79 440 188 61 103 116 90 112 292 84 276 361 143 190 426
internal_value=1.21998e-05 -0.000570811 0.000339924 0.00808209 0.00255325 -0.00579087 -0.0100673 -0.000386131 0.00751031 -0.00129024 -0.000549371 -0.00204693 -0.000693246 -0.00200812
internal_weight=513.182 418.043 356.738 29.7176 95.1392 61.3046 31.236 327.021 34.8059 265.29 226.568 163.738 136.755 120.215
internal_count=2961 2321 1931 164 640 390 202 1767 200 1475 1199 838 695 616
is_linear=0
shrinkage=0.02


Tree=230
num_leaves=15
num_cat=0
split_feature=9 9 9 0 7 16 16 5 3 16 11 0 3 0
split_gain=2.47765 3.31523 2.28851 4.10694 3.21773 2.18995 3.24075 3.78283 4.89921 4.61832 3.49798 5.21923 3.01206 4.00577
threshold=2.3222500000000004 2.0310000000000006 1.5190000000000003 1.8078166666666668 1.3666666666666669 1290.0000000000002 1137.5000000000002 1.0000000180025095e-35 0.55000000000000016 1162.5000000000002 1.7750000000000001 2.2250000000000001 1.1000000000000003 0.43898333333333339
decision_type=10 8 10 10 2 2 2 2 2 2 10 8 2 8
left_child=1 2 5 -4 -5 6 12 9 -9 -8 -10 -12 -1 -14
right_child=-2 -3 3 4 -6 -7 7 8 10 -11 11 -13 13 -15
leaf_value=-0.0045180900343060335 0.0079501970547315119 -0.0094982683442531475 0.0058068150628190485 0.0033465027053355095 -0.012512302671553734 -0.0089599701209886647 0.01879964057996952 0.011862228745864921 -0.0047422941205231585 0.0018711229291707547 -0.0064734620063750612 0.011088602059692197 0.0086259610736667477 -0.0012042084439692581
leaf_weight=101.53981763124466 12.844649881124495 15.304873440414665 52.467991983518004 9.3365121223032492 9.4954400509595853 12.062686389312146 9.9104375950992125 11.386696346104143 50.305845227092505 16.37213721871376 10.460765287280084 15.855443216860293 17.359285764396191 170.30762881785631
leaf_count=470 102 132 301 72 61 143 63 56 300 114 67 96 84 895
internal_value=-0.000397948 -0.000626857 -0.000329079 0.0029564 -0.00487753 -0.00089853 -0.000635976 0.00220274 0.000183565 0.0087095 -0.00168245 0.00412621 -0.00176153 -0.000254012
internal_weight=515.01 502.166 486.861 71.2999 18.832 415.561 403.498 114.291 88.0088 26.2826 76.6221 26.3162 289.207 187.667
internal_count=2956 2854 2722 434 133 2288 2145 696 519 177 463 163 1449 979
is_linear=0
shrinkage=0.02


Tree=231
num_leaves=15
num_cat=0
split_feature=18 1 2 1 7 2 4 0 0 1 10 13 10 11
split_gain=3.92116 4.51315 4.47023 3.63649 2.99907 4.05893 3.50992 2.85767 3.32698 4.08469 4.15063 3.28199 2.84736 4.17572
threshold=1.0000000180025095e-35 1.3530000000000002 1.8333333333333337 1.4710000000000003 2.1000000000000005 1.1666666666666667 1.0000000180025095e-35 1.0083333333333337 1.6416666666666668 1.8000000000000005 1.5833333333333337 1.7083333333333337 2.1666666666666674 1.9000000000000001
decision_type=2 10 2 10 2 2 2 8 8 8 10 10 10 8
left_child=1 12 -2 -3 5 -5 -7 -4 -9 -10 11 -11 13 -1
right_child=2 3 7 4 -6 6 -8 8 9 10 -12 -13 -14 -15
leaf_value=-5.4427146974476391e-05 0.00016252599978043282 -0.015865170810436171 0.015678792072097155 0.0091140977532525244 -0.01392290864736094 -0.00012176370743649031 -0.013491240069221082 -0.0050281260285576562 0.016696438172762947 0.013543248555014913 -0.0051519021613956675 -9.3660610048248646e-05 0.0056362907907688206 -0.010665104029961623
leaf_weight=142.65867992118001 189.6974011361599 11.735027104616163 9.495256654918192 9.9600659087300283 8.6074676029384118 22.124141287058592 11.194095470011233 11.785658553242682 11.04869696497917 15.661858316510918 14.321309823542832 12.225416723638771 28.194346029311419 15.558822829276322
leaf_count=754 1010 70 48 63 55 191 84 69 56 90 113 67 194 109
internal_value=0.00010634 -0.00168551 0.00180184 -0.00624018 -0.00380446 -0.00152305 -0.00487581 0.00591646 0.00427548 0.00638907 0.003367 0.00776871 -0.000106037 -0.00115829
internal_weight=514.268 250.033 264.236 63.6208 51.8858 43.2783 33.3182 74.5382 65.0429 53.2573 42.2086 27.8873 186.412 158.218
internal_count=2973 1520 1453 463 393 338 275 443 395 326 270 157 1057 863
is_linear=0
shrinkage=0.02


Tree=232
num_leaves=15
num_cat=0
split_feature=13 7 13 1 0 13 7 12 0 1 12 13 2 16
split_gain=1.46269 5.01428 2.67628 3.26909 4.55016 3.23228 3.2153 3.98443 3.21041 2.89882 2.67793 3.19044 5.61272 3.40825
threshold=1.9000000000000001 2.1000000000000005 1.2916666666666667 1.7510000000000001 1.6841666666666668 0.77500000000000013 0.63333333333333341 2.1666666666666674 2.0183166666666676 0.53961000000000015 1.5833333333333337 0.90000000000000013 1.4166666666666667 1137.5000000000002
decision_type=10 2 8 8 10 10 2 10 8 8 10 10 2 2
left_child=2 -2 3 4 5 -1 -4 9 -5 -8 11 12 13 -10
right_child=1 -3 6 8 -6 -7 7 -9 10 -11 -12 -13 -14 -15
leaf_value=-0.0052574921061732142 0.0037801229733135685 -0.0060175823453001232 0.00529971769805084 -0.011231428890049243 0.014632857313371795 0.0039936298689811894 -0.014069691450229365 0.0045707677366639936 -0.011496766746859684 -0.0037219126504843361 0.0084012420261638295 -0.0051933202204408491 0.0099139502324058423 0.0018988595720619303
leaf_weight=18.619815327227116 106.03396224230528 25.01823266595602 18.188501335680485 10.754297252744434 12.057869795709847 65.481854554265738 11.162519842386244 20.712996259331703 11.480480611324312 118.05335297062993 11.740595158189533 44.721637619659305 20.44175998494029 18.826300110667944
leaf_count=116 562 119 118 90 72 376 61 112 51 670 66 264 145 129
internal_value=6.31507e-05 0.00187831 -0.000562456 0.000919159 0.00363759 0.00190775 -0.00244381 -0.0034121 -0.00130873 -0.00471701 -0.000218791 -0.00135495 0.00206256 -0.00338067
internal_weight=513.294 131.052 382.242 214.125 96.1595 84.1017 168.117 149.929 117.965 129.216 107.211 95.4702 50.7485 30.3068
internal_count=2951 681 2270 1309 564 492 961 843 745 731 655 589 325 180
is_linear=0
shrinkage=0.02


Tree=233
num_leaves=15
num_cat=0
split_feature=1 6 18 0 2 2 2 8 13 1 1 1 9 0
split_gain=2.73676 3.85974 3.86517 2.63454 5.13717 2.41681 2.93186 3.06972 2.90764 2.22536 3.9647 4.03274 5.21449 4.14773
threshold=0.22931000000000004 1.8333333333333337 1.0000000180025095e-35 2.4700000000000002 2.8333333333333335 2.5833333333333335 2.1666666666666674 0.89666666666666683 2.9000000000000004 0.92100000000000015 1.3530000000000002 1.5150000000000003 1.8950000000000002 1.405
decision_type=8 2 2 10 2 2 2 10 8 8 8 8 10 8
left_child=1 2 -1 4 5 6 8 -8 9 -2 -11 -12 13 -13
right_child=3 -3 -4 -5 -6 -7 7 -9 -10 10 11 12 -14 -15
leaf_value=-0.007145217175319421 -0.0040341712083896454 0.013898731649762961 0.0071028669452243036 0.0086743295030716327 -0.010927297138203567 0.0072057945719408477 -0.01271733028218712 -0.00023908203466546546 -0.0082322593178089862 0.0050047802244432091 -0.0073268182505916955 0.012856791834022619 -0.012278854237087952 0.00068431842493138625
leaf_weight=12.54081552475691 38.992719724774361 12.457214307039974 16.425121013075113 11.866431919857858 17.163618072867393 16.515968035906553 14.187845226377251 16.483820609748363 15.123612921684979 74.476604655385017 27.277978535741568 10.795990776270626 10.891939293593166 224.08401737734675
leaf_count=77 198 62 87 95 126 106 81 112 79 417 160 60 94 1230
internal_value=0.000177257 0.0050457 0.000901565 -0.000254418 -0.000499874 -7.77162e-05 -0.00037196 -0.00623046 8.979e-05 0.000435816 0.000947488 -0.000173396 0.000647028 0.00129595
internal_weight=519.284 41.4232 28.9659 477.861 465.994 448.83 432.315 30.6717 401.643 386.519 347.527 273.05 245.772 234.88
internal_count=2984 226 164 2758 2663 2537 2431 193 2238 2159 1961 1544 1384 1290
is_linear=0
shrinkage=0.02


Tree=234
num_leaves=15
num_cat=0
split_feature=13 15 13 11 13 9 16 9 6 13 16 5 5 11
split_gain=2.08512 2.21111 3.13369 5.09299 3.5815 5.7061 5.94646 3.10855 4.99762 3.74072 3.32667 2.78674 4.11003 5.11676
threshold=3.1000000000000005 1132.5000000000002 2.2250000000000005 1.1000000000000003 1.7083333333333337 1.4122500000000004 1112.5000000000002 1.4070600000000002 0.83333333333333337 0.63333333333333341 1086.2500000000002 1.0000000180025095e-35 0.36666666666666675 1.2250000000000003
decision_type=10 2 8 8 10 10 2 10 2 10 2 2 2 10
left_child=1 2 4 -4 7 6 -6 8 -1 -10 -11 -3 -13 -14
right_child=-2 11 3 -5 5 -7 -8 -9 9 10 -12 12 13 -15
leaf_value=0.001211248091702252 0.0077823594017392122 0.0053022021142071071 -0.0012736522681808884 -0.018729363531479054 0.00099004480906856587 -0.0086125473442793497 0.016027033775977306 0.001484011440586089 0.0019841619183417021 -0.0015354062123942866 -0.012519633951460425 -0.003900836005955536 -0.0019446890368475993 0.0056850023663790033
leaf_weight=37.720236826688051 10.801161125302313 40.569026030600071 16.651500720530752 10.353117953985928 30.752389155328274 12.483036596328018 15.103962324559687 46.127215938642621 12.724956680089234 14.989357396960257 44.236319612711668 80.89293622598052 72.158197686076164 66.883084911853075
leaf_count=255 54 203 85 74 162 97 93 368 100 78 314 414 326 337
internal_value=-0.000529922 -0.000724024 -0.00210013 -0.00839571 -0.00127087 0.00292237 0.00617921 -0.00284967 -0.00466934 -0.00772659 -0.0098113 0.000552965 -0.000343113 0.00173981
internal_weight=512.446 501.645 241.142 27.0046 214.137 58.3394 45.8564 155.798 109.671 71.9506 59.2257 260.503 219.934 139.041
internal_count=2960 2906 1626 159 1467 352 255 1115 747 492 392 1280 1077 663
is_linear=0
shrinkage=0.02


Tree=235
num_leaves=15
num_cat=0
split_feature=9 14 1 0 14 4 15 0 0 13 8 0 3 3
split_gain=3.88745 2.93035 1.97242 3.68845 4.00599 2.33092 2.99125 2.22114 4.51204 3.6559 7.10054 3.18839 2.99065 2.62428
threshold=2.3222500000000004 1357.5000000000002 1.7510000000000001 2.4700000000000002 1142.5000000000002 1.0000000180025095e-35 1078.7500000000002 0.85391666666666699 0.5615500000000001 0.90000000000000013 1.5113500000000002 1.0383333333333338 2.5500000000000003 0.90000000000000013
decision_type=10 2 10 10 2 2 2 10 10 10 10 10 2 2
left_child=1 2 7 4 5 6 -4 8 12 10 -9 -11 13 -1
right_child=-2 -3 3 -5 -6 -7 -8 9 -10 11 -12 -13 -14 -15
leaf_value=0.0026914647291309737 0.010605651026821823 -0.008516021983868631 -0.0048162806284718761 0.0060652161519190641 -0.012695963033804785 -0.0081399785546354669 0.012556448280770256 0.019625142902208008 -0.0095530990650288458 0.0072975948863826939 -0.002330050303377663 -0.0007795812197286051 0.0087996714709720966 -0.001844295997801472
leaf_weight=70.268366906791925 11.921380396932362 16.62287575006485 6.8459723722189665 11.232154531404374 20.110685981810093 8.8601624891161919 7.2588873542845249 11.712389305233957 20.623093456029892 23.524901762604713 10.627214461565016 95.614650625735521 13.447315651923416 178.80554461479187
leaf_count=348 97 76 78 93 132 69 48 62 110 122 74 546 89 982
internal_value=-0.000224995 -0.000506378 -0.000211212 -0.00376398 -0.00640643 -0.00059869 0.00436375 0.00025095 -0.00077156 0.00228836 0.00952846 0.000862779 -4.80672e-05 -0.000559028
internal_weight=507.476 495.554 478.931 54.3079 43.0757 22.965 14.1049 424.623 283.144 141.479 22.3396 119.14 262.521 249.074
internal_count=2926 2829 2753 420 327 195 126 2333 1529 804 136 668 1419 1330
is_linear=0
shrinkage=0.02


Tree=236
num_leaves=15
num_cat=0
split_feature=17 17 13 5 8 9 8 6 2 17 8 2 15 2
split_gain=3.2029 2.75864 3.71875 2.96575 2.35447 4.97864 5.44181 4.13554 4.26567 3.63781 3.23801 3.0287 3.59036 3.99571
threshold=1037.5000000000002 1327.5000000000002 0.90000000000000013 0.22500000000000003 1.4116666666666668 1.3410000000000004 1.4916666666666669 0.83333333333333337 2.5833333333333335 1253.7500000000002 1.1816666666666669 2.1666666666666674 1083.7500000000002 0.83333333333333337
decision_type=2 2 8 2 10 10 10 2 2 2 8 2 2 2
left_child=-1 4 3 -3 7 -6 -7 11 9 10 -9 12 -2 -14
right_child=1 2 -4 -5 5 6 -8 8 -10 -11 -12 -13 13 -15
leaf_value=0.0068466445624945985 0.012709258144930562 -0.0081395581955121914 -0.016061659606019962 0.010434647677170712 -0.0091688284445969586 0.016768242927384942 0.0028878216402803605 -0.00022109428936548561 0.0081087799247776 -0.0093633080288224122 -0.0074101485962099487 -0.0040809625817436425 0.011176376654666182 -0.0011733881896132075
leaf_weight=32.562734708189964 19.426641538739204 6.2085200026631373 8.3186179026961309 5.5807968638837337 10.524412386119364 12.140679143369196 85.881718158721924 201.25032255798578 17.30295580253005 22.662246536463499 27.636656101793051 14.891504343599079 14.087551139295099 33.786199770867825
leaf_count=137 139 86 97 57 67 65 535 993 109 162 160 101 67 178
internal_value=0.000873228 0.000454343 -0.00661734 0.000781444 0.000777437 0.0033372 0.00475897 -2.13021e-05 -0.00122312 -0.00189458 -0.00111759 0.00387732 0.00567221 0.00261503
internal_weight=512.262 479.699 20.1079 11.7893 459.591 108.547 98.0224 351.044 268.852 251.549 228.887 82.1919 67.3004 47.8738
internal_count=2953 2816 240 143 2576 667 600 1909 1424 1315 1153 485 384 245
is_linear=0
shrinkage=0.02


Tree=237
num_leaves=15
num_cat=0
split_feature=10 10 10 3 5 8 8 3 3 3 2 2 18 9
split_gain=4.4489 5.03123 3.22737 4.70665 3.82264 3.71453 2.87319 2.09186 2.31648 2.03928 6.59227 4.35513 4.04814 3.26232
threshold=2.5833333333333335 2.8333333333333335 1.8333333333333337 2.7083333333333335 1.0000000180025095e-35 1.926666666666667 1.5666666666666671 1.1000000000000003 1.7083333333333337 1.3666666666666669 1.1666666666666667 1.5833333333333337 1.0000000180025095e-35 1.4790000000000003
decision_type=10 10 8 2 2 10 10 2 2 2 2 2 2 10
left_child=2 6 3 5 -4 9 -2 -3 -9 -1 -11 12 -12 -13
right_child=1 7 4 -5 -6 -7 -8 8 -10 10 11 13 -14 -15
leaf_value=-0.00093232568706124916 0.021157666265044443 -0.0058825341798140387 0.0043278350079689514 -0.010994100603872304 -0.0061041707678055101 0.011265838504547107 0.0050112771549725935 0.011380524842368416 -0.0030855281612657899 0.011999782251808217 -0.013636134368357001 0.0010692571979658983 0.00022361605748539456 0.010720377535901384
leaf_weight=182.47857380285859 9.5366393849253672 10.77793910726905 17.194559868425131 12.699897620826958 63.369806785136461 12.442593049257992 8.9689572080969793 8.9427126348018664 7.3647197820246211 22.263386480510235 13.755540568381546 110.15617276728153 19.588340908288956 15.104529209434984
leaf_count=917 60 71 128 100 397 75 63 74 64 119 83 606 105 93
internal_value=0.000350204 0.00624472 -0.000234797 0.000523286 -0.00385194 0.000940665 0.0139902 0.000643024 0.0050466 0.000557135 0.00205672 0.000594573 -0.00572459 0.00230872
internal_weight=514.644 45.591 469.053 388.489 80.5644 375.789 18.5056 27.0854 16.3074 363.347 180.868 158.605 33.3439 125.261
internal_count=2955 332 2623 2098 525 1998 123 209 138 1923 1006 887 188 699
is_linear=0
shrinkage=0.02


Tree=238
num_leaves=15
num_cat=0
split_feature=18 15 3 0 9 3 7 15 3 16 15 15 15 7
split_gain=2.10318 2.6208 5.81121 6.35522 3.10846 2.85778 2.6777 2.92878 3.3906 2.85233 3.13561 2.56054 6.85434 3.11709
threshold=1.0000000180025095e-35 1078.7500000000002 1.9000000000000001 1.8750000000000002 1.5190000000000003 1.6333333333333335 2.2916666666666674 1167.5000000000002 1.1000000000000003 1086.2500000000002 1146.2500000000002 1047.5000000000002 1068.7500000000002 0.90000000000000013
decision_type=2 2 2 8 10 2 2 2 2 2 2 2 2 2
left_child=11 5 4 -4 6 -2 7 9 -9 -3 -11 -1 -13 -14
right_child=1 2 3 -5 -6 -7 -8 8 -10 10 -12 12 13 -15
leaf_value=-0.0098759560009480819 0.0028844933200461681 0.0035416367438256885 6.5634260693444373e-05 0.016501836340885735 0.0058857809278658867 -0.0071490258121889028 -0.0063208936735540035 0.00019324770369363902 0.011268243276954571 -0.0012085155376921233 -0.012326210578011393 0.012376295186823648 -0.0065953451923181803 -0.00032530423477279615
leaf_weight=11.320369610562919 19.323497656732798 27.892898641526699 16.365849032998085 21.165314435958862 39.468724109232426 25.13134840503335 24.141402900218964 26.163811057806015 18.196016356348991 36.592389620840549 13.180716335773466 14.421312388032673 37.400527220219374 182.86024296283722
leaf_count=133 134 123 91 114 222 197 113 119 82 212 71 110 231 1013
internal_value=0.000345411 0.00156967 0.00245281 0.00952237 0.00098015 -0.00282018 -0.000375483 0.000842566 0.00488438 -0.00149871 -0.00433744 -0.000987407 -0.000518565 -0.00141496
internal_weight=513.624 267.622 223.167 37.5312 185.636 44.4548 146.167 122.026 44.3598 77.666 49.7731 246.002 234.682 220.261
internal_count=2965 1478 1147 205 942 331 720 607 201 406 283 1487 1354 1244
is_linear=0
shrinkage=0.02


Tree=239
num_leaves=15
num_cat=0
split_feature=12 18 17 4 17 1 11 17 3 3 1 1 0 0
split_gain=1.81137 2.93634 1.884 2.89781 1.79675 8.40827 3.22122 2.91443 6.21835 2.63692 3.07853 7.94315 3.1964 2.47337
threshold=2.8333333333333335 1.0000000180025095e-35 1327.5000000000002 1.0000000180025095e-35 1277.5000000000002 1.4330000000000003 2.7750000000000004 1261.2500000000002 1.1000000000000003 2.6333333333333337 1.9310000000000003 1.6870000000000003 1.7916666666666672 1.7916666666666672
decision_type=8 2 2 2 2 8 10 2 2 2 10 10 10 10
left_child=2 -2 4 -4 6 -6 7 9 -9 10 11 12 -1 -13
right_child=1 -3 3 -5 5 -7 -8 8 -10 -11 -12 13 -14 -15
leaf_value=0.0012148253922897355 -0.010390688127902599 0.001268225447185487 -0.014744640373472851 0.00059358641172167065 -0.0055048415483997162 0.018366487050650845 0.010247207056130055 0.0043448803758174073 -0.015000665246986568 -0.008476142072346789 0.0074914210674641478 -0.019217442264902337 -0.0083779195342150187 -0.0043754684278289463
leaf_weight=331.96724612638354 16.302832033485174 16.873579919338226 7.4482470229268101 11.644061021506785 11.766887735575439 10.180046316236256 11.267679844051598 11.223332904279234 14.114723373204468 12.315513908863066 23.146174170076847 9.1283708177506941 13.507173635065554 9.446053918451069
leaf_count=1650 93 85 106 124 90 81 70 66 115 101 158 63 73 64
internal_value=-0.000149416 -0.00459734 0.000168814 -0.00582616 0.000430835 0.00588569 0.00014349 -0.000147911 -0.00659206 0.000276233 0.000575738 0.000116722 0.000816675 -0.0122787
internal_weight=510.332 33.1764 477.156 19.0923 458.063 21.9469 436.116 424.849 25.3381 399.511 387.195 364.049 345.474 18.5744
internal_count=2939 178 2761 230 2531 171 2360 2290 181 2109 2008 1850 1723 127
is_linear=0
shrinkage=0.02


Tree=240
num_leaves=15
num_cat=0
split_feature=17 10 8 8 15 8 9 8 1 1 8 10 16 15
split_gain=2.87788 3.1041 2.40764 5.20707 3.40969 4.91583 3.35669 2.59245 5.2593 4.44934 3.11661 2.54477 2.54425 2.50066
threshold=1042.5000000000002 1.0000000180025095e-35 1.3960000000000001 1.5333333333333339 1210.0000000000002 2.3316666666666674 1.3290000000000004 1.7905500000000003 1.3750000000000002 1.3310000000000002 2.0350000000000006 2.8333333333333335 1137.5000000000002 1127.5000000000002
decision_type=2 10 10 10 2 10 10 10 10 10 10 10 2 2
left_child=-1 -2 6 12 5 7 11 9 -9 -5 -10 13 -4 -3
right_child=1 2 3 4 -6 -7 -8 8 10 -11 -12 -13 -14 -15
leaf_value=0.005148667325903065 -0.009635781636711329 -0.0021780933032598819 0.0036591160657133623 0.0067493771259428056 0.0068981900083283998 -0.013047771799480207 -0.007647437784773752 -0.0070753077586930991 0.015536672015908705 -0.0098199636863735337 0.00076719124690272978 -0.0089594016589652093 0.017515393102627168 0.0014890315702019066
leaf_weight=39.030871406197548 13.229433285072444 125.9856144413352 10.96817632392049 9.1662047728896159 22.40387187153101 11.956360565498469 26.858607225120068 10.509511854499577 12.962386298924686 17.337115071713924 9.8590134680271131 12.3257551304996 10.632489293813704 178.5543119199574
leaf_count=167 73 817 66 53 108 109 163 73 90 129 76 96 68 855
internal_value=-7.07235e-07 -0.000435818 -0.000150605 0.00233148 0.000260153 -0.00187771 -0.000991117 0.000532141 0.00418942 -0.00405239 0.0094562 -0.000404621 0.0109528 -3.01907e-05
internal_weight=511.78 472.749 459.519 115.795 94.1945 71.7906 343.724 59.8342 33.3309 26.5033 22.8214 316.866 21.6007 304.54
internal_count=2943 2776 2703 772 638 530 1931 421 239 182 166 1768 134 1672
is_linear=0
shrinkage=0.02


Tree=241
num_leaves=15
num_cat=0
split_feature=18 14 7 15 14 15 17 2 7 12 7 6 14 1
split_gain=3.03691 3.96829 3.17508 3.87791 7.37548 3.27251 3.27214 2.90502 5.81362 3.43862 4.51915 3.4192 3.36328 3.09442
threshold=1.0000000180025095e-35 1202.5000000000002 1.7750000000000001 1137.5000000000002 1177.5000000000002 1112.5000000000002 1202.5000000000002 1.8333333333333337 1.5500000000000003 0.83333333333333337 2.5500000000000003 1.1666666666666667 1261.2500000000002 1.667
decision_type=2 2 2 2 2 2 2 2 2 10 2 2 2 8
left_child=1 2 3 6 -5 -4 -1 9 13 -2 11 -11 -13 -9
right_child=7 -3 5 4 -6 -7 -8 8 -10 10 -12 12 -14 -15
leaf_value=-0.0021633106777224904 -0.0048086315051309629 0.0016028782851458243 -0.00064334981439479952 0.011995735834932155 -0.0078720772145571011 -0.013972578308167834 -0.011250006101437409 -0.0066772953632097841 0.01185364834671606 -0.00080031254119759983 -0.007779711868808924 0.0085766080913309249 -0.00056434861744307963 0.003942051650908082
leaf_weight=76.174066830426455 43.454462144523859 91.834283635020256 11.58445279300213 17.658121053129438 11.585062421858309 19.733792211860418 19.269047506153584 15.491619620472191 27.408799193799496 58.27360176295042 17.386554088443518 49.44578417763114 23.475160583853722 31.830215785652399
leaf_count=468 257 455 77 100 61 112 210 87 139 312 84 267 106 218
internal_value=-9.42316e-05 -0.00168474 -0.00361793 -0.00215004 0.00412481 -0.00921463 -0.00409545 0.00138421 0.00470149 7.5616e-05 0.00152667 0.00280952 0.00566607 0.000399384
internal_weight=514.605 247.839 156.005 124.686 29.2432 31.3182 95.4431 266.766 74.7306 192.036 148.581 131.195 72.9209 47.3218
internal_count=2953 1483 1028 839 161 189 678 1470 444 1026 769 685 373 305
is_linear=0
shrinkage=0.02


Tree=242
num_leaves=15
num_cat=0
split_feature=15 5 10 1 6 9 2 6 2 3 10 14 0 1
split_gain=3.68177 3.00129 2.46076 2.73506 4.69743 3.33962 3.20635 2.51186 2.27825 3.25467 2.88704 5.38643 2.38948 8.65154
threshold=1152.5000000000002 1.0000000180025095e-35 0.58333333333333337 0.81278000000000017 0.83333333333333337 1.167 1.1666666666666667 2.5833333333333335 0.83333333333333337 1.1000000000000003 1.8333333333333337 1167.5000000000002 1.4182000000000003 1.4510000000000003
decision_type=2 2 10 8 2 10 2 2 2 2 8 2 10 10
left_child=8 -2 -3 -4 -5 7 -7 -6 10 -10 11 -1 -11 -14
right_child=1 2 3 4 5 6 -8 -9 9 12 -12 -13 13 -15
leaf_value=0.0097947663320186035 0.0074396961550394283 -0.00559325326422271 0.0068797522338322108 0.0096802959499041781 -0.00081134337843582973 -0.010915521217950653 0.00092039842731362481 0.0077744869264754568 -0.0089272834784247992 -0.0032525487197669913 -0.0062309545150680467 -0.0058366502267430459 0.015181203054760175 -0.001942106716192416
leaf_weight=25.99551172927022 29.920847494155169 20.962421581149101 30.029685638844967 17.255306459963322 58.970673363655806 21.489491134881973 15.196279402822254 16.668738752603531 27.327921271324158 143.90509909950197 11.712963446974753 12.29537660628557 13.278364852070807 67.189152896404266
leaf_count=144 145 92 140 89 272 113 83 73 176 883 89 65 75 516
internal_value=-0.000344399 0.00168102 0.00069109 0.00154613 0.000266869 -0.00125187 -0.00611842 0.00115748 -0.00175838 -0.00253213 0.00210965 0.00475465 -0.00171706 0.00103516
internal_weight=512.198 210.493 180.573 159.61 129.58 112.325 36.6858 75.6394 301.704 251.701 50.0039 38.2909 224.373 80.4675
internal_count=2955 1007 862 770 630 541 196 345 1948 1650 298 209 1474 591
is_linear=0
shrinkage=0.02


Tree=243
num_leaves=15
num_cat=0
split_feature=15 13 6 1 4 7 6 1 15 9 5 16 1 15
split_gain=1.97138 1.67522 2.41206 7.99178 6.74282 6.93224 3.01362 4.03344 4.30854 4.09086 3.17231 3.68055 4.6282 2.60942
threshold=1345.0000000000002 2.5500000000000003 2.1666666666666674 1.5350000000000004 0.41666666666666669 2.1000000000000005 0.83333333333333337 1.2310000000000001 1177.5000000000002 1.4213200000000004 0.29166666666666669 1093.7500000000002 1.6760000000000002 1086.2500000000002
decision_type=2 8 2 10 2 2 2 10 2 10 2 2 10 2
left_child=1 2 6 4 5 -4 13 9 10 -8 11 -9 -13 -1
right_child=-2 -3 3 -5 -6 -7 7 8 -10 -11 -12 12 -14 -15
leaf_value=0.0063402350874822398 0.005018880111204548 -0.0043592572066745673 0.019982489747273759 -0.011143909940090749 -0.0027975029891736903 0.0039137653283855866 -0.002653089663368054 -0.008983648721334378 0.013062567980030103 -0.013106409437581403 0.0078376564692720849 0.0075662311119574933 -0.0057728255216265368 -0.00021861378689933857
leaf_weight=36.133140608668327 27.115776270627975 38.812139760702848 16.722828753292561 12.537342995405195 24.267871238291264 28.894113574177027 159.9445775449276 19.96483900770545 10.436829321086405 15.659112945199011 14.898374088108538 21.206859271973372 18.611770501360297 69.822977364063263
leaf_count=273 120 204 87 82 120 146 878 114 51 101 98 139 170 391
internal_value=-0.000131326 -0.000427229 -7.8485e-05 0.002992 0.00564942 0.0101067 -0.00077493 -0.00192905 0.00163108 -0.00365418 -0.000117966 -0.00219688 0.00134269 0.00205645
internal_weight=515.029 487.913 449.101 82.4222 69.8848 45.6169 366.678 260.722 85.1187 175.604 74.6818 59.7835 39.8186 105.956
internal_count=2974 2854 2650 435 353 233 2215 1551 572 979 521 423 309 664
is_linear=0
shrinkage=0.02


Tree=244
num_leaves=15
num_cat=0
split_feature=12 7 6 7 2 17 11 0 0 5 12 12 6 7
split_gain=2.08053 1.88541 2.56226 2.79819 2.53974 3.0777 4.57104 3.70077 5.92334 3.55289 4.16226 5.48805 3.68635 3.47791
threshold=3.4166666666666674 3.1000000000000005 3.1666666666666674 2.4500000000000006 1.1666666666666667 1082.5000000000002 1.3666666666666669 1.6266666666666667 1.8078166666666668 0.22500000000000003 1.8333333333333337 2.1666666666666674 1.4166666666666667 1.5500000000000003
decision_type=8 2 2 2 2 2 10 10 10 2 10 10 2 2
left_child=1 2 3 4 -1 6 13 9 -9 10 -7 -12 -11 -6
right_child=-2 -3 -4 -5 5 7 -8 8 -10 12 11 -13 -14 -15
leaf_value=0.002091284626838801 -0.0081417918263496855 0.0071145331734164151 0.0089294949352532581 -0.0059949353926111284 -0.0034109323246248402 -0.0085878883374503646 0.011932662639546961 0.012911356053679185 -0.0021654468789766832 0.0067184132428868976 0.010141712590439471 -0.0076277674593432107 -0.0070582689871532822 0.0059690880578734855
leaf_weight=182.19420776888728 10.815614856779574 14.95251978188753 11.871460527181624 29.294790901243687 43.29313837736845 71.019479062408209 14.682312175631521 13.598679920658467 35.693579064682126 19.724666528403763 12.094280906021597 13.829275835305451 11.461070153862236 23.58907001465559
leaf_count=998 59 68 56 150 212 492 66 91 295 117 74 85 69 105
internal_value=0.000153314 0.000349699 0.000125706 -0.000114907 0.000288207 -0.000983408 0.00221433 -0.00245765 0.00216794 -0.00424017 -0.00611387 0.000731113 0.00159335 -6.34419e-05
internal_weight=508.114 497.299 482.346 470.475 441.18 258.986 81.5645 177.421 49.2923 128.129 96.943 25.9236 31.1857 66.8822
internal_count=2937 2878 2810 2754 2604 1606 383 1223 386 837 651 159 186 317
is_linear=0
shrinkage=0.02


Tree=245
num_leaves=15
num_cat=0
split_feature=0 14 14 8 14 7 17 13 11 13 17 2 17 5
split_gain=2.45724 2.85504 3.11078 5.07011 2.87021 2.33021 2.78699 2.43822 4.99119 3.02672 2.33453 4.98108 4.91608 5.64497
threshold=2.1116666666666668 1052.5000000000002 1073.7500000000002 0.82163333333333344 1068.7500000000002 1.1000000000000003 1097.5000000000002 0.90000000000000013 0.90000000000000013 1.5500000000000003 1102.5000000000002 1.8333333333333337 1112.5000000000002 0.29166666666666669
decision_type=10 2 2 10 2 2 2 10 10 10 2 2 2 2
left_child=1 -1 3 4 -3 6 -4 -8 -9 -10 -7 12 -12 -14
right_child=-2 2 5 -5 -6 10 7 8 9 -11 11 -13 13 -15
leaf_value=-0.006934897174498935 -0.00664607748196287 0.00421008227062937 0.00074115091392557648 0.012828347127801978 -0.0091553597341464347 -0.002017436210518564 0.00092795253397914661 0.0051191714080438119 -0.015867702164612259 -0.0046480642731042332 0.0081591821237057861 0.0081056067307662578 -0.0064171603170535118 0.0019886385796279507
leaf_weight=25.41544883698225 26.919429128989577 15.937255285680294 42.980567112565041 17.577941667288542 9.3683697655797005 117.33367388695478 16.151352688670158 8.948937598615883 21.639162063598633 18.720474436879158 23.589449815452099 36.369952905923128 54.603679794818163 74.341286927461624
leaf_count=213 220 106 199 110 60 521 117 48 149 116 111 213 351 416
internal_value=-0.000876253 -0.000541596 -0.000172129 0.00489261 -0.000897866 -0.000706404 -0.00321135 -0.00577863 -0.0079502 -0.0109018 0.000188174 0.00156155 -4.14327e-05 -0.00159291
internal_weight=509.897 482.978 457.562 42.8836 25.3056 414.679 108.44 65.4599 49.3086 40.3596 306.238 188.904 152.534 128.945
internal_count=2950 2730 2517 276 166 2241 629 430 313 265 1612 1091 878 767
is_linear=0
shrinkage=0.02


Tree=246
num_leaves=15
num_cat=0
split_feature=13 18 6 17 16 14 7 12 14 14 8 17 12 17
split_gain=2.4574 3.39544 6.70489 4.52651 3.17179 2.77129 2.48947 3.22514 6.22308 6.3983 3.16294 2.48104 4.6362 4.14423
threshold=0.55000000000000016 1.0000000180025095e-35 3.1666666666666674 1253.7500000000002 1177.5000000000002 1073.7500000000002 1.7083333333333337 1.1666666666666667 1207.5000000000002 1292.5000000000002 1.2013000000000003 1167.5000000000002 1.5833333333333337 1108.7500000000002
decision_type=10 2 2 2 2 2 2 10 2 2 10 2 10 2
left_child=-1 2 3 4 -2 -3 11 10 -9 -10 -8 13 -13 -7
right_child=1 5 -4 -5 -6 6 7 8 9 -11 -12 12 -14 -15
leaf_value=-0.0057904106515866294 -0.0020105545880054502 0.0066730660611938296 0.012453115252440311 -0.0095670852211715771 0.0073141779167067954 -0.00023329169086828486 0.0029745091021005938 0.0086083436660162778 -0.013785504926049703 0.003283618472251189 0.015817324346445356 -0.0021506655996678509 0.011146411281833468 -0.010230227568369291
leaf_weight=28.461162563413382 175.38223804533482 37.959186088293791 11.88486088067293 29.389543879777193 14.928190369158981 61.726602666079998 18.892829112708572 21.80508191511035 15.675965197384356 17.915648519992828 12.636775776743887 26.859476506710052 15.944791089743374 21.706739343702793
leaf_count=197 972 258 53 274 91 283 90 113 77 78 69 184 95 118
internal_value=-0.000182725 0.0001592 -0.00158397 -0.0023963 -0.0012447 0.00176665 0.000865862 0.00345071 0.000506043 -0.00485016 0.0084498 -0.000927175 0.00294394 -0.00292454
internal_weight=511.169 482.708 231.585 219.7 190.31 251.123 213.164 86.9263 55.3967 33.5916 31.5296 126.238 42.8043 83.4333
internal_count=2952 2755 1390 1337 1063 1365 1107 427 268 155 159 680 279 401
is_linear=0
shrinkage=0.02


Tree=247
num_leaves=15
num_cat=0
split_feature=9 9 14 2 15 12 14 6 10 2 14 14 14 12
split_gain=2.23697 2.73584 2.83701 2.28265 3.32366 2.4267 1.51674 1.31151 4.62008 3.64185 3.649 3.59473 3.49642 5.16296
threshold=2.3560000000000003 2.0310000000000006 1357.5000000000002 2.8333333333333335 1102.5000000000002 3.1666666666666674 1337.5000000000002 0.83333333333333337 0.58333333333333337 0.83333333333333337 1102.5000000000002 1097.5000000000002 1253.7500000000002 0.83333333333333337
decision_type=10 8 2 2 2 10 2 2 10 2 2 2 2 10
left_child=1 2 3 5 -5 6 7 8 -1 -10 -11 -9 -13 -14
right_child=-2 -3 -4 4 -6 -7 -8 11 9 10 -12 12 13 -15
leaf_value=-0.0077924840301094268 0.0079689618768891569 -0.0080055362120713038 -0.0073697986198079995 -0.012280830436829114 0.0029881498350534329 -0.0071196640245623777 0.0053050708545840297 -0.0043902575464158195 0.012244026482826156 0.0061823338435354905 -0.0030101944158553847 0.0026151037471435243 0.0077404745867148067 -0.0051360192584092423
leaf_weight=13.69873161613941 12.743124473839996 16.384290827438235 18.693373024463654 12.281002299860122 9.4269556105136854 14.39083683490753 28.984644636511803 59.285177301615477 17.484163012355566 38.592532373964787 29.816465228796005 172.60614680498838 14.706043139100073 60.088442549109459
leaf_count=69 98 143 84 111 49 76 122 399 93 250 167 969 72 284
internal_value=7.11945e-06 -0.000208528 6.79264e-05 0.000377871 -0.00581049 0.000688858 0.000962755 0.000640701 0.00262239 0.00435398 0.00219007 -9.25801e-06 0.00105402 -0.00253553
internal_weight=519.182 506.439 490.055 471.361 21.708 449.653 435.262 406.278 99.5919 85.8932 68.409 306.686 247.401 74.7945
internal_count=2986 2888 2745 2661 160 2501 2425 2303 579 510 417 1724 1325 356
is_linear=0
shrinkage=0.02


Tree=248
num_leaves=15
num_cat=0
split_feature=8 0 0 8 15 0 12 5 16 16 9 17 3 14
split_gain=2.86564 3.79295 4.61656 3.78861 3.38319 4.53457 5.05804 3.10239 2.93294 3.33963 2.7457 3.67018 2.49757 2.33853
threshold=1.1816666666666669 0.74756666666666682 0.93000000000000005 0.98788333333333356 1107.5000000000002 2.0016666666666674 1.8333333333333337 0.29166666666666669 1088.7500000000002 1177.5000000000002 1.6840000000000004 1225.0000000000002 2.5500000000000003 1177.5000000000002
decision_type=8 8 10 10 2 10 10 2 2 2 10 2 2 2
left_child=3 -2 -3 12 10 6 8 -5 -6 13 -4 -12 -1 -10
right_child=1 2 4 7 5 -7 -8 -9 9 -11 11 -13 -14 -15
leaf_value=4.087626298931604e-05 0.0074148938270972679 -0.014099581271303029 -0.011288415824294039 0.011533347855315026 0.0045159113617962605 0.010931213152979354 0.0065541314841329294 -0.00038655307308369956 -0.0026417390261775516 0.0014482618791648316 0.0072373118295958995 -0.0097861425396840312 0.0078755950338539344 -0.014267395947609377
leaf_weight=307.38624667935073 14.271938286721705 12.782305628061293 21.715806057676673 22.818578150123358 10.321733288466929 12.632162410765885 21.045709304511547 13.691186860203741 11.003869831562044 13.117536578327416 9.7421230785548705 8.5950904209166747 16.185921311378479 20.465468734502792
leaf_count=1637 75 77 186 131 49 74 112 69 67 98 74 108 110 112
internal_value=0.000174992 -0.00208402 -0.00308795 0.00115482 -0.00189346 0.000302646 -0.0015841 0.00717224 -0.0047648 -0.0069652 -0.00663971 -0.000835427 0.000455846 -0.0104088
internal_weight=515.776 155.694 141.422 360.082 128.639 88.5865 75.9543 36.5098 54.9086 44.5869 40.053 18.3372 323.572 31.4693
internal_count=2979 1032 957 1947 880 512 438 200 326 277 368 182 1747 179
is_linear=0
shrinkage=0.02


Tree=249
num_leaves=15
num_cat=0
split_feature=17 12 16 17 1 3 3 10 8 10 9 3 15 2
split_gain=2.74615 4.94202 3.80908 3.46001 4.04141 2.62903 2.5704 2.39749 3.52474 5.03615 2.66833 3.42241 2.86198 2.32296
threshold=1087.5000000000002 1.5833333333333337 1102.5000000000002 1042.5000000000002 3.3430000000000004 2.6333333333333337 1.5500000000000003 2.5833333333333335 2.0350000000000006 2.8333333333333335 1.8170000000000004 1.1000000000000003 1107.5000000000002 0.83333333333333337
decision_type=2 10 2 2 8 2 2 10 10 10 10 2 2 2
left_child=1 13 3 -3 6 7 -5 10 9 -9 -2 -12 -13 -1
right_child=5 2 -4 4 -6 -7 -8 8 -10 -11 11 12 -14 -15
leaf_value=0.012924223113261777 -0.0020026773373288398 0.0027375612900605918 0.0083772142855037274 -0.0070901099165096119 -0.013452708835196808 -0.010789203850304139 0.0040419053628332801 0.016828886522073601 -0.0044053659737316895 -0.00022600460668257963 -0.0048597704485894904 0.016653157066824412 0.0022041656257605806 0.0040490880010281022
leaf_weight=15.461400911211966 273.19802483171225 29.51983454823494 14.086555846035479 15.344060935080053 16.85959105193615 9.7582833450287563 15.921164803206919 12.202617641538383 13.268030410632489 14.512116678059099 11.093194641172884 8.6812353245914 13.483730543404816 47.7568618953228
leaf_count=67 1606 128 66 72 74 98 83 81 109 110 76 72 89 218
internal_value=-8.32667e-05 0.00213119 -0.000839136 -0.00259646 -0.00585747 -0.00104985 -0.00147178 -0.00074525 0.00380218 0.00789037 -0.00134898 0.0039225 0.00833792 0.00638715
internal_weight=511.147 154.949 91.7312 77.6447 48.1248 356.197 31.2652 346.439 39.9828 26.7147 306.456 33.2582 22.165 63.2183
internal_count=2949 708 423 357 229 2241 155 2143 300 191 1843 237 161 285
is_linear=0
shrinkage=0.02


Tree=250
num_leaves=15
num_cat=0
split_feature=17 12 17 1 11 18 11 16 12 12 16 2 15 15
split_gain=1.84401 4.09897 3.36523 3.23386 3.55565 2.8151 2.75871 2.72025 4.12644 5.51413 3.92826 3.35198 3.09551 2.83037
threshold=1188.7500000000002 0.83333333333333337 1202.5000000000002 1.1390000000000005 0.36666666666666675 1.0000000180025095e-35 1.7750000000000001 1093.7500000000002 1.5833333333333337 2.1666666666666674 1078.7500000000002 1.5833333333333337 1167.5000000000002 1120.0000000000002
decision_type=2 8 2 8 10 2 10 2 10 10 2 2 2 2
left_child=1 -1 5 -3 -5 6 -2 10 -9 11 12 -10 -6 -12
right_child=2 3 -4 4 7 -7 -8 8 9 -11 13 -13 -14 -15
leaf_value=0.0053841013047106964 -0.0075066544740750021 0.0035561455836817983 -0.00022201223316413085 0.0092087249584016078 -1.3794636919866951e-05 -0.011631510115648176 0.0062692856120377836 -0.003697516157625523 0.0024823584534002315 -0.0053016326277017948 -0.018981714897939858 0.01459945448339355 -0.0080999977726322336 -0.0046401049007205805
leaf_weight=58.57490050047636 12.121743109077217 64.61967184394598 119.40322307683527 10.862937763333319 68.423544928431511 21.561044372618198 9.4760458692908269 51.054854568094015 19.280803006142378 16.154576051980257 9.8819064497947711 17.244866140186787 25.184784471988678 12.931004166603087
leaf_count=283 78 307 934 51 331 133 61 270 100 93 73 104 108 65
internal_value=-0.000211645 0.000597917 -0.00196851 -0.000365323 -0.00147282 -0.00668591 -0.00145249 -0.00203912 0.000317834 0.00420568 -0.00412407 0.0084398 -0.00225196 -0.0113887
internal_weight=516.776 354.214 162.562 295.639 231.019 43.1588 21.5978 220.156 103.735 52.6802 116.421 36.5257 93.6083 22.8129
internal_count=2991 1785 1206 1502 1195 272 139 1144 567 297 577 204 439 138
is_linear=0
shrinkage=0.02


Tree=251
num_leaves=15
num_cat=0
split_feature=13 15 16 1 13 17 7 11 17 1 1 8 1 13
split_gain=3.66096 4.22362 2.53732 4.94738 4.75621 2.45252 5.17848 2.57124 3.11204 4.54771 4.0211 5.41863 2.45641 3.33388
threshold=1.2916666666666667 1210.0000000000002 1157.5000000000002 1.4050000000000005 1.9000000000000001 1042.5000000000002 1.5500000000000003 0.77500000000000013 1183.7500000000002 1.5670000000000004 1.4470000000000003 0.86035000000000006 1.9090000000000003 2.3666666666666671
decision_type=8 2 2 8 10 2 2 10 2 8 8 10 10 10
left_child=1 -1 5 -4 -5 6 -2 -7 10 -10 11 -9 13 -12
right_child=2 -3 3 4 -6 7 -8 8 9 -11 12 -13 -14 -15
leaf_value=0.00051473865415614022 -0.0033564772947228343 0.0072194552032051112 -0.0066842838435479278 0.0013718045793639163 0.0170304566163842 -0.0080356571584362501 0.011269931776725348 -0.0042753250191668183 -0.014485981549382038 0.00081747281731435321 -0.0064381448360991828 0.0085558973690646831 0.0045612024015435817 0.0035072373867845942
leaf_weight=171.52045880630612 24.031380698084831 47.192675150930882 14.418804183602331 21.971188325434923 11.164184665307401 33.688545566052198 14.858918994665144 20.996282361447811 16.716306574642662 13.650545727461575 68.207274090498686 32.2487728074193 13.010496936738489 16.060998808592558
leaf_count=1130 105 214 92 149 69 177 62 102 107 108 353 160 98 78
internal_value=2.35235e-05 0.00198772 -0.00140545 0.00279296 0.00699197 -0.002201 0.0023743 -0.0030374 -0.00206748 -0.00780001 -0.000867144 0.00351058 -0.00327461 -0.00452372
internal_weight=519.737 218.713 301.024 47.5542 33.1354 253.47 38.8903 214.579 180.891 30.3669 150.524 53.2451 97.2788 84.2683
internal_count=3004 1344 1660 310 218 1350 167 1183 1006 215 791 262 529 431
is_linear=0
shrinkage=0.02


Tree=252
num_leaves=15
num_cat=0
split_feature=8 4 12 12 6 9 9 6 8 12 3 3 11 5
split_gain=3.18732 1.95699 1.9993 4.64863 3.46521 1.95507 4.66061 4.05644 3.60436 2.58893 5.98222 5.93926 3.51007 3.29247
threshold=2.5050000000000003 0.41666666666666669 1.1666666666666667 0.83333333333333337 1.8333333333333337 1.1950000000000003 1.3110000000000002 2.5833333333333335 1.1183333333333338 1.8333333333333337 1.5500000000000003 1.6333333333333335 1.3666666666666669 0.22500000000000003
decision_type=8 2 10 10 2 10 10 2 10 10 2 2 10 2
left_child=1 5 3 4 -3 7 -7 9 -8 10 12 -11 13 -1
right_child=-2 2 -4 -5 -6 6 8 -9 -10 11 -12 -13 -14 -15
leaf_value=0.0046796197903515406 -0.0097356707200856735 0.0025414910452300093 -0.0041405875589184413 0.0095323899201608091 -0.011730606236249679 -0.010163940799392129 -0.010219876865736683 0.0096248333602284696 0.0018722447297458184 0.00012627944221763054 -0.0044978736743043644 0.010801512778845923 0.0079808474856377081 -0.0051721036383767108
leaf_weight=27.199723303318024 11.30077034793794 14.908389721065761 61.549717288464308 16.286368705332279 11.096827793866394 17.359536971896887 9.9190181046724302 25.334439389407635 101.03978270478547 56.358013533055782 70.245735144242644 32.107050850987434 36.056390713900328 25.154511973261833
leaf_count=138 99 88 311 85 58 118 60 118 673 273 440 175 219 125
internal_value=0.00032442 0.000568523 -0.00186648 0.00146237 -0.0037575 0.00120251 -0.000828597 0.00215863 0.000709658 0.00135751 -0.000175519 0.00407812 0.00327066 -6.20356e-05
internal_weight=515.916 504.616 103.841 42.2916 26.0052 400.774 128.318 272.456 110.959 247.121 158.656 88.4651 88.4106 52.3542
internal_count=2980 2881 542 231 146 2339 851 1488 733 1370 922 448 482 263
is_linear=0
shrinkage=0.02


Tree=253
num_leaves=15
num_cat=0
split_feature=17 3 16 16 17 17 12 16 16 17 17 4 3 16
split_gain=3.48182 2.32226 4.82656 3.89709 3.66062 3.5911 4.16277 3.74656 6.34285 2.86002 4.65591 2.87265 2.78005 2.65001
threshold=1327.5000000000002 1.1000000000000003 1132.5000000000002 1112.5000000000002 1162.5000000000002 1047.5000000000002 2.8333333333333335 1060.0000000000002 1071.2500000000002 1277.5000000000002 1242.5000000000002 1.0000000180025095e-35 0.63333333333333341 1098.7500000000002
decision_type=2 2 2 2 2 2 8 2 2 2 2 2 2 2
left_child=1 2 3 12 -5 -3 7 -7 -9 10 13 -12 -1 -10
right_child=-2 5 -4 4 -6 6 -8 8 9 -11 11 -13 -14 -15
leaf_value=0.0027786086883105983 -0.0083657677758075654 0.0069499467454898368 0.0026977059542040468 -0.0037197748376462869 -0.018418642190894764 -0.0084650940256406158 -0.0098201634633814337 0.011124968130802475 -0.0033591913133445461 0.0086539804028969488 -0.014698156601134943 -0.00033867733195937937 -0.0046844723190771001 0.0022298869494299053
leaf_weight=30.942461177706718 18.611590076237917 37.780086576938629 64.88843946903944 15.596244290471079 11.94239643961191 14.685238532721995 13.94447937235236 24.238629817962646 43.03799955919385 15.201802819967268 12.12743517011404 9.7670539580285549 52.716059751808643 147.44358419254422
leaf_count=140 230 166 365 71 67 72 85 116 248 120 106 74 248 846
internal_value=-0.000100892 0.000226555 -0.00161077 -0.00412659 -0.0105161 0.00124507 0.000454579 0.0010269 0.00161174 0.000554274 -6.33403e-05 -0.00858703 -0.00192391 0.000956125
internal_weight=512.924 494.312 176.086 111.197 27.5386 318.226 280.446 266.502 251.817 227.578 212.376 21.8945 83.6585 190.482
internal_count=2954 2724 891 526 138 1833 1667 1582 1510 1394 1274 180 388 1094
is_linear=0
shrinkage=0.02


Tree=254
num_leaves=15
num_cat=0
split_feature=13 9 1 14 13 14 12 1 9 11 7 7 7 13
split_gain=1.99781 4.38416 7.76273 3.4863 3.91242 3.88149 3.87518 3.27718 3.21613 4.06105 2.89989 5.17227 7.00841 4.85119
threshold=0.90000000000000013 1.7544200000000003 1.103 1047.5000000000002 1.7750000000000001 1068.7500000000002 1.4166666666666667 2.1230000000000007 1.8567500000000001 2.1000000000000005 1.1000000000000003 2.1000000000000005 2.5500000000000003 1.9000000000000001
decision_type=8 10 10 2 10 2 10 10 10 10 2 2 2 10
left_child=1 2 -1 4 -2 6 -5 8 10 -10 13 -12 -13 -7
right_child=3 -3 -4 5 -6 7 -8 -9 9 -11 11 12 -14 -15
leaf_value=0.00059151356273438979 -0.017511055268273859 -0.0077977207957699015 0.014620996046121578 0.016025056994980091 6.1913421758524035e-05 -0.0070681097043982857 0.00021652262839088753 -0.010612501204975578 0.012565630374985979 -0.0017559442975407871 0.002017631582401984 -0.01141146911915358 0.001575524798360792 0.0028163649608579622
leaf_weight=63.170582085847855 9.3307185452431458 13.558108031749724 20.067580848932266 10.133992638438942 9.9337539300322515 64.633071925491095 14.066528670489786 12.408032078295944 15.161622826009991 15.108350425958632 160.96387919783592 30.69025344774127 34.509754791855812 27.829285874962807
leaf_count=382 105 122 118 63 85 374 87 88 94 110 828 155 163 141
internal_value=-0.000189389 0.00237705 0.00410725 -0.000807472 -0.00889364 -0.000381425 0.00720958 -0.000908373 -0.000533915 0.00558989 -0.00113135 9.28739e-05 -0.00461761 -0.00409478
internal_weight=501.566 96.7963 83.2382 404.769 19.2645 385.505 24.2005 361.304 348.896 30.27 318.626 226.164 65.2 92.4624
internal_count=2915 622 500 2293 190 2103 150 1953 1865 204 1661 1146 318 515
is_linear=0
shrinkage=0.02


Tree=255
num_leaves=15
num_cat=0
split_feature=9 3 18 6 3 17 15 5 0 4 17 9 0 8
split_gain=2.74756 2.47811 2.84126 4.59134 3.35301 3.45719 2.99884 2.75966 2.65201 2.69273 4.76448 3.41014 3.22477 2.9676
threshold=2.3370000000000002 0.36666666666666675 1.0000000180025095e-35 3.1666666666666674 0.90000000000000013 1225.0000000000002 1262.5000000000002 0.36666666666666675 2.0783333333333336 0.41666666666666669 1272.5000000000002 0.80900000000000005 1.1283333333333336 0.41833333333333339
decision_type=10 2 2 2 2 2 2 2 10 2 2 10 10 10
left_child=1 -1 3 4 -3 6 -6 -7 9 10 13 -11 -12 -4
right_child=-2 2 8 -5 5 7 -8 -9 -10 11 12 -13 -14 -15
leaf_value=0.0073359882603209435 0.0091814200490866853 -0.0074178280503285647 0.0039926993016125706 0.0097903476904616735 0.00084345766329857843 -0.011311632613381126 -0.0089743541748938793 0.0022093865313089771 -0.0064258571362748153 -0.0068580235160215523 0.0045915030926099668 0.0040290192223047475 0.021895153051208305 -0.0011998259534019395
leaf_weight=16.493509832769632 12.203346300870178 44.752186127007008 96.943955831229687 11.687639616429804 133.58795924112201 20.497016301378611 12.712666019797323 7.9946482405066481 16.414787020534277 28.370733674615622 10.733397345989944 18.077361889183521 7.0811602510511866 79.311551373451948
leaf_count=82 93 243 478 53 765 210 57 64 117 142 92 94 56 425
internal_value=0.000174953 -6.05627e-05 -0.000324954 -0.00192911 -0.00259457 -0.0013245 -6.47864e-05 -0.00757142 0.00112062 0.00166013 0.00269397 -0.00262523 0.0122677 0.00166258
internal_weight=516.862 504.659 488.165 231.232 219.544 174.792 146.301 28.4917 256.933 240.518 194.07 46.4481 17.8146 176.256
internal_count=2971 2878 2796 1392 1339 1096 822 274 1404 1287 1051 236 148 903
is_linear=0
shrinkage=0.02


Tree=256
num_leaves=15
num_cat=0
split_feature=14 3 17 4 7 7 3 1 0 7 16 1 0 17
split_gain=2.6744 2.83818 2.9021 2.98965 2.68344 3.09908 5.67134 3.86352 4.54942 5.64903 4.51072 6.06598 4.43234 3.07872
threshold=1367.5000000000002 2.7083333333333335 1242.5000000000002 1.0000000180025095e-35 2.1000000000000005 1.5500000000000003 1.7083333333333337 1.5250000000000004 1.7188666666666668 1.3666666666666669 1148.7500000000002 1.3790000000000004 2.4550000000000005 1071.2500000000002
decision_type=2 2 2 2 2 2 2 8 8 2 2 10 8 2
left_child=1 2 4 -4 5 7 -7 10 -9 12 11 -1 -10 -14
right_child=-2 -3 3 -5 -6 6 -8 8 9 -11 -12 -13 13 -15
leaf_value=0.0032379260634191093 -0.007978486043103767 -0.0069554734504597487 -0.0073085404970948146 0.00061196109483263605 -0.0016029114652081108 0.002584540180387257 0.012895889964598062 0.012453793159200565 -0.0047616211284967997 -0.0074769397549137332 -0.012961189084108411 -0.012242906118867778 -2.7603485621938624e-05 0.0079295929897817419
leaf_weight=44.774044744670391 13.20432175695896 17.104776797816157 29.363612746819854 50.843633487820625 74.657743006944656 82.935661774128675 28.078087583184242 16.947754181921482 20.161291979253292 21.421801783144474 12.74710054323077 12.000064164400099 28.290245354175568 61.190332300961018
leaf_count=232 61 144 287 398 353 403 138 97 135 119 78 66 123 340
internal_value=0.000581921 0.000823215 0.00111224 -0.002342 0.00180347 0.00258004 0.00528438 0.00118207 0.00300275 0.0016956 -0.00268181 -0.000189455 0.00353911 0.00544134
internal_weight=513.72 500.516 483.411 80.2072 403.204 328.546 111.014 217.533 148.011 131.064 69.5212 56.7741 109.642 89.4806
internal_count=2974 2913 2769 685 2084 1731 541 1190 814 717 376 298 598 463
is_linear=0
shrinkage=0.02


Tree=257
num_leaves=15
num_cat=0
split_feature=17 14 14 15 7 7 8 7 13 8 15 9 17 14
split_gain=3.54971 5.2721 4.38805 3.81361 3.47683 4.46437 3.21859 2.81113 2.73225 2.53553 7.56298 4.00433 2.38221 2.36487
threshold=1122.5000000000002 1310.0000000000002 1047.5000000000002 1262.5000000000002 2.1000000000000005 1.5500000000000003 0.64000000000000024 0.55000000000000016 2.1000000000000005 1.0500166666666668 1107.5000000000002 0.68831000000000009 1157.5000000000002 1066.2500000000002
decision_type=2 2 2 2 2 2 8 2 10 10 2 8 2 2
left_child=1 3 -2 4 5 9 -6 -4 -7 11 -11 13 -9 -1
right_child=2 -3 7 -5 6 8 -8 12 -10 10 -12 -13 -14 -15
leaf_value=0.0068207064923876265 -0.01432856136263979 0.0088921600863907328 -0.010789529721667 -0.0086175456119068645 0.00072413073732269099 0.0042405811517944487 -0.012709389764845336 -0.0065031636540895969 0.014642104777993818 -0.0053330815824834642 0.013744910457394146 -0.0087988378063820882 7.9557491062654987e-05 -0.00097535535552292524
leaf_weight=18.702577397227287 9.6810400281101447 33.190904662013054 10.602838229387997 16.073003873229027 15.604675456881525 42.504635382443666 11.987815693020819 23.847134292125702 12.894695080816744 14.484291341155769 17.275636658072472 21.157858606427908 191.05303755775094 73.256456948816776
leaf_count=98 143 139 77 68 70 200 62 128 60 98 81 119 1274 344
internal_value=5.58662e-06 0.0015367 -0.00179749 0.000503694 0.00118191 0.0021043 -0.00535257 -0.00119864 0.00687832 0.000244135 0.00514708 -0.00116551 -0.000677654 0.00066652
internal_weight=512.317 277.133 235.184 243.942 227.869 200.276 27.5925 225.503 55.3993 144.877 31.7599 113.117 214.9 91.959
internal_count=2961 1339 1622 1200 1132 1000 132 1479 260 740 179 561 1402 442
is_linear=0
shrinkage=0.02


Tree=258
num_leaves=15
num_cat=0
split_feature=2 15 12 1 1 6 1 0 0 1 6 2 15 6
split_gain=2.47906 4.82449 1.96315 1.92258 5.80351 3.97213 3.66277 2.51134 3.57059 3.6381 2.15399 3.67667 3.71435 2.93181
threshold=2.5833333333333335 1102.5000000000002 1.1666666666666667 1.9310000000000003 1.6760000000000002 1.5833333333333337 2.1510000000000002 1.7916666666666672 1.6416666666666668 1.5390000000000004 0.83333333333333337 0.83333333333333337 1083.7500000000002 0.58333333333333337
decision_type=2 2 10 10 10 2 10 10 10 10 2 2 2 2
left_child=3 2 -2 4 7 6 -5 8 9 10 11 -1 -13 -14
right_child=1 -3 -4 5 -6 -7 -8 -9 -10 -11 -12 12 13 -15
leaf_value=0.0096543015841930729 0.005065602802265614 0.011854506813601824 -0.0064121518644851619 0.01989599095064986 -0.0095105032536440415 -0.0048863086616894123 0.0012111072227476802 -0.0079398499682752279 0.010342145346912437 0.0093290635324568445 -0.001193061749826008 0.0067327067841363077 -0.0093006345919784822 0.001500228567096058
leaf_weight=20.114304762333632 9.4657069034874457 19.247338272631168 12.942919902503489 7.6963905673474136 26.263998560607433 9.6379083171486837 8.3775140829384309 14.331913843750952 12.702043592929838 14.91476935893297 304.47273070365191 20.00172857567668 18.168256834149361 20.640777535736561
leaf_count=108 78 99 112 56 193 70 75 82 70 84 1622 137 101 114
internal_value=0.000154176 0.00477385 -0.00155451 -0.000258121 -0.00056531 0.00495662 0.010799 8.04276e-06 0.000303781 -4.14373e-05 -0.000429285 0.00249523 -7.3772e-05 -0.00366276
internal_weight=518.978 41.656 22.4086 477.322 451.611 25.7118 16.0739 425.347 411.015 398.313 383.398 78.9251 58.8108 38.809
internal_count=3001 289 190 2712 2511 201 131 2318 2236 2166 2082 460 352 215
is_linear=0
shrinkage=0.02


Tree=259
num_leaves=15
num_cat=0
split_feature=13 0 7 16 18 14 15 14 14 5 8 13 16 11
split_gain=2.19553 3.33448 2.61478 2.7655 2.5949 3.14921 4.35677 8.05269 4.43307 6.17611 4.21817 3.90544 3.55422 3.40017
threshold=1.9000000000000001 1.8860333333333335 3.1000000000000005 1290.0000000000002 1.0000000180025095e-35 1207.5000000000002 1071.2500000000002 1073.7500000000002 1191.2500000000002 0.22500000000000003 0.98788333333333356 1.2916666666666667 1098.7500000000002 1.3666666666666669
decision_type=10 10 2 2 2 2 2 2 2 2 8 10 2 10
left_child=2 -2 3 4 -1 6 13 -8 9 10 -9 -12 -7 -6
right_child=1 -3 -4 -5 5 12 7 8 -10 -11 11 -13 -14 -15
leaf_value=-0.0023316011087041628 0.0033964828445037097 -0.007155614340453087 0.0086694474580293352 -0.0078680131491026834 -0.011589894491334412 -0.009945055941361065 0.019255847452282544 0.010015341040171535 0.01227793314519535 -0.0071237691764351376 0.0059847525547649097 -0.010284118015071168 0.00048209220998278105 0.0037160733727005053
leaf_weight=162.03098448738456 119.37608777359128 12.363689061254261 10.735463596880434 20.590443313121796 12.202708426862957 17.273115217685699 12.299783192574976 26.086754992604256 14.424343004822729 26.377452358603477 11.566208295524122 10.168969839811323 45.676430441439152 9.6854471154510957
leaf_count=970 599 92 49 250 83 77 65 130 66 138 65 62 222 85
internal_value=0.000145569 0.00235973 -0.000628014 -0.000921698 -0.000489075 0.00112196 0.00297842 0.00472975 0.00252137 0.000486641 0.0047443 -0.00174432 -0.00248985 -0.0049506
internal_weight=510.858 131.74 379.118 368.383 347.792 185.761 122.812 100.924 88.6237 74.1994 47.8219 21.7352 62.9495 21.8882
internal_count=2953 691 2262 2213 1963 993 694 526 461 395 257 127 299 168
is_linear=0
shrinkage=0.02


Tree=260
num_leaves=15
num_cat=0
split_feature=14 18 10 2 1 14 7 1 10 1 17 1 13 14
split_gain=1.63023 3.07966 2.83828 1.80737 5.3425 3.8072 2.80626 5.01516 4.47311 3.59265 3.36098 2.39866 1.81768 5.73565
threshold=1052.5000000000002 1.0000000180025095e-35 1.1666666666666667 1.8333333333333337 1.6870000000000003 1077.5000000000002 1.5500000000000003 1.6323300000000003 1.1666666666666667 1.7510000000000001 1157.5000000000002 1.901 1.3666666666666669 1097.5000000000002
decision_type=2 2 10 2 10 2 2 8 10 8 2 10 8 2
left_child=1 -1 -3 4 12 -5 7 -7 -8 -10 -9 -6 13 -2
right_child=3 2 -4 5 11 6 8 10 9 -11 -12 -13 -14 -15
leaf_value=-0.01129527690162806 -0.0070325968657098357 0.0084172688201878433 -0.0073650359895357214 0.01002406066596997 -0.015350360309487476 -0.011361594586693467 0.01159485880342033 -0.0031953847026794046 0.0059510241994059796 -0.0075463416851777312 0.0085257430598693427 -0.0028990307187545723 -0.0010716548976004994 0.0035447405792912636
leaf_weight=13.169735051691534 23.419065598398447 9.0988287553191203 7.3307441659271708 20.557419814169407 11.804541755467655 16.035260647535324 18.796316534280777 22.994415588676929 15.143518134951593 14.434555839747189 15.579032357782124 13.099382031708954 184.36527285352349 128.20903764665127
leaf_count=137 156 62 75 128 92 93 89 123 79 84 119 96 941 702
internal_value=1.97223e-05 -0.00445771 0.00135679 0.000301914 -0.000413911 0.00237958 0.000771866 -0.00231745 0.00423563 -0.000667274 0.00163436 -0.00916575 0.000260051 0.00187569
internal_weight=514.037 29.5993 16.4296 484.438 360.897 123.541 102.983 54.6087 48.3744 29.5781 38.5734 24.9039 335.993 151.628
internal_count=2976 274 137 2702 1987 715 587 335 252 163 242 188 1799 858
is_linear=0
shrinkage=0.02


Tree=261
num_leaves=15
num_cat=0
split_feature=12 4 15 9 15 13 8 0 2 8 9 2 15 13
split_gain=3.22227 2.59754 3.21451 3.20423 3.08392 5.27489 2.53885 2.44274 3.3999 2.15989 3.40663 4.86956 3.87476 2.89916
threshold=1.8333333333333337 0.58333333333333337 1088.7500000000002 0.75746000000000013 1142.5000000000002 2.1000000000000005 0.77166666666666683 1.0850000000000002 1.8333333333333337 1.2176000000000005 1.3170000000000004 1.1666666666666667 1120.0000000000002 1.2250000000000003
decision_type=10 2 2 10 2 10 10 10 2 8 10 2 2 10
left_child=9 2 3 -2 7 6 -6 -4 -9 13 -11 -12 -13 -1
right_child=1 -3 4 -5 5 -7 -8 8 -10 10 11 12 -14 -15
leaf_value=0.0020226077494207972 0.0038093726165695152 -0.0026212844805786001 0.012895873170964009 -0.0090232687032387963 0.002167058499790354 -0.0045675044618544158 0.013903787364576299 -0.0029475869874502104 0.011280167857105035 -0.011606748725930838 -0.0069634819929105113 -0.0036195991741121277 0.0070501599609965795 -0.0024539252433871043
leaf_weight=145.46528076007962 16.311275206506256 30.728748492896557 26.937017910182476 13.221911355853079 16.488645322620872 25.578509166836739 13.019962251186369 13.074834659695627 12.145467240363358 15.224159106612204 38.490310404449701 23.886370930820704 29.276488788425922 94.677678059786558
leaf_count=840 96 150 129 112 74 119 64 80 65 103 243 220 169 512
internal_value=0.000299653 0.00256932 0.00374602 -0.00204312 0.00534439 0.00198677 0.0076316 0.00878653 0.00407304 -0.00080015 -0.00315103 -0.00163637 0.00227786 0.000254853
internal_weight=514.527 167.506 136.778 29.5332 107.244 55.0871 29.5086 52.1573 25.2203 347.02 106.877 91.6532 53.1629 240.143
internal_count=2976 889 739 208 531 257 138 274 145 2087 735 632 389 1352
is_linear=0
shrinkage=0.02


Tree=262
num_leaves=15
num_cat=0
split_feature=17 1 0 9 7 3 4 17 3 0 11 11 0 7
split_gain=2.03064 2.6347 1.66882 4.43744 3.98112 3.18296 5.22622 2.27312 3.01236 2.56505 2.5654 2.95634 5.16762 4.64801
threshold=1320.0000000000002 1.3530000000000002 1.6266666666666667 1.0190000000000003 2.1000000000000005 2.3666666666666671 1.0000000180025095e-35 1010.0000000000001 1.4500000000000002 1.3283333333333338 1.9000000000000001 0.90000000000000013 0.78545000000000009 1.3666666666666669
decision_type=2 8 10 10 2 2 2 2 2 10 10 8 8 2
left_child=2 -2 7 -4 5 6 -5 -1 -9 10 11 -10 -13 -14
right_child=1 -3 3 4 -6 -7 -8 8 9 -11 -12 12 13 -15
leaf_value=0.0065247373860586599 0.0020707372442783081 -0.011382930695337488 -0.0061924643915317054 0.014746365379125726 -0.0068423145433198261 -0.0027731295896699175 0.0010733270681754891 0.00029224112458341715 0.00082025933631668321 -0.010426095295166174 0.0042861381935191747 0.0055545152908717445 -0.0033116441247504785 -0.015248362707406793
leaf_weight=15.725506603717802 9.1727317441254872 13.761682160198687 17.943006616085768 26.09811806678772 9.2343472689390165 10.768717795610426 19.323534119874239 254.38123423606157 38.749453976750374 16.98761030100286 19.067398872226477 11.688046850264071 29.667242120951414 23.361699923872948
leaf_count=65 88 186 105 163 55 97 125 1305 191 108 125 63 175 129
internal_value=-0.000451204 -0.00614037 -0.000174647 0.00238771 0.00479866 0.00679793 0.00907793 -0.000700684 -0.00100493 -0.00335524 -0.0022985 -0.00354137 -0.00612565 -0.00875522
internal_weight=515.93 22.9344 492.996 83.3677 65.4247 56.1904 45.4217 409.628 393.903 139.521 122.534 103.466 64.717 53.0289
internal_count=2980 274 2706 545 440 385 288 2161 2096 791 683 558 367 304
is_linear=0
shrinkage=0.02


Tree=263
num_leaves=15
num_cat=0
split_feature=8 8 0 17 0 0 2 4 16 13 13 8 15 8
split_gain=2.75232 2.8869 3.48168 5.58233 3.26851 3.66281 3.56963 4.82281 4.14001 3.35502 4.58614 3.76503 2.81787 3.16918
threshold=2.5116666666666672 2.2116666666666673 0.9010166666666668 1188.7500000000002 1.0950000000000004 1.1785500000000002 0.83333333333333337 0.41666666666666669 1157.5000000000002 0.90000000000000013 1.1000000000000003 0.86035000000000006 1232.5000000000002 0.45166666666666672
decision_type=8 10 8 2 8 8 2 2 2 10 10 10 2 10
left_child=1 2 3 12 -4 -6 8 9 -7 11 -11 -8 13 -1
right_child=-2 -3 4 -5 5 6 7 -9 -10 10 -12 -13 -14 -15
leaf_value=0.00079728491088939602 -0.0089402721270538908 0.0096508165375757266 0.0070143510032828196 -0.012265138904394693 -0.010104721467990335 0.0018545121633443617 0.0009589022934430976 -0.011175486627017832 0.012374862752457191 -0.0083364776384346247 0.00041335197354893836 0.012555737860464353 0.0055813399393946517 -0.010502290102940568
leaf_weight=26.536751635372639 11.734852951020001 12.351098615676163 32.023147195577621 20.573404874652624 11.714047595858572 58.803768113255501 31.477903988212347 14.230699628591536 19.288718294352293 26.262128885835409 197.26333228498697 16.541714638471603 19.936747685074806 14.742953129112719
leaf_count=131 99 97 171 138 70 277 205 82 120 174 1126 111 86 73
internal_value=0.000242716 0.000474844 0.000224058 -0.00351647 0.000981399 0.000449754 0.000816298 -0.000223644 0.00457663 0.000389201 -0.000647221 0.0051284 -0.000426371 -0.00339128
internal_weight=513.481 501.746 489.395 81.7899 407.605 375.582 363.868 285.776 78.0925 271.545 223.525 48.0196 61.2165 41.2797
internal_count=2960 2861 2764 428 2336 2165 2095 1698 397 1616 1300 316 290 204
is_linear=0
shrinkage=0.02


Tree=264
num_leaves=15
num_cat=0
split_feature=14 17 11 11 10 0 9 13 14 8 15 13 13 12
split_gain=2.27567 1.70972 4.32093 4.03057 3.83685 4.04761 3.46461 3.32403 4.62913 4.26928 2.55661 3.00008 2.47207 2.41059
threshold=1367.5000000000002 1152.5000000000002 1.7750000000000001 1.9000000000000001 2.8333333333333335 1.3063500000000006 1.5910000000000004 1.1000000000000003 1225.0000000000002 1.0658333333333336 1177.5000000000002 0.63333333333333341 1.3666666666666669 1.4166666666666667
decision_type=2 2 10 8 10 8 10 10 2 10 2 10 10 10
left_child=1 3 6 13 10 -6 7 8 -3 -9 11 -4 -8 -1
right_child=-2 2 4 -5 5 -7 12 9 -10 -11 -12 -13 -14 -15
leaf_value=0.0039178770313068314 -0.0079098375753639087 -0.015650073422625265 -0.0087045965154361089 -0.007084632455095571 0.0065069119774998517 -0.011024389582056527 0.010024798077754733 0.0011387582656568862 0.00031996531806191715 -0.010829712020712869 0.0096852393823062665 0.0036444168328980679 -0.0031925194514044724 0.00011126810876898742
leaf_weight=117.96314902231097 13.480939149856566 22.309174818918109 8.5097210481762868 21.177405349910259 7.0562920272350338 14.99686051532626 9.8232999294996279 37.622896324843168 10.487173661589621 16.342899456620216 21.0927330031991 45.14792288094759 11.112007837742565 151.15439113602042
leaf_count=566 62 166 86 112 53 132 59 238 55 121 110 361 74 748
internal_value=-9.48837e-05 0.000133563 -0.00126362 0.00111878 0.00179383 -0.00537601 -0.00400302 -0.00575363 -0.010685 -0.00261684 0.00395216 0.00156253 0.00318362 0.00178816
internal_weight=508.277 494.796 204.501 290.295 96.8035 22.0532 107.697 86.7621 32.7963 53.9658 74.7504 53.6576 20.9353 269.118
internal_count=2943 2881 1455 1426 742 185 713 580 221 359 557 447 133 1314
is_linear=0
shrinkage=0.02


Tree=265
num_leaves=15
num_cat=0
split_feature=9 8 8 9 9 14 17 17 5 4 16 15 7 18
split_gain=1.91398 3.48615 1.95036 3.24816 2.99202 2.02131 3.5376 4.26999 6.71138 4.31773 4.15971 3.25064 3.7979 2.89165
threshold=2.3560000000000003 2.2483333333333335 0.92499999999999993 0.74179000000000017 1.0332500000000002 1142.5000000000002 1073.7500000000002 1117.5000000000002 0.36666666666666675 0.41666666666666669 1091.2500000000002 1066.2500000000002 1.1000000000000003 1.0000000180025095e-35
decision_type=10 8 10 10 10 2 2 2 2 2 2 2 2 2
left_child=1 2 3 -1 -5 11 -7 10 -9 -10 -8 -4 -13 -14
right_child=-2 -3 5 4 -6 6 7 8 9 -11 -12 12 13 -15
leaf_value=-0.00011313645446702278 0.0077438017526350158 -0.009905590879548053 -0.0051354961107323363 -0.010963846427197879 0.0014224333552246547 -0.0075160646840191072 -0.00051731979642235138 -0.006330742674685471 0.01326975095892924 -0.0018945672257082624 0.014528337226753778 0.00056711650903237517 0.0039434912547780115 0.016767450584154579
leaf_weight=269.42182970419526 11.571519970893858 13.255188740789889 10.603147571906446 21.341285340487957 11.664836853742598 18.80402347445488 12.801632776856424 39.105901598930359 15.020470246672632 13.724978178739546 16.052278332412243 23.511726681143045 13.274116843938829 16.123030103743076
leaf_count=1450 91 108 137 115 65 85 61 247 84 77 77 153 88 88
internal_value=3.72082e-05 -0.000158313 0.000130023 -0.000848722 -0.00667326 0.00177899 0.000193488 0.00175417 -0.00100521 0.00620902 0.00805929 0.00461484 0.00662786 0.0112971
internal_weight=506.276 494.704 481.449 302.428 33.0061 179.021 115.509 96.7053 67.8514 28.7454 28.8539 63.512 52.9089 29.3971
internal_count=2926 2835 2727 1630 180 1097 631 546 408 161 138 466 329 176
is_linear=0
shrinkage=0.02


Tree=266
num_leaves=15
num_cat=0
split_feature=17 0 1 16 2 15 11 15 0 16 8 11 8 9
split_gain=2.99134 2.99929 3.69717 3.21142 2.78513 4.08602 2.18696 2.186 2.01277 3.61663 1.58037 2.83377 1.54643 3.88744
threshold=1253.7500000000002 1.7050000000000003 1.7590000000000001 1262.5000000000002 2.8333333333333335 1102.5000000000002 2.5500000000000003 1262.5000000000002 1.8860333333333335 1112.5000000000002 1.571666666666667 1.7750000000000001 1.7905500000000003 1.1890000000000003
decision_type=2 10 8 2 2 2 10 2 10 2 10 10 10 8
left_child=4 3 -3 7 6 -6 8 -2 12 -10 11 -5 13 -1
right_child=1 2 -4 10 5 -7 -8 -9 9 -11 -12 -13 -14 -15
leaf_value=0.0025037277860064833 -0.01210649111313822 0.015339989581342877 -0.003748597691720396 -0.0070515713275046748 -0.01317580043082632 0.0042822727749886984 0.0095576893652369217 -0.00021660390707192606 -0.0080249918622231978 0.0055726276312751937 -0.0072875900499334081 0.0075207293556550352 0.0063789284778192077 -0.0027361257416951995
leaf_weight=278.80405654385686 23.906507529318333 6.3481060862541172 8.3851696774363518 7.1382037717849078 11.454198829829695 8.7442608177661878 12.611673578619955 8.2777620404958707 21.287659447640181 11.194088526070116 7.8162359297275534 14.788763884454964 26.565854769200087 70.127054579555988
leaf_count=1358 194 49 91 62 103 42 72 41 132 82 83 151 146 397
internal_value=0.000674533 -0.00294737 0.00492832 -0.00486963 0.00130969 -0.00577242 0.00166269 -0.00914711 0.00139586 -0.00331241 -9.41092e-05 0.00267615 0.00181085 0.00144583
internal_weight=517.45 76.6607 14.7333 61.9275 440.789 20.1985 420.59 32.1843 407.979 32.4817 29.7432 21.927 375.497 348.931
internal_count=3003 671 140 531 2332 145 2187 235 2115 214 296 213 1901 1755
is_linear=0
shrinkage=0.02


Tree=267
num_leaves=15
num_cat=0
split_feature=16 15 8 13 13 11 0 10 15 7 0 0 0 10
split_gain=2.03525 1.54542 3.12909 1.50995 1.84271 1.57957 6.13636 2.1396 4.6722 3.58743 2.97848 2.46608 2.37869 3.79517
threshold=1290.0000000000002 1172.5000000000002 1.4816666666666671 3.1000000000000005 2.7083333333333335 2.5500000000000003 2.0183166666666676 1.5833333333333337 1091.2500000000002 1.3666666666666669 1.3000000000000005 1.5783333333333336 0.43898333333333339 0.83333333333333337
decision_type=2 2 10 10 8 10 8 10 2 2 10 10 8 10
left_child=3 2 -2 4 5 7 -7 12 -9 10 -10 -11 13 -1
right_child=1 -3 -4 -5 -6 6 -8 8 9 11 -12 -13 -14 -15
leaf_value=-0.0021101443836076929 -0.0012518057439725718 0.0016956214751860288 -0.019039075747570709 0.0068770491790992915 -0.0065135232702759026 -0.0043154417523344393 0.015383229992339051 -0.0098458930943443029 0.0003559144092390266 -0.0015085484366296354 0.011714499176583529 -0.011173410005739504 9.7107343263175971e-05 0.012555535903785829
leaf_weight=12.097243323922159 8.7230568956583756 6.635162152349948 6.4776969365775576 11.128795951604841 17.184338815510273 12.941623844206335 10.779737159609793 25.682052325457335 27.360289663076401 67.880640156567097 12.989461071789263 11.609140377491711 269.78256477229297 15.142229147255419
leaf_count=60 124 48 96 56 92 89 66 228 148 343 71 69 1427 76
internal_value=-0.000362922 -0.00620047 -0.00953905 -9.31993e-05 -0.000267516 -2.38703e-05 0.00489642 -0.000298054 -0.00227633 -0.000586096 0.00420736 -0.00304134 0.000675562 0.00619832
internal_weight=516.414 21.8359 15.2008 494.578 483.449 466.265 23.7214 442.544 145.522 119.84 40.3498 79.4898 297.022 27.2395
internal_count=2993 268 220 2725 2669 2577 155 2422 859 631 219 412 1563 136
is_linear=0
shrinkage=0.02


Tree=268
num_leaves=15
num_cat=0
split_feature=7 9 9 6 1 13 8 8 10 0 0 1 9 0
split_gain=2.62747 2.15519 2.97495 2.85009 5.05894 3.14429 2.73697 2.11117 4.16372 5.36977 3.55279 5.43693 3.48415 3.21602
threshold=0.45000000000000007 1.5030000000000003 1.5616100000000002 1.8333333333333337 1.103 1.3666666666666669 1.5333333333333339 1.2050000000000005 1.4166666666666667 1.061666666666667 1.1939500000000003 1.0250000000000004 1.3170000000000004 1.3950000000000002
decision_type=2 10 10 2 10 10 10 8 8 10 10 10 10 10
left_child=-1 7 -3 4 -4 -5 -6 10 9 -9 11 -2 -10 -12
right_child=1 2 3 5 6 -7 -8 8 12 -11 13 -13 -14 -15
leaf_value=-0.0053987715338577203 0.00053298300611004292 0.013238483843923661 -0.012117822608274341 0.00053909065109662029 0.012347975983202607 0.012292419309118702 3.3104610722095861e-05 0.013582029826671144 -0.018586121427940878 -0.003984727163607921 0.012956337333993595 -0.01172869394605581 -0.0030118443816946334 0.002273687076730068
leaf_weight=27.284775787964463 257.90457474440336 10.111637607216833 11.0545995272696 17.884003806859255 7.9753682911396018 17.751414988189936 36.915160909295082 9.0176245123147982 9.1582817547023314 21.873912358656526 15.052810013294218 14.320984877645968 14.333600878715513 39.823061358183622
leaf_count=182 1369 58 69 109 56 100 287 47 62 138 76 73 94 235
internal_value=0.000528123 0.000873271 0.00344514 0.00223252 -0.000596938 0.00656961 0.00244239 0.000180475 -0.00343193 0.00140832 0.000789698 -0.000152634 -0.00959442 0.00538344
internal_weight=510.462 483.177 101.692 91.5805 55.9451 35.6354 44.8905 381.485 54.3834 30.8915 327.101 272.226 23.4919 54.8759
internal_count=2955 2773 679 621 412 209 343 2094 341 185 1753 1442 156 311
is_linear=0
shrinkage=0.02


Tree=269
num_leaves=15
num_cat=0
split_feature=1 1 17 12 16 12 15 3 14 3 6 17 3 11
split_gain=2.08195 2.99615 2.26332 2.83337 1.42297 3.45983 4.72941 3.52078 2.65566 1.95789 5.03946 6.97723 3.90263 3.9283
threshold=1.9510000000000003 1.8118000000000001 1097.5000000000002 1.5833333333333337 1202.5000000000002 0.58333333333333337 1132.5000000000002 1.1000000000000003 1077.5000000000002 1.1000000000000003 0.83333333333333337 1092.5000000000002 0.36666666666666675 1.9000000000000001
decision_type=10 10 2 10 2 10 2 2 2 2 2 2 2 10
left_child=1 4 -2 -4 9 -6 8 -8 -7 10 11 -1 -12 -14
right_child=2 -3 3 -5 5 6 7 -9 -10 -11 12 -13 13 -15
leaf_value=-0.0051332769489621588 0.011619773898179572 -0.0092978379672279086 0.0068205809629121221 -0.0072463504139357419 -0.0057627325786572597 0.0076660603550439688 0.019848372276886656 0.0033833606508015309 -0.0081773677285095527 0.00070386636859752678 0.0065339169940009214 0.015133466582831146 -0.0030739095414771059 -0.012475608187780308
leaf_weight=11.921020209789278 11.445651140063999 13.351716706529258 12.424746209755542 9.000007024034856 12.120198640972374 6.0251404140144578 10.553850688040258 10.337450847029684 9.7416391894221288 249.70501259341836 12.703052945435045 13.694661691784857 101.6427630931139 20.874063663184643
leaf_count=54 62 106 117 88 118 64 63 70 101 1337 57 80 488 113
internal_value=4.3459e-05 -0.000299159 0.00483362 0.000851783 -1.79505e-05 0.00317593 0.00620586 0.0122279 -0.00202682 -0.000404226 -0.00211831 0.00586323 -0.00366226 -0.00476378
internal_weight=505.541 472.671 32.8704 21.4248 459.319 48.7783 36.6581 20.8913 15.7668 410.541 160.836 25.6157 135.22 122.517
internal_count=2918 2651 267 205 2545 416 298 133 165 2129 792 134 658 601
is_linear=0
shrinkage=0.02


Tree=270
num_leaves=15
num_cat=0
split_feature=18 13 12 1 16 15 16 0 10 16 12 0 16 13
split_gain=2.46751 3.29741 4.39581 3.34111 2.47297 2.88063 2.36162 4.97536 4.55877 4.13086 4.18227 3.91433 3.61412 2.28054
threshold=1.0000000180025095e-35 1.9000000000000001 2.8333333333333335 0.66124000000000016 1112.5000000000002 1120.0000000000002 1086.2500000000002 1.3816666666666668 0.83333333333333337 1042.5000000000002 1.4166666666666667 0.88666666666666705 1093.7500000000002 2.1000000000000005
decision_type=2 10 10 8 2 2 2 10 10 2 8 10 2 10
left_child=1 3 4 -1 5 -3 7 9 11 -2 -11 -8 -10 -14
right_child=6 2 -4 -5 -6 -7 8 -9 12 10 -12 -13 13 -15
leaf_value=-0.011273511916220322 -0.0016549991456209676 -0.0046677371016181357 -0.0066732821612021515 -0.0021823160614123484 0.01166132069308584 0.0065778254293387952 -0.010960013621954128 -0.0046997794093315073 -0.0092864565961825168 0.016687621226894701 0.0042285642359082424 0.0021610751061431088 0.0031666022571498098 -0.0055341985149017512
leaf_weight=17.13612637668848 16.890988752245903 14.475693035870789 16.356283836066723 158.79649256914854 14.536115657538174 21.344095185399055 24.121941536664963 19.527906879782677 10.618696905672548 19.107064962387085 25.261082217097282 13.806215059012173 123.85914120078087 12.424802161753176
leaf_count=104 72 84 91 1021 91 99 120 100 58 82 112 77 770 71
internal_value=-0.000241034 -0.00169549 0.00206886 -0.00312653 0.00498308 0.00202986 0.001089 0.00391871 -0.000162257 0.00669743 0.0098436 -0.00625099 0.0014414 0.00233883
internal_weight=508.263 242.645 66.7122 175.933 50.3559 35.8198 265.618 80.787 184.831 61.2591 44.3681 37.9282 146.903 136.284
internal_count=2952 1490 365 1125 274 183 1462 366 1096 266 194 197 899 841
is_linear=0
shrinkage=0.02


Tree=271
num_leaves=15
num_cat=0
split_feature=14 9 14 16 1 7 3 1 2 7 0 6 10 5
split_gain=1.81467 2.19641 2.12774 5.45961 3.45397 3.81875 3.03575 3.91884 2.68635 3.43093 3.19369 2.34665 2.81757 3.76976
threshold=1052.5000000000002 1.0505700000000002 1122.5000000000002 1042.5000000000002 0.6379800000000001 1.7750000000000001 2.3666666666666671 0.82900000000000018 1.8333333333333337 0.90000000000000013 1.2441666666666669 0.83333333333333337 1.5833333333333337 0.29166666666666669
decision_type=2 8 2 2 8 2 2 8 2 2 10 2 8 2
left_child=1 -1 3 -2 5 -4 7 -5 -9 -10 -11 -6 -13 -14
right_child=2 -3 4 6 11 -7 -8 8 9 10 -12 12 13 -15
leaf_value=-0.0013854940090812988 -0.007965866734881439 -0.013982623819960778 -0.0023165997960905137 -0.0047438744988522871 0.003520985136415597 0.01047353235133117 -0.005402265042805136 0.0035600795964865475 0.00091529468836638026 0.0061881985129769116 0.021091694224333286 -0.00031121255441604839 -0.0086702330249396799 -0.00062259661966734565
leaf_weight=21.491280114278201 17.907415457069874 6.5850002933293572 15.64467406645417 16.164108999073505 33.770375698804855 21.093931332230568 13.338982880115507 88.404376327991486 11.515620920807121 12.275687329471113 12.201613832265137 146.6365629658103 46.962993757799268 45.571392357349396
leaf_count=162 83 99 81 102 185 100 106 553 74 75 76 715 287 247
internal_value=0.000133371 -0.0047193 0.000425533 0.00220382 -0.000564966 0.00510995 0.00343093 0.00430142 0.00550522 0.0100574 0.0141537 -0.00134469 -0.00204351 -0.00475596
internal_weight=509.564 28.0763 481.488 171.808 309.68 36.7386 153.9 140.561 124.397 35.9929 24.4773 272.941 239.171 92.5344
internal_count=2945 261 2684 1069 1615 181 986 880 778 225 151 1434 1249 534
is_linear=0
shrinkage=0.02


Tree=272
num_leaves=15
num_cat=0
split_feature=9 17 11 11 17 3 17 17 1 7 1 1 0 3
split_gain=2.69905 2.6927 2.66389 1.62481 4.25773 2.71694 2.9588 4.75368 6.1947 3.61257 4.88172 3.38066 3.07486 2.43567
threshold=2.3370000000000002 1327.5000000000002 2.7750000000000004 1.2250000000000003 1087.5000000000002 0.77500000000000013 1188.7500000000002 1092.5000000000002 1.6730000000000003 1.7750000000000001 0.99900000000000022 1.5670000000000004 1.2516666666666667 0.55000000000000016
decision_type=10 2 10 10 2 2 2 2 8 2 10 8 10 2
left_child=1 2 3 5 -5 13 7 9 12 -7 -11 -8 -9 -1
right_child=-2 -3 -4 4 -6 6 11 8 -10 10 -12 -13 -14 -15
leaf_value=-0.0019824682014476951 0.0080097134188456005 -0.009032819749790021 0.0075011232569333801 0.0069502846685716617 -0.00090466209225450469 -0.0053206699431981794 -0.016623045074893605 0.0047042098638877539 -0.0012146730435427613 0.0079707850373125534 -0.0065973348612351967 -0.0018418458552285142 0.017420716393315144 -0.01229685500154663
leaf_weight=19.381188616156578 12.674208113923667 15.156029898673294 14.250471595674751 31.701822839677334 176.08980659395456 78.971648961305618 9.0380575396120566 19.944778457283974 48.053895678371191 22.156828850507736 14.329364359378813 16.905233655124903 12.484698481857775 17.184210553765297
leaf_count=92 101 191 95 144 1079 382 62 103 277 94 65 125 66 81
internal_value=-0.000759809 -0.00099973 -0.000728111 -0.000995149 0.00032128 -0.00205071 -0.00120261 -0.000346298 0.0033609 -0.00293718 0.00222602 -0.00741713 0.00997448 -0.00702811
internal_weight=508.322 495.648 480.492 466.242 207.792 258.45 221.885 195.941 80.4834 115.458 36.4862 25.9433 32.4295 36.5654
internal_count=2957 2856 2665 2570 1223 1347 1174 987 446 541 159 187 169 173
is_linear=0
shrinkage=0.02


Tree=273
num_leaves=15
num_cat=0
split_feature=9 15 1 6 15 9 8 4 2 9 1 6 13 7
split_gain=3.06417 2.35915 1.98656 6.60448 2.91418 2.60949 5.09062 1.85445 5.61653 4.74749 2.74795 1.92148 4.89438 3.88716
threshold=2.3370000000000002 1060.0000000000002 1.5250000000000004 2.1666666666666674 1167.5000000000002 1.0290000000000001 1.5379833333333337 0.41666666666666669 0.83333333333333337 1.3500000000000003 1.4510000000000003 2.1666666666666674 1.2250000000000003 2.3666666666666671
decision_type=10 2 10 2 2 10 10 2 2 8 10 2 10 2
left_child=1 -1 7 4 5 -4 -7 10 9 -9 11 -3 -13 -14
right_child=-2 2 3 -5 -6 6 -8 8 -10 -11 -12 12 13 -15
leaf_value=-0.005318670340778168 0.0097599542866495768 6.7590569979841342e-05 -0.0042256743182328043 -0.0087835534160418238 0.014697290008172515 0.012005765092844796 -0.0014287494622089651 0.0014319624702749669 -0.014282549475596951 -0.011750163402165888 -0.008407691369848893 0.0107469666162827 0.0061302640432291042 -0.0082374731722649787
leaf_weight=31.347109181806445 11.947804704308508 229.98479007184505 12.160257235169409 14.46875626221299 11.042683977633713 23.965096455067396 20.234387449920177 67.162119906395674 13.392785653471945 12.018833581358193 12.406256504356859 23.93185069039464 13.52781790494919 14.67984591424465
leaf_count=313 94 1249 67 89 58 149 144 332 75 71 74 122 64 68
internal_value=0.00015397 -9.4434e-05 0.000265337 0.00307585 0.00571281 0.00372693 0.00595995 -0.000335472 -0.00278853 -0.000690536 0.000442376 0.000859874 0.00428756 -0.00137303
internal_weight=512.27 500.323 468.975 81.8712 67.4024 56.3597 44.1995 387.104 92.5737 79.181 294.531 282.124 52.1395 28.2077
internal_count=2969 2875 2562 507 418 360 293 2055 478 403 1577 1503 254 132
is_linear=0
shrinkage=0.02


Tree=274
num_leaves=15
num_cat=0
split_feature=17 17 17 8 16 18 16 3 11 8 8 7 3 1
split_gain=2.31095 4.15578 2.40445 2.8542 2.36249 2.34574 4.52173 3.13997 2.92456 3.63378 3.91893 1.84529 2.84932 4.54858
threshold=1217.5000000000002 1202.5000000000002 1193.7500000000002 1.7905500000000003 1112.5000000000002 1.0000000180025095e-35 1197.5000000000002 1.1000000000000003 1.2250000000000003 2.0283333333333338 1.2013000000000003 0.55000000000000016 2.3666666666666671 1.9510000000000003
decision_type=2 2 2 10 2 2 2 2 10 10 10 2 2 10
left_child=1 2 3 11 -5 6 -2 -8 -7 10 -10 -1 13 -13
right_child=5 -3 -4 4 -6 8 7 -9 9 -11 -12 12 -14 -15
leaf_value=0.005774716960222772 -0.012531833342440762 0.0099485210436615745 -0.0066520585196089546 5.1594408828254082e-05 0.011976490000489162 -0.0092748274227613236 0.0075125746644316089 -0.0062601033150523648 -0.00021503911876723168 -0.0064452772753876763 0.013553076059977204 1.6396791398379527e-06 -0.0063920299616430287 0.011489910477297187
leaf_weight=22.778068985790014 20.093508522957563 18.723319049924612 16.773993398994207 11.280592128634455 15.203213714063166 9.1652042530477029 11.262429080903532 13.393595309928058 18.120675470679998 12.002933114767073 14.163984674960373 294.20823633298278 24.69275276362896 13.463341224938629
leaf_count=130 161 113 110 59 84 64 88 158 146 100 102 1433 168 86
internal_value=0.000335874 0.000986371 0.000541329 0.000874066 0.00708385 -0.00240926 -0.0057339 7.86178e-05 0.000428241 0.00259673 0.00605104 0.000392397 7.31241e-06 0.000539948
internal_weight=515.326 417.124 398.4 381.626 26.4838 98.2023 44.7495 24.656 53.4528 44.2876 32.2847 355.142 332.364 307.672
internal_count=3002 2183 2070 1960 143 819 407 246 412 348 248 1817 1687 1519
is_linear=0
shrinkage=0.02


Tree=275
num_leaves=15
num_cat=0
split_feature=11 7 7 7 13 1 1 1 7 7 11 6 14 11
split_gain=2.98679 3.65898 2.16266 3.21325 2.88867 3.086 3.27425 4.70344 2.50962 4.15773 3.82334 3.14171 5.08239 5.6757
threshold=2.5500000000000003 1.2916666666666667 0.29166666666666669 0.45000000000000007 1.2916666666666667 1.0000000180025095e-35 1.0806400000000003 1.3790000000000004 1.3666666666666669 1.5500000000000003 1.4500000000000002 1.1666666666666667 1172.5000000000002 0.90000000000000013
decision_type=10 2 2 2 8 8 8 8 2 2 10 2 2 10
left_child=2 -2 -1 -4 5 -5 -7 -8 10 -10 11 12 13 -6
right_child=1 -3 3 4 8 6 7 -9 9 -11 -12 -13 -14 -15
leaf_value=0.0077175501042763906 -0.0038307977631422251 0.010808025373671313 -0.0096091679909554098 0.0092968595795620695 0.00058198133800000404 -0.0058441358811332977 0.0099508638705499315 0.0001123180196181527 -0.010060502073303799 -0.001926807673470716 0.0065745387097216525 0.0038397497808918464 0.0067342153452248903 -0.014059999909415307
leaf_weight=10.882594123482702 9.7915171999484318 18.789505219087005 15.450896237045525 16.406012162566185 18.439884662628174 26.774744655936956 22.007070250809193 125.38437234424055 30.48008906468749 128.56825898215175 28.396699020639062 25.379701510071754 11.603103816509245 23.633840285241604
leaf_count=73 94 134 104 85 98 147 130 757 174 654 180 143 55 150
internal_value=-0.000337543 0.00583297 -0.000713658 -0.000923723 -0.000609784 0.00126656 0.000461368 0.00163847 -0.00195125 -0.00353867 0.000409348 -0.00185962 -0.00457536 -0.00777825
internal_weight=511.988 28.581 483.407 472.525 457.074 190.572 174.166 147.391 266.502 159.048 107.453 79.0565 53.6768 42.0737
internal_count=2978 228 2750 2677 2573 1119 1034 887 1454 828 626 446 303 248
is_linear=0
shrinkage=0.02


Tree=276
num_leaves=15
num_cat=0
split_feature=14 5 11 7 9 18 18 14 14 7 0 4 1 3
split_gain=2.55499 3.93594 3.09871 2.09123 1.72906 2.86653 1.67793 3.69649 3.67659 2.69953 3.4365 3.30458 4.02458 3.89727
threshold=1337.5000000000002 0.45000000000000007 1.7750000000000001 2.9000000000000004 1.379 1.0000000180025095e-35 1.0000000180025095e-35 1162.5000000000002 1073.7500000000002 1.1000000000000003 1.49 0.58333333333333337 1.7757800000000001 1.9000000000000001
decision_type=2 2 10 2 8 2 2 2 2 2 8 2 10 2
left_child=1 3 -2 6 5 -3 7 -1 -8 10 -10 12 13 -11
right_child=2 4 -4 -5 -6 -7 8 -9 9 11 -12 -13 -14 -15
leaf_value=-0.0038158209247932868 0.0074752900292439943 0.00078319497071281663 -0.0033781914163103781 -0.0083242993065377417 -0.011894200720669698 -0.008425726677405888 0.0069822642751064361 0.0018620699133147195 -0.01100522643979575 0.0026135856170950269 -0.00015371949336374531 -0.0077886272729470766 -0.0071733537811049485 0.013624698623428324
leaf_weight=98.115885956212878 32.032010272145271 27.961400408297777 14.737000703811644 10.865045335143803 12.100829038769005 24.90239430218935 37.814954724162817 84.518641222268343 15.89670869708061 75.1205676458776 37.8554094620049 11.648633100092409 12.542941801249979 14.71557819098234
leaf_count=714 138 148 68 55 74 125 256 468 96 388 206 63 84 76
internal_value=-0.000349466 -0.000801248 0.00405621 -5.3087e-05 -0.00532692 -0.00363071 0.000199184 -0.00119241 0.00143515 0.000150959 -0.00350534 0.00189001 0.00305593 0.00454739
internal_weight=510.828 464.059 46.769 399.094 64.9646 52.8638 388.229 182.635 205.595 167.78 53.7521 114.028 102.379 89.8361
internal_count=2959 2753 206 2406 347 273 2351 1182 1169 913 302 611 548 464
is_linear=0
shrinkage=0.02


Tree=277
num_leaves=15
num_cat=0
split_feature=0 0 0 15 8 9 10 1 0 8 1 8 8 8
split_gain=1.59218 5.20046 2.64759 2.87732 2.59599 7.01221 4.5217 3.74921 3.61176 3.48085 3.40795 3.35059 4.45146 2.8974
threshold=0.89500000000000002 0.74756666666666682 1.0774166666666669 1162.5000000000002 1.5616666666666672 1.4790000000000003 1.8333333333333337 1.6390000000000005 1.7188666666666668 1.3960000000000001 1.5730000000000002 1.2083333333333337 1.1146166666666668 2.0541666666666667
decision_type=8 10 8 2 8 10 10 10 10 10 10 10 10 10
left_child=1 -1 3 -2 9 -6 7 -7 -8 11 -11 12 -4 -10
right_child=2 -3 4 -5 5 6 8 -9 13 10 -12 -13 -14 -15
leaf_value=7.5924268541024663e-05 0.010767052471633533 -0.012269303124755403 0.00031943807753107077 -0.00074631973833316301 -0.019039211164198277 -0.0014021876278374498 -0.011644225460944971 0.014665200691600867 0.0098267870744789317 0.016423936984883921 -4.1887605832981974e-05 -0.0066572425707500061 0.0118841180057177 -0.0065680009305772603
leaf_weight=66.006532710045576 19.074306152760983 16.203295286744833 274.1902811974287 15.084804050624369 8.9529035612940771 12.25031127408147 16.704692913219336 9.7843550369143468 7.4530582744628173 9.8984085321426409 9.3246901258826238 24.679936122149229 12.996854335069655 7.8356469459831715
leaf_count=355 111 91 1504 71 66 76 132 70 53 54 74 162 73 74
internal_value=5.66229e-05 -0.00247549 0.000547362 0.00580608 7.79798e-05 -0.00361113 -0.000755038 0.00605936 -0.00548969 0.000788494 0.00882962 0.000266212 0.000882227 0.00153688
internal_weight=510.44 82.2098 428.23 34.1591 394.071 62.981 54.0281 22.0347 31.9934 331.09 19.2231 311.867 287.187 15.2887
internal_count=2966 446 2520 182 2338 471 405 146 259 1867 128 1739 1577 127
is_linear=0
shrinkage=0.02


Tree=278
num_leaves=15
num_cat=0
split_feature=14 0 7 0 1 2 0 15 9 11 2 11 11 5
split_gain=3.66051 2.0573 2.91856 2.74376 3.61167 2.48821 2.47982 2.33841 3.80735 2.26233 2.08771 4.08995 4.43387 2.36534
threshold=1357.5000000000002 0.85391666666666699 2.7750000000000004 1.0383333333333338 1.0930000000000002 0.83333333333333337 0.52370000000000017 1060.0000000000002 1.6750000000000003 2.2250000000000005 0.83333333333333337 1.9000000000000001 1.4500000000000002 1.0000000180025095e-35
decision_type=2 10 2 10 10 2 10 2 8 10 2 8 10 2
left_child=1 2 6 5 -5 -3 10 8 -6 -9 11 12 -1 -12
right_child=-2 3 -4 4 7 -7 -8 9 -10 -11 13 -13 -14 -15
leaf_value=0.0014959364592356634 -0.0081791179395162561 0.00026002631586478036 0.006644189888438388 -0.0076597544699127749 -0.012577200516414857 0.012319711184467008 -0.007787123942011134 0.0035207375981946864 0.0086131151892111565 -0.0046821870557880573 0.0017612726417658552 -0.0073529487217146826 0.01448033169390827 -0.0032709167767710668
leaf_weight=44.27873957529664 19.152629107236862 11.111904531717302 19.739338956773281 16.103726141154766 9.1521873679012025 17.000383764505386 19.74726314842701 135.81832579523325 4.2487361375242481 14.049731226637958 52.864168629050255 13.233566902577875 12.915838595479725 122.25159356743097
leaf_count=210 88 59 90 91 119 95 109 791 59 115 320 89 64 669
internal_value=0.000176265 0.000517098 -0.000585463 0.00202727 0.00109633 0.00772557 -0.00114633 0.00200134 -0.00572728 0.0027258 -0.000582837 0.00230415 0.00462655 -0.00175042
internal_weight=511.668 492.516 285.031 207.485 179.373 28.1123 265.291 163.269 13.4009 149.868 245.544 70.4281 57.1946 175.116
internal_count=2968 2880 1551 1329 1175 154 1461 1084 178 906 1352 363 274 989
is_linear=0
shrinkage=0.02


Tree=279
num_leaves=15
num_cat=0
split_feature=17 0 0 11 10 10 0 8 16 7 3 8 8 7
split_gain=2.4698 2.62988 2.29099 4.31389 5.09202 5.5833 3.59404 2.54823 2.54709 2.24229 2.34198 3.80235 2.70722 2.24046
threshold=1242.5000000000002 0.68333333333333346 1.0715166666666669 1.9000000000000001 1.4166666666666667 0.83333333333333337 1.2016666666666669 0.97166666666666679 1091.2500000000002 2.1000000000000005 1.1000000000000003 1.3550000000000002 1.9450000000000001 2.1000000000000005
decision_type=2 8 8 8 10 10 8 10 2 2 2 10 10 2
left_child=2 -2 3 4 5 8 -4 -7 -1 10 -3 -12 -13 -8
right_child=1 9 6 -5 -6 7 13 -9 -10 -11 11 12 -14 -15
leaf_value=-0.0079902900953944464 -0.014438572624793066 0.0014638074820906822 -0.0091397505236119822 0.012391701545131036 -0.0073683651836723065 0.0038798296339370678 0.00087450237356377267 0.014568368385630104 0.003727101424805283 0.0047253197281761847 -0.012725906201427488 0.006115637813446346 -0.0078771953560114391 -0.0036249252919931612
leaf_weight=15.335006743669512 6.7679354995489112 21.39904598519206 16.716279473155737 15.587147429585455 20.014435619115829 20.110823057591915 262.27019608579576 16.637136556208134 12.773929521441458 14.363953296095131 19.474689524620771 10.786309577524664 9.4239861909300071 52.216151997447014
leaf_count=71 56 162 96 81 104 97 1434 81 62 94 196 96 101 249
internal_value=-0.000177887 -0.00333302 0.000429367 0.00305905 0.00122071 0.00394288 -0.000375062 0.00897666 -0.00272029 -0.00216098 -0.00383033 -0.00665086 -0.00047293 0.000118312
internal_weight=513.877 82.2159 431.661 100.458 84.8713 64.8569 331.203 36.748 28.1089 75.448 61.084 39.685 20.2103 314.486
internal_count=2980 705 2275 496 415 311 1779 178 133 649 555 393 197 1683
is_linear=0
shrinkage=0.02


Tree=280
num_leaves=15
num_cat=0
split_feature=10 8 7 8 2 11 11 8 4 17 2 11 8 16
split_gain=3.7098 3.84632 2.58619 4.23166 4.35467 3.73739 3.02385 7.80885 6.68264 4.24446 2.73344 2.83216 2.55871 3.34182
threshold=2.5833333333333335 2.0350000000000006 1.3666666666666669 1.5333333333333339 2.1666666666666674 0.77500000000000013 1.4500000000000002 1.4466500000000002 0.58333333333333337 1071.2500000000002 0.83333333333333337 0.77500000000000013 0.48293333333333338 1060.0000000000002
decision_type=10 10 2 8 2 10 8 10 2 2 2 10 10 2
left_child=2 -2 3 5 -5 -1 7 9 -8 12 -11 -12 13 -4
right_child=1 -3 6 4 -6 -7 8 -9 -10 10 11 -13 -14 -15
leaf_value=-0.0039682203497396267 0.0087626216759225245 -0.0037710215965586942 -0.00087598680040409688 -0.011991465280238017 0.0050332215784045916 0.0030671520012307682 -0.0085897374988439142 0.0094990666507822671 0.0038037583185218859 -0.010110808642162478 -0.011165419625116762 -0.00080506337166300296 -0.0033884485690833812 0.012199572311934123
leaf_weight=37.251132981851697 30.138160098344088 13.603787053376434 15.419640630483629 18.399523798376325 8.0360828656703216 143.73279300704598 66.905346646904945 23.725417230278254 22.745352581143379 29.073468841612339 12.08888218924403 55.470904115587473 19.982061438262463 14.60435166954994
leaf_count=193 205 118 65 141 68 863 411 132 122 138 63 299 89 62
internal_value=-0.000636741 0.00486748 -0.00116111 0.000503698 -0.00682136 0.00160524 -0.002486 -0.00090986 -0.0054381 -0.0026469 -0.00507688 -0.00279472 0.00205635 0.00567248
internal_weight=511.177 43.7419 467.435 207.42 26.4356 180.984 260.015 170.365 89.6507 146.639 96.6333 67.5598 50.0061 30.024
internal_count=2969 323 2646 1265 209 1056 1381 848 533 716 500 362 216 127
is_linear=0
shrinkage=0.02


Tree=281
num_leaves=15
num_cat=0
split_feature=3 11 13 13 0 0 17 3 17 17 10 1 9 7
split_gain=2.87264 7.08602 4.74589 4.47312 3.95996 4.31779 3.46009 3.95062 3.17783 3.1882 3.02197 6.54893 4.10343 3.59374
threshold=1.1000000000000003 1.9000000000000001 0.70833333333333337 1.1000000000000003 1.3666666666666669 0.9010166666666668 1052.5000000000002 1.9000000000000001 1202.5000000000002 1142.5000000000002 2.5833333333333335 1.4855000000000003 1.8310000000000002 0.70833333333333337
decision_type=2 8 10 8 10 8 2 2 2 2 10 10 10 2
left_child=1 2 -1 -3 5 -4 7 -2 9 -7 12 -12 13 -8
right_child=6 3 4 -5 -6 8 10 -9 -10 -11 11 -13 -14 -15
leaf_value=-0.010873786004092901 0.010705968766582915 -0.0030852106487649009 -0.0040584931532081743 -0.016723004392625564 -0.009496836270380336 0.0045851558332837506 0.0045000462359791231 -0.0023489162448019543 0.012490752142119445 -0.0055685118673456701 0.013111832930243688 -0.0067652649884440055 0.007222049750535817 -0.0024492065227489251
leaf_weight=14.062997438013552 26.328420028090477 20.498305153101683 32.864342249929905 18.113865971565247 12.124599896371363 60.428492024540901 34.080215530470014 13.563937701284884 14.806227080523966 14.587396785616873 17.982452107593421 9.4185991045087558 23.335586976259947 197.32483825087547
leaf_count=77 113 142 162 111 70 269 230 63 85 76 133 90 172 1180
internal_value=-0.000264227 -0.00222588 -0.000224054 -0.00974367 0.000958772 0.00206048 0.000881191 0.00631824 0.00431935 0.00256342 9.28407e-05 0.00628182 -0.000594833 -0.0014108
internal_weight=509.52 187.486 148.874 38.6122 134.811 122.686 322.034 39.8924 89.8221 75.0159 282.142 27.4011 254.741 231.405
internal_count=2973 992 739 253 662 592 1981 176 430 345 1805 223 1582 1410
is_linear=0
shrinkage=0.02


Tree=282
num_leaves=15
num_cat=0
split_feature=12 15 6 7 14 14 16 14 7 12 2 14 9 10
split_gain=3.73329 2.86247 3.64848 6.4413 5.4496 3.85187 4.41188 2.65251 1.76278 1.54969 1.90429 4.50232 3.4342 5.06244
threshold=2.8333333333333335 1098.7500000000002 0.83333333333333337 1.3666666666666669 1097.5000000000002 1097.5000000000002 1137.5000000000002 1057.5000000000002 1.2250000000000003 2.1666666666666674 1.5833333333333337 1277.5000000000002 1.1890000000000003 2.1666666666666674
decision_type=8 2 2 2 2 2 2 2 2 10 2 2 10 10
left_child=1 2 4 7 -1 -5 -7 -4 -2 10 12 -12 -3 -14
right_child=8 9 3 5 -6 6 -8 -9 -10 -11 11 -13 13 -15
leaf_value=0.0061148290389523964 -0.0018610176063425549 0.00096545118838181154 -0.0027865224693058811 -0.0095120827049473295 -0.0093992109281383993 0.0094235996099210802 -0.0066870528352337292 -0.015766435005746125 -0.011338504407817647 0.0041258865247099123 0.0010499647647685799 0.013708524132104072 -0.0079617412639091337 0.0046029448881537427
leaf_weight=31.745713757351041 15.30865850672126 150.31056844070554 9.3713070750236529 11.085414625704287 11.546242211014031 18.598924227058891 9.5455391108989698 21.897622548043728 16.190372344106436 51.122948728501797 91.932600181549788 11.839791335165499 45.970222435891628 16.892428126186132
leaf_count=246 85 740 95 100 81 112 91 175 85 242 500 55 272 108
internal_value=-0.000370426 7.19304e-05 -0.00268652 -0.00546439 0.00185834 -1.94787e-05 0.00391751 -0.0120833 -0.0069314 0.000929692 0.000402794 0.00261128 -0.000679468 -0.00456616
internal_weight=513.358 481.859 113.791 70.4988 43.292 39.2299 28.1445 31.2689 31.499 368.069 316.946 103.772 213.173 62.8627
internal_count=2987 2817 900 573 327 303 203 270 170 1917 1675 555 1120 380
is_linear=0
shrinkage=0.02


Tree=283
num_leaves=15
num_cat=0
split_feature=14 15 8 8 16 17 16 16 1 0 0 0 7 17
split_gain=3.87275 4.37859 3.35997 6.66974 3.41766 5.9661 3.03756 4.41484 2.63723 2.67779 2.36481 2.36085 2.11931 3.14177
threshold=1357.5000000000002 1177.5000000000002 1.5333333333333339 1.4383333333333337 1107.5000000000002 1197.5000000000002 1112.5000000000002 1197.5000000000002 1.0806400000000003 1.1785500000000002 1.1533000000000004 1.4182000000000003 1.4500000000000002 1077.5000000000002
decision_type=2 2 8 10 2 2 2 2 8 8 8 10 2 2
left_child=1 2 3 8 -4 11 12 -8 -1 -10 -7 -6 -3 -14
right_child=-2 6 4 -5 5 10 7 -9 9 -11 -12 -13 13 -15
leaf_value=0.0035697174672912864 -0.0088705936706038151 0.012134891014758906 -0.01225034667269769 0.013529867420067851 -0.001186035645195931 0.0025726995024559409 -0.0023020544549970786 0.0093265726014702243 -0.0097882952436500366 -0.0010546146340366239 -0.010414887944984422 0.011938069642704332 -0.0024111473610546759 0.0084710875566609625
leaf_weight=46.115068800747395 19.088965460658073 17.784754514694214 17.869823463261127 12.703744757920502 9.9089156463742274 6.7264963462948826 55.198372595012188 16.014612436294556 14.023180883377789 222.3490106575191 24.769666956737638 10.832466702908276 17.832352057099342 23.97410674393177
leaf_count=258 89 79 111 83 57 61 253 93 80 1332 242 67 76 106
internal_value=-0.000261799 8.66274e-05 -0.00103837 -9.79136e-05 -0.00494117 -0.00225765 0.00321247 0.00040597 -0.000756334 -0.00161181 -0.00764737 0.00590204 0.00650426 0.00388143
internal_weight=515.192 496.103 365.298 295.191 70.1074 52.2375 130.804 71.213 282.487 236.372 31.4962 20.7414 59.5912 41.8065
internal_count=2987 2898 2291 1753 538 427 607 346 1670 1412 303 124 261 182
is_linear=0
shrinkage=0.02


Tree=284
num_leaves=15
num_cat=0
split_feature=16 14 7 7 11 14 1 13 11 1 1 14 14 16
split_gain=1.81991 5.00091 2.37886 3.72403 5.82844 4.81341 3.52598 4.02233 5.17929 3.36375 3.11702 2.9905 3.57623 4.47188
threshold=1290.0000000000002 1247.5000000000002 1.3666666666666669 1.1000000000000003 1.3666666666666669 1068.7500000000002 1.3220200000000002 1.5500000000000003 1.3666666666666669 1.1590000000000003 1.0498200000000002 1310.0000000000002 1152.5000000000002 1177.5000000000002
decision_type=2 2 2 2 10 2 10 10 10 8 10 2 2 2
left_child=2 -2 3 5 -5 -1 7 -7 -9 10 -4 12 -11 -14
right_child=1 -3 9 4 -6 6 -8 8 -10 11 -12 -13 13 -15
leaf_value=0.0063775744800177447 -0.011869216401338546 0.0076234728576113292 0.00054493560568175678 0.0005385154802116487 0.013632677132167608 -0.0078095547917774368 0.0033514601268322211 -0.0046546169645411582 0.009940489334088233 0.00052070663514566134 0.011074311792056556 0.0032016956000836933 -0.0071645754669490049 0.0052638848261602348
leaf_weight=36.98758140206337 15.085425321012737 7.0037266314029685 66.36139440536499 31.922429300844669 22.799017749726772 47.38890452682972 37.12093510851264 25.313549183309078 14.434367924928663 55.642735593020916 12.56997801735997 29.901231408119202 95.687391363084316 12.425623610615729
leaf_count=272 221 47 327 167 132 268 233 121 76 347 66 131 483 72
internal_value=-0.000139333 -0.00562624 0.000119733 0.00168345 0.00614079 0.000142249 -0.00174991 -0.00393649 0.000759442 -0.0011208 0.00233933 -0.00253586 -0.00359659 -0.005701
internal_weight=510.644 22.0892 488.555 215.967 54.7214 161.245 124.258 87.1368 39.7479 272.588 78.9314 193.657 163.756 108.113
internal_count=2963 268 2695 1269 299 970 698 465 197 1426 393 1033 902 555
is_linear=0
shrinkage=0.02


Tree=285
num_leaves=15
num_cat=0
split_feature=13 15 15 12 13 6 1 15 1 1 7 8 7 4
split_gain=1.66405 4.87814 4.34682 6.96066 3.67003 3.0697 2.64614 2.37172 2.27666 3.58038 2.75002 6.06915 3.68657 2.2146
threshold=1.2916666666666667 1210.0000000000002 1167.5000000000002 1.8333333333333337 2.2250000000000005 1.8333333333333337 1.7345000000000004 1277.5000000000002 1.7390300000000003 2.0020000000000007 1.1000000000000003 1.6716666666666671 1.6333333333333335 0.41666666666666669
decision_type=8 2 2 10 10 2 8 2 8 8 2 10 2 2
left_child=1 8 13 6 5 -5 -4 -3 10 -10 -1 12 -12 -2
right_child=2 7 3 4 -6 -7 -8 -9 9 -11 11 -13 -14 -15
leaf_value=-0.0025095786299237323 0.001831646801468786 0.014174834291092168 -0.015190076124774906 -0.0018762515573913681 -0.0067122812670095877 0.010073057560499468 -0.0048779970291228381 0.0042407255257100552 -0.013070697254346437 -0.00057617528481196032 0.017081935734493018 -0.0041890926409916774 0.0029497911799148562 -0.0040313275127459728
leaf_weight=24.585704926401377 176.56926892511547 13.384686984121798 20.371102064847946 15.384903766214846 16.135929077863693 17.757329374551773 21.256940491497517 33.418509781360626 9.2235257253050786 90.451379958540201 16.081115018576387 15.789186378940938 13.88421095907688 29.18368137255311
leaf_count=172 1055 61 103 73 75 80 97 149 77 590 86 117 76 163
internal_value=0.000346426 0.00167425 -0.0006264 -0.00424365 0.000858828 0.0046336 -0.0101623 0.00731876 8.6673e-05 -0.00185072 0.00281949 0.00567544 0.0108406 0.000984575
internal_weight=513.477 216.818 296.659 90.9062 49.2782 33.1422 41.628 46.8032 170.015 99.6749 70.3402 45.7545 29.9653 205.753
internal_count=2974 1328 1646 428 228 153 200 210 1118 667 451 279 162 1218
is_linear=0
shrinkage=0.02


Tree=286
num_leaves=15
num_cat=0
split_feature=11 17 8 2 17 12 11 14 5 8 11 17 14 14
split_gain=2.67932 4.35528 3.90626 3.82097 4.44448 3.38264 5.23931 4.20142 4.13691 4.10898 2.86979 3.29056 7.62626 6.31342
threshold=1.2250000000000003 1217.5000000000002 1.4466500000000002 0.83333333333333337 1127.5000000000002 1.1666666666666667 1.9000000000000001 1247.5000000000002 0.36666666666666675 2.0283333333333338 2.2916666666666674 1207.5000000000002 1122.5000000000002 1157.5000000000002
decision_type=10 2 10 2 2 10 10 2 2 10 10 2 2 2
left_child=1 2 -1 4 -2 6 8 10 -5 -8 11 12 -7 -13
right_child=3 -3 -4 5 -6 7 9 -9 -10 -11 -12 13 -14 -15
leaf_value=-0.001506318865785913 0.012791311953845221 -0.010839205974802932 0.0072449981177856431 -0.013090918526773066 0.0018906968075997866 0.0097028977170280778 0.0058051662659179774 -0.0045941224107097925 0.00095697103386274023 -0.0094160362910550213 -0.0048937754050554635 0.0007153737294659959 -0.0057127658567182734 0.025295820219511343
leaf_weight=224.60193592682481 21.464071333408356 17.284478230401874 21.438666258007288 24.723235454410315 46.116427298635244 30.5370007827878 27.546496380120516 26.005107797682285 12.248842652887104 8.4718347825109941 10.338827591389416 7.9625413902103883 20.789556168019772 7.9394616261124611
leaf_count=1132 94 130 119 176 282 188 209 131 67 83 88 78 112 50
internal_value=-2.36868e-05 -0.00142041 -0.000717535 0.00148242 0.00548885 -7.33386e-05 -0.00334546 0.00224256 -0.00853422 0.00206735 0.00456391 0.00606878 0.00346902 0.0137583
internal_weight=507.468 263.325 246.041 244.143 67.5805 176.563 72.9904 103.572 36.9721 36.0183 77.5674 67.2286 51.3266 15.902
internal_count=2939 1381 1251 1558 376 1182 535 647 243 292 516 428 300 128
is_linear=0
shrinkage=0.02


Tree=287
num_leaves=15
num_cat=0
split_feature=17 7 16 17 12 6 2 17 6 3 17 17 2 16
split_gain=2.97011 3.47996 3.36314 3.97059 5.36081 2.73066 5.4936 3.92975 3.26964 2.88184 2.49301 2.49527 2.37659 5.73467
threshold=1042.5000000000002 1.5500000000000003 1060.0000000000002 1071.2500000000002 1.4166666666666667 0.83333333333333337 0.83333333333333337 1183.7500000000002 0.58333333333333337 0.36666666666666675 1112.5000000000002 1092.5000000000002 0.83333333333333337 1177.5000000000002
decision_type=2 2 2 2 8 2 2 2 2 2 2 2 2 2
left_child=1 -1 -2 4 -4 6 -5 10 -9 -7 11 -8 13 -11
right_child=2 -3 3 5 -6 9 7 8 -10 12 -12 -13 -14 -15
leaf_value=-0.0001719787674790732 -0.0067621083397514225 0.011790539102155211 0.012201709996038089 0.013200265360076242 -0.0014287728521586956 0.0062120815814537267 0.0060488618454938164 -0.012839774263701713 0.00037770146195745827 -0.008677431363267955 0.009759698171179599 -0.0066527937345891332 -0.0015521828443241193 0.0046450788436793082
leaf_weight=25.054453775286674 38.231824774295092 14.871255934238432 20.508995890617371 13.298287864774464 24.505659408867359 14.557672459632157 11.046474914997818 13.228727955371141 15.681359697133303 56.880366545170546 15.135097470134495 11.724613502621649 209.78460982069373 15.943868905305861
leaf_count=109 182 62 91 78 116 72 58 119 126 290 100 70 1330 106
internal_value=-0.000703312 0.00446296 -0.0011599 -0.000637942 0.00491158 -0.00131131 0.00194829 -0.000452785 -0.00589744 -0.00219367 0.00374457 -0.000495845 -0.00264704 -0.00573724
internal_weight=500.453 39.9257 460.528 422.296 45.0147 377.281 80.1146 66.8163 28.9101 297.167 37.9062 22.7711 282.609 72.8242
internal_count=2909 171 2738 2556 207 2349 551 473 245 1798 228 128 1726 396
is_linear=0
shrinkage=0.02


Tree=288
num_leaves=15
num_cat=0
split_feature=0 14 16 16 14 12 7 13 16 7 17 17 7 17
split_gain=3.02515 3.20783 3.54984 3.40188 1.6576 2.8211 2.17318 3.34029 4.12668 3.77809 3.009 3.89415 2.72391 2.31075
threshold=2.4700000000000002 1052.5000000000002 1073.7500000000002 1152.5000000000002 1068.7500000000002 1.4166666666666667 1.1000000000000003 1.5500000000000003 1102.5000000000002 0.90000000000000013 1188.7500000000002 1247.5000000000002 1.3666666666666669 1108.7500000000002
decision_type=10 2 2 2 2 10 2 10 2 2 2 2 2 2
left_child=1 2 -1 -4 5 -3 7 9 -9 10 -6 -12 13 -8
right_child=-2 4 3 -5 6 -7 12 8 -10 -11 11 -13 -14 -15
leaf_value=0.0044542681164259955 0.0098982884468085935 0.012058556587613619 -0.017222096339687666 0.00032114101334980438 -0.0058362331096421406 -0.0018738295604333079 0.00053739131384748448 -0.003222614914923596 0.0075020859751325731 -0.011138565850588984 0.013597177319820936 -0.0050353544406854323 9.6349459048542744e-05 0.0092478392989602948
leaf_weight=7.4548070617020157 11.394463580101727 11.295354384928944 12.026498373597862 6.6385323870927087 23.533708333969116 10.58350585401058 22.92864728718996 33.366842798888683 23.682664081454277 25.594857297837734 8.6401238851249236 7.6410263106226912 276.17051253654063 25.312620289623737
leaf_count=41 95 77 109 79 122 66 106 165 141 167 53 76 1479 163
internal_value=0.000138954 -0.000105265 -0.0067932 -0.0112835 0.000281071 0.00553169 1.22231e-05 -0.0022471 0.00128202 -0.0052981 -0.00136266 0.00506725 0.000869357 0.00520283
internal_weight=506.264 494.87 26.1198 18.665 468.75 21.8789 446.871 122.459 57.0495 65.4097 39.8149 16.2812 324.412 48.2413
internal_count=2939 2844 229 188 2615 143 2472 724 306 418 251 129 1748 269
is_linear=0
shrinkage=0.02


Tree=289
num_leaves=15
num_cat=0
split_feature=9 17 15 16 0 6 1 9 1 6 8 17 12 17
split_gain=2.72237 4.1357 2.96714 5.08377 3.98655 2.80956 4.95711 5.24205 3.66342 4.46078 5.24804 2.9596 6.34178 5.9949
threshold=1.9967500000000002 1197.5000000000002 1071.2500000000002 1202.5000000000002 1.2950000000000006 1.4166666666666667 1.5290000000000001 1.0010000000000001 1.3588600000000002 1.1666666666666667 1.1450000000000002 1092.5000000000002 1.5833333333333337 1052.5000000000002
decision_type=8 2 2 2 10 2 8 10 10 2 10 2 10 2
left_child=2 -2 -1 5 -5 6 8 11 9 10 -4 13 -13 -8
right_child=1 -3 3 4 -6 -7 7 -9 -10 -11 -12 12 -14 -15
leaf_value=-0.0039950615702973686 0.0065893916381140538 -0.010617936258036087 0.0011241791141020198 0.0037346342083884 0.018361266825092253 -0.0017343174463479267 0.0057868419691646331 0.011779169805560876 -0.01101643225738151 0.0080808420453188142 -0.01462831465733421 -0.00078056365434387364 0.012621293482628524 -0.0084243895762001336
leaf_weight=58.453778937458992 6.8066815584898022 20.303346984088421 25.877929776906967 30.47752982378006 9.2111603952944261 181.51202915981412 21.239038571715355 26.452333070337772 14.942912712693213 17.072998203337193 11.477840758860109 32.935097053647041 23.585469529032707 24.550762593746185
leaf_count=508 41 203 131 239 64 883 90 155 80 88 66 177 119 115
internal_value=-0.000168109 -0.00621687 0.000187369 0.000778502 0.00749709 5.82822e-05 0.00170096 0.00401211 -0.00258489 -0.000113102 -0.00397109 0.00190935 0.00493409 -0.00184989
internal_weight=504.899 27.11 477.789 419.335 39.6887 379.646 198.134 128.763 69.3717 54.4288 37.3558 102.31 56.5206 45.7898
internal_count=2959 244 2715 2207 303 1904 1021 656 365 285 197 501 296 205
is_linear=0
shrinkage=0.02


Tree=290
num_leaves=15
num_cat=0
split_feature=15 8 4 15 15 6 17 15 15 14 15 0 0 6
split_gain=3.00035 5.26812 3.75681 2.34841 2.90521 1.84068 2.36759 2.24733 4.06289 2.1631 1.73797 1.78608 4.1835 4.12048
threshold=1052.5000000000002 0.68166666666666687 0.41666666666666669 1120.0000000000002 1098.7500000000002 2.1666666666666674 1092.5000000000002 1202.5000000000002 1157.5000000000002 1310.0000000000002 1345.0000000000002 1.3000000000000005 1.0443333333333338 2.1666666666666674
decision_type=2 8 2 2 2 2 2 2 2 2 2 10 10 2
left_child=1 -1 10 4 -4 6 -5 8 -8 -7 11 12 13 -2
right_child=2 -3 3 5 -6 9 7 -9 -10 -11 -12 -13 -14 -15
leaf_value=0.0022216742693923915 0.00024345715123002298 -0.014821380949470235 -0.0010290314456997593 -0.0040834742800353943 -0.016082999699936838 -0.010426159294716757 0.0083758741276719183 0.0098529190574469881 -0.0087401726883091814 0.00047138504747646097 0.0079446768942675727 0.0036029340532979723 -0.006158494180958228 0.0073324957310914509
leaf_weight=15.054777242243292 179.68631689995527 12.611909575760363 10.54404301941395 20.998527929186821 9.2604930326342565 13.807822316884996 10.106989659368994 14.95741732418537 10.083007864654062 14.180079460144041 16.585684239864349 110.01976909674704 31.412206456065178 39.140286915004253
leaf_count=123 985 175 77 92 58 70 64 68 58 62 75 665 192 192
internal_value=0.000494193 -0.00579344 0.00086729 -0.00248309 -0.00850289 -0.00098284 0.00111224 0.00424347 -0.00018106 -0.00507912 0.00179549 0.00149119 0.000552094 0.00153902
internal_weight=508.449 27.6667 480.783 103.938 19.8045 84.1338 56.1459 35.1474 20.19 27.9879 376.844 360.259 250.239 218.827
internal_count=2956 298 2658 549 135 414 282 190 122 132 2109 2034 1369 1177
is_linear=0
shrinkage=0.02


Tree=291
num_leaves=15
num_cat=0
split_feature=11 10 6 2 16 15 0 3 1 2 16 16 8 9
split_gain=1.81508 2.77211 2.59842 2.27054 2.33268 3.92553 4.62108 3.64357 5.93267 5.69148 5.02661 3.08668 3.52553 5.22869
threshold=0.70833333333333337 0.41666666666666669 3.4166666666666674 2.8333333333333335 1127.5000000000002 1127.5000000000002 1.2441666666666669 1.1000000000000003 1.1490000000000002 0.41666666666666669 1112.5000000000002 1036.2500000000002 1.0083333333333335 0.83049000000000006
decision_type=10 8 2 2 2 2 10 2 8 2 2 2 10 10
left_child=1 -1 3 4 7 -6 -7 9 -9 -2 11 -10 13 -13
right_child=2 -3 -4 -5 5 6 -8 8 10 -11 -12 12 -14 -15
leaf_value=0.00032536834073046547 0.0072666999691363091 -0.0071087015641263579 -0.0083948306914227097 -0.0061536913462085464 -0.0042204457790419366 0.0037864539708709899 -0.0063940196679080335 0.013596046003704558 0.0093499778261651179 -0.0048766100815472542 0.010337601586702737 -0.0014814653852567876 -0.0059372268881925259 0.013266784571388874
leaf_weight=46.560232512652874 21.047146253287792 34.147038906812668 12.070485457777975 17.680379934608936 73.375520570203662 86.997867148369551 21.413533978164196 21.883413597941399 12.080647706985472 50.625064957886934 24.429231461137533 36.530452340841293 34.087569996714592 11.972784385085104
leaf_count=227 96 173 59 141 626 482 135 101 52 242 141 178 207 65
internal_value=-0.000138604 -0.00286847 0.000386307 0.000663191 0.000983538 -0.000678443 0.00173553 0.00240079 0.00425744 -0.0012597 0.00244266 0.000318674 -0.0010984 0.00235352
internal_weight=504.901 80.7073 424.194 412.124 394.443 181.787 108.411 212.656 140.984 71.6722 119.101 94.6715 82.5908 48.5032
internal_count=2925 400 2525 2466 2325 1243 617 1082 744 338 643 502 450 243
is_linear=0
shrinkage=0.02


Tree=292
num_leaves=15
num_cat=0
split_feature=9 9 9 1 7 1 17 7 4 9 10 1 17 1
split_gain=2.13437 6.97786 3.76231 2.67515 3.9153 3.12193 2.93327 4.97746 3.12962 2.20858 1.98983 3.4103 3.36866 2.56363
threshold=1.5190000000000003 1.4213200000000004 1.619 1.0250000000000004 2.1000000000000005 0.83500000000000008 1117.5000000000002 1.5500000000000003 1.0000000180025095e-35 1.0190000000000003 1.8333333333333337 1.3910000000000002 1267.5000000000002 1.58538
decision_type=10 8 10 10 2 10 2 2 2 10 10 10 2 10
left_child=1 3 -2 5 6 -1 7 9 -8 -5 13 -12 -13 -4
right_child=2 -3 10 4 -6 -7 8 -9 -10 -11 11 12 -14 -15
leaf_value=0.00019806600490994354 0.009678299824165737 -0.012359880898527163 -0.00081212101245383501 -0.0077312113162021747 -0.011889650068430195 0.0088517546836200649 -0.00025290278155556598 0.0089457009025050559 -0.013927868127373766 0.0016003036697505072 0.0031775166781713659 -0.0017903514847854084 -0.017915124109177588 0.0097535091200297973
leaf_weight=278.1629783231765 21.243526451289654 18.982687359675765 21.124154072254896 18.935532882809639 15.728503867983816 16.742680482566357 14.108325030654671 20.397533163428307 11.803553361445664 20.083764363080263 20.462815154343843 13.876644525676967 7.5222982726991168 15.066239196807144
leaf_count=1515 112 127 123 102 85 78 113 97 84 118 139 99 94 105
internal_value=-0.000197479 -0.000828593 0.00242184 -0.000246033 -0.00303764 0.000717616 -0.00128713 0.00117567 -0.00676828 -0.00300818 0.000349399 -0.00259238 -0.0080054 0.00373039
internal_weight=514.241 414.946 99.2957 395.963 101.057 294.906 85.3287 59.4168 25.9119 39.0193 78.0522 41.8618 21.3989 36.1904
internal_count=2991 2319 672 2192 599 1593 514 317 197 220 560 332 193 228
is_linear=0
shrinkage=0.02


Tree=293
num_leaves=15
num_cat=0
split_feature=3 14 9 9 17 5 16 8 16 3 13 13 15 16
split_gain=2.69869 3.72812 1.9866 2.87988 1.76703 2.65124 2.58726 3.48459 2.65542 2.12247 5.1988 4.5242 4.9621 3.67414
threshold=2.6333333333333337 1108.7500000000002 2.3370000000000002 1.9967500000000002 1037.5000000000002 0.22500000000000003 1060.0000000000002 0.83075000000000021 1066.2500000000002 1.6333333333333335 1.7750000000000001 0.90000000000000013 1120.0000000000002 1132.5000000000002
decision_type=2 2 10 8 2 2 2 10 2 2 10 10 2 2
left_child=2 -2 3 4 5 -1 7 -6 -8 13 11 -11 -13 -10
right_child=1 -3 -4 -5 6 -7 8 -9 9 10 -12 12 -14 -15
leaf_value=0.0091639234245163206 -0.015908246054353294 0.0024322613451342452 0.0083124544546344867 -0.0077840058644329368 -0.0088905048518139115 -0.0018021568080102345 0.0068673055069024104 0.0032300334129253361 -0.0030441410660825658 0.0070352315643818384 0.0089621807849596564 -0.0095272332556196188 0.0035564416099901288 0.0016409450468341986
leaf_weight=19.975735999643803 8.8815653696656245 7.6193964667618266 10.807151295244692 17.253624288365245 26.721836648881435 14.730283856391905 23.293953932821751 13.779995463788508 144.15824140235782 19.942796751856804 32.427318602800369 26.954934172332287 19.100584734231234 123.40113208442926
leaf_count=85 94 47 85 155 121 62 108 67 739 134 190 207 99 770
internal_value=-6.63928e-05 -0.00778436 0.000207417 8.74958e-06 0.000314316 0.00458947 -4.07667e-05 -0.00478825 0.00046418 3.90363e-05 0.00253529 -0.00070911 -0.00414078 -0.000885267
internal_weight=509.049 16.501 492.548 481.74 464.487 34.706 429.781 40.5018 389.279 365.985 98.4256 65.9983 46.0555 267.559
internal_count=2963 141 2822 2737 2582 147 2435 188 2247 2139 630 440 306 1509
is_linear=0
shrinkage=0.02


Tree=294
num_leaves=15
num_cat=0
split_feature=12 7 7 5 7 7 12 0 0 0 0 15 14 1
split_gain=3.30856 5.48226 7.36706 2.51065 2.35647 2.9092 5.18372 3.22765 4.06865 3.90445 3.96548 3.12843 4.22211 3.81531
threshold=2.5833333333333335 0.90000000000000013 1.2916666666666667 0.36666666666666675 2.7750000000000004 2.1000000000000005 1.4166666666666667 0.9010166666666668 1.0383333333333338 1.1785500000000002 1.2770833333333336 1088.7500000000002 1197.5000000000002 1.6390000000000005
decision_type=10 2 2 2 2 2 10 10 10 10 10 2 2 10
left_child=4 -2 -3 -4 5 7 -7 -1 -9 -10 -11 13 -13 -12
right_child=1 2 3 -5 -6 6 -8 8 9 10 11 12 -14 -15
leaf_value=-0.0017819651352500349 -0.0075254153201353971 0.019491493697463315 -0.0030974468089005418 0.0085283183896385679 0.0045474664931695816 0.00013400979777087411 -0.011692077398291503 0.011024231162110444 -0.0089325375584915455 0.013730336736099398 -0.01542615005942293 0.006175942724386394 -0.0034928906207864845 -5.3968854839021362e-05
leaf_weight=217.44427009485662 10.730393063277004 13.671697802841662 16.360504232347015 12.074233673512934 33.336133155971766 34.337012350559235 25.061578217893839 16.730682898312807 13.670211326330898 9.5219644866883737 8.0750285536050814 52.898369405418634 26.381813410669565 22.422593304887414
leaf_count=1227 59 75 93 58 159 186 130 91 90 59 66 321 145 225
internal_value=5.29452e-05 0.00474443 0.00797332 0.00196122 -0.000495197 -0.000899017 -0.00496665 -0.000229231 0.00202302 0.00081662 0.00199871 0.000866371 0.00295505 -0.00448468
internal_weight=512.716 52.8368 42.1064 28.4347 459.88 426.544 59.3986 367.145 149.701 132.97 119.3 109.778 79.2802 30.4976
internal_count=2984 285 226 151 2699 2540 316 2224 997 906 816 757 466 291
is_linear=0
shrinkage=0.02


Tree=295
num_leaves=15
num_cat=0
split_feature=0 0 0 8 0 15 4 8 3 1 0 14 1 7
split_gain=3.337 3.75614 4.08836 3.55113 3.09934 3.46124 3.89771 3.69504 2.82087 4.0641 4.06611 2.83883 4.26212 5.28077
threshold=1.0216666666666672 0.9010166666666668 0.74756666666666682 1.3783333333333336 1.1785500000000002 1172.5000000000002 0.41666666666666669 2.0350000000000006 1.4500000000000002 1.4165600000000003 1.8860333333333335 1225.0000000000002 1.3790000000000004 1.3666666666666669
decision_type=8 10 10 10 8 2 2 8 2 8 8 2 8 2
left_child=1 2 3 -1 -2 6 7 8 11 -10 -11 12 -6 -14
right_child=4 -3 -4 -5 5 -7 -8 -9 9 10 -12 -13 13 -15
leaf_value=0.001149085837613912 -0.0075935372307492349 0.010531699291056349 -0.007084030613111132 0.012702645387119984 0.014592891740581662 0.0029118576018658132 -0.0075155367076100337 -0.0092253227618652352 -0.013824583533148589 0.0054805447416303079 -0.0028195300211729568 -0.0054810083605311552 0.0063093914408967654 -0.0047660110844544266
leaf_weight=52.072366438806057 24.425269681960344 20.965627048164606 17.627350088208914 12.454933933913706 12.077358815819023 94.776157975196838 36.250545747578144 17.295812234282494 9.3277403488755208 30.445351973176003 93.868376227095723 13.662731640040873 44.353216592222452 26.855059683322906
leaf_count=275 152 109 99 63 70 434 220 159 55 197 627 75 256 162
internal_value=-1.1246e-05 0.00318167 0.00120187 0.00353895 -0.000833421 -0.000378813 -0.00148281 -0.000573936 0.00011201 -0.00176709 -0.000759267 0.00269391 0.00408409 0.00212432
internal_weight=506.458 103.12 82.1547 64.5273 403.338 378.912 284.136 247.886 230.59 133.641 124.314 96.9484 83.2856 71.2083
internal_count=2953 546 437 338 2407 2255 1821 1601 1442 879 824 563 488 418
is_linear=0
shrinkage=0.02


Tree=296
num_leaves=15
num_cat=0
split_feature=10 10 3 0 11 2 3 7 10 6 0 16 12 1
split_gain=3.68942 4.15922 4.46466 2.88904 5.66832 7.75804 5.42906 5.16827 4.38494 3.69638 3.44548 3.17724 3.16574 3.95559
threshold=2.8333333333333335 2.5833333333333335 1.2916666666666667 1.2016666666666669 1.9000000000000001 1.8333333333333337 2.3666666666666671 1.2916666666666667 2.1666666666666674 0.83333333333333337 1.3883333333333334 1093.7500000000002 1.1666666666666667 1.1390000000000005
decision_type=8 10 2 8 10 2 2 2 10 2 8 2 10 10
left_child=1 3 -3 7 6 8 10 -1 -6 -8 11 -5 -9 -14
right_child=-2 2 -4 4 5 -7 9 12 -10 -11 -12 -13 13 -15
leaf_value=-0.0085744618818871954 -0.007143110384449639 0.018792631541513397 0.00021800051923617114 0.017244361541119354 -0.016963009377027289 0.0054794193116852819 0.0036857395278436255 0.0054346730630723443 -0.0002122393659970951 -0.011423074536444222 0.0022901285343819183 0.0030181376376951403 0.00060423969863130289 -0.011462215848825711
leaf_weight=36.441562213003635 24.613237682729959 9.2537424415349978 10.50080296769738 11.528312340378763 18.733468940481544 15.922852968797086 9.3359820656478423 30.2351084202528 9.1867847964167613 17.581710685044527 247.67447048984468 13.636557854712008 42.066346757113934 13.609892979264258
leaf_count=218 201 55 74 54 136 123 81 158 65 122 1322 79 212 76
internal_value=0.000255988 0.000644843 0.00940526 0.00025409 0.00119378 -0.00544507 0.00217967 -0.00237309 -0.0116493 -0.0062385 0.00302993 0.00994532 0.000325772 -0.00249557
internal_weight=510.321 485.708 19.7545 465.953 343.6 43.8431 299.757 122.353 27.9203 26.9177 272.839 25.1649 85.9113 55.6762
internal_count=2976 2775 129 2646 1982 324 1658 664 201 203 1455 133 446 288
is_linear=0
shrinkage=0.02


Tree=297
num_leaves=15
num_cat=0
split_feature=13 0 0 3 10 1 0 1 1 0 3 15 6 12
split_gain=2.64416 1.47172 3.81391 5.82208 3.13354 4.23793 2.81901 1.95849 3.87572 2.75069 5.92808 2.16827 1.73564 3.46479
threshold=0.55000000000000016 0.87333333333333341 1.0443333333333338 0.90000000000000013 0.83333333333333337 0.6379800000000001 1.1785500000000002 1.4510000000000003 1.5290000000000001 1.4316666666666669 1.2916666666666667 1142.5000000000002 0.83333333333333337 2.5833333333333335
decision_type=10 8 8 2 10 10 8 8 8 10 2 2 2 10
left_child=-1 4 3 -3 -2 -6 -4 9 -9 10 -8 -11 -10 -14
right_child=1 2 6 -5 5 -7 7 8 12 11 -12 -13 13 -15
leaf_value=-0.0062257584912679799 -0.0091522597616826781 -0.0040183347591159846 -0.0073138433271028322 0.013385971117579592 0.0044909811224431483 -0.0068054936054191889 0.0073344708003971696 -0.010879101462306378 0.0029058295380044582 0.013983992015328316 -0.010683705767702783 0.0023044389108322371 -0.0016063189178263412 0.0061135418587901025
leaf_weight=27.443263592198491 19.669731684029102 11.533872283995153 19.204812305048108 20.001448001712561 32.528776463121176 21.000478431582451 15.797959525138142 12.158658944070337 71.210823146626353 12.792940098792316 11.925249665975569 12.670898988842962 190.83684223517776 25.472802251577377
leaf_count=204 98 60 125 107 175 115 86 74 445 79 72 62 1099 138
internal_value=-0.00030193 5.13409e-05 0.000526074 0.00709258 -0.00253806 1.56427e-05 -4.79982e-05 0.000366998 -0.000264836 0.00386621 -0.000518237 0.0084789 0.000220171 -0.000673272
internal_weight=504.249 476.805 403.606 31.5353 73.199 53.5293 372.071 352.866 299.679 53.187 27.7232 25.4638 287.52 216.31
internal_count=2939 2735 2347 167 388 290 2180 2055 1756 299 158 141 1682 1237
is_linear=0
shrinkage=0.02


Tree=298
num_leaves=15
num_cat=0
split_feature=2 13 0 12 0 0 0 10 0 3 12 0 13 17
split_gain=4.58626 3.83842 5.80737 4.15314 4.25264 3.31021 3.13908 3.12705 2.74359 2.70565 3.67578 3.98033 3.22555 2.19353
threshold=1.8333333333333337 0.90000000000000013 0.96166666666666689 1.1666666666666667 1.7450000000000003 1.8860333333333335 1.4316666666666669 2.5833333333333335 0.86500000000000032 2.1000000000000005 1.5833333333333337 1.4750000000000003 2.1000000000000005 1188.7500000000002
decision_type=2 10 8 10 10 10 10 10 10 2 10 10 10 2
left_child=5 6 -3 4 -4 7 -2 13 -9 10 -5 -12 -11 -1
right_child=1 2 3 9 -6 -7 -8 8 -10 12 11 -13 -14 -15
leaf_value=-0.0011179137175645483 0.0034938086795284922 0.012803223118891614 -0.014206457267756137 0.013299037231257671 0.002518561887263457 -0.011022487234500689 0.018906415033253611 -0.00034259945640947425 0.012388947869299923 -0.0072693143318662877 -0.005625834226936131 0.0077181806469662322 0.0057204562758940408 -0.0047668312300807756
leaf_weight=235.83358212187886 14.054853573441507 13.108654431998728 14.973409652709963 12.436964223161338 9.3935613445937616 14.622082168236373 8.0830077249556762 16.572765138000253 10.38640497997403 21.900753414258361 17.355206441134214 16.451077997684479 10.595680940896271 90.966080024838448
leaf_count=1132 95 70 100 69 68 112 56 113 79 171 90 91 68 637
internal_value=-0.000839211 0.0022547 0.000766736 -0.000871827 -0.00791378 -0.00200415 0.00969519 -0.00160137 0.00483008 0.00137931 0.00444774 0.000902918 -0.00298958 -0.00214505
internal_weight=506.734 138.353 116.215 103.107 24.367 368.381 22.1379 353.759 26.9592 78.7397 46.2432 33.8063 32.4964 326.8
internal_count=2951 878 727 657 168 2073 151 1961 192 489 250 181 239 1769
is_linear=0
shrinkage=0.02


Tree=299
num_leaves=15
num_cat=0
split_feature=10 8 13 14 2 1 1 0 12 0 14 0 1 1
split_gain=2.07185 2.57953 3.27609 2.43081 2.05348 4.13897 3.71618 3.42664 3.6539 3.63902 3.17151 3.09872 2.50447 2.96058
threshold=2.5833333333333335 2.0350000000000006 1.1000000000000003 1357.5000000000002 1.8333333333333337 1.3530000000000002 1.2622500000000001 1.4316666666666669 0.83333333333333337 0.97166666666666679 1102.5000000000002 1.7050000000000003 1.7030000000000001 2.1230000000000007
decision_type=10 10 10 2 2 10 10 10 10 10 2 10 10 10
left_child=3 2 -2 4 5 6 -1 9 -9 -6 -7 -10 -13 -14
right_child=1 -3 -4 -5 7 10 -8 8 11 -11 -12 12 13 -15
leaf_value=0.00030960111776873645 0.015353229023861161 -0.0024875437263823727 0.0019374718604530303 -0.006848393455248734 0.0019788538633917063 0.0026579036856391614 0.011335545641740172 0.016636582838462286 0.012954230641654345 -0.0095700381898551467 -0.0074072962267662237 -0.0077190395538727433 0.01041394750571417 -0.003294722577284991
leaf_weight=249.31877713091671 12.624849112704398 12.726505715399979 16.359359469264746 17.375318601727486 58.472852034494281 16.354693181812763 11.861645400524138 10.420945195481179 9.9714440032839757 12.366491787135599 47.010629493743181 9.1657320000231248 12.490469601005318 11.12903883308172
leaf_count=1316 98 111 103 80 343 122 67 72 54 75 292 48 86 96
internal_value=0.000669583 0.00488574 0.00809822 0.000282499 0.000573337 -0.000264814 0.000851676 0.00275131 0.00653756 -0.000142398 -0.00480852 0.00375221 0.000652875 0.00408323
internal_weight=507.649 41.7107 28.9842 465.938 448.563 324.546 261.18 124.017 53.1776 70.8393 63.3653 42.7567 32.7852 23.6195
internal_count=2963 312 201 2651 2571 1797 1383 774 356 418 414 284 230 182
is_linear=0
shrinkage=0.02


Tree=300
num_leaves=15
num_cat=0
split_feature=17 16 3 0 17 16 4 0 13 13 3 5 0 16
split_gain=1.76539 2.81435 2.07949 5.12806 3.31417 3.14901 5.54532 2.88636 2.50633 2.66496 2.3363 2.11856 4.72067 5.12481
threshold=1253.7500000000002 1187.5000000000002 1.1000000000000003 1.3883333333333334 1052.5000000000002 1132.5000000000002 0.58333333333333337 0.58166666666666678 1.9000000000000001 1.2250000000000003 1.9000000000000001 0.22500000000000003 1.6266666666666667 1102.5000000000002
decision_type=2 2 2 10 2 2 2 8 10 8 2 2 8 2
left_child=1 2 3 5 10 8 -7 -6 9 -1 -4 12 -9 -14
right_child=-2 -3 4 -5 7 6 -8 11 -10 -11 -12 -13 13 -15
leaf_value=-0.00051742909057371478 -0.0030207353566185169 0.0072416343025832617 0.0093843324355855316 -0.013644507350239704 0.0066690486949970455 0.010649236086439471 -0.0045175119705665699 -0.0069092850540760208 0.0024629209906213393 -0.0083034460484062642 -0.00038159957112911659 0.0030105504998047955 -0.0046641555005509016 0.0039909786621975798
leaf_weight=33.595087125897408 70.788689041510224 21.562752541154623 27.883984714746475 12.556549191474913 22.759437523782253 21.220546685159206 16.261491976678371 48.706604447215796 27.135304376482964 36.224587757140398 14.714415974915026 46.866123344749212 44.939766861498356 66.69807530194521
leaf_count=153 638 124 120 74 114 109 81 281 125 174 69 248 264 409
internal_value=-0.00011189 0.000360678 -9.33662e-06 -0.00191912 0.00102384 -0.000731299 0.00412278 6.50755e-05 -0.00263078 -0.00461726 0.00607959 -0.000688833 -0.00178206 0.000496382
internal_weight=511.913 441.125 419.562 146.994 272.568 134.437 37.482 229.97 96.955 69.8197 42.5984 207.211 160.344 111.638
internal_count=2983 2345 2221 716 1505 642 190 1316 452 327 189 1202 954 673
is_linear=0
shrinkage=0.02


Tree=301
num_leaves=15
num_cat=0
split_feature=15 0 0 16 0 0 10 10 0 8 8 8 12 0
split_gain=2.04085 1.19019 4.57595 4.26714 4.11615 3.84138 4.08321 3.11636 2.56956 1.79137 3.42252 7.33551 2.9433 2.09549
threshold=1362.5000000000002 1.0850000000000002 0.9010166666666668 1172.5000000000002 1.2016666666666669 0.74756666666666682 0.83333333333333337 1.4166666666666667 1.2625000000000002 2.0350000000000006 1.7905500000000003 1.6050000000000002 1.1666666666666667 1.5783333333333336
decision_type=2 8 10 2 8 10 10 10 8 8 10 10 10 8
left_child=1 2 3 5 -3 6 -1 -8 -6 10 11 13 -11 -10
right_child=-2 4 -4 -5 8 -7 7 -9 9 12 -12 -13 -14 -15
leaf_value=-0.0035464621271710044 0.0081160953588667525 -0.0099223000643058942 0.0084681619101624923 -0.0092724005537005022 0.0098383621730798558 -0.0070754107458492121 0.013161543705768414 0.00053641200899744179 0.0048710024087328004 -0.013214180189875522 0.0095041891980267423 -0.014556620367953023 0.0017784507145915834 -0.00015081300959301946
leaf_weight=16.122989326715469 12.685010604560373 15.789436763152478 31.185950089246035 16.31125558540225 9.7473378106951696 13.767525795847176 20.325865469872952 12.487974122166632 36.707956913858652 9.5303489342331904 14.301809180527924 12.596477225422857 10.006171911954878 279.88779718615115
leaf_count=78 58 106 169 120 54 73 95 65 203 91 97 98 78 1587
internal_value=0.000496062 0.000286412 0.00211097 -0.000472568 -0.000235141 0.00192615 0.00454956 0.00851475 0.000200618 -8.44694e-05 0.000257846 -0.00017143 -0.0058226 0.000444949
internal_weight=511.454 498.769 110.202 79.0156 388.567 62.7044 48.9368 32.8138 372.778 363.031 343.494 329.192 19.5365 316.596
internal_count=2972 2914 600 431 2314 311 238 160 2208 2154 1985 1888 169 1790
is_linear=0
shrinkage=0.02


Tree=302
num_leaves=15
num_cat=0
split_feature=9 13 10 8 0 15 17 13 6 6 15 0 0 17
split_gain=3.24228 2.73031 2.99424 4.57866 3.94025 2.32439 5.35059 2.90939 3.73513 7.19992 2.06117 1.85312 3.58625 2.73115
threshold=2.3222500000000004 3.1000000000000005 2.5833333333333335 2.0350000000000006 2.2416666666666676 1088.7500000000002 1167.5000000000002 2.1000000000000005 1.5833333333333337 0.83333333333333337 1068.7500000000002 1.1785500000000002 1.0443333333333338 1277.5000000000002
decision_type=10 10 10 10 8 2 2 8 2 2 2 8 10 2
left_child=1 2 5 4 -4 6 7 8 9 -1 -8 12 -7 -13
right_child=-2 -3 3 -5 -6 11 10 -9 -10 -11 -12 13 -14 -15
leaf_value=0.0056456480725946591 0.0098752838107213827 0.0092510726155565753 0.016836913722876649 -0.0081136071765459394 0.0019734431320172158 -0.0010534112399427406 -0.017490363570291493 -0.0087299372584825792 0.010859655937974911 -0.010806355589765853 -0.0054190016793494852 -0.00010732849985702493 -0.011403496617580309 0.0082884990801379826
leaf_weight=23.145746007561684 11.388886976987122 10.281424455344675 11.693895094096662 7.8201506678014985 16.992175349965692 77.223004408180714 11.965007476508619 14.130935527384279 11.356289457529781 18.054392103105783 12.358105171471832 261.49686973914504 15.267436534166334 15.472983241081236
leaf_count=144 93 52 81 68 121 390 162 85 67 122 111 1295 88 134
internal_value=-0.000234415 -0.000480379 -0.000699876 0.00473706 0.00839561 -0.00114025 -0.00398485 -0.000997191 0.00120611 -0.00164905 -0.0118133 -0.000430664 -0.0028656 0.000389837
internal_weight=518.647 507.258 496.977 36.5062 28.6861 460.471 91.0105 66.6874 52.5564 41.2001 24.3231 369.46 92.4904 276.97
internal_count=3013 2920 2868 270 202 2598 691 418 333 266 273 1907 478 1429
is_linear=0
shrinkage=0.02


Tree=303
num_leaves=15
num_cat=0
split_feature=17 15 16 11 2 15 15 4 0 10 17 15 4 17
split_gain=2.12139 3.28616 1.8632 7.06083 1.83745 4.14281 5.53157 3.1793 4.49827 1.45059 3.8388 5.41102 3.76805 3.42909
threshold=1327.5000000000002 1167.5000000000002 1262.5000000000002 1.9000000000000001 0.41666666666666669 1255.0000000000002 1157.5000000000002 0.41666666666666669 0.86500000000000032 1.5833333333333337 1157.5000000000002 1127.5000000000002 1.0000000180025095e-35 1225.0000000000002
decision_type=2 2 2 10 2 2 2 2 10 8 2 2 2 2
left_child=2 -2 4 -4 5 6 -1 9 -9 -6 11 -11 -12 -14
right_child=1 -3 3 -5 7 -7 -8 8 -10 10 12 -13 13 -15
leaf_value=0.006005971134217203 -0.012304237407998469 0.0044699625920978751 -0.0054739112113228964 0.017663312593167231 0.0011614961333961304 0.0094656709164626356 -0.0099509590747036032 -0.010774310455993205 0.0026269695492047375 0.0017619664352261288 -0.0030591257438855406 -0.010613834528807476 0.010865575271011079 -0.0012988162003876689
leaf_weight=18.352380089461803 11.830448947846891 6.6869058869779101 9.763793386518957 9.6245601922273618 242.75236706249416 24.7402463555336 14.789864599704741 24.639219436794519 15.905754096806048 24.306744623929262 35.212899267673492 31.952205330133438 21.843763552606106 15.272971790283917
leaf_count=102 192 52 74 75 1304 106 72 125 88 151 253 148 132 104
internal_value=0.000138418 -0.00632815 0.000395625 0.00631463 0.00013844 0.00344337 -0.00119777 -0.000333218 -0.00558031 0.000253136 -0.00145742 -0.00532947 0.00158592 0.00595736
internal_weight=507.674 18.5174 489.157 19.3884 469.768 57.8825 33.1422 411.886 40.545 371.341 128.589 56.2589 72.3296 37.1167
internal_count=2978 244 2734 149 2585 280 174 2305 213 2092 788 299 489 236
is_linear=0
shrinkage=0.02


Tree=304
num_leaves=15
num_cat=0
split_feature=14 6 9 4 16 16 9 16 1 3 10 9 14 9
split_gain=1.81244 2.69425 3.62544 3.49634 1.44771 3.69965 2.98129 2.28222 2.20189 4.23092 3.41157 3.10937 3.59879 3.33833
threshold=1357.5000000000002 2.5833333333333335 1.1950000000000003 0.41666666666666669 1060.0000000000002 1026.2500000000002 0.79900000000000015 1066.2500000000002 1.5350000000000004 2.6333333333333337 0.41666666666666669 1.7310000000000001 1235.0000000000002 1.0630000000000002
decision_type=2 2 8 2 2 2 10 2 8 2 10 10 2 10
left_child=1 4 3 -3 5 -1 -7 -6 10 -10 -9 13 -13 -12
right_child=-2 2 -4 -5 7 6 -8 8 9 -11 11 12 -14 -15
leaf_value=0.0039696960047337542 -0.0058659280007080537 0.01261660551818904 -0.0028969583685699131 0.00044196132946922913 0.0060230394595615641 -0.0099647655856420301 0.0011763387891391825 0.0071674294197746702 0.0014091486855761664 -0.011329157359097989 -0.0013415279281102574 -0.0031552522128006789 0.012120565275509919 -0.0090730183426939465
leaf_weight=18.849552564322948 20.497968897223473 21.981963139027357 19.142233069986105 16.134395055472851 22.579804237931967 29.375865407288074 13.767221182584761 12.187898829579352 212.56891804933548 9.9694264158606511 43.99203609675169 15.655398614704611 8.8699221424758417 45.253550410270691
leaf_count=83 95 105 114 74 109 132 69 62 1329 104 250 126 50 271
internal_value=-0.000182032 6.70358e-05 0.00410542 0.00760621 -0.00047513 -0.00327849 -0.00646346 7.55477e-07 -0.000405557 0.000790361 -0.00250803 -0.00359795 0.00262786 -0.00531901
internal_weight=510.826 490.328 57.2586 38.1164 433.07 61.9926 43.1431 371.077 348.497 222.538 125.959 113.771 24.5253 89.2456
internal_count=2973 2878 293 179 2585 284 201 2301 2192 1433 759 697 176 521
is_linear=0
shrinkage=0.02


Tree=305
num_leaves=15
num_cat=0
split_feature=8 15 13 14 2 9 8 2 8 6 9 7 16 4
split_gain=2.37525 3.3758 4.07172 4.18387 3.77173 6.03135 3.37461 3.11269 2.9691 2.11408 3.07365 3.96599 5.19153 4.15602
threshold=1.5333333333333339 1210.0000000000002 1.9000000000000001 1142.5000000000002 1.1666666666666667 1.8870000000000002 1.736666666666667 1.8333333333333337 1.4550000000000001 0.83333333333333337 0.74179000000000017 2.1000000000000005 1071.2500000000002 1.0000000180025095e-35
decision_type=8 2 8 2 2 10 10 2 10 2 10 2 2 2
left_child=8 2 3 6 -5 -6 -2 -8 9 -1 -11 12 -12 -14
right_child=1 -3 -4 4 5 -7 7 -9 -10 10 11 -13 13 -15
leaf_value=0.0020609447612211654 -0.0084197949155924105 0.0032564082775320929 -0.015963994894599164 -0.017296328914091524 -0.012580979584055128 0.0079129014162947625 -0.00071399073987319251 0.014460501990400934 0.0086201899762849647 1.0273211703012615e-05 0.0055819282129013145 -0.01166973409703166 0.00081688241176267355 -0.01051208877112827
leaf_weight=93.642064852640033 7.8803152106702354 20.723099134862423 11.987445324659346 11.073587995022534 11.281722437590362 9.8683610539883357 11.640415562316777 8.9553432911634427 13.630914121866224 208.46253784745932 23.502753008157015 21.484593629837036 22.74481488019228 28.676896300166845
leaf_count=559 64 103 89 77 67 80 100 83 80 1104 115 116 150 173
internal_value=-0.000885657 -0.00374719 -0.00576101 -0.00351996 -0.0083478 -0.00309325 0.0020411 0.00624818 -0.000229607 -0.000553128 -0.00136016 -0.00429309 -0.002052 -0.00558107
internal_weight=505.555 93.4103 72.6872 60.6997 32.2237 21.1501 28.4761 20.5958 412.145 398.514 304.872 96.4091 74.9245 51.4217
internal_count=2960 663 560 471 224 147 247 183 2297 2217 1658 554 438 323
is_linear=0
shrinkage=0.02


Tree=306
num_leaves=15
num_cat=0
split_feature=13 9 16 13 1 12 15 11 14 0 1 0 9 8
split_gain=3.01123 2.69539 1.64945 1.75924 2.22316 2.41308 2.327 4.68441 2.37168 2.31899 2.20112 4.82149 4.09205 3.41726
threshold=3.1000000000000005 2.3222500000000004 1312.5000000000002 2.7083333333333335 1.5090000000000003 0.83333333333333337 1088.7500000000002 1.3666666666666669 1172.5000000000002 1.8250000000000002 1.4212100000000003 1.4383333333333335 1.4213200000000004 1.3450000000000004
decision_type=10 10 2 8 10 10 2 10 2 10 10 10 10 10
left_child=1 2 3 4 10 -6 7 -7 9 -8 11 12 13 -1
right_child=-2 -3 -4 -5 5 6 8 -9 -10 -11 -12 -13 -14 -15
leaf_value=-0.0010054382897315354 0.00957107289808652 0.0081083894118346208 -0.0076014148600864707 -0.0069865009097457159 0.0094327452618108119 -0.013412674173989557 0.014359495276085866 0.0051843525302368021 -0.00098852873467493896 0.0014828189160295934 -0.0084527883007631741 0.0087972300675431478 -0.0072460737139863965 0.009708859641067576
leaf_weight=283.35802828893065 10.690211385488508 12.528285823762415 13.457631543278692 16.361728094518185 15.03174479678273 10.531122190877797 10.221382807940246 9.4471355937421304 25.330472208559513 11.671868178993462 14.856403693556784 18.672228805720806 40.823518512770534 11.430583603680132
leaf_count=1494 54 102 170 88 100 98 58 98 139 70 89 96 230 64
internal_value=-0.000463468 -0.000699646 -0.000945311 -0.000737994 -0.000496551 0.00245834 0.000782873 -0.00479075 0.00319127 0.00785924 -0.00115968 -0.00083092 -0.00139114 -0.000558567
internal_weight=504.412 493.722 481.194 467.736 451.374 82.2337 67.202 19.9783 47.2237 21.8933 369.141 354.284 335.612 294.789
internal_count=2950 2896 2794 2624 2536 563 463 196 267 128 1973 1884 1788 1558
is_linear=0
shrinkage=0.02


Tree=307
num_leaves=15
num_cat=0
split_feature=8 8 10 8 6 12 14 9 9 2 6 3 8 6
split_gain=2.55841 5.87821 4.55924 2.55842 2.86537 3.83284 3.40477 3.27894 4.25564 3.20743 3.73575 3.01061 2.49751 2.36908
threshold=1.7905500000000003 1.6050000000000002 1.8333333333333337 1.4116666666666668 0.83333333333333337 2.1666666666666674 1068.7500000000002 1.1950000000000003 1.0904800000000001 0.83333333333333337 0.58333333333333337 1.5500000000000003 1.5333333333333339 1.8333333333333337
decision_type=10 8 10 10 2 10 2 10 10 2 2 2 10 2
left_child=1 3 -2 4 5 6 -1 8 -6 -8 -11 -12 -5 -3
right_child=2 13 -4 12 7 -7 9 -9 -10 10 11 -13 -14 -15
leaf_value=0.010753122164128531 0.0099274643541409566 -0.01600925296421574 -0.0012873526078042647 0.0083185072082579102 -0.0021452273058165288 -0.0066338110182778375 0.0098837511854952646 -0.0078316486965876973 0.008485304517169022 -0.0076178350280868591 0.010961961360899403 -0.0024616354353176489 -0.0028936684092830938 -0.0029433139107826979
leaf_weight=18.927043832838535 22.194797489792109 13.800641633570196 38.163269279524684 21.390780761837959 240.04148404113948 16.981035023927689 12.029891204088925 36.487522404640913 15.089321222156284 20.00890027731657 11.258777853101494 14.051866386085747 11.680375503376125 9.7429439201951009
leaf_count=137 133 101 301 129 1273 86 61 224 84 120 61 84 74 56
internal_value=-0.000899363 -0.00142849 0.00293113 -0.000867711 -0.00132968 0.00170878 0.00362785 -0.00230387 -0.00148583 0.00113231 -0.00135395 0.00369919 0.00438979 -0.0109425
internal_weight=501.849 441.491 60.3581 417.947 384.876 93.2575 76.2765 291.618 255.131 57.3494 45.3195 25.3106 33.0712 23.5436
internal_count=2924 2490 434 2333 2130 549 463 1581 1357 326 265 145 203 157
is_linear=0
shrinkage=0.02


Tree=308
num_leaves=15
num_cat=0
split_feature=9 9 9 1 8 8 10 15 6 17 1 8 0 14
split_gain=1.83818 2.26519 1.98466 3.5481 2.9437 4.50739 4.09951 3.34691 5.56974 2.54023 4.02419 3.17352 2.07819 3.16958
threshold=2.3980000000000006 2.0310000000000006 1.5190000000000003 1.2690000000000003 1.1816666666666669 0.98788333333333356 1.1666666666666667 1112.5000000000002 2.1666666666666674 1267.5000000000002 1.58538 1.8066666666666673 0.83333333333333359 1197.5000000000002
decision_type=10 8 10 10 10 10 10 2 2 2 10 10 8 2
left_child=1 2 4 -4 5 12 -7 -6 -9 10 -5 -12 13 -1
right_child=-2 -3 3 9 7 6 -8 8 -10 -11 11 -13 -14 -15
leaf_value=-0.00023208241598200667 0.0080727721487946196 -0.0070356890373762318 0.008815620590619317 -0.010549729439171538 -0.010871433158370284 0.0013534995026124623 0.015756771724894158 0.0035424718128052165 -0.011904763226989896 0.0084650982506413817 -0.0042262732428794657 0.010960464418583029 0.00046646737292685371 -0.010567660958407516
leaf_weight=33.44343701004982 10.67234040237963 16.450007855892181 27.700542006641626 14.243370745331047 19.422789612784982 18.689143102616075 12.968748491257427 30.831225238740444 12.220474340021608 9.4243697989732009 10.953533541411163 9.3247939646244031 265.00404051318765 17.436833761632442
leaf_count=192 81 152 149 78 170 102 75 170 67 85 78 56 1446 84
internal_value=0.000227349 4.34196e-05 0.000299265 0.00334618 -0.000240001 0.000482025 0.00755565 -0.00420091 -0.00101302 -0.000220809 -0.0027636 0.00294411 -0.0002485 -0.00390954
internal_weight=508.786 498.113 481.663 71.6466 410.017 347.542 31.6579 62.4745 43.0517 43.9461 34.5217 20.2783 315.884 50.8803
internal_count=2985 2904 2752 446 2306 1899 177 407 237 297 212 134 1722 276
is_linear=0
shrinkage=0.02


Tree=309
num_leaves=15
num_cat=0
split_feature=13 13 14 11 14 3 12 4 0 17 16 3 13 0
split_gain=2.87107 1.40911 2.02926 1.64704 2.0174 3.17538 1.5819 3.15348 3.76095 3.73359 1.83035 4.91476 3.85644 3.82182
threshold=3.1000000000000005 0.77500000000000013 1267.5000000000002 1.1000000000000003 1172.5000000000002 1.7750000000000001 0.83333333333333337 1.0000000180025095e-35 1.3063500000000006 1188.7500000000002 1152.5000000000002 1.1000000000000003 1.9000000000000001 0.58166666666666678
decision_type=10 10 2 10 2 2 10 2 10 2 2 2 10 8
left_child=1 2 3 -1 5 -5 7 8 -3 -9 11 -8 -12 -13
right_child=-2 6 -4 4 -6 -7 10 9 -10 -11 12 13 -14 -15
leaf_value=-0.011744178494711375 0.0096973822620100864 -0.0093861298498168193 0.0026514290400672098 -0.013002013566878219 0.0040936184712333954 0.0037491016597721756 -0.0048328511918475491 0.011768740465483762 0.0066864745713017936 -0.00069163758329882433 -3.1270249221601618e-05 0.009174417616639733 0.010567781177276357 -0.00031743883844922229
leaf_weight=11.804876908659933 10.485618703067301 13.356631621718408 15.246840737760065 10.990595193579798 9.847165931016205 6.6846403907984486 100.63344449549913 21.201009355485439 8.8897486180067045 16.786285627633333 70.914845587685704 17.750486917793751 16.026854591444135 177.89867272041738
leaf_count=65 52 85 76 98 67 64 497 99 66 115 501 86 94 1005
internal_value=-0.000189431 -0.000416604 -0.00341873 -0.00577946 -0.00289903 -0.00680534 -4.02873e-05 0.00294528 -0.0029521 0.00638609 -0.000515992 -0.0012646 0.00202051 0.000585995
internal_weight=508.518 498.032 54.5741 39.3273 27.5224 17.6752 443.458 60.2337 22.2464 37.9873 383.224 296.283 86.9417 195.649
internal_count=2970 2918 370 294 229 162 2548 365 151 214 2183 1588 595 1091
is_linear=0
shrinkage=0.02


Tree=310
num_leaves=15
num_cat=0
split_feature=18 7 7 3 5 15 15 14 1 13 15 0 2 8
split_gain=1.53368 3.32239 2.88637 2.63877 2.51016 2.20138 2.1107 4.04605 2.70994 5.28516 8.11918 3.95808 3.40939 3.37126
threshold=1.0000000180025095e-35 2.7750000000000004 2.9000000000000004 0.77500000000000013 0.55000000000000016 1232.5000000000002 1071.2500000000002 1157.5000000000002 1.4945000000000004 0.90000000000000013 1142.5000000000002 1.3000000000000005 1.1666666666666667 1.1183333333333338
decision_type=2 2 2 2 2 2 2 2 8 10 2 10 2 10
left_child=1 3 6 5 -5 -1 -2 -8 11 -10 -11 12 13 -9
right_child=2 -3 -4 4 -6 -7 7 8 9 10 -12 -13 -14 -15
leaf_value=-0.011670139573557487 -0.0031478691117633882 0.0068117349196852939 -0.0078927119716004808 -0.0015780294608215234 0.0078069475277721088 -0.0010049059285557997 0.0055547493066800367 0.0038514614380406411 -0.012860415883147692 -0.010363926751873228 0.0052543510671755403 0.011595250263087328 0.0074676100151075363 -0.0096140107579334028
leaf_weight=17.557876151055101 33.073746021836996 18.084564439952374 12.827300868928431 175.43671747297049 11.199445359408854 13.632190540432928 86.20168355666101 12.160191141068937 14.673803102225063 18.680179629474878 40.159327328205109 15.261739194393156 15.042048893868921 16.554193206131458
leaf_count=104 263 85 62 1134 60 62 481 57 81 101 182 76 73 89
internal_value=-3.08378e-05 -0.0012007 0.00101265 -0.00189401 -0.000976261 -0.00718473 0.00149572 0.00220899 7.52224e-06 -0.00254008 0.000205577 0.00317028 3.83304e-05 -0.00397384
internal_weight=500.545 235.911 264.634 217.826 186.636 31.1901 251.807 218.733 132.531 73.5133 58.8395 59.0182 43.7564 28.7144
internal_count=2910 1445 1465 1360 1194 166 1403 1140 659 364 283 295 219 146
is_linear=0
shrinkage=0.02


Tree=311
num_leaves=15
num_cat=0
split_feature=17 14 17 2 12 10 2 16 6 17 16 12 16 1
split_gain=2.71837 3.64181 2.73336 4.12874 2.0922 3.97546 3.65664 4.17065 3.18894 2.61651 3.46062 2.51566 3.17948 2.26718
threshold=1127.5000000000002 1057.5000000000002 1162.5000000000002 2.5833333333333335 1.4166666666666667 0.83333333333333337 1.5833333333333337 1088.7500000000002 1.1666666666666667 1042.5000000000002 1060.0000000000002 0.83333333333333337 1073.7500000000002 2.7690000000000001
decision_type=2 2 2 2 8 10 2 2 2 2 2 10 2 8
left_child=4 -2 -3 -4 5 11 7 -7 -8 -6 -11 -1 -13 -12
right_child=1 2 3 -5 9 6 8 -9 -10 10 13 12 -14 -15
leaf_value=0.0056382246386045068 -0.011465512019241883 -0.0060732383656375453 -0.00092502326125034923 0.0096593700754800602 0.005057516195338561 0.017955294187492907 0.0069381921584130294 0.0049397850755719648 -0.0050970925192454627 -0.0078194994914143265 -0.0023977199474930588 0.0036488434094575522 -0.0085625328100623916 0.0037084546777577214
leaf_weight=14.138335734605787 13.152086289599536 34.174780305474997 162.73944027721882 15.200150642544029 28.824626855552197 15.145087219774721 16.724229656159878 28.232344187796116 16.52795422822237 26.372597802430391 55.607547644525766 12.824840560555456 22.02373481541872 41.650301709771156
leaf_count=65 176 193 1108 107 125 68 91 131 80 129 302 57 110 201
internal_value=-1.00107e-05 -0.00163906 -0.000978838 2.80567e-05 0.00131083 0.00321112 0.00602765 0.00978631 0.000981908 -0.00026564 -0.00153736 -0.00122719 -0.00409212 0.000228355
internal_weight=503.338 225.266 212.114 177.94 278.072 125.617 76.6296 43.3774 33.2522 152.455 123.63 48.9869 34.8486 97.2578
internal_count=2943 1584 1408 1215 1359 602 370 199 171 757 632 232 167 503
is_linear=0
shrinkage=0.02


Tree=312
num_leaves=15
num_cat=0
split_feature=10 0 10 17 9 10 0 6 6 16 17 3 17 7
split_gain=1.73445 4.25845 2.94456 2.83178 2.73575 2.53963 2.85818 3.49542 3.05043 4.38378 2.81183 4.11911 5.28104 5.4422
threshold=2.8333333333333335 1.1533000000000004 2.5833333333333335 1207.5000000000002 2.1413200000000003 1.5833333333333337 1.3000000000000005 1.1666666666666667 0.83333333333333337 1112.5000000000002 1142.5000000000002 0.77500000000000013 1102.5000000000002 1.5500000000000003
decision_type=8 8 10 2 10 10 8 2 2 2 2 2 2 2
left_child=2 -2 4 -3 5 10 7 -7 9 -8 11 -1 13 -13
right_child=1 3 -4 -5 -6 6 8 -9 -10 -11 -12 12 -14 -15
leaf_value=-0.00494457544647632 0.0074219607500922435 -0.0002791482942322615 0.008037782469545925 -0.016446310763694745 0.0090828050091507281 -0.015351945270457242 -0.0045602299945927335 -0.002565329472128878 -0.0023833681053030838 0.012075588571943978 -0.0019839587000309322 -0.0018811959738038399 0.008641260881864345 0.0059008923909385806
leaf_weight=27.352368697524071 7.2705801837146309 7.2526255063712624 19.573462098836899 9.8983348384499532 12.786585114896296 11.802990261465309 9.8056924343109149 27.351125791668892 75.860179092735052 14.9640168081969 87.98428101092577 88.346954748034477 51.816357873380184 59.213587239384651
leaf_count=122 51 46 128 105 103 80 57 158 470 109 591 431 274 266
internal_value=0.000367697 -0.00472659 0.000632399 -0.0100017 0.000305702 3.93739e-05 -0.00219463 -0.00670618 -0.000390512 0.00556849 0.00103544 0.00221071 0.00321212 0.00126033
internal_weight=511.279 24.4215 486.858 17.151 467.284 454.498 139.784 39.1541 100.63 24.7697 314.714 226.729 199.377 147.561
internal_count=2991 202 2789 151 2661 2558 874 238 636 166 1684 1093 971 697
is_linear=0
shrinkage=0.02


Tree=313
num_leaves=15
num_cat=0
split_feature=1 7 7 6 8 7 1 16 16 6 16 2 15 3
split_gain=1.466 4.3555 3.5719 3.26719 3.80974 3.20389 3.98042 2.37201 2.83451 2.58316 6.8743 4.89256 2.77832 3.41855
threshold=1.3310000000000002 1.2916666666666667 1.4500000000000002 1.1666666666666667 1.256966666666667 1.2250000000000003 1.4212100000000003 1102.5000000000002 1270.0000000000002 0.83333333333333337 1162.5000000000002 1.8333333333333337 1091.2500000000002 1.3666666666666669
decision_type=8 2 2 2 10 2 8 2 2 2 2 2 2 2
left_child=1 3 -3 4 -1 7 -7 -2 9 10 11 -9 -11 -14
right_child=5 2 -4 -5 -6 6 -8 8 -10 12 -12 -13 13 -15
leaf_value=-0.002148875006102985 -0.00182976616413069 0.012718282548536778 0.0021410694178997246 0.0055376767584295198 -0.016316007265167978 -0.013590899575017235 -0.0019224173722959296 -0.0040231297417412017 -0.0061823060508087056 -0.0066668467059572472 0.019158220587580269 0.011741127494587734 -0.0025398667358568004 0.0098732837393708875
leaf_weight=24.558480691164732 67.124400701373816 13.866206001490353 95.655107319355011 10.805776882916687 10.241387348622082 11.616434231400488 169.82924704439938 19.097703967243437 11.104063877835868 13.090249460190533 13.104179525747893 12.00162238627672 16.693746857345104 17.18638614565134
leaf_count=139 360 79 490 63 72 69 966 111 144 119 90 86 87 88
internal_value=-0.000184639 0.0014287 0.00358318 -0.00371114 -0.00665747 -0.000900006 -0.00273985 0.00107515 0.00298089 0.00415184 0.00756598 0.00223675 0.000848066 0.00385949
internal_weight=505.975 155.127 109.521 45.6056 34.7999 350.848 181.446 169.402 102.278 91.1739 44.2035 31.0993 46.9704 33.8801
internal_count=2963 843 569 274 211 2120 1035 1085 725 581 287 197 294 175
is_linear=0
shrinkage=0.02


Tree=314
num_leaves=15
num_cat=0
split_feature=7 7 0 0 0 9 9 9 6 14 11 8 9 8
split_gain=1.7048 2.27676 1.85462 2.55167 2.44515 2.58667 5.12195 2.92221 3.26719 2.99029 2.39568 2.38864 3.53445 2.81247
threshold=3.1000000000000005 2.9000000000000004 2.4700000000000002 2.1116666666666668 1.9916666666666669 2.0210000000000004 1.8870000000000002 1.1950000000000003 2.5833333333333335 1327.5000000000002 0.29166666666666669 1.1146166666666668 1.3110000000000002 1.4616666666666669
decision_type=2 2 10 10 10 8 10 10 2 2 10 10 10 10
left_child=1 2 3 4 5 6 7 8 9 10 -1 -9 -13 -14
right_child=-2 -3 -4 -5 -6 -7 -8 11 -10 -11 -12 12 13 -15
leaf_value=-0.0075657301933731505 0.0064305407280320715 -0.0088537880938523422 0.0075663628249032283 -0.0083479749570952617 0.0086273071583474817 -0.007063217854739171 0.012844387350032556 -0.011788138183094486 0.0072978126987314242 -0.0073095893920045807 0.00092089573853906728 -0.012322493955283705 0.005120354540883899 -0.0032658167676150331
leaf_weight=13.01662804558873 14.148474451154469 11.369033172726629 11.10735431499779 14.476336875930427 11.519166629761456 20.740309249609709 11.085174858570097 11.108629012480376 25.279429737478495 20.144760236144066 262.42858134768903 10.844508605077861 22.881375089287758 47.480587990954518
leaf_count=65 66 56 94 118 75 182 68 69 119 86 1475 75 132 288
internal_value=-0.000178879 -0.000380997 -0.000163281 -0.000361207 -9.02583e-05 -0.000334751 1.00032e-05 -0.000364506 0.000539868 -6.07414e-05 0.000493929 -0.00348003 -0.00221396 -0.000505138
internal_weight=507.63 493.482 482.113 471.005 456.529 445.01 424.27 413.185 320.869 295.59 275.445 92.3151 81.2065 70.362
internal_count=2968 2902 2846 2752 2634 2559 2377 2309 1745 1626 1540 564 495 420
is_linear=0
shrinkage=0.02


Tree=315
num_leaves=15
num_cat=0
split_feature=18 17 13 1 4 11 16 13 13 16 17 10 10 17
split_gain=3.10487 3.55475 3.08171 3.62031 2.54418 2.75844 5.8265 2.54206 3.91806 2.4007 2.37451 5.64265 3.16845 3.0957
threshold=1.0000000180025095e-35 1052.5000000000002 0.90000000000000013 1.1145000000000003 0.41666666666666669 0.90000000000000013 1112.5000000000002 1.9000000000000001 2.2250000000000005 1091.2500000000002 1073.7500000000002 1.1666666666666667 0.83333333333333337 1235.0000000000002
decision_type=2 2 8 8 2 10 2 10 10 2 2 8 10 2
left_child=1 -1 3 -3 -2 -6 -7 10 9 -9 -4 12 -12 -13
right_child=4 2 7 -5 5 6 -8 8 -10 -11 11 13 -14 -15
leaf_value=0.0047645225873087851 0.0025941862815355766 -0.0084317206566707197 -0.011758434365711029 0.0052224255285643261 -0.0099217068055382582 0.0091771109722123215 -0.0055889052825571538 -0.0018114441948206888 -0.0066617574058087979 0.0094265971392518393 -0.0030425801812730205 -0.0047723098446571018 0.0082329347222421731 -0.014875123564410699
leaf_weight=30.261684328317642 210.03427199274302 9.0080865100026113 18.258618827909231 34.230497503653169 12.915906228125094 16.825012214481831 25.703665412962437 12.806229747831823 19.367136567831039 16.77233612537384 21.661344280466437 44.492637639865279 16.89393606968224 16.630354313179851
leaf_count=134 1184 58 93 246 60 78 148 68 117 100 132 281 103 158
internal_value=0.000101969 -0.00154131 -0.00246775 0.0022515 0.00159011 -0.00219209 0.000329389 -0.00369661 0.000136999 0.00466089 -0.0052754 -0.00398287 0.00198129 -0.00771628
internal_weight=505.862 240.383 210.121 43.2386 265.479 55.4446 42.5287 166.883 48.9457 29.5786 117.937 99.6783 38.5553 61.123
internal_count=2960 1490 1356 304 1470 286 226 1052 285 168 767 674 235 439
is_linear=0
shrinkage=0.02


Tree=316
num_leaves=15
num_cat=0
split_feature=13 6 14 8 6 7 1 6 11 17 3 3 14 1
split_gain=2.75746 2.35806 3.46773 2.12208 6.06375 2.17978 3.61458 2.57858 2.40745 5.15787 3.68968 5.18885 2.35896 5.4911
threshold=1.2916666666666667 0.58333333333333337 1092.5000000000002 2.0350000000000006 1.4166666666666667 1.2250000000000003 1.5250000000000004 1.1666666666666667 0.90000000000000013 1097.5000000000002 1.3666666666666669 1.6333333333333335 1202.5000000000002 1.7390300000000003
decision_type=8 2 2 10 2 2 10 2 10 2 2 2 2 8
left_child=1 2 -1 5 -5 6 8 -7 -3 -10 -11 -12 13 -9
right_child=-2 3 -4 4 -6 7 -8 12 9 10 11 -13 -14 -15
leaf_value=0.0044096885308086602 -0.0010438108399547371 -0.008574016831778988 -0.010674507509826268 0.0092459995973157641 -0.01262842247560333 0.01318409077825116 0.010204904824677639 0.0076372093950564284 0.012985353911293898 -0.010402767505568124 0.014165594145223441 -0.0080023138853880706 0.0067400817392765369 -0.0060529189837304799
leaf_weight=10.267523309215905 286.09572006575763 14.178492259234188 12.607974842190741 7.8206339031457928 11.058480640873311 12.893378913402556 11.27393491566181 21.412881162017584 9.3373386859893781 14.093362536281349 7.6110375300049764 7.3770247586071491 51.53886940330267 23.568523958325386
leaf_count=82 1599 73 76 78 86 74 82 121 44 97 57 64 250 160
internal_value=0.000241087 0.00194748 -0.00400294 0.00267288 -0.0035577 0.00336821 0.000420523 0.00506956 -0.00182798 0.000816011 -0.00339305 0.00343662 0.00386152 0.000488471
internal_weight=501.135 215.039 22.8755 192.164 18.8791 173.285 63.8712 109.414 52.5973 38.4188 29.0814 14.9881 96.5203 44.9814
internal_count=2943 1344 158 1186 164 1022 417 605 335 262 218 121 531 281
is_linear=0
shrinkage=0.02


Tree=317
num_leaves=15
num_cat=0
split_feature=15 10 1 9 13 15 9 9 14 1 15 9 9 14
split_gain=3.12329 2.92931 3.17639 4.16806 2.73821 4.20696 2.90566 3.2509 2.9029 2.79099 2.58217 4.00671 3.07069 2.417
threshold=1060.0000000000002 2.5833333333333335 1.2622500000000001 1.7970000000000004 1.9000000000000001 1146.2500000000002 1.8567500000000001 1.6750000000000003 1225.0000000000002 1.5090000000000003 1042.5000000000002 0.68831000000000009 1.6226666666666667 1127.5000000000002
decision_type=2 10 8 10 10 2 10 8 2 8 2 10 8 2
left_child=10 4 -3 -4 6 9 7 -2 -8 -6 11 -1 -13 -11
right_child=1 2 3 -5 5 -7 8 -9 -10 13 -12 12 -14 -15
leaf_value=0.0052816723075897153 -0.001192941120526699 0.012806597287475671 0.0065151137575676409 -0.0097240791173054206 0.00023666967107316837 -0.0020611919239130962 -0.0001703148463941517 -0.010387076197107811 0.013242047609549473 0.0046143647838036775 -0.014629259767141564 -0.019133802183118991 0.0023333076518615593 0.014577691964630943
leaf_weight=12.209769457578664 280.45690813660622 13.79564994946122 18.165313903242353 8.4459494985640031 24.065282046794891 47.283786483108997 16.174780748784546 15.31063538789749 9.7137098386883718 25.517230160534382 8.9652426820248348 5.9696421977132532 3.9965783935040244 16.367322593927383
leaf_count=100 1498 83 123 79 128 220 126 93 58 133 84 82 59 85
internal_value=-0.000117271 0.000290163 0.00537333 0.00119556 -0.000193373 0.00246815 -0.00113506 -0.00170228 0.0051675 0.00569782 -0.00615134 -0.00224057 -0.0110975 0.0087569
internal_weight=506.438 475.297 40.4069 26.6113 434.89 113.234 321.656 295.768 25.8885 65.9498 31.1412 22.176 9.96622 41.8846
internal_count=2951 2626 285 202 2341 566 1775 1591 184 346 325 241 141 218
is_linear=0
shrinkage=0.02


Tree=318
num_leaves=15
num_cat=0
split_feature=15 3 3 10 0 14 0 3 0 1 2 18 12 14
split_gain=2.25617 2.33591 4.19358 3.54473 4.53077 3.09233 2.71719 2.31793 2.56387 3.92651 3.52555 3.35833 3.26084 2.78921
threshold=1120.0000000000002 1.6333333333333335 1.4500000000000002 2.5833333333333335 1.3970166666666668 1191.2500000000002 1.6416666666666668 2.3666666666666671 1.2441666666666669 1.4855000000000003 1.1666666666666667 1.0000000180025095e-35 1.1666666666666667 1152.5000000000002
decision_type=2 2 2 10 10 2 10 2 8 8 2 2 8 2
left_child=7 2 3 4 -2 -3 -6 8 10 -10 -1 12 -11 -13
right_child=1 5 -4 -5 6 -7 -8 -9 9 11 -12 13 -14 -15
leaf_value=0.0011098610384910009 0.0017266057705291457 -0.00027609220411531696 -0.0064266030799204369 0.0092113472382130274 -0.013806610692323898 0.0090444411988173032 -0.00059505770866508448 -0.0066354368613845425 0.0090764820681528396 0.001993735548732009 -0.010911154399962153 0.0047861419252404665 -0.0090087933654795886 -0.005675411117602224
leaf_weight=19.082141526043415 184.73593574017286 25.189241260290146 29.654667008668184 20.352818410843611 11.746983192861082 31.580229073762894 12.358034193515776 27.948987543582916 18.916826579719782 17.155984111130238 18.621798135340214 45.527011271566153 26.633685046806931 12.14826914668083
leaf_count=126 906 131 154 117 66 156 73 259 121 138 120 297 190 73
internal_value=0.000310485 0.00133875 0.000525053 0.00144852 0.00065169 0.00497563 -0.00732688 -0.00143186 -0.000475959 0.000956403 -0.00495578 -0.000631288 -0.00474993 0.00252343
internal_weight=501.653 315.618 258.848 229.194 208.841 56.7695 24.105 186.035 158.086 120.382 37.7039 101.465 43.7897 57.6753
internal_count=2927 1603 1316 1162 1045 287 139 1324 1065 819 246 698 328 370
is_linear=0
shrinkage=0.02


Tree=319
num_leaves=15
num_cat=0
split_feature=9 11 9 9 2 8 3 8 9 8 1 10 9 1
split_gain=1.96673 3.59299 2.89656 2.84518 2.02554 3.89968 3.62287 1.77755 1.6964 3.22829 4.16176 2.7842 1.81951 2.29626
threshold=1.4990000000000003 1.4500000000000002 1.6110000000000004 1.4213200000000004 1.8333333333333337 2.0350000000000006 0.90000000000000013 1.8016666666666667 1.3637900000000005 1.1816666666666669 1.9310000000000003 1.1666666666666667 1.1610000000000003 1.2350000000000005
decision_type=10 10 10 8 2 10 2 10 10 10 10 10 10 10
left_child=3 7 -3 8 6 -6 -4 -2 9 10 12 -11 13 -1
right_child=1 2 4 -5 5 -7 -8 -9 -10 11 -12 -13 -14 -15
leaf_value=-0.00046482785670566302 0.003295289257918871 0.0081546010717086156 0.0035646090590720587 -0.0092133114036363623 0.012007565068384445 -0.0053250441967282692 -0.0090788391529456353 0.013289110946403088 0.006449882256629587 0.00068666297378497496 0.010553280457836808 -0.010397659238372025 0.0062917935664943405 -0.0063183078340588485
leaf_weight=285.04240473173559 16.777237288653854 12.123903468251227 13.077063530683516 15.1152645368129 8.9022324178367871 10.044390037655829 25.615193732082844 12.652339123189448 12.082247674465178 14.141733985394238 12.688221860677002 23.675260741263628 13.25032379478216 28.616066079586744
leaf_count=1542 104 66 81 106 68 89 203 72 72 84 87 157 76 154
internal_value=-0.000357701 0.00215249 -0.000344048 -0.000976875 -0.00224025 0.00301253 -0.00482351 0.00788735 -0.000634467 -0.000877705 -0.000252404 -0.00634175 -0.000702707 -0.00101724
internal_weight=503.804 99.1924 69.7628 404.612 57.6389 18.9466 38.6923 29.4296 389.496 377.414 339.597 37.817 326.909 313.658
internal_count=2961 683 507 2278 441 157 284 176 2172 2100 1859 241 1772 1696
is_linear=0
shrinkage=0.02


Tree=320
num_leaves=15
num_cat=0
split_feature=17 9 15 14 8 12 17 1 15 17 2 15 16 2
split_gain=2.20231 2.59839 1.92766 3.71916 4.67425 4.01135 3.28834 2.02782 1.79979 1.64751 4.88064 2.11067 3.04698 2.64312
threshold=1037.5000000000002 1.4990000000000003 1177.5000000000002 1117.5000000000002 1.5666666666666671 1.1666666666666667 1172.5000000000002 1.103 1132.5000000000002 1253.7500000000002 0.83333333333333337 1098.7500000000002 1187.5000000000002 2.1666666666666674
decision_type=2 10 2 2 10 10 2 10 2 2 2 2 2 2
left_child=8 9 3 6 -5 -6 -3 -4 -1 11 -11 13 -13 -2
right_child=1 2 7 4 5 -7 -8 -9 -10 10 -12 12 -14 -15
leaf_value=0.0094722386956865613 -0.0011740170606350439 -0.0036136192388585026 0.001434887678572879 0.0067360507187279837 -0.014376799599607564 -7.6755582403622134e-05 0.010176599038350762 0.012421598083195089 0.00054035317788716543 0.0044077804417458006 -0.0098403808996190573 -0.00029937533902003774 0.0094701942368203649 -0.009056163367299341
leaf_weight=15.940576426684855 59.94062745757401 9.4125464037060755 13.773190923035147 12.91448215395212 14.687010085210206 15.720602873712776 21.301147598773241 12.697720512747763 19.586350321769714 14.048833092674611 26.554699320346117 236.15121833235025 12.496949225664137 22.974023284390569
leaf_count=70 396 63 69 74 118 106 193 64 81 104 250 1130 63 180
internal_value=-3.43277e-05 -0.000399154 0.0024391 0.000749497 -0.00300265 -0.00722157 0.00596975 0.00696538 0.00469761 -0.00117013 -0.00492306 -0.000697121 0.000227606 -0.0034399
internal_weight=508.2 472.673 100.507 74.0358 43.3221 30.4076 30.7137 26.4709 35.5269 372.166 40.6035 331.563 248.648 82.9147
internal_count=2961 2810 687 554 298 224 256 133 151 2123 354 1769 1193 576
is_linear=0
shrinkage=0.02


Tree=321
num_leaves=15
num_cat=0
split_feature=7 18 11 10 0 1 8 10 15 10 11 15 0 0
split_gain=2.07174 1.82945 4.02138 2.25474 2.21294 2.32593 2.78978 2.55906 4.69861 5.93376 3.47188 2.25298 2.14307 4.22933
threshold=3.1000000000000005 1.0000000180025095e-35 0.77500000000000013 0.41666666666666669 2.0783333333333336 1.2970000000000004 1.8150000000000002 0.83333333333333337 1093.7500000000002 1.8333333333333337 1.5500000000000003 1152.5000000000002 0.43898333333333339 0.87333333333333341
decision_type=2 2 10 8 10 8 10 10 2 10 10 2 10 10
left_child=1 -1 3 -3 5 12 7 -7 10 -10 -9 -11 -4 -14
right_child=-2 2 4 -5 -6 6 -8 8 9 11 -12 -13 13 -15
leaf_value=-0.00095902780362371921 0.0079818949032687096 1.6566575852046139e-05 0.0057700122010270159 -0.0097596916029383373 -0.0045708972353274702 -0.0030211480372443916 0.012442235130697383 -0.0099204845325530193 0.0098660364774954875 0.004504538777445926 0.0049624485742251877 -0.0073194248446208443 -0.01181291913344909 0.0014216022438282008
leaf_weight=234.17826062068343 13.538872953504322 20.148591954261065 16.327782604843378 16.743745109066367 15.612301681190727 20.131969172507524 14.60883044451475 12.802847698330881 63.768569469451904 11.402545996010305 10.641530640423296 12.510990832000969 12.67302632331848 32.300502318888903
leaf_count=1446 62 93 88 83 116 101 101 93 305 69 97 64 67 174
internal_value=0.000540415 0.00032069 0.00147402 -0.0045609 0.00248931 0.00304077 0.00440663 0.00342497 0.00460929 0.00672046 -0.00323839 -0.00172697 -0.000227873 -0.00248357
internal_weight=507.39 493.851 259.673 36.8923 222.781 207.169 145.867 131.258 111.126 87.6821 23.4444 23.9135 61.3013 44.9735
internal_count=2959 2897 1451 176 1275 1159 830 729 628 438 190 133 329 241
is_linear=0
shrinkage=0.02


Tree=322
num_leaves=15
num_cat=0
split_feature=18 6 0 11 6 0 0 0 9 9 7 0 3 3
split_gain=1.88676 5.18254 2.51649 3.53832 3.34781 2.47801 2.81094 2.45027 4.21947 3.94577 3.63723 3.16238 2.16411 1.91071
threshold=1.0000000180025095e-35 3.1666666666666674 0.65125000000000011 0.90000000000000013 2.4166666666666674 1.0000000180025095e-35 0.89500000000000002 1.8078166666666668 1.1705600000000003 1.83579 1.3666666666666669 2.5050000000000003 1.4500000000000002 1.7083333333333337
decision_type=2 2 8 8 2 8 8 8 10 10 2 8 2 2
left_child=1 2 -1 -4 7 -2 -7 8 -5 -10 11 -9 -13 -12
right_child=5 -3 3 4 -6 6 -8 10 9 -11 13 12 -14 -15
leaf_value=-0.0080397320121130753 0.0076142341098690679 0.010544846247635156 0.0028862576616190249 0.010751859092361536 -0.012231152668803723 -0.0064288370489728507 0.0011576225099428033 -0.010258592966875283 -0.0060370565445096785 0.0069844481882055751 -0.0054235728732684799 0.0072931654938055077 -0.002548295737552963 -0.015596386551532376
leaf_weight=24.233982913196087 20.347684610635042 12.809887092560528 56.499897256493568 13.092857051640747 13.148202266544102 20.373223226517439 226.86343857273459 8.7923345584422332 28.104898387566209 12.730339646339415 25.467503197491169 17.586958233267069 16.468827959150076 10.691103156656025
leaf_count=144 104 60 299 71 78 104 1279 77 190 107 150 109 120 81
internal_value=-7.67498e-05 -0.0013628 -0.00207864 -0.00132956 -0.00296863 0.00107572 0.00050909 -0.00196801 0.00130562 -0.0019077 -0.00419091 -0.000214685 0.00259706 -0.00877017
internal_weight=507.211 239.627 226.817 202.583 146.083 267.584 247.237 132.935 53.9281 40.8352 79.0067 42.8481 34.0558 36.1586
internal_count=2973 1486 1426 1282 983 1487 1383 905 368 297 537 306 229 231
is_linear=0
shrinkage=0.02


Tree=323
num_leaves=15
num_cat=0
split_feature=10 1 6 1 13 1 18 13 11 1 11 1 13 13
split_gain=1.59992 6.76476 2.61079 2.97732 2.89301 4.93463 2.75638 2.59257 2.47123 2.3992 5.53061 2.39574 2.29714 3.22922
threshold=1.1666666666666667 1.9410000000000001 0.58333333333333337 1.8118000000000001 1.9000000000000001 1.5090000000000003 1.0000000180025095e-35 1.2250000000000003 1.9000000000000001 0.90200000000000014 1.9000000000000001 1.1550000000000002 0.45000000000000007 1.3666666666666669
decision_type=8 10 2 10 10 8 2 10 10 8 10 10 10 10
left_child=1 7 6 4 9 11 -2 -1 -5 10 -4 -6 -11 -14
right_child=2 -3 3 8 5 -7 -8 -9 -10 12 -12 -13 13 -15
leaf_value=0.003027330033728153 -0.015933355626265813 0.013648439291946297 -0.014037139932381502 -0.012892214083113217 0.0040578279550549804 0.010653017534596772 -0.0022715038760414644 -0.0014547173115354362 -5.7058525797149618e-06 -0.0083987174886894639 0.0029599582430685778 -0.0076476955369102406 0.0034704082019879983 -0.0028737689771692119
leaf_weight=80.37731802649796 8.2594290003180522 15.013563334941862 15.347532808780672 12.415424183011057 13.476727448403837 24.434989430010319 17.46363390237093 140.19513316452503 10.702042415738104 10.757328446954487 13.858634300529955 12.604693561792372 75.958498919382691 54.098857577890158
leaf_count=415 73 103 87 107 68 126 115 711 103 91 87 73 484 316
internal_value=-0.000104398 0.00109693 -0.00115519 -0.000502196 0.000226403 0.00438033 -0.00709028 0.000184847 -0.00717411 -0.0010262 -0.00614085 -0.00167275 7.04408e-05 0.000829683
internal_weight=504.964 235.586 269.378 243.655 220.537 50.5164 25.7231 220.572 23.1175 170.021 29.2062 26.0814 140.815 130.057
internal_count=2959 1229 1730 1542 1332 267 188 1126 210 1065 174 141 891 800
is_linear=0
shrinkage=0.02


Tree=324
num_leaves=15
num_cat=0
split_feature=7 7 9 9 9 1 9 7 14 16 16 9 18 7
split_gain=2.79842 3.06405 1.97459 3.34609 2.07549 2.04344 2.21872 2.32342 4.5663 3.3283 3.0437 2.06989 2.01936 4.43184
threshold=0.45000000000000007 0.22500000000000003 1.5190000000000003 1.6110000000000004 2.4750000000000001 1.4130000000000005 1.379 1.9000000000000001 1235.0000000000002 1157.5000000000002 1107.5000000000002 0.90900000000000014 1.0000000180025095e-35 2.4500000000000006
decision_type=2 2 10 10 10 8 10 2 2 2 2 8 2 2
left_child=1 -1 5 -4 -5 6 7 9 -9 10 11 -2 -7 -14
right_child=2 -3 3 4 -6 12 -8 8 -10 -11 -12 -13 13 -15
leaf_value=0.0021218399821564772 -0.0080686441987392957 -0.01104973596716149 0.010618707596385231 4.9693523773256951e-05 0.010089035577707095 -0.00087251350417710349 -0.0096350946518500465 0.011143950086625973 -0.0028026804217278151 -0.012625101141882736 0.0061657660025784379 0.0020333127790346721 0.0037654787995183778 -0.0085278961292872251
leaf_weight=11.32566291280091 21.577743649482727 16.626209277659655 18.184320069849491 68.433491667732596 8.3657054398208839 131.46555431000888 13.504597321152685 14.276105303317307 23.603058665990829 12.02955788746476 14.589748252183197 12.135774061083792 121.8103980012238 12.023342460393904
leaf_count=82 105 113 97 483 62 781 79 73 113 90 80 60 667 58
internal_value=0.000212658 -0.00582387 0.000581699 0.00314277 0.0012589 -7.01311e-05 -0.00232717 -0.00123531 0.00260504 -0.00364959 -0.00120357 -0.00447845 0.000885471 0.00260601
internal_weight=499.951 27.9519 471.999 94.9835 76.7992 377.016 111.717 98.212 37.8792 60.3328 48.3033 33.7135 265.299 133.834
internal_count=2943 195 2748 642 545 2106 600 521 186 335 245 165 1506 725
is_linear=0
shrinkage=0.02


Tree=325
num_leaves=15
num_cat=0
split_feature=11 0 13 13 4 1 8 8 1 0 15 11 0 0
split_gain=2.83845 2.78139 2.50368 2.41498 4.26409 3.11815 3.14964 4.30028 4.17793 3.83512 3.21766 2.16059 1.98864 2.55514
threshold=2.5500000000000003 1.1380333333333337 1.2916666666666667 0.70833333333333337 0.41666666666666669 1.7900000000000003 1.4750000000000003 1.132266666666667 1.2536400000000001 1.5150000000000003 1112.5000000000002 1.1000000000000003 2.268333333333334 1.3000000000000005
decision_type=10 10 8 10 2 10 10 10 10 8 2 10 10 8
left_child=2 -2 3 4 11 6 7 9 -8 -5 -11 -1 13 -4
right_child=1 -3 12 5 -6 -7 8 -9 -10 10 -12 -13 -14 -15
leaf_value=-0.0056588393420414643 0.010209929484962146 -0.0022250901398921108 -0.0042946311094287978 0.009751173669527451 -0.012596083546074652 -0.0072188846049009991 0.0019853918810937479 -0.0086325529640338041 0.017353195772737248 -0.006154118280969627 0.0034027582671135271 0.0043402432795743495 -0.0097575578512028825 -7.2498609150968975e-05
leaf_weight=12.324093993753193 18.878001004457477 10.795662416145204 81.644984629005194 25.342279225587845 11.716660931706427 11.203299896791576 15.481979746371509 12.962715193629263 12.507717078551648 18.536117056384683 49.646107640117407 23.666854875162244 10.833242259919642 187.31930436007679
leaf_count=66 135 101 441 128 69 94 92 76 79 130 240 174 93 1019
internal_value=-0.000135721 0.00576086 -0.000516867 0.00122927 -0.00263858 0.00250527 0.0033627 0.00175317 0.00921449 0.00326875 0.000753212 0.000855919 -0.00172383 -0.0013653
internal_weight=502.859 29.6737 473.185 193.388 47.7076 145.68 134.477 106.487 27.9897 93.5245 68.1822 35.9909 279.798 268.964
internal_count=2937 236 2701 1148 309 839 745 574 171 498 370 240 1553 1460
is_linear=0
shrinkage=0.02


Tree=326
num_leaves=15
num_cat=0
split_feature=3 16 17 17 12 2 17 8 16 3 11 7 15 11
split_gain=2.90349 4.52332 3.73277 2.74144 4.44728 4.62361 2.67658 2.59836 2.22879 3.82364 3.91888 3.57212 4.1074 2.6999
threshold=1.1000000000000003 1202.5000000000002 1292.5000000000002 1142.5000000000002 1.5833333333333337 0.41666666666666669 1062.5000000000002 0.88321666666666687 1167.5000000000002 1.2916666666666667 2.5500000000000003 1.2250000000000003 1088.7500000000002 0.90000000000000013
decision_type=2 2 2 2 10 2 2 10 2 2 10 2 2 8
left_child=1 3 -3 6 5 -5 -1 -6 13 -10 11 12 -11 -2
right_child=8 2 -4 4 7 -7 -8 -9 9 10 -12 -13 -14 -15
leaf_value=-0.0062571144768874187 0.0057376709804552685 0.013170167995651181 -0.0030542986419051506 -0.00044038718702159475 0.0070911070353266029 -0.015057399260555399 0.0013230185726026192 -0.0055721219881354131 -0.010419718874706326 -0.0064345758920027057 0.013448652397735088 -0.0069721193355976197 0.010591812238706281 0.0012856103798040133
leaf_weight=23.365429498255253 77.369626767933369 13.527851171791555 8.7849291525781137 13.296972684562204 12.257610123604538 24.135689798742533 78.268060319125652 11.700807929039 13.869560234248636 8.301526168361308 7.5784249771386376 21.477438492700458 13.898043390363453 181.59234157204628
leaf_count=101 387 76 87 68 63 147 368 76 109 91 83 158 95 1078
internal_value=0.000662966 -0.00132915 0.00692531 -0.00249425 -0.00579464 -0.0100116 -0.000463632 0.000931176 0.00180279 -0.00148715 0.00108312 -0.00131543 0.00422188 0.0026327
internal_weight=509.424 185.337 22.3128 163.025 61.3911 37.4327 101.633 23.9584 324.087 65.125 51.2554 43.677 22.1996 258.962
internal_count=2987 986 163 823 354 215 469 139 2001 536 427 344 186 1465
is_linear=0
shrinkage=0.02


Tree=327
num_leaves=15
num_cat=0
split_feature=9 6 17 2 7 2 2 9 8 10 17 17 10 7
split_gain=3.28401 2.53238 5.84979 3.36001 2.50263 2.45333 1.99722 3.56748 2.42111 1.52482 3.54919 2.52838 4.51873 3.41818
threshold=1.5190000000000003 1.8333333333333337 1197.5000000000002 1.1666666666666667 1.7750000000000001 2.8333333333333335 1.1666666666666667 1.6840000000000004 2.0350000000000006 2.1666666666666674 1097.5000000000002 1142.5000000000002 2.8333333333333335 1.4500000000000002
decision_type=10 2 2 2 2 2 2 10 10 10 2 2 10 2
left_child=5 4 -3 -4 6 9 -2 -8 -9 10 -1 -11 13 -13
right_child=1 2 3 -5 -6 -7 7 8 -10 11 -12 12 -14 -15
leaf_value=0.0011000985431606305 -0.0032252557955380653 0.015184046804909104 -0.0073653569680962577 0.0080864421013107056 -0.008195766155848775 -0.0082046201464321573 -0.0043469656555434437 0.014441403380418808 0.0014068129079377078 -0.0045758919834350898 -0.0029490660856091823 0.0032592672719605848 -0.0031317150640092 0.020926401162080263
leaf_weight=165.88632939010859 16.280316784977913 17.748426869511604 11.183293104171755 9.4645789153873903 9.809761814773081 16.607421468943357 10.388403868302701 13.730373667553069 9.6829048674553615 11.733449101448057 179.22448471002281 9.1226510927081161 12.207537882030008 8.288906414061783
leaf_count=765 115 84 72 65 65 124 72 101 92 55 1101 76 98 48
internal_value=-0.000101781 0.00315735 0.0070962 -0.000236194 0.00055711 -0.000902362 0.00239845 0.00512191 0.00932919 -0.000568198 -0.00100518 0.00301627 0.00607508 0.0123496
internal_weight=501.359 98.2881 38.3963 20.6479 59.8918 403.071 50.082 33.8017 23.4133 386.463 345.111 41.3525 29.6191 17.4116
internal_count=2933 666 221 137 445 2267 380 265 193 2143 1866 277 222 124
is_linear=0
shrinkage=0.02


Tree=328
num_leaves=15
num_cat=0
split_feature=1 9 3 8 8 8 7 3 1 15 15 8 8 14
split_gain=3.0783 4.41086 4.34363 4.11459 5.81867 4.97358 3.64094 3.2057 3.18793 3.32221 3.08085 7.11055 3.10728 2.67334
threshold=1.3530000000000002 1.0010000000000001 2.5500000000000003 1.4279666666666671 1.0983333333333334 0.97166666666666679 2.3666666666666671 2.5500000000000003 1.8968100000000001 1088.7500000000002 1210.0000000000002 1.7283333333333335 2.0683333333333338 1217.5000000000002
decision_type=10 10 2 10 8 10 2 2 10 2 2 10 10 2
left_child=3 -2 6 4 5 7 8 -1 9 -3 11 -5 -13 -11
right_child=1 2 -4 10 -6 -7 -8 -9 -10 13 -12 12 -14 -15
leaf_value=-0.00046979247741176704 -0.010226219873465225 -0.0099425539227173884 -0.013776762706645527 0.012151903448579726 -0.0092342557552182198 0.012216372252789529 -0.010111526626132001 0.0091791200874410759 0.0075866924656394366 0.0040719517758086039 0.011584147978456652 -0.014431377417907515 0.0016541374152318573 -0.006705760720486083
leaf_weight=269.7075959444046 25.34191707149148 11.701059482991694 8.7483754353597742 13.629982836544515 25.202117290347815 13.04012857377529 10.953577633947132 13.511246835812925 24.588927038013935 37.545014150440693 20.812706351280212 8.5869110394269246 9.259369168430565 11.128050494939087
leaf_count=1432 147 107 101 79 147 64 70 88 189 228 99 64 72 63
internal_value=-0.000270229 -0.00290876 -0.00105702 0.000652884 -0.000199756 0.000597269 0.000233304 2.11952e-05 0.00166909 -0.000825353 0.00580011 0.00173666 -0.00644063 0.00152247
internal_weight=503.757 130.007 104.665 373.75 321.461 296.259 95.9166 283.219 84.9631 60.3741 52.289 31.4763 17.8463 48.6731
internal_count=2950 905 758 2045 1731 1584 657 1520 587 398 314 215 136 291
is_linear=0
shrinkage=0.02


Tree=329
num_leaves=15
num_cat=0
split_feature=17 8 17 16 1 2 7 16 8 0 0 6 6 3
split_gain=2.41396 2.47847 4.38076 2.44243 2.22019 2.87644 1.83989 2.72482 2.71673 3.29417 3.57592 2.28459 2.22177 5.58756
threshold=1042.5000000000002 1.7905500000000003 1197.5000000000002 1120.0000000000002 1.7510000000000001 1.1666666666666667 2.7750000000000004 1112.5000000000002 1.6050000000000002 0.88075000000000003 0.5615500000000001 2.5833333333333335 0.83333333333333337 1.1000000000000003
decision_type=2 10 2 2 10 2 2 2 8 8 10 2 2 2
left_child=-1 6 3 -3 5 -4 8 -8 9 10 -2 12 13 -11
right_child=1 2 4 -5 -6 -7 7 -9 -10 11 -12 -13 -14 -15
leaf_value=0.0043882987923266562 -0.0021873284798853841 0.0025637922586925531 -0.0048480808764283893 0.015301261912886908 -0.010548651032701025 0.0077601506998574666 -0.0035159953194662313 0.0082023011496801194 -0.0083346865883467177 0.010390502852260054 -0.012755472535641486 0.0061675913115056911 -0.0019420025334097367 -0.0013478529794317695
leaf_weight=38.823036059737206 42.085165075957775 11.845992516726257 14.173090580850841 12.352375693619249 7.3482163064181796 12.87228028103709 12.908991485834123 17.919546231627464 22.032321988604963 21.705086633563042 17.765104085206985 18.940491259098053 202.17848713696003 56.154294110834599
leaf_count=168 237 64 107 64 88 102 60 84 154 115 98 93 1189 371
internal_value=-0.000341042 -0.000739945 0.00307543 0.009415 -0.0015249 0.00121555 -0.00128909 0.00333914 -0.00167148 -0.00124033 -0.0054823 -0.000375716 -0.000838647 0.00201475
internal_weight=509.104 470.281 58.592 24.1984 34.3936 27.0454 411.689 30.8285 380.861 358.829 59.8503 298.978 280.038 77.8594
internal_count=2994 2826 425 128 297 209 2401 144 2257 2103 335 1768 1675 486
is_linear=0
shrinkage=0.02


Tree=330
num_leaves=15
num_cat=0
split_feature=9 8 7 1 9 16 12 10 0 0 8 5 16 10
split_gain=2.60557 2.27322 1.83455 4.51183 2.94593 2.28499 2.22156 1.80225 1.7343 3.49379 2.09787 1.9019 3.98564 2.33114
threshold=2.3810000000000007 2.2483333333333335 2.1000000000000005 0.6379800000000001 1.5240000000000002 1290.0000000000002 1.5833333333333337 1.5833333333333337 0.85391666666666699 0.95499999999999996 0.45166666666666672 1.0000000180025095e-35 1107.5000000000002 0.83333333333333337
decision_type=10 8 2 10 10 2 10 10 10 10 10 2 2 10
left_child=1 2 5 7 6 8 -5 -4 10 -10 11 12 -1 -13
right_child=-2 -3 3 4 -6 -7 -8 -9 9 -11 -12 13 -14 -15
leaf_value=0.0098598170689507009 0.0098370643939925811 -0.0081862370307374619 0.0049227303691061833 -0.0036092009463088368 -0.00033051222697119383 -0.0066987427698465916 -0.015531544606705116 -0.0028893254625538046 0.013175476750783519 0.0019359033492835735 -0.0062791314017700559 -0.0039129842834977916 -0.0015174088328921177 0.0012631557905484591
leaf_weight=23.258026726543903 10.163519466295837 12.002724291756747 30.18666186183691 11.300244919955732 17.56026353687048 14.273338937200604 15.493797883391379 18.179710552096367 11.069535113871096 141.27744702622294 18.056726101785898 50.420668378472328 24.551794230937958 106.7520342990756
leaf_count=113 78 110 137 64 97 188 83 90 58 876 95 250 161 568
internal_value=0.00028201 6.61166e-05 0.000287965 -0.00222571 -0.00676237 0.000890269 -0.0108141 0.00198733 0.00119586 0.00283316 6.98397e-05 0.000656884 0.00410588 -0.00041158
internal_weight=504.546 494.383 482.38 92.7207 44.3543 389.66 26.794 48.3664 375.386 152.347 223.039 204.983 47.8098 157.173
internal_count=2968 2890 2780 471 244 2309 147 227 2121 934 1187 1092 274 818
is_linear=0
shrinkage=0.02


Tree=331
num_leaves=15
num_cat=0
split_feature=5 16 14 1 16 16 4 14 4 17 0 0 5 16
split_gain=1.88542 1.81941 3.59013 3.64847 4.71984 3.10074 5.4981 2.69535 4.43717 3.51405 2.57545 3.95241 1.98256 2.04134
threshold=0.77500000000000013 1197.5000000000002 1212.5000000000002 1.1230000000000004 1290.0000000000002 1127.5000000000002 0.58333333333333337 1102.5000000000002 1.0000000180025095e-35 1172.5000000000002 1.2441666666666669 0.88666666666666705 0.29166666666666669 1162.5000000000002
decision_type=2 2 2 8 2 2 2 2 2 2 8 10 2 2
left_child=1 5 3 -3 -5 -1 7 8 9 -7 11 -9 13 -12
right_child=-2 2 -4 4 -6 6 -8 10 -10 -11 12 -13 -14 -15
leaf_value=0.00095504984662569796 -0.0060368647170118365 -0.010400271939149348 0.010563322449166569 0.010100103787880078 -0.0059695671199310844 0.0042393200257258359 -0.010939292463476687 -0.0057867653882477752 0.010021088004930073 -0.011806030120320971 -0.0040531992133474026 0.010513691529035954 0.0004749151071962572 -0.013317444026786208
leaf_weight=278.31961984932423 19.570923848077655 9.1708168126642686 18.137412488460541 16.618847370147709 11.63134543225169 11.264255508780481 25.151861630380154 10.26823500543833 19.368360888212919 8.9559612870216352 31.488561190664768 11.752954877912996 19.71860009431839 13.625555943697689
leaf_count=1438 99 80 111 127 177 71 140 62 126 92 174 72 104 82
internal_value=-0.000106232 0.000144769 0.00351714 -8.40878e-05 0.00350591 -0.000298198 -0.00259028 -0.000856694 0.00341389 -0.00308895 -0.00281995 0.00299177 -0.00480943 -0.00707934
internal_weight=505.043 485.472 55.5584 37.421 28.2502 429.914 151.594 126.442 39.5886 20.2202 86.8539 22.0212 64.8327 45.1141
internal_count=2955 2856 495 384 304 2361 923 783 289 163 494 134 360 256
is_linear=0
shrinkage=0.02


Tree=332
num_leaves=15
num_cat=0
split_feature=9 9 14 15 12 0 1 12 18 6 14 0 0 15
split_gain=2.48292 3.04717 1.90634 2.221 1.9218 4.80826 4.1135 4.36711 4.02538 3.72503 4.3941 3.55537 3.52889 3.43221
threshold=2.3370000000000002 2.0210000000000004 1357.5000000000002 1345.0000000000002 1.1666666666666667 1.2016666666666669 1.5970000000000002 0.58333333333333337 1.0000000180025095e-35 1.1666666666666667 1202.5000000000002 1.3883333333333334 0.94500000000000017 1152.5000000000002
decision_type=10 8 2 2 10 8 8 10 2 2 2 8 10 2
left_child=1 2 3 4 6 -6 7 -1 12 13 -11 -7 -9 -8
right_child=-2 -3 -4 -5 5 11 9 8 -10 10 -12 -13 -14 -15
leaf_value=-0.0035541766633406646 0.0085204605347124658 -0.0085468737648526135 -0.0060441848209924131 0.0073454661479525705 -0.005839335225561332 0.0089129504685855534 2.6374013323132655e-05 -0.0068509308169186654 0.013981258372239356 -0.008617685058332181 0.0021163382684476024 -0.00026158287815288841 0.0091248376464057451 0.011666308313498144
leaf_weight=14.229046065360306 12.654645934700964 15.607468035072086 17.978609584271908 16.826264709234238 59.972915042191744 17.471634395420551 32.208890361711383 9.0218192860484141 25.8476203083992 32.851284200325608 27.180040575563908 197.48444764688611 11.422555629163979 13.786885932087896
leaf_count=88 95 144 83 74 339 91 232 54 134 226 132 1118 72 70
internal_value=0.000107892 -0.000125383 0.000167914 0.000424235 0.000144437 -0.000881838 0.00183371 0.00594808 0.00888223 -0.000548431 -0.00380266 0.000521942 0.00208423 0.00368936
internal_weight=504.544 491.889 476.282 458.303 441.477 274.929 166.548 60.521 46.292 106.027 60.0313 214.956 20.4444 45.9958
internal_count=2952 2857 2713 2630 2556 1548 1008 348 260 660 358 1209 126 302
is_linear=0
shrinkage=0.02


Tree=333
num_leaves=15
num_cat=0
split_feature=0 15 0 7 13 0 0 0 0 16 7 13 16 13
split_gain=2.6291 3.79634 3.92544 2.86511 5.98595 3.33174 2.94724 2.5963 2.14415 5.28774 4.83771 3.15509 2.30328 2.22034
threshold=0.85391666666666699 1232.5000000000002 0.43898333333333339 2.1000000000000005 0.90000000000000013 1.0383333333333338 1.1785500000000002 1.5083333333333335 1.571666666666667 1071.2500000000002 0.90000000000000013 1.5500000000000003 1026.2500000000002 2.7750000000000004
decision_type=8 2 10 2 8 8 8 10 8 2 2 10 2 10
left_child=1 2 -1 5 -5 -2 -7 -6 9 -8 -11 -12 -10 -14
right_child=3 -3 -4 4 7 6 8 -9 12 10 11 -13 13 -15
leaf_value=-0.0023249229895934711 0.0087852893620428661 0.0032411678375541359 -0.014514128889987779 0.0078397375509895641 -0.0032070797060993455 -0.0068482593123583247 0.016418493364231089 -0.013641590734162519 -0.0072600653145631598 -0.010275190633842197 0.010058280448045973 -0.0024621335216837756 0.00098004672668522831 0.010119815278075242
leaf_weight=34.398322384804487 24.691876340657473 25.31121676415205 14.582106545567511 16.854732345789671 48.971769358962774 15.89533720910549 12.102741256356238 11.184261206537483 11.958637446165083 9.2482853382825834 20.51078805141151 12.337601043283938 238.44844782352448 10.151183757930992
leaf_count=199 135 119 90 91 240 111 56 69 54 71 136 77 1469 56
internal_value=0.000486779 -0.00296421 -0.0061716 0.00108523 -0.00239069 0.00184313 0.0012998 -0.00533841 0.00173166 0.00531431 0.00181498 0.0054219 0.000968954 0.0013923
internal_weight=506.647 74.2916 48.9804 432.356 77.0108 355.345 330.653 60.156 314.758 54.1994 42.0967 32.8484 260.558 248.6
internal_count=2973 408 289 2565 400 2165 2030 309 1919 340 284 213 1579 1525
is_linear=0
shrinkage=0.02


Tree=334
num_leaves=15
num_cat=0
split_feature=14 12 13 16 13 12 14 2 14 13 13 8 1 9
split_gain=1.74558 1.3299 3.86922 4.18124 3.48163 5.87794 3.38937 3.17247 3.09134 3.0888 3.07299 2.88718 5.03144 2.6581
threshold=1357.5000000000002 1.1666666666666667 1.1000000000000003 1132.5000000000002 0.90000000000000013 0.83333333333333337 1193.7500000000002 1.4166666666666667 1188.7500000000002 1.3666666666666669 1.2250000000000003 1.6838666666666671 1.1490000000000002 1.1468933333333335
decision_type=2 8 10 2 10 10 2 2 2 10 10 10 10 8
left_child=1 2 4 9 5 11 7 -6 -7 -4 -5 12 -1 -3
right_child=-2 13 3 10 6 8 -8 -9 -10 -11 -12 -13 -14 -15
leaf_value=-0.0020367485485163002 -0.0056390326094863273 0.00083134050194506252 0.017562193041533961 0.0055454402719372379 -0.002328987046195091 0.018517708592246045 0.0020579095899644602 -0.017327942168184195 0.0027467888787347937 0.0052908188289599312 -0.0088035004421667448 -0.0097777760609230203 0.012482822610500748 -0.0032589863910052995
leaf_weight=45.252687206491828 18.780653983354568 211.27103069424629 13.039634335786102 12.460342284291984 11.459431111812593 10.034827105700971 14.844435058534144 10.841619893908499 9.7911055795848352 23.029245425015688 9.7396267130970937 11.098995914682744 11.036456497386096 89.724205359816551
leaf_count=287 88 1100 65 82 78 70 75 82 51 119 68 102 68 609
internal_value=0.000185092 0.00042243 0.00176399 0.00596938 -0.000238348 0.00194666 -0.00528509 -0.0100514 0.0112351 0.0100813 -0.00085788 -0.000910354 0.000978263 -0.000394706
internal_weight=502.404 483.624 182.628 58.2688 124.36 87.2141 37.1455 22.3011 19.8259 36.0689 22.2 67.3881 56.2891 300.995
internal_count=2944 2856 1147 334 813 578 235 160 121 184 150 457 355 1709
is_linear=0
shrinkage=0.02


Tree=335
num_leaves=15
num_cat=0
split_feature=14 10 3 11 8 1 4 1 16 3 14 3 4 10
split_gain=2.57323 1.41437 4.45207 1.80491 1.60546 1.50774 4.16613 3.04484 4.07432 2.74617 4.10276 2.57015 1.84241 4.53086
threshold=1357.5000000000002 2.8333333333333335 1.1000000000000003 2.5500000000000003 2.018333333333334 1.7510000000000001 1.0000000180025095e-35 1.5910000000000004 1107.5000000000002 2.5500000000000003 1122.5000000000002 2.5500000000000003 1.0000000180025095e-35 0.41666666666666669
decision_type=2 8 2 10 8 10 2 10 2 2 2 2 2 10
left_child=1 3 -3 5 -4 7 9 11 -9 10 -7 12 13 -1
right_child=-2 2 4 -5 -6 6 -8 8 -10 -11 -12 -13 -14 -15
leaf_value=0.0064994178253409279 -0.0074799592820236427 -0.014474955812507437 0.007826723182545103 0.0079302570619475196 -0.0046992425757743962 0.011952894039543234 -0.010482228273517687 -0.00039322861978320427 0.015664953821884323 -0.0082476198541460329 -0.0041631703765516058 0.0086799695820839982 0.0010437490070877209 -0.0035523293360600057
leaf_weight=20.506796412169933 16.468249320983887 9.2200000099837798 8.5252468660473788 11.992832727730272 6.2970242556184539 13.07724897563458 17.392462650313973 12.775520093739035 11.415836164727805 7.7270030956715337 10.74902945384383 13.177655352279542 237.94985181838274 108.39780387282372
leaf_count=97 78 66 72 91 65 102 129 70 73 86 71 89 1251 627
internal_value=6.31331e-05 0.0003318 -0.00429965 0.00057989 0.00254458 0.000368334 -0.00291157 0.000771689 0.00750561 0.00145526 0.00480743 0.000324461 1.5449e-06 -0.00191552
internal_weight=505.673 489.204 24.0423 465.162 14.8223 453.169 48.9457 404.223 24.1914 31.5533 23.8263 380.032 366.854 128.905
internal_count=2967 2889 203 2686 137 2595 388 2207 143 259 173 2064 1975 724
is_linear=0
shrinkage=0.02


Tree=336
num_leaves=15
num_cat=0
split_feature=13 2 16 15 14 7 16 11 16 15 7 9 0 12
split_gain=2.0301 2.93381 2.40818 2.13278 2.07219 1.88125 1.53081 3.4699 2.27958 2.99913 4.38142 3.13571 2.96724 1.88361
threshold=2.1000000000000005 1.5833333333333337 1088.7500000000002 1142.5000000000002 1132.5000000000002 1.3666666666666669 1060.0000000000002 0.90000000000000013 1127.5000000000002 1096.2500000000002 0.90000000000000013 1.0000000180025095e-35 2.0283333333333338 1.5833333333333337
decision_type=8 2 2 2 2 2 2 10 2 2 2 8 10 10
left_child=6 3 4 5 -3 -2 7 -1 12 10 11 -10 -8 -11
right_child=1 2 -4 -5 -6 -7 8 -9 9 13 -12 -13 -14 -15
leaf_value=0.0030151595761560204 0.0033323335314459955 -0.0011746599098067809 -0.0056032711455290965 -0.0097739457777863189 0.0097912679248588364 -0.007369189990585453 0.0019415347273858241 -0.0084944336823513083 0.010256210567446139 -0.0004169328723437302 -0.0095332142755751911 -0.0069802748357492006 0.011714820486760034 0.0045019554935423834
leaf_weight=19.340886183083057 13.697816111147405 12.371025029569866 12.226609721779822 25.450635299086571 14.037157110869883 10.947208357974885 161.53657409548759 20.895677506923676 9.4197320248931611 117.63282006047666 28.364999871701002 6.2022050013765702 12.544187217950819 41.281650152057409
leaf_count=87 70 67 85 122 65 60 835 95 87 721 280 72 90 235
internal_value=5.31425e-05 -0.00267664 0.00144858 -0.00582418 0.0047988 -0.00152323 0.000638701 -0.00302305 0.0010365 -0.000404416 -0.00496476 0.00340475 0.00270868 0.000881022
internal_weight=505.949 88.7305 38.6348 50.0957 26.4082 24.645 417.219 40.2366 376.982 202.901 43.9869 15.6219 174.081 158.914
internal_count=2971 469 217 252 132 130 2502 182 2320 1395 439 159 925 956
is_linear=0
shrinkage=0.02


Tree=337
num_leaves=15
num_cat=0
split_feature=13 6 0 10 10 11 0 0 9 11 8 0 11 11
split_gain=1.61358 1.37497 4.03437 3.66187 3.20269 5.10209 2.90602 3.77527 2.71224 3.70572 2.83083 2.50149 3.67675 3.88011
threshold=3.1000000000000005 0.83333333333333337 1.0083333333333337 0.83333333333333337 1.4166666666666667 1.7750000000000001 1.1785500000000002 1.2625000000000002 1.8567500000000001 2.1000000000000005 1.5915000000000001 0.89500000000000002 0.77500000000000013 0.90000000000000013
decision_type=10 2 8 10 10 10 8 8 10 10 8 8 10 10
left_child=1 11 3 -3 -5 -6 -4 -8 10 -10 -9 -1 -13 -14
right_child=-2 2 6 4 5 -7 7 8 9 -11 -12 12 13 -15
leaf_value=-0.0066811907751138299 0.0070063054854166808 -0.0041500233889719901 -0.0091823350721368241 0.0097634260699569902 -0.0093732613316737431 0.0062785501492467382 0.0094447364378654093 -0.0020611049775688794 0.012426453572316096 -0.003598536216669852 -0.0099765599150226265 -0.0048955426638909814 0.014673805878184083 0.0025163762523537333
leaf_weight=12.463407427072523 10.741571463644503 22.419089637696743 21.02880122885108 29.96343719959259 11.732148580253122 23.124674934893847 10.843890365213154 222.49748928099871 10.646110940724613 10.75469773635268 18.801586419343948 20.444139655679464 11.566407203674315 68.093735182657838
leaf_count=78 52 109 133 150 66 137 61 1246 77 105 127 106 61 457
internal_value=-0.00032276 -0.000495823 -0.00106828 0.00268866 0.00508104 0.000895958 -0.00218625 -0.00161694 -0.00210764 0.00457216 -0.00271649 0.00143818 0.00250516 0.00444163
internal_weight=505.121 494.38 381.812 87.2394 64.8203 34.8568 294.573 273.544 262.7 21.4008 241.299 112.568 100.104 79.6601
internal_count=2965 2913 2211 462 353 203 1749 1616 1555 182 1373 702 624 518
is_linear=0
shrinkage=0.02


Tree=338
num_leaves=15
num_cat=0
split_feature=3 9 10 3 10 0 10 13 9 15 14 6 15 1
split_gain=2.59257 2.42255 2.88766 3.66043 2.51 2.86809 2.95899 2.90578 2.60424 2.35275 2.09229 3.3178 4.57968 2.89115
threshold=2.7083333333333335 2.3370000000000002 2.8333333333333335 1.1000000000000003 2.5833333333333335 0.9010166666666668 1.8333333333333337 0.63333333333333341 1.8630000000000002 1086.2500000000002 1092.5000000000002 0.83333333333333337 1102.5000000000002 1.4710000000000003
decision_type=2 10 8 2 10 8 10 10 10 2 2 2 2 8
left_child=1 2 4 -4 5 -1 8 -8 10 -2 11 -7 -13 -12
right_child=9 -3 3 -5 -6 6 7 -9 -10 -11 13 12 -14 -15
leaf_value=-0.0034833800678309925 -0.015417437498111126 0.0088404978793639628 -0.016178780624292916 0.00042986798338226696 0.0078359975460848795 0.008754074660121923 -0.012396454944183588 -0.0010834707582151797 0.010135357511672103 -0.00018148016915445526 0.0040985940743128195 -0.0055998967330231422 0.0074932457760678271 -0.0010706790485889646
leaf_weight=71.23469602316618 7.074306607246398 12.114084031432865 8.6544596720486897 11.678263679146765 16.745343396440148 33.253335908055305 9.9918139260262233 53.678985366597772 12.944481939077376 8.1908756326884014 57.806097470223904 22.664463970810175 18.485777169466019 162.95008731260896
leaf_count=384 84 90 60 106 106 207 78 342 85 48 296 169 93 830
internal_value=0.000100556 0.000359453 0.000127519 -0.00706649 0.000460321 0.000164507 0.000870937 -0.00302304 0.00168282 -0.00775602 0.00127915 0.00415563 0.000320121 0.000295299
internal_weight=507.467 492.202 480.088 20.3327 459.755 443.01 371.775 63.6708 308.104 15.2652 295.16 74.4036 41.1502 220.756
internal_count=2978 2846 2756 166 2590 2484 2100 420 1680 132 1595 469 262 1126
is_linear=0
shrinkage=0.02


Tree=339
num_leaves=15
num_cat=0
split_feature=0 15 1 4 2 17 0 10 15 17 1 7 0 4
split_gain=2.0108 2.14509 3.89678 2.5918 3.6414 3.05657 2.68753 2.83238 2.57042 2.17986 1.9134 3.60318 3.20089 2.67381
threshold=2.4700000000000002 1210.0000000000002 0.80100000000000005 0.41666666666666669 0.83333333333333337 1010.0000000000001 0.9010166666666668 1.1666666666666667 1142.5000000000002 1106.2500000000002 1.7510000000000001 0.90000000000000013 1.9916666666666669 1.0000000180025095e-35
decision_type=10 2 10 2 2 2 10 8 2 2 10 2 10 2
left_child=1 3 -3 4 8 -6 7 -5 -1 -4 13 -12 -13 -7
right_child=-2 2 9 6 5 10 -8 -9 -10 -11 11 12 -14 -15
leaf_value=0.011434581000703348 0.0080658867651607798 0.0050621379846826952 -0.0089086144165179525 -0.0019819274723258907 0.0077642315447391244 -0.002565335372818649 0.0016728056444575213 -0.012122021938006929 -9.4412821591411698e-06 0.00093073371573133433 0.0050279627917343738 -0.015006783630656837 -0.0016883772545580066 0.0016408162880755322
leaf_weight=16.228217415511612 10.859783558174966 68.052779287099838 13.89023198187351 21.720337692648172 14.407086312770842 137.14947134256363 18.61149125918746 22.382161114364862 14.420086540281771 22.372668847441673 9.1321550011634809 14.999043464660646 13.669783221557735 106.58450001105666
leaf_count=99 91 300 62 111 62 849 112 147 76 116 89 121 113 610
internal_value=-7.25284e-05 -0.000267521 0.00226611 -0.000950485 -0.000229908 -0.000916567 -0.00464047 -0.00728273 0.00621998 -0.00297609 -0.0013867 -0.00551322 -0.00892729 -0.000726803
internal_weight=504.48 493.62 104.316 389.304 326.59 295.942 62.714 44.1025 30.6483 36.2629 281.535 37.801 28.6688 243.734
internal_count=2958 2867 478 2389 2019 1844 370 258 175 178 1782 323 234 1459
is_linear=0
shrinkage=0.02


Tree=340
num_leaves=15
num_cat=0
split_feature=1 6 1 0 15 17 7 1 7 3 3 7 10 3
split_gain=1.4354 3.10073 3.42066 3.08509 2.45269 2.95779 4.00948 3.5168 2.62545 2.16631 3.14237 3.30213 1.90332 3.3513
threshold=1.4710000000000003 2.1666666666666674 1.5250000000000004 1.5883333333333336 1167.5000000000002 1235.0000000000002 1.1000000000000003 1.9510000000000003 1.1000000000000003 2.5500000000000003 1.9000000000000001 0.90000000000000013 2.5833333333333335 1.1000000000000003
decision_type=10 2 10 10 2 2 2 10 2 2 2 2 10 2
left_child=3 2 -2 9 5 6 7 -4 -7 10 12 -12 -1 -14
right_child=1 -3 4 -5 -6 8 -8 -9 -10 -11 11 -13 13 -15
leaf_value=0.0003183304443867207 -0.011950304993207015 -0.0096236710164582882 -0.0099985960945167002 0.010032975891179262 0.0089160438786315809 0.0015092906532129867 0.0061947783241761032 0.0051813743790749545 -0.01510253642299619 0.0081147998607520415 -0.013635407215588235 -0.0014128780060645304 -0.0013164185076667289 0.012272972066058674
leaf_weight=302.25628876313567 8.181564733386038 16.268784245476127 15.376751612871887 12.810622837394474 11.941381543874739 6.2026959266513577 31.448527479544282 8.9429373629391176 8.2062369920313341 13.06964719109237 11.442234376445411 31.518698737025261 13.777776721864941 13.940726075321434
leaf_count=1598 54 105 102 71 63 76 196 78 84 89 79 178 87 99
internal_value=0.000192889 -0.00185841 -0.000369311 0.0007443 0.000914409 -0.00055329 0.00156399 -0.00443238 -0.00831768 0.000410903 0.000119938 -0.00490435 0.000786915 0.00570759
internal_weight=505.385 106.569 90.3001 398.816 82.1185 70.1771 55.7682 24.3197 14.4089 386.005 372.936 42.9609 329.975 27.7185
internal_count=2959 758 653 2201 599 536 376 180 160 2130 2041 257 1784 186
is_linear=0
shrinkage=0.02


Tree=341
num_leaves=15
num_cat=0
split_feature=9 9 8 16 15 6 3 16 16 15 9 12 14 15
split_gain=2.018 1.68341 1.75229 1.72966 3.00164 2.5391 1.71884 3.64108 2.54532 1.97839 1.78533 1.73721 4.98779 4.13256
threshold=2.3370000000000002 2.0210000000000004 2.101666666666667 1137.5000000000002 1096.2500000000002 0.83333333333333337 2.3666666666666671 1066.2500000000002 1042.5000000000002 1086.2500000000002 1.0690000000000002 1.8333333333333337 1097.5000000000002 1152.5000000000002
decision_type=10 8 8 2 2 2 2 2 2 2 10 10 2 2
left_child=1 3 -3 6 5 -5 8 -8 -1 10 -10 13 -13 -11
right_child=-2 2 -4 4 -6 -7 7 -9 9 11 -12 12 -14 -15
leaf_value=-0.0054057973920482848 0.0068677655019178576 -0.00016259262615673999 -0.013595364921156849 0.0029892585179939137 0.0024338292631517593 -0.0084348221638621355 0.0033057632466756311 -0.011797844651210053 0.0010002635607822513 -0.0061332685500253741 0.010105310673937329 0.012000792855430674 -0.001111791026029632 0.00083336402047703669
leaf_weight=44.782542198896408 12.802676184102891 7.3026810549199555 7.3588459882885227 11.563838554546235 125.42147897556424 20.444452349096537 9.4958204142749327 16.459761247038841 29.675602443516254 62.528823561966419 11.290256470441816 13.338658556342123 60.141088135540485 72.973541148006916
leaf_count=204 98 63 80 118 738 211 50 135 166 328 88 66 300 331
internal_value=-0.000678329 -0.000887893 -0.00734229 -0.000675056 0.00103746 -0.00434205 -0.00151637 -0.00635456 -0.00107024 -0.000275008 0.00369063 -0.00106625 0.00139768 -0.00240283
internal_weight=505.58 492.777 14.6615 478.116 157.43 32.0083 320.686 25.9556 294.731 249.948 40.9659 208.982 73.4797 135.502
internal_count=2976 2878 143 2735 1067 329 1668 185 1483 1279 254 1025 366 659
is_linear=0
shrinkage=0.02


Tree=342
num_leaves=15
num_cat=0
split_feature=5 2 16 14 16 17 3 9 16 13 17 3 9 9
split_gain=1.65507 1.93052 3.38768 3.70652 1.6901 4.87021 2.48578 2.45757 2.09691 2.47347 2.45117 2.04943 1.74733 2.57181
threshold=0.77500000000000013 0.41666666666666669 1086.2500000000002 1267.5000000000002 1060.0000000000002 1042.5000000000002 2.6333333333333337 0.59453000000000011 1071.2500000000002 2.2250000000000005 1108.7500000000002 1.5500000000000003 2.0210000000000004 1.8567500000000001
decision_type=2 2 2 2 2 2 2 10 2 10 2 2 10 10
left_child=1 2 -1 -4 5 -3 8 -7 11 12 -11 -6 13 -10
right_child=-2 4 3 -5 6 7 -8 -9 9 10 -12 -13 -14 -15
leaf_value=0.011742115569563574 -0.0057632652357507731 0.0024810274789390224 -0.0065067598404933763 0.0073159954248347859 0.0013562479403571252 -0.013567433142532543 -0.0076539780269172077 -0.002144733281810988 0.00066893449068247278 0.0014592891792378829 -0.011082062598162435 0.010750174389100116 -0.0044538682407637047 0.009287086253058378
leaf_weight=14.657063379883764 17.811558796092868 30.278388172388077 15.018503531813623 14.050638988614081 24.199334226548672 16.916154071688656 13.811452077701686 13.760270237922667 265.70358623377979 10.411541104316713 13.795648131519554 14.433390829712151 23.467179691419005 13.628130700439213
leaf_count=65 92 131 100 65 111 77 128 73 1590 49 92 72 206 90
internal_value=5.74157e-05 0.000283001 0.00424201 0.000195611 -0.000118794 -0.00318184 0.000380324 -0.00867311 0.000703856 0.000176743 -0.00584411 0.00504856 0.000675731 0.00112103
internal_weight=501.943 484.131 43.7262 29.0691 440.405 60.9548 379.45 30.6764 365.639 327.006 24.2072 38.6327 302.799 279.332
internal_count=2941 2849 230 165 2619 281 2338 150 2210 2027 141 183 1886 1680
is_linear=0
shrinkage=0.02


Tree=343
num_leaves=15
num_cat=0
split_feature=6 9 1 1 14 10 10 10 14 17 6 11 14 12
split_gain=2.8135 3.35792 2.89237 2.05166 2.285 1.93837 4.06531 2.51698 3.72974 2.71504 2.34588 3.98397 3.43158 4.35629
threshold=2.5833333333333335 2.3222500000000004 1.313666666666667 0.95699999999999996 1277.5000000000002 2.8333333333333335 3.1666666666666674 1.8333333333333337 1087.5000000000002 1172.5000000000002 0.83333333333333337 1.9000000000000001 1097.5000000000002 1.8333333333333337
decision_type=2 10 10 8 2 8 10 10 2 2 2 10 2 10
left_child=1 5 3 -2 -5 7 -7 10 9 -9 -1 12 13 -12
right_child=2 -3 -4 4 -6 6 -8 8 -10 -11 11 -13 -14 -15
leaf_value=0.0016568245366882514 0.00063162588409384557 0.010470892605828383 -0.004067762785233962 0.0042808397595092843 0.015024698814311285 -0.015383515111742617 0.0028138003070519984 0.0020631248022235571 0.0050347150837734434 -0.013575328702742882 -0.01102258242101818 -0.012444551821350069 -0.00021120642987075178 0.0012119041029595779
leaf_weight=88.689669832587242 17.421393278986216 10.185370594263075 12.988007094711064 19.29504295065999 13.969794705510138 9.3386640492826718 8.8531570304185134 8.8714881651103514 63.062109883874655 7.459476393647491 28.477087175473571 13.13204053789377 179.66394158825278 18.939525853842497
leaf_count=517 83 87 80 97 61 73 80 53 397 84 194 90 933 116
internal_value=0.000227826 -0.000348005 0.00412115 0.0062576 0.0090996 -0.000630271 -0.00684251 -0.00033744 0.00283682 -0.00545117 -0.00110994 -0.00213411 -0.00148591 -0.00621169
internal_weight=500.347 436.673 63.6742 50.6862 33.2648 426.487 18.1918 408.295 79.3931 16.331 328.902 240.213 227.081 47.4166
internal_count=2945 2624 321 241 158 2537 153 2384 534 137 1850 1333 1243 310
is_linear=0
shrinkage=0.02


Tree=344
num_leaves=15
num_cat=0
split_feature=1 13 13 17 13 13 0 11 16 0 3 6 6 1
split_gain=1.7466 3.37679 2.44832 3.89544 2.31463 2.18937 2.11317 3.62001 4.96617 3.63693 3.83578 2.10302 2.69481 2.06994
threshold=1.1550000000000002 2.7083333333333335 0.90000000000000013 1207.5000000000002 1.1000000000000003 2.7750000000000004 1.7583333333333335 1.9000000000000001 1068.7500000000002 1.2316666666666671 1.5500000000000003 0.83333333333333337 1.5833333333333337 1.0866800000000001
decision_type=10 10 10 2 10 10 10 8 2 10 2 2 2 10
left_child=5 2 3 -2 -4 13 7 8 -6 -10 -11 -8 -13 -1
right_child=1 -3 4 -5 6 -7 11 -9 9 10 -12 12 -14 -15
leaf_value=0.00036571082166009738 0.011447816121863283 -0.011893820929146854 -0.0084981233526278486 -0.0038641574071774029 0.0075824694717524545 0.0083188930279464463 0.002906080130321495 0.0097574962896637332 -0.014229599513462513 0.0059019941576167311 -0.0085758741657164135 -0.01202774971151924 -0.00064531510381380947 0.0088727814439839413
leaf_weight=309.98699053563178 14.333713456988336 10.543507127091287 16.78279684856534 11.039674347266553 17.468406438827515 14.76638115569949 11.936277750879524 15.113865403458474 10.900243829935787 14.55137422680855 12.843937879428266 16.762627890333533 15.875558353960512 10.884712606668471
leaf_count=1699 73 60 121 118 83 73 90 108 71 84 91 131 105 61
internal_value=0.000207986 -0.00145048 -0.000681269 0.00489184 -0.00177933 0.0010407 -0.000738062 0.00140505 -0.000990758 -0.00499485 -0.000948739 -0.00410187 -0.00667499 0.00068096
internal_weight=503.79 168.152 157.608 25.3734 132.235 335.638 115.452 70.8778 55.764 38.2956 27.3953 44.5745 32.6382 320.872
internal_count=2968 1135 1075 191 884 1833 763 437 329 246 175 326 236 1760
is_linear=0
shrinkage=0.02


Tree=345
num_leaves=15
num_cat=0
split_feature=15 3 1 1 3 10 0 3 3 3 0 10 15 1
split_gain=3.27844 2.32118 2.08201 2.46179 2.26391 2.00969 1.95282 2.67044 1.91555 1.58338 4.85647 2.38896 2.66053 2.00152
threshold=1060.0000000000002 0.22500000000000003 1.9510000000000003 1.7390300000000003 1.7750000000000001 1.1666666666666667 2.3075000000000006 1.9000000000000001 2.5500000000000003 1.9000000000000001 1.2316666666666671 2.5833333333333335 1148.7500000000002 1.3850000000000002
decision_type=2 2 10 10 2 10 8 2 2 2 10 10 2 10
left_child=6 -2 3 8 -5 -4 -1 -8 9 11 -11 13 -13 -3
right_child=1 2 5 4 -6 -7 7 -9 -10 10 -12 12 -14 -15
leaf_value=-0.013791611698084972 -0.0068569077615912664 0.0012194421393695828 0.012564260218663512 -0.012390074169514782 0.00086288226391829481 0.0013923493288931722 -0.0094732619762240289 0.003742124825918285 0.0086607537069872623 -0.0067933384392139945 0.0063991801529102166 -0.00052441981830176612 0.011419767111691679 -0.0033963967065253676
leaf_weight=8.2667561154812592 15.112197855487464 273.12477449513972 10.582755677402021 10.042360059916975 9.4426746517419797 15.153431005775927 10.85502930916846 11.809344989247618 11.242983028292654 34.437989059835672 15.379357818514107 12.659141127020122 16.871438778936863 42.567662507295609
leaf_count=114 78 1426 59 75 67 112 99 119 70 195 83 108 91 243
internal_value=0.000182323 0.00060535 0.000869718 0.000528464 -0.00623894 0.00628437 -0.00601843 -0.00272019 0.000867545 0.000624439 -0.00267483 0.00110689 0.00645008 0.000588288
internal_weight=497.548 466.617 451.505 425.768 19.485 25.7362 30.9311 22.6644 406.283 395.04 49.8173 345.223 29.5306 315.692
internal_count=2939 2607 2529 2358 142 171 332 218 2216 2146 278 1868 199 1669
is_linear=0
shrinkage=0.02


Tree=346
num_leaves=15
num_cat=0
split_feature=0 0 6 14 0 17 10 6 11 14 0 17 9 0
split_gain=2.1217 2.95938 3.34615 3.39936 6.7467 3.63654 3.05937 2.63059 2.19152 3.85113 1.73987 3.48089 3.64184 3.5531
threshold=1.2016666666666669 1.0950000000000004 1.1666666666666667 1253.7500000000002 0.9010166666666668 1188.7500000000002 1.4166666666666667 1.8333333333333337 2.2916666666666674 1167.5000000000002 1.5783333333333336 1071.2500000000002 1.4122500000000004 1.3200333333333336
decision_type=8 10 2 2 10 2 10 2 8 2 8 2 10 10
left_child=1 2 6 4 7 -5 -1 -4 10 -10 11 -2 -13 -14
right_child=8 -3 3 5 -6 -7 -8 -9 9 -11 -12 12 13 -15
leaf_value=-0.00085643680821551927 0.013552283190624006 -0.009970097510469518 -0.0059745788617828581 0.0016078359317370631 0.01685276135845391 -0.010902025011568133 -0.012912123873173687 0.0055240349245991938 0.0032333710685961471 -0.010186717038204569 0.00082375750908866472 -0.0042712220817248186 -0.0025111940429502965 0.012282283720706624
leaf_weight=19.897754449397326 12.466692566871641 15.135723251849411 14.557506725192072 25.680550843477249 12.702751290053127 13.383212901651858 13.795422837138174 15.29313839226961 15.587290316820143 17.006340410560369 276.8424726286903 20.394672771915793 9.9529920145869273 16.231230821460485
leaf_count=111 55 98 85 113 71 73 99 85 153 113 1572 120 59 106
internal_value=0.000237238 -0.00194557 -0.000815599 0.00138077 0.00523457 -0.00284317 -0.00602245 -9.54821e-05 0.00101315 -0.00386361 0.00149644 0.00458413 0.00194944 0.00677355
internal_weight=498.928 130.446 115.31 81.6172 42.5534 39.0638 33.6932 29.8506 368.482 32.5936 335.888 59.0456 46.5789 26.1842
internal_count=2913 735 637 427 241 186 210 170 2178 266 1912 340 285 165
is_linear=0
shrinkage=0.02


Tree=347
num_leaves=15
num_cat=0
split_feature=1 1 13 8 1 6 6 8 10 3 0 5 11 3
split_gain=2.17233 5.49318 2.8949 8.98367 4.23436 2.901 3.46627 2.86349 2.42047 3.07017 2.5064 2.38038 4.11236 3.27569
threshold=1.3530000000000002 1.2970000000000004 0.90000000000000013 1.4416666666666667 1.5622500000000004 2.1666666666666674 1.5833333333333337 1.0983333333333334 1.1666666666666667 1.9000000000000001 1.9048833333333337 0.45000000000000007 1.2250000000000003 0.55000000000000016
decision_type=10 10 10 10 10 2 2 10 10 2 10 2 10 2
left_child=1 11 3 -2 7 6 8 -4 10 -10 -6 -1 13 -13
right_child=2 -3 4 -5 5 -7 -8 -9 9 -11 -12 12 -14 -15
leaf_value=0.001468137736902634 0.020742633453700612 0.014597327134232983 -0.015360155692119022 -0.0067931531922237314 0.010348225426540238 -0.0093712168274106538 0.0085502704380236716 -0.0040616458067134391 0.0008838027308743446 -0.013024747575225695 -0.0032129963209856951 -0.0010221621160600885 0.0022325971877415625 -0.012451343828135203
leaf_weight=287.0524190813303 7.4447324797511127 10.626058807596563 13.815283376723526 9.9960139617323858 9.5935612134635466 10.740970920771359 18.219089280813932 25.487669009715319 13.126917790621521 11.082736878655849 10.49578397721052 19.798947690054774 37.755944952368736 19.744898959994316
leaf_count=1606 44 63 73 94 57 70 122 162 99 112 82 94 205 95
internal_value=0.000290515 0.00106276 -0.00192805 0.00544817 -0.00310886 -0.000241039 0.00145042 -0.00831573 -0.00159387 -0.00574737 0.0034467 0.000629161 -0.00246534 -0.00689529
internal_weight=504.981 374.978 130.003 17.4407 112.562 73.2591 62.5181 39.303 44.299 24.2097 20.0893 364.352 77.2998 39.5438
internal_count=2978 2063 915 138 777 542 472 235 350 211 139 2000 394 189
is_linear=0
shrinkage=0.02


Tree=348
num_leaves=15
num_cat=0
split_feature=17 16 4 5 3 15 0 13 6 14 13 0 3 11
split_gain=2.58461 3.90181 3.39908 3.0482 3.65313 1.60675 3.61987 3.90362 3.30524 3.26079 5.17153 3.01535 3.82045 3.10334
threshold=1327.5000000000002 1202.5000000000002 1.0000000180025095e-35 1.0000000180025095e-35 1.1000000000000003 1157.5000000000002 1.2516666666666667 1.4500000000000002 2.4166666666666674 1207.5000000000002 0.90000000000000013 1.3513000000000004 2.5500000000000003 1.2250000000000003
decision_type=2 2 2 2 2 2 10 8 2 2 10 10 2 10
left_child=1 5 -2 -3 -5 11 7 9 -9 -7 -11 12 -1 -13
right_child=2 3 -4 4 -6 6 -8 8 -10 10 -12 13 -14 -15
leaf_value=-0.003564655094072377 -0.017044594436221625 0.015683451002068194 -0.00041272258385637576 0.0098382879755547423 -0.0042207067295777622 0.011872187286667652 -0.0052727686829218447 -0.0035880851590188606 0.0071610167888213052 -0.0055634914105339084 0.0070150822960096575 -0.0021149785754291193 0.0079162878548522005 0.0054591317746937552
leaf_weight=178.58501203358173 7.3532876810058978 9.0220298506319505 12.06638917326927 13.404854249209167 14.336390614509581 21.140201091766357 29.261930629611015 51.445339389145374 13.657717078924177 19.004693575203419 37.128021240234375 42.462342733517289 11.463059818372129 42.287139179185033
leaf_count=1001 120 68 133 82 107 96 152 238 61 83 165 274 78 311
internal_value=-0.000266992 2.74868e-05 -0.00723671 0.00620096 0.00267868 -0.000493612 0.00102092 0.00234219 -0.00125886 0.00535342 0.00273355 -0.00143986 -0.00283435 0.00168384
internal_weight=502.618 483.199 19.4197 36.7633 27.7412 446.435 171.638 142.376 65.1031 77.2729 56.1327 274.798 190.048 84.7495
internal_count=2969 2716 253 257 189 2459 795 643 299 344 248 1664 1079 585
is_linear=0
shrinkage=0.02


Tree=349
num_leaves=15
num_cat=0
split_feature=7 1 12 15 5 17 12 0 2 7 3 17 1 7
split_gain=1.37048 4.67622 3.22772 2.2178 1.75709 1.66926 3.35852 3.15961 3.64652 2.62959 6.56012 3.29775 4.57288 2.87118
threshold=2.1000000000000005 0.69500000000000017 1.4166666666666667 1232.5000000000002 0.36666666666666675 1261.2500000000002 1.5833333333333337 1.2108333333333337 1.1666666666666667 1.5500000000000003 1.7083333333333337 1207.5000000000002 2.0310000000000006 1.3666666666666669
decision_type=2 8 8 2 2 2 10 10 2 2 2 2 8 2
left_child=5 -2 3 -3 -4 9 7 8 -7 11 -11 13 -13 -1
right_child=1 2 4 -5 -6 6 -8 -9 -10 10 -12 12 -14 -15
leaf_value=0.00070896888913058636 0.0081000567523017413 -0.0040850369033065097 -0.01261495424433175 0.0048531551795097687 -0.0035745431248810173 -0.0021776574959477325 0.0057696150349034079 0.0031398383112711892 -0.016683498942253162 0.0012073155109769899 0.011798264642463824 -0.00017011763365403019 0.017775946152292638 -0.0052779820605773223
leaf_weight=173.63829877972603 15.678482089191673 22.258448794484138 16.178863640874624 20.250216335058212 19.489437028765678 15.844599861651661 14.866140022873877 12.389314917847512 11.830481385812162 88.383868489414454 30.951078169047832 13.15146621130407 8.9715709984302503 38.247182175517082
leaf_count=972 72 138 87 91 96 136 121 140 133 442 158 97 60 210
internal_value=0.000621119 -0.00154694 -0.00355952 0.000186606 -0.0079074 0.00112208 -0.00209469 -0.00508223 -0.00874415 0.00162666 0.00402943 0.000389407 0.00756158 -0.000391444
internal_weight=502.129 93.8554 78.177 42.5087 35.6683 408.274 54.9305 40.0644 27.6751 353.343 119.335 234.009 22.123 211.885
internal_count=2953 484 412 229 183 2469 530 409 269 1939 600 1339 157 1182
is_linear=0
shrinkage=0.02


end of trees

feature_importances:
o_str_def=453
t_xgc_r3=441
str_att=405
t_xgc_r5=397
o_str_att=346
str_def=321
o_xg_r5=318
o_xg_r3=297
o_ga_r5=279
t_ga_r5=246
t_gf_r5=233
o_gf_r5=192
o_gf_r3=181
t_ga_r3=176
t_gf_r3=173
o_ga_r3=170
is_home_team=117
t_cs_r5=82
t_cs_r3=73

parameters:
[boosting: gbdt]
[objective: binary]
[metric: auc]
[tree_learner: serial]
[device_type: cpu]
[data_sample_strategy: bagging]
[data: ]
[valid: ]
[num_iterations: 350]
[learning_rate: 0.02]
[num_leaves: 15]
[num_threads: 0]
[seed: 0]
[deterministic: 0]
[force_col_wise: 0]
[force_row_wise: 0]
[histogram_pool_size: -1]
[max_depth: -1]
[min_data_in_leaf: 60]
[min_sum_hessian_in_leaf: 0.001]
[bagging_fraction: 0.8]
[pos_bagging_fraction: 1]
[neg_bagging_fraction: 1]
[bagging_freq: 1]
[bagging_seed: 3]
[bagging_by_query: 0]
[feature_fraction: 0.7]
[feature_fraction_bynode: 1]
[feature_fraction_seed: 2]
[extra_trees: 0]
[extra_seed: 6]
[early_stopping_round: 0]
[early_stopping_min_delta: 0]
[first_metric_only: 0]
[max_delta_step: 0]
[lambda_l1: 0]
[lambda_l2: 1]
[linear_lambda: 0]
[min_gain_to_split: 0]
[drop_rate: 0.1]
[max_drop: 50]
[skip_drop: 0.5]
[xgboost_dart_mode: 0]
[uniform_drop: 0]
[drop_seed: 4]
[top_rate: 0.2]
[other_rate: 0.1]
[min_data_per_group: 100]
[max_cat_threshold: 32]
[cat_l2: 10]
[cat_smooth: 10]
[max_cat_to_onehot: 4]
[top_k: 20]
[monotone_constraints: ]
[monotone_constraints_method: basic]
[monotone_penalty: 0]
[feature_contri: ]
[forcedsplits_filename: ]
[refit_decay_rate: 0.9]
[cegb_tradeoff: 1]
[cegb_penalty_split: 0]
[cegb_penalty_feature_lazy: ]
[cegb_penalty_feature_coupled: ]
[path_smooth: 0]
[interaction_constraints: ]
[verbosity: -1]
[saved_feature_importance_type: 0]
[use_quantized_grad: 0]
[num_grad_quant_bins: 4]
[quant_train_renew_leaf: 0]
[stochastic_rounding: 1]
[linear_tree: 0]
[max_bin: 255]
[max_bin_by_feature: ]
[min_data_in_bin: 3]
[bin_construct_sample_cnt: 200000]
[data_random_seed: 1]
[is_enable_sparse: 1]
[enable_bundle: 1]
[use_missing: 1]
[zero_as_missing: 0]
[feature_pre_filter: 1]
[pre_partition: 0]
[two_round: 0]
[header: 0]
[label_column: ]
[weight_column: ]
[group_column: ]
[ignore_column: ]
[categorical_feature: ]
[forcedbins_filename: ]
[precise_float_parser: 0]
[parser_config_file: ]
[objective_seed: 5]
[num_class: 1]
[is_unbalance: 0]
[scale_pos_weight: 1]
[sigmoid: 1]
[boost_from_average: 1]
[reg_sqrt: 0]
[alpha: 0.9]
[fair_c: 1]
[poisson_max_delta_step: 0.7]
[tweedie_variance_power: 1.5]
[lambdarank_truncation_level: 30]
[lambdarank_norm: 1]
[label_gain: ]
[lambdarank_position_bias_regularization: 0]
[eval_at: ]
[multi_error_top_k: 1]
[auc_mu_weights: ]
[num_machines: 1]
[local_listen_port: 12400]
[time_out: 120]
[machine_list_filename: ]
[machines: ]
[gpu_platform_id: -1]
[gpu_device_id: -1]
[gpu_device_id_list: ]
[gpu_use_dp: 0]
[num_gpu: 1]

end of parameters

pandas_categorical:[]
