element,code,season
1,48844,2016-17
2,11334,2016-17
3,51507,2016-17
4,17127,2016-17
5,158074,2016-17
6,98745,2016-17
7,42427,2016-17
8,27334,2016-17
9,80254,2016-17
10,38411,2016-17
11,101184,2016-17
12,37265,2016-17
13,20467,2016-17
14,37605,2016-17
15,19524,2016-17
16,41792,2016-17
17,54102,2016-17
18,81880,2016-17
19,133798,2016-17
20,56864,2016-17
21,153133,2016-17
22,153256,2016-17
23,99127,2016-17
24,84450,2016-17
25,44346,2016-17
26,50175,2016-17
27,80711,2016-17
28,154998,2016-17
29,18726,2016-17
30,15885,2016-17
31,15149,2016-17
32,56917,2016-17
33,41320,2016-17
34,54469,2016-17
35,149484,2016-17
36,126184,2016-17
37,48615,2016-17
38,20037,2016-17
39,15237,2016-17
40,80498,2016-17
41,20669,2016-17
42,56872,2016-17
43,40387,2016-17
44,59741,2016-17
45,122342,2016-17
46,103912,2016-17
47,155408,2016-17
48,78007,2016-17
49,75115,2016-17
50,126468,2016-17
51,21246,2016-17
52,88498,2016-17
53,178304,2016-17
54,21205,2016-17
55,68983,2016-17
56,51927,2016-17
57,40616,2016-17
58,106611,2016-17
59,17761,2016-17
60,85017,2016-17
61,19556,2016-17
62,28244,2016-17
63,39158,2016-17
64,15982,2016-17
65,95508,2016-17
66,15944,2016-17
67,40399,2016-17
68,73426,2016-17
69,34654,2016-17
70,44699,2016-17
71,37002,2016-17
72,153678,2016-17
73,60772,2016-17
74,40349,2016-17
75,1718,2016-17
76,41135,2016-17
77,41328,2016-17
78,19419,2016-17
79,103192,2016-17
80,118335,2016-17
81,163793,2016-17
82,42786,2016-17
83,17878,2016-17
84,61262,2016-17
85,66733,2016-17
86,47431,2016-17
87,62398,2016-17
88,126187,2016-17
89,28495,2016-17
90,49579,2016-17
91,110504,2016-17
92,49013,2016-17
93,82660,2016-17
94,167767,2016-17
95,116594,2016-17
96,94245,2016-17
97,18507,2016-17
98,38419,2016-17
99,11554,2016-17
100,20066,2016-17
101,58376,2016-17
102,44413,2016-17
103,49413,2016-17
104,19188,2016-17
105,55494,2016-17
106,58786,2016-17
107,7906,2016-17
108,79228,2016-17
109,55452,2016-17
110,19197,2016-17
111,82403,2016-17
112,59115,2016-17
113,18805,2016-17
114,50471,2016-17
115,49438,2016-17
116,103100,2016-17
117,75773,2016-17
118,27341,2016-17
119,44343,2016-17
120,60252,2016-17
121,28541,2016-17
122,59125,2016-17
123,78315,2016-17
124,10318,2016-17
125,12745,2016-17
126,59949,2016-17
127,7645,2016-17
128,97299,2016-17
129,108824,2016-17
130,149468,2016-17
131,114093,2016-17
132,121221,2016-17
133,26901,2016-17
134,88894,2016-17
135,43250,2016-17
136,50472,2016-17
137,1632,2016-17
138,27707,2016-17
139,87447,2016-17
140,77762,2016-17
141,94924,2016-17
142,17349,2016-17
143,66749,2016-17
144,26921,2016-17
145,113688,2016-17
146,12390,2016-17
147,11974,2016-17
148,171982,2016-17
149,19115,2016-17
150,12679,2016-17
151,88898,2016-17
152,122798,2016-17
153,95658,2016-17
154,19687,2016-17
155,18987,2016-17
156,74033,2016-17
157,49944,2016-17
158,37339,2016-17
159,28147,2016-17
160,15109,2016-17
161,53371,2016-17
162,9110,2016-17
163,59856,2016-17
164,111847,2016-17
165,17745,2016-17
166,51934,2016-17
167,15033,2016-17
168,37402,2016-17
169,86417,2016-17
170,37388,2016-17
171,46695,2016-17
172,40725,2016-17
173,12413,2016-17
174,41321,2016-17
175,130025,2016-17
176,103025,2016-17
177,51938,2016-17
178,13152,2016-17
179,61603,2016-17
180,40772,2016-17
181,172632,2016-17
182,155569,2016-17
183,86881,2016-17
184,101668,2016-17
185,54316,2016-17
186,78412,2016-17
187,90714,2016-17
188,66797,2016-17
189,104542,2016-17
190,40784,2016-17
191,38454,2016-17
192,100059,2016-17
193,57328,2016-17
194,91979,2016-17
195,171287,2016-17
196,134383,2016-17
197,120447,2016-17
198,106449,2016-17
199,60914,2016-17
200,43191,2016-17
201,56979,2016-17
202,40555,2016-17
203,84583,2016-17
204,112338,2016-17
205,39155,2016-17
206,99323,2016-17
207,141921,2016-17
208,15157,2016-17
209,92217,2016-17
210,147668,2016-17
211,174254,2016-17
212,110979,2016-17
213,54861,2016-17
214,40755,2016-17
215,42493,2016-17
216,84939,2016-17
217,152760,2016-17
218,15749,2016-17
219,20310,2016-17
220,42593,2016-17
221,20658,2016-17
222,17476,2016-17
223,17336,2016-17
224,37748,2016-17
225,57112,2016-17
226,57410,2016-17
227,41823,2016-17
228,103955,2016-17
229,28554,2016-17
230,20664,2016-17
231,14664,2016-17
232,17740,2016-17
233,27789,2016-17
234,52538,2016-17
235,61366,2016-17
236,59859,2016-17
237,86173,2016-17
238,206325,2016-17
239,37572,2016-17
240,57001,2016-17
241,173515,2016-17
242,51940,2016-17
243,42899,2016-17
244,55909,2016-17
245,76359,2016-17
246,152015,2016-17
247,106760,2016-17
248,58893,2016-17
249,160817,2016-17
250,20695,2016-17
251,40002,2016-17
252,171273,2016-17
253,201084,2016-17
254,58877,2016-17
255,197365,2016-17
256,43670,2016-17
257,41184,2016-17
258,106824,2016-17
259,2404,2016-17
260,18892,2016-17
261,154976,2016-17
262,59846,2016-17
263,156689,2016-17
264,42774,2016-17
265,15208,2016-17
266,109322,2016-17
267,148225,2016-17
268,57249,2016-17
269,13017,2016-17
270,112139,2016-17
271,176297,2016-17
272,9808,2016-17
273,19101,2016-17
274,12496,2016-17
275,75880,2016-17
276,40202,2016-17
277,169061,2016-17
278,83312,2016-17
279,48771,2016-17
280,55317,2016-17
281,49773,2016-17
282,12002,2016-17
283,59044,2016-17
284,10460,2016-17
285,96778,2016-17
286,80179,2016-17
287,153601,2016-17
288,169535,2016-17
289,123125,2016-17
290,82428,2016-17
291,12744,2016-17
292,20047,2016-17
293,49464,2016-17
294,40383,2016-17
295,102884,2016-17
296,40146,2016-17
297,38580,2016-17
298,80447,2016-17
299,169359,2016-17
300,84395,2016-17
301,58822,2016-17
302,56192,2016-17
303,97032,2016-17
304,83283,2016-17
305,17339,2016-17
306,101178,2016-17
307,153366,2016-17
308,62399,2016-17
309,85654,2016-17
310,78056,2016-17
311,44683,2016-17
312,132015,2016-17
313,20452,2016-17
314,78356,2016-17
315,1822,2016-17
316,105666,2016-17
317,112316,2016-17
318,37869,2016-17
319,32318,2016-17
320,50089,2016-17
321,39487,2016-17
322,61595,2016-17
323,17997,2016-17
324,69960,2016-17
325,9047,2016-17
326,155706,2016-17
327,20481,2016-17
328,20208,2016-17
329,12150,2016-17
330,12813,2016-17
331,41464,2016-17
332,19568,2016-17
333,68312,2016-17
334,102738,2016-17
335,40276,2016-17
336,3773,2016-17
337,61858,2016-17
338,61316,2016-17
339,20487,2016-17
340,111234,2016-17
341,37742,2016-17
342,3736,2016-17
343,11467,2016-17
344,74230,2016-17
345,60794,2016-17
346,45076,2016-17
347,57736,2016-17
348,28448,2016-17
349,19057,2016-17
350,49384,2016-17
351,39187,2016-17
352,60165,2016-17
353,115854,2016-17
354,77454,2016-17
355,7958,2016-17
356,37096,2016-17
357,61760,2016-17
358,49539,2016-17
359,19159,2016-17
360,47390,2016-17
361,42996,2016-17
362,80789,2016-17
363,57145,2016-17
364,55313,2016-17
365,96306,2016-17
366,97615,2016-17
367,40145,2016-17
368,55422,2016-17
369,11829,2016-17
370,15114,2016-17
371,96305,2016-17
372,76542,2016-17
373,49195,2016-17
374,45124,2016-17
375,49277,2016-17
376,21083,2016-17
377,37998,2016-17
378,39270,2016-17
379,111787,2016-17
380,37915,2016-17
381,39215,2016-17
382,55605,2016-17
383,38290,2016-17
384,58621,2016-17
385,39194,2016-17
386,115556,2016-17
387,77794,2016-17
388,97485,2016-17
389,151119,2016-17
390,93264,2016-17
391,39104,2016-17
392,54908,2016-17
393,62974,2016-17
394,80607,2016-17
395,126407,2016-17
396,58791,2016-17
397,93464,2016-17
398,108823,2016-17
399,168765,2016-17
400,54756,2016-17
401,106450,2016-17
402,85971,2016-17
403,78830,2016-17
404,145212,2016-17
405,165990,2016-17
406,56827,2016-17
407,18656,2016-17
408,41338,2016-17
409,41945,2016-17
410,98780,2016-17
411,40868,2016-17
412,67527,2016-17
413,52153,2016-17
414,85624,2016-17
415,44302,2016-17
416,38439,2016-17
417,41926,2016-17
418,16045,2016-17
419,19342,2016-17
420,21123,2016-17
421,88935,2016-17
422,44604,2016-17
423,28160,2016-17
424,173514,2016-17
425,41725,2016-17
426,58498,2016-17
427,179620,2016-17
428,133801,2016-17
429,12086,2016-17
430,9089,2016-17
431,37642,2016-17
432,39253,2016-17
433,60232,2016-17
434,42583,2016-17
435,77760,2016-17
436,19272,2016-17
437,43252,2016-17
438,19151,2016-17
439,14295,2016-17
440,28468,2016-17
441,18008,2016-17
442,55829,2016-17
443,61538,2016-17
444,63370,2016-17
445,173809,2016-17
446,50229,2016-17
447,11037,2016-17
448,91972,2016-17
449,57134,2016-17
450,60706,2016-17
451,32259,2016-17
452,8380,2016-17
453,48717,2016-17
454,55459,2016-17
455,173792,2016-17
456,40669,2016-17
457,113564,2016-17
458,18073,2016-17
459,55037,2016-17
460,59779,2016-17
461,37901,2016-17
462,86934,2016-17
463,172567,2016-17
464,57531,2016-17
465,43626,2016-17
466,44336,2016-17
467,59796,2016-17
468,40142,2016-17
469,148179,2016-17
470,73889,2016-17
471,98747,2016-17
472,1801,2016-17
473,60586,2016-17
474,33871,2016-17
475,210237,2016-17
476,160729,2016-17
477,20399,2016-17
478,42892,2016-17
479,42738,2016-17
480,97296,2016-17
481,86431,2016-17
482,121599,2016-17
483,81183,2016-17
484,156074,2016-17
485,41733,2016-17
486,205102,2016-17
487,159506,2016-17
488,80801,2016-17
489,182156,2016-17
490,41705,2016-17
491,78091,2016-17
492,40833,2016-17
493,147675,2016-17
494,138009,2016-17
495,194164,2016-17
496,172850,2016-17
497,165911,2016-17
498,145235,2016-17
499,80935,2016-17
500,19760,2016-17
501,168763,2016-17
502,80788,2016-17
503,74208,2016-17
504,88900,2016-17
505,105717,2016-17
506,160816,2016-17
507,83091,2016-17
508,94926,2016-17
509,204216,2016-17
510,215457,2016-17
511,195864,2016-17
512,173807,2016-17
513,157668,2016-17
514,155509,2016-17
515,213384,2016-17
516,178186,2016-17
517,19812,2016-17
518,202174,2016-17
519,221267,2016-17
520,149016,2016-17
521,219727,2016-17
522,15633,2016-17
523,169187,2016-17
524,1616,2016-17
525,39847,2016-17
526,168287,2016-17
527,54771,2016-17
528,170154,2016-17
529,153772,2016-17
530,89085,2016-17
531,234483,2016-17
532,170851,2016-17
533,7525,2016-17
534,156658,2016-17
535,176296,2016-17
536,90105,2016-17
537,154558,2016-17
538,109528,2016-17
539,61566,2016-17
540,52940,2016-17
541,33148,2016-17
542,163526,2016-17
543,130103,2016-17
544,200455,2016-17
545,221268,2016-17
546,169432,2016-17
547,168717,2016-17
548,112507,2016-17
549,155851,2016-17
550,60270,2016-17
551,128198,2016-17
552,20046,2016-17
553,106617,2016-17
554,15144,2016-17
555,69140,2016-17
556,20145,2016-17
557,91126,2016-17
558,149266,2016-17
559,144660,2016-17
560,83314,2016-17
561,82263,2016-17
562,85352,2016-17
563,159533,2016-17
564,182960,2016-17
565,168566,2016-17
566,156686,2016-17
567,149828,2016-17
568,18759,2016-17
569,39472,2016-17
570,41270,2016-17
571,49440,2016-17
572,45268,2016-17
573,82771,2016-17
574,6744,2016-17
575,28593,2016-17
576,18155,2016-17
577,81061,2016-17
578,178871,2016-17
579,191769,2016-17
580,106603,2016-17
581,221275,2016-17
582,154051,2016-17
583,38038,2016-17
584,101179,2016-17
585,221271,2016-17
586,158544,2016-17
587,114000,2016-17
588,208987,2016-17
589,154050,2016-17
590,154566,2016-17
591,82257,2016-17
592,153373,2016-17
593,154043,2016-17
594,41674,2016-17
595,177815,2016-17
596,185056,2016-17
597,3201,2016-17
598,200617,2016-17
599,220650,2016-17
600,61302,2016-17
601,112520,2016-17
602,61604,2016-17
603,182436,2016-17
604,153379,2016-17
605,243531,2016-17
606,215885,2016-17
607,109646,2016-17
608,181489,2016-17
609,195859,2016-17
610,216058,2016-17
611,169735,2016-17
612,214590,2016-17
613,195480,2016-17
614,232427,2016-17
615,149051,2016-17
616,153673,2016-17
617,204819,2016-17
618,204480,2016-17
619,221286,2016-17
620,204760,2016-17
621,231172,2016-17
622,179725,2016-17
623,198044,2016-17
624,154559,2016-17
625,205651,2016-17
626,15276,2016-17
627,219352,2016-17
628,203341,2016-17
629,49207,2016-17
630,52287,2016-17
631,169130,2016-17
632,57586,2016-17
633,28654,2016-17
634,92293,2016-17
635,7551,2016-17
636,49696,2016-17
637,96764,2016-17
638,39167,2016-17
639,57187,2016-17
640,90517,2016-17
641,60551,2016-17
642,80146,2016-17
643,61548,2016-17
644,49688,2016-17
645,103127,2016-17
646,66975,2016-17
647,49957,2016-17
648,209212,2016-17
649,167789,2016-17
650,115357,2016-17
651,207725,2016-17
652,43693,2016-17
653,153682,2016-17
654,192290,2016-17
655,176295,2016-17
656,180804,2016-17
657,98980,2016-17
658,169527,2016-17
659,243532,2016-17
660,113534,2016-17
661,90263,2016-17
662,168196,2016-17
663,41251,2016-17
664,156660,2016-17
665,183487,2016-17
666,195473,2016-17
667,195851,2016-17
668,107265,2016-17
669,171277,2016-17
670,179596,2016-17
671,157665,2016-17
672,205135,2016-17
673,179261,2016-17
674,156690,2016-17
675,221568,2016-17
676,240499,2016-17
677,225321,2016-17
678,224946,2016-17
679,217331,2016-17
680,209041,2016-17
681,192182,2016-17
682,5288,2016-17
683,26719,2016-17
1,48844,2017-18
2,11334,2017-18
3,98980,2017-18
4,51507,2017-18
5,17127,2017-18
6,158074,2017-18
7,98745,2017-18
9,80254,2017-18
10,38411,2017-18
11,156074,2017-18
12,69140,2017-18
13,111457,2017-18
16,37605,2017-18
17,19524,2017-18
18,41792,2017-18
20,56864,2017-18
21,153133,2017-18
22,153256,2017-18
23,84450,2017-18
24,54102,2017-18
26,50175,2017-18
27,155851,2017-18
28,59966,2017-18
281,57249,2017-18
480,101184,2017-18
489,200641,2017-18
546,154043,2017-18
559,113534,2017-18
560,205533,2017-18
564,27334,2017-18
595,233963,2017-18
616,54694,2017-18
634,200089,2017-18
644,209413,2017-18
29,40349,2017-18
30,18726,2017-18
31,15885,2017-18
32,15149,2017-18
33,56917,2017-18
34,41320,2017-18
35,54469,2017-18
36,149484,2017-18
37,120447,2017-18
38,126184,2017-18
39,48615,2017-18
40,20037,2017-18
41,15237,2017-18
42,56872,2017-18
43,40387,2017-18
44,59741,2017-18
45,103912,2017-18
46,155408,2017-18
47,90105,2017-18
48,75115,2017-18
49,88498,2017-18
50,178304,2017-18
51,78007,2017-18
52,7958,2017-18
549,225321,2017-18
570,222434,2017-18
584,122342,2017-18
585,169743,2017-18
588,200370,2017-18
602,431774,2017-18
53,48860,2017-18
54,131897,2017-18
55,83299,2017-18
56,61933,2017-18
57,19071,2017-18
58,11352,2017-18
59,42748,2017-18
60,15137,2017-18
61,85128,2017-18
62,83543,2017-18
63,40845,2017-18
64,38490,2017-18
65,11735,2017-18
66,109345,2017-18
67,88170,2017-18
68,79934,2017-18
69,2513,2017-18
70,60307,2017-18
71,20529,2017-18
72,38499,2017-18
73,28462,2017-18
210,54316,2017-18
461,43808,2017-18
481,112516,2017-18
490,66242,2017-18
517,167473,2017-18
538,74375,2017-18
540,20480,2017-18
553,220738,2017-18
604,106757,2017-18
74,21205,2017-18
75,1801,2017-18
76,68983,2017-18
77,51927,2017-18
78,40616,2017-18
79,17761,2017-18
80,41674,2017-18
81,103914,2017-18
82,39158,2017-18
83,15982,2017-18
84,60586,2017-18
85,39847,2017-18
86,83314,2017-18
87,90517,2017-18
88,60551,2017-18
89,12813,2017-18
90,40145,2017-18
91,40399,2017-18
93,44699,2017-18
153,17349,2017-18
185,92383,2017-18
334,17997,2017-18
392,168566,2017-18
469,98747,2017-18
518,60689,2017-18
545,28609,2017-18
554,39725,2017-18
575,95508,2017-18
623,234483,2017-18
646,433154,2017-18
25,44346,2017-18
94,60772,2017-18
95,41251,2017-18
96,20310,2017-18
97,41328,2017-18
98,19419,2017-18
100,82263,2017-18
101,41270,2017-18
102,49013,2017-18
103,102380,2017-18
104,42786,2017-18
105,17878,2017-18
106,47431,2017-18
109,49579,2017-18
111,116594,2017-18
113,94245,2017-18
114,18507,2017-18
149,88894,2017-18
183,160190,2017-18
202,61603,2017-18
463,169102,2017-18
470,135363,2017-18
471,171162,2017-18
472,88482,2017-18
503,194794,2017-18
504,181911,2017-18
509,135365,2017-18
543,105700,2017-18
558,199598,2017-18
583,209046,2017-18
600,199583,2017-18
614,109533,2017-18
632,180736,2017-18
108,126187,2017-18
115,20066,2017-18
116,11554,2017-18
117,49413,2017-18
118,19188,2017-18
119,55494,2017-18
120,58786,2017-18
121,7906,2017-18
122,79228,2017-18
123,86417,2017-18
124,74230,2017-18
125,19197,2017-18
126,82403,2017-18
127,50471,2017-18
128,75773,2017-18
129,27341,2017-18
130,44343,2017-18
131,60252,2017-18
132,66975,2017-18
133,59125,2017-18
134,54861,2017-18
221,40784,2017-18
269,201084,2017-18
482,173954,2017-18
491,218112,2017-18
505,94926,2017-18
515,138009,2017-18
528,204216,2017-18
544,221245,2017-18
552,49438,2017-18
555,199806,2017-18
579,214590,2017-18
605,185478,2017-18
606,163776,2017-18
620,143877,2017-18
630,209043,2017-18
633,51917,2017-18
638,432705,2017-18
15,20467,2017-18
135,111234,2017-18
136,78315,2017-18
137,10318,2017-18
138,12745,2017-18
139,59949,2017-18
140,7645,2017-18
141,114093,2017-18
142,121221,2017-18
143,19159,2017-18
144,194164,2017-18
145,153673,2017-18
146,106611,2017-18
147,55452,2017-18
148,26901,2017-18
150,50472,2017-18
152,87447,2017-18
154,42774,2017-18
155,80801,2017-18
156,173807,2017-18
157,219352,2017-18
158,109065,2017-18
159,177815,2017-18
160,108438,2017-18
161,13017,2017-18
359,55422,2017-18
464,56192,2017-18
502,57112,2017-18
539,180151,2017-18
548,113688,2017-18
563,195855,2017-18
592,66838,2017-18
629,80183,2017-18
162,168977,2017-18
163,57513,2017-18
164,85368,2017-18
165,54284,2017-18
166,104545,2017-18
167,87856,2017-18
168,18006,2017-18
169,192301,2017-18
170,7638,2017-18
171,48760,2017-18
172,74471,2017-18
173,51344,2017-18
174,79619,2017-18
175,168991,2017-18
176,168172,2017-18
177,167541,2017-18
178,5589,2017-18
179,104535,2017-18
180,49202,2017-18
181,87428,2017-18
182,86176,2017-18
184,80755,2017-18
186,84112,2017-18
187,147303,2017-18
188,169141,2017-18
462,79733,2017-18
521,172246,2017-18
522,246878,2017-18
547,1243,2017-18
591,109434,2017-18
593,106450,2017-18
189,17745,2017-18
190,38038,2017-18
191,15033,2017-18
192,37402,2017-18
193,40725,2017-18
194,12413,2017-18
195,41321,2017-18
196,172850,2017-18
198,95658,2017-18
199,103025,2017-18
200,51938,2017-18
203,172632,2017-18
204,155569,2017-18
205,86881,2017-18
206,203341,2017-18
207,90714,2017-18
208,54513,2017-18
209,101668,2017-18
211,78412,2017-18
258,173515,2017-18
473,11974,2017-18
474,61604,2017-18
541,60598,2017-18
571,197469,2017-18
587,174248,2017-18
589,46483,2017-18
601,210207,2017-18
642,201666,2017-18
645,216554,2017-18
647,173804,2017-18
19,81880,2017-18
213,66797,2017-18
214,104542,2017-18
215,38454,2017-18
216,100059,2017-18
217,57328,2017-18
218,171287,2017-18
219,60914,2017-18
220,33871,2017-18
222,15157,2017-18
223,169187,2017-18
224,43191,2017-18
225,56979,2017-18
226,84583,2017-18
227,112338,2017-18
228,39155,2017-18
229,141921,2017-18
230,110979,2017-18
231,210237,2017-18
232,41733,2017-18
233,182436,2017-18
234,118748,2017-18
235,92217,2017-18
237,84939,2017-18
238,152760,2017-18
239,154566,2017-18
311,97032,2017-18
475,122798,2017-18
514,91979,2017-18
530,95463,2017-18
639,153477,2017-18
640,206915,2017-18
641,217989,2017-18
240,121160,2017-18
241,33148,2017-18
242,97299,2017-18
243,42593,2017-18
244,17476,2017-18
245,57410,2017-18
246,41823,2017-18
247,103955,2017-18
248,20664,2017-18
249,14664,2017-18
250,27789,2017-18
251,52538,2017-18
252,61366,2017-18
253,59859,2017-18
254,86173,2017-18
255,182156,2017-18
256,165809,2017-18
257,37572,2017-18
259,205651,2017-18
379,58621,2017-18
483,100180,2017-18
484,102826,2017-18
492,209244,2017-18
493,216183,2017-18
551,206325,2017-18
586,109646,2017-18
612,146941,2017-18
627,174594,2017-18
14,37265,2017-18
107,62398,2017-18
260,51940,2017-18
261,42899,2017-18
262,168196,2017-18
263,55909,2017-18
264,76359,2017-18
265,106760,2017-18
266,58893,2017-18
267,20695,2017-18
268,40002,2017-18
270,58877,2017-18
271,197365,2017-18
272,180804,2017-18
273,184667,2017-18
274,43670,2017-18
275,41184,2017-18
276,2404,2017-18
277,18892,2017-18
278,59846,2017-18
279,109322,2017-18
280,148225,2017-18
282,74208,2017-18
283,195851,2017-18
284,176297,2017-18
285,66749,2017-18
476,156689,2017-18
523,9808,2017-18
110,167767,2017-18
212,149828,2017-18
286,19838,2017-18
287,59735,2017-18
288,151119,2017-18
289,58845,2017-18
290,101148,2017-18
291,106618,2017-18
292,83428,2017-18
293,27462,2017-18
294,77359,2017-18
295,56983,2017-18
296,50232,2017-18
297,42727,2017-18
298,28147,2017-18
299,58771,2017-18
300,104953,2017-18
301,104547,2017-18
302,168580,2017-18
303,128389,2017-18
304,11854,2017-18
465,92170,2017-18
466,48773,2017-18
467,155513,2017-18
477,109528,2017-18
478,114243,2017-18
488,61316,2017-18
494,149736,2017-18
495,195384,2017-18
496,153127,2017-18
516,43521,2017-18
529,155503,2017-18
621,67089,2017-18
305,58376,2017-18
306,40383,2017-18
307,40146,2017-18
308,80447,2017-18
309,169359,2017-18
310,58822,2017-18
312,40833,2017-18
313,88900,2017-18
314,153373,2017-18
315,171771,2017-18
316,17339,2017-18
317,101178,2017-18
318,62399,2017-18
319,85654,2017-18
320,78056,2017-18
321,132015,2017-18
322,128198,2017-18
323,153379,2017-18
324,83283,2017-18
325,20452,2017-18
326,78356,2017-18
327,61548,2017-18
500,151086,2017-18
506,3201,2017-18
525,167075,2017-18
603,220598,2017-18
607,98914,2017-18
99,103192,2017-18
328,105666,2017-18
329,6744,2017-18
330,37869,2017-18
331,50089,2017-18
332,39487,2017-18
333,61595,2017-18
335,9047,2017-18
336,221267,2017-18
337,40555,2017-18
338,20208,2017-18
339,12150,2017-18
341,19568,2017-18
342,68312,2017-18
343,102738,2017-18
344,40276,2017-18
345,205102,2017-18
346,14295,2017-18
347,3773,2017-18
348,61858,2017-18
349,91972,2017-18
383,97485,2017-18
497,42564,2017-18
512,93127,2017-18
513,85352,2017-18
550,194190,2017-18
556,209212,2017-18
562,200455,2017-18
569,112316,2017-18
590,20481,2017-18
594,102366,2017-18
599,93001,2017-18
619,163463,2017-18
628,200884,2017-18
637,226029,2017-18
201,13152,2017-18
350,37096,2017-18
351,61760,2017-18
352,49539,2017-18
353,42996,2017-18
354,57145,2017-18
355,96306,2017-18
356,97615,2017-18
357,149266,2017-18
358,28654,2017-18
360,11829,2017-18
361,15114,2017-18
362,96305,2017-18
363,76542,2017-18
364,49195,2017-18
365,49277,2017-18
366,21083,2017-18
367,93464,2017-18
368,111787,2017-18
369,57586,2017-18
370,106899,2017-18
372,169432,2017-18
373,80146,2017-18
374,173879,2017-18
449,45124,2017-18
485,59940,2017-18
519,74033,2017-18
535,171319,2017-18
542,57001,2017-18
561,214225,2017-18
576,40346,2017-18
598,192290,2017-18
371,19760,2017-18
375,37915,2017-18
376,39215,2017-18
377,55605,2017-18
378,38290,2017-18
380,39194,2017-18
381,115556,2017-18
382,77794,2017-18
384,93264,2017-18
385,39104,2017-18
386,62974,2017-18
387,80607,2017-18
388,108823,2017-18
389,54756,2017-18
390,85971,2017-18
391,157668,2017-18
393,45268,2017-18
394,78830,2017-18
395,165990,2017-18
498,158534,2017-18
511,168763,2017-18
520,173904,2017-18
531,199404,2017-18
532,80226,2017-18
534,234908,2017-18
565,102884,2017-18
566,175941,2017-18
617,95715,2017-18
643,198504,2017-18
92,73426,2017-18
112,89085,2017-18
197,103127,2017-18
396,56827,2017-18
397,18656,2017-18
398,37742,2017-18
399,41338,2017-18
400,41945,2017-18
401,40868,2017-18
402,52153,2017-18
403,85624,2017-18
404,52940,2017-18
405,20145,2017-18
406,231172,2017-18
407,54484,2017-18
408,43250,2017-18
409,38439,2017-18
410,21123,2017-18
411,88935,2017-18
412,44604,2017-18
413,173514,2017-18
414,121599,2017-18
415,61566,2017-18
416,108413,2017-18
417,41725,2017-18
418,20046,2017-18
419,49696,2017-18
486,16045,2017-18
499,133801,2017-18
501,212319,2017-18
527,100412,2017-18
536,48332,2017-18
537,66247,2017-18
581,204760,2017-18
582,154506,2017-18
609,94924,2017-18
613,179725,2017-18
615,219002,2017-18
618,144660,2017-18
625,209420,2017-18
8,42427,2017-18
151,1632,2017-18
236,40755,2017-18
420,12086,2017-18
421,9089,2017-18
422,67527,2017-18
423,37642,2017-18
424,60232,2017-18
425,19272,2017-18
426,49944,2017-18
427,54908,2017-18
428,18008,2017-18
429,55829,2017-18
430,63370,2017-18
431,173809,2017-18
432,50229,2017-18
433,195864,2017-18
434,19151,2017-18
435,57134,2017-18
436,49440,2017-18
437,44683,2017-18
468,77777,2017-18
507,232427,2017-18
508,215457,2017-18
524,197937,2017-18
533,73494,2017-18
557,112520,2017-18
572,209419,2017-18
577,220693,2017-18
578,232423,2017-18
610,185431,2017-18
624,247286,2017-18
340,41464,2017-18
438,60706,2017-18
439,32259,2017-18
440,38580,2017-18
441,8380,2017-18
442,48717,2017-18
443,55459,2017-18
444,40669,2017-18
445,113564,2017-18
446,105717,2017-18
447,20658,2017-18
448,18987,2017-18
450,18073,2017-18
451,55037,2017-18
452,59779,2017-18
453,86934,2017-18
454,57531,2017-18
455,44336,2017-18
456,163526,2017-18
457,40142,2017-18
458,73889,2017-18
459,176296,2017-18
460,148179,2017-18
479,15749,2017-18
487,43020,2017-18
510,204480,2017-18
526,198501,2017-18
567,178867,2017-18
568,216058,2017-18
573,222018,2017-18
574,232398,2017-18
580,156660,2017-18
596,156658,2017-18
597,172567,2017-18
608,109788,2017-18
611,173792,2017-18
622,167522,2017-18
626,14075,2017-18
631,195859,2017-18
635,179829,2017-18
636,179830,2017-18
1,11334,2018-19
2,80201,2018-19
3,51507,2018-19
4,98745,2018-19
5,38411,2018-19
6,156074,2018-19
7,69140,2018-19
8,111457,2018-19
10,233963,2018-19
11,27335,2018-19
12,39476,2018-19
13,37605,2018-19
14,41792,2018-19
15,153133,2018-19
16,153256,2018-19
17,84450,2018-19
18,57249,2018-19
19,200641,2018-19
20,154043,2018-19
21,50175,2018-19
22,59966,2018-19
23,54694,2018-19
450,198849,2018-19
451,242166,2018-19
542,98980,2018-19
545,209289,2018-19
546,209037,2018-19
552,205533,2018-19
563,223340,2018-19
566,200089,2018-19
581,80254,2018-19
586,89572,2018-19
24,40349,2018-19
25,18726,2018-19
26,15149,2018-19
27,56917,2018-19
28,41320,2018-19
29,54469,2018-19
30,149484,2018-19
31,126184,2018-19
32,222434,2018-19
34,20037,2018-19
35,15237,2018-19
36,56872,2018-19
37,40387,2018-19
38,103912,2018-19
39,155408,2018-19
40,90105,2018-19
41,122342,2018-19
42,111317,2018-19
43,75115,2018-19
44,178304,2018-19
45,78007,2018-19
46,7958,2018-19
241,57328,2018-19
259,154566,2018-19
473,171129,2018-19
494,152551,2018-19
580,223911,2018-19
599,217331,2018-19
600,431774,2018-19
613,444181,2018-19
616,229600,2018-19
620,200370,2018-19
47,131897,2018-19
48,83299,2018-19
49,61933,2018-19
50,11352,2018-19
51,42748,2018-19
52,43808,2018-19
53,74375,2018-19
54,52484,2018-19
55,83543,2018-19
56,40845,2018-19
57,38490,2018-19
58,109345,2018-19
59,60307,2018-19
60,66242,2018-19
61,167473,2018-19
62,20529,2018-19
63,38499,2018-19
64,28462,2018-19
65,106757,2018-19
66,93284,2018-19
179,50093,2018-19
439,49262,2018-19
440,209362,2018-19
466,227127,2018-19
476,165210,2018-19
503,86153,2018-19
551,224117,2018-19
559,198869,2018-19
572,215062,2018-19
582,78916,2018-19
617,220738,2018-19
67,21205,2018-19
68,98747,2018-19
69,68983,2018-19
70,51927,2018-19
71,40616,2018-19
72,17761,2018-19
73,41674,2018-19
74,103914,2018-19
75,17997,2018-19
76,60586,2018-19
77,39847,2018-19
78,83314,2018-19
79,90517,2018-19
80,60551,2018-19
81,12813,2018-19
82,40145,2018-19
83,17349,2018-19
84,40399,2018-19
85,44699,2018-19
86,92383,2018-19
87,60689,2018-19
485,39725,2018-19
490,15749,2018-19
491,83312,2018-19
495,81183,2018-19
534,433154,2018-19
564,432793,2018-19
583,217401,2018-19
590,3773,2018-19
615,195471,2018-19
33,48615,2018-19
88,88734,2018-19
89,45220,2018-19
90,49982,2018-19
91,19523,2018-19
92,49382,2018-19
93,27698,2018-19
94,56981,2018-19
95,38716,2018-19
96,73459,2018-19
97,14927,2018-19
98,104073,2018-19
99,49806,2018-19
100,76360,2018-19
101,122797,2018-19
102,49845,2018-19
103,40451,2018-19
104,54527,2018-19
105,75826,2018-19
106,114245,2018-19
107,82078,2018-19
108,114054,2018-19
109,45196,2018-19
110,96994,2018-19
176,113688,2018-19
467,80792,2018-19
504,175946,2018-19
535,78911,2018-19
537,10589,2018-19
573,131403,2018-19
589,74297,2018-19
111,60772,2018-19
112,20310,2018-19
113,41328,2018-19
114,19419,2018-19
115,82263,2018-19
116,41270,2018-19
117,49013,2018-19
118,102380,2018-19
119,135363,2018-19
120,105700,2018-19
121,109533,2018-19
122,42786,2018-19
123,17878,2018-19
124,47431,2018-19
125,49579,2018-19
126,116594,2018-19
127,88894,2018-19
128,61603,2018-19
129,169102,2018-19
130,199598,2018-19
131,209046,2018-19
132,126187,2018-19
133,44346,2018-19
134,88482,2018-19
459,85955,2018-19
496,173879,2018-19
498,109745,2018-19
499,91651,2018-19
579,40232,2018-19
624,209036,2018-19
135,20066,2018-19
136,11554,2018-19
137,40836,2018-19
138,49413,2018-19
139,19188,2018-19
140,58786,2018-19
141,86417,2018-19
142,74230,2018-19
143,40784,2018-19
144,173954,2018-19
145,214590,2018-19
147,50471,2018-19
148,44343,2018-19
149,60252,2018-19
150,66975,2018-19
151,82403,2018-19
152,54861,2018-19
153,143877,2018-19
412,55037,2018-19
441,55494,2018-19
442,185478,2018-19
443,79228,2018-19
444,59125,2018-19
477,138009,2018-19
486,141020,2018-19
505,80146,2018-19
576,209411,2018-19
584,201595,2018-19
592,94245,2018-19
609,221272,2018-19
618,221275,2018-19
619,235599,2018-19
154,111234,2018-19
155,10318,2018-19
156,12745,2018-19
157,59949,2018-19
158,7645,2018-19
159,19159,2018-19
160,194164,2018-19
161,153673,2018-19
162,106611,2018-19
163,56192,2018-19
164,20467,2018-19
165,55452,2018-19
166,50472,2018-19
167,42774,2018-19
168,80801,2018-19
169,173807,2018-19
170,219352,2018-19
171,109065,2018-19
172,55422,2018-19
173,180151,2018-19
174,195855,2018-19
175,177815,2018-19
177,66838,2018-19
393,212319,2018-19
469,26901,2018-19
470,108438,2018-19
484,101188,2018-19
506,164511,2018-19
507,100649,2018-19
508,120250,2018-19
526,103192,2018-19
528,171270,2018-19
532,149468,2018-19
9,101184,2018-19
178,122074,2018-19
180,82514,2018-19
181,72681,2018-19
182,76357,2018-19
183,55038,2018-19
184,184349,2018-19
185,61916,2018-19
186,54421,2018-19
187,92259,2018-19
188,58476,2018-19
189,197030,2018-19
455,61739,2018-19
456,170271,2018-19
460,87107,2018-19
474,40559,2018-19
478,66842,2018-19
480,128389,2018-19
487,149266,2018-19
509,94248,2018-19
510,101105,2018-19
511,201084,2018-19
512,203325,2018-19
513,108093,2018-19
521,109999,2018-19
541,208998,2018-19
575,19520,2018-19
593,43626,2018-19
594,99323,2018-19
610,444884,2018-19
621,176414,2018-19
146,19197,2018-19
190,38038,2018-19
191,57513,2018-19
192,85368,2018-19
193,54284,2018-19
194,104545,2018-19
195,48760,2018-19
196,79733,2018-19
197,172246,2018-19
198,109434,2018-19
199,74471,2018-19
200,51344,2018-19
201,79619,2018-19
202,168991,2018-19
203,86176,2018-19
204,80755,2018-19
205,246878,2018-19
206,106450,2018-19
207,205102,2018-19
208,204380,2018-19
209,84112,2018-19
210,147303,2018-19
211,169141,2018-19
212,87428,2018-19
461,118884,2018-19
471,233497,2018-19
514,204454,2018-19
522,192301,2018-19
533,241791,2018-19
585,180294,2018-19
598,168977,2018-19
601,175351,2018-19
606,450314,2018-19
607,440113,2018-19
213,17745,2018-19
214,11974,2018-19
215,15033,2018-19
216,37402,2018-19
217,40725,2018-19
218,41321,2018-19
219,172850,2018-19
220,95658,2018-19
221,111931,2018-19
222,37642,2018-19
224,51938,2018-19
225,172632,2018-19
226,155569,2018-19
227,203341,2018-19
228,54513,2018-19
229,61604,2018-19
230,197469,2018-19
231,46483,2018-19
232,210207,2018-19
233,172780,2018-19
234,101668,2018-19
235,78412,2018-19
236,173515,2018-19
457,95463,2018-19
492,115858,2018-19
501,213405,2018-19
515,218031,2018-19
527,86881,2018-19
558,201667,2018-19
571,201666,2018-19
591,166989,2018-19
237,66797,2018-19
238,104542,2018-19
239,38454,2018-19
240,100059,2018-19
242,171287,2018-19
243,60914,2018-19
244,33871,2018-19
245,169187,2018-19
246,97032,2018-19
247,122798,2018-19
248,81880,2018-19
249,56979,2018-19
250,39155,2018-19
251,110979,2018-19
252,41733,2018-19
253,118748,2018-19
254,15157,2018-19
255,116643,2018-19
256,175592,2018-19
257,92217,2018-19
462,68312,2018-19
468,116535,2018-19
472,40755,2018-19
543,152760,2018-19
557,217989,2018-19
597,206915,2018-19
223,103025,2018-19
260,121160,2018-19
261,33148,2018-19
262,97299,2018-19
263,17476,2018-19
264,57410,2018-19
265,58621,2018-19
266,100180,2018-19
267,102826,2018-19
268,146941,2018-19
269,41823,2018-19
270,103955,2018-19
271,20664,2018-19
272,27789,2018-19
273,61366,2018-19
274,59859,2018-19
275,182156,2018-19
276,165809,2018-19
277,209244,2018-19
278,216183,2018-19
279,206325,2018-19
280,37572,2018-19
281,205651,2018-19
529,232917,2018-19
604,230428,2018-19
282,51940,2018-19
283,42899,2018-19
284,55909,2018-19
285,76359,2018-19
286,106760,2018-19
287,58893,2018-19
288,20695,2018-19
289,40002,2018-19
290,58877,2018-19
291,197365,2018-19
292,184667,2018-19
293,18892,2018-19
294,216051,2018-19
295,37265,2018-19
296,62398,2018-19
297,43670,2018-19
298,41184,2018-19
299,59846,2018-19
300,109322,2018-19
301,148225,2018-19
302,74208,2018-19
303,195851,2018-19
304,101582,2018-19
305,176297,2018-19
306,66749,2018-19
481,156689,2018-19
520,6744,2018-19
568,209041,2018-19
602,232928,2018-19
603,222677,2018-19
608,220688,2018-19
307,19838,2018-19
308,59735,2018-19
309,67089,2018-19
310,151119,2018-19
311,58845,2018-19
312,101148,2018-19
313,106618,2018-19
314,77359,2018-19
315,109528,2018-19
316,149736,2018-19
317,56983,2018-19
318,50232,2018-19
319,28147,2018-19
320,104953,2018-19
321,114243,2018-19
322,195384,2018-19
323,153127,2018-19
324,76542,2018-19
325,104547,2018-19
326,168580,2018-19
327,61316,2018-19
458,167767,2018-19
482,119471,2018-19
488,196118,2018-19
493,57134,2018-19
516,57145,2018-19
530,181397,2018-19
531,180135,2018-19
553,155503,2018-19
577,172551,2018-19
587,179018,2018-19
588,159039,2018-19
622,232977,2018-19
623,232960,2018-19
258,84939,2018-19
328,58376,2018-19
329,40383,2018-19
330,40146,2018-19
331,80447,2018-19
332,58822,2018-19
333,88900,2018-19
334,153373,2018-19
335,171771,2018-19
336,167075,2018-19
337,17339,2018-19
338,101178,2018-19
339,78056,2018-19
340,132015,2018-19
341,128198,2018-19
342,153379,2018-19
343,83283,2018-19
344,151086,2018-19
345,91047,2018-19
346,96787,2018-19
347,20452,2018-19
348,78356,2018-19
349,61548,2018-19
350,98914,2018-19
452,107265,2018-19
463,93100,2018-19
479,169359,2018-19
550,220598,2018-19
556,213482,2018-19
562,204481,2018-19
565,232797,2018-19
570,193109,2018-19
574,153371,2018-19
595,176706,2018-19
351,37915,2018-19
352,39215,2018-19
353,55605,2018-19
354,38290,2018-19
355,39194,2018-19
356,115556,2018-19
357,77794,2018-19
358,158534,2018-19
359,173904,2018-19
360,80226,2018-19
361,93264,2018-19
362,39104,2018-19
363,62974,2018-19
364,80607,2018-19
365,108823,2018-19
366,54756,2018-19
367,85971,2018-19
368,157668,2018-19
369,45268,2018-19
370,95715,2018-19
371,19760,2018-19
372,78830,2018-19
497,168566,2018-19
523,168764,2018-19
536,102884,2018-19
538,175941,2018-19
540,209042,2018-19
549,234908,2018-19
561,209040,2018-19
578,198504,2018-19
612,204820,2018-19
614,165990,2018-19
373,18656,2018-19
374,206882,2018-19
375,37742,2018-19
376,41338,2018-19
377,41945,2018-19
378,40868,2018-19
379,52153,2018-19
380,85624,2018-19
381,52940,2018-19
382,20145,2018-19
383,54484,2018-19
384,66247,2018-19
385,220166,2018-19
386,155651,2018-19
387,89085,2018-19
388,43250,2018-19
389,38439,2018-19
390,121599,2018-19
391,61566,2018-19
392,108413,2018-19
394,94924,2018-19
395,73426,2018-19
396,41725,2018-19
397,20046,2018-19
398,133801,2018-19
445,9089,2018-19
446,157775,2018-19
517,216058,2018-19
524,173514,2018-19
544,241289,2018-19
554,194401,2018-19
399,60706,2018-19
400,37096,2018-19
401,48717,2018-19
402,55459,2018-19
403,40669,2018-19
404,113564,2018-19
405,20658,2018-19
406,204480,2018-19
407,173792,2018-19
408,81012,2018-19
409,219924,2018-19
410,105717,2018-19
411,18073,2018-19
413,59779,2018-19
414,86934,2018-19
415,57531,2018-19
416,163526,2018-19
417,41464,2018-19
418,40142,2018-19
419,43020,2018-19
420,167522,2018-19
447,54102,2018-19
453,56377,2018-19
464,166640,2018-19
465,101537,2018-19
489,18987,2018-19
502,155851,2018-19
518,42824,2018-19
539,179830,2018-19
547,195860,2018-19
548,222017,2018-19
560,209925,2018-19
569,28554,2018-19
605,222018,2018-19
611,183487,2018-19
421,19236,2018-19
422,168399,2018-19
423,90585,2018-19
424,57913,2018-19
425,87835,2018-19
426,107613,2018-19
427,41727,2018-19
428,77610,2018-19
429,67184,2018-19
430,94147,2018-19
431,216054,2018-19
432,194634,2018-19
433,171317,2018-19
434,166324,2018-19
435,165808,2018-19
436,198847,2018-19
437,102057,2018-19
438,141569,2018-19
448,222531,2018-19
449,219929,2018-19
454,38533,2018-19
475,19624,2018-19
483,114128,2018-19
500,159533,2018-19
519,151589,2018-19
525,123354,2018-19
555,232351,2018-19
567,214048,2018-19
596,215409,2018-19
1,69140,2019-20
2,98745,2019-20
3,111457,2019-20
4,154043,2019-20
5,39476,2019-20
6,38411,2019-20
7,51507,2019-20
8,233963,2019-20
9,80254,2019-20
10,156074,2019-20
11,54694,2019-20
12,59966,2019-20
13,205533,2019-20
14,80201,2019-20
15,37605,2019-20
16,57249,2019-20
18,84450,2019-20
19,198849,2019-20
20,153256,2019-20
21,242166,2019-20
106,41270,2019-20
427,98980,2019-20
467,101184,2019-20
469,182539,2019-20
486,58822,2019-20
488,195735,2019-20
489,200641,2019-20
490,200089,2019-20
504,444145,2019-20
515,192895,2019-20
541,223340,2019-20
576,209289,2019-20
585,232233,2019-20
617,92371,2019-20
636,209037,2019-20
646,113534,2019-20
647,232241,2019-20
22,37339,2019-20
23,43252,2019-20
24,47390,2019-20
25,123354,2019-20
26,54764,2019-20
27,98770,2019-20
28,85242,2019-20
29,114283,2019-20
30,193488,2019-20
31,122806,2019-20
32,174597,2019-20
33,27770,2019-20
34,221239,2019-20
35,40564,2019-20
36,89274,2019-20
94,21205,2019-20
120,61603,2019-20
309,169359,2019-20
428,213345,2019-20
429,79852,2019-20
445,149484,2019-20
452,199798,2019-20
455,108156,2019-20
458,203368,2019-20
465,148508,2019-20
470,230046,2019-20
474,88175,2019-20
491,184704,2019-20
600,223349,2019-20
603,8432,2019-20
613,217487,2019-20
623,83091,2019-20
659,490098,2019-20
58,56917,2019-20
59,126184,2019-20
60,41320,2019-20
61,223911,2019-20
62,15149,2019-20
63,54469,2019-20
64,235530,2019-20
65,171129,2019-20
66,222434,2019-20
67,75115,2019-20
68,78007,2019-20
69,154566,2019-20
71,217331,2019-20
72,40349,2019-20
73,18726,2019-20
74,229600,2019-20
75,90105,2019-20
76,111317,2019-20
77,56872,2019-20
78,103912,2019-20
79,155408,2019-20
80,15237,2019-20
81,40387,2019-20
82,152551,2019-20
446,154131,2019-20
476,168991,2019-20
492,220307,2019-20
494,225321,2019-20
505,153682,2019-20
564,461017,2019-20
565,444183,2019-20
574,207300,2019-20
37,61933,2019-20
38,86153,2019-20
39,209362,2019-20
40,52484,2019-20
41,42748,2019-20
42,83299,2019-20
43,178173,2019-20
44,20529,2019-20
45,106757,2019-20
46,93284,2019-20
47,131897,2019-20
48,50093,2019-20
49,60307,2019-20
50,165210,2019-20
51,167473,2019-20
52,83543,2019-20
53,227127,2019-20
54,66242,2019-20
55,109345,2019-20
56,38490,2019-20
57,40845,2019-20
421,116216,2019-20
475,78916,2019-20
493,110735,2019-20
502,115382,2019-20
516,74471,2019-20
534,233425,2019-20
536,213056,2019-20
537,235382,2019-20
546,74375,2019-20
586,232792,2019-20
627,243016,2019-20
666,215066,2019-20
83,51927,2019-20
84,17761,2019-20
85,68983,2019-20
86,17997,2019-20
87,103914,2019-20
88,41674,2019-20
89,83312,2019-20
90,44699,2019-20
91,60689,2019-20
92,81183,2019-20
93,98747,2019-20
95,15749,2019-20
96,60586,2019-20
97,433154,2019-20
98,90517,2019-20
99,39847,2019-20
100,83314,2019-20
101,60551,2019-20
102,40145,2019-20
430,17349,2019-20
447,39487,2019-20
451,44683,2019-20
495,220037,2019-20
571,195064,2019-20
572,195471,2019-20
596,432793,2019-20
620,172782,2019-20
638,218023,2019-20
639,461102,2019-20
640,461450,2019-20
641,449974,2019-20
653,217401,2019-20
665,430367,2019-20
103,82263,2019-20
104,102380,2019-20
105,41328,2019-20
107,109533,2019-20
108,135363,2019-20
109,105700,2019-20
110,44346,2019-20
111,109745,2019-20
112,20310,2019-20
113,47431,2019-20
114,49579,2019-20
115,126187,2019-20
116,209046,2019-20
117,88894,2019-20
118,85955,2019-20
119,116594,2019-20
121,199598,2019-20
431,176413,2019-20
432,91651,2019-20
459,103192,2019-20
460,173879,2019-20
461,94245,2019-20
462,167767,2019-20
463,184341,2019-20
506,225796,2019-20
529,194794,2019-20
533,243568,2019-20
545,209036,2019-20
630,223332,2019-20
631,440323,2019-20
657,450529,2019-20
123,74230,2019-20
124,49413,2019-20
125,40784,2019-20
126,55494,2019-20
127,19188,2019-20
128,58786,2019-20
129,54861,2019-20
130,59125,2019-20
131,40836,2019-20
132,20066,2019-20
133,82403,2019-20
134,66975,2019-20
135,60252,2019-20
136,141020,2019-20
137,86417,2019-20
138,50471,2019-20
139,55037,2019-20
140,221275,2019-20
157,50472,2019-20
468,80146,2019-20
503,19419,2019-20
510,175946,2019-20
539,173954,2019-20
556,42525,2019-20
578,221272,2019-20
579,244723,2019-20
580,466955,2019-20
581,432705,2019-20
588,209043,2019-20
608,234720,2019-20
635,235599,2019-20
668,461382,2019-20
17,153133,2019-20
141,101188,2019-20
142,164511,2019-20
143,106611,2019-20
144,59949,2019-20
145,12745,2019-20
146,66838,2019-20
147,177815,2019-20
148,111234,2019-20
149,10318,2019-20
150,212319,2019-20
151,55422,2019-20
152,100649,2019-20
153,20467,2019-20
154,173807,2019-20
155,219352,2019-20
156,80801,2019-20
158,42774,2019-20
205,41823,2019-20
422,120250,2019-20
477,232964,2019-20
478,194164,2019-20
479,57513,2019-20
496,242058,2019-20
497,160987,2019-20
511,102747,2019-20
557,195855,2019-20
561,232826,2019-20
570,113688,2019-20
577,56192,2019-20
629,222627,2019-20
637,480455,2019-20
667,218997,2019-20
159,111931,2019-20
161,172850,2019-20
162,37642,2019-20
163,37402,2019-20
164,218031,2019-20
165,15033,2019-20
166,101668,2019-20
167,173515,2019-20
168,17745,2019-20
169,11974,2019-20
170,95463,2019-20
171,172780,2019-20
172,201666,2019-20
173,115858,2019-20
174,51938,2019-20
175,172632,2019-20
176,203341,2019-20
177,61604,2019-20
178,155569,2019-20
179,86881,2019-20
180,197469,2019-20
265,168580,2019-20
404,41727,2019-20
433,220627,2019-20
448,166989,2019-20
480,13152,2019-20
517,106837,2019-20
597,213405,2019-20
660,244619,2019-20
661,222625,2019-20
662,173810,2019-20
181,122798,2019-20
182,169187,2019-20
183,97032,2019-20
184,171287,2019-20
185,60914,2019-20
186,38454,2019-20
187,92217,2019-20
188,152760,2019-20
189,116535,2019-20
190,66797,2019-20
191,118748,2019-20
192,110979,2019-20
193,81880,2019-20
194,68312,2019-20
195,39155,2019-20
196,175592,2019-20
197,116643,2019-20
198,56979,2019-20
199,41733,2019-20
200,15157,2019-20
201,217989,2019-20
464,195473,2019-20
526,60706,2019-20
530,11948,2019-20
531,200720,2019-20
550,444884,2019-20
569,206915,2019-20
575,215136,2019-20
589,197464,2019-20
590,157882,2019-20
628,441271,2019-20
202,146941,2019-20
203,58621,2019-20
204,102826,2019-20
206,206325,2019-20
207,97299,2019-20
208,57410,2019-20
209,100180,2019-20
210,37572,2019-20
211,205651,2019-20
212,121160,2019-20
213,33148,2019-20
214,103955,2019-20
215,61366,2019-20
216,182156,2019-20
217,103025,2019-20
218,165809,2019-20
219,20664,2019-20
220,209244,2019-20
221,27789,2019-20
222,59859,2019-20
440,145235,2019-20
443,220566,2019-20
518,121145,2019-20
544,432656,2019-20
562,17601,2019-20
642,245719,2019-20
643,244851,2019-20
644,220394,2019-20
122,214590,2019-20
160,95658,2019-20
223,55909,2019-20
224,18892,2019-20
225,184667,2019-20
226,106760,2019-20
227,58893,2019-20
228,197365,2019-20
229,216051,2019-20
230,40002,2019-20
231,76359,2019-20
232,66749,2019-20
233,176297,2019-20
234,220688,2019-20
235,51940,2019-20
236,42899,2019-20
237,6744,2019-20
238,74208,2019-20
239,148225,2019-20
240,37265,2019-20
241,109322,2019-20
242,43670,2019-20
243,200617,2019-20
244,101582,2019-20
245,209041,2019-20
246,156689,2019-20
247,62398,2019-20
248,195851,2019-20
249,222677,2019-20
250,232928,2019-20
481,180804,2019-20
549,232937,2019-20
618,141746,2019-20
624,58498,2019-20
658,201084,2019-20
251,56983,2019-20
252,119471,2019-20
253,151119,2019-20
254,57145,2019-20
255,106618,2019-20
256,109528,2019-20
257,77359,2019-20
258,101148,2019-20
259,58845,2019-20
260,196118,2019-20
261,61316,2019-20
262,67089,2019-20
263,59735,2019-20
264,155503,2019-20
266,179018,2019-20
267,104953,2019-20
268,76542,2019-20
269,50232,2019-20
270,180135,2019-20
271,153127,2019-20
332,38290,2019-20
466,180974,2019-20
482,58771,2019-20
483,114243,2019-20
498,92159,2019-20
499,155513,2019-20
500,170137,2019-20
519,111773,2019-20
520,40142,2019-20
540,223175,2019-20
554,104547,2019-20
573,19838,2019-20
598,232957,2019-20
599,232977,2019-20
610,156069,2019-20
612,126407,2019-20
614,116543,2019-20
656,232979,2019-20
272,84384,2019-20
273,198826,2019-20
274,232980,2019-20
275,192303,2019-20
276,194799,2019-20
277,83428,2019-20
278,57127,2019-20
279,179587,2019-20
280,20480,2019-20
281,18499,2019-20
282,37614,2019-20
283,195546,2019-20
284,89470,2019-20
285,71738,2019-20
286,78607,2019-20
287,193111,2019-20
288,87396,2019-20
289,18665,2019-20
290,90440,2019-20
434,81048,2019-20
435,124165,2019-20
449,28082,2019-20
454,113564,2019-20
484,101061,2019-20
507,128348,2019-20
538,432735,2019-20
551,233849,2019-20
552,232667,2019-20
601,139110,2019-20
602,76306,2019-20
632,439485,2019-20
650,444253,2019-20
669,431924,2019-20
70,178304,2019-20
291,63426,2019-20
292,87121,2019-20
293,146610,2019-20
294,82691,2019-20
295,108416,2019-20
296,18832,2019-20
297,153723,2019-20
298,18867,2019-20
299,213280,2019-20
300,59614,2019-20
301,47247,2019-20
302,79934,2019-20
303,27436,2019-20
423,40386,2019-20
436,74854,2019-20
441,49083,2019-20
444,7645,2019-20
453,171975,2019-20
456,90518,2019-20
471,172649,2019-20
472,167878,2019-20
501,169432,2019-20
521,194126,2019-20
522,87447,2019-20
547,18440,2019-20
591,49384,2019-20
611,83427,2019-20
621,207189,2019-20
622,147612,2019-20
625,222786,2019-20
304,93100,2019-20
305,40146,2019-20
306,213482,2019-20
307,171771,2019-20
308,88900,2019-20
310,80447,2019-20
311,232797,2019-20
312,78356,2019-20
313,84939,2019-20
314,220598,2019-20
315,20452,2019-20
316,153371,2019-20
317,40383,2019-20
318,58376,2019-20
319,107265,2019-20
320,83283,2019-20
321,101178,2019-20
322,96787,2019-20
323,91047,2019-20
324,151086,2019-20
325,132015,2019-20
326,204481,2019-20
327,193109,2019-20
328,78056,2019-20
337,158534,2019-20
437,200439,2019-20
438,431131,2019-20
485,167075,2019-20
508,128198,2019-20
532,135720,2019-20
535,200088,2019-20
548,198044,2019-20
584,214466,2019-20
633,203389,2019-20
645,214470,2019-20
649,449781,2019-20
654,422306,2019-20
663,174590,2019-20
329,115556,2019-20
330,39194,2019-20
331,55605,2019-20
333,173904,2019-20
334,77794,2019-20
335,234908,2019-20
336,80226,2019-20
338,78830,2019-20
339,165990,2019-20
340,37915,2019-20
341,102884,2019-20
342,85971,2019-20
343,80607,2019-20
344,108823,2019-20
345,95715,2019-20
346,62974,2019-20
347,157668,2019-20
348,54756,2019-20
349,45268,2019-20
350,93264,2019-20
351,168764,2019-20
352,209042,2019-20
442,231372,2019-20
509,447235,2019-20
523,200826,2019-20
524,184349,2019-20
527,168566,2019-20
543,175941,2019-20
555,39215,2019-20
558,214572,2019-20
583,199584,2019-20
605,195774,2019-20
615,194252,2019-20
634,448791,2019-20
655,461195,2019-20
353,40868,2019-20
354,85624,2019-20
355,155651,2019-20
356,20145,2019-20
357,54484,2019-20
358,41338,2019-20
359,52940,2019-20
360,220166,2019-20
361,41945,2019-20
362,41725,2019-20
363,94924,2019-20
364,73426,2019-20
365,173514,2019-20
366,9089,2019-20
367,206882,2019-20
368,121599,2019-20
369,61566,2019-20
370,108413,2019-20
371,43250,2019-20
372,157775,2019-20
373,38439,2019-20
374,89085,2019-20
375,216058,2019-20
439,60232,2019-20
512,50175,2019-20
513,18656,2019-20
525,232185,2019-20
542,96767,2019-20
563,175353,2019-20
592,475168,2019-20
604,168290,2019-20
648,194401,2019-20
376,55459,2019-20
377,40669,2019-20
378,105717,2019-20
379,20658,2019-20
380,81012,2019-20
381,219924,2019-20
382,166640,2019-20
383,48717,2019-20
384,222018,2019-20
385,41464,2019-20
386,43020,2019-20
387,209925,2019-20
388,37096,2019-20
389,57531,2019-20
390,101537,2019-20
391,86934,2019-20
392,56377,2019-20
393,18987,2019-20
394,54102,2019-20
395,204480,2019-20
396,18073,2019-20
397,42824,2019-20
398,179830,2019-20
399,217593,2019-20
400,59779,2019-20
450,40694,2019-20
457,103123,2019-20
514,181008,2019-20
553,19194,2019-20
568,183487,2019-20
582,447879,2019-20
593,232391,2019-20
594,459373,2019-20
595,243710,2019-20
606,32259,2019-20
616,215439,2019-20
626,178186,2019-20
651,215407,2019-20
664,222017,2019-20
401,87835,2019-20
402,114128,2019-20
403,94147,2019-20
405,90585,2019-20
406,216054,2019-20
407,107613,2019-20
408,214048,2019-20
409,102057,2019-20
410,194634,2019-20
411,38533,2019-20
412,19236,2019-20
413,168399,2019-20
414,171317,2019-20
415,19624,2019-20
416,222531,2019-20
417,159533,2019-20
418,165808,2019-20
419,166324,2019-20
420,151589,2019-20
473,178876,2019-20
487,209353,2019-20
528,247632,2019-20
559,194798,2019-20
560,232361,2019-20
566,250604,2019-20
567,245923,2019-20
587,179456,2019-20
607,232351,2019-20
609,428610,2019-20
619,200600,2019-20
652,474003,2019-20
1,37605,2020-21
2,39476,2020-21
3,41270,2020-21
4,54694,2020-21
5,58822,2020-21
6,59966,2020-21
7,69140,2020-21
8,80201,2020-21
9,84450,2020-21
10,92371,2020-21
11,98745,2020-21
13,101184,2020-21
14,111457,2020-21
16,156074,2020-21
17,192895,2020-21
18,195735,2020-21
19,198849,2020-21
21,200641,2020-21
22,205533,2020-21
23,209289,2020-21
24,223340,2020-21
25,242166,2020-21
26,444145,2020-21
27,462424,2020-21
70,131897,2020-21
478,47431,2020-21
494,226597,2020-21
501,182539,2020-21
526,153256,2020-21
527,113534,2020-21
547,115918,2020-21
567,167199,2020-21
645,184029,2020-21
689,439482,2020-21
12,98980,2020-21
28,21205,2020-21
29,37339,2020-21
30,40564,2020-21
31,47390,2020-21
32,79852,2020-21
33,85242,2020-21
34,89274,2020-21
35,98770,2020-21
36,108156,2020-21
37,114283,2020-21
38,122806,2020-21
39,123354,2020-21
40,148508,2020-21
41,149484,2020-21
42,169359,2020-21
43,184386,2020-21
44,184704,2020-21
45,193488,2020-21
46,199798,2020-21
47,203368,2020-21
48,213345,2020-21
49,217487,2020-21
50,221239,2020-21
51,223349,2020-21
52,230046,2020-21
106,88894,2020-21
496,199796,2020-21
514,178301,2020-21
540,110504,2020-21
554,232653,2020-21
647,122775,2020-21
671,465390,2020-21
672,478912,2020-21
683,481624,2020-21
53,20529,2020-21
54,39155,2020-21
57,60307,2020-21
58,61933,2020-21
59,66242,2020-21
60,74471,2020-21
61,78916,2020-21
62,83299,2020-21
63,86153,2020-21
64,93284,2020-21
65,109345,2020-21
66,110735,2020-21
67,111478,2020-21
68,115382,2020-21
69,116216,2020-21
71,165210,2020-21
72,167473,2020-21
73,178173,2020-21
74,198869,2020-21
75,209362,2020-21
76,227127,2020-21
77,232792,2020-21
78,233425,2020-21
79,235382,2020-21
80,243016,2020-21
503,108813,2020-21
528,49262,2020-21
550,220738,2020-21
574,204676,2020-21
588,50175,2020-21
597,215059,2020-21
627,230127,2020-21
628,243505,2020-21
630,465572,2020-21
631,244848,2020-21
632,215062,2020-21
633,440241,2020-21
662,209288,2020-21
663,442229,2020-21
664,486672,2020-21
55,40845,2020-21
81,17761,2020-21
82,17997,2020-21
83,39487,2020-21
84,40145,2020-21
85,41674,2020-21
86,44683,2020-21
87,44699,2020-21
88,51927,2020-21
89,60551,2020-21
90,60586,2020-21
91,60689,2020-21
92,68983,2020-21
93,81183,2020-21
94,83312,2020-21
95,90517,2020-21
96,98747,2020-21
97,103914,2020-21
98,172782,2020-21
99,220037,2020-21
100,433154,2020-21
519,218023,2020-21
520,461102,2020-21
535,217401,2020-21
536,195471,2020-21
551,195064,2020-21
583,168399,2020-21
591,461450,2020-21
592,461096,2020-21
612,465299,2020-21
613,430367,2020-21
658,184259,2020-21
101,20310,2020-21
102,41328,2020-21
103,44346,2020-21
104,82263,2020-21
105,85955,2020-21
107,91651,2020-21
109,102380,2020-21
110,103192,2020-21
111,109533,2020-21
112,109745,2020-21
113,116594,2020-21
114,124183,2020-21
116,135363,2020-21
117,165153,2020-21
118,173879,2020-21
119,176413,2020-21
120,184341,2020-21
121,194794,2020-21
122,209046,2020-21
123,225796,2020-21
124,243568,2020-21
232,172850,2020-21
490,51090,2020-21
500,219847,2020-21
548,228286,2020-21
593,431019,2020-21
605,223332,2020-21
698,441191,2020-21
108,94245,2020-21
125,19419,2020-21
126,20066,2020-21
127,40784,2020-21
128,40836,2020-21
129,49413,2020-21
130,50471,2020-21
131,50472,2020-21
132,54861,2020-21
133,55037,2020-21
134,55494,2020-21
135,58786,2020-21
136,59125,2020-21
137,60252,2020-21
138,66975,2020-21
139,74230,2020-21
140,80146,2020-21
141,82403,2020-21
142,86417,2020-21
143,141020,2020-21
144,173954,2020-21
145,232423,2020-21
146,244723,2020-21
147,466955,2020-21
486,19188,2020-21
489,232413,2020-21
522,221272,2020-21
534,114536,2020-21
577,57328,2020-21
578,42525,2020-21
586,105666,2020-21
641,231747,2020-21
675,223824,2020-21
688,450542,2020-21
149,41823,2020-21
150,55422,2020-21
151,57513,2020-21
152,59949,2020-21
153,66838,2020-21
154,100649,2020-21
155,101188,2020-21
156,106611,2020-21
157,111234,2020-21
158,120250,2020-21
159,153133,2020-21
160,153673,2020-21
161,160987,2020-21
162,164511,2020-21
163,173807,2020-21
164,177815,2020-21
165,194164,2020-21
166,212319,2020-21
167,222627,2020-21
168,232826,2020-21
169,242058,2020-21
170,480455,2020-21
502,119765,2020-21
508,60025,2020-21
512,121599,2020-21
559,495542,2020-21
566,198826,2020-21
573,111782,2020-21
596,218997,2020-21
644,461446,2020-21
651,78007,2020-21
679,232829,2020-21
680,173818,2020-21
681,422612,2020-21
682,447325,2020-21
690,474907,2020-21
691,491559,2020-21
115,126187,2020-21
171,40559,2020-21
172,55038,2020-21
173,61739,2020-21
174,61916,2020-21
175,76357,2020-21
176,82514,2020-21
177,83543,2020-21
178,84915,2020-21
179,87107,2020-21
180,92259,2020-21
181,96994,2020-21
182,101105,2020-21
183,122074,2020-21
184,128389,2020-21
185,149266,2020-21
186,155529,2020-21
187,166324,2020-21
188,168765,2020-21
189,170271,2020-21
190,197030,2020-21
191,203325,2020-21
192,208998,2020-21
373,153366,2020-21
484,169528,2020-21
493,151086,2020-21
516,84182,2020-21
517,167074,2020-21
525,72681,2020-21
557,219352,2020-21
562,159506,2020-21
571,174874,2020-21
572,109646,2020-21
585,109434,2020-21
665,195480,2020-21
695,244858,2020-21
707,223335,2020-21
708,432931,2020-21
216,15033,2020-21
217,17745,2020-21
218,37402,2020-21
219,37642,2020-21
220,46483,2020-21
221,51938,2020-21
222,61604,2020-21
223,95463,2020-21
224,101668,2020-21
225,106837,2020-21
226,111931,2020-21
227,155569,2020-21
228,166989,2020-21
229,168580,2020-21
230,172632,2020-21
231,172780,2020-21
233,173515,2020-21
234,197469,2020-21
235,201666,2020-21
236,203341,2020-21
237,213405,2020-21
238,218031,2020-21
239,220627,2020-21
240,244619,2020-21
498,166477,2020-21
518,86881,2020-21
541,228798,2020-21
561,444463,2020-21
579,149828,2020-21
660,232229,2020-21
661,232881,2020-21
676,421796,2020-21
684,447373,2020-21
687,513789,2020-21
703,461585,2020-21
193,28690,2020-21
194,39790,2020-21
195,55914,2020-21
196,57913,2020-21
197,66588,2020-21
198,72222,2020-21
199,80179,2020-21
200,87873,2020-21
201,105377,2020-21
202,106617,2020-21
203,221399,2020-21
204,155405,2020-21
205,165808,2020-21
206,173821,2020-21
207,204642,2020-21
208,214987,2020-21
209,215460,2020-21
210,221610,2020-21
211,222694,2020-21
212,434138,2020-21
213,437495,2020-21
214,455084,2020-21
215,467114,2020-21
491,193645,2020-21
492,80954,2020-21
532,463912,2020-21
533,480216,2020-21
549,149915,2020-21
570,219961,2020-21
599,492374,2020-21
619,492066,2020-21
620,492373,2020-21
667,462635,2020-21
685,38588,2020-21
692,248937,2020-21
693,450070,2020-21
694,433590,2020-21
241,15157,2020-21
242,214285,2020-21
243,41733,2020-21
244,56979,2020-21
245,60706,2020-21
246,60914,2020-21
247,68312,2020-21
248,81880,2020-21
249,92217,2020-21
250,97032,2020-21
251,110979,2020-21
252,116535,2020-21
253,116643,2020-21
254,118748,2020-21
255,122798,2020-21
256,152760,2020-21
257,153682,2020-21
259,169187,2020-21
260,171287,2020-21
261,175592,2020-21
263,206915,2020-21
264,215136,2020-21
265,444884,2020-21
468,194634,2020-21
531,61558,2020-21
560,200720,2020-21
589,197464,2020-21
594,219937,2020-21
601,233489,2020-21
607,243343,2020-21
652,438277,2020-21
653,152898,2020-21
677,433019,2020-21
678,490138,2020-21
696,182436,2020-21
697,480818,2020-21
266,27789,2020-21
267,33148,2020-21
268,37572,2020-21
269,57410,2020-21
270,58621,2020-21
271,59859,2020-21
272,61366,2020-21
273,97299,2020-21
274,102826,2020-21
275,103025,2020-21
276,103955,2020-21
277,121145,2020-21
278,121160,2020-21
279,126184,2020-21
280,146941,2020-21
281,165809,2020-21
282,205651,2020-21
283,206325,2020-21
284,209244,2020-21
285,220394,2020-21
286,220566,2020-21
287,224444,2020-21
288,432656,2020-21
537,449926,2020-21
538,164484,2020-21
539,463034,2020-21
552,244851,2020-21
556,171314,2020-21
595,432720,2020-21
608,17601,2020-21
609,219265,2020-21
622,439510,2020-21
623,245719,2020-21
659,219291,2020-21
289,42899,2020-21
290,43670,2020-21
291,51940,2020-21
292,55909,2020-21
293,58498,2020-21
294,58893,2020-21
295,62398,2020-21
296,74208,2020-21
297,76359,2020-21
298,95658,2020-21
299,101582,2020-21
300,106760,2020-21
302,141746,2020-21
303,148225,2020-21
304,156689,2020-21
305,172649,2020-21
306,176297,2020-21
307,180804,2020-21
308,184667,2020-21
309,195851,2020-21
310,197365,2020-21
311,200617,2020-21
312,201084,2020-21
313,214590,2020-21
314,216051,2020-21
315,220688,2020-21
316,222677,2020-21
317,232928,2020-21
318,232937,2020-21
319,244856,2020-21
495,180184,2020-21
568,152590,2020-21
569,40720,2020-21
575,488404,2020-21
604,6744,2020-21
640,493250,2020-21
673,472464,2020-21
686,250370,2020-21
702,449434,2020-21
712,465527,2020-21
713,461566,2020-21
20,200089,2020-21
320,40142,2020-21
321,50232,2020-21
322,56983,2020-21
323,57145,2020-21
324,58845,2020-21
325,59735,2020-21
326,67089,2020-21
327,77359,2020-21
328,101148,2020-21
329,104547,2020-21
330,104953,2020-21
331,106618,2020-21
332,109528,2020-21
333,111773,2020-21
334,119471,2020-21
335,151119,2020-21
336,153127,2020-21
337,155513,2020-21
338,170137,2020-21
339,179018,2020-21
340,180974,2020-21
341,196118,2020-21
342,232977,2020-21
480,180135,2020-21
485,83314,2020-21
487,223175,2020-21
488,81441,2020-21
497,114243,2020-21
506,75115,2020-21
507,90105,2020-21
513,194799,2020-21
602,215379,2020-21
606,432927,2020-21
262,195473,2020-21
343,18867,2020-21
344,27436,2020-21
345,40386,2020-21
346,47247,2020-21
347,63426,2020-21
348,74854,2020-21
349,79934,2020-21
350,82143,2020-21
351,82691,2020-21
352,83427,2020-21
353,108416,2020-21
354,146610,2020-21
355,153723,2020-21
356,167878,2020-21
357,169432,2020-21
359,178304,2020-21
360,207189,2020-21
424,197937,2020-21
477,49083,2020-21
483,225321,2020-21
509,199598,2020-21
510,226182,2020-21
511,155197,2020-21
529,7645,2020-21
580,194126,2020-21
603,109638,2020-21
618,487836,2020-21
646,478449,2020-21
656,440993,2020-21
657,481371,2020-21
670,531076,2020-21
699,523700,2020-21
704,235640,2020-21
705,471848,2020-21
711,538207,2020-21
148,20467,2020-21
258,157882,2020-21
361,20452,2020-21
362,40146,2020-21
363,58376,2020-21
364,78056,2020-21
365,83283,2020-21
366,84939,2020-21
367,88900,2020-21
368,91047,2020-21
369,93100,2020-21
370,101178,2020-21
371,107265,2020-21
372,128198,2020-21
374,153379,2020-21
375,158534,2020-21
376,171771,2020-21
377,200439,2020-21
378,213482,2020-21
379,214466,2020-21
380,214470,2020-21
381,220598,2020-21
382,431131,2020-21
479,450527,2020-21
523,40383,2020-21
524,203389,2020-21
565,240143,2020-21
590,200088,2020-21
598,232797,2020-21
624,445896,2020-21
625,198044,2020-21
634,422306,2020-21
635,447093,2020-21
636,456966,2020-21
643,449781,2020-21
655,447372,2020-21
383,37915,2020-21
384,38290,2020-21
385,45268,2020-21
386,55605,2020-21
387,62974,2020-21
388,78830,2020-21
389,80226,2020-21
390,85971,2020-21
391,93264,2020-21
392,95715,2020-21
393,102884,2020-21
394,108823,2020-21
395,115556,2020-21
396,132015,2020-21
397,157668,2020-21
398,173904,2020-21
399,184349,2020-21
400,194252,2020-21
401,195774,2020-21
402,199584,2020-21
403,200826,2020-21
404,209042,2020-21
405,231372,2020-21
406,234908,2020-21
457,87835,2020-21
482,15749,2020-21
521,168763,2020-21
542,199249,2020-21
543,36903,2020-21
564,245824,2020-21
584,214225,2020-21
650,496179,2020-21
666,490145,2020-21
710,461212,2020-21
15,154043,2020-21
56,50093,2020-21
358,171975,2020-21
407,42427,2020-21
408,49440,2020-21
409,49944,2020-21
410,49957,2020-21
411,50229,2020-21
412,59940,2020-21
413,61600,2020-21
414,77777,2020-21
415,78356,2020-21
416,82078,2020-21
417,101982,2020-21
418,108053,2020-21
419,146426,2020-21
420,173809,2020-21
421,174593,2020-21
422,176420,2020-21
423,195864,2020-21
425,216616,2020-21
426,232427,2020-21
428,18987,2020-21
446,179830,2020-21
481,210407,2020-21
499,183015,2020-21
530,41135,2020-21
544,232787,2020-21
555,200878,2020-21
582,180294,2020-21
600,38716,2020-21
621,505265,2020-21
639,11948,2020-21
648,164011,2020-21
654,101394,2020-21
700,470255,2020-21
701,439242,2020-21
706,444575,2020-21
709,490094,2020-21
301,109322,2020-21
427,18073,2020-21
429,19194,2020-21
430,32259,2020-21
431,37096,2020-21
432,40669,2020-21
433,40694,2020-21
434,54102,2020-21
435,55459,2020-21
436,56377,2020-21
437,57531,2020-21
438,81012,2020-21
439,86934,2020-21
440,101537,2020-21
441,103123,2020-21
442,105717,2020-21
443,166640,2020-21
444,167522,2020-21
445,178186,2020-21
447,181008,2020-21
448,204480,2020-21
449,215439,2020-21
450,217593,2020-21
451,219924,2020-21
452,222018,2020-21
558,164555,2020-21
576,60232,2020-21
587,172841,2020-21
637,486870,2020-21
638,461533,2020-21
668,222017,2020-21
669,462384,2020-21
674,232398,2020-21
453,19236,2020-21
454,19624,2020-21
455,38533,2020-21
456,41727,2020-21
458,90585,2020-21
459,94147,2020-21
460,102057,2020-21
461,107613,2020-21
462,114128,2020-21
463,141569,2020-21
464,151589,2020-21
465,159533,2020-21
466,171317,2020-21
467,179456,2020-21
469,200600,2020-21
470,214048,2020-21
471,216054,2020-21
472,216208,2020-21
473,222531,2020-21
474,247632,2020-21
475,428610,2020-21
476,474003,2020-21
504,449988,2020-21
505,111291,2020-21
515,437858,2020-21
545,441271,2020-21
546,200402,2020-21
553,225368,2020-21
563,448514,2020-21
581,250604,2020-21
610,443296,2020-21
611,232361,2020-21
614,245923,2020-21
615,437688,2020-21
616,481626,2020-21
617,448487,2020-21
626,209353,2020-21
629,465551,2020-21
642,73314,2020-21
649,490721,2020-21
1,80201,2021-22
2,115918,2021-22
3,47431,2021-22
4,54694,2021-22
5,58822,2021-22
6,59966,2021-22
7,84450,2021-22
8,92371,2021-22
9,98745,2021-22
11,111457,2021-22
12,153256,2021-22
13,154043,2021-22
14,156074,2021-22
15,167199,2021-22
16,192895,2021-22
17,195735,2021-22
18,198849,2021-22
20,205533,2021-22
21,209289,2021-22
22,223340,2021-22
23,226597,2021-22
24,233963,2021-22
25,242166,2021-22
26,444145,2021-22
27,462424,2021-22
67,198869,2021-22
466,437626,2021-22
478,437742,2021-22
530,232223,2021-22
531,200641,2021-22
532,463748,2021-22
558,184029,2021-22
559,225321,2021-22
572,220682,2021-22
590,223723,2021-22
664,450544,2021-22
692,503301,2021-22
693,498046,2021-22
694,444880,2021-22
695,461023,2021-22
705,490887,2021-22
711,232245,2021-22
719,449444,2021-22
720,493928,2021-22
721,439482,2021-22
730,450553,2021-22
10,101184,2021-22
28,79852,2021-22
29,85242,2021-22
30,98980,2021-22
31,108156,2021-22
32,110504,2021-22
34,122775,2021-22
35,122806,2021-22
36,123354,2021-22
37,148508,2021-22
38,149484,2021-22
40,178301,2021-22
41,184704,2021-22
43,195546,2021-22
44,199796,2021-22
45,199798,2021-22
46,203368,2021-22
47,213345,2021-22
48,217487,2021-22
49,221239,2021-22
50,230046,2021-22
51,232653,2021-22
52,18892,2021-22
168,101188,2021-22
337,84939,2021-22
492,215711,2021-22
496,447715,2021-22
497,481624,2021-22
526,478912,2021-22
568,433979,2021-22
596,248164,2021-22
610,515597,2021-22
638,490094,2021-22
650,462381,2021-22
670,536110,2021-22
681,84583,2021-22
684,465390,2021-22
691,111782,2021-22
703,487835,2021-22
713,515599,2021-22
76,61810,2021-22
77,128295,2021-22
78,144485,2021-22
79,154138,2021-22
80,154561,2021-22
81,174932,2021-22
82,183656,2021-22
83,194010,2021-22
84,204580,2021-22
85,205836,2021-22
86,207283,2021-22
87,213687,2021-22
88,216620,2021-22
89,226956,2021-22
90,228044,2021-22
91,231065,2021-22
92,235448,2021-22
93,420922,2021-22
94,434024,2021-22
95,434662,2021-22
96,446008,2021-22
97,481405,2021-22
479,428580,2021-22
483,191866,2021-22
498,232247,2021-22
499,432160,2021-22
524,216646,2021-22
556,240796,2021-22
569,450550,2021-22
594,48760,2021-22
614,220695,2021-22
619,503300,2021-22
628,461558,2021-22
640,460029,2021-22
662,450539,2021-22
673,57513,2021-22
699,80607,2021-22
722,121570,2021-22
53,39155,2021-22
54,49262,2021-22
55,60307,2021-22
56,61933,2021-22
57,66242,2021-22
59,83299,2021-22
60,109345,2021-22
61,110735,2021-22
62,111478,2021-22
63,115382,2021-22
64,116216,2021-22
65,131897,2021-22
66,165210,2021-22
68,209362,2021-22
69,215059,2021-22
70,227127,2021-22
71,232792,2021-22
72,233425,2021-22
73,235382,2021-22
74,243016,2021-22
75,243505,2021-22
447,50175,2021-22
462,423649,2021-22
476,240514,2021-22
500,93284,2021-22
535,204676,2021-22
536,442229,2021-22
537,209045,2021-22
538,486672,2021-22
560,433589,2021-22
584,179268,2021-22
595,106757,2021-22
612,441192,2021-22
653,448496,2021-22
654,433138,2021-22
655,487117,2021-22
688,209288,2021-22
712,445548,2021-22
98,17761,2021-22
99,17997,2021-22
100,39487,2021-22
101,40145,2021-22
102,40845,2021-22
103,41674,2021-22
104,44683,2021-22
105,44699,2021-22
106,51927,2021-22
107,60551,2021-22
108,60586,2021-22
110,68983,2021-22
111,81183,2021-22
112,98747,2021-22
113,103914,2021-22
114,168399,2021-22
115,172782,2021-22
116,217401,2021-22
117,220037,2021-22
118,433154,2021-22
451,432830,2021-22
480,20066,2021-22
533,461096,2021-22
534,461102,2021-22
565,461567,2021-22
575,17349,2021-22
578,149519,2021-22
585,192290,2021-22
700,120202,2021-22
708,514229,2021-22
726,530873,2021-22
735,461080,2021-22
736,465299,2021-22
119,41328,2021-22
120,44346,2021-22
121,51090,2021-22
122,82263,2021-22
123,85955,2021-22
124,88894,2021-22
125,91651,2021-22
126,94245,2021-22
127,102380,2021-22
129,109745,2021-22
130,116594,2021-22
131,124183,2021-22
132,126187,2021-22
133,135363,2021-22
134,165153,2021-22
135,172850,2021-22
136,173879,2021-22
137,176413,2021-22
138,184341,2021-22
139,199598,2021-22
140,209046,2021-22
141,219847,2021-22
142,225796,2021-22
143,228286,2021-22
501,204727,2021-22
527,180736,2021-22
529,66749,2021-22
539,109533,2021-22
592,89335,2021-22
606,122074,2021-22
671,487838,2021-22
672,491785,2021-22
690,167767,2021-22
144,232787,2021-22
146,40836,2021-22
147,49413,2021-22
148,50471,2021-22
149,54861,2021-22
150,55037,2021-22
151,58786,2021-22
152,66975,2021-22
153,80146,2021-22
154,82403,2021-22
155,86417,2021-22
156,105666,2021-22
157,173954,2021-22
158,185478,2021-22
159,231747,2021-22
160,232413,2021-22
161,232423,2021-22
162,244723,2021-22
386,108413,2021-22
464,443661,2021-22
474,55494,2021-22
477,209036,2021-22
488,174874,2021-22
493,57328,2021-22
540,223824,2021-22
541,450542,2021-22
542,448482,2021-22
543,462831,2021-22
561,169593,2021-22
586,199670,2021-22
709,501468,2021-22
42,193488,2021-22
163,41823,2021-22
164,55422,2021-22
165,59949,2021-22
166,60025,2021-22
167,100649,2021-22
169,106611,2021-22
170,111234,2021-22
171,119765,2021-22
172,120250,2021-22
173,121599,2021-22
174,153133,2021-22
175,164511,2021-22
176,173807,2021-22
177,177815,2021-22
178,194164,2021-22
179,198826,2021-22
180,212319,2021-22
181,222627,2021-22
282,180184,2021-22
363,108823,2021-22
481,40349,2021-22
482,60252,2021-22
484,172632,2021-22
502,153673,2021-22
503,232826,2021-22
504,160987,2021-22
544,480455,2021-22
545,173818,2021-22
564,242058,2021-22
570,495542,2021-22
571,11948,2021-22
591,57134,2021-22
602,218997,2021-22
607,461421,2021-22
613,491556,2021-22
616,447325,2021-22
622,66838,2021-22
623,474907,2021-22
630,461446,2021-22
674,243571,2021-22
675,224967,2021-22
718,491559,2021-22
200,17745,2021-22
201,37642,2021-22
202,51938,2021-22
203,86881,2021-22
204,95463,2021-22
205,101668,2021-22
206,106837,2021-22
207,111931,2021-22
208,155569,2021-22
209,166477,2021-22
210,166989,2021-22
211,168580,2021-22
212,172780,2021-22
213,173515,2021-22
214,197469,2021-22
215,201666,2021-22
216,203341,2021-22
217,218031,2021-22
218,220627,2021-22
219,244619,2021-22
220,444463,2021-22
340,93100,2021-22
455,245419,2021-22
458,225902,2021-22
473,40146,2021-22
505,215413,2021-22
573,11974,2021-22
587,219352,2021-22
639,232229,2021-22
645,501770,2021-22
646,232620,2021-22
647,461587,2021-22
182,28690,2021-22
183,39790,2021-22
184,55914,2021-22
185,66588,2021-22
186,72222,2021-22
187,80954,2021-22
188,87873,2021-22
189,106617,2021-22
190,149915,2021-22
191,155405,2021-22
192,165808,2021-22
193,173821,2021-22
194,193645,2021-22
195,215460,2021-22
196,219961,2021-22
197,221610,2021-22
198,222694,2021-22
199,437495,2021-22
267,221399,2021-22
287,200617,2021-22
463,443967,2021-22
490,223081,2021-22
550,248937,2021-22
551,450070,2021-22
552,80179,2021-22
562,433590,2021-22
563,492373,2021-22
576,464618,2021-22
577,462635,2021-22
600,469249,2021-22
601,473342,2021-22
608,477547,2021-22
624,450529,2021-22
631,492374,2021-22
657,513852,2021-22
658,547701,2021-22
221,15157,2021-22
222,56979,2021-22
223,60706,2021-22
224,60914,2021-22
225,61558,2021-22
226,68312,2021-22
227,81880,2021-22
228,92217,2021-22
229,97032,2021-22
230,110979,2021-22
231,116535,2021-22
232,116643,2021-22
233,118748,2021-22
234,122798,2021-22
235,152760,2021-22
236,157882,2021-22
237,169187,2021-22
238,171287,2021-22
239,175592,2021-22
240,194634,2021-22
241,197464,2021-22
242,200720,2021-22
243,204716,2021-22
244,206915,2021-22
245,214285,2021-22
246,215136,2021-22
247,219937,2021-22
248,152898,2021-22
506,444884,2021-22
553,182436,2021-22
620,440148,2021-22
625,496185,2021-22
626,492777,2021-22
627,430992,2021-22
656,443629,2021-22
660,441428,2021-22
696,244731,2021-22
33,114283,2021-22
249,58621,2021-22
250,59859,2021-22
251,61366,2021-22
252,97299,2021-22
253,102826,2021-22
254,103025,2021-22
255,103955,2021-22
256,121145,2021-22
257,121160,2021-22
258,126184,2021-22
259,146941,2021-22
260,164484,2021-22
261,165809,2021-22
262,171314,2021-22
263,205651,2021-22
264,206325,2021-22
265,209244,2021-22
266,220566,2021-22
268,224444,2021-22
453,27789,2021-22
507,244851,2021-22
508,490503,2021-22
566,220394,2021-22
593,17601,2021-22
603,439510,2021-22
604,447880,2021-22
605,514356,2021-22
615,434044,2021-22
629,432714,2021-22
651,432711,2021-22
663,478028,2021-22
704,463034,2021-22
269,40720,2021-22
270,51940,2021-22
271,62398,2021-22
272,74208,2021-22
273,95658,2021-22
274,101582,2021-22
275,106760,2021-22
276,109322,2021-22
277,141746,2021-22
278,148225,2021-22
279,152590,2021-22
280,172649,2021-22
281,176297,2021-22
283,180804,2021-22
284,184667,2021-22
285,195851,2021-22
286,197365,2021-22
288,214590,2021-22
289,220688,2021-22
459,43670,2021-22
485,209243,2021-22
509,21205,2021-22
510,216051,2021-22
511,156689,2021-22
512,449434,2021-22
555,90152,2021-22
579,14937,2021-22
632,76359,2021-22
636,493250,2021-22
706,465527,2021-22
723,493105,2021-22
727,472464,2021-22
728,515501,2021-22
737,461529,2021-22
19,200089,2021-22
39,169359,2021-22
58,78916,2021-22
109,60689,2021-22
291,50232,2021-22
292,56983,2021-22
293,58845,2021-22
294,59735,2021-22
295,67089,2021-22
296,75115,2021-22
297,83314,2021-22
298,90105,2021-22
299,101148,2021-22
300,104547,2021-22
301,106618,2021-22
302,109528,2021-22
303,111773,2021-22
304,114243,2021-22
305,119471,2021-22
306,153127,2021-22
307,170137,2021-22
308,179018,2021-22
309,180135,2021-22
310,180974,2021-22
311,194799,2021-22
312,223175,2021-22
465,57145,2021-22
513,155503,2021-22
514,81441,2021-22
599,461484,2021-22
609,215379,2021-22
678,77794,2021-22
697,208706,2021-22
707,461508,2021-22
145,243568,2021-22
290,232937,2021-22
313,18499,2021-22
314,20480,2021-22
315,57127,2021-22
316,71738,2021-22
317,76306,2021-22
318,78607,2021-22
319,83428,2021-22
320,89470,2021-22
321,113564,2021-22
322,167522,2021-22
323,171270,2021-22
324,192303,2021-22
325,193111,2021-22
326,232980,2021-22
327,235546,2021-22
328,428626,2021-22
329,432735,2021-22
330,439485,2021-22
331,466404,2021-22
448,107265,2021-22
449,212723,2021-22
456,83312,2021-22
457,189627,2021-22
471,212325,2021-22
515,220686,2021-22
516,215476,2021-22
528,439509,2021-22
580,438277,2021-22
581,179276,2021-22
643,451310,2021-22
648,483365,2021-22
649,445550,2021-22
666,229415,2021-22
683,497605,2021-22
715,490161,2021-22
716,446281,2021-22
332,20467,2021-22
333,40383,2021-22
334,58376,2021-22
335,78056,2021-22
336,83283,2021-22
338,88900,2021-22
339,91047,2021-22
341,101178,2021-22
342,158534,2021-22
343,171771,2021-22
344,200088,2021-22
345,200439,2021-22
346,203389,2021-22
347,214466,2021-22
348,220598,2021-22
349,240143,2021-22
350,431131,2021-22
351,450527,2021-22
460,244560,2021-22
491,441191,2021-22
517,96787,2021-22
518,440323,2021-22
519,20452,2021-22
525,155511,2021-22
546,213482,2021-22
567,212721,2021-22
637,198044,2021-22
641,20310,2021-22
665,248853,2021-22
667,491551,2021-22
680,445896,2021-22
731,496661,2021-22
352,15749,2021-22
353,37915,2021-22
355,55605,2021-22
356,62974,2021-22
357,78830,2021-22
358,80226,2021-22
359,85971,2021-22
360,87835,2021-22
361,93264,2021-22
362,95715,2021-22
364,115556,2021-22
365,132015,2021-22
366,157668,2021-22
367,173904,2021-22
368,184349,2021-22
369,194252,2021-22
370,199249,2021-22
371,199584,2021-22
372,200826,2021-22
373,209042,2021-22
374,214225,2021-22
375,231372,2021-22
486,156683,2021-22
487,436234,2021-22
494,221632,2021-22
520,490145,2021-22
588,241157,2021-22
597,232456,2021-22
598,209418,2021-22
659,214572,2021-22
668,448791,2021-22
701,445044,2021-22
702,202993,2021-22
714,496179,2021-22
717,223337,2021-22
724,215610,2021-22
729,461201,2021-22
354,45268,2021-22
376,9089,2021-22
377,38290,2021-22
378,40387,2021-22
379,41338,2021-22
380,41725,2021-22
381,43250,2021-22
382,54484,2021-22
383,73426,2021-22
384,85624,2021-22
385,89085,2021-22
387,131304,2021-22
388,140941,2021-22
389,154506,2021-22
390,155651,2021-22
391,157775,2021-22
392,162344,2021-22
393,173514,2021-22
394,175353,2021-22
395,176296,2021-22
396,208973,2021-22
397,216058,2021-22
398,220166,2021-22
399,232185,2021-22
400,232391,2021-22
401,241289,2021-22
402,244890,2021-22
403,471471,2021-22
404,475168,2021-22
405,493934,2021-22
450,230251,2021-22
454,467311,2021-22
467,227560,2021-22
468,78007,2021-22
469,243569,2021-22
472,244716,2021-22
495,69143,2021-22
557,130036,2021-22
574,19838,2021-22
618,52775,2021-22
633,242183,2021-22
642,563883,2021-22
669,468243,2021-22
676,171099,2021-22
677,162651,2021-22
679,442335,2021-22
698,225702,2021-22
725,524196,2021-22
732,535339,2021-22
733,533719,2021-22
734,573808,2021-22
128,103192,2021-22
406,18073,2021-22
407,32259,2021-22
408,37096,2021-22
409,40669,2021-22
410,48717,2021-22
411,55459,2021-22
412,56377,2021-22
413,57531,2021-22
414,60232,2021-22
415,81012,2021-22
416,86934,2021-22
417,105717,2021-22
418,164555,2021-22
419,172841,2021-22
420,178186,2021-22
421,204480,2021-22
422,215439,2021-22
423,217593,2021-22
424,219924,2021-22
425,222018,2021-22
489,84182,2021-22
521,486870,2021-22
522,222017,2021-22
554,462384,2021-22
582,180151,2021-22
589,195728,2021-22
617,441024,2021-22
634,496228,2021-22
644,220684,2021-22
652,248865,2021-22
682,458297,2021-22
710,440120,2021-22
426,19624,2021-22
427,38533,2021-22
428,90585,2021-22
429,94147,2021-22
430,102057,2021-22
431,107613,2021-22
432,111291,2021-22
433,114128,2021-22
434,151589,2021-22
435,159533,2021-22
436,171317,2021-22
437,200402,2021-22
438,200600,2021-22
439,214048,2021-22
440,222531,2021-22
441,247632,2021-22
442,250604,2021-22
443,441271,2021-22
444,448487,2021-22
445,449988,2021-22
446,501837,2021-22
452,19236,2021-22
461,222564,2021-22
470,448514,2021-22
475,149065,2021-22
523,209353,2021-22
547,245923,2021-22
548,461026,2021-22
549,481626,2021-22
583,184754,2021-22
611,242510,2021-22
621,518504,2021-22
635,490721,2021-22
661,428610,2021-22
685,510362,2021-22
686,225000,2021-22
687,232351,2021-22
689,510363,2021-22
3,84450,2022-23
4,153256,2022-23
5,156074,2022-23
6,167199,2022-23
7,184029,2022-23
8,192895,2022-23
9,195735,2022-23
10,198869,2022-23
11,205533,2022-23
12,209289,2022-23
13,223340,2022-23
14,223723,2022-23
15,225321,2022-23
16,226597,2022-23
17,437626,2022-23
19,444145,2022-23
20,92371,2022-23
22,198849,2022-23
23,200641,2022-23
24,224068,2022-23
25,438098,2022-23
26,462424,2022-23
27,479683,2022-23
28,205651,2022-23
111,116216,2022-23
130,85955,2022-23
313,206325,2022-23
607,232241,2022-23
630,499175,2022-23
631,514315,2022-23
655,463748,2022-23
668,519324,2022-23
685,461025,2022-23
710,440854,2022-23
751,535262,2022-23
767,504751,2022-23
29,84583,2022-23
31,98980,2022-23
32,101184,2022-23
33,101188,2022-23
34,110504,2022-23
35,111782,2022-23
36,122775,2022-23
37,122806,2022-23
38,123354,2022-23
39,149484,2022-23
40,178301,2022-23
41,184704,2022-23
42,195546,2022-23
43,199796,2022-23
44,199798,2022-23
45,215711,2022-23
46,230046,2022-23
47,232653,2022-23
49,490094,2022-23
50,165659,2022-23
51,193488,2022-23
52,221239,2022-23
53,226944,2022-23
54,433979,2022-23
55,481624,2022-23
56,203368,2022-23
479,151589,2022-23
525,155561,2022-23
537,537043,2022-23
538,18892,2022-23
638,515597,2022-23
670,462381,2022-23
672,537403,2022-23
694,106468,2022-23
707,248164,2022-23
711,476344,2022-23
744,514287,2022-23
745,516159,2022-23
753,481283,2022-23
754,479641,2022-23
755,534836,2022-23
761,515599,2022-23
57,54469,2022-23
58,56872,2022-23
59,81012,2022-23
60,111317,2022-23
61,128309,2022-23
62,128340,2022-23
63,133845,2022-23
64,152551,2022-23
65,154131,2022-23
66,154566,2022-23
67,155408,2022-23
68,156687,2022-23
69,158499,2022-23
70,168991,2022-23
71,223911,2022-23
72,229600,2022-23
73,235530,2022-23
74,244085,2022-23
75,444180,2022-23
76,447932,2022-23
77,444172,2022-23
404,88900,2022-23
505,156685,2022-23
535,201658,2022-23
539,463981,2022-23
571,32259,2022-23
574,69752,2022-23
576,221466,2022-23
597,461017,2022-23
598,518906,2022-23
649,461012,2022-23
695,590760,2022-23
696,596572,2022-23
697,550596,2022-23
705,533463,2022-23
706,461013,2022-23
714,437730,2022-23
718,244704,2022-23
722,477580,2022-23
723,424044,2022-23
737,474772,2022-23
738,496683,2022-23
78,61810,2022-23
79,128295,2022-23
80,144485,2022-23
81,154561,2022-23
82,174932,2022-23
83,183656,2022-23
84,191866,2022-23
85,194010,2022-23
86,204580,2022-23
87,205836,2022-23
88,207283,2022-23
89,216646,2022-23
90,226956,2022-23
91,228044,2022-23
92,231065,2022-23
93,428580,2022-23
94,432160,2022-23
95,446008,2022-23
96,213687,2022-23
97,216620,2022-23
98,232247,2022-23
99,481405,2022-23
100,235448,2022-23
510,472713,2022-23
515,249231,2022-23
517,140200,2022-23
526,51927,2022-23
540,450550,2022-23
541,434662,2022-23
580,440089,2022-23
595,48760,2022-23
632,591357,2022-23
633,503300,2022-23
646,592661,2022-23
650,601975,2022-23
688,513418,2022-23
752,501284,2022-23
101,39155,2022-23
102,49262,2022-23
103,50175,2022-23
104,60307,2022-23
106,83299,2022-23
107,109345,2022-23
108,110735,2022-23
109,111478,2022-23
113,215059,2022-23
114,232792,2022-23
115,235382,2022-23
116,243016,2022-23
117,243505,2022-23
118,423649,2022-23
119,441192,2022-23
120,486672,2022-23
121,209045,2022-23
122,433589,2022-23
123,450434,2022-23
124,451340,2022-23
125,474120,2022-23
126,484658,2022-23
149,243568,2022-23
542,240514,2022-23
543,178173,2022-23
544,469142,2022-23
559,460028,2022-23
586,204214,2022-23
596,487117,2022-23
640,448496,2022-23
651,513834,2022-23
652,440123,2022-23
677,532529,2022-23
679,536916,2022-23
719,509416,2022-23
736,445548,2022-23
756,209288,2022-23
762,491598,2022-23
765,447720,2022-23
48,478912,2022-23
112,179268,2022-23
127,41328,2022-23
128,51090,2022-23
129,82263,2022-23
131,88894,2022-23
132,91651,2022-23
133,109745,2022-23
134,116594,2022-23
135,124183,2022-23
136,126187,2022-23
137,165153,2022-23
138,167767,2022-23
139,172850,2022-23
140,176413,2022-23
141,180736,2022-23
142,184341,2022-23
143,204727,2022-23
144,209046,2022-23
145,219847,2022-23
146,225796,2022-23
147,228286,2022-23
148,232787,2022-23
150,440323,2022-23
151,199598,2022-23
272,444463,2022-23
304,103955,2022-23
520,86129,2022-23
606,491785,2022-23
616,212701,2022-23
617,54694,2022-23
635,122074,2022-23
653,503301,2022-23
661,487838,2022-23
673,461188,2022-23
684,520295,2022-23
689,242880,2022-23
690,428399,2022-23
699,465920,2022-23
702,532605,2022-23
708,248857,2022-23
724,448047,2022-23
771,447107,2022-23
775,514280,2022-23
18,437742,2022-23
152,40836,2022-23
153,49413,2022-23
154,50471,2022-23
155,54861,2022-23
156,55494,2022-23
157,57328,2022-23
158,66975,2022-23
159,80146,2022-23
160,82403,2022-23
161,86417,2022-23
163,108413,2022-23
164,173954,2022-23
165,174874,2022-23
166,199670,2022-23
167,209036,2022-23
168,231747,2022-23
169,232413,2022-23
170,244723,2022-23
171,443661,2022-23
172,450542,2022-23
173,450535,2022-23
174,232423,2022-23
175,101982,2022-23
495,169593,2022-23
496,450541,2022-23
514,438464,2022-23
530,427623,2022-23
590,487818,2022-23
601,530318,2022-23
604,532135,2022-23
634,461382,2022-23
642,422287,2022-23
644,515496,2022-23
654,515503,2022-23
676,531989,2022-23
725,466117,2022-23
766,501468,2022-23
110,115382,2022-23
176,40349,2022-23
177,57134,2022-23
178,59949,2022-23
179,60252,2022-23
180,106611,2022-23
181,108823,2022-23
182,111234,2022-23
183,119765,2022-23
184,120250,2022-23
185,121599,2022-23
186,153133,2022-23
187,160987,2022-23
188,164511,2022-23
189,172632,2022-23
190,173807,2022-23
191,177815,2022-23
192,194164,2022-23
193,198826,2022-23
194,224967,2022-23
196,480455,2022-23
197,243571,2022-23
198,495542,2022-23
199,17761,2022-23
475,94147,2022-23
531,216054,2022-23
534,433154,2022-23
560,510328,2022-23
561,461453,2022-23
570,232928,2022-23
577,449871,2022-23
605,474907,2022-23
611,80801,2022-23
627,11974,2022-23
637,232829,2022-23
662,461416,2022-23
678,491559,2022-23
686,218997,2022-23
757,536238,2022-23
760,11948,2022-23
768,486623,2022-23
1,58822,2022-23
2,80201,2022-23
105,61933,2022-23
200,76357,2022-23
201,82514,2022-23
202,83543,2022-23
203,89085,2022-23
204,92259,2022-23
205,96994,2022-23
206,101105,2022-23
207,102884,2022-23
208,109434,2022-23
209,109646,2022-23
210,128389,2022-23
211,153366,2022-23
212,153682,2022-23
213,155529,2022-23
214,166324,2022-23
215,167074,2022-23
216,168765,2022-23
217,169528,2022-23
218,244042,2022-23
219,490146,2022-23
220,154296,2022-23
231,200617,2022-23
346,156689,2022-23
470,219924,2022-23
521,432931,2022-23
532,120721,2022-23
546,515024,2022-23
562,235674,2022-23
591,247664,2022-23
613,89068,2022-23
614,47431,2022-23
618,245824,2022-23
636,478227,2022-23
641,573062,2022-23
667,511504,2022-23
726,212314,2022-23
747,235449,2022-23
750,547673,2022-23
763,515023,2022-23
248,17745,2022-23
249,37642,2022-23
250,40146,2022-23
251,51938,2022-23
252,86881,2022-23
253,93100,2022-23
254,95463,2022-23
255,101668,2022-23
256,111931,2022-23
257,155569,2022-23
258,166477,2022-23
259,166989,2022-23
260,168580,2022-23
261,172780,2022-23
262,173515,2022-23
263,197469,2022-23
264,201666,2022-23
265,203341,2022-23
266,215413,2022-23
267,218031,2022-23
268,220627,2022-23
269,225902,2022-23
270,244619,2022-23
271,245419,2022-23
273,232620,2022-23
548,207270,2022-23
549,106837,2022-23
581,45220,2022-23
612,218218,2022-23
639,519223,2022-23
645,514284,2022-23
687,461587,2022-23
709,481510,2022-23
715,225295,2022-23
727,194190,2022-23
735,461584,2022-23
221,55914,2022-23
222,66588,2022-23
223,72222,2022-23
224,80179,2022-23
225,80954,2022-23
226,87873,2022-23
227,106617,2022-23
228,149915,2022-23
229,173821,2022-23
230,193645,2022-23
232,219961,2022-23
233,221399,2022-23
234,221610,2022-23
235,222694,2022-23
236,223081,2022-23
237,248937,2022-23
238,437495,2022-23
239,443967,2022-23
240,450070,2022-23
241,450529,2022-23
242,462635,2022-23
243,477547,2022-23
244,224209,2022-23
245,234370,2022-23
246,427637,2022-23
247,470294,2022-23
506,200785,2022-23
508,224995,2022-23
547,433590,2022-23
565,547701,2022-23
578,78315,2022-23
619,492859,2022-23
659,565297,2022-23
663,496228,2022-23
691,220087,2022-23
700,463067,2022-23
720,241519,2022-23
742,470296,2022-23
743,491008,2022-23
274,15157,2022-23
275,56979,2022-23
276,60914,2022-23
277,61558,2022-23
278,81880,2022-23
279,92217,2022-23
280,97032,2022-23
281,116535,2022-23
282,116643,2022-23
283,118748,2022-23
284,122798,2022-23
285,169187,2022-23
286,171287,2022-23
287,175592,2022-23
288,194634,2022-23
289,200720,2022-23
290,204716,2022-23
291,206915,2022-23
292,214285,2022-23
293,244731,2022-23
294,444884,2022-23
296,244858,2022-23
297,447203,2022-23
298,489580,2022-23
497,60706,2022-23
498,219937,2022-23
499,152898,2022-23
500,444765,2022-23
501,197464,2022-23
563,462491,2022-23
564,535928,2022-23
584,491970,2022-23
592,464353,2022-23
620,204043,2022-23
665,496208,2022-23
680,243298,2022-23
299,58621,2022-23
300,59859,2022-23
301,61366,2022-23
302,97299,2022-23
303,103025,2022-23
305,114283,2022-23
306,121145,2022-23
307,121160,2022-23
308,126184,2022-23
309,146941,2022-23
310,164484,2022-23
311,165809,2022-23
312,171314,2022-23
314,209244,2022-23
315,220566,2022-23
316,244851,2022-23
317,432714,2022-23
318,223094,2022-23
319,461358,2022-23
320,439510,2022-23
322,447880,2022-23
323,463034,2022-23
324,88248,2022-23
325,155405,2022-23
502,17601,2022-23
573,477064,2022-23
587,437468,2022-23
599,219291,2022-23
600,244932,2022-23
610,211975,2022-23
712,482769,2022-23
772,434043,2022-23
773,463210,2022-23
774,472769,2022-23
162,105666,2022-23
326,14937,2022-23
327,51940,2022-23
328,76359,2022-23
329,90152,2022-23
330,95658,2022-23
331,101582,2022-23
332,106760,2022-23
333,141746,2022-23
334,152590,2022-23
335,176297,2022-23
336,180184,2022-23
337,184667,2022-23
338,195851,2022-23
339,197365,2022-23
340,209243,2022-23
341,214590,2022-23
342,216051,2022-23
343,232937,2022-23
344,449434,2022-23
345,148225,2022-23
347,488404,2022-23
348,21205,2022-23
504,222690,2022-23
519,80607,2022-23
533,221820,2022-23
550,493250,2022-23
551,461548,2022-23
569,493105,2022-23
593,61256,2022-23
609,467169,2022-23
615,446189,2022-23
643,516895,2022-23
656,250370,2022-23
660,472464,2022-23
674,515500,2022-23
701,120202,2022-23
728,101338,2022-23
759,518467,2022-23
195,232826,2022-23
350,56983,2022-23
351,57145,2022-23
352,58845,2022-23
353,59735,2022-23
355,67089,2022-23
356,75115,2022-23
357,77794,2022-23
358,78916,2022-23
359,90105,2022-23
360,101148,2022-23
361,104547,2022-23
362,106618,2022-23
363,109528,2022-23
364,111773,2022-23
365,114243,2022-23
366,119471,2022-23
367,169359,2022-23
368,170137,2022-23
369,179018,2022-23
370,180135,2022-23
371,180974,2022-23
372,194799,2022-23
373,200089,2022-23
374,208706,2022-23
375,83314,2022-23
376,98747,2022-23
377,220237,2022-23
552,215379,2022-23
555,441024,2022-23
594,219168,2022-23
626,104542,2022-23
683,564510,2022-23
741,547719,2022-23
776,81441,2022-23
295,215136,2022-23
349,50232,2022-23
354,60689,2022-23
378,48615,2022-23
379,56917,2022-23
380,57647,2022-23
381,58771,2022-23
382,102836,2022-23
383,166325,2022-23
384,168172,2022-23
385,168281,2022-23
386,173399,2022-23
387,204968,2022-23
388,208912,2022-23
389,209035,2022-23
390,209925,2022-23
391,217331,2022-23
392,221403,2022-23
393,242885,2022-23
394,242898,2022-23
395,244930,2022-23
396,437476,2022-23
397,210156,2022-23
398,172649,2022-23
399,437753,2022-23
474,90585,2022-23
493,222531,2022-23
507,199170,2022-23
511,204822,2022-23
518,20066,2022-23
523,114241,2022-23
524,243345,2022-23
527,109322,2022-23
536,179519,2022-23
553,475492,2022-23
582,89076,2022-23
583,55037,2022-23
585,230251,2022-23
602,233420,2022-23
621,500267,2022-23
628,80226,2022-23
666,524069,2022-23
675,184193,2022-23
681,185253,2022-23
703,513046,2022-23
729,28411,2022-23
730,116404,2022-23
734,45124,2022-23
749,450197,2022-23
21,154043,2022-23
321,514356,2022-23
400,20467,2022-23
401,58376,2022-23
402,78056,2022-23
403,83283,2022-23
405,91047,2022-23
406,96787,2022-23
407,101178,2022-23
408,155511,2022-23
409,158534,2022-23
410,171771,2022-23
411,200439,2022-23
412,203389,2022-23
413,212721,2022-23
414,213482,2022-23
415,214466,2022-23
416,240143,2022-23
417,244560,2022-23
418,431131,2022-23
419,441191,2022-23
420,450527,2022-23
421,200428,2022-23
422,456350,2022-23
423,477386,2022-23
424,20310,2022-23
512,193204,2022-23
528,476888,2022-23
622,515571,2022-23
623,173271,2022-23
624,490503,2022-23
647,476161,2022-23
648,447372,2022-23
671,493736,2022-23
692,81205,2022-23
693,502697,2022-23
716,184386,2022-23
731,504783,2022-23
732,147611,2022-23
769,494541,2022-23
770,494543,2022-23
778,499724,2022-23
425,37915,2022-23
426,40383,2022-23
427,78830,2022-23
428,85971,2022-23
429,87835,2022-23
430,93264,2022-23
431,95715,2022-23
432,115556,2022-23
433,132015,2022-23
434,157668,2022-23
435,173904,2022-23
436,184349,2022-23
437,194252,2022-23
438,199249,2022-23
439,199584,2022-23
440,202993,2022-23
441,209042,2022-23
442,214225,2022-23
443,221632,2022-23
444,227127,2022-23
445,241157,2022-23
446,445044,2022-23
447,490145,2022-23
448,45034,2022-23
449,448791,2022-23
450,482442,2022-23
451,214572,2022-23
452,496179,2022-23
453,447235,2022-23
454,212319,2022-23
513,171101,2022-23
522,232859,2022-23
554,436234,2022-23
713,220307,2022-23
733,441164,2022-23
748,461199,2022-23
758,519327,2022-23
764,461201,2022-23
777,492779,2022-23
30,84939,2022-23
455,37096,2022-23
456,40669,2022-23
457,55459,2022-23
458,57531,2022-23
460,86934,2022-23
461,103192,2022-23
462,105717,2022-23
463,164555,2022-23
464,172841,2022-23
465,178186,2022-23
466,180151,2022-23
467,204480,2022-23
468,215439,2022-23
469,217593,2022-23
471,222018,2022-23
472,210494,2022-23
473,84182,2022-23
509,220585,2022-23
529,195899,2022-23
545,109533,2022-23
556,222017,2022-23
572,248865,2022-23
575,149519,2022-23
588,201057,2022-23
603,224024,2022-23
669,487837,2022-23
739,447879,2022-23
740,483364,2022-23
746,518438,2022-23
459,60232,2022-23
476,102057,2022-23
477,114128,2022-23
478,149065,2022-23
480,171317,2022-23
481,184754,2022-23
482,200402,2022-23
483,200600,2022-23
484,214048,2022-23
485,245923,2022-23
486,247632,2022-23
487,448514,2022-23
488,449988,2022-23
489,510362,2022-23
490,510363,2022-23
491,159533,2022-23
492,216208,2022-23
494,501837,2022-23
503,19624,2022-23
516,432830,2022-23
557,246799,2022-23
558,490721,2022-23
566,240299,2022-23
567,198842,2022-23
568,461026,2022-23
579,181284,2022-23
589,465351,2022-23
608,429414,2022-23
625,18507,2022-23
629,476502,2022-23
657,531363,2022-23
658,449133,2022-23
664,492776,2022-23
682,430871,2022-23
698,151086,2022-23
704,88484,2022-23
717,79602,2022-23
721,448089,2022-23
1,232223,2023-24
2,58822,2023-24
3,153256,2023-24
4,438098,2023-24
5,226597,2023-24
6,219847,2023-24
8,205651,2023-24
9,85955,2023-24
10,440854,2023-24
11,479683,2023-24
12,444145,2023-24
13,205533,2023-24
14,184029,2023-24
15,167199,2023-24
16,195735,2023-24
17,225321,2023-24
18,115918,2023-24
19,223340,2023-24
20,462424,2023-24
22,209289,2023-24
24,192895,2023-24
25,223723,2023-24
26,116216,2023-24
29,198869,2023-24
30,84450,2023-24
31,206325,2023-24
113,154561,2023-24
540,204480,2023-24
578,200641,2023-24
585,445122,2023-24
646,463748,2023-24
735,516874,2023-24
736,535262,2023-24
737,535264,2023-24
764,499169,2023-24
772,499175,2023-24
815,504751,2023-24
817,503308,2023-24
32,106468,2023-24
34,215711,2023-24
35,195546,2023-24
36,199796,2023-24
37,101184,2023-24
38,84583,2023-24
39,221239,2023-24
40,151589,2023-24
41,165659,2023-24
42,101188,2023-24
43,230046,2023-24
44,476344,2023-24
45,123354,2023-24
46,490094,2023-24
47,226944,2023-24
48,199798,2023-24
49,98980,2023-24
50,122806,2023-24
51,149484,2023-24
53,111782,2023-24
54,481624,2023-24
55,232653,2023-24
56,122775,2023-24
57,248164,2023-24
58,166989,2023-24
59,110504,2023-24
60,178301,2023-24
61,213345,2023-24
584,244954,2023-24
599,243557,2023-24
618,549068,2023-24
670,462381,2023-24
672,245414,2023-24
686,516159,2023-24
699,171101,2023-24
765,564505,2023-24
767,515599,2023-24
778,481283,2023-24
793,465390,2023-24
803,244850,2023-24
818,462492,2023-24
854,521966,2023-24
865,537403,2023-24
866,646754,2023-24
62,444180,2023-24
63,168991,2023-24
64,111317,2023-24
65,158499,2023-24
66,155408,2023-24
67,244085,2023-24
68,81012,2023-24
69,463981,2023-24
70,235530,2023-24
71,444183,2023-24
72,222683,2023-24
73,128309,2023-24
74,133845,2023-24
75,223911,2023-24
76,128340,2023-24
77,69752,2023-24
78,533463,2023-24
79,156687,2023-24
80,32259,2023-24
81,156685,2023-24
82,437730,2023-24
83,221466,2023-24
84,54469,2023-24
85,154566,2023-24
86,201658,2023-24
87,424044,2023-24
88,229600,2023-24
89,477580,2023-24
595,544877,2023-24
607,215531,2023-24
619,474772,2023-24
643,232980,2023-24
644,503139,2023-24
673,200785,2023-24
705,224995,2023-24
799,441240,2023-24
802,496683,2023-24
804,168636,2023-24
811,550596,2023-24
849,596572,2023-24
855,568791,2023-24
90,191866,2023-24
91,235448,2023-24
92,432160,2023-24
93,228044,2023-24
94,481405,2023-24
95,174932,2023-24
96,432830,2023-24
97,503300,2023-24
98,440089,2023-24
99,183656,2023-24
100,434662,2023-24
101,118342,2023-24
102,213687,2023-24
103,194010,2023-24
104,472713,2023-24
105,204580,2023-24
106,207283,2023-24
107,249231,2023-24
108,446008,2023-24
109,51927,2023-24
110,128295,2023-24
111,428580,2023-24
112,231065,2023-24
114,226956,2023-24
115,513418,2023-24
116,140200,2023-24
117,144485,2023-24
118,591357,2023-24
119,216646,2023-24
120,508395,2023-24
121,48760,2023-24
258,115382,2023-24
508,199249,2023-24
620,501284,2023-24
684,494041,2023-24
701,205836,2023-24
725,570241,2023-24
733,516432,2023-24
744,450539,2023-24
752,563883,2023-24
789,507433,2023-24
797,612534,2023-24
834,622536,2023-24
864,628204,2023-24
122,535818,2023-24
123,235382,2023-24
124,509416,2023-24
125,536916,2023-24
127,233425,2023-24
128,168090,2023-24
129,83299,2023-24
130,474120,2023-24
131,204214,2023-24
132,487117,2023-24
133,243568,2023-24
134,60307,2023-24
135,475168,2023-24
136,442229,2023-24
137,484658,2023-24
138,39155,2023-24
139,232792,2023-24
140,109345,2023-24
141,209288,2023-24
142,15157,2023-24
143,451340,2023-24
144,243505,2023-24
146,441192,2023-24
147,240514,2023-24
148,49262,2023-24
149,450434,2023-24
150,469142,2023-24
151,111478,2023-24
152,489639,2023-24
153,110735,2023-24
154,50175,2023-24
155,204676,2023-24
606,223434,2023-24
621,532529,2023-24
690,535301,2023-24
700,465607,2023-24
741,574402,2023-24
742,475480,2023-24
746,514154,2023-24
747,532528,2023-24
753,513836,2023-24
755,500052,2023-24
786,491598,2023-24
816,543158,2023-24
843,513840,2023-24
845,445548,2023-24
861,549014,2023-24
156,578614,2023-24
157,487968,2023-24
158,189776,2023-24
159,183751,2023-24
160,241231,2023-24
161,172782,2023-24
162,250735,2023-24
163,40145,2023-24
164,530873,2023-24
165,172567,2023-24
166,432711,2023-24
167,478969,2023-24
168,435973,2023-24
169,493347,2023-24
170,60586,2023-24
171,483391,2023-24
172,232917,2023-24
173,216616,2023-24
174,220598,2023-24
175,220037,2023-24
176,192290,2023-24
177,44683,2023-24
178,103914,2023-24
179,461102,2023-24
180,226473,2023-24
181,133085,2023-24
182,441455,2023-24
183,120202,2023-24
184,511783,2023-24
200,520295,2023-24
475,207189,2023-24
594,492831,2023-24
596,432720,2023-24
600,83283,2023-24
605,487702,2023-24
608,179458,2023-24
622,461567,2023-24
660,550839,2023-24
674,247245,2023-24
675,447715,2023-24
694,437757,2023-24
706,437748,2023-24
805,503724,2023-24
806,477717,2023-24
126,486672,2023-24
145,215059,2023-24
185,199598,2023-24
186,532605,2023-24
187,109745,2023-24
188,54694,2023-24
189,41328,2023-24
190,118335,2023-24
191,242880,2023-24
192,122074,2023-24
194,180736,2023-24
195,172850,2023-24
196,478912,2023-24
197,460028,2023-24
198,179268,2023-24
199,448047,2023-24
201,444463,2023-24
202,232787,2023-24
203,482609,2023-24
206,225796,2023-24
207,66749,2023-24
208,248857,2023-24
210,465920,2023-24
211,517052,2023-24
212,213198,2023-24
213,176413,2023-24
214,204727,2023-24
215,471798,2023-24
216,103955,2023-24
217,51090,2023-24
218,124183,2023-24
362,244851,2023-24
589,518620,2023-24
609,441302,2023-24
611,220362,2023-24
613,503714,2023-24
623,534392,2023-24
659,482158,2023-24
667,514356,2023-24
671,461188,2023-24
677,617054,2023-24
680,474803,2023-24
681,491011,2023-24
687,457569,2023-24
716,514280,2023-24
717,517996,2023-24
718,519198,2023-24
723,248854,2023-24
758,517995,2023-24
791,505187,2023-24
819,536238,2023-24
820,597983,2023-24
830,514277,2023-24
838,577016,2023-24
847,499857,2023-24
851,550615,2023-24
852,559963,2023-24
858,518892,2023-24
859,496222,2023-24
7,156074,2023-24
219,466117,2023-24
220,174874,2023-24
221,80146,2023-24
222,57328,2023-24
223,438464,2023-24
224,450535,2023-24
225,199670,2023-24
226,232413,2023-24
227,40836,2023-24
228,209036,2023-24
229,108413,2023-24
230,101982,2023-24
231,152551,2023-24
232,231747,2023-24
233,169593,2023-24
234,244723,2023-24
235,512462,2023-24
236,443661,2023-24
237,450541,2023-24
238,427623,2023-24
239,173954,2023-24
240,86417,2023-24
241,49413,2023-24
242,55494,2023-24
243,487818,2023-24
385,172649,2023-24
615,536694,2023-24
657,450542,2023-24
658,461382,2023-24
720,531993,2023-24
721,531989,2023-24
724,474908,2023-24
763,501468,2023-24
792,247348,2023-24
807,496221,2023-24
821,574398,2023-24
825,530318,2023-24
842,493121,2023-24
244,120250,2023-24
245,480455,2023-24
246,177815,2023-24
247,59949,2023-24
248,108823,2023-24
249,121599,2023-24
250,232928,2023-24
251,160987,2023-24
252,198826,2023-24
253,172632,2023-24
254,80801,2023-24
257,106611,2023-24
259,433154,2023-24
260,224967,2023-24
261,449871,2023-24
262,243571,2023-24
263,111234,2023-24
264,218997,2023-24
265,17761,2023-24
266,222627,2023-24
579,11948,2023-24
588,18892,2023-24
601,220307,2023-24
624,461421,2023-24
645,491012,2023-24
649,461416,2023-24
650,461446,2023-24
661,221399,2023-24
691,486385,2023-24
719,447261,2023-24
760,491557,2023-24
761,491745,2023-24
841,461453,2023-24
863,438405,2023-24
193,440323,2023-24
256,153133,2023-24
267,156689,2023-24
268,76357,2023-24
269,166324,2023-24
270,96994,2023-24
271,219924,2023-24
272,432931,2023-24
273,83543,2023-24
274,109434,2023-24
275,80201,2023-24
276,212314,2023-24
277,120721,2023-24
278,128389,2023-24
279,244042,2023-24
280,154296,2023-24
281,82514,2023-24
282,153366,2023-24
283,169528,2023-24
284,155529,2023-24
285,167074,2023-24
286,109646,2023-24
287,245824,2023-24
288,153682,2023-24
558,102057,2023-24
591,47431,2023-24
610,232892,2023-24
625,547686,2023-24
651,490146,2023-24
652,515023,2023-24
662,159533,2023-24
683,515024,2023-24
688,166477,2023-24
692,428971,2023-24
707,225897,2023-24
732,487693,2023-24
796,511504,2023-24
810,577725,2023-24
289,60706,2023-24
290,169187,2023-24
291,116535,2023-24
292,535928,2023-24
293,447203,2023-24
294,194634,2023-24
295,444884,2023-24
296,116643,2023-24
297,243298,2023-24
298,171287,2023-24
299,56979,2023-24
300,206915,2023-24
301,200720,2023-24
302,204716,2023-24
303,244731,2023-24
304,243016,2023-24
305,60914,2023-24
306,197464,2023-24
307,122798,2023-24
308,118748,2023-24
309,424876,2023-24
310,61558,2023-24
311,214285,2023-24
312,444765,2023-24
313,97032,2023-24
626,441428,2023-24
627,491970,2023-24
628,496208,2023-24
629,491501,2023-24
668,158983,2023-24
708,441266,2023-24
726,462491,2023-24
728,519328,2023-24
743,591386,2023-24
756,443629,2023-24
757,492777,2023-24
782,430992,2023-24
783,496185,2023-24
812,514514,2023-24
813,518199,2023-24
824,500058,2023-24
837,611926,2023-24
21,437742,2023-24
52,184704,2023-24
314,174310,2023-24
315,208904,2023-24
316,165183,2023-24
317,82738,2023-24
318,156658,2023-24
319,193195,2023-24
320,96784,2023-24
321,244262,2023-24
322,49083,2023-24
323,113534,2023-24
324,422303,2023-24
325,453537,2023-24
326,156700,2023-24
327,174595,2023-24
328,229164,2023-24
329,168035,2023-24
330,199056,2023-24
331,490180,2023-24
332,243532,2023-24
333,108411,2023-24
334,165152,2023-24
335,77818,2023-24
336,242500,2023-24
337,232477,2023-24
338,207722,2023-24
339,223333,2023-24
340,91046,2023-24
393,244856,2023-24
553,232351,2023-24
575,108796,2023-24
582,104047,2023-24
586,222677,2023-24
602,476369,2023-24
614,54738,2023-24
630,88894,2023-24
631,242453,2023-24
648,552030,2023-24
665,20480,2023-24
682,611011,2023-24
727,60252,2023-24
729,608060,2023-24
734,589114,2023-24
798,209293,2023-24
831,547668,2023-24
839,647597,2023-24
844,634640,2023-24
848,551995,2023-24
341,211975,2023-24
342,126184,2023-24
343,461358,2023-24
344,165809,2023-24
345,477555,2023-24
346,121145,2023-24
347,17601,2023-24
348,463210,2023-24
349,61366,2023-24
350,171314,2023-24
352,121160,2023-24
353,209244,2023-24
354,114283,2023-24
355,223094,2023-24
356,91651,2023-24
357,146941,2023-24
358,477064,2023-24
359,103025,2023-24
361,88248,2023-24
363,482769,2023-24
365,220566,2023-24
366,437468,2023-24
367,164484,2023-24
368,97299,2023-24
369,58621,2023-24
566,465351,2023-24
616,477424,2023-24
678,248875,2023-24
762,496283,2023-24
771,462438,2023-24
814,516250,2023-24
209,184341,2023-24
370,152590,2023-24
371,493250,2023-24
372,467169,2023-24
373,141746,2023-24
374,232937,2023-24
375,197365,2023-24
376,61256,2023-24
377,216051,2023-24
379,80607,2023-24
380,515501,2023-24
381,101582,2023-24
382,493105,2023-24
383,465527,2023-24
384,21205,2023-24
386,184667,2023-24
387,95658,2023-24
388,516895,2023-24
389,222690,2023-24
390,148225,2023-24
391,221820,2023-24
392,195851,2023-24
394,488404,2023-24
395,90152,2023-24
396,176297,2023-24
397,209243,2023-24
398,106760,2023-24
399,472464,2023-24
400,180184,2023-24
401,214590,2023-24
597,202641,2023-24
617,497894,2023-24
632,487828,2023-24
669,477733,2023-24
685,504598,2023-24
695,451302,2023-24
703,37642,2023-24
709,172912,2023-24
748,515504,2023-24
766,518466,2023-24
768,515500,2023-24
826,490881,2023-24
833,519325,2023-24
835,461537,2023-24
846,577974,2023-24
850,575034,2023-24
856,530117,2023-24
204,487838,2023-24
402,179018,2023-24
403,215379,2023-24
404,441024,2023-24
405,220237,2023-24
406,208706,2023-24
407,78916,2023-24
408,59735,2023-24
409,67089,2023-24
410,90105,2023-24
411,81441,2023-24
412,232826,2023-24
413,153127,2023-24
414,83314,2023-24
415,219168,2023-24
416,180974,2023-24
417,111773,2023-24
418,564510,2023-24
419,101148,2023-24
420,194799,2023-24
421,180135,2023-24
422,109528,2023-24
423,114243,2023-24
424,98747,2023-24
425,56983,2023-24
426,170137,2023-24
427,119471,2023-24
428,169359,2023-24
429,432422,2023-24
430,77794,2023-24
431,232977,2023-24
432,200089,2023-24
433,75115,2023-24
580,104542,2023-24
581,106618,2023-24
603,201666,2023-24
633,441191,2023-24
634,545477,2023-24
635,547719,2023-24
738,248859,2023-24
739,547716,2023-24
745,490150,2023-24
794,461484,2023-24
795,592436,2023-24
23,437626,2023-24
28,224068,2023-24
205,209046,2023-24
378,449434,2023-24
434,461682,2023-24
435,48615,2023-24
436,80226,2023-24
437,210156,2023-24
438,437753,2023-24
439,90585,2023-24
440,245830,2023-24
441,56917,2023-24
442,513046,2023-24
443,230251,2023-24
444,173399,2023-24
445,116404,2023-24
446,89076,2023-24
447,222531,2023-24
448,20066,2023-24
449,168547,2023-24
451,55037,2023-24
452,221403,2023-24
453,179519,2023-24
454,242885,2023-24
455,168281,2023-24
456,244930,2023-24
457,199170,2023-24
458,243345,2023-24
459,437476,2023-24
460,209035,2023-24
461,204822,2023-24
462,185253,2023-24
463,50232,2023-24
464,217331,2023-24
465,114241,2023-24
466,201440,2023-24
467,215136,2023-24
468,60689,2023-24
469,208912,2023-24
470,204968,2023-24
604,159506,2023-24
636,450197,2023-24
637,547659,2023-24
679,218430,2023-24
696,575476,2023-24
710,111452,2023-24
711,466404,2023-24
712,250199,2023-24
713,210462,2023-24
714,152760,2023-24
779,524070,2023-24
780,536677,2023-24
781,536681,2023-24
801,427420,2023-24
808,85633,2023-24
809,551232,2023-24
27,201410,2023-24
33,433979,2023-24
255,194164,2023-24
360,432714,2023-24
471,233821,2023-24
472,538206,2023-24
473,82691,2023-24
474,40386,2023-24
476,226182,2023-24
477,195473,2023-24
478,476938,2023-24
479,102549,2023-24
480,108416,2023-24
481,47247,2023-24
482,82143,2023-24
483,523700,2023-24
484,155197,2023-24
485,169432,2023-24
486,440993,2023-24
487,443211,2023-24
488,79934,2023-24
489,167878,2023-24
490,538207,2023-24
576,83427,2023-24
587,504198,2023-24
592,432990,2023-24
593,523957,2023-24
638,424001,2023-24
653,471848,2023-24
654,532377,2023-24
655,538210,2023-24
656,487836,2023-24
663,196100,2023-24
666,173807,2023-24
693,244619,2023-24
730,585472,2023-24
731,601496,2023-24
759,552425,2023-24
775,204814,2023-24
790,173268,2023-24
822,591539,2023-24
823,532372,2023-24
827,616094,2023-24
828,549344,2023-24
857,591538,2023-24
450,242898,2023-24
491,214572,2023-24
492,202993,2023-24
493,227127,2023-24
494,436234,2023-24
495,115556,2023-24
496,93264,2023-24
497,241157,2023-24
498,40383,2023-24
499,132015,2023-24
500,78830,2023-24
501,445044,2023-24
502,37915,2023-24
503,200826,2023-24
504,172780,2023-24
505,231372,2023-24
506,441164,2023-24
507,45034,2023-24
509,212319,2023-24
510,214225,2023-24
511,221632,2023-24
512,173904,2023-24
513,482442,2023-24
514,184349,2023-24
515,209042,2023-24
516,85971,2023-24
517,232859,2023-24
518,199584,2023-24
519,487053,2023-24
520,184254,2023-24
521,175941,2023-24
583,235674,2023-24
639,491279,2023-24
640,490145,2023-24
641,536908,2023-24
702,548308,2023-24
722,513588,2023-24
740,519321,2023-24
754,492779,2023-24
776,165153,2023-24
777,493125,2023-24
860,499721,2023-24
862,563934,2023-24
364,155405,2023-24
522,210494,2023-24
523,57531,2023-24
524,84182,2023-24
525,172841,2023-24
526,178186,2023-24
527,149519,2023-24
528,164555,2023-24
529,222017,2023-24
530,55459,2023-24
531,220585,2023-24
532,109533,2023-24
533,37096,2023-24
534,217593,2023-24
535,84939,2023-24
536,222018,2023-24
537,201057,2023-24
538,487837,2023-24
539,224024,2023-24
541,195899,2023-24
542,215439,2023-24
543,180151,2023-24
544,103192,2023-24
577,40669,2023-24
642,213999,2023-24
647,447879,2023-24
664,101178,2023-24
676,233963,2023-24
689,460842,2023-24
773,518442,2023-24
774,518438,2023-24
784,536109,2023-24
785,565431,2023-24
829,490885,2023-24
351,220394,2023-24
545,448514,2023-24
546,79602,2023-24
547,431960,2023-24
548,490721,2023-24
549,510363,2023-24
550,245923,2023-24
551,60232,2023-24
552,449988,2023-24
554,181284,2023-24
555,240299,2023-24
556,441271,2023-24
557,184754,2023-24
559,448089,2023-24
560,114128,2023-24
561,428610,2023-24
562,429414,2023-24
563,214048,2023-24
564,138001,2023-24
565,151086,2023-24
567,247632,2023-24
568,200600,2023-24
569,149065,2023-24
570,88484,2023-24
571,216208,2023-24
572,200402,2023-24
573,510362,2023-24
574,476502,2023-24
590,430871,2023-24
598,87835,2023-24
697,231480,2023-24
698,593001,2023-24
704,531363,2023-24
715,231057,2023-24
749,483398,2023-24
750,497606,2023-24
751,504750,2023-24
769,432712,2023-24
770,490095,2023-24
787,449133,2023-24
788,501837,2023-24
800,550833,2023-24
832,613467,2023-24
836,589507,2023-24
840,602934,2023-24
853,514362,2023-24
1,438098,2024-25
2,205651,2024-25
3,226597,2024-25
4,219847,2024-25
5,463748,2024-25
6,445122,2024-25
7,85955,2024-25
8,440854,2024-25
9,444145,2024-25
12,499175,2024-25
13,184029,2024-25
15,154561,2024-25
16,204480,2024-25
17,223340,2024-25
18,462424,2024-25
20,167199,2024-25
21,192895,2024-25
22,223723,2024-25
23,116216,2024-25
24,198869,2024-25
25,206325,2024-25
73,69752,2024-25
186,103955,2024-25
578,466075,2024-25
597,499169,2024-25
633,195384,2024-25
638,498046,2024-25
639,551221,2024-25
657,588793,2024-25
659,588796,2024-25
662,499167,2024-25
665,461025,2024-25
735,100051017,2024-25
756,616059,2024-25
790,538182,2024-25
793,514307,2024-25
801,563324,2024-25
28,215711,2024-25
29,88894,2024-25
30,491287,2024-25
31,195546,2024-25
32,199796,2024-25
33,151589,2024-25
34,243557,2024-25
35,165659,2024-25
36,101188,2024-25
37,461421,2024-25
38,476344,2024-25
39,462492,2024-25
40,123354,2024-25
41,469247,2024-25
42,226944,2024-25
43,465390,2024-25
44,199798,2024-25
45,441302,2024-25
46,462381,2024-25
47,98980,2024-25
48,122806,2024-25
49,149484,2024-25
50,578545,2024-25
51,111782,2024-25
52,244954,2024-25
53,232653,2024-25
54,244850,2024-25
55,248164,2024-25
56,514315,2024-25
57,166989,2024-25
58,178301,2024-25
167,220362,2024-25
233,449871,2024-25
385,176297,2024-25
598,515597,2024-25
640,514287,2024-25
641,516159,2024-25
656,537403,2024-25
679,577731,2024-25
710,559962,2024-25
725,204646,2024-25
731,606798,2024-25
737,100037568,2024-25
762,174292,2024-25
59,232980,2024-25
60,200785,2024-25
61,444180,2024-25
62,111317,2024-25
63,158499,2024-25
64,155408,2024-25
65,168636,2024-25
66,441240,2024-25
67,424044,2024-25
68,463981,2024-25
69,523700,2024-25
70,544877,2024-25
71,222683,2024-25
72,223911,2024-25
74,533463,2024-25
75,495145,2024-25
76,168991,2024-25
77,503139,2024-25
78,437730,2024-25
79,221466,2024-25
80,224995,2024-25
81,54469,2024-25
83,201658,2024-25
84,229600,2024-25
85,477580,2024-25
152,109745,2024-25
580,554605,2024-25
592,436893,2024-25
599,444172,2024-25
617,444102,2024-25
680,496683,2024-25
687,606775,2024-25
702,632822,2024-25
707,606774,2024-25
712,541462,2024-25
713,575901,2024-25
722,590760,2024-25
723,550596,2024-25
727,568791,2024-25
728,530121,2024-25
738,100050427,2024-25
86,191866,2024-25
87,494041,2024-25
88,432830,2024-25
89,440089,2024-25
90,183656,2024-25
91,118342,2024-25
92,194010,2024-25
93,472713,2024-25
94,204580,2024-25
95,207283,2024-25
96,570241,2024-25
97,628204,2024-25
98,249231,2024-25
99,446008,2024-25
100,51927,2024-25
101,128295,2024-25
102,428580,2024-25
103,450539,2024-25
104,231065,2024-25
105,226956,2024-25
106,513418,2024-25
107,502500,2024-25
108,144485,2024-25
109,507433,2024-25
110,216646,2024-25
111,508395,2024-25
112,48760,2024-25
314,244858,2024-25
338,444765,2024-25
602,591357,2024-25
634,626464,2024-25
649,499717,2024-25
661,592662,2024-25
674,220695,2024-25
705,622536,2024-25
752,100042830,2024-25
757,607464,2024-25
759,535017,2024-25
780,533710,2024-25
786,612534,2024-25
113,535818,2024-25
114,475480,2024-25
115,535301,2024-25
116,543158,2024-25
118,519324,2024-25
119,168090,2024-25
120,83299,2024-25
122,204214,2024-25
124,243568,2024-25
125,60307,2024-25
126,532529,2024-25
127,612855,2024-25
128,223434,2024-25
129,475168,2024-25
130,484658,2024-25
131,232792,2024-25
132,109345,2024-25
133,550141,2024-25
134,15157,2024-25
135,592031,2024-25
136,451340,2024-25
137,243505,2024-25
138,574402,2024-25
139,445548,2024-25
140,491598,2024-25
141,441192,2024-25
142,49262,2024-25
143,450434,2024-25
144,469142,2024-25
145,111478,2024-25
146,489639,2024-25
147,110735,2024-25
148,50175,2024-25
149,467779,2024-25
595,513433,2024-25
600,509416,2024-25
601,513834,2024-25
615,472739,2024-25
618,463067,2024-25
628,231416,2024-25
629,219249,2024-25
663,447720,2024-25
668,565858,2024-25
681,539721,2024-25
685,589100,2024-25
714,514254,2024-25
739,100053901,2024-25
758,567121,2024-25
763,439135,2024-25
791,547720,2024-25
794,604988,2024-25
795,597320,2024-25
150,532605,2024-25
151,518620,2024-25
153,242880,2024-25
154,482158,2024-25
155,122074,2024-25
157,486672,2024-25
158,505187,2024-25
159,180736,2024-25
161,478912,2024-25
162,460028,2024-25
163,179268,2024-25
164,520295,2024-25
165,617054,2024-25
166,215413,2024-25
168,448047,2024-25
169,232787,2024-25
170,514280,2024-25
171,482609,2024-25
172,225796,2024-25
173,549068,2024-25
174,514356,2024-25
175,66749,2024-25
176,204727,2024-25
177,248857,2024-25
178,499309,2024-25
179,465920,2024-25
180,517052,2024-25
181,213198,2024-25
182,244851,2024-25
183,457569,2024-25
184,551230,2024-25
185,215059,2024-25
187,109646,2024-25
189,444463,2024-25
386,209243,2024-25
560,247632,2024-25
575,488464,2024-25
581,508479,2024-25
621,428399,2024-25
695,547692,2024-25
696,550615,2024-25
697,577016,2024-25
740,100048548,2024-25
771,609640,2024-25
774,622758,2024-25
781,567119,2024-25
782,536238,2024-25
787,591382,2024-25
11,205533,2024-25
160,172850,2024-25
190,466117,2024-25
193,438464,2024-25
194,427623,2024-25
195,515621,2024-25
196,57328,2024-25
197,450535,2024-25
199,232413,2024-25
200,209036,2024-25
201,172649,2024-25
202,156074,2024-25
203,108413,2024-25
205,209400,2024-25
206,152551,2024-25
207,231747,2024-25
208,536694,2024-25
209,169593,2024-25
210,244723,2024-25
211,247348,2024-25
212,531989,2024-25
213,450542,2024-25
214,86417,2024-25
215,55494,2024-25
216,496221,2024-25
445,224068,2024-25
585,232185,2024-25
644,574398,2024-25
645,489706,2024-25
646,579075,2024-25
647,530318,2024-25
650,437499,2024-25
666,590012,2024-25
676,576980,2024-25
730,606921,2024-25
741,100044409,2024-25
156,440323,2024-25
217,121599,2024-25
218,486385,2024-25
219,480455,2024-25
220,177815,2024-25
221,59949,2024-25
222,80801,2024-25
223,232928,2024-25
224,221399,2024-25
225,194164,2024-25
226,490094,2024-25
227,222627,2024-25
228,106611,2024-25
229,115382,2024-25
230,433154,2024-25
231,224967,2024-25
232,440993,2024-25
234,243571,2024-25
235,111234,2024-25
236,17761,2024-25
237,491012,2024-25
238,18892,2024-25
450,502697,2024-25
577,463903,2024-25
582,512462,2024-25
603,609873,2024-25
614,491557,2024-25
624,40349,2024-25
627,496178,2024-25
651,179519,2024-25
678,547801,2024-25
724,536241,2024-25
742,100000084,2024-25
773,496279,2024-25
775,504296,2024-25
803,474907,2024-25
10,200641,2024-25
19,209289,2024-25
191,174874,2024-25
239,159533,2024-25
240,156689,2024-25
241,232892,2024-25
242,428971,2024-25
243,76357,2024-25
244,166477,2024-25
245,219924,2024-25
246,515024,2024-25
247,153133,2024-25
248,80201,2024-25
249,212314,2024-25
250,120721,2024-25
251,244042,2024-25
252,102057,2024-25
253,82514,2024-25
254,153366,2024-25
255,169528,2024-25
256,490146,2024-25
257,167074,2024-25
258,245824,2024-25
259,153682,2024-25
579,184349,2024-25
586,246301,2024-25
604,577725,2024-25
605,573062,2024-25
622,207189,2024-25
690,591385,2024-25
753,100041800,2024-25
772,47431,2024-25
121,474120,2024-25
260,462387,2024-25
261,517178,2024-25
262,173818,2024-25
263,122411,2024-25
264,149929,2024-25
265,196411,2024-25
266,232228,2024-25
267,455084,2024-25
268,463034,2024-25
269,214964,2024-25
270,449429,2024-25
271,167191,2024-25
272,222625,2024-25
273,524180,2024-25
274,503301,2024-25
275,222018,2024-25
276,94926,2024-25
277,106606,2024-25
278,74944,2024-25
279,246265,2024-25
280,434044,2024-25
281,231899,2024-25
282,180804,2024-25
283,108813,2024-25
284,220583,2024-25
359,155405,2024-25
568,232917,2024-25
569,481624,2024-25
583,108053,2024-25
611,172453,2024-25
619,454667,2024-25
630,216616,2024-25
631,443261,2024-25
632,229164,2024-25
715,198826,2024-25
743,100047417,2024-25
764,112520,2024-25
799,547693,2024-25
800,592712,2024-25
117,536916,2024-25
192,80146,2024-25
198,199670,2024-25
285,225902,2024-25
286,461416,2024-25
287,197469,2024-25
288,94147,2024-25
289,245419,2024-25
290,96994,2024-25
291,218218,2024-25
292,549640,2024-25
293,467189,2024-25
294,207270,2024-25
295,220627,2024-25
296,481510,2024-25
297,461584,2024-25
298,154048,2024-25
299,461587,2024-25
300,203341,2024-25
301,473341,2024-25
302,111931,2024-25
303,194190,2024-25
304,436680,2024-25
305,244619,2024-25
306,101668,2024-25
307,93100,2024-25
308,95463,2024-25
309,157668,2024-25
501,209042,2024-25
570,531442,2024-25
606,532534,2024-25
616,501770,2024-25
635,513527,2024-25
694,531997,2024-25
708,532535,2024-25
726,488439,2024-25
754,100050995,2024-25
792,649208,2024-25
796,619146,2024-25
797,630664,2024-25
802,519223,2024-25
310,116535,2024-25
311,169187,2024-25
312,535928,2024-25
313,492777,2024-25
315,491970,2024-25
316,447203,2024-25
317,194634,2024-25
318,496208,2024-25
319,444884,2024-25
320,158983,2024-25
321,243298,2024-25
322,171287,2024-25
323,441266,2024-25
324,206915,2024-25
325,200720,2024-25
326,204716,2024-25
327,244731,2024-25
328,118748,2024-25
329,243016,2024-25
330,491501,2024-25
331,440148,2024-25
332,197464,2024-25
333,441428,2024-25
334,219937,2024-25
335,122798,2024-25
336,424876,2024-25
337,214285,2024-25
339,97032,2024-25
636,223541,2024-25
660,432987,2024-25
669,464353,2024-25
688,591386,2024-25
692,611926,2024-25
709,500058,2024-25
744,100052173,2024-25
340,211975,2024-25
341,126184,2024-25
342,165809,2024-25
343,477555,2024-25
344,17601,2024-25
345,61366,2024-25
346,248875,2024-25
347,121160,2024-25
348,209244,2024-25
349,114283,2024-25
350,477424,2024-25
351,223094,2024-25
352,461358,2024-25
353,121145,2024-25
354,91651,2024-25
355,477064,2024-25
356,465351,2024-25
357,432714,2024-25
358,88248,2024-25
360,220566,2024-25
361,171314,2024-25
362,97299,2024-25
363,58621,2024-25
571,510281,2024-25
607,472769,2024-25
625,59859,2024-25
626,476369,2024-25
671,516250,2024-25
672,554194,2024-25
675,447880,2024-25
698,487837,2024-25
703,494307,2024-25
704,613120,2024-25
732,578153,2024-25
733,616222,2024-25
736,100037973,2024-25
755,438234,2024-25
765,465694,2024-25
785,575204,2024-25
364,493250,2024-25
365,467169,2024-25
366,141746,2024-25
367,451302,2024-25
368,61256,2024-25
369,216051,2024-25
370,80607,2024-25
371,37642,2024-25
372,493105,2024-25
373,465527,2024-25
374,21205,2024-25
375,497894,2024-25
376,184667,2024-25
377,95658,2024-25
378,516895,2024-25
379,222690,2024-25
380,221820,2024-25
381,195851,2024-25
382,184341,2024-25
383,202641,2024-25
384,488404,2024-25
387,106760,2024-25
389,458249,2024-25
572,550864,2024-25
593,209365,2024-25
594,230001,2024-25
613,490881,2024-25
648,575034,2024-25
652,232112,2024-25
658,606745,2024-25
667,547037,2024-25
670,577974,2024-25
673,556639,2024-25
691,576637,2024-25
745,100053636,2024-25
761,588555,2024-25
766,596777,2024-25
776,596047,2024-25
777,547676,2024-25
778,559684,2024-25
779,618873,2024-25
783,439483,2024-25
788,461537,2024-25
390,545477,2024-25
391,179018,2024-25
392,201666,2024-25
393,220237,2024-25
394,208706,2024-25
395,78916,2024-25
396,67089,2024-25
398,232826,2024-25
399,487838,2024-25
400,153127,2024-25
401,219168,2024-25
402,114243,2024-25
403,180974,2024-25
404,235530,2024-25
405,111773,2024-25
406,564510,2024-25
407,101148,2024-25
408,194799,2024-25
409,441191,2024-25
410,180135,2024-25
411,547719,2024-25
412,111452,2024-25
413,98747,2024-25
414,19236,2024-25
415,119471,2024-25
416,169359,2024-25
417,432422,2024-25
418,77794,2024-25
419,461484,2024-25
420,200089,2024-25
421,75115,2024-25
574,578512,2024-25
590,538207,2024-25
746,100038215,2024-25
789,599303,2024-25
26,106468,2024-25
422,159506,2024-25
423,215379,2024-25
424,210156,2024-25
425,90585,2024-25
426,245830,2024-25
427,475123,2024-25
428,569014,2024-25
429,513046,2024-25
430,230251,2024-25
431,250199,2024-25
432,449434,2024-25
433,222531,2024-25
434,209046,2024-25
435,244930,2024-25
436,575476,2024-25
437,215136,2024-25
438,204822,2024-25
439,243345,2024-25
440,466404,2024-25
441,209035,2024-25
442,210462,2024-25
443,85633,2024-25
444,114241,2024-25
446,201440,2024-25
447,60689,2024-25
448,208912,2024-25
449,204968,2024-25
573,227444,2024-25
596,510500,2024-25
620,502222,2024-25
653,485047,2024-25
706,549067,2024-25
721,20066,2024-25
747,100041808,2024-25
14,225321,2024-25
27,433979,2024-25
188,503714,2024-25
397,90105,2024-25
451,499724,2024-25
452,193204,2024-25
453,155511,2024-25
454,456350,2024-25
455,171771,2024-25
456,477386,2024-25
457,184386,2024-25
458,463210,2024-25
459,490503,2024-25
460,500926,2024-25
461,245719,2024-25
462,504783,2024-25
463,39155,2024-25
464,515571,2024-25
465,200428,2024-25
466,167888,2024-25
467,204863,2024-25
468,476888,2024-25
469,58376,2024-25
470,147611,2024-25
471,214466,2024-25
472,88900,2024-25
473,230348,2024-25
474,219279,2024-25
475,103914,2024-25
476,158534,2024-25
477,244845,2024-25
515,149519,2024-25
518,220585,2024-25
584,204814,2024-25
608,496661,2024-25
623,551226,2024-25
693,545508,2024-25
718,500016,2024-25
719,620408,2024-25
734,494779,2024-25
748,100047426,2024-25
798,495024,2024-25
804,494551,2024-25
82,154566,2024-25
478,548308,2024-25
479,214572,2024-25
480,202993,2024-25
481,570526,2024-25
482,227127,2024-25
483,436234,2024-25
484,115556,2024-25
485,496179,2024-25
486,493125,2024-25
487,241157,2024-25
488,40383,2024-25
489,547701,2024-25
490,132015,2024-25
491,242898,2024-25
492,445044,2024-25
493,200826,2024-25
494,172780,2024-25
495,441164,2024-25
496,199249,2024-25
497,212319,2024-25
498,221632,2024-25
499,482442,2024-25
500,490145,2024-25
502,235674,2024-25
503,85971,2024-25
504,232859,2024-25
505,487053,2024-25
506,491279,2024-25
507,536908,2024-25
508,184254,2024-25
509,165153,2024-25
510,175941,2024-25
609,552427,2024-25
610,499721,2024-25
612,550839,2024-25
683,499726,2024-25
684,611920,2024-25
689,611917,2024-25
699,519321,2024-25
700,592736,2024-25
716,485055,2024-25
717,623095,2024-25
729,574799,2024-25
749,100041880,2024-25
760,501620,2024-25
767,135720,2024-25
768,511499,2024-25
123,487117,2024-25
388,214590,2024-25
511,213999,2024-25
512,57531,2024-25
513,84182,2024-25
514,178186,2024-25
516,164555,2024-25
517,55459,2024-25
519,490885,2024-25
520,109533,2024-25
521,37096,2024-25
522,82143,2024-25
523,84939,2024-25
524,214048,2024-25
525,460842,2024-25
526,577114,2024-25
527,224024,2024-25
528,233963,2024-25
529,210494,2024-25
530,215439,2024-25
531,101178,2024-25
532,103192,2024-25
576,229384,2024-25
587,450070,2024-25
588,197024,2024-25
589,91889,2024-25
591,462116,2024-25
643,518438,2024-25
654,224860,2024-25
677,536109,2024-25
686,602903,2024-25
701,518442,2024-25
750,100046435,2024-25
204,101982,2024-25
533,448514,2024-25
534,476502,2024-25
535,231057,2024-25
536,79602,2024-25
537,510363,2024-25
538,497606,2024-25
539,589507,2024-25
540,245923,2024-25
541,430871,2024-25
542,60232,2024-25
543,87835,2024-25
544,220394,2024-25
545,449988,2024-25
546,531363,2024-25
547,593001,2024-25
548,181284,2024-25
549,490721,2024-25
550,184754,2024-25
551,240299,2024-25
552,441271,2024-25
553,448089,2024-25
554,149065,2024-25
555,429414,2024-25
556,138001,2024-25
557,151086,2024-25
558,501837,2024-25
559,200402,2024-25
561,641221,2024-25
562,200600,2024-25
563,483081,2024-25
564,231480,2024-25
565,88484,2024-25
566,247412,2024-25
567,510362,2024-25
637,560248,2024-25
642,509291,2024-25
655,463212,2024-25
664,517179,2024-25
682,596054,2024-25
711,613467,2024-25
720,516939,2024-25
751,100040854,2024-25
769,531170,2024-25
770,433312,2024-25
784,647671,2024-25
1,154561,2025-26
2,109745,2025-26
3,463748,2025-26
4,551221,2025-26
5,226597,2025-26
6,462424,2025-26
7,466075,2025-26
8,445122,2025-26
9,440854,2025-26
10,499169,2025-26
11,198869,2025-26
13,563324,2025-26
14,588793,2025-26
15,499167,2025-26
16,223340,2025-26
17,184029,2025-26
18,248857,2025-26
19,444145,2025-26
20,116216,2025-26
21,204480,2025-26
22,195384,2025-26
23,438098,2025-26
24,128295,2025-26
25,499175,2025-26
26,481655,2025-26
28,588796,2025-26
29,437742,2025-26
30,219847,2025-26
31,205651,2025-26
266,232413,2025-26
662,500040,2025-26
666,224117,2025-26
700,616077,2025-26
711,646243,2025-26
725,448104,2025-26
759,616065,2025-26
32,98980,2025-26
33,72147,2025-26
34,462492,2025-26
35,462381,2025-26
36,199796,2025-26
37,101188,2025-26
38,199798,2025-26
39,441302,2025-26
40,149484,2025-26
41,244954,2025-26
42,606798,2025-26
43,106468,2025-26
44,515597,2025-26
45,514315,2025-26
46,587178,2025-26
47,244850,2025-26
48,166989,2025-26
49,215711,2025-26
50,195546,2025-26
51,469247,2025-26
53,204646,2025-26
54,122806,2025-26
55,88894,2025-26
56,491287,2025-26
57,461421,2025-26
58,226944,2025-26
59,449871,2025-26
60,577731,2025-26
61,151589,2025-26
62,559962,2025-26
63,537403,2025-26
64,178301,2025-26
65,576756,2025-26
389,444884,2025-26
456,209243,2025-26
688,481283,2025-26
699,230046,2025-26
701,569577,2025-26
702,645618,2025-26
703,564505,2025-26
710,534836,2025-26
719,184667,2025-26
754,577285,2025-26
757,516875,2025-26
768,664015,2025-26
781,618027,2025-26
792,653481,2025-26
808,173879,2025-26
183,518030,2025-26
184,489571,2025-26
185,51943,2025-26
186,192290,2025-26
187,58621,2025-26
188,247245,2025-26
189,461567,2025-26
190,478969,2025-26
191,477717,2025-26
192,494960,2025-26
193,461188,2025-26
194,241231,2025-26
195,549329,2025-26
196,450072,2025-26
197,519895,2025-26
198,180804,2025-26
199,208912,2025-26
200,444180,2025-26
201,183751,2025-26
202,179458,2025-26
203,578614,2025-26
204,250735,2025-26
205,172567,2025-26
206,174592,2025-26
207,465527,2025-26
208,487702,2025-26
209,167887,2025-26
210,469272,2025-26
211,447715,2025-26
212,576323,2025-26
213,551206,2025-26
214,437748,2025-26
215,431639,2025-26
216,492831,2025-26
217,435973,2025-26
218,44699,2025-26
219,220598,2025-26
470,67089,2025-26
614,101178,2025-26
676,503714,2025-26
680,440323,2025-26
722,216055,2025-26
776,647960,2025-26
784,704232,2025-26
820,644593,2025-26
66,69752,2025-26
67,457569,2025-26
68,444172,2025-26
69,568791,2025-26
70,495145,2025-26
71,477580,2025-26
72,221466,2025-26
73,54469,2025-26
74,494521,2025-26
75,541462,2025-26
76,518906,2025-26
77,463981,2025-26
78,436893,2025-26
79,223911,2025-26
80,575901,2025-26
81,222683,2025-26
84,201658,2025-26
85,200785,2025-26
86,111317,2025-26
87,158499,2025-26
88,155408,2025-26
89,168991,2025-26
90,503139,2025-26
91,224995,2025-26
92,441240,2025-26
93,424044,2025-26
94,550596,2025-26
95,530121,2025-26
96,606775,2025-26
97,444102,2025-26
98,168636,2025-26
99,590760,2025-26
100,560262,2025-26
391,496208,2025-26
685,242882,2025-26
687,606774,2025-26
697,489888,2025-26
713,551483,2025-26
721,620487,2025-26
756,678552,2025-26
782,40383,2025-26
799,658013,2025-26
801,614574,2025-26
806,436416,2025-26
807,499604,2025-26
27,200641,2025-26
83,533463,2025-26
101,200720,2025-26
102,235448,2025-26
103,503300,2025-26
104,535017,2025-26
105,507433,2025-26
106,432830,2025-26
107,249231,2025-26
108,191866,2025-26
109,194010,2025-26
110,607464,2025-26
111,231065,2025-26
112,226956,2025-26
113,444765,2025-26
114,622536,2025-26
115,612534,2025-26
116,472713,2025-26
117,570241,2025-26
118,499717,2025-26
120,513418,2025-26
121,440089,2025-26
122,543295,2025-26
123,244858,2025-26
124,56979,2025-26
125,204580,2025-26
126,207283,2025-26
127,626464,2025-26
128,428580,2025-26
129,508395,2025-26
130,606689,2025-26
131,628204,2025-26
132,220695,2025-26
133,450539,2025-26
134,591357,2025-26
136,502500,2025-26
137,533710,2025-26
748,183656,2025-26
797,593174,2025-26
810,559610,2025-26
819,494556,2025-26
823,649240,2025-26
824,587433,2025-26
826,547671,2025-26
138,49262,2025-26
139,489639,2025-26
140,209288,2025-26
141,472739,2025-26
142,240514,2025-26
143,204120,2025-26
144,550090,2025-26
145,465730,2025-26
146,83299,2025-26
147,204214,2025-26
148,231416,2025-26
149,223434,2025-26
150,232792,2025-26
151,469142,2025-26
152,111478,2025-26
153,110735,2025-26
154,439135,2025-26
155,589100,2025-26
156,547720,2025-26
157,451340,2025-26
158,463067,2025-26
159,109345,2025-26
160,592031,2025-26
161,474120,2025-26
162,513433,2025-26
163,532529,2025-26
164,219249,2025-26
165,516211,2025-26
166,509416,2025-26
167,535301,2025-26
169,514254,2025-26
170,15157,2025-26
171,441192,2025-26
172,549074,2025-26
173,467779,2025-26
174,611695,2025-26
175,567121,2025-26
176,550141,2025-26
177,513834,2025-26
178,50175,2025-26
179,487117,2025-26
180,608181,2025-26
181,647850,2025-26
744,556637,2025-26
761,604988,2025-26
783,60307,2025-26
795,597320,2025-26
220,215059,2025-26
221,508479,2025-26
222,549939,2025-26
223,471798,2025-26
224,179268,2025-26
225,225796,2025-26
226,180736,2025-26
227,460028,2025-26
228,482609,2025-26
229,242880,2025-26
230,444463,2025-26
231,574458,2025-26
232,109646,2025-26
233,577016,2025-26
234,622758,2025-26
235,244851,2025-26
236,247632,2025-26
237,448047,2025-26
238,624773,2025-26
239,463936,2025-26
240,213198,2025-26
241,486672,2025-26
244,514356,2025-26
245,465920,2025-26
246,532605,2025-26
247,491007,2025-26
248,611134,2025-26
249,475168,2025-26
250,463034,2025-26
251,517052,2025-26
252,499309,2025-26
453,493105,2025-26
672,551210,2025-26
743,611912,2025-26
789,518335,2025-26
803,499857,2025-26
829,619734,2025-26
833,671606,2025-26
834,616286,2025-26
840,567119,2025-26
253,172649,2025-26
254,121709,2025-26
255,169593,2025-26
256,247348,2025-26
257,437499,2025-26
258,244723,2025-26
259,218364,2025-26
261,427623,2025-26
262,515621,2025-26
263,57328,2025-26
264,156074,2025-26
265,590012,2025-26
267,232185,2025-26
268,438464,2025-26
269,606921,2025-26
270,108413,2025-26
271,209400,2025-26
272,152551,2025-26
273,496221,2025-26
274,579075,2025-26
275,466117,2025-26
276,489706,2025-26
277,450535,2025-26
278,450542,2025-26
279,536694,2025-26
280,531989,2025-26
281,530318,2025-26
282,574398,2025-26
283,231747,2025-26
284,205533,2025-26
285,199670,2025-26
286,576980,2025-26
580,242898,2025-26
654,247412,2025-26
677,485337,2025-26
690,590014,2025-26
712,488024,2025-26
723,651426,2025-26
732,660392,2025-26
762,672492,2025-26
773,643426,2025-26
780,631106,2025-26
793,591384,2025-26
798,502988,2025-26
242,215413,2025-26
243,550615,2025-26
287,111234,2025-26
288,229600,2025-26
289,447325,2025-26
290,480455,2025-26
291,17761,2025-26
292,224967,2025-26
293,512462,2025-26
294,59949,2025-26
295,106611,2025-26
296,243571,2025-26
297,496178,2025-26
298,474907,2025-26
299,440993,2025-26
300,433154,2025-26
301,502697,2025-26
302,80801,2025-26
303,232928,2025-26
304,490094,2025-26
305,609873,2025-26
306,547801,2025-26
307,504296,2025-26
308,496279,2025-26
309,491557,2025-26
310,586309,2025-26
311,486385,2025-26
312,491012,2025-26
313,536241,2025-26
419,114283,2025-26
630,138001,2025-26
667,499300,2025-26
704,461446,2025-26
705,491745,2025-26
707,496661,2025-26
728,513466,2025-26
779,629068,2025-26
314,80201,2025-26
315,428971,2025-26
316,169528,2025-26
317,174874,2025-26
318,232892,2025-26
319,166477,2025-26
320,219924,2025-26
321,246301,2025-26
322,167074,2025-26
323,591385,2025-26
324,153133,2025-26
325,209289,2025-26
327,156689,2025-26
328,184349,2025-26
329,153682,2025-26
330,207189,2025-26
331,76357,2025-26
332,212314,2025-26
333,573062,2025-26
334,515024,2025-26
335,577725,2025-26
336,153366,2025-26
337,102057,2025-26
338,244042,2025-26
424,477555,2025-26
664,86873,2025-26
727,218328,2025-26
731,560552,2025-26
737,631786,2025-26
770,619536,2025-26
786,505079,2025-26
168,536916,2025-26
339,437495,2025-26
340,97846,2025-26
341,59735,2025-26
342,226182,2025-26
343,222694,2025-26
344,434752,2025-26
345,437738,2025-26
346,113564,2025-26
347,243526,2025-26
348,214225,2025-26
349,492368,2025-26
350,427637,2025-26
351,492859,2025-26
352,221399,2025-26
353,200617,2025-26
354,199598,2025-26
355,248937,2025-26
356,486520,2025-26
357,433952,2025-26
358,248056,2025-26
359,536119,2025-26
360,462635,2025-26
361,470294,2025-26
362,235826,2025-26
363,106617,2025-26
364,565297,2025-26
365,174594,2025-26
493,180135,2025-26
660,466525,2025-26
665,201595,2025-26
691,177815,2025-26
698,435997,2025-26
706,220627,2025-26
741,600882,2025-26
787,565863,2025-26
837,643970,2025-26
838,577978,2025-26
839,592740,2025-26
366,116535,2025-26
367,449027,2025-26
368,586268,2025-26
369,155503,2025-26
370,216094,2025-26
371,544877,2025-26
372,122798,2025-26
373,97032,2025-26
374,204716,2025-26
375,492777,2025-26
376,171287,2025-26
377,214285,2025-26
378,611926,2025-26
379,219937,2025-26
380,489580,2025-26
381,118748,2025-26
382,494595,2025-26
383,244731,2025-26
384,243298,2025-26
385,223541,2025-26
386,243016,2025-26
387,424876,2025-26
388,206915,2025-26
390,441266,2025-26
392,158983,2025-26
393,535928,2025-26
394,491501,2025-26
395,440148,2025-26
396,591386,2025-26
397,447203,2025-26
398,500058,2025-26
499,219168,2025-26
661,510663,2025-26
686,611922,2025-26
692,647681,2025-26
746,596042,2025-26
760,519440,2025-26
830,677945,2025-26
832,718875,2025-26
82,437730,2025-26
182,432720,2025-26
260,209036,2025-26
399,121160,2025-26
401,122074,2025-26
402,448514,2025-26
403,477424,2025-26
404,211975,2025-26
405,126184,2025-26
406,578153,2025-26
407,465351,2025-26
408,171314,2025-26
409,97299,2025-26
410,477064,2025-26
411,472769,2025-26
412,616222,2025-26
413,438234,2025-26
414,209244,2025-26
415,510281,2025-26
416,165809,2025-26
417,466052,2025-26
418,248875,2025-26
420,59859,2025-26
421,220566,2025-26
422,91651,2025-26
423,465694,2025-26
425,575204,2025-26
427,433036,2025-26
428,566164,2025-26
429,155405,2025-26
430,223094,2025-26
736,204936,2025-26
739,590039,2025-26
740,566213,2025-26
742,616288,2025-26
763,516234,2025-26
764,580921,2025-26
794,494307,2025-26
119,446008,2025-26
431,451302,2025-26
432,202641,2025-26
433,588555,2025-26
434,21205,2025-26
435,461537,2025-26
436,209365,2025-26
437,221820,2025-26
438,230001,2025-26
439,661712,2025-26
440,216051,2025-26
441,596777,2025-26
442,95658,2025-26
443,106760,2025-26
444,550864,2025-26
445,577974,2025-26
446,547676,2025-26
447,606745,2025-26
448,222690,2025-26
449,141746,2025-26
450,430871,2025-26
451,176297,2025-26
452,493250,2025-26
454,467169,2025-26
455,184341,2025-26
457,61256,2025-26
458,516895,2025-26
459,232112,2025-26
460,490881,2025-26
461,556639,2025-26
462,547037,2025-26
463,618873,2025-26
464,559684,2025-26
465,497894,2025-26
466,458249,2025-26
467,596047,2025-26
468,575034,2025-26
681,485711,2025-26
733,465247,2025-26
755,576628,2025-26
769,576620,2025-26
771,519913,2025-26
788,576637,2025-26
827,576634,2025-26
52,232653,2025-26
135,216646,2025-26
469,98747,2025-26
471,81441,2025-26
472,111452,2025-26
473,487838,2025-26
474,119471,2025-26
475,220237,2025-26
476,78916,2025-26
477,441191,2025-26
478,77794,2025-26
479,111773,2025-26
480,101148,2025-26
481,545477,2025-26
482,441024,2025-26
483,578512,2025-26
484,169359,2025-26
485,232826,2025-26
486,449434,2025-26
487,201666,2025-26
488,208706,2025-26
489,114243,2025-26
490,180974,2025-26
491,432422,2025-26
492,640108,2025-26
494,200089,2025-26
495,153127,2025-26
496,564510,2025-26
497,547719,2025-26
498,461484,2025-26
500,538207,2025-26
501,599303,2025-26
674,225321,2025-26
684,465642,2025-26
689,623110,2025-26
714,470313,2025-26
753,19236,2025-26
765,553746,2025-26
772,666607,2025-26
12,206325,2025-26
400,88248,2025-26
426,432714,2025-26
502,85633,2025-26
503,475123,2025-26
504,224068,2025-26
505,227444,2025-26
506,575476,2025-26
507,159506,2025-26
508,215136,2025-26
509,451432,2025-26
510,575458,2025-26
511,485047,2025-26
512,204822,2025-26
513,549067,2025-26
514,90585,2025-26
515,222531,2025-26
516,209046,2025-26
517,215379,2025-26
518,510500,2025-26
519,250199,2025-26
520,243345,2025-26
521,210462,2025-26
522,204968,2025-26
523,569014,2025-26
524,495161,2025-26
525,60689,2025-26
526,482973,2025-26
527,210156,2025-26
669,456512,2025-26
675,107265,2025-26
693,503301,2025-26
696,465680,2025-26
715,221389,2025-26
716,500151,2025-26
729,560441,2025-26
734,476887,2025-26
805,469130,2025-26
814,470315,2025-26
835,568159,2025-26
836,590040,2025-26
841,687076,2025-26
528,232571,2025-26
529,74854,2025-26
530,490000,2025-26
531,223827,2025-26
532,487676,2025-26
533,220684,2025-26
534,232820,2025-26
535,461195,2025-26
536,477547,2025-26
537,492066,2025-26
538,514613,2025-26
539,167512,2025-26
540,465702,2025-26
541,434399,2025-26
542,519634,2025-26
543,535818,2025-26
544,547027,2025-26
545,124165,2025-26
546,626844,2025-26
547,484420,2025-26
548,461199,2025-26
549,223336,2025-26
550,215460,2025-26
551,554197,2025-26
552,577669,2025-26
553,549912,2025-26
554,477851,2025-26
555,171422,2025-26
556,458297,2025-26
557,547410,2025-26
558,493837,2025-26
559,500696,2025-26
560,437505,2025-26
561,564406,2025-26
562,611975,2025-26
563,551153,2025-26
564,440955,2025-26
668,84450,2025-26
670,498016,2025-26
678,105717,2025-26
683,201895,2025-26
694,200834,2025-26
724,247955,2025-26
730,441264,2025-26
735,110504,2025-26
774,232356,2025-26
775,604211,2025-26
800,699989,2025-26
812,515046,2025-26
813,536661,2025-26
821,570929,2025-26
822,571087,2025-26
565,184254,2025-26
566,214572,2025-26
567,485055,2025-26
568,441164,2025-26
569,221632,2025-26
570,135720,2025-26
571,115556,2025-26
572,493125,2025-26
573,232859,2025-26
574,487053,2025-26
575,491279,2025-26
576,548308,2025-26
577,553299,2025-26
578,610799,2025-26
579,85971,2025-26
581,172780,2025-26
582,460842,2025-26
583,445044,2025-26
584,511499,2025-26
585,202993,2025-26
586,570526,2025-26
587,227127,2025-26
588,550839,2025-26
589,235674,2025-26
590,436234,2025-26
591,547701,2025-26
592,499721,2025-26
593,482442,2025-26
594,623095,2025-26
595,499726,2025-26
596,154566,2025-26
597,212319,2025-26
598,552427,2025-26
599,490145,2025-26
673,154296,2025-26
717,493362,2025-26
726,247693,2025-26
745,640419,2025-26
750,499716,2025-26
751,590035,2025-26
790,611917,2025-26
796,232787,2025-26
804,616221,2025-26
811,536134,2025-26
818,613232,2025-26
326,159533,2025-26
600,84182,2025-26
601,82143,2025-26
602,483364,2025-26
603,613804,2025-26
604,109533,2025-26
605,214048,2025-26
606,233963,2025-26
607,210494,2025-26
608,536109,2025-26
609,462116,2025-26
610,214590,2025-26
611,518438,2025-26
612,224024,2025-26
613,215439,2025-26
615,450070,2025-26
616,213999,2025-26
617,149519,2025-26
618,197024,2025-26
619,577114,2025-26
620,490885,2025-26
621,229384,2025-26
622,518442,2025-26
623,490142,2025-26
624,178186,2025-26
625,91889,2025-26
626,565431,2025-26
659,158534,2025-26
671,75115,2025-26
679,467189,2025-26
708,551226,2025-26
718,564940,2025-26
738,37096,2025-26
747,602903,2025-26
752,643473,2025-26
758,630699,2025-26
785,530335,2025-26
791,247670,2025-26
802,572702,2025-26
815,220362,2025-26
825,553742,2025-26
627,101982,2025-26
628,149065,2025-26
629,79602,2025-26
631,516939,2025-26
632,87835,2025-26
633,490721,2025-26
634,501837,2025-26
635,483081,2025-26
636,231480,2025-26
637,510362,2025-26
638,441271,2025-26
639,560248,2025-26
640,641221,2025-26
641,517179,2025-26
642,184754,2025-26
643,509291,2025-26
644,231057,2025-26
645,643135,2025-26
646,448089,2025-26
647,181284,2025-26
648,433312,2025-26
649,476502,2025-26
650,497606,2025-26
651,596054,2025-26
652,593001,2025-26
653,240299,2025-26
655,449988,2025-26
656,429414,2025-26
657,589507,2025-26
658,531363,2025-26
663,230376,2025-26
682,497949,2025-26
695,523705,2025-26
709,431248,2025-26
720,488213,2025-26
749,647671,2025-26
766,601956,2025-26
767,605319,2025-26
777,514362,2025-26
778,589121,2025-26
809,685628,2025-26
816,209041,2025-26
817,155511,2025-26
828,491460,2025-26
831,627888,2025-26
