id,web_name,position,name,team_id,now_cost_m,pred_points,start_probability,next_fixture,next_fdr,fdr_next_n_mean,pred_points_adj,value_ratio,selected_by_percent,status,status_ok,chance_of_playing_next_round,form,total_points,minutes,season_gp_prior,ep_next,defensive_contribution,tackles,recoveries,clearances_blocks_interceptions,expected_goals,expected_assists,expected_goal_involvements,news,price_change_percent,price_signal,price_flag
379,Isak,FWD,Liverpool,14,9.0,5.8025755509012775,0.7676302179172132,IPS (A),2,2.8,6.034678572937329,0.670519841437481,16.5,a,True,,7.7,23,243,3.0,7.7,5,1,2,2,2.29,0.06,2.35,,11.8,1,
367,Gakpo,MID,Liverpool,14,7.1,5.540209173271105,0.9280102241039547,IPS (A),2,2.8,5.76181754020195,0.8115235972115422,9.0,a,True,,9.3,28,250,3.0,9.3,25,6,12,7,0.36,1.2,1.56,,24.3,3,RISE
368,Szoboszlai,MID,Liverpool,14,7.0,5.3829645363991805,0.9319707618971909,IPS (A),2,2.8,5.598283117855148,0.799754731122164,41.1,a,True,,5.0,15,270,3.0,5.0,29,4,17,8,1.17,0.52,1.69,,27.4,1,
426,B.Fernandes,MID,Man Utd,16,12.0,5.172319084018905,0.5758943645078464,EVE (A),3,3.2,5.172319084018905,0.4310265903349087,48.6,a,True,,8.3,25,180,3.0,8.3,14,2,10,2,2.1,0.74,2.84,,-13.7,-1,
366,Wirtz,MID,Liverpool,14,7.4,4.470749290762648,0.8537864059908935,IPS (A),2,2.8,4.649579262393154,0.6283215219450209,9.5,a,True,,3.0,9,242,3.0,3.0,19,4,15,0,0.67,0.29,0.96,,-1.3,-1,
356,Virgil,DEF,Liverpool,14,6.5,4.2408397156165085,0.9141522403557001,IPS (A),2,2.8,4.410473304241169,0.6785343544986413,17.4,a,True,,3.0,9,270,3.0,3.0,25,5,15,20,0.25,0.06,0.31,,-40.1,-3,FALL
12,Saka,MID,Arsenal,1,9.5,4.130333328412722,0.4294860753792535,CHE (H),4,3.0,3.965119995276213,0.41738105213433824,11.0,a,True,,6.7,20,157,3.0,6.7,18,3,10,5,1.27,0.12,1.39,,23.3,2,
411,Haaland,FWD,Man City,15,15.5,3.5283139454554484,0.5185447361774038,COV (H),2,2.8,3.6694465032736665,0.23673848408217205,71.2,a,True,,5.0,15,180,3.0,5.0,8,0,5,3,1.4,0.02,1.42,,74.8,3,RISE
10,White,DEF,Arsenal,1,5.5,3.772366045065586,0.587530792674984,CHE (H),4,3.0,3.6214714032629622,0.6584493460478114,7.6,a,True,100.0,6.0,18,180,3.0,6.0,9,2,5,7,0.18,0.26,0.44,,66.5,3,RISE
350,A.Becker,GKP,Liverpool,14,5.5,3.3855432343545036,0.9159154344843167,IPS (A),2,2.8,3.5209649637286837,0.6401754479506697,3.7,a,True,,3.3,10,270,3.0,3.3,0,0,24,6,0.0,0.0,0.0,,-10.1,-1,
8,Calafiori,DEF,Arsenal,1,5.7,3.6215369397304826,0.5593622603243786,CHE (H),4,3.0,3.476675462141263,0.609943063533555,45.7,a,True,,6.7,20,170,3.0,6.7,8,2,5,6,0.15,0.55,0.7,,13.7,1,
377,Munoz,MID,Liverpool,14,6.5,3.1515399393850387,0.6478727736167026,IPS (A),2,2.8,3.2776015369604403,0.5042463903016062,1.3,a,True,,4.3,13,180,3.0,4.3,11,2,5,4,0.42,0.25,0.67,,26.3,2,
26,Havertz,FWD,Arsenal,1,7.5,3.3904970558792904,0.4547170205437525,CHE (H),4,3.0,3.2548771736441187,0.4339836231525492,6.8,a,True,,2.7,8,180,3.0,2.7,7,0,5,2,0.28,0.06,0.34,,51.6,3,RISE
579,Araujo,DEF,Liverpool,14,5.4,3.0934461151801327,0.7853266411443522,IPS (A),2,2.8,3.217183959787338,0.5957748073680255,2.1,a,True,,3.0,9,123,3.0,3.0,15,2,4,13,0.0,0.05,0.05,,-11.7,-1,
115,De Cuyper,DEF,Brighton,5,4.7,2.9281120220636647,0.4849484286842529,LEE (H),2,2.8,3.0452365029462114,0.6479226602013215,17.3,a,True,,5.7,17,167,3.0,5.7,6,3,6,3,1.5,0.26,1.76,,50.4,3,RISE
86,Lewis-Potter,MID,Brentford,4,5.5,2.862250753520049,0.5365916862896495,SUN (H),2,3.4,2.9767407836608513,0.5412255970292457,2.2,a,True,,5.3,16,177,3.0,5.3,21,3,11,7,0.79,0.25,1.04,,51.1,3,RISE
4,Gabriel,DEF,Arsenal,1,8.0,3.0997274655015374,0.5590347650694305,CHE (H),4,3.0,2.9757383668814756,0.37196729586018445,25.7,a,True,,4.3,13,180,3.0,4.3,14,2,7,12,0.18,0.03,0.21,,-42.6,-3,FALL
94,Schade,MID,Brentford,4,6.0,2.8372438366332484,0.5135673932866369,SUN (H),2,3.4,2.9507335900985785,0.4917889316830964,4.3,a,True,,4.3,13,177,3.0,4.3,18,5,9,4,0.77,0.03,0.8,,43.0,3,RISE
591,Enciso,MID,Ipswich Town,12,5.5,3.067320755911117,0.8805691307953245,LIV (H),4,3.4,2.944627925674672,0.5353868955772131,0.8,a,True,100.0,3.7,11,250,3.0,3.7,21,2,15,4,0.87,0.64,1.51,,7.5,1,
358,Kerkez,DEF,Liverpool,14,5.5,2.8112835525625854,0.8316236424629524,IPS (A),2,2.8,2.923734894665089,0.5315881626663799,2.9,a,True,,2.0,6,250,3.0,2.0,20,6,8,14,0.02,0.06,0.08,,-95.4,-4,FALL
362,Jacquet,DEF,Liverpool,14,5.0,2.7385599952599393,0.843016875472681,IPS (A),2,2.8,2.848102395070337,0.5696204790140673,2.6,a,True,100.0,3.0,9,235,3.0,3.0,23,7,10,16,0.0,0.1,0.1,,12.1,1,
565,M.Sangaré,MID,Brentford,4,5.7,2.6871084282783086,0.48568795236365603,SUN (H),2,3.4,2.794592765409441,0.49027943252797207,15.3,a,True,,6.0,18,165,3.0,6.0,27,6,12,9,0.26,0.36,0.62,,31.8,2,
335,Stach,MID,Leeds,13,6.0,2.788398892668609,0.5165468114570336,BHA (A),3,3.4,2.788398892668609,0.4647331487781015,3.0,a,True,,5.7,17,180,3.0,5.7,32,7,9,16,0.17,0.06,0.23,,32.9,2,
372,Mac Allister,MID,Liverpool,14,5.5,2.66081527785672,0.659029733350392,IPS (A),2,2.8,2.7672478889709886,0.503135979812907,1.4,a,True,,1.7,5,186,3.0,1.7,24,8,11,5,0.08,0.42,0.5,,-93.6,-4,FALL
84,Collins,DEF,Brentford,4,5.5,2.6477833848475463,0.49105334338774437,SUN (H),2,3.4,2.753694720241448,0.5006717673166269,2.2,a,True,,3.0,9,180,3.0,3.0,16,2,11,14,0.51,0.05,0.56,,14.1,1,
316,Emersonn,FWD,Ipswich Town,12,5.5,2.867171332608892,0.6415168283704162,LIV (H),4,3.4,2.752484479304536,0.5004517235099156,1.7,a,True,100.0,4.0,12,175,3.0,4.0,7,2,2,3,1.04,0.06,1.1,,11.6,1,
315,Fatawu,MID,Ipswich Town,12,5.5,2.8425926594119417,0.7895412327586689,LIV (H),4,3.4,2.728888953035464,0.4961616278246298,0.2,a,True,,2.7,8,225,3.0,2.7,17,7,6,4,0.03,0.78,0.81,,-57.8,-3,FALL
15,Ødegaard,MID,Arsenal,1,6.6,2.8263425531997846,0.33904225383877706,CHE (H),4,3.0,2.713288851071793,0.4111043713745141,11.1,a,True,,4.7,14,145,3.0,4.7,13,5,5,3,0.29,0.17,0.46,,-12.0,-1,
1,Raya,GKP,Arsenal,1,6.0,2.789178899953474,0.5270832724949369,CHE (H),4,3.0,2.677611743955335,0.4462686239925558,38.5,a,True,,4.0,12,180,3.0,4.0,0,0,19,2,0.0,0.0,0.0,,3.8,1,
398,Foden,MID,Man City,15,7.0,2.531517320362977,0.46763776258057094,COV (H),2,2.8,2.632778013177496,0.3761111447396423,5.8,a,True,,3.3,10,171,3.0,3.3,13,4,7,2,0.99,0.85,1.84,,70.2,3,RISE
124,Groß,MID,Brighton,5,5.5,2.500066343535713,0.5178018291613771,LEE (H),2,2.8,2.6000689972771416,0.472739817686753,16.0,a,True,,5.0,15,180,3.0,5.0,11,4,5,2,0.05,0.38,0.43,,88.2,3,RISE
11,Mosquera,DEF,Arsenal,1,5.5,2.684453886531269,0.5386941117713052,CHE (H),4,3.0,2.577075731070018,0.46855922383091236,4.4,d,False,75.0,4.0,12,168,3.0,3.0,10,0,3,10,0.0,0.01,0.01,Unspecified injury - 75% chance of playing,-77.2,-3,FALL
106,Thiago,FWD,Brentford,4,8.0,2.444689782867228,0.3007958069911246,SUN (H),2,3.4,2.542477374181917,0.3178096717727396,13.6,a,True,,0.7,2,172,3.0,0.7,9,1,7,1,1.8,0.09,1.89,,-79.6,-3,FALL
627,Barcola,MID,Liverpool,14,8.0,2.38205232151908,0.3543027470739253,IPS (A),2,2.8,2.4773344143798433,0.3096668017974804,1.3,a,True,,1.0,1,26,1.0,2.8,0,0,0,0,0.0,0.07,0.07,,0.0,0,
237,Ndiaye,MID,Man City,15,5.9,2.3771916270424707,0.5122079158834031,COV (H),2,2.8,2.4722792921241696,0.41903038849562196,11.5,a,True,,4.3,13,180,3.0,4.3,25,5,15,5,0.26,0.39,0.65,,-0.6,-1,
346,Calvert-Lewin,FWD,Leeds,13,6.0,2.46389452959361,0.40025829534932617,BHA (A),3,3.4,2.46389452959361,0.4106490882656017,25.9,a,True,,3.0,9,180,3.0,3.0,6,0,3,3,1.05,0.02,1.07,,-21.8,-2,
123,Hinshelwood,MID,Brighton,5,6.0,2.34685640111788,0.1424069017839565,LEE (H),2,2.8,2.4407306571625953,0.40678844286043253,1.3,d,False,50.0,5.3,16,63,3.0,2.6,3,2,1,0,1.41,0.02,1.43,Unspecified injury - 50% chance of playing,2.3,1,
88,Kayode,DEF,Brentford,4,4.6,2.3356090616679372,0.46428879609935997,SUN (H),2,3.4,2.429033424134655,0.528050744377099,9.6,a,True,,5.0,15,162,3.0,5.0,8,1,9,7,0.52,0.21,0.73,,44.6,3,RISE
98,Janelt,MID,Brentford,4,5.0,2.3291104537388936,0.5414381999027497,SUN (H),2,3.4,2.4222748718884493,0.48445497437768986,0.7,a,True,,3.3,10,180,3.0,3.3,23,7,5,11,0.39,0.31,0.7,,20.8,2,
154,Palmer,MID,Chelsea,6,9.6,2.622015973567175,0.5190712069536529,ARS (A),5,3.2,2.4122546956818014,0.25127653080018764,19.3,a,True,100.0,6.7,20,172,3.0,6.7,17,4,11,2,0.94,0.32,1.26,,16.1,1,
427,Mbeumo,MID,Man Utd,16,7.9,2.394513288024395,0.47865033122150424,EVE (A),3,3.2,2.394513288024395,0.3031029478511892,26.9,a,True,,4.3,13,180,3.0,4.3,9,3,6,0,2.26,0.44,2.7,,-0.4,-1,
397,Semenyo,MID,Man City,15,8.5,2.2952884185321336,0.4745391368485622,COV (H),2,2.8,2.387099955273419,0.28083528885569636,19.4,a,True,,2.3,7,180,3.0,2.3,8,2,6,0,0.12,0.59,0.71,,-94.5,-4,FALL
371,Gravenberch,MID,Liverpool,14,6.0,2.246414636249682,0.43396122988113456,IPS (A),2,2.8,2.3362712216996693,0.3893785369499449,1.6,a,True,,2.3,7,122,3.0,2.3,14,2,9,3,0.06,0.06,0.12,,-92.6,-4,FALL
572,Tzolakis,GKP,Hull City,11,4.6,2.3235446314557775,0.42316616271706653,AVL (H),3,3.2,2.3235446314557775,0.5051183981425603,7.8,a,True,,6.7,20,180,3.0,6.7,0,0,33,0,0.0,0.0,0.0,,8.2,1,
236,Dewsbury-Hall,MID,Everton,9,6.5,2.4203170147194655,0.5233091876924408,MUN (H),4,3.0,2.323504334130687,0.3574622052508749,4.4,a,True,,4.3,13,180,3.0,4.3,18,5,12,1,0.18,0.33,0.51,,35.8,2,
480,Gibbs-White,MID,Nott'm Forest,18,7.9,2.3197925367285053,0.5109445781715123,TOT (H),3,3.2,2.3197925367285053,0.29364462490234244,9.4,a,True,100.0,5.0,15,180,3.0,5.0,8,2,4,2,0.92,0.1,1.02,,11.5,1,
13,Rice,MID,Arsenal,1,7.5,2.4085514259334198,0.33589237264541344,CHE (H),4,3.0,2.3122093688960828,0.3082945825194777,14.3,a,True,,2.7,8,151,3.0,2.7,18,3,10,5,0.07,0.18,0.25,,-100.3,-5,FALL
279,Ajayi,DEF,Hull City,11,4.1,2.2892860560794768,0.2860212281982364,AVL (H),3,3.2,2.2892860560794768,0.5583624527023114,9.3,a,True,100.0,6.7,20,153,3.0,6.7,14,2,8,12,0.52,0.0,0.52,,33.4,2,
391,Gvardiol,DEF,Man City,15,5.6,2.179566191113917,0.5176377197537014,COV (H),2,2.8,2.266748838758474,0.4047765783497275,18.6,a,True,,4.7,14,164,3.0,4.7,9,3,5,6,0.19,0.09,0.28,,29.3,2,
449,Hall,DEF,Newcastle,17,5.1,2.2580222689447758,0.5710070098307811,BOU (H),3,2.6,2.2580222689447758,0.4427494644989757,9.7,a,True,,4.7,14,180,3.0,4.7,24,7,14,17,0.03,0.66,0.69,,24.3,2,
569,Gonzalo,FWD,Fulham,10,6.0,2.2565548648152447,0.34387073290844866,CRY (H),3,3.0,2.2565548648152447,0.37609247746920743,4.6,a,True,,2.7,8,180,3.0,2.7,6,1,3,2,1.0,0.02,1.02,,90.1,3,RISE
428,Cunha,MID,Man Utd,16,7.9,2.251581079436269,0.3512933367954976,EVE (A),3,3.2,2.251581079436269,0.28501026321978085,7.8,a,True,,3.7,11,158,3.0,3.7,5,0,5,0,0.35,0.36,0.71,,-0.2,-1,
127,Gomez,MID,Brighton,5,5.0,2.163683512501675,0.4778733144309691,LEE (H),2,2.8,2.2502308530017423,0.45004617060034846,4.9,a,True,,3.7,11,175,3.0,3.7,11,5,3,3,0.56,0.65,1.21,,51.7,3,RISE
210,Wharton,MID,Crystal Palace,8,5.5,2.2295081491249675,0.4124097737142904,FUL (A),3,2.8,2.2295081491249675,0.40536511802272135,0.9,a,True,100.0,2.0,6,180,3.0,2.0,21,6,11,4,0.0,0.31,0.31,,-13.6,-1,
388,Guéhi,DEF,Man City,15,6.0,2.1318794233676193,0.5416170183451731,COV (H),2,2.8,2.217154600302324,0.369525766717054,18.8,a,True,,4.0,12,180,3.0,4.0,9,3,8,6,0.89,0.36,1.25,,46.4,3,RISE
454,Elanga,MID,Newcastle,17,6.1,2.1683750274200597,0.3624976921285632,BOU (H),3,2.6,2.1683750274200597,0.35547131597050163,10.4,a,True,,5.7,17,156,3.0,5.7,5,2,2,1,0.42,0.11,0.53,,71.4,3,RISE
277,Egan,DEF,Hull City,11,4.0,2.164136537622556,0.35161578473462834,AVL (H),3,3.2,2.164136537622556,0.541034134405639,5.1,a,True,,5.7,17,180,3.0,5.7,34,2,4,32,0.0,0.0,0.0,,88.1,3,RISE
295,McBurnie,FWD,Hull City,11,5.5,2.15804008609586,0.34217708807628244,AVL (H),3,3.2,2.15804008609586,0.3923709247447018,2.1,a,True,,2.0,6,180,3.0,2.0,9,0,6,3,0.16,0.02,0.18,,28.0,2,
165,João Pedro,FWD,Chelsea,6,7.7,2.340761547955093,0.486974089074327,ARS (A),5,3.2,2.153500624118686,0.27967540572969946,71.2,a,True,,6.7,20,180,3.0,6.7,6,1,4,1,1.86,0.1,1.96,,12.1,1,
267,Lukić,MID,Ipswich Town,12,5.0,2.2235323464898418,0.8623335841183932,LIV (H),4,3.4,2.134591052630248,0.4269182105260496,0.1,a,True,,2.7,8,252,3.0,2.7,21,5,6,10,0.02,0.06,0.08,,-36.1,-2,
7,Lewis-Skelly,MID,Arsenal,1,5.5,2.211230780132987,0.3952887794768865,CHE (H),4,3.0,2.1227815489276676,0.3859602816232123,0.7,a,True,,2.0,6,160,3.0,2.0,12,1,6,5,0.13,0.13,0.26,,-9.7,-1,
268,King,MID,Fulham,10,5.5,2.111434622029998,0.48587029256098097,CRY (H),3,3.0,2.111434622029998,0.38389720400545424,0.7,a,True,,3.0,9,180,3.0,3.0,12,4,5,3,0.64,0.07,0.71,,18.6,1,
464,Wissa,FWD,Newcastle,17,6.1,2.1016119595204596,0.42284882537236723,BOU (H),3,2.6,2.1016119595204596,0.344526550741059,15.4,a,True,,4.0,12,171,3.0,4.0,14,5,7,2,1.35,0.02,1.37,,98.4,5,RISE
469,N.Williams,DEF,Nott'm Forest,18,5.0,2.098200501539211,0.4262824511477169,TOT (H),3,3.2,2.098200501539211,0.41964010030784216,8.3,a,True,,2.7,8,180,3.0,2.7,18,9,11,9,0.12,0.17,0.29,,-36.3,-2,
562,Maeda,MID,Ipswich Town,12,5.4,2.170314509457066,0.5741275910788124,LIV (H),4,3.4,2.0835019290787833,0.38583369057014505,0.3,a,True,,2.0,6,216,3.0,2.0,19,7,4,8,0.71,0.01,0.72,,-0.2,-1,
564,Scherpen,GKP,Ipswich Town,12,4.5,2.150738332607725,0.8771202795379422,LIV (H),4,3.4,2.064708799303416,0.45882417762298133,0.6,a,True,,2.0,6,270,3.0,2.0,0,0,30,5,0.0,0.01,0.01,,-28.1,-2,
619,Palacios,MID,Ipswich Town,12,5.0,2.146425603880382,0.7145200205375019,LIV (H),4,3.4,2.0605685797251665,0.4121137159450333,0.0,a,True,,2.5,5,105,2.0,2.5,25,5,15,5,0.0,0.03,0.03,,0.0,0,
87,Ajer,DEF,Brentford,4,4.5,1.979217102093096,0.3898887871210511,SUN (H),2,3.4,2.05838578617682,0.4574190635948489,5.2,a,True,,3.7,11,180,3.0,3.7,27,2,5,25,0.11,0.03,0.14,,59.4,3,RISE
338,Ampadu,MID,Leeds,13,5.5,2.0324447550044966,0.4462781525222017,BHA (A),3,3.4,2.0324447550044966,0.3695354100008176,1.1,a,True,,2.3,7,180,3.0,2.3,23,4,8,11,0.01,0.13,0.14,,-61.8,-3,FALL
544,Xhaka,MID,Sunderland,20,5.5,2.0224266016410533,0.5537074292025338,BRE (A),3,3.4,2.0224266016410533,0.3677139275711006,4.6,a,True,,5.0,15,180,3.0,5.0,20,3,14,3,0.0,0.45,0.45,,13.2,1,
305,Davis,DEF,Ipswich Town,12,4.0,2.0878307334346737,0.8966517196618006,LIV (H),4,3.4,2.004317504097287,0.5010793760243217,5.2,a,True,,3.0,9,270,3.0,3.0,17,2,8,15,0.65,0.25,0.9,,1.0,1,
229,Tarkowski,DEF,Everton,9,6.0,2.0240380619298546,0.5614776162608506,MUN (H),4,3.0,1.9430765394526603,0.3238460899087767,10.8,a,True,,6.0,18,180,3.0,6.0,19,2,7,17,0.15,0.01,0.16,,58.4,3,RISE
313,Clarke,MID,Ipswich Town,12,5.5,2.0123126318572564,0.38487705884904216,LIV (H),4,3.4,1.931820126582966,0.3512400230150847,0.2,a,True,,2.7,8,43,3.0,2.7,4,1,2,1,0.15,0.02,0.17,,-55.9,-3,FALL
95,O.Dango,MID,Brentford,4,6.4,1.8483747727142996,0.17766159946897658,SUN (H),2,3.4,1.9223097636228716,0.3003609005660737,0.8,a,True,,1.3,4,95,3.0,1.3,13,1,7,5,0.07,0.37,0.44,,-0.3,-1,
390,Rúben,DEF,Man City,15,5.5,1.8295403274326199,0.36718121780226703,COV (H),2,2.8,1.9027219405299247,0.3459494437327136,1.8,a,True,,1.3,4,180,3.0,1.3,12,1,14,11,0.09,0.71,0.8,,0.2,1,
334,Muharemović,DEF,Leeds,13,5.0,1.886414546435613,0.47680341893793177,BHA (A),3,3.4,1.886414546435613,0.3772829092871226,3.3,a,True,,3.3,10,180,3.0,3.3,26,2,4,24,0.09,0.01,0.1,,6.2,1,
96,Damsgaard,MID,Brentford,4,5.5,1.8023643898248234,0.12353718802407787,SUN (H),2,3.4,1.8744589654178163,0.3408107209850575,0.5,a,True,,1.3,4,82,3.0,1.3,13,3,8,2,0.03,0.24,0.27,,-71.7,-3,FALL
304,O'Shea,DEF,Ipswich Town,12,4.0,1.9272991472149263,0.8733599094146048,LIV (H),4,3.4,1.8502071813263292,0.4625517953315823,3.2,a,True,,2.3,7,270,3.0,2.3,30,5,11,25,0.07,0.18,0.25,,-10.1,-1,
69,Scott,MID,Bournemouth,3,6.0,1.847434442155165,0.45382600396687645,NEW (A),3,3.2,1.847434442155165,0.30790574035919416,2.0,a,True,,4.7,14,176,3.0,4.7,26,7,15,4,0.26,0.28,0.54,,16.9,1,
429,Rashford,MID,Man Utd,16,7.0,1.831003895838538,0.16868166154385425,EVE (A),3,3.2,1.831003895838538,0.26157198511979113,1.6,a,True,,1.0,3,124,3.0,1.0,7,3,4,0,0.26,0.15,0.41,,-59.5,-3,FALL
68,Tavernier,MID,Bournemouth,3,6.0,1.804701476432208,0.4817377165262813,NEW (A),3,3.2,1.804701476432208,0.300783579405368,2.3,a,True,,3.7,11,180,3.0,3.7,19,6,10,3,0.49,0.29,0.78,,26.1,2,
259,Diop,DEF,Ipswich Town,12,4.0,1.878677727771236,0.893221783055123,LIV (H),4,3.4,1.8035306186603866,0.45088265466509664,15.5,a,True,,2.3,7,270,3.0,2.3,28,3,12,25,0.0,0.02,0.02,,-16.7,-1,
82,Kelleher,GKP,Brentford,4,5.0,1.7336299511684574,0.43011535849691396,SUN (H),2,3.4,1.8029751492151957,0.36059502984303915,7.0,a,True,,3.0,9,180,3.0,3.0,0,0,9,2,0.0,0.01,0.01,,40.3,3,RISE
586,Mendy,DEF,Hull City,11,4.0,1.8019389085124242,0.23101383696554123,AVL (H),3,3.2,1.8019389085124242,0.45048472712810606,5.5,a,True,100.0,5.3,16,121,3.0,5.3,22,2,4,20,0.29,0.0,0.29,,54.8,3,RISE
105,Anthony,MID,Brentford,4,6.0,1.7282217008733125,0.11723810647021837,SUN (H),2,3.4,1.797350568908245,0.2995584281513742,0.2,a,True,,1.0,3,83,3.0,1.0,9,2,7,0,0.14,0.41,0.55,,-45.3,-3,FALL
224,Nketiah,FWD,Crystal Palace,8,5.5,1.7856180246904811,0.18276363548559452,FUL (A),3,2.8,1.7856180246904811,0.3246578226709966,0.5,a,True,,1.0,3,122,3.0,1.0,9,3,4,2,0.96,0.58,1.54,,1.3,1,
230,Branthwaite,DEF,Everton,9,5.5,1.8527402151541597,0.49646165332901043,MUN (H),4,3.0,1.778630606547993,0.323387383008726,1.8,a,True,,3.3,10,180,3.0,3.3,20,3,5,17,0.09,0.02,0.11,,3.7,1,
43,Tielemans,MID,Man Utd,16,5.9,1.7689247492453566,0.24086144600533543,EVE (A),3,3.2,1.7689247492453566,0.29981775410938244,2.0,a,True,100.0,2.0,6,156,3.0,2.0,18,2,12,4,0.51,0.22,0.73,,-8.2,-1,
399,Cherki,MID,Man City,15,7.8,1.699000415120091,0.35397647342463157,COV (H),2,2.8,1.7669604317248948,0.22653338868267883,30.5,a,True,,7.3,22,108,3.0,7.3,3,0,3,0,0.35,1.05,1.4,,0.4,1,
491,Igor Jesus,FWD,Nott'm Forest,18,5.9,1.7642989843124515,0.2271162892453474,TOT (H),3,3.2,1.7642989843124515,0.2990337261546528,3.0,a,True,,1.0,3,180,3.0,1.0,8,1,2,5,0.96,0.06,1.02,,-8.0,-1,
385,Trafford,GKP,Leeds,13,5.0,1.7515975819055856,0.42533099295699034,BHA (A),3,3.4,1.7515975819055856,0.35031951638111714,5.1,a,True,,4.0,12,180,3.0,4.0,0,0,20,0,0.0,0.0,0.0,,26.4,2,
40,Rogers,MID,Chelsea,6,7.5,1.9023856032583937,0.4597916401283776,ARS (A),5,3.2,1.7501947549977224,0.23335930066636298,24.9,a,True,,4.3,13,171,3.0,4.3,12,3,8,1,1.1,1.11,2.21,,59.6,3,RISE
97,Jensen,MID,Brentford,4,5.5,1.67833080738559,0.10358992131798977,SUN (H),2,3.4,1.7454640396810137,0.3173570981238207,0.2,i,False,0.0,2.0,6,66,3.0,0.0,5,2,3,0,0.08,0.34,0.42,Unspecified injury - Expected back 18 Sep,-40.9,-3,FALL
290,Slater,MID,Hull City,11,4.5,1.7378322312258476,0.42513320019201895,AVL (H),3,3.2,1.7378322312258476,0.38618494027241057,4.8,a,True,,2.7,8,180,3.0,2.7,13,5,6,2,0.0,0.45,0.45,,60.6,3,RISE
79,Evanilson,FWD,Bournemouth,3,6.0,1.7280706157398737,0.24346246309935982,NEW (A),3,3.2,1.7280706157398737,0.28801176928997896,3.3,a,True,,3.0,9,154,3.0,3.0,11,1,5,5,0.58,0.25,0.83,,41.2,3,RISE
472,Murillo,DEF,Nott'm Forest,18,5.5,1.7223985768069905,0.3426526214825473,TOT (H),3,3.2,1.7223985768069905,0.313163377601271,1.5,a,True,100.0,1.7,5,180,3.0,1.7,20,2,6,18,0.18,0.28,0.46,,-29.3,-2,
393,Khusanov,DEF,Man City,15,5.5,1.6501169755078926,0.3647641788967685,COV (H),2,2.8,1.7161216545282083,0.3120221190051288,1.6,a,True,,1.3,4,178,3.0,1.3,11,6,9,5,0.0,0.04,0.04,,-53.3,-3,FALL
286,Belloumi,MID,Hull City,11,5.0,1.7018990293511105,0.4779011795279411,AVL (H),3,3.2,1.7018990293511105,0.3403798058702221,0.8,a,True,,3.0,9,172,3.0,3.0,20,6,8,6,0.17,0.05,0.22,,12.1,1,
593,Dedić,DEF,Newcastle,17,4.5,1.7008034008171953,0.41073106790588,BOU (H),3,2.6,1.7008034008171953,0.37795631129271007,3.3,a,True,,4.0,12,180,3.0,4.0,17,5,7,12,0.03,0.06,0.09,,57.6,3,RISE
67,Rayan,MID,Bournemouth,3,6.5,1.698241645845131,0.2855146451606229,NEW (A),3,3.2,1.698241645845131,0.26126794551463556,2.2,a,True,,1.3,4,178,3.0,1.3,6,1,3,2,0.44,0.05,0.49,,-80.5,-3,FALL
282,Giles,DEF,Hull City,11,4.0,1.6908073764017935,0.36548237407489303,AVL (H),3,3.2,1.6908073764017935,0.42270184410044837,1.1,a,True,,4.0,12,174,3.0,4.0,8,2,5,6,0.02,0.14,0.16,,9.1,1,
504,Vuskovic,DEF,Brighton,5,5.0,1.6012006514690527,0.3476104248828486,LEE (H),2,2.8,1.6652486775278148,0.33304973550556294,2.4,a,True,,2.0,6,180,3.0,2.0,12,1,5,11,0.16,0.05,0.21,,4.2,1,
481,Anderson,MID,Man City,15,6.4,1.5867584192470823,0.2252237851947061,COV (H),2,2.8,1.6502287560169657,0.25784824312765087,5.0,a,True,100.0,1.7,5,143,3.0,1.7,20,7,8,5,0.07,0.47,0.54,,-81.7,-3,FALL
70,Kluivert,MID,Bournemouth,3,6.0,1.6415207380719192,0.2715806737230245,NEW (A),3,3.2,1.6415207380719192,0.2735867896786532,1.1,a,True,,2.0,6,154,3.0,2.0,14,3,10,1,0.72,0.05,0.77,,-8.7,-1,
473,Aina,DEF,Nott'm Forest,18,4.5,1.6405229537767825,0.266202477667682,TOT (H),3,3.2,1.6405229537767825,0.36456065639484053,3.1,a,True,,1.7,5,158,3.0,1.7,7,2,8,5,0.04,0.52,0.56,,-36.8,-2,
249,Barry,FWD,Everton,9,5.5,1.7078174925246346,0.2674672045014382,MUN (H),4,3.0,1.639504792823649,0.29809178051339075,4.9,a,True,,3.3,10,147,3.0,3.3,6,1,3,2,1.93,0.09,2.02,,98.0,4,RISE
214,Kamada,MID,Crystal Palace,8,5.0,1.6394952947411152,0.3726999688577739,FUL (A),3,2.8,1.6394952947411152,0.327899058948223,0.3,a,True,,1.7,5,180,3.0,1.7,23,9,10,4,0.05,0.29,0.34,,-11.8,-1,
332,Justin,DEF,Leeds,13,4.5,1.6317166216737469,0.39845843912782947,BHA (A),3,3.4,1.6317166216737469,0.36260369370527706,1.5,a,True,,4.0,12,180,3.0,4.0,20,8,7,12,0.03,0.02,0.05,,16.9,1,
258,Castagne,DEF,Fulham,10,4.5,1.6228554530777328,0.32037330226351163,CRY (H),3,3.0,1.6228554530777328,0.36063454512838505,0.9,a,True,,4.0,12,157,3.0,4.0,8,2,6,6,0.09,0.18,0.27,,14.2,1,
261,Iwobi,MID,Fulham,10,5.5,1.6167073464731514,0.3127037173845659,CRY (H),3,3.0,1.6167073464731514,0.2939467902678457,0.9,a,True,,1.3,4,180,3.0,1.3,14,2,8,4,0.01,0.44,0.45,,-50.5,-3,FALL
114,Boscagli,DEF,Brighton,5,4.5,1.5506948805992666,0.30137205617848006,LEE (H),2,2.8,1.6127226758232374,0.3583828168496083,0.3,a,True,,1.7,5,180,3.0,1.7,9,1,6,8,0.05,0.15,0.2,,2.3,1,
226,Pickford,GKP,Everton,9,5.5,1.6747055238530255,0.49147517976256727,MUN (H),4,3.0,1.6077173028989045,0.2923122368907099,8.7,a,True,,3.3,10,180,3.0,3.3,0,0,23,4,0.0,0.02,0.02,,7.0,1,
130,Wieffer,DEF,Brighton,5,5.0,1.5441184285543876,0.2962256693421623,LEE (H),2,2.8,1.605883165696563,0.3211766331393126,0.4,i,False,0.0,2.3,7,156,3.0,0.0,15,4,9,11,0.12,0.13,0.25,Knee injury - Unknown return date,3.9,1,
418,Maguire,DEF,Man Utd,16,5.0,1.60140811622226,0.3101327720527618,EVE (A),3,3.2,1.60140811622226,0.320281623244452,14.1,a,True,,1.7,5,180,3.0,1.7,9,1,9,8,0.07,0.41,0.48,,-70.8,-3,FALL
387,O'Reilly,DEF,Man City,15,6.5,1.5323438150879265,0.21490063791806574,COV (H),2,2.8,1.5936375676914436,0.24517501041406825,18.6,a,True,,1.3,4,150,3.0,1.3,3,2,7,1,0.09,0.43,0.52,,-42.6,-3,FALL
471,Milenković,DEF,Nott'm Forest,18,5.5,1.592578423723287,0.33207233229408795,TOT (H),3,3.2,1.592578423723287,0.289559713404234,1.6,a,True,,1.7,5,180,3.0,1.7,20,3,9,17,0.11,0.02,0.13,,-58.8,-3,FALL
453,Barnes,MID,Newcastle,17,6.0,1.5788153402058172,0.36404328007100584,BOU (H),3,2.6,1.5788153402058172,0.2631358900343029,1.2,a,True,,1.7,5,180,3.0,1.7,12,3,4,5,0.11,0.03,0.14,,5.6,1,
486,McAtee,MID,Nott'm Forest,18,5.5,1.5730631742064811,0.30826257660340034,TOT (H),3,3.2,1.5730631742064811,0.2860114862193602,0.1,a,True,,1.7,5,163,3.0,1.7,16,2,10,4,0.0,0.32,0.32,,1.0,1,
336,Okafor,MID,Leeds,13,5.9,1.5625872368547153,0.12204862613919795,BHA (A),3,3.4,1.5625872368547153,0.26484529438215515,0.3,a,True,,1.0,3,92,3.0,1.0,7,3,2,2,0.08,0.17,0.25,,-26.8,-2,
41,Buendía,MID,Aston Villa,2,6.0,1.4958759146955456,0.26462864114206913,HUL (A),2,2.8,1.5557109512833676,0.25928515854722795,1.1,a,True,,1.3,4,175,3.0,1.3,12,2,7,3,0.17,0.11,0.28,,-78.9,-3,FALL
447,Botman,DEF,Newcastle,17,5.0,1.5539481851960104,0.4804682395867448,BOU (H),3,2.6,1.5539481851960104,0.3107896370392021,0.7,a,True,,2.7,8,180,3.0,2.7,15,1,6,14,0.01,0.01,0.02,,6.9,1,
542,E.Le Fée,MID,Sunderland,20,5.9,1.5522911520617835,0.3005651921390251,BRE (A),3,3.4,1.5522911520617835,0.26310019526470907,5.7,a,True,,1.7,5,168,3.0,1.7,8,2,5,1,0.37,0.2,0.57,,-42.1,-3,FALL
483,Ndoye,MID,Nott'm Forest,18,5.5,1.551902938573837,0.26537786319754264,TOT (H),3,3.2,1.551902938573837,0.28216417064978855,0.7,a,True,,4.0,12,126,3.0,4.0,12,1,9,2,0.35,0.63,0.98,,7.7,1,
567,Horníček,GKP,Newcastle,17,5.0,1.5300719896846118,0.4455302068946394,BOU (H),3,2.6,1.5300719896846118,0.30601439793692237,1.2,a,True,,2.7,8,180,3.0,2.7,0,0,9,5,0.0,0.0,0.0,,13.6,1,
222,Strand Larsen,FWD,Crystal Palace,8,6.0,1.5155101589655249,0.17265574469982112,FUL (A),3,2.8,1.5155101589655249,0.25258502649425413,0.5,a,True,,1.0,3,89,3.0,1.0,4,1,1,2,0.3,0.01,0.31,,-56.6,-3,FALL
640,Flemming,FWD,Ipswich Town,12,5.5,1.5665425016819772,0.24111291079910682,LIV (H),4,3.4,1.503880801614698,0.2734328730208542,0.0,a,True,,1.0,1,24,1.0,1.8,0,0,0,0,0.02,0.01,0.03,,0.0,0,
384,Donnarumma,GKP,Man City,15,5.5,1.4446032977508283,0.27544413270636126,COV (H),2,2.8,1.5023874296608615,0.2731613508474294,7.9,a,True,,1.0,3,180,3.0,1.0,0,0,12,1,0.0,0.0,0.0,,-24.5,-2,
244,Armstrong,MID,Everton,9,5.0,1.5377278210431509,0.500293519240523,MUN (H),4,3.0,1.4762187082014249,0.295243741640285,0.4,a,True,,3.3,10,176,3.0,3.3,25,5,14,6,0.0,0.07,0.07,,9.5,1,
260,Wilson,MID,Leeds,13,6.4,1.4761727026874232,0.1739168860788939,BHA (A),3,3.4,1.4761727026874232,0.23065198479490986,4.0,a,True,,1.3,4,110,3.0,1.3,8,3,3,2,0.01,0.06,0.07,,-21.9,-2,
445,Thiaw,DEF,Newcastle,17,5.0,1.4684252348383722,0.5151797057219453,BOU (H),3,2.6,1.4684252348383722,0.29368504696767445,2.2,a,True,,3.0,9,180,3.0,3.0,18,0,3,18,0.0,0.02,0.02,,18.8,1,
200,Lacroix,DEF,Chelsea,6,6.0,1.570790016120827,0.43732835753604554,ARS (A),5,3.2,1.445126814831161,0.24085446913852682,8.3,a,True,,2.3,7,180,3.0,2.3,21,6,3,15,0.02,0.2,0.22,,-40.1,-3,FALL
459,L.Miley,MID,Newcastle,17,5.5,1.419480342106884,0.36921426603025576,BOU (H),3,2.6,1.419480342106884,0.25808733492852437,0.1,a,True,100.0,2.0,6,165,3.0,2.0,22,1,12,9,0.05,0.05,0.1,,0.8,1,
116,Dunk,DEF,Brighton,5,4.5,1.3570488457704395,0.28861514813450284,LEE (H),2,2.8,1.4113307996012572,0.31362906657805717,1.3,a,True,,1.7,5,180,3.0,1.7,5,2,6,3,0.0,0.05,0.05,,7.5,1,
61,Truffert,DEF,Bournemouth,3,5.5,1.4022083935312988,0.3673494156337254,NEW (A),3,3.2,1.4022083935312988,0.25494698064205434,3.8,a,True,,1.7,5,180,3.0,1.7,16,4,13,12,0.0,0.07,0.07,,-19.6,-1,
532,Ballard,DEF,Sunderland,20,5.0,1.3995344962946743,0.4409944246996373,BRE (A),3,3.4,1.3995344962946743,0.27990689925893486,4.0,a,True,,2.7,8,180,3.0,2.7,19,3,1,16,0.03,0.01,0.04,,-91.3,-3,FALL
605,Yalcouyé,MID,Brighton,5,4.5,1.3420281043503364,0.13718036998701133,LEE (H),2,2.8,1.39570922852435,0.31015760633874445,2.1,a,True,,3.0,9,77,3.0,3.0,7,3,2,2,0.7,0.17,0.87,,0.0,0,
534,Hume,DEF,Sunderland,20,4.5,1.390413679210744,0.3811683807384545,BRE (A),3,3.4,1.390413679210744,0.30898081760238755,5.4,a,True,,2.7,8,169,3.0,2.7,10,7,10,3,0.04,0.28,0.32,,-45.2,-3,FALL
545,Sadiki,MID,Sunderland,20,5.0,1.3746552967012333,0.3776982907403645,BRE (A),3,3.4,1.3746552967012333,0.27493105934024664,0.3,a,True,,1.7,5,180,3.0,1.7,13,3,4,6,0.08,0.05,0.13,,-64.9,-3,FALL
460,Willock,MID,Newcastle,17,5.0,1.3658707361359415,0.2473748646345998,BOU (H),3,2.6,1.3658707361359415,0.2731741472271883,0.4,a,True,,3.0,9,104,3.0,3.0,5,2,2,1,0.16,0.19,0.35,,9.3,1,
327,Bijol,DEF,Leeds,13,5.0,1.3548837370165143,0.2501267692364141,BHA (A),3,3.4,1.3548837370165143,0.27097674740330285,0.9,a,True,,3.7,11,135,3.0,3.7,17,1,7,16,0.11,0.0,0.11,,14.6,1,
138,Kostoulas,FWD,Brighton,5,5.5,1.299258679590929,0.1304277915524891,LEE (H),2,2.8,1.3512290267745664,0.24567800486810298,0.5,a,True,,2.0,6,105,3.0,2.0,8,1,7,0,0.35,0.02,0.37,,10.6,1,
202,Richards,DEF,Crystal Palace,8,5.0,1.3481479230553217,0.3231669936086652,FUL (A),3,2.8,1.3481479230553217,0.26962958461106434,0.7,a,True,,1.0,3,180,3.0,1.0,22,4,3,18,0.04,0.0,0.04,,-40.3,-3,FALL
60,Hill,DEF,Bournemouth,3,5.5,1.330839416790379,0.361964279630204,NEW (A),3,3.2,1.330839416790379,0.24197080305279617,0.9,a,True,,1.7,5,180,3.0,1.7,18,4,4,14,0.0,0.74,0.74,,0.7,1,
233,Mykolenko,DEF,Everton,9,4.5,1.3754911980178577,0.39538778757952375,MUN (H),4,3.0,1.3204715500971433,0.2934381222438096,1.8,a,True,,3.3,10,180,3.0,3.3,16,1,11,15,0.0,0.06,0.06,,8.8,1,
306,Greaves,DEF,Ipswich Town,12,4.0,1.3751921835944194,0.8427013799493167,LIV (H),4,3.4,1.3201844962506426,0.33004612406266065,1.3,a,True,,0.7,2,270,3.0,0.7,24,5,8,19,0.0,0.05,0.05,,-35.0,-2,
198,Henderson,GKP,Crystal Palace,8,5.0,1.3181370821829235,0.27563065897171996,FUL (A),3,2.8,1.3181370821829235,0.2636274164365847,1.8,a,True,100.0,1.0,3,180,3.0,1.0,0,0,24,5,0.0,0.0,0.0,,-15.4,-1,
557,Tzolis,MID,Arsenal,1,6.5,1.3720010965256244,0.1808273560036273,CHE (H),4,3.0,1.3171210526645993,0.20263400810224605,19.2,a,True,,2.0,6,120,3.0,2.0,9,1,5,3,0.19,0.15,0.34,,-81.3,-3,FALL
223,Mateta,FWD,Crystal Palace,8,6.4,1.3103888331059679,0.10868389230038407,FUL (A),3,2.8,1.3103888331059679,0.20474825517280748,2.3,i,False,0.0,0.7,2,62,3.0,0.0,5,2,2,1,0.7,0.02,0.72,Hamstring injury - Expected back 11 Oct,-30.7,-2,
156,Neto,MID,Chelsea,6,6.5,1.421471487486509,0.14257193573031365,ARS (A),5,3.2,1.3077537684875884,0.201192887459629,1.3,a,True,,2.7,8,81,3.0,2.7,8,1,4,3,0.44,0.4,0.84,,-44.7,-3,FALL
514,Tel,MID,Spurs,19,5.9,1.304529837015913,0.23731813070956434,NFO (A),3,3.0,1.304529837015913,0.2211067520365954,0.3,a,True,,1.3,4,157,3.0,1.3,11,1,9,1,0.2,0.09,0.29,,-54.6,-3,FALL
109,Verbruggen,GKP,Brighton,5,4.5,1.236837022289228,0.25763355681299105,LEE (H),2,2.8,1.286310503180797,0.2858467784846216,22.1,a,True,,2.0,6,180,3.0,2.0,0,0,18,0,0.0,0.0,0.0,,47.0,3,RISE
541,Meunier,DEF,Sunderland,20,4.5,1.2802390879309509,0.3851472037791826,BRE (A),3,3.4,1.2802390879309509,0.28449757509576684,0.3,a,True,100.0,2.3,7,180,3.0,2.3,12,2,8,10,0.1,0.13,0.23,,0.0,0,
529,Roefs,GKP,Sunderland,20,5.0,1.2735385218932316,0.33214466385441266,BRE (A),3,3.4,1.2735385218932316,0.2547077043786463,3.4,a,True,,2.3,7,180,3.0,2.3,0,0,15,3,0.0,0.0,0.0,,-45.2,-3,FALL
125,Georginio,FWD,Brighton,5,5.5,1.2236821290790738,0.13153355587767676,LEE (H),2,2.8,1.2726294142422367,0.23138716622586122,0.7,d,False,75.0,1.7,5,90,3.0,1.3,7,2,4,1,0.08,0.44,0.52,Unspecified injury - 75% chance of playing,-42.4,-3,FALL
211,Yeremy,MID,Crystal Palace,8,5.5,1.2681864863906271,0.19642910022574023,FUL (A),3,2.8,1.2681864863906271,0.2305793611619322,0.2,a,True,,2.0,6,102,3.0,2.0,15,4,9,2,0.11,0.09,0.2,,0.6,1,
536,Reinildo,DEF,Sunderland,20,4.5,1.2617362469531554,0.38367062966629567,BRE (A),3,3.4,1.2617362469531554,0.2803858326562568,0.4,a,True,,2.3,7,180,3.0,2.3,15,4,8,11,0.0,0.3,0.3,,-37.9,-2,
250,Leno,GKP,Fulham,10,4.5,1.2571740444253094,0.21961444789004222,CRY (H),3,3.0,1.2571740444253094,0.279372009872291,3.1,a,True,,1.7,5,180,3.0,1.7,0,0,17,3,0.0,0.0,0.0,,6.2,1,
264,Bobb,MID,Fulham,10,5.5,1.2536358518870687,0.18695309753725423,CRY (H),3,3.0,1.2536358518870687,0.22793379125219432,0.3,a,True,,1.7,5,133,3.0,1.7,11,5,4,2,0.0,0.27,0.27,,0.6,1,
265,Berge,MID,Fulham,10,5.0,1.241723247884688,0.20662790022614386,CRY (H),3,3.0,1.241723247884688,0.2483446495769376,0.3,a,True,,1.3,4,154,3.0,1.3,6,1,4,1,0.03,0.23,0.26,,-50.0,-3,FALL
337,Aaronson,MID,Leeds,13,5.4,1.2328482254894098,0.1677576749973928,BHA (A),3,3.4,1.2328482254894098,0.22830522694248329,0.7,a,True,,1.3,4,126,3.0,1.3,10,2,7,1,0.01,0.02,0.03,,-0.2,-1,
423,Shaw,DEF,Man Utd,16,4.5,1.2296061617331489,0.2934427162896569,EVE (A),3,3.2,1.2296061617331489,0.2732458137184775,15.7,a,True,,1.0,3,162,3.0,1.0,12,5,5,7,0.0,0.28,0.28,,-89.4,-3,FALL
553,Isidor,FWD,Sunderland,20,5.5,1.2292384367097335,0.13683738323137346,BRE (A),3,3.4,1.2292384367097335,0.22349789758358793,1.1,a,True,,3.0,9,49,3.0,3.0,0,0,0,0,1.39,0.0,1.39,,5.0,1,
566,Silva,DEF,Bournemouth,3,5.0,1.228294639190243,0.36605839500948545,NEW (A),3,3.2,1.228294639190243,0.2456589278380486,0.4,a,True,,2.0,6,180,3.0,2.0,23,2,5,21,0.25,0.03,0.28,,3.3,1,
246,Röhl,MID,Everton,9,5.0,1.2630624911836064,0.33941209415636975,MUN (H),4,3.0,1.212539991536262,0.2425079983072524,0.1,a,True,,1.7,5,175,3.0,1.7,18,5,9,4,0.0,0.07,0.07,,-45.6,-3,FALL
242,George,MID,Everton,9,5.5,1.2598343447039397,0.2094888303082188,MUN (H),4,3.0,1.209440970915782,0.21989835834832402,0.2,a,True,,1.7,5,144,3.0,1.7,9,1,5,3,0.23,0.09,0.32,,-45.1,-3,FALL
287,Millar,MID,Hull City,11,5.0,1.2038725708694427,0.11192681472019175,AVL (H),3,3.2,1.2038725708694427,0.24077451417388854,0.1,u,False,0.0,2.0,6,50,3.0,0.0,4,1,1,2,0.58,0.0,0.58,Has joined Birmingham on loan for the rest of the season,0.0,0,
173,Thomas,DEF,Coventry City,7,4.0,1.3080414225594226,0.2598872506491861,MCI (A),5,3.0,1.2033981087546688,0.3008495271886672,8.5,a,True,,3.7,11,167,3.0,3.7,19,1,8,18,0.02,0.02,0.04,,13.6,1,
47,Kamara,MID,Aston Villa,2,5.0,1.1398248196431278,0.3036179279801253,HUL (A),2,2.8,1.185417812428853,0.23708356248577062,0.3,a,True,100.0,1.3,4,180,3.0,1.3,15,3,6,6,0.0,0.03,0.03,,-25.2,-2,
533,Mukiele,DEF,Sunderland,20,5.5,1.1852371338547998,0.26886189814933215,BRE (A),3,3.4,1.1852371338547998,0.2154976607008727,2.4,a,True,100.0,3.0,9,90,3.0,3.0,19,2,4,17,0.0,0.01,0.01,,-55.3,-3,FALL
347,Nmecha,FWD,Leeds,13,5.5,1.1761080165508937,0.0660200685085113,BHA (A),3,3.4,1.1761080165508937,0.2138378211910716,0.5,a,True,,1.3,4,21,3.0,1.3,1,0,1,0,0.1,0.0,0.1,,-90.8,-3,FALL
412,Lammens,GKP,Man Utd,16,5.0,1.167801141394928,0.2459202597455719,EVE (A),3,3.2,1.167801141394928,0.23356022827898562,13.6,a,True,,1.0,3,180,3.0,1.0,0,0,14,3,0.0,0.0,0.0,,-44.6,-3,FALL
204,Mitchell,DEF,Crystal Palace,8,4.5,1.1637869700870849,0.2536152665410164,FUL (A),3,2.8,1.1637869700870849,0.25861932668601884,4.6,a,True,,0.3,1,180,3.0,0.3,10,4,5,6,0.11,0.17,0.28,,-83.3,-3,FALL
184,Grimes,MID,Coventry City,7,5.0,1.2539400569989336,0.31490004374648856,MCI (A),5,3.0,1.153624852439019,0.23072497048780377,0.2,a,True,,1.3,4,180,3.0,1.3,17,0,12,5,0.01,0.05,0.06,,-53.9,-3,FALL
455,Tonali,MID,Spurs,19,5.4,1.1222564372312507,0.2996043624224708,NFO (A),3,3.0,1.1222564372312507,0.2078252661539353,2.8,a,True,,1.3,4,164,3.0,1.3,8,1,6,1,0.09,0.08,0.17,,-19.8,-2,
467,Sels,GKP,Nott'm Forest,18,5.0,1.1190819538400583,0.24296054052818525,TOT (H),3,3.2,1.1190819538400583,0.22381639076801166,1.4,a,True,,1.0,3,180,3.0,1.0,0,0,15,3,0.0,0.01,0.01,,-46.3,-3,FALL
241,McNeil,MID,Crystal Palace,8,5.5,1.118023178145576,0.13701844156892895,FUL (A),3,2.8,1.118023178145576,0.20327694148101383,0.1,a,True,,1.0,3,84,3.0,1.0,7,0,3,4,0.05,0.02,0.07,,-97.0,-4,FALL
552,Brobbey,FWD,Sunderland,20,5.9,1.1162584780563558,0.16288903572504268,BRE (A),3,3.4,1.1162584780563558,0.18919635221294165,9.1,a,True,,1.3,4,129,3.0,1.3,4,0,3,1,0.33,0.0,0.33,,-21.0,-2,
330,Bogle,DEF,Leeds,13,4.5,1.1074059530423537,0.2726073713971743,BHA (A),3,3.4,1.1074059530423537,0.2460902117871897,0.5,a,True,,2.7,8,157,3.0,2.7,10,3,8,7,0.0,0.01,0.01,,1.5,1,
525,Fernandes,MID,Spurs,19,5.9,1.0800790604269142,0.20001751670419257,NFO (A),3,3.0,1.0800790604269142,0.18306424752998543,1.2,a,True,,1.0,3,135,3.0,1.0,10,4,6,0,0.01,0.23,0.24,,-26.7,-2,
161,Lavia,MID,Chelsea,6,5.0,1.1736151303378846,0.2711045144606385,ARS (A),5,3.2,1.0797259199108538,0.21594518398217075,0.2,a,True,,2.7,8,131,3.0,2.7,16,4,7,5,0.75,0.03,0.78,,4.3,1,
417,Dalot,DEF,Man Utd,16,5.0,1.0786956950072326,0.14477580474018167,EVE (A),3,3.2,1.0786956950072326,0.21573913900144653,2.1,a,True,,1.0,3,83,3.0,1.0,7,2,2,5,0.15,0.12,0.27,,-99.2,-5,FALL
254,Robinson,DEF,Fulham,10,4.5,1.0689961938110386,0.2876636854792878,CRY (H),3,3.0,1.0689961938110386,0.23755470973578635,1.6,a,True,,1.0,3,171,3.0,1.0,10,6,7,4,0.13,0.06,0.19,,2.3,1,
502,Robertson,DEF,Spurs,19,4.5,1.0466561089692674,0.28519778122924816,NFO (A),3,3.0,1.0466561089692674,0.23259024643761497,3.2,a,True,,1.7,5,157,3.0,1.7,14,3,4,11,0.06,0.08,0.14,,-47.4,-3,FALL
323,McAteer,MID,Ipswich Town,12,4.5,1.0753693922096066,0.14058812951137695,LIV (H),4,3.4,1.0323546165212223,0.22941213700471608,1.3,a,True,,1.0,3,42,3.0,1.0,5,1,4,0,0.05,0.0,0.05,,-21.7,-2,
357,Frimpong,DEF,Liverpool,14,5.5,0.9882520618953804,0.29482452110089724,IPS (A),2,2.8,1.0277821443711956,0.18686948079476284,2.9,a,True,,0.3,1,160,3.0,0.3,8,3,6,5,0.01,0.11,0.12,,-82.4,-3,FALL
465,Osula,FWD,Newcastle,17,5.9,1.0206512355811808,0.0948762796993322,BOU (H),3,2.6,1.0206512355811808,0.1729917348442679,0.5,i,False,0.0,1.3,4,55,3.0,0.0,5,1,2,2,0.06,0.14,0.2,Foot injury - Unknown return date,-10.4,-1,
492,Awoniyi,FWD,Coventry City,7,5.5,1.108643560276583,0.11302325655670448,MCI (A),5,3.0,1.0199520754544564,0.18544583190081027,0.7,a,True,,1.0,3,110,3.0,1.0,4,0,3,1,0.93,0.03,0.96,,-80.5,-3,FALL
203,Canvot,DEF,Crystal Palace,8,4.9,1.0169284304041721,0.28739187437699854,FUL (A),3,2.8,1.0169284304041721,0.2075364143681984,0.3,a,True,,0.3,1,180,3.0,0.3,15,5,4,10,0.05,0.01,0.06,,-3.3,-1,
463,Woltemade,FWD,Newcastle,17,5.9,1.0145146263800604,0.07749039307186198,BOU (H),3,2.6,1.0145146263800604,0.17195163158984073,1.0,u,False,0.0,1.3,4,19,3.0,0.0,0,0,0,0,0.02,0.01,0.03,Has joined Juventus on loan for the rest of the season,0.0,0,
57,Petrović,GKP,Bournemouth,3,4.5,1.0126886479392214,0.24334531932825462,NEW (A),3,3.2,1.0126886479392214,0.22504192176427143,3.4,a,True,,1.7,5,180,3.0,1.7,0,0,13,5,0.0,0.0,0.0,,7.9,1,
588,Khalaili,DEF,Crystal Palace,8,5.0,1.011487199881713,0.21795687845398967,FUL (A),3,2.8,1.011487199881713,0.20229743997634259,0.1,a,True,,1.0,3,109,3.0,1.0,23,14,8,9,0.02,0.16,0.18,,1.0,1,
45,McGinn,MID,Aston Villa,2,5.4,0.968753265679809,0.24389512726493354,HUL (A),2,2.8,1.0075033963070015,0.18657470301981507,2.4,a,True,,0.7,2,171,3.0,0.7,10,2,5,3,0.09,0.06,0.15,,-2.2,-1,
369,Ngumoha,MID,Liverpool,14,5.9,0.9633374648512922,0.0880339036900462,IPS (A),2,2.8,1.001870963445344,0.1698086378720922,0.7,a,True,,1.0,3,81,3.0,1.0,3,1,2,0,0.04,0.05,0.09,,-43.5,-3,FALL
543,Diarra,MID,Sunderland,20,5.4,0.9962541832485,0.10959276870759714,BRE (A),3,3.4,0.9962541832485,0.1844915154163889,0.0,i,False,0.0,1.7,5,28,3.0,0.0,0,0,0,0,0.03,0.16,0.19,Hamstring injury - Unknown return date,-0.4,-1,
46,Barkley,MID,Aston Villa,2,5.0,0.9568260761189036,0.23868930078060435,HUL (A),2,2.8,0.9950991191636598,0.19901982383273195,0.3,a,True,,1.3,4,150,3.0,1.3,11,3,6,2,0.13,0.04,0.17,,0.7,1,
320,Akpom,FWD,Ipswich Town,12,5.0,1.03609214497684,0.08535198594099576,LIV (H),4,3.4,0.9946484591777665,0.19892969183555329,1.0,a,True,,2.0,6,69,3.0,2.0,3,1,2,0,0.97,0.0,0.97,,17.1,1,
570,Palacios,MID,Fulham,10,5.5,0.9927847159522756,0.16850992987957494,CRY (H),3,3.0,0.9927847159522756,0.18050631199132283,0.2,a,True,,1.0,3,147,3.0,1.0,13,2,8,3,0.18,0.01,0.19,,-72.4,-3,FALL
183,Rudoni,MID,Coventry City,7,5.0,1.0779434633916143,0.1495918644950776,MCI (A),5,3.0,0.9917079863202852,0.19834159726405703,0.1,a,True,100.0,1.3,4,90,3.0,1.3,11,2,8,1,0.21,0.09,0.3,,-49.8,-3,FALL
592,Ouattara,DEF,Ipswich Town,12,4.0,1.028052569618616,0.2181326123389703,LIV (H),4,3.4,0.9869304668338713,0.24673261670846783,0.9,a,True,,1.0,3,39,3.0,1.0,2,0,3,2,0.0,0.02,0.02,,-5.5,-1,
112,Van Hecke,DEF,Spurs,19,4.9,0.9846945356417263,0.34226839729395603,NFO (A),3,3.0,0.9846945356417263,0.20095806849831147,7.3,a,True,,0.7,2,180,3.0,0.7,17,4,7,13,0.11,0.06,0.17,,-11.9,-1,
257,Bassey,DEF,Fulham,10,4.5,0.9697252727868525,0.2845089739688132,CRY (H),3,3.0,0.9697252727868525,0.215494505063745,0.8,a,True,,0.7,2,180,3.0,0.7,11,2,10,9,0.02,0.03,0.05,,1.7,1,
498,Senesi,DEF,Spurs,19,5.9,0.9674123414433674,0.17104205789218263,NFO (A),3,3.0,0.9674123414433674,0.1639681934649775,5.5,a,True,,1.0,3,90,3.0,1.0,16,5,2,11,0.0,0.02,0.02,,-16.3,-1,
14,Eze,MID,Arsenal,1,6.4,0.9990983936517236,0.0746348257648486,CHE (H),4,3.0,0.9591344579056547,0.14986475904775853,1.4,a,True,,0.7,2,59,3.0,0.7,5,0,5,0,0.04,0.07,0.11,,-29.6,-2,
343,James,MID,Leeds,13,5.0,0.9498883301304251,0.06316557798280716,BHA (A),3,3.4,0.9498883301304251,0.189977666026085,0.1,a,True,,0.3,1,22,3.0,0.3,2,0,2,0,0.24,0.01,0.25,,-47.8,-3,FALL
17,Merino,MID,Arsenal,1,5.9,0.9742852622336916,0.06934550845230064,CHE (H),4,3.0,0.9353138517443439,0.15852777148209218,0.5,a,True,,0.7,2,33,3.0,0.7,6,0,6,0,0.14,0.02,0.16,,-28.1,-2,
551,N.Angulo,MID,Sunderland,20,5.0,0.9325684103336609,0.2802077310488291,BRE (A),3,3.4,0.9325684103336609,0.1865136820667322,0.2,a,True,,2.7,8,122,3.0,2.7,12,2,9,1,0.15,0.05,0.2,,2.6,1,
247,Hackney,MID,Everton,9,5.5,0.9709678417215865,0.19886860127264216,MUN (H),4,3.0,0.932129128052723,0.16947802328231326,0.2,a,True,100.0,1.3,4,106,3.0,1.3,10,2,5,3,0.01,0.02,0.03,,-47.8,-3,FALL
51,George Hemmings,MID,Aston Villa,2,4.5,0.8884830252224794,0.23274012618602166,HUL (A),2,2.8,0.9240223462313786,0.20533829916252858,1.0,a,True,,1.3,4,160,3.0,1.3,11,5,6,0,0.0,0.01,0.01,,8.4,1,
522,Gray,MID,Spurs,19,5.0,0.9226753922425581,0.21849934277539634,NFO (A),3,3.0,0.9226753922425581,0.18453507844851164,0.2,a,True,,1.3,4,152,3.0,1.3,11,1,5,5,0.0,0.01,0.01,,-47.6,-3,FALL
148,Hato,DEF,Chelsea,6,4.5,0.9975432291364926,0.26765552359935363,ARS (A),5,3.2,0.9177397708055732,0.20394217129012737,0.6,a,True,,1.7,5,154,3.0,1.7,9,4,5,5,0.01,0.09,0.1,,4.0,1,
108,Wilson,FWD,Brentford,4,5.5,0.8771707935693086,0.03881816517102911,SUN (H),2,3.4,0.912257625312081,0.16586502278401472,0.4,a,True,,0.7,2,9,3.0,0.7,1,0,1,0,0.07,0.04,0.11,,-8.9,-1,
415,Dorgu,MID,Man Utd,16,5.9,0.9118499192858314,0.08330465859384402,EVE (A),3,3.2,0.9118499192858314,0.15455083377725953,0.7,a,True,,0.3,1,55,3.0,0.3,3,1,0,2,0.65,0.04,0.69,,-56.5,-3,FALL
42,Guessand,MID,Crystal Palace,8,5.5,0.9110162240243107,0.0997316902600285,FUL (A),3,2.8,0.9110162240243107,0.16563931345896557,0.0,a,True,,0.7,2,54,3.0,0.7,2,1,0,1,0.03,0.03,0.06,,-53.0,-3,FALL
176,Dasilva,DEF,Coventry City,7,4.0,0.9889073997881311,0.25020091285074025,MCI (A),5,3.0,0.9097948078050807,0.22744870195127018,0.8,a,True,,1.0,3,180,3.0,1.0,9,2,4,7,0.18,0.07,0.25,,-21.1,-2,
16,Madueke,MID,Arsenal,1,6.3,0.9453557760926189,0.06033911291317849,CHE (H),4,3.0,0.9075415450489142,0.14405421349982764,0.2,a,True,,0.3,1,22,3.0,0.3,2,0,2,0,0.0,0.04,0.04,,-7.2,-1,
516,Bentancur,MID,Spurs,19,5.5,0.9048236322777246,0.18058993775544094,NFO (A),3,3.0,0.9048236322777246,0.164513387686859,0.2,a,True,,1.0,3,135,3.0,1.0,16,5,8,3,0.0,0.03,0.03,,-80.2,-3,FALL
432,Mainoo,MID,Man Utd,16,5.5,0.9043011566890303,0.20283249129057052,EVE (A),3,3.2,0.9043011566890303,0.16441839212527823,1.1,a,True,,1.7,5,102,3.0,1.7,16,3,11,2,0.21,0.28,0.49,,-7.8,-1,
401,Marmoush,FWD,Spurs,19,7.0,0.9031676373000378,0.13683872931895955,NFO (A),3,3.0,0.9031676373000378,0.1290239481857197,2.2,a,True,,0.7,2,90,3.0,0.7,4,1,3,0,0.17,0.07,0.24,,40.3,3,RISE
166,N.Jackson,FWD,Aston Villa,2,6.5,0.8680178205260936,0.0863219178468028,HUL (A),2,2.8,0.9027385333471373,0.13888285128417496,1.0,a,True,,0.7,2,70,3.0,0.7,3,0,3,0,0.0,0.1,0.1,,27.4,2,
329,Rodon,DEF,Leeds,13,4.5,0.9013527558480046,0.20807627739085655,BHA (A),3,3.4,0.9013527558480046,0.20030061241066768,2.2,i,False,0.0,2.3,7,123,3.0,0.0,11,1,2,10,0.03,0.06,0.09,Hamstring injury - Expected back 21 Nov,-93.7,-4,FALL
71,Cook,MID,Bournemouth,3,5.0,0.8910073427200007,0.24015249180973916,NEW (A),3,3.2,0.8910073427200007,0.17820146854400015,0.2,a,True,,2.0,6,143,3.0,2.0,9,1,5,3,0.0,0.01,0.01,,2.0,1,
439,Šeško,FWD,Man Utd,16,7.0,0.8891503459814211,0.05904043125625687,EVE (A),3,3.2,0.8891503459814211,0.12702147799734587,1.6,a,True,100.0,0.7,2,33,3.0,0.7,3,0,3,0,0.04,0.01,0.05,,-44.3,-3,FALL
558,Schlager,MID,Nott'm Forest,18,5.0,0.8854005594292588,0.19198092603903102,TOT (H),3,3.2,0.8854005594292588,0.17708011188585177,0.1,a,True,,1.7,5,106,3.0,1.7,16,5,8,3,0.05,0.0,0.05,,-31.7,-2,
309,Núñez,MID,Ipswich Town,12,5.0,0.9196316223458719,0.2129148526659618,LIV (H),4,3.4,0.882846357452037,0.1765692714904074,0.1,a,True,,2.0,6,140,3.0,2.0,21,3,10,8,0.03,0.05,0.08,,-24.9,-2,
375,Nyoni,MID,Liverpool,14,4.9,0.8461433061117207,0.09353563000915396,IPS (A),2,2.8,0.8799890383561896,0.17958959966452848,0.0,a,True,,0.7,2,19,3.0,0.7,5,2,2,1,0.0,0.0,0.0,,0.0,0,
110,Rushworth,GKP,Coventry City,7,4.5,0.9555285115942384,0.19546295470034553,MCI (A),5,3.0,0.8790862306666993,0.19535249570371097,1.0,a,True,,1.0,3,180,3.0,1.0,0,0,20,2,0.0,0.01,0.01,,-13.6,-1,
175,van Ewijk,DEF,Coventry City,7,4.0,0.9532573717377446,0.24123956171258995,MCI (A),5,3.0,0.8769967819987251,0.21924919549968128,11.8,a,True,,1.0,3,180,3.0,1.0,9,2,6,7,0.0,0.2,0.2,,-16.8,-1,
452,Bruno G.,MID,Arsenal,1,6.8,0.9001575424267254,0.05341671955877373,CHE (H),4,3.0,0.8641512407296563,0.12708106481318476,2.0,d,False,75.0,0.3,1,19,3.0,0.2,3,0,3,0,0.0,0.01,0.01,Knock - 75% chance of playing,-6.8,-1,
190,Tchaouna,MID,Coventry City,7,5.5,0.9266067804912043,0.16949960811137033,MCI (A),5,3.0,0.8524782380519079,0.15499604328216507,0.1,a,True,,1.0,3,139,3.0,1.0,14,1,8,5,0.09,0.15,0.24,,-74.7,-3,FALL
381,Koumas,MID,Liverpool,14,5.0,0.801862220317603,0.07774045998542331,IPS (A),2,2.8,0.8339367091303072,0.16678734182606142,0.0,a,True,,0.7,2,13,3.0,0.7,1,0,1,0,0.03,0.0,0.03,,-49.0,-3,FALL
474,Jair Cunha,DEF,Nott'm Forest,18,4.5,0.8253915783185127,0.29000242263872833,TOT (H),3,3.2,0.8253915783185127,0.18342035073744728,0.2,a,True,,0.7,2,180,3.0,0.7,16,3,3,13,0.0,0.0,0.0,,-43.9,-3,FALL
405,N.Gonzalez,MID,Newcastle,17,5.5,0.8195593408710526,0.09441659684944745,BOU (H),3,2.6,0.8195593408710526,0.1490107892492823,0.2,a,True,,0.7,2,70,3.0,0.7,4,0,2,2,0.0,0.2,0.2,,3.9,1,
496,Kinsky,GKP,Spurs,19,4.5,0.8191005689003075,0.19953951377414494,NFO (A),3,3.0,0.8191005689003075,0.18202234864451278,19.4,a,True,,1.0,3,180,3.0,1.0,0,0,18,4,0.0,0.0,0.0,,-36.9,-2,
144,Gusto,DEF,Chelsea,6,5.0,0.8896128473878917,0.34813621768479175,ARS (A),5,3.2,0.8184438195968604,0.1636887639193721,1.1,a,True,,0.7,2,165,3.0,0.7,8,2,7,6,0.0,0.04,0.04,,-18.5,-1,
526,Solanke,FWD,Spurs,19,5.9,0.8057913150252994,0.07974350844936623,NFO (A),3,3.0,0.8057913150252994,0.1365747991568304,1.0,a,True,,0.7,2,37,3.0,0.7,0,0,0,0,0.27,0.0,0.27,,-17.6,-1,
523,Moore,MID,Spurs,19,5.0,0.8008711271413553,0.132436577868191,NFO (A),3,3.0,0.8008711271413553,0.16017422542827106,0.1,u,False,0.0,1.0,3,89,3.0,0.0,3,1,2,0,0.4,0.02,0.42,Has joined FC Köln on loan for the rest of the season,0.0,0,
19,Zubimendi,MID,Arsenal,1,5.4,0.8291356438279253,0.077094895906082,CHE (H),4,3.0,0.7959702180748082,0.14740189223607558,0.8,a,True,,0.7,2,27,3.0,0.7,5,3,2,0,0.0,0.02,0.02,,-26.5,-2,
576,Stroud,MID,Hull City,11,5.0,0.791889816081547,0.14083254860562033,AVL (H),3,3.2,0.791889816081547,0.1583779632163094,0.1,a,True,,1.0,3,128,3.0,1.0,13,3,7,3,0.01,0.04,0.05,,-6.0,-1,
34,Pau,DEF,Aston Villa,2,4.5,0.7612878236087295,0.29636708032044096,HUL (A),2,2.8,0.7917393365530787,0.17594207478957305,0.4,a,True,,0.7,2,163,3.0,0.7,9,1,9,8,0.0,0.01,0.01,,-14.9,-1,
389,Matheus N.,DEF,Man City,15,5.9,0.7597893179388482,0.18292769890265861,COV (H),2,2.8,0.7901808906564022,0.13392896451803427,1.0,a,True,100.0,0.3,1,33,3.0,0.3,1,0,2,1,0.0,0.04,0.04,,-7.0,-1,
129,Ayari,MID,Brighton,5,5.4,0.758811681415673,0.07978349052101716,LEE (H),2,2.8,0.7891641486723,0.14614150901338888,0.4,d,False,75.0,0.7,2,63,3.0,0.5,4,0,3,1,0.11,0.03,0.14,Ankle injury - 75% chance of playing,-10.3,-1,
575,Yirenkyi,MID,Coventry City,7,5.0,0.8505791587414648,0.16618439998843176,MCI (A),5,3.0,0.7825328260421477,0.15650656520842954,0.2,a,True,,1.3,4,131,3.0,1.3,10,0,7,3,0.03,0.13,0.16,,-92.3,-3,FALL
162,Andrey Santos,MID,Man Utd,16,4.9,0.7789641639687142,0.09344783986058706,EVE (A),3,3.2,0.7789641639687142,0.15897227836096206,0.8,a,True,,1.0,3,76,3.0,1.0,14,4,7,3,0.0,0.23,0.23,,-6.7,-1,
160,Garnacho,MID,Aston Villa,2,5.9,0.7459499997618381,0.07064075573685262,HUL (A),2,2.8,0.7757879997523116,0.13148949148344263,0.4,a,True,,0.7,2,16,3.0,0.7,2,0,2,0,0.0,0.0,0.0,,-21.2,-2,
422,Mazraoui,DEF,Man Utd,16,4.5,0.773197457089877,0.1509459756289319,EVE (A),3,3.2,0.773197457089877,0.17182165713108377,0.6,a,True,,0.7,2,96,3.0,0.7,5,1,3,4,0.22,0.05,0.27,,-57.8,-3,FALL
255,J.Cuenca,DEF,Fulham,10,4.5,0.7702178176261716,0.15714627458972158,CRY (H),3,3.0,0.7702178176261716,0.17115951502803814,0.0,a,True,,1.0,3,90,3.0,1.0,10,1,3,9,0.0,0.03,0.03,,0.2,1,
155,Enzo,MID,Man City,15,6.9,0.7310288415725593,0.07283137535992697,COV (H),2,2.8,0.7602699952354617,0.1101840572805017,3.3,a,True,,0.3,1,25,3.0,0.3,3,0,3,0,0.0,0.02,0.02,,-37.5,-2,
406,Kovačić,MID,Man City,15,5.4,0.7287570562144008,0.08016984658128208,COV (H),2,2.8,0.7579073384629769,0.1403532108264772,0.1,a,True,,0.7,2,42,3.0,0.7,2,0,2,0,0.0,0.02,0.02,,0.0,0,
239,Garner,MID,Everton,9,6.0,0.7784483966847326,0.10086040158828945,MUN (H),4,3.0,0.7473104608173433,0.12455174346955722,0.1,a,True,100.0,0.7,2,72,3.0,0.7,11,4,7,0,0.0,0.03,0.03,,-18.3,-1,
527,Richarlison,FWD,Spurs,19,5.9,0.743074121548479,0.07585743013615634,NFO (A),3,3.0,0.743074121548479,0.12594476636414897,1.5,u,False,0.0,0.7,2,67,3.0,0.0,1,0,0,1,0.0,0.0,0.0,not included in squad.,0.0,0,
209,Johnson,MID,Everton,9,5.9,0.7727905042239611,0.08067735848670486,MUN (H),4,3.0,0.7418788840550027,0.12574218373813603,0.1,a,True,,0.7,2,34,3.0,0.7,4,1,1,2,0.0,0.0,0.0,,-13.3,-1,
499,Pedro Porro,DEF,Spurs,19,5.5,0.7366920551640005,0.21521902591168424,NFO (A),3,3.0,0.7366920551640005,0.13394401002981826,11.5,a,True,100.0,0.3,1,90,3.0,0.3,4,1,2,3,0.33,0.1,0.43,,-41.6,-3,FALL
102,Yarmoliuk,MID,Brentford,4,4.9,0.7038526716812129,0.0774477495839348,SUN (H),2,3.4,0.7320067785484614,0.14938913847927782,0.9,a,True,,0.7,2,44,3.0,0.7,6,2,3,1,0.04,0.01,0.05,,-5.4,-1,
64,Smith,DEF,Bournemouth,3,4.5,0.7292698785893744,0.310350548820145,NEW (A),3,3.2,0.7292698785893744,0.16205997301986097,0.1,a,True,,0.7,2,180,3.0,0.7,11,3,3,8,0.0,0.02,0.02,,0.8,1,
600,Osman,MID,Brighton,5,5.0,0.6904990315826964,0.07541363939794882,LEE (H),2,2.8,0.7181189928460043,0.14362379856920088,0.0,a,True,,0.7,2,28,3.0,0.7,3,1,2,0,0.0,0.06,0.06,,0.0,0,
182,Amenda,DEF,Coventry City,7,4.0,0.7776678038825859,0.22875531329644241,MCI (A),5,3.0,0.7154543795719791,0.17886359489299478,0.8,a,True,,0.7,2,180,3.0,0.7,13,0,5,13,0.02,0.05,0.07,,-24.7,-2,
9,Hincapie,DEF,Arsenal,1,5.3,0.7436190373498014,0.09468159649128997,CHE (H),4,3.0,0.7138742758558093,0.13469325959543574,1.2,a,True,,0.3,1,9,3.0,0.3,0,0,0,0,0.0,0.0,0.0,,-0.3,-1,
263,Kevin,MID,Fulham,10,5.4,0.7137626970381626,0.06963347928654111,CRY (H),3,3.0,0.7137626970381626,0.13217827722928938,0.0,a,True,,0.7,2,24,3.0,0.7,3,2,1,0,0.0,0.05,0.05,,-2.9,-1,
280,Coyle,DEF,Hull City,11,4.0,0.7101918168346525,0.16069330042799126,AVL (H),3,3.2,0.7101918168346525,0.17754795420866312,0.5,d,False,75.0,2.0,6,114,3.0,1.5,6,1,4,5,0.0,0.01,0.01,Unspecified injury - 75% chance of playing,-49.6,-3,FALL
194,Thomas-Asante,FWD,Coventry City,7,5.0,0.7717926204559206,0.09549189301102683,MCI (A),5,3.0,0.7100492108194469,0.1420098421638894,0.8,a,True,,1.0,3,101,3.0,1.0,8,0,3,5,0.0,0.02,0.02,,3.3,1,
151,Acheampong,DEF,Chelsea,6,4.5,0.7420823497647229,0.22128164863837774,ARS (A),5,3.2,0.6827157617835451,0.15171461372967668,0.4,a,True,,1.3,4,112,3.0,1.3,18,6,6,12,0.0,0.01,0.01,,1.4,1,
262,Smith Rowe,MID,Fulham,10,5.4,0.678258039660341,0.04330674129633657,CRY (H),3,3.0,0.678258039660341,0.12560334067784093,0.3,a,True,,0.3,1,14,3.0,0.3,1,0,1,0,0.06,0.02,0.08,,-0.2,-1,
584,Hamer,MID,Coventry City,7,5.5,0.7338719039476288,0.07585039592360142,MCI (A),5,3.0,0.6751621516318185,0.12275675484214882,0.1,a,True,,0.7,2,27,3.0,0.7,1,0,1,0,0.0,0.02,0.02,,-92.5,-3,FALL
253,Andersen,DEF,Fulham,10,5.0,0.6714187292524307,0.1805786514870193,CRY (H),3,3.0,0.6714187292524307,0.13428374585048614,0.1,a,True,100.0,0.3,1,90,3.0,0.3,8,0,2,8,0.0,0.04,0.04,,0.9,1,
597,Suzuki,GKP,Aston Villa,2,5.0,0.6389914171844807,0.1238137430254984,HUL (A),2,2.8,0.66455107387186,0.13291021477437198,1.1,a,True,,0.7,2,90,3.0,0.7,0,0,9,2,0.0,0.0,0.0,,4.1,1,
616,Bouaddi,MID,Man City,15,5.5,0.6373854121874121,0.04453119326773053,COV (H),2,2.8,0.6628808286749086,0.12052378703180157,0.1,a,True,,0.5,1,8,2.0,0.5,1,0,0,1,0.0,0.12,0.12,,0.0,0,
515,Maddison,MID,Spurs,19,6.4,0.6616295136171036,0.07032377283819354,NFO (A),3,3.0,0.6616295136171036,0.10337961150267244,0.6,d,False,75.0,0.3,1,22,3.0,0.2,2,0,1,1,0.0,0.01,0.01,Shoulder injury - 75% chance of playing,-53.3,-3,FALL
269,Sessegnon,DEF,Fulham,10,4.5,0.657166775148722,0.14941876986446503,CRY (H),3,3.0,0.657166775148722,0.14603706114416046,0.4,a,True,,0.7,2,39,3.0,0.7,2,1,2,1,0.05,0.12,0.17,,-56.8,-3,FALL
594,David,FWD,Brighton,5,6.0,0.6293416818023373,0.028513294869720686,LEE (H),2,2.8,0.6545153490744308,0.10908589151240512,0.2,a,True,,0.3,1,10,3.0,0.3,0,0,0,0,0.0,0.0,0.0,,-0.7,-1,
457,J.Murphy,MID,Newcastle,17,5.9,0.6522762307076667,0.059470440002284894,BOU (H),3,2.6,0.6522762307076667,0.11055529334028248,0.1,a,True,,0.3,1,22,3.0,0.3,5,1,3,1,0.0,0.2,0.2,,-9.3,-1,
32,Cash,DEF,Aston Villa,2,4.5,0.6244675611003851,0.25616309473315146,HUL (A),2,2.8,0.6494462635444006,0.1443213918987557,7.0,a,True,,0.3,1,167,3.0,0.3,13,6,1,7,0.15,0.01,0.16,,-53.7,-3,FALL
142,James,DEF,Chelsea,6,5.5,0.7056983691294688,0.2327652623707176,ARS (A),5,3.2,0.6492424995991113,0.11804409083620206,8.0,a,True,,0.3,1,112,3.0,0.3,6,0,5,6,0.1,0.07,0.17,,-99.4,-5,FALL
36,Maatsen,DEF,Aston Villa,2,4.5,0.6211580336971428,0.28571257044072945,HUL (A),2,2.8,0.6460043550450286,0.14355652334333968,0.7,a,True,,0.3,1,171,3.0,0.3,17,5,4,12,0.1,0.0,0.1,,-15.4,-1,
488,I.Sangaré,MID,Nott'm Forest,18,4.9,0.6424231453305194,0.12115337415271846,TOT (H),3,3.2,0.6424231453305194,0.1311067643531672,0.6,a,True,100.0,0.7,2,90,3.0,0.7,6,0,3,3,0.03,0.01,0.04,,-0.1,-1,
512,Kudus,MID,Spurs,19,6.5,0.6418742359551163,0.061951746002726404,NFO (A),3,3.0,0.6418742359551163,0.09874988245463327,0.1,a,True,100.0,0.3,1,22,3.0,0.3,2,0,2,0,0.04,0.01,0.05,,1.2,1,
580,Charles,MID,Fulham,10,5.0,0.6403342968879255,0.08121808558512193,CRY (H),3,3.0,0.6403342968879255,0.1280668593775851,0.1,a,True,,0.7,2,45,3.0,0.7,5,1,3,1,0.09,0.03,0.12,,-61.6,-3,FALL
248,Beto,FWD,Everton,9,5.4,0.6653678457743282,0.05563586394883015,MUN (H),4,3.0,0.638753131943355,0.11828761702654722,1.5,u,False,0.0,0.7,2,31,3.0,0.0,1,0,0,1,0.09,0.0,0.09,Has joined Fiorentina permanently,0.0,0,
149,Colwill,DEF,Chelsea,6,4.9,0.6920312762461432,0.3416663751187974,ARS (A),5,3.2,0.6366687741464518,0.12993240288703098,1.2,a,True,,0.3,1,161,3.0,0.3,13,3,5,10,0.01,0.03,0.04,,-0.1,-1,
188,Torp,MID,Coventry City,7,5.4,0.6903474259886823,0.07973492021200605,MCI (A),5,3.0,0.6351196319095878,0.11761474664992365,0.1,a,True,,0.7,2,47,3.0,0.7,3,0,2,1,0.0,0.12,0.12,,-6.3,-1,
490,Wood,FWD,Nott'm Forest,18,5.9,0.63144090104454,0.04925997129454998,TOT (H),3,3.2,0.63144090104454,0.10702388153297288,1.2,a,True,,0.3,1,28,3.0,0.3,1,0,1,0,0.12,0.01,0.13,,-31.8,-2,
119,Costinha,DEF,Brighton,5,4.5,0.6053192650998569,0.13628667886804544,LEE (H),2,2.8,0.6295320357038512,0.13989600793418916,0.0,a,True,,0.3,1,36,3.0,0.3,4,1,0,3,0.12,0.0,0.12,,0.0,0,
90,Hickey,DEF,Brentford,4,4.5,0.6023178714295853,0.08743156076943384,SUN (H),2,3.4,0.6264105862867687,0.1392023525081708,0.1,a,True,,0.7,2,16,3.0,0.7,1,1,2,0,0.0,0.02,0.02,,0.0,0,
395,Lewis,DEF,Man City,15,4.5,0.5948407263873718,0.12286961157395952,COV (H),2,2.8,0.6186343554428667,0.13747430120952595,0.2,a,True,,0.3,1,56,3.0,0.3,2,0,0,2,0.17,0.02,0.19,,-42.7,-3,FALL
364,Tsimikas,DEF,Liverpool,14,5.0,0.590189294256585,0.14155328052744806,IPS (A),2,2.8,0.6137968660268484,0.12275937320536967,0.1,a,True,,0.3,1,19,3.0,0.3,0,0,0,0,0.04,0.01,0.05,,-74.9,-3,FALL
462,Steur,MID,Newcastle,17,5.0,0.6090756390653745,0.09066989656288535,BOU (H),3,2.6,0.6090756390653745,0.12181512781307491,0.1,a,True,,0.7,2,74,3.0,0.7,5,0,2,3,0.0,0.0,0.0,,-88.9,-3,FALL
73,Adams,MID,Bournemouth,3,5.0,0.6087524505195863,0.07820442841128362,NEW (A),3,3.2,0.6087524505195863,0.12175049010391725,0.2,a,True,100.0,0.7,2,36,3.0,0.7,6,0,3,3,0.0,0.0,0.0,,0.9,1,
167,Delap,FWD,Nott'm Forest,18,5.5,0.6066767138294414,0.04985289072361772,TOT (H),3,3.2,0.6066767138294414,0.11030485705989844,0.8,a,True,,0.3,1,24,3.0,0.3,0,0,0,0,0.07,0.0,0.07,,11.9,1,
583,Chavarria,DEF,Chelsea,6,4.9,0.6563503910001556,0.23303475266763063,ARS (A),5,3.2,0.6038423597201431,0.12323313463676389,0.2,a,True,,0.7,2,43,3.0,0.7,4,1,2,3,0.0,0.02,0.02,,-0.3,-1,
420,Yoro,DEF,Man Utd,16,4.9,0.6012354786206429,0.11424505144801839,EVE (A),3,3.2,0.6012354786206429,0.12270111808584547,0.5,a,True,,0.3,1,16,3.0,0.3,2,0,1,2,0.0,0.01,0.01,,-11.3,-1,
617,Cho,MID,Hull City,11,5.0,0.6004304573500799,0.053907179614447846,AVL (H),3,3.2,0.6004304573500799,0.12008609147001599,0.0,a,True,,0.5,1,7,2.0,0.5,0,0,0,0,0.0,0.0,0.0,,0.0,0,
419,Martinez,DEF,Man Utd,16,5.0,0.5996787949731989,0.16333773127170204,EVE (A),3,3.2,0.5996787949731989,0.11993575899463978,1.2,a,True,100.0,0.3,1,90,3.0,0.3,0,0,6,0,0.03,0.06,0.09,,-74.7,-3,FALL
28,Martinez,GKP,Chelsea,6,5.0,0.6501023814450556,0.13643546340583565,ARS (A),5,3.2,0.5980941909294512,0.11961883818589022,4.5,a,True,,0.7,2,90,3.0,0.7,0,0,13,1,0.0,0.01,0.01,,-22.6,-2,
195,Simms,FWD,Coventry City,7,5.0,0.6408739792014079,0.053868518156269043,MCI (A),5,3.0,0.5896040608652953,0.11792081217305905,0.9,a,True,,0.7,2,69,3.0,0.7,3,0,2,1,0.0,0.01,0.01,,1.0,1,
345,Tanaka,MID,Leeds,13,4.9,0.5839088888006021,0.07296301998806315,BHA (A),3,3.4,0.5839088888006021,0.11916507934706165,0.2,a,True,,0.3,1,45,3.0,0.3,11,3,3,5,0.0,0.01,0.01,,0.1,1,
104,Onyeka,MID,Coventry City,7,5.0,0.6300714247923384,0.11309741529581979,MCI (A),5,3.0,0.5796657108089514,0.11593314216179026,0.1,a,True,,0.7,2,90,3.0,0.7,9,1,5,3,0.0,0.01,0.01,,-94.9,-3,FALL
140,Sánchez,GKP,Chelsea,6,4.9,0.6225165152369825,0.12299903358630983,ARS (A),5,3.2,0.572715194018024,0.11688065184041305,1.3,u,False,0.0,0.7,2,90,3.0,0.0,0,0,5,1,0.0,0.01,0.01,Has joined Como on loan for the rest of the season,0.0,0,
478,Netz,DEF,Nott'm Forest,18,4.5,0.5716367464653433,0.13523547901617103,TOT (H),3,3.2,0.5716367464653433,0.12703038810340964,0.0,a,True,,0.7,2,20,3.0,0.7,1,1,1,0,0.0,0.0,0.0,,-60.6,-3,FALL
548,Rigg,MID,Sunderland,20,5.0,0.5686469721819117,0.06332078814362603,BRE (A),3,3.4,0.5686469721819117,0.11372939443638234,0.1,a,True,,0.7,2,17,3.0,0.7,1,0,1,0,0.0,0.0,0.0,,-89.7,-3,FALL
563,Morita,MID,Hull City,11,5.0,0.5673522966276965,0.0748121224220415,AVL (H),3,3.2,0.5673522966276965,0.1134704593255393,0.0,a,True,100.0,0.3,1,45,3.0,0.3,3,0,1,2,0.0,0.0,0.0,,0.1,1,
271,Muniz,FWD,Fulham,10,5.5,0.5671145366565966,0.03659505910890769,CRY (H),3,3.0,0.5671145366565966,0.10311173393756302,0.5,a,True,,0.3,1,8,3.0,0.3,1,0,0,1,0.02,0.0,0.02,,-92.9,-3,FALL
56,Abraham,FWD,Aston Villa,2,5.5,0.5408558431363891,0.04621830182903293,HUL (A),2,2.8,0.5624900768618447,0.10227092306578994,0.1,a,True,100.0,0.3,1,19,3.0,0.3,0,0,0,0,0.0,0.0,0.0,,1.7,1,
577,Tomiyasu,DEF,Crystal Palace,8,4.5,0.5589334117423338,0.18209434137261493,FUL (A),3,2.8,0.5589334117423338,0.12420742483162973,0.3,a,True,,0.7,2,91,3.0,0.7,9,1,4,8,0.0,0.01,0.01,,-41.4,-3,FALL
595,Gozo,MID,Crystal Palace,8,5.0,0.5566466226746284,0.08655357574479082,FUL (A),3,2.8,0.5566466226746284,0.11132932453492568,0.0,a,True,,0.3,1,22,3.0,0.3,1,1,0,0,0.0,0.0,0.0,,-8.3,-1,
238,Grealish,MID,Everton,9,6.5,0.566775750391927,0.042001525055492886,MUN (H),4,3.0,0.5441047203762499,0.08370841851942307,0.3,a,True,100.0,0.3,1,8,3.0,0.3,1,1,0,0,0.0,0.0,0.0,,1.3,1,
598,Elvedi,DEF,Leeds,13,4.5,0.5419207583969388,0.10087274912400307,BHA (A),3,3.4,0.5419207583969388,0.12042683519931972,0.0,a,True,,0.3,1,56,3.0,0.3,6,1,4,5,0.0,0.0,0.0,,0.1,1,
506,Udogie,DEF,Spurs,19,4.5,0.5333946846587138,0.13965099570497785,NFO (A),3,3.0,0.5333946846587138,0.11853215214638084,0.4,a,True,,0.7,2,26,3.0,0.7,1,1,3,0,0.0,0.21,0.21,,-85.9,-3,FALL
559,Bamba,MID,Newcastle,17,5.0,0.5327349868015863,0.047887703403558815,BOU (H),3,2.6,0.5327349868015863,0.10654699736031725,0.1,a,True,,0.3,1,14,3.0,0.3,2,1,0,1,0.0,0.0,0.0,,-94.6,-4,FALL
31,Konsa,DEF,Arsenal,1,4.4,0.5542483124088848,0.06827258399675477,CHE (H),4,3.0,0.5320783799125294,0.12092690452557485,11.3,a,True,,0.3,1,11,3.0,0.3,1,0,0,1,0.0,0.0,0.0,,2.8,1,
456,J.Ramsey,MID,Newcastle,17,4.9,0.5286512039612492,0.08204706469897831,BOU (H),3,2.6,0.5286512039612492,0.10788800080841819,0.3,a,True,,0.3,1,42,3.0,0.3,7,2,2,3,0.06,0.14,0.2,,0.0,-1,
589,Gourna-Douath,MID,Hull City,11,5.0,0.5241862478019514,0.06914737080073337,AVL (H),3,3.2,0.5241862478019514,0.10483724956039028,0.0,a,True,,0.3,1,45,3.0,0.3,6,3,2,1,0.0,0.01,0.01,,-14.8,-1,
289,Crooks,MID,Hull City,11,4.5,0.5212815863318249,0.12270396660866134,AVL (H),3,3.2,0.5212815863318249,0.11584035251818331,0.6,d,False,75.0,0.7,2,90,3.0,0.5,9,4,1,4,0.0,0.0,0.0,Thigh injury - 75% chance of playing,-26.6,-2,
135,Yohanna,MID,Brighton,5,4.9,0.49982091401665313,0.035814155716180386,LEE (H),2,2.8,0.5198137505773193,0.10608443889333045,0.1,a,True,,0.3,1,12,3.0,0.3,0,0,0,0,0.0,0.03,0.03,,0.0,-1,
52,Alysson,MID,Aston Villa,2,5.0,0.49948623193545166,0.07745230035906087,HUL (A),2,2.8,0.5194656812128697,0.10389313624257394,0.0,a,True,,0.3,1,27,3.0,0.3,5,2,2,1,0.0,0.0,0.0,,-19.2,-2,
35,Bogarde,MID,Aston Villa,2,5.0,0.49611576282109393,0.06362168863956112,HUL (A),2,2.8,0.5159603933339377,0.10319207866678755,0.1,a,True,,0.3,1,16,3.0,0.3,1,0,0,1,0.0,0.0,0.0,,-24.1,-2,
421,Heaven,DEF,Man Utd,16,4.4,0.5155800407707065,0.1380409614656598,EVE (A),3,3.2,0.5155800407707065,0.11717728199334237,0.3,a,True,,0.3,1,90,3.0,0.3,2,1,4,1,0.12,0.04,0.16,,-0.1,-1,
281,Drameh,DEF,Hull City,11,4.0,0.5152131059956664,0.09558551426239274,AVL (H),3,3.2,0.5152131059956664,0.1288032764989166,0.1,u,False,0.0,0.7,2,65,3.0,0.0,6,1,4,5,0.05,0.0,0.05,Has joined Genoa permanently,0.0,0,
186,Mason-Clark,MID,Coventry City,7,5.4,0.554629559097368,0.06404493843840868,MCI (A),5,3.0,0.5102591943695786,0.0944924434017738,0.1,a,True,100.0,0.3,1,57,3.0,0.3,4,0,2,2,0.0,0.06,0.06,,-6.1,-1,
611,Wan-Bissaka,DEF,Aston Villa,2,4.5,0.4875874703846799,0.16106615859000623,HUL (A),2,2.8,0.5070909692000671,0.11268688204445937,0.1,a,True,,0.5,1,12,2.0,0.5,2,2,0,0,0.0,0.0,0.0,,0.0,0,
585,Herrington,DEF,Hull City,11,4.0,0.5033692653292607,0.09886779243740679,AVL (H),3,3.2,0.5033692653292607,0.12584231633231518,0.6,a,True,,0.7,2,57,3.0,0.7,5,0,0,5,0.0,0.0,0.0,,-9.5,-1,
201,Muñoz,DEF,Nott'm Forest,18,5.4,0.503334214649239,0.36018686580097725,TOT (H),3,3.2,0.503334214649239,0.09321003974985907,6.5,a,True,,0.0,0,54,3.0,0.0,4,1,1,3,0.23,0.01,0.24,,-16.2,-1,
37,Lindelöf,DEF,Aston Villa,2,4.5,0.4838037982763997,0.2899787932808193,HUL (A),2,2.8,0.5031559502074557,0.11181243337943461,0.3,a,True,,0.0,0,180,3.0,0.0,10,1,2,9,0.0,0.08,0.08,,-23.5,-2,
206,Chadi Riad,DEF,Crystal Palace,8,4.4,0.4962696265401214,0.17270652183575316,FUL (A),3,2.8,0.4962696265401214,0.11278855148639122,0.0,i,False,0.0,0.3,1,72,3.0,0.0,7,1,3,6,0.0,0.01,0.01,Knee injury - Unknown return date,-21.8,-2,
621,McAidoo,MID,Man City,15,4.5,0.4735216973548954,0.03920102191027464,COV (H),2,2.8,0.49246256524909127,0.10943612561090917,0.1,a,True,,0.5,1,8,2.0,0.5,0,0,0,0,0.1,0.0,0.1,,0.0,0,
608,Jebbison,FWD,Bournemouth,3,5.0,0.4915055281286184,0.03105340898395272,NEW (A),3,3.2,0.4915055281286184,0.09830110562572368,0.1,a,True,,0.3,1,15,3.0,0.3,1,0,1,0,0.1,0.0,0.1,,0.0,0,
520,Bergvall,MID,Spurs,19,5.4,0.4872237014662363,0.06884589172654237,NFO (A),3,3.0,0.4872237014662363,0.09022661138263634,0.2,a,True,,0.3,1,45,3.0,0.3,8,1,7,0,0.0,0.01,0.01,,-4.7,-1,
76,Tóth.A,MID,Bournemouth,3,5.0,0.4859132501583013,0.049334952873162446,NEW (A),3,3.2,0.4859132501583013,0.09718265003166025,0.0,a,True,,0.3,1,15,3.0,0.3,2,1,1,0,0.0,0.0,0.0,,-36.0,-2,
535,Alderete,DEF,Sunderland,20,4.9,0.48401672322328343,0.18010393055062998,BRE (A),3,3.4,0.48401672322328343,0.09877892310679252,0.3,a,True,100.0,0.3,1,23,3.0,0.3,0,0,2,0,0.0,0.01,0.01,,-0.2,-1,
207,Mingueza,DEF,Crystal Palace,8,4.4,0.4835770930107253,0.13126502713357419,FUL (A),3,2.8,0.4835770930107253,0.10990388477516484,0.1,a,True,,0.3,1,15,3.0,0.3,1,1,0,0,0.0,0.0,0.0,,0.0,0,
482,Hudson-Odoi,MID,Nott'm Forest,18,5.9,0.47888188992715647,0.02990858784977667,TOT (H),3,3.2,0.47888188992715647,0.08116642202155194,0.2,a,True,100.0,0.3,1,1,3.0,0.3,0,0,0,0,0.0,0.0,0.0,,-22.6,-2,
54,Gomes,MID,Aston Villa,2,5.5,0.45728562360180786,0.1375733369472035,HUL (A),2,2.8,0.4755770485458802,0.08646855428106913,0.0,s,False,0.0,-0.7,-2,39,3.0,0.0,7,4,2,1,0.0,0.01,0.01,Suspended until 19 Sep,-26.9,-2,
549,Talbi,MID,Sunderland,20,5.4,0.47140079970213133,0.05644632689337648,BRE (A),3,3.4,0.47140079970213133,0.08729644438928358,0.2,a,True,,0.3,1,31,3.0,0.3,2,0,2,0,0.0,0.0,0.0,,-16.1,-1,
29,M.Bizot,GKP,Aston Villa,2,4.5,0.45304283974199955,0.08741483057474676,HUL (A),2,2.8,0.47116455333167956,0.10470323407370657,0.1,a,True,,0.3,1,90,3.0,0.3,0,0,6,2,0.0,0.0,0.0,,0.0,0,
33,Mings,DEF,Aston Villa,2,4.5,0.4529275490035004,0.1798315591339929,HUL (A),2,2.8,0.47104465096364045,0.10467658910303121,0.4,a,True,,0.3,1,16,3.0,0.3,1,1,0,0,0.0,0.0,0.0,,-15.6,-1,
461,Touré,MID,Newcastle,17,5.9,0.4702527442844065,0.0293449101204167,BOU (H),3,2.6,0.4702527442844065,0.07970385496345872,0.2,a,True,,0.3,1,1,3.0,0.3,0,0,0,0,0.0,0.0,0.0,,-37.0,-2,
153,Disasi,DEF,Crystal Palace,8,4.5,0.4676224704389702,0.14857901567131096,FUL (A),3,2.8,0.4676224704389702,0.10391610454199338,0.1,a,True,,0.3,1,16,3.0,0.3,1,1,1,0,0.0,0.0,0.0,,0.2,1,
185,Sakamoto,MID,Coventry City,7,4.9,0.5036325617456641,0.06282847485837616,MCI (A),5,3.0,0.463341956806011,0.09455958302163489,0.1,a,True,,0.3,1,31,3.0,0.3,4,2,2,0,0.02,0.02,0.04,,-5.8,-1,
113,F.Kadıoğlu,DEF,Brighton,5,4.4,0.44465682785986266,0.16974326717450622,LEE (H),2,2.8,0.46244310097425717,0.10510070476687662,2.0,a,True,100.0,0.0,0,90,3.0,0.0,0,0,2,0,0.02,0.01,0.03,,-7.4,-1,
157,Estêvão,MID,Chelsea,6,6.4,0.5011996807740678,0.0632732541474858,ARS (A),5,3.2,0.4611037063121424,0.07204745411127225,0.8,a,True,,0.3,1,7,3.0,0.3,1,0,1,0,0.0,0.0,0.0,,-36.0,-2,
435,Lacey,MID,Man Utd,16,5.0,0.4584697389375543,0.034527656504317175,EVE (A),3,3.2,0.4584697389375543,0.09169394778751086,0.1,a,True,,0.3,1,10,3.0,0.3,1,0,1,0,0.0,0.0,0.0,,-82.0,-3,FALL
81,Rodríguez,FWD,Bournemouth,3,6.0,0.4566723068579305,0.029523133878967274,NEW (A),3,3.2,0.4566723068579305,0.07611205114298841,0.1,a,True,100.0,0.3,1,9,3.0,0.3,1,0,1,0,0.0,0.0,0.0,,-7.9,-1,
396,Vitor Reis,DEF,Man City,15,4.5,0.43852369538180985,0.07114776504104581,COV (H),2,2.8,0.4560646431970823,0.1013476984882405,0.0,a,True,,0.3,1,1,3.0,0.3,0,0,0,0,0.0,0.0,0.0,,-38.2,-2,
285,McNair,DEF,Hull City,11,4.0,0.45443396955733606,0.08569117869205838,AVL (H),3,3.2,0.45443396955733606,0.11360849238933401,0.1,a,True,,0.3,1,26,3.0,0.3,2,0,1,2,0.0,0.0,0.0,,-9.5,-1,
5,J.Timber,DEF,Arsenal,1,6.5,0.4673334893056796,0.07320787954443582,CHE (H),4,3.0,0.4486401497334524,0.06902156149745421,0.1,d,False,25.0,0.0,0,0,3.0,0.0,0,0,0,0,0.0,0.0,0.0,Groin injury - 25% chance of playing,-0.2,-1,
243,Alcaraz,MID,Everton,9,5.0,0.46001047780369636,0.039250235687818116,MUN (H),4,3.0,0.4416100586915485,0.0883220117383097,0.1,a,True,,0.3,1,5,3.0,0.3,3,1,2,0,0.05,0.02,0.07,,-72.2,-3,FALL
6,Saliba,DEF,Arsenal,1,6.0,0.451407502376835,0.07320787954443582,CHE (H),4,3.0,0.4333512022817616,0.0722252003802936,0.2,i,False,0.0,0.0,0,0,3.0,0.0,0,0,0,0,0.0,0.0,0.0,Back injury - Unknown return date,-84.8,-3,FALL
622,Braithwaite,DEF,Man City,15,4.0,0.41537356213337595,0.05919826010358461,COV (H),2,2.8,0.431988504618711,0.10799712615467776,0.1,a,True,,0.5,1,1,2.0,0.5,0,0,1,0,0.0,0.0,0.0,,0.0,0,
25,Gyökeres,FWD,Arsenal,1,7.3,0.449683172152357,0.020078522945029466,CHE (H),4,3.0,0.4316958452662627,0.05913641715976201,4.5,a,True,,0.0,0,0,3.0,0.0,0,0,0,0,0.0,0.0,0.0,,-29.1,-2,
503,Van de Ven,DEF,Spurs,19,5.0,0.43124624794956506,0.275880322007503,NFO (A),3,3.0,0.43124624794956506,0.08624924958991301,3.7,a,True,100.0,0.0,0,90,3.0,0.0,8,1,4,7,0.0,0.02,0.02,,-42.2,-3,FALL
547,Mundle,MID,Sunderland,20,5.0,0.4270050073170492,0.043450224160074394,BRE (A),3,3.4,0.4270050073170492,0.08540100146340984,0.0,a,True,,0.3,1,1,3.0,0.3,1,0,0,1,0.17,0.0,0.17,,-86.9,-3,FALL
240,Iroegbunam,MID,Hull City,11,5.0,0.424362722811106,0.02913363009832868,AVL (H),3,3.2,0.424362722811106,0.0848725445622212,0.0,a,True,100.0,0.3,1,4,3.0,0.3,0,0,0,0,0.0,0.0,0.0,,0.0,0,
91,Pinnock,DEF,Coventry City,7,4.5,0.4604367355782296,0.07395536315117597,MCI (A),5,3.0,0.4236017967319713,0.09413373260710473,0.1,a,True,,0.3,1,12,3.0,0.3,2,0,0,2,0.0,0.0,0.0,,-61.8,-3,FALL
568,Barco,MID,Chelsea,6,5.5,0.45848440607272983,0.04565965926972374,ARS (A),5,3.2,0.42180565358691147,0.07669193701580208,0.1,a,True,,0.3,1,8,3.0,0.3,1,0,0,1,0.04,0.0,0.04,,-68.5,-3,FALL
308,Furlong,DEF,Ipswich Town,12,4.0,0.43821821531752114,0.11172216276818654,LIV (H),4,3.4,0.42068948670482026,0.10517237167620506,0.5,a,True,,0.3,1,17,3.0,0.3,3,1,0,2,0.0,0.0,0.0,,-55.5,-3,FALL
519,Gallagher,MID,Spurs,19,5.4,0.4201878904314801,0.09895089354918382,NFO (A),3,3.0,0.4201878904314801,0.07781257230212593,0.2,a,True,,0.0,0,45,3.0,0.0,3,1,2,0,0.02,0.06,0.08,,-23.3,-2,
159,Caicedo,MID,Chelsea,6,5.4,0.45434739018962306,0.049602078168195646,ARS (A),5,3.2,0.4179995989744532,0.07740733314341726,1.9,d,False,75.0,0.3,1,13,3.0,0.2,0,0,0,0,0.0,0.0,0.0,Unspecified injury - 75% chance of playing,-29.3,-2,
339,Longstaff,MID,Leeds,13,4.9,0.4173676065028973,0.03491491985618008,BHA (A),3,3.4,0.4173676065028973,0.08517706255161168,0.1,a,True,,0.3,1,8,3.0,0.3,0,0,0,0,0.0,0.0,0.0,,-0.2,-1,
539,O'Nien,DEF,Sunderland,20,4.0,0.4141073813034022,0.1317441464393032,BRE (A),3,3.4,0.4141073813034022,0.10352684532585055,3.0,a,True,,0.3,1,66,3.0,0.3,5,1,4,4,0.01,0.01,0.02,,-39.5,-3,FALL
596,Ruggeri,DEF,Aston Villa,2,4.5,0.3918494174883431,0.13838390434003536,HUL (A),2,2.8,0.40752339418787686,0.09056075426397264,0.1,a,True,,0.3,1,8,3.0,0.3,2,2,0,0,0.0,0.0,0.0,,-19.9,-2,
164,Quenda,MID,Chelsea,6,5.4,0.4374671068047598,0.04823501378367855,ARS (A),5,3.2,0.402469738260379,0.0745314330111813,0.0,a,True,100.0,0.3,1,8,3.0,0.3,1,0,0,1,0.0,0.0,0.0,,-21.3,-2,
493,Kalimuendo,FWD,Nott'm Forest,18,5.4,0.4017338170300519,0.020084314143431894,TOT (H),3,3.2,0.4017338170300519,0.07439515130186146,0.1,a,True,,0.3,1,1,3.0,0.3,0,0,0,0,0.0,0.0,0.0,,0.1,1,
145,Fofana,DEF,Chelsea,6,5.0,0.4357917391264148,0.23766757576196443,ARS (A),5,3.2,0.4009283999963016,0.08018567999926032,0.1,a,True,100.0,0.0,0,67,3.0,0.0,9,0,0,9,0.0,0.01,0.01,,0.1,1,
75,Christie,MID,Bournemouth,3,5.0,0.39807340764254623,0.04411735586604088,NEW (A),3,3.2,0.39807340764254623,0.07961468152850924,0.0,a,True,100.0,0.3,1,3,3.0,0.3,2,1,1,0,0.0,0.0,0.0,,0.1,1,
74,Brooks,MID,Bournemouth,3,5.0,0.39669003431304856,0.04566185623665157,NEW (A),3,3.2,0.39669003431304856,0.07933800686260971,0.1,a,True,100.0,0.3,1,9,3.0,0.3,0,0,0,0,0.0,0.01,0.01,,0.2,1,
72,Gannon-Doak,MID,Bournemouth,3,5.0,0.38746517164137967,0.040843238150552595,NEW (A),3,3.2,0.38746517164137967,0.07749303432827594,0.1,a,True,,0.3,1,1,3.0,0.3,1,0,1,0,0.0,0.0,0.0,,-91.8,-3,FALL
208,Sarr,MID,Crystal Palace,8,6.3,0.38581714375752185,0.07736626833217207,FUL (A),3,2.8,0.38581714375752185,0.061240816469447915,1.1,i,False,0.0,0.0,0,0,3.0,0.0,0,0,0,0,0.0,0.0,0.0,Groin injury - Unknown return date,-23.0,-2,
89,Henry,DEF,Brentford,4,4.5,0.36942744121103815,0.052986162453095335,SUN (H),2,3.4,0.3842045388594797,0.08537878641321771,0.2,a,True,,0.3,1,2,3.0,0.3,0,0,0,0,0.0,0.0,0.0,,-53.7,-3,FALL
446,Schär,DEF,Newcastle,17,5.0,0.37575937493270617,0.06027623525139075,BOU (H),3,2.6,0.37575937493270617,0.07515187498654123,0.2,a,True,100.0,0.3,1,1,3.0,0.3,0,0,0,0,0.0,0.0,0.0,,-42.8,-3,FALL
18,Martinelli,MID,Arsenal,1,6.3,0.38691246514786876,0.021783428084667777,CHE (H),4,3.0,0.371435966541954,0.05895808992729429,0.1,u,False,0.0,0.0,0,0,3.0,0.0,0,0,0,0,0.0,0.0,0.0,Has joined Al Hilal permanently,0.0,0,
487,Dominguez,MID,Nott'm Forest,18,5.0,0.3581585840894442,0.02942921352773042,TOT (H),3,3.2,0.3581585840894442,0.07163171681788884,0.1,a,True,,0.3,1,1,3.0,0.3,0,0,0,0,0.0,0.0,0.0,,-99.9,-4,FALL
642,Thomas,MID,Hull City,11,5.5,0.3512562578291481,0.03543240177742757,AVL (H),3,3.2,0.3512562578291481,0.0638647741507542,0.0,a,True,,0.0,0,0,1.0,2.0,0,0,0,0,0.0,0.0,0.0,,0.0,0,
647,Osorio,MID,Crystal Palace,8,5.5,0.3430112425304827,0.10177500903472811,FUL (A),3,2.8,0.3430112425304827,0.062365680460087766,0.0,a,True,,0.0,0,0,1.0,2.0,0,0,0,0,0.0,0.0,0.0,,0.0,0,
556,Targett,DEF,Hull City,11,4.0,0.3425264065800994,0.04788582402146868,AVL (H),3,3.2,0.3425264065800994,0.08563160164502485,2.1,a,True,,0.3,1,5,3.0,0.3,0,0,1,0,0.0,0.0,0.0,,-32.8,-2,
27,G.Jesus,FWD,Arsenal,1,5.9,0.35297256166066054,0.018848564943076348,CHE (H),4,3.0,0.3388536591942341,0.05743282359224307,0.2,u,False,0.0,0.0,0,0,3.0,0.0,0,0,0,0,0.0,0.0,0.0,Has joined FC Barcelona permanently,0.0,0,
321,Walle Egeli,FWD,Ipswich Town,12,4.5,0.3526571294116239,0.021107459385972034,LIV (H),4,3.4,0.33855084423515897,0.07523352094114644,3.3,a,True,,0.3,1,10,3.0,0.3,0,0,0,0,0.0,0.0,0.0,,27.1,2,
23,Fábio Vieira,MID,Arsenal,1,5.5,0.3512562578291481,0.020206582444370628,CHE (H),4,3.0,0.3372060075159822,0.06131018318472403,0.0,u,False,0.0,0.0,0,0,3.0,0.0,0,0,0,0,0.0,0.0,0.0,Has joined Hamburger SV permanently,0.0,0,
24,Nelson,MID,Arsenal,1,5.5,0.3512562578291481,0.020206582444370628,CHE (H),4,3.0,0.3372060075159822,0.06131018318472403,0.0,u,False,0.0,0.0,0,0,3.0,0.0,0,0,0,0,0.0,0.0,0.0,has departed the club as a free agent.,0.0,0,
380,Ekitiké,FWD,Liverpool,14,7.5,0.2560708786120788,0.02356627028418664,IPS (A),2,2.8,0.26631371375656193,0.03550849516754159,0.1,i,False,0.0,0.0,0,0,3.0,0.0,0,0,0,0,0.0,0.0,0.0,Achilles injury - Unknown return date,-92.0,-3,FALL
22,Nwaneri,MID,Arsenal,1,5.4,0.27665403569739,0.017785875029400596,CHE (H),4,3.0,0.2655878742694944,0.04918293967953599,0.0,u,False,0.0,0.0,0,0,3.0,0.0,0,0,0,0,0.0,0.0,0.0,Has joined Borussia Dortmund on loan for the rest of the season,0.0,0,
20,Dowman,MID,Arsenal,1,5.4,0.27665403569739,0.017785875029400596,CHE (H),4,3.0,0.2655878742694944,0.04918293967953599,0.1,a,True,,0.0,0,0,3.0,0.0,0,0,0,0,0.0,0.0,0.0,,-91.2,-3,FALL
392,Aït-Nouri,DEF,Man City,15,5.4,0.25224201124779133,0.09315457756408534,COV (H),2,2.8,0.262331691697703,0.04857994290698203,0.6,a,True,,0.0,0,0,3.0,0.0,0,0,0,0,0.0,0.0,0.0,,-52.3,-3,FALL
400,Doku,MID,Man City,15,7.4,0.23020402946483756,0.020735100331313656,COV (H),2,2.8,0.23941219064343108,0.03235299873559879,0.9,i,False,0.0,0.0,0,0,3.0,0.0,0,0,0,0,0.0,0.0,0.0,Calf injury - Expected back 5 Sep,-19.0,-2,
85,Van den Berg,DEF,Brentford,4,4.9,0.22232132926473092,0.05463578258984789,SUN (H),2,3.4,0.23121418243532016,0.047186567843942887,0.1,i,False,0.0,0.0,0,0,3.0,0.0,0,0,0,0,0.0,0.0,0.0,Groin injury - Unknown return date,-7.4,-1,
55,Watkins,FWD,Aston Villa,2,7.8,0.2152669532836959,0.03492543148151839,HUL (A),2,2.8,0.22387763141504374,0.028702260437826123,4.1,u,False,0.0,0.0,0,0,3.0,0.0,0,0,0,0,0.0,0.0,0.0,Has joined Al Hilal permanently,0.0,0,
328,Struijk,DEF,Brighton,5,5.0,0.21027605755038803,0.05720261355377973,LEE (H),2,2.8,0.21868709985240356,0.04373741997048071,0.2,a,True,100.0,0.0,0,0,3.0,0.0,0,0,0,0,0.0,0.0,0.0,,-61.3,-3,FALL
120,Svoboda,DEF,Brighton,5,5.0,0.21027605755038803,0.05720261355377973,LEE (H),2,2.8,0.21868709985240356,0.04373741997048071,0.1,a,True,,0.0,0,0,3.0,0.0,0,0,0,0,0.0,0.0,0.0,,0.1,1,
402,Rodrigo,MID,Man City,15,6.5,0.2002993369113844,0.018909902472228825,COV (H),2,2.8,0.2083113103878398,0.03204789390582151,0.0,u,False,0.0,0.0,0,0,3.0,0.0,0,0,0,0,0.0,0.0,0.0,Has joined Barcelona permanently,0.0,0,
581,Diomande,DEF,Nott'm Forest,18,5.4,0.20681312044206662,0.11209074818293878,TOT (H),3,3.2,0.20681312044206662,0.038298726007790114,0.6,a,True,,0.0,0,0,3.0,0.0,0,0,0,0,0.0,0.0,0.0,,-5.4,-1,
634,Fernandez-Pardo,FWD,Newcastle,17,6.0,0.20532451772153038,0.026371648935390783,BOU (H),3,2.6,0.20532451772153038,0.034220752953588396,0.1,a,True,,0.0,0,0,1.0,2.1,0,0,0,0,0.0,0.0,0.0,,0.0,0,
373,C.Jones,MID,Liverpool,14,5.5,0.1891710682463953,0.019995627966891912,IPS (A),2,2.8,0.1967379109762511,0.03577052926840929,0.0,u,False,0.0,0.0,0,0,3.0,0.0,0,0,0,0,0.0,0.0,0.0,Has joined Internazionale permanently,0.0,0,
121,Mitoma,MID,Brighton,5,5.9,0.1874393532964741,0.01394205846413959,LEE (H),2,2.8,0.19493692742833307,0.03304015719124289,0.0,i,False,0.0,0.0,0,0,3.0,0.0,0,0,0,0,0.0,0.0,0.0,Hamstring injury - Unknown return date,-0.1,-1,
628,Allan,MID,Man City,15,6.0,0.18575120724105462,0.03749743568343875,COV (H),2,2.8,0.19318125553069682,0.0321968759217828,0.0,a,True,,0.0,0,0,1.0,2.2,0,0,0,0,0.0,0.0,0.0,,0.0,0,
404,Reijnders,MID,Man City,15,6.0,0.18575120724105462,0.018909902472228825,COV (H),2,2.8,0.19318125553069682,0.0321968759217828,0.0,u,False,0.0,0.0,0,0,3.0,0.0,0,0,0,0,0.0,0.0,0.0,Has joined Al Qadsiah permanently,0.0,0,
521,Kulusevski,MID,Spurs,19,6.5,0.19236302648710527,0.04279897295189194,NFO (A),3,3.0,0.19236302648710527,0.029594311767246965,0.0,i,False,0.0,0.0,0,0,3.0,0.0,0,0,0,0,0.0,0.0,0.0,Knee injury - Unknown return date,-56.8,-3,FALL
403,Sávio,MID,Spurs,19,6.5,0.19236302648710527,0.04279897295189194,NFO (A),3,3.0,0.19236302648710527,0.029594311767246965,0.7,a,True,100.0,0.0,0,0,3.0,0.0,0,0,0,0,0.0,0.0,0.0,,11.1,1,
394,Alleyne,DEF,Man City,15,5.0,0.1845158571231627,0.06534081842196829,COV (H),2,2.8,0.19189649140808923,0.038379298281617846,0.0,u,False,0.0,0.0,0,0,3.0,0.0,0,0,0,0,0.0,0.0,0.0,Has joined Burnley on loan for the rest of the season,0.0,0,
122,Minteh,MID,Brighton,5,5.9,0.18342246702369205,0.01394205846413959,LEE (H),2,2.8,0.19075936570463975,0.03233209588214233,0.0,i,False,0.0,0.0,0,0,3.0,0.0,0,0,0,0,0.0,0.0,0.0,Leg injury - Expected back 28 Nov,-21.3,-2,
137,Tzimas,FWD,Brighton,5,5.5,0.17928865395643656,0.009525884858571086,LEE (H),2,2.8,0.18646020011469402,0.033901854566308,0.0,i,False,0.0,0.0,0,0,3.0,0.0,0,0,0,0,0.0,0.0,0.0,Knee injury - Unknown return date,-71.9,-3,FALL
126,O'Riley,MID,Brighton,5,5.5,0.1788602939397757,0.01292057535177563,LEE (H),2,2.8,0.18601470569736675,0.03382085558133941,0.1,a,True,,0.0,0,0,3.0,0.0,0,0,0,0,0.0,0.0,0.0,,-62.3,-3,FALL
639,Andrés,MID,Brighton,5,5.5,0.1788602939397757,0.02268509713352014,LEE (H),2,2.8,0.18601470569736675,0.03382085558133941,0.0,a,True,,0.0,0,0,1.0,2.0,0,0,0,0,0.0,0.0,0.0,,0.0,0,
652,Azeez,MID,Brighton,5,5.5,0.1788602939397757,0.02268509713352014,LEE (H),2,2.8,0.18601470569736675,0.03382085558133941,0.0,i,False,0.0,0.0,0,0,1.0,0.0,0,0,0,0,0.0,0.0,0.0,Unspecified injury - Expected back 13 Sep,0.0,0,
450,Livramento,DEF,Newcastle,17,4.9,0.18309315570638332,0.04105997585758571,BOU (H),3,2.6,0.18309315570638332,0.03736595014415986,0.0,i,False,0.0,0.0,0,0,3.0,0.0,0,0,0,0,0.0,0.0,0.0,Calf injury - Unknown return date,-5.1,-1,
448,Burn,DEF,Newcastle,17,4.9,0.18309315570638332,0.04105997585758571,BOU (H),3,2.6,0.18309315570638332,0.03736595014415986,1.1,i,False,0.0,0.0,0,0,3.0,0.0,0,0,0,0,0.0,0.0,0.0,Ankle injury - Expected back 14 Sep,-16.9,-1,
618,Goretzka,MID,Aston Villa,2,6.0,0.1752435629325686,0.037876278749690205,HUL (A),2,2.8,0.18225330544987134,0.03037555090831189,0.0,a,True,,0.0,0,0,2.0,0.0,0,0,0,0,0.0,0.0,0.0,,0.0,0,
631,Mbaye,MID,Aston Villa,2,6.0,0.1752435629325686,0.0580439327484508,HUL (A),2,2.8,0.18225330544987134,0.03037555090831189,0.0,a,True,,0.0,0,0,1.0,2.2,0,0,0,0,0.0,0.0,0.0,,0.0,0,
143,Chalobah,DEF,Chelsea,6,5.5,0.19745688523970595,0.1280740766771458,ARS (A),5,3.2,0.18166033442052948,0.03302915171282354,0.1,u,False,0.0,0.0,0,0,3.0,0.0,0,0,0,0,0.0,0.0,0.0,Has joined Como permanently,0.0,0,
416,De Ligt,DEF,Man Utd,16,5.0,0.17786674911824646,0.06187684394195041,EVE (A),3,3.2,0.17786674911824646,0.03557334982364929,0.0,i,False,0.0,0.0,0,0,3.0,0.0,0,0,0,0,0.0,0.0,0.0,Back injury - Unknown return date,-59.1,-3,FALL
513,Xavi,MID,Spurs,19,6.0,0.17328230973527614,0.04279897295189194,NFO (A),3,3.0,0.17328230973527614,0.028880384955879357,0.0,i,False,0.0,0.0,0,0,3.0,0.0,0,0,0,0,0.0,0.0,0.0,Knee injury - Unknown return date,-86.5,-3,FALL
53,Manzambi,MID,Aston Villa,2,5.9,0.16535401054860405,0.030096721595647163,HUL (A),2,2.8,0.1719681709705482,0.029147147622126814,0.1,i,False,0.0,0.0,0,0,3.0,0.0,0,0,0,0,0.0,0.0,0.0,Knee injury - Expected back 12 Sep,-13.4,-1,
78,Kroupi.Jr,MID,Bournemouth,3,7.4,0.17077135998766227,0.019691110812544165,NEW (A),3,3.2,0.17077135998766227,0.023077210809143548,0.2,i,False,0.0,0.0,0,0,3.0,0.0,0,0,0,0,0.0,0.0,0.0,Foot injury - Unknown return date,-10.4,-1,
485,Bakwa,MID,Nott'm Forest,18,5.5,0.16882713423162368,0.016377332516625504,TOT (H),3,3.2,0.16882713423162368,0.030695842587567943,0.0,u,False,0.0,0.0,0,0,3.0,0.0,0,0,0,0,0.0,0.0,0.0,Has joined Lille on loan for the rest of the season,0.0,0,
517,Odobert,MID,Spurs,19,5.5,0.1676572290328732,0.03015992422769021,NFO (A),3,3.0,0.1676572290328732,0.03048313255143149,0.0,i,False,0.0,0.0,0,0,3.0,0.0,0,0,0,0,0.0,0.0,0.0,Knee injury - Unknown return date,-34.6,-2,
458,Joelinton,MID,Newcastle,17,5.4,0.16715798927953937,0.011552708814798243,BOU (H),3,2.6,0.16715798927953937,0.030955183199914697,0.0,i,False,0.0,0.0,0,0,3.0,0.0,0,0,0,0,0.0,0.0,0.0,Unspecified injury - Unknown return date,-6.7,-1,
440,Zirkzee,FWD,Man Utd,16,5.4,0.16518531596156974,0.009825540618718239,EVE (A),3,3.2,0.16518531596156974,0.030589873326216616,0.5,a,True,,0.0,0,0,3.0,0.0,0,0,0,0,0.0,0.0,0.0,,-16.6,-1,
430,Mount,MID,Man Utd,16,5.4,0.16475695594490888,0.01581012431950819,EVE (A),3,3.2,0.16475695594490888,0.030510547397205347,0.0,d,False,75.0,0.0,0,0,3.0,0.0,0,0,0,0,0.0,0.0,0.0,Foot injury - 75% chance of playing,-4.0,-1,
582,Madjo,FWD,Aston Villa,2,5.5,0.15822007129296908,0.017542513441107153,HUL (A),2,2.8,0.16454887414468786,0.029917977117215975,0.3,i,False,0.0,0.0,0,0,3.0,0.0,0,0,0,0,0.0,0.0,0.0,Unspecified injury - Unknown return date,-58.8,-3,FALL
431,Amad,MID,Man Utd,16,5.8,0.16447428306051187,0.016698415409106153,EVE (A),3,3.2,0.16447428306051187,0.02835763501043308,0.5,i,False,0.0,0.0,0,0,3.0,0.0,0,0,0,0,0.0,0.0,0.0,Unspecified injury - Unknown return date,-14.6,-1,
383,Elliott,MID,Liverpool,14,5.4,0.1564680025130557,0.015074012132549672,IPS (A),2,2.8,0.16272672261357793,0.030134578261773688,0.1,u,False,0.0,0.0,0,0,3.0,0.0,0,0,0,0,0.0,0.0,0.0,Has joined Valencia on loan for the rest of the season,0.0,0,
370,Chiesa,MID,Liverpool,14,5.4,0.1564680025130557,0.015074012132549672,IPS (A),2,2.8,0.16272672261357793,0.030134578261773688,0.1,i,False,0.0,0.0,0,0,3.0,0.0,0,0,0,0,0.0,0.0,0.0,Back injury - Unknown return date,-19.2,-2,
646,Fofana,MID,Sunderland,20,5.5,0.1607918374646877,0.04177103766901852,BRE (A),3,3.4,0.1607918374646877,0.029234879539034128,0.0,a,True,,0.0,0,0,1.0,2.0,0,0,0,0,0.0,0.0,0.0,,0.0,0,
152,Palestra,DEF,Chelsea,6,5.4,0.16929203707317414,0.12657924268171186,ARS (A),5,3.2,0.1557486741073202,0.028842347056911147,1.3,d,False,75.0,0.0,0,0,3.0,0.0,0,0,0,0,0.0,0.0,0.0,Unspecified injury - 75% chance of playing,-38.3,-3,FALL
3,Meslier,GKP,Arsenal,1,4.9,0.16216352728066355,0.02310584164451128,CHE (H),4,3.0,0.155676986189437,0.03177081350804837,0.0,a,True,,0.0,0,0,3.0,0.0,0,0,0,0,0.0,0.0,0.0,,-0.3,-1,
2,Arrizabalaga,GKP,Arsenal,1,4.9,0.16216352728066355,0.02310584164451128,CHE (H),4,3.0,0.155676986189437,0.03177081350804837,0.1,a,True,,0.0,0,0,3.0,0.0,0,0,0,0,0.0,0.0,0.0,,0.0,-1,
193,Wright,FWD,Coventry City,7,5.4,0.16606504344966197,0.011705992380134016,MCI (A),5,3.0,0.15277983997368902,0.02829256295809056,0.1,i,False,0.0,0.0,0,0,3.0,0.0,0,0,0,0,0.0,0.0,0.0,Thigh injury - Unknown return date,-8.8,-1,
103,Dasilva,MID,Brentford,4,5.0,0.14581212631572527,0.013205577653234971,SUN (H),2,3.4,0.15164461136835428,0.030328922273670855,0.0,i,False,0.0,0.0,0,0,3.0,0.0,0,0,0,0,0.0,0.0,0.0,Hamstring injury - Expected back 10 Oct,-42.0,-3,FALL
99,Milambo,MID,Brentford,4,5.0,0.14581212631572527,0.013205577653234971,SUN (H),2,3.4,0.15164461136835428,0.030328922273670855,0.0,i,False,0.0,0.0,0,0,3.0,0.0,0,0,0,0,0.0,0.0,0.0,Knee injury - Unknown return date,-26.1,-2,
100,Carvalho,MID,Brentford,4,5.0,0.14581212631572527,0.013205577653234971,SUN (H),2,3.4,0.15164461136835428,0.030328922273670855,0.0,a,True,100.0,0.0,0,0,3.0,0.0,0,0,0,0,0.0,0.0,0.0,,0.1,1,
360,Bradley,DEF,Liverpool,14,5.0,0.14314655439273352,0.05200801028532302,IPS (A),2,2.8,0.14887241656844286,0.029774483313688573,0.0,i,False,0.0,0.0,0,0,3.0,0.0,0,0,0,0,0.0,0.0,0.0,Knee injury - Unknown return date,-44.6,-3,FALL
359,Gomez,DEF,Liverpool,14,5.0,0.14314655439273352,0.05200801028532302,IPS (A),2,2.8,0.14887241656844286,0.029774483313688573,0.0,i,False,0.0,0.0,0,0,3.0,0.0,0,0,0,0,0.0,0.0,0.0,Muscular injury - Unknown return date,-76.0,-3,FALL
637,Vaz,FWD,Hull City,11,5.0,0.14881225250410474,0.013856159640124526,AVL (H),3,3.2,0.14881225250410474,0.029762450500820947,0.0,a,True,,0.0,0,0,1.0,1.4,0,0,0,0,0.0,0.0,0.0,,0.0,0,
632,Ansah,FWD,Hull City,11,5.0,0.14881225250410474,0.013856159640124526,AVL (H),3,3.2,0.14881225250410474,0.029762450500820947,0.0,a,True,,0.0,0,0,1.0,1.4,0,0,0,0,0.0,0.0,0.0,,0.0,0,
340,Gelhardt,MID,Hull City,11,5.0,0.14581212631572527,0.012907735439441868,AVL (H),3,3.2,0.14581212631572527,0.029162425263145053,0.0,a,True,100.0,0.0,0,0,3.0,0.0,0,0,0,0,0.0,0.0,0.0,,0.0,0,
293,Kamara,MID,Hull City,11,5.0,0.14581212631572527,0.012907735439441868,AVL (H),3,3.2,0.14581212631572527,0.029162425263145053,0.0,u,False,0.0,0.0,0,0,3.0,0.0,0,0,0,0,0.0,0.0,0.0,Has joined Portsmouth permanently,0.0,0,
296,Akintola,MID,Hull City,11,5.0,0.14581212631572527,0.012907735439441868,AVL (H),3,3.2,0.14581212631572527,0.029162425263145053,0.0,a,True,,0.0,0,0,3.0,0.0,0,0,0,0,0.0,0.0,0.0,,0.1,1,
574,Hjertø-Dahl,MID,Hull City,11,4.9,0.14581212631572527,0.012907735439441868,AVL (H),3,3.2,0.14581212631572527,0.029757576799127602,0.1,a,True,,0.0,0,0,3.0,0.0,0,0,0,0,0.0,0.0,0.0,,-0.1,-1,
292,Ömür,MID,Hull City,11,4.9,0.14581212631572527,0.012974689362599923,AVL (H),3,3.2,0.14581212631572527,0.029757576799127602,0.0,a,True,,0.0,0,0,3.0,0.0,0,0,0,0,0.0,0.0,0.0,,0.0,0,
645,Mouzakitis,MID,Hull City,11,5.0,0.14581212631572527,0.020485225064821404,AVL (H),3,3.2,0.14581212631572527,0.029162425263145053,0.0,a,True,,0.0,0,0,1.0,1.5,0,0,0,0,0.0,0.0,0.0,,0.0,0,
470,Morato,DEF,Nott'm Forest,18,5.0,0.1453359098902382,0.07114413734531047,TOT (H),3,3.2,0.1453359098902382,0.02906718197804764,0.0,u,False,0.0,0.0,0,0,3.0,0.0,0,0,0,0,0.0,0.0,0.0,Has joined West Ham on loan for the rest of the season,0.0,0,
318,Philogene,MID,Ipswich Town,12,5.4,0.1480288281525669,0.016449936450176526,LIV (H),4,3.4,0.14210767502646424,0.026316236116011894,0.1,i,False,0.0,0.0,0,0,3.0,0.0,0,0,0,0,0.0,0.0,0.0,Ankle injury - Unknown return date,-7.6,-1,
245,Dibling,MID,Everton,9,5.4,0.1479420116965309,0.012028946868092106,MUN (H),4,3.0,0.14202433122866967,0.02630080207938327,0.0,a,True,,0.0,0,0,3.0,0.0,0,0,0,0,0.0,0.0,0.0,,-13.3,-1,
348,Piroe,FWD,Leeds,13,5.0,0.141817136195896,0.009101283925378725,BHA (A),3,3.4,0.141817136195896,0.0283634272391792,0.1,u,False,0.0,0.0,0,0,3.0,0.0,0,0,0,0,0.0,0.0,0.0,Has joined West Ham United on loan for the rest of the season,0.0,0,
225,Uche,FWD,Crystal Palace,8,5.0,0.141817136195896,0.017306730310296187,FUL (A),3,2.8,0.141817136195896,0.0283634272391792,0.0,u,False,0.0,0.0,0,0,3.0,0.0,0,0,0,0,0.0,0.0,0.0,has returned to Getafe CF,0.0,0,
578,Mudryk,MID,Spurs,19,5.4,0.1394923808663414,0.018730205679852577,NFO (A),3,3.0,0.1394923808663414,0.02583192238265581,0.1,a,True,,0.0,0,0,3.0,0.0,0,0,0,0,0.0,0.0,0.0,,0.3,1,
218,Doucouré,MID,Crystal Palace,8,4.9,0.13881701000751653,0.025264640285078646,FUL (A),3,2.8,0.13881701000751653,0.02833000204235031,0.1,a,True,,0.0,0,0,3.0,0.0,0,0,0,0,0.0,0.0,0.0,,0.0,0,
219,J.Rak-Sakyi,MID,Crystal Palace,8,5.0,0.13881701000751653,0.029339532333650324,FUL (A),3,2.8,0.13881701000751653,0.027763402001503307,0.0,a,True,,0.0,0,0,3.0,0.0,0,0,0,0,0.0,0.0,0.0,,-86.9,-3,FALL
648,Bahoya,MID,Leeds,13,5.0,0.13881701000751653,0.02094020069597428,BHA (A),3,3.4,0.13881701000751653,0.027763402001503307,0.0,a,True,,0.0,0,0,1.0,1.5,0,0,0,0,0.0,0.0,0.0,,0.0,0,
217,M.França,MID,Crystal Palace,8,4.9,0.13881701000751653,0.025264640285078646,FUL (A),3,2.8,0.13881701000751653,0.02833000204235031,0.0,a,True,,0.0,0,0,3.0,0.0,0,0,0,0,0.0,0.0,0.0,,-1.6,0,
215,Devenny,MID,Crystal Palace,8,5.0,0.13881701000751653,0.029339532333650324,FUL (A),3,2.8,0.13881701000751653,0.027763402001503307,0.0,u,False,0.0,0.0,0,0,3.0,0.0,0,0,0,0,0.0,0.0,0.0,Has joined Stoke City permanently,0.0,0,
213,Lerma,MID,Crystal Palace,8,4.9,0.13881701000751653,0.025264640285078646,FUL (A),3,2.8,0.13881701000751653,0.02833000204235031,0.1,a,True,,0.0,0,0,3.0,0.0,0,0,0,0,0.0,0.0,0.0,,-3.9,-1,
216,Esse,MID,Crystal Palace,8,5.0,0.13881701000751653,0.029339532333650324,FUL (A),3,2.8,0.13881701000751653,0.027763402001503307,0.0,u,False,0.0,0.0,0,0,3.0,0.0,0,0,0,0,0.0,0.0,0.0,Has joined Millwall on loan for the rest of the season,0.0,0,
344,Gruev,MID,Leeds,13,5.0,0.13881701000751653,0.013486632032963514,BHA (A),3,3.4,0.13881701000751653,0.027763402001503307,0.0,d,False,25.0,0.0,0,0,3.0,0.0,0,0,0,0,0.0,0.0,0.0,Knee injury - 25% chance of playing,0.0,0,
341,Gnonto,MID,Leeds,13,5.0,0.13881701000751653,0.013486632032963514,BHA (A),3,3.4,0.13881701000751653,0.027763402001503307,0.0,u,False,0.0,0.0,0,0,3.0,0.0,0,0,0,0,0.0,0.0,0.0,Has joined ACF Fiorentina on loan for the rest of the season,0.0,0,
342,Harrison,MID,Leeds,13,5.0,0.13881701000751653,0.013486632032963514,BHA (A),3,3.4,0.13881701000751653,0.027763402001503307,0.0,u,False,0.0,0.0,0,0,3.0,0.0,0,0,0,0,0.0,0.0,0.0,Has joined New England Revolution permanently,0.0,0,
501,Danso,DEF,Sunderland,20,5.0,0.13767078462566673,0.09964812652627392,BRE (A),3,3.4,0.13767078462566673,0.027534156925133346,0.2,a,True,,0.0,0,0,3.0,0.0,0,0,0,0,0.0,0.0,0.0,,-93.9,-3,FALL
80,Enes Ünal,FWD,Bournemouth,3,5.5,0.13749073764506506,0.011236994090054683,NEW (A),3,3.2,0.13749073764506506,0.024998315935466375,0.0,u,False,0.0,0.0,0,0,3.0,0.0,0,0,0,0,0.0,0.0,0.0,Has joined Getafe permanently,0.0,0,
484,Hutchinson,MID,Nott'm Forest,18,5.4,0.1361240684982841,0.013634860477708899,TOT (H),3,3.2,0.1361240684982841,0.02520816083301557,0.1,u,False,0.0,0.0,0,0,3.0,0.0,0,0,0,0,0.0,0.0,0.0,Has joined AC Milan on loan for the rest of the season,0.0,0,
614,Hadjam,DEF,Brighton,5,4.5,0.12929193916083545,0.04176643366227012,LEE (H),2,2.8,0.13446361672726886,0.02988080371717086,0.0,a,True,,0.0,0,0,2.0,0.0,0,0,0,0,0.0,0.0,0.0,,0.0,0,
117,Coppola,DEF,Brighton,5,4.5,0.12929193916083545,0.03543910986603824,LEE (H),2,2.8,0.13446361672726886,0.02988080371717086,0.0,a,True,,0.0,0,0,3.0,0.0,0,0,0,0,0.0,0.0,0.0,,-8.1,-1,
118,Igor,DEF,Brighton,5,4.5,0.12929193916083545,0.03543910986603824,LEE (H),2,2.8,0.13446361672726886,0.02988080371717086,0.1,u,False,0.0,0.0,0,0,3.0,0.0,0,0,0,0,0.0,0.0,0.0,Has joined Burnley permanently,0.0,0,
44,Bailey,MID,Aston Villa,2,5.4,0.1280887717313481,0.01671464449210704,HUL (A),2,2.8,0.13321232260060203,0.024668948629741116,0.1,u,False,0.0,0.0,0,0,3.0,0.0,0,0,0,0,0.0,0.0,0.0,Has joined Olympiakos permanently,0.0,0,
158,Gittens,MID,Chelsea,6,5.9,0.14462467690070002,0.0441819365391487,ARS (A),5,3.2,0.13305470274864403,0.02255164453366848,0.0,a,True,,0.0,0,0,3.0,0.0,0,0,0,0,0.0,0.0,0.0,,-23.2,-2,
136,Welbeck,FWD,Chelsea,6,5.9,0.13850895406427358,0.03465037154479132,ARS (A),5,3.2,0.1274282377391317,0.021598006396462997,0.8,a,True,100.0,0.0,0,0,3.0,0.0,0,0,0,0,0.0,0.0,0.0,,-16.6,-1,
442,Pope,GKP,Newcastle,17,5.0,0.12293535372231591,0.020372788987585596,BOU (H),3,2.6,0.12293535372231591,0.02458707074446318,1.1,a,True,,0.0,0,0,3.0,0.0,0,0,0,0,0.0,0.0,0.0,,-91.9,-3,FALL
500,Romero,DEF,Spurs,19,5.0,0.11982508205479062,0.09158039233347218,NFO (A),3,3.0,0.11982508205479062,0.023965016410958124,0.1,u,False,0.0,0.0,0,0,3.0,0.0,0,0,0,0,0.0,0.0,0.0,Has joined Atletico Madrid permanently,0.0,0,
231,Keane,DEF,Everton,9,4.9,0.12313797463703202,0.03475349995636325,MUN (H),4,3.0,0.11821245565155074,0.024124990949296068,1.0,a,True,,0.0,0,0,3.0,0.0,0,0,0,0,0.0,0.0,0.0,,-24.4,-2,
232,O'Brien,DEF,Everton,9,4.9,0.12313797463703202,0.03475349995636325,MUN (H),4,3.0,0.11821245565155074,0.024124990949296068,0.3,a,True,,0.0,0,0,3.0,0.0,0,0,0,0,0.0,0.0,0.0,,-18.5,-1,
92,Ji-soo,DEF,Brentford,4,4.5,0.11121107666633782,0.028462341320132162,SUN (H),2,3.4,0.11565951973299134,0.0257021154962203,0.0,a,True,,0.0,0,0,3.0,0.0,0,0,0,0,0.0,0.0,0.0,,-43.3,-3,FALL
620,Diouf,DEF,Brentford,4,4.5,0.11121107666633782,0.03192001307216958,SUN (H),2,3.4,0.11565951973299134,0.0257021154962203,0.1,a,True,,0.0,0,0,2.0,0.0,0,0,0,0,0.0,0.0,0.0,,0.0,0,
93,Schuster,DEF,Brentford,4,4.5,0.11121107666633782,0.028462341320132162,SUN (H),2,3.4,0.11565951973299134,0.0257021154962203,0.1,a,True,,0.0,0,0,3.0,0.0,0,0,0,0,0.0,0.0,0.0,,-63.6,-3,FALL
62,Diakité,DEF,Bournemouth,3,5.0,0.10922934536735648,0.05976099445262641,NEW (A),3,3.2,0.10922934536735648,0.021845869073471295,0.2,a,True,,0.0,0,0,3.0,0.0,0,0,0,0,0.0,0.0,0.0,,-23.7,-2,
63,Milosavljević,DEF,Bournemouth,3,5.0,0.10922934536735648,0.05976099445262641,NEW (A),3,3.2,0.10922934536735648,0.021845869073471295,0.0,i,False,0.0,0.0,0,0,3.0,0.0,0,0,0,0,0.0,0.0,0.0,Unspecified injury - Unknown return date,-74.0,-3,FALL
635,Larsson,MID,Fulham,10,5.0,0.10902267143381227,0.021452581684403713,CRY (H),3,3.0,0.10902267143381227,0.021804534286762454,0.0,a,True,,0.0,0,0,1.0,1.5,0,0,0,0,0.0,0.0,0.0,,0.0,0,
636,Ángel,MID,Fulham,10,5.0,0.10902267143381227,0.021452581684403713,CRY (H),3,3.0,0.10902267143381227,0.021804534286762454,0.0,a,True,,0.0,0,0,1.0,1.5,0,0,0,0,0.0,0.0,0.0,,0.0,0,
266,Cairney,MID,Fulham,10,5.0,0.10902267143381227,0.014068885414727035,CRY (H),3,3.0,0.10902267143381227,0.021804534286762454,0.0,i,False,0.0,0.0,0,0,3.0,0.0,0,0,0,0,0.0,0.0,0.0,Knee injury - Expected back 10 Oct,-89.7,-3,FALL
351,Mamardashvili,GKP,Liverpool,14,4.9,0.10452072049983957,0.024807915033813615,IPS (A),2,2.8,0.10870154931983315,0.022183989657108806,0.1,a,True,,0.0,0,0,3.0,0.0,0,0,0,0,0.0,0.0,0.0,,-5.0,-1,
587,Rulli,GKP,Man City,15,5.0,0.10074771590224786,0.031136380061380073,COV (H),2,2.8,0.10477762453833778,0.020955524907667555,0.0,a,True,,0.0,0,0,3.0,0.0,0,0,0,0,0.0,0.0,0.0,,-50.1,-3,FALL
205,Sosa,DEF,Crystal Palace,8,4.5,0.10371360262162967,0.07061976926250114,FUL (A),3,2.8,0.10371360262162967,0.02304746724925104,0.0,u,False,0.0,0.0,0,0,3.0,0.0,0,0,0,0,0.0,0.0,0.0,Has joined FC Cologne on loan for the rest of the season,0.0,0,
333,Bornauw,DEF,Leeds,13,4.5,0.10371360262162967,0.02858378972771576,BHA (A),3,3.4,0.10371360262162967,0.02304746724925104,0.0,u,False,0.0,0.0,0,0,3.0,0.0,0,0,0,0,0.0,0.0,0.0,Has joined Hamburg SV on loan for the rest of the season,0.0,0,
641,Bard,DEF,Leeds,13,4.5,0.10371360262162967,0.03525836161105542,BHA (A),3,3.4,0.10371360262162967,0.02304746724925104,0.0,a,True,,0.0,0,0,1.0,1.8,0,0,0,0,0.0,0.0,0.0,,0.0,0,
331,Gudmundsson,DEF,Leeds,13,4.5,0.10371360262162967,0.02858378972771576,BHA (A),3,3.4,0.10371360262162967,0.02304746724925104,0.0,a,True,100.0,0.0,0,0,3.0,0.0,0,0,0,0,0.0,0.0,0.0,,-0.1,-1,
633,Ahanor,DEF,Crystal Palace,8,4.5,0.10371360262162967,0.08361476465306648,FUL (A),3,2.8,0.10371360262162967,0.02304746724925104,0.0,a,True,,0.0,0,0,1.0,1.8,0,0,0,0,0.0,0.0,0.0,,0.0,0,
643,Chilwell,DEF,Crystal Palace,8,4.5,0.10371360262162967,0.08361476465306648,FUL (A),3,2.8,0.10371360262162967,0.02304746724925104,0.0,a,True,,0.0,0,0,1.0,1.8,0,0,0,0,0.0,0.0,0.0,,0.0,0,
220,Cardines,DEF,Crystal Palace,8,4.5,0.10371360262162967,0.07061976926250114,FUL (A),3,2.8,0.10371360262162967,0.02304746724925104,0.0,u,False,0.0,0.0,0,0,3.0,0.0,0,0,0,0,0.0,0.0,0.0,Has joined Bristol City on loan for the rest of the season,0.0,0,
376,Bajcetic,MID,Liverpool,14,5.0,0.09714386498135072,0.011650979603472205,IPS (A),2,2.8,0.10102961958060475,0.02020592391612095,0.0,u,False,0.0,0.0,0,0,3.0,0.0,0,0,0,0,0.0,0.0,0.0,Has joined Celta Vigo permanently,0.0,0,
374,Endo,MID,Liverpool,14,5.0,0.09714386498135072,0.011650979603472205,IPS (A),2,2.8,0.10102961958060475,0.02020592391612095,0.1,a,True,100.0,0.0,0,0,3.0,0.0,0,0,0,0,0.0,0.0,0.0,,-75.5,-3,FALL
139,Ferguson,FWD,Brighton,5,5.0,0.09676141170968904,0.006698827741554922,LEE (H),2,2.8,0.1006318681780766,0.02012637363561532,0.0,i,False,0.0,0.0,0,0,3.0,0.0,0,0,0,0,0.0,0.0,0.0,Ankle injury - Expected back 10 Oct,-25.0,-2,
436,Collyer,MID,Man Utd,16,5.0,0.10047781868114859,0.012222008441861339,EVE (A),3,3.2,0.10047781868114859,0.02009556373622972,0.0,u,False,0.0,0.0,0,0,3.0,0.0,0,0,0,0,0.0,0.0,0.0,Has joined West Brom permanently,0.0,0,
131,Baleba,MID,Man Utd,16,5.0,0.10047781868114859,0.012222008441861339,EVE (A),3,3.2,0.10047781868114859,0.02009556373622972,0.1,i,False,0.0,0.0,0,0,3.0,0.0,0,0,0,0,0.0,0.0,0.0,Ankle injury - Expected back 19 Sep,-64.1,-3,FALL
227,Travers,GKP,Everton,9,5.0,0.10463577314367437,0.020088403874187727,MUN (H),4,3.0,0.10045034221792738,0.020090068443585476,0.0,a,True,,0.0,0,0,3.0,0.0,0,0,0,0,0.0,0.0,0.0,,-52.0,-3,FALL
128,Buonanotte,MID,Brighton,5,5.0,0.09376128552130959,0.009279821052380972,LEE (H),2,2.8,0.09751173694216198,0.019502347388432394,0.0,u,False,0.0,0.0,0,0,3.0,0.0,0,0,0,0,0.0,0.0,0.0,Has joined Elche on loan for the rest of the season,0.0,0,
133,Watson,MID,Brighton,5,5.0,0.09376128552130959,0.009279821052380972,LEE (H),2,2.8,0.09751173694216198,0.019502347388432394,0.0,u,False,0.0,0.0,0,0,3.0,0.0,0,0,0,0,0.0,0.0,0.0,Has joined Leicester City on loan for the rest of the season,0.0,0,
624,Cozier-Duberry,MID,Brighton,5,5.0,0.09376128552130959,0.010463924684996772,LEE (H),2,2.8,0.09751173694216198,0.019502347388432394,0.0,u,False,0.0,0.0,0,0,2.0,0.0,0,0,0,0,0.0,0.0,0.0,Has joined Middlesbrough on loan for the rest of the season,0.0,0,
599,Cherif,FWD,Coventry City,7,5.0,0.10435767235762024,0.009473156115304412,MCI (A),5,3.0,0.09600905856901062,0.019201811713802124,0.1,a,True,,0.0,0,0,3.0,0.0,0,0,0,0,0.0,0.0,0.0,,-3.8,-1,
196,Markelo,FWD,Coventry City,7,5.0,0.10435767235762024,0.009473156115304412,MCI (A),5,3.0,0.09600905856901062,0.019201811713802124,0.0,u,False,0.0,0.0,0,0,3.0,0.0,0,0,0,0,0.0,0.0,0.0,Has joined Shabab Al-Ahli Dubai permanently,0.0,0,
410,Monga,MID,Man City,15,4.9,0.09207313946589012,0.008572855098035225,COV (H),2,2.8,0.09575606504452572,0.019542054090719532,0.0,u,False,0.0,0.0,0,0,3.0,0.0,0,0,0,0,0.0,0.0,0.0,Has joined Swansea City on loan for the rest of the season,0.0,0,
407,Echeverri,MID,Man City,15,4.9,0.09207313946589012,0.008572855098035225,COV (H),2,2.8,0.09575606504452572,0.019542054090719532,0.0,u,False,0.0,0.0,0,0,3.0,0.0,0,0,0,0,0.0,0.0,0.0,Has joined Benfica on loan for the rest of the season,0.0,0,
408,Phillips,MID,Man City,15,5.0,0.09207313946589012,0.009983129830198166,COV (H),2,2.8,0.09575606504452572,0.019151213008905144,0.0,u,False,0.0,0.0,0,0,3.0,0.0,0,0,0,0,0.0,0.0,0.0,Has joined Sheffield United on loan for the rest of the season,0.0,0,
83,Valdimarsson,GKP,Brentford,4,4.5,0.08976107489184947,0.01447371923678989,SUN (H),2,3.4,0.09335151788752345,0.02074478175278299,0.1,a,True,,0.0,0,0,3.0,0.0,0,0,0,0,0.0,0.0,0.0,,-25.5,-2,
187,Eccles,MID,Coventry City,7,4.9,0.1013575461692408,0.012346788636442148,MCI (A),5,3.0,0.09324894247570154,0.019030396423612556,0.0,a,True,,0.0,0,0,3.0,0.0,0,0,0,0,0.0,0.0,0.0,,0.0,0,
256,Tete,DEF,Fulham,10,4.5,0.09233557635518565,0.043022283702027896,CRY (H),3,3.0,0.09233557635518565,0.020519016967819034,0.2,a,True,,0.0,0,0,3.0,0.0,0,0,0,0,0.0,0.0,0.0,,-76.3,-3,FALL
650,Affengruber,DEF,Fulham,10,4.5,0.09233557635518565,0.05172017675705794,CRY (H),3,3.0,0.09233557635518565,0.020519016967819034,0.0,a,True,,0.0,0,0,1.0,1.8,0,0,0,0,0.0,0.0,0.0,,0.0,0,
314,Ogbene,MID,Ipswich Town,12,4.9,0.09400604872436426,0.010704846351304692,LIV (H),4,3.4,0.09024580677538968,0.01841751158681422,0.0,u,False,0.0,0.0,0,0,3.0,0.0,0,0,0,0,0.0,0.0,0.0,Has joined Lincoln City on loan until January,0.0,0,
310,Matusiwa,MID,Ipswich Town,12,5.0,0.09400604872436426,0.012461435311545643,LIV (H),4,3.4,0.09024580677538968,0.018049161355077937,0.0,i,False,0.0,0.0,0,0,3.0,0.0,0,0,0,0,0.0,0.0,0.0,Muscular injury - Unknown return date,-91.3,-3,FALL
324,Mehmeti,MID,Ipswich Town,12,4.9,0.09400604872436426,0.010704846351304692,LIV (H),4,3.4,0.09024580677538968,0.01841751158681422,0.0,a,True,,0.0,0,0,3.0,0.0,0,0,0,0,0.0,0.0,0.0,,-8.7,-1,
322,Al-Hamadi,FWD,Ipswich Town,12,5.0,0.09400604872436426,0.008429384703637403,LIV (H),4,3.4,0.09024580677538968,0.018049161355077937,0.1,u,False,0.0,0.0,0,0,3.0,0.0,0,0,0,0,0.0,0.0,0.0,Has joined Sheffield Wednesday on loan for the rest of the season,0.0,0,
319,Szmodics,MID,Ipswich Town,12,5.0,0.09400604872436426,0.012461435311545643,LIV (H),4,3.4,0.09024580677538968,0.018049161355077937,0.0,u,False,0.0,0.0,0,0,3.0,0.0,0,0,0,0,0.0,0.0,0.0,Has joined Derby County on loan for the rest of the season,0.0,0,
571,Florentino,MID,Ipswich Town,12,4.9,0.09400604872436426,0.010704846351304692,LIV (H),4,3.4,0.09024580677538968,0.01841751158681422,0.1,a,True,100.0,0.0,0,0,3.0,0.0,0,0,0,0,0.0,0.0,0.0,,-4.6,-1,
311,Burns,MID,Ipswich Town,12,5.0,0.09400604872436426,0.012461435311545643,LIV (H),4,3.4,0.09024580677538968,0.018049161355077937,0.0,u,False,0.0,0.0,0,0,3.0,0.0,0,0,0,0,0.0,0.0,0.0,Has joined Leicester City permanently,0.0,0,
317,Hirst,FWD,Ipswich Town,12,5.0,0.09400604872436426,0.008429384703637403,LIV (H),4,3.4,0.09024580677538968,0.018049161355077937,0.1,u,False,0.0,0.0,0,0,3.0,0.0,0,0,0,0,0.0,0.0,0.0,Has joined Stoke City permanently,0.0,0,
21,Nørgaard,MID,Everton,9,4.9,0.09391923226832827,0.008678136806447167,MUN (H),4,3.0,0.09016246297759513,0.0184005026484888,0.1,i,False,0.0,0.0,0,0,3.0,0.0,0,0,0,0,0.0,0.0,0.0,Groin injury - Unknown return date,-6.5,-1,
274,Butland,GKP,Hull City,11,4.5,0.08976107489184947,0.014147685077973888,AVL (H),3,3.2,0.08976107489184947,0.019946905531522105,0.1,i,False,0.0,0.0,0,0,3.0,0.0,0,0,0,0,0.0,0.0,0.0,Arm injury - Unknown return date,-58.1,-3,FALL
107,Furo,FWD,Brentford,4,4.5,0.08446899284004762,0.004287679066622176,SUN (H),2,3.4,0.08784775255364953,0.019521722789699894,1.1,a,True,,0.0,0,0,3.0,0.0,0,0,0,0,0.0,0.0,0.0,,6.4,1,
48,Onana,MID,Aston Villa,2,5.0,0.08319167160947855,0.013332593522052221,HUL (A),2,2.8,0.08651933847385769,0.01730386769477154,0.0,i,False,0.0,0.0,0,0,3.0,0.0,0,0,0,0,0.0,0.0,0.0,Knee injury - Unknown return date,-80.1,-3,FALL
49,Iling Jr,MID,Aston Villa,2,5.0,0.08319167160947855,0.013332593522052221,HUL (A),2,2.8,0.08651933847385769,0.01730386769477154,0.0,u,False,0.0,0.0,0,0,3.0,0.0,0,0,0,0,0.0,0.0,0.0,Has joined Bolton Wanderers on loan for the rest of the season,0.0,0,
518,P.M.Sarr,MID,Spurs,19,4.9,0.08546960143813873,0.012198615688793784,NFO (A),3,3.0,0.08546960143813873,0.01744277580370178,0.1,u,False,0.0,0.0,0,0,3.0,0.0,0,0,0,0,0.0,0.0,0.0,Has joined Juventus on loan for the rest of the season,0.0,0,
644,Timber,MID,Crystal Palace,8,5.0,0.08546960143813873,0.027654781167941334,FUL (A),3,2.8,0.08546960143813873,0.017093920287627747,0.0,a,True,,0.0,0,0,1.0,1.5,0,0,0,0,0.0,0.0,0.0,,0.0,0,
434,J.Fletcher,MID,Man Utd,16,5.0,0.08537437951566462,0.010604569957714962,EVE (A),3,3.2,0.08537437951566462,0.017074875903132926,0.0,a,True,,0.0,0,0,3.0,0.0,0,0,0,0,0.0,0.0,0.0,,-81.1,-3,FALL
299,Burstow,FWD,Hull City,11,4.5,0.08446899284004762,0.004190119513731763,AVL (H),3,3.2,0.08446899284004762,0.01877088729778836,0.0,u,False,0.0,0.0,0,0,3.0,0.0,0,0,0,0,0.0,0.0,0.0,Has joined Sheffield Wednesday on loan for the rest of the season,0.0,0,
298,Destan,FWD,Hull City,11,4.5,0.08446899284004762,0.004190119513731763,AVL (H),3,3.2,0.08446899284004762,0.01877088729778836,0.3,u,False,0.0,0.0,0,0,3.0,0.0,0,0,0,0,0.0,0.0,0.0,Has joined Konyaspor permanently,0.0,0,
546,Adingra,MID,Sunderland,20,4.9,0.08319167160947855,0.011454628730703954,BRE (A),3,3.4,0.08319167160947855,0.016977892165199703,0.0,u,False,0.0,0.0,0,0,3.0,0.0,0,0,0,0,0.0,0.0,0.0,Has joined Ajax on loan for the rest of the season,0.0,0,
550,Jocelin.T,MID,Sunderland,20,5.0,0.08319167160947855,0.013332593522052221,BRE (A),3,3.4,0.08319167160947855,0.01663833432189571,0.0,a,True,,0.0,0,0,3.0,0.0,0,0,0,0,0.0,0.0,0.0,,-49.1,-3,FALL
326,Perri,GKP,Leeds,13,4.5,0.08276595858364073,0.014781359194912663,BHA (A),3,3.4,0.08276595858364073,0.018392435240809052,0.4,u,False,0.0,0.0,0,0,3.0,0.0,0,0,0,0,0.0,0.0,0.0,Has joined Torino on loan for the rest of the season,0.0,0,
199,Benitez,GKP,Crystal Palace,8,4.5,0.08276595858364073,0.0324579019658044,FUL (A),3,2.8,0.08276595858364073,0.018392435240809052,0.1,a,True,,0.0,0,0,3.0,0.0,0,0,0,0,0.0,0.0,0.0,,-53.4,-3,FALL
433,Ugarte,MID,Man Utd,16,5.0,0.08231194412138634,0.011093664293007795,EVE (A),3,3.2,0.08231194412138634,0.01646238882427727,0.0,i,False,0.0,0.0,0,0,3.0,0.0,0,0,0,0,0.0,0.0,0.0,Knee injury - Unknown return date,-49.8,-3,FALL
475,Savona,DEF,Nott'm Forest,18,4.5,0.08227724486242324,0.04453066161322606,TOT (H),3,3.2,0.08227724486242324,0.01828383219164961,0.0,i,False,0.0,0.0,0,0,3.0,0.0,0,0,0,0,0.0,0.0,0.0,Knee injury - Unknown return date,-19.8,-1,
297,Gyabi,MID,Hull City,11,4.5,0.08146886665166818,0.005804345959403477,AVL (H),3,3.2,0.08146886665166818,0.018104192589259594,0.0,i,False,0.0,0.0,0,0,3.0,0.0,0,0,0,0,0.0,0.0,0.0,Thigh injury - Unknown return date,-55.6,-3,FALL
288,Dowell,MID,Hull City,11,4.5,0.08146886665166818,0.005804345959403477,AVL (H),3,3.2,0.08146886665166818,0.018104192589259594,0.4,a,True,,0.0,0,0,3.0,0.0,0,0,0,0,0.0,0.0,0.0,,-10.2,-1,
291,Matazo,MID,Hull City,11,4.5,0.08146886665166818,0.005804345959403477,AVL (H),3,3.2,0.08146886665166818,0.018104192589259594,0.0,i,False,0.0,0.0,0,0,3.0,0.0,0,0,0,0,0.0,0.0,0.0,Knee injury - Unknown return date,-12.3,-1,
294,Zambrano,MID,Hull City,11,4.5,0.08146886665166818,0.005804345959403477,AVL (H),3,3.2,0.08146886665166818,0.018104192589259594,0.1,i,False,0.0,0.0,0,0,3.0,0.0,0,0,0,0,0.0,0.0,0.0,Thigh injury - Unknown return date,-49.5,-3,FALL
283,Jacob,DEF,Hull City,11,4.0,0.0786676850697208,0.008753373759315867,AVL (H),3,3.2,0.0786676850697208,0.0196669212674302,0.0,u,False,0.0,0.0,0,0,3.0,0.0,0,0,0,0,0.0,0.0,0.0,Has joined Newport County on loan until January,0.0,0,
477,Abbott,DEF,Nott'm Forest,18,4.0,0.0786676850697208,0.013144421124966074,TOT (H),3,3.2,0.0786676850697208,0.0196669212674302,0.2,u,False,0.0,0.0,0,0,3.0,0.0,0,0,0,0,0.0,0.0,0.0,Has joined Southampton on loan for the rest of the season,0.0,0,
278,Hughes,DEF,Hull City,11,4.0,0.0786676850697208,0.008753373759315867,AVL (H),3,3.2,0.0786676850697208,0.0196669212674302,0.1,i,False,0.0,0.0,0,0,3.0,0.0,0,0,0,0,0.0,0.0,0.0,Groin injury - Unknown return date,-75.8,-3,FALL
284,McCarthy,DEF,Hull City,11,4.0,0.0786676850697208,0.008753373759315867,AVL (H),3,3.2,0.0786676850697208,0.0196669212674302,0.1,a,True,,0.0,0,0,3.0,0.0,0,0,0,0,0.0,0.0,0.0,,0.2,1,
638,Norton-Cuffy,DEF,Hull City,11,4.0,0.0786676850697208,0.010615771741580945,AVL (H),3,3.2,0.0786676850697208,0.0196669212674302,0.1,a,True,,0.0,0,0,1.0,1.0,0,0,0,0,0.0,0.0,0.0,,0.0,0,
630,Harwood-Bellis,DEF,Aston Villa,2,4.5,0.07461211959785179,0.08908997340311596,HUL (A),2,2.8,0.07759660438176585,0.017243689862614636,0.0,a,True,,0.0,0,0,1.0,1.8,0,0,0,0,0.0,0.0,0.0,,0.0,0,
30,Digne,DEF,Aston Villa,2,4.5,0.07461211959785179,0.07531398248635984,HUL (A),2,2.8,0.07759660438176585,0.017243689862614636,0.1,u,False,0.0,0.0,0,0,3.0,0.0,0,0,0,0,0.0,0.0,0.0,Has joined Paris Saint-Germain permanently,0.0,0,
651,J.Angulo,FWD,Sunderland,20,4.5,0.07747387653183889,0.009511195308886663,BRE (A),3,3.4,0.07747387653183889,0.01721641700707531,0.2,a,True,,0.0,0,0,1.0,1.0,0,0,0,0,0.0,0.0,0.0,,0.0,0,
349,Mateo Joseph,FWD,Leeds,13,4.5,0.07747387653183889,0.004379776167667088,BHA (A),3,3.4,0.07747387653183889,0.01721641700707531,0.1,i,False,0.0,0.0,0,0,3.0,0.0,0,0,0,0,0.0,0.0,0.0,Knee injury - Unknown return date,-25.9,-2,
141,Jörgensen,GKP,Chelsea,6,5.0,0.08301845450723074,0.047092392581798204,ARS (A),5,3.2,0.07637697814665229,0.015275395629330456,0.0,u,False,0.0,0.0,0,0,3.0,0.0,0,0,0,0,0.0,0.0,0.0,Has joined RC Strasbourg on loan for the rest of the season,0.0,0,
276,Lo-Tutala,GKP,Hull City,11,4.0,0.07629553384193324,0.006479657089442703,AVL (H),3,3.2,0.07629553384193324,0.01907388346048331,0.0,u,False,0.0,0.0,0,0,3.0,0.0,0,0,0,0,0.0,0.0,0.0,Has joined Colchester United on loan for the rest of the season,0.0,0,
273,Phillips,GKP,Hull City,11,4.0,0.07629553384193324,0.006479657089442703,AVL (H),3,3.2,0.07629553384193324,0.01907388346048331,1.5,a,True,,0.0,0,0,3.0,0.0,0,0,0,0,0.0,0.0,0.0,,-13.8,-1,
275,Cartwright,GKP,Hull City,11,4.0,0.07629553384193324,0.006479657089442703,AVL (H),3,3.2,0.07629553384193324,0.01907388346048331,0.0,u,False,0.0,0.0,0,0,3.0,0.0,0,0,0,0,0.0,0.0,0.0,Has joined Grimsby Town on loan for the rest of the season,0.0,0,
537,Seelt,DEF,Sunderland,20,4.5,0.07461211959785179,0.07531398248635984,BRE (A),3,3.4,0.07461211959785179,0.01658047102174484,0.0,u,False,0.0,0.0,0,0,3.0,0.0,0,0,0,0,0.0,0.0,0.0,Has joined Swansea City on loan for the rest of the season,0.0,0,
221,Drakes-Thomas,MID,Crystal Palace,8,4.5,0.07447375034345945,0.009664427350505109,FUL (A),3,2.8,0.07447375034345945,0.016549722298546544,0.1,a,True,,0.0,0,0,3.0,0.0,0,0,0,0,0.0,0.0,0.0,,-27.2,-2,
604,Cresswell,MID,Leeds,13,4.5,0.07447375034345945,0.006066621945896781,BHA (A),3,3.4,0.07447375034345945,0.016549722298546544,0.1,a,True,,0.0,0,0,3.0,0.0,0,0,0,0,0.0,0.0,0.0,,0.0,1,
212,Hughes,MID,Crystal Palace,8,4.5,0.07447375034345945,0.009664427350505109,FUL (A),3,2.8,0.07447375034345945,0.016549722298546544,9.4,a,True,,0.0,0,0,3.0,0.0,0,0,0,0,0.0,0.0,0.0,,-60.4,-3,FALL
77,Adli,MID,Bournemouth,3,4.9,0.07230191363188462,0.010030861927711696,NEW (A),3,3.2,0.07230191363188462,0.014755492577935637,0.0,i,False,0.0,0.0,0,0,3.0,0.0,0,0,0,0,0.0,0.0,0.0,Unspecified injury - Unknown return date,-7.9,-1,
625,Cairns,GKP,Leeds,13,4.0,0.06930041753372451,0.007702782958812589,BHA (A),3,3.4,0.06930041753372451,0.017325104383431128,0.1,a,True,,0.0,0,0,2.0,0.0,0,0,0,0,0.0,0.0,0.0,,0.0,0,
444,Jaouen,GKP,Newcastle,17,4.5,0.06894921364076216,0.012876499199465785,BOU (H),3,2.6,0.06894921364076216,0.015322047475724925,0.0,a,True,,0.0,0,0,3.0,0.0,0,0,0,0,0.0,0.0,0.0,,-75.0,-3,FALL
443,Gillespie,GKP,Newcastle,17,4.5,0.06894921364076216,0.012876499199465785,BOU (H),3,2.6,0.06894921364076216,0.015322047475724925,0.0,a,True,,0.0,0,0,3.0,0.0,0,0,0,0,0.0,0.0,0.0,,-15.6,-1,
386,Bettinelli,GKP,Man City,15,4.5,0.06621017654260017,0.01828733942187124,COV (H),2,2.8,0.06885858360430418,0.01530190746762315,0.0,a,True,,0.0,0,0,3.0,0.0,0,0,0,0,0.0,0.0,0.0,,-40.4,-3,FALL
101,Henderson,MID,Chelsea,6,5.0,0.07230191363188462,0.019470455647012254,ARS (A),5,3.2,0.06651776054133386,0.013303552108266772,0.0,d,False,75.0,0.0,0,0,3.0,0.0,0,0,0,0,0.0,0.0,0.0,Wrist injury - 75% chance of playing,-81.3,-3,FALL
168,Marc Guiu,FWD,Chelsea,6,5.0,0.07230191363188462,0.013089977925913049,ARS (A),5,3.2,0.06651776054133386,0.013303552108266772,0.3,u,False,0.0,0.0,0,0,3.0,0.0,0,0,0,0,0.0,0.0,0.0,Has joined RB Leipzig permanently,0.0,0,
170,Emegha,FWD,Chelsea,6,5.0,0.07230191363188462,0.013089977925913049,ARS (A),5,3.2,0.06651776054133386,0.013303552108266772,0.2,a,True,100.0,0.0,0,0,3.0,0.0,0,0,0,0,0.0,0.0,0.0,,-22.2,-1,
590,Benda,GKP,Nott'm Forest,18,4.5,0.06615607090165625,0.020095795386751394,TOT (H),3,3.2,0.06615607090165625,0.014701349089256945,0.1,a,True,,0.0,0,0,3.0,0.0,0,0,0,0,0.0,0.0,0.0,,0.1,1,
468,John,GKP,Nott'm Forest,18,4.5,0.06615607090165625,0.020095795386751394,TOT (H),3,3.2,0.06615607090165625,0.014701349089256945,0.1,a,True,,0.0,0,0,3.0,0.0,0,0,0,0,0.0,0.0,0.0,,-38.3,-2,
272,Kusi-Asare,FWD,Fulham,10,4.5,0.06609585026539494,0.005362559318435076,CRY (H),3,3.0,0.06609585026539494,0.01468796672564332,6.6,a,True,,0.0,0,0,3.0,0.0,0,0,0,0,0.0,0.0,0.0,,-6.1,-1,
325,Darlow,GKP,Man Utd,16,4.5,0.06372280705262533,0.016676370187025218,EVE (A),3,3.2,0.06372280705262533,0.014160623789472295,0.0,a,True,100.0,0.0,0,0,3.0,0.0,0,0,0,0,0.0,0.0,0.0,,-5.3,-1,
413,Bayindir,GKP,Man Utd,16,4.5,0.06372280705262533,0.016676370187025218,EVE (A),3,3.2,0.06372280705262533,0.014160623789472295,0.0,u,False,0.0,0.0,0,0,3.0,0.0,0,0,0,0,0.0,0.0,0.0,Has joined Celta Vigo on loan for the rest of the season,0.0,0,
466,Neave,FWD,Newcastle,17,4.5,0.06365713158896037,0.0038358321637023828,BOU (H),3,2.6,0.06365713158896037,0.014146029241991194,0.8,u,False,0.0,0.0,0,0,3.0,0.0,0,0,0,0,0.0,0.0,0.0,Has joined Wolves on loan for the rest of the season,0.0,0,
270,Reed,MID,Fulham,10,4.5,0.06309572407701555,0.00717685807130208,CRY (H),3,3.0,0.06309572407701555,0.014021272017114568,1.3,a,True,,0.0,0,0,3.0,0.0,0,0,0,0,0.0,0.0,0.0,,-49.0,-3,FALL
626,Zepa,MID,Fulham,10,4.5,0.06309572407701555,0.00787937596142762,CRY (H),3,3.0,0.06309572407701555,0.014021272017114568,0.3,a,True,,0.0,0,0,2.0,0.0,0,0,0,0,0.0,0.0,0.0,,0.0,0,
132,Howell,MID,Brighton,5,4.5,0.06042388755418532,0.005394928240319384,LEE (H),2,2.8,0.06284084305635274,0.013964631790300608,0.0,u,False,0.0,0.0,0,0,3.0,0.0,0,0,0,0,0.0,0.0,0.0,Has joined Leicester City on loan for the rest of the season,0.0,0,
134,Oriola,MID,Brighton,5,4.5,0.06042388755418532,0.005394928240319384,LEE (H),2,2.8,0.06284084305635274,0.013964631790300608,0.3,a,True,,0.0,0,0,3.0,0.0,0,0,0,0,0.0,0.0,0.0,,-7.1,-1,
409,Mukasa,MID,Man City,15,4.5,0.05962037357292948,0.005805530047514062,COV (H),2,2.8,0.06200518851584666,0.013778930781299258,0.1,u,False,0.0,0.0,0,0,3.0,0.0,0,0,0,0,0.0,0.0,0.0,has joined West Ham on loan for the rest of the seaon.,0.0,0,
610,De Fougerolles,DEF,Fulham,10,4.0,0.06029454249506814,0.011896513420663087,CRY (H),3,3.0,0.06029454249506814,0.015073635623767035,0.1,d,False,75.0,0.0,0,0,3.0,0.0,0,0,0,0,0.0,0.0,0.0,Unspecified injury - 75% chance of playing,0.0,0,
573,Sanchez,DEF,Bournemouth,3,4.5,0.059384500401131315,0.03873274447915534,NEW (A),3,3.2,0.059384500401131315,0.013196555644695847,0.2,a,True,,0.0,0,0,3.0,0.0,0,0,0,0,0.0,0.0,0.0,,-60.2,-3,FALL
65,J.Araujo,DEF,Bournemouth,3,4.5,0.059384500401131315,0.03873274447915534,NEW (A),3,3.2,0.059384500401131315,0.013196555644695847,0.0,i,False,0.0,0.0,0,0,3.0,0.0,0,0,0,0,0.0,0.0,0.0,Thigh injury - Unknown return date,-94.8,-3,FALL
609,Shahar,DEF,Newcastle,17,4.0,0.05932608903984405,0.0077634079042365285,BOU (H),3,2.6,0.05932608903984405,0.014831522259961013,0.2,a,True,,0.0,0,0,3.0,0.0,0,0,0,0,0.0,0.0,0.0,,0.0,0,
451,A.Murphy,DEF,Newcastle,17,4.0,0.05932608903984405,0.0077634079042365285,BOU (H),3,2.6,0.05932608903984405,0.014831522259961013,0.1,u,False,0.0,0.0,0,0,3.0,0.0,0,0,0,0,0.0,0.0,0.0,Has joined FC Kaiserslautern on loan for the rest of the season,0.0,0,
234,Patterson,DEF,Everton,9,4.5,0.061583307769226596,0.025668172178970886,MUN (H),4,3.0,0.05911997545845753,0.013137772324101673,0.0,u,False,0.0,0.0,0,0,3.0,0.0,0,0,0,0,0.0,0.0,0.0,Has joined Torino permanently,0.0,0,
649,Maitland-Niles,DEF,Everton,9,4.5,0.061583307769226596,0.03582309305402581,MUN (H),4,3.0,0.05911997545845753,0.013137772324101673,0.0,a,True,,0.0,0,0,1.0,1.8,0,0,0,0,0.0,0.0,0.0,,0.0,0,
111,Steele,GKP,Brighton,5,4.0,0.05672081996566088,0.006583961476452249,LEE (H),2,2.8,0.05898965276428732,0.01474741319107183,4.2,a,True,,0.0,0,0,3.0,0.0,0,0,0,0,0.0,0.0,0.0,,2.8,1,
172,Wilson,GKP,Coventry City,7,4.5,0.06372280705262533,0.013388285720862671,MCI (A),5,3.0,0.0586249824884153,0.01302777388631451,0.4,a,True,,0.0,0,0,3.0,0.0,0,0,0,0,0.0,0.0,0.0,,-69.8,-3,FALL
612,Methalie,DEF,Sunderland,20,4.5,0.058599994835513244,0.0824961216629581,BRE (A),3,3.4,0.058599994835513244,0.013022221074558499,0.0,a,True,100.0,0.0,0,0,2.0,0.0,0,0,0,0,0.0,0.0,0.0,,0.0,0,
300,Walton,GKP,Ipswich Town,12,4.5,0.06095620483490124,0.02341294665337666,LIV (H),4,3.4,0.058517956641505185,0.01300399036477893,0.4,a,True,,0.0,0,0,3.0,0.0,0,0,0,0,0.0,0.0,0.0,,-79.5,-3,FALL
554,Van Oevelen,GKP,Ipswich Town,12,4.5,0.06095620483490124,0.02341294665337666,LIV (H),4,3.4,0.058517956641505185,0.01300399036477893,0.0,u,False,0.0,0.0,0,0,3.0,0.0,0,0,0,0,0.0,0.0,0.0,Has joined Valencia on loan for the rest of the season,0.0,0,
531,Ellborg,GKP,Sunderland,20,4.5,0.058490945637084804,0.036296453534272674,BRE (A),3,3.4,0.058490945637084804,0.012997987919352178,0.1,a,True,,0.0,0,0,3.0,0.0,0,0,0,0,0.0,0.0,0.0,,-51.1,-3,FALL
228,King,GKP,Everton,9,4.5,0.06086938837886525,0.013173278526407588,MUN (H),4,3.0,0.05843461284371063,0.012985469520824584,0.0,a,True,,0.0,0,0,3.0,0.0,0,0,0,0,0.0,0.0,0.0,,-27.8,-2,
441,Obi,FWD,Man Utd,16,4.5,0.058430725000823525,0.004554079648912333,EVE (A),3,3.2,0.058430725000823525,0.01298460555573856,1.2,a,True,,0.0,0,0,3.0,0.0,0,0,0,0,0.0,0.0,0.0,,-1.7,-1,
251,Lecomte,GKP,Fulham,10,4.0,0.05792239126728058,0.008557964041785163,CRY (H),3,3.0,0.05792239126728058,0.014480597816820146,1.2,a,True,,0.0,0,0,3.0,0.0,0,0,0,0,0.0,0.0,0.0,,-10.3,-1,
252,McNally,GKP,Fulham,10,4.0,0.05792239126728058,0.008557964041785163,CRY (H),3,3.0,0.05792239126728058,0.014480597816820146,0.1,u,False,0.0,0.0,0,0,3.0,0.0,0,0,0,0,0.0,0.0,0.0,Has joined York City on loan for the rest of the season,0.0,0,
489,Yates,MID,Nott'm Forest,18,4.5,0.05752430349299719,0.006293885517354971,TOT (H),3,3.2,0.05752430349299719,0.012783178553999375,1.5,a,True,100.0,0.0,0,0,3.0,0.0,0,0,0,0,0.0,0.0,0.0,,-0.1,-1,
437,Bendito Mantato,MID,Man Utd,16,4.5,0.055430598812444075,0.0060965244548297,EVE (A),3,3.2,0.055430598812444075,0.012317910847209795,0.2,a,True,,0.0,0,0,3.0,0.0,0,0,0,0,0.0,0.0,0.0,,-43.5,-3,FALL
438,Fletcher,MID,Man Utd,16,4.5,0.055430598812444075,0.0060965244548297,EVE (A),3,3.2,0.055430598812444075,0.012317910847209795,0.3,a,True,,0.0,0,0,3.0,0.0,0,0,0,0,0.0,0.0,0.0,,-60.0,-3,FALL
150,M.Sarr,DEF,Chelsea,6,4.5,0.059384500401131315,0.08539815723837825,ARS (A),5,3.2,0.05463374036904081,0.01214083119312018,0.0,u,False,0.0,0.0,0,0,3.0,0.0,0,0,0,0,0.0,0.0,0.0,Has joined Real Sociedad on loan for the rest of the season,0.0,0,
146,B.Badiashile,DEF,Chelsea,6,4.5,0.059384500401131315,0.08539815723837825,ARS (A),5,3.2,0.05463374036904081,0.01214083119312018,0.0,u,False,0.0,0.0,0,0,3.0,0.0,0,0,0,0,0.0,0.0,0.0,Has joined Napoli on loan for the rest of the season,0.0,0,
561,Anselmino,DEF,Chelsea,6,4.5,0.059384500401131315,0.08539815723837825,ARS (A),5,3.2,0.05463374036904081,0.01214083119312018,0.0,a,True,100.0,0.0,0,0,3.0,0.0,0,0,0,0,0.0,0.0,0.0,,-5.2,-1,
382,Danns,FWD,Liverpool,14,4.5,0.052101549698717636,0.004205346251299747,IPS (A),2,2.8,0.05418561168666634,0.01204124704148141,0.1,a,True,100.0,0.0,0,0,3.0,0.0,0,0,0,0,0.0,0.0,0.0,,0.0,0,
378,McConnell,MID,Liverpool,14,4.5,0.052101549698717636,0.005746844771273798,IPS (A),2,2.8,0.05418561168666634,0.01204124704148141,0.2,a,True,,0.0,0,0,3.0,0.0,0,0,0,0,0.0,0.0,0.0,,-58.4,-3,FALL
197,Bassette,FWD,Coventry City,7,4.5,0.058430725000823525,0.0042281677803172775,MCI (A),5,3.0,0.05375626700075765,0.011945837111279478,0.0,u,False,0.0,0.0,0,0,3.0,0.0,0,0,0,0,0.0,0.0,0.0,Has joined KVC Westerlo on loan for the rest of the season,0.0,0,
147,Tosin,DEF,Spurs,19,4.5,0.053133676939037054,0.07249858410262926,NFO (A),3,3.0,0.053133676939037054,0.011807483764230457,0.2,a,True,,0.0,0,0,3.0,0.0,0,0,0,0,0.0,0.0,0.0,,-97.3,-4,FALL
507,Phillips,DEF,Spurs,19,4.5,0.053133676939037054,0.07249858410262926,NFO (A),3,3.0,0.053133676939037054,0.011807483764230457,0.0,u,False,0.0,0.0,0,0,3.0,0.0,0,0,0,0,0.0,0.0,0.0,Has joined Middlesbrough permanently,0.0,0,
505,Spence,DEF,Spurs,19,4.5,0.053133676939037054,0.07249858410262926,NFO (A),3,3.0,0.053133676939037054,0.011807483764230457,0.3,u,False,0.0,0.0,0,0,3.0,0.0,0,0,0,0,0.0,0.0,0.0,Has joined Internazionale permanently,0.0,0,
425,Fredricson,DEF,Man Utd,16,4.0,0.05262941723049668,0.011214184395283853,EVE (A),3,3.2,0.05262941723049668,0.01315735430762417,0.0,u,False,0.0,0.0,0,0,3.0,0.0,0,0,0,0,0.0,0.0,0.0,Has joined Lausanne-Sport permanently,0.0,0,
424,Amass,DEF,Man Utd,16,4.0,0.05262941723049668,0.011214184395283853,EVE (A),3,3.2,0.05262941723049668,0.01315735430762417,0.2,a,True,,0.0,0,0,3.0,0.0,0,0,0,0,0.0,0.0,0.0,,-24.3,-2,
494,Vicario,GKP,Spurs,19,4.5,0.052419757548675706,0.034884588748961144,NFO (A),3,3.0,0.052419757548675706,0.011648835010816823,0.2,u,False,0.0,0.0,0,0,3.0,0.0,0,0,0,0,0.0,0.0,0.0,Has joined Juventus on loan for the rest of the season,0.0,0,
50,Burrowes,MID,Aston Villa,2,4.5,0.049859178228425734,0.007933505811538687,HUL (A),2,2.8,0.051853545357562765,0.011523010079458391,0.7,a,True,,0.0,0,0,3.0,0.0,0,0,0,0,0.0,0.0,0.0,,-9.4,-1,
607,Lynch,MID,Aston Villa,2,4.5,0.049859178228425734,0.007933505811538687,HUL (A),2,2.8,0.051853545357562765,0.011523010079458391,0.1,u,False,0.0,0.0,0,0,3.0,0.0,0,0,0,0,0.0,0.0,0.0,Has joined Oxford United on loan until January,0.0,0,
189,Shepherd,MID,Coventry City,7,4.5,0.055430598812444075,0.005856965953150146,MCI (A),5,3.0,0.05099615090744855,0.011332477979433011,0.3,a,True,,0.0,0,0,3.0,0.0,0,0,0,0,0.0,0.0,0.0,,-53.9,-3,FALL
191,Borges Rodrigues,MID,Coventry City,7,4.5,0.055430598812444075,0.005856965953150146,MCI (A),5,3.0,0.05099615090744855,0.011332477979433011,0.1,u,False,0.0,0.0,0,0,3.0,0.0,0,0,0,0,0.0,0.0,0.0,Has joined Burton Albion on loan for the rest of the season,0.0,0,
192,Andrews,MID,Coventry City,7,4.5,0.055430598812444075,0.005856965953150146,MCI (A),5,3.0,0.05099615090744855,0.011332477979433011,0.4,u,False,0.0,0.0,0,0,3.0,0.0,0,0,0,0,0.0,0.0,0.0,Has joined Oxford United on loan for the rest of the season,0.0,0,
615,Di Gregorio,GKP,Bournemouth,3,4.5,0.050961891644001875,0.02238328093078469,NEW (A),3,3.2,0.050961891644001875,0.011324864809778195,0.0,a,True,,0.0,0,0,2.0,0.0,0,0,0,0,0.0,0.0,0.0,,0.0,0,
476,O.Richards,DEF,Nott'm Forest,18,4.0,0.05047718647520149,0.010937596427516934,TOT (H),3,3.2,0.05047718647520149,0.012619296618800372,0.2,a,True,,0.0,0,0,3.0,0.0,0,0,0,0,0.0,0.0,0.0,,-33.5,-2,
479,Bindon,DEF,Nott'm Forest,18,4.0,0.05047718647520149,0.010937596427516934,TOT (H),3,3.2,0.05047718647520149,0.012619296618800372,0.2,u,False,0.0,0.0,0,0,3.0,0.0,0,0,0,0,0.0,0.0,0.0,Has joined Charlton Athletic on loan for the rest of the season,0.0,0,
414,Heaton,GKP,Man Utd,16,4.0,0.050257266002709126,0.007930980407720915,EVE (A),3,3.2,0.050257266002709126,0.012564316500677282,0.1,i,False,0.0,0.0,0,0,3.0,0.0,0,0,0,0,0.0,0.0,0.0,Hamstring injury - Unknown return date,-23.8,-2,
312,Taylor,MID,Ipswich Town,12,4.5,0.052324437426242175,0.007023072135374471,LIV (H),4,3.4,0.050231459929192486,0.011162546650931663,0.0,i,False,0.0,0.0,0,0,3.0,0.0,0,0,0,0,0.0,0.0,0.0,Knee injury - Unknown return date,-61.9,-3,FALL
602,Humphreys,MID,Ipswich Town,12,4.5,0.052324437426242175,0.007023072135374471,LIV (H),4,3.4,0.050231459929192486,0.011162546650931663,0.0,u,False,0.0,0.0,0,0,3.0,0.0,0,0,0,0,0.0,0.0,0.0,Has joined Huddersfield Town on loan for the rest of the season,0.0,0,
613,Ahoka,MID,Sunderland,20,4.5,0.049859178228425734,0.008709439606717195,BRE (A),3,3.4,0.049859178228425734,0.011079817384094607,0.2,a,True,,0.0,0,0,2.0,0.0,0,0,0,0,0.0,0.0,0.0,,0.0,0,
555,Matthews,GKP,Crystal Palace,8,4.0,0.049201996091449034,0.013192265793202264,FUL (A),3,2.8,0.049201996091449034,0.012300499022862258,1.8,a,True,,0.0,0,0,3.0,0.0,0,0,0,0,0.0,0.0,0.0,,0.2,1,
174,Kitching,DEF,Coventry City,7,4.0,0.05262941723049668,0.008754495978664968,MCI (A),5,3.0,0.04841906385205695,0.012104765963014238,0.5,u,False,0.0,0.0,0,0,3.0,0.0,0,0,0,0,0.0,0.0,0.0,Has joined Sheffield United on loan for the rest of the season,0.0,0,
177,Kesler-Hayden,DEF,Coventry City,7,4.0,0.05262941723049668,0.008754495978664968,MCI (A),5,3.0,0.04841906385205695,0.012104765963014238,0.0,i,False,0.0,0.0,0,0,3.0,0.0,0,0,0,0,0.0,0.0,0.0,Hamstring injury - Unknown return date,-58.7,-3,FALL
180,Woolfenden,DEF,Coventry City,7,4.0,0.05262941723049668,0.008754495978664968,MCI (A),5,3.0,0.04841906385205695,0.012104765963014238,0.1,i,False,0.0,0.0,0,0,3.0,0.0,0,0,0,0,0.0,0.0,0.0,Knee injury - Unknown return date,-41.4,-3,FALL
178,Bidwell,DEF,Coventry City,7,4.0,0.05262941723049668,0.008754495978664968,MCI (A),5,3.0,0.04841906385205695,0.012104765963014238,0.1,a,True,,0.0,0,0,3.0,0.0,0,0,0,0,0.0,0.0,0.0,,-16.5,-1,
181,Brau,DEF,Coventry City,7,4.0,0.05262941723049668,0.008754495978664968,MCI (A),5,3.0,0.04841906385205695,0.012104765963014238,0.0,u,False,0.0,0.0,0,0,3.0,0.0,0,0,0,0,0.0,0.0,0.0,Has joined Academico de Viseu on loan for the rest of the season,0.0,0,
179,Latibeaudiere,DEF,Coventry City,7,4.0,0.05262941723049668,0.008754495978664968,MCI (A),5,3.0,0.04841906385205695,0.012104765963014238,0.0,a,True,,0.0,0,0,3.0,0.0,0,0,0,0,0.0,0.0,0.0,,-36.4,-2,
355,Davies,GKP,Liverpool,14,4.0,0.04539835592181376,0.007295208182229053,IPS (A),2,2.8,0.04721429015868631,0.011803572539671578,0.2,a,True,,0.0,0,0,3.0,0.0,0,0,0,0,0.0,0.0,0.0,,0.1,1,
354,Jaros,GKP,Liverpool,14,4.0,0.04539835592181376,0.007295208182229053,IPS (A),2,2.8,0.04721429015868631,0.011803572539671578,0.0,i,False,0.0,0.0,0,0,3.0,0.0,0,0,0,0,0.0,0.0,0.0,Knee injury - Unknown return date,0.0,0,
352,Woodman,GKP,Liverpool,14,4.0,0.04539835592181376,0.007295208182229053,IPS (A),2,2.8,0.04721429015868631,0.011803572539671578,1.1,a,True,,0.0,0,0,3.0,0.0,0,0,0,0,0.0,0.0,0.0,,-4.9,-1,
353,Pecsi,GKP,Liverpool,14,4.0,0.04539835592181376,0.007295208182229053,IPS (A),2,2.8,0.04721429015868631,0.011803572539671578,0.0,u,False,0.0,0.0,0,0,3.0,0.0,0,0,0,0,0.0,0.0,0.0,Has joined TSV Hartberg on loan for the rest of the season,0.0,0,
560,Penders,GKP,Chelsea,6,4.5,0.050961891644001875,0.03910046788444978,ARS (A),5,3.2,0.04688494031248173,0.01041887562499594,0.1,a,True,,0.0,0,0,3.0,0.0,0,0,0,0,0.0,0.0,0.0,,-74.0,-3,FALL
361,Lucky,DEF,Liverpool,14,4.0,0.04505443268092193,0.009858089742737941,IPS (A),2,2.8,0.046856609988158805,0.011714152497039701,0.1,a,True,,0.0,0,0,3.0,0.0,0,0,0,0,0.0,0.0,0.0,,-8.4,-1,
365,Ramsay,DEF,Liverpool,14,4.0,0.04505443268092193,0.009858089742737941,IPS (A),2,2.8,0.046856609988158805,0.011714152497039701,0.1,u,False,0.0,0.0,0,0,3.0,0.0,0,0,0,0,0.0,0.0,0.0,Has joined St Mirren on loan for the rest of the season,0.0,0,
363,Leoni,DEF,Liverpool,14,4.0,0.04505443268092193,0.009858089742737941,IPS (A),2,2.8,0.046856609988158805,0.011714152497039701,0.0,i,False,0.0,0.0,0,0,3.0,0.0,0,0,0,0,0.0,0.0,0.0,Knee injury - Unknown return date,-24.4,-2,
171,Dovin,GKP,Coventry City,7,4.0,0.050257266002709126,0.0064766472570446185,MCI (A),5,3.0,0.0462366847224924,0.0115591711806231,1.4,u,False,0.0,0.0,0,0,3.0,0.0,0,0,0,0,0.0,0.0,0.0,Has joined Leyton Orient on loan for the rest of the season,0.0,0,
301,Palmer,GKP,Ipswich Town,12,4.0,0.04789685980782183,0.008987125947538985,LIV (H),4,3.4,0.045980985415508956,0.011495246353877239,4.3,a,True,,0.0,0,0,3.0,0.0,0,0,0,0,0.0,0.0,0.0,,-9.7,-1,
302,Button,GKP,Ipswich Town,12,4.0,0.04789685980782183,0.008987125947538985,LIV (H),4,3.4,0.045980985415508956,0.011495246353877239,0.5,a,True,,0.0,0,0,3.0,0.0,0,0,0,0,0.0,0.0,0.0,,0.7,1,
303,Kipré,DEF,Ipswich Town,12,4.0,0.04717628997505665,0.012815999904693303,LIV (H),4,3.4,0.045289238376054385,0.011322309594013596,0.5,a,True,,0.0,0,0,3.0,0.0,0,0,0,0,0.0,0.0,0.0,,-66.9,-3,FALL
307,Johnson,DEF,Ipswich Town,12,4.0,0.04717628997505665,0.012815999904693303,LIV (H),4,3.4,0.045289238376054385,0.011322309594013596,0.1,u,False,0.0,0.0,0,0,3.0,0.0,0,0,0,0,0.0,0.0,0.0,Has joined Stoke City on loan for the rest of the season,0.0,0,
235,Aznou,DEF,Everton,9,4.0,0.04708947351902066,0.00805857494187189,MUN (H),4,3.0,0.04520589457825983,0.011301473644564958,0.1,u,False,0.0,0.0,0,0,3.0,0.0,0,0,0,0,0.0,0.0,0.0,Has joined Malaga on loan for the rest of the season,0.0,0,
606,Rowe,DEF,Aston Villa,2,4.0,0.04281206121063002,0.01795905327990433,HUL (A),2,2.8,0.04452454365905522,0.011131135914763805,0.1,a,True,,0.0,0,0,3.0,0.0,0,0,0,0,0.0,0.0,0.0,,0.0,0,
39,Nedeljkovic,DEF,Aston Villa,2,4.0,0.04281206121063002,0.01795905327990433,HUL (A),2,2.8,0.04452454365905522,0.011131135914763805,0.2,u,False,0.0,0.0,0,0,3.0,0.0,0,0,0,0,0.0,0.0,0.0,Has joined Rangers on loan for the rest of the season,0.0,0,
38,A.García,DEF,Aston Villa,2,4.0,0.04281206121063002,0.01795905327990433,HUL (A),2,2.8,0.04452454365905522,0.011131135914763805,1.7,a,True,,0.0,0,0,3.0,0.0,0,0,0,0,0.0,0.0,0.0,,-2.1,-1,
601,Williams-Barnett,MID,Spurs,19,4.5,0.04378799014001664,0.008021754935550764,NFO (A),3,3.0,0.04378799014001664,0.009730664475559253,0.1,a,True,,0.0,0,0,3.0,0.0,0,0,0,0,0.0,0.0,0.0,,0.0,0,
524,Olusesi,MID,Spurs,19,4.5,0.04378799014001664,0.008021754935550764,NFO (A),3,3.0,0.04378799014001664,0.009730664475559253,0.7,a,True,,0.0,0,0,3.0,0.0,0,0,0,0,0.0,0.0,0.0,,-76.4,-3,FALL
528,Scarlett,FWD,Spurs,19,4.5,0.04378799014001664,0.006038519963678703,NFO (A),3,3.0,0.04378799014001664,0.009730664475559253,1.7,u,False,0.0,0.0,0,0,3.0,0.0,0,0,0,0,0.0,0.0,0.0,Has joined Leyton Orient permanently,0.0,0,
530,Patterson,GKP,Sunderland,20,4.0,0.04315598445152185,0.013373516675296302,BRE (A),3,3.4,0.04315598445152185,0.010788996112880462,0.1,u,False,0.0,0.0,0,0,3.0,0.0,0,0,0,0,0.0,0.0,0.0,Has joined Wrexham permanently,0.0,0,
540,Masuaku,DEF,Sunderland,20,4.0,0.04281206121063002,0.01795905327990433,BRE (A),3,3.4,0.04281206121063002,0.010703015302657505,0.2,u,False,0.0,0.0,0,0,3.0,0.0,0,0,0,0,0.0,0.0,0.0,Has joined Konyaspor permanently,0.0,0,
538,Hjelde,DEF,Sunderland,20,4.0,0.04281206121063002,0.01795905327990433,BRE (A),3,3.4,0.04281206121063002,0.010703015302657505,0.0,u,False,0.0,0.0,0,0,3.0,0.0,0,0,0,0,0.0,0.0,0.0,Has joined KV Mechelen on loan for the rest of the season,0.0,0,
629,Zetterer,GKP,Leeds,13,4.0,0.04014491808721437,0.008555561385134395,BHA (A),3,3.4,0.04014491808721437,0.010036229521803592,0.2,a,True,,0.0,0,0,1.0,1.0,0,0,0,0,0.0,0.0,0.0,,0.0,0,
497,Dubravka,GKP,Spurs,19,4.0,0.0393604125215963,0.01338546132256827,NFO (A),3,3.0,0.0393604125215963,0.009840103130399075,18.1,a,True,,0.0,0,0,3.0,0.0,0,0,0,0,0.0,0.0,0.0,,-8.6,-1,
495,Austin,GKP,Spurs,19,4.0,0.0393604125215963,0.01338546132256827,NFO (A),3,3.0,0.0393604125215963,0.009840103130399075,0.9,a,True,,0.0,0,0,3.0,0.0,0,0,0,0,0.0,0.0,0.0,,1.2,1,
163,D.Essugo,MID,Chelsea,6,4.5,0.04233012423534281,0.01125659627307932,ARS (A),5,3.2,0.038943714296515386,0.008654158732558974,0.2,u,False,0.0,0.0,0,0,3.0,0.0,0,0,0,0,0.0,0.0,0.0,Has joined RC Strasbourg on loan for the rest of the season,0.0,0,
169,Mheuka,FWD,Chelsea,6,4.5,0.04233012423534281,0.00833949412456599,ARS (A),5,3.2,0.038943714296515386,0.008654158732558974,0.4,a,True,,0.0,0,0,3.0,0.0,0,0,0,0,0.0,0.0,0.0,,1.1,1,
509,Byfield,DEF,Spurs,19,4.0,0.03863984268883112,0.0179750189139182,NFO (A),3,3.0,0.03863984268883112,0.00965996067220778,0.1,a,True,,0.0,0,0,3.0,0.0,0,0,0,0,0.0,0.0,0.0,,-1.8,0,
508,Davies,DEF,Spurs,19,4.0,0.03863984268883112,0.0179750189139182,NFO (A),3,3.0,0.03863984268883112,0.00965996067220778,0.9,a,True,,0.0,0,0,3.0,0.0,0,0,0,0,0.0,0.0,0.0,,-49.9,-3,FALL
510,Rowswell,DEF,Spurs,19,4.0,0.03863984268883112,0.0179750189139182,NFO (A),3,3.0,0.03863984268883112,0.00965996067220778,0.1,a,True,,0.0,0,0,3.0,0.0,0,0,0,0,0.0,0.0,0.0,,-11.3,-1,
511,Souza,DEF,Spurs,19,4.0,0.03863984268883112,0.0179750189139182,NFO (A),3,3.0,0.03863984268883112,0.00965996067220778,0.2,u,False,0.0,0.0,0,0,3.0,0.0,0,0,0,0,0.0,0.0,0.0,Has joined FC Porto on loan for the rest of the season,0.0,0,
58,Forster,GKP,Bournemouth,3,4.0,0.03790254661692246,0.009642328734399812,NEW (A),3,3.2,0.03790254661692246,0.009475636654230615,3.3,a,True,,0.0,0,0,3.0,0.0,0,0,0,0,0.0,0.0,0.0,,2.4,1,
59,Dennis,GKP,Bournemouth,3,4.0,0.03790254661692246,0.009642328734399812,NEW (A),3,3.2,0.03790254661692246,0.009475636654230615,0.2,u,False,0.0,0.0,0,0,3.0,0.0,0,0,0,0,0.0,0.0,0.0,Has joined MK Dons permanently,0.0,0,
66,Soler,DEF,Bournemouth,3,4.0,0.03718197678415729,0.012862866876492608,NEW (A),3,3.2,0.03718197678415729,0.009295494196039323,0.2,a,True,100.0,0.0,0,0,3.0,0.0,0,0,0,0,0.0,0.0,0.0,,0.7,1,
623,Bentley,GKP,Coventry City,7,4.0,0.04014491808721437,0.006970715010260664,MCI (A),5,3.0,0.03693332464023722,0.009233331160059305,0.2,a,True,,0.0,0,0,2.0,0.0,0,0,0,0,0.0,0.0,0.0,,0.0,0,
603,Lienou,DEF,Leeds,13,4.0,0.03585846633607271,0.008612193363704985,BHA (A),3,3.4,0.03585846633607271,0.008964616584018177,0.1,a,True,,0.0,0,0,3.0,0.0,0,0,0,0,0.0,0.0,0.0,,0.0,0,
