tree
version=v4
num_class=1
num_tree_per_iteration=1
label_index=0
max_feature_idx=32
objective=binary sigmoid:1
feature_names=total_points_r3 minutes_r3 bps_r3 ict_index_r3 expected_goal_involvements_r3 expected_goals_conceded_r3 goals_scored_r3 assists_r3 clean_sheets_r3 total_points_r5 minutes_r5 bps_r5 ict_index_r5 expected_goal_involvements_r5 expected_goals_conceded_r5 goals_scored_r5 assists_r5 clean_sheets_r5 season_pts_mean_prior season_gp_prior prev_gw_points prev_gw_minutes self_team_gf_3 self_team_gf_5 self_team_ga_3 self_team_ga_5 opp_team_gf_3 opp_team_gf_5 opp_team_ga_3 opp_team_ga_5 is_home cost position
feature_infos=[-2.3333332538604736:20] [0:90] [-10.333333015441895:77] [0:32.799999237060547] [0:2.0699999332427979] [0:4.5949997901916504] [0:3] [0:4] [0:1] [-2:20] [0:90] [-10:69] [0:32.799999237060547] [0:1.7050000429153442] [0:4.5949997901916504] [0:3] [0:4] [0:1] [-2:20] [1:39] [-7:26] [0:90] [0:5.6666665077209473] [0:5] [0:5.3333334922790527] [0:5] [0:5.6666665077209473] [0:5] [0:5.3333334922790527] [0:5] [0:1] [0.5:15.399999618530273] -1:5:1:2:3:0
tree_sizes=3425 3472 3483 3486 3467 3483 3477 3468 3473 3482 3472 3491 3478 3472 3471 3468 3496 3489 3496 3487 3456 3464 3473 3468 3465 3459 3485 3490 3492 3499 3448 3510 3511 3489 3493 3514 3496 3491 3490 3481 3509 3513 3494 3498 3457 3500 3510 3491 3502 3481 3517 3471 3496 3487 3487 3494 3469 3497 3528 3489 3465 3501 3509 3504 3522 3526 3528 3525 3514 3514 3500 3492 3467 3497 3513 3491 3498 3479 3500 3510 3488 3508 3506 3531 3506 3505 3518 3503 3476 3504 3532 3537 3511 3507 3523 3514 3525 3503 3499 3512 3489 3486 3499 3505 3518 3524 3475 3463 3481 3510 3495 3498 3517 3503 3509 3480 3514 3504 3513 3505 3484 3531 3501 3483 3523 3526 3499 3468 3471 3486 3496 3518 3510 3492 3475 3470 3442 3479 3510 3475 3505 3506 3491 3532 3478 3489 3447 3459 3480 3472 3456 3484 3462 3461 3478 3489 3500 3489 3455 3447 3521 3473 3463 3509 3466 3463 3515 3493 3472 3474 3486

Tree=0
num_leaves=31
num_cat=0
split_feature=21 21 1 1 1 11 10 10 10 21 10 31 11 2 10 1 21 1 21 10 21 1 21 10 20 1 21 21 10 2
split_gain=49757.7 3107.07 2512.39 876.804 502.635 302.951 225.038 185.786 129.588 118.875 105.457 58.7564 52.9615 52.9098 50.3005 44.4962 40.3492 38.8527 36.5116 34.8517 31.092 30.9865 26.8293 26.3212 25.6621 24.8768 23.5895 22.9619 22.4996 21.6185
threshold=26.500000000000004 72.500000000000014 7.1666667461395273 81.833332061767592 50.416666030883796 7.4500000476837167 0.63333335518836986 43.633333206176765 87.90000152587892 17.500000000000004 34.45000076293946 4.8500001430511483 16.550000190734867 12.833333492279055 30.10000038146973 59.166666030883796 89.500000000000014 57.416666030883796 13.500000000000002 62.633333206176765 89.500000000000014 28.166666984558109 1.0000000180025095e-35 64.099998474121108 2.5000000000000004 77.166667938232436 59.500000000000007 8.5000000000000018 17.44999980926514 4.1666667461395273
decision_type=2 2 2 2 2 2 2 2 2 2 2 2 2 2 2 2 2 2 2 2 2 2 2 2 2 2 2 2 2 2
left_child=2 5 6 7 9 19 -1 15 20 10 27 -6 25 16 -11 -3 -9 -13 28 29 -5 -12 -23 -18 -10 -7 -14 -4 -8 -2
right_child=1 3 4 8 11 12 18 13 24 14 21 17 26 -15 -16 -17 23 -19 -20 -21 -22 22 -24 -25 -26 -27 -28 -29 -30 -31
leaf_value=-0.93516926397684552 -0.8555313592983711 -0.79823154868943225 -0.90798029493067245 -0.75649450845586852 -0.85579465851512082 -0.8123972504855641 -0.92157722469957815 -0.78322938144668997 -0.7265296410971358 -0.87509463631661744 -0.89714747442428089 -0.84480420186713145 -0.80005837757376452 -0.7470119182175462 -0.83359387580945477 -0.76847938624162171 -0.77069497001470655 -0.80897016623869122 -0.88783523773475026 -0.81465021081606659 -0.73784627089577692 -0.87933987077795173 -0.85214802413822177 -0.75028046361528233 -0.71568414946139358 -0.78705605211911278 -0.75786161955178266 -0.89069049704602743 -0.90913690559668725 -0.83823527089354555
leaf_weight=9772.8949690461159 428.41285805404186 529.84069561958313 867.86406393349171 284.49779489636421 216.39327152073383 475.27376863360405 1234.8370614498854 268.4609499424696 1358.7581360936165 244.3015471547842 183.90304018557072 119.75566036999226 52.275949135422707 524.42565706372261 104.13535684347153 164.74213452637196 304.07524198293686 205.35492369532585 107.05114683508873 86.224075466394424 1042.8114634305239 408.21059882640839 116.63159966468811 328.4429154843092 911.18437238037586 121.63009679317474 90.389489740133286 246.59252500534058 515.05347494781017 312.40607053041458
leaf_count=46924 2057 2544 4167 1366 1039 2282 5929 1289 6524 1173 883 575 251 2518 500 791 1460 986 514 414 5007 1960 560 1577 4375 584 434 1184 2473 1500
internal_value=-0.867984 -0.761559 -0.92203 -0.744465 -0.878704 -0.823944 -0.932137 -0.769971 -0.729433 -0.889451 -0.894565 -0.835607 -0.800692 -0.759638 -0.862692 -0.791175 -0.766988 -0.82217 -0.916181 -0.844736 -0.741843 -0.879486 -0.873297 -0.760094 -0.722176 -0.807234 -0.773323 -0.904155 -0.917916 -0.848238
internal_weight=21626.8 7283.85 14343 5717.24 2713.14 1566.61 11629.8 2119.99 3597.25 2171.64 1823.2 541.504 739.569 1425.4 348.437 694.583 900.979 325.111 1856.94 827.043 1327.31 708.745 524.842 632.518 2269.94 596.904 142.665 1114.46 1749.89 740.819
internal_count=103840 34973 68867 27451 13027 7522 55840 10179 17272 10427 8754 2600 3551 6844 1673 3335 4326 1561 8916 3971 6373 3403 2520 3037 10899 2866 685 5351 8402 3557
is_linear=0
shrinkage=1


Tree=1
num_leaves=31
num_cat=1
split_feature=21 21 1 1 1 11 18 18 18 1 18 1 21 21 18 18 1 18 12 21 21 18 1 8 24 11 32 18 23 12
split_gain=43928.5 2525.6 2493.95 745.888 542.37 220.737 189.906 182.492 154.441 93.5126 75.1517 74.895 70.0854 68.2753 58.5496 56.6539 53.7184 51.1156 36.2632 33.7508 30.3182 29.7451 29.424 22.0588 22.0475 21.6746 21.1887 19.7599 24.3298 19.7428
threshold=26.500000000000004 70.500000000000014 5.1666667461395273 80.166667938232436 52.166666030883796 7.2249999046325692 1.9486842155456545 0.4629120826721192 1.2742946743965151 89.416667938232436 2.2029411792755131 59.833333969116218 10.500000000000002 10.500000000000002 0.95119047164917003 2.7379863262176518 29.833333015441898 2.1690477132797246 1.0000000180025095e-35 87.500000000000014 81.500000000000014 2.4508064985275273 26.166666984558109 1.0000000180025095e-35 0.58333334326744091 0.45000000298023229 0 0.49324324727058416 1.7083333134651186 2.5708333253860478
decision_type=2 2 2 2 2 2 2 2 2 2 2 2 2 2 2 2 2 2 2 2 2 2 2 2 10 2 9 2 10 2
left_child=2 5 7 6 8 14 11 25 13 21 -6 24 16 22 -2 -7 -10 -11 -9 -13 -8 -5 -4 -17 -3 -1 -15 -26 -29 -25
right_child=1 3 4 9 10 15 20 18 12 17 -12 19 -14 26 -16 23 -18 -19 -20 -21 -22 -23 -24 29 27 -27 -28 28 -30 -31
leaf_value=-0.066966165345144046 0.0022290743433144478 0.028834512574256885 -0.046441481327200954 0.10103780768399323 0.016768727671671532 0.046733538114705049 0.087778028013210038 -0.056295512892447587 -0.029652746447264441 0.11862787896566439 0.054983774387830267 0.060099178451400774 0.012714597075748192 -0.02039102817855637 0.030557102619022298 0.059560764590284657 -0.0029632068545349076 0.13303220224462728 -0.042617216939168222 0.093758435849614477 0.10715416861232485 0.11806702421166547 -0.028566949315616232 0.034978226486053324 0.043749153677882256 -0.057239393227260307 0.0086494787922893942 0.07501210562812774 0.048386650940670434 0.09383250675987459
leaf_weight=8482.91513890028 300.22998706996441 49.296604961156845 609.47927048802376 424.53995615243912 271.71443599462509 422.55172169208527 269.3541767001152 962.8431156873703 354.48657141625881 888.75073866546154 244.33814422786236 92.064925029873848 311.59833355247974 331.74527007341385 464.77212910354137 119.70280534029007 402.7043728530407 2006.1225545704365 975.45513120293617 389.82283189892769 806.00699234008789 647.57279506325722 370.0096844881773 15.823673471808432 101.05592752993107 614.20417939126492 75.073256015777588 335.85763850808144 115.23882003128529 143.21065226197243
leaf_count=41903 1431 230 2977 1945 1291 1981 1249 4755 1727 4049 1154 427 1495 1601 2209 560 1943 9124 4781 1796 3714 2964 1796 74 472 3019 362 1565 537 667
internal_value=0.000103962 0.0969583 -0.052394 0.111068 -0.0117328 0.038014 0.0874159 -0.0633415 -0.021527 0.123938 0.0348626 0.0726405 -0.0072446 -0.0325381 0.0194396 0.0582759 -0.0154582 0.12861 -0.0494119 0.0873278 0.102301 0.111324 -0.0396892 0.0757735 0.0608729 -0.0663094 -0.0153206 0.0637333 0.0682103 0.0879766
internal_weight=21598.5 7591.97 14006.6 6125.68 2971.15 1466.29 2158.7 11035.4 2455.1 3966.99 516.053 1083.34 1068.79 1386.31 765.002 701.289 757.191 2894.87 1938.3 481.888 1075.36 1072.11 979.489 278.737 601.449 9097.12 406.819 552.152 451.096 159.034
internal_count=103798 34994 68804 28072 14346 6922 9990 54458 11901 18082 2445 5027 5165 6736 3640 3282 3670 13173 9536 2223 4963 4909 4773 1301 2804 44922 1963 2574 2102 741
cat_boundaries=0 1
cat_threshold=36
is_linear=0
shrinkage=0.05


Tree=2
num_leaves=31
num_cat=1
split_feature=1 1 1 20 1 20 20 1 18 10 18 1 18 10 11 18 18 0 10 18 18 20 10 18 10 0 1 2 32 0
split_gain=37738.9 3520.94 1365.49 1092.07 414.87 196.979 173.323 169.617 166.881 135.897 108.965 50.5341 47.5228 42.5226 38.0187 34.6069 32.9098 31.8846 38.2555 31.7936 29.0685 24.8623 22.1105 21.2366 21.164 20.7901 20.1687 20.0873 19.8236 19.0242
threshold=29.833333015441898 79.166667938232436 5.1666667461395273 1.5000000000000002 53.416666030883796 1.0000000180025095e-35 1.0000000180025095e-35 55.833333969116218 0.4463601559400559 87.90000152587892 1.2535714507102969 18.833333015441898 1.773460388183594 1.4499999880790713 10.633333683013918 1.8956443071365359 2.1408729553222661 0.58333334326744091 27.633333206176761 2.2768198251724248 1.6376262307167055 1.0000000180025095e-35 1.0000000180025095e-35 1.2029411792755129 62.899999618530281 1.4166666865348818 83.416667938232436 9.5833334922790545 0 1.1666666865348818
decision_type=2 2 2 2 2 2 2 2 2 2 2 2 2 2 2 2 2 2 2 2 2 2 2 2 2 2 2 2 9 2
left_child=2 3 8 4 6 23 20 15 22 16 11 28 21 -10 -9 -5 26 -8 -19 -11 -2 -6 -1 -4 -20 -23 -3 -27 -7 -14
right_child=1 9 5 7 12 10 17 14 13 19 -12 -13 29 -15 -16 -17 -18 18 24 -21 -22 25 -24 -25 -26 27 -28 -29 -30 -31
leaf_value=-0.065797035735368603 -0.017130706805303316 0.077131563870248943 -0.041275371131737799 0.048199994451603126 0.023631926987921659 -0.0016682564690708305 0.058908238016904639 0.077102611444730462 -0.055836712816360212 0.1104107600871678 0.016571217351067459 0.0033002836131770259 0.076505004014673181 -0.040953401794705614 0.094331009711667954 0.069043631953331186 0.10675369254763056 -0.0044409909765890697 0.027241640656980766 0.12305411009096022 0.0029274621372245165 0.059834517820226252 -0.056878218952326587 -0.025095672227356626 0.077377947765065611 0.0089345570358799493 0.097578434814721518 0.049750503443150296 -0.029376498401273606 0.053788886660408319
leaf_weight=8054.1134609282017 451.36247773468494 156.53226844966412 538.84267480671406 471.51980078220367 201.82471899688244 90.030930787324905 70.856873750686646 609.5880873054266 1011.6889301687479 688.10910920798779 423.53290015459061 240.29990345239639 114.76073457300663 913.01290418207645 674.57925599813461 344.72912703454494 1147.6351233422756 100.78287777304649 370.93088486790657 1792.4564011693001 301.13246813416481 143.31652602553368 760.51989796757698 325.2091930359602 22.315372586250305 53.879356414079666 525.45550814270973 68.427243739366531 387.98082262277603 468.16347658634186
leaf_count=41005 2191 703 2672 2165 941 435 325 2747 5121 3013 2018 1147 523 4559 3013 1563 5061 481 1747 7811 1448 654 3838 1600 104 251 2317 314 1894 2151
internal_value=-9.55032e-05 0.0796809 -0.055042 0.0485798 0.0252981 -0.0171738 0.0066096 0.0748248 -0.062115 0.111922 -0.00354396 -0.0154043 0.0487372 -0.0487766 0.0861528 0.057003 0.101584 0.0275418 0.023043 0.119547 -0.00910385 0.0368607 -0.0650275 -0.0351857 0.0300867 0.0469122 0.0928854 0.03177 -0.0248073 0.058261
internal_weight=21523.6 8778.36 12745.2 4468.17 2367.75 2005.9 1317.38 2100.42 10739.3 4310.19 1141.84 718.312 1050.37 1924.7 1284.17 816.249 1829.62 564.886 494.029 2480.57 752.495 467.448 8814.63 864.052 393.246 265.623 681.988 122.307 478.012 582.924
internal_count=103812 39523 64289 20618 11130 9766 6296 9488 54523 18905 5494 3476 4834 9680 5760 3728 8081 2657 2332 10824 3639 2160 44843 4272 1851 1219 3020 565 2329 2674
cat_boundaries=0 1
cat_threshold=10
is_linear=0
shrinkage=0.05


Tree=3
num_leaves=31
num_cat=1
split_feature=1 1 1 20 1 20 18 20 1 1 18 18 1 18 18 18 11 18 0 18 11 1 0 23 32 0 4 18 1 12
split_gain=33855.9 2978.66 1281.97 975.696 342.176 183.504 153.469 141.282 133.111 107.166 97.6708 59.4895 55.2672 45.7887 40.782 39.0723 35.5399 34.7605 33.2906 24.1523 21.4816 21.445 29.9857 19.5649 19.3849 18.7809 18.6446 18.5183 18.3696 18.1757
threshold=29.833333015441898 79.166667938232436 4.1666667461395273 1.5000000000000002 53.416666030883796 1.0000000180025095e-35 0.4463601559400559 1.0000000180025095e-35 55.833333969116218 89.416667938232436 1.2535714507102969 1.8355855941772463 19.166666984558109 2.3380951881408696 2.086335420608521 2.5322916507720952 0.90000000596046459 1.9692234992980959 0.83333334326744091 2.1017241477966313 6.2249999046325692 23.416666984558109 0.58333334326744091 2.1000000238418584 0 1.0000000180025095e-35 0.01334666693583131 0.78474903106689464 64.500000000000014 0.44499999284744268
decision_type=2 2 2 2 2 2 2 2 2 2 2 2 2 2 2 2 2 2 2 2 2 2 2 10 9 2 8 2 2 2
left_child=2 3 6 4 7 25 -1 20 17 13 12 28 24 -3 -10 -11 -8 23 -9 -20 -2 22 -12 26 -7 -4 -5 -27 -6 -28
right_child=1 9 5 8 11 10 16 18 14 15 21 -13 -14 -15 -16 -17 -18 -19 19 -21 -22 -23 -24 -25 -26 27 29 -29 -30 -31
leaf_value=-0.06380360005993238 -0.0161641991187981 0.079046906085731575 -0.017711798016226847 0.071700604428998574 0.025044706175885379 -0.0036343492263580905 -0.053204766431323304 0.045422217362838843 0.068854586607834514 0.10115333444286626 0.036297998623063259 0.055491650316973631 0.0037673245719368979 0.098154200732080921 0.086732387047332007 0.11260487048100179 -0.038727186099315664 0.066304413304652199 0.010024165186497935 0.035598162788990265 0.00081293874418440879 0.030170463147637064 -0.0017494307993496635 0.01961661856606263 -0.029788797504958664 -0.046611760242968821 0.001932707640311164 -0.031202498553590474 0.045454927694775861 0.047484465632415339
leaf_weight=8506.3338783830404 389.95714998245239 498.96581566333771 130.73387923836708 76.359679043292999 333.38457164168358 101.67178048193455 1126.105638101697 146.67574280500412 535.72674049437046 1251.2013643831015 64.979752659797668 565.49320325255394 233.74211493134499 843.74895446002483 788.49057698249817 1840.6637637913227 679.79664361476898 337.20052954554558 300.93418474495411 133.17736165225506 356.82354380190372 128.31658320128918 255.02404411137104 63.751442477107048 429.30562417209148 356.1748790293932 23.468497484922409 430.79906660318375 164.70532047748566 327.42258043587208
leaf_count=44637 1903 2160 651 344 1527 495 5836 669 2352 5322 310 2542 1113 3613 3431 7778 3460 1494 1415 619 1722 599 1218 289 2129 1807 106 2158 745 1478
internal_value=-0.000303371 0.0736972 -0.053698 0.0452451 0.023262 -0.0183913 -0.0609931 0.00633229 0.0696664 0.102849 -0.00562867 0.0443937 -0.0164919 0.0910537 0.0794997 0.107971 -0.047755 0.0539437 0.0248281 0.0178698 -0.00805226 0.0129012 0.00597645 0.0454549 -0.0254102 -0.0352612 0.0493103 -0.0381765 0.0317938 0.0444378
internal_weight=21421.1 8978.15 12443 4543.57 2391.15 2130.75 10312.2 1327.57 2152.42 4434.58 1213.04 1063.58 764.72 1342.71 1324.22 3091.87 1805.9 828.203 580.787 434.112 746.781 448.32 320.004 491.002 530.977 917.708 427.251 786.974 498.09 350.891
internal_count=103922 39509 64413 20636 11142 10480 53933 6328 9494 18873 5864 4814 3737 5773 5783 13100 9296 3711 2703 2034 3625 2127 1528 2217 2624 4616 1928 3965 2272 1584
cat_boundaries=0 1
cat_threshold=10
is_linear=0
shrinkage=0.05


Tree=4
num_leaves=31
num_cat=0
split_feature=21 21 1 1 10 11 18 18 18 18 1 10 18 18 10 11 10 20 21 21 1 21 1 10 18 10 1 25 25 21
split_gain=31779.1 1963.48 1882.74 345.69 323.046 255.719 174.047 109.44 85.7535 68.5812 64.5244 49.15 45.003 41.8508 39.0416 36.0851 35.1311 32.4286 31.4896 29.4408 29.4026 23.3994 23.301 22.3176 20.1803 18.2361 17.8098 17.7108 16.2035 16.0027
threshold=22.500000000000004 75.500000000000014 5.1666667461395273 82.833332061767592 45.100000381469734 8.5500001907348651 0.4463601559400559 1.5469207763671877 0.80277779698371898 1.220486104488373 52.416666030883796 87.90000152587892 1.8027777671813967 2.7379863262176518 31.899999618530277 15.366666316986086 1.0000000180025095e-35 1.0000000180025095e-35 10.500000000000002 10.500000000000002 29.166666984558109 71.500000000000014 29.166666984558109 1.0000000180025095e-35 2.1883445978164677 85.099998474121108 53.833333969116218 0.63333335518836986 1.2916666865348818 89.500000000000014
decision_type=2 2 2 2 2 2 2 2 2 2 2 2 2 2 2 2 2 2 2 2 2 2 2 2 2 2 2 10 10 2
left_child=2 5 6 7 9 8 23 14 -2 18 17 -5 -12 21 28 25 -8 -6 22 20 -11 -10 -4 -1 -13 -7 -17 -14 -3 -9
right_child=1 3 4 11 10 15 16 29 13 19 12 24 27 -15 -16 26 -18 -19 -20 -21 -22 -23 -24 -25 -26 -27 -28 -29 -30 -31
leaf_value=-0.063577397346735079 -0.0027269152413473673 0.025716596772055414 -0.042746500854261488 0.090775944960424709 -0.0087912804733737103 0.045380052939775539 -0.053492242206424095 0.073747088426171059 0.0191528906618307 -0.029152794636839421 0.0038128606256113019 0.094973741435664991 0.063788507581075002 0.053385716619310034 0.06640457806696938 0.036840059227750549 -0.039562663522375696 0.021726253353934515 -0.018077196756068049 0.0033671380324951082 -0.0044970898738606706 0.049058363962368998 -0.024878434451554687 -0.054271740050847575 0.10502393165259871 0.090093103297990293 0.074388993452283725 0.031576108633314774 0.052637192280644576 0.085465145330439987
leaf_weight=7540.506649017334 345.58773271739483 90.353825077414513 593.18974694609642 1377.0339878499508 348.74678963422775 577.4117034971714 814.37783032655716 400.87380647659302 647.22338666021824 298.06354095041752 151.55636231601238 671.91292154788971 52.683439314365387 126.24258108437061 589.16382519900799 36.598863244056702 1019.0407937169075 116.00618332624435 285.51587551832199 204.28825996816158 203.45581424236298 72.763392835855484 263.50693927705288 704.50600397586823 1946.3392852693796 23.741164714097977 230.26139314472675 224.52543354034424 146.56732188165188 1066.4545475691557
leaf_count=40896 1646 404 3053 5756 1705 2546 4348 1716 2986 1498 702 2795 235 565 2559 162 5296 541 1409 968 982 319 1303 3763 8036 101 988 1004 655 4540
internal_value=-0.000252616 0.0756636 -0.0496902 0.0895412 -0.0129517 0.033295 -0.0596838 0.0740685 0.0182604 -0.0248862 0.0117318 0.0984229 0.0257206 0.0268313 0.0595116 0.0539382 -0.04575 -0.00117385 -0.0324578 -0.012633 -0.0191505 0.0221752 -0.0372506 -0.0627823 0.102445 0.0471459 0.0692393 0.0376981 0.0423706 0.0822638
internal_weight=21168.5 8348.53 12820 6288.7 2741.54 2059.83 10078.4 2293.41 1191.82 1848.02 893.518 3995.29 428.765 846.229 826.085 868.013 1833.42 464.753 1142.21 705.808 501.519 719.987 856.697 8245.01 2618.25 601.153 266.86 277.209 236.921 1467.33
internal_count=103477 35774 67703 26461 13400 9313 54303 9874 5516 9213 4187 16587 1941 3870 3618 3797 9644 2246 5765 3448 2480 3305 4356 44659 10831 2647 1150 1239 1059 6256
is_linear=0
shrinkage=0.05


Tree=5
num_leaves=31
num_cat=1
split_feature=21 21 1 1 1 11 18 18 18 18 18 18 21 18 1 11 1 25 11 21 21 1 21 21 1 32 11 18 21 31
split_gain=28723.3 1867.64 1645.34 371.459 298.864 176.407 159.842 118.538 83.2395 64.8738 51.4104 42.877 42.4049 38.7525 35.6539 34.872 32.4664 27.9233 26.3683 25.4402 23.8607 35.372 21.8282 19.5679 18.8974 17.9592 17.8819 17.6397 17.2454 16.021
threshold=20.500000000000004 70.500000000000014 3.8333333730697636 82.833332061767592 30.166666984558109 6.5499999523162851 0.4463601559400559 1.9486842155456545 2.1690477132797246 1.0597147941589358 0.95119047164917003 2.6711711883544926 81.500000000000014 2.2535713911056523 57.416666030883796 0.90000000596046459 44.833333969116218 1.2916666865348818 3.6333333253860478 8.5000000000000018 10.500000000000002 29.833333015441898 80.500000000000014 89.500000000000014 35.833333969116218 0 0.45000000298023229 3.0548048019409184 8.5000000000000018 5.6499998569488534
decision_type=2 2 2 2 2 2 2 2 2 2 2 2 2 2 2 2 2 10 2 2 2 2 2 2 2 9 2 2 2 2
left_child=2 5 6 7 9 10 26 12 18 19 -2 23 -3 24 -10 -8 17 -14 -6 25 21 -11 -13 -5 -7 -4 -1 -12 -20 -23
right_child=1 3 4 11 8 13 15 -9 14 20 27 22 16 -15 -16 -17 -18 -19 28 -21 -22 29 -24 -25 -26 -27 -28 -29 -30 -31
leaf_value=-0.062229261700978637 -0.0037655701951241406 0.037538010620390916 -0.026035698109473329 0.070393155320461545 -0.026393954207416255 0.0069157204961074721 -0.050253134677442295 0.077446538796233366 0.010931475640998459 -0.028274799621329567 0.017491926452636551 0.070806140043421048 0.028542476125977431 0.050666829584274653 0.040818525039921498 -0.035394079622370823 0.066975436699808988 0.059164648691019672 -0.0051630033643450804 -0.022945207522882961 0.000559786470507347 -0.0088489146693184455 0.096976866968558825 0.087515907648144667 0.034892162915545498 -0.047432832931216619 -0.052422087466818645 0.050288723599387131 0.01694529641778211 0.030833308121136722
leaf_weight=7442.419566988945 378.31628374755383 247.20060378313065 252.03723137080669 185.09510187804699 118.69103109836578 71.888889148831367 1045.0860645771027 1367.4263905137777 230.37192614376545 460.16898900270462 513.361154332757 82.670620828866959 120.2127963155508 498.36353735625744 176.04423274099827 634.62447218596935 665.3105016797781 195.53555564582348 394.38886839151382 268.38640402257442 157.82045528292656 129.79944914579391 2199.2935888022184 1693.1003718078136 376.42287509143353 469.44908978044987 495.76157526671886 44.556951224803925 113.61820043623447 31.63438107073307
leaf_count=41720 1819 1078 1306 767 581 330 5702 5717 1079 2351 2368 341 528 2156 773 3353 2825 854 1876 1361 764 635 8956 6934 1663 2468 2723 200 529 154
internal_value=-0.000128581 0.0698892 -0.0488284 0.0821626 -0.0151147 0.0258524 -0.0586517 0.0673199 0.00625343 -0.0275919 0.010463 0.0914236 0.0560458 0.041072 0.0238774 -0.0446391 0.0607093 0.0475061 -0.0051758 -0.0360876 -0.0168022 -0.0212103 0.0960288 0.0858285 0.030406 -0.0409765 -0.0616168 0.0201112 -0.000218377 -0.00107283
internal_weight=21059.1 8638.76 12420.3 6755.85 2802.41 1882.91 9617.89 2595.69 1033.11 1769.3 936.234 4160.16 1228.26 946.675 406.416 1679.71 981.059 315.748 626.698 989.873 779.423 621.603 2281.96 1878.2 448.312 721.486 7938.18 557.918 508.007 161.434
internal_count=103911 36536 67375 28000 13877 8536 53498 11002 4838 9039 4387 16998 5285 4149 1852 9055 4207 1382 2986 5135 3904 3140 9297 7701 1993 3774 44443 2568 2405 789
cat_boundaries=0 1
cat_threshold=2
is_linear=0
shrinkage=0.05


Tree=6
num_leaves=31
num_cat=0
split_feature=1 1 1 20 1 20 10 1 20 10 1 20 1 20 20 31 20 12 0 0 10 0 11 10 0 11 10 10 14 11
split_gain=25000.1 2093.56 1184.01 618.031 244.967 139.908 119.488 103.32 98.1423 95.383 80.1652 32.1849 31.3755 29.5853 27.0319 26.5065 26.4336 25.9485 24.8157 23.4656 22.0493 20.9551 22.4211 20.5395 18.7778 18.4771 17.8329 17.1189 15.4288 15.3853
threshold=29.166666984558109 77.416667938232436 3.1666666269302373 1.5000000000000002 52.166666030883796 1.0000000180025095e-35 0.63333335518836986 53.833333969116218 1.0000000180025095e-35 87.90000152587892 13.166666507720949 5.5000000000000009 82.833332061767592 1.5000000000000002 6.5000000000000009 6.9500000476837167 1.0000000180025095e-35 6.8224999904632577 0.41666667163372045 1.1666666865348818 17.899999618530277 0.83333334326744091 8.5500001907348651 34.100000381469734 1.0000000180025095e-35 15.09999990463257 22.550000190734867 64.633331298828139 1.3695999979972842 6.2249999046325692
decision_type=2 2 2 2 2 2 2 2 2 2 2 2 2 2 2 2 2 2 2 2 2 2 2 2 2 2 2 2 10 2
left_child=2 3 6 4 8 24 -1 14 29 12 15 27 17 18 -5 23 25 -3 -12 -18 -8 -10 -23 -7 -4 -6 -20 -9 -21 -2
right_child=1 9 5 7 16 10 20 11 21 -11 13 -13 -14 -15 -16 -17 19 -19 26 28 -22 22 -24 -25 -26 -27 -28 -29 -30 -31
leaf_value=-0.060054529168967689 -0.015223733865157347 0.060482512990466752 -0.013747378430003674 0.036705605637648443 0.022982529240258315 -0.024058813825375731 -0.047581447454853418 0.052542170594372252 0.035184164901984651 0.089439205493922383 0.026222277442435177 0.075936876991092528 0.079022066284335266 0.023169197233582763 0.060474445414399718 0.025668872640118939 0.058872828777421671 0.088300078403086499 -0.013661975689186893 0.033539567988707629 -0.03270780068749151 0.0067334640473352267 0.032521172529770728 0.024138294988808401 -0.034435250350654187 0.050198914077791361 0.0075980854730875493 0.065842076419542844 0.061495774243462767 -0.00060114498792572708
leaf_weight=8102.6639236956835 384.03718245029449 480.06653507053852 126.68021215498447 645.46915931999683 416.07183188199997 536.9928847104311 758.95220983028412 502.95007781684399 151.62972669303417 2702.9225685894489 73.027461558580399 390.84379000961781 1498.8111201971769 177.79956240952015 146.82955004274845 30.66273021697998 163.12608663737774 101.56955756247044 253.37475883960724 414.66352704167366 370.96505185961723 317.44285887479782 114.76083861291409 23.053885251283646 817.65043745934963 73.355715587735176 161.50803242623806 466.22365607321262 56.021006479859352 338.39159911870956
leaf_count=46840 1907 1990 651 2778 1858 2738 4196 2107 667 10894 344 1614 6089 815 623 150 697 416 1240 1805 2004 1474 518 111 4347 320 770 1935 243 1641
internal_value=-0.000461553 0.0601078 -0.0500747 0.0359531 0.0186688 -0.0171184 -0.0579304 0.0554632 0.00394615 0.0832448 -0.00618892 0.0638247 0.075197 0.00570815 0.0411105 -0.0195965 0.0357904 0.0653402 -0.000654837 0.0425307 -0.0426983 0.0191915 0.0135807 -0.0220748 -0.03166 0.0270617 -0.00538573 0.0589401 0.0368669 -0.00837439
internal_weight=20798.5 9365.19 11433.3 4581.82 2429.5 2200.75 9232.58 2152.32 1306.26 4783.37 1256.42 1360.02 2080.45 665.71 792.299 590.71 1123.24 581.636 487.91 633.811 1129.92 583.833 432.204 560.047 944.331 489.428 414.883 969.174 470.685 722.429
internal_count=103782 39576 64206 20187 11130 11166 53040 9057 6207 19389 6168 5656 8495 3169 3401 2999 4923 2406 2354 2745 6200 2659 1992 2849 4998 2178 2010 4042 2048 3548
is_linear=0
shrinkage=0.05


Tree=7
num_leaves=31
num_cat=0
split_feature=21 10 21 10 10 11 10 21 2 2 25 12 21 21 12 12 10 13 9 11 23 10 31 10 21 20 11 19 10 21
split_gain=23892.4 1483.28 1474.67 306.099 294.63 150.941 100.164 68.0175 51.6648 45.0231 40.9646 32.8216 31.3189 27.881 26.2758 25.336 25.2745 25.0267 24.481 23.7751 18.8878 18.7778 18.4387 18.6408 16.2351 16.0145 16.0085 16.7075 15.7889 15.6341
threshold=20.500000000000004 7.9000000953674325 72.500000000000014 45.100000381469734 70.099998474121108 6.7750000953674325 1.0000000180025095e-35 89.500000000000014 3.8333333730697636 12.833333492279055 0.77500000596046459 6.0099999904632577 10.500000000000002 1.0000000180025095e-35 0.71000000834465038 2.2899999618530278 88.224998474121108 0.17012700438499453 2.8999999761581425 7.7750000953674325 2.1000000238418584 38.225000381469734 4.8500001430511483 71.90000152587892 87.500000000000014 -1.0000000180025095e-35 6.3666667938232431 35.500000000000007 28.633333206176761 82.500000000000014
decision_type=2 2 2 2 2 2 2 2 2 2 10 2 2 2 2 2 2 8 2 2 10 2 2 2 2 2 2 2 2 2
left_child=1 6 5 8 9 15 -1 18 13 14 17 21 -8 28 29 -2 -9 -5 -6 -12 24 -7 -21 -24 -16 -23 27 -10 -3 -4
right_child=2 3 4 10 7 11 12 16 26 -11 19 -13 -14 -15 20 -17 -18 -19 -20 22 -22 25 23 -25 -26 -27 -28 -29 -30 -31
leaf_value=-0.05929634565291008 0.0067164255548714195 -0.039343175082347491 0.0041525553144414846 -0.0018360324934883739 0.052179370605005986 0.01732712603272139 -0.046799232180612868 0.077510702056661357 -0.023706385569637303 0.068419604580573015 -0.0084136593683969575 0.059869873788971108 -0.021895942394786601 -0.019539859696796828 0.047792845779677594 0.026612017611188723 0.085667094902225516 0.051085902461925507 0.072767637404986915 -0.00035264286884562155 0.038759610531718322 -0.0073817893015147816 0.012654319162387379 0.044426789719399382 0.061533117948111865 0.038746427728147202 -0.00532071883234728 0.029974758818407526 -0.026019856392842773 0.041973878693823713
leaf_weight=7597.9733133018017 792.70442819595337 797.72290022671223 32.830865353345871 30.57365982234478 238.11077831685543 135.93356123566628 1083.6920920759439 1512.1826685965061 345.34965926408768 663.75987184047699 238.95128168165684 147.9390394538641 142.89806206524372 355.89882579445839 298.18865364789963 200.4871396869421 2553.8056004792452 82.946836873888969 366.82499668002129 216.9205709695816 150.13343451917171 19.319484621286392 235.72794768214226 57.406024441123009 770.44394516944885 721.61289028823376 268.16760277748108 15.129685193300245 308.30532984435558 162.89230915904045
leaf_count=45469 3713 4372 143 142 971 604 6142 6108 1753 2702 1141 615 743 1821 1251 892 10234 376 1484 1011 627 83 1090 249 3193 3076 1309 76 1639 695
internal_value=-0.000370442 -0.0468914 0.062125 -0.0162182 0.073338 0.0246231 -0.057156 0.0803064 -0.026558 0.0576764 0.00884341 0.038085 -0.043898 -0.0317124 0.0526351 0.0107326 0.0826336 0.0368328 0.0646638 0.00460129 0.055366 0.0344096 0.0106986 0.0188765 0.0576991 0.0375437 -0.0145715 -0.0214533 -0.0356293 0.0356297
internal_weight=20544.8 11777.7 8767.17 2953.1 6749.17 2018 8824.56 4670.92 2090.57 2078.25 862.526 1024.8 1226.59 1461.93 1414.49 993.192 4065.99 113.52 604.936 749.006 1218.77 876.866 510.055 293.134 1068.63 740.932 628.647 360.479 1106.03 195.723
internal_count=103724 67333 36391 14979 27408 8983 52354 18797 10970 8611 4009 4378 6885 7832 5909 4605 16342 518 2455 3491 5071 3763 2350 1339 4444 3159 3138 1829 6011 838
is_linear=0
shrinkage=0.05


Tree=8
num_leaves=31
num_cat=1
split_feature=21 21 10 10 10 10 10 10 2 2 12 20 25 10 21 21 21 0 10 32 31 21 3 23 2 31 2 19 31 2
split_gain=21710.9 1430.65 1338.51 281.298 238.526 183.021 102.226 52.5443 49.9156 46.3104 32.4584 30.5586 28.9237 27.5336 26.8922 26.8499 20.7811 22.2021 17.6913 17.6087 30.5892 17.0368 18.6787 18.0761 17.7807 16.8479 16.222 15.6402 15.2494 13.7507
threshold=18.500000000000004 75.500000000000014 7.9000000953674325 49.225000381469734 69.633331298828139 54.45000076293946 1.0000000180025095e-35 88.224998474121108 4.1666667461395273 3.8333333730697636 0.54500001668930065 -1.4999999999999998 0.63333335518836986 81.450000762939467 1.0000000180025095e-35 9.5000000000000018 89.500000000000014 2.1666666269302373 70.099998474121108 0 5.1499998569488534 86.500000000000014 2.9833333492279057 2.1000000238418584 14.833333492279055 4.3500001430511483 10.166666507720949 6.5000000000000009 7.5499999523162851 12.833333492279055
decision_type=2 2 2 2 2 2 2 2 2 2 2 2 10 2 2 2 2 2 2 9 2 2 2 10 2 2 2 2 2 2
left_child=2 5 6 9 10 8 -1 16 19 14 -3 -7 -5 29 -4 -8 17 -6 -14 -2 -21 22 -12 27 -25 -20 -11 -23 -16 -13
right_child=1 4 3 12 7 11 15 -9 -10 26 21 13 18 -15 28 -17 -18 -19 25 20 -22 23 -24 24 -26 -27 -28 -29 -30 -31
leaf_value=-0.058408604961216949 0.017890940043602335 0.029821242019348538 -0.034556451236885298 0.037046035941928158 0.043165955779622546 -0.034134156011704241 -0.045253645253351085 0.080503748248146836 0.022264122155832511 -0.018712641065777257 0.035530323541893061 0.033844812940338719 0.0019345887771437438 0.061131226964710066 -0.02028472030128009 -0.021419381538025833 0.072427184607530518 0.067693367282502762 -0.018443055463214016 -0.013249408347914497 0.010470985945117998 0.077315285657739957 0.057946149680903482 0.03589791260451463 0.063505744914175585 0.028574455666495031 0.0010873313760512368 0.059584179296538413 0.039577852282946246 0.047673607601771022
leaf_weight=7341.6242683082819 149.34904757142067 119.52873657643795 1112.9477162659168 88.551812872290611 134.4275633841753 13.399097740650175 1049.9869610518217 2646.9099209159613 694.49563583731651 540.71881420910358 179.11994212865829 563.95986157655716 488.02658624947071 156.34264795482159 317.74802553653717 133.14651866257191 1564.374041929841 294.15528731048107 22.393235057592392 263.90293498337269 280.24397167563438 140.57486674189568 193.1468208283186 148.58027575910091 96.005231037735939 127.74090249836445 127.91859072446823 1078.7747318595648 11.00710307061672 263.86861851811409
leaf_count=45490 708 508 6152 397 545 58 6106 10590 3079 2741 747 2396 2290 639 1646 710 6283 1184 102 1258 1303 575 789 613 387 558 613 4407 55 1090
internal_value=-0.000385797 0.0577119 -0.0463103 -0.0165618 0.0697135 0.02453 -0.0562106 0.0758868 0.0127891 -0.0258008 0.0550679 0.040866 0.0102678 0.0418871 -0.030845 -0.0425714 0.0697548 0.0600002 0.00655205 0.00330035 -0.0010144 0.0567113 0.0471605 0.05914 0.0467346 0.0215616 -0.0149247 0.0616283 -0.0182805 0.0382527
internal_weight=20343 8981.16 11361.8 2837.05 6595.6 2385.56 8524.76 4639.87 1387.99 2110.34 1955.73 997.57 726.713 984.171 1441.7 1183.13 1992.96 428.583 638.161 693.496 544.147 1836.2 372.267 1463.94 244.586 150.134 668.637 1219.35 328.755 827.828
internal_count=104019 37159 66860 14554 26628 10531 52306 18602 6348 11207 8026 4183 3347 4125 7853 6816 8012 1729 2950 3269 2561 7518 1536 5982 1000 660 3354 4982 1701 3486
cat_boundaries=0 1
cat_threshold=10
is_linear=0
shrinkage=0.05


Tree=9
num_leaves=31
num_cat=1
split_feature=21 1 21 1 1 18 18 18 18 21 31 18 18 21 2 32 11 1 21 11 1 18 8 13 24 3 11 5 21 1
split_gain=19733.8 1328.34 1299.4 247.844 223.314 141.941 137.008 96.8238 80.3541 45.3826 39.7692 38.2144 34.4236 32.3104 32.1611 26.1716 25.7509 23.6623 22.0724 21.4312 19.7627 17.1109 16.0879 15.5499 15.3303 14.945 14.3944 13.8642 12.8099 12.5302
threshold=18.500000000000004 3.8333333730697636 70.500000000000014 79.416667938232436 52.166666030883796 0.4463601559400559 1.2535714507102969 1.5067567825317385 1.5469207763671877 87.500000000000014 4.8500001430511483 2.8834841251373295 2.2768198251724248 89.500000000000014 6.5833332538604745 0 0.90000000596046459 29.833333015441898 12.500000000000002 3.1000000238418584 59.166666030883796 0.056349206715822227 0.58333334326744091 0.11801800131797792 0.58333334326744091 3.3833333253860478 12.09999990463257 0.5273166596889497 6.5000000000000009 57.166666030883796
decision_type=2 2 2 2 2 2 2 2 2 2 2 2 2 2 2 9 2 2 2 2 2 2 2 8 10 2 2 8 2 2
left_child=1 5 6 8 7 21 14 15 20 -5 -6 26 -11 25 -2 -3 -7 18 -9 28 24 -1 29 -19 -4 -10 -8 -21 -17 -12
right_child=2 4 3 9 10 16 11 17 13 12 22 -13 -14 -15 -16 19 -18 23 -20 27 -22 -23 -24 -25 -26 -27 -28 -29 -30 -31
leaf_value=-0.059056418979883285 -0.0037284097238389222 -0.01702578439685664 0.0047994950572077246 0.057300529097370968 0.00026819298408858834 -0.04606527564431568 0.020561704911781928 -0.021173879805933448 0.039375241891055179 0.06714191133098206 0.0077862056156711643 0.042160909157857723 0.076922464529324802 0.064717589482091151 0.020866729135819596 -0.04497827788320774 -0.032654089375334844 -0.010862088199904474 0.012706778934508443 -0.03488871697743115 0.049126469093229208 -0.052893601652430601 0.067729153065047565 0.010119521203689232 0.036695620396576804 0.056697463475281755 0.036883390131712657 -0.015612931043918225 -0.029046413072627952 0.032826574030420802
leaf_weight=5529.9360750615597 552.9661490470171 440.98371873795986 40.767113491892815 472.93772740662098 198.84845797717571 926.98215067386627 733.4111935198307 287.19944325089455 221.9251661002636 1348.2593173235655 69.458105504512787 399.01572102308273 2703.747937425971 957.88533926010132 174.97199653089046 385.29230463504791 583.06648445129395 138.12587501108646 57.735079124569893 171.42374148964882 384.24356506764889 1414.3718771487474 25.204294890165329 244.82692661881447 496.12887266278267 283.68596056103706 165.58140820264816 204.65181589126587 187.60231982171535 177.96219748258591
leaf_count=35588 2637 2342 173 1898 900 5708 3220 1525 911 5397 311 1668 10835 3863 772 2180 3330 666 281 913 1563 8939 109 1172 2080 1149 692 1057 998 767
internal_value=-0.000485285 -0.0451834 0.0547584 0.0650829 -0.0138494 -0.0547801 0.0195463 -0.0207776 0.0520384 0.0719574 0.0172716 0.0292835 0.0736681 0.05932 0.00218344 -0.0285141 -0.0408869 -0.00600409 -0.0155029 -0.0333221 0.0404694 -0.0578012 0.0296737 0.00255174 0.0342737 0.0490943 0.0235679 -0.0243993 -0.0397612 0.025797
internal_weight=19979.2 11043.7 8935.53 6909.58 2589.31 8454.36 2025.95 2117.84 2384.64 4524.94 471.473 1298.01 4052.01 1463.5 727.938 1389.95 1510.05 727.887 344.935 948.97 921.14 6944.31 272.625 382.953 536.896 505.611 898.993 376.076 572.895 247.42
internal_count=103644 66786 36858 27869 13221 53565 8989 11134 9739 18130 2087 5580 16232 5923 3409 7490 9038 3644 1806 5148 3816 44527 1187 1838 2253 2060 3912 1970 3178 1078
cat_boundaries=0 1
cat_threshold=2
is_linear=0
shrinkage=0.05


Tree=10
num_leaves=31
num_cat=2
split_feature=21 10 21 10 10 1 18 18 18 10 18 5 11 18 1 18 21 19 1 32 18 10 18 13 28 1 12 32 24 21
split_gain=18083.7 1267.27 1257.72 275.557 189.471 143.292 125.683 52.6147 51.4909 49.45 46.7903 39.4704 36.4692 35.0411 28.7101 27.7334 23.6222 22.2041 21.1255 19.6368 19.3392 19.3147 18.533 17.0343 15.7729 15.3548 15.3339 15.2808 14.8361 14.6625
threshold=17.500000000000004 12.633333683013918 70.500000000000014 70.099998474121108 48.549999237060554 1.0000000180025095e-35 1.8956443071365359 1.3585714101791384 1.0597147941589358 87.90000152587892 0.52859479188919078 0.70733332633972179 2.6333333253860478 2.2029411792755131 52.833333969116218 0.8550420105457307 76.500000000000014 9.5000000000000018 59.166666030883796 0 1.8591269850730898 62.100000381469734 2.3380951881408696 0.066023997962474837 2.8333333730697636 87.833332061767592 3.5099999904632573 1 2.1666666269302373 10.500000000000002
decision_type=2 2 2 2 2 2 2 2 2 2 2 8 2 2 2 2 2 2 2 9 2 2 2 8 10 2 2 9 10 2
left_child=1 5 6 7 8 10 12 17 -3 20 -1 -10 27 -6 -15 -7 -9 -4 28 -17 23 -8 -11 -5 25 -18 -23 -2 -19 -13
right_child=2 4 3 9 13 15 21 16 11 22 -12 29 -14 14 -16 19 24 18 -20 -21 -22 26 -24 -25 -26 -27 -28 -29 -30 -31
leaf_value=-0.057634504152213356 0.011598155767079912 -0.031581109879462499 0.052999095036744083 0.066414399579598674 -0.0018107646508813515 -0.041745785414741755 0.024658517561024433 0.03529356827148937 -0.023997139121134443 0.066637912942008951 -0.044668390118948631 -0.0068374248689880169 0.01342450347238233 0.0038972042670190146 0.032678959183201822 0.0031521061366525747 0.052263165018180041 0.019493362956251443 0.042904279554099194 -0.029562160430576648 0.065363166936577635 0.02607027226115842 0.075658591426243038 0.046773206550640642 0.080913987844243265 0.070340565427969612 0.045936845965802303 -0.010111727521488702 0.04384279598440697 0.020125797553554092
leaf_weight=6425.5245861411095 99.596373483538628 745.52517879009247 178.39511942863464 172.92976669967175 382.32293622195721 743.01021711528301 457.04735387861729 162.14010182023048 477.29951639473438 811.42365683615208 780.27919438481331 397.1635028719902 790.67259396612644 154.34384825825691 197.53521317243576 61.299516469240189 1027.6097056120634 279.29315805435181 300.57257790863514 250.1271360963583 1568.0025173872709 145.30754174292088 1908.8485899865627 305.2394685447216 58.61396136879921 132.62619598209858 292.93614991009235 315.8800643235445 80.614115744829178 57.752008944749832
leaf_count=42802 475 4149 736 694 1802 4456 1980 664 2559 3256 4934 2107 3532 737 840 350 4144 1166 1213 1415 6283 604 7695 1225 236 531 1200 1527 336 276
internal_value=-0.000261981 -0.044401 0.0515726 0.0617742 -0.0125157 -0.0537113 0.017657 0.0472234 -0.0217862 0.0685509 -0.0562305 -0.0139529 0.00712208 0.00866854 0.0200545 -0.036496 0.0532229 0.0373469 0.0331192 -0.0239709 0.0626788 0.0318498 0.0729678 0.0538764 0.055608 0.0543296 0.0393497 -0.00487174 0.0249473 -0.00341442
internal_weight=19759.9 10672.2 9087.75 6986.31 2411.94 8260.24 2101.44 2219.86 1677.74 4766.44 7205.8 932.215 1206.15 734.202 351.879 1054.44 1380.99 838.875 660.48 311.427 2046.17 895.291 2720.27 478.169 1218.85 1160.24 438.244 415.476 359.907 454.916
internal_count=103924 66427 37497 28179 12470 53957 9318 9026 9091 19153 47736 4942 5534 3379 1577 6221 5575 3451 2715 1765 8202 3784 10951 1919 4911 4675 1804 2002 1502 2383
cat_boundaries=0 1 2
cat_threshold=2 10
is_linear=0
shrinkage=0.05


Tree=11
num_leaves=31
num_cat=2
split_feature=21 10 21 10 10 18 18 18 21 21 2 18 25 5 18 10 21 18 10 3 10 32 32 18 19 25 14 18 9 4
split_gain=16580.6 1411.81 980.196 235.847 185.311 133.857 110.687 59.6764 54.3401 46.1737 34.6401 33.4313 32.3465 29.8934 29.6751 29.6231 29.0334 25.3065 25.1391 22.0658 21.0272 20.5423 16.8202 16.5566 15.5664 15.4018 14.9738 13.8004 14.5927 13.7754
threshold=21.500000000000004 7.9000000953674325 75.500000000000014 45.100000381469734 70.099998474121108 1.9486842155456545 0.12310606241226198 1.0597147941589358 89.500000000000014 1.0000000180025095e-35 6.5833332538604745 1.2320513129234316 0.63333335518836986 0.6300666630268098 2.2768198251724248 62.100000381469734 1.5000000000000002 1.8198052048683169 33.366666793823249 3.5416666269302373 63.100000381469734 0 1 1.2880184054374697 3.5000000000000004 1.1000000238418581 0.45003999769687658 0.73431372642517101 1.2250000238418581 0.21677666902542117
decision_type=2 2 2 2 2 2 2 2 2 2 2 2 10 8 2 2 2 2 2 2 2 9 9 2 2 10 10 2 2 10
left_child=1 6 5 7 11 10 24 16 19 21 27 18 26 -9 -10 -7 -3 22 -4 -6 -14 -8 -11 -22 -1 -13 -5 -2 -29 -20
right_child=2 3 4 12 8 15 9 13 14 17 -12 25 20 -15 -16 -17 -18 -19 29 -21 23 -23 -24 -25 -26 -27 -28 28 -30 -31
leaf_value=-0.05001421722184686 -0.0048236527475516745 -0.035672338588107623 0.025429986213535812 0.044369731275451157 0.035596905008022102 0.025737779273392422 -0.03747976904107244 -0.021796089935320062 0.061657385608322707 -0.036287647390849539 0.021539629714890443 0.044972938521588013 -0.0011250025399360997 -0.0046411731347145392 0.070824101719055441 0.042869875790714475 -0.016275576609969918 0.02539683331668538 0.047751534391330883 0.05784962334745905 -0.011966695985577725 -0.052390062000571093 -0.0062112414554652013 0.020880024087522455 -0.0580892093600349 0.056116749985779327 0.0024284315006520311 0.015658382465307107 -0.002712686753762546 0.004008908296062463
leaf_weight=680.21382102370262 272.2012601941824 743.78145740926266 235.58972676098347 84.583855733275414 167.25072972476482 449.61523276567459 691.49448698759079 522.36952975392342 1301.1759761571884 277.53360936045647 464.389469191432 475.86203390359879 490.7262100726366 494.18811136484146 2746.4054069072008 575.00214877724648 260.48498775064945 21.090640693902969 404.64157032966614 333.61654189229012 45.388240829110146 1090.6552215218544 76.628026068210602 247.91079752147198 4868.2007701396942 889.88326106965542 28.434955775737762 311.59300200641155 165.51468247175217 18.836268395185471
leaf_count=4714 1300 4324 980 373 671 1910 4576 2838 5233 1637 1979 1915 2345 2605 11120 2339 1390 114 1637 1338 209 7150 449 1084 33656 3580 128 1429 724 76
internal_value=-8.68844e-05 -0.0421464 0.0506222 -0.0125256 0.0603535 0.0220443 -0.0533625 -0.0219966 0.0659548 -0.0437524 0.0108098 0.0477709 0.00881025 -0.0134564 0.0678773 0.0353521 -0.0306412 -0.0278116 0.0385223 0.0504189 0.0052054 -0.047109 -0.0309802 0.015797 -0.0570992 0.0522339 0.0338175 0.0041599 0.00928523 0.0458059
internal_weight=19435.3 10623.7 8811.58 2917.87 6573.26 2238.32 7705.82 2020.82 4548.45 2157.4 1213.7 2024.81 897.044 1016.56 4047.58 1024.62 1004.27 375.252 659.068 500.867 784.025 1782.15 354.162 293.299 5548.41 1365.75 113.019 749.309 477.108 423.478
internal_count=103823 67592 36231 15296 26550 9681 52296 11157 18362 13926 5432 8188 4139 5443 16353 4249 5714 2200 2693 2009 3638 11726 2086 1293 38370 5495 501 3453 2153 1713
cat_boundaries=0 1 2
cat_threshold=10 36
is_linear=0
shrinkage=0.05


Tree=12
num_leaves=31
num_cat=2
split_feature=21 1 21 1 1 18 18 18 18 18 11 18 32 12 14 1 11 1 21 11 21 18 19 19 18 21 1 14 32 21
split_gain=15345.6 1169.34 1015.15 226.053 202.004 136.005 115.349 62.7016 51.7987 43.2041 36.3745 33.9753 25.3712 24.8328 23.6836 22.6484 20.2585 19.2938 18.7019 17.4906 16.2806 16.0086 15.7071 14.7432 13.4373 13.4081 12.9644 12.8821 12.5298 15.894
threshold=18.500000000000004 3.4166666269302373 71.500000000000014 86.166667938232436 30.166666984558109 0.4463601559400559 2.1017241477966313 1.5469207763671877 1.6711711287498476 0.78474903106689464 3.1000000238418584 2.1408729553222661 0 1.0000000180025095e-35 1.2754999995231631 59.833333969116218 13.09999990463257 52.416666030883796 1.0000000180025095e-35 16.550000190734867 84.500000000000014 0.12310606241226198 9.5000000000000018 4.5000000000000009 2.2240144014358525 89.500000000000014 29.166666984558109 1.1427099704742434 1 2.5000000000000004
decision_type=2 2 2 2 2 2 2 2 2 2 2 2 9 2 8 2 2 2 2 2 2 2 2 2 2 2 2 10 9 2
left_child=1 5 6 7 9 21 10 15 -6 28 -2 25 -10 -7 -11 22 20 18 -14 27 -9 23 -4 -1 -16 -5 -24 -8 -3 -30
right_child=2 4 3 11 8 13 19 16 12 14 -12 -13 17 -15 24 -17 -18 -19 -20 -21 -22 -23 26 -25 -26 -27 -28 -29 29 -31
leaf_value=-0.050571148912651791 -0.0031799319030895237 -0.02041305478685336 0.044544221783749997 0.034813828952821854 -0.0083668574481487491 -0.044791067699631912 0.02502694330776329 0.038783861597064186 -0.011173524023675781 -0.024186317755649209 0.014135634598457 0.068109294248668184 -0.0038450815141968017 -0.031402577807487828 -0.013713058991179845 0.044404280682608745 0.057673070960541917 0.028253717832400063 0.028230415614230092 0.046479249060846384 0.05131425052452418 -0.049267745507729131 -0.0054921155222600682 -0.057758734040924832 0.0074094338868320037 0.058990721297644988 0.02735472192501795 0.04401828005662918 -0.047933122405471734 -0.027981365813560168
leaf_weight=848.26072612404823 473.30541506409645 205.67192740738392 132.45454639196396 60.633588403463364 435.34877835214138 711.30346354842186 534.33855573832989 366.55085004866123 78.051425650715828 574.06058566272259 844.35741366446018 2587.6578667163849 127.17318829894066 675.00830446183681 291.28840760886669 490.99417351186275 842.72615025937557 264.83391806483269 70.713114500045776 164.41474741697311 885.36811329424381 860.57791046798229 32.643397614359856 4489.2462084293365 101.54129698872566 1057.7636718600988 376.72568066418171 107.20817194879055 275.44688695669174 156.55079124867916
leaf_count=6083 2258 1180 543 243 2139 4807 2242 1476 353 3134 3691 10582 616 4098 1577 1971 3384 1130 326 665 3551 5956 139 32264 522 4278 1547 439 1688 896
internal_value=-0.000491546 -0.0425374 0.0472244 0.056608 -0.0134651 -0.0524295 0.0170295 0.0467085 0.00447021 -0.0243759 0.00791587 0.064962 0.0148047 -0.0382721 -0.017713 0.0366263 0.0516798 0.0190172 0.00761685 0.0319294 0.0476455 -0.0555961 0.0295779 -0.0566165 -0.00825317 0.05768 0.0247355 0.0282006 -0.0344788 -0.039782
internal_weight=19122.2 10165.1 8957.14 6833.52 2580.68 7584.4 2123.62 3127.46 976.12 1604.56 1317.66 3706.06 540.772 1386.31 966.89 1032.82 2094.65 462.72 197.886 805.961 1251.92 6198.08 541.824 5337.51 392.83 1118.4 409.369 641.547 637.67 431.998
internal_count=103778 66769 37009 27714 13561 53208 9295 12611 4564 8997 5949 15103 2425 8905 5233 4200 8411 2072 942 3346 5027 44303 2229 38347 2099 4521 1686 2681 3764 2584
cat_boundaries=0 1 2
cat_threshold=4 2
is_linear=0
shrinkage=0.05


Tree=13
num_leaves=31
num_cat=0
split_feature=1 1 10 20 20 1 18 10 18 20 18 1 10 18 23 18 18 10 20 18 2 1 24 1 31 20 5 20 18 1
split_gain=13595.8 1084.6 952.331 290.572 180.688 104.543 75.7021 59.1488 56.2556 53.489 41.3115 35.7227 30.641 26.5027 23.7355 23.1103 22.5763 22.0541 19.4597 16.8974 15.7231 15.3437 14.7743 14.1315 14.008 13.707 13.6544 13.6497 13.3132 18.2315
threshold=29.166666984558109 79.833332061767592 3.1000000238418584 1.5000000000000002 1.0000000180025095e-35 52.166666030883796 0.12310606241226198 87.90000152587892 2.6933760643005376 1.0000000180025095e-35 1.6933760643005373 58.416666030883796 22.22500038146973 0.55718955397605907 2.1000000238418584 2.7533783912658696 1.5779352784156802 41.899999618530281 -1.0000000180025095e-35 2.6711711883544926 14.416666507720949 60.166666030883796 0.58333334326744091 11.416666507720949 7.0499999523162851 5.5000000000000009 0.18708333373069766 -1.4999999999999998 0.81980520486831676 2.8333333730697636
decision_type=2 2 2 2 2 2 2 2 2 2 2 2 2 2 10 2 2 2 2 2 2 2 10 2 2 2 8 2 2 2
left_child=2 3 6 5 13 9 -1 18 11 16 12 14 24 -4 -5 27 -2 -11 -3 -9 -20 -13 -14 -24 25 -6 -15 -7 -8 -30
right_child=1 7 4 8 10 15 28 19 -10 17 -12 21 22 26 -16 -17 -18 -19 20 -21 -22 -23 23 -25 -26 -27 -28 -29 29 -31
leaf_value=-0.056023262753783103 -0.013262185534898652 0.0050070020620432906 -0.039655760103060232 0.028900273098508539 -0.0159587983701997 -0.03218584368773815 -0.046681009091951067 0.059595886595629657 0.049068476791207266 0.0064705808158518063 0.012875752196281915 0.050900196389180134 -0.030817773948541117 -0.031947966933563922 0.0045354302834519191 0.035560701422413458 0.0050204933724339344 0.02589703525070905 0.04849130598422044 0.067765434039893074 0.057666895723468531 0.035767340218383147 -0.01465202272509997 0.020995488390557367 0.028065740077251836 0.018800928408435363 -0.019978625780509449 0.020857644781357453 -0.039236882303689699 0.00076257980963490414
leaf_weight=5118.6256535500288 399.42349502444267 20.959567993879318 455.68892289698124 684.16254538297653 682.15223562717438 12.295874774456022 1065.7483787238598 1056.5374506413937 795.90877312421799 336.04561522603035 292.62850660085678 238.47162514925003 20.778166890144348 413.50390583276749 117.0586134493351 332.19470465183258 292.51313108205795 258.46781089901924 863.4764387011528 1578.6848352402449 1016.5206112116575 562.87012082338333 34.822414666414261 137.89121124148369 19.854905366897583 29.591928526759148 562.2607648819685 889.90003255009651 481.98005820810795 30.276974469423294
leaf_count=38211 2072 85 2883 2808 3600 53 7536 4335 3204 1513 1365 957 101 2498 483 1366 1418 1132 3493 6561 4123 2270 184 657 99 140 3265 3782 3323 181
internal_value=-0.000265324 0.042006 -0.0430327 0.0257446 -0.0176564 0.0138913 -0.0530716 0.0596408 0.0382027 0.00391721 -0.00349866 0.0328062 -0.00867828 -0.0297002 0.0253406 0.0242861 -0.00553326 0.0149163 0.0529184 0.06449 0.0534526 0.0402707 0.00901608 0.0138083 -0.013358 -0.0145136 -0.0250509 0.0201347 -0.043497 -0.0368727
internal_weight=18801.3 9455.49 9345.8 4919.31 2649.17 2520.84 6696.63 4536.18 2398.47 1286.45 1217.72 1602.56 925.091 1431.45 801.221 1234.39 691.937 594.513 1900.96 2635.22 1880 801.342 193.492 172.714 731.599 711.744 975.765 902.196 1578.01 512.257
internal_count=103698 39655 64043 21058 14792 11336 49251 18597 9722 6135 6146 6518 4781 8646 3291 5201 3490 2645 7701 10896 7616 3227 942 841 3839 3740 5763 3835 11040 3504
is_linear=0
shrinkage=0.05


Tree=14
num_leaves=31
num_cat=3
split_feature=1 1 10 20 1 20 1 10 18 18 32 20 18 32 18 32 18 20 18 20 19 20 31 1 18 9 18 5 10 11
split_gain=12685.3 1129.52 728.731 316.333 113.21 98.8287 79.644 72.3872 49.0173 41.8361 37.4129 34.8768 34.312 26.1895 25.6171 24.7914 20.8372 20.2291 19.8784 19.0535 17.2436 16.5106 16.6378 16.4527 16.2091 16.0845 15.9297 15.8897 15.8127 15.2478
threshold=24.166666984558109 79.166667938232436 1.4499999880790713 1.0000000180025095e-35 53.833333969116218 1.0000000180025095e-35 52.416666030883796 87.90000152587892 0.12310606241226198 1.4202036857604983 0 2.5000000000000004 2.1550481319427495 1 1.0923295617103579 2 2.3380951881408696 2.5000000000000004 0.30151516199111944 1.5000000000000002 4.5000000000000009 -1.4999999999999998 4.1499998569488534 11.416666507720949 0.57359308004379284 0.55000001192092907 1.603030323982239 0.40416666865348821 24.10000038146973 8.9000000953674334
decision_type=2 2 2 2 2 2 2 2 2 2 9 2 2 9 2 9 2 2 2 2 2 2 2 2 2 2 2 8 2 2
left_child=2 3 8 6 12 10 26 17 20 13 24 29 15 27 -12 19 -9 -3 -17 28 -1 -8 -23 -15 -4 -11 -2 -7 -5 -6
right_child=1 7 5 4 11 9 21 16 -10 25 14 -13 -14 23 -16 18 -18 -19 -20 -21 -22 22 -24 -25 -26 -27 -28 -29 -30 -31
leaf_value=-0.048772217804824922 -0.013571268354598732 0.045501295694378108 -0.028703456217644186 -0.018036667922418394 0.02725472160414601 -0.0090269364819084794 -0.030448539961872634 0.055575545934524351 -0.044714378297084578 0.031374888435785772 -0.04284765272464066 0.046086488868383832 0.03147067438811979 -0.02817665557861708 -0.0258733246583122 -0.0010985821452431631 0.065340120827891132 0.055789115065681127 0.031379234406268476 0.017821505810040449 -0.056843033400294563 -0.013990744736816239 0.02179763665947166 -0.011961819991763701 -0.010535858726542193 0.00059095783888854785 0.00048600584161928091 0.023801937128188146 0.0074787673705396579 0.037725668682652619
leaf_weight=788.82453216612339 481.5739663541317 1168.9005037546158 210.65045394003391 75.566434532403946 644.79142346978188 105.87881056964397 17.323450833559036 781.38662427663803 1328.2969623357058 51.260759577155113 584.39306333661079 781.6151614934206 495.97115424275398 345.88989673554897 358.70492832362652 54.78639642894268 1816.3807792663574 808.2094779163599 336.42006117105484 425.4873773753643 4110.1879919618368 34.990177363157272 451.81991586089134 285.62571774423122 294.30138652026653 246.3839964568615 346.56486755609512 56.54316146671772 309.08871926367283 754.51363146305084
leaf_count=6083 2556 4755 1363 364 2639 561 74 3227 9684 249 3828 3148 2064 2020 2138 231 7651 3298 1418 1771 31957 155 1934 1450 1762 1187 1706 292 1406 3061
internal_value=-0.000347317 0.0387869 -0.0440278 0.0228693 0.0300901 -0.0214545 0.00184981 0.0569161 -0.0532336 -0.0100942 -0.0300182 0.0376263 0.0204065 -0.0160876 -0.0360097 0.0158388 0.062403 0.0497068 0.0261621 0.0104024 -0.0555435 0.0175184 0.0192253 -0.020518 -0.017763 0.00589261 -0.00768849 0.00226233 0.0024662 0.0329007
internal_weight=18552.3 9785.39 8766.94 5210.51 3878.24 2539.63 1332.27 4574.88 6227.31 1091.58 1448.05 2180.92 1697.32 793.938 943.098 1201.35 2597.77 1977.11 391.206 810.143 4899.01 504.134 486.81 631.516 504.952 297.645 828.139 162.422 384.655 1399.31
internal_count=104032 41458 62574 22527 16102 14850 6425 18931 47724 5759 9091 8848 7254 4323 5966 5190 10878 8053 1649 3541 38040 2163 2089 3470 3125 1436 4262 853 1770 5700
cat_boundaries=0 1 2 3
cat_threshold=2 10 36
is_linear=0
shrinkage=0.05


Tree=15
num_leaves=31
num_cat=3
split_feature=1 1 10 20 20 1 10 18 1 18 20 32 20 18 1 18 32 32 18 1 18 0 2 10 19 22 20 31 18 0
split_gain=11676.6 1069.79 744.333 301.453 124.726 122.949 64.723 56.415 51.6865 47.0536 43.335 29.271 26.8953 25.0465 24.7318 23.4711 23.3991 23.1614 22.6585 22.0175 19.7871 18.0016 19.0222 18.177 14.9513 14.948 17.0972 14.9338 14.2466 14.1546
threshold=25.166666984558109 79.833332061767592 2.2250000238418584 1.5000000000000002 1.0000000180025095e-35 53.416666030883796 89.633331298828139 0.12310606241226198 53.833333969116218 1.2535714507102969 1.0000000180025095e-35 0 -1.4999999999999998 2.9701426029205327 7.1666667461395273 1.9486842155456545 1 2 2.1883445978164677 13.166666507720949 1.2029411792755129 0.58333334326744091 3.8333333730697636 23.22500038146973 3.5000000000000004 2.1666666269302373 5.5000000000000009 5.8500001430511483 1.6376262307167055 0.58333334326744091
decision_type=2 2 2 2 2 2 2 2 2 2 2 9 2 2 2 2 9 9 2 2 2 2 2 2 2 10 2 2 2 2
left_child=2 3 7 5 11 10 18 24 25 16 28 14 -7 27 -4 -14 -6 -9 -3 -18 -13 -12 23 -23 -1 26 -5 -10 -2 -11
right_child=1 6 4 8 9 12 -8 17 13 29 21 20 15 -15 -16 -17 19 -19 -20 -21 -22 22 -24 -25 -26 -27 -28 -29 -30 -31
leaf_value=-0.047423321407592728 -0.012446337397851335 0.042584553212959647 -0.02678517041489847 0.023463567408877783 0.0033505677854272402 -0.042426735943375579 0.061305851496785496 -0.033043593569662369 0.038382906936004622 0.025706219487990192 0.030650329064109263 -0.041240902160236334 0.016096008583275038 0.049029738662283377 -0.00284090928203136 0.030274899185713466 -0.027655166126949057 -0.049661373417798943 0.053130840069545798 -0.0073614253426014485 -0.025643289437226931 -0.036975288587178044 0.012961523051502027 0.0015538226266502452 -0.055882782867709417 0.011521108171649575 0.040728838804072152 0.022806391963673067 0.00095851227442606099 0.0022514209493952344
leaf_weight=598.0689509510994 472.05600668489933 807.30321681499481 318.78974515199661 534.51105070114136 149.85253684222698 15.721907824277876 2258.2596815377474 578.33989250659943 865.0278834849596 82.23518306016922 92.332350835204124 562.44837993383408 565.94079333543777 519.53540247678757 162.97685773670673 602.69134086370468 329.01535230875015 818.29843686521053 1379.7004002183676 225.09263734519482 318.45914532244205 37.802680343389511 425.47761499881744 160.9202583283186 4123.7689228057861 167.17187431454659 195.95811951160431 187.17075891792774 341.67800465226173 295.32914370298386
leaf_count=4766 2502 3293 2049 2196 776 68 9599 4308 3487 397 381 3735 2401 2098 941 2468 1916 6123 5712 1139 1910 184 1897 725 33342 685 797 755 1668 1419
internal_value=-0.000403078 0.0373713 -0.0428827 0.0219387 -0.0195588 0.010439 0.0553686 -0.0522002 0.0345805 -0.00688058 0.00107776 -0.0296212 0.0225345 0.0400473 -0.0183051 0.0234084 -0.0145184 -0.0433722 0.0492378 -0.0190672 -0.0352026 0.0100444 0.00699633 -0.0057755 -0.0548113 0.0250085 0.0280952 0.0356121 -0.00681779 0.00735998
internal_weight=18191.9 9629.26 8562.68 5184 2444.2 2714.62 4445.26 6118.48 2469.38 1081.52 1530.27 1362.67 1184.35 1571.73 481.767 1168.63 703.961 1396.64 2187 554.108 880.908 716.533 624.201 198.723 4721.84 897.641 730.469 1052.2 813.734 377.564
internal_count=103737 40916 62821 22312 14282 12294 18604 48539 10018 5647 7357 8635 4937 6340 2990 4869 3831 10431 9005 3055 5645 3187 2806 909 38108 3678 2993 4242 4170 1816
cat_boundaries=0 1 2 3
cat_threshold=2 10 10
is_linear=0
shrinkage=0.05


Tree=16
num_leaves=31
num_cat=1
split_feature=21 10 21 10 10 11 10 10 32 21 10 10 25 2 19 21 4 10 20 31 9 12 22 20 2 2 26 0 21 13
split_gain=11017 998.655 855.149 200.061 121.944 109.163 36.9508 32.9712 28.1955 27.4903 23.8 23.501 23.0441 21.3391 21.0588 19.4374 18.9728 18.7193 18.4432 17.5636 16.5918 16.5343 15.8835 15.767 15.2178 14.3113 13.2772 13.1138 15.9752 12.8726
threshold=15.500000000000002 1.2250000238418581 79.500000000000014 32.225000381469734 70.099998474121108 7.7750000953674325 50.45000076293946 87.90000152587892 0 10.500000000000002 62.100000381469734 22.550000190734867 0.63333335518836986 0.58333334326744091 7.5000000000000009 60.500000000000007 0.15679166465997699 11.900000095367433 -1.0000000180025095e-35 4.7500000000000009 0.36666667461395269 5.810000181198121 2.8333333730697636 1.5000000000000002 12.833333492279055 3.8333333730697636 2.5833333730697636 4.5833332538604745 89.500000000000014 0.078037999570369734
decision_type=2 2 2 2 2 2 2 2 9 2 2 2 10 2 2 2 8 2 2 2 2 2 10 2 2 2 10 2 2 8
left_child=1 13 5 8 14 11 16 27 19 17 -7 15 -8 -1 -4 20 -5 -10 -13 -3 -2 -12 -20 -9 -16 -22 -17 28 -6 -30
right_child=2 3 4 6 7 10 12 23 9 -11 21 18 -14 -15 24 26 -18 -19 22 -21 25 -23 -24 -25 -26 -27 -28 -29 29 -31
leaf_value=-0.052457915017816076 0.011463316027279973 -0.021740790981247444 0.051904776855470951 -0.019348277004101411 0.03266035149792091 0.019037499043595127 0.029795167095220988 0.051627096787981885 -0.040602507956801315 -0.012129986536071866 0.028119647708960277 -0.042842473061108867 0.0027174036269866754 -0.034430569652072911 0.033347246736866697 0.026356521874257889 -0.0017625833338727798 -0.027869188440484607 0.014766428327264429 -0.0002174110611713265 -0.016114939962024726 0.044035295198105416 -0.023265464385809422 0.060469599726833717 0.04389043680014857 0.0042554110159797442 -0.029082113224223223 0.056433646082825112 0.057405647512456949 0.045212924068824156
leaf_weight=5573.2110152691603 131.73583821952343 478.56452785432339 269.17781402170658 307.98297165334225 181.36150401830673 543.10377405583858 91.001308515667915 694.72219361364841 593.80716836452484 157.24498865008354 584.57015414535999 14.704765796661375 575.32671083509922 169.13634285330772 1056.4166338592768 91.951974749565125 305.52502235770226 561.62041480839252 893.95672364532948 118.19237546622753 250.84541392326355 226.37787613272667 28.322892084717751 1837.5209926217794 506.27291961014271 131.38229241967201 12.237208902835844 438.32579278945923 304.02102541923523 751.7380311191082
leaf_count=46160 661 2996 1090 1682 737 2255 392 2978 4085 878 2368 67 2617 1260 4266 405 1601 3443 3853 714 1260 916 124 7942 2062 627 54 1829 1253 3106
internal_value=-0.000181805 -0.0394671 0.0390282 -0.0170328 0.0497556 0.0167579 -0.00173667 0.0544434 -0.0272853 -0.0315039 0.0271377 0.0077203 0.00641545 -0.0519269 0.0389879 0.000152886 -0.0105907 -0.0344132 0.0127127 -0.0171899 -0.00383907 0.0325625 0.0135985 0.0580437 0.036763 -0.00911308 0.0198452 0.0490021 0.0463691 0.048724
internal_weight=17880.4 8931.61 8948.75 3189.27 6039.56 2909.19 1279.84 4207.69 1909.43 1312.67 1354.05 1555.14 666.328 5742.35 1831.87 618.153 613.508 1155.43 936.984 596.757 513.964 810.948 922.28 2532.24 1562.69 382.228 104.189 1675.45 1237.12 1055.76
internal_count=103681 65828 37853 18408 25263 12590 6292 17845 12116 8406 5539 7051 3009 47420 7418 3007 3283 7528 4044 3710 2548 3284 3977 10920 6328 1887 459 6925 5096 4359
cat_boundaries=0 1
cat_threshold=2
is_linear=0
shrinkage=0.05


Tree=17
num_leaves=31
num_cat=0
split_feature=21 10 21 18 10 18 18 10 18 10 20 21 11 10 21 18 3 19 18 12 24 14 12 18 19 20 10 13 21 21
split_gain=10226.9 1000.75 716.788 128.425 122.171 108.852 101.946 50.202 35.7597 33.1879 32.0675 28.8369 24.4168 23.9839 23.8776 21.3879 20.028 19.0452 16.2307 21.7039 15.3455 15.1609 14.1549 13.7955 13.6724 12.9106 12.8204 12.5601 11.8803 11.3934
threshold=17.500000000000004 7.9000000953674325 79.500000000000014 1.8956443071365359 34.45000076293946 0.12310606241226198 2.0465368032455449 87.099998474121108 2.1690477132797246 44.100000381469734 -1.0000000180025095e-35 1.0000000180025095e-35 3.3666666746139531 62.899999618530281 89.500000000000014 0.93649193644523632 1.6416666507720949 3.5000000000000004 1.4654762148857119 0.29000000655651098 1.1666666865348818 0.0040200001094490298 3.589999914169312 0.70135134458541881 6.5000000000000009 8.5000000000000018 0.36666667461395269 0.2821550071239472 1.0000000180025095e-35 71.500000000000014
decision_type=2 2 2 2 2 2 2 2 2 2 2 2 2 2 2 2 2 2 2 2 10 10 2 2 2 2 2 8 2 2
left_child=1 5 6 9 15 17 12 -5 -6 20 -8 23 -2 29 24 28 27 -1 -13 -20 -4 -17 -15 -7 -11 -16 -19 -10 -3 -12
right_child=2 4 3 7 8 11 10 -9 16 14 13 18 -14 22 25 21 -18 26 19 -21 -22 -23 -24 -25 -26 -27 -28 -29 -30 -31
leaf_value=-0.044786442834424907 0.00042768453627532179 -0.033070483158644269 0.014124901966993572 0.046841880909523188 -0.0081366816287317071 -0.045409177989897569 -0.046983182690422613 0.057947543080127006 -0.015340719335319112 0.056990577420585269 0.017486645076059428 -0.028393084771144012 0.013311342268599567 0.023529460626135708 0.04229555130341775 -0.0088547975940318404 0.016844620307745892 -0.055148666271010297 0.055224922041743486 -0.031495088128836744 0.032281240498954318 -0.023445585747787229 0.040159486555814354 -0.035504266829706109 0.014461432750914431 0.073448756058651227 -0.037123110045899403 0.0096636104444580619 -0.016391252464783245 0.03583411480922323
leaf_weight=556.5706859305501 566.63247445225716 491.27328377962112 175.10521970689297 1951.8126376122236 727.19151163101196 923.86728995293379 14.045421630144117 2125.9780624657869 104.3769356161356 22.541484877467155 423.63183392584324 266.0460926219821 1047.7284535616636 177.08401930332184 1223.9412997812033 326.52405512332916 318.30900807678699 3773.9949909597635 14.173111274838449 14.696500986814497 346.98240160942078 391.50039638578892 461.21826760470867 567.46694738417864 116.91108177602291 34.185727208852768 101.28989174216986 96.800503820180893 136.40463510155678 105.7320534735918
leaf_count=4763 2702 3241 708 8082 3666 7378 59 9351 520 91 1771 1784 4461 715 5084 1887 1404 33038 84 83 1401 2304 1866 4324 473 142 774 474 795 425
internal_value=-0.000281786 -0.0383549 0.0378647 0.0476118 -0.0122566 -0.0492355 0.0169576 0.0526319 -0.000979328 0.036948 0.0281167 -0.0388152 0.00878924 0.02902 0.0409662 -0.0227039 0.00903973 -0.0534354 -0.0245291 0.0110788 0.0261917 -0.0168104 0.0355458 -0.0416403 0.021336 0.043142 -0.0546775 -0.00330939 -0.0294458 0.0211513
internal_weight=17604 8810.49 8793.53 5997.46 2592.38 6218.11 2796.07 4077.79 1246.68 1919.67 1181.71 1786.25 1614.36 1167.67 1397.58 1345.7 519.486 4431.86 294.916 28.8696 522.088 718.024 638.302 1491.33 139.453 1258.13 3875.28 201.177 627.678 529.364
internal_count=103850 66519 37331 25332 14291 52228 11999 17433 6064 7899 4836 13653 7163 4777 5790 8227 2398 38575 1951 167 2109 4191 2581 11702 564 5226 33812 994 4036 2196
is_linear=0
shrinkage=0.05


Tree=18
num_leaves=31
num_cat=1
split_feature=21 10 21 1 10 11 1 11 21 21 32 31 1 31 1 23 8 10 20 20 20 20 19 17 28 31 19 19 29 16
split_gain=9277.36 1082.08 626.173 193.088 130.574 71.4961 41.779 34.9014 34.5107 27.1719 25.275 29.7665 24.2684 20.1482 18.6462 17.7529 17.6128 17.4949 17.1659 16.3633 16.0385 14.7336 14.0521 13.7013 13.9951 13.5461 16.1435 14.8479 12.8853 12.719
threshold=20.500000000000004 1.4499999880790713 79.500000000000014 29.166666984558109 87.099998474121108 7.7750000953674325 59.833333969116218 5.9000000953674325 12.500000000000002 71.500000000000014 0 6.8500001430511483 1.0000000180025095e-35 4.7500000000000009 52.833333969116218 2.1000000238418584 0.58333334326744091 7.9000000953674325 1.0000000180025095e-35 -1.4999999999999998 1.5000000000000002 -1.0000000180025095e-35 28.500000000000004 0.45000000298023229 3.1666666269302373 4.9500000476837167 10.500000000000002 20.500000000000004 1.6333333253860476 1.0000000180025095e-35
decision_type=2 2 2 2 2 2 2 2 2 2 9 2 2 2 2 10 2 2 2 2 2 2 2 2 10 2 2 2 10 2
left_child=1 12 5 8 6 19 15 -5 10 23 13 17 -1 -3 22 -4 25 -12 -13 -2 -6 -8 -9 24 -7 26 -16 -27 -15 -28
right_child=2 3 4 7 20 9 21 14 -10 -11 11 18 -14 28 16 -17 -18 -19 -20 -21 -22 -23 -24 -25 -26 27 29 -29 -30 -31
leaf_value=-0.051021429575224958 -0.048932956545850483 -0.022039969186192301 0.032846850146879068 -0.011412021083364856 0.047812473611368811 0.019238000868631519 0.0017367878093025213 -0.0056756493380186674 -0.0078168105511924359 0.036167212909809107 -0.041354510359069993 -0.013658632903308944 -0.033082890392067181 0.010518185616033748 -0.027004854849810269 0.013103735782117097 0.048218117197922711 -0.02843718055702418 0.042934599886219893 0.0089241495280853542 0.056715045195455706 0.042877231589229722 0.013606828887895573 0.03889840404990659 -0.021551400313562365 0.032747336661701133 0.0020799288618118545 0.0049939618766305528 -0.02493152868750699 0.039984049728114979
leaf_weight=5183.9203155040741 12.333577767014502 428.77051786333323 709.71703033149242 423.05288842320442 695.28054046630859 791.75862376391888 21.953324139118195 363.59786340594292 286.50034631788731 377.1898425668478 413.75120619684458 79.80150655657053 195.65730278939009 91.735136181116104 39.966813653707504 135.61986744403839 33.912141412496567 715.26780603826046 16.102955803275108 1335.4561348855495 1857.4745584726334 2505.7303930073977 127.65524409711361 88.238464280962944 21.602852165699005 104.85844963788986 127.76679043471813 89.176654860377312 35.57405586540699 26.768886536359787
leaf_count=46324 58 2804 2864 2217 3065 3228 90 1769 1542 1535 3019 507 1534 566 175 549 141 4563 91 5914 8297 10438 618 356 88 438 559 371 221 116
internal_value=-0.000317118 -0.0364087 0.0367514 -0.014348 0.0457587 0.01643 0.0393019 0.000461248 -0.023923 0.0248989 -0.0265139 -0.0306491 -0.050369 -0.0165562 0.00595868 0.0296794 0.0136611 -0.033171 -0.00415628 0.0083947 0.0542903 0.0425199 -0.000664975 0.0201848 0.0181546 0.0106449 0.00132017 0.0199922 0.000612458 0.00864573
internal_weight=17336.2 8783.84 8552.36 3404.26 5925.78 2626.58 3373.02 1336.76 2067.5 1278.79 1781 1224.92 5379.58 556.08 913.703 845.337 422.45 1129.02 95.9045 1347.79 2552.76 2527.68 491.253 901.6 813.361 388.538 194.502 194.035 127.309 154.536
internal_count=104057 67575 36482 19717 25303 11179 13941 6404 13313 5207 11771 8180 47858 3591 4187 3413 1800 7582 598 5972 11362 10528 2387 3672 3316 1659 850 809 787 675
cat_boundaries=0 1
cat_threshold=2
is_linear=0
shrinkage=0.05


Tree=19
num_leaves=31
num_cat=0
split_feature=1 1 10 20 1 1 10 18 18 18 20 18 20 10 20 18 1 13 2 19 10 9 22 14 10 20 25 13 18 4
split_gain=8398.45 873.73 655.504 195.535 89.5673 81.5255 55.6692 51.4275 40.1337 28.8745 27.4259 23.1639 20.7604 19.6746 18.8161 18.1152 17.7568 17.9943 17.4275 14.8667 14.5563 15.7137 13.7487 13.6632 12.8386 14.7985 13.0911 12.5002 12.1452 11.8129
threshold=23.416666984558109 79.833332061767592 1.1000000238418581 1.5000000000000002 48.416666030883796 7.1666667461395273 87.90000152587892 0.13840996474027636 1.9486842155456545 1.1883445978164675 1.0000000180025095e-35 0.74642857909202587 -1.0000000180025095e-35 41.100000381469734 -1.4999999999999998 2.2768198251724248 58.416666030883796 0.037901999428868301 14.416666507720949 3.5000000000000004 62.899999618530281 0.90000000596046459 2.1666666269302373 0.88449999690055858 65.90000152587892 6.5000000000000009 1.1000000238418581 0.11614999920129777 2.013513565063477 0.013300000224262478
decision_type=2 2 2 2 2 2 2 2 2 2 2 2 2 2 2 2 2 8 2 2 2 2 10 10 2 2 10 10 2 10
left_child=2 3 7 4 10 11 12 19 16 -7 29 -4 -3 -12 -6 -8 17 -5 -14 -1 21 -16 -19 -15 25 -10 -27 -11 -22 -2
right_child=1 6 5 8 14 9 15 -9 24 27 13 -13 18 23 20 -17 -18 22 -20 -21 28 -23 -24 -25 -26 26 -28 -29 -30 -31
leaf_value=-0.044635009136904269 -0.0029490473232266666 -0.009732450148324745 -0.034504430744545692 0.028499740286067693 -0.03215004496788728 -0.015357491879250708 0.045920049768215614 -0.040190310756583886 0.024412719207576511 0.0043081486488873322 0.00020037586591731466 -0.020684212578061214 0.036268868318187736 0.024243640978671099 0.026892055867825448 0.055438044957234561 0.027999275049173791 0.013685390216209388 0.04612544869188695 -0.053733952814501086 0.015012658718495706 0.0077562674523559364 -0.0099417080584449646 -0.0039825970232443709 0.038424226771154549 0.024684389404623672 0.050422780447797272 -0.017373007523415997 0.0278391248873745 -0.016430690276259804
leaf_weight=513.7393541187048 509.80978824198246 19.898471981287003 595.85712524503469 184.99613933265209 19.052329555153847 714.61788396537304 708.47449596226215 1053.1574914827943 547.07667408883572 389.22130391001701 431.29470947384834 617.302570566535 826.14312987029552 191.1080424785614 139.01694864034653 1698.1633414775133 455.86504511535168 416.01875780522823 980.95681124925613 3558.2797898128629 316.12197485566139 469.95219607651234 72.267439857125282 55.273064151406288 621.05330538749695 82.280742719769478 123.63670462369919 80.173986971378326 443.44819790124893 238.49516379833221
leaf_count=4722 2703 82 4401 757 84 4157 3122 9008 2225 2006 1963 4023 3479 827 594 7801 1849 1701 4195 33677 1339 2008 297 239 2559 336 505 407 1812 1262
internal_value=-0.000430469 0.0306927 -0.0399445 0.0171974 0.00815312 -0.0183628 0.0476405 -0.0500388 0.0273632 -0.00902927 -0.000647027 -0.0274722 0.0410601 0.00663952 0.0171967 0.0526361 0.0203792 0.0152199 0.0416194 -0.052586 0.0178837 0.0121246 0.0101885 0.0179114 0.0331024 0.0287131 0.0401382 0.000604948 0.0225009 -0.00724583
internal_weight=17072.8 9550.4 7522.35 5316.77 2813.57 2397.17 4233.64 5125.18 2503.19 1184.01 1425.98 1213.16 1827 677.676 1387.59 2406.64 1129.15 673.282 1807.1 4072.02 1368.54 608.969 488.286 246.381 1374.05 752.994 205.917 469.395 759.57 748.305
internal_count=104140 41739 62401 23060 12831 14994 18679 47407 10229 6570 6994 8424 7756 3029 5837 10923 4604 2755 7674 38399 5753 2602 1998 1066 5625 3066 841 2413 3151 3965
is_linear=0
shrinkage=0.05


Tree=20
num_leaves=31
num_cat=4
split_feature=21 12 21 1 1 18 18 18 18 18 32 18 32 18 32 21 19 18 1 32 13 24 14 21 18 20 1 2 25 18
split_gain=7824.38 869.347 705.676 160.806 152.048 62.7571 60.2235 44.7346 36.4644 36.0184 29.6866 29.5428 29.3321 25.395 25.2325 22.9329 22.0835 16.9402 16.8709 16.0289 14.551 13.4269 13.4262 13.2313 13.2051 13.0483 12.8355 12.7153 12.5831 12.5511
threshold=13.500000000000002 0.044999999925494201 70.500000000000014 29.833333015441898 82.833332061767592 0.12310606241226198 1.9486842155456545 1.9486842155456545 1.6376262307167055 1.220486104488373 0 2.3380951881408696 1 0.93649193644523632 2 88.500000000000014 3.5000000000000004 1.0923295617103579 51.833333969116218 3 0.14006300270557406 2.1666666269302373 0.46990999579429632 87.500000000000014 3.7533783912658696 6.5000000000000009 50.166666030883796 0.83333334326744091 3.1000000238418584 2.8642505407333378
decision_type=2 2 2 2 2 2 2 2 2 2 9 2 9 2 9 2 2 2 2 9 8 10 10 2 2 2 2 2 8 2
left_child=1 5 6 9 7 16 12 15 -5 14 -7 -6 -2 -14 -3 -4 28 -12 21 -10 26 -17 24 -13 -9 -15 -21 -19 -1 -8
right_child=2 3 4 8 11 10 29 22 19 -11 17 23 13 25 -16 18 -18 27 -20 20 -22 -23 -24 -25 -26 -27 -28 -29 -30 -31
leaf_value=-0.04414961328952749 0.014935537705471562 -0.016977756824833514 0.01456898914008411 -0.0095935040307048997 0.041316492593876937 -0.046217184352979314 0.012997503105395079 0.029690911253919251 -0.011827176280386254 -0.014553603392574567 -0.032899140086690919 0.038761393093593638 -0.012221462125979797 0.0027384479190514861 -0.034973289039102941 0.016001238154876599 -0.05356090979103955 -0.015114810439525306 0.034776411140366718 -0.01116014762438162 0.018051797710092462 0.039028892897370139 0.043285324062529662 0.051703468904495203 0.045310726918173172 0.04742909555399713 0.01380465748365532 0.055096832737701273 -0.008273614703073074 0.024468391966027722
leaf_weight=474.44693832099438 331.78063549101353 358.16730836778879 378.83390915393829 539.68725401163101 1369.2446122318506 658.64469508081675 502.88598063588142 575.46607625484467 80.498112231492996 616.93614967912436 368.47632630169392 217.22731196880341 382.994518622756 677.75416402518749 750.1920490115881 292.33177016675472 3365.3493501842022 108.46546740829945 547.09997257590294 105.00924833118916 326.36294931173325 80.798214912414551 623.57836675643921 2173.0431543588638 176.90638127923012 16.736148610711098 101.01600930094719 6.8559330701827994 25.768549405038357 453.5311563462019
leaf_count=4507 1507 2471 1536 2803 5991 5787 2098 2370 367 3784 3206 934 1924 3020 5469 1177 33182 916 2224 517 1452 326 2586 10036 741 71 428 46 245 1852
internal_value=-0.000307085 -0.0364763 0.0321042 -0.0145766 0.0406893 -0.0490611 0.00875314 0.0315775 -0.000116104 -0.0242368 -0.0387653 0.0471726 0.00218106 -0.00186759 -0.0296267 0.024923 -0.0521039 -0.0271047 0.0291854 0.00822938 0.0112724 0.0209877 0.0378601 0.0505273 0.0333636 0.00381542 0.00108032 -0.0109407 -0.0423015 0.018437
internal_weight=16686.1 7885.88 8800.21 2877.87 6434.53 5008.01 2365.68 2675.01 1152.57 1725.3 1142.44 3759.52 1409.27 1077.48 1108.36 1299.06 3865.56 483.798 920.23 612.886 532.388 373.13 1375.95 2390.27 752.372 694.49 206.025 115.321 500.215 956.417
internal_count=103573 65180 38393 17291 27921 47889 10472 10960 5567 11724 9955 16961 6522 5015 7940 5263 37934 4168 3727 2764 2397 1503 5697 10970 3111 3091 945 962 4752 3950
cat_boundaries=0 1 2 3 4
cat_threshold=37 10 2 4
is_linear=0
shrinkage=0.05


Tree=21
num_leaves=31
num_cat=0
split_feature=21 10 21 11 10 10 10 1 31 0 4 1 11 9 21 21 12 3 1 21 20 25 13 3 3 25 20 26 9 10
split_gain=7330.18 879.3 615.224 142.067 128.017 53.5596 46.4825 43.6037 19.8421 19.8272 19.5848 18.1936 17.5328 16.8283 16.2007 14.715 14.2386 13.6582 13.621 12.5155 12.4396 11.0924 10.9509 15.1595 10.6398 15.5645 15.249 12.8466 10.6027 15.8977
threshold=15.500000000000002 1.4499999880790713 75.500000000000014 5.7750000953674325 87.90000152587892 58.45000076293946 43.633333206176765 23.416666984558109 4.5499999523162851 3.1666666269302373 0.12678833305835727 1.0000000180025095e-35 13.633333683013918 3.7749999761581425 89.500000000000014 57.500000000000007 0.96333330869674694 2.3166666030883794 57.166666030883796 49.500000000000007 1.5000000000000002 3.8999999761581425 0.27401499450206762 4.0166666507720956 0.91666665673255932 1.2916666865348818 3.5000000000000004 2.1666666269302373 0.36666667461395269 22.22500038146973
decision_type=2 2 2 2 2 2 2 2 2 2 8 2 2 2 2 2 2 2 2 2 2 8 10 2 2 10 2 10 2 2
left_child=1 11 5 10 6 17 24 -5 -9 14 -3 21 18 -7 -8 19 -12 28 -10 -15 -6 -1 -19 -24 25 -4 27 -27 -2 -30
right_child=2 3 4 7 20 13 9 8 12 -11 16 -13 -14 15 -16 -17 -18 22 -20 -21 -22 -23 23 -25 -26 26 -28 -29 29 -31
leaf_value=-0.049486391204212797 0.014860295032555463 -0.027011857038050507 -0.0091874378806845371 -0.01922121515882538 0.043637770227776755 0.016586131016708201 0.024651644262067569 -0.0066063898472725523 0.00011265781041718277 0.042306296809071886 -0.021531671131922038 -0.032981842992104791 0.025549192832710971 0.022248185223052018 0.036464506702223801 0.038903237088071391 -0.007311497010708142 0.014648102930866373 0.01881557398356443 -0.030967707401772578 0.051828524687209054 -0.0035468930624366723 -0.041715444885308761 0.008415419482768938 0.026621265022779672 0.0089021263060601423 0.075368738930794252 0.060154002568432133 -0.0073538345320861929 0.0058991671329845646
leaf_weight=4602.3274520859122 151.70371450483799 1104.2633391469717 55.83030016720295 240.91856601834297 643.89303904771805 673.78218521177769 368.84843207895756 269.19866278767586 356.00426392257214 1202.009970203042 515.13574323803186 176.1357184946537 135.47586832940578 62.875498250126839 1361.9437027424574 189.57846237719059 267.41648456454277 511.51477164030075 133.98677951097488 13.403938680887221 1655.0659697502851 13.177519440650938 21.146463379263878 52.57108910381794 600.90834704041481 81.859071105718613 12.447569191455839 14.373604208230971 376.11766885221004 568.00156433880329
leaf_count=46114 755 7516 226 1486 2985 2740 1514 1292 1743 5218 3556 1497 583 253 5759 778 1562 2162 561 54 7844 127 88 215 2432 331 50 58 1854 2482
internal_value=-0.000361659 -0.0354324 0.0314379 -0.0143138 0.0402691 0.0112286 0.0345094 -0.00034056 0.00474369 0.0373731 -0.0227236 -0.0487534 0.00962872 0.0207893 0.0339471 0.0314416 -0.0166723 0.00588451 0.00522692 0.012897 0.0495345 -0.0493552 0.0120516 -0.00596502 0.0235368 0.0122702 0.0232932 0.0165573 0.00259092 0.000619444
internal_weight=16431.9 7814.04 8617.88 3022.4 5997.18 2620.7 3698.22 1135.58 894.666 2932.8 1886.82 4791.64 625.467 939.64 1730.79 265.858 782.552 1681.06 489.991 76.2794 2298.96 4615.5 585.232 73.7176 765.419 164.511 108.68 96.2327 1095.82 944.119
internal_count=103835 66037 37798 18299 26417 11381 15588 5665 4179 12491 12634 47738 2887 3825 7273 1085 5118 7556 2304 307 10829 46241 2465 303 3097 665 439 389 5091 4336
is_linear=0
shrinkage=0.05


Tree=22
num_leaves=31
num_cat=3
split_feature=1 1 10 1 2 10 1 2 32 31 32 2 31 29 31 19 31 4 3 25 10 22 14 9 5 19 14 10 32 31
split_gain=6525.35 907.402 354.545 190.906 47.7285 46.6865 35.931 30.5484 22.5187 18.3463 19.4654 17.0989 16.7691 14.7028 14.3096 14.0591 13.6804 13.3331 12.7424 12.4632 12.2707 12.9636 11.7463 11.3968 11.3577 11.0866 10.3795 9.88634 9.87128 10.2628
threshold=13.166666507720949 79.833332061767592 1.0000000180025095e-35 52.833333969116218 4.4166667461395273 89.633331298828139 5.1666667461395273 12.833333492279055 0 7.7500000000000009 1 14.416666507720949 6.9500000476837167 1.8999999761581423 4.1499998569488534 28.500000000000004 4.8500001430511483 0.10017166659235956 0.61666667461395275 3.8999999761581425 23.22500038146973 2.8333333730697636 1.2501000165939333 2.7749999761581425 0.041083332151174552 30.500000000000004 1.7290000319480898 35.633333206176765 2 5.3500001430511483
decision_type=2 2 2 2 2 2 2 2 9 2 9 2 2 10 2 2 2 8 2 8 2 10 10 2 8 2 8 2 9 2
left_child=2 3 19 4 20 11 8 14 13 10 17 -3 -10 25 26 18 -12 -8 -6 -1 28 24 -16 -7 -22 -4 -5 -19 29 -2
right_child=1 5 6 7 15 23 9 -9 12 -11 16 -13 -14 -15 22 -17 -18 27 -20 -21 21 -23 -24 -25 -26 -27 -28 -29 -30 -31
leaf_value=-0.048881156460279025 -0.0016985350996530685 0.032503980814576366 -0.016337650601943785 0.0079370811594324225 -0.012850551786989664 0.043383944121540154 -0.02696114865718437 0.028813678020746514 -0.03536109574608582 0.035562107133139904 -0.0046411558070786948 0.04166385999810103 -0.0025100856416227098 -0.034614523697140902 0.016908830761658659 0.017469898780556537 0.037804240668433464 -0.013356604274083264 0.0081025912717650021 -0.00051479388434748309 0.023112447638999323 -0.033219267866988637 0.028068705289565562 0.051147146833577573 0.00035247141601352569 0.009029668201202861 -0.032946467823360324 0.028222477718016538 -0.01250013888438177 0.044442174445679765
leaf_weight=4337.7981977984309 171.98131193220615 957.89304478466511 272.55685641616583 57.694219067692757 77.346884161233902 773.02785140275955 276.64842613786459 949.59553577005863 714.64426627010107 18.697048090398312 129.96066510677338 1088.3542391061783 41.079623751342297 95.945769727230072 1469.4546965062618 410.60985201597214 22.230775907635689 202.05089217424393 1172.2658239454031 13.360353723168371 58.704942405223846 27.142091020941734 280.85348898172379 1217.1084662377834 826.859937697649 51.155557684600353 21.239922657608986 15.384952098131178 415.48457691073418 12.959495157003401
leaf_count=45259 886 4184 2037 243 375 3649 1752 3951 5682 96 752 4878 285 726 6083 1854 121 1228 5310 129 287 137 1161 5934 4027 366 90 82 2255 64
internal_value=-0.000620665 0.0243787 -0.0409513 0.0119685 0.00358913 0.042679 -0.0225538 0.0215376 -0.0278087 -0.0132654 -0.014678 0.0373759 -0.0331369 -0.0170185 0.0177604 0.00944316 0.00146278 -0.019289 0.00680566 -0.0487326 -0.00283397 0.000818027 0.0186995 0.0481317 0.00186125 -0.0123289 -0.00306403 -0.0104146 -0.00838536 0.00145599
internal_weight=16180.1 9988.58 6191.51 5952.19 3173.35 4036.38 1840.35 2778.84 1175.38 664.973 646.276 2046.25 755.724 419.658 1829.24 1660.22 152.191 494.084 1249.61 4351.16 1513.13 912.707 1750.31 1990.14 885.565 323.712 78.9341 217.436 600.425 184.941
internal_count=103883 45368 58515 26723 15195 18645 13127 11528 9096 4031 3935 9062 5967 3129 7577 7539 873 3062 5685 45388 7656 4451 7244 9583 4314 2403 333 1310 3205 950
cat_boundaries=0 1 2 3
cat_threshold=2 36 2
is_linear=0
shrinkage=0.05


Tree=23
num_leaves=31
num_cat=0
split_feature=21 10 21 10 10 11 21 11 21 11 20 21 2 1 19 31 31 2 22 0 24 10 5 9 12 19 31 4 31 25
split_gain=6230.08 724.478 645.8 131.694 101.287 71.6746 30.8217 30.0123 22.1449 20.0532 18.0475 16.8494 16.5138 16.4919 15.6629 15.5108 13.65 13.1208 13.1162 13.0695 12.5904 15.6761 13.8122 11.9711 11.948 11.3161 13.3037 11.2646 10.7251 10.446
threshold=10.500000000000002 0.63333335518836986 79.500000000000014 28.10000038146973 66.224998474121108 6.5499999523162851 89.500000000000014 13.550000190734865 68.500000000000014 17.22500038146973 -1.4999999999999998 21.500000000000004 0.58333334326744091 24.166666984558109 7.5000000000000009 9.6500000953674334 4.5499999523162851 0.58333334326744091 2.1666666269302373 1.8333333134651186 1.8333333134651186 22.550000190734867 1.0033833384513857 5.0999999046325692 1.1291666626930239 3.5000000000000004 4.9500000476837167 0.30101667344570165 6.5499999523162851 0.90000000596046459
decision_type=2 2 2 2 2 2 2 2 2 2 2 2 2 2 2 2 2 2 10 2 10 2 8 2 2 2 2 8 2 10
left_child=1 12 5 17 14 10 23 13 15 -8 -2 -12 25 -5 18 -7 -15 -3 -4 20 21 22 -16 -6 -10 26 -1 -19 -13 -21
right_child=2 3 4 7 6 8 9 -9 24 -11 11 28 -14 16 19 -17 -18 27 -20 29 -22 -23 -24 -25 -26 -27 -28 -29 -30 -31
leaf_value=-0.04511749965216464 -0.059126405758989913 -0.031285565646941377 0.044937229147953457 -0.017626285878503765 0.024247663516880555 0.012233822174371269 0.040968044862339389 0.015549306532214084 -0.020352049594616013 0.048731839841717868 -0.0057863115974690097 0.0041802539047852026 -0.027098357484717058 -0.011802035626697715 0.019573188337278644 0.058289416750294892 0.0015110651993570751 -0.025773169650477875 0.013078865935042561 0.019852426522809948 0.028285285081695213 0.019073358790867377 -0.026179172462626826 0.046800679059245467 0.026403535589818661 -0.049155676557728588 -0.023809006444839985 -0.014352559778905661 0.019890260583571816 0.033646422532460085
leaf_weight=361.15170606970787 11.909929335117338 557.5182841271162 189.39126867055893 254.17658802866936 301.42149513959885 1075.7127254605293 2351.8049146384001 180.31916804611683 14.013794451951979 1286.7952778935432 426.27328503876925 985.93558433651924 94.187057361006737 294.88392101228237 27.925571531057358 18.597448021173477 554.74509491026402 588.61362139880657 38.952057421207428 185.91891701519489 276.98857651650906 303.18672417104244 40.303459629416466 73.110559552907944 546.8562228679657 3799.9186106324196 91.886960215866566 340.99356506764889 122.09280973672867 524.29594919085503
leaf_count=3819 58 4316 784 1629 1306 4465 10913 786 57 6252 2330 4401 848 1472 113 76 2674 4221 161 779 1129 1235 163 332 2263 41248 972 2349 524 2202
internal_value=-0.000290337 -0.0350707 0.027839 -0.0150925 0.0380793 0.009926 0.0423079 -0.00336286 0.0171569 0.0437137 0.00218546 0.00266139 -0.0478065 -0.00645237 0.0273861 0.0130165 -0.00310956 -0.025221 0.0395027 0.0253497 0.0202173 0.0142004 -0.00745311 0.0286501 0.0252353 -0.0482651 -0.0407956 -0.0215839 0.00591133 0.0300355
internal_weight=15919.9 7118.39 8801.49 2771.25 5600.09 3201.39 4013.13 1284.12 1655.18 3638.6 1546.21 1534.3 4347.14 1103.81 1586.96 1094.31 849.629 1487.13 228.343 1358.62 648.404 371.416 68.229 374.532 560.87 4252.96 453.039 929.607 1108.03 710.215
internal_count=103877 64334 39543 17447 25369 14174 18803 6561 6861 17165 7313 7255 46887 5775 6566 4541 4146 10886 945 5621 2640 1511 276 1638 2320 46039 4791 6570 4925 2981
is_linear=0
shrinkage=0.05


Tree=24
num_leaves=31
num_cat=4
split_feature=21 18 21 1 1 1 18 4 18 18 18 32 32 32 20 21 18 32 10 13 31 18 25 31 4 31 3 24 21 18
split_gain=5745.92 812.66 467.752 131.988 125.734 74.5385 54.0864 37.1628 33.231 28.0551 25.7142 25.5529 23.2707 23.2687 21.8796 20.4231 16.1611 15.8988 15.592 15.1763 16.837 17.4719 14.7533 14.3744 13.813 13.6119 13.4696 12.9257 14.88 15.3917
threshold=15.500000000000002 0.49324324727058416 70.500000000000014 89.416667938232436 29.166666984558109 1.0000000180025095e-35 1.9486842155456545 0.086591664701700224 0.95119047164917003 2.1690477132797246 2.6711711883544926 0 1 2 -1.4999999999999998 5.5000000000000009 0.12310606241226198 3 24.10000038146973 0.28618700802326208 5.7500000000000009 4.6711711883544931 3.8999999761581425 4.6499998569488534 0.1300633326172829 11.550000190734865 1.0000000180025095e-35 1.1666666865348818 89.500000000000014 0.25357143580913549
decision_type=2 2 2 2 2 2 2 8 2 2 2 9 9 9 2 2 2 9 2 10 2 2 8 2 8 2 2 10 2 2
left_child=1 5 8 6 7 16 27 13 11 -6 -5 -2 -11 -3 -10 18 22 24 -9 20 -8 -22 -1 -14 -7 -16 -15 -4 29 -29
right_child=2 4 3 10 9 17 19 15 14 12 -12 -13 23 26 25 -17 -18 -19 -20 -21 21 -23 -24 -25 -26 -27 -28 28 -30 -31
leaf_value=-0.050482119040083484 0.013439490176476946 -0.014409181398846907 0.014442716917696158 0.038002419909954593 -0.0058220963291775252 -0.025570693808242589 0.035549479275352645 -0.020661507235088909 -0.047108972693247417 -0.015411814482692677 0.047828465544223153 -0.0096345097613720881 -0.0039237806286950378 -0.039615609513679179 0.011916105530186686 0.006520973262484589 -0.040685976487197559 -0.036209699862056896 -0.0030617425110126537 0.042947231594031965 0.020257159786448296 0.041815887204390202 0.0042270691186538306 0.020178779548806529 0.0012841436059075383 0.064928997032565758 -0.025767981370338002 -0.039191242466670446 0.028514459184111357 0.017829645588518579
leaf_weight=3305.5222158804536 165.3302878588438 335.02905501425266 462.57794915139675 1241.225980386138 664.94120742380619 136.23773830384016 1056.1930991262197 458.02508782595396 15.643175795674322 68.479664653539658 1436.2555474191904 372.35112631320953 77.511751860380173 341.45292260497808 1708.2847298532724 121.99073031544685 506.09196775406599 296.62094464153051 173.51700896024704 378.82659475505352 442.47963620722294 119.32310312986374 12.368860706686972 306.32189251482487 73.833007857203484 12.195129513740538 361.55052373558283 12.289339959621428 719.28250420093536 319.94730608165264
leaf_count=37906 766 2542 1905 5891 3329 998 4585 3722 69 308 7251 1852 347 3064 7227 719 5159 2435 1077 1690 1907 538 123 1343 496 50 2508 51 2973 1308
internal_value=-0.000190256 -0.0328915 0.027786 0.0349116 -0.0124511 -0.0466209 0.0285348 -0.0206602 0.00839279 0.000712637 0.0432733 -0.00246878 0.0103193 -0.0267958 0.0117566 -0.0122082 -0.0490087 -0.0286003 -0.0158259 0.0339387 0.0318296 0.0248361 -0.0502782 0.0149227 -0.0153991 0.0122919 -0.0320381 0.021408 0.0244721 0.0157205
internal_weight=15701.7 7239.49 8462.21 6188.4 2908.82 4330.67 3510.92 1791.57 2273.8 1117.25 2677.48 537.681 452.313 1038.03 1736.12 753.533 3823.98 506.692 631.542 1996.82 1618 561.803 3317.89 383.834 210.071 1720.48 703.003 1514.1 1051.52 332.237
internal_count=104139 66076 38063 28099 18959 47117 14957 13632 9964 5327 13142 2618 1998 8114 7346 5518 43188 3929 4799 8720 7030 2445 38029 1690 1494 7277 5572 6237 4332 1359
cat_boundaries=0 1 2 3 4
cat_threshold=10 4 2 2
is_linear=0
shrinkage=0.05


Tree=25
num_leaves=31
num_cat=3
split_feature=1 1 10 20 1 10 18 32 18 18 18 32 24 18 32 18 18 13 18 20 1 12 14 10 0 11 31 9 3 18
split_gain=5281.91 785.354 244.764 184.555 80.3978 50.1741 45.5835 43.7096 36.5109 24.2486 21.4692 21.4159 23.6328 20.5311 19.4165 18.0681 16.6893 16.6406 15.65 15.2239 17.6731 14.3103 13.7584 13.5737 13.2527 12.9039 12.8426 12.553 12.2819 13.0113
threshold=8.166666507720949 79.833332061767592 1.0000000180025095e-35 1.5000000000000002 38.416666030883796 89.224998474121108 0.14495798945426944 0 2.2029411792755131 1.013513505458832 0.49324324727058416 1 0.58333334326744091 1.773460388183594 2 0.60303032398223888 2.1883445978164677 0.43485699594020849 2.2240144014358525 6.5000000000000009 52.833333969116218 4.9900000095367441 0.90099999308586132 6.2249999046325692 2.5833333730697636 19.44999980926514 4.3500001430511483 0.90000000596046459 5.4166667461395273 1.790570139884949
decision_type=2 2 2 2 2 2 2 9 2 2 2 9 10 2 9 2 2 8 2 2 2 2 8 2 2 2 2 2 2 2
left_child=2 3 6 4 9 16 -1 15 11 -2 -9 19 -13 -6 -8 -4 -3 -11 -7 20 24 -19 -12 -24 -5 -10 -14 -22 29 -15
right_child=1 5 7 8 13 18 14 10 25 17 22 12 26 28 -16 -17 -18 21 -20 -21 27 -23 23 -25 -26 -27 -28 -29 -30 -31
leaf_value=-0.050001241268658236 -0.01014314528996264 0.027052277599019743 -0.020124616478051773 0.0043944357367596198 0.004937785336324052 0.037320265262473097 -0.044318838830364082 -0.039817104981868169 0.024942525465579856 -0.0041024989403568987 -0.030086274234003493 -0.0087153379640091122 0.017261984249257969 0.07336848419881907 -0.024090572179569388 -0.00046100990516921439 0.036641856475379937 0.0066560217752646735 0.047272510158016062 0.02995999326775536 0.062922813291343346 0.04931182049688447 -0.02902909119539528 -0.004416405943917184 -0.02322098927876258 0.041007601516313573 0.035962465523012535 0.013952782575637555 0.0012458164381224234 0.017306957013277977
leaf_weight=3163.7147667109966 905.26871683448553 737.32649023830891 225.34054306894541 379.80863271653652 841.24497428536415 556.13117592036724 378.17338658869267 326.32983842492104 999.0411614626646 629.70876395702362 347.3779427036643 47.127974525094032 149.06243593990803 10.488363176584242 325.61486234515905 242.58459138125181 1179.5352937281132 396.98343794047832 1363.4603869318962 91.203125208616257 13.491145119071005 20.686888992786407 94.068975821137428 138.48144125193357 49.056717768311501 142.87090170383453 239.03276568651199 436.37328039109707 126.03378055989742 783.3916433006525
leaf_count=37850 5238 3272 1871 1595 3704 2698 4066 2961 4208 3232 2643 194 613 45 3345 1666 5510 2009 7108 381 55 96 729 953 204 617 988 1795 517 3282
internal_value=-0.00027805 0.0208617 -0.0410006 0.00994608 0.0028368 0.0386753 -0.047441 -0.0228746 0.0203119 -0.00414986 -0.0292354 0.0149154 0.0241645 0.0105831 -0.035932 -0.00972271 0.0329532 0.00103025 0.0443892 0.0104087 0.00849797 0.00876873 -0.0237851 -0.0143725 0.00123558 0.0269525 0.0287798 0.0154214 0.0157457 0.0180476
internal_weight=15339 10097.3 5241.69 6260.87 3713.81 3836.45 3867.5 1374.18 2547.07 1952.65 906.258 1405.16 435.223 1761.16 703.788 467.925 1916.86 1047.38 1919.59 969.933 878.73 417.67 579.928 232.55 428.865 1141.91 388.095 449.864 919.914 793.88
internal_count=103445 47361 56084 28773 18123 18588 45261 10823 10650 10575 7286 5825 1795 7548 7411 3537 8782 5337 9806 4030 3649 2105 4325 1682 1799 4825 1601 1850 3844 3327
cat_boundaries=0 1 2 3
cat_threshold=2 36 37
is_linear=0
shrinkage=0.05


Tree=26
num_leaves=31
num_cat=3
split_feature=3 10 18 20 10 10 32 20 20 10 5 31 20 19 2 31 18 32 31 3 25 10 2 31 18 10 32 4 18 18
split_gain=4654.55 779.139 217.842 213.973 94.6717 71.8131 49.1623 40.0435 29.6555 28.1543 27.7242 27.6941 21.0889 20.9023 20.3358 18.5701 18.0555 17.4932 16.6475 16.4625 15.2379 14.8549 14.4756 14.5688 13.6385 13.6024 13.237 13.471 13.1635 12.4062
threshold=0.11666667088866235 69.633331298828139 0.4463601559400559 1.5000000000000002 87.099998474121108 23.22500038146973 0 1.0000000180025095e-35 1.5000000000000002 1.0000000180025095e-35 0.0112166665494442 4.7500000000000009 1.0000000180025095e-35 2.5000000000000004 13.833333492279055 7.1499998569488534 2.6933760643005376 1 5.3500001430511483 1.6833333373069765 1.7083333134651186 18.10000038146973 13.166666507720949 6.5499999523162851 2.2240144014358525 5.0999999046325692 2 0.066780000925064101 0.10960961133241655 1.2880184054374697
decision_type=2 2 2 2 2 2 9 2 2 2 8 2 2 2 2 2 2 9 2 2 10 2 2 2 2 2 9 8 2 2
left_child=2 3 9 5 8 6 11 19 -3 13 21 20 -6 18 16 25 17 -5 -1 -7 -2 -4 23 -10 -14 -8 27 -9 -15 -12
right_child=1 4 10 14 12 7 15 26 22 -11 29 -13 24 28 -16 -17 -18 -19 -20 -21 -22 -23 -24 -25 -26 -27 -28 -29 -30 -31
leaf_value=-0.039996362896141779 -0.010540171336534024 0.019078217494573797 -0.033242439755420593 0.023056101048421797 0.023366069823259911 -0.0082145535737068644 -0.032686985074538558 -0.026996875427674556 0.028643561335320457 -0.034066091023190463 -0.019594314630359114 0.03370188689070016 0.036121453565824073 -0.050875499615534871 0.026465792789324802 0.012580303133874813 0.026889513527304943 0.0096750781057389403 -0.00286081992722878 0.0041010628233910775 0.01231249944291068 -0.010511060520376809 0.035358368066356768 0.007801605086073137 0.045349070251326701 -0.016016365236159347 0.012233988086493321 0.0050766397155391973 -0.040412968215163339 -0.0041667221993588683
leaf_weight=247.61099850386381 188.63908436149359 773.41985470056534 453.03647506982088 344.11921208351851 148.30938917398453 623.27062440663576 149.02146489173174 43.263672351837158 555.74649427831173 376.90085017681122 340.27188873291016 67.321395501494408 545.83866021037102 2684.9410261958838 597.5826501250267 49.310218766331673 296.82917685806751 1022.3841542825103 34.368135944008827 480.56411044299603 118.93439619243145 85.423879481852055 863.45023031532764 98.74446764588356 1503.1696380674839 684.03444936871529 1075.0815844833851 134.55799181759357 338.54025206714869 211.18793770670891
leaf_count=2932 1123 3298 4314 1425 744 3349 1216 200 2432 3458 2851 365 2671 33682 2583 271 1243 4295 401 2260 668 615 3971 437 7953 4186 4679 588 3895 1580
internal_value=-0.000341737 0.0184736 -0.0412016 0.00649022 0.0341579 -0.00105717 -0.010707 0.00409079 0.0270471 -0.0470135 -0.0215661 0.00453357 0.0415731 -0.0484898 0.0185545 -0.0170406 0.0157122 0.0132843 -0.0354702 -0.00285284 -0.00170336 -0.0296362 0.0311073 0.0254991 0.0428909 -0.0189985 0.0102083 -0.00258161 -0.049704 -0.0136861
internal_weight=15135.9 10363.6 4772.28 5874.91 4488.68 3614 1257.26 2356.74 2291.36 3682.36 1089.92 374.895 2197.32 3305.46 2260.92 882.366 1663.33 1366.5 281.979 1103.83 307.573 538.46 1517.94 654.491 2049.01 833.056 1252.9 177.822 3023.48 551.46
internal_count=103685 49957 53728 28451 21506 18905 7829 11076 10138 44368 9360 2156 11368 40910 9546 5673 6963 5720 3333 5609 1791 4929 6840 2869 10624 5402 5467 788 37577 4431
cat_boundaries=0 1 2 3
cat_threshold=2 2 4
is_linear=0
shrinkage=0.05


Tree=27
num_leaves=31
num_cat=2
split_feature=1 21 18 10 21 18 10 21 32 10 18 19 21 18 18 1 19 32 18 21 25 25 4 31 18 4 31 10 20 21
split_gain=4489.87 888.854 236.038 116.133 76.7402 50.3438 40.2361 38.9989 35.2179 31.4607 29.3092 23.6122 22.9603 20.8457 20.749 19.3398 18.5742 18.1027 15.972 17.0416 15.7137 15.5852 14.8034 14.2055 13.6953 13.4266 13.6299 13.7976 13.3546 11.2846
threshold=8.166666507720949 71.500000000000014 0.4463601559400559 71.224998474121108 17.500000000000004 1.0597147941589358 1.0000000180025095e-35 89.500000000000014 0 1.6333333253860476 2.3288288116455083 2.5000000000000004 6.5000000000000009 1.4027026891708376 2.8642505407333378 52.416666030883796 27.500000000000004 1 1.8768939375877383 85.500000000000014 1.2250000238418581 2.4500000476837163 0.20334000140428546 5.4500000476837167 0.12310606241226198 0.21677666902542117 6.9500000476837167 30.899999618530277 -1.4999999999999998 76.500000000000014
decision_type=2 2 2 2 2 2 2 2 9 2 2 2 2 2 2 2 2 9 2 2 10 10 8 2 2 10 2 2 2 2
left_child=2 4 6 13 5 17 11 18 9 -4 -9 23 -10 21 28 16 -7 -2 19 -5 -15 25 -18 -1 -13 26 27 -3 -6 -22
right_child=1 3 8 7 14 15 -8 10 12 -11 -12 24 -14 20 -16 -17 22 -19 -20 -21 29 -23 -24 -25 -26 -27 -28 -29 -30 -31
leaf_value=-0.037745053477293677 -0.0065493143323738304 0.0040192375941509101 -0.041551484080319917 0.01672147938271477 -0.041379135593980557 -0.0089191672304833273 -0.032168398145310917 0.032290316985056272 -0.013112570209807771 -0.020585805218585357 0.042388046925990755 -0.050376109250855332 0.028413502576607491 0.02037680882485423 0.017323750276293945 0.0088948583695933683 -0.0049764574573948461 -0.024046599537244417 0.028372590143055494 -0.034934389261988684 0.01323889714162247 0.035031168151665126 0.018714521623049259 -0.00095667186311770435 -0.03906300961146339 -0.017046351654967398 0.064209355721895206 0.018994618259693823 0.0055957244527408412 0.033594129350527718
leaf_weight=238.30447028577328 277.19656333327293 225.90508675575256 274.9450838342309 76.153421312570572 15.268047854304312 641.40799061208963 466.37056809663773 1095.687692835927 467.34743699431419 512.40051295608282 2088.1428675949574 2599.756707444787 35.839767843484879 614.29635219275951 443.4329209625721 398.33002959191799 132.16432593762875 386.6815088391304 438.72328573465347 20.202252000570297 76.512280181050301 96.933587476611137 131.58932077884674 29.487682424485683 298.2001395970583 33.83966089785099 13.900935620069502 481.96726809442043 1674.0860632807016 618.43820577859879
leaf_count=2911 1624 914 2929 321 72 3404 4335 5271 4004 3848 10903 34014 203 2637 1818 1666 721 2585 1991 88 312 399 672 345 3520 140 57 2001 7302 2662
internal_value=-0.000275677 0.0189977 -0.0393532 0.0314568 0.00112807 -0.00599409 -0.0458794 0.036814 -0.0209854 -0.0275571 0.038913 -0.0478993 -0.00995698 0.022241 0.00769785 -0.000286012 -0.00432619 -0.0172016 0.0243242 0.00589114 0.026203 0.0161565 0.00684321 -0.0336941 -0.049212 0.0137352 0.0151783 0.0142155 0.00517117 0.0313531
internal_weight=14903.5 9980.86 4922.65 5880.7 4100.16 1967.37 3632.12 3718.91 1290.53 787.346 3183.83 3165.75 503.187 2161.79 2132.79 1303.49 905.162 663.878 535.079 96.3557 1309.25 852.547 263.754 267.792 2897.96 755.613 721.773 707.872 1689.35 694.95
internal_count=103669 47560 56109 27696 19864 10672 45125 18574 10984 6777 16174 40790 4207 9122 9192 6463 4797 4209 2400 409 5611 3511 1393 3256 37534 3112 2972 2915 7374 2974
cat_boundaries=0 1 2
cat_threshold=37 2
is_linear=0
shrinkage=0.05


Tree=28
num_leaves=31
num_cat=0
split_feature=21 10 21 18 18 18 1 10 18 19 20 2 19 18 14 18 9 25 21 21 1 31 31 18 1 21 23 22 27 9
split_gain=4200.39 621.012 464.27 89.9908 87.8848 63.3663 61.5288 35.0624 28.0227 25.1464 24.739 21.8754 17.0445 14.8396 14.5598 12.8038 12.7365 12.3755 11.9896 11.9744 12.4974 11.7004 11.5791 11.3869 10.9689 17.3195 14.6919 10.4236 10.4219 11.5911
threshold=10.500000000000002 5.4500000476837167 82.500000000000014 0.12310606241226198 1.8956443071365359 2.0465368032455449 29.833333015441898 87.90000152587892 1.6376262307167055 3.5000000000000004 -1.0000000180025095e-35 6.8333332538604745 11.500000000000002 0.78474903106689464 0.03225000016391278 1.1644144058227541 0.55000001192092907 1.2250000238418581 72.500000000000014 26.500000000000004 26.166666984558109 4.4500000476837167 4.9500000476837167 0.19722222536802295 73.166667938232436 89.500000000000014 2.1000000238418584 0.83333334326744091 1.7083333134651186 3.8999999761581425
decision_type=2 2 2 2 2 2 2 2 2 2 2 2 2 2 10 2 2 10 2 2 2 2 2 2 2 2 10 10 8 2
left_child=1 3 5 9 12 11 14 17 -8 22 -7 19 -4 21 15 -3 -10 28 27 -2 -21 -5 -1 -22 26 -26 -14 -13 29 -6
right_child=2 6 4 13 7 10 8 -9 16 -11 -12 18 24 -15 -16 -17 -18 -19 -20 20 23 -23 -24 -25 25 -27 -28 -29 -30 -31
leaf_value=-0.040340759519740838 -0.0071005086710649833 -0.019687182455744384 0.031002612940907878 -0.027732744003363397 0.018673304108995387 -0.044110191726870668 -0.010222270775352042 0.042338699040951978 0.049476936515731033 -0.04963616826689729 0.017470201757621966 0.018916967261385961 0.01804912458283274 -0.023527024254509379 -0.023557627888580776 -0.004511146868366892 0.0045915479305501444 0.036364517291735926 0.020281925191365468 0.010944534476161696 -0.048514275844584273 -0.040504836247392539 -0.018953091453737806 -0.0008943361311020715 -0.0097763937233384651 0.026949565003849298 -0.006424742436040575 0.0021669477701491964 0.036013422475615613 0.033117557573927127
leaf_weight=295.92071434855461 506.43927723169327 288.56286456435919 492.42322966456413 297.84360489249229 366.55267375707626 16.506579369306564 511.12288345396519 1633.8655249029398 16.263153344392776 2480.6023384407163 1364.8902067542076 119.07054069638252 552.40692709386349 403.58717279136181 610.70496845245361 268.12246790528297 560.36155052483082 854.02632427215576 196.06050801277161 292.19896645843983 12.901271671056746 450.5865296125412 80.497446060180664 465.78719566762447 34.058436825871468 558.75912787020206 68.978676036000252 422.28560134768486 269.49528965353966 223.62466184794903
leaf_count=3770 2741 2257 2205 3216 1666 70 2721 8987 82 33672 5755 492 2267 4043 4483 1716 2500 3952 811 1383 60 4935 980 1972 147 2656 283 1784 1250 1077
internal_value=-0.000217075 -0.0312446 0.0227834 -0.043052 0.0323904 0.00848621 -0.0102542 0.037098 -0.00169824 -0.0478089 0.0167344 0.00283091 0.0231562 -0.0312549 -0.0182264 -0.0123778 0.0058575 0.0321015 0.00968789 -0.00112772 0.00279615 -0.0354221 -0.035767 -0.00217775 0.0199741 0.0248396 0.0153323 0.00585109 0.0278665 0.0241464
internal_weight=14714.5 6264.18 8450.33 4009.04 5054.19 3396.14 2255.14 3347.56 1087.75 2857.02 1381.4 2014.74 1706.63 1152.02 1167.39 556.685 576.625 1713.7 737.417 1277.33 770.887 748.43 376.418 478.688 1214.2 592.818 621.386 541.356 859.673 590.177
internal_count=103933 64375 39558 50616 24490 15068 13759 16932 5303 38422 5825 9243 7558 12194 8456 3973 2582 7945 3087 6156 3415 8151 4750 2032 5353 2803 2550 2276 3993 2743
is_linear=0
shrinkage=0.05


Tree=29
num_leaves=31
num_cat=4
split_feature=1 1 18 1 20 2 18 32 12 2 18 19 32 13 22 18 18 18 25 25 20 32 20 13 13 25 0 32 3 14
split_gain=3814.41 682.061 216.113 165.728 77.4548 36.7524 30.4223 28.9646 28.2433 24.76 21.9176 19.5293 19.0788 18.8245 17.5388 16.9807 15.4935 15.3495 14.855 14.8493 13.7463 13.7345 13.7074 13.4835 13.2941 13.1502 12.8975 12.6627 12.0732 17.7572
threshold=5.4166667461395273 58.833333969116218 0.37668919563293463 82.833332061767592 1.0000000180025095e-35 4.1666667461395273 2.1408729553222661 0 1.0000000180025095e-35 12.833333492279055 1.2535714507102969 4.5000000000000009 1 0.00039899999683257198 2.1666666269302373 1.9298029541969302 0.12310606241226198 0.6711711883544923 0.55000001192092907 3.1000000238418584 1.0000000180025095e-35 2 2.5000000000000004 0.078037999570369734 0.0080079999752342718 1.2916666865348818 0.58333334326744091 3 0.81666666269302379 0.19240000098943713
decision_type=2 2 2 2 2 2 2 9 2 2 2 2 9 8 10 2 2 2 10 10 2 9 2 8 10 10 2 9 2 10
left_child=2 4 8 9 17 10 -5 13 11 22 12 19 25 -4 15 18 -13 -2 -7 -1 -9 -19 -3 -14 -23 -6 28 -20 29 -12
right_child=1 3 7 6 5 14 -8 20 -10 -11 26 16 23 -15 -16 -17 -18 21 27 -21 -22 24 -24 -25 -26 -27 -28 -29 -30 -31
leaf_value=-0.039915280970351519 -0.016917343084359961 0.012146238257407221 -0.039352561843346984 0.028187305410497434 -0.0096020037369743926 -0.018410044091351215 0.038533712852628722 -0.013475848049198495 -0.030357775971307288 0.024414372392769598 -0.0097117262098251438 -0.0504701658203765 -0.019106345804340504 -0.02173363987856132 0.00047462298080063766 0.020644118094576263 -0.037912678387168053 0.0018227235709686316 0.0058545497013201744 0.0023856115023845707 0.016271805251274203 -0.0031264405093173833 0.024398680912676423 -0.0028375484430630221 -0.018066112780975613 0.019866294984082648 0.0036572896245910323 0.019548891117550968 0.053106148371029074 0.048516040708604713
leaf_weight=445.56671261787415 376.05586519837379 1297.2927016317844 232.49953716248274 1048.2005418092012 60.889097914099693 46.58890476077795 2205.1759755760431 442.61717867106199 267.30982510000467 983.51372894644737 34.914236858487129 2221.9588030353189 269.83791030198336 435.70394188910723 328.0078983977437 502.5178929567337 276.16032408177853 425.41375525295734 536.80404894053936 21.759835876524448 42.569888889789581 320.88584488630295 277.01452796161175 241.20451991260052 277.83877370506525 100.0901889950037 417.28626810014248 259.61440071463585 26.495053023099899 20.950081571936607
leaf_count=5899 2540 5461 2540 5121 292 206 11936 4017 2668 4291 152 31647 1489 3853 1415 2115 3399 2241 2358 263 295 1823 1193 1248 1588 462 1869 1090 112 92
internal_value=-0.000386121 0.0165836 -0.0392945 0.0277133 0.00134906 0.00608682 0.0352002 -0.0207136 -0.0459238 0.0181904 -0.000704771 -0.047327 -0.0066014 -0.0274532 0.0108417 0.013369 -0.049082 -0.00827808 0.00903225 -0.0379457 -0.0106464 -0.00510581 0.0143022 -0.0112084 -0.00989396 0.00821014 0.00722617 0.0106376 0.0253084 0.0121247
internal_weight=14442.7 10056.6 4386.15 5811.2 4245.39 2845.2 3253.38 1153.39 3232.76 2557.82 1171.67 2965.45 672.022 668.203 1673.53 1345.53 2498.12 1400.19 843.007 467.327 485.187 1024.14 1574.31 511.042 598.725 160.979 499.646 796.418 82.3594 55.8643
internal_count=103675 49094 54581 28002 21092 12900 17057 10705 43876 10945 5716 41208 3491 6393 7184 5769 35046 8192 3654 6162 4312 5652 6654 2737 3411 754 2225 3448 356 244
cat_boundaries=0 1 2 3 4
cat_threshold=37 2 10 36
is_linear=0
shrinkage=0.05


Tree=30
num_leaves=31
num_cat=6
split_feature=21 18 21 1 1 11 18 18 5 32 18 32 13 18 18 18 32 12 2 17 14 32 32 5 0 25 23 1 18 32
split_gain=3527.92 581.334 428.156 104.861 78.6366 58.3942 36.5005 34.6935 24.0442 20.3135 18.3363 17.4596 16.9826 16.6624 16.3871 14.64 13.8497 14.5508 13.7378 15.6904 13.7266 13.2124 11.8034 14.9007 12.3045 11.707 11.1138 11.3451 11.0085 11.0047
threshold=8.5000000000000018 0.43050193786621099 70.500000000000014 89.416667938232436 29.166666984558109 0.45000000298023229 1.8768939375877383 2.8642505407333378 0.82376667857170116 0 1.013513505458832 1 0.28618700802326208 0.78474903106689464 1.6376262307167055 1.7533783912658694 2 1.0000000180025095e-35 6.5833332538604745 0.36666667461395269 0.94003999233245861 3 4 0.86748334765434276 0.58333334326744091 3.8999999761581425 2.1000000238418584 69.166667938232436 5.1633331775665292 5
decision_type=2 2 2 2 2 2 2 2 8 9 2 9 10 2 2 2 9 2 2 2 10 9 9 8 2 10 10 2 2 9
left_child=1 5 7 6 8 25 20 13 16 -5 -10 -7 28 21 -6 -11 -3 -18 -9 -20 26 -2 23 -15 -24 -1 -4 -28 -8 -12
right_child=2 4 3 9 14 11 12 18 10 15 29 -13 -14 22 -16 -17 17 -19 19 -21 -22 -23 24 -25 -26 -27 27 -29 -30 -31
leaf_value=-0.046528534199174118 0.0050708536252670015 -0.014623086494026561 0.015550968413891348 0.047453257626098255 -0.0084019965836622836 -0.013761670140730226 0.023632806397589256 0.030363106885315141 -0.021272917740581491 0.025296004022513474 -0.021403111815062468 -0.036193118323442137 0.036817162274180214 -0.016880083041887144 0.0046674463195670425 0.035616448726179355 -0.042732865551589991 -0.024753793000374343 0.0029927260307904247 0.025228439859155183 0.025589929757729519 -0.011895329294116866 0.020167943984366731 0.0056251360776153093 0.0039890649517814502 0.003072148071560464 -0.0062582518039589726 0.033607647750388568 0.041478480933930403 0.00084642220426305265
leaf_weight=2899.4910451322794 163.20884002745152 345.96671909838915 975.27283664047718 447.67079977691174 416.89194869995117 206.73313835263252 1496.6884579509497 123.85008089244366 259.07579719275236 446.08971354365349 59.416155010461807 229.96817365288734 350.90961916744709 146.96807619929314 564.75218226015568 1496.0143093913794 153.33153308182955 422.97656682133675 221.64369416236877 123.56651543080807 311.11073856055737 357.90894820541143 130.0752891972661 147.23121029138565 1217.4021214097738 11.945242300629614 111.42552918195724 21.249601319432259 91.713261932134628 281.82895068824291
leaf_count=41712 797 2926 4056 2539 2202 1716 6807 519 2346 2235 457 2290 1678 688 2534 8331 1830 3370 912 513 1340 2024 640 652 5311 134 455 93 449 2132
internal_value=-0.000350654 -0.030139 0.0204528 0.0281002 -0.0119177 -0.0437677 0.0224035 0.00375025 -0.0190319 0.0361059 -0.011244 -0.026718 0.0268624 0.00107681 -0.000882982 0.0330756 -0.0241012 -0.0290335 0.0160772 0.0109519 0.0163098 -0.00671265 0.00354943 -0.00543275 0.00550996 -0.046325 0.0137039 0.000126777 0.0246632 -0.00362998
internal_weight=14232.4 5852.38 8380 5748.14 2504.24 3348.14 3358.37 2631.85 1522.6 2389.77 600.321 436.701 1939.31 2162.79 981.644 1942.1 922.275 576.308 469.06 345.21 1419.06 521.118 1641.68 294.199 1347.48 2911.44 1107.95 132.675 1588.4 341.245
internal_count=103688 63649 40039 27983 17797 45852 14878 12056 13061 13105 4935 4006 8934 10112 4736 10566 8126 5200 1944 1425 5944 2821 7291 1340 5951 41846 4604 548 7256 2589
cat_boundaries=0 1 2 3 4 5 6
cat_threshold=8 2 10 10 4 4
is_linear=0
shrinkage=0.05


Tree=31
num_leaves=31
num_cat=2
split_feature=21 10 21 10 18 10 18 32 18 19 32 18 18 11 20 10 23 10 25 18 21 5 25 31 28 12 23 25 4 3
split_gain=3311.24 584.827 419.567 89.9701 77.0899 66.0046 48.7523 38.1273 27.3909 27.0311 26.1827 23.6598 23.1519 22.8497 18.6138 19.0008 15.9396 18.0165 21.919 15.656 14.4057 14.3022 12.4015 11.4999 11.4995 10.8746 10.7045 10.6683 10.6254 10.5315
threshold=8.5000000000000018 1.0000000180025095e-35 87.500000000000014 28.633333206176761 1.9486842155456545 88.224998474121108 0.12310606241226198 0 1.3933982849121096 3.5000000000000004 1 0.47722567617893225 2.6478537321090703 13.550000190734865 -1.0000000180025095e-35 81.450000762939467 1.1000000238418581 31.899999618530277 1.5500000119209292 1.434057950973511 18.500000000000004 0.82376667857170116 1.2250000238418581 5.1499998569488534 0.41666667163372045 0.5900000035762788 1.8999999761581423 2.5499999523162846 0.50707498192787182 2.9416667222976689
decision_type=2 2 2 2 2 2 2 9 2 2 9 2 2 2 2 2 10 2 10 2 2 10 10 2 10 2 10 10 8 2
left_child=1 6 4 7 20 8 9 24 16 23 -8 -9 -7 -5 -6 29 -4 18 -18 -12 26 22 -10 -1 -3 -20 27 -2 -13 -16
right_child=2 3 5 13 14 12 10 11 21 -11 19 28 -14 -15 15 -17 17 -19 25 -21 -22 -23 -24 -25 -26 -27 -28 -29 -30 -31
leaf_value=-0.037732568952047081 0.00010652994112833811 0.012452698552834623 0.025986838933827874 -0.0047406288072089822 -0.032549596149436623 0.030883996722528718 -0.041640423575960442 -0.038569036209857611 0.020898804469278429 -0.049415007728761132 -0.024504932507357302 -0.026659764476996497 0.042448034932587114 0.015200937934778121 0.0085952180801741867 0.027779429187899014 -0.02312496878809675 0.017524809384948752 0.043160108096855151 0.0063616260342125924 0.0032122512920851535 0.034386026522459839 0.030793097659496671 -0.0099751232522744693 -0.011720676579326754 -0.0021381101650389794 -0.022463561372888598 -0.031674425310762588 -0.013309392757352432 0.017326167536946047
leaf_weight=300.88837836682796 277.09413450211287 55.217083692550659 331.35782064497471 1041.0618202462792 19.927189722657204 731.25692173838615 336.05615387111902 293.95554324239492 689.21626473963261 2110.748868688941 254.33726808428764 375.25078804045916 1060.5364926457405 166.64264345169067 592.67645646631718 287.43637013435364 70.05857889354229 344.01571609079838 25.329143449664116 48.995334982872009 1652.2806899100542 688.96673756837845 585.93503817915916 42.596743285655975 451.3016297519207 27.781084507703781 90.871959984302521 29.187255851924419 247.23162439465523 827.79787084460258
leaf_count=4233 1633 425 1420 5553 86 3977 4351 3088 3246 32703 3021 3117 6345 720 2504 1343 282 1499 102 520 7259 3347 2738 556 3564 112 548 176 1899 3500
internal_value=-7.90449e-05 -0.029357 0.0200363 -0.012026 0.00771568 0.0302545 -0.0440945 -0.0205446 0.025407 -0.0472982 -0.0317972 -0.0265881 0.0377286 -0.00198903 0.0154951 0.0160556 0.0175989 0.0116496 -0.00476008 -0.0188963 0.00115703 0.0285815 0.0254453 -0.0342903 -0.00890957 0.0194654 -0.00739331 -0.00292205 -0.0213574 0.0136833
internal_weight=14056 5724.28 8331.73 2630.66 3777.27 4554.45 3093.62 1422.96 2762.66 2454.23 639.389 916.438 1791.79 1207.7 1727.84 1707.91 798.542 467.185 123.169 303.333 2049.43 1964.12 1275.15 343.485 506.519 53.1102 397.153 306.281 622.482 1420.47
internal_count=103867 63750 40117 18366 17049 23068 45384 12093 12746 37492 7892 8104 10322 6273 7433 7347 3415 1995 496 3541 9616 9331 5984 4789 3989 214 2357 1809 5016 6004
cat_boundaries=0 1 2
cat_threshold=2 37
is_linear=0
shrinkage=0.05


Tree=32
num_leaves=31
num_cat=2
split_feature=3 10 10 20 11 10 32 20 14 20 9 31 5 25 20 20 13 19 4 13 3 32 31 25 31 19 3 10 31 11
split_gain=2974.54 550.681 108.379 104.199 92.1634 46.8388 31.8435 27.7331 20.5447 19.2698 19.7211 18.0721 17.3851 15.7807 15.6116 14.7802 14.2913 14.2067 14.0607 13.0217 18.8566 12.6333 29.1622 15.2952 13.5455 12.6782 12.4223 17.3214 12.2385 12.2275
threshold=1.0000000180025095e-35 66.633331298828139 87.90000152587892 1.5000000000000002 0.90000000596046459 22.899999618530277 0 2.5000000000000004 1.0000000180025095e-35 1.0000000180025095e-35 1.1000000238418581 4.8500001430511483 0.21011666208505633 1.2916666865348818 1.0000000180025095e-35 -1.4999999999999998 0.74674999713897716 12.500000000000002 0.0067033334635198125 0.021989000029861931 1.4833333492279055 1 4.9500000476837167 3.1000000238418584 4.1499998569488534 4.5000000000000009 3.9416667222976689 35.100000381469734 6.2500000000000009 4.7750000953674325
decision_type=2 2 2 2 2 2 9 2 8 2 2 2 8 10 2 2 8 2 8 10 2 9 2 10 2 2 2 2 2 2
left_child=4 3 7 5 8 6 11 15 -1 -7 -11 13 -8 -2 -4 -3 -17 28 -14 -19 -21 22 23 24 -10 -24 -5 -28 -12 -13
right_child=1 2 14 26 -6 9 12 -9 21 10 17 29 18 -15 -16 16 -18 19 -20 20 -22 -23 25 -25 -26 -27 27 -29 -30 -31
leaf_value=-0.045221982463231045 -0.014309164459670141 -0.031242390356421262 0.018666015499658368 0.0096988969767628948 -0.01717198316543652 -0.0023550500195497191 -0.022750965079600699 0.027364789885813784 -0.044616233108474124 0.015792236449274695 -0.013671937179446378 0.03732218690000489 -0.026795455015386067 0.0066617001515336316 0.037079512615126035 0.020408278162889912 0.011055449700176663 0.015391896226343033 -0.0057519876224578605 -0.019256836771580542 0.0076486911347583902 -0.041436920022072415 0.074118441465192544 0.03915870943698134 -0.025738278271087933 -6.5647931543891033e-05 -0.0028235393400764014 0.021717616245049289 0.014921621664554966 -0.024724177905448206
leaf_weight=1963.6383655890822 149.53562448173761 16.122475117444992 123.34392902255058 1442.1261046677828 422.02652096748352 1058.0727626234293 364.12704277038574 862.57851627469063 158.22825663909316 410.43861505389214 188.83452266454697 51.219418317079544 93.667949505150318 224.22455859929323 1724.4179167449474 1074.5332582741976 658.88293813169003 241.48268871754408 520.40504065155983 90.906038790941238 229.58307935297489 830.64850605279207 7.0060318186879149 7.423812821507453 237.87668226659298 32.367686782032251 83.622610718011856 512.93150483071804 46.671490758657455 9.3973266035318357
leaf_count=29880 983 70 684 6138 3492 5580 2844 4197 2366 1838 826 281 656 1371 10145 4850 2972 1048 3445 419 983 12025 96 92 3238 377 352 2258 201 52
internal_value=-0.000486716 0.0134144 0.026583 0.00314195 -0.039149 -0.00188315 -0.00902904 0.0200275 -0.0420141 0.00257147 0.00688686 0.0023252 -0.0139521 -0.00172842 0.0358504 0.01641 0.0168532 0.00230352 -0.00896186 0.00662368 1.69969e-05 -0.0370681 -0.0273221 -0.0319466 -0.0332793 0.0131344 0.0122092 0.0182775 -0.0080054 0.0277032
internal_weight=13836.3 10177.1 4459.88 5717.25 3659.22 3678.57 1412.58 2612.12 3237.19 2265.99 1207.92 434.377 978.2 373.76 1847.76 1749.54 1733.42 797.478 614.073 561.972 320.489 1273.55 442.902 403.529 396.105 39.3737 2038.68 596.554 235.506 60.6167
internal_count=103759 52193 22918 29275 51566 20527 9632 12089 48074 10895 5315 2687 6945 2354 10829 7892 7822 3477 4101 2450 1402 18194 6169 5696 5604 473 8748 2610 1027 333
cat_boundaries=0 1 2
cat_threshold=2 2
is_linear=0
shrinkage=0.05


Tree=33
num_leaves=31
num_cat=0
split_feature=1 21 18 10 21 18 21 10 19 18 18 10 18 3 31 3 24 20 0 14 18 1 10 19 31 25 26 10 18 12
split_gain=2917.92 640.32 192.626 113.388 55.8813 28.3381 26.9262 25.9305 27.4165 23.2152 22.6038 17.78 17.6807 16.6227 16.3922 15.2735 15.1785 13.0515 12.8435 12.6221 12.2088 11.9615 11.6126 11.5882 16.564 11.156 13.362 10.9969 10.8834 10.714
threshold=5.1666667461395273 70.500000000000014 0.37668919563293463 81.90000152587892 10.500000000000002 2.1690477132797246 87.500000000000014 1.0000000180025095e-35 2.5000000000000004 1.5303308963775637 1.0923295617103579 58.45000076293946 3.1017241477966313 2.9833333492279057 5.4500000476837167 1.0000000180025095e-35 0.83333334326744091 6.5000000000000009 1.0000000180025095e-35 0.94846001267433178 0.11269841343164445 10.166666507720949 22.550000190734867 11.500000000000002 5.1499998569488534 1.3666666746139529 1.1666666865348818 89.77500152587892 3.7533783912658696 2.1633334159851079
decision_type=2 2 2 2 2 2 2 2 2 2 2 2 2 2 2 2 10 2 2 8 2 2 2 2 2 10 10 2 2 2
left_child=2 4 7 6 5 19 13 8 14 16 -4 17 27 -3 -1 28 22 -6 -7 -2 -10 -20 -8 -18 -25 26 -11 -5 -12 -15
right_child=1 3 10 12 11 18 9 -9 20 25 15 -13 -14 29 -16 -17 23 -19 21 -21 -22 -23 -24 24 -26 -27 -28 -29 -30 -31
leaf_value=-0.033921009236681739 -0.016584496188703817 0.0041877011142258322 -0.025696657489703519 0.023371546621920876 0.00080086453882182395 0.053730621230666499 -0.028269522965790779 -0.030325802230172234 -0.048640778044594594 0.01315436846683302 -0.013025125943953287 0.010929284441592784 0.038062802553536994 0.052244297803774868 0.0088299025166455845 0.0076851910282558188 0.028777907182607698 0.023020997277836644 -0.039109783812458762 -0.0065085208767445436 -0.036301234612686563 0.002916812246880284 0.0076648787144047619 0.018010975888170407 -0.0081346326556764516 0.030364364160117563 0.027414946365552445 0.032859409168428798 -0.046604134059264918 0.016357622327562577
leaf_weight=199.9533119276166 589.7500679269433 405.83252288401127 570.58530075848103 468.88353134691715 1668.4134634882212 12.028477713465689 28.281048908829689 305.63288295269012 2031.6111231893301 285.40652413666248 367.24385572969913 741.52515779435635 1116.8791591078043 21.826899409294128 25.254687614738941 89.207440882921219 195.90242269635201 68.811518505215645 17.54319653660059 657.13882692158222 222.39777421206236 485.01180139183998 109.65749774873257 454.3535837829113 69.896146103739738 704.88314762711525 386.98552940785885 875.92633172869682 25.827624276280403 441.24779769778252
leaf_count=2974 3977 1674 6029 2361 7747 63 114 3426 33965 1350 3513 3039 6675 90 333 662 839 287 115 3800 3209 2256 475 1961 297 3350 1838 5076 290 1943
internal_value=-0.000217831 0.0142474 -0.0371795 0.0253991 -0.000391067 -0.00720013 0.019044 -0.0440672 -0.0457613 0.0219473 -0.0189613 0.00444765 0.033413 0.011575 -0.0291269 -0.0109926 0.0154919 0.001681 0.00267182 -0.0112742 -0.0474233 0.00144975 0.000297376 0.0184023 0.0145251 0.0259693 0.0213618 0.0295514 -0.0152315 0.0180491
internal_weight=13643.9 9806.18 3837.71 5565.96 4240.22 1761.47 3104.27 2784.85 2479.22 2235.37 1052.86 2478.75 2461.69 868.907 225.208 482.279 858.091 1737.22 514.583 1246.89 2254.01 502.555 137.939 720.152 524.25 1377.28 672.392 1344.81 393.071 463.075
internal_count=103728 49327 54401 28043 21284 10211 13931 43907 40481 10224 10494 11073 14112 3707 3307 4465 3686 8034 2434 7777 37174 2371 589 3097 2258 6538 3188 7437 3803 2033
is_linear=0
shrinkage=0.05


Tree=34
num_leaves=31
num_cat=0
split_feature=3 21 18 18 18 21 21 19 18 21 18 5 14 5 11 19 29 19 13 9 18 11 9 5 23 14 21 2 19 21
split_gain=2631.71 650.78 145.278 70.7183 70.1404 51.3383 41.939 21.7249 25.2622 21.1114 19.104 18.294 18.255 17.5939 17.5363 13.4988 13.0326 12.8201 12.412 12.0195 14.6906 13.1047 11.6871 11.1649 10.7115 10.6859 10.5724 10.1964 10.1729 18.5811
threshold=1.0000000180025095e-35 68.500000000000014 0.37668919563293463 1.9486842155456545 1.5303308963775637 17.500000000000004 87.500000000000014 3.5000000000000004 0.056349206715822227 89.500000000000014 2.8834841251373295 0.87341666221618663 0.73633334040641796 0.30020000040531164 10.633333683013918 11.500000000000002 1.8999999761581423 36.500000000000007 0.0050099999643862256 0.36666667461395269 0.28801843523979193 3.3666666746139531 0.55000001192092907 0.14703333377838138 1.1000000238418581 0.14633332937955859 3.5000000000000004 4.8333332538604745 7.5000000000000009 17.500000000000004
decision_type=2 2 2 2 2 2 2 2 2 2 2 10 8 8 2 2 10 2 8 2 2 2 2 10 10 10 2 2 2 2
left_child=2 4 7 9 5 13 -5 -1 25 17 22 14 -4 -2 16 -11 -8 -3 -15 20 -7 -21 -6 -14 -16 -9 -20 -17 29 -24
right_child=1 3 12 6 10 19 11 8 -10 15 -12 -13 23 18 24 27 -18 -19 26 21 -22 -23 28 -25 -26 -27 -28 -29 -30 -31
leaf_value=-0.031639890003842285 -0.021157317665174518 0.0095191947502520774 -0.026398992012289031 0.017890855209414424 0.018786900744252967 -0.0011404293545864686 0.013744027219465493 -0.048594317216977025 -0.035622291203396654 0.027213187162612229 0.01190176221656827 0.036633463031817845 -0.013128437745412589 -0.027054719957286005 0.037538274158889468 0.0054374072757462401 0.036042498892404067 -0.035665441316536033 -0.010870433356513901 -0.0086512111608764222 0.034149850466592135 0.004363777128721328 -0.02805236424392207 0.03802898658174482 0.027960604458071383 0.034957119938480677 0.0022518766030804795 0.018809456791742733 0.0023140946854924814 0.0036794539592400173
leaf_weight=317.53245079889894 500.25673816353083 511.66379010677338 483.68558253347874 750.82360255718231 93.981541521847248 59.252334699034691 296.90686637163162 1757.2900581397116 494.46296254172921 432.28622782230377 686.70810600370169 996.8894439637661 353.99252434074879 89.649393282830715 411.98077568411827 167.52283184230328 84.084510087966919 16.195094496011734 584.90241106599569 314.63969546556473 58.70872388780117 501.97597925364971 82.269116394221783 10.996733441948889 1001.7471026033163 3.8352017104625693 208.10716463625431 956.6041771620512 1141.5417910590768 105.03424976766109
leaf_count=4818 4142 2128 5300 3416 522 301 1437 30686 7132 2051 2986 5714 3469 612 2408 706 410 68 3877 1551 293 2164 409 60 5701 41 1260 4496 5229 431
internal_value=-9.30518e-05 0.0127977 -0.037968 0.0240815 -0.00154377 -0.00754834 0.0283811 -0.0438848 -0.0456086 0.0167737 0.00505273 0.0312026 -0.0200289 -0.0136661 0.0281859 0.0197043 0.0186653 0.0081329 -0.00942034 0.00150423 0.0164234 -0.000650861 0.00174714 -0.0115871 0.0307517 -0.0484124 -0.00742678 0.0168167 0.00054202 -0.0102581
internal_weight=13475.5 10053.7 3421.8 5626.7 4427.03 2317.49 3542.43 2573.12 2255.59 2084.27 2109.53 2791.61 848.675 1382.92 1794.72 1556.41 380.991 527.859 882.659 934.577 117.961 816.616 1422.83 364.989 1413.73 1761.13 793.01 1124.13 1328.85 187.303
internal_count=103818 52312 51506 28535 23777 14200 19086 42677 37859 9449 9577 15670 8829 9891 9956 7253 1847 2196 5749 4309 594 3715 6591 3529 8109 30727 5137 5202 6069 840
is_linear=0
shrinkage=0.05


Tree=35
num_leaves=31
num_cat=1
split_feature=1 21 18 10 21 32 10 11 18 20 5 3 18 20 10 25 10 18 25 21 18 20 23 24 2 21 27 29 11 1
split_gain=2450.44 515.668 226.767 66.4831 62.8658 56.1267 33.8093 27.2347 26.6619 22.4757 19.2388 18.1753 17.9035 17.4887 16.883 15.8273 14.7346 13.8507 13.6909 13.1395 12.9602 12.801 12.4583 14.44 13.4075 12.1229 11.3704 10.9505 10.2155 12.1945
threshold=7.1666667461395273 80.500000000000014 0.12310606241226198 89.77500152587892 18.500000000000004 0 48.549999237060554 0.63333335518836986 1.8591269850730898 -1.4999999999999998 0.51339998841285717 2.9166667461395268 0.6711711883544923 2.5000000000000004 1.0000000180025095e-35 3.8999999761581425 30.899999618530277 0.2806250005960465 0.63333335518836986 4.5000000000000009 1.144958019256592 -1.0000000180025095e-35 1.1000000238418581 1.1666666865348818 12.833333492279055 12.500000000000002 1.0000000180025095e-35 2.2250000238418584 13.09999990463257 30.833333015441898
decision_type=2 2 2 2 2 9 2 2 2 2 8 2 2 2 2 8 2 2 10 2 2 2 10 10 2 2 10 8 2 2
left_child=2 4 14 8 6 7 10 19 22 -6 -2 -11 -7 -5 15 26 -9 -12 -8 -4 -21 -10 -3 24 -24 -14 -1 -23 -13 -30
right_child=1 3 5 13 9 12 18 16 21 11 17 28 25 -15 -16 -17 -18 -19 -20 20 -22 27 23 -25 -26 -27 -28 -29 29 -31
leaf_value=-0.017658110620120116 -0.01754797813319816 0.021168417051869365 -0.038922437413539041 0.029332400534855543 -0.045604640810722602 -0.017285900445481422 0.020363730059262827 -0.021992933834754345 -0.029587099954449733 0.003505321510794625 -0.027157960771743397 0.0080150211682612823 -0.0025563093074614301 0.04034987213794404 -0.024756652537889445 0.018494167376973389 0.012457142206284681 -0.0027605344211773415 0.00054990003352257076 -0.026942674592793339 0.040503225734097092 0.023710106583384374 -0.0056959556159864649 0.016577092333505346 0.016553559076476484 0.047073521114891777 -0.046527731182791146 0.036218322969716686 -0.034137538313525291 0.019135900847844486
leaf_weight=34.684708181768656 519.16706878691912 565.58465541899204 435.63438207656145 960.59746909141541 20.517851039767265 306.788520000875 100.2192445397377 429.88363476842642 10.785890907049177 1605.9760893881321 63.828773684799671 693.17530436813831 338.25524351745844 576.27492713928223 100.35893173888326 9.5427559092640859 33.453642532229424 656.54999781399965 670.28395266830921 23.549416795372963 10.210960470139979 1641.5645095705986 182.27022832632065 503.22847238183022 107.7266880273819 12.76888035237789 2044.4857716932893 195.85471752285957 11.020890727639197 424.37137238681316
leaf_count=546 3478 2499 5918 5874 95 3552 429 3958 53 7030 457 2885 3089 3733 1182 119 243 3847 3053 202 59 8349 765 2227 505 64 36730 998 45 1862
internal_value=-0.000293094 0.0132435 -0.0343493 0.0249131 0.00162583 -0.0199814 -0.00509778 -0.027807 0.0208155 0.00653128 -0.0102104 0.00692246 -0.00833576 0.0334636 -0.0447888 -0.0457513 -0.0195056 -0.00492226 0.00312708 -0.0365936 -0.00654339 0.0247246 0.0154986 0.0114559 0.00256919 -0.000750971 -0.0460461 0.0250434 0.0117851 0.0177874
internal_weight=13288.6 9509 3779.62 4743.89 4765.11 1590.54 2010.05 932.732 3207.02 2755.06 1239.55 2734.54 657.813 1536.87 2189.07 2088.71 463.337 720.379 770.503 469.395 33.7604 1848.21 1358.81 793.225 289.997 351.024 2079.17 1837.42 1128.57 435.392
internal_count=103846 48184 55662 25003 23181 17085 11264 10380 15396 11917 7782 11822 6705 9607 38577 37395 4201 4304 3482 6179 261 9400 5996 3497 1270 3153 37276 9347 4792 1907
cat_boundaries=0 1
cat_threshold=37
is_linear=0
shrinkage=0.05


Tree=36
num_leaves=31
num_cat=3
split_feature=1 21 18 1 18 32 10 18 18 10 21 11 18 21 31 21 9 32 8 18 24 32 18 31 27 20 21 3 31 24
split_gain=2263.45 474.635 203.667 105.115 39.0822 34.7087 26.7349 25.6665 24.7879 21.8023 18.2431 17.7589 17.1324 16.8628 15.6628 14.5719 14.1144 12.5463 13.298 12.2947 13.907 11.6264 11.3448 16.3013 11.1085 11.0567 10.8451 14.4024 10.829 11.0202
threshold=7.1666667461395273 67.500000000000014 0.18350168317556384 89.416667938232436 0.95119047164917003 0 0.45000000298023229 2.9451951980590825 2.5322916507720952 1.0000000180025095e-35 17.500000000000004 13.550000190734865 1.1270161271095278 1.0000000180025095e-35 6.4500000476837167 20.500000000000004 0.36666667461395269 1 0.41666667163372045 0.31339286267757421 1.1666666865348818 2 5.4316768646240243 5.9500000476837167 1.0000000180025095e-35 -1.4999999999999998 89.500000000000014 3.7833333015441899 4.6499998569488534 1.1666666865348818
decision_type=2 2 2 2 2 9 2 2 2 2 2 2 2 2 2 2 2 9 2 2 10 9 2 2 10 2 2 2 2 10
left_child=2 4 9 7 15 6 -4 19 -5 24 11 17 14 28 -8 -2 -12 -6 -19 -3 -21 -17 23 -9 -1 -18 27 -22 29 -7
right_child=1 3 5 8 10 13 12 22 -10 -11 16 -13 -14 -15 -16 21 25 18 -20 20 26 -23 -24 -25 -26 -27 -28 -29 -30 -31
leaf_value=-0.017193299031930214 -0.014681853597093678 -0.0024212210918020064 -0.038175017553065099 0.024662057611604393 -0.015789464730303286 -0.028532465738909819 -0.028784705522492376 0.027575417149183292 0.035443904992746016 -0.02488272078132088 0.039127195213932382 0.012191908839620959 -0.0080666156444266415 0.013002520407156402 0.016725549452555596 0.0095205337642377263 -0.042413480637720206 -0.002812705259868771 0.033156320366651226 0.0094389804645637031 0.0073259933719478382 -0.0080381266939422262 0.037159095933851437 0.013470136617490275 -0.044843077393706847 0.0057363035529403661 0.02087555099865537 0.024629677011864845 -0.00064788855992691094 -0.01066535145597548
leaf_weight=36.985106706619263 560.4525770843029 110.15655581653118 284.0355390496552 951.96994443237782 184.25464142858982 131.69509693980217 326.8864526823163 465.83236333727837 1211.487931266427 154.54523442685604 31.576978772878647 193.16838544607162 210.31310173124075 74.345598354935646 20.066160656511784 132.77726368606091 12.023139700293539 1009.3839412629604 26.367543458938599 824.04609788954258 425.1790491938591 270.17990845441818 131.86471177637577 365.58425144851208 2036.5922396592796 1428.2422754466534 928.94288688898087 167.67744497954845 141.88506902754307 250.38232424110174
leaf_count=585 3858 454 4164 5362 1006 1431 3334 2323 7855 1824 140 825 1653 520 183 599 55 5319 115 3651 1789 1321 697 1800 37855 5991 4213 740 1376 2674
internal_value=-0.000199949 0.0127615 -0.0335289 0.0220744 -0.00074831 -0.0188708 -0.0253885 0.016617 0.0306997 -0.0429996 0.00216341 -0.00189427 -0.0193269 -0.009129 -0.0261526 -0.00946771 0.00605935 -0.00412459 -0.00187889 0.013904 0.0146706 -0.00221563 0.0235341 0.0213731 -0.0443499 0.00533436 0.0175036 0.01222 -0.0124435 -0.0168238
internal_weight=13098.9 9431.17 3667.73 5582.74 3848.43 1439.61 841.301 3419.28 2163.46 2228.12 2885.02 1413.17 557.266 598.308 346.953 963.41 1471.84 1220.01 1035.75 2456 2345.85 402.957 963.281 831.417 2073.58 1440.27 1521.8 592.856 523.962 382.077
internal_count=103712 48113 55599 28884 19229 15335 9334 15667 13217 40264 13451 7265 5170 6001 3517 5778 6186 6440 5434 10847 10393 1920 4820 4123 38440 6046 6742 2529 5481 4105
cat_boundaries=0 1 2 3
cat_threshold=37 4 10
is_linear=0
shrinkage=0.05


Tree=37
num_leaves=31
num_cat=2
split_feature=1 21 10 10 21 10 32 32 31 2 20 31 31 20 24 23 20 4 19 22 3 24 10 0 0 22 3 19 4 31
split_gain=2127.91 434.574 182.675 70.1374 53.4747 32.7642 26.6936 23.9211 68.2132 20.8056 19.5068 17.3435 16.7559 15.2522 14.9734 14.3059 13.2442 12.9154 12.4525 14.3972 11.9362 11.9044 11.7034 11.292 11.292 10.8264 15.2282 15.512 9.93271 10.9829
threshold=7.1666667461395273 80.500000000000014 1.0000000180025095e-35 87.90000152587892 17.500000000000004 45.100000381469734 0 1 4.0499999523162851 14.166666507720949 -1.4999999999999998 6.9500000476837167 5.0499999523162851 1.5000000000000002 3.8333333730697636 2.1000000238418584 1.0000000180025095e-35 1.0000000180025095e-35 6.5000000000000009 1.8333333134651186 2.9166667461395268 1.4166666865348818 61.633333206176765 -1.0000000180025095e-35 2.8333333730697636 1.5833333134651186 1.0000000180025095e-35 26.500000000000004 0.16673666983842853 4.8500001430511483
decision_type=2 2 2 2 2 2 9 9 2 2 2 2 2 2 8 10 2 8 2 10 2 8 2 2 2 10 2 2 8 2
left_child=2 4 7 9 5 24 25 -1 -9 15 -6 16 14 -5 -10 -3 -8 -14 19 -7 -12 -19 28 -20 -2 26 -4 -28 -17 -30
right_child=1 3 6 13 10 18 11 8 12 -11 20 -13 17 -15 -16 22 -18 21 23 -21 -22 -23 -24 -25 -26 -27 27 -29 29 -31
leaf_value=-0.046541818587089938 -0.011895857104240671 0.016938174255578916 -0.007173144389911912 0.023637484282293571 -0.041763363284400508 -0.026444752248044059 -0.029347720565990304 -0.045520585538546432 -0.025450393325538646 0.024217131824719226 0.0035485673173139536 0.008196957680291354 -0.02466651977672106 0.034218744883935497 0.06500321421279659 0.0070757553375182473 -0.013993197778573134 0.011023570413534751 0.05361633181411149 0.019601370196558478 0.010213725491795299 0.09047460208877646 0.017104076761240906 0.0039891188684145545 0.007197779778906753 -0.014465686494140963 0.0083559096886081565 0.063682278540001719 -0.054596769091171504 -0.0076655617950790013
leaf_weight=1224.4930769987404 1032.1093857362866 1684.6057281494141 145.23321880400181 475.35480651259422 21.276176273822784 67.66953319311142 431.97482618689537 676.99847863614559 544.58430547267199 1004.5086899548769 1629.6489060223103 43.710966654121876 18.517422575503588 1201.0355428606272 4.6139545217156401 72.03364272415638 208.09425992518663 19.734409462660555 11.644562289118765 22.660579651594162 1142.7240342795849 6.1945598572492591 95.79922641813755 732.06479692459106 83.714696057140827 178.45056594163179 55.73054226487875 16.396396644413471 16.875405251979828 47.711250245571136
leaf_count=22703 6773 7710 1320 2928 102 316 4665 12922 9278 5258 7151 342 266 7894 68 301 1855 255 59 103 4875 81 472 3359 428 1557 452 121 70 205
internal_value=-0.000442117 0.0121122 -0.033249 0.023066 0.00149464 -0.00485981 -0.0160657 -0.0406838 -0.0344015 0.0183882 0.00592982 -0.0219538 -0.0223008 0.0312183 -0.0246905 0.0153338 -0.0243558 0.00722744 0.00263693 -0.0148934 0.00629583 0.0300048 0.00370526 0.00476615 -0.0104634 -0.00520772 0.00215339 0.0209331 -0.0056901 -0.0199279
internal_weight=12916.2 9341.44 3574.73 4597.92 4743.51 1949.86 1079.59 2495.14 1270.64 2921.53 2793.65 683.78 593.645 1676.39 549.198 1917.03 640.069 44.4464 834.039 90.3301 2772.37 25.929 232.42 743.709 1115.82 395.811 217.36 72.1269 136.62 64.5867
internal_count=103889 48004 55885 24838 23166 11038 10312 45573 22870 14016 12128 6862 9948 10822 9346 8758 6520 602 3837 419 12026 336 1048 3418 7201 3450 1893 573 576 275
cat_boundaries=0 1 2
cat_threshold=2 36
is_linear=0
shrinkage=0.05


Tree=38
num_leaves=31
num_cat=4
split_feature=1 21 18 10 32 19 18 18 21 21 19 5 20 18 10 31 32 18 31 18 32 31 18 23 21 10 1 32 1 21
split_gain=1971.7 430.347 173.46 79.2192 48.6944 44.5906 35.3666 32.2117 19.4471 19.0487 31.6925 18.7345 17.899 17.396 17.1733 16.54 20.1856 15.9224 14.9254 26.7297 13.6704 14.5838 12.3602 12.1218 14.353 11.9346 11.7035 11.3459 12.5497 10.8948
threshold=3.8333333730697636 67.500000000000014 0.12310606241226198 87.90000152587892 0 4.5000000000000009 0.71651786565780651 1.8956443071365359 1.5000000000000002 21.500000000000004 6.5000000000000009 1.0000000180025095e-35 -1.4999999999999998 2.6711711883544926 7.0999999046325692 4.7500000000000009 1 1.0779352784156802 5.9500000476837167 4.6711711883544931 2 4.8500001430511483 3.1017241477966313 2.1000000238418584 88.500000000000014 1.0000000180025095e-35 76.166667938232436 3 49.833333969116218 1.0000000180025095e-35
decision_type=2 2 2 2 9 2 2 2 2 2 2 10 2 2 2 2 9 2 2 2 9 2 2 10 2 2 2 9 2 2
left_child=2 6 5 7 14 15 8 23 20 10 -8 22 -11 -5 29 -1 -17 -6 -9 -20 21 -2 -12 24 -3 -7 -25 28 -13 -4
right_child=1 3 4 13 17 25 9 18 -10 12 11 27 -14 -15 -16 16 -18 -19 19 -21 -22 -23 -24 26 -26 -27 -28 -29 -30 -31
leaf_value=-0.033833311120939236 -0.012826602469135357 0.0051279131496704666 -0.036882904627355856 0.023471679702223677 -0.014837426471483282 -0.048137862662784428 -0.019263446163338558 0.023231083956102502 -0.0038354876274385081 -0.051185429785375547 0.0030889025242462776 -0.0061251578910608822 0.0059988265148282864 0.033822617129684193 -0.016024593491447976 -0.019606736853105228 0.030745712731968567 0.0026254044296493721 0.008184288328284826 0.030290968366195471 -0.028819182272139355 0.036715692782562308 0.020016517729373955 -0.0077555276389196784 0.015863643303970793 -0.027568348049797176 0.020363998877312793 -0.016663852867489233 0.0089136589517630864 -0.015560950153838043
leaf_weight=246.54752596840262 151.50764318555593 444.50501736998558 433.12085232511163 710.89408291876316 369.58975820988417 1524.2004499062896 237.34058758616447 1451.9432075172663 464.9374228194356 13.816070094704626 645.93896586447954 502.49183975160122 1432.3721371740103 946.1492665708065 182.44767926633358 72.40839821100235 17.105384521186352 201.80808668583632 496.1476129591465 188.75846220552921 177.04077832400799 16.469260312616825 129.44999124109745 145.56833209097385 1039.1234123706818 73.938460446894169 49.615605443716049 154.04177242517471 191.62239865958691 69.528191938996315
leaf_count=4524 1052 1844 6420 4325 4400 31388 1327 7214 2613 66 3423 2975 6014 6565 1681 1237 280 1844 2411 998 1604 104 574 604 4681 978 241 861 817 768
internal_value=-0.000261607 0.0110665 -0.0343086 0.0202534 -0.0198443 -0.0437049 -0.00114546 0.0162891 -0.0105096 0.00114796 -0.00219732 0.000297514 0.00545252 0.0293819 -0.0287447 -0.0271495 -0.00874039 -0.00852073 0.0203611 0.0142768 -0.0195034 -0.00752147 0.00591494 0.0111061 0.0126471 -0.0471862 -0.000607566 -0.00483797 -0.0019454 -0.0339336
internal_weight=12780.4 9589.73 3190.69 5472.7 1256.49 1934.2 4117.03 3815.66 809.955 3307.07 1860.89 1623.54 1446.19 1657.04 685.097 336.061 89.5138 571.398 2136.85 684.906 345.018 167.977 775.389 1678.81 1483.63 1598.14 195.184 848.156 694.114 502.649
internal_count=103833 50313 53520 28883 15113 38407 21430 17993 5373 16057 9977 8650 6080 10890 8869 6041 1517 6244 10623 3409 2760 1156 3997 7370 6525 32366 845 4653 3792 7188
cat_boundaries=0 1 2 3 4
cat_threshold=37 36 2 34
is_linear=0
shrinkage=0.05


Tree=39
num_leaves=31
num_cat=4
split_feature=3 21 18 18 18 21 10 19 18 32 32 10 32 18 2 25 20 10 9 32 12 25 28 18 14 25 12 3 10 14
split_gain=1794.37 412.441 142.229 73.2017 61.3091 34.6069 25.2276 22.5511 27.6006 20.5601 17.588 16.3426 15.7444 22.5658 15.1049 16.1403 14.9859 15.1398 16.6996 13.0337 13.0361 12.9318 15.7394 11.6237 10.3402 9.86943 9.80864 9.93027 9.75511 9.75067
threshold=1.0000000180025095e-35 87.500000000000014 0.37668919563293463 2.1017241477966313 2.2768198251724248 6.5000000000000009 88.224998474121108 4.5000000000000009 0.065591398626565947 0 1 10.22499990463257 2 1.0779352784156802 4.8333332538604745 0.90000000596046459 -1.0000000180025095e-35 65.450000762939467 1.1000000238418581 3 0.72250002622604381 3.1000000238418584 2.1666666269302373 1.5067567825317385 0.78065997362136852 1.8999999761581423 0.12249999865889551 1.5166666507720949 28.633333206176761 0.68682000041008007
decision_type=2 2 2 2 2 2 2 2 2 9 9 2 9 2 2 10 2 2 2 9 2 8 8 2 10 10 2 2 2 10
left_child=2 3 7 5 14 12 24 21 -9 11 -10 -4 -2 28 -3 29 -5 18 26 -7 -21 -1 -23 -17 25 -6 -18 -28 -14 -16
right_child=1 4 9 16 6 19 -8 8 10 -11 -12 -13 13 -15 15 23 17 -19 -20 20 -22 22 -24 -25 -26 -27 27 -29 -30 -31
leaf_value=-0.031992989565836218 -0.0029392497990430935 0.0047993736915166538 -0.031973915121635881 -0.0375633914026808 0.016821577464617789 0.0070761636745463249 0.033385720836488934 -0.046931171191754606 -0.017170833227009338 -0.007498051998518853 -0.041838437680274759 -0.010434639793070867 -0.026384902013269259 -0.0050156789215126058 0.00055670939218102915 0.015146607442127886 0.07318479207707905 0.014074462481473406 0.0026807768377192982 -0.010064201803359513 0.00060728990818639101 -0.012740910344404206 0.10047990393022017 0.024158367917369361 0.029166507002243703 0.035089090278456747 0.0085398092450412726 0.035241072418570378 -0.0078343453814174874 0.026172820539728664
leaf_weight=327.95759063959122 545.36801820248365 278.35868579149246 268.64956362172961 17.298051804304123 628.93025650084019 563.97318819910288 1045.772119268775 1400.2084795683622 182.90960984677076 383.52218530327082 217.58548161387444 131.00899329781532 322.76962354779243 346.63137743622065 195.73276226222515 760.44421091675758 8.1793329268693906 879.34521980583668 937.77500320971012 361.73080655932426 1370.1676249206066 14.725457046180965 3.8779216967523089 675.82723821699619 381.75196027755737 83.789498552680016 109.2303042113781 51.11541847884655 90.807579018175602 45.851458385586739
leaf_count=6022 3456 1220 3794 77 3302 2563 7395 29948 2782 3892 3822 1137 3255 2110 926 3690 49 3966 4177 2138 6188 216 56 3619 2116 445 565 232 568 241
internal_value=-0.000432241 0.00992549 -0.0347201 0.00111122 0.0219843 -0.00315027 0.0278323 -0.0413726 -0.0436205 -0.0164808 -0.0320459 -0.0243051 -0.00964985 -0.014238 0.0155862 0.0173758 0.00877373 0.00917739 0.00528495 0.000545799 -0.00161229 -0.0296926 0.0108603 0.019387 0.022526 0.0189692 0.0197761 0.0170517 -0.0223118 0.00541852
internal_weight=12631.3 9700.85 2930.45 5604.39 4096.46 3601.45 2140.24 2147.26 1800.7 783.181 400.495 399.659 1305.58 760.209 1956.21 1677.86 2002.94 1985.65 1106.3 2295.87 1731.9 346.561 18.6034 1436.27 1094.47 712.72 168.525 160.346 413.577 241.584
internal_count=103967 52298 51669 29344 22954 20278 13258 42846 36552 8823 6604 4931 9389 5933 9696 8476 9066 8989 5023 10889 8326 6294 272 7309 5863 3747 846 797 3823 1167
cat_boundaries=0 1 2 3 4
cat_threshold=37 10 2 10
is_linear=0
shrinkage=0.05


Tree=40
num_leaves=31
num_cat=2
split_feature=1 21 18 1 18 19 20 18 18 32 21 18 18 32 21 21 19 19 18 24 24 5 11 18 4 29 4 21 24 3
split_gain=1700.63 377.551 163.02 73.8836 48.5682 30.511 29.8147 26.7425 25.709 22.3034 22.9295 21.3014 19.9859 17.8603 24.6443 14.4132 14.3959 14.1044 13.9258 13.3136 13.0448 12.1966 13.3015 11.8301 11.2507 11.1034 11.067 11.1154 10.7354 9.91691
threshold=3.4166666269302373 75.500000000000014 0.18350168317556384 89.416667938232436 0.90767046809196483 4.5000000000000009 -1.0000000180025095e-35 1.0923295617103579 2.8834841251373295 0 1.0000000180025095e-35 1.8956443071365359 1.7533783912658694 1 1.5000000000000002 10.500000000000002 6.5000000000000009 7.5000000000000009 0.040833333507180221 2.4166666269302373 0.83333334326744091 0.060216665267944343 3.7749999761581425 4.0727515220642099 0.080274999141693129 1.3666666746139529 0.22022166848182681 89.500000000000014 2.1666666269302373 5.0833332538604745
decision_type=2 2 2 2 2 2 2 2 2 9 2 2 2 9 2 2 2 2 2 8 10 8 2 2 8 10 8 2 10 2
left_child=2 4 5 6 13 19 -3 21 15 -9 -11 17 -5 25 -15 16 -6 -8 -7 -1 -13 22 -4 -22 -18 -2 27 -19 -29 -26
right_child=1 3 7 12 8 18 11 9 -10 10 -12 20 -14 14 -16 -17 24 26 -20 -21 23 -23 -24 -25 29 -27 -28 28 -30 -31
leaf_value=-0.0320769020332351 0.0088892035562227311 -0.038188760919069066 -0.03163374134494748 0.018048810076113513 -0.021208410038900789 -0.046963960820923731 0.022896217257575457 -0.03155997233141522 0.010772274555123171 -0.0054330511052426336 0.04326619968276068 0.011969814761076815 0.030110261753951574 -0.027086026180042647 -0.0072870196793627566 0.0035371188042541725 -0.0084938858071246445 0.0013249771501888977 -0.034884152882248338 -0.0035662032757232988 0.019887186926358207 -0.015772754640639357 0.0065383575223106963 0.033746079609159228 0.0014627379387185538 -0.0074957197936834329 0.0027466612004658623 0.012548992519987449 0.031093317730547656 0.038259237005877418
leaf_weight=273.01344518363476 180.48240804672241 26.205421090126038 372.22349186614156 440.15691277384758 108.64394523203373 1279.6842573396862 194.39577350020409 67.427884168922901 827.07880971580744 312.2676563449204 26.198645003139973 433.65170969069004 1563.198113411665 232.93527129292488 483.20867535471916 1679.7755086496472 380.70902883261442 148.67299996316433 293.25715973600745 48.171811208128929 922.98223549127579 287.89444724470377 24.312312848865986 184.81580460071564 506.74471899122 242.08441073447466 489.90630207955837 305.8747001439333 104.77703024446964 18.997066669166088
leaf_count=5232 1054 113 5151 2490 648 28626 847 849 3625 3164 200 2218 10621 2129 2754 7300 2262 625 5385 841 4636 3648 227 1019 2704 1408 2117 1341 463 86
internal_value=-6.3918e-05 0.0103031 -0.0329782 0.020123 0.000158899 -0.0418442 0.0148943 -0.0175759 0.00306117 -0.00740753 -0.0016158 0.0153938 0.0274602 -0.0088176 -0.0135379 0.00069456 -0.0040093 0.0105255 -0.0447118 -0.0278008 0.0193215 -0.0236061 -0.0292933 0.0221993 -0.00194787 -0.000486057 0.00823353 0.0130394 0.0172805 0.00279234
internal_weight=12459.7 9475.3 2984.45 4814.64 4660.66 1894.13 2811.28 1090.32 3521.95 405.894 338.466 2785.08 2003.36 1138.71 716.144 2694.87 1015.09 1243.63 1572.94 321.185 1541.45 684.43 396.536 1107.8 906.451 422.567 1049.23 559.325 410.652 525.742
internal_count=103783 50460 53323 26490 23970 40084 13379 13239 16625 4213 3364 13266 13111 7345 4883 13000 5700 5393 34011 6073 7873 9026 5378 5655 5052 2462 4546 2429 1804 2790
cat_boundaries=0 1 2
cat_threshold=5 2
is_linear=0
shrinkage=0.05


Tree=41
num_leaves=31
num_cat=0
split_feature=3 21 18 18 18 19 18 21 19 21 14 21 31 18 2 19 14 14 31 12 3 21 31 13 12 21 13 31 14 18
split_gain=1583.11 335.869 154.543 58.6926 41.3149 23.6358 25.7709 22.6399 16.0772 27.757 16.0097 15.7977 15.6333 15.6096 14.1785 13.6022 13.3557 13.3384 12.4547 12.3937 11.3165 16.602 11.0812 11.0598 10.8302 10.597 10.1429 10.051 9.41299 10.3916
threshold=1.0000000180025095e-35 70.500000000000014 0.37668919563293463 2.4305019378662114 0.90767046809196483 2.5000000000000004 0.056349206715822227 89.500000000000014 6.5000000000000009 31.500000000000004 0.73633334040641796 1.5000000000000002 5.6499998569488534 1.2320513129234316 14.833333492279055 29.500000000000004 1.232789993286133 0.28003999590873724 4.4500000476837167 0.2100000008940697 1.1833333373069765 14.500000000000002 4.8500001430511483 0.0060060000978410253 3.1099998950958256 87.500000000000014 0.0017310000257566573 4.8500001430511483 1.7701100111007693 0.57359308004379284
decision_type=2 2 2 2 2 2 2 2 2 2 10 2 2 2 2 2 8 8 2 2 2 2 2 8 2 2 10 2 8 2
left_child=2 4 5 7 11 22 -7 -3 9 -6 14 28 13 -9 -5 -14 19 -4 -8 26 21 -21 -1 -18 -16 -12 -10 -15 29 -2
right_child=1 3 17 10 8 6 18 12 16 -11 25 -13 15 27 24 -17 23 -19 -20 20 -22 -23 -24 -25 -26 -27 -28 -29 -30 -31
leaf_value=-0.031561538621328857 -0.027595722248358257 0.0050847070848350833 -0.021485138292584006 0.014861609286982699 -0.016565900911768992 -0.045817414015417252 -0.022550911566122458 0.011201486299104625 0.0059702230774426861 0.0077519733197620733 0.018810829689358828 -0.0034282058153967624 0.0081454802210530093 0.024349944145812402 0.033782425220161887 -0.027617033736362113 -0.03478259332356106 -0.0082659352502645177 -0.039901654297755183 -0.014330499604783992 0.0027822229634816616 0.0051171353808599522 -0.0043691572211472908 0.0080650428808709037 0.021206312544633562 0.031675570437497594 0.051612371237353349 0.014890386295414341 -0.0067918064851185921 -0.0087533957232027917
leaf_weight=128.5743568725884 194.87702392041683 652.56038001179695 357.36989814043045 615.32037048041821 272.3732580691576 1395.9229136481881 197.87246141955256 698.66498495638371 29.017594024538994 206.1641713231802 203.15712890028954 673.7144033908844 146.71450284123421 715.09791831672192 241.94778023660183 32.473598405718803 15.240097612142561 409.46425919607282 216.69258311763406 279.4255540817976 1000.0442478731275 180.71266311407089 52.872363619506359 1276.5845504701138 585.38651463389397 754.82644587755203 20.967794805765152 462.37543085217476 208.12455777078867 117.16842433065176
leaf_count=2444 1901 2799 4674 3357 1460 32161 3293 3274 209 857 1016 3964 723 3891 1650 159 67 4195 3968 1819 4528 812 889 5925 3700 4986 135 2432 1679 940
internal_value=-0.000124085 0.0094842 -0.0334997 0.0182446 -0.000517759 -0.0408423 -0.0425665 0.0131985 0.00238068 -0.00608924 0.0239366 -0.00848203 0.0157746 0.0171222 0.0206093 0.00166437 0.00382721 -0.0144265 -0.0316201 0.000634505 -0.000203557 -0.00669272 -0.0236379 0.00755955 0.0248841 0.0289474 0.0251161 0.0206353 -0.0150277 -0.0205207
internal_weight=12341.7 9582.94 2758.77 5108.53 4474.41 1991.93 1810.49 2707.89 3280.53 478.537 2400.64 1193.88 2055.33 1876.14 1442.65 179.188 2801.99 766.834 414.565 1510.17 1460.18 460.138 181.447 1291.82 827.334 957.984 49.9854 1177.47 520.17 312.045
internal_count=103907 52283 51624 27987 24296 42755 39422 13278 15812 2317 14709 8484 10479 9597 8707 882 13495 8869 7261 7503 7159 2631 3333 5992 5350 6002 344 6323 4520 2841
is_linear=0
shrinkage=0.05


Tree=42
num_leaves=31
num_cat=4
split_feature=3 21 18 18 18 32 19 21 32 32 25 31 18 20 2 12 4 31 20 14 14 31 32 25 20 21 9 30 4 31
split_gain=1452.78 308.933 139.378 54.5732 54.5008 38.5006 31.5174 31.3706 28.2342 27.8922 18.4065 16.9945 15.4277 14.1968 13.3652 13.2066 11.7803 13.6755 11.4133 11.3436 10.5121 10.1485 19.7403 18.6412 9.97376 10.6978 14.3429 11.7514 16.1495 11.6253
threshold=1.0000000180025095e-35 87.500000000000014 0.12310606241226198 1.8355855941772463 1.7533783912658694 0 4.5000000000000009 18.500000000000004 1 2 3.1000000238418584 7.0499999523162851 5.1633331775665292 5.5000000000000009 10.166666507720949 0.14500000327825549 0.096673332154750838 4.1499998569488534 -1.0000000180025095e-35 0.10802000015974046 0.68033999204635631 4.7500000000000009 3 0.77500000596046459 -1.0000000180025095e-35 11.500000000000002 1.3666666746139529 1.0000000180025095e-35 0.086591664701700224 4.5499999523162851
decision_type=2 2 2 2 2 9 2 2 9 9 8 2 2 2 2 2 8 2 2 10 10 2 9 10 2 2 2 2 10 2
left_child=2 4 6 16 7 15 10 8 -2 -5 21 14 24 18 -10 -4 -3 -18 -11 -8 -15 -1 -23 -24 -6 29 -27 -28 -29 -26
right_child=1 3 5 9 12 -7 19 -9 11 13 -12 -13 -14 20 -16 -17 17 -19 -20 -21 -22 22 23 -25 25 26 27 28 -30 -31
leaf_value=-0.036224418659795247 0.00069624782360790572 0.016971059236478337 -0.03355512978955829 0.038266918292549572 -0.028596809347023574 -0.0076805564124486185 -0.045516868078466138 0.0019608323528250804 -0.016348117626895288 -0.022481338237681767 0.019754505758954193 0.019905713152285315 0.023930862757832381 0.023041827545644405 0.011496180963722657 -0.016517557438816537 -0.016330467616617401 0.0095094931110683099 0.019563207695885577 0.011033655566483931 0.036070384066106617 -0.026386332465650142 -0.028939203320012021 0.080470182535371956 -0.012760845704594893 0.021010632021051866 0.0021725502656948729 0.0046145869482849475 0.019354887115837466 0.0039496959926317654
leaf_weight=212.04043697565794 560.51741407066584 607.07747818529606 356.51790788024664 327.27950911223888 20.85684908926487 494.35762628167868 1326.6213506907225 1468.6051287353039 867.04463382065296 16.311042577028275 19.385973677039146 36.33361579477787 123.70344451069832 419.99526922404766 45.35086116194725 167.02806461974978 54.998743548989296 741.99020594358444 1548.9196475893259 8.9275397546589357 245.21780978143215 60.351222705096006 6.0860179066658047 10.805222544819115 126.13053950667381 196.18633626401424 743.87959212064743 427.34082895517349 328.77684752643108 595.32242550700903
leaf_count=4417 3610 2961 5858 2347 93 5714 31925 6493 6904 96 286 234 604 2604 235 1699 261 3600 9478 114 1609 1136 101 183 619 845 3265 1852 1454 2955
internal_value=-0.000163655 0.00898259 -0.0328091 0.0196439 0.00135851 -0.0182686 -0.0418109 -0.00324161 -0.00830396 0.0239918 -0.0274113 -0.0134865 0.00670489 0.0216286 -0.0149641 -0.0275926 0.0117235 0.00772632 0.0191251 -0.0451389 0.0278446 -0.0305721 -0.0150557 0.0257844 0.00583103 0.00612804 0.00829719 0.00663438 0.011024 0.00102822
internal_weight=12164 9501.84 2662.12 3961.79 5540.05 1017.9 1644.22 2977.85 1509.25 2557.72 308.669 948.729 2562.2 2230.44 912.395 523.546 1404.07 796.989 1565.23 1335.55 665.213 289.283 77.2425 16.8912 2438.49 2417.64 1696.18 1500 756.118 721.453
internal_count=103552 52119 51433 22956 29163 13271 38162 17476 10983 16134 6123 7373 11687 13787 7139 7557 6822 3861 9574 32039 4213 5837 1420 284 11083 10990 7416 6571 3306 3574
cat_boundaries=0 1 2 3 4
cat_threshold=37 2 8 36
is_linear=0
shrinkage=0.05


Tree=43
num_leaves=31
num_cat=0
split_feature=10 21 18 21 18 19 10 18 13 18 1 10 0 18 31 31 31 24 31 1 5 5 20 5 19 12 19 18 1 24
split_gain=1317.85 352.781 70.714 60.9661 46.6021 32.1325 29.0772 20.9898 20.7502 23.253 17.5105 16.1092 13.3676 13.2457 13.959 12.719 12.3818 12.2932 11.5607 12.9228 11.6384 11.2801 10.9695 10.757 18.8549 10.45 10.4375 10.7954 18.6871 10.3489
threshold=1.1000000238418581 89.500000000000014 0.12310606241226198 10.500000000000002 3.1017241477966313 4.5000000000000009 28.10000038146973 2.8834841251373295 0.013790000230073931 0.70135134458541881 87.166667938232436 69.633331298828139 -1.0000000180025095e-35 1.0779352784156802 4.4500000476837167 3.9500000476837163 4.7500000000000009 3.1666666269302373 4.3500001430511483 57.416666030883796 0.50371667742729198 0.56005001068115245 1.0000000180025095e-35 0.073433332145214095 19.500000000000004 1.6633332967758181 29.500000000000004 3.1507576704025273 33.166666030883796 2.8333333730697636
decision_type=2 2 2 2 2 2 2 2 10 2 2 2 2 2 2 2 2 8 2 2 10 10 2 8 2 2 2 2 2 8
left_child=2 3 5 6 10 16 8 -5 9 -2 21 -6 -8 14 23 -15 17 -1 20 26 -14 -3 29 -4 -25 -11 -20 -28 -29 -17
right_child=1 4 13 7 11 -7 12 -9 -10 25 -12 -13 18 15 -16 22 -18 -19 19 -21 -22 -23 -24 24 -26 -27 27 28 -30 -31
leaf_value=-0.035934169429933938 -0.016665864977732404 0.0083019858183657255 -0.023680423615788662 0.0018491926249977312 0.012863683032865478 -0.044807480742772826 0.036045021566121688 0.010881033776407036 -0.023974157243013938 0.0025438557831478107 0.01991905913671186 0.029883708607982964 -0.00433143064727088 -0.050496454186759791 -0.033221886919927085 -0.0094406523700845679 -0.010043507501270664 0.013558635853336502 -0.0061347168474651772 0.0095569739079851574 -0.032149735057388572 0.017345900442511688 0.067585915506266386 0.042264497158327793 -0.017002887424206265 -0.023591269286586836 0.0022399380993655895 0.081288549997894644 -0.00084282530410909225 0.059282201290979844
leaf_weight=201.4035902582109 418.47401222959161 880.523716583848 122.53904346376657 2844.4778125956655 161.25517438352108 1263.0348888747394 23.736696906387806 831.26035141944885 281.47818486765027 382.97645922750235 1251.8185679018497 1008.4665444120765 106.34457705914974 16.302999507635832 251.27902349457145 131.11912928149104 82.311827760189772 13.380002900958059 618.30946198105812 268.30701819062233 58.162217944860458 566.6570712774992 5.1756749004125586 19.708854377269745 42.051133088767529 42.491406828165054 136.22392175346613 12.658444114029409 15.292697355151175 5.7169665247201911
leaf_count=4351 4530 4005 1900 12944 826 31839 136 3835 2521 3132 8005 7138 640 272 4284 1821 1513 218 3486 1125 304 2715 46 290 650 287 744 69 66 80
internal_value=-0.000292054 0.00741323 -0.0357378 -0.000137134 0.0192015 -0.0413273 -0.00640032 0.00389172 -0.0122182 -0.00829728 0.0155889 0.0275374 -0.00111591 -0.0210545 -0.0255563 -0.00866866 -0.0265321 -0.032851 -0.00184172 8.78198e-05 -0.0141667 0.0118432 -0.00386681 -0.0151047 0.00191053 -6.62549e-05 -0.00315907 0.00804769 0.0363526 -0.00656943
internal_weight=12062.9 9908.91 2154.02 6040.19 3868.72 1560.13 2364.46 3675.74 1125.42 843.942 2699 1169.72 1239.04 593.893 435.578 158.315 297.095 214.784 1215.3 1050.79 164.507 1447.18 142.012 184.299 61.76 425.468 782.485 164.175 27.9511 136.836
internal_count=103772 56508 47264 33819 22689 37921 17040 16779 10470 7949 14725 7964 6570 9343 7124 2219 6082 4569 6434 5490 944 6720 1947 2840 940 3419 4365 879 135 1901
is_linear=0
shrinkage=0.05


Tree=44
num_leaves=31
num_cat=5
split_feature=1 21 18 10 21 32 19 32 1 13 18 32 10 18 20 20 32 18 28 12 18 0 11 10 11 28 32 23 14 13
split_gain=1255.19 264.708 110.907 56.874 48.573 48.2136 36.0563 28.8102 27.5119 23.063 21.8291 15.6544 15.541 14.9646 14.6751 14.0036 12.2345 10.459 10.9265 10.4431 10.287 11.3158 15.164 13.3733 10.2264 10.8756 10.6328 10.2146 10.0799 10.0581
threshold=1.0000000180025095e-35 89.500000000000014 0.12310606241226198 70.099998474121108 8.5000000000000018 0 3.5000000000000004 1 50.416666030883796 0.15400899946689608 2.2768198251724248 2 13.449999809265138 1.3585714101791384 -1.0000000180025095e-35 5.5000000000000009 3 0.43050193786621099 0.83333334326744091 0.64499998092651378 5.5735931396484384 2.5833333730697636 15.449999809265138 37.45000076293946 13.550000190734865 1.5833333134651186 4 2.1000000238418584 1.4175599813461306 0.093983996659517302
decision_type=2 2 2 2 2 9 2 9 2 8 2 9 2 2 2 2 9 2 10 2 2 2 2 2 2 10 9 10 8 10
left_child=2 4 6 13 8 12 16 -5 9 17 -6 -11 -4 27 -12 28 -1 -2 -19 -8 21 -16 -23 -24 26 -26 -10 -3 -9 -25
right_child=1 3 5 7 10 -7 19 15 24 11 14 -13 -14 -15 20 -17 -18 18 -20 -21 -22 22 23 29 25 -27 -28 -29 -30 -31
leaf_value=-0.0038319569637927202 -0.024546188912438375 0.0063210596475456494 -0.03573290752902103 0.036589441351703188 0.0016646931729539191 -0.0064069851907023944 -0.044237193758089127 0.023351805667974401 0.0053121118270496349 0.0019072084680061639 -0.040785249358257371 -0.016140670461643688 -0.01169272467382574 0.014438190370605598 0.01447677366354541 0.027389378050035735 -0.03017728520496556 0.0018624470909147683 -0.014370854620786256 0.06991422662784523 0.027676602099451882 -0.00078578984869417739 -0.044831376944392147 0.0046569815676609115 0.031352661390175181 0.00097208178445503529 -0.017241123829723794 -0.013709587652026426 0.015059161853029452 0.024365780254534668
leaf_weight=79.336798917502165 184.49014431983232 503.36971525847912 340.11608931422234 343.73672406375408 2417.0936659947038 450.2487536072731 1277.78473456949 561.3943649455905 271.67558839917183 582.01218872889876 14.306538656353949 141.05248256400228 83.788459733128548 771.4754269272089 544.06823019683361 517.44276773184538 152.56345518305898 130.67375516891479 501.41923237219453 2.0067358985543242 78.587550029158592 444.95951774716377 9.2922132313251478 110.64349722862244 68.351399168372154 51.76893612742424 54.243970692157745 72.858489125967026 1055.26075078547 156.01387579739094
leaf_count=1610 2108 2190 5873 2565 11281 5393 33330 3581 1201 3969 64 1039 798 3751 2345 3578 3098 974 3786 26 406 1985 39 535 279 212 238 307 6728 760
internal_value=-0.000121376 0.00795541 -0.0325735 0.0181512 0.0011846 -0.0183971 -0.0407711 0.0226473 -0.00514583 -0.00831358 0.00451449 -0.00181035 -0.0302671 0.00988472 0.00958731 0.0201359 -0.0226307 -0.014072 -0.0110149 -0.0440582 0.0101237 0.0090332 0.00492494 0.0141333 0.00578867 0.0182594 0.00119248 0.00378838 0.0179388 0.0161881
internal_weight=11972 9586.19 2385.85 3825.54 5760.65 874.153 1511.69 2477.83 1985.69 1539.65 3774.97 723.065 423.905 1347.7 1357.87 2134.1 231.9 816.583 632.093 1279.79 1343.56 1264.98 720.909 275.95 446.04 120.12 325.92 576.228 1616.66 266.657
internal_count=104049 53921 50128 22700 31221 12064 38064 16452 13806 11876 17415 5008 6671 6248 6134 13887 4708 6868 4760 33356 6070 5664 3319 1334 1930 491 1439 2497 10309 1295
cat_boundaries=0 1 2 3 4 5
cat_threshold=37 8 34 2 34
is_linear=0
shrinkage=0.05


Tree=45
num_leaves=31
num_cat=0
split_feature=10 21 18 10 18 19 21 31 2 21 14 20 24 18 31 19 14 31 25 8 9 28 4 19 28 25 28 18 31 11
split_gain=1153.72 301.528 76.9044 53.4755 43.2612 35.634 23.2203 21.052 18.7453 18.6766 18.016 15.2985 15.6904 14.7924 12.7652 12.7347 12.7318 12.5099 11.9253 11.3519 10.7384 10.5254 11.2225 11.3557 10.2615 10.5684 10.0022 9.95501 11.4658 10.5568
threshold=1.2250000238418581 75.500000000000014 0.12310606241226198 87.90000152587892 0.73431372642517101 3.5000000000000004 1.5000000000000002 5.4500000476837167 12.833333492279055 8.5000000000000018 1.6037799715995791 -1.0000000180025095e-35 1.1666666865348818 1.8768939375877383 11.550000190734865 28.500000000000004 0.070459999144077315 4.3500001430511483 3.1000000238418584 1.0000000180025095e-35 1.1000000238418581 0.83333334326744091 0.14020500332117083 10.500000000000002 0.83333334326744091 0.77500000596046459 2.1666666269302373 3.2535713911056523 5.8500001430511483 14.09999990463257
decision_type=2 2 2 2 2 2 2 2 2 2 8 2 10 2 2 2 8 2 8 2 2 8 8 2 10 10 10 2 2 2
left_child=2 4 5 8 6 7 -2 18 11 10 -6 -3 17 -5 -11 27 -4 20 -1 -12 -13 -19 -23 -24 -9 -26 -20 28 29 -10
right_child=1 3 16 13 9 -7 -8 24 15 14 19 12 -14 -15 -16 -17 -18 21 26 -21 -22 22 23 -25 25 -27 -28 -29 -30 -31
leaf_value=-0.031328434787335935 -0.017609713099954221 -0.028481949830087269 -0.025269434119145548 0.014017575252504645 -0.0081275611228497982 -0.044206916486693559 -0.0030425498844577517 -0.036115005124454119 0.024535527621795901 0.0033479420263585317 -0.0013038011383317827 -0.046422780710190147 0.013011648309629576 0.026512970624232898 0.05001741687899311 0.0083732063805877395 -0.010168809926633431 -0.0062764386793010543 -0.0073719377819024146 0.012491543827464572 -0.0030388456556748999 0.020910149119188658 0.022708144500605848 -0.0022610473989071117 -0.01732780143542299 0.065383212648443323 0.089039762577315093 0.026768751166865348 -0.0014638761172207921 0.010086154955727879
leaf_weight=190.48451456427574 545.03747006505728 26.549787536263466 354.03520631417632 296.90861938893795 879.34975500404835 1218.9236085191369 549.23262292146683 5.8397546708583858 318.83810721337795 2464.0489272549748 559.47899287194014 21.660321414470673 1218.9047085046768 1170.9855156689882 14.739820808172224 314.72092378139496 230.44159272685647 138.27344800531864 11.85712645202875 203.31380141526461 41.766545921564102 143.76880824565887 59.103251844644547 198.35236003994942 5.5655889958143261 12.61810442432761 3.4795970655977717 344.26484715938568 80.373376309871674 209.44675102829933
leaf_count=4102 5544 113 5923 1853 5832 33181 3262 103 1660 10845 3454 89 5716 8983 66 1709 3574 644 187 953 181 660 277 932 98 214 46 2033 420 1177
internal_value=-0.000349963 0.00676194 -0.0346254 0.0161172 -0.00146092 -0.0408018 -0.0102982 -0.0227436 0.0124106 0.000885728 -0.00324985 0.00919904 0.00974817 0.0239855 0.00362546 0.0170935 -0.0193157 0.00315056 -0.0279134 0.00237319 -0.0178545 0.00562005 0.00971992 0.00347105 0.0215485 0.0400674 0.014502 0.0199736 0.0161301 0.0188068
internal_weight=11832.4 9799.12 2033.25 4583.92 5215.2 1448.77 1094.27 229.845 3116.02 4120.93 1642.14 1848.38 1821.83 1467.89 2478.79 1267.64 584.477 602.925 205.821 762.793 63.4269 539.498 401.224 257.456 24.0234 18.1837 15.3367 952.923 608.658 528.285
internal_count=103831 56403 47428 26447 29956 37931 8806 4750 15611 21150 10239 8612 8499 10836 10911 6999 9497 2783 4335 4407 270 2513 1869 1209 415 312 233 5290 3257 2837
is_linear=0
shrinkage=0.05


Tree=46
num_leaves=31
num_cat=3
split_feature=3 21 18 10 32 19 18 10 18 32 12 28 25 21 18 18 22 5 14 29 13 4 19 28 2 13 19 18 22 32
split_gain=1067.27 231.916 125.045 65.8769 36.0294 29.3088 27.1033 23.1739 20.5723 19.3513 15.8886 13.1876 12.9326 12.8117 12.0922 11.4122 11.3463 11.5214 10.3821 10.2748 9.79296 9.44365 9.36146 9.21874 8.9294 9.40333 9.86252 12.8169 8.72318 8.52026
threshold=1.0000000180025095e-35 70.500000000000014 0.12310606241226198 87.90000152587892 0 4.5000000000000009 0.79705882072448742 11.09999990463257 3.2029411792755131 1 0.12249999865889551 2.8333333730697636 2.2916666269302373 1.5000000000000002 2.9016129970550542 2.3380951881408696 1.0000000180025095e-35 2.3716665506362919 0.14633332937955859 2.5499999523162846 0.18213299661874774 0.096673332154750838 34.500000000000007 2.1666666269302373 12.416666507720949 0.070039998739957823 10.500000000000002 2.2240144014358525 0.83333334326744091 2
decision_type=2 2 2 2 9 2 2 2 2 9 2 10 10 2 2 2 10 10 10 10 10 8 2 8 2 8 2 2 10 9
left_child=2 6 5 8 -4 12 9 -6 16 21 -8 14 -1 -11 29 -5 -3 24 -7 -14 -15 -2 -23 -10 25 -18 -27 -28 -29 -12
right_child=1 3 4 15 7 18 10 -9 23 13 11 -13 19 20 -16 -17 17 -19 -20 -21 -22 22 -24 -25 -26 26 27 28 -30 -31
leaf_value=-0.03014588486415759 -0.0053719724526104691 0.027318910495355432 -0.0061815344280696273 0.017678469662776013 -0.032835106349489551 -0.043686048663691926 0.025331798786957162 -0.0078550664058450199 0.015855306120163861 -0.023289431447431879 0.0011177521398086534 -0.012445957601843301 -0.013235745625345498 -0.0096353875762216282 0.0073866016803106954 0.02705761606780014 0.011049143330689307 0.038067519711177944 0.014263137827752438 0.044249883824984272 0.040294603163302696 0.0075756562290099838 0.06027795932581112 0.030388953146126135 0.012163538818299345 0.011994837299363613 -0.0032588740077599738 0.024594044373711332 0.004206748978994224 -0.0065720652049788345
leaf_weight=229.4215467274189 236.59303632751107 82.46809333562851 481.26128695160151 495.78433220088482 359.41089303046465 1127.1074278093874 66.366021521389484 125.18090408295393 591.64056931436062 226.60412074998021 2078.4915328770876 182.43427386879921 39.005230765789747 381.09193824231625 662.38451521843672 937.81702882051468 597.42367820441723 32.505411133170128 7.7824863232672206 9.7077508717775327 10.080198533833025 135.33021474629641 8.9855262637138349 133.78111054003239 893.4408386349678 250.48473370075226 602.57562972605228 73.880476772785187 181.03420116007328 425.31302100419998
leaf_count=5146 1605 387 5733 3233 6327 31908 469 1183 3342 2479 10313 903 754 2451 2883 7520 2671 172 101 174 49 833 49 755 4716 1140 2656 372 894 2188
internal_value=-0.000365053 0.00728945 -0.0302462 0.0148095 -0.0163807 -0.0397238 -0.00101288 -0.0258488 0.011056 -0.00825826 0.00110597 0.000625843 -0.0251778 -0.0136088 0.00137903 0.023814 0.00905669 0.00848434 -0.0432887 -0.00177974 -0.00834873 0.000756885 0.0108571 0.0185356 0.00811432 0.00599297 0.00326667 0.000717054 0.0101155 -0.000210276
internal_weight=11665.4 9286.51 2378.88 4872.84 965.853 1413.02 4413.67 484.592 3439.23 998.685 3414.99 3348.62 278.135 617.776 3166.19 1433.6 2713.81 2631.34 1134.89 48.713 391.172 380.909 144.316 725.422 2598.84 1705.4 1107.98 857.49 254.915 2503.8
internal_count=103406 52080 51326 27858 13243 38083 24222 7510 17105 7466 16756 16287 6074 4979 15384 10753 13008 12621 32009 928 2500 2487 882 4097 12449 7733 5062 3922 1266 12501
cat_boundaries=0 1 2 3
cat_threshold=10 2 34
is_linear=0
shrinkage=0.05


Tree=47
num_leaves=31
num_cat=4
split_feature=1 21 18 18 21 32 32 32 18 32 4 20 10 10 20 18 18 18 22 28 9 10 12 14 28 1 24 10 10 23
split_gain=997.878 220.29 111.3 48.4536 34.9545 33.0263 23.7673 22.0535 19.2474 17.7274 17.7008 15.2501 15.0895 14.1363 14.9501 14.0867 11.9108 11.4249 11.3311 10.9801 10.9365 10.1463 9.95681 14.4347 9.66407 10.9764 9.64186 9.38628 9.09109 8.9219
threshold=1.0000000180025095e-35 80.500000000000014 0.47722567617893225 1.8591269850730898 8.5000000000000018 0 1 2 0.040833333507180221 3 0.20002000033855441 -1.4999999999999998 12.633333683013918 69.224998474121108 5.5000000000000009 0.87689393758773815 0.57359308004379284 1.2029411792755129 1.0000000180025095e-35 2.8333333730697636 0.36666667461395269 44.100000381469734 0.76333332061767589 0.10244999825954439 0.83333334326744091 58.166666030883796 0.83333334326744091 45.100000381469734 20.22500038146973 1.7749999761581423
decision_type=2 2 2 2 2 9 9 9 2 9 8 2 2 2 2 2 2 2 10 10 2 2 2 10 10 2 10 2 2 10
left_child=2 4 6 21 7 -5 -1 17 18 12 16 -6 -4 19 -15 -13 -9 -2 -8 -7 -17 26 23 29 -18 -26 28 -23 -3 -22
right_child=1 3 9 5 11 13 8 10 -10 -11 -12 15 -14 14 -16 20 24 -19 -20 -21 22 27 -24 -25 25 -27 -28 -29 -30 -31
leaf_value=-0.044118827848939751 -0.033003553648473308 -0.035028335565169308 -0.029358333175406377 0.035722694590355646 -0.036436372494110081 0.009144671762406421 0.001735373749396595 -0.01777593662894059 -0.016118465748995729 -0.0024383724857187181 0.0024505204941320108 -0.0029793030503091791 -0.0034827099430289306 0.016857484288829487 0.027083445744013918 0.026483544851580533 0.0068817297619054975 -0.010821457793642263 -0.0353842829945809 0.041023338279153505 -0.009938071706893193 0.03877173888652774 0.0056801954423967745 0.0075605967326756 -0.010796741845305602 0.0079873187384391763 0.0061559298258227497 0.010469137805578741 -0.0017901013637166676 -0.042911665316301528
leaf_weight=794.63395638763905 97.242350127547979 28.660593137145042 179.46748289465904 295.93012244999409 23.937053628265858 545.99778974056244 21.2698640152812 224.6718223541975 193.00784898921847 297.13709030300379 786.11438937485218 648.17174589633942 82.12441548705101 1261.289151057601 498.74917528778315 59.295103289186954 146.37837512046099 144.01909519731998 615.18969490006566 28.417250350117683 73.905242174863815 30.177586257457733 2351.109973564744 100.92581118643284 454.1469360999763 93.842186316847801 383.53328147530556 1000.6657264232635 72.895734950900078 28.397188648581505
leaf_count=21466 1072 116 3038 2351 121 2731 531 2475 3550 3202 4829 3454 773 8515 3601 283 940 833 17417 146 368 131 10209 492 3142 403 1609 5296 304 145
internal_value=-8.34758e-05 0.00700331 -0.0305317 0.0156115 0.000181611 0.0197148 -0.0371539 -0.00512821 -0.0295927 -0.0112824 -0.00303984 0.00332705 -0.020453 0.0174577 0.0197553 0.00361886 -0.00776917 -0.0189756 -0.0341438 0.0107218 0.00525518 0.00849162 0.0047624 -0.00585542 -0.00453135 -0.00758 0.00252856 0.0112977 -0.0111704 -0.0190909
internal_weight=11561.3 9378.47 2182.83 4146.32 5232.16 2630.38 1624.1 1946.42 829.467 558.729 1705.15 3285.74 261.592 2334.45 1760.04 3261.81 919.039 241.261 636.46 574.415 2613.63 1515.93 2554.34 203.228 694.367 547.989 485.09 1030.84 101.556 102.302
internal_count=103543 53566 49977 24800 28766 17344 42964 13694 21498 7013 11789 15072 3811 14993 12116 14951 6960 1905 17948 2877 11497 7456 11214 1005 4485 3545 2029 5427 420 513
cat_boundaries=0 1 2 3 4
cat_threshold=8 36 4 37
is_linear=0
shrinkage=0.05


Tree=48
num_leaves=31
num_cat=4
split_feature=1 21 18 1 18 32 32 32 18 19 19 20 1 21 11 25 32 18 18 13 13 19 18 9 23 18 23 14 13 9
split_gain=939.077 212.397 105.691 57.8086 26.4644 31.2717 25.6443 24.5376 19.7584 25.6897 18.8037 18.1763 17.3805 16.5929 15.8743 14.7198 13.6117 13.6099 13.2784 12.6209 12.1946 11.4286 11.415 11.4063 14.9292 11.2443 11.1415 10.8374 10.7698 10.3758
threshold=1.0000000180025095e-35 67.500000000000014 0.52859479188919078 89.416667938232436 1.0597147941589358 0 1 2 0.040833333507180221 4.5000000000000009 6.5000000000000009 -1.0000000180025095e-35 64.833332061767592 1.0000000180025095e-35 13.775000095367433 2.1000000238418584 3 5.2880184650421151 2.067816019058228 0.56633332371711742 0.14403299987316134 1.5000000000000002 2.1690477132797246 0.90000000596046459 1.8999999761581423 0.6711711883544923 1.1000000238418581 0.070459999144077315 0.07201199978590013 8.0999999046325701
decision_type=2 2 2 2 2 9 9 9 2 2 2 2 2 2 2 10 9 2 2 10 8 2 2 2 10 2 10 8 8 2
left_child=2 4 6 11 5 -2 21 -5 9 27 12 -3 -6 25 15 19 -4 23 28 26 -17 -1 -9 24 -12 -7 -13 -8 -18 -16
right_child=1 3 16 7 10 13 8 22 -10 -11 17 14 -14 -15 29 20 18 -19 -20 -21 -22 -23 -24 -25 -26 -27 -28 -29 -30 -31
leaf_value=-0.018697451969743251 0.0029642501990416294 -0.027793325779291361 -0.030811764726136323 0.034046265611055886 -0.015947059316780768 -0.028633563424117145 -0.025924238687260983 0.012404583148724554 -0.015831918914059832 -0.039057688515766631 0.013888483692261741 0.011324654924168086 0.012378945008836363 -0.0075789714029566623 0.01486047139639202 0.024168259249559249 -0.019052367676778779 0.03662097294752694 0.010098306783339148 -0.047727451179748942 0.0071193889938208077 -0.045769838566527526 0.0214053173225086 0.0008341078847029789 -0.0079549263153858418 -0.0093063373346047949 0.0034056607919410314 0.0029797100843756055 -0.0018765968478606154 0.044996143736976746
leaf_weight=41.155003104358912 549.57092655077577 32.129084274172783 64.177448190748692 309.4903457686305 254.04684010148048 199.58660420402884 81.447618763893843 581.61194126307964 207.04598778858781 484.0633186288178 382.35471860319376 705.17648546397686 68.825434923171997 690.65473177656531 803.10299048572779 228.48912480473518 204.06530353426933 29.593942165374756 89.47896109893918 10.856225296854971 193.88715294003487 738.82139247655869 893.26758179068565 1981.5417564660311 98.342761658132076 120.80383209139109 1199.9879019930959 53.886347208172083 165.1145672686398 29.616076193749905
leaf_count=877 3652 139 1016 2521 1200 2402 1957 3614 3757 14850 2182 3265 286 4517 4476 1043 2722 128 924 61 904 20950 6973 9093 588 1040 5524 1187 1908 183
internal_value=-0.000226748 0.00658921 -0.0301984 0.0136426 -0.00145123 -0.00667356 -0.0365536 0.0208549 -0.0288546 -0.0336735 0.0014443 0.00962498 -0.00990891 -0.0118247 0.0100041 0.00789303 -0.010672 0.00291536 -0.00702898 0.00603046 0.0163422 -0.0437801 0.0177357 0.00251025 0.00941968 -0.0213462 0.00633679 -0.0144155 -0.0113706 0.0159323
internal_weight=11492.2 9362.94 2129.26 4987.61 4375.32 1560.62 1606.42 1784.37 826.443 619.397 2814.71 3203.25 322.872 1011.05 3171.12 2338.4 522.836 2491.83 458.659 1916.02 422.376 779.976 1474.88 2462.24 480.697 320.39 1905.16 135.334 369.18 832.719
internal_count=103939 53791 50148 28703 25088 11611 43578 13108 21751 17994 13477 15595 1486 7959 15456 10797 6570 11991 5554 8850 1947 21827 10587 11863 2770 3442 8789 3144 4630 4659
cat_boundaries=0 1 2 3 4
cat_threshold=2 36 8 5
is_linear=0
shrinkage=0.05


Tree=49
num_leaves=31
num_cat=3
split_feature=12 21 32 31 3 1 19 31 32 32 24 5 31 19 21 26 31 22 19 1 1 11 14 13 19 9 21 20 31 12
split_gain=836.743 195.561 43.1686 77.9063 35.7994 31.5035 31.3057 21.6227 20.9434 17.6552 17.2581 17.0429 16.5842 15.615 14.4232 14.0481 12.4393 15.9973 13.4419 12.5555 16.2619 12.0566 11.9541 11.8743 11.7804 11.7177 11.6188 11.3307 10.1909 10.1639
threshold=1.0000000180025095e-35 83.500000000000014 0 4.1499998569488534 1.7416666746139529 89.416667938232436 16.500000000000004 5.3500001430511483 1 2 1.8333333134651186 0.27676667273044592 5.6499998569488534 28.500000000000004 1.0000000180025095e-35 3.1666666269302373 4.7500000000000009 1.8333333134651186 26.500000000000004 6.4166667461395273 2.4166666269302373 9.3666663169860858 1.4175599813461306 0.28618700802326208 11.500000000000002 1.4499999880790713 1.0000000180025095e-35 -1.4999999999999998 10.250000000000002 0.16333333402872088
decision_type=2 2 9 2 2 2 2 2 9 9 10 8 2 2 2 8 2 10 2 2 2 2 8 10 2 2 2 2 2 2
left_child=2 4 3 -1 9 13 7 10 -7 16 15 14 -9 23 -11 -5 17 18 -2 20 29 -16 -10 -3 -24 -18 28 -6 -4 -20
right_child=1 5 26 6 27 8 -8 12 22 11 -12 -13 -14 -15 21 -17 25 -19 19 -21 -22 -23 24 -25 -26 -27 -28 -29 -30 -31
leaf_value=-0.040358530303381268 -0.002529769180200649 0.01136994285467692 -0.038905507078706908 -0.0076204180819919396 -0.042073955813424019 0.031774173038720051 -0.017679048691449508 0.14419281093144282 0.022874468142107349 -0.02234082565546151 0.034211078035220187 -0.0036099106432013516 0.013160962230140433 0.0027893017086509423 -0.0087290438257682911 0.089869373352123139 0.017908798541934921 -0.014127027914636306 0.07249586027004172 0.0059017062031985722 0.092595779547883866 0.041942215986001896 0.021323791288749568 0.026393677892638908 0.0094814627535296236 -0.0036816407526873516 -0.0065820805923434552 0.0042455934682669415 0.075216265626219872 0.0063118214764827582
leaf_weight=275.06328440830112 459.89839670062065 1491.044051900506 1112.4944285433739 97.547926887869835 13.26910164952278 296.93776793032885 207.57272887974977 5.2791869975626451 493.0574099496007 272.19673163816333 41.929389089345932 1271.935608625412 4.4505819082260132 525.72994470596313 331.79359297826886 3.8407125845551482 178.06343826651573 204.39665327593684 7.3659687712788573 130.09179809689522 10.055095657706259 12.16982341557741 309.89138735830784 144.24389924108982 651.51691534370184 97.119438789784908 28.879242926836014 2643.1510140225291 1.9596647135913361 27.300947956740856
leaf_count=7772 3056 7449 31251 2315 63 2478 4108 79 3626 3206 893 8013 71 2632 2275 82 1087 1400 79 682 73 55 2276 879 4677 478 314 11987 49 246
internal_value=-0.000123872 0.00572901 -0.0316128 -0.0200017 -0.000213736 0.0143244 -0.00502921 0.0121273 0.0193082 -0.0039545 0.00723047 -0.00687978 0.0842563 0.0102853 -0.0137414 -0.0039274 0.00105447 -0.00196138 0.00195633 0.0137583 0.0366124 -0.00693624 0.0164318 0.0126951 0.0132986 0.010289 -0.0375649 0.00401422 -0.0387048 0.0203745
internal_weight=11350.2 9571.23 1779.02 635.684 5658.81 3912.42 360.621 153.048 1751.4 3002.39 143.318 1888.1 9.72977 2161.02 616.16 101.389 1114.29 839.109 634.712 174.814 44.722 343.963 1454.47 1635.29 961.408 275.183 1143.33 2656.42 1114.45 34.6669
internal_count=103651 56717 46934 15320 32700 24017 7548 3440 13057 20650 3290 13549 150 10960 5536 2397 7101 5536 4136 1080 398 2330 10579 8328 6953 1565 31614 12050 31300 325
cat_boundaries=0 1 2 3
cat_threshold=2 8 2
is_linear=0
shrinkage=0.05


Tree=50
num_leaves=31
num_cat=0
split_feature=10 21 18 10 19 18 31 25 31 20 28 20 14 19 14 18 21 19 21 10 14 14 0 21 14 21 0 10 31 18
split_gain=800.903 190.418 65.8846 47.26 40.7546 24.473 19.1581 16.4449 19.2315 16.4662 14.9306 14.2255 14.0303 13.1003 13.4176 13.0999 12.4692 11.4893 11.0056 10.6654 10.079 9.96996 9.88767 9.75474 12.569 9.69454 11.8117 10.4402 9.45187 11.8124
threshold=1.4499999880790713 70.500000000000014 0.12310606241226198 87.90000152587892 4.5000000000000009 0.93649193644523632 4.7500000000000009 2.1000000238418584 4.0499999523162851 -1.0000000180025095e-35 1.5833333134651186 3.5000000000000004 0.070459999144077315 6.5000000000000009 1.3482400178909304 0.66228070855140697 31.500000000000004 28.500000000000004 1.5000000000000002 65.099998474121108 0.14061000198125842 0.75830000638961803 0.58333334326744091 45.500000000000007 1.7442399859428408 1.0000000180025095e-35 1.0000000180025095e-35 32.225000381469734 5.8500001430511483 1.2742946743965151
decision_type=2 2 2 2 2 2 2 10 2 2 10 2 8 2 8 2 2 2 2 2 8 10 2 2 8 2 2 2 2 2
left_child=2 5 4 7 6 10 -1 8 -3 -10 25 -5 -4 16 18 21 -7 -11 19 -15 -14 -9 -20 -16 -25 27 -27 -2 29 -19
right_child=1 3 12 11 -6 13 -8 15 9 17 -12 -13 20 14 23 -17 -18 28 22 -21 -22 -23 -24 24 -26 26 -28 -29 -30 -31
leaf_value=-0.028121425731080108 -0.012882163928312894 -0.015038123719401492 -0.023237476367552391 0.01726639533095296 -0.042097543827490987 -0.013586685220421446 0.0026866835597774744 -0.01291079068633323 -0.042883170576863444 0.010865491734271052 -0.013023717100373864 0.028445297527354627 0.058392813634769197 -0.0090832526029815865 0.0080016539208443965 0.020770812873316478 0.0027072372573698168 -0.006686370437003957 0.017706321501831247 0.010224305271574833 -0.0087171305117210683 0.024935983198655136 0.00063864103690396633 0.020830134005066926 -0.0078697381391895898 0.036598324095462528 0.00068840017255276389 0.0087202829382015991 -0.0072183498969666795 0.011150959914837487
leaf_weight=178.61195685714483 277.83549497276545 87.513464733958244 326.8862725533545 968.5106842443347 969.31015738099813 281.75679223239422 70.332255020737648 55.494631588459015 15.344494402408598 2095.9424031972885 595.04020490497351 403.00021450966597 5.7417671643197528 509.38365333527327 1052.6932708546519 462.79096676409245 201.30688169598579 123.59019728004932 92.9784319922328 83.20977371931076 218.55725217610598 25.34981295466423 971.42123454064131 46.362723991274834 215.33034910261631 24.374396175146103 378.39711790904403 70.026850573718548 161.43560104072094 372.7425057888031
leaf_count=4569 3081 401 6031 7462 31898 1553 1506 236 69 10731 4689 3452 80 3553 5363 2353 840 544 475 349 3644 116 4336 193 895 134 2315 448 846 1935
internal_value=-6.97056e-05 0.0056431 -0.0309733 0.0127163 -0.037463 -0.00138823 -0.0194175 0.009556 0.00803907 0.0087684 -0.00710837 0.0205512 -0.0166295 0.000840042 0.00208154 0.0175268 -0.00679653 0.00905622 -0.000910929 -0.00637216 -0.0069992 -0.00104345 0.00212955 0.00585401 -0.00278514 -0.00241918 0.00286155 -0.00853346 0.00329108 0.00670934
internal_weight=11341.3 9571.83 1769.44 4771.71 1218.25 4800.12 248.944 3400.2 2856.57 2769.06 1345.67 1371.51 551.185 3454.44 2971.38 543.635 483.064 2753.71 1656.99 592.593 224.299 80.8444 1064.4 1314.39 261.693 750.634 402.772 347.862 657.768 496.333
internal_count=104097 56369 47728 28145 37973 28224 6075 17231 14526 14125 10667 10914 9755 17557 15164 2705 2393 14056 8713 3902 3724 352 4811 6451 1088 5978 2449 3529 3325 2479
is_linear=0
shrinkage=0.05


Tree=51
num_leaves=31
num_cat=5
split_feature=12 21 18 18 19 18 32 31 21 32 32 31 21 31 32 31 28 9 9 18 31 12 1 32 14 31 18 15 18 19
split_gain=735.281 199.05 62.6968 38.816 36.0916 31.2079 23.7031 18.8668 16.9603 22.7355 15.9826 17.5731 15.0177 12.9864 12.9409 13.1378 13.1245 12.3512 11.9301 14.0027 12.1363 17.7176 15.687 11.9084 11.9 11.6503 11.5154 11.4716 10.6734 11.1964
threshold=1.0000000180025095e-35 89.500000000000014 0.12310606241226198 0.58957219123840343 3.5000000000000004 3.1017241477966313 0 5.4500000476837167 19.500000000000004 1 2 4.3500001430511483 1.5000000000000002 6.8500001430511483 3 4.4500000476837167 0.58333334326744091 5.0999999046325692 1.0000000180025095e-35 1.6566964387893679 4.8500001430511483 0.12249999865889551 52.166666030883796 4 0.14633332937955859 5.6499998569488534 1.4654762148857119 0.55000001192092907 2.067816019058228 19.500000000000004
decision_type=2 2 2 2 2 2 9 2 2 9 9 2 2 2 9 2 10 2 2 2 2 2 2 9 10 2 2 2 2 2
left_child=2 3 4 12 7 25 -4 10 9 13 11 -1 14 -5 15 -2 -17 27 19 -11 21 -20 -22 -7 -6 26 -3 -10 29 -8
right_child=1 5 6 8 24 23 28 -9 17 18 -12 -13 -14 -15 -16 16 -18 -19 20 -21 22 -23 -24 -25 -26 -27 -28 -29 -30 -31
leaf_value=-0.028219278520910385 -0.014235175953508023 0.008050513740774241 -0.027206166957509111 -0.020838096398444618 -0.041583787913368177 0.034652407908250152 0.0068834760472081856 0.024245984060524171 0.0029629094255442172 0.011184882337014278 -0.034336384562861984 0.021736819162475891 -0.0039602679487253647 0.0018982445695172497 -0.025431526993297662 0.079770027177602065 0.0049364343836574382 0.015597836236683569 0.026589162675922481 0.084673183496658089 -0.00049676430700235162 -0.0068531403892901624 0.014020557152590075 0.018427779678618663 0.096525818578640898 0.0019973901121900987 0.01539181298870212 -0.033354446618065817 0.03002339728472099 -0.015757536282512159
leaf_weight=33.95636597648263 161.49649315327406 880.90841779112816 240.81923608109355 235.94693495333195 965.38147335126996 167.10263009369373 82.532258275896311 23.246466524899006 2633.3068027943373 28.03136932849884 108.3708526827395 36.555548507720232 441.74855041503906 85.585037663578987 216.6224424354732 6.7980223782360545 42.419499207288027 198.34257391840219 41.687085218727589 8.4318977072834951 789.95675272867084 793.06691763550043 243.42466127872467 877.93038435280323 1.5622178800404061 299.23187305778265 1357.0470133721828 21.92490716278553 19.85845185816288 161.36472830176353
leaf_count=848 1555 4365 5130 1665 32989 1510 1198 435 11538 221 2726 754 2688 486 2985 58 359 1032 385 57 5143 4968 1006 6465 19 1653 8655 97 238 2471
internal_value=-0.000420516 0.00494683 -0.0309862 -0.00066033 -0.037344 0.0142583 -0.0162557 -0.0181291 0.00101027 -0.00226078 -0.0236359 -0.00203228 -0.0104248 -0.0143402 -0.0171074 -0.00701021 0.0152726 0.00356208 -0.000145495 0.0281786 -0.000699118 -0.00518305 0.00292295 0.0215301 -0.0413607 0.0112632 0.0125021 0.00266303 -0.00503509 -0.00809605
internal_weight=11204.7 9531.01 1673.65 5948.79 1169.07 3582.22 504.575 202.129 5079.7 2226.13 178.883 70.5119 869.085 321.532 427.336 210.714 49.2175 2853.57 1904.6 36.4633 1868.14 834.754 1033.38 1045.03 966.944 2537.19 2237.96 2655.23 263.755 243.897
internal_count=103699 56891 46808 34243 37771 22648 9037 4763 26598 13931 4328 1602 7645 2151 4957 1972 417 12667 11780 278 11502 5353 6149 7975 33008 14673 13020 11635 3907 3669
cat_boundaries=0 1 2 3 4 5
cat_threshold=37 4 2 2 8
is_linear=0
shrinkage=0.05


Tree=52
num_leaves=31
num_cat=0
split_feature=10 21 18 21 18 19 1 9 11 11 13 18 10 0 18 17 20 22 19 24 13 20 24 1 18 18 0 18 9 23
split_gain=715.01 154.754 65.4119 41.2064 35.9772 31.0505 22.3658 16.3434 15.7819 15.1259 14.5636 13.6324 12.7788 12.5943 11.7064 11.6684 11.1593 10.5237 10.4902 10.4493 10.4066 9.96684 9.68567 9.54649 11.391 9.30505 9.5402 8.8284 9.46678 10.3469
threshold=0.63333335518836986 89.500000000000014 0.12310606241226198 8.5000000000000018 1.5067567825317385 2.5000000000000004 24.416666984558109 -1.0000000180025095e-35 19.22500038146973 0.45000000298023229 0.019979000091552738 2.1017241477966313 33.366666793823249 7.1666667461395273 1.0779352784156802 0.45000000298023229 8.5000000000000018 0.58333334326744091 11.500000000000002 3.8333333730697636 0.08007299900054933 -1.0000000180025095e-35 1.8333333134651186 87.166667938232436 4.929802894592286 0.4463601559400559 0.83333334326744091 5.5735931396484384 0.77500000596046459 1.1000000238418581
decision_type=2 2 2 2 2 2 2 2 2 2 10 2 2 2 2 2 2 10 2 8 8 2 10 2 2 2 2 2 2 10
left_child=2 3 5 6 12 19 7 -2 13 -9 25 -5 22 20 -4 -8 18 -16 -14 -1 -6 -13 -3 24 -22 -11 -27 28 29 -23
right_child=1 4 14 11 8 -7 15 9 -10 10 -12 21 16 -15 17 -17 -18 -19 -20 -21 23 27 -24 -25 -26 26 -28 -29 -30 -31
leaf_value=-0.018753968142248289 0.045208524903978919 -0.013903638586579163 -0.020244833280389021 0.0011163097302603357 0.02079206376491179 -0.040482007666968627 -0.0010330771087856759 -0.028632980281104326 0.024653363706707503 -0.015340551164988104 -0.019900436331978293 -0.032757594538047989 0.016031737158882228 -0.022408115085333913 0.041664919521375098 0.027705952802274038 0.047225209512108235 -0.0072768094466920882 0.0034763441802278697 0.040391777622630909 0.0076130538016937269 0.062074662312813937 0.0084553185411641255 0.016832307139227978 0.042899390904565418 0.00028656598000845825 -0.018736855392025402 0.02419553005772733 0.006017514585891743 0.012466414708081085
leaf_weight=133.83872488513589 13.174448534846304 130.31979401409626 345.52270165830851 2258.0377922914922 582.885832503438 985.50906816311181 1090.0868266448379 107.32135536149144 496.41548497974873 180.40120164304972 228.19298482313752 15.371055468916891 243.25296349823475 22.580376632511616 12.040390025824307 36.501614987850189 18.042855083942413 125.150494761765 526.34201408922672 7.9088250324130049 694.7220536544919 15.606431141495703 77.086510717868805 752.83332802355289 23.64980261027813 486.42536223679781 76.234196811914444 76.986778795719147 1336.7056051120162 32.1932358071208
leaf_count=3213 137 531 6769 10652 3977 34498 5727 1360 4089 2415 2129 71 1323 155 199 159 96 2000 2689 112 3685 67 318 5748 142 4377 607 422 6069 142
internal_value=7.74822e-05 0.00528837 -0.0307397 0.0003534 0.0135221 -0.0373348 -0.00504421 -0.0101442 0.0166443 -0.0108203 -0.00885205 0.0035593 0.00544846 0.0147298 -0.0153385 -0.000101929 0.00835611 -0.0029815 0.00744484 -0.0154539 0.015138 0.00729449 -0.00559351 0.0128979 0.00877473 -0.00545911 -0.0022909 0.00771573 0.00679936 0.0286633
internal_weight=11131.3 9521.37 1609.97 5953.24 3568.13 1127.26 2218.34 1091.75 2573.09 1078.58 971.254 3734.9 995.044 2076.67 482.714 1126.59 787.638 137.191 769.595 141.748 2054.09 1476.86 207.406 1471.21 718.372 743.061 562.66 1461.49 1384.51 47.7997
internal_count=103878 57087 46791 34334 22753 37823 16911 11025 17796 10888 9528 17423 4957 13707 8968 5886 4108 2199 4012 3325 13552 6771 849 9575 3827 7399 4984 6700 6278 209
is_linear=0
shrinkage=0.05


Tree=53
num_leaves=31
num_cat=5
split_feature=10 21 18 10 19 32 20 32 1 32 18 20 21 32 23 19 25 32 20 20 18 22 24 18 18 19 24 21 23 18
split_gain=614.396 141.68 61.655 41.7996 39.6755 38.5466 19.9899 19.5739 20.3449 16.8698 16.3193 15.8133 14.096 17.4546 14.0205 13.7799 13.5681 11.7262 11.6456 11.6343 10.8025 13.9647 10.3594 12.1741 9.8448 9.81017 9.68586 10.2137 9.69128 9.43783
threshold=0.63333335518836986 66.500000000000014 0.12310606241226198 81.90000152587892 4.5000000000000009 0 2.5000000000000004 1 3.4166666269302373 2 0.73431372642517101 -1.0000000180025095e-35 1.5000000000000002 3 0.63333335518836986 31.500000000000004 1.5500000119209292 4 -1.0000000180025095e-35 5.5000000000000009 1.0779352784156802 0.83333334326744091 1.1666666865348818 4.5067567825317392 0.73431372642517101 7.5000000000000009 1.8333333134651186 3.5000000000000004 0.55000001192092907 1.4027026891708376
decision_type=2 2 2 2 2 9 2 9 2 9 2 2 2 9 10 2 10 9 2 2 2 10 10 2 2 2 10 2 10 2
left_child=2 7 4 14 9 -4 11 8 -2 16 12 -5 13 -9 15 24 -1 -13 -16 -10 -7 -22 29 -24 -3 -12 27 -14 -29 -20
right_child=1 3 5 6 -6 20 -8 10 19 -11 25 17 26 -15 18 -17 -18 -19 22 -21 21 -23 23 -25 -26 -27 -28 28 -30 -31
leaf_value=-0.01543424831033955 -0.035384642875807747 -0.00071916827342218654 -0.028812163865787267 -0.025922179414807539 -0.040733805311969851 -0.0069958834111600787 0.02298993323565721 -0.0025710744591494988 -0.0083878223198097374 -0.026595858117336925 -0.0051227634120681884 0.027229374944404285 0.044904690831361671 -0.021958061008380127 -0.02786542724500421 -0.011518563494782502 0.025285714712624092 0.011030851373479894 -0.0061253846477451962 0.020811430222015197 0.059883640774407013 0.0050131263425176667 0.0076832313963756897 0.031091253616940696 0.022897157866681887 0.002735870316449264 0.010132464691692246 0.030095433070574648 -0.0097124593214817263 0.0048146668197882256
leaf_weight=47.475337605923414 68.566989351063967 52.233495160937309 223.24331821873784 26.363662235438824 854.96828250773251 182.36463326588273 712.73443355411291 254.83962584659457 585.04256097972393 149.43972770310938 472.38016722351313 132.33363123238087 9.7396703921258432 221.70202390104532 25.738558068871498 40.850667729973793 35.946237159892917 1007.6536989733577 260.28639675676823 36.226641178131104 14.370796754956244 60.045492321252823 1481.8701295480132 57.708514958620071 284.40393789112568 2492.6077612228692 159.89223906770349 16.301912628114223 246.09583386406302 812.59120617806911
leaf_count=1203 906 228 5116 165 31751 3000 5774 2283 3244 4003 2463 1178 98 2916 112 197 852 7129 1137 159 180 754 7168 336 1387 13237 942 97 1546 4222
internal_value=-0.000174814 0.00463064 -0.029164 0.0105394 -0.0357504 -0.0142377 0.0163928 -0.00170722 -0.00940152 -0.0174535 -0.000311882 0.0123615 -0.00617538 -0.0121052 0.00689214 0.015905 0.00188586 0.0132469 0.00560253 -0.00668519 -0.000428106 0.0156094 0.00593227 0.00856064 0.0192328 0.00148384 0.00036543 -0.00537312 -0.00723933 0.00216055
internal_weight=11026 9458.16 1567.85 4894.77 1087.83 480.024 1879.09 4563.4 689.836 232.861 3873.56 1166.35 908.571 476.542 3015.68 377.488 83.4216 1139.99 2638.19 621.269 256.781 74.4163 2612.46 1539.58 336.637 2964.99 432.03 272.137 262.398 1072.88
internal_count=103783 56924 46859 29033 37809 9050 14246 27891 4309 6058 23582 8472 7882 5199 14787 1812 2055 8307 12975 3403 3934 934 12863 7504 1615 15700 2683 1741 1643 5359
cat_boundaries=0 1 2 3 4 5
cat_threshold=37 4 2 2 8
is_linear=0
shrinkage=0.05


Tree=54
num_leaves=31
num_cat=5
split_feature=10 21 18 21 10 32 32 32 31 31 28 31 0 25 25 12 4 32 18 13 0 25 13 31 15 24 31 31 18 32
split_gain=618.708 129.089 52.2021 35.3068 30.3359 27.5848 17.9491 17.5721 52.5496 19.0322 15.3518 16.1706 13.8015 12.6638 12.4253 12.2516 11.9156 11.5874 11.2339 10.8683 10.4031 12.8931 10.3048 9.97689 9.89979 9.82668 10.3253 9.73361 9.63652 10.4464
threshold=0.63333335518836986 89.500000000000014 0.12310606241226198 10.500000000000002 88.224998474121108 0 1 2 4.0499999523162851 5.1499998569488534 0.83333334326744091 5.3500001430511483 0.83333334326744091 1.8999999761581423 1.5500000119209292 0.54500001668930065 1.0000000180025095e-35 3 2.2029411792755131 0.015352999791502954 4.5833332538604745 0.45000000298023229 0.0099840001203119772 4.3500001430511483 1.0000000180025095e-35 1.1666666865348818 4.6499998569488534 7.1499998569488534 2.1017241477966313 4
decision_type=2 2 2 2 2 9 9 9 2 2 8 2 2 10 10 2 8 9 2 8 2 10 10 2 2 10 2 2 2 9
left_child=2 3 7 5 13 -2 18 -1 -9 14 17 24 -6 15 -10 -3 -11 23 -4 -15 21 -17 27 -7 25 26 -12 -13 29 -5
right_child=1 4 6 28 12 10 -8 8 9 16 11 22 -14 19 -16 20 -18 -19 -20 -21 -22 -23 -24 -25 -26 -27 -28 -29 -30 -31
leaf_value=-0.043393941543154707 -0.019067885146648415 -0.013556702532969029 -0.0088194025029943914 -0.00080974805588590539 -0.0059196782893131692 -0.0013336454376691254 -0.025974946991781597 -0.04041333704258436 -0.021858235571723908 -0.011282842263988435 -0.023769407597848832 0.0058277029758708509 0.019925622259856602 0.030673041316510604 0.003248270195024864 -0.014153406875932282 0.10272973151876569 -0.0022091422907858367 0.033394519292921469 0.01231666687165445 0.015976087847535306 0.0070655411945885829 -0.0069192149184216512 0.020763350731143056 0.0082008002193343695 -0.0057049635834523424 -0.007131020625348543 0.032811779129384537 0.0064734755293393044 0.0071647488021430034
leaf_weight=509.27294114418328 278.4906307682395 70.117217719554901 237.26186562329531 1623.2936546653509 54.075815469026566 75.885540161281824 215.90314354375005 329.45733528956771 124.19626908563077 3.6853984408080551 193.17072492092848 194.37373660504818 1153.2217056751251 98.86119668930769 81.697358543053269 75.774616129696369 6.0597992464900026 260.42623393237591 16.88139596581459 437.3945319801569 314.48518964648247 1296.2250945344567 133.80342751741409 156.28426790237427 88.656508177518845 704.44200342521071 180.253024764359 40.358367186039686 1453.1233067288995 539.43463552743196
leaf_count=18688 2409 292 3697 7619 379 570 5090 12079 4209 114 1626 1318 9854 506 2666 395 109 2065 196 2361 2018 6852 886 938 515 5606 1376 226 6682 2408
internal_value=-4.07567e-05 0.0047406 -0.0295935 0.000241252 0.0123531 -0.00459298 -0.0157359 -0.0357713 -0.0273518 -0.00866447 -0.00249854 -0.00497541 0.018768 0.00897542 -0.0118961 0.00692231 0.0596129 0.00516929 -0.00578762 0.0157007 0.00777375 0.00589363 0.00415474 0.0129817 -0.00785986 -0.00918088 -0.015738 0.0104672 0.00332446 0.00120866
internal_weight=10946.6 9422.15 1524.42 5922 3500.16 2306.14 470.046 1054.37 545.096 215.639 2027.65 1535.06 1207.3 2292.86 205.894 1756.6 9.7452 492.596 254.143 536.256 1686.48 1372 368.536 232.17 1166.52 1077.87 373.424 234.732 3615.85 2162.73
internal_count=103749 56901 46848 34244 22657 17535 8983 37865 19177 7098 15126 11553 10233 12424 6875 9557 223 3573 3893 2867 9265 7247 2430 1508 9123 8608 3002 1544 16709 10027
cat_boundaries=0 1 2 3 4 5
cat_threshold=4 10 36 2 36
is_linear=0
shrinkage=0.05


Tree=55
num_leaves=31
num_cat=4
split_feature=10 21 18 10 32 31 25 32 20 18 32 31 31 5 21 4 5 14 4 31 18 25 20 10 5 4 32 31 29 18
split_gain=561.493 124.032 44.0336 35.2851 21.9646 25.7317 18.5914 16.1689 15.6895 15.2856 15.245 46.9522 17.0415 15.1545 17.0044 13.7611 14.6167 13.5681 11.0781 10.8802 10.1771 10.1277 11.8927 10.7303 10.0916 10.0201 9.99452 9.97813 9.82339 9.65142
threshold=1.0000000180025095e-35 71.500000000000014 0.12310606241226198 89.77500152587892 0 5.1499998569488534 3.8999999761581425 1 3.5000000000000004 2.1017241477966313 2 4.0499999523162851 5.1499998569488534 0.30020000040531164 14.500000000000002 0.00087499999790452432 0.31801666319370275 0.42581000924110418 1.0000000180025095e-35 4.1499998569488534 1.3169856667518618 0.90000000596046459 2.5000000000000004 20.22500038146973 0.12004999816417695 0.20002000033855441 3 7.2500000000000009 1.5500000119209292 1.1096096634864809
decision_type=2 2 2 2 9 2 8 9 2 2 9 2 2 8 2 8 8 10 8 2 2 10 2 2 10 10 9 2 8 2
left_child=2 4 6 17 9 -6 10 -4 -5 13 -1 -12 -13 14 26 -15 -17 19 -14 24 25 23 -23 -21 -3 -19 -2 -25 -20 -9
right_child=1 3 7 8 5 -7 -8 29 -10 -11 11 12 18 15 -16 16 -18 20 28 21 -22 22 -24 27 -26 -27 -28 -29 -30 -31
leaf_value=-0.043700625186406834 -0.0048071314819988741 -0.029257834245405047 -0.026852243101346158 0.013875007962809417 -0.022056594855555067 -0.0031958223383769476 0.04098383800961064 -0.013024285160153715 0.027042841575592221 0.0047635843462980922 -0.040553848369535649 -0.013106680676520788 -0.013700633965672067 -0.017921038225183976 0.0020803626429897392 0.05060800348687116 0.0010202623502964016 0.0061364899472528059 0.15107633365427733 -0.02746314613733794 0.013032064860889323 0.003809793021241425 0.013680600487797715 0.0049234517710852405 0.014225536213244187 -0.022868379902295781 -0.018238336233748282 -0.014332720667451521 0.027569484244627886 0.0095727413513952715
leaf_weight=477.69382761418819 284.68093194067478 43.708280742168427 176.1171456463635 788.10103077441454 259.2071423176676 598.12006083875895 7.8702131137251845 157.29031236469746 317.28675994277 1180.8416441865265 313.34759670868516 194.63494042120874 3.9165286645293209 96.743258025497198 316.13825664669275 14.979660529643295 1872.5894459411502 350.80709981918335 3.4162879288196573 36.084596827626228 1200.5710883438587 844.17591402679682 477.90403237938881 327.70416836440563 19.20603509247303 32.538069009780884 315.24443565867841 84.652668796479702 3.0449583828449249 67.544531978666782
leaf_count=18416 2659 197 4414 6538 2081 3443 116 2702 2994 5459 12031 6665 121 629 1555 92 10945 1631 63 148 6885 4239 2587 1743 80 148 3786 473 46 851
internal_value=-0.000472459 0.00390728 -0.0299683 0.00988947 -0.00157123 -0.00879566 -0.0355625 -0.0159612 0.0176547 -3.19912e-05 -0.0361673 -0.0278447 -0.00977797 -0.00198454 -0.00730387 0.000471137 0.00141379 0.00737771 0.0526519 0.0044494 0.0107673 0.00517547 0.00737788 -0.00131759 -0.0159835 0.00367458 -0.012249 0.000970355 0.0928719 -0.00597019
internal_weight=10866.2 9461.28 1404.88 4522.74 4938.54 857.327 1003.92 400.952 1105.39 4081.22 996.054 518.36 205.013 2900.38 916.064 1984.31 1887.57 3417.35 10.3778 1833.44 1583.92 1770.52 1322.08 448.441 62.9143 383.345 599.925 412.357 6.46125 224.835
internal_count=103737 58312 45425 27663 30649 5524 37458 7967 9532 25125 37342 18926 6895 19666 8000 11666 11037 18131 230 9467 8664 9190 6826 2364 277 1779 6445 2216 109 3553
cat_boundaries=0 1 2 3 4
cat_threshold=34 37 36 2
is_linear=0
shrinkage=0.05


Tree=56
num_leaves=31
num_cat=4
split_feature=10 21 18 19 21 2 32 32 18 31 23 32 23 19 19 20 20 14 18 31 11 32 31 1 12 5 31 28 28 21
split_gain=510.351 103.785 60.2851 37.3285 28.7358 27.0765 20.741 20.4151 19.4356 15.5116 14.2181 14.0011 12.7639 12.3047 12.2041 11.7511 11.307 13.4916 12.2211 10.8062 13.3478 10.5419 12.1089 10.3643 10.3302 10.1669 9.35178 9.34593 9.32321 8.99153
threshold=1.1000000238418581 87.500000000000014 0.12310606241226198 3.5000000000000004 1.0000000180025095e-35 13.166666507720949 0 1 0.58957219123840343 5.4500000476837167 0.45000000298023229 2 1.8999999761581423 36.500000000000007 11.500000000000002 -1.4999999999999998 1.0000000180025095e-35 1.7873333096504214 5.4316768646240243 4.7500000000000009 5.3666667938232431 3 4.3500001430511483 52.833333969116218 0.42249999940395361 1.4173833131790163 4.9500000476837167 0.83333334326744091 3.1666666269302373 55.500000000000007
decision_type=2 2 2 2 2 2 9 9 2 2 10 9 10 2 2 2 2 8 2 2 2 9 2 2 2 8 2 10 10 2
left_child=2 4 3 9 8 12 13 -4 11 21 -11 19 14 -7 27 -6 17 -17 -18 -2 24 22 -1 -10 -21 28 -9 -3 -8 -19
right_child=1 5 7 -5 15 6 25 26 23 10 -12 -13 -14 -15 -16 16 18 29 -20 20 -22 -23 -24 -25 -26 -27 -28 -29 -30 -31
leaf_value=-0.024895907703973 -0.0095178538354140363 0.0012441922358548956 -0.02376302803680912 -0.039125930656067363 -0.031732800008030526 0.032634532994633286 0.017162233199706663 -0.0067262339132455251 -0.0048272716195332417 0.1338443918371349 0.010570854525024626 -0.024793803282410359 -0.0025206908228140256 -0.03911296070487072 0.0056830502117793018 0.020057563057065339 0.0014868323632069077 0.0074097158172816806 0.021296995598419459 0.0082029202910274181 -0.035298942841605195 -0.028699734905955582 0.018560940081381976 0.0051923507783812987 0.084961444743075917 0.0097463646035227253 0.021583447962351308 0.019501644772074809 0.055393351837804722 -0.029239648355972904
leaf_weight=29.543784990906715 171.65052014216781 88.490204505622387 224.68455350399017 812.50617224909365 25.044923570007086 224.42136266827583 550.96939373016357 230.778265632689 1132.8669994585216 2.6712647229433086 18.808384358882904 182.15151526033878 315.34298422932625 6.1392984092235556 1059.9150436967611 182.85720771923661 3593.6130717135966 48.485330317169428 79.576488055288792 8.282314129173761 6.4417152628302565 94.225758472457528 35.043872252106667 334.24240463972092 9.3107336387038213 913.15255060046911 33.392960034310818 337.17456292361021 16.422023847699165 25.557056531310081
leaf_count=837 1616 515 5402 33218 130 2076 4006 3601 8236 51 374 2640 1725 54 5874 894 17519 234 427 75 38 2760 758 1420 73 6639 443 1982 119 111
internal_value=-0.000225283 0.0041115 -0.0274817 -0.0345589 4.01553e-06 0.010895 0.0153989 -0.0131089 -0.00514891 -0.0139771 0.0259015 -0.0152614 0.00661562 0.0294469 0.00855498 0.00240769 0.00262526 0.0127663 0.001916 -0.00487219 0.0262789 -0.0193707 -0.00114057 -0.00254456 0.0488257 0.0129251 -0.0030329 0.0157062 0.0182688 -0.00524047
internal_weight=10793.8 9312.11 1481.66 992.799 5800.08 3512.03 1711.1 488.856 1844.95 180.293 21.4796 377.837 1800.92 230.561 1485.58 3955.13 3930.09 256.9 3673.19 195.685 24.0348 158.813 64.5877 1467.11 17.593 1480.54 264.171 425.665 567.391 74.0424
internal_count=103847 56403 47444 37998 33413 22990 12894 9446 14098 4780 425 4442 10096 2130 8371 19315 19185 1239 17946 1802 186 4355 1595 9656 148 10764 4044 2497 4125 345
cat_boundaries=0 1 2 3 4
cat_threshold=8 37 2 2
is_linear=0
shrinkage=0.05


Tree=57
num_leaves=31
num_cat=4
split_feature=1 21 18 32 31 19 32 18 21 32 13 19 31 28 32 18 23 24 19 20 18 2 31 19 5 18 18 25 25 13
split_gain=459.257 88.3562 88.126 31.7 47.7662 28.4238 23.3519 34.6026 22.4661 19.1701 17.0549 16.1346 19.5787 15.037 14.1926 12.6565 12.2109 15.9617 14.97 16.6709 12.1282 11.9281 11.7231 10.5661 10.5599 10.1466 10.0651 10.059 9.87475 9.72755
threshold=1.0000000180025095e-35 87.500000000000014 0.52859479188919078 0 4.0499999523162851 16.500000000000004 1 1.2535714507102969 6.5000000000000009 2 0.28406600654125219 1.5000000000000002 6.3500001430511483 0.83333334326744091 3 0.084523811936378493 1.2250000238418581 0.83333334326744091 12.500000000000002 5.5000000000000009 2.9016129970550542 14.833333492279055 5.1499998569488534 20.500000000000004 0.46673333644866949 1.0000000180025095e-35 1.6711711287498476 3.1000000238418584 1.1000000238418581 0.18014400452375415
decision_type=2 2 2 9 2 2 9 2 2 9 10 2 2 8 9 2 10 10 2 2 2 2 2 2 8 2 2 8 10 8
left_child=2 8 3 11 15 22 7 24 9 -2 16 12 -1 -11 -4 -5 18 21 -8 23 -10 -18 27 -20 -3 -7 -25 -6 -26 -15
right_child=1 6 14 4 5 25 10 -9 20 13 -12 -13 -14 29 -16 -17 17 -19 19 -21 -22 -23 -24 26 28 -27 -28 -29 -30 -31
leaf_value=-0.020424360775347306 -0.018034791032944635 0.039002339718904273 -0.028080930563429748 -0.039412793272045492 -0.00028311357965965766 -0.039873113341782014 0.0184850392886559 0.031373868225387749 0.0010519384447126117 0.0062644282801719549 0.021003998613454901 -0.042984520186748879 0.10418989285240302 -0.0092450416093612011 -0.0026129527302982195 -0.0088194301540123945 -0.012935805717102717 0.0080538351744054212 -0.0036916852492035455 0.021929740028004917 0.0080752484647660227 0.0039201121282380199 0.053508828267526912 0.00070087706704747871 -0.063303971495059272 -0.013540774829087835 0.015010003347435227 0.070436957219420115 -0.0073471016568884152 -0.00026429208003094781
leaf_weight=31.484571408480406 212.4374172501266 10.152177110314367 53.848943788558245 293.02546332404017 143.19053013809025 61.11578986607492 472.36765486001968 275.97640595585108 2941.5024287700653 386.02811874449253 271.83425065875053 540.65884934179485 3.5026841051876536 648.12260337546468 432.19573470205069 38.215267425402999 186.11811173707247 1039.3982296213508 262.77874975651503 165.52286079525948 777.06740733236074 240.67973616719246 12.03557697124779 219.8826719969511 9.3632912635803205 91.136030754074454 278.61279130727053 5.2111631594598284 49.911705210804939 563.82619059830904
leaf_count=842 1822 47 1007 11950 4077 2438 3073 2531 13885 2673 2039 20923 70 5185 5555 735 974 6562 1552 1078 3669 1797 201 1110 45 1966 1864 81 267 3498
internal_value=-0.000277929 0.00422503 -0.0240691 -0.031244 -0.0223057 -0.00863606 0.0104632 0.0227768 0.000295713 -0.00427212 0.0090062 -0.0401575 -0.00794884 -0.00231514 -0.00606606 -0.0358832 0.00789941 0.00471086 0.0112407 0.00754843 0.0025196 -0.00343042 0.00604927 0.00442153 -0.00811615 -0.0241109 0.00869835 0.00220024 -0.0161862 -0.00506699
internal_weight=10717.2 9011.58 1705.62 1219.58 643.93 312.689 3482.6 345.404 5528.98 1810.41 3137.2 575.646 34.9873 1597.98 486.045 331.241 2865.36 1466.2 1399.16 926.797 3718.57 426.798 160.437 761.274 69.4272 152.252 498.495 148.402 59.275 1211.95
internal_count=103516 53671 49845 43283 21448 8763 22939 2890 30732 13178 20049 21835 912 11356 6562 12685 18010 9333 8677 5604 17554 2771 4359 4526 359 4404 2974 4158 312 8683
cat_boundaries=0 1 2 3 4
cat_threshold=36 8 4 5
is_linear=0
shrinkage=0.05


Tree=58
num_leaves=31
num_cat=2
split_feature=18 21 11 19 1 32 1 18 31 32 18 31 30 14 9 14 5 9 12 31 31 23 31 21 9 3 21 11 18 18
split_gain=446.493 96.5476 47.7234 36.631 26.0845 20.9945 22.0917 19.7102 19.4266 15.2652 14.7982 14.2393 13.5693 12.9079 12.8084 13.1192 11.9722 14.4795 11.8837 11.8174 14.1268 11.1804 10.7264 10.6063 12.6323 16.0708 10.374 10.3321 10.1764 10.166
threshold=0.28801843523979193 66.500000000000014 1.0000000180025095e-35 4.5000000000000009 89.416667938232436 0 3.8333333730697636 1.0000000180025095e-35 4.7500000000000009 1 2.1017241477966313 5.1499998569488534 1.0000000180025095e-35 0.93224999308586132 0.55000001192092907 0.28003999590873724 0.0112166665494442 0.55000001192092907 0.29000000655651098 5.8500001430511483 6.9500000476837167 1.5500000119209292 7.2500000000000009 59.500000000000007 3.7749999761581425 5.8166668415069589 1.0000000180025095e-35 1.1000000238418581 0.6711711883544923 2.1883445978164677
decision_type=2 2 2 2 2 9 2 2 2 9 2 2 2 10 2 10 8 2 2 2 2 8 2 2 2 2 2 2 2 2
left_child=2 5 3 8 12 10 -7 -5 -1 -6 16 -8 19 -14 15 -12 26 22 -19 -3 -21 23 -18 24 -16 -26 28 -28 -2 -11
right_child=1 4 -4 7 9 6 11 -9 -10 29 14 -13 13 -15 21 -17 17 18 -20 20 -22 -23 -24 -25 25 -27 27 -29 -30 -31
leaf_value=-0.023308543367980231 -0.026014267662147667 0.0054500956180821396 -0.012022952908425311 -0.040895605865167731 0.025459359299033504 -0.031507968369719523 -0.021692171602205445 -0.022987749162815738 0.0090566467206921603 0.0064262305207876073 0.015065417953990023 -0.0019332681087840611 0.0068386503113074719 0.017331980463197602 0.0041992824725576548 0.068827410031241182 0.0058101618253765756 -0.022364010595482868 -0.0017944989990151075 -0.014071034745017669 0.0051434047555190647 0.0084082442749951747 0.069356339397150843 -0.020042152030549466 -0.035427267410469962 0.028989597542592418 0.041451699834162269 -0.0024828112343616201 -0.0075144551226549883 0.015337291244237553
leaf_weight=150.50010706111789 115.15611357241869 1166.2146647572517 446.18522992171347 614.75523231178522 255.69485480338335 97.664199570193887 113.37235121428967 204.85652499832213 67.006305996328592 533.82151236385107 77.278195131570101 465.82840960100293 1108.966889552772 398.33586428314447 380.70185030996799 13.300478085875509 556.14540012180805 73.370938651263714 1633.5849806554615 195.60652101039886 187.21487962454557 533.55351017415524 6.7209845371544352 69.921000435948372 43.803846411406994 12.429686367511747 15.067583080381153 119.60820860043168 209.70830420404673 799.28500798344612
leaf_count=4613 2101 5771 4316 27438 2495 1717 706 6501 1517 3588 718 2417 5449 2152 1770 92 5337 566 8806 1028 1024 2444 55 293 186 52 138 697 2637 7018
internal_value=-0.000242992 0.00386871 -0.0256964 -0.0315789 0.0089358 -0.00131891 -0.00937166 -0.0364197 -0.0133379 0.0141325 0.00011701 -0.00580086 0.00623436 0.00961173 0.0049264 0.0229598 -0.00187547 -0.000385448 -0.00267865 0.00294797 -0.00467441 0.0033564 0.00656894 -0.00196153 0.000931844 -0.0211888 -0.00923517 0.0024326 -0.0140722 0.0116814
internal_weight=10665.7 9182.36 1483.3 1037.12 4645.14 4537.22 676.865 819.612 217.506 1588.8 3860.35 579.201 3056.34 1507.3 1130.99 90.5787 2729.36 2269.82 1706.96 1549.04 382.821 1040.41 562.866 506.856 436.935 56.2335 459.54 134.676 324.864 1333.11
internal_count=103642 59257 44385 40069 28525 30732 4840 33939 6130 13101 25892 3123 15424 7601 5555 810 20337 14764 9372 7823 2052 4745 5392 2301 2008 238 5573 835 4738 10606
cat_boundaries=0 1 2
cat_threshold=42 8
is_linear=0
shrinkage=0.05


Tree=59
num_leaves=31
num_cat=0
split_feature=10 21 18 19 18 19 18 31 25 4 19 19 31 19 25 23 10 18 27 10 28 17 19 21 18 20 31 12 31 18
split_gain=404.35 103.163 50.9057 39.3711 23.1015 17.5958 17.2438 14.789 13.5659 13.031 11.8231 11.7801 12.9503 11.2122 10.4865 15.0081 20.5622 13.429 12.1184 12.5588 11.9584 10.0425 9.44955 11.9825 9.34207 9.10137 8.74294 8.7419 18.0729 10.8909
threshold=1.0000000180025095e-35 80.500000000000014 0.12310606241226198 4.5000000000000009 2.1883445978164677 11.500000000000002 0.90767046809196483 5.1499998569488534 3.1000000238418584 1.0000000180025095e-35 32.500000000000007 4.5000000000000009 4.9500000476837167 18.500000000000004 1.1000000238418581 1.2250000238418581 76.90000152587892 3.6711711883544926 1.7749999761581423 72.90000152587892 2.5833333730697636 0.45000000298023229 6.5000000000000009 29.500000000000004 1.9486842155456545 -1.4999999999999998 4.3500001430511483 0.12249999865889551 4.8500001430511483 2.6478537321090703
decision_type=2 2 2 2 2 2 2 2 8 8 2 2 2 2 10 10 2 2 10 2 10 2 2 2 2 2 2 2 2 2
left_child=2 6 3 7 5 -3 10 8 -1 -4 11 12 -2 26 15 -6 18 -16 19 20 -17 22 23 -8 -15 -24 -11 28 -27 -30
right_child=1 4 9 -5 14 -7 21 -9 -10 13 -12 -13 -14 24 17 16 -18 -19 -20 -21 -22 -23 25 -25 -26 27 -28 -29 29 -31
leaf_value=-0.023536116979092206 -0.005950883736892989 0.013507653035573143 -0.01898877846472196 -0.038879840007397755 0.019665515139631551 0.0028273997001782855 -0.013528055395951422 0.017909557030346183 0.028937133810527718 0.06621306192722104 0.0082549515627393707 -0.0087051377215495388 0.023001255813020694 -0.013603589266147971 0.013363708659591354 -0.014252462426617082 0.012619776847474227 0.025231918686147072 0.01012211257862918 -0.05734061390581624 0.04431087868303888 0.011478058595133959 -0.041694847237964919 0.0014527322801685958 0.02967754381008891 0.043473361485980092 0.010146830289328133 0.0010886998528524363 -0.012808596714297625 0.059785346932063402
leaf_weight=162.96685920655727 95.406886957585812 546.4457339271903 224.71257163956761 677.36474712565541 243.50578086078167 1310.5019896626472 259.47977637127042 30.939208881929517 13.324248246848581 8.7487607933580858 142.36396071687341 1140.9042855929583 64.896506480872631 102.1507682017982 827.4876821115613 124.68769945204258 331.44433346390724 334.77759093046188 69.637068383395672 15.761821530759333 9.3720702007412893 213.97810226678848 12.239793747663496 274.88627867400646 14.200936172157524 37.104475140571594 33.882797244936228 3230.7563543915749 40.028922896832228 5.9322642907500258
leaf_count=5186 842 3095 4968 31445 1913 6879 1512 657 241 140 1125 10146 529 1974 6067 701 2895 2738 399 98 54 972 62 1186 195 309 679 16333 373 36
internal_value=4.09683e-05 0.00364119 -0.0264481 -0.0330454 0.00996496 0.00597029 -0.000729334 -0.0139745 -0.0195701 -0.0112383 -0.00542514 -0.00692186 0.00576997 -0.00028357 0.013756 0.00932855 0.00475948 0.0167822 -0.00711177 -0.0151221 -0.0101583 0.0009344 0.00034998 -0.0058217 -0.00832105 0.00134152 0.0216526 0.00150048 0.0175163 -0.00343881
internal_weight=10599.9 9331.6 1268.29 884.595 3813.62 1856.95 5517.98 207.23 176.291 383.696 1443.57 1301.21 160.303 158.983 1956.67 794.409 550.903 1162.27 219.459 149.822 134.06 4074.41 3860.43 534.366 116.352 3326.06 42.6316 3313.82 83.0657 45.9612
internal_count=103749 58264 45485 37529 24839 9974 33425 6084 5427 7956 12642 11517 1371 2988 14865 6060 4147 8805 1252 853 755 20783 19811 2698 2169 17113 819 17051 718 409
is_linear=0
shrinkage=0.05


Tree=60
num_leaves=31
num_cat=4
split_feature=10 1 18 19 21 32 32 32 5 10 32 31 9 18 20 25 29 23 31 19 25 27 20 1 23 1 2 3 31 18
split_gain=385.066 99.5014 46.9293 37.4484 31.1732 19.5443 16.7614 15.8118 15.8012 13.8918 13.2708 15.2894 13.0411 13.3329 13.002 11.9619 11.9107 11.6871 12.2356 11.6734 11.1425 13.7265 10.775 10.686 20.1767 12.6342 10.9889 10.498 10.3732 10.205
threshold=1.0000000180025095e-35 82.833332061767592 0.12310606241226198 4.5000000000000009 8.5000000000000018 0 1 2 0.30020000040531164 62.100000381469734 3 4.2500000000000009 0.36666667461395269 0.26975052058696752 2.5000000000000004 2.1000000238418584 2.6333333253860478 1.1000000238418581 11.449999809265138 26.500000000000004 2.8999999761581425 1.0000000180025095e-35 2.5000000000000004 60.166666030883796 1.8999999761581423 82.416667938232436 14.833333492279055 6.058333396911622 5.2500000000000009 1.434057950973511
decision_type=2 2 2 2 2 9 9 9 8 2 9 2 2 2 2 10 8 10 2 2 10 8 2 2 10 2 2 2 2 2
left_child=2 4 3 10 5 8 -3 -4 -2 12 11 -1 13 28 -8 23 -12 22 -19 29 21 -18 -14 27 25 -25 -26 -11 -6 -9
right_child=1 6 7 -5 9 -7 14 19 -10 15 16 -13 17 -15 -16 -17 20 18 -20 -21 -22 -23 -24 24 26 -27 -28 -29 -30 -31
leaf_value=-0.022064921548453891 -0.0091904550956166346 0.02485528442632521 -0.023154432525138102 -0.0388682579099488 -0.0076539206675233923 -0.015312081869509149 0.0076663796090679862 0.0013073583892563492 0.00059409603955478481 0.015288286210675989 -0.030979060865568755 0.022618995652383511 0.0013588415266543598 0.020095343582510056 0.016139080663500116 0.016432397435441091 0.10631093631748877 -0.0028057661008621853 0.047609682074864816 -0.014780116389260073 0.09681116944295258 -0.031576031248588807 0.013411501253919766 -0.0015838660132886729 0.0027260575818353122 -0.047573027600363069 0.023712112229826988 -0.018746659965000311 0.042964850281841965 0.039408484781570656
leaf_weight=33.748595567420125 609.67630506120622 243.14681842178106 160.42469017393887 654.55659307911992 97.783969476819038 350.40014347620308 1243.8708981871605 93.082888580858707 1276.585446625948 283.53680370748043 110.5510739069432 44.237269755452871 883.3138195425272 165.74509500712156 711.98009070754051 252.35514889657497 2.2080353982746574 1978.7692063674331 12.108405888080595 101.44433261826634 3.3363343346863976 9.8856760058552027 234.7063245549798 669.60247319936752 116.45475135743618 15.274707838892935 134.33176275342703 24.62441274523735 11.289638731628655 21.664689153432846
leaf_count=1112 6556 2442 4424 31532 536 3160 8894 1592 8560 1383 3571 965 4121 820 5708 1199 58 9116 57 1659 73 313 1062 3200 556 82 717 128 74 258
internal_value=-0.000351053 0.00312712 -0.0265838 -0.033039 0.000254635 -0.00463336 0.0124233 -0.0118688 -0.00255492 0.00249501 -0.0143319 0.0029089 0.000721069 0.0111613 0.010696 0.0065069 -0.0233796 -0.00020182 -0.00249914 -0.00231615 0.0159159 -0.00640102 0.00388906 0.00449315 0.00183349 -0.00260956 0.0139671 0.0125686 -0.00241464 0.00850097
internal_weight=10550.7 9315.56 1235.14 858.524 7116.56 2236.66 2199 376.617 1886.26 4879.9 203.967 77.9859 3383.72 274.819 1955.85 1496.18 125.981 3108.9 1990.88 216.192 15.43 12.0937 1118.02 1243.82 935.664 684.877 250.787 308.161 109.074 114.748
internal_count=103928 58371 45557 37624 41327 18276 17044 7933 15116 23051 6092 2077 15786 1430 14602 7265 4015 14356 9173 3509 444 371 5183 6066 4555 3282 1273 1511 610 1850
cat_boundaries=0 1 2 3 4
cat_threshold=34 8 37 2
is_linear=0
shrinkage=0.05


Tree=61
num_leaves=31
num_cat=3
split_feature=1 1 18 19 32 32 18 22 10 20 32 3 20 18 28 9 11 20 5 25 24 29 9 1 28 29 25 25 11 28
split_gain=334.973 68.8101 64.9023 35.5822 29.7056 18.8317 18.1815 17.6221 18.9531 17.9039 17.819 15.6835 14.1272 13.323 12.438 12.325 12.7973 11.3231 11.5386 14.8932 11.1313 10.9086 10.8179 15.3427 9.99169 12.9322 9.96049 9.52933 8.92793 8.71689
threshold=1.0000000180025095e-35 80.416667938232436 0.056349206715822227 4.5000000000000009 0 1 5.5735931396484384 2.1666666269302373 79.099998474121108 6.5000000000000009 2 1.1833333373069765 -1.4999999999999998 0.77207791805267345 3.1666666269302373 1.0000000180025095e-35 6.0999999046325692 2.5000000000000004 1.6716666221618655 0.90000000596046459 2.4166666269302373 0.55000001192092907 0.90000000596046459 50.416666030883796 0.83333334326744091 0.90000000596046459 0.29166667163372045 3.1000000238418584 17.366666793823246 1.5833333134651186
decision_type=2 2 2 2 9 9 2 10 2 2 9 2 2 2 10 2 2 2 8 10 10 10 2 2 8 10 10 8 2 8
left_child=2 6 3 27 13 -3 7 9 15 10 11 -2 -12 -4 21 -9 26 29 -19 24 -14 -11 23 -13 25 -20 -17 -1 -21 -7
right_child=1 5 4 -5 -6 17 -8 8 -10 14 12 22 20 -15 -16 16 -18 18 19 28 -22 -23 -24 -25 -26 -27 -28 -29 -30 -31
leaf_value=-0.016819087482443314 -0.0060831549489645774 0.023644227428188738 -0.032029374015592936 -0.037908706384875923 -0.0023902432868638038 0.0028614583617924232 0.025010270174104607 0.045450290166798392 0.029490420679235286 -0.031293473028622863 -0.044062290470630733 0.0060015898681435352 0.0039678425662524582 -0.012524196972001892 0.06573303180651581 0.025286699109322932 -0.00284382006806249 0.020290369945866898 -0.0078508714612217766 0.0074342589274293373 0.016202715870223726 0.014261163297321312 -2.9701576908939642e-05 0.041661377190740916 0.0026394774065920355 -0.07211311482240873 -0.015949111730244117 0.023161368330826618 0.025334110424299363 0.010904611624318349
leaf_weight=186.64553908444941 1102.6928654611111 246.6485635265708 181.59998918510973 588.79419419914484 437.81505239009857 789.30776090174913 76.188730075955391 11.21770181879401 37.542078480124474 13.872442618012427 14.514083519577978 214.44766299426556 1509.7495323568583 169.03937662392855 11.168739080429075 15.236969646066425 631.91665677726269 366.92098385840654 24.187450625002384 182.22216413170099 212.00809846073389 249.39509470015764 1979.2589566707611 35.100852772593498 89.010216951370239 11.575675308704374 376.55688481032848 16.19755226932466 112.77326441556215 587.66018953174353
leaf_count=5856 8069 2520 5424 29397 6476 5504 400 81 195 67 71 1215 7930 2782 57 102 2980 2875 189 1322 1095 1230 9159 159 716 87 2599 278 978 4102
internal_value=-0.000358359 0.00340769 -0.0215737 -0.0316868 -0.0114198 0.0106219 0.000728784 0.000440387 -0.00540857 0.00161459 0.000940999 -0.00120223 0.00503131 -0.0219988 0.0140532 -0.00667454 -0.00724571 0.00898657 0.0138135 0.00815208 0.00547438 0.0118607 0.00120719 0.0110174 -0.00632916 -0.028651 -0.0143454 -0.0136265 0.0142772 0.0062941
internal_weight=10481.3 8901.17 1580.09 791.637 788.454 2410.31 6490.87 6414.68 1072.47 5342.21 5067.77 3331.5 1736.27 350.639 274.436 1034.93 1023.71 2163.66 786.69 419.769 1721.76 263.268 2228.81 249.549 124.773 35.7631 391.794 202.843 294.995 1376.97
internal_count=103915 53702 50213 35531 14682 18293 35409 35009 5957 29052 27698 18602 9096 8206 1354 5762 5681 15773 6167 3292 9025 1297 10533 1374 992 276 2701 6134 2300 9606
cat_boundaries=0 1 2 3
cat_threshold=37 8 36
is_linear=0
shrinkage=0.05


Tree=62
num_leaves=31
num_cat=0
split_feature=10 21 18 18 21 19 18 0 2 24 31 19 18 9 12 31 18 31 25 27 31 9 18 12 10 9 11 9 2 27
split_gain=360.336 72.5152 40.0531 25.9976 23.4162 23.1539 21.6594 14.6824 12.5494 11.1025 10.3508 9.8455 9.67332 10.7407 11.1538 10.0381 9.63669 14.8725 11.6381 9.42265 9.2286 9.03043 8.88664 12.993 8.87213 8.37997 9.88365 8.91385 11.542 8.72896
threshold=1.0000000180025095e-35 89.500000000000014 0.64785373210906994 2.7795138359069829 10.500000000000002 4.5000000000000009 0.040833333507180221 -1.0000000180025095e-35 0.83333334326744091 2.1666666269302373 7.1499998569488534 12.500000000000002 1.8956443071365359 1.3666666746139529 3.2899999618530278 6.9500000476837167 1.2466216087341311 5.2500000000000009 1.1000000238418581 0.63333335518836986 5.5499999523162851 8.5500001907348651 1.6566964387893679 4.9900000095367441 30.44999980926514 0.36666667461395269 2.1000000238418584 1.2250000238418581 7.1666667461395273 2.5499999523162846
decision_type=2 2 2 2 2 2 2 2 2 8 2 2 2 2 2 2 2 2 10 10 2 2 2 2 2 2 2 2 2 8
left_child=2 4 5 16 7 9 -7 -2 10 -1 -9 -12 15 -14 -15 25 -3 19 -19 22 -5 -22 -18 -24 -16 -6 -27 29 -29 -28
right_child=1 3 -4 20 12 6 -8 8 -10 -11 11 -13 13 14 24 -17 17 18 -20 -21 21 -23 23 -25 -26 26 27 28 -30 -31
leaf_value=-0.021546660876494584 0.027460348811940229 0.00072205664722327812 -0.005149418275573487 0.018787884037382935 0.0094598406923958669 -0.039865182516716002 -0.021976439103368273 -0.012846241208795151 -0.0026362354848621754 0.0067970376478936351 0.065867193746169991 0.00088369653811083736 0.016350163972196709 -0.0022729079423921784 -0.020312806027861983 0.017237029915856697 -0.022516783506500746 -0.011400196348569661 0.0063721236687267497 0.012714997077559376 0.0085944124739043143 0.042656965409995397 0.011961976674519191 -0.058375851509626125 0.0075600463011622557 -0.010589805310153652 0.0023611799221028274 -0.012019353413204247 0.00065810067029495475 0.023863200436973084
leaf_weight=154.90651236474514 35.900241460651159 690.85845574736595 185.84966087341309 654.26964639127254 173.29731450229883 543.45772193931043 245.7168678957969 537.36549234762788 1721.1941630318761 44.468078656122088 7.6553105637431136 24.428038686513901 183.30037052929401 534.27471121400595 29.439971730113029 78.61161482334137 36.68153665214777 149.71195290237665 239.44179370999336 932.5563163086772 507.44954672455788 20.233671717345715 85.508050993084908 7.1116158142685881 944.36405217647552 283.99252411723137 556.92685819417238 279.97115081548691 500.48746422678232 51.570933192968369
leaf_count=4947 242 3458 3381 5800 932 28453 7516 6385 12054 1129 73 211 790 2329 124 355 212 856 1437 6128 3930 187 592 51 4552 1528 2596 1219 2136 243
internal_value=-0.000353582 0.00295316 -0.0264455 0.00886742 -0.00035471 -0.0304492 -0.0342954 -0.00426768 -0.00476494 -0.0152249 -0.0111991 0.0163892 0.00216274 0.00492146 0.00353236 -0.000261359 0.00558253 0.0078967 -0.000465094 0.0109612 0.0148201 0.00990052 -0.00168793 0.00656123 0.0067174 -0.00100643 -0.0020906 -0.000352818 -0.00388964 0.0041835
internal_weight=10441 9266.6 1174.4 3323.82 5942.78 988.549 789.175 2326.54 2290.64 199.375 569.449 32.0833 3616.24 1691.38 1508.08 1924.86 2141.87 1451.01 389.154 1061.86 1181.95 527.683 129.301 92.6197 973.804 1846.25 1672.95 1388.96 780.459 608.498
internal_count=103846 58420 45426 22651 35769 42045 35969 18965 18723 6076 6669 284 16804 7795 7005 9009 12734 9276 2293 6983 9917 4117 855 643 4676 8654 7722 6194 3355 2839
is_linear=0
shrinkage=0.05


Tree=63
num_leaves=31
num_cat=2
split_feature=10 10 32 31 19 18 18 32 10 31 18 2 24 22 0 18 19 18 14 31 10 24 4 31 11 18 5 31 28 22
split_gain=299.707 54.6258 48.9968 63.9011 26.6836 21.5888 20.2927 17.4691 24.165 16.8903 16.2574 15.2545 14.6283 14.6179 14.1931 13.8377 13.7824 12.9529 12.9402 11.895 10.942 10.5899 10.4639 9.81856 9.80951 9.56182 9.49031 8.97646 12.8742 8.88504
threshold=0.63333335518836986 89.633331298828139 0 4.0499999523162851 17.500000000000004 1.9486842155456545 0.16904762387275699 1 26.10000038146973 7.0499999523162851 0.14495798945426944 8.416666507720949 0.58333334326744091 1.0000000180025095e-35 4.8333332538604745 0.084523811936378493 3.5000000000000004 5.5735931396484384 0.18012000620365146 5.8500001430511483 63.100000381469734 2.1666666269302373 0.28679499030113226 5.8500001430511483 5.3666667938232431 3.5735930204391484 0.053516667336225517 4.3500001430511483 1.5833333134651186 3.5833333730697636
decision_type=2 2 9 2 2 2 2 9 2 2 2 2 10 10 2 2 2 2 8 2 2 10 10 2 2 2 8 2 10 10
left_child=2 5 6 15 13 7 16 12 9 -9 -6 -3 -2 -5 -10 -4 23 19 -11 20 -7 -15 -22 -1 -20 -13 -8 28 -23 -14
right_child=1 11 3 4 10 17 26 8 14 18 -12 25 29 21 -16 -17 -18 -19 24 -21 22 27 -24 -25 -26 -27 -28 -29 -30 -31
leaf_value=-0.028867480242474621 -0.012013779105728928 -0.0050384040618127049 -0.036351083736386708 0.077333521795981158 -0.032091224623792387 0.0024200811922247155 -0.029312311027365215 -0.0094559751044409144 0.0004184268442024599 0.071337221746462842 -0.0026514276865577278 0.012733508086050588 0.0052570756710089298 0.0053987267484940397 0.031843930812316228 -0.0046633022241980458 -0.045351698611246244 0.019698252169332249 0.019562873802765487 9.725446717518935e-05 0.0078049612427030721 0.040562921893778518 0.022005638343295567 0.023108007743088729 -0.043350637573951085 0.023782277613299999 -0.0045771863051102335 0.024758818987721556 0.19766229591685142 -0.02773645447964114
leaf_weight=65.427094712853432 139.69917000457644 94.244301453232765 237.31492921337485 8.8254562560468894 68.057931451126933 976.40978445485234 101.52081480436027 1147.9027092847973 1607.320104084909 9.9224272370338422 150.80386368185282 647.68364503979683 1618.7211534194648 132.01644504629076 36.751279070973396 40.303566509857774 318.12293951027095 140.62330544739962 32.514120332896709 1153.846263859421 1074.3311517983675 3.7468425128608969 147.53655298799276 10.551779493689535 7.6544451415538779 280.67670331150293 62.746223211288452 21.108532950282097 2.0003196727484465 20.665756769478321
leaf_count=2131 839 776 11942 205 3161 4951 2916 9807 7882 66 2355 5790 9290 3901 181 826 16964 915 225 6031 6045 98 911 229 40 3021 1531 505 61 133
internal_value=0.000126902 0.00323791 -0.0231227 -0.0132506 -0.000307044 0.00186539 -0.0340189 -0.000376827 -0.00280485 -0.00821578 -0.0118061 0.0141282 0.003498 0.0147004 0.00112091 -0.0317508 -0.0407821 0.00483201 0.0202049 0.00420836 0.00636623 0.0112211 0.00951965 -0.0216492 0.0075742 0.0160739 -0.0198641 0.0398423 0.0952419 0.00484117
internal_weight=10359 9136.5 1222.55 664.178 386.559 8113.9 558.369 4621.15 2842.07 1197.99 218.862 1022.6 1779.09 167.698 1644.07 277.618 394.102 3492.75 50.091 3352.12 2198.28 158.872 1221.87 75.9789 40.1686 928.36 164.267 26.8557 5.74716 1639.39
internal_count=103728 56903 46825 23054 10286 47316 23771 28463 18201 10138 5516 9587 10262 4770 8063 12768 19324 18853 331 17938 11907 4565 6956 2360 265 8811 4447 664 159 9423
cat_boundaries=0 1 2
cat_threshold=37 2
is_linear=0
shrinkage=0.05


Tree=64
num_leaves=31
num_cat=0
split_feature=10 21 18 11 25 18 28 0 22 25 20 14 2 31 25 14 25 28 22 9 18 3 10 4 18 1 21 25 21 10
split_gain=278.116 66.1125 40.0694 22.5052 18.98 18.8392 12.0981 11.4945 10.8612 13.9082 10.7195 10.4913 10.3599 10.2208 10.1941 9.99019 14.2749 9.98732 15.8535 9.66586 11.265 11.9177 9.67337 9.59995 9.48953 10.345 8.66048 9.74616 10.0257 15.0631
threshold=1.0000000180025095e-35 87.500000000000014 0.040833333507180221 17.22500038146973 3.2250000238418584 0.73431372642517101 0.83333334326744091 -1.0000000180025095e-35 1.8333333134651186 1.1000000238418581 5.5000000000000009 0.79622998833656322 0.58333334326744091 7.9500000476837167 2.2250000238418584 1.7290000319480898 0.45000000298023229 2.8333333730697636 1.0000000180025095e-35 1.4499999880790713 1.2320513129234316 1.6416666507720949 40.549999237060554 1.0000000180025095e-35 3.8224790096282963 88.416667938232436 21.500000000000004 2.4500000476837163 38.500000000000007 14.633333683013918
decision_type=2 2 2 2 10 2 10 2 10 10 2 10 2 2 10 8 10 8 10 2 2 2 2 8 2 2 2 10 2 2
left_child=2 5 4 6 13 12 -3 -7 10 11 19 -10 -2 17 -12 -5 -17 -1 -19 22 21 -21 -8 -4 25 26 -9 28 -28 -30
right_child=1 3 23 15 -6 7 8 24 9 -11 14 -13 -14 -15 -16 16 -18 18 -20 20 -22 -23 -24 -25 -26 -27 27 -29 29 -31
leaf_value=-0.034380387876894868 -0.015273261126486871 0.00011204071034256643 -0.01800592742168752 0.022335968482962949 0.020046087937052606 0.033134952273206515 0.0050008852509151819 -0.0022688244932716128 -0.014398642844121678 0.0083124732478752402 0.017063172235160132 0.018121964936914328 -0.0037898873289219865 0.086484410609921292 0.058010053412382037 -0.013465735093582426 0.014452663871269769 0.10334901747880894 -0.017834264377482596 -0.054825904919709817 0.006855879246049564 -0.0040276958744972034 0.019314242431296355 -0.0027464438654574773 0.0079660112751311074 -0.037415530160604268 0.007896014802643056 0.013520270661973845 0.030370345905238391 -0.0012946803281150192
leaf_weight=632.21613720618188 251.40935440547764 637.87187758088112 245.34816373884678 338.75079268962145 17.680614588782191 27.390119716525078 192.89219714701176 2006.8903826400638 156.58776818960905 286.19997239857912 217.2577073648572 29.466869503259659 897.74967410601676 1.8022633846849192 16.343512520194054 53.322041295468807 323.96477223187685 2.8790553361177436 43.118056442588568 14.014359533786772 716.32901117950678 65.557467214763165 304.19590404629707 177.73455457948148 404.84948978573084 18.437358714640141 449.4592449516058 176.74590617418289 38.470011055469513 1582.939182408154
leaf_count=32014 3406 3949 6777 3102 403 150 835 12551 887 1815 1418 214 7322 55 108 476 2970 70 1929 69 5065 361 1764 4133 2019 108 1928 767 167 6948
internal_value=-0.000219204 0.0026435 -0.023736 0.00824221 -0.031098 -0.000562863 0.00610746 0.000838866 0.00802073 0.00139411 0.0100707 -0.00924811 -0.00630218 -0.0324278 0.019928 0.0161031 0.0105069 -0.0327438 -0.0102491 0.0082898 0.00487331 -0.0129744 0.01376 -0.0115955 0.000649761 -4.34335e-05 0.000118523 0.00225018 0.00128829 -0.000543387
internal_weight=10327.9 9207.09 1120.78 3352.75 697.696 5854.34 2636.72 4705.18 1998.84 472.255 1526.59 186.055 1149.16 680.016 233.601 716.038 377.287 678.213 45.9971 1292.99 795.901 79.5718 497.088 423.083 4677.79 4272.94 4254.5 2247.61 2070.87 1621.41
internal_count=103780 58399 45381 23033 34471 35366 16485 24638 12536 2916 9620 1101 10728 34068 1526 6548 3446 34013 1999 8094 5495 430 2599 10910 24488 22469 22361 9810 9043 7115
is_linear=0
shrinkage=0.05


Tree=65
num_leaves=31
num_cat=2
split_feature=10 32 21 18 19 2 18 23 10 3 5 18 19 32 1 12 13 21 18 3 0 27 9 2 21 22 10 27 14 1
split_gain=263.624 55.9943 49.4928 27.0448 26.8593 17.4638 16.9222 14.5545 13.3622 11.9176 11.5553 11.4968 11.6357 11.2901 15.5796 10.9789 11.4848 10.0023 9.38715 8.88668 8.79124 8.65367 8.53859 18.0594 9.33969 11.0267 11.2041 13.6197 11.7438 14.3373
threshold=0.22500000149011615 0 89.500000000000014 0.040833333507180221 8.5000000000000018 14.833333492279055 0.28801843523979193 2.1000000238418584 64.099998474121108 2.9166667461395268 0.073433332145214095 2.7165178060531621 13.500000000000002 1 78.166667938232436 0.044999999925494201 0.013790000230073931 28.500000000000004 1.434057950973511 1.3416666984558108 4.1666667461395273 0.90000000596046459 0.55000001192092907 1.0000000180025095e-35 1.0000000180025095e-35 2.8333333730697636 14.633333683013918 2.5499999523162846 0.25421001017093664 3.1666666269302373
decision_type=2 9 2 2 2 2 2 10 2 2 8 2 2 9 2 2 10 2 2 2 2 10 2 2 2 10 2 10 8 2
left_child=1 3 6 4 -1 7 -2 -4 19 13 -3 12 -7 22 15 -15 -17 -18 -5 -9 -14 -20 23 -8 -25 26 27 28 -26 -30
right_child=2 10 5 18 -6 11 9 8 -10 -11 -12 -13 20 14 -16 16 17 -19 21 -21 -22 -23 -24 24 25 -27 -28 -29 29 -31
leaf_value=-0.0047633215380637126 -0.010443369375324521 -0.041251096946709087 0.0063607491230231426 -0.0042552672634597818 -0.03234810043544676 0.018630686716987557 -0.0073427975246134342 0.0004240378134373323 0.0055897140730682693 0.0041780566390351159 -0.025516783673626475 0.016407039231026627 -0.0039378563640685019 -0.043008386339344236 -0.070039171492184915 0.00063651719751168937 -0.02225876167764099 -6.5992177471903494e-05 0.059867068909901677 -0.027756433189099084 0.011613709504147227 0.0084896752896001081 -0.00095268400145453634 0.0027514937437362764 0.0096715502658762664 -0.024468551309342428 0.003540295757119056 0.079175363046623218 0.096002500381345932 0.029140760699179771
leaf_weight=149.57462275959551 362.70770881511271 329.45027659088373 1780.373016834259 214.87287144176662 215.22403228469193 147.88010580092669 192.19862445443869 42.494910582900047 113.64344631880522 1706.683469876647 180.68351328372955 725.68699596077204 233.52255457639694 19.550519436597824 9.702956870198248 354.83028656989336 135.88951117917895 81.055430963635445 10.819167107343672 81.8806332051754 148.76641987264156 33.802355013787746 2564.5490938052535 195.90570811182261 79.491122186183929 14.899850994348524 73.137114971876144 11.63954923301935 9.1132359318435174 66.697988130152225
leaf_count=5608 3842 15592 10784 4500 12058 1105 2019 180 815 7954 7789 6765 1621 237 48 2325 1000 350 124 372 1023 414 13828 1806 570 101 341 78 91 373
internal_value=-5.58304e-05 -0.0227911 0.00276221 -0.0120673 -0.0210378 0.00768869 1.80118e-05 0.00480831 -0.00680391 0.000705988 -0.0349922 0.012318 0.00672099 -0.000849867 -0.00707765 -0.00616422 -0.00490442 -0.0139671 7.83884e-05 -0.0181281 0.00211398 0.0209469 0.000338073 0.00549073 0.0109613 0.017269 0.0198594 0.0270087 0.023099 0.0371782
internal_weight=10286.7 1134.43 9152.3 624.293 364.799 3274.25 5878.05 2018.39 238.019 5515.34 510.134 1255.86 530.169 3808.66 601.029 591.326 571.775 216.945 259.494 124.376 382.289 44.6215 3207.63 643.083 450.885 254.979 240.079 166.942 155.302 75.8112
internal_count=103713 46085 57628 22704 17666 22665 34963 12151 1367 31121 23381 10514 3749 23167 3960 3912 3675 1350 5038 552 2644 538 19207 5379 3360 1554 1453 1112 1034 464
cat_boundaries=0 1 2
cat_threshold=10 34
is_linear=0
shrinkage=0.05


Tree=66
num_leaves=31
num_cat=0
split_feature=10 10 4 14 25 22 20 1 13 10 25 28 10 13 8 26 23 20 9 23 1 20 11 28 28 25 0 30 28 29
split_gain=235.636 53.0177 22.8013 19.0949 13.821 13.5339 16.5478 11.598 13.8075 11.1162 10.857 10.3946 10.2802 10.1311 10.3213 9.87865 10.9368 9.84549 9.01896 8.851 8.82687 8.84353 8.43254 10.1548 8.39515 10.7051 11.6194 8.28195 8.95746 11.4589
threshold=1.0000000180025095e-35 66.224998474121108 1.0000000180025095e-35 1.6804800033569338 2.2916666269302373 2.1666666269302373 1.0000000180025095e-35 53.416666030883796 0.24612400680780414 87.099998474121108 2.2916666269302373 1.1666666865348818 89.77500152587892 0.48099999129772192 0.83333334326744091 0.83333334326744091 2.2250000238418584 12.500000000000002 1.0000000180025095e-35 1.0000000180025095e-35 82.416667938232436 -1.4999999999999998 7.5499999523162851 1.8333333134651186 0.83333334326744091 0.45000000298023229 0.83333334326744091 1.0000000180025095e-35 1.8333333134651186 0.90000000596046459
decision_type=2 2 8 8 8 10 2 2 10 2 10 10 2 10 2 10 10 2 2 10 2 2 2 8 10 10 2 2 10 10
left_child=2 5 -1 9 19 6 20 8 -7 27 -11 -6 13 14 15 16 -5 18 -8 -4 21 -2 23 -14 25 -24 -27 28 29 -3
right_child=1 3 4 12 11 7 17 -9 -10 10 -12 -13 22 -15 -16 -17 -18 -19 -20 -21 -22 -23 24 -25 -26 26 -28 -29 -30 -31
leaf_value=-0.02852875373238338 -0.045149862998405836 0.014044487426737105 0.046077929405857199 -0.0087923286378309411 -0.020957053135043077 -0.0074350144325856229 0.047142453512782907 0.003221932802383214 -0.034171527264998107 0.018479780122607436 -0.014866681637668633 0.031407275526948268 0.0010006773077026368 -0.048604430507884412 -0.03352601258999266 0.0046319852580807581 0.025418610454367357 0.0372192557205007 0.0020141151787400678 -0.017552350010737055 0.043068297894479572 -0.0037994816918147573 -0.047251648338218287 -0.065706803997870641 0.013713488470426256 -0.05544588481807311 0.0071466579531477298 0.012310186689789449 0.012745748336059218 -0.0055435601823120382
leaf_weight=651.82716749049723 13.037080883979796 100.73347193002701 5.5477578025311223 280.62642926722765 14.367855258285998 676.22016651928425 11.110721990466116 245.52798795700073 52.001974567770958 501.97412656247616 25.656615778803825 27.841268284246325 19.839483559131626 10.381856128573416 21.215498603880405 792.0726451203227 25.482888661324978 20.170549139380455 3118.2915375679731 367.16231467947364 9.9644219726324064 1577.7534374184906 11.10512602329254 8.0078852176666242 413.19594126194715 7.8450263589620581 135.08272720128298 584.68089666962624 191.03398404270411 288.47877067327499
leaf_count=29273 74 551 129 1546 494 4614 57 1162 244 4770 210 823 158 70 130 4394 151 107 15666 14545 56 13033 115 63 3944 61 1293 3189 1052 1578
internal_value=-0.000458656 0.00213634 -0.0226965 0.0070644 -0.0135343 -0.000805827 0.000294927 -0.00617573 -0.00934426 0.0108374 0.0168583 0.0135826 0.00336207 0.000560617 0.0010166 0.00168392 -0.00594435 0.00239878 0.00217434 -0.0166052 -0.00384451 -0.00413836 0.00868077 -0.018182 0.00999956 3.6876e-05 0.00371108 0.00811034 0.00387839 -0.000473905
internal_weight=10208.2 9141.49 1066.75 3417.41 414.919 5724.08 4750.33 973.75 728.222 1692.56 527.631 42.2091 1724.86 1129.78 1119.4 1098.18 306.109 3149.57 3129.4 372.71 1600.75 1590.79 595.076 27.8474 567.229 154.033 142.928 1164.93 580.246 389.212
internal_count=103552 58288 45264 23275 15991 35013 28993 6020 4858 11350 4980 1317 11925 6291 6221 6091 1697 15830 15723 14674 13163 13107 5634 221 5413 1469 1354 6370 3181 2129
is_linear=0
shrinkage=0.05


Tree=67
num_leaves=31
num_cat=2
split_feature=18 21 32 31 19 31 18 19 31 3 0 31 13 18 21 19 10 1 10 10 22 11 32 18 19 4 19 10 25 29
split_gain=237.88 55.5304 40.6381 66.2645 25.8431 19.9596 19.4179 15.3183 14.144 13.8067 14.5391 9.83201 9.63967 15.0574 12.3928 10.4548 12.0938 9.72784 9.6731 13.3646 9.18983 17.9604 8.81971 8.68968 12.6164 10.7273 8.5027 8.26487 8.23983 11.4537
threshold=0.15707236528396609 89.500000000000014 0 4.0499999523162851 18.500000000000004 5.1499998569488534 3.1017241477966313 2.5000000000000004 6.3500001430511483 2.9166667461395268 -1.0000000180025095e-35 5.2500000000000009 0.086010999977588667 0.70135134458541881 1.0000000180025095e-35 6.5000000000000009 86.90000152587892 53.833333969116218 40.549999237060554 35.633333206176765 0.58333334326744091 0.55000001192092907 1 1.3766891956329348 14.500000000000002 0.20002000033855441 1.5000000000000002 70.099998474121108 1.2250000238418581 1.1000000238418581
decision_type=2 2 9 2 2 2 2 2 2 2 2 2 10 2 2 2 2 2 2 2 10 2 9 2 2 10 2 2 10 10
left_child=2 9 7 -4 5 -5 11 8 -1 10 -2 23 13 14 -12 26 20 18 19 28 21 -17 -8 24 -3 -26 -15 -14 -16 -30
right_child=1 6 3 4 -6 -7 22 -9 -10 -11 12 -13 27 15 17 16 -18 -19 -20 -21 -22 -23 -24 -25 25 -27 -28 -29 29 -31
leaf_value=-0.02086404374929357 0.028724089262517349 0.012098904726261394 -0.031724268563820539 0.009490110418386247 -0.019047603715601449 0.078295242051512115 0.026210335393545947 -0.040745029461765989 0.063402347674054158 0.0034872413125884927 -0.011735105836600928 -0.00035148075697467564 -0.010299341700789486 0.0084272386890754218 -0.0073740448101545161 0.048386766178879971 -0.047379615313345586 -0.02622543669493534 0.036120173234156998 -0.065846215777364478 0.0010817464193769871 0.0064886177722396979 0.011508721417114093 0.010051287426280954 -0.00091065684805615777 -0.047524740707273194 -0.0107777876238463 0.0068095209459261979 0.024308532892882539 1.8887751874171068e-05
leaf_weight=50.619864389300346 38.659723844379187 235.64877390861511 274.0380091201514 174.51345263421535 89.608151614665985 11.217774473130701 132.4321206510067 343.53354019019753 5.5230320058763018 1721.8362989351153 520.09828953072429 558.49648725241423 516.97411642596126 71.479314852505922 162.95047296956182 28.358531920239329 12.340080447494982 33.842894151806831 19.401095762848854 7.567278027534484 2069.7770059537143 260.86178743466735 755.03973594307899 1076.2918467968702 419.62332232296467 12.716378673911093 297.5055386684835 81.750836402177811 69.343260824680328 161.72872545942664
leaf_count=1594 224 1262 12637 4537 3227 189 1544 18189 103 8041 8709 3373 2756 438 1172 407 70 143 86 36 13935 1434 6412 7614 2135 64 1672 367 462 1080
internal_value=6.02875e-05 0.00250251 -0.0237808 -0.0140621 0.00300585 0.0136458 0.00784398 -0.0358899 -0.0125744 -0.000302779 -0.00180205 0.00542234 -0.00207561 -0.0011268 -0.0064634 0.000771821 0.00199007 -0.000435251 0.00163799 -2.78719e-05 0.00224832 0.0105968 0.0141276 0.00727104 0.00279139 -0.00228171 -0.00705741 -0.00796327 0.00123618 0.00730806
internal_weight=10213.8 9264.72 949.054 549.377 275.339 185.731 3190.25 399.676 56.1429 6074.48 4352.64 2302.78 4313.98 3715.25 974.932 2740.32 2371.34 454.834 420.991 401.59 2359 289.22 887.472 1744.28 667.988 432.34 368.985 598.725 394.022 231.072
internal_count=103912 63436 40476 20590 7953 4726 22404 19886 1697 41032 32991 14448 32767 29644 11688 17956 15846 2979 2836 2750 15776 1841 7956 11075 3461 2199 2110 3123 2714 1542
cat_boundaries=0 1 2
cat_threshold=36 8
is_linear=0
shrinkage=0.05


Tree=68
num_leaves=31
num_cat=3
split_feature=18 21 19 20 10 32 31 32 31 31 23 24 31 29 19 5 29 23 31 10 3 12 23 12 18 5 10 29 21 32
split_gain=217.735 45.6186 39.8125 21.5179 20.1785 18.6056 17.3591 16.6347 25.7577 15.5521 12.5377 14.101 11.9382 14.3977 11.3499 13.5823 13.0511 11.6226 10.0675 13.6447 11.6968 10.0443 11.4386 9.98845 9.93794 9.90714 11.2472 9.77941 9.43059 8.88335
threshold=0.10960961133241655 67.500000000000014 4.5000000000000009 -1.0000000180025095e-35 87.90000152587892 0 4.1499998569488534 1 5.1499998569488534 4.7500000000000009 1.1000000238418581 0.83333334326744091 4.4500000476837167 1.1000000238418581 17.500000000000004 0.70733332633972179 0.77500000596046459 2.1000000238418584 7.2500000000000009 12.633333683013918 8.0166668891906756 0.44499999284744268 1.2250000238418581 3.8633332252502446 3.9607692956924443 0.0112166665494442 41.100000381469734 2.4500000476837163 89.500000000000014 2
decision_type=2 2 2 2 2 9 2 9 2 2 10 10 2 10 2 10 10 10 2 2 2 2 10 2 2 8 2 10 2 9
left_child=2 7 9 28 10 6 -4 18 23 -1 12 -12 13 -5 16 -16 17 -8 20 -20 25 -10 24 -9 -23 26 29 -11 -3 -2
right_child=1 3 5 4 -6 -7 14 8 21 27 11 -13 -14 -15 15 -17 -18 -19 19 -21 -22 22 -24 -25 -26 -27 -28 -29 -30 -31
leaf_value=-0.015422477675127097 -0.0029619762537732098 -0.068129172898430179 -0.031588275439945558 -0.017078801703614536 0.012123626293340503 -0.041815746166539533 0.094421242429369889 -0.029117859744211452 -0.019297885230886366 0.0042651020761076998 -0.0043774938702679954 0.0046074707975335086 0.011474786676537875 0.0072993204625494334 -0.026195188965973254 0.13158750829838756 -0.0029395455788856534 -0.051960996868690039 0.052627469564747648 0.0070561939305045993 0.036725243163774554 0.0054983198071703789 -0.0080142827960691405 0.014994914779041597 0.056909114857595935 0.00052556232073790784 0.0083647282083323515 0.051981599306087513 -0.015287943811260857 -0.016143498571508447
leaf_weight=145.55313787795603 294.30222444236279 11.150789260864256 199.9582942398265 88.535907380282879 1108.292868591845 258.50301194190979 6.4704010616987926 152.38534778915346 80.052905851975083 58.079316236078739 606.26487008482218 1561.0607897564769 863.49445986747742 191.72066237777472 72.975525895133615 1.3899155110120762 70.805017804726958 1.7155530154705045 18.197141444310546 168.72766713052988 21.124736875295639 225.1591871380806 231.55605810135603 14.012431383132933 9.8095300421118719 3305.1401916798204 109.23487158864737 13.17330417409539 34.780604086816311 240.16197636350989
leaf_count=4706 3867 48 10703 444 10665 15744 227 1935 1183 1321 3310 8391 4557 962 3061 7 2523 70 172 793 91 1227 1241 62 44 21169 490 266 207 4343
internal_value=9.95471e-05 0.00227989 -0.0244639 0.00593006 0.00628391 -0.030988 -0.0212801 -0.00106705 -0.0080658 -0.00605291 0.00432922 0.00209411 0.00856459 -0.000401977 -0.00922717 -0.0232462 0.00397092 0.0637435 0.000152394 0.0114926 -0.000381172 -0.00293528 -0.000127553 -0.0254031 0.00764463 -0.000579676 -0.00625464 0.013087 -0.0281162 -0.00924258
internal_weight=10163.8 9335.17 828.623 4465.3 4419.37 611.818 353.315 4869.86 712.975 216.806 3311.08 2167.33 1143.75 280.257 153.356 74.3654 78.991 8.18595 4156.89 186.925 3969.96 546.578 466.525 166.398 234.969 3948.84 643.699 71.2526 45.9314 534.464
internal_count=103829 65201 38628 28584 28329 32335 16591 36617 5692 6293 17664 11701 5963 1406 5888 3068 2820 297 30925 965 29960 3695 2512 1997 1271 29869 8700 1587 255 8210
cat_boundaries=0 1 2 3
cat_threshold=10 42 10
is_linear=0
shrinkage=0.05


Tree=69
num_leaves=31
num_cat=0
split_feature=18 14 1 21 9 24 19 9 20 27 19 31 14 18 31 18 9 18 14 22 31 19 19 2 4 10 1 19 1 30
split_gain=201.564 35.8381 35.0805 18.66 17.5583 15.7111 14.3071 13.3108 13.1156 17.6333 12.9391 16.4692 11.5004 10.8758 11.4274 10.2891 11.8333 10.2473 10.1474 10.8017 10.1371 9.97945 15.6135 17.8405 11.5997 11.6554 9.95926 9.77385 15.047 9.66823
threshold=0.28801843523979193 1.0000000180025095e-35 82.833332061767592 1.0000000180025095e-35 0.36666667461395269 1.8333333134651186 18.500000000000004 -1.0000000180025095e-35 -1.0000000180025095e-35 1.4499999880790713 1.5000000000000002 5.9500000476837167 1.4175599813461306 2.1883445978164677 4.5499999523162851 5.5735931396484384 5.6333332061767587 0.040833333507180221 0.54236000776290905 0.58333334326744091 7.4500000476837167 11.500000000000002 20.500000000000004 14.583333492279055 0.13667833805084231 86.450000762939467 40.416666030883796 15.500000000000002 33.416666030883796 1.0000000180025095e-35
decision_type=2 8 2 2 2 8 2 2 2 10 2 2 8 2 2 2 2 2 8 10 2 2 2 2 10 2 2 2 2 2
left_child=1 10 3 13 -5 7 26 -3 9 -4 11 -1 -10 18 -15 -6 -17 -12 19 -2 -21 -14 23 29 -25 -26 27 28 -7 -23
right_child=2 5 8 4 15 6 -8 -9 12 -11 17 -13 21 14 -16 16 -18 -19 -20 20 -22 22 -24 24 25 -27 -28 -29 -30 -31
leaf_value=-0.010343826752011859 0.011037340978360601 0.056341133783727342 -0.059115173462839316 0.016778243413458866 0.0011895804263622727 0.0030144686120460464 -0.018241476616290282 -0.019036009628830938 0.01327721995667145 0.022854909955760051 -0.036011793190693565 0.12054180799744946 0.012060390294767123 -0.014587545873445726 0.0056385772237684869 0.05506079333974169 0.0085494842647289744 -0.019052203160763739 -0.0027067780351128822 -0.014566367632225472 0.050766743675505446 -0.034609952957512187 0.0072262400594762834 0.0094037478732387977 -0.090389668820252622 -0.0049984195217470705 -0.021286904529155562 0.041131345229740809 0.12350578607649179 -0.007834701812178475
leaf_weight=35.134961396455765 48.390010956674814 5.938698952086269 16.474439889192585 195.28056938201189 4684.0164654552937 112.76230371370912 91.789140541106462 425.09908778034151 751.19875016063452 10.902919769287108 359.54245840292424 2.579890262335538 396.75116585195065 82.971885897219181 441.00355222076178 18.163308039307594 55.341458007693291 118.39653530530632 877.05160439386964 473.98191723413765 6.0125919785350552 62.659941501915455 585.15544402599335 139.67730075865984 5.9624060243368175 12.117813646793364 27.248426832258701 23.545016102492809 2.6520085036754599 72.984992280602455
leaf_count=1062 694 58 107 1089 22871 2544 1966 12692 6237 72 21584 48 3366 661 2613 102 328 3945 7486 6622 83 466 4752 1235 43 119 140 441 13 538
internal_value=-0.000417799 -0.0196167 0.00217044 0.00045903 0.00208401 -0.0121563 -0.00239735 -0.0179975 0.00790506 -0.0264709 -0.0295856 -0.00139057 0.00836946 -0.00371231 0.00243576 0.00148086 0.0200426 -0.0318105 -0.00600443 -0.0114781 -0.013748 0.00547864 0.00250636 -0.00690687 0.00452581 -0.0331583 0.00635265 0.0117725 0.00578314 -0.0202033
internal_weight=10140.8 1204.69 8936.1 6882.21 4952.8 689.035 257.997 431.038 2053.89 27.3774 515.654 37.7149 2026.51 1929.41 523.975 4757.52 73.5048 477.939 1405.44 528.385 479.995 1275.31 878.558 293.402 157.758 18.0802 166.208 138.959 115.414 135.645
internal_count=103977 44493 59484 42549 24390 17854 5104 12750 16935 179 26639 1110 16756 18159 3274 23301 430 25529 14885 7399 6705 10519 7153 2401 1397 162 3138 2998 2557 1004
is_linear=0
shrinkage=0.05


Tree=70
num_leaves=31
num_cat=4
split_feature=18 21 32 31 20 19 32 31 19 31 18 31 18 19 4 19 32 19 13 21 18 31 21 32 20 21 5 13 4 12
split_gain=181.391 44.7107 33.4987 55.6315 19.5934 17.7264 17.513 29.7162 17.2306 16.0363 15.6865 22.5616 20.8207 14.4412 15.7073 12.7865 10.7014 13.7898 10.515 10.2538 10.1054 14.0458 13.4072 15.1983 10.2768 10.1805 10.0887 9.97844 14.896 9.86534
threshold=0.10960961133241655 66.500000000000014 0 4.0499999523162851 -1.0000000180025095e-35 3.5000000000000004 1 5.1499998569488534 7.5000000000000009 5.2500000000000009 1.8591269850730898 5.8500001430511483 5.4316768646240243 6.5000000000000009 0.31025166809558874 27.500000000000004 2 36.500000000000007 0.27802199125289923 17.500000000000004 1.8956443071365359 4.1499998569488534 6.5000000000000009 3 1.5000000000000002 65.500000000000014 1.1335333585739138 0.060001999139785774 0.066780000925064101 0.3900000005960465
decision_type=2 2 9 2 2 2 9 2 2 2 2 2 2 2 10 2 9 2 10 2 2 2 2 9 2 2 10 10 10 2
left_child=2 6 5 -4 -3 9 7 -2 19 -1 13 16 26 -6 -15 -16 17 -12 -18 -5 22 -22 27 -24 -25 -23 -13 28 -8 -9
right_child=1 4 3 8 10 -7 20 29 -10 -11 11 12 -14 14 15 -17 18 -19 -20 -21 21 25 23 24 -26 -27 -28 -29 -30 -31
leaf_value=-0.02986365841453802 -0.027618929343133581 -0.026503847151484124 -0.030474968019307366 0.028042115696709231 0.013225074203730173 -0.042184639800934835 -0.0042725937390487839 -0.020070476296682703 -0.0077833767699023188 0.021280886732501187 0.025560214935302514 -0.0047021378739738919 0.01951193482289797 0.0012066514442118416 -0.0073816637111561272 -0.065563508355184791 0.0085673193052972878 -0.056943520023546149 0.021628910414006514 -0.012176855415797098 -0.043674639924840802 0.0046639968837785825 0.010852914720018893 0.0011240369775006333 -0.012845799147257501 -0.027887662693114903 0.011303418094646673 -0.018119369747335388 0.044282663993508498 -0.00036182294525446967
leaf_weight=49.722194822505116 160.38327869586647 47.02419788390398 237.56514250673354 78.22392931394279 255.6458838135004 257.23196345753968 1362.89343961142 73.645351702347398 131.76397783495486 22.156095189973712 196.15174356848001 581.59098836034536 134.11917641013861 1453.6191191077232 23.40807106345892 15.828568473458288 1516.2640096396208 5.1988824903964987 171.51374182850122 19.873831689357758 15.59548085182905 1288.5708988830447 341.91493140161037 708.63203963264823 161.68533594161272 24.475606858730316 118.51645019650459 131.61214263364673 15.980807106941937 460.67464344576001
leaf_count=1909 1974 261 12433 2056 1385 16499 16615 1134 5311 488 2206 3658 1149 7282 116 76 10679 52 1205 103 88 6435 1596 3759 711 103 869 966 126 2508
internal_value=7.45025e-05 0.00204297 -0.0228218 -0.0132246 0.00560261 -0.0349875 -0.00134627 -0.00861979 0.00402849 -0.0140986 0.00594023 0.00831308 0.00146464 0.00224442 0.00036403 -0.030853 0.0113373 0.0223214 0.00983637 0.0198941 -7.75839e-05 0.00349695 -0.00182218 0.00209436 -0.00145453 0.00405722 -0.00199267 -0.00496538 -0.00370985 -0.00307827
internal_weight=10061.5 9264.94 796.537 467.427 4518.88 329.11 4746.06 694.703 229.862 71.8783 4471.86 2723.35 834.227 1748.5 1492.86 39.2366 1889.13 201.351 1687.78 98.0978 4051.36 1328.64 2722.72 1212.23 870.317 1313.05 700.107 1510.49 1378.87 534.32
internal_count=103752 64953 38799 19903 28938 18896 36015 5616 7470 2397 28677 19818 5676 8859 7474 192 14142 2258 11884 2159 30399 6626 23773 6066 4470 6538 4527 17707 16741 3642
cat_boundaries=0 1 2 3 4
cat_threshold=36 5 8 10
is_linear=0
shrinkage=0.05


Tree=71
num_leaves=31
num_cat=3
split_feature=3 18 32 10 20 25 32 32 10 22 18 1 3 22 20 15 11 9 14 27 10 22 3 22 14 28 10 5 4 9
split_gain=166.844 43.923 33.6475 26.4678 13.0309 11.9803 10.4628 9.94135 18.2265 13.6669 18.6363 12.0239 15.0888 16.2589 11.1146 13.0576 11.0229 12.448 10.3645 10.1782 10.0537 9.88046 9.84159 9.80577 9.70021 10.4442 9.58364 9.50495 10.0707 9.481
threshold=1.0000000180025095e-35 0.37668919563293463 0 81.90000152587892 1.0000000180025095e-35 2.1000000238418584 1 2 30.899999618530277 1.5833333134651186 1.5303308963775637 23.166666984558109 1.4833333492279055 3.4166666269302373 6.5000000000000009 0.22500000149011615 9.6333336830139178 1.2250000238418581 0.41231000423431402 2.7083333730697636 7.4500000476837167 2.8333333730697636 0.18333333730697635 2.8333333730697636 1.0000000180025095e-35 1.1666666865348818 15.900000095367433 0.39683334529399877 0.0044050000142306098 1.6333333253860476
decision_type=2 2 9 2 2 8 9 9 2 10 2 2 2 10 2 2 2 2 10 10 2 10 2 10 8 10 2 8 10 2
left_child=1 2 -1 7 -5 -4 -3 8 9 10 -2 12 13 27 15 -11 17 19 20 23 22 -6 -12 -10 -7 -26 -27 -9 -29 -22
right_child=3 6 5 4 21 24 -8 11 16 14 18 -13 -14 -15 -16 -17 -18 -19 -20 -21 29 -23 -24 -25 25 26 -28 28 -30 -31
leaf_value=-0.034662747963465489 -0.0056430007547630433 -0.0032342892694711221 -0.017672404319675001 -0.0084162251872305482 0.0077773397726997422 -0.011946821111545927 -0.023027848064808669 0.0039589750448232692 0.0050175776562135206 -0.011303282339633994 0.028997999663012915 0.0016901824437982162 0.050258405396942686 -0.052964086662708382 0.016897143153486161 -0.048510962642132283 0.0048407528302655267 -0.0038829957763233621 -0.0093198503337349227 0.035414077534648619 0.030748029527994315 0.023499741286121117 -0.041518750768986729 -0.038492527609846665 -0.017587663264281791 0.053352222427138066 -0.030040291617001686 0.016212477609976711 0.060303068010449136 0.0025057394525134272
leaf_weight=380.54985752515495 626.50844116508961 530.07384855486453 390.38211727701128 117.32308013737202 1442.6487779170275 46.883409106172621 68.456647103652358 211.06183270365 454.16415564715862 530.18351507373154 7.9750801995396641 2034.7270437777042 23.38809934258461 10.344286002218722 33.029756210744381 24.677131876349449 1325.9123638495803 1242.563049800694 46.136141955852509 26.884480141103268 99.446857638657093 107.36280895769596 13.035168297588823 13.329203866422175 11.366804234683512 21.516689876094464 4.1020244471728793 124.27468782290816 14.457844905555246 42.380140990018845
leaf_count=21519 4689 7419 18003 851 12544 2372 1381 1556 2247 3846 52 10378 126 80 148 122 6688 5788 232 131 513 966 78 65 336 574 52 782 82 203
internal_value=-0.000659602 -0.0163247 -0.0235983 0.00199639 0.00765026 -0.0137001 -0.00593695 0.000631054 -0.000763257 -0.00544 -0.00133016 0.0032076 0.0113416 0.00881429 -0.0112807 -0.0129581 0.00140763 -0.00121308 0.0115999 0.00549745 0.017527 0.00886636 -0.014752 0.00377701 0.00315628 0.0223012 0.0399996 0.0106412 0.0208073 0.0223088
internal_weight=10025.1 1453.33 854.801 8571.81 1667.33 474.251 598.53 6904.48 4486.23 1423.37 835.482 2418.25 383.527 360.139 587.89 554.861 3062.85 1736.94 208.973 494.378 162.837 1550.01 21.0102 467.493 83.8689 36.9855 25.6187 349.794 138.733 141.827
internal_count=103823 51656 42856 52167 14361 21337 8800 37806 24802 9883 5767 13004 2626 2500 4116 3968 14919 8231 1078 2443 846 13510 130 2312 3334 962 626 2420 864 716
cat_boundaries=0 1 2 3
cat_threshold=36 42 36
is_linear=0
shrinkage=0.05


Tree=72
num_leaves=31
num_cat=5
split_feature=18 21 19 10 32 9 18 20 31 32 18 19 32 10 22 24 3 32 31 19 25 5 19 3 31 32 18 20 18 9
split_gain=152.847 34.4394 30.332 23.2533 18.319 16.5677 14.3831 14.1489 13.9661 13.9018 12.6836 12.5202 11.9783 11.7681 11.5399 17.7181 11.5264 11.037 21.0683 12.6122 10.7539 10.4077 10.6859 10.3525 10.2595 11.1695 11.7915 10.8822 9.93986 9.73249
threshold=0.10960961133241655 1.0000000180025095e-35 3.5000000000000004 1.0000000180025095e-35 0 0.36666667461395269 0.6711711883544923 -1.4999999999999998 5.4500000476837167 1 1.2880184054374697 34.500000000000007 2 30.899999618530277 0.58333334326744091 2.8333333730697636 2.4416667222976689 3 4.0499999523162851 17.500000000000004 0.77500000596046459 1.1406833529472353 32.500000000000007 4.0833332538604745 7.2500000000000009 4 0.49324324727058416 3.5000000000000004 0.40270270407199865 8.5500001907348651
decision_type=2 2 2 2 9 2 2 2 2 9 2 2 9 2 10 10 2 9 2 2 10 8 2 2 2 9 2 2 2 2
left_child=2 6 8 17 10 -6 9 -7 12 -2 -3 -12 23 24 15 -8 -13 -4 -19 -20 -10 -11 -23 -1 25 -9 -27 -26 -24 -15
right_child=1 4 3 -5 5 7 14 13 20 21 11 16 -14 29 -16 -17 -18 18 19 -21 -22 22 28 -25 27 26 -28 -29 -30 -31
leaf_value=0.0086761263064254971 -0.0026695333274179712 -0.0042301776595162488 -0.042077328490902191 -0.00752403930730783 0.014655952852855474 -0.038202233688936223 0.0048868961414435044 -0.00606672610050904 -0.018415160764435893 -0.027739813200985081 0.023541275308555553 -0.061648968821016906 -0.022387615550294931 0.002738208660545203 -0.0034420384474966657 0.058206300566567649 0.022958203694795034 -0.034964282271470012 0.0095025137569151909 -0.02474304309929308 0.056353335357715639 -0.013553231589599583 -0.0081143156329032979 -0.09291559904993596 0.0040285264927043549 -0.013039533645098342 0.0099971575592129915 0.0477093311859208 0.078939249464652528 0.027419185130513238
leaf_weight=76.980839027091861 272.21403676457703 66.67267370223999 211.46900814771652 116.33133985474706 257.31325222551823 22.116112522780895 138.30506947822869 944.999481651932 6.9869511816650656 162.02996645867825 221.78390718251467 8.5975242331624049 71.441092431545258 5181.5989148467779 1413.2827813923359 17.558785090222955 7.569753684103488 155.20081428531557 58.538257122039795 49.72287667915225 15.429205017164348 117.78953626938164 6.7778193205594999 2.5920940190553656 51.420840322971344 71.684465762227774 246.77033577114344 19.729427486658096 6.3521580658853054 40.253171548247337
leaf_count=1727 3613 361 15943 1435 1591 116 1111 5531 142 4044 2394 80 2783 30091 11322 140 86 10746 2825 2934 289 2224 203 15 240 380 1191 87 103 348
internal_value=-0.00067998 0.00109149 -0.0221658 -0.027559 0.00275724 0.00220647 -0.00448141 0.00172288 -0.00377905 -0.0113207 0.014566 0.0204447 -0.00924565 0.00185756 -0.00201808 0.0108936 -0.0220347 -0.0324665 -0.0223085 -0.00622601 0.0330485 -0.0186324 -0.00878396 0.00476762 -0.00233254 -0.00337286 0.00466509 0.0161409 0.0340014 0.00292846
internal_weight=10039.5 9274.82 764.692 591.262 7140.51 6835.89 2134.31 6578.57 173.43 565.164 304.624 237.951 151.014 6556.46 1569.15 155.864 16.1673 474.931 263.462 108.261 22.4162 292.949 130.92 79.5729 1334.6 1263.45 318.455 71.1503 13.13 5221.85
internal_count=104095 65256 38839 33883 42496 39575 22760 37984 4956 10187 2921 2560 4525 37868 12573 1251 166 32448 16505 5759 431 6574 2530 1742 7429 7102 1571 327 306 30439
cat_boundaries=0 1 2 3 4 5
cat_threshold=8 2 2 36 36
is_linear=0
shrinkage=0.05


Tree=73
num_leaves=31
num_cat=3
split_feature=10 32 31 10 31 32 31 22 19 31 24 14 18 32 18 3 9 13 4 18 18 19 1 12 3 19 12 22 31 26
split_gain=145.726 38.9965 47.0421 30.963 16.0924 16.1238 15.5675 14.9098 14.616 13.8467 12.216 11.5653 11.4521 10.404 14.3736 14.0763 14.7017 13.2912 11.2195 10.5386 11.7078 11.6904 12.4657 11.7539 10.5759 10.2188 10.492 12.1371 10.2176 9.99644
threshold=0.63333335518836986 0 4.0499999523162851 69.224998474121108 4.3500001430511483 1 4.6499998569488534 2.1666666269302373 3.5000000000000004 5.0499999523162851 2.8333333730697636 1.6804800033569338 2.7379863262176518 2 2.5322916507720952 1.7416666746139529 0.90000000596046459 0.0080079999752342718 0.076593335717916503 0.040833333507180221 0.64785373210906994 6.5000000000000009 27.833333015441898 0.44499999284744268 0.11666667088866235 33.500000000000007 2.7633333206176762 1.1666666865348818 5.6499998569488534 0.83333334326744091
decision_type=2 9 2 2 2 9 2 10 2 2 10 8 2 9 2 2 2 10 10 2 2 2 2 2 2 2 2 8 2 8
left_child=1 6 -3 7 -5 25 -1 13 -4 -10 12 -7 -8 14 -2 17 -17 19 -16 -15 21 22 24 -23 -21 -6 27 -27 29 -26
right_child=3 2 8 4 5 11 10 -9 9 -11 -12 -13 -14 15 18 16 -18 -19 -20 20 -22 23 -24 -25 28 26 -28 -29 -30 -31
leaf_value=-0.040039296243331877 0.0057268805554786849 -0.027834162932347969 0.027491678722321378 -0.0067989715749325668 0.023781162047447461 0.0090651028379233316 -0.026058108507298273 -0.0059845531483110614 -0.0057278706764327201 0.029876484322416519 0.020157794092361139 0.0023368278863635478 0.058819454403477869 0.056077726206930391 -0.014975087745275431 0.017922767800260739 0.00094145016767585652 -0.0099091898712648091 0.02014104115110248 -0.0079421773677131099 0.0022453097034906915 -0.0233529264634115 -0.052267328868934641 -0.00086058555518176761 0.072035525847132298 -0.088656752826423033 0.042779202385556131 0.0015733918500464841 0.096179905079182448 -0.00032824820243045451
leaf_weight=210.03637936804444 1408.6708898842335 216.29437651671469 47.618812251836061 233.96851346641779 204.37858381867409 1263.2392360195518 202.62417565751821 1003.1671944968402 280.19804933574051 30.255964341573417 16.624610709026456 1291.8283522576094 4.0536050237715235 8.1150623820722085 146.56720094382763 138.97479536756873 1538.0108200013638 624.27183834835887 26.924109868705273 19.097741791978478 736.28122607991099 143.42234087176621 6.6893218234181395 97.616283934563398 7.1751859933137956 6.1665803417563447 6.1991369724273673 9.4204667285084724 6.3358086496591559 14.251900997012852
leaf_count=13318 8180 12664 1033 1508 2254 8693 9698 6017 8764 511 647 9018 104 93 752 715 7241 4207 140 315 4675 1810 42 767 68 56 71 87 54 140
internal_value=-0.000361482 -0.0183867 -0.00926172 0.00167013 0.005795 0.00685446 -0.029585 -0.000428799 0.00169833 -0.00225797 -0.0210766 0.00564124 -0.0243934 0.000703443 0.00402893 -0.000881155 0.00234872 -0.00414299 -0.00952542 -0.000678381 -0.00112517 -0.00954919 0.0115828 -0.0142439 0.0206973 0.0194511 -0.0122414 -0.0341236 0.0403981 0.0239039
internal_weight=9948.48 1007.71 574.367 8940.77 3015.2 2781.23 433.339 5925.57 358.073 310.454 223.302 2555.07 206.678 4922.4 1582.16 3340.24 1676.99 1663.26 173.491 1038.98 1030.87 294.589 53.55 241.039 46.8606 226.165 21.7862 15.587 27.7629 21.4271
internal_count=103642 46739 22972 56903 21687 20179 23767 35216 10308 9275 10449 17711 9802 29199 9072 20127 7956 12171 892 7964 7871 3196 619 2577 577 2468 214 143 262 208
cat_boundaries=0 1 2 3
cat_threshold=37 8 2
is_linear=0
shrinkage=0.05


Tree=74
num_leaves=31
num_cat=1
split_feature=18 21 32 31 21 31 19 18 13 5 19 14 31 23 31 2 31 5 19 13 25 8 4 31 22 31 13 31 23 2
split_gain=143.47 35.8397 34.0777 43.8958 28.5538 14.3141 12.502 14.5938 12.9092 11.8928 11.7397 10.4552 10.4166 10.5862 10.3167 17.0505 9.81215 9.24738 9.10351 8.78287 8.57136 10.0372 9.15778 8.49778 10.6846 9.35039 8.98548 8.18117 10.5712 8.1653
threshold=0.28801843523979193 89.500000000000014 0 4.0499999523162851 9.5000000000000018 5.1499998569488534 11.500000000000002 1.5067567825317385 0.070039998739957823 0.53481665253639232 1.5000000000000002 0.10244999825954439 4.0499999523162851 1.1000000238418581 4.8500001430511483 2.5833333730697636 6.3500001430511483 0.20126666873693469 2.5000000000000004 0.6069999933242799 0.70833334326744091 0.41666667163372045 0.096673332154750838 4.3500001430511483 1.5833333134651186 4.8500001430511483 0.28406600654125219 5.0499999523162851 1.8999999761581423 1.0000000180025095e-35
decision_type=2 2 9 2 2 2 2 2 8 10 2 10 2 10 2 2 2 10 2 10 10 2 10 2 10 2 10 2 10 2
left_child=2 29 4 11 10 18 19 27 -9 14 16 -4 -10 -14 15 -6 -1 -13 -5 20 21 22 -3 24 -15 -25 -27 -8 -29 -2
right_child=1 6 3 5 9 -7 7 8 12 -11 -12 17 13 23 -16 -17 -18 -19 -20 -21 -22 -23 -24 25 -26 26 -28 28 -30 -31
leaf_value=-0.015568372678116952 -0.0056877949786703613 -0.011617277670216898 -0.02956378584955113 0.020446617978967008 -0.038544879754930275 0.041131553672332712 3.2749197248839367e-05 0.015096885336720586 -0.05366043768346223 -0.052392395126416497 -0.037015052668115105 0.04013360169917124 0.01132040257470655 -0.071884847537508942 0.028226370644729361 0.034176862680634287 0.068213618458863756 -0.01469367450881034 -0.0042224123071105601 0.050102212428237605 0.012068321004975846 0.0085843345770848286 -0.073538849673724954 0.012097098575290342 -0.0014206911339554543 -0.0037901572581927122 0.010948793940868668 -0.0064667989574891602 -0.043698727179313397 4.4451011401378253e-06
leaf_weight=23.441313683986667 720.42594876512885 28.507023297250271 230.55824237316847 42.168334551155567 21.77958520129323 20.858710452914238 508.43598747998476 341.1382175013423 7.7554026991128913 9.6493184715509397 339.93629904463887 9.4391105733811838 385.86187038570642 8.8253365680575389 30.60564748197794 12.795734129846094 4.1069002859294406 41.519399013370275 330.56278081331402 14.098556682467459 783.55910757929087 62.037859506905079 7.5530207604169837 183.02313284575939 13.779420077800749 499.82649756968021 130.38030885905027 80.790697336196899 24.953343793749809 5019.7084889430553
leaf_count=835 10101 187 12736 734 164 316 2679 2789 46 51 20588 127 2936 59 205 69 69 256 8189 139 5965 597 51 1440 93 3678 1128 393 112 26988
internal_value=-0.0005134 0.00162485 -0.0173922 -0.00981313 -0.028103 0.000824154 0.00597546 0.00393588 0.00649134 -0.000585832 -0.034471 -0.0250338 0.00410354 0.00447023 0.00708355 -0.0116318 -0.00307812 -0.00453795 -0.00143152 0.01095 0.0103239 -0.00360926 -0.0245872 0.00130786 -0.0289313 0.00214839 -0.00074089 -0.00259897 -0.0152527 -0.00070997
internal_weight=9938.08 8820.66 1117.42 675.107 442.315 393.59 3080.53 2184.77 1570.59 74.8303 367.485 281.517 1229.45 1221.7 65.181 34.5753 27.5482 50.9585 372.731 895.756 881.657 98.0979 36.06 835.835 22.6048 813.23 630.207 614.18 105.744 5740.13
internal_count=103720 59381 44339 22358 21981 9239 22292 15353 12169 489 21492 13119 9380 9334 438 233 904 383 8923 6939 6800 835 238 6398 152 6246 4806 3184 505 37089
cat_boundaries=0 1
cat_threshold=36
is_linear=0
shrinkage=0.05


Tree=75
num_leaves=31
num_cat=4
split_feature=18 32 31 18 19 32 10 32 19 2 30 31 18 31 12 10 24 32 18 27 0 18 31 31 5 11 5 5 31 19
split_gain=123.094 28.8392 39.1101 26.7982 16.7947 16.6413 18.866 14.6037 14.032 12.6659 10.4469 10.0259 12.8854 10.9474 9.99854 9.9539 9.77267 11.7795 13.7988 9.73441 9.67476 10.6558 9.62077 9.299 9.1974 9.08913 8.95985 10.9496 9.1466 8.50842
threshold=0.10960961133241655 0 4.0499999523162851 2.1883445978164677 17.500000000000004 1 4.7750000953674325 2 1.5000000000000002 19.166666984558109 1.0000000180025095e-35 5.8500001430511483 5.1633331775665292 4.1499998569488534 3.2100000381469731 1.6333333253860476 0.58333334326744091 3 0.78474903106689464 1.1000000238418581 0.83333334326744091 2.3380951881408696 7.2500000000000009 6.8500001430511483 0.72003334760665905 0.22500000149011615 1.1636166572570803 0.93689998984336864 4.7500000000000009 19.500000000000004
decision_type=2 9 2 2 2 9 2 9 2 2 2 2 2 2 2 2 10 9 2 8 2 2 2 2 10 2 10 10 2 2
left_child=1 2 -1 5 -4 6 -2 10 -3 19 -5 13 20 14 -9 -10 26 -18 23 -8 -13 -22 -20 25 -6 -19 27 28 -7 -17
right_child=3 8 4 7 24 16 9 11 15 -11 -12 12 -14 -15 -16 29 17 18 22 -21 21 -23 -24 -25 -26 -27 -28 -29 -30 -31
leaf_value=-0.026791461639398606 -0.032512907071298225 -0.0010078917582077391 0.012179527828437125 0.0069587448498130951 -0.019392988715478083 -0.015948794989085007 0.0023194566347360516 -0.04807559700337824 -0.040313003319964971 0.041365107429507192 0.028644993443697243 0.012076401799510927 0.012303396356869611 0.006649303600447758 0.040047768896655872 0.019896348268048411 0.003598512957497948 -0.025627132667551629 5.3788647817797433e-05 -0.012052659076022565 -0.023439048102953768 -0.0018012047735571836 0.020897059898746725 0.050576748902515324 0.12242139774807187 -0.0064688456638027818 -0.057372482841706721 0.051343910738754842 -0.00081560160473481105 -0.041886121380933353
leaf_weight=210.51452911738306 72.489222948439419 29.993081003427505 157.56785932183266 109.9879205673933 70.054072859697044 168.29581888113171 190.12060499191284 16.07773770950735 229.90424903295934 14.160957604646681 112.17006701976061 116.77146768569946 199.71155505627394 2005.9823991842568 4.0245232060551634 13.41064020432532 2248.197907846421 70.573897225782275 1759.3619000390172 309.79742517322302 60.710591055452824 906.0336788892746 57.161509372293949 6.6656171288341275 1.1622800230979908 504.19012924097478 8.6055546626448614 8.2095672190189344 245.49998945463449 9.5345635153353197
leaf_count=12289 1769 920 4237 1202 3187 1435 1153 288 17664 70 1213 816 1553 13121 30 184 15688 2403 10267 1893 294 5213 293 56 6 4596 48 46 1735 148
internal_value=-1.90427e-05 -0.0198965 -0.0109886 0.00154209 0.00307203 -0.000589449 -0.0084885 0.00496039 -0.0322047 -0.00526599 0.017137 0.00407885 0.000633059 0.00628138 -0.0304331 -0.0371789 0.000339259 0.00100778 -0.00143021 -0.00658689 -0.001518 -0.00316004 0.000709675 -0.0081403 -0.0170785 -0.00882125 -0.00686596 -0.00583603 -0.00697046 -0.00577651
internal_weight=9916.94 722.141 439.299 9194.8 228.784 5663.33 586.568 3531.47 282.843 514.079 222.158 3309.31 1283.23 2026.08 20.1023 252.849 5076.76 4646.15 2397.95 499.918 1083.52 966.744 1816.52 581.43 71.2164 574.764 430.611 422.005 413.796 22.9452
internal_count=103817 38635 19719 65182 7430 41452 4885 23730 18916 3116 2415 21315 7876 13439 318 17996 36567 33303 17615 3046 6323 5507 10560 7055 3193 6999 3264 3216 3170 332
cat_boundaries=0 1 2 3 4
cat_threshold=10 4 8 10
is_linear=0
shrinkage=0.05


Tree=76
num_leaves=31
num_cat=2
split_feature=10 32 31 2 19 32 9 2 10 31 31 13 24 23 22 2 22 5 10 19 19 28 10 23 12 19 31 22 31 31
split_gain=105.768 42.0836 42.7115 24.9778 15.6405 14.3369 11.9315 12.5871 15.8998 12.33 10.682 10.3858 9.66028 10.9177 9.42437 8.77624 12.0081 8.62614 8.13333 11.841 7.80693 7.65444 7.61146 8.26233 7.93006 7.44972 9.72342 8.27035 10.7518 14.284
threshold=1.0000000180025095e-35 0 4.0499999523162851 12.833333492279055 26.500000000000004 1 1.0000000180025095e-35 1.0000000180025095e-35 17.44999980926514 4.4500000476837167 7.5499999523162851 0.086010999977588667 2.1666666269302373 1.6333333253860476 1.5833333134651186 -0.41666667163372034 0.83333334326744091 1.0000000180025095e-35 34.45000076293946 7.5000000000000009 35.500000000000007 1.1666666865348818 7.0999999046325692 1.2250000238418581 1.610000014305115 2.5000000000000004 4.4500000476837167 3.1666666269302373 5.0499999523162851 5.6499998569488534
decision_type=2 9 2 2 2 9 2 2 2 2 2 10 8 10 10 2 10 8 2 2 2 10 2 10 2 2 2 10 2 2
left_child=1 10 -3 6 12 20 9 8 14 22 17 -9 25 -14 -8 -11 -17 -1 19 -7 -5 -18 23 -2 -24 26 -4 28 -27 -30
right_child=3 2 4 5 -6 18 7 11 -10 15 -12 -13 13 -15 -16 16 21 -19 -20 -21 -22 -23 24 -25 -26 27 -28 -29 29 -31
leaf_value=-0.036961412833693433 0.077038548129332404 -0.025423881973639536 0.10987643387939078 0.021973894554885656 -0.011896612631772895 -0.045373722104284531 -0.0096015709968363498 0.001558278463460825 -0.00061999482782865189 -0.0084875398630364484 0.023198841724742934 -0.0036074432058661211 0.047729412185526093 -0.0097994908381442824 -0.031559464488786014 0.078368580704415727 0.049224961966508982 -0.020888485204816828 0.0054868488950611605 -0.00072434025372567509 -0.023003052126742092 0.007386926507367466 -0.011015195302035111 -0.0038016185095416607 0.042478084339203304 5.6811240915911332e-06 0.019339416922374203 -0.052636069493963211 0.07529498450680927 -0.020750473427290431
leaf_weight=228.31910342909396 6.3408987671136838 195.14457807224244 3.3955248091369894 187.36923471093178 106.13787670619786 18.52495214343071 118.89564517326653 4617.8242946043611 312.21763099357486 12.747414978221057 9.2966777365654689 1232.7662087716162 31.645377237349749 11.153784406371413 82.965539356693625 13.647644098848103 18.743775110691786 131.58728563319892 2178.4076185077429 74.832099840044975 10.171841606497763 26.232168005779386 64.810149788856506 6.3021573983132839 7.75742433220148 136.86661696434021 23.419698694720864 6.5628265505656591 11.184365376830103 5.920237047597765
leaf_count=15115 63 12603 89 2142 3007 85 1770 27547 2437 105 304 6497 781 260 1254 94 140 7515 15030 341 96 203 484 81 41 4826 502 205 191 92
internal_value=0.00013143 -0.0162044 -0.00669019 0.00176788 0.0039819 0.00605073 0.000146163 -0.000189293 -0.00769047 0.0137816 -0.0289343 0.00046982 0.0113046 0.0327369 -0.0186263 0.0291125 0.0372885 -0.0310849 0.00484618 -0.00958417 0.0187107 0.024823 0.00094072 0.0367423 -0.0052968 0.00640849 0.0308038 0.00233356 0.00467657 0.0420518
internal_weight=9891.19 900.634 531.431 8990.56 336.286 2469.31 6521.25 6364.67 514.079 156.582 369.203 5850.59 230.148 42.7992 201.861 71.371 58.6236 359.906 2271.76 93.3571 197.541 44.9759 85.2106 12.6431 72.5676 187.349 26.8152 160.534 153.971 17.1046
internal_count=103900 45490 22556 58410 9953 17694 40716 39505 5461 1211 22934 34044 6946 1041 3024 542 437 22630 15456 426 2238 343 669 144 525 5905 591 5314 5109 283
cat_boundaries=0 1 2
cat_threshold=37 8
is_linear=0
shrinkage=0.05


Tree=77
num_leaves=31
num_cat=4
split_feature=18 19 21 32 13 10 32 31 18 31 18 14 21 20 3 9 9 32 31 24 14 22 18 22 12 2 32 18 4 14
split_gain=99.7083 35.2734 26.7255 25.048 19.9736 19.7929 17.4616 14.7013 12.5148 11.0612 10.5161 19.9239 12.7155 10.4401 13.6467 11.7935 10.0235 9.2027 13.9499 9.05674 9.86369 8.94975 8.69312 8.39756 11.2457 10.9698 9.23973 8.4339 8.26267 8.03946
threshold=1.0000000180025095e-35 4.5000000000000009 1.5000000000000002 0 0.21605000644922259 1.0000000180025095e-35 1 5.2500000000000009 0.506756752729416 4.2500000000000009 1.2535714507102969 0.53401997685432445 89.500000000000014 -1.0000000180025095e-35 2.3833333253860478 1.0000000180025095e-35 8.6333336830139178 2 4.9500000476837167 2.1666666269302373 0.48450000584125524 0.58333334326744091 3.9607692956924443 0.41666667163372045 0.063333334401249899 4.5833332538604745 3 1.1719211935997011 0.12335000187158586 2.170510053634644
decision_type=2 2 2 9 8 2 9 2 2 2 2 8 2 2 2 2 2 9 2 10 8 10 2 10 2 2 9 2 8 10
left_child=1 9 3 4 8 -3 10 -5 -2 -1 11 -4 -12 14 -8 -15 29 -11 -19 20 -6 -21 -9 24 27 -26 -25 -10 -16 -17
right_child=2 5 6 7 19 -7 13 22 23 17 12 -13 -14 15 28 16 -18 18 -20 21 -22 -23 -24 26 25 -27 -28 -29 -30 -31
leaf_value=-0.025924011114028644 -0.015746102315097005 -0.033107432892706144 0.0429000933993198 -0.038118518716394642 0.052082231835519847 0.009324316055179983 0.0038070271374475171 -0.015106927062543594 0.015435388878222914 0.012922814588212001 -0.048125547977341858 -0.019710279405147496 0.021917345286611253 0.030716145846519001 -0.0087819437464094329 0.0016857448825591888 0.029807086759027074 -0.031907435095051014 0.01183014931578948 0.039649340269209105 0.00073225587482195111 0.0085338387161363171 0.022981929490712899 0.00051150931267509095 -0.013923429030524093 0.029959879480160247 -0.010670618470521906 0.10063205834572529 -0.056294227992279511 0.019269059721727207
leaf_weight=43.806357032619417 277.60306057147682 341.57011797465384 17.337599392980337 73.699754637666047 9.4591362252831441 29.888079959899187 41.579028114676476 147.07552139554173 5.8130890317261201 84.271682679653168 6.676796741783618 47.56827250868082 219.31881538778543 35.944774936884642 15.108935400843619 6500.3944880124182 32.245187573134899 38.710543064400554 34.458846500143409 29.319113733246922 824.79555385559797 109.12106682173908 16.679108206182718 381.07831875607371 34.529012564569712 24.237416312098503 354.4683331027627 5.8063023649156094 23.203632883727551 65.664456553757191
leaf_count=1878 7172 27370 83 2056 60 273 206 1785 114 1418 29 267 2572 178 83 37539 294 2061 984 287 8226 1047 87 2994 293 126 3733 96 123 466
internal_value=-0.000311344 -0.0205598 0.000935751 -0.00374871 -0.00191193 -0.0296933 0.0024696 -0.0187827 -0.00659029 -0.00370132 0.014263 -0.00298585 0.019848 0.00193451 -0.0160295 0.00215375 0.00199815 0.00248191 -0.00994958 0.00327988 0.00131448 0.0151235 -0.0112274 -0.00343657 0.0130625 0.00417565 -0.0050154 0.0580088 -0.0375573 0.00186159
internal_weight=9871.43 572.706 9298.73 2293.68 2056.23 371.458 7005.04 237.454 1083.54 201.247 290.901 64.9059 225.996 6714.14 79.8916 6634.25 6598.3 157.441 73.1694 972.695 834.255 138.44 163.755 805.932 70.3858 58.7664 735.547 11.6194 38.3126 6566.06
internal_count=103900 33984 69916 28076 24148 27643 41840 3928 14528 6341 2951 350 2601 38889 412 38477 38299 4463 3045 9620 8286 1334 1872 7356 629 419 6727 210 206 38005
cat_boundaries=0 1 2 3 4
cat_threshold=42 8 10 2
is_linear=0
shrinkage=0.05


Tree=78
num_leaves=31
num_cat=3
split_feature=10 32 31 21 19 14 25 32 19 25 31 23 31 31 10 32 12 1 19 26 0 2 31 22 10 19 1 19 25 10
split_gain=86.4409 41.1191 35.1352 20.8014 20.243 15.6442 15.6397 12.1616 14.6726 9.31898 10.3189 11.7584 9.21797 9.19366 15.6901 11.1074 12.8132 8.59414 9.19884 8.52544 8.5589 8.50611 7.86722 9.93766 7.77684 7.75276 7.93061 7.7007 7.54073 7.51512
threshold=1.0000000180025095e-35 0 4.0499999523162851 87.500000000000014 16.500000000000004 0.78065997362136852 0.77500000596046459 1 34.500000000000007 1.2916666865348818 4.1499998569488534 1.1000000238418581 4.6499998569488534 4.2500000000000009 14.22499990463257 2 0.6225000023841859 16.166666984558109 30.500000000000004 1.0000000180025095e-35 3.5833333730697636 3.1666666269302373 5.1499998569488534 0.83333334326744091 8.9000000953674334 3.5000000000000004 11.416666507720949 1.5000000000000002 2.3666666746139531 72.450000762939467
decision_type=2 9 2 2 2 10 8 9 2 10 2 10 2 2 2 9 2 2 2 8 2 2 2 10 2 2 2 2 10 2
left_child=1 12 -3 13 6 7 -4 8 21 10 -9 -12 -1 14 17 -15 -17 18 -2 20 -13 -5 25 -24 -20 -18 -27 -14 -6 -11
right_child=3 2 4 5 28 -7 -8 9 -10 29 11 19 27 15 -16 16 22 -19 24 -21 -22 -23 23 -25 -26 26 -28 -29 -30 -31
leaf_value=-0.037669546141382605 -0.0054087929068062385 -0.0233023367803755 -0.01943289720920182 -0.040062816647051809 -0.010514990512757783 0.0093019759293722203 0.024694002819876177 -0.037503494521534474 -0.039633178317977087 0.0078540606020472501 0.0073710161183775233 -0.068480722929508783 0.011283088758994777 0.0010698190806951449 -0.014332535317919649 -0.018032873306766294 -0.054389355516432959 0.044630075708053371 0.014757289687777855 -0.0044731469376996444 0.0012005940478637444 0.021308311619175346 0.010591706941238982 -0.0035937624588883604 0.086140798264979959 -0.037177590848986704 -0.0045158865046936092 -0.024576446293668525 0.023266317735112046 -0.0011689974307238862
leaf_weight=164.11551462300122 75.578481474891305 187.63980814348906 23.96183954551816 5.8607412055134764 168.73361277673393 1111.3542374633253 123.94861556775868 20.921914778649807 11.407439187169073 573.39942628145218 245.68734434247017 10.509067922830583 16.427891757339239 4435.4155463688076 276.1813688762486 155.55496196076274 10.295140039175747 13.971507187932728 15.537939913570883 655.12430903315544 7.5892572924494734 154.10884340852499 166.88168156892061 474.53595898300409 5.0573286823928347 21.914891470223665 122.32413848489523 168.85588767472655 18.312503723427653 386.18387412279844
leaf_count=12787 894 12687 651 26 5056 8846 3773 104 89 2952 1724 58 419 26421 1670 1805 68 88 179 4374 61 1538 849 2482 44 242 636 9614 470 3202
internal_value=-0.000192625 -0.0152204 -0.00586837 0.00127065 0.00372279 0.00451646 0.0175453 0.00194817 0.0143176 0.000752776 -0.0027821 -0.00199155 -0.0282323 -0.000518406 -0.00796911 1.59254e-05 -0.00485696 0.00798674 0.00266343 -0.00540835 -0.0392609 0.0190599 -0.00234298 9.69608e-05 0.0322861 -0.0124703 -0.00947833 -0.021397 -0.00720768 0.00422273
internal_weight=9827.39 871.996 522.596 8955.4 334.957 3182.15 147.91 2070.79 171.377 1899.42 939.832 918.91 349.399 5773.25 386.327 5386.92 951.507 110.145 96.1738 673.223 18.0983 159.97 795.952 641.418 20.5953 154.534 144.239 185.284 187.046 959.583
internal_count=103809 45457 22637 58352 9950 22974 4424 14128 1653 12475 6321 6217 22820 35378 2875 32503 6082 1205 1117 4493 119 1564 4277 3331 223 946 878 10033 5526 6154
cat_boundaries=0 1 2 3
cat_threshold=37 8 34
is_linear=0
shrinkage=0.05


Tree=79
num_leaves=31
num_cat=2
split_feature=18 32 31 10 19 10 18 32 21 5 22 26 12 19 31 4 31 18 22 31 31 31 4 11 4 4 14 28 1 31
split_gain=92.777 26.9515 26.8179 21.3933 14.254 12.5839 11.8251 13.6804 16.8871 11.4744 12.2665 11.098 10.7038 13.3128 10.3953 9.37769 9.25719 12.279 9.2051 9.19739 8.60719 8.49083 8.24037 8.19711 10.9304 15.7706 10.5581 10.0313 14.8731 12.2691
threshold=0.10960961133241655 0 4.0499999523162851 89.633331298828139 3.5000000000000004 0.36666667461395269 2.1883445978164677 1 1.0000000180025095e-35 0.54021668434143078 0.41666667163372045 1.8333333134651186 2.1900000572204594 17.500000000000004 4.0499999523162851 1.0000000180025095e-35 7.0499999523162851 1.3585714101791384 1.8333333134651186 7.0499999523162851 4.9500000476837167 4.7500000000000009 0.42713500559329992 9.7750000953674334 0.046624999493360526 0.12001999840140344 1.5126666426658633 1.8333333134651186 7.1666667461395273 4.2500000000000009
decision_type=2 9 2 2 2 2 2 9 2 8 10 10 2 2 2 8 2 2 10 2 2 2 8 2 10 10 10 8 2 2
left_child=1 4 -3 6 20 -6 7 23 9 10 11 -9 13 -4 -8 -13 -10 18 22 -12 -1 -7 -18 27 26 -26 -25 29 -29 -2
right_child=3 2 12 -5 5 21 14 8 16 -11 19 15 -14 -15 -16 -17 17 -19 -20 -21 -22 -23 -24 24 25 -27 -28 28 -30 -31
leaf_value=-0.029683862230864416 -0.0021255216865100576 -0.022807465254624501 0.012446600708787302 0.0089631767317427183 -0.042827997173431977 -0.032474674184617039 -0.046875621874452815 -0.0058534988075296251 -0.0011948603191117414 -0.0036667775010216634 -0.020361584810201193 0.08494824234971482 -0.060561812802195171 -0.013882777979442063 0.003626140289206348 -0.02277489821443348 0.078858923635526434 0.00089414302571583226 0.0022141433799284199 0.02874672260660064 0.0074479563952458963 0.025545765401722223 0.02699106598986838 -0.0048877180827170286 0.022387331828121314 -0.01199599682084667 -0.036164302992929567 -0.016659761563355014 0.0036929290317466697 0.010285461587897733
leaf_weight=30.097557844594121 265.09144970960915 195.03323483839631 153.95259153842926 907.95400454849005 168.40860436670482 13.318561321124436 10.225884066894649 24.336050572805107 2332.7026862818748 468.25367473717779 301.71991566568613 7.5365007631480667 6.5601381808519355 69.766108733601868 2882.0422683563083 2.7602477893233308 13.019353710114958 84.181620389223099 16.428871922194958 9.8455467661842686 32.414856266230345 11.975285358726977 18.593807637691498 333.56803758442402 85.748802341520786 54.57534784078598 29.357474520802498 121.24218270555139 345.72281637042761 800.31384561955929
leaf_count=1599 2094 12366 4231 9507 16044 278 251 461 12384 5364 6031 164 39 3216 16425 27 63 379 82 132 849 186 88 1718 460 285 158 1573 1764 5645
internal_value=0.00034999 -0.0174447 -0.00895419 0.00168047 -0.0300178 -0.037889 0.000874794 -0.000525245 -0.00252011 -0.00876977 -0.0156719 0.0125574 0.00238991 0.00423585 0.00344759 0.0560709 -0.000465348 0.0124048 0.0325743 -0.0188097 -0.0104297 -0.0050051 0.048352 0.00268766 -0.00283573 0.00901485 -0.00741772 0.00451915 -0.00159142 0.00719739
internal_weight=9796.75 681.527 425.312 9115.22 256.215 193.702 8207.27 5315 3279.38 814.452 346.198 34.6328 230.279 223.719 2892.27 10.2967 2464.93 132.224 48.042 311.565 62.5124 25.2938 31.6132 2035.62 503.25 140.324 362.926 1532.37 466.965 1065.41
internal_count=103863 38808 19852 65055 18956 16508 55548 38872 25175 12179 6815 652 7486 7447 16676 191 12996 612 233 6163 2448 464 151 13697 2621 745 1876 11076 3337 7739
cat_boundaries=0 1 2
cat_threshold=36 2
is_linear=0
shrinkage=0.05


Tree=80
num_leaves=31
num_cat=4
split_feature=10 32 31 2 31 32 32 10 31 5 4 32 23 18 9 3 27 10 1 30 18 18 31 2 4 4 1 28 29 18
split_gain=88.4126 27.5834 33.0265 20.745 14.6332 13.6391 13.0146 12.9085 10.3943 10.924 12.6344 9.64875 10.8932 9.14753 8.63925 9.33657 9.80534 8.62676 8.62351 8.59605 13.3939 8.51592 8.98474 8.47668 8.1773 8.03489 10.1798 8.32835 9.56502 10.1573
threshold=1.0000000180025095e-35 0 4.0499999523162851 13.166666507720949 10.250000000000002 1 2 23.22500038146973 6.4500000476837167 0.21011666208505633 0.0033300000941380863 3 2.1000000238418584 0.03637566231191159 2.1000000238418584 1.2166666984558108 1.4499999880790713 6.6333332061767587 9.8333334922790545 1.0000000180025095e-35 4.75337839126587 2.2029411792755131 4.3500001430511483 0.83333334326744091 1.0000000180025095e-35 0.19053166359663012 57.416666030883796 0.41666667163372045 0.29166667163372045 3.8509259223937993
decision_type=2 9 2 2 2 9 9 2 2 8 8 9 10 2 2 2 8 2 2 2 2 2 2 2 8 10 2 8 10 2
left_child=1 4 13 5 24 7 -5 8 9 -2 -11 12 21 -3 15 18 -17 -13 -10 -9 -21 22 -12 -19 -1 27 -27 28 -8 -30
right_child=3 2 -4 6 -6 -7 25 19 14 10 11 17 -14 -15 -16 16 -18 23 -20 20 -22 -23 -24 -25 -26 26 -28 -29 29 -31
leaf_value=-0.034021623434161236 -0.014727782402749618 -0.030488439484214831 0.0014873441451914277 0.017966793782582931 0.1402034933747954 0.0030538776562939185 0.011659010282763943 -0.0025984007431698567 0.012279509842970953 -0.030511869524430048 0.035072976182331309 -0.036570941957400765 -0.018104984726344222 -0.0010911328006028554 -0.034520944485029473 0.04463672848302036 0.00080454151362019876 -0.033264975814693946 -0.021323821230638886 0.0019752476999191654 0.032029833467195075 0.03091874578720501 0.00043030643925354736 0.001617867086670119 -0.017713692508978623 -0.0057652102033005481 0.012558607936593741 0.0039412414825512341 -0.020453915983834718 0.012389808984640311
leaf_weight=207.19279894139618 370.41214320808649 145.89860596414655 334.78830084484071 185.94829654693604 1.29856895841658 2428.7548433300108 50.267722249031067 1508.7936608679593 49.791384909301996 42.092391051352024 19.681847974658012 34.019548831507564 64.244964390993118 32.32540491502732 11.825786828994749 30.782047588378191 21.791406556963921 23.246761094778776 30.966293763369322 1487.459879886359 38.017606340348721 27.443949930369854 381.56202195771039 69.432241357862949 122.20921879541129 90.542677216231823 465.39045856148005 1392.8751876205206 114.12123527377844 29.658134870231152
leaf_count=15322 4535 11564 9915 2220 47 15032 363 7781 468 393 165 512 506 1082 67 156 120 196 182 7637 228 139 3028 463 7472 409 3363 9721 741 218
internal_value=4.55932e-05 -0.0154286 -0.00762037 0.00150123 -0.0265093 7.71815e-05 0.00556173 -0.00164279 -0.00609067 -0.00785255 -0.00400401 -0.00220329 0.00107344 -0.0251565 0.00643716 0.0100699 0.0264685 -0.0139365 -0.000605588 7.75635e-05 0.00272426 0.00397264 0.0021296 -0.00713183 -0.0279713 0.00438098 0.00957428 0.00258926 -0.00711526 -0.0136791
internal_weight=9812.84 843.713 513.012 8969.12 330.701 6640.32 2328.8 4211.56 1177.29 1032.14 661.724 619.631 492.933 178.224 145.157 133.331 52.5735 126.699 80.7577 3034.27 1525.48 428.688 401.244 92.679 329.402 2142.86 555.933 1586.92 194.047 143.779
internal_count=104045 45402 22561 58643 22841 41608 17035 26576 10930 9937 5402 5009 3838 12646 993 926 276 1171 650 15646 7865 3332 3193 659 22794 14815 3772 11043 1322 959
cat_boundaries=0 1 2 3 4
cat_threshold=37 36 8 32
is_linear=0
shrinkage=0.05


Tree=81
num_leaves=31
num_cat=3
split_feature=10 32 31 2 31 19 20 22 32 19 7 20 2 32 24 10 0 31 14 22 11 23 1 27 28 5 19 27 31 10
split_gain=77.4332 38.7715 32.2679 22.3381 18.4589 18.0544 17.2796 11.0318 10.6947 11.7035 10.5301 12.1548 11.2545 15.0002 15.3934 13.2771 10.9942 10.9613 16.6832 15.526 11.4316 10.2243 15.1504 22.3299 12.5043 10.1371 9.96221 9.39265 9.38245 14.3155
threshold=1.0000000180025095e-35 0 4.0499999523162851 12.833333492279055 7.8500001430511483 16.500000000000004 -1.0000000180025095e-35 1.0000000180025095e-35 1 35.500000000000007 1.0000000180025095e-35 3.5000000000000004 4.4166667461395273 2 1.5833333134651186 13.09999990463257 -1.0000000180025095e-35 5.2500000000000009 1.0000000180025095e-35 2.8333333730697636 9.5500001907348651 1.4499999880790713 7.1666667461395273 1.8999999761581423 0.83333334326744091 1.4275499582290652 1.5000000000000002 0.36666667461395269 4.7500000000000009 51.225000381469734
decision_type=2 9 2 2 2 2 2 10 9 2 2 2 2 9 10 2 2 2 8 10 2 10 2 10 10 8 2 8 2 2
left_child=1 4 -3 6 26 7 -2 -4 9 -5 12 -12 13 14 16 21 -8 19 -19 20 -15 22 23 24 -16 -13 -1 -20 -18 -30
right_child=3 2 5 8 -6 -7 10 -9 -10 -11 11 25 -14 17 15 -17 28 18 27 -21 -22 -23 -24 -25 -26 -27 -28 -29 29 -31
leaf_value=-0.00047215551082500608 -0.024380737643531297 -0.023220057752284005 0.065934690465582577 0.020900957970807807 0.04938873890526646 -0.00705917844876884 0.059429253475428927 0.01257729238543316 0.0043571014163319814 -0.031010606528337287 -0.011380163185505221 -0.0067055419024482643 0.0028281507740836077 -0.0073841487343796423 0.11047744348465489 0.0051474161329548331 -0.0087912249080617112 0.022010526763781148 0.02596753944320393 -0.039856412951440351 0.032455699054275332 0.0062658445485197075 0.011126217139280567 0.12369799175076941 0.021389966128960616 0.014536862162515984 -0.033210904367047336 -0.0032267780852731037 0.01332767568853899 -0.04731800890854522
leaf_weight=25.254764029756188 73.286886779591441 173.0394013915211 10.411800066009162 172.40144971758127 7.3820127192884675 185.3486024113372 6.9078070372343054 139.19532497785985 2242.8335989415646 11.587123718112705 398.90181328728795 121.22716429084539 3000.9619067534804 909.58946130331606 4.6948746442794826 361.57405569404364 305.05906495265663 77.173151161521673 28.495689431205392 36.46443772315979 18.369375064969063 46.496646326035261 32.279210053384304 9.5879761874675733 24.458848889917135 104.64144542813301 290.76754743605852 830.72036620788276 107.1442779712379 10.702766381204126
leaf_count=919 375 12562 204 2108 249 5515 40 4142 15411 106 2101 604 15702 8184 49 2178 2454 562 183 396 104 450 194 101 278 551 21676 5491 710 53
internal_value=-7.06617e-05 -0.0146659 -0.00557765 0.00128733 -0.027906 0.00336997 -0.00023919 0.0162907 0.00538146 0.0167228 3.57343e-05 -0.00613234 0.000698932 -0.00157521 0.00368891 0.00989273 -0.00314035 -0.00409023 -0.000258403 -0.00785308 -0.0065955 0.0244929 0.036426 0.0575056 0.0357365 0.00313574 -0.0305946 -0.00225856 -0.00416237 0.00781989
internal_weight=9766.96 831.399 507.995 8935.56 323.404 334.956 6508.74 149.607 2426.82 183.989 6435.45 624.77 5810.68 2809.72 908.906 479.092 429.814 1900.81 936.389 964.423 927.959 117.518 71.0209 38.7417 29.1537 225.869 316.022 859.216 422.906 117.847
internal_count=103652 45267 22423 58385 22844 9861 40760 4346 17625 2214 40385 3256 37129 21427 6507 3250 3257 14920 6236 8684 8288 1072 622 428 327 1155 22595 5674 3217 763
cat_boundaries=0 1 2 3
cat_threshold=37 8 2
is_linear=0
shrinkage=0.05


Tree=82
num_leaves=31
num_cat=2
split_feature=12 32 1 22 14 13 22 17 1 13 24 19 13 13 12 29 24 0 32 11 21 5 11 12 4 8 28 11 5 2
split_gain=53.6054 29.6578 16.9032 14.4962 11.6329 10.4464 9.80102 14.5898 11.4296 14.6919 15.1138 10.4847 9.69144 11.3569 11.6989 9.36634 9.16109 8.99955 9.00533 8.88084 8.68776 8.66345 8.62978 8.27506 7.98654 7.68593 12.013 7.61883 7.60409 7.62417
threshold=1.0000000180025095e-35 0 82.833332061767592 0.83333334326744091 1.4445000290870669 0.0079800002276897448 1.5833333134651186 0.45000000298023229 72.416667938232436 0.13804499804973605 2.1666666269302373 6.5000000000000009 0.48099999129772192 0.39008998870849615 4.1099998950958261 1.1000000238418581 1.8333333134651186 8.166666507720949 1 5.9000000953674325 84.500000000000014 0.38041666150093084 7.6333332061767587 1.9099999666213991 0.090043336153030409 1.0000000180025095e-35 1.5833333134651186 7.0999999046325692 2.2350000143051152 4.4166667461395273
decision_type=2 9 2 10 8 8 10 2 2 8 10 2 10 10 2 10 10 2 9 2 2 8 2 2 8 2 8 2 8 2
left_child=1 5 6 -3 -4 -1 8 17 -2 10 15 25 13 14 20 -10 -5 18 19 -8 -13 -18 28 -21 -7 26 -11 -17 29 -6
right_child=2 3 4 16 22 24 7 -9 9 11 -12 12 -14 -15 -16 27 21 -19 -20 23 -22 -23 -24 -25 -26 -27 -28 -29 -30 -31
leaf_value=-0.03017772386611808 0.0024761853431959462 0.010377746227988809 0.010115335330189374 -0.013514905409916275 -0.019045619463120941 0.069853390058378512 -0.022055885933915859 0.012967618880795671 -0.0218879215305567 0.017476446152875313 0.029122637688205239 -0.017345334687038586 -0.06114530989404237 0.031164622313258623 -0.030600519660921102 -0.022333188054405383 -0.0072352853519505184 0.025627015207561318 -0.0023724923051353687 0.034757813244121326 0.0098746946467256208 0.020407750207503451 0.0035423014745080148 -0.0076150665164228942 -0.014433909533993561 0.025180519775060351 -0.053313830255552287 0.013572130177249809 -0.019444903450215999 0.026835380049269372
leaf_weight=216.72109925188124 3544.2067370358855 131.36037009954453 740.67348686605692 291.21725161746144 15.423076547682284 2.8683598209172478 124.38779599405825 147.42409026622772 44.969508528709412 13.920737393200399 49.17323199659586 79.960000991821289 11.793300561606882 12.765687048435209 94.912727236747742 18.668608173727989 78.292464984580874 26.825684376060963 2342.2138945311308 12.327530190348623 46.280278995633125 44.427945011295378 1105.8079281710088 176.37316340208054 139.18099442310631 28.609459288418293 10.523360334336756 70.828534573316574 79.794110648334026 21.927964515984058
leaf_count=15871 20802 5465 6490 12715 110 28 998 756 218 69 239 340 66 69 495 85 3626 155 13778 79 254 1265 9726 874 7903 152 53 352 517 164
internal_value=-0.000108482 -0.0117038 0.00108009 -0.00402008 0.00517022 -0.0226393 -9.13329e-05 -0.00234649 0.00149339 -0.00572713 0.00540258 -0.0125681 -0.0169205 -0.0146909 -0.0173378 -0.00327163 -0.00868625 -0.00318823 -0.00347934 -0.0113223 -0.00736634 0.0027722 0.00217524 -0.00484691 -0.0127319 0.00758941 -0.0129993 0.00608248 -0.0107293 0.00789009
internal_weight=9723.86 904.068 8819.79 545.298 1963.63 358.77 6856.16 2829.55 4026.61 482.405 183.64 298.766 245.712 233.919 221.153 134.467 413.938 2682.13 2655.3 313.088 126.24 122.72 1222.95 188.701 142.049 53.0536 24.4441 89.4971 117.145 37.351
internal_count=103714 46873 56841 23071 17007 23802 39834 16640 23194 2392 894 1498 1224 1158 1089 655 17606 15884 15729 1951 594 4891 10517 953 7931 274 122 437 791 274
cat_boundaries=0 1 2
cat_threshold=37 4
is_linear=0
shrinkage=0.05


Tree=83
num_leaves=31
num_cat=1
split_feature=18 32 31 31 20 23 29 31 31 25 3 27 30 18 7 26 22 27 11 24 2 23 3 31 14 31 3 29 29 13
split_gain=68.4079 25.7966 30.878 25.312 18.4248 13.3448 14.9196 12.1374 11.3341 10.7024 13.5076 10.5738 10.2797 9.02086 13.9398 8.98908 10.0663 8.92737 8.89762 11.4119 8.76737 9.13513 8.67577 8.33422 9.50315 10.4173 19.329 8.215 8.17558 8.09346
threshold=0.28801843523979193 0 4.0499999523162851 4.6499998569488534 5.5000000000000009 1.4499999880790713 0.45000000298023229 5.1499998569488534 7.4500000476837167 2.7749999761581425 1.0000000180025095e-35 1.7083333134651186 1.0000000180025095e-35 2.9016129970550542 1.0000000180025095e-35 0.83333334326744091 1.1666666865348818 1.0000000180025095e-35 1.8999999761581423 1.8333333134651186 1.0000000180025095e-35 0.90000000596046459 1.9416666626930239 6.8500001430511483 0.75830000638961803 9.2500000000000018 8.1416664123535174 0.63333335518836986 1.3666666746139529 0.19612500071525577
decision_type=2 9 2 2 2 10 10 2 2 10 2 8 2 2 2 10 10 8 2 8 2 10 2 2 10 2 2 10 10 10
left_child=1 3 12 -1 13 6 15 18 9 10 17 22 20 14 -2 -6 -17 -5 19 -4 -3 -22 -7 -24 25 26 28 -12 -25 -16
right_child=4 2 7 8 5 11 -8 -9 -10 -11 27 -13 -14 -15 29 16 -18 -19 -20 -21 21 -23 23 24 -26 -27 -28 -29 -30 -31
leaf_value=-0.036629942734170369 0.00020289190300233352 -0.017923725487704902 -0.0022562177535365561 0.043804317406785843 -0.06887929928744857 -0.021153677298822303 0.015507035881885199 0.039096882986313919 0.055898934070029271 0.027909477587185379 0.048198204804111466 0.011425277169464985 -0.030532930838780545 0.0037168532851452798 -0.0051510164187996005 -0.03196229314419715 0.034111010875395809 -0.03086361274880807 -0.011784497681861803 0.019698883955003868 0.058872295076251906 -0.003125618177643414 0.0051144862179338651 0.020625806197586784 0.016065214827391559 0.0079736924303046627 -0.07023025467258108 -0.0052718387982094821 -0.029137355536559002 -0.020558982772635251
leaf_weight=186.02773479558527 5446.6061107572168 87.867816866375506 173.89653097186238 4.1758895395323625 7.2726686466485289 53.412553295493126 462.25670614652336 21.258877295069396 6.2152212532237163 14.804892444983123 8.2940016221255046 209.62578465789557 122.46518097538501 1489.0627924837172 550.90838051587343 14.350194687023761 9.6346370540559274 96.739453868940473 108.69289598613977 89.725709202699363 8.0465144794434327 22.712580658495426 263.41088762506843 13.874593444168566 23.59586600959301 23.162184081971645 20.641825765371323 53.642445342615247 20.372673764824867 100.82668094336987
leaf_count=13114 37693 6323 6037 139 47 380 3289 306 182 487 80 1503 6564 10131 2973 104 67 7387 685 2247 55 195 1905 74 203 176 149 578 108 522
internal_value=-0.000312968 -0.0126676 -0.00618305 -0.0230045 0.00111211 0.00709364 0.0132464 0.00235131 -0.0104705 -0.0127924 -0.0164926 0.00225924 -0.0203715 0.000227887 -0.000624032 -0.0201857 -0.00542084 -0.0277738 0.000253164 0.00521636 -0.00988134 0.0130929 -0.00233233 0.000421468 -0.0117401 -0.020146 -0.032012 0.00188841 -0.00897681 -0.00753471
internal_weight=9713.58 1004.57 634.666 369.9 8709.01 1121.61 493.514 393.574 183.872 177.657 162.852 628.096 241.092 7587.4 6098.34 31.2575 23.9848 100.915 372.315 263.622 118.627 30.7591 418.471 365.058 101.647 78.0513 54.8891 61.9364 34.2473 651.735
internal_count=103703 44379 22412 21967 59324 8005 3507 9275 8853 8671 8184 4498 13137 51319 41188 218 171 7526 8969 8284 6573 250 2995 2615 710 507 331 658 182 3495
cat_boundaries=0 1
cat_threshold=36
is_linear=0
shrinkage=0.05


Tree=84
num_leaves=31
num_cat=2
split_feature=18 19 32 12 32 10 20 24 10 13 14 20 27 18 9 20 13 12 3 3 10 11 10 0 9 4 18 28 13 12
split_gain=67.135 29.7617 15.5572 20.8692 13.4404 12.7522 12.2842 12.0687 11.1456 11.7375 11.3119 9.93804 9.57662 8.86992 11.205 12.4023 12.6793 10.5605 9.17754 9.08305 8.73078 8.45849 8.27664 8.05539 7.85034 16.6884 16.6545 10.9854 10.153 11.1583
threshold=0.056349206715822227 4.5000000000000009 0 0.78999999165534984 1 89.224998474121108 5.5000000000000009 1.1666666865348818 34.45000076293946 0.074009999632835402 1.6689999699592593 -1.4999999999999998 1.1000000238418581 4.3380954265594491 1.2250000238418581 1.0000000180025095e-35 0.082007002085447325 1.2225000262260439 7.616666555404664 1.1166666746139529 26.10000038146973 14.775000095367433 69.224998474121108 0.83333334326744091 0.55000001192092907 0.0012800000258721413 2.1231060028076176 0.83333334326744091 0.029995999298989776 0.66333335638046276
decision_type=2 2 9 2 9 2 2 10 2 10 10 2 8 2 2 2 8 2 2 2 2 2 2 2 2 8 2 10 8 2
left_child=1 -1 5 -4 -3 7 12 8 9 -2 -10 -9 -5 14 15 -14 17 -17 21 -18 -21 22 -15 -7 25 26 -13 -28 -26 -30
right_child=2 4 3 6 -6 23 -8 11 10 -11 -12 24 13 18 -16 16 19 -19 -20 20 -22 -23 -24 -25 28 -27 27 -29 29 -31
leaf_value=-0.00081096863495139096 -0.0038786505715791377 -0.038282997818175853 -0.019376097183558389 0.003252379575871499 -0.015718492586550305 -0.014464608799427767 0.010816982769772629 -0.03448924717237116 0.0012256501289092262 -0.021421455907129794 -0.042336138882264673 -0.0047717419522856257 -0.022359123694695313 0.035194660956071322 -0.01475498262826009 0.019914112766804559 0.069047882634212771 -0.044742155831853675 -0.02487785751433055 -0.0061074714080956239 0.03682660552570937 0.049256507694947181 -0.03412048524195959 0.0085008960981851189 0.0068801953805810783 0.012309885747092193 -0.030297098525770928 0.057367215845770571 -0.015503490131131026 0.00095787856924523006
leaf_weight=188.53924759477377 907.20310664735734 131.22144760005176 195.60086194612086 287.61904569715261 236.16936324816197 40.02681291103363 168.09365333616734 17.910543657839298 1751.196844059974 106.54806921072304 15.030566498637198 313.55777320731431 33.998283145949244 8.5530672073364276 347.95962491258979 11.407574605196716 10.269869558513163 14.147961143404244 12.242175966501234 21.800703786313534 25.918704181909561 18.074763983488083 8.6743121817707998 829.08275109156966 750.16067299246788 557.54236177541316 4.4643387626856592 17.911914465948939 107.26047152280807 2558.6948231738061
leaf_count=6281 9544 14368 3417 1627 15468 314 1075 92 9364 634 88 5706 306 42 1864 70 61 81 103 114 122 113 60 8946 4360 5192 52 208 683 13573
internal_value=-9.02451e-05 -0.0169602 0.000935745 -0.00444085 -0.0252478 0.00172398 -0.00147114 0.00102706 -0.00154358 -0.00572245 0.00085494 0.00267843 -0.00405094 -0.00814525 -0.0102463 0.00310059 0.0134613 -0.0158807 0.0124261 0.0263922 0.0172121 0.0253625 0.000293171 0.00744322 0.0028329 0.00700563 -0.00179772 0.0398771 0.00174153 0.000295582
internal_weight=9696.88 555.93 9140.95 1164.36 367.391 7976.59 968.76 7107.48 2779.98 1013.75 1766.23 4327.5 800.666 513.047 465.503 117.543 83.5448 25.5555 47.5443 57.9893 47.7194 35.3021 17.2274 869.11 4309.59 893.476 335.934 22.3763 3416.12 2665.96
internal_count=103928 36117 67811 9055 29836 58756 5638 49496 19630 10178 9452 29866 4563 2936 2618 754 448 151 318 297 236 215 102 9260 29774 11158 5966 260 18616 14256
cat_boundaries=0 1 2
cat_threshold=42 36
is_linear=0
shrinkage=0.05


Tree=85
num_leaves=31
num_cat=0
split_feature=18 19 18 10 9 19 20 21 9 29 14 18 29 3 24 23 18 0 28 27 20 21 19 14 13 11 10 28 21 10
split_gain=68.82 28.6383 17.1174 15.5237 11.781 10.0511 8.83246 8.76567 10.8808 11.0013 9.85922 10.7758 8.4628 8.40598 8.18419 12.1823 9.17537 8.08673 8.16541 7.87985 7.59214 10.672 9.33258 9.54082 12.0217 10.5355 9.41845 12.086 7.94951 8.4501
threshold=0.056349206715822227 4.5000000000000009 2.1883445978164677 1.0000000180025095e-35 1.0000000180025095e-35 29.500000000000004 -1.0000000180025095e-35 1.0000000180025095e-35 0.36666667461395269 2.2916666269302373 0.60002002120018016 0.084523811936378493 2.1000000238418584 3.2833333015441899 2.8333333730697636 0.90000000596046459 0.77207791805267345 -1.0000000180025095e-35 1.1666666865348818 1.1000000238418581 2.5000000000000004 12.500000000000002 33.500000000000007 1.1945000290870669 0.23539900034666064 12.775000095367433 82.633331298828139 1.1666666865348818 66.500000000000014 24.10000038146973
decision_type=2 2 2 2 2 2 2 2 2 10 8 2 8 2 10 10 2 2 8 8 2 2 2 8 10 2 2 10 2 2
left_child=1 -1 7 -3 5 12 13 10 9 -9 -2 -12 -4 -6 17 16 -16 -13 -19 -7 -8 -22 28 -24 25 -25 27 -27 -23 -30
right_child=2 3 4 -5 6 19 20 8 -10 -11 11 14 -14 -15 15 -17 -18 18 -20 -21 21 22 23 24 -26 26 -28 -29 29 -31
leaf_value=-0.0014594053025669778 -0.0085620949698921086 -0.029815485517249309 0.040668330010976139 -0.00027939860450520662 -0.0014768389744197216 0.054579902356381119 0.0020117788292453439 0.014029699813382111 -7.3005248605033718e-05 -0.018445998133019666 0.043926391255748543 0.036757688037050464 0.12497799794770548 -0.062541203852579566 0.0075067051006602412 -0.0043510409564220419 0.064794080763239448 0.0026358897113255351 -0.0072409420344458622 -0.029307939391966048 -0.035297298050710718 -0.0019792683028748261 0.0093079238927559847 0.023046613992258262 -0.079606642632656544 -0.09396072426601583 -0.0008596118558979875 -0.010490054599063683 0.050011034896313561 0.0099672391054304969
leaf_weight=189.17650002799928 640.85141759179533 305.53521408140659 15.719131214544182 52.067859069444239 13.355674192309381 4.2346980404108736 2183.3241661936045 234.68361903354526 3833.3559901211411 29.33736315742135 13.440363052301107 12.978541642427443 3.6717015281319609 9.7500401586294156 12.193120600655677 32.683861922472715 16.377756953239441 366.15376275591552 488.35491789598018 8.2590528447180986 14.770172582939265 146.63207243382931 50.44066833332181 15.22230142354965 7.48034793883562 8.8168627396225947 17.419806782156229 8.5343402102589589 13.363503128290175 931.06193850189447
leaf_count=6306 11779 29010 224 608 78 53 13687 1525 20623 185 603 78 47 54 159 278 106 3832 4963 118 206 631 344 89 62 53 188 52 62 7697
internal_value=3.8224e-05 -0.0171921 0.00106984 -0.025515 0.00384665 0.0340988 0.00356462 -0.00061766 0.000603198 0.0104211 -0.00377761 -0.000523315 0.0566326 -0.0272445 -0.00116657 0.0164967 0.0403457 -0.00241381 -0.00300876 -0.00087455 0.00377418 0.00694444 0.00746482 -0.00656172 -0.0204894 -0.0116439 -0.0268309 -0.0529049 0.00885216 0.0105339
internal_weight=9679.25 546.78 9132.47 357.603 3452.06 31.8846 3420.17 5680.41 4097.38 264.021 1583.03 942.182 19.3908 23.1057 928.742 61.2547 28.5709 867.487 854.509 12.4938 3397.07 1213.74 1198.97 107.914 57.4737 49.9933 34.771 17.3512 1091.06 944.425
internal_count=103700 35924 67776 29618 23645 442 23203 44131 22333 1710 21798 10019 271 132 9416 543 265 8873 8795 171 23071 9384 9178 788 444 382 293 105 8390 7759
is_linear=0
shrinkage=0.05


Tree=86
num_leaves=31
num_cat=2
split_feature=18 19 18 31 14 31 32 30 0 2 31 18 9 31 13 14 27 14 15 23 7 32 18 31 29 24 31 18 10 23
split_gain=54.195 23.5242 13.9525 16.3297 13.8871 13.2082 13.0485 11.8008 11.1053 9.77879 9.36525 12.8795 10.4824 13.0699 9.00065 8.34748 8.43346 8.6772 10.455 8.98522 9.49755 8.31831 12.8767 11 18.4466 11.0077 9.37462 15.8848 9.93252 9.7432
threshold=0.10960961133241655 4.5000000000000009 1.9486842155456545 4.1499998569488534 0.14061000198125842 4.7500000000000009 0 1.0000000180025095e-35 4.1666667461395273 17.416666984558109 5.8500001430511483 5.4316768646240243 2.2916666269302373 9.7500000000000018 0.029995999298989776 0.53401997685432445 2.3666666746139531 0.26408000290393835 1.0000000180025095e-35 1.6333333253860476 1.0000000180025095e-35 1 0.15707236528396609 4.3500001430511483 1.8999999761581423 1.1666666865348818 6.9500000476837167 1.8591269850730898 62.899999618530281 2.2250000238418584
decision_type=2 2 2 2 8 2 9 2 2 2 2 2 2 2 10 10 10 10 2 10 2 9 2 2 10 10 2 2 2 10
left_child=1 5 8 14 -3 -1 7 -5 9 21 -8 12 15 -14 -4 16 17 18 19 20 -12 22 -2 -23 25 -25 -24 28 29 -28
right_child=2 4 3 6 -6 -7 10 -9 -10 -11 11 -13 13 -15 -16 -17 -18 -19 -20 -21 -22 23 26 24 -26 -27 27 -29 -30 -31
leaf_value=-0.0095525238483702511 -0.033949443353326246 -0.029342337243062122 -0.048114737554096586 0.0040673094987987895 -0.011234292301171043 0.018108830719557222 0.004422170348007186 0.026714418439127641 0.012059848461941429 -0.019025472799243867 0.0066351385411509622 0.012684487294566744 -0.0072886051786518746 0.018100722422273518 0.0084383166491724167 -0.0082664151462228577 -0.020006200238853078 0.031729292309114518 0.036635206488868324 -0.01139644991300779 0.053455324564985633 -0.0030817958176543709 -0.003229918088706939 0.00023122461521326893 -0.00696925382800535 0.011739054301975175 0.026197547423259956 -0.054144224002790578 -0.026598838614152378 -0.011109897010663687
leaf_weight=122.2891351301223 33.011564115062356 229.44062712555751 23.979901844635606 116.26505976170301 196.60604842472821 66.690751837566495 2476.9039671365172 113.84489884600043 159.2262050434947 77.102769419550896 107.59932328015566 158.13045411556959 776.33115046471357 54.229337401688099 9.9569420740008336 96.586523607373238 23.345440847799182 43.528676621615887 26.512243092060089 68.158333759754896 12.043797209858893 828.59363487362862 2488.5329046808183 316.07400096952915 274.40036648325622 606.6269182190299 94.523789463564754 8.9810672942548972 13.126089125871657 21.476800855249166
leaf_count=4725 1018 20856 368 1336 11430 1601 16086 1329 877 491 647 1307 4607 339 63 502 146 221 136 428 55 6457 19564 2287 1857 4005 631 49 65 144
internal_value=-0.000112128 -0.0144734 0.000866107 0.00301763 -0.0209861 0.000209132 0.00330538 0.0146357 -0.000929458 -0.00136374 0.00258222 -0.000734055 -0.00249009 -0.00563087 -0.0315223 0.00441511 0.00877115 0.0113767 0.00724293 0.00309358 0.0113483 -0.00107309 -0.00290532 0.00134027 0.00441228 0.00779701 -0.00252622 0.0101535 0.0146255 0.0192903
internal_weight=9644.12 615.027 9029.09 4107.42 426.047 188.98 4073.48 230.11 4921.68 4762.45 3843.37 1366.47 1208.33 830.56 33.9368 377.774 281.188 257.842 214.314 187.801 119.643 4685.35 2659.65 2025.69 1197.1 922.701 2626.64 138.108 129.127 116.001
internal_count=103627 38612 65015 27570 32286 6326 27139 2665 37445 36568 24474 8388 7081 4946 431 2135 1633 1487 1266 1130 702 36077 21471 14606 8149 6292 20453 889 840 775
cat_boundaries=0 1 2
cat_threshold=8 36
is_linear=0
shrinkage=0.05


Tree=87
num_leaves=31
num_cat=1
split_feature=10 32 31 24 21 19 31 24 31 13 25 25 4 20 1 9 20 21 2 31 4 10 22 19 28 7 19 29 29 11
split_gain=41.3977 31.789 24.0613 15.7768 14.7291 13.4055 12.1016 13.7591 9.74979 22.7788 12.205 11.075 12.8503 11.3317 9.14896 12.6561 9.08675 9.20271 8.63971 8.3442 8.34329 8.12228 7.79107 12.7033 7.29476 7.22786 10.4342 9.15419 17.49 8.23114
threshold=1.0000000180025095e-35 0 4.0499999523162851 3.8333333730697636 89.500000000000014 16.500000000000004 4.6499998569488534 2.8333333730697636 4.0499999523162851 0.084059000015258803 1.8999999761581423 0.90000000596046459 1.5299999713897707 2.5000000000000004 35.166666030883796 1.7083333134651186 -1.0000000180025095e-35 62.500000000000007 11.833333492279055 7.9500000476837167 0.13667833805084231 89.90000152587892 0.83333334326744091 35.500000000000007 1.8333333134651186 1.0000000180025095e-35 12.500000000000002 1.5500000119209292 1.2250000238418581 15.550000190734865
decision_type=2 9 2 8 2 2 2 10 2 8 10 10 8 2 2 2 2 2 2 2 8 2 10 2 10 2 2 10 8 2
left_child=1 6 -3 5 16 -4 -1 19 9 10 24 12 18 -13 -14 -16 17 20 -10 -8 -2 -15 23 -7 -6 -17 29 28 -28 -27
right_child=4 2 3 -5 8 22 7 -9 11 -11 -12 13 14 21 15 25 -18 -19 -20 -21 -22 -23 -24 -25 -26 26 27 -29 -30 -31
leaf_value=-0.035969101306690413 0.016551142178007183 -0.018930673349721927 0.014706248732457428 0.097471552506778636 -0.028480570803991401 0.0053255528980215442 -0.022365533892064682 0.032733606912258434 -0.0065156794529380828 -0.037408946925566448 0.023353572812777258 0.0036217902274960651 -0.030810647409034126 0.0079815506944651768 0.024174935096922333 -0.0034335526523161051 -0.00029446486811557962 -0.056963700538102381 0.012511575510857737 0.037241385400579106 -0.034622845518334708 0.019865085374049254 -0.011503567353957737 0.11105397305248366 0.014251821642152915 0.051553203886833987 -0.027343221903024184 -0.0061482837817723995 -0.10710952585120781 -0.014985361505460593
leaf_weight=129.5701306485571 16.615236960351471 159.45284388493747 145.91389794368297 4.5201955316588274 28.376934923231602 41.118159198202193 140.63246097695082 13.577181441709397 86.672007955610752 47.072304926812649 46.440192081034184 1568.9194291345775 38.464236199855804 541.47120828926563 33.288525305688381 202.18634896725416 5758.522771904245 13.706927940249441 191.43284376710653 6.1270558014512053 15.298564329743384 195.77922686189413 137.65625595860183 3.0518864616751662 15.410724140703676 7.4561402797699001 27.816207248717546 21.724056869745255 9.1269923374056798 12.340315967798231
leaf_count=12908 86 12698 4341 64 158 1260 9225 632 502 246 263 11073 164 3587 155 1649 35580 60 1793 175 80 2446 4173 88 85 46 202 158 65 118
internal_value=4.03442e-05 -0.0109912 -0.00290554 0.00469752 0.00101155 0.00341798 -0.0237848 -0.015422 0.00381 -0.00921296 0.00549702 0.00441887 -0.00145352 0.00602438 -0.00779464 -0.00497468 -0.000470553 -0.0226975 0.00658169 -0.019877 -0.00798021 0.0111373 -0.00564075 0.0126308 -0.0134412 -0.00843218 -0.0213127 -0.0319043 -0.0470499 0.0100757
internal_weight=9659.74 781.62 491.713 332.26 8878.12 327.74 289.907 160.337 3073.98 137.3 90.2279 2936.68 630.508 2306.17 352.403 313.939 5804.14 45.6207 278.105 146.76 31.9138 737.25 181.826 44.17 43.7877 280.65 78.4637 58.6673 36.9432 19.7965
internal_count=104080 45564 22624 9926 58516 9862 22940 10032 22710 752 506 21958 4852 17106 2557 2393 35806 226 2295 9400 166 6033 5521 1348 243 2238 589 425 267 164
cat_boundaries=0 1
cat_threshold=37
is_linear=0
shrinkage=0.05


Tree=88
num_leaves=31
num_cat=1
split_feature=18 19 10 32 31 10 19 3 25 27 31 21 3 20 31 18 11 22 28 31 9 25 22 19 24 24 4 31 31 29
split_gain=47.6381 20.3692 13.9396 9.92456 22.8946 12.8616 13.133 9.43289 10.3966 9.42978 12.4763 8.85828 8.58961 8.95426 8.74901 8.84853 9.30984 10.0129 22.6287 7.59352 7.13247 7.08929 7.8181 9.88478 13.1655 7.01866 8.12377 7.76114 13.758 8.58314
threshold=0.056349206715822227 17.500000000000004 88.224998474121108 0 4.1499998569488534 0.36666667461395269 1.5000000000000002 1.041666626930237 1.5500000119209292 0.90000000596046459 4.7500000000000009 13.500000000000002 1.8416666984558108 1.5000000000000002 4.9500000476837167 3.6324561834335332 23.22500038146973 0.41666667163372045 1.8333333134651186 4.2500000000000009 -1.0000000180025095e-35 1.6333333253860476 1.1666666865348818 6.5000000000000009 1.4166666865348818 2.1666666269302373 0.15065000206232074 5.6499998569488534 6.0499999523162851 1.2250000238418581
decision_type=2 2 2 9 2 2 2 2 8 8 2 2 2 2 2 2 2 10 8 2 2 10 10 2 8 10 10 2 2 10
left_child=1 3 -2 4 -1 6 -5 8 9 10 -6 -3 -4 25 19 16 17 18 -16 -15 -10 22 23 -22 -25 27 -27 -14 -29 -30
right_child=2 11 12 5 7 -7 -8 -9 20 -11 -12 -13 13 14 15 -17 -18 -19 -20 -21 21 -23 -24 24 -26 26 -28 28 29 -31
leaf_value=-0.020934575201502579 0.00047177136203515766 -0.031797934009561456 0.020152049904394367 0.0078297051433697789 0.0018720036323352854 0.047587453760409751 -0.033980260801356237 -0.02493635200000973 -0.02339397138012525 -0.0088671804080035135 0.094000575483947316 0.012307256058633528 0.0059929707084638269 -0.014378391040275329 -0.0036072742793694986 0.010956712083123656 -0.068258140603974476 0.0024172587879351302 -0.11242344438474956 0.01754083615087787 0.26041004137856644 0.029086332136312343 0.028536066402428603 0.20632976702999734 -0.051082418287846154 -0.021067672160843091 0.036313651396457716 -0.092911788071512597 -0.04460061252465649 0.036391022622808265
leaf_weight=91.35418413951993 8103.7154199359939 157.40595823526382 107.25614186003804 24.18755804374814 10.150183659046887 6.5364363472908726 84.042228931561112 16.295859478414059 5.73086979612708 50.961762894876301 5.7603462971746913 12.271975159645079 166.20140371844172 20.131031654775143 18.12186619266868 173.54858015850186 5.6600449159741393 133.28077506646514 6.4881701059639445 250.36092785000801 1.1199539676308625 52.059087986126542 3.0085918316617608 0.97123459540307489 1.0167162120342255 66.472906544804573 6.7990740761160842 5.6787609159946468 5.9230522066354734 7.3063466772437096
leaf_count=6872 57126 15474 1182 898 388 78 8724 93 36 1775 116 61 1568 186 175 2156 66 1395 62 2790 42 1219 117 50 51 563 58 56 60 73
internal_value=0.000305439 -0.0143699 0.0011508 -0.00752976 -0.00122422 -0.0188781 -0.0246364 0.0109355 0.0154053 0.00162384 0.0352268 -0.028608 0.00680485 0.00515172 0.00846728 0.00309273 -0.00525196 -0.00299333 -0.0322955 0.0151653 0.0298264 0.0350691 0.0859902 0.141608 0.0746791 -0.00264493 -0.0157431 0.00253974 -0.0278139 0.000129535
internal_weight=9599.82 522.873 9076.94 353.195 238.429 114.766 108.23 147.075 130.779 66.8723 15.9105 169.678 973.229 865.973 607.591 337.099 163.551 157.891 24.61 270.492 63.9065 58.1756 6.1165 3.1079 1.98795 258.382 73.272 185.11 18.9082 13.2294
internal_count=103510 35994 67516 20459 10759 9700 9622 3887 3794 2279 504 15535 10390 9208 6830 3854 1698 1632 237 2976 1515 1479 260 143 101 2378 621 1757 189 133
cat_boundaries=0 1
cat_threshold=10
is_linear=0
shrinkage=0.05


Tree=89
num_leaves=31
num_cat=2
split_feature=21 32 31 10 13 13 23 26 4 31 24 9 31 32 21 2 1 27 28 12 9 12 31 24 29 21 28 31 23 23
split_gain=37.0097 30.8358 24.9984 24.82 12.8992 11.1366 10.5182 18.7575 9.96016 9.31634 10.6408 9.25288 11.3622 12.365 9.75574 7.88286 7.80745 7.71854 7.6886 8.00872 10.9409 7.59927 7.58404 12.8857 7.57509 8.74323 8.33153 7.74514 9.02766 7.4613
threshold=1.0000000180025095e-35 0 4.0499999523162851 7.9000000953674325 0.060001999139785774 0.0080079999752342718 0.36666667461395269 1.0000000180025095e-35 0.033285001292824752 4.7500000000000009 2.8333333730697636 0.36666667461395269 4.3500001430511483 1 89.500000000000014 15.166666507720949 57.416666030883796 2.1000000238418584 1.8333333134651186 1.4550000429153445 2.2250000238418584 4.4633333683013925 5.5499999523162851 2.8333333730697636 2.2916666269302373 1.5000000000000002 1.1666666865348818 5.1499998569488534 1.8999999761581423 2.7083333730697636
decision_type=2 9 2 2 8 10 10 10 10 2 8 2 2 9 2 2 2 10 8 2 2 2 2 8 8 2 8 2 10 10
left_child=1 3 8 4 22 29 7 -6 -3 10 21 24 -13 14 -14 17 -7 -16 19 -11 -21 -4 -1 -24 25 26 -2 -27 -29 -5
right_child=11 2 9 5 6 16 -8 -9 -10 18 -12 12 13 -15 15 -17 -18 -19 -20 20 -22 -23 23 -25 -26 27 -28 28 -30 -31
leaf_value=-0.03178904032962062 0.099399385978422572 -0.016197472305154132 -0.0024951741768296678 -0.0026012461696021559 0.22185180787195125 -0.016553726934576019 -0.013395062529123808 0.011419470520271221 0.034390390131267691 0.020533611792181345 0.019982306056288684 -0.0050817353946841816 -0.045547522791722896 0.0013638794927308181 0.011764004364255376 0.024816382179685029 0.0087946391813250591 -0.025662484222702904 -0.0024521795560935675 -0.011332661313896535 0.019451719260324893 0.072081175974831935 -0.012046944014573249 0.15455180076241698 -0.011085688138881861 0.0062251022995473224 0.016929828904742057 0.016713669276800548 0.064635128015649884 0.025122544695845073
leaf_weight=217.34673951985314 5.4934500791132423 255.94964288547635 708.38376747071743 421.71836159564555 1.2734205797314633 257.32837583497167 172.07135113375261 6.2887465762905777 10.114528480917214 163.72909414023161 58.876685621216893 662.8403510376811 6.6886192336678496 5869.0325771942735 80.760885678231716 112.36888749524951 34.443305924534798 16.608854603022337 104.99445589166135 60.521932236850262 55.174760706722736 3.4324880242347708 31.129890655633062 1.2056056587025512 39.010132681578398 223.29715862311423 6.9206773117184648 49.46522431075573 12.264486055821179 25.750735249370337
leaf_count=15779 84 13749 11311 3155 32 2140 8540 296 65 1990 676 3659 30 34775 793 1621 144 150 978 301 245 15 1360 47 240 1321 122 294 75 166
internal_value=-0.000331503 -0.00544654 -0.000453942 -0.0114169 -0.0210766 -0.00596138 -0.0108587 0.0468549 -0.0142744 0.00272547 -0.000445873 0.00153823 0.00113476 0.00181187 0.0132837 0.0157932 -0.0135614 0.00537998 0.00908343 0.0134179 0.00334815 -0.00213556 -0.0284279 -0.00583543 0.00963072 0.0123477 0.0534239 0.0105587 0.0262347 -0.00100581
internal_weight=9674.49 2589.73 1421.18 1168.56 429.316 739.241 179.634 7.56217 266.064 1155.11 770.693 7084.75 6748.3 6085.46 216.427 209.739 291.772 97.3697 384.42 279.426 115.697 711.816 249.682 32.3355 336.451 297.441 12.4141 285.027 61.7297 447.469
internal_count=104153 60989 29330 31659 26054 5605 8868 328 13814 15516 12002 43164 41028 37369 2594 2564 2284 943 3514 2536 546 11326 17186 1407 2136 1896 206 1690 369 3321
cat_boundaries=0 1 2
cat_threshold=37 8
is_linear=0
shrinkage=0.05


Tree=90
num_leaves=31
num_cat=1
split_feature=18 14 32 24 31 31 1 21 9 10 28 21 25 20 9 10 19 17 20 7 21 19 14 1 7 19 24 28 30 22
split_gain=38.7528 21.6746 13.912 13.2744 12.5319 13.8662 11.7112 9.84293 10.9231 14.6421 11.5965 13.5501 12.5485 8.88413 8.85927 8.80911 8.76813 8.46312 9.29629 9.93819 11.7714 15.1259 13.8039 9.2026 8.87455 8.29908 12.3915 17.6627 25.1472 8.27445
threshold=0.64785373210906994 0.0040200001094490298 0 1.8333333134651186 4.1499998569488534 3.9500000476837163 45.166666030883796 66.500000000000014 0.77500000596046459 24.10000038146973 2.1666666269302373 49.500000000000007 3.1000000238418584 9.5000000000000018 8.5500001907348651 8.3666663169860858 3.5000000000000004 0.45000000298023229 1.5000000000000002 1.0000000180025095e-35 18.500000000000004 6.5000000000000009 0.32660000026226049 60.416666030883796 1.0000000180025095e-35 15.500000000000002 1.5833333134651186 1.5833333134651186 1.0000000180025095e-35 2.1666666269302373
decision_type=2 8 9 8 2 2 2 2 2 2 10 2 10 2 2 2 2 2 2 2 2 2 10 2 2 2 10 10 2 10
left_child=1 2 4 -3 5 25 16 8 10 13 12 -12 -2 -10 -9 -4 -5 18 19 20 21 -11 23 29 -20 26 -1 28 -28 -22
right_child=7 3 15 6 -6 -7 -8 14 9 17 11 -13 -14 -15 -16 -17 -18 -19 24 -21 22 -23 -24 -25 -26 -27 27 -29 -30 -31
leaf_value=-0.0044163146764581622 0.006283194114364463 -0.0075547698234217243 -0.031673185263575841 0.025998474466407635 0.00094733949779861467 -0.031417737598806637 -0.011235166984942646 0.0029005836995805103 -0.010454726737709898 -0.019473090249566505 -0.011255914310709087 0.070407609990465678 0.057289833926501471 0.041739360328106448 0.030341130869840804 0.0045164483704488645 0.0039796669175999342 0.013218036764484629 -0.013740602203486333 -0.0085505735661305423 0.025872809410380115 0.00059308296364429217 0.00073919383050842112 0.0028892777916845616 0.0027690492980786316 -0.0074976701079418609 0.42276937127886055 -0.024492185288278668 0.076743523560424576 -0.0065514409575329613
leaf_weight=4.2528945812955525 697.52330759353936 802.97399730142206 165.592194724828 52.204149260185659 156.28327557630837 82.456602194346488 114.9015865623951 4024.9101639464498 500.66560693643987 104.47492557018995 140.7262021061033 5.2697589844465247 12.270175127312539 8.287868505343793 29.630408003926277 18.715784255415201 337.59022881882265 110.88762640953064 243.94201955199242 264.70736989378929 163.48304599523544 929.07949969917536 363.9423865377903 95.741475597023964 122.15884421765804 20.719548587687314 0.84411760047078188 1.2963330680504439 1.3891652431339025 22.368258684873581
leaf_count=328 6881 16807 14796 806 4564 6850 583 27312 3555 593 1474 23 111 89 306 148 5791 484 1015 1191 687 4938 1521 393 518 1721 67 92 90 95
internal_value=-0.000115609 -0.0068222 -0.0162668 -0.00356091 -0.00788102 -0.0210259 0.00279334 0.00138927 -0.000444224 -0.00189583 0.00452525 -0.00830825 0.00716494 -0.00960479 0.00310112 -0.0265573 0.00692859 -0.000275071 -0.000922814 0.000453772 0.0018733 -0.00143527 0.00717059 0.0154828 -0.00823174 0.0090378 0.0530606 0.122315 0.207531 0.0219704
internal_weight=9599.29 1759.22 451.55 1307.67 267.242 110.959 504.696 7840.07 3785.53 2929.74 855.789 145.996 709.793 508.953 4054.54 184.308 389.794 2420.79 2309.9 1943.8 1679.09 1033.55 645.535 281.593 366.101 28.5021 7.78251 3.52962 2.23328 185.851
internal_count=103829 52643 28656 23987 13712 9148 7180 51186 23568 15079 8489 1497 6992 3644 27618 14944 6597 11435 10951 9418 8227 5531 2696 1175 1533 2298 577 249 157 782
cat_boundaries=0 1
cat_threshold=10
is_linear=0
shrinkage=0.05


Tree=91
num_leaves=31
num_cat=2
split_feature=18 32 31 20 31 10 10 25 22 0 21 28 21 28 32 11 13 31 18 23 31 14 30 0 23 29 0 22 30 22
split_gain=46.7913 22.7634 23.6345 13.4729 12.7248 11.799 10.4421 9.11271 8.86727 7.95321 7.9336 14.7013 9.7465 9.41307 8.73054 7.71989 7.7024 8.65572 10.9672 10.7514 12.5296 7.66499 7.57804 10.4526 7.8743 7.5614 7.49103 10.1756 7.35745 8.82355
threshold=0.15707236528396609 0 4.0499999523162851 -1.0000000180025095e-35 5.4500000476837167 87.90000152587892 8.9000000953674334 2.2916666269302373 3.1666666269302373 -1.0000000180025095e-35 8.5000000000000018 0.83333334326744091 1.5000000000000002 2.8333333730697636 1 1.3666666746139529 0.30811500549316412 5.4500000476837167 3.1017241477966313 2.5499999523162846 4.8500001430511483 0.92427000403404247 1.0000000180025095e-35 10.166666507720949 0.55000001192092907 3.1000000238418584 0.83333334326744091 2.8333333730697636 1.0000000180025095e-35 1.0000000180025095e-35
decision_type=2 9 2 2 2 2 2 8 10 2 2 8 2 8 9 2 10 2 2 10 2 10 2 2 10 8 2 10 2 10
left_child=1 4 28 -2 -1 9 7 -6 16 15 11 12 21 14 25 -5 17 18 19 -7 -21 -11 26 24 -24 -13 27 -12 -3 -30
right_child=3 2 -4 5 6 8 -8 -9 -10 10 22 13 -14 -15 -16 -17 -18 -19 -20 20 -22 -23 23 -25 -26 -27 -28 -29 29 -31
leaf_value=-0.031399136640291647 -0.019337647827159816 -0.0095312406050840053 0.0035872854451649847 -0.015504458906780037 -0.017153789108416639 0.0041336278681601167 0.092936513369870966 0.060114556622043541 0.032843271299423153 0.0046150053025487857 0.0070328176590049672 -0.0022574273564135109 0.025883290700893458 -0.018377117666624448 -0.013685172601435836 0.037719282360376513 0.021300410235880637 -0.0052167439688745399 0.01693874200831386 -0.00090316407908243724 -0.099732666782867768 -0.018662939771358199 0.013313825579834277 0.055943801845052314 0.0024569425724897268 0.051765822273970856 -0.0015569592991692292 -0.029668253382705762 0.047098874817676557 -0.032984897282667965
leaf_weight=191.23666702443734 80.455231714993715 88.045016719959676 271.49705727491528 9.1583151370286924 28.681887070648372 489.5602017454803 2.8458646349608889 4.4013366634026161 30.635008621960878 482.97185692284256 438.62600717693567 1441.7491245931014 50.658550877124071 111.14840040914714 171.59352266322821 26.604851223528385 71.518814779818058 189.99555998668075 193.50532848760486 7.8047090210020524 5.4440867975354195 38.158075913786888 178.67871332168579 9.4135348424315435 2557.3002861589193 6.5063318163156501 2262.9168588072062 19.73584396392107 3.5808904925361267 87.104548528790474
leaf_count=17790 421 6274 8004 60 1871 4631 16 183 359 5161 2211 14370 383 1178 2360 142 832 2085 2596 78 57 190 890 72 13159 62 11676 108 188 6172
internal_value=6.3364e-05 -0.0126032 -0.00558359 0.00103025 -0.0251621 0.0012166 0.00103165 -0.00687414 0.00636318 0.000564826 0.00045654 -0.00200521 0.00494586 -0.00430131 -0.00333548 0.0240896 0.00551624 0.00424257 0.00682363 0.00293085 -0.0415134 0.00291055 0.00149353 0.00334694 0.00316597 -0.00200091 -0.000376301 0.00545257 -0.0198268 -0.0298226
internal_weight=9551.53 677.393 450.228 8874.14 227.166 8793.68 35.9291 33.0832 988.464 7805.22 7769.46 2302.79 571.788 1731 1619.85 35.7632 957.829 886.31 696.314 502.809 13.2488 521.13 5466.67 2745.39 2735.98 1448.26 2721.28 458.362 178.73 90.6854
internal_count=103579 40498 20638 63081 19860 62660 2070 2054 10638 52022 51820 23704 5734 17970 16792 202 10279 9447 7362 4766 135 5351 28116 14121 14049 14432 13995 2319 12634 6360
cat_boundaries=0 1 2
cat_threshold=36 42
is_linear=0
shrinkage=0.05


Tree=92
num_leaves=31
num_cat=0
split_feature=18 31 9 21 20 9 23 18 25 13 25 26 11 4 10 25 31 25 29 29 25 12 20 23 25 31 1 18 9 11
split_gain=38.7959 13.5537 12.6307 11.7755 10.2837 11.5692 8.98575 9.78909 8.95321 8.95146 13.6011 8.87828 8.08578 7.99077 7.98753 8.51688 10.8082 7.73763 7.585 19.7842 8.91808 11.2154 7.58414 10.656 8.86826 9.35841 12.7745 8.45179 7.98567 10.6737
threshold=1.0000000180025095e-35 5.1499998569488534 1.0000000180025095e-35 1.0000000180025095e-35 -1.4999999999999998 1.0000000180025095e-35 1.2916666865348818 3.8509259223937993 1.2916666865348818 0.54837298393249523 2.7083333730697636 1.0000000180025095e-35 23.10000038146973 0.00039833332994021481 8.9000000953674334 2.2916666269302373 5.8500001430511483 2.8999999761581425 2.3666666746139531 2.7749999761581425 1.5500000119209292 0.32249999046325689 2.5000000000000004 1.1000000238418581 0.55000001192092907 5.4500000476837167 33.166666030883796 2.6267857551574711 1.7083333134651186 10.633333683013918
decision_type=2 2 2 2 2 2 10 2 8 8 10 8 2 8 2 8 2 10 10 10 10 2 2 10 10 2 2 2 2 2
left_child=1 2 8 9 -5 -6 7 22 -1 -2 12 -3 -11 -10 15 -13 -17 -12 -15 20 -20 -22 28 -24 -25 -26 -27 -28 -7 -30
right_child=3 11 -4 4 5 6 -8 -9 13 10 17 14 -14 18 -16 16 -18 -19 19 -21 21 -23 23 24 25 26 27 -29 29 -31
leaf_value=-0.027220161183723758 -0.0055678309371058861 0.065177298027471367 0.081505727626733804 -0.028986913695099193 0.027687578938254118 0.0040389590325802648 -9.1477901522790751e-06 0.014890427992125541 -0.019901069130847986 -0.0004536351015046225 0.072455981306228587 -0.013779957094497095 0.061380662022224343 -0.0079610285429808289 0.0795273221907008 0.0068986220773578927 0.14501364462990282 0.017557951484582082 0.0083927082390086848 -0.010947216298431591 0.18035275957066815 0.0065696105522157159 0.011681237679349442 -0.05381355225165161 0.0081601729058131591 0.039678305070212028 -0.052943402214211156 -0.0086318797498419111 -0.0071342314151493468 0.0032125386224524295
leaf_weight=155.72892792057246 1127.9007144551724 6.4698740681633344 3.2300757113844147 27.137567207217216 43.064833728596568 1457.281546767801 3661.775267560035 181.26300728321075 143.47953163692728 952.59945362852886 9.0232325466349739 33.814055009745061 5.3164315819740287 95.384383305907249 3.1196716055274001 4.8272096156142643 2.0047458400949836 22.234896184876561 2.0519270105287459 12.423412488773463 3.4301696727052331 1.2729398459196088 466.36419621109962 8.2024647742509824 104.05734463408589 8.1197021529078466 19.624869078397751 23.825473353266716 480.39768455177546 518.04698456078768
leaf_count=13404 16315 130 25 147 217 7946 22828 1599 12178 10343 91 2290 22 4983 18 181 75 253 122 283 204 10 2993 50 671 37 98 156 2440 3601
internal_value=2.41222e-05 -0.014028 -0.0169837 0.000744337 0.00173266 0.00185223 0.00169166 0.00359787 -0.0177526 -0.00252309 0.00094865 0.0105075 -0.000110455 -0.0120388 0.00242563 -0.00349209 0.0474266 0.0334053 -0.00219212 0.0264997 0.0953695 0.133317 0.00293456 0.00782766 -0.00314209 -0.000471408 -0.0178881 -0.0286457 0.00167888 -0.00176577
internal_weight=9583.47 467.237 417.001 9116.24 6999.16 6972.02 6928.96 3267.18 413.771 2117.07 989.174 50.2356 957.916 258.042 43.7657 40.646 6.83196 31.2581 114.563 19.1784 6.75504 4.70311 3085.92 630.194 163.83 155.627 51.57 43.4503 2455.73 998.445
internal_count=103710 33903 31209 69807 42783 42636 42419 19591 31184 27024 10709 2694 10365 17780 2564 2546 256 344 5602 619 336 214 17992 4005 1012 962 291 254 13987 6041
is_linear=0
shrinkage=0.05


Tree=93
num_leaves=31
num_cat=2
split_feature=18 32 31 32 24 19 12 31 2 2 7 31 11 11 23 27 26 23 31 24 29 19 11 27 23 28 4 14 23 18
split_gain=35.4319 16.0328 17.348 12.2973 12.9899 11.8056 12.3045 11.4191 10.5068 8.83968 8.69941 8.49215 9.62795 7.91583 7.62918 10.2823 7.2291 9.47265 8.81337 10.7073 8.54213 7.1968 10.0979 8.19931 9.26541 8.58392 8.4255 10.3975 6.88479 7.14941
threshold=0.28801843523979193 0 4.7500000000000009 1 1.4166666865348818 7.5000000000000009 1.0000000180025095e-35 4.0499999523162851 13.166666507720949 2.5833333730697636 1.0000000180025095e-35 9.5500001907348651 15.775000095367433 5.7750000953674325 0.36666667461395269 0.90000000596046459 3.1666666269302373 2.5499999523162846 5.3500001430511483 0.83333334326744091 1.1000000238418581 18.500000000000004 -0.36666667461395258 0.77500000596046459 0.36666667461395269 1.1666666865348818 0.00997000001370907 0.15835000574588778 1.2916666865348818 4.2029411792755136
decision_type=2 9 2 9 8 2 2 2 2 2 2 2 2 2 10 10 10 10 2 10 10 2 2 10 10 10 10 10 10 2
left_child=1 -1 3 9 7 16 -7 13 10 14 -2 12 -12 -5 15 -3 17 18 -4 -20 -18 23 -23 -6 -25 26 27 -26 29 -10
right_child=8 2 5 4 21 6 -8 -9 28 -11 11 -13 -14 -15 -16 -17 20 -19 19 -21 -22 22 -24 24 25 -27 -28 -29 -30 -31
leaf_value=-0.030688357009114143 0.00032625570935110825 0.20455957181147585 0.010462248536224425 -0.030687801209540056 -0.019156338122999009 -0.022939401870806328 0.011268596037819731 -0.0072258032196403522 0.0058444872973203886 0.011606239798852882 -0.0053682816503990149 0.029526697606822406 -0.03525722936788319 0.1350501485188178 -0.032115820693499081 -0.0066837233453989958 0.14444413976064222 -0.02597271492708892 -0.0069874868117264484 0.070683177353405111 0.018332966842156278 0.08965172142930819 -0.012781515639176448 0.062227691222406768 -0.0089559862558542657 0.017355980062412967 -0.06294883662861385 0.058255142343908911 0.0016438206809047556 0.021611420073278698
leaf_weight=73.57118400093168 5753.0285676708445 0.78262364445254151 42.381668704096228 93.947880953550339 27.95167207159102 49.826424659229815 55.644606841728091 149.53983692917973 708.73311178013682 14.127937335520981 605.93078592419624 16.603086583316326 28.197242975234985 0.72599843889474769 119.88560795132071 2.1825174186378717 2.4861466987058511 11.196867088321595 6.120559980627152 16.132992090657353 2.9196670306846499 2.4619963867589822 105.7367932619527 8.1261622216552478 47.837918435223401 88.066172547638416 6.0768100768327704 6.54101688414812 1456.1872556619346 80.015013851225376
leaf_count=5313 39145 59 1195 6975 783 4490 582 4375 5378 103 3148 97 167 5 10654 160 47 295 150 325 61 22 4204 160 1747 2709 31 46 10705 801
internal_value=-0.000260956 -0.00951126 -0.00726017 -0.0110807 -0.00717996 0.00614241 -0.00489188 -0.0158286 0.000738303 -0.0240902 -0.000293542 -0.00577309 -0.00669733 -0.0294169 -0.0301563 0.0490721 0.0204682 0.0164859 0.023841 0.0493208 0.0763318 -0.000211664 -0.0104507 0.00578971 0.010241 0.00739661 -0.00711125 -0.000871438 0.00368168 0.00744397
internal_weight=9582.97 934.271 860.7 673.991 537.012 186.709 105.471 244.214 8648.7 136.979 6403.76 650.731 634.128 94.6739 122.851 2.96514 81.2379 75.8321 64.6352 22.2536 5.40581 292.799 108.199 184.6 156.648 148.522 60.4557 54.3789 2244.94 788.748
internal_count=103932 44491 39178 32033 21057 7145 5072 11355 59441 10976 42557 3412 3315 6980 10873 219 2073 1965 1670 475 108 9702 4226 5476 4693 4533 1824 1793 16884 6179
cat_boundaries=0 1 2
cat_threshold=4 32
is_linear=0
shrinkage=0.05


Tree=94
num_leaves=31
num_cat=2
split_feature=18 32 31 20 31 32 31 0 11 23 18 31 29 23 9 29 1 22 0 24 11 31 5 16 11 1 25 9 13 10
split_gain=27.2932 24.9562 15.7714 10.2256 12.3793 13.2483 12.967 9.98412 9.73665 9.16123 9.72179 8.94847 8.09255 10.0215 11.7719 9.46648 8.10805 10.1675 9.17822 9.01166 8.66993 7.84351 8.68315 11.545 9.02309 7.81487 7.76085 7.69579 14.0012 11.836
threshold=0.15707236528396609 0 4.0499999523162851 5.5000000000000009 11.550000190734865 1 5.4500000476837167 5.4166667461395273 18.22500038146973 1.7083333134651186 4.3380954265594491 4.6499998569488534 0.90000000596046459 1.1000000238418581 1.4499999880790713 1.8999999761581423 59.166666030883796 2.1666666269302373 4.5833332538604745 1.1666666865348818 9.7750000953674334 4.9500000476837167 0.35669998824596411 0.77500000596046459 10.775000095367433 10.416666507720949 0.22500000149011615 0.55000001192092907 0.036054998636245734 24.633333206176761
decision_type=2 9 2 2 2 9 2 2 2 10 2 2 8 10 2 10 2 10 2 10 2 2 10 2 2 2 10 2 8 2
left_child=1 11 -3 4 5 6 25 27 -9 10 -8 -1 -5 15 -15 -14 17 18 19 -16 -19 -18 23 24 -23 -2 -26 28 -7 -29
right_child=3 2 -4 12 -6 7 9 8 -10 -11 -12 -13 13 14 16 -17 21 20 -20 -21 -22 22 -24 -25 26 -27 -28 29 -30 -31
leaf_value=-0.034270433090424504 -0.028516577142268164 -0.014542234183689115 0.0048297347415494239 -0.0029333790969750385 0.026477137212941711 -0.0006911344641720692 -8.9323673176603042e-05 -0.025722296891796337 -0.00064954556553406518 -0.011321216700683676 0.026897094742286118 -0.013911335497551046 0.010299476416880133 0.033745278732864335 -0.018769660742724206 0.033950855715832777 0.015957325708137966 0.0037738236123164822 0.032986004811445806 0.011150558682586711 -0.034370434615275856 -0.050765546735070499 0.010742871859004306 0.052946692617737483 -0.044167309902467256 -0.0096153319259385008 -0.001952150390867322 -0.0057054092629104727 0.010104576772574645 0.001177124658705699
leaf_weight=110.37666045455262 73.275481514632702 171.25799140706658 271.83585694991052 235.26515778712928 44.401064246892929 602.68624907638878 434.20433230791241 69.161686878651381 87.974190700799227 178.43034235667437 36.151675425469875 105.61781330220401 145.39861597679555 32.790047951042652 48.858900560066104 59.669707834720612 151.13222635909915 22.56031446903944 20.989607458934188 51.896982537582517 43.855385050177574 12.256723046302794 142.65019934251904 7.7403065115213385 12.002620384097098 215.56910404190421 117.14219913631678 719.81902703270316 598.66188220307231 4725.447324231267
leaf_count=12224 1591 12653 8020 1692 309 8133 2709 430 735 1182 251 7605 1113 149 222 459 1280 125 135 241 200 69 1207 69 107 1205 974 5077 6035 27550
internal_value=6.21956e-05 -0.00975517 -0.00259897 0.000790038 0.000151423 4.30515e-07 -0.00553886 0.000770813 -0.0116851 -0.0016746 0.00198486 -0.0232392 0.00529291 0.00752017 0.00453585 0.0171814 0.00301818 -0.00567711 0.00290753 -0.00335846 -0.0214135 0.00671207 0.00192354 -0.00651191 -0.00976667 -0.0144103 -0.00587559 0.00106645 0.00468864 0.000267311
internal_weight=9549.08 659.088 443.094 8889.99 7785.78 7741.38 937.631 6803.75 157.136 648.786 470.356 215.994 1104.21 868.944 663.876 205.068 631.085 188.161 121.745 100.756 66.4157 442.924 291.792 149.142 141.402 288.845 129.145 6646.61 1201.35 5445.27
internal_count=103751 40502 20673 63249 55207 54898 6938 47960 1165 4142 2960 19829 8042 6350 4778 1572 4629 923 598 463 325 3706 2426 1219 1150 2796 1081 46795 14168 32627
cat_boundaries=0 1 2
cat_threshold=36 5
is_linear=0
shrinkage=0.05


Tree=95
num_leaves=31
num_cat=0
split_feature=18 19 14 11 31 29 24 3 20 25 17 5 27 1 2 28 19 11 31 2 25 9 5 1 27 29 25 13 10 3
split_gain=35.1457 21.1106 12.1257 7.84936 7.05465 8.85332 7.81032 6.45032 6.2874 11.2524 19.1341 12.2277 8.58112 11.0032 7.83312 7.16567 7.15632 6.83649 10.8506 6.8266 7.28311 13.0104 7.82563 7.42076 6.77988 7.3581 8.16258 8.61354 12.0745 10.2253
threshold=0.040833333507180221 19.500000000000004 0.42581000924110418 37.100000381469734 5.1499998569488534 0.22500000149011615 1.1666666865348818 4.0833332538604745 2.5000000000000004 1.1000000238418581 0.36666667461395269 0.81909999251365673 1.4499999880790713 36.416666030883796 35.166666030883796 1.0000000180025095e-35 2.5000000000000004 5.7750000953674325 6.7500000000000009 4.4166667461395273 0.45000000298023229 2.8999999761581425 0.70059999823570263 82.416667938232436 0.70833334326744091 0.45000000298023229 2.1000000238418584 0.01199300028383732 9.0999999046325701 4.2166664600372323
decision_type=2 2 10 2 2 10 10 2 2 10 2 10 10 2 2 10 2 2 2 2 10 2 10 2 10 10 10 10 2 2
left_child=1 4 -3 8 5 -1 -7 -8 15 10 16 12 19 -14 24 17 -10 18 -2 -12 21 -21 -22 -23 -11 -26 27 -27 -29 -30
right_child=3 2 -4 -5 -6 6 7 -9 9 14 11 -13 13 -15 -16 -17 -18 -19 -20 20 22 23 -24 -25 25 26 -28 28 29 -31
leaf_value=0.027744603703066573 0.015199851858301231 -0.034915437749376978 0.056776166406138223 0.043302452885508769 0.011751017841594911 -0.023440501877022235 -0.0051121819682914639 -0.090352686868027998 -0.048537480841991255 -0.0039088000825800266 0.040377332561528402 0.020342354903815425 -0.046719657422222914 0.012894669281521894 -0.043902985503859945 -0.00033696860341609659 -0.0091030188655598868 0.0010964800461002687 0.086111691821199945 -0.057071922730579094 0.0033641406479404585 0.0087808073598373837 -0.037982735706979437 -0.023393003796990941 -0.0090419109381486406 0.012794218277163972 0.019775802997431993 0.065890034112827706 -0.0070298155525470446 0.0092321119037418759
leaf_weight=14.830736852716653 79.359552213456482 111.70327936438844 3.7259536124765864 10.786674968898295 42.678429805207998 97.141677740029991 193.07691149227321 2.2451748400926581 11.930153848603366 129.91960601508617 8.1642318740487081 101.83200404047966 8.1414473950862867 157.10532649978995 7.6657754220068446 6885.5849888883531 322.66094699129462 108.59716798365116 5.7880238909274331 16.897567488253117 150.14844558015466 33.719999603927135 12.388089850544928 38.252977192401886 57.806710180826485 359.99040144495666 155.74406621977687 7.2804091796278945 198.33881672844291 188.57178824022412
leaf_count=611 724 12916 21 111 1745 7750 12035 12 97 873 38 943 37 1208 69 53780 1814 659 42 83 1112 182 84 389 399 2569 1023 44 1125 1324
internal_value=-1.31419e-05 -0.0134133 -0.0319557 0.000675463 -0.0072976 -0.00994316 -0.0118543 -0.006092 0.000624633 0.00312568 -0.00115902 0.00478127 0.00105116 0.00995757 0.00646424 -7.01311e-05 -0.0105091 0.00941313 0.0200202 -0.00461878 -0.00607999 -0.017589 0.000212795 -0.00831928 0.00681599 0.00825581 0.00935472 0.00720269 0.00209629 0.000895893
internal_weight=9522.08 465.402 115.429 9056.68 349.973 307.295 292.464 195.322 9045.89 1966.56 861.241 526.65 424.818 165.247 1105.32 7079.33 334.591 193.745 85.1476 259.571 251.407 88.8705 162.537 71.973 1097.65 967.732 909.925 754.181 394.191 386.911
internal_count=103819 35090 12937 68729 22153 20408 19797 12047 68618 13413 5987 4076 3133 1245 7426 55205 1911 1425 766 1888 1850 654 1196 571 7357 6484 6085 5062 2493 2449
is_linear=0
shrinkage=0.05


Tree=96
num_leaves=31
num_cat=2
split_feature=18 19 32 1 32 10 20 19 10 5 12 16 20 19 27 22 22 9 8 5 22 18 1 19 29 18 18 25 10 30
split_gain=21.8484 23.316 13.5573 19.4735 11.6735 10.764 10.461 9.14126 8.85773 13.5204 9.28574 8.50404 8.04399 7.53902 7.23128 6.61761 6.64038 6.54681 14.1543 8.85166 10.1114 14.5417 11.0403 8.3746 13.5571 12.0442 9.41656 8.36057 7.43863 7.36225
threshold=0.056349206715822227 17.500000000000004 0 4.8333332538604745 1 2.6333333253860478 -1.4999999999999998 1.5000000000000002 70.450000762939467 1.6573166251182558 5.2099997997283944 0.90000000596046459 10.500000000000002 36.500000000000007 1.1000000238418581 3.1666666269302373 1.0000000180025095e-35 0.90000000596046459 1.0000000180025095e-35 0.0112166665494442 0.83333334326744091 0.6711711883544923 39.833333969116218 18.500000000000004 1.3666666746139529 1.6566964387893679 2.8268365859985356 3.1000000238418584 27.633333206176761 1.0000000180025095e-35
decision_type=2 2 9 2 9 2 2 2 2 8 2 2 2 2 8 10 10 2 2 8 10 2 2 2 10 2 2 10 2 2
left_child=1 4 6 -4 -1 -3 -2 -6 11 -10 12 17 -11 15 -5 16 -12 18 19 20 21 -8 -22 24 -21 27 -26 29 -20 -25
right_child=2 5 3 14 7 -7 8 -9 9 10 13 -13 -14 -15 -16 -17 -18 -19 28 23 22 -23 -24 25 26 -27 -28 -29 -30 -31
leaf_value=0.0033247301773829153 -0.030465930698753765 -0.032465906770789192 -0.026008342010763796 0.0028522612033819103 0.0077396960477330622 0.0059946540378762268 -0.0098290982397763182 -0.026533706795748936 0.0077742021540237799 0.0020725649931374779 0.042576431985719129 -0.054683439195571774 0.044375559807109645 -0.058939247834190647 -0.0058546751413890994 0.024618349946747928 -0.0094828770701287125 -0.0011834233117548325 0.01582278792317042 0.015007394751856074 -0.010273363678795035 0.028251294580751943 0.048669931885091527 0.001575843273114279 0.00031570976067580464 0.0113375129919075 0.063065969454352014 0.034403601872639987 0.056759957220934631 -0.0087622298371955818
leaf_weight=228.9113000407815 26.034204617142677 127.2884054989554 97.958129654638469 375.42454930208623 26.069125958718359 21.225585563108325 49.942927067633718 76.680906384717673 1134.5555204115808 1046.324245646596 6.2747329175472251 7.0633789971470824 11.359487317502497 6.9808556139469138 653.66431435197592 16.264285251498222 257.41663137450814 3275.2930350657552 38.366191580891609 324.67582621891052 324.14526040758938 50.338055197149515 8.1438198536634427 341.71571730542928 395.19769817776978 190.43516296520829 6.0704567171633235 14.75527569465339 15.61242491006851 347.18858011532575
leaf_count=10723 142 15319 2857 2188 922 194 1237 8802 8714 8080 45 34 115 52 3861 136 2053 16603 219 2706 6903 650 39 3220 3273 1145 37 112 76 3209
internal_value=-0.000111701 -0.0105042 0.000441463 -0.00466464 -0.00313134 -0.0269691 0.00117488 -0.016256 0.00128107 0.00375447 0.000362718 0.000143185 0.0025269 -0.00761472 -0.00267828 -0.00633491 -0.00824409 0.000215142 0.00238961 0.00172498 -0.00462927 0.00928612 -0.00882877 0.00342164 0.00741124 0.000182352 0.00126501 -0.00283663 0.0276632 -0.00363426
internal_weight=9501.38 480.175 9021.2 1127.05 331.661 148.514 7894.15 102.75 7868.12 2479.18 1344.62 5388.94 1057.68 286.937 1029.09 279.956 263.691 5381.88 2106.59 2052.61 432.57 100.281 332.289 1620.04 725.944 894.095 401.268 703.66 53.9786 688.904
internal_count=103666 35960 67706 8906 20447 15513 58800 9724 58658 19195 10481 39463 8195 2286 6049 2234 2098 39429 22826 22531 8829 1887 6942 13702 6016 7686 3310 6541 295 6429
cat_boundaries=0 1 2
cat_threshold=42 10
is_linear=0
shrinkage=0.05


Tree=97
num_leaves=31
num_cat=0
split_feature=1 2 25 31 19 7 31 18 23 19 31 18 1 19 12 18 23 31 10 23 2 2 23 21 25 27 26 10 31 28
split_gain=25.2398 13.9528 12.1467 11.9814 11.6967 9.67371 10.1263 8.45144 9.6412 8.26033 16.7971 7.73769 7.73714 7.57997 8.223 7.57543 7.30586 7.34759 8.4552 9.60355 9.07253 15.088 9.16781 8.24196 10.8029 7.42342 7.2351 8.10278 8.93159 7.11089
threshold=1.0000000180025095e-35 13.166666507720949 1.4499999880790713 4.6499998569488534 7.5000000000000009 1.0000000180025095e-35 9.5500001907348651 2.4677083492279057 1.1000000238418581 18.500000000000004 7.9500000476837167 0.065591398626565947 57.416666030883796 32.500000000000007 6.6449999809265146 0.040833333507180221 2.8999999761581425 5.4500000476837167 17.10000038146973 1.5500000119209292 4.5833332538604745 7.8333332538604745 0.90000000596046459 1.0000000180025095e-35 1.5500000119209292 1.1000000238418581 0.83333334326744091 22.22500038146973 6.9500000476837167 1.1666666865348818
decision_type=2 2 8 2 2 2 2 2 10 2 2 2 2 2 2 2 10 2 2 10 2 2 10 2 10 10 8 2 2 8
left_child=2 5 3 -1 26 13 -7 8 -4 10 -10 -6 -3 -2 16 -11 17 18 19 -15 -20 22 25 24 -24 -22 -5 28 -28 -14
right_child=1 12 7 4 11 6 -8 -9 9 15 -12 -13 29 14 -16 -17 -18 -19 20 -21 21 -23 23 -25 -26 -27 27 -29 -30 -31
leaf_value=-0.01904132212830718 -0.00050898857306117126 -0.0042245688079090276 0.0048277540952920365 0.054972622664331165 -0.034882828702330351 -0.0072705437130183258 0.032578842545842999 0.028196477745558363 -0.0020561865096263682 -0.040454220616658786 0.20856757758560326 -0.0054218822666730754 0.0015569250838571092 0.038005785784871689 0.046144050528009559 -0.011891575240160936 -0.031810205758414208 -0.0042063076071387302 -0.0051968255933360352 0.0021605685718970018 0.034248971807766669 0.00065172787813231302 0.043892645449233603 0.04009970996469444 -0.029478950403176826 -0.017946367094505103 -0.0099260160126291991 0.098595699685943686 0.082189485277183838 0.0076086337540750924
leaf_weight=312.71311693591997 4887.2298414073884 248.39642282575369 206.97102347156033 10.952974562533198 25.533494307659566 632.83439031243324 16.354100659489632 22.465714165940881 123.88892251625657 30.037068005185574 0.95387447718530793 175.30582027509809 822.14436658471823 45.576763461343944 11.989461176097391 102.1949852318503 13.6706081405282 160.15806050039828 138.16598789021373 31.669758601114154 10.400382928550245 166.20320428907871 9.1912862211465853 69.562406614422798 11.04566880315542 19.744308143854141 24.52373003773392 2.2527891546487799 2.9478141656145445 1185.1325030885637
leaf_count=18989 29539 1138 9257 338 3084 3321 96 313 6532 3922 22 3623 6518 368 70 2538 88 868 752 277 51 885 52 329 60 96 1003 23 73 9416
internal_value=-0.000171137 0.000730801 -0.00751971 -0.0125806 -0.00421537 -0.000490228 -0.00626667 -0.00175436 -0.00320436 -0.00967102 -0.000446894 -0.00916737 0.00409984 0.000182465 0.00509867 -0.0183797 0.00437004 0.00511749 0.00809477 0.0233099 0.00532485 0.0104052 0.0239204 0.0319295 0.0038452 6.18291e-05 0.0202345 0.00743403 -4.16288e-05 0.00512996
internal_weight=9520.21 8479.47 1040.74 554.23 241.517 6223.8 649.188 486.512 464.046 257.075 124.843 200.839 2255.67 5574.61 687.378 132.232 675.388 661.718 501.56 77.2465 424.313 286.147 119.944 89.7994 20.237 30.1447 40.6773 29.7243 27.4715 2007.28
internal_count=103641 53924 49717 27133 8144 36852 3417 22584 22271 13014 6554 6707 17072 33435 3896 6460 3826 3738 2870 645 2225 1473 588 441 112 147 1437 1099 1076 15934
is_linear=0
shrinkage=0.05


Tree=98
num_leaves=31
num_cat=0
split_feature=18 19 18 31 18 30 19 23 14 26 2 20 18 11 10 3 2 19 0 3 1 17 11 1 1 2 20 11 19 18
split_gain=33.5916 12.2771 15.6413 10.1009 9.85177 9.18931 8.75009 10.7158 8.07738 7.92053 7.85251 7.8132 7.77822 11.3674 8.18439 7.58723 9.51908 8.74832 8.74459 7.32387 7.29823 7.12732 7.24437 10.3294 9.07319 8.94371 8.03565 8.02728 7.92496 7.24713
threshold=0.28801843523979193 18.500000000000004 1.0000000180025095e-35 5.0499999523162851 2.1231060028076176 1.0000000180025095e-35 36.500000000000007 1.7749999761581423 0.56420001387596141 1.0000000180025095e-35 26.833333015441898 3.5000000000000004 3.4027028083801274 28.633333206176761 83.099998474121108 5.0416667461395273 17.416666984558109 7.5000000000000009 4.8333332538604745 0.38333334028720861 81.416667938232436 0.45000000298023229 19.899999618530277 48.416666030883796 66.166667938232436 24.833333015441898 6.5000000000000009 23.22500038146973 6.5000000000000009 3.6324561834335332
decision_type=2 2 2 2 2 2 2 10 10 8 2 2 2 2 2 2 2 2 2 2 2 2 2 2 2 2 2 2 2 2
left_child=1 3 -3 -1 15 6 21 -8 -7 -5 11 -10 -12 14 -14 16 -2 -17 -18 -11 -20 22 24 -24 28 -26 -27 -25 -6 -29
right_child=4 2 -4 9 5 8 7 -9 10 19 12 -13 13 -15 -16 17 18 -19 20 -21 -22 -23 23 27 25 26 -28 29 -30 -31
leaf_value=-0.007185086873531323 -0.00034061085197639198 -0.033336826856076557 -0.009464842969984448 0.059511674473252119 -0.013930631049319804 0.0029469257233561887 -0.0017579937475344619 -0.052629393064377132 0.0080963520784116776 -0.0019093587816651871 0.027322987534588283 0.020901564179501925 -0.018506241117267671 0.017722410995746892 -0.088246994958147862 0.030347554119356659 -0.020795249132412257 0.0042523831673176903 0.040510158000507931 0.038838165326243568 -0.0083326115239984507 0.0095708790196085743 -0.049107607490170416 0.023680823846859839 -0.0047043584470460543 -0.077446354092718911 -0.0041357963666492237 -0.030579987015438789 0.0041187128240200528 0.0096137106301402361
leaf_weight=504.54966134298593 4658.7871492132545 99.474789227358997 221.2049172273837 8.0443753642030043 66.73910007905215 1064.1559181911871 26.661478534340858 16.922122545540333 519.14092233404517 50.910029804334044 8.8103209063410741 154.59711734205484 8.9252601563930565 9.1924113444983941 7.9574659727513781 37.94438162446022 104.60889582335949 209.15588834136724 11.637123450636862 14.076641548424957 22.312228783965111 220.60663502663374 6.9288572445511809 80.920546188950539 605.91241382062435 8.1266760490834695 6.9214610643684855 14.990340270102022 685.18945572152734 44.526568714529276
leaf_count=23385 32549 12740 5933 126 357 7256 174 114 3439 2175 67 1282 64 94 91 244 693 1099 58 102 166 1776 33 770 4796 61 54 117 3630 417
internal_value=0.000175541 -0.00902504 -0.0168699 -0.00466947 0.00113635 0.0031514 0.000618421 -0.0215097 0.00570105 0.0127102 0.00983697 0.0110347 -0.0132938 -0.0270175 -0.0513777 -0.000284624 -0.000724713 0.00825952 -0.0136395 0.00691689 0.00840966 0.00117241 -4.63006e-05 0.0104886 -0.00117712 -0.00565001 -0.0437268 0.0134289 0.0025167 -0.000509752
internal_weight=9499.93 898.26 320.68 577.581 8601.67 3557.23 1784.45 43.5836 1772.78 73.031 708.623 673.738 34.8855 26.0751 16.8827 5044.45 4797.35 247.1 138.558 64.9867 33.9494 1740.86 1520.26 147.366 1372.89 620.961 15.0481 140.437 751.929 59.5169
internal_count=103862 44461 18673 25788 59401 24592 12299 288 12293 2403 5037 4721 316 249 155 34809 33466 1343 917 2277 224 12011 10235 1337 8898 4911 115 1304 3987 534
is_linear=0
shrinkage=0.05


Tree=99
num_leaves=31
num_cat=2
split_feature=18 14 29 22 27 31 5 32 31 21 23 32 31 25 23 11 31 18 18 21 26 24 31 16 29 18 20 22 0 4
split_gain=16.9477 19.3249 11.2854 11.6826 10.2036 8.96877 8.53801 8.28859 13.6686 11.057 10.0786 7.98875 8.56387 7.67517 8.78002 7.62517 7.46917 10.2385 9.37862 8.251 8.8667 10.1829 9.53845 10.1115 9.94309 9.09378 12.346 9.60528 12.1531 7.78042
threshold=0.10960961133241655 0.19240000098943713 2.1000000238418584 1.8333333134651186 4.0999999046325692 8.3499999046325701 0.35669998824596411 0 5.1499998569488534 44.500000000000007 0.55000001192092907 1 4.1499998569488534 1.4499999880790713 0.45000000298023229 0.36666667461395269 5.5499999523162851 3.1017241477966313 5.7360682487487802 38.500000000000007 2.4166666269302373 0.41666667163372045 5.9500000476837167 0.29166667163372045 1.2250000238418581 1.4202036857604983 1.0000000180025095e-35 2.1666666269302373 1.5833333134651186 0.023108333349227909
decision_type=2 8 8 10 8 2 8 9 2 2 10 9 2 10 8 2 2 2 2 2 8 10 2 2 10 2 2 10 2 10
left_child=1 4 5 13 11 6 -3 16 9 -9 -10 12 -1 14 -4 -15 17 -2 19 20 22 -22 23 29 25 -24 27 -27 -29 -18
right_child=7 2 3 -5 -6 -7 -8 8 10 -11 -12 -13 -14 15 -16 -17 18 -19 -20 -21 21 -23 24 -25 -26 26 -28 28 -30 -31
leaf_value=-0.021811003464504219 0.0012165308074477312 0.051676060662829995 0.10727223738429353 -0.011404261793538321 0.18089797407123526 0.14793226716031366 -0.0062603295286161268 -0.025491969938348864 0.016980693942252979 -0.00036832536434938104 -0.0025547939289931373 -0.029389925192273594 0.00053466451594679778 0.077602493640940046 -0.01415580342297928 0.012006445930669142 0.0024146156793826562 0.0080547927037642846 0.014010979866839558 -0.0057155330140450994 -0.064973616307642632 -0.0078447963311463736 -0.021189159933908235 -0.05608220714850623 0.015781907269591063 -0.021522338045530647 0.023979296934715073 0.065384598902682681 -0.012851289210570771 -0.023029382237535645
leaf_weight=83.737402339931577 5540.4391039507464 6.552601531147956 1.7855419828556485 16.484622192569077 0.64335118001326819 0.96856883261352678 215.31050314754248 114.8881985321641 71.466708831489086 70.770037204027176 866.72553725540638 100.17422272777185 87.869756202213466 14.788942161481829 8.9535114178434014 6.3251255024224511 151.96760519500822 607.3826837297529 87.906440660357475 947.90727747604251 9.0449587730690819 56.676380690187216 40.916626187972724 9.2759065106511098 205.1629020627588 44.472876338288188 53.339364215731621 8.5419179853051919 11.849894948303698 37.448893059045076
leaf_count=8692 40312 85 65 443 47 13 11955 1906 437 374 5847 12620 3518 648 560 51 1274 5385 781 5809 60 377 371 50 1284 280 232 66 53 213
internal_value=-1.31764e-05 -0.00858483 0.000864336 0.0227648 -0.0179905 -0.00388643 -0.00454921 0.000508243 -0.00348859 -0.0159152 -0.00106668 -0.0184613 -0.00979816 0.040448 0.00603358 0.0579519 0.00108629 0.00189213 -0.00188353 -0.00276976 0.00167168 -0.0157072 0.00370048 -0.0051119 0.00850704 -0.00087283 0.00615972 -0.00849363 0.0199209 -0.00261583
internal_weight=9479.78 543.594 271.169 48.3377 272.425 222.832 221.863 8936.18 1123.85 185.658 938.192 271.781 171.607 31.8531 10.7391 21.1141 7812.33 6147.82 1664.51 1576.6 628.697 65.7213 562.976 198.692 364.284 159.121 118.204 64.8647 20.3918 189.416
internal_count=103808 38697 13820 1767 24877 12053 12040 65111 8564 2280 6284 24830 12210 1324 625 699 56547 45697 10850 10069 4260 437 3823 1537 2286 1002 631 399 119 1487
cat_boundaries=0 1 2
cat_threshold=42 10
is_linear=0
shrinkage=0.05


Tree=100
num_leaves=31
num_cat=3
split_feature=21 32 31 4 18 32 12 1 31 23 31 31 19 0 19 3 32 18 19 3 1 9 31 12 2 11 27 18 1 31
split_gain=19.3517 19.0039 13.6689 11.228 9.63491 13.0798 9.55736 9.05195 8.52133 8.5655 8.18239 8.07566 11.7304 9.30634 7.89233 9.73552 7.7182 9.91661 8.98334 7.61353 10.9826 7.34068 10.8696 10.6414 9.29474 9.13604 9.69235 8.32427 7.48305 7.26151
threshold=1.0000000180025095e-35 0 5.1499998569488534 0.063173331320285811 0.58957219123840343 1 1.544999957084656 2.4166666269302373 8.5500001907348651 0.29166667163372045 12.550000190734865 4.0499999523162851 16.500000000000004 0.41666667163372045 36.500000000000007 0.78333333134651195 2 3.5067567825317387 36.500000000000007 3.9416667222976689 24.166666984558109 1.4499999880790713 6.3500001430511483 1.3550000190734866 14.583333492279055 3.1000000238418584 0.22500000149011615 1.2880184054374697 72.416667938232436 3.9500000476837163
decision_type=2 9 2 8 2 9 2 2 2 10 2 2 2 2 2 2 9 2 2 2 2 2 2 2 2 2 8 2 2 2
left_child=1 3 -3 4 5 6 11 -2 9 -4 16 29 13 -13 -6 -16 17 18 -9 20 -10 22 25 24 28 26 -18 -28 -23 -1
right_child=7 2 8 -5 14 -7 -8 10 19 -11 -12 12 -14 -15 15 -17 21 -19 -20 -21 -22 23 -24 -25 -26 -27 27 -29 -30 -31
leaf_value=0.0036648896143045258 0.018018191079564729 -0.037418908641476872 0.046594945226805184 0.00064303894080398188 -0.0033862878915339664 -0.023957045011182961 -0.062330429754936592 0.0054886412977420288 0.039729034909982877 -0.017148850786989137 0.034186318260726316 0.018220734610249572 -0.012476081294425333 -0.038920925458180801 0.047541968475901752 -0.03227339574992432 0.030866026747191327 0.025074871578555299 -0.051714594183777052 0.07377689213652909 -0.043470817950895357 -0.011605001642918219 0.014248384726716721 -0.00029028036208044431 0.016420108495917598 0.0042341194435674802 -0.0059083682268595006 0.0053273395110028056 -0.03951520284104592 -0.022531536992558346
leaf_weight=39.062328027095646 77.630161945708096 65.806853814050555 5.4730135295540085 1210.1270408271812 582.38988408632576 143.06134811323136 7.2341657504439345 191.52905911952257 8.8928160173818522 142.12657654797658 18.357143167406321 92.820461863651872 73.215726062655449 7.7179391458630553 15.634690247476103 5.0560755655169478 21.53787774965167 72.211451128125191 7.1184425130486479 4.9086330980062476 7.159928247332572 145.89169324189425 184.98955130949616 3991.3291184976697 24.95973040163517 1353.6672500446439 656.0767604149878 220.16910026967525 28.747793398797512 81.953191775362939
leaf_count=2533 1045 4655 76 20453 5710 12194 51 1808 154 2719 173 2472 2543 69 190 28 121 1148 53 22 39 675 911 24897 142 6855 3975 1064 158 6890
internal_value=-0.000308539 -0.00409129 -0.017353 -0.0026265 -0.00642637 -0.0120067 -0.00537448 0.00103958 -0.0105487 -0.0147852 0.000849018 -0.00415901 0.00274769 0.0138342 -0.00230817 0.028038 0.000760303 0.00887919 0.00343879 0.019283 0.00261981 0.000414463 0.00259754 -0.000853704 -0.0121203 0.00164025 -0.00227075 -0.00308524 -0.0161994 -0.0140757
internal_weight=9486.86 2492.64 234.368 2258.27 1048.15 445.065 302.004 6994.22 168.561 147.6 6916.58 294.77 173.754 100.538 603.081 20.6908 6898.23 270.859 198.648 20.9614 16.0527 6627.37 2436.44 4190.93 199.599 2251.45 897.784 876.246 174.639 121.016
internal_count=103823 60798 7665 53133 32680 26752 14558 43025 3010 2795 41980 14507 5084 2541 5928 218 41807 3009 1861 215 193 38798 12926 25872 975 12015 5160 5039 833 9423
cat_boundaries=0 1 2 3
cat_threshold=42 10 8
is_linear=0
shrinkage=0.05


Tree=101
num_leaves=31
num_cat=2
split_feature=18 32 31 31 24 20 2 27 19 18 32 31 27 14 23 29 17 3 10 19 2 17 20 3 14 4 22 3 31 3
split_gain=22.6077 11.6445 13.3936 10.8032 11.6193 9.47182 8.85331 7.82763 7.60018 11.2099 7.53423 11.085 10.3264 7.67227 7.21557 9.53978 9.21226 9.30106 9.21727 8.67233 8.35065 7.96745 7.20686 7.05828 6.58533 6.82549 6.5263 10.1883 9.49568 6.64847
threshold=0.28801843523979193 0 5.7500000000000009 4.7500000000000009 1.8333333134651186 5.5000000000000009 11.166666507720949 4.0999999046325692 20.500000000000004 0.22401433438062671 1 4.2500000000000009 0.77500000596046459 1.3790000081062319 1.4499999880790713 0.45000000298023229 0.45000000298023229 3.7833333015441899 36.45000076293946 3.5000000000000004 13.583333492279055 0.55000001192092907 2.5000000000000004 1.541666626930237 0.37206000089645391 0.063173331320285811 1.5833333134651186 4.4833333492279062 6.4500000476837167 9.5166668891906756
decision_type=2 9 2 2 8 2 2 8 2 2 9 2 10 10 10 10 2 2 2 2 2 2 2 2 10 10 10 2 2 2
left_child=1 2 -1 4 7 -2 10 -3 -5 -10 23 13 -13 22 15 20 17 18 24 -19 -7 -17 -12 -6 25 -16 27 -21 -29 -28
right_child=5 3 -4 8 6 14 -8 -9 9 -11 11 12 -14 -15 16 21 -18 19 -20 26 -22 -23 -24 -25 -26 -27 29 28 -30 -31
leaf_value=-0.042206667039474656 0.00031071883598398796 -0.014701000326733923 0.01307162274316395 0.010691958985630558 -0.02471498376025575 -0.049360430674382415 -0.062716092896962464 0.098390120622289745 -0.027167570428906069 0.034552398027264355 -0.011865703505341876 -0.016913515281587684 0.022792780515699815 0.051592112054888228 0.01898771325238369 0.014078840592069193 0.014113979069786207 -0.028891072332214815 -0.018538836712426999 -0.064691200112546615 0.0031675572647923509 -0.0074427429393259291 0.10709332241013639 0.069573565290113173 -0.031365894242827756 -0.016333634656789425 0.014105577713987783 0.021327156878346923 -0.033991575253846738 -0.0074030455734731705
leaf_weight=51.538806432858109 7471.0000837054104 378.31339204218239 13.916868042666463 140.92991115152836 40.547030902933329 12.026391270570455 5.6056273579597464 1.5362905003130425 33.047838340047747 9.4635268617421371 94.633145268075168 19.891100141219795 92.622862390242517 5.2892154939472666 49.815375675447285 400.64121472928673 119.49720307067037 18.342244233936071 118.71456848084927 7.4540093019604674 20.401496678590775 48.175280511379242 1.2905467078089703 2.0869786962866774 11.650115117430685 18.853718787431717 184.12314052507281 20.187185537070036 12.599038138985632 44.6387013271451
leaf_count=4610 51169 21980 667 4619 3321 63 31 45 2348 178 4471 329 1689 28 290 2823 1072 154 872 54 169 494 6 11 52 89 1233 148 97 379
internal_value=0.000156219 -0.00742483 -0.0264177 -0.00553127 -0.0086567 0.000945241 -0.000555711 -0.0142436 0.00510231 -0.013428 0.000803498 0.00475091 0.0157732 -0.00703268 0.00530586 0.00987648 0.00167543 -0.00138057 -0.00968839 0.00437398 -0.0163133 0.0117687 -0.0102652 -0.0162807 0.00339289 0.00928992 0.0066422 -0.0119267 6.93621e-05 0.00990856
internal_weight=9448.83 890.713 65.4557 825.257 641.816 8558.12 261.967 379.85 183.441 42.5114 256.361 213.727 112.514 101.213 1087.12 481.244 605.875 486.378 199.034 287.344 32.4279 448.816 95.9237 42.634 80.3192 68.6691 269.002 40.2402 32.7862 228.762
internal_count=103491 44333 5277 39056 31911 59158 9886 22025 7145 2526 9855 6523 2018 4505 7989 3549 4440 3368 1303 2065 232 3317 4477 3332 431 379 1911 299 245 1612
cat_boundaries=0 1 2
cat_threshold=4 32
is_linear=0
shrinkage=0.05


Tree=102
num_leaves=31
num_cat=1
split_feature=10 32 22 31 20 3 27 9 4 19 20 21 23 19 27 28 19 31 19 31 25 27 31 19 31 31 19 23 31 28
split_gain=16.0305 16.4276 9.86967 9.22285 8.95471 10.2067 13.1128 9.35491 8.93494 8.29429 8.13173 9.95366 7.87323 14.5019 24.6023 7.66288 7.66253 7.16595 7.39628 10.6348 8.47916 7.98616 6.84722 6.65679 7.90881 10.7881 6.42449 11.293 6.34088 6.58825
threshold=1.0000000180025095e-35 0 0.83333334326744091 4.6499998569488534 -1.0000000180025095e-35 2.3833333253860478 1.7749999761581423 1.7749999761581423 1.0000000180025095e-35 3.5000000000000004 9.5000000000000018 44.500000000000007 0.90000000596046459 28.500000000000004 1.3666666746139529 0.83333334326744091 24.500000000000004 4.1499998569488534 19.500000000000004 4.2500000000000009 1.0000000180025095e-35 3.2250000238418584 5.4500000476837167 34.500000000000007 4.2500000000000009 3.9500000476837163 11.500000000000002 1.7749999761581423 5.8500001430511483 1.8333333134651186
decision_type=2 9 10 2 2 2 10 2 8 2 2 2 10 2 10 10 2 2 2 2 10 8 2 2 2 2 2 10 2 10
left_child=1 3 22 8 5 7 -7 -2 -1 15 -6 -12 13 -10 -15 -5 -13 -4 19 26 -21 -20 23 -3 25 -25 -19 -28 29 -18
right_child=4 2 17 9 10 6 -8 -9 12 -11 11 16 -14 14 -16 -17 28 18 21 20 -22 -23 -24 24 -26 -27 27 -29 -30 -31
leaf_value=-0.042317999051488447 -0.011753467425243806 0.0057952552760900874 -0.017524042972537238 -0.035774065117023204 3.1253038705889101e-05 -0.054208606553954854 0.0068856343414687316 0.040491900600710708 0.0040524433058725957 -0.016900689342902696 0.066587743992353163 0.014970888922414603 -0.025507697052783291 0.012986371237611281 0.46614486720350573 0.02729897547824478 -0.0037422341322271382 -0.014666115894463991 -0.012779306640311024 -0.047173694887015977 0.0070566234217895865 0.097505320250010047 0.090532500643625557 -0.0055713703598726863 0.0063682790560730621 0.19295844198503659 0.040070431733141176 0.2194135335409238 -0.019265062355806394 0.037989675672106898
leaf_weight=61.458655442576855 40.468359600752592 107.16905177710578 100.44519840413705 6.169436062686148 8482.6477807443589 27.045494459569454 13.00663450360298 10.869389750063418 8.2250146209262294 112.6794011881575 7.4102506786584845 137.06047864630818 23.827359862625599 0.78640734963118919 0.48375704232603312 21.94336817227304 32.796790264546871 1.3610937166959036 108.30004583112895 7.688608592376112 115.28465398959816 1.666791260242461 2.6169473007321349 1.0918183694593602 3.3549979459494352 1.8332023881375787 2.1690780911594634 1.4744406677782533 38.160004135221243 13.289739411324261
leaf_count=9013 205 5065 9812 228 56303 148 73 57 924 9103 33 1123 2640 100 60 758 246 64 3446 155 3469 57 25 81 96 83 73 57 265 103
internal_value=-0.000456514 -0.00779528 -0.00196659 -0.0181843 0.000118756 -0.015451 -0.0343687 -0.000691914 -0.031014 -0.0108389 0.000282096 0.00958534 -0.0101654 0.0283349 0.185577 0.0134574 0.00767667 -0.00632524 -0.00159782 0.00657369 0.003666 -0.0111077 0.0105716 0.00872715 0.0587601 0.118853 0.0780213 0.112646 -0.00419026 0.00829179
internal_weight=9492.78 690.029 454.456 235.573 8802.75 91.3899 40.0521 51.3377 94.7812 140.792 8711.37 228.717 33.3225 9.49518 1.27016 28.1128 221.307 338.39 237.945 127.978 122.973 109.967 116.066 113.449 6.28002 2.92502 5.00461 3.64352 84.2465 46.0865
internal_count=103865 45309 22483 22826 58556 483 221 262 12737 10089 58073 1770 3724 1084 160 986 1737 17133 7321 3818 3624 3503 5350 5325 260 164 194 130 614 349
cat_boundaries=0 1
cat_threshold=37
is_linear=0
shrinkage=0.05


Tree=103
num_leaves=31
num_cat=2
split_feature=18 19 18 32 1 22 32 10 5 31 15 1 31 10 31 23 12 13 31 29 19 11 3 20 0 5 31 29 23 23
split_gain=21.428 15.2559 10.3711 12.2537 14.4941 10.9814 8.92113 11.5556 8.48412 7.97996 7.72197 10.0306 11.1992 7.50295 7.30658 9.88554 13.2766 8.64016 6.70596 7.66164 7.09202 6.55892 6.54738 6.28832 6.26473 6.49059 6.03831 11.7106 6.00062 7.68743
threshold=0.056349206715822227 4.5000000000000009 2.9016129970550542 0 3.4166666269302373 0.83333334326744091 1 11.09999990463257 1.9276999831199648 4.3500001430511483 0.36666667461395269 87.166667938232436 4.8500001430511483 22.550000190734867 6.6499998569488534 1.5500000119209292 2.2100000381469731 0.46699999272823339 4.0499999523162851 0.36666667461395269 18.500000000000004 -0.90000000596046437 4.0833332538604745 1.5000000000000002 5.1666667461395273 0.24019999802112582 4.9500000476837167 0.36666667461395269 1.5500000119209292 1.8999999761581423
decision_type=2 2 2 9 2 10 9 2 10 2 2 2 2 2 2 10 2 10 2 10 2 2 2 2 2 10 2 10 10 10
left_child=1 22 3 4 13 -4 7 -3 9 -7 21 24 -13 -2 17 16 23 -6 -8 -20 28 -5 26 -16 25 -12 -1 -28 -21 -30
right_child=2 6 5 10 14 8 18 -9 -10 -11 11 12 -14 -15 15 -17 -18 -19 19 20 -22 -23 -24 -25 -26 -27 27 -29 29 -31
leaf_value=-0.00394980698794032 -0.033538404839128795 -0.03582827202024641 0.012302511901749474 0.027420048806633943 -0.0085227611268385416 -0.038034071903883755 -0.020444167280262941 0.27563378576570707 0.021691603739721396 0.0016744223008342924 0.0020466704433674157 -0.0037626629483687897 -0.091927209335017038 0.02372287468870134 0.022358295673910983 -0.0080723898140480192 0.0002583034417525397 0.038634468979402453 0.094864420808230973 -0.0059294393035056788 -0.021315991728836612 0.00035754391590884653 -0.071705080380887104 0.064142228060034792 0.010914185740222314 -0.034046176468436232 -0.042671985011588122 0.026203934702570198 0.054667577136884006 -0.0011773117206157445
leaf_weight=121.62030752096325 63.085693268571049 84.479866134468466 307.52189379464835 22.470747595652938 480.54322768002748 12.754351035691796 92.284956758841872 0.29885163903236289 52.998879209160805 1583.1940057091415 22.621770791709423 6.5684463977813703 7.9755440801382065 6.2912068106234065 24.478180453181267 89.225551638752222 60.693841859698296 9.9136492088437063 2.0074158851057282 38.924844365566969 36.631216119043529 6160.7132660793141 3.0572162568569174 14.244245387613772 30.415279112756252 27.718658395111561 7.1798588121309868 43.939448747783899 11.831761714071037 12.860995579510925
leaf_count=5107 2263 14339 2387 156 2904 272 10131 3 510 11513 114 63 69 74 141 477 307 56 101 1578 2584 45946 16 62 161 134 180 1007 518 591
internal_value=-0.000127524 -0.010712 0.000408703 -0.000487722 -0.0064903 0.00362835 -0.0179744 -0.031066 0.00201066 0.00135708 0.000237821 -0.0138861 -0.0521098 -0.0283459 -0.0043531 0.00400951 0.014853 -0.00756957 -0.0101506 -0.00185347 -0.00379018 0.000455894 0.000827165 0.0377287 -0.00700207 -0.0178269 0.00211087 0.0165301 0.00630124 0.0255813
internal_weight=9438.55 455.117 8983.43 7026.96 748.476 1956.47 279.32 84.7787 1648.95 1595.95 6278.48 95.2997 14.544 69.3769 679.099 188.642 99.4163 490.457 194.541 102.256 100.249 6183.18 175.797 38.7224 80.7557 50.3404 172.74 51.1193 63.6176 24.6928
internal_count=103764 36155 67609 52927 6284 14682 29845 14342 12295 11785 46643 541 132 2337 3947 987 510 2960 15503 5372 5271 46102 6310 203 409 248 6294 1187 2687 1109
cat_boundaries=0 1 2
cat_threshold=4 36
is_linear=0
shrinkage=0.05


Tree=104
num_leaves=31
num_cat=1
split_feature=18 32 5 9 10 12 25 0 17 14 10 27 10 13 14 25 27 4 9 25 4 22 10 4 22 21 19 10 2 12
split_gain=10.3819 15.023 14.9336 12.0401 11.5336 8.39245 7.88115 7.56684 6.93861 6.92776 6.70205 6.48512 11.8142 11.3358 8.77067 13.5785 10.209 9.75565 8.63204 8.54972 8.52783 7.83089 7.81317 7.72839 7.69855 10.4573 7.12712 7.45445 6.75764 7.65725
threshold=0.64785373210906994 0 0.0112166665494442 0.90000000596046459 27.633333206176761 0.46333333849906927 0.77500000596046459 1.1666666865348818 1.0000000180025095e-35 2.2189999818801884 23.22500038146973 2.2250000238418584 44.633333206176765 0.0060060000978410253 0.39225000143051153 1.1000000238418581 1.7083333134651186 0.066780000925064101 1.0000000180025095e-35 2.2916666269302373 0.090043336153030409 0.83333334326744091 23.633333206176761 0.0033300000941380863 0.83333334326744091 68.500000000000014 24.500000000000004 3.4500000476837163 1.0000000180025095e-35 0.46333333849906927
decision_type=2 9 8 2 2 2 10 2 2 10 2 10 2 10 8 10 10 10 2 10 10 10 2 10 10 2 2 2 2 2
left_child=1 2 4 7 -1 10 -3 11 -9 -7 -5 14 13 19 15 22 17 24 21 23 -19 26 28 -13 25 -17 -16 -28 -2 -30
right_child=3 6 -4 5 -6 9 -8 8 -10 -11 -12 12 -14 -15 18 16 -18 20 -20 -21 -22 -23 -24 -25 -26 -27 27 -29 29 -31
leaf_value=-0.024041435952186316 -0.027851647875623151 -0.013190234807087229 -0.004965691595156585 -0.022023338283887636 0.051832002101475899 -5.2755367116148725e-05 0.0019211272779715164 0.011496333143159751 0.046553785253375703 0.018203642519196324 0.0046732380184178789 0.018805842972743791 0.046733202879684979 -0.013819768494783603 0.056739354768515632 0.039145501068416376 -0.0016871492104010438 0.090985653400026623 -0.0023732816095571856 -0.024066466165845721 0.02705932845669989 0.0037869114065842177 0.028327375100889136 0.070444559076251911 0.010263381910474417 -0.033371585549657731 -0.017803496004333862 0.051785463472956372 0.016196177664073299 -0.018311111508812379
leaf_weight=171.14316290616989 37.121643067337573 95.532368760555983 516.10365966008976 76.404125359840691 5.1597254052758208 6187.7333604022861 891.11975453281775 54.474339351058006 19.049751780927181 52.404072284698486 33.957767564803362 62.90967724006623 23.270355738699436 40.345138628035784 16.378628738224506 50.077638078480959 76.970763318240643 8.277533985674383 666.13171522133052 10.262549030594526 14.109760180115698 69.615042107179761 14.539040312170981 8.1888220906257612 155.24017149489373 5.5193365067243567 9.677706232294442 6.3889107182621947 32.149044323712587 32.156897369772196
leaf_count=15476 676 3203 11382 757 31 38173 22589 276 91 436 183 669 124 285 177 523 835 48 4151 106 82 938 86 47 1729 25 180 36 252 215
internal_value=1.65579e-05 -0.00354844 -0.00912563 0.000787596 -0.0218209 -0.000141166 0.000453378 0.00496219 0.0205796 0.00010056 -0.0138089 0.00410486 0.0140911 0.00784992 0.00289268 0.00864533 0.0141024 0.0193134 -0.000298654 0.0185954 0.0506956 0.0132421 -0.00595157 0.0247534 0.0159811 0.0319464 0.0335294 0.00986864 -0.0108652 -0.00105957
internal_weight=9442.41 1679.06 692.407 7763.35 176.303 6350.5 986.652 1412.85 73.5241 6240.14 110.362 1339.33 144.977 121.706 1194.35 426.162 310.195 233.224 768.192 81.361 22.3873 102.06 115.967 71.0985 210.837 55.597 32.4452 16.0666 101.428 64.3059
internal_count=103781 52681 26889 51100 15507 39549 25792 11551 367 38609 940 11184 1231 1107 9953 4471 3242 2407 5482 822 130 1331 1229 716 2277 548 393 216 1143 467
cat_boundaries=0 1
cat_threshold=36
is_linear=0
shrinkage=0.05


Tree=105
num_leaves=31
num_cat=2
split_feature=31 32 11 30 19 13 31 29 11 31 20 1 25 22 12 2 26 13 13 13 1 2 31 4 13 11 12 32 31 25
split_gain=12.8173 11.2341 21.4498 10.9027 10.4439 11.6757 10.2096 12.0643 9.7947 9.62719 9.246 9.75655 9.51429 9.27763 13.8076 9.85401 8.9369 13.8461 9.96706 8.15341 11.2173 8.01491 9.68054 7.77542 10.3625 7.61771 13.1102 10.5733 8.90329 10.8217
threshold=4.2500000000000009 0 0.63333335518836986 1.0000000180025095e-35 12.500000000000002 0.021989000029861931 4.6499998569488534 1.8999999761581423 21.22500038146973 4.3500001430511483 2.5000000000000004 58.833333969116218 2.1000000238418584 2.1666666269302373 4.0225000381469735 9.166666507720949 1.1666666865348818 0.078037999570369734 0.1120090000331402 0.0033396667568013076 19.166666984558109 22.583333015441898 6.7500000000000009 0.026661667041480545 0.025965000502765182 9.0999999046325701 2.529166698455811 1 4.7500000000000009 1.2916666865348818
decision_type=2 9 2 2 2 10 2 10 2 2 2 2 10 10 2 2 10 10 10 10 2 2 2 10 10 2 2 9 2 8
left_child=4 2 6 -4 5 -1 9 -8 16 -2 21 13 -13 -12 15 -15 -6 23 -19 20 -9 -5 -23 24 -18 26 28 -27 29 -3
right_child=1 25 3 10 8 -7 7 19 -10 -11 11 12 -14 14 -16 -17 17 18 -20 -21 -22 22 -24 -25 -26 27 -28 -29 -30 -31
leaf_value=-0.022751806329178729 0.022177171536961159 -0.0052828966809525466 -0.0019633889640787361 0.0014599728712764064 -0.0097751586041877093 0.0099889922823525878 -0.01134696532820953 0.012259392533587621 -0.10077364020735147 -0.027358332179373987 0.0058521525374252668 0.010394916280000209 0.036468714224901069 -0.029967508450537684 -0.052232039001509335 0.021530169550727538 0.0048998285186706465 -0.051731235430477696 -4.5742108254921991e-05 -0.018768068095699988 0.081729508874036849 -0.00047480455606236142 -0.052642112321154858 0.024596868989466097 -0.039722528200830123 0.010899752848813674 0.022129986155929263 -0.00094901551409130576 0.010345278939474324 0.0054514049415423883
leaf_weight=143.85879638278857 10.737108963541685 352.92157886177301 2503.2551855174825 1883.8195466343313 243.61230088444427 33.587378993630409 271.82431725319475 53.34767443779856 2.5389817953109732 113.4230721751228 169.82175768911839 329.22565753385425 39.147284470498562 16.006567120552063 19.022508010268211 22.134823270142078 265.4375318181701 18.922883480787277 18.394959781318903 17.739472905173898 6.5210222229361525 21.393028259277344 15.2194766998291 47.494742944836617 13.681273452937601 208.25579310953617 111.36708399280906 1364.3256605453789 437.1578153995797 701.47669954225421
leaf_count=6107 864 4977 15442 11573 4753 205 9441 2619 26 12318 774 2356 285 80 87 96 6866 102 105 161 36 148 106 261 92 2585 649 9568 3768 7366
internal_value=0.000229289 0.00078416 -0.000585923 0.000372814 -0.00587805 -0.0165546 -0.0107588 -0.00638277 -0.00277272 -0.0230746 0.00269738 0.0081414 0.0131658 -1.26527e-05 -0.0174357 -8.15502e-05 -0.00236317 0.00259835 -0.0262541 0.0110044 0.0198262 0.00100966 -0.0221603 0.00589493 0.00271262 0.00314592 0.00558146 0.000683385 0.00434587 0.00185849
internal_weight=9455.67 8668.14 5492.64 5019.05 787.529 177.446 473.593 349.432 610.083 124.16 2515.79 595.359 368.373 226.986 57.1639 38.1414 607.544 363.931 37.3178 77.6082 59.8687 1920.43 36.6125 326.614 279.119 3175.5 1602.92 1572.58 1491.56 1054.4
internal_count=103816 85299 56386 30947 18517 6312 25439 12257 12205 13182 15505 3678 2641 1037 263 176 12179 7426 207 2816 2655 11827 254 7219 6958 28913 16760 12153 16111 12343
cat_boundaries=0 1 2
cat_threshold=36 8
is_linear=0
shrinkage=0.05


Tree=106
num_leaves=31
num_cat=2
split_feature=18 32 31 31 27 32 31 10 13 9 3 28 26 10 3 28 3 4 19 18 23 19 25 31 25 19 28 28 23 19
split_gain=10.7318 12.9932 14.5914 9.27718 8.61101 8.07815 7.51805 8.25111 17.325 7.29858 8.61039 7.24111 9.23387 10.7719 9.577 9.12784 11.3839 7.23187 7.19017 7.17143 7.90215 19.6704 6.63714 10.0599 6.10739 8.2398 7.52376 7.20021 5.66574 7.90205
threshold=0.28801843523979193 0 5.7500000000000009 4.7500000000000009 4.0999999046325692 1 4.0499999523162851 2.8999999761581425 0.0017310000257566573 8.5500001907348651 13.716666698455812 0.83333334326744091 0.83333334326744091 35.633333206176765 1.4833333492279055 0.41666667163372045 0.24166666716337207 0.33007000386714941 4.5000000000000009 0.03637566231191159 0.55000001192092907 9.5000000000000018 0.77500000596046459 5.3500001430511483 1.5500000119209292 19.500000000000004 2.8333333730697636 1.1666666865348818 0.55000001192092907 15.500000000000002
decision_type=2 9 2 2 8 9 2 2 10 2 2 8 10 2 2 10 2 8 2 2 10 2 10 2 8 2 8 10 10 2
left_child=1 2 -1 4 5 -3 -7 8 24 10 -2 12 15 14 -14 -5 -17 -11 22 20 21 -20 -13 -24 27 28 -27 -8 -26 -30
right_child=9 3 -4 11 -6 6 7 -9 -10 17 -12 18 13 -15 -16 16 -18 -19 19 -21 -22 -23 23 -25 25 26 -28 -29 29 -31
leaf_value=-0.044079707621968139 0.00024134400411958455 -0.018365629675243612 0.013212214854552512 0.15014292175980065 0.085553567440549039 -0.011718828808730698 0.01374229947545781 -0.0077622621766268163 0.14710222184626437 -0.02692263472201676 -0.046517958390878959 -0.02038904029785106 0.015383187154719362 -0.08373640884942242 0.1389926442261272 -0.034003650807615804 0.12510616043042908 0.032701707678734634 0.33313714969266439 0.0015191540232856458 -0.036147524951857135 -0.050484607065991206 0.0068353010355273443 0.059058010848239563 0.068654939605546556 -0.016455612009467734 0.11076390215861671 -0.014762416987823586 0.012753275784077263 0.072620213887872306
leaf_weight=46.505745464935899 8519.7018689252436 115.30926755070686 14.60319141903892 2.633131628856062 2.5271023940294972 193.75014217244461 39.683494867756963 148.36923576518893 2.2233579568564883 6.116149788722395 9.85664054751396 10.181721424683927 30.338863397017125 2.6172642782330504 1.652331493794917 2.6527237594127655 1.9509874321520326 30.182687014341354 0.5125223640352512 61.812753322534263 25.097310653887689 0.96015853015705943 26.926849415525794 14.024959079921244 7.3243317352607837 19.984184479340914 1.2339224461466063 50.152473866008222 38.82213524915278 6.4240427808836094
leaf_count=4648 58838 10977 692 94 83 13062 1756 1042 30 87 87 241 1354 13 9 165 13 306 35 1447 2862 125 551 216 149 1134 69 2346 1113 271
internal_value=-0.000254385 -0.00555116 -0.0261151 -0.00362584 -0.00655646 -0.00692992 -0.00389576 0.000804059 0.00846758 0.000282521 0.00018731 0.00628657 0.0245293 0.0137888 0.0217676 0.0758928 0.0334248 0.0226553 0.000815018 -0.00781867 -0.0295423 0.0830234 0.0157381 0.0247203 0.00658379 0.0172425 -0.00905726 -0.00217095 0.0278574 0.0212532
internal_weight=9434.13 868.274 61.1089 807.165 625.804 623.277 507.967 314.217 165.848 8565.86 8529.56 181.362 41.8453 34.6085 31.9912 7.23684 4.60371 36.2988 139.516 88.3827 26.57 1.47268 51.1335 40.9518 163.625 73.7886 21.2181 89.836 52.5705 45.2462
internal_count=103815 44497 5340 39157 32032 31949 20972 7910 6868 59318 58925 7125 1648 1376 1363 272 178 393 5477 4469 3022 160 1008 767 6838 2736 1203 4102 1533 1384
cat_boundaries=0 1 2
cat_threshold=4 32
is_linear=0
shrinkage=0.05


Tree=107
num_leaves=31
num_cat=0
split_feature=20 11 31 24 0 21 0 13 24 12 18 26 11 19 2 11 28 24 11 4 19 1 5 26 31 22 19 3 10 18
split_gain=8.3512 7.60031 6.88039 10.8732 6.41931 6.01198 12.4406 10.8112 11.0608 12.2609 11.8066 10.4662 9.99376 9.9678 8.92499 7.65313 7.36219 9.85941 7.33567 12.0415 7.90295 7.07148 8.90401 6.80166 10.0149 6.58055 6.31378 7.75682 6.68573 6.28539
threshold=-1.4999999999999998 3.7749999761581425 4.2500000000000009 0.58333334326744091 0.83333334326744091 1.0000000180025095e-35 0.58333334326744091 0.21828899532556537 2.8333333730697636 1.3291667103767397 1.0597147941589358 3.4166666269302373 5.3666667938232431 16.500000000000004 -1.8333333134651182 1.0000000180025095e-35 1.5833333134651186 3.8333333730697636 7.0999999046325692 0.12001999840140344 26.500000000000004 10.833333492279055 0.21675000339746478 1.5833333134651186 4.6499998569488534 1.1666666865348818 14.500000000000002 1.2416666746139529 71.90000152587892 0.58957219123840343
decision_type=2 2 2 10 2 2 2 8 10 2 2 10 2 2 2 2 10 8 2 10 2 2 10 10 2 8 2 2 2 2
left_child=1 -1 3 -2 -3 7 11 8 14 10 12 15 13 16 -4 -7 -10 23 19 20 21 22 -17 24 -18 -12 27 -20 -28 -16
right_child=2 4 5 -5 -6 6 -8 -9 9 -11 25 -13 -14 -15 29 18 17 -19 26 -21 -22 -23 -24 -25 -26 -27 28 -29 -30 -31
leaf_value=-0.060790463435090918 -0.02582753380633139 0.015206492338740846 0.056879988335544876 -0.0027747321744239751 -0.03945541488993682 -0.014305758563422304 0.00061561748157997376 0.0016017237297205065 0.0032709032062165759 -0.019269691898332136 0.11103968549561649 0.061598393326860068 0.14200778731156855 -0.02651208866998845 -0.013387913773186899 0.01160111516819101 0.064796190560992381 -0.032119156826943988 0.017069579729615331 0.066946515344185623 -0.0017188015581107452 0.022994853731879074 -0.0277468128313451 0.031285932138572087 0.21823181187516863 0.034957003315906982 -0.0067865293910173491 -0.035746396293997611 0.033120729874190985 -0.0045540689799426267
leaf_weight=10.317115966230629 55.074133864138275 12.275263860821726 5.4461338035762301 718.01779759605415 9.5493914261460286 36.580078686587512 6004.6688140388578 1108.1390028055757 12.070869638584556 19.453314200043678 5.5798285789787743 9.1789288381114584 1.4583868198096741 12.831923460122196 292.80644475971349 133.64784589782357 2.5221301699057195 2.1442365986295053 9.7248513624072057 9.8022446520626527 94.63254299107939 140.14597066491842 16.110591389238834 2.959402256179601 1.8388853771612046 5.7923170700669298 28.704579725861549 24.378547728061676 16.543898649513721 644.74138888437301
leaf_count=63 1719 65 42 16739 53 228 37250 18188 389 123 60 60 10 603 18709 1168 113 52 46 49 591 659 112 122 64 62 131 142 98 6232
internal_value=1.52933e-05 -0.0254278 0.000102153 -0.00441699 -0.00871086 0.000506429 0.0012578 -0.00180827 -0.00555091 0.0141338 0.0279015 0.0086812 0.013812 0.00837205 -0.00694224 0.00772931 0.0291577 0.0621728 0.00943093 0.0122221 0.0108271 0.0149224 0.00736818 0.0897921 0.129495 0.0722875 -0.00443978 -0.0206855 0.0078045 -0.00731298
internal_weight=9447.14 32.1418 9415 773.092 21.8247 8641.9 6524.12 2117.78 1009.65 66.6513 47.198 519.45 35.8258 34.3674 942.994 510.271 21.5355 9.46465 473.691 394.339 384.537 289.904 149.758 7.32042 4.36102 11.3721 79.3519 34.1034 45.2485 937.548
internal_count=103942 181 103761 18458 118 85303 40534 44769 26581 1598 1475 3284 1353 1343 24983 3224 740 351 2996 2579 2530 1939 1280 299 177 122 417 188 229 24941
is_linear=0
shrinkage=0.05


Tree=108
num_leaves=31
num_cat=0
split_feature=18 14 14 26 12 3 29 24 10 14 24 5 20 17 5 2 5 3 29 18 18 24 18 12 5 10 28 1 1 24
split_gain=12.8076 9.03466 7.90582 7.27951 9.20144 9.6396 8.22795 7.99114 9.29551 7.23394 12.1006 10.8472 11.6395 9.98354 8.22099 8.84845 9.18654 9.54342 7.37581 7.31358 7.3016 7.21778 9.45705 7.06003 8.38856 7.10844 7.10654 6.81895 9.1498 8.11036
threshold=0.64785373210906994 1.0000000180025095e-35 2.1273334026336674 0.83333334326744091 1.063333332538605 0.71666666865348827 1.1000000238418581 2.8333333730697636 17.10000038146973 1.6970833539962771 1.8333333134651186 1.6573166251182558 6.5000000000000009 0.36666667461395269 2.0716665983200078 13.833333492279055 2.2350000143051152 3.1833333969116215 0.90000000596046459 1.5779352784156802 1.8591269850730898 1.8333333134651186 -1.0000000180025095e-35 2.9900000095367436 1.3529666662216189 33.366666793823249 1.5833333134651186 22.166666984558109 10.416666507720949 1.5833333134651186
decision_type=2 8 10 8 2 2 10 8 2 10 10 10 2 2 10 2 10 2 10 2 2 10 2 2 10 2 10 2 2 10
left_child=1 -1 9 4 5 7 -7 -3 -9 -2 11 20 13 19 18 16 17 -16 -12 -13 -11 22 -5 24 25 26 27 28 -24 -30
right_child=2 3 -4 21 -6 6 -8 8 -10 10 14 12 -14 -15 15 -17 -18 -19 -20 -21 -22 -23 23 -25 -26 -27 -28 -29 29 -31
leaf_value=-0.010780122880570548 0.00095025253007721168 0.00041720491122063173 0.016006179441716565 0.075396739005934341 -0.0099736565728871587 0.06325900563173667 0.017379760620811618 0.017424947839274656 0.10816600697611932 -0.032825597659662371 -0.018198291302356343 -0.048126384521474094 -0.095066671034180275 -0.068960886344302821 -0.091511759953368271 0.012963483561843195 -0.0062580182326767569 -0.013968478470267871 0.016792744686616477 -0.0036370289780112194 0.01784451976911209 0.0012128203044851633 -0.0065588430215026486 0.035090431850259021 -0.055413759480361369 0.0058985938287558094 -0.018352754480048479 -0.019018030743427033 0.027808693882646597 -0.027064449356588385
leaf_weight=379.7174338332843 7440.8942664936185 162.93242898071185 84.962663747370243 3.4036976415663949 81.252158392220736 12.488094996660946 44.93723551556468 13.536244131159039 3.5657841078937045 10.397615157067774 18.70965938270092 12.766418255865572 6.8566167540848246 10.98842343688011 8.920257721096279 19.469561532139778 20.017348766326904 7.1468882709741584 77.214057460427284 33.418979085981846 22.484041888266802 375.29511070623994 179.23671934939921 9.2678650692105276 9.5319599583744985 77.857288703322411 176.56162554165348 72.724385984241962 38.69255418330431 8.1526425108313543
leaf_count=28637 48637 5157 679 49 481 81 280 347 23 61 135 78 71 94 52 167 136 51 524 290 183 5201 6772 48 53 416 4355 413 295 61
internal_value=-1.13299e-05 -0.00401352 0.000837656 -0.00198948 0.00455001 0.00951961 0.027357 0.00383005 0.0363445 0.000670052 -0.00772378 -0.021521 -0.0335084 -0.0261259 0.00110338 -0.0142027 -0.0288603 -0.0570194 0.00996784 -0.0159346 0.00182196 -0.00418172 -0.00770004 -0.00819448 -0.00890733 -0.00810603 -0.0103998 -0.00570041 -0.00141649 0.0182589
internal_weight=9423.4 1649.15 7774.25 1269.44 318.712 237.46 57.4253 180.034 17.102 7689.28 248.39 96.9121 64.0304 57.1738 151.478 55.5541 36.0845 16.0671 95.9237 46.1854 32.8817 950.724 575.429 572.025 562.757 553.225 475.368 298.806 226.082 46.8452
internal_count=103827 52669 51158 24032 6369 5888 361 5527 370 50479 1842 777 533 462 1065 406 239 103 659 368 244 17663 12462 12413 12365 12312 11896 7541 7128 356
is_linear=0
shrinkage=0.05


Tree=109
num_leaves=31
num_cat=2
split_feature=18 32 18 22 31 29 28 23 0 27 28 20 32 3 18 15 5 22 0 2 3 6 21 23 9 22 2 31 12 27
split_gain=15.2718 13.2261 10.2494 10.0368 8.29711 9.50072 13.0117 10.9787 8.08486 8.61253 8.03981 7.43599 7.24075 10.927 6.84291 7.95364 12.3919 8.90389 7.22395 7.03018 7.18696 9.1343 10.4834 7.55559 10.7508 6.55805 12.8275 7.99415 14.3857 9.14103
threshold=1.0000000180025095e-35 0 2.7795138359069829 0.83333334326744091 5.8500001430511483 1.1000000238418581 2.1666666269302373 1.5500000119209292 -1.0000000180025095e-35 0.90000000596046459 2.8333333730697636 -1.0000000180025095e-35 1 0.083333335816860213 9.7750000953674334 0.22500000149011615 1.2016333341598513 4.1666667461395273 7.1666667461395273 1.8333333134651186 3.8833333253860478 1.0000000180025095e-35 87.500000000000014 1.8999999761581423 4.2916667461395273 2.4166666269302373 19.166666984558109 5.7500000000000009 2.1099998950958256 1.4499999880790713
decision_type=2 9 2 10 2 10 8 10 2 10 8 2 9 2 2 2 10 10 2 2 2 2 2 10 2 10 2 2 2 10
left_child=1 4 8 -4 10 -6 7 -7 9 -2 -1 -5 13 -10 15 17 19 18 -13 -17 23 22 -22 -21 -25 26 27 -15 29 -29
right_child=2 -3 3 11 5 6 -8 -9 12 -11 -12 14 -14 25 -16 16 -18 -19 -20 20 21 -23 -24 24 -26 -27 -28 28 -30 -31
leaf_value=-0.034175934015790672 0.056677895823818214 -0.0029941847793191981 0.011207771782164352 -0.036061863328534699 -0.040325053711364467 0.14190804616268263 -0.040697726731417513 0.019302909133746222 -0.023322015125715953 0.0079636925197380855 0.015472014156455544 0.0042592034722792761 -6.8177958724082756e-05 -0.0084903287264602497 0.04171713985477455 0.037935278786150203 0.012866101482711235 0.049846155767833619 -0.020282150933464568 -0.0060740206763470273 -0.0052454427031004463 -0.0038192115882648928 -0.082557697362307891 -0.083225869313969594 -0.016650652751733861 -0.021589021235888736 0.037007608654536416 0.032013176428885369 -0.0060628533649739035 0.0012346819377307534
leaf_weight=94.20286704832688 11.891926277428864 285.14812312787399 350.72343161609024 12.766348317265509 6.6154801533557501 3.2848336440511021 3.7382579636760065 4.1109798308461905 76.174630908295512 38.278624288737774 8.9269556622020882 1248.9801038559526 6066.9385370817035 323.64418237283826 10.906830041669307 8.3873209059238416 93.906761813908815 10.525482583791016 30.72357068862766 23.388925097882748 9.5439071059227008 319.07034457847476 8.1113643422722799 10.771826699376108 13.874511949717997 45.523414643481374 20.4570172727108 54.532604856416583 155.98409754782915 43.26068826392293
leaf_count=14276 64 17791 2685 71 340 197 199 321 2610 222 910 9316 46908 2107 143 51 783 77 346 123 47 2246 69 52 72 274 110 320 781 262
internal_value=3.13486e-05 -0.00945377 0.000459816 0.00346944 -0.0225762 0.00713201 0.0353294 0.0737577 -0.00048739 0.0195104 -0.0298784 0.00196245 -0.000635227 -0.005341 0.00223392 0.00199162 -0.00345239 0.0040467 0.00367001 -0.0073502 -0.00833737 -0.00575636 -0.040765 -0.0264301 -0.0457477 -0.00329517 -0.00190225 -0.00328076 0.00336305 0.0183977
internal_weight=9394.39 406.027 8988.37 2151.68 120.879 17.7496 11.1341 7.39581 6836.69 50.1706 103.13 1800.96 6786.52 719.577 1788.19 1777.28 487.055 1290.23 1279.7 393.148 384.761 336.726 17.6553 48.0353 24.6463 643.402 597.879 577.422 253.777 97.7933
internal_count=103773 34034 69739 16081 16243 1057 717 518 53658 286 15186 13396 53372 6464 13325 13182 3443 9739 9662 2660 2609 2362 116 247 124 3854 3580 3470 1363 582
cat_boundaries=0 1 2
cat_threshold=36 4
is_linear=0
shrinkage=0.05


Tree=110
num_leaves=31
num_cat=2
split_feature=18 23 2 27 32 31 2 11 18 25 21 27 1 21 13 31 0 32 19 18 28 31 21 14 19 18 12 27 13 19
split_gain=8.3848 8.96856 8.88922 11.7043 9.63665 10.7199 8.0643 9.52801 13.079 10.6286 11.4327 9.19017 14.9639 9.0321 10.1645 10.5781 8.96532 8.44925 10.0879 8.27341 7.65711 10.4495 13.7425 9.47309 9.4566 14.7877 11.0261 8.27114 9.14014 9.49305
threshold=2.1690477132797246 1.1000000238418581 1.0000000180025095e-35 4.0999999046325692 0 6.8500001430511483 6.8333332538604745 6.9000000953674325 1.0408332943916323 2.1000000238418584 75.500000000000014 1.5500000119209292 2.1666666269302373 18.500000000000004 0.046003000810742385 3.9500000476837163 1.5833333134651186 1 12.500000000000002 1.5638586878776553 1.5833333134651186 5.9500000476837167 39.500000000000007 0.91605001688003551 26.500000000000004 4.75337839126587 2.1450001001358037 2.2250000238418584 0.18213299661874774 7.5000000000000009
decision_type=2 10 2 10 9 2 2 2 2 10 2 10 2 2 8 2 2 9 2 2 8 2 2 10 2 2 2 10 8 2
left_child=1 6 3 4 -3 -6 7 8 16 10 -9 17 19 -8 -15 -16 -1 18 -10 -13 21 -2 23 -23 25 26 -24 28 -28 -30
right_child=20 2 -4 -5 5 -7 13 9 11 -11 -12 12 -14 14 15 -17 -18 -19 -20 -21 -22 22 24 -25 -26 -27 27 -29 29 -31
leaf_value=-0.0024323940754775305 0.0026443059766429792 -0.0032603815872381536 -0.0015176586198779995 0.14332143934254324 -0.020222000657086455 0.015200536676433625 -0.0073620881170535285 -0.01173686545736741 -0.019296748909177635 0.0084833184414439093 -0.049865050961025281 0.069773884835915789 0.0094763076526167313 0.01655688889877167 -0.045862617027958186 0.0045370214579186765 -0.030738759283989961 -0.0036229483070473485 0.025354217997717556 0.012946489086769073 0.0047609017032983428 0.0092348191228939537 0.028506103256241186 -0.024529239120894285 -0.021051289461216878 0.01024736102433571 -0.041789380730350691 0.010691403120715676 -0.040534561350599782 -0.008020342772724863
leaf_weight=883.34966205223463 1282.1269929436967 404.23466925416142 2870.2065717224032 1.2751014460809518 215.63052898808382 23.706688730977476 125.09451330825686 71.371188312768936 15.883296299725769 39.412723302841187 27.135715708136559 17.48762399144471 184.01426884904504 207.695715457201 10.618661627173422 532.48575237393379 28.887693841010332 238.45506205968559 62.133057475090027 10.106273252516983 1457.1179598504677 189.81676786951721 15.454379916191099 23.327087104320526 133.07023113965988 105.21435084566474 35.383534006774426 27.056430168449879 27.154064103960991 129.56242971494794
leaf_count=20842 9350 15848 17659 62 15678 518 642 372 98 205 136 246 955 1183 52 2989 140 1536 401 136 10254 988 91 102 862 931 214 181 167 818
internal_value=4.14819e-05 -0.00109006 -0.00270947 -0.00801421 -0.00831405 -0.016043 0.00122942 -0.000905807 0.000296372 -0.0134604 -0.02224 0.00655866 0.0146251 0.0050768 0.0071493 0.00355162 -0.00332877 0.00116503 0.0144159 0.0489608 0.0020134 -2.06895e-05 -0.00500125 0.00553958 -0.00975223 -0.00532769 -0.0123125 -0.015191 -0.0188364 -0.013654
internal_weight=9394.47 5969.18 3515.05 644.847 643.572 239.337 2454.13 1578.24 1440.32 137.92 98.5069 528.08 211.608 875.895 750.8 543.104 912.237 316.471 78.0164 27.5939 3425.28 1968.17 686.039 213.144 472.895 339.825 234.611 219.156 192.1 156.716
internal_count=103656 79698 49765 32106 32044 16196 29933 25067 24354 713 508 3372 1337 4866 4224 3041 20982 2035 499 382 23958 13704 4354 1090 3264 2402 1471 1380 1199 985
cat_boundaries=0 1 2
cat_threshold=10 2
is_linear=0
shrinkage=0.05


Tree=111
num_leaves=31
num_cat=1
split_feature=20 18 19 4 31 27 24 31 10 26 32 31 11 26 26 25 28 28 11 0 27 26 23 11 18 28 18 20 19 23
split_gain=12.4354 11.4302 16.7028 10.3296 9.37316 9.31016 8.88369 15.0088 11.4072 10.5604 8.67709 17.7706 9.72106 8.9547 8.55288 8.38563 13.5736 33.6869 8.05813 7.85724 7.61801 17.3271 7.57683 7.80467 12.3327 11.7976 7.19137 8.3666 7.36433 8.38098
threshold=-1.0000000180025095e-35 1.0000000180025095e-35 17.500000000000004 0.17007333785295489 4.6499998569488534 1.7749999761581423 1.4166666865348818 3.9500000476837163 11.09999990463257 2.1666666269302373 0 5.4500000476837167 10.900000095367433 1.1666666865348818 1.4166666865348818 2.3666666746139531 1.4166666865348818 1.1666666865348818 -1.0000000180025095e-35 1.0000000180025095e-35 1.7083333134651186 1.8333333134651186 1.6333333253860476 9.2249999046325701 1.5638586878776553 0.58333334326744091 1.8198052048683169 2.5000000000000004 24.500000000000004 1.8999999761581423
decision_type=2 2 2 8 2 10 10 2 2 10 9 2 2 10 8 10 8 10 2 2 8 8 10 2 2 10 2 2 2 10
left_child=3 2 4 5 6 -1 19 8 9 15 11 12 22 -14 26 16 17 -8 -9 -2 21 -6 23 24 -3 -26 27 28 29 -13
right_child=1 10 -4 -5 20 -7 7 18 -10 -11 -12 14 13 -15 -16 -17 -18 -19 -20 -21 -22 -23 -24 -25 25 -27 -28 -29 -30 -31
leaf_value=-0.02071059157725149 -0.021590288819902197 -0.020739121279674151 -0.026938401492413014 -0.038391062994758716 0.017386784772517674 0.022651840526212833 0.10331381292516179 0.067742626897403055 -0.073516500077803734 -0.050712960360496107 0.0011088394034128746 0.024543152666262256 0.032656814372706754 -0.0099018506138104194 -0.0057204310168937761 0.050567072338827679 0.073043377974755672 0.64917787541798422 -0.00533746787563879 0.11893070304658411 -0.008214407427081542 0.19348788381154977 -0.040058321431007557 -0.049802153089418967 -0.059078949212498844 0.009135558870895219 0.0008139164973410282 0.05153750661700849 -0.0091823565057644607 -0.019513250379973212
leaf_weight=32.34712650347501 90.527292151469737 144.48957004351541 91.274423049762845 37.87052723672241 56.894089522305876 20.052052318118513 0.65023412322625473 3.9071318465284994 0.85232185572385777 0.65990482317283738 7809.4801345788874 74.089245132170618 19.950782500207424 32.485024534165859 329.06219825288281 0.97082784539088596 0.80649756453931343 0.49995582085102797 109.09410843090154 1.0058344863355149 33.473385110963136 1.4319783686660219 32.035103138303384 14.458729840815066 6.9148501735180607 76.035912619903684 325.96047854796052 13.72551244497299 34.518994561396539 12.635910787619649
leaf_count=170 8775 2256 13551 207 2642 109 72 46 7 67 60201 553 110 187 2187 83 92 45 6862 10 1470 151 723 76 57 575 1985 63 335 120
internal_value=-2.70203e-05 0.0001519 -0.00820398 -0.0184957 -0.00251873 -0.00411671 -0.00836888 0.000732345 0.0909094 0.129975 0.000518914 -0.00358571 -0.0134325 0.00629088 0.00043691 0.170704 0.230312 0.340586 -0.00281065 -0.0200461 0.0107987 0.0217103 -0.0172079 -0.0141818 -0.0119173 0.00344914 0.00483269 0.0145383 0.0103498 0.0181241
internal_weight=9408.16 9317.89 392.048 90.2697 300.774 52.3992 208.974 117.441 4.43974 3.58742 8925.84 1116.36 326.37 52.4358 789.992 2.92752 1.95669 1.15019 113.001 91.5331 91.7995 58.3261 273.934 241.899 227.44 82.9508 460.93 134.97 121.244 86.7252
internal_count=103787 103301 33873 486 20322 279 16059 7274 366 359 69428 9227 3984 297 5243 292 209 117 6908 8785 4263 2793 3687 2964 2888 632 3056 1071 1008 673
cat_boundaries=0 1
cat_threshold=5
is_linear=0
shrinkage=0.05


Tree=112
num_leaves=31
num_cat=0
split_feature=20 18 31 24 28 19 30 23 31 20 23 4 26 13 31 14 27 3 26 28 14 11 13 28 16 0 20 11 19 16
split_gain=10.443 7.72276 7.92517 7.35048 8.94785 7.81465 9.97405 8.02105 7.40441 6.70682 6.90869 8.97019 10.7053 10.2376 9.05155 8.16362 9.5993 9.65841 14.4245 9.40306 8.11462 8.60411 8.67116 8.1829 12.9855 8.04332 8.81899 7.74181 7.25772 7.14984
threshold=-1.4999999999999998 2.4305019378662114 4.0499999523162851 2.1666666269302373 1.5833333134651186 36.500000000000007 1.0000000180025095e-35 1.7749999761581423 10.750000000000002 13.500000000000002 1.5500000119209292 0.00011500000255182387 1.0000000180025095e-35 0.20409599691629413 7.8500001430511483 0.24842999875545504 1.7083333134651186 1.416666626930237 3.4166666269302373 0.83333334326744091 0.62404000759124767 2.8999999761581425 0.1601580008864403 0.83333334326744091 1.0000000180025095e-35 4.8333332538604745 1.0000000180025095e-35 21.633333206176761 26.500000000000004 0.36666667461395269
decision_type=2 2 2 10 8 2 2 10 2 2 10 8 10 10 2 10 8 2 8 8 10 2 10 10 2 2 2 2 2 2
left_child=-1 9 -3 4 5 -4 7 -7 -5 10 27 12 -12 15 25 16 -13 19 -19 -18 21 -17 23 28 -25 26 -15 29 -23 -2
right_child=1 2 3 8 -6 6 -8 -9 -10 -11 11 13 -14 14 -16 20 17 18 -20 -21 -22 22 -24 24 -26 -27 -28 -29 -30 -31
leaf_value=-0.02855076410399969 0.00073727721396515001 -0.04936031216184221 -0.00043085885660174445 0.0082524203771469368 0.0051265456294533798 -0.016729531885768631 0.009932848068623587 -0.080278697486024009 0.061573247726403671 0.042461294913777002 0.04489749919724545 -9.4859339943654058e-05 -0.0099375159731842719 0.010702994205220785 0.030230669047453324 -0.0067737243063134252 0.012839321360042195 -0.016161406639845371 -0.080321760292555999 -0.011595645119765833 -0.00058287881644675937 0.017038728178570602 0.045749454265055174 0.013799732650892228 -0.021348295601906167 0.011926113435611407 -0.031906796264508062 -0.059802740907423706 0.061033422716371355 -0.018836342325053455
leaf_weight=31.656272813677788 4101.1229467024095 7.3755178675055495 1398.3613555561751 350.08928553387523 1026.0125798154622 10.340941783040764 12.37058489024639 9.5518344789743406 6.6342130787670603 8.9756442084908468 9.0667392550967616 726.76243195915595 486.06349877291359 14.349835883826016 9.9433303698897344 58.081367697566748 61.786647191736847 125.98221443220973 9.414694529026745 108.52877288823947 427.96896565705538 29.730555035173893 20.587610870599747 124.93738457933068 33.277473513036966 17.121875785291195 78.97561552375555 5.3266657553613177 13.691311605274676 47.191379178315401
leaf_count=180 49775 257 9921 2423 7424 67 85 59 54 52 283 8432 16501 90 50 375 1009 681 60 1619 2346 150 99 645 169 95 394 44 70 256
internal_value=0.00011859 0.000215764 0.0024015 0.0025372 0.0015633 -0.000992174 -0.0253208 -0.0472437 0.00924406 -0.000730007 -0.000789558 -0.00295219 -0.00893339 -0.00136097 -0.015462 -0.000385744 -0.00322173 -0.0106552 -0.0206227 -0.00273118 0.00374837 0.0103613 0.0148398 0.0116838 0.00640702 -0.0195756 -0.0253551 0.000437255 0.0309107 0.000514607
internal_weight=9371.28 9339.62 2820.74 2813.36 2456.64 1430.62 32.2634 19.8928 356.723 6518.89 6509.91 2356.27 495.13 1861.14 120.391 1740.75 1032.47 305.712 135.397 170.315 708.275 280.306 222.224 201.637 158.215 110.447 93.3255 4153.64 43.4219 4148.31
internal_count=103665 103485 20290 20033 17556 10132 211 126 2477 83195 83143 33068 16784 16284 629 15655 11801 3369 741 2628 3854 1508 1133 1034 814 579 484 50075 220 50031
is_linear=0
shrinkage=0.05


Tree=113
num_leaves=31
num_cat=1
split_feature=18 32 5 31 24 19 29 31 29 5 31 9 2 31 23 9 12 27 1 26 19 19 26 4 2 5 31 29 26 2
split_gain=8.74116 9.36359 13.4346 12.2332 10.0305 8.64524 9.11687 9.86767 8.52271 8.20969 8.12543 8.42848 8.50073 8.10348 7.79035 7.71927 7.64483 7.53434 7.37281 7.22862 6.94632 7.59461 10.0016 16.0681 6.88551 6.85851 8.83684 7.13072 15.1623 7.58546
threshold=0.64785373210906994 0 0.0112166665494442 4.2500000000000009 0.58333334326744091 27.500000000000004 1.5500000119209292 5.3500001430511483 0.55000001192092907 0.46673333644866949 3.7500000000000004 1.7749999761581423 7.5833332538604745 7.3500001430511483 2.5499999523162846 1.0000000180025095e-35 1.310000002384186 1.2250000238418581 59.833333969116218 2.1666666269302373 12.500000000000002 15.500000000000002 0.58333334326744091 0.00087499999790452432 -0.58333334326744068 0.18003333359956744 3.9500000476837163 1.4499999880790713 1.1666666865348818 0.83333334326744091
decision_type=2 9 8 2 10 2 8 2 10 10 2 2 2 2 10 2 2 10 2 10 2 2 10 8 2 8 2 8 10 2
left_child=1 2 13 4 -3 6 7 8 9 -5 -6 12 20 -1 16 -7 18 -9 -4 -15 -12 22 23 -22 -8 26 -24 28 -28 -30
right_child=-2 3 14 5 10 15 24 17 -10 -11 11 -13 -14 19 -16 -17 -18 -19 -20 -21 21 -23 25 -25 -26 -27 27 -29 29 -31
leaf_value=-0.022168842871517623 0.00097590369974990274 -0.037718713892812568 -0.0060963196517706949 0.040327773975329682 0.11143008160599731 -0.025206079726906173 0.066751776015835443 0.089181279998066354 0.0069175353874822189 -0.037759179557360412 -0.016892832815313407 -0.040909969172811783 0.024272818349190411 0.0073671487868177694 -0.027697932420092004 0.0021779559144609064 0.010519131392975424 0.024049704852754643 0.056025280238463475 0.1522086939844953 -0.012294537547559841 -0.0046194098965030945 0.11892787629641902 0.26268339275138658 -0.0017159484159436787 -0.0081764823481867976 0.22600966073954976 -0.028088068057614386 -0.031425920422048406 0.15693527186137826
leaf_weight=155.94140677712858 7742.8520559687167 25.072775451932102 367.83913402725011 33.929616062901914 1.493647402152418 41.909553544595838 3.7360653886571518 6.9598310291767147 229.22421246673912 3.7366581112146369 98.221664340235293 15.953861013054846 25.074064806103706 3.1240692650899282 31.591068011242896 66.680266184732318 96.216613277792931 12.264885730110107 4.8390887677669516 1.1893526925705371 1.0422259285114734 165.42537182243541 2.9194072466343668 1.0836344864219425 214.19216806907207 14.199310826603321 1.0751939034089417 4.2102662348188469 2.5014230455271904 0.6797298677265643
leaf_count=15397 51117 1511 10004 604 16 1805 26 53 3976 21 5138 91 128 144 722 426 564 94 22 40 59 7171 170 43 3489 360 64 314 232 6
internal_value=0.000274904 -0.00305025 -0.00758451 0.000110269 -0.0072182 0.00440595 0.00716283 0.0130316 0.0105395 0.0325812 -0.00492776 -0.00545064 -0.00366285 -0.0202989 -0.00366493 -0.00839074 -0.00204574 0.047629 -0.00528969 0.0473047 -0.00606697 -0.000561364 0.0236636 0.127873 -0.000542168 0.015005 0.0439143 0.0180485 0.0636857 0.00882198
internal_weight=9375.18 1632.33 660.741 971.586 358.953 612.633 504.043 286.115 266.89 37.6663 333.88 332.386 316.432 160.255 500.486 108.59 468.895 19.2247 372.678 4.31342 291.358 193.137 27.7112 2.12586 217.928 25.5853 11.386 8.46661 4.25635 3.18115
internal_count=103807 52690 26893 25797 15303 10494 8263 4748 4601 625 13792 13776 13685 15581 11312 2231 10590 147 10026 184 13557 8419 1248 102 3515 1146 786 616 302 238
cat_boundaries=0 1
cat_threshold=36
is_linear=0
shrinkage=0.05


Tree=114
num_leaves=31
num_cat=1
split_feature=21 32 18 31 22 9 28 30 9 25 2 21 20 26 3 22 11 18 11 1 28 23 5 11 1 11 12 12 18 5
split_gain=12.0878 11.626 16.1835 12.8526 12.0654 10.6082 10.3103 12.8367 9.41703 8.63643 8.67565 7.91194 7.83092 10.3094 9.81489 7.80669 8.93996 7.36989 9.93419 7.11241 7.03355 7.38661 27.3241 7.92128 6.96984 6.92353 6.70225 9.68122 7.97767 6.52668
threshold=1.0000000180025095e-35 0 0.49324324727058416 4.7500000000000009 2.5833333730697636 0.22500000149011615 1.1666666865348818 1.0000000180025095e-35 8.5500001907348651 0.77500000596046459 17.833333015441898 79.500000000000014 -1.0000000180025095e-35 1.8333333134651186 2.8416665792465214 0.41666667163372045 9.7750000953674334 0.54110360145568859 2.7749999761581425 53.416666030883796 0.83333334326744091 2.4500000476837163 0.98030000925064098 15.775000095367433 30.833333015441898 7.5499999523162851 1.6633332967758181 3.7899999618530278 1.6376262307167055 0.60400000214576732
decision_type=2 9 2 2 10 2 8 2 2 8 2 2 2 10 2 10 2 2 2 2 8 8 8 2 2 2 2 2 2 10
left_child=1 2 25 4 9 -2 7 -5 12 -3 20 -10 13 14 -7 16 -4 18 -9 24 -11 23 -23 29 -19 -1 28 -28 -8 -22
right_child=5 3 15 6 -6 8 26 17 11 10 -12 -13 -14 -15 -16 -17 -18 19 -20 -21 21 22 -24 -25 -26 -27 27 -29 -30 -31
leaf_value=-0.018771131271456656 0.010045064903549191 -0.017277252816085976 0.0054580713330771857 0.0025154111752687721 -0.02134834966988888 -0.0098943558704594863 -0.0028059327483920082 0.043929531351148035 -0.011534655282686282 0.0088186020138032208 -0.089949502175105209 0.044222447985207802 0.00058916277554368684 0.015304690743808431 -0.056291077402435864 -0.00542802343569114 0.063692602221382413 0.022175379482695844 0.15230983943723059 0.04953139727751607 -0.0014276771083283472 -0.0075260523955330838 0.18606363665824499 0.056323680994047831 -0.027270152516567725 0.13093836114912213 -0.020647627258281925 0.029324786939838393 0.02085071464163812 -0.017177104585606954
leaf_weight=245.26335341273807 307.59083625860512 77.996643339749426 86.563496208749712 78.525802026502788 82.630030328407884 27.383877769112587 89.847295680083334 12.597992655821143 8.9564632624387759 191.26553309895098 2.6638699173927298 21.967635490000248 6527.8698575235903 17.999898061156273 19.526521295309067 739.32351025659591 7.1335443556308737 43.564374804496765 2.5407373383641234 19.433228835463524 533.33199668815359 7.2415770040824983 2.4358334699645647 5.608683079481124 8.521062031388281 0.77470916882157226 57.645821675658226 11.650725543498991 59.066127680242062 75.036319382488728
leaf_count=23089 1950 2511 908 707 2650 144 1279 311 59 4677 11 274 40220 101 104 7617 34 314 17 80 15156 315 58 24 40 6 275 51 389 420
internal_value=-9.75866e-05 -0.00312368 -0.0069681 -2.56438e-05 -0.00306704 0.000967968 0.00773368 0.0171577 0.000546446 -0.00138033 0.000136218 0.0280737 0.000417327 -0.0168638 -0.0292071 -0.00370488 0.00989171 0.0304261 0.062119 0.0237175 0.000430697 -0.00214175 0.0412011 -0.00282491 0.0140862 -0.0182997 0.000599749 -0.0122458 0.00657742 -0.00337022
internal_weight=9371.96 2440.66 1079.06 1361.6 978.21 6931.3 383.393 165.183 6623.7 895.58 817.584 30.9241 6592.78 64.9103 46.9104 833.021 93.697 86.6574 15.1387 71.5187 814.92 623.654 9.67741 613.977 52.0854 246.038 218.21 69.2965 148.913 608.368
internal_count=103791 60939 31654 29285 25822 42852 3463 1469 40902 23172 20661 333 40569 349 248 8559 942 762 328 434 20650 15973 373 15600 354 23095 1994 326 1668 15576
cat_boundaries=0 1
cat_threshold=37
is_linear=0
shrinkage=0.05


Tree=115
num_leaves=31
num_cat=1
split_feature=20 24 32 31 18 19 23 18 1 31 12 11 9 5 7 26 5 12 12 26 9 5 12 1 21 11 18 4 11 5
split_gain=7.5688 9.2428 8.9789 18.1092 15.9326 11.1627 13.8468 8.70333 8.65032 15.8877 9.93218 9.62139 13.5386 8.24228 8.09937 7.96241 7.58997 7.08717 10.9415 7.05595 7.16934 6.91194 6.70951 6.68259 6.65044 9.45394 7.97658 16.3698 7.30472 7.36678
threshold=5.5000000000000009 0.58333334326744091 0 5.7500000000000009 0.25357143580913549 11.500000000000002 1.8999999761581423 2.2029411792755131 74.833332061767592 6.3500001430511483 0.90999999642372142 10.09999990463257 2.7749999761581425 2.2683333158493046 1.0000000180025095e-35 0.58333334326744091 1.0990999937057497 3.8633332252502446 2.9450000524520878 0.83333334326744091 4.2249999046325692 0.34379999339580541 1.0099999904632571 66.833332061767592 75.500000000000014 5.9000000953674325 2.2768198251724248 0.29708832502365118 7.3666667938232431 0.26391665637493139
decision_type=2 10 9 2 2 2 10 2 2 2 2 2 2 10 2 10 8 2 2 10 2 10 2 2 2 2 2 8 2 10
left_child=2 7 -1 4 -4 6 22 -2 10 -10 -7 12 -11 17 -8 -12 -13 18 -6 -19 -21 -9 -5 -20 26 -26 27 28 29 -3
right_child=1 24 3 5 13 8 14 21 9 11 15 16 -14 -15 -16 -17 -18 19 23 20 -22 -23 -24 -25 25 -27 -28 -29 -30 -31
leaf_value=7.5048031795719476e-05 -0.02201680557879936 -0.015502186286569075 -0.04257078569805367 0.051662557971589744 -0.0099769081584411886 -0.018905630966002448 -0.02378206357682796 -0.006360313605789457 0.019763154738322582 -0.027231124128049369 0.034824729343697285 -0.054262992535337229 -0.1047737046454897 0.048318359310641462 0.021058970902264693 0.0023028813893997786 -0.0026137109685076022 0.026158017047982669 -0.024328515131830424 0.0026506448810459772 -0.036924991721972659 0.016702705325899604 0.016401129883146449 -0.066487620287031285 0.032763864299633669 0.0071995783648428546 -0.0094803732015762976 0.033767785818655076 -0.026534951827247806 0.039403610658004427
leaf_weight=7328.5432126256637 57.832185700535774 12.612912701442839 39.780110058374703 15.469580341130493 273.55582583602518 51.831357984337956 34.44117008568719 105.06085029151291 21.365367263555527 16.004919975996021 20.888976700603962 9.293851897120474 8.6828218102455121 6.0847651138901702 14.23133000358939 190.07569641619921 30.312139205634594 22.787447363138199 33.248376671224833 51.894016116857529 14.681073971092699 47.02922410145402 105.45531035214663 13.103988669812678 38.417460195720196 616.75509459525347 127.10686672013253 40.243150949478149 27.289156571030617 11.847671508789061
leaf_count=83897 294 67 4667 265 2711 956 297 893 138 98 108 68 53 37 85 958 228 121 160 272 87 467 605 71 182 5143 684 179 119 51
internal_value=-1.43366e-05 0.00391461 -0.000527451 -0.00501379 -0.0123421 0.00132769 0.0118481 -0.00550673 -0.0037927 -0.0175913 0.000704996 -0.0300045 -0.0545033 -0.00944695 -0.010671 0.00552308 -0.0147336 -0.0103058 -0.0137833 0.00214328 -0.00607654 0.000771223 0.020912 -0.0362471 0.00617677 0.0086986 -0.00136423 0.00984988 -0.00874986 0.0110919
internal_weight=9385.93 1084.19 8301.73 973.188 455.136 518.053 169.597 209.922 348.455 85.6591 262.796 64.2937 24.6877 415.355 48.6725 210.965 39.606 409.271 319.908 89.3625 66.5751 152.09 120.925 46.3524 874.272 655.173 219.1 91.9929 51.7497 24.4606
internal_count=103961 8079 95882 11985 8126 3859 1252 1654 2607 585 2022 447 151 3459 382 1066 296 3422 2942 480 359 1360 870 231 6425 5325 1100 416 237 118
cat_boundaries=0 1
cat_threshold=42
is_linear=0
shrinkage=0.05


Tree=116
num_leaves=31
num_cat=1
split_feature=20 11 0 3 12 32 3 20 14 2 3 23 3 12 0 13 14 14 22 24 0 31 27 13 21 11 13 24 23 29
split_gain=7.59874 7.72049 6.13423 6.50641 9.68828 9.21601 11.1589 8.61873 8.0999 8.41299 9.76809 8.07483 7.73844 7.7218 8.77658 8.11814 7.36897 7.42226 7.18064 8.12497 7.02908 7.02673 9.0557 8.5914 9.66444 11.7722 9.26494 8.73178 8.83266 11.571
threshold=-1.4999999999999998 6.9000000953674325 -1.0000000180025095e-35 2.9166667461395268 2.2633333206176762 0 1.0000000180025095e-35 -1.0000000180025095e-35 1.1360599994659426 25.833333015441898 8.9416666030883807 1.4499999880790713 3.0166666507720952 3.2899999618530278 5.8333332538604745 0.19201499968767169 1.6970833539962771 2.170510053634644 1.8333333134651186 2.4166666269302373 6.1666667461395273 4.8500001430511483 2.4500000476837163 0.150008000433445 60.500000000000007 6.4500000476837167 0.1340259984135628 2.8333333730697636 2.2916666269302373 0.63333335518836986
decision_type=2 2 2 2 2 9 2 2 10 2 2 10 2 2 2 10 10 10 10 10 2 2 10 10 2 2 10 10 10 10
left_child=1 -1 -2 5 -5 6 -4 -6 11 16 -11 12 -9 14 15 -13 18 -18 -10 -20 -14 22 -15 24 -23 -26 27 28 -27 -30
right_child=2 -3 3 4 7 -7 -8 8 9 10 -12 13 20 21 -16 -17 17 -19 19 -21 -22 23 -24 -25 25 26 -28 -29 29 -31
leaf_value=-0.052176526575737271 0.016372183945786403 -0.0023356658276226707 -0.023019147487508145 0.013173128928795373 -0.031057397498556894 -0.00016508981967245924 -0.0038774713035688853 0.02482118849291472 0.0073893053763538722 -0.043037316316721017 0.007567259258629529 -0.0056668931731433531 0.0033165695404048534 0.013959164096343943 -0.055685311838245932 -0.03800064438087486 -0.006417043482178194 0.018140183499635049 0.017339108949632 0.05978102719451886 -0.013323137635038599 0.005170966743461407 -0.043200441362549934 0.0041739505166901959 -0.056707147678531335 -0.014162837033190443 -0.058810892855021925 0.042983171707373556 0.035288691977170411 -0.0049762250185273801
leaf_weight=13.906174572184684 58.735873224679381 17.608161278069019 90.377887605689466 182.35184327885509 20.432023741304874 5485.8144933732692 483.24201941117644 39.597758337855339 309.41369192302227 18.00091065838933 20.278987068682909 198.39706568047404 1081.3513527177274 113.92169065028429 10.470319978892801 21.518109641969204 133.56533477082849 39.979294888675213 109.49043675512075 12.571131579577921 67.424139905720949 135.37551050633192 7.3779700994491568 311.30410002171993 13.228996671736239 238.88924845308065 9.0048957988619787 8.3780561015009862 22.000718034803867 94.40260174497962
leaf_count=86 356 93 6517 925 106 72656 3221 249 2221 178 202 1115 6626 782 85 105 1062 340 831 81 563 585 50 1909 68 1699 59 70 178 715
internal_value=0.000181959 -0.0243287 0.000264688 0.000162719 0.00197942 -0.0008023 -0.00677526 0.00130717 0.00152643 0.00650275 -0.0162293 0.000177194 0.00308905 -0.00274475 -0.0109601 -0.00883066 0.00794101 -0.000759821 0.0114406 0.0217102 0.00233995 -0.000760554 0.0104825 -0.00239856 -0.0063236 -0.0103559 -0.00871056 -0.00747002 -0.00865974 0.00263401
internal_weight=9368.41 31.5143 9336.9 9278.16 3218.73 6059.43 573.62 3036.37 3015.94 643.3 38.2799 2372.64 1188.37 1184.27 230.385 219.915 605.02 173.545 431.475 122.062 1148.78 953.884 121.3 832.584 521.28 385.905 372.676 363.671 355.293 116.403
internal_count=103733 179 103554 103198 20804 82394 9738 19879 19773 4915 380 14858 7438 7420 1305 1220 4535 1402 3133 912 7189 6115 832 5283 3374 2789 2721 2662 2592 893
cat_boundaries=0 1
cat_threshold=5
is_linear=0
shrinkage=0.05


Tree=117
num_leaves=31
num_cat=1
split_feature=20 23 24 5 1 14 23 18 2 2 22 29 29 3 5 14 3 32 31 18 23 18 31 2 12 29 21 23 4 10
split_gain=6.4852 11.0455 9.26307 11.9443 8.71627 9.44147 10.2089 10.9352 7.50779 7.50826 7.10468 7.13133 6.93128 6.6455 10.1193 7.14931 6.55694 6.34303 15.4298 12.7276 9.45362 7.81843 7.15946 7.10095 6.97309 11.0023 6.30007 7.64266 8.10378 6.96175
threshold=2.5000000000000004 1.1000000238418581 1.1666666865348818 1.6716666221618655 59.416666030883796 1.0963333249092104 2.3666666746139531 1.3015151023864748 25.583333015441898 24.583333015441898 1.5833333134651186 0.45000000298023229 0.45000000298023229 4.9166667461395273 0.52013331651687633 1.2754999995231631 3.4833333492279057 0 5.5499999523162851 0.25357143580913549 1.8999999761581423 2.1408729553222661 5.8500001430511483 21.833333015441898 4.8775000572204599 2.1000000238418584 75.500000000000014 0.90000000596046459 0.17007333785295489 48.100000381469734
decision_type=2 10 10 10 2 8 10 2 2 2 10 10 10 2 8 10 2 9 2 2 10 2 2 2 2 10 2 10 8 2
left_child=17 12 3 4 10 16 7 -7 9 -9 -3 -12 -2 26 -15 -16 -6 18 19 -1 21 -20 -22 24 -23 -26 -14 -28 -29 -30
right_child=1 2 -4 -5 5 6 -8 8 -10 -11 11 -13 13 14 15 -17 -18 -19 20 -21 22 23 -24 -25 25 -27 27 28 29 -31
leaf_value=-0.040232397943055193 -0.012314571875942874 -0.023029893816921308 0.0052032848535642166 -0.057706286966966017 -0.0028075150422273605 0.032470184563253401 0.012758478200609184 -0.010498691569679308 -0.03528091935353591 0.040376624433592322 -0.040170953215650437 -0.0020128628160841046 0.003493961211393835 0.039259062972495255 -0.011518885803618008 0.023142845432276932 0.015115382682931729 0.00014310950586072819 0.011732870343043237 -0.0092754363420148866 -0.052952438737832286 -0.0068139198469632919 -0.0079602168025902451 -0.040151315265999049 0.0049258016655707171 0.061370669149957952 0.024194422703325603 -0.0099451633521498717 0.051476123263513029 0.008710658715323838
leaf_weight=37.137468678643927 35.245365649461746 72.698121747933328 609.59676988702267 9.8461503647267801 77.004032108932734 14.634953089058397 67.129789188504219 180.56763048842549 30.281299609690905 7.5555733852088443 13.154373449273406 177.00099527649581 103.46313021052629 14.531397271901367 83.561738450080156 18.098733142018318 151.28532114997506 6530.609504820779 195.00084982719272 313.35687903687358 9.6246927604079229 136.88822598941624 108.71338482946157 11.498058073222635 74.442186996340752 9.7658223807811719 173.4288414940238 41.612842727452517 12.972111672163008 35.722677111625671
leaf_count=4578 251 344 4165 103 625 80 549 1461 288 68 60 844 482 107 608 174 1157 78851 1798 2755 76 763 904 77 453 61 1322 328 64 331
internal_value=0.000269679 0.00285238 0.000558566 -0.00297557 -0.00229457 0.00140638 -0.00442195 -0.00937098 -0.0121747 -0.00845539 -0.0097352 -0.00465252 0.00909183 0.0106526 0.000230714 -0.00534802 0.00906983 -0.000401254 -0.00432042 -0.0125556 0.000887474 0.00434882 -0.0116195 -0.00184177 0.00015051 0.0114719 0.0139504 0.0180524 0.00625723 0.0201032
internal_weight=9356.43 1929.39 1410.76 801.158 791.312 528.459 300.169 233.039 218.405 188.123 262.853 190.155 518.637 483.391 116.192 101.66 228.289 7427.04 896.428 350.494 545.933 427.595 118.338 232.594 221.096 84.208 367.2 263.736 90.3076 48.6948
internal_count=103727 13411 9744 5579 5476 4228 2446 1897 1817 1529 1248 904 3667 3416 889 782 1782 90316 11465 7333 4132 3152 980 1354 1277 514 2527 2045 723 395
cat_boundaries=0 1
cat_threshold=5
is_linear=0
shrinkage=0.05


Tree=118
num_leaves=31
num_cat=2
split_feature=18 32 22 31 4 29 26 24 28 24 21 9 2 18 12 32 12 13 30 31 3 3 27 29 25 21 17 13 25 9
split_gain=8.57631 13.9517 11.5502 11.5663 8.38319 7.52559 8.21387 7.02167 6.97203 10.234 7.32885 6.84412 10.0714 9.01604 9.55121 6.93799 10.1406 10.8341 8.51078 7.54276 7.99038 9.54991 6.91644 8.0874 7.60302 7.88597 7.35593 6.88845 12.0343 9.90615
threshold=0.28801843523979193 0 3.1666666269302373 4.7500000000000009 0.073354996740818038 0.90000000596046459 0.83333334326744091 1.8333333134651186 2.1666666269302373 2.8333333730697636 21.500000000000004 1.4499999880790713 3.8333333730697636 2.1231060028076176 0.64499998092651378 1 1.310000002384186 0.023409666493535045 1.0000000180025095e-35 4.4500000476837167 1.0166666507720949 2.6416667699813847 0.90000000596046459 1.5500000119209292 1.8999999761581423 66.500000000000014 0.90000000596046459 0.058001998811960227 1.5500000119209292 3.3666666746139531
decision_type=2 9 10 2 8 8 10 8 10 10 2 2 2 2 2 9 2 8 2 2 2 2 10 10 10 2 2 8 10 2
left_child=1 -1 3 7 8 6 -6 -3 -5 10 -10 12 -2 27 -15 18 17 -17 19 -16 -21 -22 24 -24 -18 -26 -25 -13 -29 -30
right_child=11 2 -4 4 5 -7 -8 -9 9 -11 -12 13 -14 14 15 16 22 -19 -20 20 21 -23 23 26 25 -27 -28 28 29 -31
leaf_value=-0.027656552323105911 -0.0001341682810185728 -0.0098337110322543903 -0.038717901758387539 -0.0097785498110139688 0.10361088805533643 0.011567724330577067 0.029168966754373138 0.0013155590301994879 -0.0055624162776948607 0.1313949014935297 0.11202796227694495 0.0017503066417109963 0.0052716257399963197 -0.04078699098760645 -0.048933354655926506 0.016361142911097627 -0.0057686526043061112 -0.034976732515388763 0.022838062857884766 0.048570795780654569 -0.013080614438601432 0.026839376134256094 -2.8026089080443301e-05 0.0058087029698246379 -0.0079886989065744499 0.021988437654583488 0.055235268622630562 -0.00097625091428272289 -0.012149350965432147 0.00810202446248816
leaf_weight=51.863191049778834 1939.008966717869 340.75699406280182 21.845791248837486 63.09885008004494 4.6656333054415908 74.094744430389255 18.007576669100672 241.15848181024194 9.4238677858374995 2.1025457144714883 1.5418419092893589 517.75377953238785 1550.6632941402495 13.539411194622515 7.0907949209213248 14.068072758615015 538.0913800932467 38.133580908179283 83.553989596664906 9.2505884319543821 48.912028759717941 21.596558585762978 1297.0597266294062 840.35922029986978 36.859134301543236 54.198213201016188 7.5956455320119849 834.9525420255959 582.46760472655296 67.37043771892786
leaf_count=5292 18691 21220 1347 3329 117 2053 598 9761 680 66 8 2973 8199 271 77 79 3599 195 1147 76 646 354 8675 5618 165 429 72 4416 3126 364
internal_value=9.45214e-05 -0.00476134 -0.00283989 -0.00183918 0.0095142 0.019281 0.0444874 -0.00521321 -0.00289418 0.0303463 0.0109715 0.000567719 0.00226794 -0.000615881 0.00111362 0.00130293 0.000688977 -0.0211414 0.0108112 0.00048556 0.00487903 -0.000853247 0.00110225 0.00245434 -0.00350757 0.00985398 0.00625145 -0.00321574 -0.00494742 -0.0100498
internal_weight=9331.08 828.56 776.696 754.851 172.935 96.768 22.6732 581.915 76.1671 13.0683 10.9657 8502.52 3489.67 5012.85 3010.31 2996.77 2826.36 52.2017 170.404 86.85 79.7592 70.5086 2774.16 2145.01 629.149 91.0573 847.955 2002.54 1484.79 649.838
internal_count=103643 44471 39179 37832 6851 2768 715 30981 4083 754 688 59172 26890 32282 21403 21132 18832 274 2300 1153 1076 1000 18558 14365 4193 594 5690 10879 7906 3490
cat_boundaries=0 1 2
cat_threshold=4 8
is_linear=0
shrinkage=0.05


Tree=119
num_leaves=31
num_cat=1
split_feature=21 32 31 17 19 12 3 10 2 2 4 24 23 13 26 18 27 18 19 25 19 14 25 2 11 15 18 23 11 12
split_gain=10.8622 10.2679 7.44148 7.55738 8.74454 6.92759 9.48173 9.00931 6.75633 16.2617 6.6121 6.49595 8.91329 10.8955 8.72345 9.80046 8.04679 7.30798 15.8276 9.19469 6.93008 8.2046 7.60664 8.19288 6.54719 5.71323 5.67952 5.64165 6.28515 5.52403
threshold=1.0000000180025095e-35 0 8.5500001907348651 1.0000000180025095e-35 19.500000000000004 0.089999999850988402 0.11666667088866235 5.9000000953674325 2.1666666269302373 1.8333333134651186 0.54500001668930065 2.5833333730697636 0.55000001192092907 0.0033396667568013076 0.83333334326744091 2.8268365859985356 4.3999998569488534 0.040833333507180221 16.500000000000004 2.8999999761581425 20.500000000000004 0.18012000620365146 2.7083333730697636 5.5833332538604745 0.90000000596046459 0.55000001192092907 9.7750000953674334 0.90000000596046459 0.90000000596046459 0.0224999999627471
decision_type=2 9 2 2 2 2 2 2 2 2 10 8 10 10 10 2 8 2 2 8 2 10 10 2 2 2 2 10 2 2
left_child=1 10 27 4 -4 6 7 8 9 -2 11 16 13 -13 15 29 17 18 -1 24 21 -16 23 -23 -20 -19 -7 -3 -29 -14
right_child=5 2 3 -5 -6 26 -8 -9 -10 -11 -12 12 14 -15 20 -17 -18 25 19 -21 -22 22 -24 -25 -26 -27 -28 28 -30 -31
leaf_value=-0.0025511538502503029 0.013505629248363708 -0.0033389993042671688 0.0043400718219586062 -0.011995595028848404 0.10075936253807855 0.00095226651650068901 0.05101911391196038 -0.015449712356753307 -0.04413123699248115 0.099488219982201989 0.059768576264288664 0.043780780713773892 0.0032208384968033369 -0.048817577171224237 0.0071004563399607789 0.078780223467784627 0.089932943057983036 -0.0018007813561522418 -0.032334380521560339 0.14372933660416759 -0.0041984897552591049 0.075670984473953054 -0.0056043062698231602 0.0096454885043647937 0.071355372362842021 0.03985395963462271 0.039290278623123912 -0.036021637858914025 -0.01366393067206456 -0.03369865943098084
leaf_weight=192.86373742553405 64.663127928040922 54.007773423800245 5.2663491228595394 12.25767060741782 4.2486026454716921 6784.2259119283408 14.530303398147224 29.584912326186895 4.2446079086512318 6.0101027172058812 4.3740274012088767 25.149659525137398 15.110185937490312 3.636003900319337 67.147759257582948 2.5712696313858023 2.3406266761012366 1676.8108969018795 79.986293397611007 0.76557389763183792 68.503027830971405 14.358088489621883 7.1238864939659825 6.9837432876229277 1.5519187469035376 8.2723777145147306 9.6741137132048589 52.116673206211999 79.208757390268147 30.7511120531708
leaf_count=15358 755 1878 65 72 78 41563 107 187 56 70 19 522 699 31 1914 16 56 19984 12207 83 1650 119 64 35 20 36 125 4740 781 228
internal_value=0.000207832 -0.00267861 -0.013063 0.0139581 0.0473931 0.00121637 0.0131743 0.00791226 0.0171379 0.0208177 -0.00163814 -0.00176744 0.00597357 0.0320844 0.00243737 -0.0162089 -0.00271933 -0.00282997 -0.0103848 -0.0287415 0.00794008 0.0166369 0.0391323 0.0540653 -0.0303609 -0.00159629 0.00100686 -0.0169423 -0.0225366 -0.0215346
internal_weight=9328.34 2415.41 207.106 21.7726 9.51495 6912.93 119.033 104.503 74.9178 70.6732 2208.3 2203.93 241.335 28.7857 212.549 48.4326 1962.59 1960.25 275.168 82.3038 164.117 95.6135 28.4657 21.3418 81.5382 1685.08 6793.9 185.333 131.325 45.8613
internal_count=103518 60655 7614 215 143 42863 1175 1068 881 825 53041 53022 5278 553 4725 943 47744 47688 27668 12310 3782 2132 218 154 12227 20020 41688 7399 5521 927
cat_boundaries=0 1
cat_threshold=42
is_linear=0
shrinkage=0.05


Tree=120
num_leaves=31
num_cat=0
split_feature=20 31 18 12 22 31 24 10 22 31 23 26 29 25 18 17 31 29 5 28 10 19 3 24 19 25 18 23 18 5
split_gain=5.2578 8.63188 7.24786 7.78417 5.34087 5.08585 5.11305 6.8031 13.0995 7.98665 11.2911 7.59624 9.63308 9.15763 10.6995 10.0239 7.78593 12.9931 11.8976 13.3536 11.008 10.0507 7.09917 10.0799 15.4756 6.895 6.50032 7.18244 7.21734 6.39312
threshold=13.500000000000002 5.7500000000000009 6.2535715103149423 8.2225003242492694 2.4166666269302373 11.550000190734865 1.1666666865348818 22.22500038146973 3.1666666269302373 4.7500000000000009 2.8999999761581425 2.4166666269302373 1.0000000180025095e-35 1.0000000180025095e-35 0.40270270407199865 1.0000000180025095e-35 4.9500000476837167 2.8999999761581425 0.060216665267944343 0.41666667163372045 0.45000000298023229 6.5000000000000009 0.31666667759418493 0.41666667163372045 6.5000000000000009 0.77500000596046459 3.0784615278244023 1.2250000238418581 1.9692234992980959 1.6841666102409365
decision_type=2 2 2 2 10 2 10 2 10 2 10 10 8 10 2 2 2 8 8 8 2 2 2 10 2 10 2 10 2 10
left_child=5 4 3 -3 -2 6 7 8 9 -1 11 12 -11 -14 15 16 18 22 19 -15 21 -21 23 24 -18 -12 27 28 -16 -9
right_child=1 2 -4 -5 -6 -7 -8 29 -10 10 25 -13 13 14 26 -17 17 -19 -20 20 -22 -23 -24 -25 -26 -27 -28 -29 -30 -31
leaf_value=-0.0087081399157661384 0.049289272381083514 0.0063391065215441375 0.039060216725358296 -0.051727148206907207 -0.0045383926364045727 0.01410554261531316 0.00098745108809271702 0.00019582623585078928 -0.029687994181517144 0.067345045820280725 0.067007463103859147 -0.020212957864408476 -0.045501307357624081 0.26070608079702007 -0.015718306911375608 0.12641156326462782 0.14342850973891355 0.10375622971569798 0.012673312624081896 0.12759581051035915 0.1175375443977226 -0.050600659653318662 0.029873519680655408 -0.031365036658706817 -0.0099427699431748062 0.0041211724608435293 -0.031019778927279765 0.0057359675549497856 0.017071861199223173 -0.019686127853159388
leaf_weight=416.8535831195768 19.838875206187371 15.448762621730568 8.1389581598341447 9.2141618728637678 6.0026330519467583 64.873784069903195 5677.7490947491024 2568.2228106595576 51.126576986163855 5.4641370866447678 10.105906081618743 45.125829958822578 10.532719426322727 0.95299159572459835 97.896126125007868 2.0981317441910496 2.2783874296583218 3.0290594478137782 16.822494338499382 1.115930474130437 4.332886672578752 2.7200929515529424 11.857741899788378 24.471048728562891 5.914078114554286 7.6645229200366876 18.522180857136846 181.89476170670241 20.25329995341599 41.079592064023018
leaf_count=15392 176 97 89 72 50 520 62250 15990 1311 88 139 735 152 54 1004 13 84 65 583 72 89 394 102 1516 406 110 130 1718 146 327
internal_value=0.000249025 0.0151734 -0.00185299 -0.0153547 0.0367858 0.000154844 5.677e-05 -0.00143159 -0.00507618 -0.00366219 0.000784303 -0.000741829 0.00140041 0.000510024 0.00173954 0.0186508 0.0155744 0.00355338 0.0376063 0.0835875 0.0629247 0.00123815 -0.00326405 -0.0152939 0.032711 0.0398841 -0.00227335 -0.000498784 -0.0100974 -0.000117186
internal_weight=9351.6 58.6434 32.8019 24.6629 25.8415 9292.96 9228.08 3550.33 941.032 889.906 473.052 455.282 410.156 404.692 394.159 75.5928 73.4947 47.5503 25.9444 9.1219 8.16891 3.83602 44.5213 32.6635 8.19247 17.7704 318.566 300.044 118.149 2609.3
internal_count=103874 484 258 169 226 103390 102870 40620 24303 22992 7600 7351 6616 6528 6376 3378 3365 2173 1192 609 555 466 2108 2006 490 249 2998 2868 1150 16317
is_linear=0
shrinkage=0.05


Tree=121
num_leaves=31
num_cat=1
split_feature=32 2 31 19 3 18 2 9 19 18 23 29 11 24 9 3 9 18 31 12 24 19 14 29 2 21 10 13 11 18
split_gain=7.86677 11.9505 12.2791 11.4315 15.8411 19.2404 7.84774 9.84594 9.34002 16.9076 11.1384 10.7424 8.91148 8.65049 8.14889 7.5197 7.31777 7.02784 7.69837 6.82217 7.40937 8.42716 7.4592 6.61302 6.56124 11.482 9.24736 9.46175 7.74809 7.43265
threshold=0 15.416666507720949 4.9500000476837167 35.500000000000007 0.14166667312383655 1.0000000180025095e-35 1.0000000180025095e-35 1.4499999880790713 4.5000000000000009 1.0000000180025095e-35 1.5500000119209292 0.36666667461395269 6.3666667938232431 0.83333334326744091 2.1000000238418584 0.5416666865348817 0.90000000596046459 2.9016129970550542 6.8500001430511483 1.4366666674613955 1.8333333134651186 12.500000000000002 0.75830000638961803 2.3666666746139531 8.8333334922790545 37.500000000000007 19.10000038146973 0.036054998636245734 6.7750000953674325 1.2029411792755129
decision_type=9 2 2 2 2 2 2 2 2 2 10 10 2 10 2 2 2 2 2 2 10 2 10 8 2 2 2 8 2 2
left_child=1 2 3 16 5 -5 8 17 10 11 -2 13 14 -10 23 -14 19 18 -8 20 22 -22 -1 -9 25 26 -17 -28 -29 -27
right_child=6 -3 -4 4 -6 -7 7 12 9 -11 -12 -13 15 -15 -16 24 -18 -19 -20 -21 21 -23 -24 -25 -26 29 27 28 -30 -31
leaf_value=-0.0076978944692999126 0.017839795618198064 0.019981066989181367 0.021698254800799753 -0.050385362475813038 -0.0045944989999134938 0.16106549226052302 0.0013162189891048307 -0.0068873623921715948 0.2240437979599606 -0.0033557947203949261 -0.010784313253508433 -0.023595307819180723 -0.016229781096221748 0.022930641087243381 -0.020641112994188793 -0.034120853123598603 -0.015112202228345341 0.014667783032809013 0.014488951023888592 -0.06264666585537941 -0.0095337088796201494 0.029455117063709291 0.086626989609956517 0.013979287729466864 -0.0014139036874775278 -0.02140142152478039 0.030396732291571193 0.03705826654273052 0.0059317291686828665 0.00031690760856439376
leaf_weight=91.745844207238406 92.016342021059245 118.76278107240796 62.198553775437176 1.4516063588671366 7.5574033297598362 4.1556088458746672 2913.9153625136241 329.69700882770121 0.72760579339228515 766.12229548650794 53.890111856162548 146.37380218994804 75.775974869728088 2.0166043045464903 98.717443734407425 11.647348009049891 108.34966438636184 110.27406387776136 115.30309757962823 4.0161644481122485 20.643515584524721 42.172024741303176 2.1449464857578269 42.911301627755165 3212.2058319486678 42.731032535433769 54.552693486213684 21.36496614664793 311.28590619564056 504.45556466281414
leaf_count=5366 3216 1759 669 204 50 91 18919 1661 87 16312 2260 21435 436 234 500 71 886 589 631 25 846 1536 13 219 21141 193 261 107 1460 2692
internal_value=-0.000111781 0.00617078 0.00158809 -0.00284373 0.0426494 0.106325 -0.000444965 0.000100415 -0.00448104 -0.00635399 0.00726757 -0.0217578 -0.00134649 0.0762542 -0.00786826 -0.000620497 -0.00506953 0.00226898 0.00181762 0.00170066 0.00334979 0.0166419 -0.00554303 -0.00448426 -0.000336048 0.00332374 0.00977563 0.0110961 0.00793087 -0.00137913
internal_weight=9369.18 463.198 344.435 282.237 13.1646 5.60722 8905.98 7844.84 1061.15 915.24 145.906 149.118 4705.35 2.74421 471.326 4234.02 269.072 3139.49 3029.22 160.722 156.706 62.8155 93.8908 372.608 4158.24 946.038 398.851 387.204 332.651 547.187
internal_count=103869 11445 9686 9017 345 295 92424 48880 43544 38068 5476 21756 28741 321 2380 26361 8672 20139 19550 7786 7761 2382 5379 1880 25925 4784 1899 1828 1567 2885
cat_boundaries=0 1
cat_threshold=8
is_linear=0
shrinkage=0.05


Tree=122
num_leaves=31
num_cat=0
split_feature=10 24 29 31 22 28 31 17 28 28 3 0 27 9 10 9 18 10 29 8 18 20 25 20 27 18 24 21 31 2
split_gain=6.85129 7.77942 14.5239 10.2117 8.04759 10.898 8.81882 9.45185 8.01912 8.51569 8.73387 7.41469 16.8181 7.29678 9.6565 7.16705 14.514 6.86158 8.59325 7.43661 10.5232 6.59604 10.839 7.15088 6.9665 6.62532 8.07904 7.81109 8.93144 9.98997
threshold=43.633333206176765 1.4166666865348818 0.70833334326744091 4.7500000000000009 2.5833333730697636 0.83333334326744091 6.6499998569488534 1.0000000180025095e-35 2.5833333730697636 2.1666666269302373 0.11666667088866235 -1.0000000180025095e-35 1.3666666746139529 3.1000000238418584 33.366666793823249 1.2250000238418581 2.4677083492279057 37.899999618530281 0.90000000596046459 1.0000000180025095e-35 1.5638586878776553 5.5000000000000009 0.55000001192092907 6.5000000000000009 0.36666667461395269 1.1096096634864809 0.58333334326744091 19.500000000000004 5.5499999523162851 1.1666666865348818
decision_type=2 10 10 2 10 10 2 2 10 8 2 2 10 2 2 2 2 2 10 2 2 2 10 2 8 2 10 2 2 2
left_child=1 3 -3 -1 15 -6 7 8 9 -7 -11 12 -2 21 -15 16 -4 18 -17 20 -20 24 -23 -24 25 26 -5 28 29 -28
right_child=11 2 4 13 5 6 -8 -9 -10 10 -12 -13 -14 14 -16 17 -18 -19 19 -21 -22 22 23 -25 -26 -27 27 -29 -30 -31
leaf_value=-0.0077067374580906886 0.058680291456386195 0.01275027654411548 0.00073680031655626148 -0.016934695119673531 -0.055462025701987307 -0.010415483737948417 -0.046815624072414762 0.026354611156819086 -0.047261299231810716 -0.035285401947379322 0.074096552103700766 0.00096821027690923009 -0.0096348082151315947 -0.035472272689806378 -0.00023762047049343785 -0.030941279080938286 0.027546144482820768 -0.019039934459945212 -0.017309435900016393 0.019316844635621836 0.0078182307600846643 -0.026645999855413889 0.037822820183346234 0.0072421751071125619 -0.0015849074199469019 -0.0063414441624816513 0.062178554676103386 -0.0025982404078408522 0.0055786769877185574 0.17422102978041398
leaf_weight=904.17448694631457 17.605104327201843 222.1598330468405 1210.177920966642 4.9069759054109481 13.316496608313171 66.753145242342725 12.981558124069123 21.663287898525596 12.702161548193542 2.5850866108667088 6.2065369412302971 5160.226681124419 18.451254203915596 34.361212708055973 44.796549089252949 23.437344011850655 52.681908229365945 81.697510063648224 77.644986684434116 43.785065948963165 89.918388578109443 14.558678723871706 33.452630326151848 44.606890052556992 1117.85127059347 13.11278281547129 5.3107174264732731 4.1243627220392218 3.1505565999541423 3.1812057010829449
leaf_count=24399 86 3433 24143 78 236 1516 102 116 342 148 39 33086 95 167 211 137 370 390 469 211 544 63 155 202 13155 79 126 19 47 25
internal_value=-8.4949e-05 -0.00159574 0.000721085 -0.00361108 -0.000836667 -0.0124977 -0.00784212 -0.00323894 -0.0105037 -0.00432325 0.0419339 0.00112609 0.0237212 -0.000812867 -0.0155325 0.000169024 0.00185519 -0.00655926 -0.0022164 0.000969021 -0.00382535 0.000123572 0.0129607 0.0203476 -0.000908825 0.0214598 0.0390933 0.0565304 0.0774768 0.104151
internal_weight=9361.58 4165.3 1937.71 2227.59 1715.55 136.208 122.892 109.91 88.2469 75.5448 8.79162 5196.28 36.0564 1323.41 79.1578 1579.34 1262.86 316.483 234.786 211.348 167.563 1244.26 92.6182 78.0595 1151.64 33.7866 20.6738 15.7668 11.6425 8.49192
internal_count=104189 70922 32196 38726 28763 2499 2263 2161 2045 1703 187 33267 181 14327 378 26264 24513 1751 1361 1224 1013 13949 420 357 13529 374 295 217 198 151
is_linear=0
shrinkage=0.05


Tree=123
num_leaves=31
num_cat=0
split_feature=21 5 23 5 11 9 12 18 20 13 4 18 20 2 6 11 18 11 18 11 18 25 28 12 5 19 29 25 23 24
split_gain=5.97568 9.07035 11.4536 7.5772 7.0592 6.6238 13.7201 8.32363 9.47176 8.38988 9.25089 8.07142 7.89287 7.80441 7.59229 10.8702 10.2455 10.806 9.39355 8.17678 7.42176 7.22162 7.14022 6.7856 6.75801 6.55895 6.42889 7.15011 9.12051 6.35328
threshold=1.0000000180025095e-35 1.3601499795913699 0.90000000596046459 1.4111499786376955 23.10000038146973 1.4499999880790713 1.3550000190734866 1.9486842155456545 8.5000000000000018 0.19820699840784076 0.18006166815757754 0.60303032398223888 -1.0000000180025095e-35 14.833333492279055 1.0000000180025095e-35 13.550000190734865 1.8198052048683169 11.900000095367433 1.603030323982239 5.7750000953674325 1.2535714507102969 1.1000000238418581 0.83333334326744091 2.9100000858306889 1.2016333341598513 26.500000000000004 0.36666667461395269 2.6333333253860478 0.70833334326744091 1.1666666865348818
decision_type=2 8 10 8 2 2 2 2 2 10 10 2 2 2 2 2 2 2 2 2 2 10 10 2 8 2 10 8 10 10
left_child=1 2 29 -3 26 12 11 8 9 10 -8 -7 23 -13 16 18 17 19 -16 -11 -12 -22 -10 25 -15 -2 -5 -28 -29 -1
right_child=5 3 -4 4 -6 6 7 -9 22 14 20 13 -14 24 15 -17 -18 -19 -20 -21 21 -23 -24 -25 -26 -27 27 28 -30 -31
leaf_value=-0.0078632834773267758 0.0047649428198888837 0.059788618175688639 -0.0070846907177918904 0.019793053277822884 0.077179994289593656 0.025855799814328985 -0.0033270263245971433 0.0022390565138534139 -0.018875033163989908 0.0025573886112402909 -0.0078479430804797492 -0.01791989844003973 0.0037127700812770257 -0.014856875958894343 -0.0078272104375619114 -0.036754008702946629 -0.066750893283337581 0.015908369421698234 0.048073822609270546 -0.043515365848467755 -0.0060053403411833026 0.037920053386008234 0.02818215009923708 -0.050143033135413864 0.030513567350519445 -0.036778275122479644 -0.00061327807787370573 0.04531150648233126 0.0031417745363634814 0.0095765842841892684
leaf_weight=72.372305398108438 34.57330608740449 5.5529362708330146 980.30550323217176 43.999163972679526 3.0525113791227332 13.487487405538557 1032.3704403713346 2869.9255598001182 10.096501320600508 13.611778721213339 23.470525696873665 187.86258682981133 2491.5898870751262 15.947720889002083 16.813470847904686 13.50211690366268 12.579722195863722 17.650294035673141 13.588668763637541 32.922339119017124 12.678046680986879 35.722264133393764 39.989064566791058 11.046575807034968 16.910661187022924 13.101544827222822 1065.358689384535 19.488985863514245 37.481792338192463 187.5583712507505
leaf_count=2244 175 26 30626 830 13 65 5466 20714 54 64 114 961 13936 118 80 66 62 93 61 155 63 182 218 58 149 66 20888 276 571 5199
internal_value=0.000513601 -0.0016281 -0.00461047 0.00152004 0.00124334 0.00126006 8.03474e-05 0.000745618 -0.00261601 -0.00348744 -0.00211952 -0.0116933 0.00328575 -0.0139878 -0.0160053 0.000578526 -0.0254903 -0.0174034 0.0171586 -0.0300385 0.0152254 0.0264142 0.0186961 -0.0148331 0.00849315 -0.00665157 0.0010446 0.0003096 0.0175675 0.00472081
internal_weight=9344.61 2415.17 1240.24 1174.93 1169.38 6929.44 4379.13 4144.92 1275 1224.91 1104.24 234.208 2550.31 220.721 120.668 43.9043 76.7641 64.1844 30.4021 46.5341 71.8708 48.4003 50.0856 58.7214 32.8584 47.6749 1166.33 1122.33 56.9708 259.931
internal_count=103593 60673 38069 22604 22578 42920 28685 27392 6678 6406 5825 1293 14235 1228 581 207 374 312 141 219 359 245 272 299 267 241 22565 21735 847 7443
is_linear=0
shrinkage=0.05


Tree=124
num_leaves=31
num_cat=2
split_feature=31 32 18 19 24 10 18 11 19 29 30 21 31 32 1 3 19 19 13 5 11 9 9 17 21 9 21 29 0 13
split_gain=10.5315 9.07532 17.9211 11.9353 11.4237 11.5541 12.7985 9.26944 10.0199 8.86704 8.52155 14.0921 15.1204 10.4831 8.99329 12.6928 8.05147 7.76302 7.62025 7.46318 7.40754 11.5107 8.136 8.01735 11.6107 8.66336 7.54787 9.18652 7.43632 7.40595
threshold=4.0499999523162851 0 0.15707236528396609 3.5000000000000004 1.1666666865348818 14.633333683013918 3.6711711883544926 0.55000001192092907 26.500000000000004 1.8999999761581423 1.0000000180025095e-35 18.500000000000004 6.9500000476837167 1 59.833333969116218 3.1833333969116215 27.500000000000004 32.500000000000007 0.029995999298989776 1.4672333598136904 10.366666316986086 2.5499999523162846 2.2916666269302373 1.0000000180025095e-35 82.500000000000014 0.45000000298023229 25.500000000000004 1.7749999761581423 1.4166666865348818 0.027975000441074375
decision_type=2 9 2 2 8 2 2 2 2 10 2 2 2 9 2 2 2 2 10 10 2 2 2 2 2 2 2 10 2 10
left_child=-1 4 3 -3 -2 7 -7 8 -6 -9 18 12 13 -12 15 16 -15 -14 29 -13 22 -22 23 25 -25 -20 27 -24 -26 -4
right_child=1 2 10 -5 5 6 -8 9 -10 -11 11 19 17 14 -16 -17 -18 -19 20 -21 21 -23 26 24 28 -27 -28 -29 -30 -31
leaf_value=-0.0072180782117071129 -0.0010768039872273592 0.004934076793685252 -0.00022176112434588088 -0.025484303732134679 0.01419582979107617 0.0021654719534633482 0.021577356996145949 0.031295164767216985 -0.0086346386704726219 -0.00062573312669774415 -0.019680158547361194 0.0030242836574231979 0.0078890879076606076 0.00097358846725605931 0.018644120852299825 -0.030062653780960836 -0.013805095414731126 0.044891043106860325 0.01733818604202015 0.013431993544501589 0.014434139404109937 -0.0045697536713255561 -0.017462254687549531 0.0093323560535657525 -0.050647014456052311 -0.012949401293327901 -0.025969554225119151 0.037549784503350413 -0.006520044686331267 0.042514044719418845
leaf_weight=464.76434310292825 1325.6946399165317 44.443515656050295 1513.2907925341278 117.5199084051419 154.43037909362465 1620.5811861380935 89.605753526091576 96.525304414331913 69.771624535322189 28.085573391988873 115.73341672448441 1696.3463535271585 85.092960779555142 352.20342336408794 42.226417481899261 47.245593637228012 124.82211186550558 17.008194872178137 25.597367264330387 191.71465462818742 100.34105759114027 387.00757494196296 22.499188862740993 143.1189849730581 13.566707246005533 304.10757049545646 106.86097311228514 11.451303802430628 32.227378681302071 10.206008991226552
leaf_count=15261 13092 2403 11852 17445 4032 10426 971 748 1886 244 1525 9223 587 3906 176 230 1579 112 239 1244 581 2530 119 730 63 1764 531 61 177 70
internal_value=0.000119159 0.000502775 -0.000750541 -0.0171374 0.0025358 0.00487411 0.00318256 0.0131676 0.00709099 0.0241006 -0.000255178 0.0017409 -0.00389244 -0.00657811 -0.00349235 -0.00534191 -0.00289351 0.0140529 -0.00225284 0.00408109 -0.00533147 -0.000657009 -0.00878612 -0.0058922 0.00232064 -0.010598 -0.0194446 0.00109299 -0.0195929 6.4529e-05
internal_weight=9354.09 8889.33 5504.63 161.963 3384.69 2059 1710.19 348.813 224.202 124.611 5342.67 2672.39 784.332 682.231 566.498 524.271 477.026 102.101 2670.27 1888.06 1146.78 487.349 659.429 518.618 188.913 329.705 140.811 33.9505 45.7941 1523.5
internal_count=103807 88546 57147 19848 31399 18307 11397 6910 5918 992 37299 18582 8115 7416 5891 5715 5485 699 18717 10467 6795 3111 3684 2973 970 2003 711 180 240 11922
cat_boundaries=0 1 2
cat_threshold=10 4
is_linear=0
shrinkage=0.05


Tree=125
num_leaves=31
num_cat=2
split_feature=20 25 9 11 7 20 31 10 12 10 19 18 1 12 19 14 4 14 18 16 32 31 17 30 25 4 18 25 32 4
split_gain=8.08659 9.03621 8.85682 16.5932 12.2014 11.6022 11.5585 13.8913 14.5318 13.0699 10.1453 24.2461 9.59359 11.6972 9.84925 9.37347 9.07009 8.70297 8.36996 8.55837 7.91565 18.4839 12.4789 10.9816 9.49484 8.87086 7.65173 7.61025 8.8468 9.92279
threshold=2.5000000000000004 2.1000000238418584 1.7083333134651186 8.0999999046325701 1.0000000180025095e-35 -1.0000000180025095e-35 4.3500001430511483 70.90000152587892 1.7225000262260439 32.899999618530281 18.500000000000004 1.0000000180025095e-35 36.166666030883796 4.8224999904632577 28.500000000000004 0.79622998833656322 0.0067033334635198125 1.1945000290870669 1.773460388183594 1.0000000180025095e-35 0 5.7500000000000009 0.36666667461395269 1.0000000180025095e-35 1.3666666746139529 0.069971665740013136 0.78474903106689464 1.1000000238418581 1 0.20334000140428546
decision_type=2 10 2 2 2 2 2 2 2 2 2 2 2 2 2 8 8 10 2 2 9 2 2 2 10 10 2 10 9 8
left_child=2 -2 5 4 -4 -1 7 -5 -9 -8 20 -12 13 14 -11 -15 -10 -6 19 -13 21 24 -22 -24 -7 -26 -14 -20 -29 -30
right_child=1 -3 3 6 17 10 9 8 16 12 11 18 26 15 -16 -17 -18 -19 27 -21 22 -23 23 -25 25 -27 -28 28 29 -31
leaf_value=-0.021435635661264281 0.0015750065471914418 0.013200497329836256 -0.0074466797587271778 0.0029781871131573079 -0.021811115091550842 -0.038938777122165848 -0.021902388232244357 0.034348000655098868 -0.069734510899171473 -0.0022753640017232671 -0.029801473659550243 -0.0019268675944312493 0.02946226763905116 0.0032585990445302437 0.02789008933592407 0.063241905921837566 -0.025321847922168173 -0.070935587771392708 0.013630572838963377 -0.020578557350486856 0.0035992442703926732 0.0097207970679037449 0.076553365199483983 0.0088156763695668282 -0.017206039693184502 0.021919954929792772 -0.00084007456888382569 0.007872035369718644 -0.015142346074696139 0.0064094578395217901
leaf_weight=59.90780391683802 1750.4595464486629 184.79489919357002 478.64451830275357 71.853729330003262 86.458137981593609 39.131108547793701 67.181541927158833 9.077327258884905 13.547109585255383 98.293282121419907 74.310389595804736 1449.2837959453464 21.068950496613979 10.230603374540808 37.338973015546799 17.923195913434029 75.918309591710567 10.065603233873842 159.3325081076473 64.228425860404968 2054.991854136344 106.68565157242119 11.021761558949947 13.088902786374092 73.807227968005463 18.024790851399302 1858.5448429770768 215.52389958966523 130.59863948449492 90.360918048769236
leaf_count=319 12276 1257 2626 363 436 1375 387 53 99 512 12623 17198 112 53 190 85 476 54 997 449 33581 1043 53 63 2188 113 12034 1428 858 526
internal_value=-0.000193193 0.00268511 -0.00094426 -0.00312758 -0.010717 0.000423169 -0.00121385 -0.0137404 -0.0259309 -0.000202525 0.000714146 -0.00173112 0.000510909 0.0121168 0.00602905 0.041445 -0.0320469 -0.0269339 -0.00074222 -0.00271838 0.00301892 -0.00549761 0.00399959 0.0397808 -0.0183147 -0.00952639 -0.00050041 0.0042777 0.000863553 -0.00605476
internal_weight=9351.7 1935.25 7416.44 2856.15 575.168 4560.3 2280.98 170.396 98.5427 2110.58 4500.39 2183.64 2043.4 163.786 135.632 28.1538 89.4654 96.5237 2109.33 1513.51 2316.75 237.649 2079.1 24.1107 130.963 91.832 1879.61 595.816 436.483 220.96
internal_count=103827 13533 90294 17480 3116 72814 14364 991 628 13373 72495 34079 12986 840 702 138 575 490 21456 17647 38416 4719 33697 116 3676 2301 12146 3809 2812 1384
cat_boundaries=0 1 2
cat_threshold=4 6
is_linear=0
shrinkage=0.05


Tree=126
num_leaves=31
num_cat=1
split_feature=12 18 31 20 14 4 31 12 27 22 18 4 21 28 5 14 27 18 32 14 18 19 24 18 5 12 12 12 30 18
split_gain=7.04149 9.77946 8.53655 7.1813 6.93928 7.42242 6.54512 9.42985 7.16601 7.55891 8.4021 8.40129 8.31187 7.48743 8.333 6.41382 7.3791 7.35204 5.94606 7.72638 8.00194 10.5639 5.88479 5.66282 9.36496 6.41089 6.74698 6.82451 6.34377 7.46099
threshold=12.444999694824221 9.7750000953674334 8.3499999046325701 13.500000000000002 0.39225000143051153 0.50413167476654064 4.2500000000000009 4.9900000095367441 1.2250000238418581 1.8333333134651186 1.6711711287498476 1.0000000180025095e-35 76.500000000000014 1.8333333134651186 1.9616667032241824 1.8825399875640871 3.1000000238418584 0.092329546809196486 0 0.18012000620365146 3.4305019378662114 34.500000000000007 2.8333333730697636 0.55718955397605907 0.99594998359680187 2.9900000095367436 0.36333334445953375 0.22249999642372134 1.0000000180025095e-35 0.33809524774551397
decision_type=2 2 2 2 8 8 2 2 10 10 2 8 2 10 10 10 8 2 9 8 2 2 10 2 10 2 2 2 2 2
left_child=3 2 -2 6 -5 -6 7 8 13 10 23 -12 -13 14 -1 16 17 -11 19 22 -21 -22 -8 28 25 26 27 -25 29 -10
right_child=1 -3 -4 4 5 -7 18 -9 9 15 11 12 -14 -15 -16 -17 -18 -19 -20 20 21 -23 -24 24 -26 -27 -28 -29 -30 -31
leaf_value=-0.01661734857815626 -0.006272472096628387 0.03337605222288216 -0.083612981766075914 -0.026090489838751146 0.058047474588410225 0.013109364006816879 0.019754768228398393 -0.065185735649502696 0.020853982318013706 -0.038967027503061441 -0.059532367364627539 -0.030073301276389925 0.019608980907667314 0.0003294477673694434 0.046735115794873584 -0.092022803050402835 0.058580146468475092 -0.0051541943523877448 -0.00010007252435198874 -0.0010034260059957375 0.023944812405186686 -0.042720335780387086 0.079150344179922852 0.028242025806602462 -0.0047532852602740509 0.069128365454785706 0.012029139497168974 0.095965054357589535 -0.010725214868795976 -0.01765666533672677
leaf_weight=213.12440797663294 6.2408425323665169 4.5653622299432746 8.3302214071154577 7.6484612356871358 12.611382488161324 33.857735764235258 41.942781348247081 6.378448285162448 49.073640613351017 20.425285450648516 8.9948900928720814 16.773581184446812 16.900994792580605 123.48240666580386 5.3201327919960013 2.4200437329709521 3.8120607440359882 75.502139560412616 8107.1859265977982 221.27575232181698 67.02221305295825 6.520627547055482 4.6306744478642932 15.0119551923126 44.334058985114098 6.9912434518337241 69.277912154793739 4.9454503357410422 68.670833587879315 16.911019278690219
leaf_count=5224 64 65 79 66 104 265 1098 41 2725 2179 157 85 118 3070 36 18 112 691 79086 3132 1050 80 81 208 250 37 388 31 2954 148
internal_value=-0.000181713 -0.0304804 -0.0504877 -0.000119174 0.0180415 0.0253052 -0.000225804 -0.00464403 -0.00413724 0.00023756 0.00403994 -0.0166047 -0.00513817 -0.00951152 -0.0150744 -0.0115942 -0.00964266 -0.0123538 0.000176008 0.00654348 0.00374548 0.018034 0.0256603 0.00724068 0.0142606 0.0230207 0.0194084 0.0450238 -8.7043e-05 0.0109842
internal_weight=9290.18 19.1364 14.5711 9271.05 54.1176 46.4691 9216.93 768.351 761.972 420.045 317.886 42.6695 33.6746 341.927 218.445 102.16 99.7395 95.9274 8448.58 341.392 294.819 73.5428 46.5735 275.216 140.561 96.2266 89.2353 19.9574 134.655 65.9847
internal_count=103642 208 143 103434 435 369 102999 18472 18431 10101 7101 360 203 8330 5260 3000 2982 2870 84527 5441 4262 1130 1179 6741 914 664 627 239 5827 2873
cat_boundaries=0 1
cat_threshold=8
is_linear=0
shrinkage=0.05


Tree=127
num_leaves=31
num_cat=0
split_feature=23 11 11 29 25 11 2 27 13 18 17 3 10 14 14 0 13 3 2 9 5 13 13 24 24 0 5 13 19 0
split_gain=6.9811 6.14443 8.99339 17.3148 7.2122 5.63619 13.0959 11.6714 5.52848 6.20956 5.56133 5.80391 5.62636 6.41381 8.94371 5.55843 11.8497 9.98129 8.20186 8.54305 6.43704 7.89204 6.33617 6.04773 5.7954 5.53472 5.38296 9.02196 10.2568 10.865
threshold=1.7749999761581423 0.77500000596046459 0.90000000596046459 0.90000000596046459 1.1000000238418581 -0.90000000596046437 -1.0000000180025095e-35 1.8999999761581423 0.16409499943256381 8.1180553436279315 0.45000000298023229 1.6833333373069765 87.633331298828139 1.0302199721336367 0.66613999009132396 3.4166666269302373 0.14801900088787082 2.5833332538604741 20.833333015441898 3.5499999523162846 0.080150000751018538 0.013790000230073931 0.13804499804973605 1.8333333134651186 3.1666666269302373 5.1666667461395273 0.33703333139419561 0.2485340014100075 14.500000000000002 2.1666666269302373
decision_type=10 2 2 10 10 2 2 8 8 2 2 2 2 8 10 2 10 2 2 2 10 10 10 10 10 2 8 8 2 2
left_child=5 -2 3 -3 -5 6 7 -1 10 26 15 -12 -13 14 -14 17 18 24 23 -20 -19 -22 -23 25 -4 -17 -10 28 -28 -30
right_child=1 2 8 4 -6 -7 -8 -9 9 -11 11 12 13 -15 -16 16 -18 20 19 -21 21 22 -24 -25 -26 -27 27 -29 29 -31
leaf_value=0.024955983810102476 -0.0091604918555473445 0.10445106372574574 -0.0021815352635036235 0.049973060589243834 -0.017626257054569681 0.00063507244858995238 0.078252013054070466 -0.044546321164865871 0.0089219716465800732 0.030911982622675513 0.048440640920957831 0.019652003796778963 0.0012521811778122233 0.030853493507601533 -0.076956709210455693 -0.021580367579315397 0.043010302471838298 -0.0092408897727350205 -0.031809369808446876 0.018300857821772286 0.056080880713702069 0.015528253468741938 -0.0091892022520565896 0.0068254211476542082 0.033116283117765162 -0.062690738133261412 -0.037242432152223198 -0.0034501264516434791 -0.032734201701553944 0.00295888870346432
leaf_weight=21.045513718388978 286.58539196220227 5.7837847061455276 695.56350980233401 5.9117581164464381 11.864296662155537 6381.8323403585237 7.6933952402323476 8.4720026291906816 74.544053643941879 12.742282915860413 10.623804800212381 39.197618097066879 9.2902037054300326 6.1712098680436602 6.0269685797393313 72.935257747769356 10.261423975229262 35.723732098937035 11.490723863244055 32.739481687545776 10.461170811206101 157.72869873791933 31.027765348553658 16.681973170489073 11.826322354376314 9.2223843708634359 42.784854121506214 1179.9963895492256 30.765567258000374 69.449600029736757
leaf_count=135 15683 60 4760 72 142 70418 73 50 411 162 90 237 119 81 77 491 67 206 86 310 104 917 175 103 70 63 262 7557 158 424
internal_value=-0.000170251 -0.00221209 -0.00144644 0.0293053 0.00485516 0.000748206 0.020151 0.0050077 -0.00172756 -0.00383411 0.000818199 0.014348 0.00837973 -0.0121824 -0.0295213 -6.23737e-05 -0.00889102 0.00137418 -0.0126136 0.00528254 0.0103034 0.013808 0.0114652 -0.020622 -0.00159142 -0.0261951 -0.00415091 -0.0048875 -0.0167483 -0.00799872
internal_weight=9306.44 2887.4 2600.81 23.5598 17.7761 6419.04 37.2109 29.5175 2577.25 1410.28 1166.97 71.3098 60.686 21.4884 15.3172 1095.66 153.331 942.331 143.07 44.2302 234.941 199.218 188.756 98.8396 707.39 82.1576 1397.54 1323 143 100.215
internal_count=103563 32887 17204 274 214 70676 258 185 16930 8974 7956 604 514 277 196 7352 1120 6232 1053 396 1402 1196 1092 657 4830 554 8812 8401 844 582
is_linear=0
shrinkage=0.05


Tree=128
num_leaves=31
num_cat=0
split_feature=23 2 14 21 27 26 19 31 23 26 3 13 21 22 24 21 29 22 14 3 2 23 3 21 11 22 19 18 2 29
split_gain=7.2348 7.6165 8.80908 11.2727 9.88113 13.5096 11.604 9.27328 9.12926 8.80066 8.54491 10.7553 11.448 8.40397 9.02778 8.86675 8.32565 8.12751 7.49758 7.35554 8.92341 7.14137 7.69614 6.90251 11.9426 6.893 8.10628 6.81147 8.29827 8.01104
threshold=1.4499999880790713 1.8333333134651186 1.3581100106239321 36.500000000000007 0.90000000596046459 0.83333334326744091 28.500000000000004 4.7500000000000009 1.5500000119209292 0.41666667163372045 2.5166666507720952 0.07201199978590013 87.500000000000014 2.4166666269302373 1.1666666865348818 18.500000000000004 1.5500000119209292 3.8333333730697636 1.1427099704742434 2.8833333253860478 17.583333015441898 2.3666666746139531 1.3833333253860476 6.5000000000000009 20.10000038146973 2.8333333730697636 4.5000000000000009 1.144958019256592 13.166666507720949 1.6333333253860476
decision_type=10 2 8 2 8 10 2 2 10 8 2 10 2 10 10 2 10 10 10 2 2 10 2 2 2 10 2 2 2 8
left_child=23 -2 18 7 5 17 -7 -4 -6 16 11 -11 -13 14 27 -16 -10 -5 -3 20 -12 -15 -23 24 -1 26 -21 29 -29 -9
right_child=1 2 3 4 8 6 -8 13 9 10 19 12 -14 21 15 -17 -18 -19 -20 25 -22 22 -24 -25 -26 -27 -28 28 -30 -31
leaf_value=-0.0016181438763075687 -0.00626002801638005 0.00054012746934178186 -0.011468887661096678 -0.010574242291242431 -0.056608644782704123 -0.022978172985408093 -0.072560875207479669 0.02263339051338753 -0.0041985261384717516 -0.0073590582855970676 0.03131447985616468 -0.0074066694348373418 -0.091228212415736767 -0.032657241763493314 -0.0070642145495419407 0.027508696625226033 -0.072516329771832186 0.04171316722598957 0.011303850952572515 -0.025371038826426828 -0.023822522398976764 0.029843524035539994 -0.010552931947478155 0.0021429898147259712 -0.10489948510252517 0.01372810867751862 -0.00088690044428300658 0.008206684961237545 0.039748671679716741 0.08851833451485798
leaf_weight=1547.0397785704117 771.01438695960678 1558.394298536703 81.591016478836536 159.65611026063561 8.0887093432247621 47.704155702143908 15.678280420601366 11.88725456222892 9.0391343310475367 214.43427696824074 36.857255075126886 8.1121089830994624 8.1818390414118749 20.033540096133947 78.664539698511362 24.265972688794136 8.8021940775215608 7.7948058061301699 180.52545497193933 37.413541935384274 9.162283990532158 17.266139030456543 37.17701867967844 3875.6819015722722 2.804022178053855 70.691937372088432 350.58250731229782 83.188486568629742 27.827297285199165 7.5404209420084944
leaf_count=36191 24715 9420 474 1087 58 316 98 86 70 1312 241 36 64 101 411 107 60 61 1290 296 102 107 178 23191 12 535 2512 386 118 51
internal_value=-0.000164792 -0.00180993 -0.000710413 -0.00369072 -0.00652021 -0.0155822 -0.035243 0.0035181 -0.00377278 -0.00320543 -0.00236366 -0.0103348 -0.0494968 0.00749016 0.012157 0.00108638 -0.0379038 -0.00814027 0.00165756 0.00128037 0.0203369 -0.00713356 0.00225843 0.00101521 -0.001805 -0.000631553 -0.00324785 0.0208927 0.016113 0.0482052
internal_weight=9317.1 3891.57 3120.56 1381.64 992.199 230.833 63.3824 389.442 761.366 753.277 735.436 230.728 16.2939 307.851 233.374 102.931 17.8413 167.451 1738.92 504.708 46.0195 74.4767 54.4432 5425.53 1549.84 458.688 387.996 130.443 111.016 19.4277
internal_count=103686 44292 19577 8867 6848 1562 414 2019 5286 5228 5098 1412 100 1545 1159 518 130 1148 10710 3686 343 386 285 59394 36203 3343 2808 641 504 137
is_linear=0
shrinkage=0.05


Tree=129
num_leaves=31
num_cat=0
split_feature=3 22 20 22 12 11 25 28 10 25 13 22 3 11 23 9 27 12 20 26 25 1 22 31 3 3 22 3 1 31
split_gain=5.71994 8.44099 6.84066 6.70879 9.60716 8.94545 8.13174 5.49642 5.07926 6.59641 11.2775 7.73849 7.43831 7.25482 12.3125 9.38068 11.4659 7.32882 6.50744 6.38544 6.22253 7.50268 11.4265 12.8203 10.7488 10.2045 10.1807 9.10984 7.90891 9.43561
threshold=13.716666698455812 2.5833333730697636 11.500000000000002 2.4166666269302373 8.8633332252502459 26.899999618530277 1.1000000238418581 1.4166666865348818 86.450000762939467 0.45000000298023229 0.0020100000547245149 0.83333334326744091 8.2833333015441912 26.44999980926514 1.7083333134651186 4.9000000953674325 1.2250000238418581 2.4450000524520878 1.0000000180025095e-35 0.83333334326744091 2.6333333253860478 72.416667938232436 2.1666666269302373 4.8500001430511483 0.64166665077209484 1.7166666984558108 3.1666666269302373 0.61666667461395275 82.833332061767592 6.4500000476837167
decision_type=2 10 2 10 2 2 10 8 2 10 10 10 2 2 10 2 8 2 2 10 8 2 10 2 2 2 10 2 2 2
left_child=2 -2 8 5 6 -4 7 -5 20 10 12 18 13 14 15 -10 -17 -16 -11 -12 21 22 25 -24 27 -1 28 -25 29 -23
right_child=1 -3 3 4 -6 -7 -8 -9 9 11 19 -13 -14 -15 17 16 -18 -19 -20 -21 -22 26 23 24 -26 -27 -28 -29 -30 -31
leaf_value=-0.00080374584622365606 -0.059876836270672709 0.0092823693071109725 0.026962459292209213 -0.071366565670232363 0.038459999294368802 -0.025712107862114815 0.014408420700883462 -0.014061213646945674 0.008134532571103692 -0.025918124206800189 -0.035723129687963491 0.0068367816449656227 0.034825187434831942 0.024509679420787203 -0.024217076796653556 -0.11527008254903018 -0.0046101113866745431 -0.10212966558493984 -0.00041027309953481822 0.031996794015777125 0.0056630454828383373 -0.0059678494722936988 -0.011881479324898582 0.0097500850061286587 -0.0037741286329259051 0.0037412265322868629 0.017543722387519632 0.089946594100048405 -0.00089411382689371017 -0.021725263852338538
leaf_weight=3119.6835367674939 9.6376303508877772 8.136981785297392 68.011736826971173 8.1391368433833176 9.3308693803846818 9.143720865249632 10.384625923819838 8.6116454005241376 14.11959343403578 27.954454451799393 4.3699840828776386 751.51860488206148 4.6061287708580485 4.9956536330282679 4.4488817341625682 4.3944135420024368 5.0089827738702306 9.3861992657184583 236.86582460254431 17.110368106514215 400.9253759640269 606.71604249626398 392.13962375675328 136.29707380477339 521.09262386336923 2044.2802155837417 52.965667031705379 3.6355681568384162 672.92107531428337 112.64180450886488
leaf_count=54421 93 86 517 50 88 94 76 57 140 222 53 7988 48 70 66 56 65 95 2456 211 4355 3088 8550 2684 2595 9728 343 22 4647 599
internal_value=0.000120026 -0.0282167 0.000174409 0.0123673 -0.00530521 0.02072 -0.0203545 -0.0419057 2.29691e-05 0.00323508 -0.01179 0.00424687 -0.0255171 -0.0320795 -0.0396468 -0.017633 -0.0563239 -0.0770757 -0.00310288 0.0182198 -0.000409166 -0.000726888 2.7461e-05 -0.00471907 -0.000470111 0.000995492 -0.00397193 0.0118337 -0.00479044 -0.00843525
internal_weight=9279.47 17.7746 9261.7 113.622 36.4663 77.1555 27.1354 16.7508 9148.08 1084.78 68.4402 1016.34 46.9599 42.3537 37.3581 23.523 9.4034 13.8351 264.82 21.4804 8063.3 7662.37 6217.13 1053.16 661.025 5163.96 1445.24 139.933 1392.28 719.358
internal_count=103563 179 103384 882 271 611 183 107 102502 11470 804 10666 540 492 422 261 121 161 2678 264 91032 86677 78000 13851 5301 64149 8677 2706 8334 3687
is_linear=0
shrinkage=0.05


Tree=130
num_leaves=31
num_cat=1
split_feature=19 32 18 19 25 21 0 27 25 2 18 2 24 3 0 20 7 0 2 24 12 15 10 10 3 18 3 20 19 3
split_gain=6.43806 5.62182 9.06753 14.368 7.85338 5.32584 5.32041 6.76423 5.54547 6.71581 5.11582 5.77073 5.09433 4.98237 8.55339 5.62788 5.684 4.99937 6.63514 9.60323 9.12411 6.91568 6.05573 7.26953 6.28819 15.2308 8.08765 9.76002 10.3327 9.72182
threshold=1.5000000000000002 0 0.065591398626565947 19.500000000000004 2.5499999523162846 17.500000000000004 -1.0000000180025095e-35 0.90000000596046459 1.7749999761581423 0.58333334326744091 3.7905702590942387 7.8333332538604745 1.0000000180025095e-35 13.716666698455812 10.166666507720949 13.500000000000002 0.41666667163372045 10.166666507720949 21.833333015441898 0.83333334326744091 8.2225003242492694 0.45000000298023229 49.225000381469734 54.100000381469734 7.3416666984558114 3.4305019378662114 4.5833332538604745 5.5000000000000009 23.500000000000004 2.5833332538604741
decision_type=2 9 2 2 10 2 2 10 10 2 2 2 10 2 2 2 2 2 2 10 2 2 2 2 2 2 2 2 2 2
left_child=-1 10 3 -3 -5 -6 7 -4 -9 -10 12 -12 -2 15 -15 17 -17 18 -8 20 21 22 -20 -24 26 -26 29 28 -28 -25
right_child=1 2 6 4 5 -7 13 8 9 -11 11 -13 -14 14 -16 16 -18 -19 19 -21 -22 -23 23 24 25 -27 27 -29 -30 -31
leaf_value=0.0082344778373304589 -0.048722089131612099 -0.0025752861942364529 0.048563872503135631 -0.033945571245880678 -0.010997568894801251 0.070971149549380025 -6.9117664151962412e-05 0.028828012078919375 -0.042077682590530623 0.012667666818977833 0.083454329081328521 0.015829180769685612 0.0040558015223653657 -0.060286165894212797 0.012089568240287675 0.025934990937846875 -0.013053002180684113 0.039204064527501734 0.033384076180148888 0.00035968818913689331 0.0096574193900064442 -0.055639110978021371 -0.072173270469199663 0.014933528747816657 0.0045056151396086755 -0.082600755986642113 0.014708916069537871 0.031725466746235498 -0.06662204615643455 -0.038183172627626626
leaf_weight=232.1647622208111 4.6268034675158551 213.68643176089972 12.108587048947809 66.195733709726483 6.0534636923111957 2.9461227357387543 7909.743265462108 15.56559608876705 9.4902117848396319 13.673234581947325 3.3826172910630694 46.814069639891386 387.28536369930953 9.0754433758556861 7.4195212647318831 38.224916730076075 12.374634325504301 7.9905924368649712 5.4435130357742301 189.40419877693057 27.446737706661224 13.739583071321247 6.4407467991113654 11.49926497414708 9.3350388705730456 10.852487679570912 8.7226367816328985 18.629990227520466 7.0708685591816893 34.337666638195515
leaf_count=3115 190 16777 62 10405 843 13 57847 93 60 70 27 786 10024 79 76 322 93 73 28 1558 239 82 36 117 66 91 70 178 62 329
internal_value=1.23428e-05 -0.000197205 -0.00047999 -0.00919006 -0.0279876 0.0158359 -0.000180252 0.0159458 0.00574781 -0.00976185 0.00523911 0.0203863 0.00343272 -0.000278696 -0.0277312 -0.000224212 0.0164001 -0.000326042 -0.000364317 -0.00717328 -0.0164671 -0.0221546 -0.0180591 -0.0206789 -0.0173771 -0.0423214 -0.0111029 0.00721222 -0.0217036 -0.0248576
internal_weight=9341.74 9109.58 8667.47 288.882 75.1953 8.99959 8378.59 50.8376 38.729 23.1634 442.109 50.1967 391.912 8327.75 16.495 8311.26 50.5996 8260.66 8252.67 342.923 153.519 126.072 112.332 106.889 100.448 20.1875 80.2604 34.4235 15.7935 45.8369
internal_count=103811 100696 89669 28038 11261 856 61631 285 223 130 11027 813 10214 61346 155 61191 415 60776 60703 2856 1298 1059 977 949 913 157 756 310 132 446
cat_boundaries=0 1
cat_threshold=8
is_linear=0
shrinkage=0.05


Tree=131
num_leaves=31
num_cat=0
split_feature=20 19 9 12 9 16 2 14 12 3 19 5 4 1 22 9 9 28 5 27 3 19 5 28 9 0 17 12 14 3
split_gain=6.61398 5.79889 5.16005 5.8124 4.6241 7.64386 8.09903 10.2261 12.0749 12.5829 8.56354 11.0206 15.2055 10.1887 10.6368 9.02375 7.69214 7.65417 8.31596 9.62478 10.6213 7.76915 7.14436 7.70449 7.18517 7.75337 8.80151 7.17303 7.09616 6.80364
threshold=11.500000000000002 1.5000000000000002 8.9000000953674334 12.444999694824221 1.7083333134651186 0.22500000149011615 3.8333333730697636 0.43828999996185308 1.4550000429153445 0.81666666269302379 18.500000000000004 0.046749999746680267 0.12678833305835727 31.416666984558109 2.4166666269302373 1.2250000238418581 0.45000000298023229 0.41666667163372045 0.086950000375509276 1.7749999761581423 0.18333333730697635 15.500000000000002 1.9483333826065066 1.8333333134651186 0.90000000596046459 1.5833333134651186 0.36666667461395269 0.6225000023841859 0.43225000798702246 1.0833333730697634
decision_type=2 2 2 2 2 2 2 10 2 2 2 8 8 2 10 2 2 10 8 10 2 2 10 10 2 2 2 2 10 2
left_child=1 -1 3 4 5 6 7 10 9 -9 11 12 -3 14 17 -15 -10 21 19 20 -19 -13 24 -24 -8 26 27 -26 -12 -6
right_child=-2 2 -4 -5 29 -7 22 8 16 -11 28 13 -14 15 -16 -17 -18 18 -20 -21 -22 -23 23 -25 25 -27 -28 -29 -30 -31
leaf_value=0.0076471269558816453 0.011571654530493461 -0.0041775166817689668 0.032797794409051104 -0.042276610910243727 -0.0089432534522313496 -0.031858115707609685 0.0070484499886922835 -0.0067768106113995754 0.032249089235309891 -0.029734071812359094 -0.0029968580663781823 0.015082567377007809 0.14600079193568846 -0.020796359132036334 -0.011434136740056925 0.015421951639922951 -0.0015691596730342747 0.11912028570966554 0.0078216838388906855 -0.015027910802710934 0.028971027220506176 0.051175628908589524 0.03356607705050451 -0.0016131681921620362 -0.035538800436614462 0.0043321314106079612 0.025825429649132634 -0.0034672920745916352 0.06600341976105871 -0.0010417563708369621
leaf_weight=230.63595716841519 121.28651976585388 373.92138633690774 11.702188462018965 8.2886886633932573 292.73426450509578 17.972798140719533 630.44970239326358 170.64475966338068 18.656494863331318 91.794331043958664 1085.5818194763269 45.654484414961189 1.6931267045438279 56.218488458544016 57.674336039694026 24.777288436889648 170.30822678282857 5.2891123611480024 513.49162039905787 5.4478422915562978 8.5475379824638349 22.139972035307437 38.928547166287899 25.930723126977682 17.931660018861294 684.67982827685773 25.091658271849155 628.53884759172797 3.7389930710196486 3928.7216344997287
leaf_count=3013 973 17262 139 72 1880 112 3285 1295 107 495 28171 985 16 282 1111 116 935 60 9971 56 76 335 254 166 103 3583 118 3282 24 25486
internal_value=-2.81423e-05 -0.000181113 -0.000382469 -0.000425829 -0.000387056 0.000687381 0.000811647 -0.00101128 -0.00786753 -0.0148067 0.00039284 0.00347349 -0.00350057 0.00701707 0.00907615 -0.00971687 0.00176972 0.0110458 0.00903226 0.0412664 0.0634309 0.0268697 0.00317129 0.0195014 0.00263817 0.000588043 -0.00322918 -0.00435688 -0.00276002 -0.00158968
internal_weight=9318.47 9197.19 8966.55 8954.85 8946.56 4725.1 4707.13 2655.58 451.404 262.439 2204.18 1114.86 375.615 739.241 658.245 80.9958 188.965 600.571 532.776 19.2845 13.8367 67.7945 2051.55 64.8593 1986.69 1356.24 671.562 646.471 1089.32 4221.46
internal_count=103763 102790 99777 99638 99566 72200 72088 61297 2832 1790 58465 30270 17278 12992 12594 398 1042 11483 10163 192 136 1320 10791 420 10371 7086 3503 3385 28195 27366
is_linear=0
shrinkage=0.05


Tree=132
num_leaves=31
num_cat=0
split_feature=20 0 11 29 25 11 18 28 9 23 19 26 14 23 16 11 11 19 25 10 11 30 5 6 4 16 12 13 22 14
split_gain=6.35505 5.75836 6.60631 9.1015 7.17972 5.37291 5.02437 8.87019 8.04327 7.55456 12.1796 6.6775 12.4226 10.7751 9.25201 7.98005 8.03652 6.77298 9.02958 6.92581 11.6233 6.17984 7.69658 10.3556 8.37863 8.23687 7.53391 11.2337 8.3679 8.64914
threshold=-1.4999999999999998 -1.0000000180025095e-35 1.7749999761581423 1.1000000238418581 1.7083333134651186 4.0999999046325692 1.2535714507102969 2.1666666269302373 0.77500000596046459 0.55000001192092907 26.500000000000004 1.5833333134651186 0.48450000584125524 2.1000000238418584 0.29166667163372045 14.550000190734865 8.5500001907348651 4.5000000000000009 2.3666666746139531 46.266666412353523 6.2249999046325692 1.0000000180025095e-35 1.191350042819977 1.0000000180025095e-35 0.42336833477020269 0.45000000298023229 3.6224999427795415 0.16600399464368823 1.1666666865348818 1.4262099862098696
decision_type=2 2 2 10 10 2 2 10 2 10 2 10 8 10 2 2 2 2 10 2 2 2 10 2 10 2 2 10 10 10
left_child=5 2 3 -2 -4 -1 7 -3 9 10 -8 14 -13 -14 15 16 17 18 19 20 -9 -10 -23 24 25 26 -24 -28 -29 -30
right_child=1 6 4 -5 -6 -7 8 11 21 -11 -12 12 13 -15 -16 -17 -18 -19 -20 -21 -22 22 23 -25 -26 -27 27 28 29 -31
leaf_value=-0.056122257209425347 -0.055428343397423807 -0.00047416131195210024 0.054964973134042007 0.017978442440749993 0.010663104519766547 -0.0096763410479514048 0.058039904700379688 -1.5712408602285333e-05 -0.0014683125294328477 0.0053188706301966161 -0.0088444517998474866 -0.029823040861084938 0.0041411121052077312 -0.042328904782506414 -0.098981897260158366 -0.046475077859251354 0.017263101405437624 -0.008218455674049269 0.040284866315970891 0.070332463076490312 -0.10628491911601555 0.00066849701292037364 0.001224282237093364 0.020665625110767021 -0.039354568087320345 -0.045914684284245486 0.037720506911615055 -0.017421390319610319 -0.0056222430573836949 0.044444899711167191
leaf_weight=8.6669428572058695 6.683550271671268 2757.0286448183469 14.747011646628378 11.467945164535193 24.076633382588625 22.114613711833954 17.348902402445677 43.402239792281762 2713.0871059494093 475.97243123687804 11.20104345679283 80.895523011218756 79.722315195016563 14.788266243413089 2.5325722061097613 10.329184360802172 47.705465883016586 268.38491624128073 17.618707240093499 3.1482768282294264 2.7352425605058661 2215.4154706224799 243.38172266632318 115.94897605106235 11.055537339299915 7.8136978149414054 40.825233049690723 26.318510632961988 16.851444508880377 17.67189709097147
leaf_count=56 50 53219 77 88 126 119 125 926 17267 3975 86 2464 894 157 14 66 253 6430 244 19 14 13669 1729 905 85 58 343 181 118 122
internal_value=-7.25587e-05 2.52751e-06 0.0158493 -0.00905062 0.027491 -0.0227538 -9.51737e-05 -0.00164912 0.000779524 0.00681733 0.0317991 -0.00731971 -0.0154406 -0.00313015 -0.00372129 -0.00310792 -0.00193833 -0.00467033 0.00956283 -0.0014197 -0.00631584 0.000216284 0.00191201 0.00765296 0.00350696 0.00484985 0.00599942 0.0174307 0.00381609 0.0200063
internal_weight=9328.94 9298.16 56.9751 18.1515 38.8236 30.7816 9241.18 3328.29 5912.89 504.522 28.5499 571.263 175.406 94.5106 395.857 393.324 382.995 335.289 66.9045 49.2858 46.1375 5408.37 2695.28 479.867 363.918 352.863 345.049 101.667 60.8419 34.5233
internal_count=103879 103704 341 138 203 175 103363 64700 38663 4186 211 11481 3515 1051 7966 7952 7886 7633 1203 959 940 34477 17210 3541 2636 2551 2493 764 421 240
is_linear=0
shrinkage=0.05


Tree=133
num_leaves=31
num_cat=0
split_feature=0 11 29 19 22 4 18 19 22 24 5 1 4 29 24 9 22 11 18 19 21 19 23 18 24 19 19 23 29 29
split_gain=4.86674 6.14976 5.40685 4.6918 6.39338 8.76007 5.79946 11.8218 8.01052 11.4468 7.98178 5.42554 7.23383 4.366 4.31046 4.01085 9.35003 14.9464 8.87815 7.45045 7.3165 6.93736 7.77089 6.99594 5.98512 5.80386 8.68848 7.18131 8.98449 11.7698
threshold=-1.0000000180025095e-35 1.5500000119209292 1.1000000238418581 1.5000000000000002 2.4166666269302373 0.00997000001370907 1.0000000180025095e-35 17.500000000000004 1.1666666865348818 3.8333333730697636 0.75383332371711742 37.833333969116218 0.0066299999598413714 1.0000000180025095e-35 3.4166666269302373 1.0000000180025095e-35 0.83333334326744091 -0.90000000596046437 2.067816019058228 8.5000000000000018 79.500000000000014 36.500000000000007 0.90000000596046459 0.11269841343164445 2.5833333730697636 11.500000000000002 25.500000000000004 1.8999999761581423 2.4500000476837163 2.7749999761581425
decision_type=2 2 10 2 10 10 2 2 10 8 10 2 10 10 10 2 10 2 2 2 2 2 10 2 10 2 2 10 8 10
left_child=1 2 -1 4 14 -6 7 8 -5 11 -9 12 13 -10 -2 16 17 -8 19 -19 25 23 -23 24 -21 -18 -27 -28 -29 -30
right_child=3 -3 -4 6 5 -7 15 10 9 -11 -12 -13 -14 -15 -16 -17 20 18 -20 21 -22 22 -24 -25 -26 26 27 28 29 -31
leaf_value=-0.043983897982490659 0.012522512940836514 0.023045517655215647 0.0082639047921906298 0.0090433728151403849 -0.00090688002812606072 -0.065367996515623167 0.13798608634449666 -0.026277322086398602 0.049184713057467001 0.16992147232215937 0.10356202427898249 -0.080806326666414088 0.086764822230254335 -0.012983972003047767 -0.015890673257453025 -0.00035507350771643088 -0.02275069298222375 0.085624243874847406 0.067546538469166112 0.027278646322741906 0.05486167280615948 0.11943235345606225 -0.010125045411017192 0.00010672595049327718 0.13161792248188486 0.010915739182302153 -0.015002142123418378 0.0036749222253968598 0.18008329389693289 -0.016192475879285732
leaf_weight=7.2887555183842805 180.33363051433116 48.33357211202383 15.442568259313701 100.49041137867607 28.67882979195565 6.4571842551231375 2.4993884339928618 74.891187229659408 2.8977253199554971 0.876485611544921 1.2026686221361149 2.7532692924141875 1.9079284816980351 111.15547735407017 14.415256598964332 8337.17249148665 28.088271147804335 3.1943357102572909 7.306364268064498 9.0072901870589686 5.9430024102330199 2.8427121434360734 1.9522727485746143 82.675514176487923 1.6218970320187498 119.71683425572701 93.638106438564137 31.389575147768483 1.7210155043285333 1.3732458006124941
leaf_count=57 2443 252 113 7623 441 45 19 13561 99 36 5 16 12 10658 142 56020 919 100 100 818 29 75 50 1838 133 3860 3209 1118 79 58
internal_value=-7.61148e-05 0.0129586 -0.00848925 -0.000176189 0.00687762 -0.0127533 -0.000355838 -0.00723673 -0.00136291 -0.0101071 -0.0242252 -0.0114363 -0.00978927 -0.0114045 0.0104194 -0.000122399 0.00481397 0.0170987 0.0143165 0.010477 -2.80799e-05 0.00803006 0.0666832 0.00501584 0.0431997 -0.00121031 0.00123092 -0.00781855 0.0116879 0.0929753
internal_weight=9327.27 71.0649 22.7313 9256.2 229.885 35.136 9026.32 296.175 220.081 119.591 76.0939 118.714 115.961 114.053 194.749 8730.14 392.97 111.1 108.6 101.294 281.87 98.0997 4.79498 93.3047 10.6292 275.927 247.839 128.122 34.4838 3.09426
internal_count=103928 422 170 103506 3071 486 100435 32010 18444 10821 13566 10785 10769 10757 2585 68425 12405 3133 3114 3014 9272 2914 125 2789 951 9243 8324 4464 1255 137
is_linear=0
shrinkage=0.05


Tree=134
num_leaves=31
num_cat=0
split_feature=23 21 0 26 1 11 27 9 23 3 22 14 23 17 23 19 12 9 11 2 12 24 12 25 19 12 3 3 11 25
split_gain=5.65949 5.4502 7.41445 9.94196 8.85919 7.69599 8.97536 10.6352 8.46087 7.79791 6.85811 8.00787 12.0465 7.80263 6.98886 13.8329 14.3251 7.03812 6.86578 6.41612 8.36611 7.52237 6.31647 6.25671 6.736 12.7617 6.89395 9.68758 5.86736 5.81481
threshold=2.8999999761581425 1.0000000180025095e-35 0.58333334326744091 3.4166666269302373 24.166666984558109 2.8999999761581425 1.7749999761581423 0.77500000596046459 1.3666666746139529 0.41666667163372045 1.5833333134651186 0.26408000290393835 2.1000000238418584 0.45000000298023229 1.7749999761581423 35.500000000000007 1.1291666626930239 1.7749999761581423 -0.90000000596046437 1.1666666865348818 0.10999999940395357 1.4166666865348818 0.31000000238418585 0.55000001192092907 5.5000000000000009 0.044999999925494201 0.18333333730697635 0.041666667908430106 11.09999990463257 1.5500000119209292
decision_type=10 2 2 10 2 2 10 2 8 2 10 10 10 2 10 2 2 2 2 2 2 10 2 10 2 2 2 2 2 10
left_child=1 10 3 4 5 8 7 -7 -3 -9 11 12 14 -12 18 17 -17 23 -1 -10 -21 -22 -23 -16 25 -25 27 29 -14 -26
right_child=-2 2 -4 -5 -6 6 -8 9 19 -11 13 -13 28 -15 15 16 -18 -19 -20 20 21 22 -24 24 26 -27 -28 -29 -30 -31
leaf_value=0.064857107461794516 -0.0061860748427169862 0.014741281063843462 0.00040592536088029306 0.053447687165528147 -0.0019599436795242967 0.068814391242969175 -0.0024756068301030917 0.00089180400833015867 -0.011099032025551049 0.050664383192163986 -0.0059774416087327838 -0.0065037888511298089 -0.046451928190790359 0.030063437204569866 0.078617991705764709 0.17443819994067097 0.011323507157554431 0.04796067646109662 0.001827847394635154 0.057650763663652738 -0.015526063378385843 0.059904100260434273 0.00095836729043367928 -0.05135614588487223 -0.026302063373557633 0.1681438590372536 -0.036369623338062283 0.1120618251487861 0.038533015578793454 0.026066130690346037
leaf_weight=4.3393908636644474 359.33694078517146 152.67711536306888 6002.8993571195751 10.920976899564264 247.46485392004251 16.923101902008057 20.858432490378618 20.379051752388477 82.635426576249301 12.819586776196955 864.72791550611146 333.37975307181478 17.303167413687337 15.28264571726322 2.5572660856414577 2.8062586723826817 2.5867529474198818 10.882452746853231 998.46883577248082 8.2165235634893161 24.579277956858277 8.0680179037153739 10.407106589525936 1.1588573674671345 11.126933048479264 1.5450272839516399 13.343843266367911 2.0658435709774485 2.3010284304618827 10.123577332589774
leaf_count=45 4085 1075 37251 66 1208 86 112 112 722 62 23394 2398 640 67 77 87 14 59 30256 73 154 53 62 109 661 19 105 22 10 638
internal_value=-3.39547e-05 0.000214079 0.000941981 0.00616626 0.00531281 0.0103462 0.0250857 0.0365555 0.00669555 0.0201114 -0.00188613 0.000270603 0.00236058 -0.00535154 0.00307818 0.0199233 0.0962004 0.0121329 0.00210059 -0.00247802 0.0114168 0.0025935 0.0266997 0.00283226 -0.00209111 0.0740684 -0.00770828 0.00869447 -0.0364769 -0.00135426
internal_weight=9272.19 8912.85 6618.85 615.949 605.028 357.564 70.9802 50.1217 286.583 33.1986 2294 1413.99 1080.61 880.011 1061.01 58.1968 5.39301 52.8038 1002.81 133.906 51.2709 43.0544 18.4751 41.9213 39.3641 2.70388 36.6602 23.3164 19.6042 21.2505
internal_count=103722 99637 41036 3785 3719 2511 372 260 2139 174 58601 35140 32742 23461 32092 1791 101 1690 30301 1064 342 269 115 1631 1554 128 1426 1321 650 1299
is_linear=0
shrinkage=0.05


Tree=135
num_leaves=31
num_cat=2
split_feature=18 11 23 3 1 0 20 11 28 10 10 10 25 3 9 18 26 26 26 14 32 18 18 32 22 10 27 27 12 14
split_gain=6.783 9.15613 8.52166 8.79268 8.48432 8.02996 7.2474 8.18412 8.25499 6.71267 6.87767 8.76869 7.18221 6.51258 7.03392 6.17152 5.89911 5.99132 5.7983 5.69235 5.66018 8.0316 6.60007 5.37995 7.84318 6.29327 5.99506 6.56353 5.79376 5.26133
threshold=3.8224790096282963 23.10000038146973 2.8999999761581425 4.4166667461395273 64.833332061767592 5.1666667461395273 6.5000000000000009 19.633333206176761 3.1666666269302373 23.22500038146973 35.100000381469734 30.899999618530277 2.1000000238418584 9.5166668891906756 6.0999999046325692 3.7905702590942387 3.1666666269302373 0.41666667163372045 1.5833333134651186 0.15232999622821811 0 0.25357143580913549 3.704792976379395 1 0.58333334326744091 79.90000152587892 3.1000000238418584 2.3666666746139531 8.5100002288818377 2.7310000658035283
decision_type=2 2 10 2 2 2 2 2 10 2 2 2 10 2 2 2 8 10 10 10 9 2 2 9 10 2 10 8 2 10
left_child=1 6 3 5 -5 -3 15 8 9 19 11 18 16 14 -6 20 17 -12 -11 -8 21 -1 -23 24 25 -2 27 -26 -29 -22
right_child=23 2 -4 4 13 -7 7 -9 -10 10 12 -13 -14 -15 -16 -17 -18 -19 -20 -21 29 22 -24 -25 26 -27 -28 28 -30 -31
leaf_value=-0.02511800319575749 0.071165328307908851 -0.02830362943054332 0.025772589612763238 -0.067975781814837558 -0.017116633310319696 -0.10511477598031121 0.031354738723194227 0.029172083763591063 0.044283048256300854 0.017727166678939869 -0.02109135345058186 -0.0503457905499477 0.024675363006896565 -0.034101335187278065 0.036140064000097664 -0.027571698037867905 -0.044819496425588329 0.0039551999515929316 -0.026885421321341075 -0.0014600826727652963 -0.00019856372219418934 -0.0028499676559893875 -0.043887314816967733 0.00023339636260224971 0.0056355098733261097 0.015117876807475165 -0.033791064657566129 0.035959881545404325 -0.017951151939414031 0.041717284365705633
leaf_weight=44.732341348426417 8.6409491710364819 8.1378654316067678 9.2678213790059072 6.4624447748064986 12.572280973196031 5.8474487364292136 34.162742389366031 34.951235760003328 12.274991542100905 15.816964879631998 26.867912784218788 14.504759222269056 32.965979717671871 13.411444891244171 12.232217665761707 21.296213385649025 7.1814902760088435 214.43210622295737 13.499302856624125 21.553719475865364 7102.311632090481 798.74336825776845 9.9195140935480577 417.42927212733775 324.10118619352579 11.914115328341722 8.8153325393795949 32.119820155203342 5.8988795951008788 7.4944001510739318
leaf_count=5247 49 71 65 31 122 69 161 348 83 72 180 64 236 100 104 154 53 1481 60 94 82301 5791 57 3195 2947 159 86 302 50 58
internal_value=-8.18519e-05 -0.000499126 -0.018782 -0.0258208 -0.0149907 -0.0604194 -0.000351495 0.00598557 0.00392485 0.00262455 -0.000122299 -0.0185481 0.00274658 -0.00603073 0.00914665 -0.000691353 -0.000162707 0.00116635 -0.00281565 0.0186604 -0.000619466 -0.00444214 -0.00335335 0.00429281 0.00840065 0.0386791 0.00694927 0.00794104 0.0275952 -0.000154164
internal_weight=9289.56 8480.64 67.9315 58.6637 44.6784 13.9853 8412.71 428.211 393.26 380.985 325.269 43.821 281.447 38.2159 24.8045 7984.5 248.482 241.3 29.3163 55.7165 7963.2 853.395 808.663 808.92 391.49 20.5551 370.935 362.12 38.0187 7109.81
internal_count=103790 97002 562 497 357 140 96440 2832 2484 2401 2146 196 1950 326 226 93608 1714 1661 132 255 93454 11095 5848 6788 3593 208 3385 3299 352 82359
cat_boundaries=0 1 2
cat_threshold=4 14
is_linear=0
shrinkage=0.05


Tree=136
num_leaves=31
num_cat=0
split_feature=20 23 21 1 31 27 25 26 3 20 5 0 5 19 0 28 3 5 9 4 31 25 5 25 3 23 0 19 3 5
split_gain=4.85937 10.8001 11.3949 7.22471 6.85054 6.33771 8.63069 7.50779 6.47824 7.79721 6.93572 6.87851 6.29996 5.9649 7.36448 5.72149 5.18604 5.34041 13.1331 7.60618 6.87958 11.0115 7.79457 6.06294 5.76192 6.01785 5.85743 5.39745 5.12203 4.98292
threshold=5.5000000000000009 0.90000000596046459 80.500000000000014 50.416666030883796 11.550000190734865 1.2916666865348818 0.70833334326744091 2.4166666269302373 2.5416666269302373 12.500000000000002 0.66705000400543224 3.1666666269302373 0.23038333654403689 27.500000000000004 6.1666667461395273 1.4166666865348818 2.1166666746139531 1.3529666662216189 2.7749999761581425 0.186751663684845 6.8500001430511483 0.90000000596046459 1.0334333181381228 1.5500000119209292 5.7166664600372323 2.1000000238418584 2.5833333730697636 10.500000000000002 2.716666698455811 0.78345000743865978
decision_type=2 10 2 2 2 8 10 10 2 2 10 2 8 2 2 10 2 10 2 10 2 10 8 10 2 10 2 2 2 10
left_child=4 2 3 -2 -1 6 8 -7 11 10 13 -3 -9 14 15 -10 29 20 -19 -20 24 -22 27 -21 25 26 -18 -23 -28 -8
right_child=1 5 -4 -5 -6 7 16 12 9 -11 -12 -13 -14 -15 -16 -17 17 18 19 23 21 22 -24 -25 -26 -27 28 -29 -30 -31
leaf_value=-0.0005722486604392709 0.01434652044640107 -0.02326270497008863 0.023315542055992761 -0.033594072633042253 0.019001803744619832 0.0080198426856316549 -0.0067738746766042249 -0.03863836347414959 0.010619563556999259 0.02319317017963797 0.0093725371213458329 0.025736090646913002 -0.0022759911347978762 -0.068426019193791279 -0.059249153773247382 -0.036875204183020517 0.037283421158622446 -0.080999856133124132 0.034204237933449178 -0.057154847439203516 -0.056010116929154578 -0.053430070270069199 0.020668122556971182 0.004220138510672879 0.022604523333944342 0.024994581412760456 0.017967472888903352 -0.0011159198726990527 -0.010970940112402039 -0.047277157059116115
leaf_weight=8182.1479596071877 15.034545748494567 13.224964313209059 112.34831992909312 16.465452060103416 44.945082543417811 399.16043033823371 40.633113775402308 13.859154243953524 12.827073365449907 7.4438053406774989 8.9983598515391332 15.624531259760259 84.769349552690983 12.384286023676394 12.908909209072588 12.540158707648514 8.9366206973791105 6.2546721808612338 9.9119319990277308 6.8597463667392757 10.503684386610983 8.0457857400178927 23.489429943263531 9.7331989593803865 62.301390368491411 27.304009810090065 19.205578688532114 12.733873397111891 75.017727963626385 9.3387508578598482
leaf_count=95251 81 60 996 81 335 2966 280 103 73 55 91 155 646 81 113 82 49 47 106 65 71 59 188 88 469 203 151 82 532 77
internal_value=-5.34351e-05 0.0031198 0.015864 -0.0107126 -0.000465314 0.0011358 -0.00333929 0.00496752 -0.0165395 -0.0250582 -0.0310787 0.00327444 -0.00738559 -0.0382636 -0.0285046 -0.0128592 0.000495728 0.00314122 -0.0158302 -0.000451322 0.00565193 -0.00998538 0.000934863 -0.0211531 0.0100951 0.00412145 -0.00140318 -0.0213717 -0.00507241 -0.0143431
internal_weight=9294.95 1067.86 143.848 31.5 8227.09 924.011 426.222 497.789 95.9521 67.1026 59.6588 28.8495 98.6285 50.6604 38.2761 25.3672 330.27 280.298 32.7595 26.5049 247.538 54.7728 44.2691 16.5929 192.765 130.464 103.16 20.7797 94.2233 49.9719
internal_count=103636 8050 1158 162 95586 6892 3177 3715 710 495 440 215 749 349 268 155 2467 2110 306 259 1804 400 329 153 1404 935 732 141 683 357
is_linear=0
shrinkage=0.05


Tree=137
num_leaves=31
num_cat=1
split_feature=18 32 18 11 17 5 31 18 31 14 26 29 31 5 9 2 30 2 14 23 11 5 26 10 21 24 30 24 24 26
split_gain=5.54036 4.59002 9.32494 7.86535 7.2502 6.80454 8.16047 6.34911 6.12732 7.87026 6.11543 7.90469 5.59473 7.39014 5.38337 6.88233 6.45481 11.3469 6.75544 6.80298 7.32744 5.35464 5.41933 6.45557 5.32501 5.1469 4.86079 5.96977 5.18917 4.85571
threshold=9.7750000953674334 0 3.7905702590942387 23.22500038146973 0.29166667163372045 0.28361666202545172 4.0499999523162851 1.773460388183594 5.2500000000000009 0.38603000342845922 1.8333333134651186 1.6333333253860476 4.7500000000000009 0.71443331241607677 0.90000000596046459 14.166666507720949 1.0000000180025095e-35 7.5833332538604745 0.89219000935554515 1.2250000238418581 7.7750000953674325 2.5249999761581425 1.5833333134651186 83.90000152587892 1.0000000180025095e-35 2.5833333730697636 1.0000000180025095e-35 1.8333333134651186 2.8333333730697636 2.8333333730697636
decision_type=2 9 2 2 2 8 2 2 2 10 10 10 2 8 2 2 2 2 8 10 2 10 10 2 2 10 2 8 10 8
left_child=1 2 3 4 5 6 24 10 -6 -10 -8 -12 14 -14 26 16 17 -16 -18 20 -20 -3 -23 -24 29 -15 28 -28 -7 -1
right_child=-2 21 -4 -5 8 12 7 -9 9 -11 11 -13 13 25 15 -17 18 -19 19 -21 -22 22 23 -25 -26 -27 27 -29 -30 -31
leaf_value=-0.017742249677286593 0.040612419635452923 -0.00045289161395923986 0.025197666487027121 -0.071480522240026725 0.034543936745610647 0.020463354672356323 0.022746008129377854 0.00051821593672748642 0.031399128610768767 -0.059118730104481869 0.037333270619021398 0.12618726282896905 -0.035786503089317759 0.019961234635232 0.00018421934441525221 0.0021318920667170566 0.028450822735668693 -0.060068097260971065 -0.043154664787937697 -0.054189526954021495 0.025301239827754802 0.034494404522396868 -0.03035800427086506 0.029947622201667773 0.046563839796767446 -0.026364144468363795 -0.027051724152045667 0.0093192460777411362 -0.031608842000610524 0.057427077025494655
leaf_weight=31.431456941645592 8.3574104178696853 8806.9390294423793 50.037877302616835 3.5788248032331458 29.787139400839806 36.709424268919975 27.669932903256267 19.512469418346882 5.0876466035842878 4.5480769164860249 7.6878701709210855 3.7114559514448047 8.1820865087211114 54.096229411661625 11.80577654764056 37.26546299085021 8.8459696620702726 23.109679259359837 6.5060501769185128 10.13701121136546 9.7929614037275297 22.038537450134754 9.6286977007985133 8.2314460240304452 4.2856851406395426 6.7432019319385281 23.936394672375172 21.340578835923225 5.5013827802613369 2.3060008008033028
leaf_count=3535 140 92071 833 54 374 1423 803 207 68 38 245 85 53 683 83 447 49 177 48 83 83 161 55 75 26 64 1123 445 68 275
internal_value=-7.94956e-05 -0.000116061 0.00473399 0.00231409 0.00297433 0.000748514 0.0121025 0.0238102 0.0233326 -0.0113254 0.035443 0.0662628 -0.00340667 0.00882682 -0.00773789 -0.0152348 -0.0244541 -0.0396953 -0.00937127 -0.0220272 -0.00202419 -0.000369678 0.0179056 -0.00256413 -0.00593533 0.0148267 0.00147064 -0.00990885 0.0136767 -0.0126043
internal_weight=9308.81 9300.45 453.617 403.579 400 360.577 96.6049 58.5817 39.4229 9.63572 39.0693 11.3993 263.972 69.0215 194.951 107.463 70.1974 34.9155 35.282 26.436 16.299 8846.84 39.8987 17.8601 38.0231 60.8394 87.4878 45.277 42.2108 33.7375
internal_count=103874 103734 11372 10539 10485 10005 5176 1340 480 106 1133 330 4829 800 4029 970 523 260 263 214 131 92362 291 130 3836 747 3059 1568 1491 3810
cat_boundaries=0 1
cat_threshold=8
is_linear=0
shrinkage=0.05


Tree=138
num_leaves=31
num_cat=0
split_feature=23 16 26 19 18 25 19 12 19 4 31 20 2 2 4 18 21 4 21 13 25 25 4 10 21 13 20 12 19 14
split_gain=6.73303 8.79098 7.82483 5.11439 14.8051 10.5801 6.41987 6.85166 15.2926 6.77005 6.02949 9.71226 13.3319 9.99485 9.24207 8.61821 8.09384 8.61203 12.585 8.03451 8.67171 7.8095 7.45366 11.6186 11.2312 8.0934 7.57978 7.38843 7.29011 7.87314
threshold=2.8999999761581425 0.55000001192092907 1.5833333134651186 15.500000000000002 1.0000000180025095e-35 2.3666666746139531 19.500000000000004 0.61000001430511486 18.500000000000004 1.0000000180025095e-35 5.8500001430511483 11.500000000000002 25.583333015441898 28.166666984558109 0.11669666692614557 2.2029411792755131 50.500000000000007 0.15663000196218493 79.500000000000014 0.058001998811960227 2.5499999523162846 0.90000000596046459 0.043143333867192275 63.633333206176765 63.500000000000007 0.048084000125527389 5.5000000000000009 3.9900000095367436 16.500000000000004 1.1945000290870669
decision_type=10 2 8 2 2 10 2 2 2 8 2 2 2 2 8 2 2 10 2 10 10 10 10 2 2 10 2 2 2 10
left_child=3 -2 -3 -1 5 -5 7 8 9 -7 11 12 15 14 -14 19 -12 28 21 22 27 -19 25 26 -25 -6 -24 -21 -18 -30
right_child=1 2 -4 4 10 6 -8 -9 -10 -11 16 -13 13 -15 -16 -17 17 18 -20 20 -22 -23 23 24 -26 -27 -28 -29 29 -31
leaf_value=0.0018001755157443383 -0.0087266490674816292 -0.0039686636764486262 0.050995987968443679 -0.028379774991319179 4.3956806131622593e-05 -0.020062973500849395 -0.00568832357377761 -0.079118875659244151 0.35099530166728043 0.11870300963466413 0.0013356532934535323 0.02835015707868109 -0.10626937045586282 0.00085308996136539649 -0.032073108777167847 0.0042559826077787797 -0.044476777873063755 0.0088503805474555164 0.0091181199120581105 -0.010274790219080215 0.011466510182593268 -0.025991904182051852 -0.00049849681727980706 0.084311622552885601 0.02020707059710964 -0.025762000450941114 0.039842859699020877 0.0055354360879560378 -0.0095718423202882791 -0.051740551316216965
leaf_weight=3667.6418196223676 338.10359991597943 14.020250145345928 12.031974621117113 74.26943974592723 2120.6660943662282 1.6219705569092178 8.6386110535822791 0.68751489371061314 0.49822571198455978 1.9187138518318532 430.71562942396849 31.155889127403498 5.476527456194165 17.1124795563519 17.964792393147945 1164.6507970970124 17.212158314883709 22.573717586696148 137.54241508245468 476.93798712268472 64.955119356513023 55.926545053720474 136.56929593905807 8.2465470135211927 39.851106360554695 30.824640097096562 12.729092009365557 87.443338684737682 310.0854886546731 11.478729568421839
leaf_count=43372 3896 111 89 13285 21319 215 1248 5 83 115 3005 252 59 151 160 8325 104 108 1110 2664 359 262 761 35 255 196 62 470 1845 75
internal_value=9.44512e-05 -0.00657018 0.0214162 0.000365457 -0.000629679 -0.0210099 0.0199443 0.0667936 0.0916313 0.055135 -0.000286223 0.000537085 0.000329949 -0.028199 -0.0494074 0.000609213 -0.00380705 -0.00779943 1.28134e-06 -0.000816877 -0.00583407 -0.0159726 0.000527378 0.00982612 0.0311981 -0.000325768 0.00294098 -0.00782521 -0.0127741 -0.0110771
internal_weight=9319.55 364.156 26.0522 8955.39 5287.75 87.6345 13.365 4.72643 4.03891 3.54068 5200.12 4214.58 4183.43 40.5538 23.4413 4142.87 985.535 554.819 216.043 2978.22 629.336 78.5003 2348.89 197.396 48.0977 2151.49 149.298 564.381 338.776 321.564
internal_count=103996 4096 200 99900 56528 14951 1666 418 413 330 41577 35068 34816 370 219 34446 6509 3504 1480 26121 3493 370 22628 1113 290 21515 823 3134 2024 1920
is_linear=0
shrinkage=0.05


Tree=139
num_leaves=31
num_cat=0
split_feature=31 30 18 23 26 23 13 4 4 12 28 29 3 18 1 27 25 13 13 3 3 21 23 23 3 21 1 14 23 4
split_gain=5.84681 6.56762 8.83989 14.3572 8.77441 9.0558 6.93984 8.78671 6.90455 9.64389 6.30319 6.3012 6.26765 9.18354 5.06629 6.78146 4.90606 4.80395 5.35359 5.99537 4.4701 4.45368 4.75433 4.54039 4.43727 8.28701 7.52198 5.92673 7.02242 9.7366
threshold=4.2500000000000009 1.0000000180025095e-35 0.2806250005960465 2.7749999761581425 1.1666666865348818 2.5499999523162846 0.044035000726580627 0.043143333867192275 0.069971665740013136 2.4225000143051152 1.8333333134651186 1.4499999880790713 3.5833332538604741 1.5303308963775637 80.166667938232436 2.7749999761581425 3.3666666746139531 0.019979000091552738 0.0059940000064671048 2.8833333253860478 3.2416666746139531 89.500000000000014 1.7083333134651186 1.5500000119209292 0.21666666865348819 44.500000000000007 58.416666030883796 0.10802000015974046 0.29166667163372045 1.0000000180025095e-35
decision_type=2 2 2 10 8 10 10 10 10 2 10 10 2 2 2 10 8 10 10 2 2 2 10 10 2 2 2 10 10 8
left_child=1 4 24 6 5 8 7 14 9 10 -1 -8 16 -14 15 17 20 18 19 21 -6 22 23 -4 25 27 -26 28 29 -3
right_child=-2 2 3 -5 12 -7 11 -9 -10 -11 -12 -13 13 -15 -16 -17 -18 -19 -20 -21 -22 -23 -24 -25 26 -27 -28 -29 -30 -31
leaf_value=-0.012948768454176147 0.00054694099536655295 -0.05067146708824502 -0.011162589046910636 0.05656797599492476 0.0073961779497386986 -0.059876290238449287 -0.038537413880792237 0.04570871266967666 0.026084904468259968 -0.044681033954562091 0.01171474887938387 -0.0035322202882673483 -0.056637301975420024 0.017739644354889846 0.014298264384997232 0.038003552359027325 0.071871963570158418 -0.036512973534242321 0.015760163978643559 -0.054055734919739522 0.063959520565410696 0.011069090653282604 -0.034788635810782821 0.033506900646327428 -0.045108628183191057 0.10696400854622992 0.011430181440894617 0.033237584189391253 -0.022898671914646899 0.1692496299596207
leaf_weight=72.828917569015175 8572.2360644116998 0.9066952178254718 63.355457798577845 9.5047197956591827 200.06660469807684 8.1468324027955514 27.854403629899025 9.2565957270562631 15.285210642963646 16.890964917838573 40.207174723735079 23.874830953776836 9.042422294616701 7.6710665524005881 31.34479833766818 7.7630595937371245 3.0890535986982277 15.275071423500775 21.859306469559669 7.6208960562944403 3.5549734458327285 23.632650032639503 20.042231746017933 6.2498548366129389 30.964582312852144 1.4044027626514424 7.2624755278229705 5.693230500444769 63.250724615063518 1.1311679277569053
leaf_count=2056 85612 83 653 83 5307 266 165 51 84 105 1217 139 53 50 228 68 71 86 130 37 23 107 230 77 211 7 36 99 6655 69
internal_value=0.000175417 -0.00404269 -0.00869693 -0.00378289 0.000629646 -0.00858001 -0.00600511 -0.0019008 -0.00570214 -0.00944171 -0.0041759 -0.0223813 0.00695119 -0.0225002 -0.00413624 -0.00762135 0.00933246 -0.00986255 -0.00701101 -0.0111281 0.0083837 -0.00824017 -0.0133304 -0.00715172 -0.0205867 -0.0133092 -0.0343672 -0.0156888 -0.0199553 0.0714013
internal_weight=9327.27 755.03 378.247 267.634 376.783 153.359 258.129 206.4 145.212 129.927 113.036 51.7292 223.424 16.7135 197.143 165.799 206.711 158.035 142.76 120.901 203.622 113.28 89.6475 69.6053 110.613 72.3862 38.2271 70.9818 65.2886 2.03786
internal_count=104058 18446 9214 2054 9232 3728 1971 1667 3462 3378 3273 304 5504 103 1616 1388 5401 1320 1234 1104 5330 1067 960 730 7160 6913 247 6906 6807 152
is_linear=0
shrinkage=0.05


Tree=140
num_leaves=31
num_cat=1
split_feature=32 25 18 19 30 20 15 2 18 25 2 7 14 25 14 1 2 1 19 29 11 29 14 23 14 29 23 2 4 23
split_gain=5.74712 10.3735 8.83905 9.46178 6.40372 8.15066 6.38253 7.17772 7.12158 6.0922 5.9686 7.58822 8.1344 7.45582 6.85554 8.45095 10.4385 8.46926 11.2671 7.85808 7.24721 7.01415 8.79554 6.50838 6.94849 8.46558 10.6369 6.35172 6.21606 6.70422
threshold=0 0.90000000596046459 0.15707236528396609 21.500000000000004 1.0000000180025095e-35 2.5000000000000004 0.36666667461395269 17.833333015441898 3.6711711883544926 2.5499999523162846 22.166666984558109 0.41666667163372045 1.1360599994659426 1.1000000238418581 1.0506299734115603 67.416667938232436 13.833333492279055 28.166666984558109 14.500000000000002 1.4499999880790713 8.7750000953674334 1.5500000119209292 0.53401997685432445 0.70833334326744091 0.064120002090930953 0.90000000596046459 1.7749999761581423 2.4166666269302373 0.17007333785295489 0.22500000149011615
decision_type=9 8 2 2 2 2 2 2 2 10 2 2 10 10 10 2 2 2 2 10 2 10 8 10 8 10 10 2 10 10
left_child=2 -2 3 -1 -4 10 8 -8 -3 -7 13 12 -12 14 15 17 19 18 20 -17 23 -19 -23 -6 -25 -26 -27 -28 29 -15
right_child=1 6 4 -5 5 9 7 -9 -10 -11 11 -13 -14 28 -16 16 -18 21 -20 -21 -22 22 -24 24 25 26 27 -29 -30 -31
leaf_value=-0.0060984507740967789 -0.0040009635848178744 0.0022628525105521488 -0.0026223346355208916 -0.035116787370346077 -0.024227914209145187 0.0049864968328865809 -0.050566551333665194 0.0064864590188864306 0.014354034685860537 0.030398602086667267 -0.051203143283696732 0.021300767842617436 0.0076259897821723465 0.016318791486430249 0.027898533016561894 -0.0076952945776388604 0.014313694883228915 0.0059806130782852178 -0.01102267339076328 -0.042196757757563624 -0.041508298823839364 0.049105239624036359 0.014170218466491684 -0.0045016304638859925 -0.0023875613151206759 0.0204409052193706 0.10858658967100746 0.043910130771253067 0.0060443300932152763 -0.0040915881145486502
leaf_weight=117.9000079985708 745.3766002280172 2943.2596646205056 2658.6855945256539 36.87753750407137 7.8078157184645525 561.75075198803097 11.910306312143804 10.263102151453493 127.03712263703346 24.618432877585292 19.324162431061271 8.2492862716317159 8.443406052887438 41.598204380832613 30.117704644799232 46.564443424344063 32.202082745730877 136.9115929491818 114.92752273194492 25.564409054815769 5.4066996350884429 25.078772943466902 63.983588505536318 15.423480267170815 11.448095604777334 16.963109974749386 8.0286086592823249 7.2008359581232062 200.90177942439914 1226.2036635018885
leaf_count=13092 9666 35275 18737 6750 75 3565 84 114 1421 168 134 58 64 282 193 268 221 623 1368 149 34 119 292 230 106 175 91 50 1128 9185
internal_value=-0.00019003 0.00129052 -0.00123232 -0.0130124 -0.000890455 0.000854529 0.0025701 -0.0241592 0.00276314 0.00605341 -0.000630824 -0.0208056 -0.0333147 -0.000270451 0.00470876 0.00335918 -0.00935611 0.00656988 -0.001295 -0.0199235 0.0141726 0.0130855 0.0240075 0.0186745 0.0243458 0.0345411 0.0476735 0.0780061 -0.00212703 -0.0034219
internal_weight=9290.03 3837.85 5452.18 154.778 5297.4 2638.72 3092.47 22.1734 3070.3 586.369 2052.35 36.0169 27.7676 2016.33 547.629 517.511 104.331 413.18 187.206 72.1289 72.2786 225.974 89.0624 66.8719 59.0641 43.6407 32.1926 15.2294 1468.7 1267.8
internal_count=103717 46560 57157 19842 37315 18578 36894 198 36696 3733 14845 256 198 14589 3994 3801 638 3163 2129 417 761 1034 411 727 652 422 316 141 10595 9467
cat_boundaries=0 1
cat_threshold=37
is_linear=0
shrinkage=0.05


Tree=141
num_leaves=31
num_cat=2
split_feature=20 1 9 12 1 3 20 20 25 27 28 9 11 32 14 19 21 13 21 0 9 1 12 26 29 11 23 11 25 32
split_gain=6.80971 5.07903 4.63016 4.14288 5.35349 4.09262 5.58802 5.54564 9.692 9.44819 7.26946 4.68662 8.71323 8.51816 7.91606 6.11956 9.24339 9.03088 8.92598 7.64686 7.50172 10.6707 7.76855 7.49385 8.40226 6.89706 6.61537 7.16336 6.55585 6.47382
threshold=-1.4999999999999998 62.833333969116218 -1.0000000180025095e-35 1.1633332967758181 22.583333015441898 13.716666698455812 8.5000000000000018 6.5000000000000009 0.29166667163372045 0.90000000596046459 3.1666666269302373 1.7083333134651186 6.6333332061767587 0 1.4924100041389468 6.5000000000000009 51.500000000000007 0.012017000000923874 48.500000000000007 0.41666667163372045 0.63333335518836986 45.833333969116218 0.3900000005960465 3.4166666269302373 1.2916666865348818 1.6333333253860476 1.3666666746139529 8.3666663169860858 1.7749999761581423 1
decision_type=2 2 2 2 2 2 2 2 10 8 10 2 2 9 8 2 2 10 2 2 2 2 2 8 10 2 10 2 10 9
left_child=1 -1 3 4 -2 7 -7 11 9 -9 -10 15 -13 14 -14 16 18 19 20 -18 21 23 -22 -4 -25 -24 -21 28 -28 -17
right_child=2 -3 5 -5 -6 6 -8 8 10 -11 -12 12 13 -15 -16 29 17 -19 -20 26 22 -23 25 24 -26 -27 27 -29 -30 -31
leaf_value=-0.052349210771259896 0.02509547224332357 -0.0085473511829448762 0.0059874364473860523 0.048114451722113441 -0.02049319117962969 0.0032198735313069635 -0.051733723727848804 -0.069569034979544142 0.0047825812240263783 -0.0057621578790081306 0.036265505255683464 -0.0088418470032002299 -0.001943662603123796 -0.0014517343875521654 0.019796678446170817 -0.0020338184848753761 -0.02142009073199121 0.024172579080986384 -0.082898779527619898 0.017295881405694609 -0.027841794046442488 -0.056468746805225567 0.027926796382564945 0.063564155797136285 -0.037243082809341875 -0.0046406244672643282 -0.001760626794850051 0.023179683988932557 -0.044364958993956906 0.0020274803501638974
leaf_weight=10.377428602427246 17.593643425498161 18.269238457083702 302.28578702104278 8.6072742529213411 10.157566040754316 9.4953602850437182 9.0207937732338888 8.1626965729519743 600.65288872271776 20.057993780821562 18.912803614512086 381.0784719940275 74.39511638879776 3242.1463866010308 95.776614274829626 2098.9801184504759 23.240293852984905 98.467533513903618 3.1631613969802848 97.966734770685434 33.270536803640425 6.6341377049684516 17.828963596373796 10.796115023083983 2.556542723439633 184.36989881843328 29.191229492425919 17.398384921252728 13.073285065591334 1825.0617024090607
leaf_count=67 174 103 10132 50 57 87 91 68 4609 189 156 2114 861 20029 1267 32479 120 526 14 561 306 34 119 275 62 1107 132 121 61 27836
internal_value=-7.45009e-05 -0.0244148 7.95387e-07 0.0178086 0.008409 -6.93983e-05 -0.0235527 -2.21633e-05 0.00443835 -0.024218 0.00574363 -0.000359809 -0.00167112 -0.000870315 0.00972106 0.000684279 0.00455682 0.0119881 0.000855953 0.00535473 0.00133096 0.00628762 -0.00545293 0.00760664 0.0442633 -0.00176898 0.00930231 -0.00382317 -0.014939 -0.000144935
internal_weight=9288.99 28.6467 9260.34 36.3585 27.7512 9223.98 18.5162 9205.47 647.786 28.2207 619.566 8557.68 3793.4 3412.32 170.172 4764.28 840.243 279.337 560.905 180.87 557.742 322.273 235.469 315.638 13.3527 202.199 157.63 59.6629 42.2645 3924.04
internal_count=103807 170 103637 281 231 103356 178 103178 5022 257 4765 98156 24271 22157 2128 73885 13570 1521 12049 995 12035 10503 1532 10469 337 1226 875 314 193 60315
cat_boundaries=0 1 2
cat_threshold=8 36
is_linear=0
shrinkage=0.05


Tree=142
num_leaves=31
num_cat=2
split_feature=25 2 17 2 21 27 11 13 13 12 32 2 7 3 32 10 25 20 2 13 3 12 12 11 27 12 2 10 17 21
split_gain=3.5178 12.0364 10.7398 7.54468 6.4217 8.00401 10.075 9.5392 9.33415 7.84653 5.92807 5.88109 7.68981 7.8232 7.63492 8.52497 7.13935 6.47758 6.46819 9.77803 8.5185 8.6838 6.95953 10.79 6.73363 19.2434 12.8054 6.2868 9.73975 6.09276
threshold=0.77500000596046459 18.416666984558109 1.0000000180025095e-35 31.833333015441898 52.500000000000007 1.1000000238418581 3.5499999523162846 0.092007998377084746 0.1260040029883385 0.94499999284744274 0 13.166666507720949 1.0000000180025095e-35 4.6416666507720956 1 28.10000038146973 1.7749999761581423 13.500000000000002 16.166666984558109 0.1120090000331402 2.216666698455811 3.7100000381469731 4.5099999904632577 19.633333206176761 2.1000000238418584 8.3633332252502459 19.166666984558109 67.450000762939467 0.22500000149011615 78.500000000000014
decision_type=8 2 2 2 2 8 2 8 8 2 9 2 2 2 9 2 10 2 2 8 2 2 2 2 10 2 2 2 2 2
left_child=1 2 10 -3 9 6 -6 -7 -9 -4 -1 12 -2 16 15 -13 29 18 -16 20 -20 -22 -23 -24 -21 26 27 -26 -29 -14
right_child=11 3 4 -5 5 7 -8 8 -10 -11 -12 14 13 -15 17 -17 -18 -19 19 24 21 22 23 -25 25 -27 -28 28 -30 -31
leaf_value=0.00019172844566228773 -0.00014350615354745058 -0.017103872244878984 -0.011589882657954761 0.020094328767767053 0.043109175648408472 0.023635040721097424 -0.0140403276340081 -0.047511750196792255 0.002080094353678251 0.013526094512624834 -0.013464744944647148 -0.024874547393515366 -0.0026136372229668241 -0.017275329118398033 0.0039410678018065711 0.0067000530722057493 -0.01097515413084098 0.030010971886809928 0.0095066535816781296 0.0024161281730303366 -0.028878667857636604 0.019101229956366088 -0.060204926871243403 0.014365437516091218 -0.06668184621569663 -0.096078821585458399 0.018301293452549106 0.015291499863082807 -0.059867602353302844 0.014164015862104732
leaf_weight=143.19496675021946 5767.9960442329757 179.46260653063655 36.718283224850893 14.751786630600689 8.2128961086273176 51.98480873927474 126.42096015810966 10.023971654474733 177.59832824394107 203.12257486209273 184.97972704377025 21.924511127173901 201.11206138506532 124.88439617305994 368.98340795561671 856.84462664276361 176.86419509351254 16.940110735595226 29.090778041630983 333.87498363479972 91.702150642871857 20.782188609242439 9.6034494675695914 9.8024704940617067 8.2852050513029116 6.6342780143022528 27.156733851879835 11.02400563657284 7.0780316255986682 74.030685782432556
leaf_count=3067 73873 1597 278 141 38 316 745 60 1068 991 4539 102 1008 702 2497 6945 921 150 223 2633 717 187 81 96 43 55 220 94 63 422
internal_value=-0.000338126 -0.00294445 -0.000608325 -0.0142784 0.00329399 -0.000799251 -0.0105541 0.00468195 -0.000569416 0.00968098 -0.00791036 2.46603e-05 -0.000693997 -0.00619804 0.00253042 0.00584577 -0.0031375 -0.000621336 -0.00118965 -0.00460051 -0.0149836 -0.0203853 -0.00100509 -0.0225374 -0.000358757 -0.0157541 -0.0058016 -0.0306074 -0.0140963 0.00190061
internal_weight=9301.09 1136.47 942.257 194.214 614.082 374.241 134.634 239.607 187.622 239.841 328.175 8164.61 6344.89 576.891 1819.73 878.769 452.007 940.958 924.018 555.034 160.981 131.89 40.1881 19.4059 394.053 60.1783 53.544 26.3872 18.102 275.143
internal_count=103872 12840 11102 1738 3496 2227 783 1444 1128 1269 7606 91032 76926 3053 14106 7047 2351 7059 6909 4412 1304 1081 364 177 3108 475 420 200 157 1430
cat_boundaries=0 1 2
cat_threshold=32 40
is_linear=0
shrinkage=0.05


Tree=143
num_leaves=31
num_cat=1
split_feature=8 32 0 21 13 31 21 10 30 27 20 24 14 10 12 19 20 19 28 1 25 0 13 24 18 19 28 0 25 12
split_gain=3.79231 9.71417 9.46356 9.06674 9.08189 8.86378 8.01178 9.48119 7.72708 9.27618 8.59183 7.63594 7.60161 14.7119 11.7178 8.79032 7.51306 8.48021 12.0777 10.8885 9.60456 10.9639 8.31154 7.36963 10.6294 7.14475 10.1642 9.2495 10.1293 8.24517
threshold=1.0000000180025095e-35 0 0.83333334326744091 1.0000000180025095e-35 0.022029999643564228 5.8500001430511483 70.500000000000014 45.633333206176765 1.0000000180025095e-35 1.5500000119209292 1.0000000180025095e-35 3.1666666269302373 1.4081100225448611 14.22499990463257 0.84499999880790722 1.5000000000000002 3.5000000000000004 29.500000000000004 1.1666666865348818 50.416666030883796 0.90000000596046459 2.1666666269302373 0.036054998636245734 1.4166666865348818 2.4932432174682622 7.5000000000000009 2.8333333730697636 3.1666666269302373 1.1000000238418581 6.1449999809265146
decision_type=2 9 2 2 10 2 2 2 2 8 2 8 8 2 2 2 2 2 10 2 10 2 8 10 2 2 10 2 10 2
left_child=1 12 6 4 5 -3 7 -2 9 16 -11 -7 15 -14 -15 -1 17 25 19 -19 -20 22 -22 24 -17 26 -5 29 -29 -27
right_child=2 3 -4 8 -6 11 -8 -9 -10 10 -12 -13 13 14 -16 23 -18 18 20 -21 21 -23 -24 -25 -26 27 -28 28 -30 -31
leaf_value=0.029369274765193694 0.080327857167025632 -0.0063659073964084829 0.0012160591760122903 0.013294381528918833 -0.015569657671803709 0.0051900490552633525 -0.0076382575335403758 0.010568024785744305 0.0018856174810412685 0.020771032261860178 -0.0093261966905358699 0.084753150160262039 0.0095791575780859659 -0.016136663768624111 -0.0013431394603044267 0.0020310221148765882 -0.011179958170400236 0.065624025484411902 -0.044378530208632805 0.010136860053150728 0.030908434768384365 0.051336652081408432 -0.011163372944898815 0.0073690320904347215 -0.020298597561234491 -0.0028656557044655865 -0.02654503902123851 -0.076909587761235118 -0.013377888409372714 0.04348055127742137
leaf_weight=34.903559547849 10.556910358369356 677.69714007899165 3091.7529033310711 138.62131792213768 206.69564683735371 156.89188067545183 9.5855188816785795 9.0428701117634755 1406.6615248154849 24.738542864099145 571.57369658537209 3.0747353215701869 252.54865351272747 164.67099508829415 715.35735400766134 448.11289350525476 121.96826501190662 18.386810103431344 9.1344111468642932 17.030850727111101 16.366935884580016 13.131871718913315 41.518301069736481 665.73741519730538 60.489279948174953 338.57469653710723 18.100331557914615 8.2949516586959344 25.749662034213543 9.8763924688100797
leaf_count=530 77 34251 20049 854 1931 2826 43 48 8422 144 3454 48 6235 996 4380 7229 744 103 51 97 108 84 233 8007 409 2004 122 53 165 59
internal_value=6.33853e-05 -0.000655454 0.00148357 -0.00220543 -0.00618319 -0.00386705 0.029822 0.0481423 -0.000718901 -0.00338714 -0.00807759 0.00671934 0.00187699 -0.00105853 -0.00411131 0.00464192 0.000213694 0.00233601 0.0146269 0.0389426 0.00388223 0.0100897 0.000732347 0.00390698 -0.000624693 -0.000298274 0.00869319 -0.00398238 -0.0288574 -0.00155203
internal_weight=9286.85 6165.91 3120.94 3824.09 1044.36 837.664 29.1853 19.5998 2779.73 1373.07 596.312 159.967 2341.82 1132.58 880.028 1209.24 776.755 654.787 115.569 35.4177 80.1515 71.0171 57.8852 1174.34 508.602 539.217 156.722 382.496 34.0446 348.451
internal_count=103756 83539 20217 55753 39056 37125 168 125 16697 8275 3598 2874 27786 11611 5376 16175 4677 3933 676 200 476 425 341 15645 7638 3257 976 2281 218 2063
cat_boundaries=0 1
cat_threshold=2
is_linear=0
shrinkage=0.05


Tree=144
num_leaves=31
num_cat=0
split_feature=18 19 14 13 5 5 18 23 19 4 31 31 10 16 5 18 26 21 22 29 4 25 31 19 2 31 1 19 18 14
split_gain=7.09966 11.0954 10.2445 6.81287 8.61712 8.27022 7.6911 7.39117 7.01254 10.1971 6.37783 7.70619 7.32771 11.1132 10.0179 6.49114 7.95394 7.58348 6.30458 6.27802 6.92777 6.16872 6.74835 12.4015 7.09351 5.86913 6.76657 6.46948 5.92466 6.13295
threshold=1.0000000180025095e-35 19.500000000000004 0.26408000290393835 0.013790000230073931 0.18708333373069766 0.25691665709018713 0.061553031206130988 0.90000000596046459 23.500000000000004 0.10017166659235956 4.9500000476837167 4.0499999523162851 27.633333206176761 0.29166667163372045 0.13445000350475314 1.6211556196212771 1.5833333134651186 7.5000000000000009 3.1666666269302373 2.3666666746139531 0.029261666350066665 2.1000000238418584 4.4500000476837167 33.500000000000007 0.58333334326744091 4.0499999523162851 22.583333015441898 12.500000000000002 0.16904762387275699 1.9029999971389773
decision_type=2 2 10 8 8 8 2 10 2 10 2 2 2 2 10 2 10 2 10 10 10 10 2 2 2 2 2 2 2 10
left_child=1 -1 -3 18 10 7 21 -6 -9 -10 11 -5 14 15 -12 -14 17 -17 -2 -13 -21 22 23 24 -7 26 27 -8 -28 -30
right_child=3 2 -4 4 5 6 25 8 9 -11 12 19 13 -15 -16 16 -18 -19 -20 20 -22 -23 -24 -25 -26 -27 28 -29 29 -31
leaf_value=-0.0030207560295303065 0.0036161031411523522 -0.030201664559511385 0.080830866603945881 0.026001779293969143 0.041235146560774066 -0.03439292748305494 -0.030713642531362717 -0.0033948793768325235 0.0011289451847065969 0.050552495119777122 -0.0014285042873529311 -0.021472596358089999 0.050561125542842859 -0.039332470636427412 -0.036300954923774796 0.0028537226491186429 -0.013096561220480203 0.05689532122383837 -0.013062445865469723 0.034826224962094525 -0.031177630290406051 0.098833181576388443 -0.024996984484619362 0.2006629014538211 0.071742018341829597 -0.00014087375505637158 -0.051283642283476573 0.024011025371896796 -0.014424981413537872 0.019061776985968785
leaf_weight=314.06073956144974 1650.0716557204723 59.0341858061729 2.1532247103750697 10.643290745094417 19.270271837711334 2.9559328269679082 6.9210187867283848 60.681662185117602 23.439315941184759 18.812872067093849 91.724869969300926 139.48073478508741 12.972549010068176 9.3565648496150953 26.557362847030163 13.530545521527531 20.101249493658543 12.478448450565336 58.67518126918003 10.837185353040697 6.2788887154310933 3.0271237012930206 5.1025650466326624 1.1495456232223658 3.3680802192538977 6521.8683117823675 9.6900207921862584 24.58401692379266 130.06679203361273 15.279164552688597
leaf_count=22171 19670 11875 15 99 129 273 100 353 147 97 887 1310 98 50 186 99 122 60 661 113 56 84 423 72 36 43405 58 386 687 98
internal_value=-7.86556e-05 -0.00681572 -0.0262944 0.000205113 -0.000468468 -7.51609e-05 -0.000309439 0.0128155 0.00749503 0.0231349 -0.0080757 -0.0151675 -0.00172383 0.0112977 -0.00925825 0.0193157 0.0105252 0.0287815 0.00304339 -0.0179656 0.0106133 0.0347538 0.0193297 0.0495936 0.022133 -0.000390994 -0.00913571 0.0119891 -0.0134285 -0.0109048
internal_weight=9284.17 375.248 61.1874 8908.93 7200.18 6846.22 6724.01 122.204 102.934 42.2522 353.962 167.24 186.722 68.4394 118.282 59.0828 46.1102 26.009 1708.75 156.597 17.1161 15.6032 12.5761 7.47356 6.32401 6708.41 186.541 31.505 155.036 145.346
internal_count=103820 34061 11890 69759 49428 46348 45622 726 597 244 3080 1578 1502 429 1073 379 281 159 20331 1479 169 888 804 381 309 44734 1329 486 843 785
is_linear=0
shrinkage=0.05


Tree=145
num_leaves=31
num_cat=1
split_feature=32 18 10 13 24 11 25 28 3 29 23 23 14 10 0 22 18 26 22 31 29 18 25 31 31 25 0 31 18 25
split_gain=4.41287 10.8113 9.67216 8.57385 10.8374 12.5608 9.50586 8.08023 13.4622 9.95611 11.344 18.1964 7.82812 7.75139 9.13324 7.44084 10.4129 7.52531 12.2984 7.10398 7.30268 6.78684 7.02355 15.2616 7.79933 14.8381 6.74492 16.0879 11.2158 7.62194
threshold=0 0.15707236528396609 14.633333683013918 0.0059940000064671048 1.1666666865348818 3.8999999761581425 0.90000000596046459 1.1666666865348818 1.1416666507720949 1.2250000238418581 1.7749999761581423 1.8999999761581423 0.35633333027362829 4.2916667461395273 0.41666667163372045 0.83333334326744091 1.2320513129234316 1.0000000180025095e-35 2.1666666269302373 4.6499998569488534 3.8999999761581425 0.506756752729416 1.2250000238418581 4.7500000000000009 3.9500000476837163 0.90000000596046459 2.8333333730697636 5.8500001430511483 5.4316768646240243 2.7083333730697636
decision_type=9 2 2 8 8 2 10 8 2 8 10 10 10 2 2 10 2 10 10 2 8 2 10 2 2 8 2 2 2 10
left_child=1 19 3 15 7 6 -6 9 -9 13 -11 -12 -8 -5 -15 16 21 18 -17 20 -1 22 23 24 25 -2 -3 -28 29 -29
right_child=2 26 -4 4 5 -7 12 8 -10 10 11 -13 -14 14 -16 17 -18 -19 -20 -21 -22 -23 -24 -25 -26 -27 27 28 -30 -31
leaf_value=-0.027164774938194348 0.36813711181335529 -0.0014495032216503268 0.00023576579319312574 -0.0050015388335700271 0.11361499126407562 0.10216537203291128 0.015220281287240081 -0.014195937767296919 0.080812137453162569 0.014374637982336142 0.23890917769302256 0.034895040806276957 0.097285559022115289 0.066072228155300436 -0.0045957289914025923 0.011856522455503293 0.058063786021646815 -0.0035141197803238303 0.15606052535960596 -0.0040783233059639148 0.17785444026308708 -0.019709821157241625 0.0046499015874550157 0.20611545726912325 0.018595572765635015 0.013284685757959575 0.0077096080959613462 -0.0063943220587260215 0.011139499304482534 0.034483706233872299
leaf_weight=67.858814367325976 0.47697376459837193 3853.2947170850821 3061.2951305862516 45.117519781459123 2.5458564148284486 4.485318459570407 202.00229465728626 73.725190142169595 3.927107259631156 6.2112880586646479 1.8518165694549678 2.6671317801810801 2.9483000189065924 9.9206025078892726 8.4806517362594587 6.5927799767814559 11.773453082889317 300.15017252368852 1.9059947729110716 82.962742428993806 0.43714110413566132 17.574692450463772 41.287874122150242 1.3209499106742431 14.268951861653475 0.77043503522872936 741.07352506183088 585.69014577940106 120.22961337119341 11.629590082913635
leaf_count=12201 54 28045 21021 1650 61 23 5110 2407 24 180 49 75 18 77 50 225 99 12301 81 7637 35 192 1898 41 778 76 4777 3488 1097 79
internal_value=0.000184152 -0.000727313 0.00148526 0.00653774 0.0120787 0.019383 0.0175936 0.00188527 -0.0093911 0.0136785 0.0582252 0.118498 0.0164008 0.00615321 0.0335032 0.00144776 0.0143202 -0.00220038 0.0441967 -0.0139098 -0.0258525 0.00751685 0.0157491 0.0429661 0.0290768 0.14897 -0.000353307 0.00254255 -0.0027939 -0.00559844
internal_weight=9284.48 5463.18 3821.3 760.005 363.883 211.982 207.496 151.901 77.6523 74.249 10.7302 4.51895 204.951 63.5188 18.4013 396.122 87.4733 308.649 8.49877 151.259 68.296 75.6999 58.1252 16.8373 15.5164 1.24741 5311.92 1458.62 717.549 597.32
internal_count=103849 57359 46490 25469 9724 5212 5189 4512 2431 2081 304 124 5128 1777 127 15745 3138 12607 306 19873 12236 3039 2847 949 908 130 37486 9441 4664 3567
cat_boundaries=0 1
cat_threshold=37
is_linear=0
shrinkage=0.05


Tree=146
num_leaves=31
num_cat=0
split_feature=14 14 28 31 20 12 3 5 28 31 3 28 19 5 12 21 14 26 28 20 19 12 11 1 31 23 18 11 11 27
split_gain=5.6791 7.48268 6.21855 6.36978 8.61835 12.6215 8.43684 6.57676 6.57575 6.3499 5.66098 7.36357 10.8631 10.5309 5.77012 6.03082 6.04739 5.70136 5.9113 5.35175 5.54335 5.41979 8.89271 5.01451 7.67579 10.0676 10.8595 11.965 12.1474 9.31815
threshold=1.657083332538605 2.1273334026336674 3.1666666269302373 5.4500000476837167 5.5000000000000009 2.8775000572204594 4.0833332538604745 1.8136833906173708 0.83333334326744091 6.5499999523162851 3.9166667461395268 1.8333333134651186 25.500000000000004 1.7396833300590517 2.4225000143051152 89.500000000000014 2.0010000467300419 2.1666666269302373 1.1666666865348818 1.5000000000000002 24.500000000000004 1.5099999904632571 7.0999999046325692 89.833332061767592 4.8500001430511483 1.1000000238418581 3.6324561834335332 13.449999809265138 24.44999980926514 1.3666666746139529
decision_type=10 10 10 2 2 2 2 10 10 2 2 10 2 10 2 2 10 8 10 2 2 2 2 2 2 10 2 2 2 10
left_child=23 2 3 4 10 -6 -7 -5 -9 -10 14 13 -13 -12 19 -16 -17 18 -15 21 -21 -2 -23 -1 29 -26 27 -27 -29 -25
right_child=1 -3 -4 7 5 6 -8 8 9 -11 11 12 -14 17 15 16 -18 -19 -20 20 -22 22 -24 24 25 26 -28 28 -30 -31
leaf_value=-0.00029882491909652924 0.00092931141279241998 0.0069339681543359663 0.031368785466778945 0.024638911366409229 -0.11624399225465216 0.028764354705187851 -0.050934501971423865 0.032636751570039778 -0.0019928745908974568 -0.056391547149841896 -0.08619306035999591 -0.04035222393746616 0.036854795501929986 0.02390741832069794 -0.015817474285814492 0.018211885088769086 -0.025446906841084367 -0.062395193598681953 -0.037768925965494027 -0.014854467436718456 0.035616917997861146 -0.076184332693965406 -0.021526626950694266 0.00087951565937282672 0.0091315105231735694 0.0017060626088969224 0.0047621340667606815 -0.018039367041234659 -0.095559765085047252 0.014471302620666805
leaf_weight=7824.9839557461673 12.81897136569023 85.47624109685421 8.8676243759691697 23.022207841277122 4.86498470976949 5.082905199378728 9.5773316137492639 6.5919963046908405 13.119621880352499 9.0753512792289239 9.2299648337066191 9.0255205295979994 9.2000424340367299 7.9565652869641799 33.12978071719408 47.859359879046679 9.5073027499020082 6.3620890825986853 7.5918123871088028 17.042135514318947 7.9913174249231806 10.328020110726355 26.628217089921236 246.07816861569881 186.5303921289742 99.187885645776987 171.98179249837995 138.66750884801149 5.2446268536150447 258.63615605607629
leaf_count=89748 70 700 70 178 52 59 95 54 96 78 64 71 64 63 151 413 86 52 62 121 58 57 172 2388 1946 834 2193 1440 52 2521
internal_value=-0.000108165 -0.00609176 -0.00986759 -0.0111461 -0.0146557 -0.0464597 -0.0233018 0.00471856 -0.0112126 -0.0242361 -0.011763 -0.026621 -0.00137906 -0.0413943 -0.00732593 0.00116743 0.0109764 -0.0225225 -0.00620731 -0.0176004 0.00125729 -0.0270845 -0.0368016 0.000146653 0.0032975 -0.000517151 -0.00485309 -0.0116554 -0.0208645 0.0078445
internal_weight=9311.66 380.349 294.873 286.005 234.196 19.5252 14.6602 51.8092 28.787 22.195 214.671 49.366 18.2256 31.1404 165.305 90.4964 57.3667 21.9105 15.5484 74.8087 25.0335 49.7752 36.9562 8931.31 1106.33 601.612 415.082 243.1 143.912 504.714
internal_count=104008 2886 2186 2116 1710 206 154 406 228 174 1504 376 135 241 1128 650 499 177 125 478 179 299 229 101122 11374 6465 4519 2326 1492 4909
is_linear=0
shrinkage=0.05


Tree=147
num_leaves=31
num_cat=0
split_feature=18 25 31 18 29 19 3 21 22 31 22 11 19 0 4 1 26 3 25 14 2 29 14 3 3 27 6 4 4 14
split_gain=5.6231 6.14351 9.25846 5.96582 5.85329 6.48699 12.4769 12.3344 10.1347 11.8997 8.41056 8.35424 7.63746 7.52103 6.30733 6.30127 8.827 7.8212 7.49669 6.17906 8.11042 9.66823 6.98829 6.02511 6.37283 6.32682 5.95975 8.2262 6.73591 8.24699
threshold=0.6711711883544923 0.77500000596046459 5.2500000000000009 0.57359308004379284 1.1000000238418581 4.5000000000000009 1.1416666507720949 37.500000000000007 2.4166666269302373 5.7500000000000009 1.1666666865348818 3.8999999761581425 30.500000000000004 2.5833333730697636 0.016683333553373817 44.416666030883796 2.4166666269302373 3.4416667222976689 1.8999999761581423 0.63225001096725475 7.8333332538604745 1.8999999761581423 0.30633333325386053 0.58333334326744091 0.51666668057441723 2.2916666269302373 1.0000000180025095e-35 0.10017166659235956 0.023335000500082973 0.72819000482559215
decision_type=2 10 2 2 8 2 2 2 10 2 10 2 2 2 8 2 10 2 10 8 2 10 10 2 2 10 2 10 10 10
left_child=1 2 -1 -4 15 6 7 8 9 23 -11 -7 19 -14 -8 17 18 26 -17 20 21 22 -13 24 25 -6 27 28 29 -3
right_child=-2 4 3 -5 5 11 14 -9 -10 10 -12 12 13 -15 -16 16 -18 -19 -20 -21 -22 -23 -24 -25 -26 -27 -28 -29 -30 -31
leaf_value=-0.019089014661743106 0.00032093993401681545 0.0047229830297981466 0.00028129895042864841 0.053119402337639211 0.0036581033717462855 -0.0085874167099080165 0.012368939781818956 0.051264742373478639 -0.035615876059402467 0.014418174307951309 0.11314664527983112 -0.025541874916941446 0.029995418293185097 -0.017327895450262192 -0.033607776090872683 -0.0024948065001991308 0.027108134753231046 0.10225920289159102 -0.035056390586671447 -0.0089708718903495962 -0.010603065943178558 0.066334107532283068 0.039275638730333955 -0.032921450968948336 0.10509357969366989 0.048772884172579467 -0.062552248041968392 0.048949378366372448 -0.021390875334546255 0.059869582875435048
leaf_weight=120.61089056031778 7584.9414493134245 359.56002464378253 33.747487938730046 6.3468291647732249 75.273533725645393 652.16112132673152 10.346114613115786 17.397919580340385 12.925680557731537 4.0201777871698123 4.6548470174893737 8.5240473765879923 39.40218979306519 10.669344827532766 26.736175168305635 40.376542694866657 13.653332926332949 2.0646489784121504 31.441481068730354 111.53827965632081 21.74714844673872 11.095410309731959 8.1193950884044153 8.9113480253145081 1.7362474296241988 8.6658553131856007 3.2680727802216998 10.484617283567784 24.35712025128305 6.9097857698798171
leaf_count=5387 50369 13875 745 66 2673 27298 62 81 422 55 76 71 215 55 159 200 66 11 159 640 115 77 52 78 14 309 23 70 193 47
internal_value=-0.000259727 -0.00287087 -0.0121696 0.00864544 -0.00189163 -0.004028 0.0048792 0.012002 0.00612281 0.0113474 0.0673939 -0.00578898 0.00285654 0.0199117 -0.0207801 0.00259683 -0.00974408 0.00519073 -0.0167501 -0.00244686 0.0122578 0.0301807 0.00607893 0.0062071 0.010277 0.00831573 0.00469537 0.005243 0.0040705 0.00576277
internal_weight=9271.69 1686.75 160.705 40.0943 1526.04 1033.92 170.668 133.586 116.188 103.262 8.67502 863.257 211.096 50.0715 37.0823 492.116 85.4714 406.644 71.818 161.024 49.486 27.7389 16.6434 94.587 85.6756 83.9394 404.58 401.312 390.827 366.47
internal_count=103663 53294 6198 811 47096 32452 3929 3708 3627 3205 131 28523 1225 270 221 14644 425 14219 359 955 315 200 123 3074 2996 2982 14208 14185 14115 13922
is_linear=0
shrinkage=0.05


Tree=148
num_leaves=31
num_cat=0
split_feature=20 9 1 31 20 5 10 0 30 12 12 9 23 21 2 14 19 19 19 20 1 15 19 2 26 23 1 10 19 0
split_gain=4.0021 4.44214 9.36884 4.41694 3.94019 7.52444 5.50756 3.91536 5.17543 12.2962 7.08706 3.62203 5.80958 3.40983 8.05142 7.89156 11.485 10.8514 17.9196 12.1056 16.3681 10.6103 11.4324 11.4023 10.1665 10.516 10.0973 8.23597 11.7284 8.1643
threshold=16.500000000000004 8.6333336830139178 70.166667938232436 7.0499999523162851 -1.4999999999999998 1.0471499562263491 71.90000152587892 -1.0000000180025095e-35 1.0000000180025095e-35 0.84499999880790722 1.8633333444595339 -1.0000000180025095e-35 1.1000000238418581 89.500000000000014 35.166666030883796 1.4262099862098696 11.500000000000002 20.500000000000004 23.500000000000004 1.5000000000000002 85.416667938232436 1.0000000180025095e-35 12.500000000000002 13.166666507720949 1.5833333134651186 2.1000000238418584 79.416667938232436 85.450000762939467 15.500000000000002 3.5833333730697636
decision_type=2 2 2 2 2 8 2 2 2 2 2 2 8 2 2 8 2 2 2 2 2 2 2 2 10 10 2 2 2 2
left_child=1 4 -3 -2 5 -1 -7 8 -6 -10 -11 12 -9 -13 15 -15 -17 19 -19 20 -18 23 -23 -21 25 29 -26 -28 -29 -24
right_child=3 2 -4 -5 7 6 -8 11 9 10 -12 13 -14 14 -16 16 17 18 -20 21 -22 22 24 -25 26 -27 27 28 -30 -31
leaf_value=0.023563599138138502 -0.058184396612148692 -0.042358376981105728 0.037651216678323773 -0.00072899733222582888 0.029276536540320797 -0.062830751037018573 -0.011658847935335736 0.058114401125083252 -0.050169181311683568 0.043561103603876092 -0.011693866065283288 -0.00070191915026026957 -0.0075671983725252344 0.0046761569860874147 -0.043808688228529312 0.0059839000463354436 -0.001999171543048931 0.016015489399793786 -0.0032743970009345884 -0.0077042180513760723 -0.039242431478027723 0.03141368142319987 -0.027216365864835852 0.0162342801064831 -0.083495698523291639 -0.056273328213148635 0.012884331286883551 -0.0010490943663367474 -0.097526736436414754 0.01634016488914574
leaf_weight=7.8649185616523054 6.2037872951477748 4.5531197572127011 18.628175564110279 7.2590367905795574 26.574457291979343 9.2060514930635708 12.261616326868532 6.8649865253828439 8.9982413193210942 12.842704840004446 10.587044812738894 6218.7004588743439 6.6065499966498473 1178.6829618103802 9.8263337165117246 473.38890549167991 52.087111972272396 146.92336037009954 666.78684214875102 121.12324326112866 68.035815060138702 10.543058108538387 17.458006843924522 84.409815836697817 11.520657949149607 10.322804786264895 8.460706852376461 6.0989618413150311 6.5152481719851494 28.035264380276203
leaf_count=47 58 50 239 65 164 59 68 64 67 65 55 80285 68 8882 97 3963 253 1125 5023 704 581 92 121 845 65 75 63 66 73 247
internal_value=3.64787e-05 7.61531e-05 0.0219363 -0.0272049 2.11959e-05 -0.018275 -0.0336031 7.95848e-05 0.0129183 -0.000487094 0.0185934 -3.36356e-06 0.0259036 -4.16364e-05 0.00137415 0.00152776 -0.000640226 -0.00317252 0.000208581 -0.00965194 -0.0230932 -0.00434926 -0.0178008 0.00212702 -0.0236696 -0.0107127 -0.0458567 -0.0252812 -0.0508799 -0.000374619
internal_weight=9257.37 9243.91 23.1813 13.4628 9220.73 29.3326 21.4677 9191.39 59.0024 32.428 23.4297 9132.39 13.4715 9118.92 2900.22 2890.39 1711.71 1238.32 813.71 424.611 120.123 304.488 98.9547 205.533 88.4117 55.8161 32.5956 21.0749 12.6142 45.4933
internal_count=103629 103506 289 123 103217 174 127 103043 351 187 120 102692 132 102560 22275 22178 13296 9333 6148 3185 834 2351 802 1549 710 443 267 202 139 368
is_linear=0
shrinkage=0.05


Tree=149
num_leaves=31
num_cat=0
split_feature=4 2 11 8 25 5 14 4 23 11 12 31 1 10 2 4 22 19 19 31 11 12 10 31 19 18 21 2 18 2
split_gain=5.87304 5.55936 8.42261 7.13483 6.51412 10.7152 6.81494 11.1866 9.178 7.94251 7.32302 6.96803 6.89559 6.59178 5.59537 9.75364 10.7653 11.347 9.45428 10.7907 8.669 8.37025 8.52298 8.17568 20.4496 12.3171 10.9642 9.57571 9.13042 8.11418
threshold=1.2549999952316286 1.0000000180025095e-35 13.09999990463257 0.41666667163372045 1.5500000119209292 0.6802833378314973 0.43225000798702246 0.19053166359663012 1.1000000238418581 8.3666663169860858 1.9900000095367434 10.150000095367433 80.833332061767592 71.224998474121108 21.833333015441898 0.48730833828449255 2.8333333730697636 10.500000000000002 16.500000000000004 4.8500001430511483 20.44999980926514 3.1900000572204594 77.224998474121108 5.7500000000000009 28.500000000000004 4.3380954265594491 88.500000000000014 24.166666984558109 3.2029411792755131 22.166666984558109
decision_type=10 2 2 2 8 10 10 10 10 2 2 2 2 2 2 10 10 2 2 2 2 2 2 2 2 2 2 2 2 2
left_child=1 2 3 4 5 13 7 8 12 11 -8 -10 -6 -1 -3 16 17 -16 20 29 -19 -18 -23 24 -21 -25 -27 -26 -29 -20
right_child=-2 14 -4 -5 6 -7 10 -9 9 -11 -12 -13 -14 -15 15 -17 21 18 19 23 -22 22 -24 25 27 26 -28 28 -30 -31
leaf_value=-0.0076365450814182226 -0.05741946758216409 0.00058141197742524176 0.09655605205771095 -0.071351615256056419 0.010503050527854487 0.042736224791536492 -0.021614365370294819 0.12196898785897747 -0.0056690275722810039 0.096650958882550431 0.0093588565842677232 0.10186897851696908 -0.072145123208197298 -0.084763710144847487 0.0034772291876272901 0.011006179323869589 -0.036466421115254236 -0.058599583312286457 -0.050548984886758998 -0.0096865677768934715 -0.017101773265198749 -0.0030348606178411306 0.03359921826168951 0.008053773076650457 -0.11090108109132704 -0.086689155809156454 -0.012763107051192267 -0.0028143181770875691 -0.085451745598327494 0.012766132919387864
leaf_weight=572.19991692865733 4.4863402396440497 7681.8306887252256 2.1025535538792601 3.8738085925579062 224.71973244287074 10.594043202698229 62.846544163301587 1.9599175825715054 250.99756997020449 1.9354802891612042 27.405081417411566 1.5154447583481658 2.5524078533053389 2.7837860137224189 78.839814499020576 77.020449262112379 8.9800558164715749 24.939693488180637 5.676607057452201 31.751554440706968 25.405245494097471 32.061989709734917 31.450778182595968 38.783370677381754 9.278496231883766 7.7412220239639291 14.245226375758648 6.5798010975122434 6.7938039787113667 46.602359663695097
leaf_count=28285 42 48305 16 20 9390 54 506 11 13081 17 165 32 17 15 842 658 85 200 46 310 267 188 335 279 83 45 142 49 64 463
internal_value=-0.000225433 -0.000197824 -0.00342729 -0.00360799 -0.00338167 -0.00709188 0.00040383 0.00275735 0.00227233 -0.00425025 -0.0122093 -0.00502364 0.00957486 -0.00800996 0.000265256 -0.00517833 -0.00855529 -0.0127764 -0.01866 -0.012948 -0.0376588 0.00871738 0.0151059 -0.0214994 -0.0355788 -0.00889489 -0.0387918 -0.0718722 -0.0447942 0.00589119
internal_weight=9297.95 9293.47 1165.49 1163.38 1159.51 585.578 573.932 483.681 481.721 254.448 90.2516 252.513 227.272 574.984 8127.98 446.15 369.13 296.637 217.797 167.452 50.3449 72.4928 63.5128 115.173 54.4037 60.7698 21.9864 22.6521 13.3736 52.279
internal_count=104012 103970 51609 51593 51573 28354 23219 22548 22537 13130 671 13113 9407 28300 52361 4056 3398 2790 1948 1481 467 608 523 972 506 466 187 196 113 509
is_linear=0
shrinkage=0.05


Tree=150
num_leaves=31
num_cat=0
split_feature=20 27 3 5 11 4 4 13 26 16 4 11 23 5 27 10 3 9 4 23 25 1 27 14 1 11 18 25 21 1
split_gain=4.52589 8.41046 6.71359 4.79402 3.71223 3.60901 5.71933 5.28484 7.7152 8.66574 4.33759 6.04253 8.81842 6.56466 5.91474 8.3243 8.96897 11.8928 5.46725 5.58612 5.14243 7.13494 7.71723 8.68486 7.2512 8.67059 8.30224 5.36199 6.87312 5.77839
threshold=-1.0000000180025095e-35 1.4499999880790713 2.4166667461395268 2.4683333635330205 5.5499999523162851 1.2549999952316286 1.057499945163727 0.72450000047683727 1.5833333134651186 0.29166667163372045 0.43359667062759405 23.22500038146973 3.4500000476837163 1.6841666102409365 0.90000000596046459 61.633333206176765 7.4166667461395273 5.3666667938232431 0.45669166743755346 0.90000000596046459 1.1000000238418581 59.833333969116218 1.2250000238418581 0.90099999308586132 86.833332061767592 26.44999980926514 4.8360216617584237 1.4499999880790713 88.500000000000014 87.833332061767592
decision_type=2 10 2 8 2 10 10 10 10 2 10 2 8 10 10 2 2 2 10 10 10 2 8 10 2 2 2 10 2 2
left_child=1 2 4 -3 -1 6 7 10 -9 -10 11 -2 13 20 15 -12 -17 -18 -16 -20 21 -13 23 24 -23 26 -26 28 -22 -29
right_child=5 3 -4 -5 -6 -7 -8 8 9 -11 14 12 -14 -15 18 16 17 -19 19 -21 27 22 -24 -25 25 -27 -28 29 -30 -31
leaf_value=-0.028872974342558352 0.00012676171389975995 0.018372472199134179 -0.045509233232262636 -0.019201561580662597 0.0077504937159521715 -0.044619976046762794 0.045935262289411194 0.0035732453216103877 -0.014531532297676909 -0.095619472641806924 -0.041120625518560633 -0.071553632519937516 0.043553598464368612 -0.060565069954121989 0.029752238994764747 0.033980084950615962 -0.073731137075977851 0.019534899562417468 -0.024112186693758846 0.0095599008064252561 -0.01354812409194253 0.0083939954897943002 0.0011704796693868826 -0.085298736994259272 -0.0333017182777883 0.0086970013090313294 -0.11568444211685752 0.0067824286189438242 0.041923038714680512 -0.038199647362149362
leaf_weight=12.493086678907277 8759.5164453955367 26.220310667529702 21.977725446224213 12.553494419902561 15.508383445441721 4.5137884467840186 6.8008227311074725 14.637506224215032 7.7886573821306211 5.7105729840695858 14.358345255255697 5.7444698959588996 7.35237918421626 6.7921351157128802 30.872530799359083 13.986264426261188 6.2652372904121858 7.5214136280119419 13.403132192790506 152.0158194154501 9.2406428828835487 13.567542649805544 41.502232134342194 5.9639467522501937 8.8696258701384085 6.4601447843015185 4.6674974858760825 16.966952070593834 14.112380098551512 12.326249834150078
leaf_count=74 99886 140 118 73 77 41 69 129 66 52 72 26 70 82 198 90 52 71 91 1069 57 90 436 70 98 86 57 108 169 167
internal_value=-3.06126e-05 -0.0112674 -0.0248244 0.00620742 -0.00858937 7.78965e-05 9.98589e-05 6.59013e-05 -0.0215704 -0.0488341 0.000132423 -4.56129e-05 -0.00987797 -0.0125648 0.00678803 -0.0102105 0.0057697 -0.0228491 0.0104365 0.00683161 -0.0102264 -0.0177059 -0.0138885 -0.0296993 -0.0198202 -0.0389627 -0.0617067 0.00210194 0.0199735 -0.0121455
internal_weight=9279.71 88.753 49.9792 38.7738 28.0015 9190.96 9186.44 9179.64 28.1367 13.4992 9151.51 8913.08 153.566 146.214 238.423 42.1313 27.7729 13.7867 196.291 165.419 139.422 86.7755 81.031 39.5288 33.5648 19.9973 13.5371 52.6462 23.353 29.2932
internal_count=103884 482 269 213 151 103402 103361 103292 247 118 103045 101402 1516 1446 1643 285 213 123 1358 1160 1364 863 837 401 331 241 155 501 226 275
is_linear=0
shrinkage=0.05


Tree=151
num_leaves=31
num_cat=1
split_feature=31 14 2 9 9 10 2 18 2 32 30 18 2 19 23 27 13 19 28 2 18 31 29 31 19 14 27 14 14 13
split_gain=4.30961 7.02225 9.14965 8.14575 11.0023 6.61394 7.76985 6.00637 5.95507 5.80246 5.79296 7.98486 7.92024 7.17384 6.99173 6.10928 5.55806 6.75882 7.27128 5.5372 6.01998 10.9527 38.2385 7.45876 7.47908 6.14087 5.65489 7.31583 10.5607 5.5268
threshold=4.0499999523162851 0.0040200001094490298 -1.0000000180025095e-35 1.3666666746139529 0.90000000596046459 78.450000762939467 16.833333015441898 2.2768198251724248 9.416666507720949 0 1.0000000180025095e-35 0.39009661972522741 1.1666666865348818 28.500000000000004 1.1000000238418581 1.5500000119209292 0.084059000015258803 19.500000000000004 1.1666666865348818 23.416666984558109 0.25357143580913549 4.2500000000000009 1.5500000119209292 4.7500000000000009 34.500000000000007 0.012370000127702953 1.2250000238418581 0.92427000403404247 0.12808000296354297 0.021989000029861931
decision_type=2 10 2 2 2 2 2 2 2 9 2 2 2 2 8 10 10 2 10 2 2 2 10 2 2 10 10 8 10 10
left_child=1 2 -1 4 10 6 7 -4 -6 19 -3 12 14 15 -12 -13 17 29 -19 20 21 22 -2 -22 26 -23 -25 28 -28 -5
right_child=9 3 5 16 8 -7 -8 -9 -10 -11 11 13 -14 -15 -16 -17 -18 18 -20 -21 23 25 -24 24 -26 -27 27 -29 -30 -31
leaf_value=0.13812287973814449 -0.039929639647389742 0.011051807829652503 -0.010633865396832826 -0.012081889174889008 0.047094821267398099 -0.059790557292433599 0.066292139266519765 -0.068593924883565721 -0.0020673922805831352 -0.0001717826080785325 0.052927199929670127 -0.029785873106260588 -0.047177412510923479 0.038156532224481877 -0.029108735325711482 0.015781435058642518 -0.039641169691788262 0.0098844483293391364 -0.040864227146073691 0.033689144500479336 -0.0042059644877931361 0.0082182020879462536 0.29778488450586049 0.028281110623851715 -0.022427879731063128 0.065240092569083682 0.036801400719450782 0.016517835992775221 -0.049433071914655985 0.034624340908649236
leaf_weight=1.014359283261 1.9204125353135162 69.860821796581149 191.31509613851085 11.790409933775665 22.564800545573238 7.1125320345163336 3.2220644354820243 4.576796061359345 8.4726276248693448 8464.1020061621675 4.5756384748965511 15.395390935242178 19.893195450305939 11.772594816982744 6.0070292800664911 14.085548911243675 15.701580982655285 11.248390916734936 18.948302712291479 17.559147588908672 180.80250462144613 41.85486305737868 1.4873716188594697 51.091613929718733 14.228055052459238 5.3219339065253726 5.1526684984564808 42.757165171205997 11.417191866785286 13.685773365199564
leaf_count=16 75 532 13295 71 129 47 18 240 50 82802 55 100 130 72 98 89 90 68 118 317 1956 1965 59 657 130 37 79 571 110 83
internal_value=-0.000142636 -0.00490881 -0.0116768 0.000839545 0.00671383 -0.0124137 -0.0107213 -0.011988 0.0336745 0.000100719 0.000803897 -0.00917705 -0.0285863 0.00516141 0.00636122 -0.0080145 -0.0133681 -0.00595825 -0.0219601 0.00611542 0.00492728 0.0209038 0.10747 0.00228145 0.0116916 0.0146507 0.0160881 0.00558758 -0.0226171 0.0130086
internal_weight=9288.94 451.243 207.241 244.002 172.628 206.226 199.114 195.892 31.0374 8837.69 141.59 71.7294 30.4759 41.2535 10.5827 29.4809 71.3745 55.6729 30.1967 373.593 356.034 50.5846 3.40778 305.449 124.647 47.1768 110.419 59.327 16.5699 25.4762
internal_count=104059 15301 13616 1685 1255 13600 13553 13535 179 88758 1076 544 283 261 153 189 430 340 186 5956 5639 2136 134 3503 1547 2002 1417 760 189 154
cat_boundaries=0 1
cat_threshold=8
is_linear=0
shrinkage=0.05


Tree=152
num_leaves=31
num_cat=0
split_feature=31 30 24 14 14 12 29 3 23 4 22 11 19 24 25 11 11 22 4 31 19 31 9 4 12 26 22 22 10 0
split_gain=7.02857 8.48345 8.47591 6.63534 12.4552 6.53629 6.3591 6.2818 6.19439 5.52104 5.51181 4.89503 4.86622 4.7732 4.52575 4.19783 8.3945 9.52624 10.9813 9.59485 7.1798 6.69713 7.81558 5.53992 5.45278 5.41424 5.53926 9.21096 5.40572 5.20033
threshold=4.1499998569488534 1.0000000180025095e-35 0.58333334326744091 0.043356666341423995 0.41231000423431402 3.1450001001358037 3.1000000238418584 3.6416667699813847 1.7083333134651186 0.076593335717916503 3.5833333730697636 -0.90000000596046437 33.500000000000007 1.8333333134651186 3.5499999523162846 19.44999980926514 20.899999618530277 3.1666666269302373 0.39031165838241583 7.9500000476837167 19.500000000000004 10.949999809265138 7.0999999046325692 0.39382667839527136 3.089999914169312 0.41666667163372045 1.1666666865348818 1.5833333134651186 79.099998474121108 2.4166666269302373
decision_type=2 2 10 10 10 2 8 2 10 10 8 2 2 10 8 2 2 10 10 2 2 2 2 8 2 10 10 10 2 2
left_child=1 2 5 -3 8 12 10 9 13 -6 11 -4 -1 -5 -13 -2 23 18 19 29 -20 22 -21 -17 -25 -26 -27 -28 -19 -18
right_child=15 3 6 4 7 -7 -8 -9 -10 -11 -12 14 -14 -15 -16 16 17 28 20 21 -22 -23 -24 24 25 26 27 -29 -30 -31
leaf_value=-0.035838660799157478 -6.7921020935000792e-05 -0.020635623757696606 0.050878950277181027 0.054803176720674709 -0.011892772762641949 -0.15833631566279827 -0.089538581929536384 0.025974047171282228 -0.012064734070079791 -0.045130363423299888 -0.075872579076850313 0.0022990143374828046 0.077506399405089618 0.0101640684662979 0.067396581737879255 0.024560220201577537 -0.036593644496658174 0.0047366180205811129 0.032378839245138367 -0.027507373886808153 0.0002588391695974856 -0.0027730868065850615 -0.089744319301291842 0.032112858536300512 0.038736941700078818 0.022807667253333237 -0.054052037849319057 -0.0015201995882568864 0.038702840838364144 -0.0016272897826626167
leaf_weight=12.564582992112262 8202.9012259283336 122.3481152280001 5.465555850416421 13.580136962234976 79.567281167954206 1.0232799053192128 1.8546838420443226 9.2925202995538694 9.7471358962357026 14.821309790015219 2.1741935047321013 238.57373238517903 1.0241351188160468 10.712413864210246 2.7001526532694688 71.30157121643424 11.209233239293097 23.67657795548439 32.064768273383379 15.891437400132419 38.036264274269342 13.285796616226433 7.3901764005422583 15.704414401203392 7.7471763193607321 13.273742806166409 10.892111741006373 35.676035761833191 23.183902699500322 206.9756261408329
leaf_count=660 82507 7140 37 102 491 5 84 59 93 82 125 6961 57 88 59 696 101 143 309 114 341 119 56 191 61 135 93 277 248 2191
internal_value=-0.000128251 -0.00574449 0.00054479 -0.0121622 -0.00463461 -0.036473 0.00270178 -0.0132503 0.0216077 -0.0171119 0.00338907 0.0040875 -0.0272962 0.0351184 0.00302754 0.000209814 0.00453852 0.000466214 -0.00257387 -0.00739619 0.0149508 -0.0310987 -0.047263 0.0143301 0.00557286 -0.000593743 -0.00568552 -0.0138072 0.0215412 -0.00342368
internal_weight=9254.66 525.449 265.38 260.069 137.721 14.612 250.768 103.681 34.0397 94.3886 248.914 246.739 13.5887 24.2926 241.274 8729.21 526.309 371.714 324.853 254.752 70.101 36.5674 23.2816 154.595 83.2935 67.5891 59.8419 46.5681 46.8605 218.185
internal_count=103625 16043 7988 8055 915 722 7266 632 283 573 7182 7057 717 190 7020 87582 5075 3622 3231 2581 650 289 170 1453 757 566 505 370 391 2292
is_linear=0
shrinkage=0.05


Tree=153
num_leaves=31
num_cat=0
split_feature=20 25 28 10 31 31 26 2 20 10 29 13 25 31 17 28 10 27 19 18 18 29 27 2 20 11 0 22 1 19
split_gain=3.70907 8.21106 9.21695 9.5819 7.58611 7.87865 9.41333 7.89383 9.80098 7.54928 7.49664 7.41369 8.18591 8.48543 7.54618 9.55306 9.33498 7.57604 6.97516 10.3603 9.30448 8.88999 6.95717 6.91468 6.8094 7.33546 6.54448 6.75599 8.03588 6.4998
threshold=2.5000000000000004 1.1000000238418581 2.5833333730697636 70.099998474121108 9.2500000000000018 5.8500001430511483 1.8333333134651186 19.416666984558109 7.5000000000000009 70.90000152587892 2.4500000476837163 1.1809999942779543 0.45000000298023229 7.8500001430511483 0.77500000596046459 0.83333334326744091 74.90000152587892 1.1000000238418581 21.500000000000004 4.5067567825317392 4.1606450080871591 1.2250000238418581 0.63333335518836986 3.1666666269302373 13.500000000000002 6.0999999046325692 8.416666507720949 2.5833333730697636 65.416667938232436 4.5000000000000009
decision_type=2 10 10 2 2 2 10 2 2 2 8 8 10 2 2 10 2 10 2 2 2 8 10 2 2 2 2 10 2 2
left_child=-1 2 3 18 5 23 22 8 -8 -5 11 26 14 -14 15 -13 -17 -16 19 -2 -20 -21 -7 -3 25 -25 27 28 -11 -29
right_child=1 4 -4 9 -6 6 7 -9 -10 10 -12 12 13 -15 17 16 -18 -19 20 21 -22 -23 -24 24 -26 -27 -28 29 -30 -31
leaf_value=-0.00058202502409426555 -0.011152914255545706 -0.026525567727766736 0.0157938731422353 0.048917327872207025 0.031018631437619487 -0.018956074579627627 -0.017924885101676898 0.0070763239104905664 -0.071022975425409016 -0.039485355317309817 -0.04589551543861501 -0.083455958310439615 0.0075140088521305388 -0.030140210132332135 -0.033304712554817283 0.025989523858210951 -0.048661739930414373 0.024561144243030054 -0.0045469265310863699 -0.085078622612552265 0.037337181681452822 -0.016649916280029053 0.0069103444314892034 0.017903312714177069 0.042268431439040091 0.0044625038303705332 0.047380596563235788 -0.060526144489838223 0.014318618140124651 -0.0022951054687016465
leaf_weight=7378.9843406534055 212.9817418307066 15.52062984369695 68.423354937694967 8.5676047876477224 26.869852591305971 31.566991671919823 37.18941305950284 19.877204414457083 11.340831927955149 7.3163740411400786 8.178651709109543 8.6630810424685496 102.9929001480341 17.504853177815676 10.19710171967745 6.9049917012453106 10.641713079065083 12.702462941408156 165.02833595871925 9.1747892750427145 14.418167486786841 9.8336618244647962 147.28844686597586 120.26344282180071 13.584574356675146 651.04766631498933 10.77696383744478 6.2308637425303486 134.8190672211349 20.754256580024958
leaf_count=90417 1021 153 526 51 246 200 210 173 68 47 82 71 973 142 94 47 102 122 784 79 78 78 971 572 125 4803 129 64 1368 194
internal_value=-7.2581e-05 0.00188465 -0.00179955 -0.00334748 0.00478563 0.00411283 -0.00368834 -0.0194631 -0.0303332 0.00253493 0.00142394 0.00253124 -0.00496859 0.00204394 -0.0221749 -0.0404953 -0.0192849 -0.00120633 -0.00858386 -0.0143095 -0.00118162 -0.0496783 0.00234507 0.00652276 0.00717626 0.00655821 0.00960207 0.00719469 0.0115491 -0.0157407
internal_weight=9299.64 1920.66 846.111 777.688 1074.55 1047.68 247.263 68.4074 48.5302 366.251 357.683 349.505 169.607 120.498 49.1094 26.2098 17.5467 22.8996 411.437 231.99 179.447 19.0085 178.855 800.416 784.896 771.311 179.898 169.121 142.135 26.9851
internal_count=103990 13573 6052 5526 7521 7275 1622 451 278 3486 3435 3353 1551 1115 436 220 149 216 2040 1178 862 157 1171 5653 5500 5375 1802 1673 1415 258
is_linear=0
shrinkage=0.05


Tree=154
num_leaves=31
num_cat=0
split_feature=1 0 25 19 10 25 30 14 2 9 3 0 18 9 2 14 13 9 13 25 12 27 2 21 5 10 22 19 1 14
split_gain=5.8422 6.43611 7.90408 9.55506 6.7994 8.04492 7.37198 8.27766 11.9681 7.33464 7.47202 7.23378 6.95667 9.84217 8.71962 8.78 6.5612 6.21427 8.64548 7.84875 6.3742 7.82044 5.89944 5.89335 11.1786 13.9538 13.0311 8.86979 8.33749 10.0373
threshold=84.166667938232436 1.1666666865348818 1.1000000238418581 10.500000000000002 57.633333206176765 1.7749999761581423 1.0000000180025095e-35 1.2181600332260134 19.583333015441898 4.3666667938232431 6.1583333015441903 2.5833333730697636 1.7119815945625307 2.8999999761581425 16.833333015441898 1.3695999979972842 0.10400399938225748 5.0999999046325692 0.40450000762939459 1.7083333134651186 5.4900000095367441 1.0000000180025095e-35 22.166666984558109 45.500000000000007 0.79416668415069591 22.899999618530277 3.1666666269302373 6.5000000000000009 49.166666030883796 0.83347666263580333
decision_type=2 2 10 2 2 10 2 8 2 2 2 2 2 2 2 10 8 2 10 8 2 8 2 2 10 2 10 2 2 10
left_child=23 16 -3 17 5 11 7 22 9 12 -11 -5 13 14 15 -9 -2 20 19 -19 21 -4 -6 24 25 26 -1 -25 -26 -30
right_child=1 2 3 4 6 -7 -8 8 -10 10 -12 -13 -14 -15 -16 -17 -18 18 -20 -21 -22 -23 -24 27 28 -27 -28 -29 29 -31
leaf_value=-0.00066640843652339898 0.0028092626819051229 -0.0011729702953612183 -0.046940146678293188 -0.032927086595477682 0.017983272054385491 0.04711448672109772 0.0072130155798677976 -0.041709970949425856 0.014254161855559767 -0.014551421355302073 -0.080694610230766906 0.024620647081215877 -0.0033405950747323679 0.021514923571696612 -0.080086009180612761 0.0042087032020604086 -0.017275364544204166 0.00049154314244694453 0.054868366747719881 -0.062867763369864396 0.034942126294617189 0.01481047701145086 -0.0251718701199862 0.0039525495320829147 -0.015364372316450223 0.004564319629181096 -0.022719844079097367 -0.0034157980427444003 0.01890112964850767 -0.0057034605099381781
leaf_weight=1992.8529660577187 84.484513889998198 557.9591853171587 5.2653314135968676 8.7027129828929919 59.941974420100451 18.812473475933075 347.12840428575873 26.301409512758255 52.664043787866831 9.7544048950076121 7.5938762798905364 14.658489145338534 137.36432690173388 10.129548482596872 8.082071125507353 17.229622609913349 78.393940564244986 13.617603857070213 4.3842668533325186 7.6246416643261901 40.471914574503899 195.58222809061408 9.1248122826218587 482.34482654556632 175.09904303774238 1860.69410729222 69.313326511066407 2665.1070665717125 49.652089402079582 250.91923708468676
leaf_count=58224 657 5581 53 52 550 121 3302 173 570 101 74 97 1321 73 54 117 607 173 60 99 405 1910 98 2409 965 9814 2067 13025 217 1087
internal_value=-3.60341e-05 0.00259796 0.00359004 0.00626248 0.00329357 0.0227793 0.00209443 -0.0031595 -0.00712235 -0.0123233 -0.0435043 0.00318248 -0.00960649 -0.0235468 -0.0323906 -0.0235353 -0.00685754 0.0143534 -0.00905675 -0.0222505 0.0168394 0.0131916 0.0122818 -0.000634765 0.000547239 0.00142497 -0.00140767 -0.0022866 -0.00669143 -0.00163897
internal_weight=9261.25 1715.27 1552.39 994.434 727.488 42.1737 685.314 338.186 269.119 216.455 17.3483 23.3612 199.107 61.7427 51.6131 43.531 162.878 266.946 25.6265 21.2422 241.319 200.848 69.0668 7545.98 4398.53 3922.86 2062.17 3147.45 475.67 300.571
internal_count=104056 16248 14984 9403 6703 270 6433 3131 2483 1913 175 149 1738 417 344 290 1264 2700 332 272 2368 1963 648 87808 72374 70105 60291 15434 2269 1304
is_linear=0
shrinkage=0.05


Tree=155
num_leaves=31
num_cat=0
split_feature=18 19 9 29 23 11 2 25 26 14 25 26 23 27 26 22 22 25 29 9 22 3 23 27 25 29 9 23 13 11
split_gain=6.14744 10.5651 9.48062 5.72873 6.52019 4.91447 9.32095 4.96836 10.6286 5.63419 4.86348 5.09414 7.07346 5.66694 7.23497 5.52478 5.27949 4.63721 8.25988 4.49983 4.74736 7.06087 4.43502 5.24432 4.43673 5.31106 3.99672 8.18012 8.59262 7.38595
threshold=1.0000000180025095e-35 4.5000000000000009 1.0000000180025095e-35 1.2250000238418581 1.6333333253860476 3.3666666746139531 0.58333334326744091 2.7749999761581425 2.8333333730697636 0.75830000638961803 0.63333335518836986 1.0000000180025095e-35 0.63333335518836986 0.77500000596046459 1.1666666865348818 1.0000000180025095e-35 0.83333334326744091 1.2250000238418581 1.5500000119209292 8.2249999046325701 2.5833333730697636 13.183333396911623 1.1000000238418581 3.2916666269302373 3.8999999761581425 0.70833334326744091 0.36666667461395269 2.2250000238418584 0.094053000211715712 6.9000000953674325
decision_type=2 2 2 10 10 2 2 10 8 10 8 10 8 10 10 10 8 10 10 2 10 2 10 10 10 8 2 10 10 2
left_child=1 3 5 22 10 6 7 -3 9 -9 -5 12 -12 -13 15 -15 -17 18 -16 26 21 -21 24 -24 25 -1 27 28 29 -2
right_child=19 2 -4 4 -6 -7 -8 8 -10 -11 11 13 -14 14 17 16 -18 -19 -20 20 -22 -23 23 -25 -26 -27 -28 -29 -30 -31
leaf_value=0.0012785236535640095 0.0049680109533658352 -0.019068733101486674 0.070688673320899675 -0.031476617422432372 -0.0062975830291285232 -0.075245008902959265 0.033363706051563753 -0.0071355795570529181 0.24263668661917795 0.1483615103881428 0.030633837003637827 -0.016833508622605856 0.13203105000974788 -0.014973453471764618 -0.0038181760004494004 0.12250735832139814 0.047319912554732536 0.00039624368304450443 0.17489436235036007 0.019402774905128289 0.038311181560766044 -0.050064611834335818 -0.00039177264278069312 0.079821577851390837 0.021654748016407734 -0.043065661807993268 -3.6724487344232931e-05 -0.012253355538015162 0.048794379809748635 -0.032509788828007091
leaf_weight=10.210215868195521 792.98760192422196 168.14433485793415 3.2281824331730595 4.305700947996228 37.601717659737915 3.4057010393589726 9.5922505408525449 6.7433316849637768 0.50848370138555754 0.63762425258755673 6.026247521862385 9.6806767247617227 2.4069331516511747 2.7821442231070277 1.5599111807532637 2.8872216334566447 12.201584558933973 21.926962745841593 1.1042376153636722 14.103318345732989 16.032757652923465 4.9389310702681533 27.546898488653827 2.2004502248018971 5.2758751548826686 19.936999388271943 7946.8260841751471 75.517899208003655 11.022076793015001 13.367751628160475
leaf_count=376 16169 26527 28 213 1442 26 65 876 61 4 121 341 83 86 85 128 417 676 92 190 187 52 1413 49 64 747 51181 1753 76 75
internal_value=0.000130778 -0.0062752 -0.0142748 0.0028985 0.0102689 -0.0157258 -0.0146338 -0.0172492 0.0215298 0.00629747 0.0198699 0.0235196 0.0595738 0.0176884 0.0255589 0.0497693 0.0617069 0.00796456 0.0702547 0.000390569 0.0182641 0.00138523 -0.00869178 0.00554171 -0.0206447 -0.0280472 0.00031965 0.0034914 0.00494607 0.0043467
internal_weight=9234.71 359.914 192.26 167.654 102.483 189.032 185.626 176.034 7.88944 7.38096 64.8816 60.5759 8.43318 52.1427 42.4621 17.871 15.0888 24.5911 2.66415 8874.8 35.075 19.0422 65.1704 29.7473 35.4231 30.1472 8839.72 892.895 817.377 806.355
internal_count=103603 33920 27587 6333 3684 27559 27533 27468 941 880 2242 2029 204 1825 1484 631 545 853 177 69683 429 242 2649 1462 1187 1123 69254 18073 16320 16244
is_linear=0
shrinkage=0.05


Tree=156
num_leaves=31
num_cat=1
split_feature=5 27 32 10 24 13 13 10 31 11 25 9 11 4 5 5 21 13 21 18 25 27 3 25 4 21 31 14 11 3
split_gain=3.88152 6.63341 3.70229 9.20144 12.721 12.1932 9.47905 9.17925 9.74842 10.1658 13.4011 9.10823 10.6699 8.38996 7.824 10.4891 8.33352 9.57643 8.57272 8.32016 8.17184 7.82995 8.04575 7.88296 7.66384 10.761 7.48826 7.21535 6.85858 6.98021
threshold=2.5249999761581425 2.1000000238418584 0 13.449999809265138 1.5833333134651186 0.10804200172424318 0.0033396667568013076 7.4500000476837167 7.0499999523162851 -1.0000000180025095e-35 1.5500000119209292 0.36666667461395269 0.90000000596046459 0.023108333349227909 0.4337166696786881 0.64058333635330211 87.500000000000014 0.032005000859498985 84.500000000000014 0.66228070855140697 2.3666666746139531 1.2250000238418581 0.983333319425583 1.5500000119209292 0.096673332154750838 10.500000000000002 3.7500000000000004 0.24225000292062762 2.3666666746139531 0.28333334624767309
decision_type=10 10 9 2 8 10 8 2 2 2 10 2 2 10 10 10 2 10 2 2 10 10 2 10 10 2 2 10 2 2
left_child=2 -2 7 4 26 6 28 8 9 10 -1 12 13 27 -5 19 17 -17 21 -16 -21 23 -23 -19 25 -24 -4 -9 29 -6
right_child=1 -3 3 14 5 -7 -8 11 -10 -11 -12 -13 -14 -15 15 16 -18 18 -20 20 -22 22 24 -25 -26 -27 -28 -29 -30 -31
leaf_value=-0.017227122935483664 0.024638063853094645 -0.027128919533778724 0.11547167811922315 -0.0019642412115916451 0.0060438082157117995 0.14185459696755801 0.021945693397207373 -0.018913902259158843 0.019221768164718021 -0.0098240201515030039 0.10297430126302443 -0.00027416355419063941 0.040008181991408473 0.0532622997982794 -0.0082125231499492381 -0.013242584123024813 0.0047696218405522475 -0.024012319103409573 -0.04026065498948616 0.015985165497027616 0.061549740701795447 0.055049837945981409 0.024552006768714572 0.0054487976006170604 0.022999493784372337 -0.014350737197562661 -0.00020705549920565057 0.039217464791881505 0.05156397934757332 -0.03139568588859331
leaf_weight=4.6255220898892713 34.588333878666162 7.5367173366248599 1.4040220682509232 1800.6348629258573 169.13955019996502 1.8368267044425 153.1495579672046 29.195329337380826 33.136767379473895 474.627987468848 4.6497269850224257 4804.6576228719205 30.623716857284307 6.5525320768356314 33.967494700103998 173.18899170681834 664.06816173158586 39.757489643990993 11.399101503193377 140.83666625991464 10.579416416585444 9.8591150194406492 26.54975388199091 52.938790410757065 53.002135530114174 53.790776401758194 390.09460449707694 6.5323164258152238 7.6661427095532408 13.438534084707497
leaf_count=78 272 66 23 12292 7284 10 3615 298 619 27219 92 28338 255 45 189 864 5644 190 64 808 58 50 123 246 248 237 14376 61 56 91
internal_value=0.000233395 0.0153763 0.000164073 0.00135581 0.00637754 0.0133742 0.0126869 -0.000678268 -0.00701433 -0.00881093 0.0430304 -8.0115e-06 0.0175325 0.00125322 0.000155354 0.00316071 0.00128201 -0.00422593 0.00208868 0.0141517 0.0191688 0.00413509 0.0114641 -0.00718709 0.00824143 -0.00149473 0.0002078 -0.00828537 0.00523344 0.0032881
internal_weight=9244.03 42.1251 9201.9 3807.3 736.729 345.231 343.394 5394.6 517.04 483.903 9.27525 4877.56 72.9039 42.2802 3070.57 1269.94 1084.55 420.486 247.297 185.384 151.416 235.898 143.202 92.6963 133.343 80.3405 391.499 35.7276 190.244 182.578
internal_count=103811 338 103473 46468 25455 11056 11046 57005 28008 27389 170 28997 659 404 21013 8721 7666 2022 1158 1055 866 1094 658 436 608 360 14399 359 7431 7375
cat_boundaries=0 1
cat_threshold=37
is_linear=0
shrinkage=0.05


Tree=157
num_leaves=31
num_cat=1
split_feature=3 2 22 2 18 19 31 22 9 13 31 18 19 31 24 29 29 5 31 3 32 12 10 1 29 19 28 30 24 10
split_gain=3.58416 6.65414 7.3406 3.4522 3.41173 8.11522 8.71807 7.73499 6.91747 12.5528 6.77606 6.41337 6.44559 11.5427 6.15574 6.33901 7.30871 6.31271 5.96807 8.29763 9.66529 6.31735 5.9123 9.87185 6.94483 9.94973 11.6735 10.2056 5.67712 18.7914
threshold=13.183333396911623 28.166666984558109 2.5833333730697636 38.833333969116218 1.0000000180025095e-35 19.500000000000004 3.9500000476837163 0.41666667163372045 0.36666667461395269 0.09806500002741815 4.3500001430511483 0.029857398010790352 35.500000000000007 4.3500001430511483 2.8333333730697636 0.90000000596046459 2.2916666269302373 1.760333299636841 4.1499998569488534 0.983333319425583 0 0.88999998569488536 11.09999990463257 4.1666667461395273 1.5500000119209292 15.500000000000002 1.4166666865348818 1.0000000180025095e-35 3.1666666269302373 49.633333206176765
decision_type=2 2 10 2 2 2 2 8 2 10 2 2 2 2 10 10 10 10 2 2 9 2 2 2 10 2 8 2 10 2
left_child=3 -2 -3 4 5 6 7 -1 9 11 28 12 -6 -14 17 -16 -17 -13 -8 20 21 -20 23 24 -9 26 -26 -28 -10 -30
right_child=1 2 -4 -5 8 -7 18 22 10 -11 -12 14 13 -15 15 16 -18 -19 19 -21 -22 -23 -24 -25 25 -27 27 -29 29 -31
leaf_value=0.19400492559839264 -0.062085298864307352 -0.037012378719035274 0.029670255719387653 0.036763701925031797 0.017659644568469589 -0.021654216799657195 -0.016656408261600118 -0.0096580740419714897 -0.0050155647620275055 0.060025488991941191 0.00048396826405764813 0.0027031265304493252 0.35268038985814426 0.028470167734317143 -0.013957705163510879 0.031238470479270017 -0.016162868910491679 -0.07617196529215621 0.010726317821462522 -0.029000945917569711 -0.0098590571438356873 0.093058088962865493 -0.066708981030684497 0.27987786623929845 0.32811779109693001 -0.050328573627327747 -0.050390789441456453 0.2386386769027217 -0.026386292024233645 0.047156109407927083
leaf_weight=0.8174568582326146 6.553820505738261 7.9850116148591068 8.5422149784862977 6.4775807540863743 1.6682184897363179 57.950360701070167 60.944962236331776 3.6775074023753405 836.57981278141961 10.098278075456617 7125.4874526634812 811.35995535273105 0.49564580200239994 0.61539101833477616 13.350383196491746 53.140785252675414 9.601314537227152 2.5446951314806929 135.53006800077856 21.11859704554081 76.225114399334416 2.370669573545455 1.2642524391412733 0.44069958850741375 0.65988160716369759 0.819921523798257 0.74207561835646629 0.51904192753136158 15.278327130712567 20.131036549806595
leaf_count=99 59 67 94 65 158 11782 6418 510 5406 68 46027 16583 44 83 194 783 118 13 4061 115 10472 17 10 4 62 133 104 78 105 114
internal_value=0.000225904 -0.0194528 -0.00254698 0.000274902 0.000249387 -0.00450148 -0.00124384 0.0474006 0.000443193 0.00459181 -2.51639e-05 0.00396479 0.0798001 0.173104 0.00372797 0.0173277 0.0239847 0.00245652 -0.00271223 0.000900302 0.00384937 0.0113208 0.0326478 0.0509609 0.0352431 0.0954873 0.157724 0.0685659 -0.00418555 0.0154243
internal_weight=9292.99 23.081 16.5272 9269.91 9263.43 363.081 305.13 8.94084 8900.35 902.875 7997.48 892.776 2.77926 1.11104 889.997 76.0925 62.7421 813.905 296.189 235.244 214.126 137.901 8.12338 6.85913 6.41843 2.74092 1.921 1.26112 871.989 35.4094
internal_count=103846 220 161 103626 103561 33865 22083 1000 69696 18044 51652 17976 285 127 17691 1095 901 16596 21083 14665 14550 4078 901 891 887 377 244 182 5625 219
cat_boundaries=0 1
cat_threshold=10
is_linear=0
shrinkage=0.05


Tree=158
num_leaves=31
num_cat=0
split_feature=18 22 3 13 29 9 9 13 29 10 12 19 12 0 25 11 21 27 16 9 17 10 25 11 16 1 11 1 21 25
split_gain=3.47275 6.94558 5.60135 6.8977 11.4456 8.95948 9.82467 12.7517 11.6592 12.9166 8.11155 7.12437 6.08123 6.07819 5.89673 9.17696 6.39042 8.42255 5.99723 5.58656 7.33693 7.57122 7.11521 6.89874 11.2015 10.652 7.07119 9.85706 10.2164 8.37977
threshold=3.8224790096282963 0.41666667163372045 6.8833334445953378 0.50549998879432689 1.1000000238418581 4.4500000476837167 5.5499999523162851 0.362666666507721 1.8999999761581423 84.450000762939467 6.8224999904632577 12.500000000000002 5.6099998950958261 2.8333333730697636 0.70833334326744091 17.366666793823246 75.500000000000014 1.1000000238418581 0.36666667461395269 1.7083333134651186 0.45000000298023229 71.90000152587892 3.1000000238418584 6.3666667938232431 0.22500000149011615 10.166666507720949 4.0999999046325692 77.166667938232436 13.500000000000002 1.1000000238418581
decision_type=2 10 2 8 10 2 2 10 10 2 2 2 2 2 10 2 2 10 2 2 2 2 10 2 2 2 2 2 2 10
left_child=19 -2 12 4 11 10 7 -7 9 -8 -6 -4 -3 -5 18 16 -16 -18 -14 20 21 -1 -23 24 25 -21 -27 28 -28 -30
right_child=1 2 3 13 5 6 8 -9 -10 -11 -12 -13 14 -15 15 -17 17 -19 -20 23 -22 22 -24 -25 -26 26 27 -29 29 -31
leaf_value=0.00030414329351055266 0.025902691634349741 0.0019627309888898188 0.0365450489671044 -0.044964335321218019 -0.032467432685977023 -0.034286607848064518 -0.080209891447913267 -0.12672089327025091 0.028178311905434128 0.0030165571522108312 0.037577931430003396 -0.017819496574124166 -0.029072996858099349 0.0038111496029059212 0.022449170737761297 0.033731088023026726 -0.046719779273738139 0.0077235567994148428 0.019678927704501529 0.040101201634568415 0.04361250582921336 0.0092916350151751228 -0.018207893585925682 -0.00094769197512482081 -0.052767361060509499 0.0056837371376395954 -0.03166647848891254 -0.036517235357192333 -0.018176476020337309 0.0071572273224406319
leaf_weight=4376.5913811930222 32.643908840604126 359.76515205996111 14.072200272232296 6.6345422118902198 7.9552457220852402 9.3801082633435708 10.417677871882921 6.1955336555838576 8.290904099121688 8.437929052859543 8.6028199940919858 10.540126413106917 14.341291673481466 171.32971894927323 30.1302180737257 55.16818805038929 10.367504727095364 22.566512133926153 11.261961922049521 11.668762969784437 10.076273016631601 369.0647432282567 25.123387277126312 3365.1976057626307 13.8241970539093 65.825642555952072 36.684523671865463 37.025764860212803 51.27244757860899 89.832103058695793
leaf_count=71567 299 3150 127 46 63 79 72 50 88 96 77 95 92 1512 136 423 89 181 70 136 47 2426 171 21232 76 336 222 238 221 395
internal_value=0.000163177 0.00331589 0.00235265 -0.00357888 -0.0153983 -0.0272983 -0.0393997 -0.0710543 -0.0212375 -0.0429659 0.00392496 0.0132637 0.00543686 0.00199279 0.0141264 0.0188375 0.00580875 -0.009415 -0.00762876 -0.00013452 0.000991942 0.000901924 0.00753897 -0.00160141 -0.00878751 -0.00670757 -0.00865383 -0.0130473 -0.00815952 -0.00204815
internal_weight=9250.29 798.102 765.458 261.857 83.8925 59.2802 42.7222 15.5756 27.1465 18.8556 16.5581 24.6123 503.601 177.964 143.836 118.232 63.0642 32.934 25.6033 8452.19 4780.86 4770.78 394.188 3671.33 306.133 292.309 280.64 214.815 177.789 141.105
internal_count=103812 6745 6446 2305 747 525 385 129 256 168 140 222 4141 1558 991 829 406 270 162 97067 74211 74164 2597 22856 1624 1548 1412 1076 838 616
is_linear=0
shrinkage=0.05


Tree=159
num_leaves=31
num_cat=0
split_feature=18 18 3 10 18 9 17 31 22 18 2 1 10 25 12 12 16 28 12 23 3 22 8 29 12 5 10 5 5 13
split_gain=5.65369 4.50983 4.736 6.14134 4.33809 10.2691 7.80422 7.9872 6.04372 7.46975 9.17808 20.1099 8.19171 7.7978 7.38464 6.1928 5.61517 11.9275 9.06125 6.95217 6.10764 9.97864 5.51804 9.03616 11.1855 8.81555 5.81726 6.11862 6.07238 6.02753
threshold=9.7750000953674334 -1.0000000180025095e-35 0.51666668057441723 21.44999980926514 3.8224790096282963 1.8999999761581423 1.0000000180025095e-35 6.5499999523162851 1.4166666865348818 5.4316768646240243 16.583333015441898 88.416667938232436 83.366668701171889 1.1000000238418581 4.9449999332427987 6.3450000286102304 0.22500000149011615 0.83333334326744091 2.3549998998641972 1.1000000238418581 6.4833333492279062 2.1666666269302373 0.83333334326744091 1.7083333134651186 2.7633333206176762 0.88833332061767589 56.899999618530281 0.66705000400543224 0.72688335180282604 0.26640100777149206
decision_type=2 2 2 2 2 2 2 2 10 2 2 2 2 10 2 2 2 10 2 10 2 10 2 8 2 8 2 8 8 10
left_child=1 2 3 -1 -3 -6 16 22 9 10 12 -12 14 -11 -9 -14 18 -18 -7 -20 -19 -22 26 24 -24 -26 -8 29 -29 -28
right_child=-2 4 -4 -5 5 6 7 8 -10 13 11 -13 15 -15 -16 -17 17 20 19 -21 21 -23 23 -25 25 -27 27 28 -30 -31
leaf_value=0.031073815391868521 0.041697306965777531 -0.00061938205543976001 0.053343736200119875 -0.051169578426616569 0.027296470910291734 -0.06290865916570558 -0.0072122208162144798 -0.027910712340639771 0.0030676833125398832 -0.017377601188885781 -0.10580129757284154 0.010137460481331673 -0.083897970034356964 0.040365418990640431 0.020791866677286802 -0.015615686014366113 0.034193444003558039 -0.016723296157262004 0.029185740121531925 -0.0048961776337096349 -0.085486727801659043 -0.004883370072044489 0.017510159143301531 0.031039109836125019 -0.021393011011868152 -0.11571347057061071 0.021579060282325008 -0.036116426354175106 0.011833835576642797 0.066859795760701682
leaf_weight=6.3432247478049266 8.0441231979057175 8446.3677277924726 8.0311072766780836 3.5347528792917728 42.032050864771008 5.718494502361863 37.100213184952736 12.508383460342882 188.04555305838585 11.848997570574285 8.6615466848015767 6.5827023088932028 5.6166818439960471 11.541970096528528 20.604406990110874 8.1225997582077962 7.6230027154088011 21.648541022092104 18.709012795239687 74.725521475076675 10.831812266260387 5.9484261982142916 6.2620177678763929 7.6881454549729815 5.0291967093944523 4.8821623548865327 40.332436703145504 6.8100561983883372 216.77351371943951 8.9870299734175187
leaf_count=156 141 96896 43 24 270 226 185 61 1369 95 52 76 52 112 109 75 59 134 155 532 97 54 82 91 54 50 398 59 2137 55
internal_value=-0.000202118 -0.00023852 0.0248279 0.00164369 -0.000287099 0.00324482 0.00190156 0.00439103 -0.00194346 -0.0129664 -0.0220376 -0.0557372 -0.0110728 0.0111149 0.00239443 -0.0435298 -0.00851197 -0.0229395 -0.0018111 0.00192827 -0.0342727 -0.0569136 0.00958082 -0.0135884 -0.0348024 -0.0678536 0.0113642 0.0138896 0.0103733 0.0298301
internal_weight=9266.96 9258.91 17.9091 9.87798 9241 794.634 752.602 607.398 273.533 85.4873 62.0963 15.2442 46.8521 23.391 33.1128 13.7393 145.205 46.0518 99.153 93.4345 38.4288 16.7802 333.865 23.8615 16.1734 9.91136 310.003 272.903 223.584 49.3195
internal_count=103899 103758 223 180 103535 6639 6369 5112 2001 632 425 128 297 207 170 127 1257 344 913 687 285 151 3111 277 186 104 2834 2649 2196 453
is_linear=0
shrinkage=0.05


Tree=160
num_leaves=31
num_cat=1
split_feature=3 32 12 1 10 31 26 20 5 16 28 25 14 10 31 1 31 14 14 11 20 1 31 5 1 1 20 23 3 11
split_gain=5.47619 7.93319 8.49731 7.82056 10.3887 8.8435 16.8471 8.62956 7.81157 7.41793 10.818 7.56902 8.15886 9.07352 7.04983 6.74866 6.70965 6.60761 9.17469 8.24331 7.27231 6.27885 8.84043 6.72978 6.50946 13.1785 6.1663 6.14382 5.98459 8.80745
threshold=2.9166667461395268 0 0.063333334401249899 60.166666030883796 63.100000381469734 5.6499998569488534 1.8333333134651186 -1.4999999999999998 1.0800333619117739 1.0000000180025095e-35 1.4166666865348818 2.2916666269302373 0.75205999612808239 53.225000381469734 3.7500000000000004 78.166667938232436 6.7500000000000009 0.12003999948501588 0.56420001387596141 6.5499999523162851 1.0000000180025095e-35 70.166667938232436 5.1499998569488534 1.1406833529472353 71.166667938232436 73.166667938232436 5.5000000000000009 1.1000000238418581 1.8416666984558108 5.0999999046325692
decision_type=2 9 2 2 2 2 8 2 10 2 10 10 10 2 2 2 2 8 10 2 2 2 2 8 2 2 2 10 2 2
left_child=1 2 -1 4 7 21 8 -3 -7 14 17 12 13 16 -9 -4 27 19 20 -11 -19 22 26 24 -23 -26 -5 -12 -25 -30
right_child=-2 3 15 5 -6 6 -8 9 -10 10 11 -13 -14 -15 -16 -17 -18 18 -20 -21 -22 23 -24 28 25 -27 -28 -29 29 -31
leaf_value=-0.023482819499214359 0.0014594328112038874 -0.050754489935624772 -0.0034448302174553479 -0.012967207755498769 0.0088456731417481116 -0.028234904551778801 0.014564192523006232 0.074419810922086646 -0.083105657171954492 -0.00020124771237824601 0.0056973343056079435 -0.047292388075930836 0.013692362869000829 -0.053148168774494943 0.00048039469234097403 -0.035428014781531375 0.022540156885223036 -0.024112378928102949 0.015801573795486242 0.058744195551520551 -0.00045742333718255709 0.052037894526256748 0.011443536246271271 0.0039411134844008593 -0.040025682378037296 0.0083473992347003617 -0.051490728153956083 -0.024244192851383961 0.022472425348512352 -0.0083819068242131627
leaf_weight=67.450794927892275 3192.3077638745308 8.4428680017590505 474.24519489752129 163.86207197606564 339.97872418165207 46.556865874677896 23.850027184933424 3.2266680304892352 7.5362356938421717 13.752986840903761 22.43968416005373 17.730421829968691 24.405328623950481 15.94156254827976 3614.2124026373494 17.087837945669889 11.985118411481379 51.197896305471659 50.253679670393467 10.428724907338617 88.925778582692146 7.5733284056186667 37.160371877253056 183.96170317009091 15.175569541752337 195.01487978734076 11.090587519109247 72.446059139445424 24.432503968477249 433.54475984722376
leaf_count=6320 20869 57 3421 731 1619 307 161 36 43 103 125 104 116 72 60938 102 66 360 248 57 420 35 170 1413 71 1676 59 451 146 3539
internal_value=-0.000216254 -0.00109987 -0.00672139 -0.000515061 0.000454266 -0.00418299 -0.0204441 -0.000257999 -0.0358795 -0.000151334 -0.00680158 -0.0164295 -0.0127125 -0.0179597 0.000546347 -0.00455716 -0.0127107 0.000600146 -0.00252705 0.0252199 -0.00910039 -0.00300047 -0.0107049 -0.00109957 0.00649582 0.0048549 -0.0154093 -0.0171633 -0.00367614 -0.00673587
internal_weight=9246.22 6053.91 558.784 5495.13 4345.37 1149.76 77.9431 4005.39 54.0931 3996.95 379.507 164.948 147.218 122.812 3617.44 491.333 106.871 214.559 190.377 24.1817 140.124 1071.82 212.113 859.703 217.764 210.19 174.953 94.8857 641.939 457.977
internal_count=103835 82966 9843 73123 64772 8351 511 63153 350 63096 2122 934 830 714 60974 3523 642 1188 1028 160 780 7840 960 6880 1782 1747 790 576 5098 3685
cat_boundaries=0 1
cat_threshold=5
is_linear=0
shrinkage=0.05


Tree=161
num_leaves=31
num_cat=0
split_feature=0 2 9 13 10 11 9 11 17 11 3 11 1 0 2 3 3 1 30 26 9 10 19 14 19 30 10 14 12 7
split_gain=4.92888 6.18845 4.78306 4.57663 5.92285 4.2631 3.85359 7.69138 7.05512 6.00875 10.4357 9.50157 10.0575 7.96648 7.63396 6.46455 9.70891 6.16793 5.95533 5.72498 8.79776 5.49686 7.18397 8.13808 9.90476 8.55958 6.07404 12.6481 7.61003 7.54915
threshold=-1.0000000180025095e-35 -1.8333333134651182 -1.0000000180025095e-35 0.0050099999643862256 59.225000381469734 1.0000000180025095e-35 1.7083333134651186 6.7750000953674325 0.45000000298023229 4.0999999046325692 1.6166666746139529 4.3666667938232431 3.4166666269302373 2.8333333730697636 2.5833333730697636 4.2833335399627694 3.6833333969116215 73.833332061767592 1.0000000180025095e-35 1.8333333134651186 2.1000000238418584 34.45000076293946 10.500000000000002 0.28003999590873724 30.500000000000004 1.0000000180025095e-35 45.100000381469734 0.91605001688003551 2.589999914169312 0.58333334326744091
decision_type=2 2 2 10 2 2 2 2 2 2 2 2 2 2 2 2 2 2 2 8 2 2 2 10 2 2 2 10 2 2
left_child=1 -1 5 4 -3 -2 8 9 -4 10 14 -11 -13 15 -8 16 17 -14 -19 20 -12 22 -9 24 -24 -26 27 29 -29 -23
right_child=2 3 6 -5 -6 -7 7 21 -10 11 19 12 13 -15 -16 -17 -18 18 -20 -21 -22 26 23 -25 25 -27 -28 28 -30 -31
leaf_value=-0.015395711758218925 0.060785452648848118 -0.003535244216974303 0.00059447311500264661 0.04121640096296196 0.042480265948715602 0.0050501875868195637 -0.050054935762373076 -0.020874821207687199 0.040826890018571267 -0.057879072625940914 0.04025805548063608 0.040888851672006746 -0.01194572642435222 0.0017942764895573131 0.012578485620187216 0.0054351959332608188 -0.055483431202951732 -0.013959274780654266 -0.062400722433336379 -0.0075955579235282705 -0.012774533935503081 0.011103982615935881 0.017067354852590099 -0.01432908833504209 0.0084749452894584635 -0.046616206148761136 -0.00081371035043685124 -0.061362441019186503 -0.0025746833816807646 -0.025120375664879954
leaf_weight=14.573682964779435 6.0039340683724722 23.21780081349425 4742.2553291686345 18.757915716618299 10.006990224122999 8.0055579915642721 12.660031985491516 74.386833123862743 10.921722136437891 10.330552220344542 29.251838453114033 9.7331445738673192 157.4575786665082 91.415199108421803 7.9011733904480925 31.422438748180866 16.678404502570629 12.521302204579115 12.862120151519775 18.454131722450256 10.674003928899763 276.43548245728016 71.276291407644749 79.35871434956789 14.717975132167339 13.534193880856037 3434.2859059479088 10.318049654364588 11.801142133772371 15.171947389841078
leaf_count=103 68 143 73870 98 53 67 279 386 51 52 149 103 780 459 39 160 84 76 78 98 59 1365 381 416 78 72 24126 53 57 71
internal_value=-0.000158714 0.0133989 -0.000256903 0.0214716 0.0103242 0.0289362 -0.000301475 -0.00136374 0.000686918 -0.00778918 0.00464631 -0.010656 -0.00918704 -0.010699 -0.0259864 -0.0156443 -0.0189641 -0.0156329 -0.0385052 0.015435 0.02608 -0.000687094 -0.00781616 -0.00238597 0.00713684 -0.0179165 -0.000205343 0.0064543 -0.0299977 0.00921928
internal_weight=9256.39 66.5564 9189.83 51.9827 33.2248 14.0095 9175.83 4422.65 4753.18 421.362 78.9412 342.421 332.09 322.357 20.5612 230.942 199.519 182.841 25.3834 58.38 39.9258 4001.29 253.274 178.887 99.5285 28.2522 3748.01 313.727 22.1192 291.607
internal_count=103874 397 103477 294 196 135 103342 29421 73921 2416 624 1792 1740 1637 318 1178 1018 934 154 306 208 27005 1333 947 531 150 25672 1546 110 1436
is_linear=0
shrinkage=0.05


Tree=162
num_leaves=31
num_cat=0
split_feature=23 16 12 9 18 20 22 28 28 31 21 5 17 5 27 27 18 5 7 14 13 28 31 13 31 27 5 5 0 14
split_gain=5.3886 6.55586 5.05913 13.1975 8.07155 5.33823 9.01838 10.2652 8.97672 7.34756 6.65233 4.96309 4.78278 9.01289 6.82452 7.88427 4.84563 4.53157 4.37756 9.46815 6.6336 7.3269 10.936 7.43355 8.65961 6.03551 7.43802 6.73882 6.43257 5.19781
threshold=2.8999999761581425 0.55000001192092907 0.36333334445953375 0.77500000596046459 3.1270161867141728 1.5000000000000002 3.5833333730697636 1.1666666865348818 0.83333334326744091 7.3500001430511483 75.500000000000014 0.27031667530536657 1.0000000180025095e-35 0.35669998824596411 1.6333333253860476 1.2916666865348818 3.3380951881408696 1.2105666995048525 0.41666667163372045 0.42581000924110418 0.3822499960660935 0.58333334326744091 6.2500000000000009 0.52449998259544384 6.6499998569488534 1.4499999880790713 1.1479833126068117 0.74018332362174999 4.4166667461395273 0.26408000290393835
decision_type=10 2 2 2 2 2 10 10 10 2 2 10 2 8 10 10 2 8 2 8 8 8 2 8 2 10 10 10 2 10
left_child=18 2 4 -4 -2 9 8 17 -7 -5 -9 -3 -10 -14 15 16 -15 -8 -1 29 25 22 -22 24 -23 26 27 -21 -28 -20
right_child=1 11 3 5 -6 6 7 10 12 -11 -12 -13 13 14 -16 -17 -18 -19 19 20 21 23 -24 -25 -26 -27 28 -29 -30 -31
leaf_value=0.00032693858748754481 -0.025278646564297291 0.039188196834964079 0.030253925335833695 -0.0053397468725098936 0.10101254418366284 0.0037572373328149038 -0.051139169411009225 -0.014215299669930754 -0.012698736648373916 0.032824120103753331 0.030108284776429746 -0.0061039259104676037 -0.091247877832822039 -0.020852480312551176 -0.071038522036645763 0.010658510643536533 -0.074898850961941141 -0.0072372688682421282 -0.017175661715065786 -0.015091596054581588 -0.081210181006509355 -0.0011078818001166127 -0.0012535836918572303 0.0012508704283313841 -0.070485186260628163 0.02569937016549094 -0.05648821431401168 0.045562436891136648 0.0037918173967688715 -0.058281706832808838
leaf_weight=8647.1793147736462 51.438234487897716 13.475014345720412 23.885796775110066 94.644926303997636 1.2970790397375811 19.824915193021297 10.330244299024345 12.606766924262045 17.708595134317875 14.550790466368197 25.768963173031807 10.974652804434298 8.0731977447867376 10.284631274640565 9.0113782398402673 11.610087331384419 6.9496172405779353 13.637768141925333 23.527993466705084 8.3316458724439162 8.2021105363965052 9.5480066165328044 8.9353089705109578 93.679746743291616 8.5037497468292695 32.724622499197721 9.073257692158224 10.168090291321276 8.6399650499224645 11.424698509275911
leaf_count=98022 2060 117 171 579 13 141 62 60 111 74 198 82 57 57 63 88 63 94 150 46 55 70 62 681 64 227 65 71 73 63
internal_value=-9.70393e-05 -0.00612821 -0.00797038 -0.0052849 -0.0221724 -0.00861379 -0.0148743 -0.000486496 -0.0256216 -0.00025425 0.0155476 0.0188581 -0.0347739 -0.0432854 -0.0330568 -0.0211907 -0.0426464 -0.026159 0.000144802 -0.00662171 -0.00238266 -0.00907962 -0.0395215 -0.00441044 -0.0337899 0.0101364 -0.00392748 0.0182459 -0.0270855 -0.0306117
internal_weight=9236.01 356.073 331.623 278.888 52.7353 255.002 145.806 62.3437 83.4624 109.196 38.3757 24.4497 63.6375 45.9289 37.8557 28.8443 17.2342 23.968 8879.94 232.759 197.807 128.869 17.1374 111.732 18.0518 68.9376 36.213 18.4997 17.7132 34.9527
internal_count=103739 4090 3891 1818 2073 1647 994 414 580 653 258 199 439 328 271 208 120 156 99649 1627 1414 932 117 815 134 482 255 117 138 213
is_linear=0
shrinkage=0.05


Tree=163
num_leaves=31
num_cat=0
split_feature=22 19 24 29 14 9 11 29 14 28 13 31 17 21 23 29 21 26 19 30 14 14 11 10 21 31 31 14 31 1
split_gain=4.35974 4.35316 5.31384 4.3768 3.83959 4.11475 8.83685 12.696 6.68082 7.62499 8.82436 7.26413 6.42951 11.2478 7.90461 8.30757 10.5469 8.23675 7.74696 7.32828 12.2654 7.20089 7.01958 6.82205 6.62714 6.52082 7.10946 6.33413 8.28815 6.32289
threshold=4.8333332538604745 1.5000000000000002 4.8333332538604745 2.8999999761581425 2.3930000066757207 0.77500000596046459 3.1000000238418584 0.90000000596046459 0.17447999864816668 1.4166666865348818 0.062021998688578613 8.6500000953674334 1.0000000180025095e-35 1.5000000000000002 1.8999999761581423 2.3666666746139531 3.5000000000000004 1.8333333134651186 14.500000000000002 1.0000000180025095e-35 0.67416000366210949 0.46990999579429632 1.8999999761581423 30.10000038146973 26.500000000000004 6.6499998569488534 4.9500000476837167 0.32660000026226049 5.4500000476837167 30.166666984558109
decision_type=10 2 8 8 10 2 2 10 8 10 10 2 2 2 10 10 2 10 2 2 10 10 2 2 2 2 2 10 2 2
left_child=1 3 4 -1 5 8 7 -7 -3 -10 11 29 14 -14 15 16 17 27 -16 21 22 -18 -21 -15 -17 26 -25 28 -9 -11
right_child=-2 2 -4 -5 -6 6 -8 12 9 10 -12 -13 13 23 18 24 19 -19 -20 20 -22 -23 -24 25 -26 -27 -28 -29 -30 -31
leaf_value=0.010021467515038122 -0.03367581765016496 -0.0023793916355572958 0.048501354152209915 -0.0081379124028181579 0.019833878350797852 0.0079001676047517674 -0.00040398271468207442 -0.027217979344581728 0.0064922737939982619 4.9099537550751015e-05 0.020662723693795772 0.062127960245762053 -0.031659296295892134 0.025471172877870915 -0.0074463952923501846 -0.013157463675294795 -0.023705632596778214 -0.036417261256919263 -0.05656777782272087 0.0024058016504435956 -0.068219962951371768 0.0092039442905004955 -0.035820685909645898 0.021724110578404052 0.032758258899500563 0.023388392740234125 -0.02137164881815028 0.047177542557366794 0.037732545646653182 -0.012233521758445602
leaf_weight=187.01920833485201 9.6399805342080054 728.38539531780407 5.5962037825956932 40.338317143730819 23.76750186085701 105.74968232167885 6238.7506968975067 11.430185296107089 874.11430986458436 466.12085830164142 45.170868113636971 4.3508157832548013 26.370824305340648 29.033800072968006 12.675319788511841 14.980767115484925 46.784705612808466 9.0487581682391447 21.885357922874391 18.961652904748917 19.63808462023735 25.78185186907649 32.754789389669895 12.345462232828138 16.529636926949024 17.470809169113636 42.566167071461678 11.551715817302464 8.6126989983022195 135.16158778965473
leaf_count=2584 132 33147 47 449 206 663 38901 187 14731 9237 291 38 223 145 142 130 258 114 170 102 98 136 175 57 76 85 199 100 71 677
internal_value=-6.83757e-05 -3.32867e-05 -0.000205791 0.00679959 -0.000236077 -0.000289219 -0.000908982 -0.0074161 0.0015599 0.00344152 -0.000656043 -0.00224609 -0.0116962 -0.00256879 -0.0163498 -0.0127986 -0.0168496 0.00564233 -0.0385522 -0.0232013 -0.0345793 -0.0120133 -0.0218051 0.00499549 0.0109289 -0.00321764 -0.0116827 0.0176883 0.000692141 -0.0027119
internal_weight=9242.59 9232.95 9005.59 227.358 8999.99 8976.23 6722.92 484.172 2253.3 1524.92 650.804 605.633 378.423 127.787 250.636 216.075 184.564 40.6434 34.5607 143.921 71.3545 72.5666 51.7164 101.416 31.5104 72.3824 54.9116 31.5946 20.0429 601.282
internal_count=103571 103439 100406 3033 100359 100153 42032 3131 58121 24974 10243 9952 2468 709 1759 1447 1241 472 312 769 375 394 277 486 206 341 256 358 258 9914
is_linear=0
shrinkage=0.05


Tree=164
num_leaves=31
num_cat=0
split_feature=4 6 2 27 13 4 29 21 29 11 12 21 2 19 30 12 19 27 2 3 12 10 3 22 22 10 5 22 29 5
split_gain=4.79316 4.31241 3.71495 5.1207 5.74875 5.87535 5.52652 7.38709 6.04959 5.0605 4.93046 4.73274 4.54518 6.31631 6.27419 4.92505 3.64474 4.76009 6.30926 6.57331 4.7332 5.45493 4.42361 3.94488 6.14824 4.17651 3.78726 6.86518 4.93351 3.75273
threshold=1.2549999952316286 1.1666666865348818 -0.41666667163372034 2.4500000476837163 0.027975000441074375 0.043143333867192275 1.5500000119209292 1.0000000180025095e-35 2.1000000238418584 -0.90000000596046437 2.5708333253860478 16.500000000000004 -1.0000000180025095e-35 29.500000000000004 1.0000000180025095e-35 0.71000000834465038 1.5000000000000002 2.4500000476837163 10.833333492279055 2.6833333969116215 12.444999694824221 87.099998474121108 2.4833333492279057 0.58333334326744091 0.83333334326744091 52.899999618530281 0.073433332145214095 1.1666666865348818 0.77500000596046459 1.0534666180610659
decision_type=10 2 2 8 10 10 10 2 10 2 2 2 2 2 2 2 2 8 2 2 2 2 2 8 10 2 8 10 8 10
left_child=1 2 3 4 6 -6 7 -1 -8 -4 11 -7 13 14 15 -11 17 23 22 -20 -18 -22 26 -14 -25 29 27 -19 -28 -26
right_child=-2 -3 9 -5 5 10 8 -9 -10 12 -12 -13 16 -15 -16 -17 20 18 19 -21 21 -23 -24 24 25 -27 28 -29 -30 -31
leaf_value=-0.030098013706364543 -0.050179998346519317 0.026901527164544772 0.036727520074018381 -0.041935337712039257 0.03893769067604963 0.044754653279161664 -0.05315185039808891 0.013720032151677681 -0.0056972502972402568 0.058078290255971311 -0.025937166038008087 -0.0046436088406539506 -0.0019894565029064943 0.059178742787785579 -0.015801650910615122 0.0060999051921906151 8.4967504685510303e-05 -0.017483752996342146 -0.067135045635312959 -0.0023165290059122242 -0.066883194014296793 0.00055658711006763653 0.039388624886968981 0.076916829945817361 0.0071053287735917212 0.022740686776832851 0.030155250540361875 0.11213844944742878 -0.028419285046111738 -0.047031607648562575
leaf_weight=15.511861721286548 4.715797245502471 15.143320493400095 9.5317513206973654 10.417538557201622 11.688222017139195 7.5206916313618448 15.083763320464643 25.316735521890223 12.106204289477317 7.6542761567980078 13.303358592092989 13.647732585668562 47.415972878225148 7.2478639436885706 15.4679878950119 11.263328313827513 8832.2571039405884 2.3769997069612208 7.5397505536675444 8.1276795938611013 5.6826177611947042 6.3479829467833042 7.3197110369801512 3.8753354023210695 62.260305440053344 57.952091448009014 4.740734723396602 1.7912614014931021 14.872192741837351 3.3746077902615061
leaf_count=137 43 129 93 63 71 60 121 141 80 78 74 66 519 48 126 66 99230 63 62 75 41 81 43 97 1324 491 60 65 188 16
internal_value=0.000215608 0.000241281 0.000197596 -0.00837765 -0.00531588 0.00830312 -0.0145583 -0.0029276 -0.0320229 0.000314787 -0.00208403 0.0129065 0.000276678 0.0167594 0.00781818 0.0271309 0.000200985 0.00653382 -0.00763518 -0.0335096 4.22777e-05 -0.0312984 0.00539935 0.0103231 0.0149033 0.0129588 -0.00506235 0.0382199 -0.014261 0.00432189
internal_weight=9261.55 9256.84 9241.7 124.596 114.179 46.16 68.0186 40.8286 27.19 9117.1 34.4718 21.1684 9107.57 41.6335 34.3856 18.9176 9065.93 221.647 46.7683 15.6674 8844.29 12.0306 31.1009 174.878 127.462 123.587 23.7812 4.16826 19.6129 65.6349
internal_count=103751 103708 103579 813 750 271 479 278 201 102766 200 126 102673 318 270 144 102355 3003 556 137 99352 122 419 2447 1928 1831 376 128 248 1340
is_linear=0
shrinkage=0.05


Tree=165
num_leaves=31
num_cat=0
split_feature=13 2 8 27 20 30 7 22 29 11 20 1 13 5 22 22 31 12 19 5 21 30 11 22 19 1 31 26 27 22
split_gain=3.88086 6.50965 6.31087 5.89012 4.97592 6.15233 4.60039 6.83497 4.3285 3.9411 3.41734 4.24217 3.965 3.90956 6.11697 4.82731 3.13215 6.66265 5.66659 7.27403 10.38 7.63445 9.9651 6.1903 5.46335 5.80362 6.54427 14.4564 9.19586 9.16801
threshold=0.68403300642967235 19.833333015441898 0.41666667163372045 1.3666666746139529 13.500000000000002 1.0000000180025095e-35 1.0000000180025095e-35 2.4166666269302373 1.6333333253860476 25.10000038146973 -1.4999999999999998 53.833333969116218 0.019979000091552738 2.5249999761581425 0.58333334326744091 1.5833333134651186 4.2500000000000009 4.9900000095367441 12.500000000000002 0.093699999153614058 7.5000000000000009 1.0000000180025095e-35 4.4500000476837167 1.0000000180025095e-35 15.500000000000002 1.0000000180025095e-35 3.9500000476837163 1.1666666865348818 1.3666666746139529 1.8333333134651186
decision_type=10 2 2 10 2 2 2 8 10 2 2 2 10 10 10 10 2 2 2 10 2 2 2 10 2 2 2 10 10 8
left_child=4 3 6 -2 10 8 -3 -8 -6 -7 11 -1 -13 16 -15 -16 17 18 19 -12 -21 -22 -23 -20 25 26 27 -25 -29 -30
right_child=1 2 -4 -5 5 9 7 -9 -10 -11 13 12 -14 14 15 -17 -18 -19 23 20 21 22 -24 24 -26 -27 -28 28 29 -31
leaf_value=-0.049070524674306885 0.0026512258757483424 0.015538232187799339 0.039427113544129228 -0.053286793180579141 -0.01325591807647624 0.047386684278777624 -0.067154828069173486 0.0082944558162963873 0.02964433012968818 0.00066304738713863576 -0.019120921435489574 0.014936735435243452 -0.029494254311037821 -0.026220262660108185 0.040281798393792152 -0.00042869368011862929 0.00035122785410889474 -0.056758901347432535 0.025967821466338428 -0.032802396499259603 0.033540797889282034 -0.048052353531762709 0.019567094371420603 -0.051499466596912971 -0.0029732727167133171 0.0029651524022587601 0.021567909448430955 0.32297682958552276 0.18316168597470553 -0.0518370803880207
leaf_weight=7.6617583557963398 7.034445688128474 8.3857778608799034 8.0086955875158292 14.217062968760727 19.171850695274774 16.870333635248247 6.5641195401549313 5.5309185869991788 8.4806342860683781 6.1615409422665826 101.1130811390467 10.978137128055097 9.2538069337606412 6.999760288745164 20.001350104808811 11.450276501476763 8354.9219753782963 5.729305073618888 21.640806003240868 15.65561682730913 24.530639465898275 8.8809586018323916 14.09729380533099 1.1338642681948869 490.16841017792467 38.219920111820102 12.864500705385579 0.6647379053756598 1.2771154688671227 0.61484561674296867
leaf_count=55 60 74 81 104 152 149 65 54 71 72 5895 60 53 59 170 94 84136 34 338 125 144 44 85 101 10137 257 1031 41 102 51
internal_value=0.0001008 -0.0138278 0.00179447 -0.0347708 0.000176037 0.0157993 -0.0129212 -0.0326528 -9.90059e-05 0.0348871 8.95695e-05 -0.0173847 -0.00538537 0.000142956 0.0160526 0.0254607 7.56685e-05 -0.00304991 -0.00262888 -0.0108052 0.00250659 0.014142 -0.00656742 -0.00025822 -0.00129971 0.0136766 0.0384057 0.0970986 0.163 0.106792
internal_weight=9258.28 49.741 28.4895 21.2515 9208.54 50.6844 20.4808 12.095 27.6525 23.0319 9157.86 27.8937 20.2319 9129.96 38.4514 31.4516 9091.51 736.591 730.862 164.278 63.1645 47.5089 22.9783 566.584 544.943 54.775 16.5551 3.69056 2.5567 1.89196
internal_count=103894 438 274 164 103456 444 193 119 223 221 103012 168 113 102844 323 264 102521 18385 18351 6293 398 273 129 12058 11720 1583 1326 295 194 153
is_linear=0
shrinkage=0.05


Tree=166
num_leaves=31
num_cat=1
split_feature=14 10 32 31 12 11 12 10 31 5 12 26 11 12 9 31 3 20 31 12 24 20 13 14 18 21 24 12 11 12
split_gain=3.62271 6.25669 11.1505 12.3503 10.0098 12.4517 8.09636 7.58088 12.6175 9.19966 7.98406 7.46225 12.0305 8.60128 7.52362 6.91216 14.0585 10.1776 8.84616 12.6245 10.668 8.76562 6.75692 9.2429 7.80617 9.67307 10.6788 11.2229 10.5993 9.1626
threshold=1.0371100306510928 13.449999809265138 0 7.5499999523162851 0.71000000834465038 6.9000000953674325 0.5900000035762788 43.100000381469734 4.2500000000000009 1.0334333181381228 1.5900000333786013 0.83333334326744091 13.09999990463257 0.96333330869674694 1.5500000119209292 4.8500001430511483 1.0166666507720949 1.0000000180025095e-35 4.3500001430511483 3.8224999904632573 3.1666666269302373 5.5000000000000009 0.13804499804973605 1.922666668891907 3.6324561834335332 59.500000000000007 1.1666666865348818 5.3224999904632577 12.366666316986086 4.7099997997283944
decision_type=8 2 9 2 2 2 2 2 2 8 2 8 2 2 2 2 2 2 2 2 10 2 8 10 2 2 10 2 2 2
left_child=-1 2 6 -4 5 -3 -2 8 -6 -9 11 12 -11 14 -13 16 17 -12 20 -20 21 -18 23 -17 25 26 -24 29 -27 -28
right_child=1 4 3 -5 7 -7 -8 9 -10 10 15 13 -14 -15 -16 22 18 -19 19 -21 -22 -23 24 -25 -26 28 27 -29 -30 -31
leaf_value=-0.0011064105059204578 -0.024397945410001148 -0.010702609147467805 0.0072592362720444066 0.070711395510965711 -0.018160037838506959 0.033638241045406116 0.010554918032664165 0.0090723659560576261 0.0069445209730804747 -0.027988674665257784 0.011698186469699551 0.046822295587123725 0.030703722181717776 -0.0072726756703019729 -0.0058428242259883825 0.010461379698661757 -0.012701270183594376 0.069474638499695193 0.0015101632053091084 0.017138222168986927 0.032408204514193892 0.016185685713574718 0.013832825325955084 -0.024806572835464114 0.0025290048598871923 -0.0026541043173211386 -0.0038691556022272333 -0.035220965569516129 -0.013686839061423074 0.034785263490037931
leaf_weight=3991.640618049074 51.216479810653254 298.17930818162858 542.0693383559119 7.7787717916071406 53.632371906191111 16.720737248659134 24.489892442710698 252.57969790324569 749.42680342681706 74.529520533978939 17.878657609224323 14.750852555036547 9.8894626945257169 203.97184669598937 12.551944900304077 180.70822447910905 197.82993473112583 13.287007208913563 597.84784692525864 164.85816091857851 16.808520704507828 30.281248398125172 124.67481648921967 20.706196639686823 481.6314826849848 470.9743850491941 163.75628334283829 26.279446229338646 404.80668156594038 16.914121754467487
leaf_count=54682 2519 1900 16768 63 313 97 215 1576 3965 380 89 75 86 1152 74 1290 1191 65 4398 1342 98 233 537 158 3936 2657 725 113 3098 72
internal_value=2.84847e-05 0.000892837 0.0055854 0.0080112 0.000256835 -0.00834817 -0.0115638 0.000886917 0.00526791 -0.000118996 -0.000834434 -0.00838924 -0.021113 -0.00374486 0.0226105 -2.02288e-05 0.00325633 0.0363303 0.00223336 0.00488815 -0.00603396 -0.00886659 -0.00182068 0.0068357 -0.00285293 -0.00499978 0.00227299 -0.00469111 -0.00775369 -0.000250381
internal_weight=9232.67 5241.03 625.554 549.848 4615.48 314.9 75.7064 4300.58 803.059 3497.52 3244.94 315.694 84.419 231.275 27.3028 2929.24 1038.79 31.1657 1007.63 762.706 244.92 228.111 1890.45 201.414 1689.04 1207.41 331.625 206.95 875.781 180.67
internal_count=103867 49185 19565 16831 29620 1997 2734 27623 4278 23345 21769 1767 466 1301 149 20002 7416 154 7262 5740 1522 1424 12586 1448 11138 7202 1447 910 5755 797
cat_boundaries=0 1
cat_threshold=4
is_linear=0
shrinkage=0.05


Tree=167
num_leaves=31
num_cat=1
split_feature=0 12 27 30 20 19 24 28 21 27 4 4 21 19 32 5 5 13 19 24 30 19 27 27 19 30 23 27 5 14
split_gain=4.62844 5.38939 7.59649 7.43604 4.98064 4.85697 4.41278 4.40307 6.60935 4.20592 3.683 8.79824 3.43457 3.41125 3.32906 5.77681 6.77877 5.81072 4.35172 4.88525 4.51125 4.1375 6.93508 3.75255 5.33846 3.72863 3.48018 6.2708 3.41648 4.14205
threshold=-1.0000000180025095e-35 1.0099999904632571 0.90000000596046459 1.0000000180025095e-35 -1.0000000180025095e-35 5.5000000000000009 1.8333333134651186 0.83333334326744091 45.500000000000007 1.5500000119209292 0.99166667461395275 0.89064833521842968 87.500000000000014 15.500000000000002 0 0.19389999657869342 1.0000000180025095e-35 0.0025090000126510863 36.500000000000007 2.4166666269302373 1.0000000180025095e-35 25.500000000000004 2.1000000238418584 1.4499999880790713 13.500000000000002 1.0000000180025095e-35 3.1000000238418584 1.5500000119209292 0.26391665637493139 0.81804001331329357
decision_type=2 2 10 2 2 2 10 10 2 10 10 10 2 2 9 8 8 10 2 10 2 2 10 8 2 2 8 10 8 10
left_child=1 3 -3 -1 5 -2 -4 -7 -9 -10 11 14 -12 -8 15 16 18 28 19 26 -20 22 23 24 -21 -23 -6 -28 -17 -30
right_child=4 2 6 -5 10 7 13 8 9 -11 12 -13 -14 -15 -16 17 -18 -19 20 21 -22 25 -24 -25 -26 -27 27 -29 29 -31
leaf_value=0.02185421134922063 -0.04765871846310045 0.06198513283539514 0.037139907957436623 -0.031093120438854888 0.0034203477890563105 0.015032053550605965 -0.023094986762744713 0.020070846615648084 -0.043413165479098209 -0.0065079156023917888 -0.0060872539396836381 -0.045899538868703377 0.044815911473299247 0.018157385367167819 -0.00030843591073396385 -0.038183352980802297 0.069748422274286029 0.032174011794908058 0.14312236217351501 0.026014997870814412 0.014195907811163248 -0.053347906757702526 0.15353558028025477 -0.006814941613172267 0.13514881421004826 0.05309362346180499 -0.018778616735345168 0.19316601163209812 0.0042630105971219077 -0.0080008588831834131
leaf_weight=13.228885440155864 9.2019375413656217 10.059709951281546 11.223211601376535 13.296185993589461 72.367431238060817 14.697755280882118 9.8065524548292178 9.3468659557402116 18.232487760484222 13.389668472111223 5.3462657704949352 10.494018662720917 8.7165221720933914 10.248618692159651 8649.3525003944524 5.8064659126102915 5.3596247732639304 14.497086357325314 1.2662025121971956 3.2630672063678476 1.4618460282217711 1.98423265852034 1.5066475169733156 3.070406496990473 1.7066391841508446 1.4055503727868199 0.72628321032971033 0.67181448824703693 225.09308090456761 99.188115011900663
leaf_count=99 54 49 59 94 4436 81 54 55 93 70 33 85 105 55 91439 40 39 214 56 121 59 95 87 114 70 85 74 49 4683 1161
internal_value=-0.00010627 0.0129035 0.0241905 -0.00468662 -0.000202464 -0.0140081 0.012035 -0.00844547 -0.0168681 -0.0277865 -0.000104196 -0.000143711 0.025464 -0.00201415 -9.08805e-05 0.00410541 0.0151299 0.00119188 0.0118566 0.00990016 0.0740361 0.0382412 0.0550908 0.0366431 0.0634925 -0.00921265 0.00492988 0.0830651 -0.000168823 0.000511852
internal_weight=9246.02 67.8632 41.3381 26.5251 9178.15 64.8687 31.2784 55.6668 40.969 31.6222 9113.28 9099.22 14.0628 20.0552 9088.73 439.374 94.7897 344.585 89.4301 86.7021 2.72805 12.9365 9.54676 8.04011 4.96971 3.38978 73.7655 1.3981 330.088 324.281
internal_count=103808 410 217 193 103398 353 168 299 218 163 103045 102907 138 109 102822 11383 5285 6098 5246 5131 115 572 392 305 191 180 4559 123 5884 5844
cat_boundaries=0 1
cat_threshold=8
is_linear=0
shrinkage=0.05


Tree=168
num_leaves=31
num_cat=0
split_feature=24 2 31 5 23 31 18 28 25 23 3 5 31 9 25 9 3 8 0 25 5 17 18 11 25 4 16 17 11 2
split_gain=5.48325 6.28501 13.9681 10.7432 9.11006 8.81508 11.5196 8.52174 8.06999 7.01886 8.56515 6.91856 9.35532 9.36263 8.2418 7.77931 7.66856 6.95671 6.90323 7.44895 8.37444 7.69756 9.01127 8.94272 6.92346 6.90099 6.89158 6.67899 7.61555 9.99154
threshold=1.1666666865348818 14.833333492279055 4.7500000000000009 1.6716666221618655 2.2916666269302373 4.7500000000000009 2.8834841251373295 3.1666666269302373 0.55000001192092907 2.1000000238418584 4.241666555404664 0.30020000040531164 6.9500000476837167 2.8999999761581425 1.1000000238418581 4.5499999523162851 8.616666793823244 0.58333334326744091 6.8333332538604745 1.1000000238418581 1.3067499995231631 0.29166667163372045 3.013513565063477 18.550000190734867 0.77500000596046459 0.0025466666556894784 0.22500000149011615 1.0000000180025095e-35 10.900000095367433 12.833333492279055
decision_type=8 2 2 10 10 2 2 8 10 10 2 8 2 2 10 2 2 2 2 10 10 2 2 2 10 10 2 2 2 2
left_child=1 5 9 4 7 6 8 11 -1 10 18 12 13 -4 -13 -16 17 -17 19 21 -21 -3 23 25 -25 -23 -10 -8 -29 -30
right_child=-2 2 3 -5 -6 -7 27 -9 26 -11 -12 14 -14 -15 15 16 -18 -19 -20 20 -22 22 -24 24 -26 -27 -28 28 29 -31
leaf_value=-0.020008921258283435 0.0010594758595404942 0.040744878744469061 -0.068505922257812532 -0.053159284807417433 0.0093608158852039724 -0.00064937555485720141 -0.07410655298887045 0.036042040415902886 -0.0034214501235079204 0.033082917288594492 0.029228954092830162 -0.0076470178561259764 -0.08270420156147279 -0.0011499841888026174 0.016402330711126439 -0.007013590340030052 0.016782050065856296 -0.068064921062723965 -0.049731409678630649 0.00030525573772961621 -0.050202409529202754 -0.011989181379562208 0.029158507293954611 -0.0058638478954395248 -0.078945107120007713 0.037568560997739739 -0.049455311127692941 0.016832950487366299 -0.07148876502676714 0.0022075097638185066
leaf_weight=86.82527263474185 5677.0809248483274 21.784544497728348 6.4894751310348537 9.9293523542582971 165.66058531589806 1822.4842555521755 8.2336587309837324 12.785575442016123 752.36503976874519 35.639426819980145 41.487382540479302 318.34590828791261 6.0733992308378211 25.169086277484894 80.452184624969959 11.015104357153177 13.10703334957361 8.0953530967235565 5.8203267361968747 51.835090398788452 9.7507505603134614 17.845391210168604 27.18251259252429 6.4959495030343515 6.4672857224941254 11.585100483149288 8.2190720178186876 8.4135929532349127 10.893568255007269 7.959740597754716
leaf_count=2443 62560 174 37 105 1277 15152 146 109 15999 295 377 2544 40 226 617 94 116 75 66 420 88 130 327 57 64 83 44 48 73 63
internal_value=9.1614e-05 -0.00143535 0.00220173 -0.00154492 -0.000753046 -0.0026359 -0.00673645 -0.00423249 -0.00556748 0.0126387 0.00900022 -0.00533102 -0.0258616 -0.0149568 -0.00353374 0.00808826 -0.0126733 -0.0328755 0.00371426 0.00574811 -0.00769151 0.0148077 0.00668667 -0.00772208 -0.0423237 0.00751887 -0.0039189 -0.03464 -0.0227225 -0.0403747
internal_weight=9275.49 3598.41 893.017 657.123 647.194 2705.39 882.91 481.533 847.409 235.894 200.254 468.748 37.732 31.6586 431.016 112.67 32.2175 19.1105 158.767 152.947 61.5858 91.3608 69.5762 42.3937 12.9632 29.4305 760.584 35.5006 27.2669 18.8533
internal_count=103849 41289 7321 5240 5135 33968 18816 3858 18486 2081 1786 3749 303 263 3446 902 285 169 1409 1343 508 835 661 334 121 213 16043 330 184 136
is_linear=0
shrinkage=0.05


Tree=169
num_leaves=31
num_cat=1
split_feature=32 14 5 19 11 30 2 29 25 21 23 22 9 18 11 29 9 22 19 0 9 26 22 22 28 28 19 28 22 19
split_gain=4.05703 7.55846 4.77268 4.99849 4.72995 8.3658 7.80365 5.88835 5.97382 8.89849 5.93928 9.07789 4.4359 4.09293 6.85536 6.13293 7.73667 8.94217 3.91179 10.8145 6.12775 3.78895 6.04387 7.4464 10.1908 5.44002 8.83823 5.39099 4.75299 6.31165
threshold=0 0.18012000620365146 1.0000000180025095e-35 36.500000000000007 7.7750000953674325 1.0000000180025095e-35 12.166666507720949 2.7083333730697636 0.90000000596046459 65.500000000000014 2.3666666746139531 2.4166666269302373 1.1000000238418581 1.1270161271095278 11.09999990463257 1.8999999761581423 3.6333333253860478 1.4166666865348818 20.500000000000004 0.83333334326744091 0.90000000596046459 1.1666666865348818 3.4166666269302373 1.1666666865348818 2.5833333730697636 1.4166666865348818 29.500000000000004 0.83333334326744091 2.4166666269302373 25.500000000000004
decision_type=9 8 8 2 2 2 2 10 10 2 10 8 2 2 2 10 2 8 2 2 2 10 8 10 8 10 2 10 8 2
left_child=1 2 3 21 6 12 7 8 9 -3 18 -12 -6 -7 -15 -16 17 -17 19 -10 -20 -1 23 24 25 26 27 -23 -25 -30
right_child=-2 4 -4 -5 5 13 -8 -9 10 -11 11 -13 -14 14 15 16 -18 -19 20 -21 -22 22 -24 28 -26 -27 -28 -29 29 -31
leaf_value=-0.00081871053040770067 5.4177574401005309e-05 -0.015867213567203969 0.05778912660178015 0.09140243518031127 -0.050784489830140944 -0.0086186595278094965 -0.10159136654460021 0.044240908963290901 -0.02667409930523347 -0.10265658311929998 0.11009454145438569 0.00034440018516224049 -0.0011610199809370756 0.048986503974654858 0.021252224356978433 -0.084117607054312912 0.031464646531042695 0.010080243388083492 0.017291462878029146 0.021666738917863148 -0.022846288667286899 -0.0033338977876594365 0.16053816553513331 -0.006306802348532474 0.18766177341234558 -0.00069611398147083109 0.17925316444459183 0.074111882112980726 0.084597654768791872 -0.052158323180780522
leaf_weight=30.929199565434828 8808.6763862249209 17.790796304820109 7.0245830807834855 2.0734123485162845 4.7099904567003241 14.131423264741896 2.0711490437388411 6.0955582400783888 41.936870418023318 3.5412880033254615 2.9305501449853155 5.2767215319909164 102.71057131141424 16.970246259123087 59.236828625202179 5.4029243178665647 5.9989100918173781 4.7207365483045587 33.972622341942042 15.977492608129976 13.205136176198719 4.045905179344123 0.77167103788815339 22.861477393191311 1.1585705722682167 6.7019280446693292 1.2957056476734568 5.0539661911316216 3.3413977518212041 1.1287031238898633
leaf_count=1856 92396 852 50 103 34 97 12 128 1289 15 54 108 1282 129 867 70 109 63 913 109 101 228 73 1631 58 375 91 319 265 86
internal_value=0.000291895 0.00490604 0.0182867 0.0147902 0.00180285 0.00650757 -0.00524383 -0.00382584 -0.0060021 -0.0302749 -0.001432 0.0395326 -0.00333682 0.0164407 0.0202761 0.0138108 -0.0135302 -0.0401925 -0.00463118 -0.0133378 0.00605684 0.0127349 0.0217774 0.0194286 0.0441543 0.0344298 0.0570752 0.0396786 0.00291313 0.0500667
internal_weight=9251.74 443.066 86.3865 79.3619 356.68 213.882 142.798 140.727 134.631 21.3321 113.299 8.20727 107.421 106.461 92.3296 75.3594 16.1226 10.1237 105.092 57.9144 47.1778 77.2885 46.3593 45.5877 18.2561 17.0975 10.3956 9.09987 27.3316 4.4701
internal_count=103763 11367 5135 5085 6232 2651 3581 3569 3441 867 2574 162 1316 1335 1238 1109 242 133 2412 1398 1014 4982 3126 3053 1071 1013 638 547 1982 351
cat_boundaries=0 1
cat_threshold=8
is_linear=0
shrinkage=0.05


Tree=170
num_leaves=31
num_cat=0
split_feature=9 11 28 12 19 3 14 10 18 19 3 3 13 12 9 19 14 22 19 27 25 23 29 3 13 18 18 23 3 18
split_gain=4.1614 6.37621 9.91467 8.60579 8.39577 7.76105 9.72126 7.29534 6.96176 6.70596 7.93452 9.40589 6.62421 9.10871 7.47729 7.54472 7.19469 7.19446 6.75092 6.56737 6.57898 9.91375 8.68248 9.18772 9.27449 9.81847 9.77551 8.29784 10.517 8.76069
threshold=1.7083333134651186 8.5500001907348651 1.1666666865348818 3.1900000572204594 5.5000000000000009 1.7416666746139529 0.39225000143051153 72.90000152587892 3.0548048019409184 10.500000000000002 1.5833333730697634 2.6416667699813847 0.031898001208901412 2.5099999904632573 0.45000000298023229 13.500000000000002 1.5660799741744997 1.1666666865348818 28.500000000000004 4.0999999046325692 1.4499999880790713 2.5499999523162846 0.63333335518836986 0.64166665077209484 0.0020100000547245149 2.086335420608521 2.376689195632935 1.5500000119209292 0.91666665673255932 0.6348484754562379
decision_type=2 2 8 2 2 2 10 2 2 2 2 2 10 2 2 2 10 10 2 10 8 10 8 2 8 2 2 10 2 2
left_child=1 5 4 -4 -3 6 7 19 -7 10 -6 -12 16 14 15 -14 -8 -17 -16 20 -1 22 27 24 25 -24 -27 28 29 -22
right_child=-2 2 3 -5 9 8 12 -9 -10 -11 11 -13 13 -15 18 17 -18 -19 -20 -21 21 -23 23 -25 -26 26 -28 -29 -30 -31
leaf_value=-0.0016531904649513124 -0.0010069533617386194 0.021790263697720882 0.015948266704185147 -0.0027613991981842913 0.010638175708268567 0.003298942712148218 -0.00039462079122644898 -0.049433495625128485 0.021767929972604412 -0.0021632981020853876 -0.077883595518568466 -0.011471365479184672 -0.032789627560451277 0.020245314999098599 -0.012214724110631126 -0.0084072970383063193 -0.037480241818610059 0.048967445299730308 -0.031416786532618111 0.056569841762397689 0.017142794572977387 -0.01960006311015761 -0.0028602064554847685 -0.0045220390519631901 0.010731423629479948 0.10040541999570218 0.0087429945265663327 0.036995551416041321 0.038655914023184156 -0.013317159873650973
leaf_weight=1389.5694289739477 4427.697158515919 30.394651390612125 257.30820618197322 80.748586419969797 9.2872223779559153 969.87774185463786 366.82687522936612 7.2460505887866011 53.85715414956212 143.84549356624484 10.680891290307047 10.644897177815436 7.8538991995155838 20.716360609978437 181.20866837352514 9.6123108379542845 13.561479203402994 12.66002278588712 61.242454506456852 5.2692270993720731 46.256407585460693 45.132531866780482 282.45673879911192 312.45738908462226 402.46134240552783 4.595558940432964 7.9241424109786749 34.427557265036739 24.012873463332653 48.207370934076607
leaf_count=33959 29415 205 1502 514 47 4917 2291 40 272 800 62 69 59 115 1034 59 75 78 338 106 1737 1387 13860 1803 7747 59 94 727 128 390
internal_value=0.00010135 0.00111308 0.00621943 0.0114793 -0.00246055 0.000469473 -0.000715567 0.000666585 0.00427057 -0.0066856 -0.0279351 -0.0447335 -0.00607037 -0.0117168 -0.014146 0.00934697 -0.00171679 0.0242056 -0.0170651 0.000806062 0.000692941 0.00339186 0.00428426 0.0026031 0.00579521 -0.000939685 0.0423892 0.015388 0.00910912 0.00159827
internal_weight=9278.04 4850.34 542.91 338.057 204.853 4307.43 3283.7 2610.02 1023.73 174.459 30.613 21.3258 673.682 293.294 272.577 30.1262 380.388 22.2723 242.451 2602.77 2597.5 1207.93 1162.8 1009.9 697.438 294.976 12.5197 152.904 118.477 94.4638
internal_count=103889 74474 3199 2016 1183 71275 66086 62037 5189 978 178 131 4049 1683 1568 196 2366 137 1372 61997 61891 27932 26545 23563 21760 14013 153 2982 2255 2127
is_linear=0
shrinkage=0.05


end of trees

feature_importances:
season_pts_mean_prior=558
cost=387
minutes_r5=332
prev_gw_minutes=306
season_gp_prior=303
minutes_r3=258
position=247
prev_gw_points=210
bps_r5=194
self_team_ga_5=177
ict_index_r3=160
expected_goals_conceded_r5=159
bps_r3=158
ict_index_r5=157
self_team_gf_5=150
total_points_r5=142
expected_goals_conceded_r3=134
expected_goal_involvements_r5=133
self_team_gf_3=128
self_team_ga_3=113
expected_goal_involvements_r3=112
opp_team_ga_3=107
opp_team_ga_5=105
total_points_r3=99
opp_team_gf_5=96
opp_team_gf_3=67
is_home=41
clean_sheets_r5=32
assists_r5=19
assists_r3=16
clean_sheets_r3=15
goals_scored_r5=10
goals_scored_r3=5

parameters:
[boosting: gbdt]
[objective: binary]
[metric: auc]
[tree_learner: serial]
[device_type: cpu]
[data_sample_strategy: bagging]
[data: ]
[valid: ]
[num_iterations: 1000]
[learning_rate: 0.05]
[num_leaves: 31]
[num_threads: 0]
[seed: 0]
[deterministic: 0]
[force_col_wise: 0]
[force_row_wise: 0]
[histogram_pool_size: -1]
[max_depth: -1]
[min_data_in_leaf: 50]
[min_sum_hessian_in_leaf: 0.001]
[bagging_fraction: 0.8]
[pos_bagging_fraction: 1]
[neg_bagging_fraction: 1]
[bagging_freq: 1]
[bagging_seed: 3]
[bagging_by_query: 0]
[feature_fraction: 0.8]
[feature_fraction_bynode: 1]
[feature_fraction_seed: 2]
[extra_trees: 0]
[extra_seed: 6]
[early_stopping_round: 0]
[early_stopping_min_delta: 0]
[first_metric_only: 0]
[max_delta_step: 0]
[lambda_l1: 0]
[lambda_l2: 0]
[linear_lambda: 0]
[min_gain_to_split: 0]
[drop_rate: 0.1]
[max_drop: 50]
[skip_drop: 0.5]
[xgboost_dart_mode: 0]
[uniform_drop: 0]
[drop_seed: 4]
[top_rate: 0.2]
[other_rate: 0.1]
[min_data_per_group: 100]
[max_cat_threshold: 32]
[cat_l2: 10]
[cat_smooth: 10]
[max_cat_to_onehot: 4]
[top_k: 20]
[monotone_constraints: ]
[monotone_constraints_method: basic]
[monotone_penalty: 0]
[feature_contri: ]
[forcedsplits_filename: ]
[refit_decay_rate: 0.9]
[cegb_tradeoff: 1]
[cegb_penalty_split: 0]
[cegb_penalty_feature_lazy: ]
[cegb_penalty_feature_coupled: ]
[path_smooth: 0]
[interaction_constraints: ]
[verbosity: -1]
[saved_feature_importance_type: 0]
[use_quantized_grad: 0]
[num_grad_quant_bins: 4]
[quant_train_renew_leaf: 0]
[stochastic_rounding: 1]
[linear_tree: 0]
[max_bin: 255]
[max_bin_by_feature: ]
[min_data_in_bin: 3]
[bin_construct_sample_cnt: 200000]
[data_random_seed: 1]
[is_enable_sparse: 1]
[enable_bundle: 1]
[use_missing: 1]
[zero_as_missing: 0]
[feature_pre_filter: 1]
[pre_partition: 0]
[two_round: 0]
[header: 0]
[label_column: ]
[weight_column: ]
[group_column: ]
[ignore_column: ]
[categorical_feature: 32]
[forcedbins_filename: ]
[precise_float_parser: 0]
[parser_config_file: ]
[objective_seed: 5]
[num_class: 1]
[is_unbalance: 0]
[scale_pos_weight: 1]
[sigmoid: 1]
[boost_from_average: 1]
[reg_sqrt: 0]
[alpha: 0.9]
[fair_c: 1]
[poisson_max_delta_step: 0.7]
[tweedie_variance_power: 1.5]
[lambdarank_truncation_level: 30]
[lambdarank_norm: 1]
[label_gain: ]
[lambdarank_position_bias_regularization: 0]
[eval_at: ]
[multi_error_top_k: 1]
[auc_mu_weights: ]
[num_machines: 1]
[local_listen_port: 12400]
[time_out: 120]
[machine_list_filename: ]
[machines: ]
[gpu_platform_id: -1]
[gpu_device_id: -1]
[gpu_device_id_list: ]
[gpu_use_dp: 0]
[num_gpu: 1]

end of parameters

pandas_categorical:[["AM", "DEF", "FWD", "GK", "GKP", "MID"]]
