tree
version=v4
num_class=1
num_tree_per_iteration=1
label_index=0
max_feature_idx=32
objective=regression
feature_names=total_points_r3 minutes_r3 bps_r3 ict_index_r3 expected_goal_involvements_r3 expected_goals_conceded_r3 goals_scored_r3 assists_r3 clean_sheets_r3 total_points_r5 minutes_r5 bps_r5 ict_index_r5 expected_goal_involvements_r5 expected_goals_conceded_r5 goals_scored_r5 assists_r5 clean_sheets_r5 season_pts_mean_prior season_gp_prior prev_gw_points prev_gw_minutes self_team_gf_3 self_team_gf_5 self_team_ga_3 self_team_ga_5 opp_team_gf_3 opp_team_gf_5 opp_team_ga_3 opp_team_ga_5 is_home cost position
feature_infos=[-2.3333332538604736:20] [0:90] [-7.3333334922790527:77] [0:32.799999237060547] [0:2.0699999332427979] [0:4.5233335494995117] [0:3] [0:4] [0:1] [-2:20] [0:90] [-7:69] [0:32.799999237060547] [0:1.7050000429153442] [0:4.0999999046325684] [0:3] [0:4] [0:1] [-2:20] [1:38] [-7:25] [0:90] [0:5.6666665077209473] [0:5] [0:5.3333334922790527] [0:5] [0:5.6666665077209473] [0:5] [0:5.3333334922790527] [0:5] [0:1] [3.5999999046325684:15.399999618530273] -1:5:1:2:3
tree_sizes=2766 2883 2900 2902 2896 2933 2911 2867 2881 2926 2899 2931 2871 2925 2870 2904 2919 2920 2920 2930 2937 2929 2948 2915 2931 2938 2914 2917 2907 2919 2913 2920 2935 2875 2933 2893 2906 2914 2921 2922 2928 2910

Tree=0
num_leaves=31
num_cat=0
split_feature=31 31 27 31 9 27 12 31 31 31 22 23 31 30 11 30 13 27 25 9 12 5 31 30 25 26 24 20 25 12
split_gain=12167.2 2779.31 1581.14 1083.39 563.023 466.78 375.208 352.554 348.988 306.958 368.758 264.442 250.249 247.322 224.509 217.693 217.036 212.417 208.931 200.667 199.959 253.017 206.957 192.024 190.834 181.239 161.902 159.598 188.357 259.627
threshold=5.4500000476837167 8.4499998092651385 1.7083333134651186 6.2500000000000009 3.2916666269302373 1.6333333253860476 4.6099998950958261 4.6499998569488534 4.0499999523162851 9.8499999046325701 3.1666666269302373 1.7749999761581423 5.0499999523162851 1.0000000180025095e-35 31.633333206176761 1.0000000180025095e-35 0.15630000084638598 1.8999999761581423 2.2916666269302373 3.1000000238418584 5.9449999332427987 1.0072333216667178 5.1499998569488534 1.0000000180025095e-35 1.4499999880790713 0.41666667163372045 3.4166666269302373 11.500000000000002 1.2916666865348818 7.0099999904632577
decision_type=2 2 8 2 2 10 2 2 2 2 10 10 2 2 2 2 10 10 10 2 2 10 2 2 10 10 10 2 10 2
left_child=2 3 4 11 8 6 -5 13 24 -3 23 17 15 -4 -13 -10 -14 -2 -15 -9 21 -6 -22 -11 -1 -17 -27 28 29 -25
right_child=1 9 7 5 20 -7 -8 19 12 10 -12 14 16 18 -16 25 -18 -19 -20 -21 22 -23 -24 27 -26 26 -28 -29 -30 -31
leaf_value=3.4852184624305496 3.4982877972917015 3.5383368313431203 3.4466888650885656 3.5135886609178142 3.4936269176459462 3.5056726809264296 3.5374092092627989 3.4639376775962427 3.4707557440669237 3.5444477982763201 3.6270034497875545 3.5070803966945312 3.4841578671750666 3.4680468683052554 3.5872405190221919 3.4959660320139068 3.5161374094250792 3.4793910684343188 3.4379874723973751 3.4791209511160752 3.4943238540132793 3.4747707955999592 3.5373171329554003 3.5577226623407383 3.44466552115877 3.4790944085864099 3.4414504270010351 3.5250394334966675 3.5532428780093461 3.6308827597829754
leaf_weight=136 2451 488 1585 968 2062 1229 1545 2453 4081 316 87 1815 1594 1351 32 587 217 685 246 1151 288 929 155 70 450 3434 106 46 106 116
leaf_count=136 2451 488 1585 968 2062 1229 1545 2453 4081 316 87 1815 1594 1351 32 587 217 685 246 1151 288 929 155 70 450 3434 106 46 106 116
internal_value=3.48729 3.51457 3.47425 3.50862 3.48 3.52082 3.52823 3.46236 3.47658 3.55681 3.56898 3.49946 3.4779 3.45508 3.50847 3.47567 3.48799 3.49416 3.46342 3.46879 3.49056 3.48777 3.50937 3.56126 3.45408 3.48053 3.47797 3.57698 3.58516 3.60335
internal_weight=30779 9954 20825 8725 14039 3742 2513 6786 10605 1229 741 4983 10019 3182 1847 8208 1811 3136 1597 3604 3434 2991 443 654 586 4127 3540 338 292 186
internal_count=30779 9954 20825 8725 14039 3742 2513 6786 10605 1229 741 4983 10019 3182 1847 8208 1811 3136 1597 3604 3434 2991 443 654 586 4127 3540 338 292 186
is_linear=0
shrinkage=1


Tree=1
num_leaves=31
num_cat=3
split_feature=31 31 27 31 18 26 26 18 28 4 12 3 32 28 2 32 4 23 5 16 3 13 1 1 27 5 32 27 9 9
split_gain=11347 2741.85 1489.14 983.716 927.234 533.713 434.964 469.868 302.576 293.237 264.572 260.295 245.09 233.805 249.56 216.149 211.168 210.806 198.497 241.313 168.991 168.655 162.21 169.825 159.855 158.609 180.563 166.889 156.361 153.924
threshold=5.4500000476837167 8.4499998092651385 1.8999999761581423 6.2500000000000009 2.013513565063477 1.1666666865348818 1.0000000180025095e-35 5.1835014820098886 2.1666666269302373 0.14020500332117083 5.9900000095367441 7.0166666507720956 0 2.1666666269302373 6.5833332538604745 1 0.086824998259544386 1.5500000119209292 0.68041667342185985 0.36666667461395269 4.4833333492279062 0.30603200197219854 88.166667938232436 72.416667938232436 2.1000000238418584 1.0334333181381228 2 0.36666667461395269 8.7750000953674334 2.4500000476837163
decision_type=2 2 8 2 2 10 8 2 10 10 2 2 9 8 2 9 8 10 8 2 2 10 2 2 8 10 9 10 2 2
left_child=2 3 4 11 8 13 -3 16 12 15 25 24 -1 -5 -15 -4 -8 -14 19 -9 -10 -7 23 -12 -2 26 -6 -27 -13 -16
right_child=1 6 9 5 10 21 7 18 20 -11 22 28 17 14 29 -17 -18 -19 -20 -21 -22 -23 -24 -25 -26 27 -28 -29 -30 -31
leaf_value=0.00094461382040517572 0.011601485812874932 0.15908359886511511 -0.032282553961269903 0.039626798953475623 -0.0077314709241573625 0.017876386469428258 -0.0011380285948095186 0.15800501872192729 -0.0059540412317281993 -0.0094047493211296199 -0.0020645758264685333 0.024676872676899355 -0.02358790259545851 0.021488191154268053 0.13586009073257443 -0.013624833533233339 0.053737927258644305 -0.011374814977465505 0.07629565166366184 0.069058366291066431 0.030419290215969081 0.036404508121678086 0.0032305728985493874 0.051692174058407543 -0.0042918367828943035 0.052479972079396246 0.0051093987333225019 -0.0093441000472779239 0.084172599911689752 0.07205655007378052
leaf_weight=581 3561 46 3681 1160 1381 1607 71 66 1431 782 73 744 3946 81 40 718 568 1877 427 47 125 610 251 192 678 40 3374 2235 42 228
leaf_count=581 3561 46 3681 1160 1381 1607 71 66 1431 782 73 744 3946 81 40 718 568 1877 427 47 125 610 251 192 678 40 3374 2235 42 228
internal_value=0.000265306 0.0265452 -0.0124078 0.0206608 -0.00775519 0.0323417 0.0685816 0.0650506 -0.014898 -0.0263324 -0.000220525 0.0119996 -0.0177811 0.046104 0.0676328 -0.0293416 0.0476406 -0.0196174 0.0856524 0.12101 -0.00303202 0.0229743 0.0205137 0.0368837 0.00905945 -0.00174241 0.0013745 -0.00825708 0.027856 0.0815795
internal_weight=30663 9976 20687 8751 15506 3726 1225 1179 7960 5181 7546 5025 6404 1509 349 4399 639 5823 540 113 1556 2217 516 265 4239 7030 4755 2275 786 268
internal_count=30663 9976 20687 8751 15506 3726 1225 1179 7960 5181 7546 5025 6404 1509 349 4399 639 5823 540 113 1556 2217 516 265 4239 7030 4755 2275 786 268
cat_boundaries=0 1 2 3
cat_threshold=12 34 32
is_linear=0
shrinkage=0.03


Tree=2
num_leaves=31
num_cat=3
split_feature=31 31 31 27 27 32 27 30 12 29 29 31 9 29 2 24 32 27 9 4 3 32 22 28 31 26 31 31 29 4
split_gain=10228.7 1966.62 1428.18 1205.12 640.696 512.325 466.475 441.282 436.203 380.32 329.261 292.439 287.782 280.771 235.596 224.42 222.758 219.533 204.189 204.156 200.18 203.557 210.186 199.023 189.014 188.905 181.941 169.535 167.411 201.603
threshold=5.9500000476837167 5.0499999523162851 10.150000095367433 1.8999999761581423 1.6333333253860476 0 1.5500000119209292 1.0000000180025095e-35 5.7224998474121103 0.90000000596046459 2.2916666269302373 4.0499999523162851 6.3666667938232431 1.8999999761581423 34.833333969116218 2.8333333730697636 1 1.8999999761581423 3.2916666269302373 1.2616666555404665 8.9416666030883807 2 2.5833333730697636 1.0000000180025095e-35 6.5499999523162851 1.4166666865348818 7.3500001430511483 5.4500000476837167 1.2250000238418581 0.27770000696182257
decision_type=2 2 2 8 10 9 8 2 2 10 8 2 2 10 2 10 9 10 2 8 2 9 10 10 2 10 2 2 8 10
left_child=1 3 4 5 10 -1 20 11 27 -4 24 -7 -12 -13 17 -15 -5 -11 -9 -16 21 22 -3 -6 -2 -24 -14 -8 -10 -30
right_child=2 6 9 16 23 7 8 18 28 14 12 13 26 15 19 -17 -18 -19 -20 -21 -22 -23 25 -25 -26 -27 -28 -29 29 -31
leaf_value=0.0052038291769696716 0.024127167199080743 0.013710374738435324 0.034757063972949975 -0.034370519555823154 -0.022653984252144311 -0.046837485058615534 -0.017087676087144073 -0.008912088771171757 0.0043120673128822498 0.091961339024725475 0.050821041653178772 -0.020785047997795274 0.070928729664195667 -0.0021802528985176315 0.19330266242518143 -0.052164397558500601 -0.020159117107398705 0.038696312452184738 0.0059139019924287608 0.085930414140224454 0.042716587602726522 0.0038742014643396456 0.065004714833365548 0.017509650029152272 0.039024078457055217 -0.014114125423571643 0.17300836458802221 -0.0017247330166530847 0.013426628447797177 0.067959912755272592
leaf_weight=1779 1252 1431 150 2368 119 302 1414 4263 298 349 424 3751 33 1348 34 86 1937 87 1040 30 163 2767 135 1660 1977 34 30 1191 137 110
leaf_count=1779 1252 1431 150 2368 119 302 1414 4263 298 349 424 3751 33 1348 34 86 1937 87 1040 30 163 2767 135 1660 1977 34 30 1191 137 110
internal_value=-1.29395e-05 -0.00867594 0.0346024 -0.0144038 0.0296282 -0.00971174 0.00390894 -0.0121645 -0.00495749 0.0766536 0.036716 -0.0181401 0.0597105 -0.0164686 0.0892226 -0.00517791 -0.0281029 0.0813328 -0.00600448 0.142972 0.0100743 0.00885596 0.0173387 0.014823 0.033248 0.0490873 0.119538 -0.0100638 0.0194496 0.0377127
internal_weight=30699 24554 6145 16874 5495 12569 7680 10790 3150 650 3716 5487 487 5185 500 1434 4305 436 5303 64 4530 4367 1600 1779 3229 169 63 2605 545 247
internal_count=30699 24554 6145 16874 5495 12569 7680 10790 3150 650 3716 5487 487 5185 500 1434 4305 436 5303 64 4530 4367 1600 1779 3229 169 63 2605 545 247
cat_boundaries=0 1 2 3
cat_threshold=12 2 6
is_linear=0
shrinkage=0.03


Tree=3
num_leaves=31
num_cat=1
split_feature=31 31 31 27 31 18 27 23 27 32 4 29 22 31 29 4 27 3 29 22 24 9 27 29 24 12 18 12 5 29
split_gain=9914.06 1812.32 1490.29 980.061 634.806 512.293 448.816 422.451 400.188 391.18 362.543 346.094 319.21 255.351 226.182 218.303 213.492 198.159 182.528 182.718 177.727 172.206 249.249 171.396 167.533 164.175 233.566 162.588 217.047 154.217
threshold=5.7500000000000009 10.34999990463257 5.0499999523162851 1.4499999880790713 6.5499999523162851 2.5395009517669682 1.5500000119209292 1.1000000238418581 1.1000000238418581 0 0.16004666686058047 0.90000000596046459 3.1666666269302373 4.6499998569488534 2.2916666269302373 0.31025166809558874 1.6333333253860476 10.650000095367433 2.1000000238418584 3.1666666269302373 2.1666666269302373 8.3666663169860858 1.8999999761581423 1.3666666746139529 0.83333334326744091 6.6899998188018808 4.6043477058410653 5.8633334636688241 1.1947833299636843 0.77500000596046459
decision_type=2 2 2 8 2 2 8 10 10 9 10 10 10 2 8 10 8 2 10 10 10 2 10 10 10 2 2 2 10 10
left_child=2 4 3 5 16 7 18 20 14 15 -8 -3 21 -11 -6 -5 17 -2 19 -4 -1 22 24 -12 -13 -16 -27 -25 -29 -10
right_child=1 11 6 9 8 -7 10 -9 29 13 23 12 -14 -15 25 -17 -18 -19 -20 -21 -22 -23 -24 27 -26 26 -28 28 -30 -31
leaf_value=-0.015739044063277058 0.020466242212708732 0.040548233120672163 0.0047545571340307244 -0.0082176854337734605 0.044003135067943462 0.002920383378382652 -0.012370372016855332 -0.0053215334618341714 0.0084426751937717193 -0.030481631526226346 -0.0019685712965749062 0.11503657550108237 0.1581141428392509 -0.018244648326729982 0.05388986588834406 0.060766177787337193 0.0055756018424583786 0.072496058327310223 0.023221411808360397 0.040806443928317587 -0.031506823598038539 0.13300378921959136 0.027268357308287368 0.012088519311630663 0.068730919425746037 0.17718819763391247 0.071545762941241264 0.097633638927492036 0.017249755864181825 0.031025790847428552
leaf_weight=2156 2113 155 3049 1036 1028 2852 2152 3622 320 3563 322 122 58 2696 91 43 1041 68 695 132 917 54 76 193 166 31 48 59 62 1820
leaf_count=2156 2113 155 3049 1036 1028 2852 2152 3622 320 3563 322 122 58 2696 91 43 1041 68 695 132 917 54 76 193 166 31 48 59 62 1820
internal_value=9.21579e-05 0.0309231 -0.00932248 -0.0140637 0.0262521 -0.00772712 0.00269058 -0.0122628 0.0354209 -0.0223077 -0.00648923 0.0794833 0.0921618 -0.0251705 0.049304 -0.00541834 0.0167533 0.0220884 0.0092936 0.00625058 -0.0204442 0.0830105 0.0755939 0.0134105 0.0883465 0.0813589 0.113 0.0291814 0.0564452 0.0276489
internal_weight=30740 7191 23549 16885 6560 9547 6664 6695 3338 7338 2788 631 476 6259 1198 1079 3222 2181 3876 3181 3073 418 364 636 288 170 79 314 121 2140
internal_count=30740 7191 23549 16885 6560 9547 6664 6695 3338 7338 2788 631 476 6259 1198 1079 3222 2181 3876 3181 3073 418 364 636 288 170 79 314 121 2140
cat_boundaries=0 1
cat_threshold=12
is_linear=0
shrinkage=0.03


Tree=4
num_leaves=31
num_cat=0
split_feature=31 31 27 18 31 26 18 31 29 30 29 9 29 31 3 29 30 26 18 9 4 10 17 27 18 3 23 27 25 22
split_gain=9643.42 2072.84 1368.47 875.578 620.076 414.734 406.736 380.903 372.579 327.171 280.94 256.33 234.641 224.94 224.847 309.886 215.014 201.109 253.333 197.918 194.621 190.871 191.277 182.933 223.089 207.08 173.43 164.889 158.774 156.055
threshold=5.5499999523162851 8.4499998092651385 1.7083333134651186 2.5395009517669682 6.2500000000000009 1.0000000180025095e-35 5.1835014820098886 4.5499999523162851 0.70833334326744091 1.0000000180025095e-35 0.90000000596046459 6.9000000953674325 1.8999999761581423 4.7500000000000009 4.4166667461395273 2.3666666746139531 1.0000000180025095e-35 1.1666666865348818 4.3766891956329355 2.8999999761581425 0.086824998259544386 88.099998474121108 0.29166667163372045 1.8999999761581423 4.6711711883544931 3.0416666269302373 1.5500000119209292 1.5500000119209292 2.7083333730697636 1.8333333134651186
decision_type=2 2 8 2 2 8 2 2 8 2 10 2 10 2 2 8 2 10 2 2 8 2 2 8 2 2 8 10 10 10
left_child=2 4 3 9 11 -3 20 16 -6 12 -8 -2 29 -5 23 -16 -4 18 -17 -9 -7 22 -13 24 -10 -26 -11 -28 -14 -1
right_child=1 5 7 13 8 6 10 19 14 26 -12 21 28 -15 15 17 -18 -19 -20 -21 -22 -23 -24 -25 25 -27 27 -29 -30 -31
leaf_value=-0.0235971364753574 0.010726494861601052 0.15778688440962535 -0.037167115270167049 -0.0037176399034532632 0.0056950432450071841 -0.0027743923580142811 0.040530664137629575 -0.020336413568459822 0.025160981118679045 -0.0087140227947075828 0.091049884335253503 0.13817461991851981 -0.0024504420449424423 0.0092012922933520404 0.035949471845155456 0.14011440375676523 -0.020985004961369236 0.043439799568482804 0.051275738191146114 -0.0071334360094197019 0.05002546262405403 0.016055828634951565 0.043084172368049622 0.0012210438481997698 0.021784295729688697 0.11540334713459015 0.0079931716187240393 -0.018329441689474639 -0.042889551793007137 -0.0082407106530836861
leaf_weight=2641 3306 41 1483 1848 484 71 129 2573 854 3323 427 33 1241 3530 1745 65 1473 105 52 1695 546 74 45 256 37 50 1261 258 94 769
leaf_count=2641 3306 41 1483 1848 484 71 129 2573 854 3323 427 33 1241 3530 1745 65 1473 105 52 1695 546 74 45 256 37 50 1261 258 94 769
internal_value=0.000225135 0.0277693 -0.0101029 -0.00492654 0.0215801 0.0639975 0.0607192 -0.0208259 0.0302082 -0.0103615 0.0793287 0.0124779 -0.0159599 0.00476206 0.033958 0.0401966 -0.0291034 0.0735809 0.100631 -0.015093 0.0439496 0.0505703 0.0833147 0.0237061 0.0298232 0.0755883 -0.00487532 0.00352231 -0.00529784 -0.0201341
internal_weight=30509 8320 22189 14965 7106 1214 1173 7224 3648 9587 556 3458 4745 5378 3164 1967 2956 222 117 4268 617 152 78 1197 941 87 4842 1519 1335 3410
internal_count=30509 8320 22189 14965 7106 1214 1173 7224 3648 9587 556 3458 4745 5378 3164 1967 2956 222 117 4268 617 152 78 1197 941 87 4842 1519 1335 3410
is_linear=0
shrinkage=0.03


Tree=5
num_leaves=31
num_cat=3
split_feature=31 31 31 27 18 32 27 27 25 28 31 3 27 32 23 4 28 27 3 14 22 23 18 14 26 22 13 32 3 14
split_gain=8752.65 1715.56 1309.67 830.348 534.333 481.633 413.171 393.01 391.047 437.652 385.757 281.807 271.458 225.202 218.861 217.714 212.156 203.514 195.59 184.377 191.267 168.584 239.765 160.591 158.372 152.578 149.965 206.959 187.202 149.336
threshold=5.7500000000000009 8.4499998092651385 5.0499999523162851 1.8999999761581423 5.5067567825317392 0 1.7083333134651186 1.6333333253860476 2.3666666746139531 1.8333333134651186 6.2500000000000009 10.650000095367433 0.90000000596046459 1 1.5500000119209292 0.16357166320085528 2.1666666269302373 0.22500000149011615 7.8416666984558114 1.5507999658584597 2.5833333730697636 1.5500000119209292 3.8591270446777348 0.62604999542236339 1.1666666865348818 2.4166666269302373 0.15812000632286075 2 6.8833334445953378 0.82425999641418468
decision_type=2 2 2 8 2 9 10 10 10 10 2 2 10 9 10 10 8 8 2 10 10 10 2 10 10 10 10 9 2 10
left_child=2 7 3 5 12 -1 17 10 9 14 11 -2 -3 19 -7 -8 -12 -4 24 20 -5 22 -9 -22 -18 -10 27 28 -19 -29
right_child=1 4 6 13 -6 8 15 21 25 -11 16 -13 -14 -15 -16 -17 18 26 -20 -21 23 -23 -24 -25 -26 -27 -28 29 -30 -31
leaf_value=0.004746123872623095 0.013530504347479705 0.075987155524532446 0.037547848293655796 -0.030728535426419772 0.084028115226098543 -0.018632712092891322 -0.014355606748469991 -0.010254953786335159 -0.029135066800176381 -0.00058048125936514979 0.029883692730319152 0.097311997977462969 0.033167723042222694 -0.017044798789081179 -0.0069398903688568285 0.008704283911734818 0.053915486352904787 -0.007076625253827365 0.08154996348598173 -0.051640754508902653 0.025884159258924996 0.018106836786600931 0.026844153345180546 -0.031707783007621768 0.014188045178451677 0.013771940846986408 0.016625444138659747 0.014375717427433985 0.028834363150764517 -0.0092902198278655597
leaf_weight=1796 1541 178 190 1843 518 3971 1586 565 1336 3089 2029 37 530 1962 2261 480 265 1634 140 343 104 1146 217 75 137 79 919 1439 142 288
leaf_count=1796 1541 178 190 1843 518 3971 1586 565 1336 3089 2029 37 530 1962 2261 480 265 1634 140 343 104 1146 217 75 137 79 919 1439 142 288
internal_value=-0.000190407 0.0285015 -0.00909285 -0.0135467 0.0608737 -0.00963451 0.00215114 0.0219705 -0.0120334 -0.00981383 0.0271712 0.015495 0.0439331 -0.0248773 -0.0143905 -0.00899803 0.0343378 0.00714554 0.0510117 -0.0311712 -0.027853 0.0107788 3.98112e-05 0.00175346 0.0403765 -0.0267396 0.00583924 0.00300952 -0.00418182 0.0103691
internal_weight=30840 7303 23537 16859 1226 12532 6678 6077 10736 9321 4149 1578 708 4327 6232 2066 2571 4612 542 2365 2022 1928 782 179 402 1415 4422 3503 1776 1727
internal_count=30840 7303 23537 16859 1226 12532 6678 6077 10736 9321 4149 1578 708 4327 6232 2066 2571 4612 542 2365 2022 1928 782 179 402 1415 4422 3503 1776 1727
cat_boundaries=0 1 2 3
cat_threshold=12 2 32
is_linear=0
shrinkage=0.03


Tree=6
num_leaves=31
num_cat=0
split_feature=31 31 31 27 27 12 29 25 27 5 0 3 30 29 30 13 19 28 31 5 9 1 12 22 27 31 25 31 22 29
split_gain=8176.52 1753.37 1114.86 837.253 500.039 447.456 366.688 331.077 309.671 276.048 285.146 272.883 270.462 268.333 248.912 226.55 225.453 208.056 203.558 200.511 186.894 182.774 194.655 167.31 153.724 152.099 148.124 143.679 141.02 145.791
threshold=6.0499999523162851 5.0499999523162851 10.34999990463257 1.7083333134651186 1.6333333253860476 6.6224999427795419 1.7749999761581423 2.2250000238418584 1.7083333134651186 1.0275666713714602 2.5833333730697636 5.241666555404664 1.0000000180025095e-35 0.90000000596046459 1.0000000180025095e-35 0.14006300270557406 5.5000000000000009 2.1666666269302373 12.650000095367433 0.041666666045784957 7.7750000953674325 35.166666030883796 4.8900001049041757 1.1666666865348818 0.45000000298023229 4.7500000000000009 1.1000000238418581 6.9500000476837167 3.1666666269302373 2.1000000238418584
decision_type=2 2 2 8 10 2 10 10 10 10 2 2 2 10 2 10 2 8 2 8 2 2 2 10 10 2 10 2 10 10
left_child=1 3 4 6 11 8 7 14 28 10 -8 21 25 -4 -1 -14 -16 24 -15 -18 -7 22 -2 27 -13 -5 -20 -19 29 -3
right_child=2 5 13 12 -6 20 9 -9 -10 -11 -12 17 15 18 16 -17 19 23 26 -21 -22 -23 -24 -25 -26 -27 -28 -29 -30 -31
leaf_value=-0.015961597728857052 0.036009361756592986 0.0023842055569147608 0.034353472824170166 -0.034394273041966426 0.014183833216183784 0.019986447841506595 -0.0028399461607196441 -0.02951565917375526 -0.0076493549741231473 -0.011487928814367006 0.017432428901878797 0.071107336934161394 -0.019055671271071373 0.069361204027936718 -0.025472251558895209 0.0067211053873811452 0.025785782039165497 0.062375393735395898 0.14172547542179623 -0.0033749201079600784 0.068151542097330084 0.019559942640047123 0.10622344906513506 0.052895276271804632 0.034569307132244105 -0.019821046048625276 0.07599664151668549 0.14655884494384128 0.03086859853938222 0.016279485556692216
leaf_weight=3078 400 4141 146 1757 1601 774 1709 887 2275 1501 984 113 2490 367 383 350 232 37 72 2489 80 1175 39 280 1250 1018 54 36 192 813
leaf_count=3078 400 4141 146 1757 1601 774 1709 887 2275 1501 984 113 2490 367 383 350 232 37 72 2489 80 1175 39 280 1250 1018 54 36 192 813
internal_value=-9.50217e-05 -0.00737796 0.0327932 -0.012924 0.0279617 0.00393406 -0.00820627 -0.0123757 0.00156754 -0.00117867 0.00456741 0.0345858 -0.0223873 0.070077 -0.00991646 -0.015879 -0.00392195 0.0429146 0.0806564 -0.000888598 0.0244984 0.0257307 0.0422471 0.063441 0.0375985 -0.0290481 0.113556 0.103891 0.00564224 0.00466456
internal_weight=30723 25153 5570 16878 4931 8275 11263 7069 7421 4194 2693 3330 5615 639 6182 2840 3104 1716 493 2721 854 1614 439 353 1363 2775 126 73 5146 4954
internal_count=30723 25153 5570 16878 4931 8275 11263 7069 7421 4194 2693 3330 5615 639 6182 2840 3104 1716 493 2721 854 1614 439 353 1363 2775 126 73 5146 4954
is_linear=0
shrinkage=0.03


Tree=7
num_leaves=31
num_cat=4
split_feature=31 31 27 31 31 23 32 29 32 11 27 3 28 19 4 2 32 30 31 27 31 20 29 29 26 11 12 32 4 2
split_gain=7561.58 1726.86 1087.52 687.115 532.592 403.083 398.452 381.026 325.503 282.961 350.646 274.471 255.402 234.091 226.91 216.268 212.787 208.745 193.899 193.181 175.462 177.831 175.148 172.511 164.452 212.661 164.415 203.157 163.342 161.531
threshold=5.5499999523162851 9.8499999046325701 1.7083333134651186 5.0499999523162851 6.2500000000000009 1.5500000119209292 0 1.8999999761581423 1 23.44999980926514 1.8999999761581423 10.650000095367433 2.1666666269302373 18.500000000000004 0.30833333730697637 5.1666667461395273 2 1.0000000180025095e-35 4.0499999523162851 1.6333333253860476 12.750000000000002 8.5000000000000018 1.1000000238418581 0.90000000596046459 1.1666666865348818 9.7750000953674334 4.4900000095367441 3 0.631666660308838 14.583333492279055
decision_type=2 2 8 2 2 8 9 8 9 2 10 2 10 2 10 2 9 2 2 10 2 2 8 10 10 2 2 9 10 2
left_child=2 4 3 5 11 8 17 19 -1 10 23 22 18 -13 -8 -9 -7 -4 -10 -6 21 -11 -2 -3 25 -17 27 -5 -26 -25
right_child=1 9 6 26 7 16 14 15 12 20 -12 13 -14 -15 -16 24 -18 -19 -20 -21 -22 -23 -24 29 28 -27 -28 -29 -30 -31
leaf_value=0.0030867893875892644 0.00065719489849382822 0.030802108510965251 -0.033181164739525891 -0.0054799025507455456 0.028017907667385118 -0.010571253971171785 -0.01384835701958287 0.013834807271616798 -0.039709325781208116 0.10870523679256439 0.007886946652537195 0.02222167163022927 -0.0027122798489702801 0.12992522802203893 0.01284440633683159 0.1063970952630043 0.004446983569198185 -0.018433811004260475 -0.016158212887181791 0.012719814184432228 0.14400712798226553 0.048902479352222541 0.015166074737827891 0.1008916243018618 0.029471053772898347 0.052870026372301461 0.016998265339711379 0.010837096548997439 0.086049189387627373 0.056735491303490919
leaf_weight=1089 1116 82 1752 1325 2092 1223 3401 175 337 100 107 42 1277 32 313 85 2717 1704 4739 1152 53 81 2276 157 344 312 1032 1407 53 142
leaf_count=1089 1116 82 1752 1325 2092 1223 3401 175 337 100 107 42 1277 32 313 85 2717 1704 4739 1152 53 81 2276 157 344 312 1032 1407 53 142
internal_value=0.000261215 0.0245207 -0.00887141 -0.00431479 0.02035 -0.00798932 -0.0184969 0.0275162 -0.0120972 0.0688783 0.0558732 0.0116394 -0.0146817 0.0687962 -0.0115677 0.0440237 -0.000230313 -0.0258351 -0.0177218 0.0225853 0.096 0.0819427 0.0103925 0.0693496 0.0506774 0.0643305 0.00679668 0.00294308 0.0370243 0.0799212
internal_weight=30717 8401 22316 15146 7679 11382 7170 4213 7442 722 488 3466 6353 74 3714 969 3940 3456 5076 3244 234 181 3392 381 794 397 3764 2732 397 299
internal_count=30717 8401 22316 15146 7679 11382 7170 4213 7442 722 488 3466 6353 74 3714 969 3940 3456 5076 3244 234 181 3392 381 794 397 3764 2732 397 299
cat_boundaries=0 1 2 3 4
cat_threshold=2 12 32 32
is_linear=0
shrinkage=0.03


Tree=8
num_leaves=31
num_cat=4
split_feature=31 31 27 31 23 31 32 28 27 29 26 17 17 3 19 12 32 32 4 23 25 2 24 32 23 3 29 4 27 24
split_gain=7369.42 1328.94 1152.24 773.911 430.792 375.782 360.684 327.937 327.188 294.362 252.328 252.138 246.835 232.239 266.713 229.103 236.089 224.037 191.022 185.632 178.977 178.112 298.15 165.865 193.28 173.358 200.394 222.98 155.329 152.244
threshold=5.7500000000000009 9.8499999046325701 1.8999999761581423 5.0499999523162851 1.5500000119209292 6.5499999523162851 0 2.1666666269302373 1.1000000238418581 0.90000000596046459 1.1666666865348818 1.0000000180025095e-35 0.63333335518836986 10.650000095367433 14.500000000000002 4.4449999332427987 1 2 0.16004666686058047 2.1000000238418584 2.3666666746139531 30.166666984558109 0.58333334326744091 3 1.8999999761581423 2.4166667461395268 1.8999999761581423 0.186751663684845 1.4499999880790713 0.58333334326744091
decision_type=2 2 8 2 8 2 9 10 10 10 10 2 2 2 2 2 9 9 10 10 10 2 10 9 10 2 10 8 10 10
left_child=2 5 3 4 7 13 19 17 -6 -3 12 -11 23 -2 -15 16 -5 -1 -8 -4 -9 22 -13 25 -25 -7 -27 -28 -18 -29
right_child=1 9 6 15 8 10 18 20 -10 11 -12 21 -14 14 -16 -17 28 -19 -20 -21 -22 -23 -24 24 -26 26 27 29 -30 -31
leaf_value=-0.0019132459499850507 0.013476588867592999 0.030560196775778689 -0.031116582690667919 -0.0067779558399156583 0.0084830601650114929 0.0092067621533687295 -0.016324449426054956 0.0044407835372469642 -0.0081229443821968835 0.038117783516345004 0.022199858131346763 0.12342524748047193 0.10251637139972651 0.013919554102420807 0.11519313572482628 0.014984214617921073 0.013553612929084826 -0.017593329791446836 0.0022066054609827337 -0.010160278757194897 -0.021624484674740829 0.12447502410143949 0.059575815698321988 0.01017006924500068 0.052149292789399622 0.041256055835550441 0.0038720662318049901 0.15030277540907264 -0.0072271861670419324 0.076907659234899658
leaf_weight=974 3175 170 2321 1708 1929 104 2500 1320 2392 124 1925 90 53 50 44 1573 1401 5691 626 455 289 89 245 360 136 532 31 32 421 124
leaf_count=974 3175 170 2321 1708 1929 104 2500 1320 2392 124 1925 90 53 50 44 1573 1401 5691 626 455 289 89 245 360 136 532 31 32 421 124
internal_value=-8.0562e-05 0.0262975 -0.00822198 -0.00439397 -0.00838715 0.02206 -0.0197008 -0.0123966 -0.000709618 0.065048 0.0292064 0.0757468 0.0390371 0.0148524 0.0613242 0.00546181 0.00121854 -0.0153312 -0.0125733 -0.0275824 -0.000240921 0.0867515 0.0767294 0.0364864 0.021252 0.0448643 0.050646 0.0773597 0.00870413 0.0919631
internal_weight=30884 7284 23600 17698 12595 6566 5902 8274 4321 718 3297 548 1372 3269 94 5103 3530 6665 3126 2776 1609 424 335 1319 496 823 719 187 1822 156
internal_count=30884 7284 23600 17698 12595 6566 5902 8274 4321 718 3297 548 1372 3269 94 5103 3530 6665 3126 2776 1609 424 335 1319 496 823 719 187 1822 156
cat_boundaries=0 1 2 3 4
cat_threshold=2 32 12 34
is_linear=0
shrinkage=0.03


Tree=9
num_leaves=31
num_cat=1
split_feature=31 31 27 18 31 32 30 6 29 26 4 31 28 4 29 23 18 29 8 29 30 7 31 22 26 24 29 7 30 27
split_gain=6782.55 1570.67 877.519 704.566 701.16 335.857 325.41 319.412 273.401 257.855 253.57 245.1 234.836 225.154 190.137 175.067 174.878 174.7 222.809 173.657 164.698 229.501 198.691 198.333 218.332 162.903 257.585 161.49 210.694 161.12
threshold=5.4500000476837167 6.5499999523162851 1.8999999761581423 2.5395009517669682 10.250000000000002 0 1.0000000180025095e-35 0.83333334326744091 0.70833334326744091 1.1666666865348818 0.14020500332117083 4.0499999523162851 2.1666666269302373 0.34724833071231848 0.70833334326744091 1.5500000119209292 1.5303308963775637 0.90000000596046459 1.0000000180025095e-35 1.5500000119209292 1.0000000180025095e-35 0.58333334326744091 6.2500000000000009 3.1666666269302373 1.5833333134651186 0.41666667163372045 0.90000000596046459 1.0000000180025095e-35 1.0000000180025095e-35 1.4499999880790713
decision_type=2 2 8 2 2 9 2 2 10 10 10 2 8 10 10 8 2 10 2 10 2 2 2 10 10 10 10 2 2 10
left_child=2 8 3 6 9 10 11 25 -2 12 -4 -1 16 -7 -13 -8 -3 -9 -19 -5 22 -22 23 -10 -25 26 -6 28 -14 -17
right_child=1 4 5 19 7 13 15 17 20 -11 -12 14 27 -15 -16 29 -18 18 -20 -21 21 -23 -24 24 -26 -27 -28 -29 -30 -31
leaf_value=-0.039379176838944353 -0.0050741739432263811 -0.0069084770257553359 -0.026401531677313201 -0.0019138697534799576 0.013063323730020783 -0.0053664590282873677 -0.0086295401164817858 0.043133336420982119 0.0024317190291206258 0.023079666991327099 -0.0068185703989485612 -0.032146420064718503 0.052078168582670469 0.069490115705289346 -0.011818005014873907 0.0087587709507824466 0.037050313123501835 0.057119934520413793 0.15331642817705868 0.0090691058826755291 0.01659232310615525 0.051957280234260078 0.027535026271310117 0.072627109846002166 -0.013963864356279374 0.044195051719770603 0.11359499500857458 0.037864347361028193 0.11784442008286714 -0.013276000842452049
leaf_weight=360 805 89 3677 2724 32 748 3461 31 2023 1965 710 457 97 38 4411 1215 960 31 72 2471 2467 177 405 76 40 388 81 131 80 396
leaf_count=360 805 89 3677 2724 32 748 3461 31 2023 1965 710 457 97 38 4411 1215 960 31 72 2471 2467 177 405 76 40 388 81 131 80 396
internal_value=0.000527776 0.0208779 -0.00926919 -0.00569748 0.0355466 -0.0199677 -0.0102407 0.0644308 0.0111926 0.0300254 -0.0231794 -0.0154929 0.0400831 -0.00172549 -0.0137264 -0.00482694 0.0333207 0.105572 0.124364 0.00331018 0.0137166 0.0189598 0.00826736 0.0046192 0.0427682 0.0534269 0.0851258 0.0631148 0.081803 0.0033424
internal_weight=30618 9950 20668 15495 3957 5173 10300 635 5993 3322 4387 5228 1357 786 4868 5072 1049 134 103 5195 5188 2644 2544 2139 116 501 113 308 177 1611
internal_count=30618 9950 20668 15495 3957 5173 10300 635 5993 3322 4387 5228 1357 786 4868 5072 1049 134 103 5195 5188 2644 2544 2139 116 501 113 308 177 1611
cat_boundaries=0 1
cat_threshold=34
is_linear=0
shrinkage=0.03


Tree=10
num_leaves=31
num_cat=2
split_feature=12 27 18 12 32 32 23 30 18 13 10 29 5 10 19 18 23 5 13 5 5 10 19 5 22 26 29 13 1 26
split_gain=4232.35 1157.09 658.397 629.082 489 471.037 370.773 369.578 357.444 355.674 344.69 292.346 215.863 207.944 291.585 218.326 198.662 245.063 187.33 352.198 186.937 183.008 178.847 176.706 174.458 282.713 155.927 154.8 184.038 196.52
threshold=4.8900001049041757 1.5500000119209292 2.2742946147918706 10.909999847412111 0 1 1.5500000119209292 1.0000000180025095e-35 2.5270466804504399 0.27401499450206762 62.45000076293946 2.3666666746139531 1.6939666867256167 89.224998474121108 36.500000000000007 6.8968253135681161 1.7083333134651186 0.53401666879653942 0.49633333086967474 1.347766697406769 1.1538999676704409 74.099998474121108 8.5000000000000018 0.084150001406669631 3.1666666269302373 0.83333334326744091 0.77500000596046459 0.63549998402595531 89.833332061767592 1.5833333134651186
decision_type=2 8 2 2 9 9 8 2 2 10 2 8 10 2 2 2 10 10 10 10 10 2 2 8 10 10 10 10 2 10
left_child=1 2 5 7 8 23 21 11 20 13 -4 24 -11 14 15 -9 -12 -18 -13 -20 26 -7 -10 -1 -2 -26 -3 -5 29 -29
right_child=3 4 10 27 -6 6 -8 9 22 12 16 18 -14 -15 -16 -17 17 -19 19 -21 -22 -23 -24 -25 25 -27 -28 28 -30 -31
leaf_value=0.067646055111518277 0.0064480776879494283 -0.02887387107048545 0.021099424879147843 0.043872822445530368 0.00029619008256554972 -0.0084658351998451974 0.0020057522842401344 0.020797136726911171 -0.021792088036674959 0.045029507434156575 -0.00060625325003220692 0.026792397349833293 0.012420822342236836 0.0048382609233303597 0.11464849683456123 0.092875162179653456 0.024117388406238265 -0.00015809920490166899 0.1559251909294436 0.016110998558647494 -0.030644744951420159 -0.020905608855274194 -0.0026588447981175018 0.014996913194290699 0.099349797498434783 0.014066271178944165 -0.014842511965291913 0.15573236526098364 0.043031891308724882 0.05921694464543286
leaf_weight=65 2696 897 1319 297 1928 3378 2393 1252 571 972 3118 311 225 686 32 39 794 708 31 34 1310 1554 1912 489 48 129 3471 43 60 34
leaf_count=65 2696 897 1319 297 1928 3378 2393 1252 571 972 3118 311 225 686 32 39 794 708 31 34 1310 1554 1912 489 48 129 3471 43 60 34
internal_value=0.000361125 -0.00560896 3.0573e-05 0.0210792 -0.0133329 -0.00565486 -0.0076735 0.0187285 -0.0165328 0.0259549 0.00757318 0.0115978 0.0389001 0.0182419 0.0251919 0.0229746 0.00371147 0.0126746 0.0364731 0.0827916 -0.020705 -0.0123854 -0.0070588 0.0207987 0.00834228 0.037194 -0.017724 0.0560415 0.0824218 0.113115
internal_weight=30796 23907 13818 6889 10089 7879 7325 6455 8161 3206 5939 3249 1197 2009 1323 1291 4620 1502 376 65 5678 4932 2483 554 2873 177 4368 434 137 77
internal_count=30796 23907 13818 6889 10089 7879 7325 6455 8161 3206 5939 3249 1197 2009 1323 1291 4620 1502 376 65 5678 4932 2483 554 2873 177 4368 434 137 77
cat_boundaries=0 1 2
cat_threshold=34 4
is_linear=0
shrinkage=0.03


Tree=11
num_leaves=31
num_cat=1
split_feature=31 31 27 18 31 32 26 18 31 26 31 29 9 31 29 30 2 29 10 29 5 11 4 3 16 29 31 28 25 19
split_gain=6538.03 1162.64 893.289 665.369 424.841 404.129 330.395 355.552 307.421 233.807 227.193 224.937 236.317 220.068 215.693 195.205 169.988 169.067 168.668 169.381 156.794 154.86 145.66 145.366 139.287 135.616 144.409 131.959 131.901 145.085
threshold=5.5499999523162851 8.4499998092651385 1.7083333134651186 2.5395009517669682 6.5499999523162851 0 1.0000000180025095e-35 5.1835014820098886 5.0499999523162851 1.1666666865348818 4.6499998569488534 2.2250000238418584 5.7750000953674325 4.0499999523162851 1.3666666746139529 1.0000000180025095e-35 34.833333969116218 1.1000000238418581 5.4500000476837167 1.7749999761581423 0.6907833218574525 1.4499999880790713 0.30833333730697637 8.1833333969116229 0.29166667163372045 1.5500000119209292 4.3500001430511483 0.58333334326744091 2.2916666269302373 9.5000000000000018
decision_type=2 2 8 2 2 9 8 2 2 10 2 8 2 2 10 2 2 10 2 10 8 2 10 2 2 10 2 10 10 2
left_child=2 4 3 8 16 10 -3 14 13 11 15 -6 -13 -1 -8 -4 17 21 -15 -20 24 -2 -7 25 -9 26 -5 -22 29 -17
right_child=1 6 5 23 9 22 7 20 -10 -11 -12 12 -14 18 -16 28 -18 -19 19 -21 27 -23 -24 -25 -26 -27 -28 -29 -30 -31
leaf_value=-0.028630693213253542 0.052610385564240539 0.13363360437678129 -0.034898432158434869 0.050568036462398283 0.03231347330412012 -0.0034613888349476264 0.013078890894617523 0.12128502745181322 0.0025133546396532906 0.019820220424741377 -0.015086854469733792 0.051792322760447859 0.14244217590852215 0.0074603636196718132 0.048708189537349976 -0.03316848894712901 0.070250472108523046 0.015763324066093664 -0.014815459338466773 -0.005080931548419397 0.012870666195771523 0.0012845334324905339 0.042110390253921048 0.028596524983644483 0.058200803138315674 0.0081696692248974453 -0.0024856195069084602 0.062393482344058553 -0.042300215387666547 -0.0089085832537240013
leaf_weight=622 55 41 1338 47 1011 1091 299 72 1712 1621 3377 120 33 464 313 297 45 2950 4361 2549 56 1390 67 210 56 2493 2630 358 185 877
leaf_count=622 55 41 1338 47 1011 1091 299 72 1712 1621 3377 120 33 464 313 297 45 2950 4361 2549 56 1390 67 210 56 2493 2630 358 185 877
internal_value=8.44451e-06 0.0225344 -0.00848926 -0.00433414 0.0180007 -0.017158 0.0499453 0.046972 -0.00902404 0.0271861 -0.0202386 0.0374438 0.0713443 -0.0114943 0.0313011 -0.0267644 0.0122392 0.0116453 -0.0100488 -0.0112245 0.0646668 0.00323811 -0.000817619 0.00412858 0.0936857 0.00313472 -0.00155416 0.0556947 -0.018756 -0.0150459
internal_weight=30740 8420 22320 15088 7225 7232 1195 1154 9708 2785 6074 1164 153 7996 612 2697 4440 4395 7374 6910 542 1445 1158 5380 128 5170 2677 414 1359 1174
internal_count=30740 8420 22320 15088 7225 7232 1195 1154 9708 2785 6074 1164 153 7996 612 2697 4440 4395 7374 6910 542 1445 1158 5380 128 5170 2677 414 1359 1174
cat_boundaries=0 1
cat_threshold=34
is_linear=0
shrinkage=0.03


Tree=12
num_leaves=31
num_cat=4
split_feature=31 31 31 27 32 30 12 27 18 27 23 13 27 29 32 18 19 31 32 4 1 23 29 28 13 32 25 16 22 3
split_gain=6353.51 1146.86 654.745 605.967 453.686 367.11 349.091 309.252 307.461 278.041 254.259 252.446 240.698 196.007 277.7 200.553 286.255 191.93 182.484 176.949 175.478 176.973 173.395 168.473 168.217 160.586 185.649 154.853 228.639 149.695
threshold=6.0499999523162851 5.0499999523162851 8.4499998092651385 1.8999999761581423 0 1.0000000180025095e-35 6.6224999427795419 1.8999999761581423 5.1835014820098886 1.5500000119209292 1.5500000119209292 0.064069002866745009 0.90000000596046459 2.2916666269302373 1 2.7703297138214116 13.500000000000002 6.9500000476837167 2 0.093345001339912428 87.833332061767592 1.8999999761581423 1.8999999761581423 2.5833333730697636 0.1380719989538193 3 0.70833334326744091 0.36666667461395269 2.4166666269302373 9.0416669845581072
decision_type=2 2 2 8 9 2 2 10 2 8 10 8 10 8 9 2 2 2 9 10 2 10 10 10 10 9 10 2 10 2
left_child=1 3 7 4 -1 11 9 13 12 18 -7 -6 -4 -2 15 -15 17 -17 -3 -11 21 -10 -13 -18 -5 26 -12 29 -29 -23
right_child=2 6 8 24 5 10 -8 -9 20 19 25 22 -14 14 -16 16 23 -19 -20 -21 -22 27 -24 -25 -26 -27 -28 28 -30 -31
leaf_value=0.006133892985005363 0.025038797045044137 -0.00066812862536391694 0.065109677549945302 -0.023015824295000001 -0.024314177054302891 -0.009241924305713696 0.020873147721975724 0.0089916396423435768 0.044596834985109475 -0.011091311944471435 0.042007043203999922 -0.014692681598661052 0.023075331858258004 0.029131804774333903 0.014590850011896221 -0.0069063276642312606 0.16534520656390245 0.091055333937207855 0.011674799630497869 0.005051741259039357 0.048939697847212894 0.090718418663861808 0.00062336807761491678 0.086079665804451158 -0.0047726726419575214 -0.0071353424703520813 0.0067027552194532849 0.12312927846397671 0.028608365490594329 0.16790158518723078
leaf_weight=1804 2938 2210 166 3787 1927 3450 843 1029 78 2155 155 2617 469 77 176 36 43 36 2100 853 303 49 892 55 517 657 992 42 51 42
leaf_count=1804 2938 2210 166 3787 1927 3450 843 1029 78 2155 155 2617 469 77 176 36 43 36 2100 853 303 49 892 55 517 657 992 42 51 42
internal_value=-0.000159316 -0.00663405 0.02875 -0.0111164 -0.00777212 -0.0101151 0.00259208 0.023382 0.0483878 0.00048619 -0.00446968 -0.0155902 0.0340638 0.0277877 0.0468809 0.0666021 0.0874917 0.0420745 0.00537136 -0.00651351 0.0644864 0.0824659 -0.0107993 0.120859 -0.0208244 0.00465685 0.0113744 0.0985192 0.0712952 0.126341
internal_weight=30549 24959 5590 16798 12494 10690 8161 4390 1200 7318 5254 5436 635 3361 423 247 170 72 4310 3008 565 262 3509 98 4304 1804 1147 184 93 91
internal_count=30549 24959 5590 16798 12494 10690 8161 4390 1200 7318 5254 5436 635 3361 423 247 170 72 4310 3008 565 262 3509 98 4304 1804 1147 184 93 91
cat_boundaries=0 1 2 3 4
cat_threshold=12 32 32 2
is_linear=0
shrinkage=0.03


Tree=13
num_leaves=31
num_cat=0
split_feature=31 31 18 30 31 29 29 29 26 26 23 18 1 23 14 19 3 25 28 4 3 14 4 2 29 7 26 25 31 18
split_gain=5430.66 1249.1 590.069 513.952 415.123 243.275 235.392 234.313 217.003 206.799 198.082 177.039 169.484 167.873 160.515 160.06 159.942 157.783 155.432 154.068 153.671 147.275 138.311 137.915 136.718 165.899 174.168 136.094 129.668 128.031
threshold=5.4500000476837167 6.5499999523162851 2.5395009517669682 1.0000000180025095e-35 8.4499998092651385 1.4499999880790713 0.77500000596046459 1.5500000119209292 1.5833333134651186 1.0000000180025095e-35 1.1000000238418581 5.1835014820098886 87.833332061767592 3.1000000238418584 0.11225000023841859 13.500000000000002 4.4166667461395273 1.2250000238418581 2.5833333730697636 0.74055832624435436 8.241666793823244 0.80450001358985912 0.47416666150093084 22.166666984558109 1.8999999761581423 1.0000000180025095e-35 1.1666666865348818 2.7083333730697636 4.8500001430511483 6.2886903285980233
decision_type=2 2 2 2 2 10 8 10 10 8 10 2 2 10 8 2 2 10 10 10 2 8 10 2 8 2 10 10 2 2
left_child=2 20 3 5 6 -1 -3 15 14 -6 -10 -11 19 28 -5 -4 -8 -12 27 22 -2 23 -13 -17 29 26 -26 -16 -7 -18
right_child=1 4 7 8 9 13 16 -9 10 11 17 12 -14 -15 18 21 24 -19 -20 -21 -22 -23 -24 -25 25 -27 -28 -29 -30 -31
leaf_value=-0.023934226561463056 0.0074868304728743134 0.0014807677319926074 -0.014542973696110866 0.015039497788708941 0.11547366818866214 -0.017638688239756707 0.017637868608143686 0.0040310727448503334 -0.022479212143575972 0.032370972141696659 0.0045451087553120221 0.074097808727585687 0.039592741437904214 0.052758198533739357 -0.0053719177552534582 0.0092579718204538787 0.031335469248443402 -0.014241252923740347 0.012587123406477845 0.11844155949023034 0.024011422271618687 -0.0049928441001168382 0.013650234693737138 0.067863087143216802 0.094530702437673295 0.029448662643503071 0.039350510891711356 -0.031958820596337319 -0.0045744161660657232 -0.0049204011610709131
leaf_weight=3715 5392 351 1553 416 37 2066 884 3048 1236 611 676 164 276 35 2974 259 1009 994 416 54 559 2115 43 42 105 207 101 184 1022 96
leaf_count=3715 5392 351 1553 416 37 2066 884 3048 1236 611 676 164 276 35 2974 259 1009 994 416 54 559 2115 43 42 105 207 101 184 1022 96
internal_value=-0.000583215 0.0177124 -0.00930208 -0.0129181 0.0308193 -0.0187461 0.0244289 -0.00222464 -0.00713913 0.0456655 -0.013375 0.0434156 0.0559822 -0.0125745 -0.00259745 -0.00702873 0.0277823 -0.00663671 -0.00465033 0.0733136 0.00903905 -0.00219859 0.0615411 0.0174354 0.0336898 0.0484165 0.0674763 -0.006921 -0.013315 0.0281856
internal_weight=30640 9889 20751 13734 3938 6838 2753 7017 6896 1185 2906 1148 537 3123 3990 3969 2402 1670 3574 261 5951 2416 207 301 1518 413 206 3158 3088 1105
internal_count=30640 9889 20751 13734 3938 6838 2753 7017 6896 1185 2906 1148 537 3123 3990 3969 2402 1670 3574 261 5951 2416 207 301 1518 413 206 3158 3088 1105
is_linear=0
shrinkage=0.03


Tree=14
num_leaves=31
num_cat=1
split_feature=31 31 31 32 29 23 29 3 3 11 1 1 31 29 1 31 29 2 26 19 29 4 2 31 14 2 26 5 26 18
split_gain=5928.55 1428.31 758.845 556.754 519.775 295.06 249.363 276.778 227.477 223.376 240.114 222.639 207.011 182.901 184.872 161.678 155.061 154.679 154.606 164.234 152.603 145.62 195.204 146.149 139.399 165.671 233.026 136.475 135.996 135.692
threshold=6.2500000000000009 5.0499999523162851 10.050000190734865 0 1.5500000119209292 1.5500000119209292 1.8999999761581423 4.1833331584930429 2.5166666507720952 24.44999980926514 87.833332061767592 80.833332061767592 5.4500000476837167 2.1000000238418584 14.833333492279055 12.650000095367433 1.2250000238418581 35.166666030883796 1.1666666865348818 20.500000000000004 0.70833334326744091 0.186751663684845 11.416666507720949 6.5499999523162851 0.57225000858306896 15.166666507720949 0.83333334326744091 1.0613999962806704 2.4166666269302373 4.5067567825317392
decision_type=2 2 2 9 10 10 8 2 2 2 2 2 2 10 2 2 10 2 10 2 10 8 2 2 8 2 10 10 8 2
left_child=1 3 6 -1 5 -5 20 -8 -6 16 11 -11 13 -3 -15 -12 -4 -14 21 -20 -2 -9 -23 -24 -18 26 -26 -10 -7 -22
right_child=2 12 9 4 8 28 7 18 27 10 15 -13 17 14 -16 -17 24 -19 19 -21 29 22 23 -25 25 -27 -28 -29 -30 -31
leaf_value=0.0024882990713128291 0.0070483693807223517 -0.0038894791306885138 0.031719662890769537 -0.022348387166929301 -0.012135124608956951 -0.007617037352631425 0.015567367389798165 0.010356629929290368 0.0047208139516489497 0.064284924104809765 0.032971139013358991 0.16889122917614086 0.0075757449950961285 0.081546122559479309 0.010284732791066866 0.10863038082535451 0.0068598518986254927 0.066804114550352095 0.014846409052087549 0.056014233187803721 0.020173911289977173 0.12234682116125312 0.010011529399212016 0.07147455831043055 0.036572886249598334 0.049142241032216052 0.1320829365119128 -0.0080597758470060624 -0.025613050040282657 0.034978595978055874
leaf_weight=2432 545 3275 240 5204 3246 2446 315 39 1758 30 73 47 5021 35 513 39 32 40 171 178 1932 56 43 183 34 116 71 1314 447 783
leaf_count=2432 545 3275 240 5204 3246 2446 315 39 1758 30 73 47 5021 35 513 39 32 40 171 178 1932 56 43 183 34 116 71 1314 447 783
internal_value=0.000103188 -0.00566961 0.0302513 -0.0108023 -0.0130373 -0.0180785 0.0255322 0.0387601 -0.00659734 0.0596247 0.087354 0.128136 0.00406372 -0.0012053 0.0148361 0.0593168 0.0489941 0.00804386 0.0496641 0.0358432 0.0215355 0.0646906 0.0722048 0.0597803 0.065381 0.0738546 0.101156 -0.000745884 -0.0103976 0.0244435
internal_weight=30658 25731 4927 16847 14415 8097 4245 985 6318 682 189 77 8884 3823 548 112 493 5061 670 349 3260 321 282 226 253 221 105 3072 2893 2715
internal_count=30658 25731 4927 16847 14415 8097 4245 985 6318 682 189 77 8884 3823 548 112 493 5061 670 349 3260 321 282 226 253 221 105 3072 2893 2715
cat_boundaries=0 1
cat_threshold=12
is_linear=0
shrinkage=0.03


Tree=15
num_leaves=31
num_cat=2
split_feature=31 31 18 31 29 29 29 26 31 12 29 26 30 24 30 18 12 32 23 28 5 3 24 25 32 26 3 4 5 22
split_gain=5116.92 1198.57 584.742 472.451 387.554 267.906 248.859 222.877 220.487 206.888 243.211 191.898 180.866 179.974 177.82 171.773 163.633 163.553 162.133 187.452 159.782 158.362 192.334 147.619 157.353 238.898 174.49 241.101 162.656 142.988
threshold=5.4500000476837167 6.5499999523162851 2.2535713911056523 10.250000000000002 1.7749999761581423 1.5500000119209292 0.90000000596046459 0.83333334326744091 4.0499999523162851 3.7899999618530278 1.8999999761581423 3.1666666269302373 1.0000000180025095e-35 1.5833333134651186 1.0000000180025095e-35 9.0135135650634783 6.5774998664855966 0 1.5500000119209292 1.4166666865348818 1.0841667056083681 7.3833334445953378 0.41666667163372045 0.55000001192092907 1 2.1666666269302373 9.241666793823244 0.49833333492279058 2.248333334922791 1.8333333134651186
decision_type=2 2 2 2 10 8 10 10 2 2 8 8 2 10 2 2 2 9 10 10 10 2 10 10 9 10 2 10 8 10
left_child=2 18 4 9 8 7 -5 13 -1 -3 -11 14 15 -4 29 -8 -9 -6 19 -2 -19 -20 -23 -12 25 28 27 -26 -25 -10
right_child=1 3 5 6 17 -7 12 16 11 10 23 -13 -14 -15 -16 -17 -18 20 21 -21 -22 22 -24 24 26 -27 -28 -29 -30 -31
leaf_value=-0.034664751925519738 -0.0023874096740457347 0.013177809096119377 0.015192032652528862 0.018347276374697685 0.012946972372355283 0.0031375897006594464 0.036524332445834327 -0.01194940336478369 -0.022255996884741409 0.024870861812544408 0.092564227611854163 -0.037068906446924177 0.080956644699908792 -0.011112540690898894 -0.0096035526414242744 0.10965576765212146 0.015251609651105743 -0.0031737405497168857 0.010915706555846375 0.012558550711479497 -0.017439086687384229 0.074702713187426731 0.021760164820345262 0.05502957879545841 0.017817341542243955 -0.010696478279737326 -0.034314834475517267 0.10972121789090095 0.11040126011241227 -0.00780991782902882
leaf_weight=572 1729 890 623 144 395 3848 233 3814 2773 1892 58 349 255 375 3618 33 210 2469 2366 1341 990 73 401 188 150 39 42 31 64 793
leaf_count=572 1729 890 623 144 395 3848 233 3814 2773 1892 58 349 255 375 3618 33 210 2469 2366 1341 990 73 401 188 150 39 42 31 64 793
internal_value=-0.000206952 0.0175157 -0.00865517 0.0301553 -0.0129841 -0.00281864 0.0532553 -0.00738247 -0.0167082 0.0255753 0.0300533 -0.0153447 0.0629036 0.00530805 -0.0142894 0.045597 -0.0105299 -0.00515234 0.00892028 0.0041411 -0.00723571 0.0140865 0.0299138 0.047195 0.0420755 0.0564587 0.019883 0.0335578 0.0690922 -0.0190435
internal_weight=30758 9929 20829 4019 11959 8870 665 5022 8105 3354 2464 7533 521 998 7184 266 4024 3854 5910 3070 3459 2840 474 572 514 291 223 181 252 3566
internal_count=30758 9929 20829 4019 11959 8870 665 5022 8105 3354 2464 7533 521 998 7184 266 4024 3854 5910 3070 3459 2840 474 572 514 291 223 181 252 3566
cat_boundaries=0 1 2
cat_threshold=12 32
is_linear=0
shrinkage=0.03


Tree=16
num_leaves=31
num_cat=2
split_feature=31 31 27 22 32 31 25 13 27 25 29 22 12 29 4 30 25 25 27 10 30 4 29 31 12 19 2 19 32 20
split_gain=4594.94 1031.32 807.734 401.501 379.07 288.588 275.239 236.999 230.853 228.981 237.519 220.877 203.477 192.965 226.342 183.346 165.951 173.703 194.079 164.459 162.064 161.263 158.06 157.534 231.444 152.876 149.353 147.916 145.88 146.081
threshold=5.4500000476837167 7.2500000000000009 1.5500000119209292 1.5833333134651186 0 9.9499998092651385 2.3666666746139531 0.1001970022916794 1.5500000119209292 0.70833334326744091 1.8999999761581423 3.1666666269302373 5.4633333683013925 1.8999999761581423 0.631666660308838 1.0000000180025095e-35 2.7749999761581425 2.3666666746139531 0.45000000298023229 88.77500152587892 1.0000000180025095e-35 0.31025166809558874 0.45000000298023229 6.0499999523162851 10.070000171661379 35.500000000000007 19.166666984558109 7.5000000000000009 1 5.5000000000000009
decision_type=2 2 8 10 9 2 10 10 10 10 10 10 2 8 10 2 10 10 10 2 2 10 8 2 2 2 2 2 9 2
left_child=2 8 3 6 7 13 20 22 23 28 -11 -7 -10 -3 15 -15 17 18 -12 -14 -1 -6 -4 24 -2 -22 -25 -17 -5 -30
right_child=1 5 4 9 21 11 -8 -9 12 10 16 -13 19 14 -16 27 -18 -19 -20 -21 25 -23 -24 26 -26 -27 -28 -29 29 -31
leaf_value=-0.0095343794365331924 0.0093846957149891028 0.021761384577142488 -0.034979381338135024 0.0030108679873257996 -0.0026886905671491576 0.042983063165495626 -0.020386947083360977 -0.0075846155679460915 -0.0012374749571356729 -0.0030323858685532695 0.046890175504915747 0.095664538465164317 0.024224151324874408 0.015800422879256072 0.10376271997742793 0.10106789648532867 -0.039462935543060303 0.0683655983317982 0.0078580947835889814 -0.0014804041280774426 -0.0011595153433623508 0.044699686888386221 -0.018724678346904031 0.027551593677478965 0.078777859518304461 0.034527342601546218 0.0074257633879780769 0.041335070219507317 0.05176761830394918 0.011473002394620518
leaf_weight=3117 2561 1558 599 237 1304 619 1195 1674 1974 2735 134 81 653 192 51 51 50 55 794 341 3052 68 5322 1264 44 112 450 139 198 137
leaf_count=3117 2561 1558 599 237 1304 619 1195 1674 1974 2735 134 81 653 192 51 51 50 55 794 341 3052 68 5322 1264 44 112 450 139 198 137
internal_value=-9.48169e-05 0.0166389 -0.00812875 -0.00297659 -0.0149179 0.0325103 -0.00719005 -0.0175282 0.0107778 0.00428144 0.0015966 0.0490791 0.00433652 0.026685 0.044401 0.0364757 0.0138524 0.0165643 0.0134942 0.015406 -0.00467926 -0.000337535 -0.0203691 0.0152043 0.0105568 0.000103736 0.0222677 0.0573686 0.0219676 0.0342661
internal_weight=30761 9978 20783 11816 8967 2691 7476 7595 7287 4340 3768 700 2968 1991 433 382 1033 983 928 994 6281 1372 5921 4319 2605 3164 1714 190 572 335
internal_count=30761 9978 20783 11816 8967 2691 7476 7595 7287 4340 3768 700 2968 1991 433 382 1033 983 928 994 6281 1372 5921 4319 2605 3164 1714 190 572 335
cat_boundaries=0 1 2
cat_threshold=34 32
is_linear=0
shrinkage=0.03


Tree=17
num_leaves=31
num_cat=0
split_feature=31 31 31 27 25 27 28 27 26 18 12 24 28 3 14 22 13 31 25 3 31 13 22 14 26 8 27 19 18 30
split_gain=4399.15 893.88 783.32 466.943 376.17 338.538 335.612 302.252 291.567 265.296 243.668 215.983 179.179 228.345 185.142 173.213 172.591 162.703 153.293 135.389 131.077 130.986 127.865 219.632 127.592 138.388 141.196 132.891 126.339 127.22
threshold=5.9500000476837167 5.0499999523162851 8.4499998092651385 1.8999999761581423 2.2916666269302373 1.5500000119209292 1.8333333134651186 1.8999999761581423 1.0000000180025095e-35 5.1835014820098886 5.2099997997283944 0.83333334326744091 2.1666666269302373 7.8416666984558114 1.7972533106803896 2.4166666269302373 0.37211801111698156 4.6499998569488534 1.5500000119209292 8.616666793823244 4.0499999523162851 0.084059000015258803 1.5833333134651186 0.88005000352859508 1.1666666865348818 1.0000000180025095e-35 0.55000001192092907 4.5000000000000009 4.7165179252624521 1.0000000180025095e-35
decision_type=2 2 2 8 10 8 10 10 8 2 2 10 8 2 8 10 10 2 10 2 2 8 8 10 10 2 10 2 2 2
left_child=1 3 7 4 6 -3 11 12 -4 21 -7 18 -2 -14 19 20 -13 -5 -1 -15 -6 -10 28 24 25 26 -24 -27 29 -8
right_child=2 5 8 17 15 10 22 -9 9 -11 -12 16 13 14 -16 -17 -18 -19 -20 -21 -22 -23 23 -25 -26 27 -28 -29 -30 -31
leaf_value=-0.00098547049770813166 0.018168912923461192 0.0078393385029123189 0.12097443098245664 -0.023262146848177047 -0.04498115871466659 -0.0094365023185967525 -0.0094103950550811916 0.0039624179947208987 -0.012746182037517428 0.056659369939143826 0.010403764685370473 -0.011871310159005022 0.025706324013365801 0.094200046311222738 0.1078500502705574 0.020356005394196772 0.038868960068851217 -0.011500063044180553 0.044347052821091242 0.019367963764561364 -0.018975365767433385 0.032609170299825553 0.056336854563819039 -0.005418262641283463 0.005223622537177541 -0.0096784333756991803 0.0016973296297130298 0.053296385715040591 0.058446092317181252 0.0050078353260293211
leaf_weight=1640 3035 4553 43 2472 199 2451 1156 1176 64 544 721 5518 569 31 60 91 61 1851 70 73 1413 548 54 521 345 35 201 218 31 1052
leaf_count=1640 3035 4553 43 2472 199 2451 1156 1176 64 544 721 5518 569 31 60 91 61 1851 70 73 1413 548 54 521 345 35 201 218 31 1052
internal_value=-0.000198938 -0.0058589 0.0225156 -0.00971788 -0.00679998 0.00259738 -0.00475166 0.01724 0.0442691 0.0414159 -0.00492678 -0.00845751 0.0213839 0.0346957 0.0658845 -0.0199125 -0.0113165 -0.0182259 0.000870247 0.0416737 -0.0221858 0.0278661 0.00272464 0.00992901 0.0193029 0.0288646 0.0132681 0.0445845 -0.00169645 -0.00254084
internal_weight=30796 24653 6143 16928 12605 7725 10902 4944 1199 1156 3172 7289 3768 733 164 1703 5579 4323 1710 104 1612 612 3613 1374 853 508 255 253 2239 2208
internal_count=30796 24653 6143 16928 12605 7725 10902 4944 1199 1156 3172 7289 3768 733 164 1703 5579 4323 1710 104 1612 612 3613 1374 853 508 255 253 2239 2208
is_linear=0
shrinkage=0.03


Tree=18
num_leaves=31
num_cat=1
split_feature=31 31 31 27 27 27 32 6 15 29 11 12 30 12 23 9 1 1 12 5 1 23 17 11 29 5 5 7 5 19
split_gain=4315.2 1135.39 668.305 379.475 338.264 329.251 275.248 259.733 254.78 241.336 231.45 226.891 226.61 213.98 196.916 195.156 180.975 174.325 183.408 169.76 215.617 161.995 184.571 144.433 137.435 135.867 166.449 169.33 135.588 186.865
threshold=5.5499999523162851 8.4499998092651385 4.5499999523162851 1.4499999880790713 0.22500000149011615 1.1000000238418581 0 0.83333334326744091 0.36666667461395269 1.8999999761581423 21.10000038146973 4.4100000858306894 1.0000000180025095e-35 3.9900000095367436 1.5500000119209292 3.1000000238418584 66.416667938232436 89.833332061767592 10.244999885559084 1.4008499979972842 79.833332061767592 1.7749999761581423 0.77500000596046459 11.22499990463257 0.70833334326744091 1.0275666713714602 0.98798334598541271 1.0000000180025095e-35 1.2035666704177859 10.500000000000002
decision_type=2 2 2 8 10 8 9 2 2 10 2 2 2 2 10 2 2 2 2 8 2 10 2 2 10 8 10 2 8 2
left_child=2 4 5 6 8 -1 11 9 -2 -3 -9 -4 -7 -6 -14 23 -15 18 -12 20 -18 -21 -23 24 -5 26 27 -8 29 -17
right_child=1 7 3 15 13 12 25 10 -10 -11 17 -13 14 16 -16 28 19 -19 -20 21 -22 22 -24 -25 -26 -27 -28 -29 -30 -31
leaf_value=-0.0055407871778643415 0.036294546739621597 0.031867508015120928 -0.0083602385174843565 -0.022752347376711946 0.006276629285222584 -0.023568489279427285 0.0092373413069492174 0.0076940173034866655 0.12438089112440746 0.069827595812178428 0.063734981365063614 0.0078437446368412236 -0.017055439471803522 0.029127220006040892 -0.00027776322460600311 -0.011200921770862557 0.0013213876480686253 0.056733566633192817 0.15148978282151551 0.001246924078351452 0.028611700019800072 0.015767378817513424 0.086372717397553575 -0.020509095902485189 -0.0048561140361752806 0.0040721075150460129 0.073559289614359535 0.047270991731373987 -0.0071603284592276512 0.020164686939151015
leaf_weight=3109 165 795 2883 478 2860 2901 772 36 36 186 34 1065 1976 867 924 264 348 72 58 1206 1037 695 35 1340 2011 2796 45 122 1199 485
leaf_count=3109 165 795 2883 478 2860 2901 772 36 36 186 34 1065 1976 867 924 264 348 72 58 1206 1037 695 35 1340 2011 2796 45 122 1199 485
internal_value=-0.000151739 0.0181404 -0.00704504 -0.00282621 0.0136965 -0.0134183 0.00154173 0.0454173 0.0520712 0.0390648 0.076576 -0.00397902 -0.0176401 0.0126021 -0.0117097 -0.00863525 0.0169218 0.0916964 0.119059 0.0137354 0.0217546 0.00799854 0.0191526 -0.0125682 -0.008293 0.00736824 0.0172614 0.0144276 -0.000904725 0.00910925
internal_weight=30800 8430 22370 13460 7249 8910 7683 1181 201 981 200 3948 5801 7048 2900 5777 4188 164 92 3321 1385 1936 730 3829 2489 3735 939 894 1948 749
internal_count=30800 8430 22370 13460 7249 8910 7683 1181 201 981 200 3948 5801 7048 2900 5777 4188 164 92 3321 1385 1936 730 3829 2489 3735 939 894 1948 749
cat_boundaries=0 1
cat_threshold=32
is_linear=0
shrinkage=0.03


Tree=19
num_leaves=31
num_cat=0
split_feature=12 27 12 18 10 29 1 10 23 4 13 30 4 5 30 23 25 28 18 19 23 27 29 5 29 24 5 25 14 17
split_gain=2493.22 696.909 611.265 576.918 396.323 355.867 274.706 256.051 235.014 220.96 196.057 194.225 174.277 157.615 158.406 146.303 219.79 144.566 144.531 222.194 138.728 132.078 131.903 197.439 131.475 130.234 210.574 128.984 128.399 118.772
threshold=4.5633332729339608 1.8999999761581423 10.244999885559084 2.3585714101791386 65.450000762939467 1.1000000238418581 65.833332061767592 58.45000076293946 1.5500000119209292 0.19064333289861682 0.55700001120567333 1.0000000180025095e-35 0.010009999852627518 1.3601499795913699 1.0000000180025095e-35 1.5500000119209292 2.8999999761581425 0.58333334326744091 4.5067567825317392 18.500000000000004 3.1000000238418584 0.45000000298023229 2.3666666746139531 1.2466833591461184 1.4499999880790713 2.1666666269302373 1.1406833529472353 2.7749999761581425 0.41447000205516821 0.55000001192092907
decision_type=2 8 2 2 2 8 2 2 8 10 10 2 8 8 2 10 10 10 2 2 10 10 8 8 10 10 10 10 10 2
left_child=1 3 5 4 8 13 10 -5 -1 15 -7 12 -8 14 -2 24 -17 -9 -13 -20 21 -15 -14 29 -3 26 -6 -10 -11 -24
right_child=2 9 -4 7 25 6 11 17 27 28 -12 18 22 20 -16 16 -18 -19 19 -21 -22 -23 23 -25 -26 -27 -28 -29 -30 -31
leaf_value=-0.0060454725176437105 -0.0011540789426668099 -0.024134885438783366 0.042544684016019359 0.016451364737171847 -0.005361296561678921 0.029540090889295958 -0.02144640350745896 -0.014464629189630525 0.0072608016050823574 0.052779762381687759 0.10316954596954232 0.015620533722985266 0.0061684277335647486 0.036474692126115156 0.023636228899783174 -0.011191790236570357 0.060698704071916063 0.0032473588134642505 0.021537227701694216 0.066966250837191613 0.046513519822917085 -0.0080248865179630841 0.08577385275201363 0.011713935513557358 -0.010674226129999135 -0.023148303102865163 -0.021852430012347039 -0.041014735558453724 0.00066006892943446004 0.013782338201999665
leaf_weight=4095 443 2182 641 1332 2133 762 177 452 2136 48 34 1527 1600 63 487 2057 39 5031 337 136 47 1273 66 220 932 1004 1035 51 374 30
leaf_count=4095 443 2182 641 1332 2133 762 177 452 2136 48 34 1527 1600 63 487 2057 39 5031 337 136 47 1273 66 220 932 1004 1035 51 374 30
internal_value=-0.000127023 -0.00512662 0.0144714 -0.00213794 -0.00656521 0.0119728 0.0165597 0.00465336 -0.00180498 -0.0142906 0.0326851 0.0134237 0.00703539 0.00227754 0.0118275 -0.0159818 -0.00985413 0.00178724 0.020109 0.0345993 -0.00414435 -0.00592648 0.00966654 0.0273785 -0.0201062 -0.0137329 -0.010749 0.00613503 0.00658838 0.0632765
internal_weight=30744 22901 7843 17269 10454 7202 4889 6815 6282 5632 796 4093 2093 2313 930 5210 2096 5483 2000 473 1383 1336 1916 316 3114 4172 3168 2187 422 96
internal_count=30744 22901 7843 17269 10454 7202 4889 6815 6282 5632 796 4093 2093 2313 930 5210 2096 5483 2000 473 1383 1336 1916 316 3114 4172 3168 2187 422 96
is_linear=0
shrinkage=0.03


Tree=20
num_leaves=31
num_cat=1
split_feature=12 32 18 18 30 1 28 26 13 19 25 28 14 12 25 25 26 22 4 9 17 22 28 28 1 25 26 5 2 20
split_gain=2473.05 639.515 602.201 454.058 279.06 262.548 236.008 226.404 229.872 225.348 216.679 240.343 205.442 189.566 166.428 156.672 154.668 189.87 151.082 149.526 240.616 134.262 133.779 132.361 129.845 183.239 128.707 130.618 123.387 154.45
threshold=4.5633332729339608 0 5.254629611968995 2.2240144014358525 1.0000000180025095e-35 59.833333969116218 0.58333334326744091 1.1666666865348818 0.3145000040531159 18.500000000000004 2.3666666746139531 1.8333333134651186 1.6307399868965151 11.210000038146974 0.90000000596046459 0.77500000596046459 1.1666666865348818 1.5833333134651186 0.11662833392620088 9.5500001907348651 0.77500000596046459 0.83333334326744091 2.1666666269302373 2.8333333730697636 58.166666030883796 1.1000000238418581 1.5833333134651186 1.0400666594505312 14.833333492279055 6.5000000000000009
decision_type=2 9 2 2 2 2 10 10 10 2 10 10 10 2 10 10 8 10 8 2 2 10 8 10 2 10 10 10 2 2
left_child=1 -1 7 4 16 18 -7 22 15 13 11 14 -10 19 -6 -9 17 -3 -5 20 21 -4 -2 -12 25 28 27 -8 29 -20
right_child=2 3 9 5 10 6 26 8 12 -11 23 -13 -14 -15 -16 -17 -18 -19 24 -21 -22 -23 -24 -25 -26 -27 -28 -29 -30 -31
leaf_value=0.005284275924578927 0.013768756370135185 -0.016109059805862774 0.066526657661253749 -0.0022158949710928753 0.006029493632745994 -0.021553008149392327 0.0055741971212510876 0.017793189741697319 0.023336655434311279 0.051750696602571811 -0.023086520288735896 0.007059233907757115 -0.0098042447892587297 0.050114130647459496 -0.011155905100299917 -0.0020556029647192742 -0.020228156795913634 0.0018889064992291067 0.030070222998836209 -0.043241533461739035 0.07329139174272617 0.012433341499875366 0.030112076741097303 0.024962903266603293 0.064709436929955774 0.0031623433842215428 -0.0080756808924895007 -0.008322074060755618 -0.022088663424764361 0.098690312992442741
leaf_weight=4378 2023 1596 44 596 617 650 2145 426 921 386 834 1293 206 213 2849 2239 3239 788 280 34 72 672 580 55 49 516 2086 850 35 33
leaf_count=4378 2023 1596 44 596 617 650 2145 426 921 386 834 1293 206 213 2849 2239 3239 788 280 34 72 672 580 55 49 516 2086 850 35 33
internal_value=-4.71522e-05 -0.00502237 0.0145227 -0.0074588 -0.0112286 -0.00160045 -0.00453192 0.0105973 0.00592057 0.0321881 -0.00651852 -0.00397886 0.017279 0.0248922 -0.00809665 0.00111722 -0.0159596 -0.0101601 0.00953293 0.0183566 0.0210144 0.0157575 0.0174104 -0.0201138 0.0172025 0.0145082 -0.00235445 0.00163035 0.0313314 0.0373049
internal_weight=30705 22889 7816 18511 11271 7240 5731 6395 3792 1421 5648 4759 1127 1035 3466 2665 5623 2384 1509 822 788 716 2603 889 913 864 5081 2995 348 313
internal_count=30705 22889 7816 18511 11271 7240 5731 6395 3792 1421 5648 4759 1127 1035 3466 2665 5623 2384 1509 822 788 716 2603 889 913 864 5081 2995 348 313
cat_boundaries=0 1
cat_threshold=12
is_linear=0
shrinkage=0.03


Tree=21
num_leaves=31
num_cat=0
split_feature=31 31 27 11 25 22 29 27 21 27 29 22 26 30 12 26 27 22 30 30 4 25 29 25 3 25 4 19 27 31
split_gain=3780.89 798.679 675.128 374.761 300.869 268.134 233.645 204.472 224.44 199.498 199.125 341.767 214.762 180.567 178.208 174.706 171.555 165.373 203.008 163.865 235.131 194.456 153.061 152.114 148.738 152.8 141.159 195.649 165.907 142.522
threshold=5.4500000476837167 7.0499999523162851 1.4499999880790713 23.633333206176761 2.7083333730697636 1.5833333134651186 1.2916666865348818 0.22500000149011615 66.500000000000014 1.0000000180025095e-35 1.7749999761581423 2.8333333730697636 1.1666666865348818 1.0000000180025095e-35 5.7224998474121103 0.58333334326744091 1.8999999761581423 1.8333333134651186 1.0000000180025095e-35 1.0000000180025095e-35 0.059908332303166396 1.1000000238418581 2.1000000238418584 0.63333335518836986 6.6416666507720956 0.70833334326744091 0.21677666902542117 17.500000000000004 1.5500000119209292 6.4500000476837167
decision_type=2 2 8 2 10 8 10 8 2 10 10 10 10 2 2 10 10 10 2 2 10 10 10 10 2 10 10 2 10 2
left_child=2 7 4 9 5 22 13 8 -2 -3 -5 12 -12 -4 -8 17 -11 18 -7 -18 -21 -22 -1 -24 25 -17 28 -28 29 -9
right_child=1 3 6 10 -6 15 14 26 -10 16 11 -13 -14 -15 -16 24 19 -19 -20 20 21 -23 23 -25 -26 -27 27 -29 -30 -31
leaf_value=-0.0074443806997016035 0.084308704658196523 0.099609393417835229 -0.02376386409488342 0.038081711154360369 -0.022491245202381504 0.013270913958549499 -0.0099174795846369655 0.0076039560537688594 0.018658137598208016 0.026253584757495414 0.14999802316318858 0.018978122623637319 0.066900169120023112 -0.012408815851164268 0.016749943194910882 0.016339186406948349 -0.0094362709298729894 0.0074457949350380847 0.067768334633595231 -0.0022943232960577283 0.085901790513119219 0.015438398020608084 -0.039448935830074805 0.0063052483771841366 0.025817451626062391 -0.002701610027334907 0.0044533007245590077 0.025668580918080164 -0.00050168102556645609 0.025177493127006473
leaf_weight=5563 65 30 2497 395 660 138 3741 2581 168 1827 55 60 57 2545 240 440 272 481 111 159 71 70 69 1252 213 2750 705 879 2103 495
leaf_count=5563 65 30 2497 395 660 138 3741 2581 168 1827 55 60 57 2545 240 440 272 481 111 159 71 70 69 1252 213 2750 705 879 2103 495
internal_value=-0.000263739 0.0148916 -0.00757928 0.0278525 -0.00281674 -0.00163809 -0.0137427 0.00934113 0.0369727 0.0227262 0.0498133 0.0767552 0.107707 -0.0180323 -0.0083098 0.00440214 0.0217647 0.0177193 0.0375649 0.00742701 0.0227164 0.05092 -0.00526451 0.00391536 0.00154538 -7.52933e-05 0.00838916 0.0162262 0.00599221 0.0104319
internal_weight=30692 9992 20700 2996 11677 11017 9023 6996 233 2429 567 172 112 5042 3981 4133 2399 730 249 572 300 141 6884 1321 3403 3190 6763 1584 5179 3076
internal_count=30692 9992 20700 2996 11677 11017 9023 6996 233 2429 567 172 112 5042 3981 4133 2399 730 249 572 300 141 6884 1321 3403 3190 6763 1584 5179 3076
is_linear=0
shrinkage=0.03


Tree=22
num_leaves=31
num_cat=3
split_feature=31 31 27 23 31 32 13 26 27 32 31 28 28 30 27 25 32 25 25 30 22 27 12 13 27 12 23 24 27 12
split_gain=3563.35 876.152 518.258 352.269 279.802 265.891 249.554 232.575 210.159 195.848 194.556 187.715 187.214 174.98 170.043 165.633 172.337 163.379 151.694 151.401 160.457 281.695 145.621 129.431 152.978 126.419 124.64 173.262 155.612 138.615
threshold=5.4500000476837167 8.4499998092651385 1.4499999880790713 1.5500000119209292 6.2500000000000009 0 0.76100000739097606 1.0000000180025095e-35 0.22500000149011615 1 4.6499998569488534 2.1666666269302373 1.1666666865348818 1.0000000180025095e-35 1.8999999761581423 2.6333333253860478 2 2.5499999523162846 2.3666666746139531 1.0000000180025095e-35 3.1666666269302373 1.1000000238418581 5.5099999904632577 0.074009999632835402 0.45000000298023229 3.2224999666213994 1.1000000238418581 0.41666667163372045 1.7749999761581423 8.2225003242492694
decision_type=2 2 8 8 2 9 10 8 10 9 2 10 10 2 10 10 9 8 10 2 10 10 2 10 10 2 10 10 8 2
left_child=2 4 3 9 26 10 7 -3 12 -1 13 25 -6 -4 -10 16 22 19 -15 20 -18 -22 -5 -13 -25 -11 28 29 -2 -28
right_child=1 6 5 15 8 -7 -8 -9 14 11 -12 23 -14 18 -16 -17 17 -19 -20 -21 21 -23 -24 24 -26 -27 27 -29 -30 -31
leaf_value=0.0041206180949014907 0.0054500122507213037 0.10519076442718506 -0.026643408442075051 -0.0074436182733981088 0.12303641068935395 -0.00064826854431587061 0.083137682470328669 0.031537535362375434 0.020078132005480864 -0.014893868519489574 -0.010430771654232207 -0.0040961944272487252 0.033462744227477484 -0.0096446662280661385 0.0051779193812900963 -0.03206846120083226 -0.0015264784337079207 0.058268155500292775 -0.034264662656722206 0.015872812438527777 0.089370216009568196 -0.010876909643411635 0.019015149774199182 0.073843438120988703 0.01007840340007604 -0.004633985881081922 0.021246916464535484 0.0069028608467069687 -0.015291368317391189 0.080669247602161612
leaf_weight=1193 1191 40 1793 1256 30 1405 102 1091 2680 3509 4056 1003 70 1501 928 113 1273 60 265 1223 49 52 220 39 257 1562 503 2852 448 38
leaf_count=1193 1191 40 1793 1256 30 1405 102 1091 2680 3509 4056 1003 70 1501 928 113 1273 60 265 1223 49 52 220 39 257 1562 503 2852 448 38
internal_value=-0.000224749 0.0145215 -0.00728532 -0.00314954 0.0111817 -0.0126999 0.0381956 0.0341424 0.0174347 -0.00703189 -0.014903 -0.00911274 0.0603348 -0.0200417 0.0162457 0.00376573 0.00474547 0.00929092 -0.0133391 0.00819514 0.00136123 0.0377578 -0.00347635 0.00104816 0.0184799 -0.0117336 0.00657393 0.00985546 -0.000219383 0.0254208
internal_weight=30802 9973 20829 11809 8740 9020 1233 1131 3708 7563 7615 6370 100 3559 3608 4246 4133 2657 1766 2597 1374 101 1476 1299 296 5071 5032 3393 1639 541
internal_count=30802 9973 20829 11809 8740 9020 1233 1131 3708 7563 7615 6370 100 3559 3608 4246 4133 2657 1766 2597 1374 101 1476 1299 296 5071 5032 3393 1639 541
cat_boundaries=0 1 2 3
cat_threshold=34 12 32
is_linear=0
shrinkage=0.03


Tree=23
num_leaves=31
num_cat=0
split_feature=31 31 30 31 27 29 27 22 23 29 29 22 23 20 29 12 31 29 24 9 13 25 29 30 17 16 2 19 23 5
split_gain=3432.01 729.45 459.188 424.417 310.966 284.554 227.876 239.425 217.232 205.895 186.972 208.661 185.636 178.901 178.606 166.925 154.567 149.624 152.156 147.561 140.264 135.741 172.88 135.459 197.612 204.799 170.767 134.253 162.698 131.786
threshold=6.2500000000000009 5.0499999523162851 1.0000000180025095e-35 8.4499998092651385 1.1000000238418581 0.63333335518836986 1.7083333134651186 3.1666666269302373 1.5500000119209292 2.2916666269302373 2.4500000476837163 3.1666666269302373 3.1000000238418584 2.5000000000000004 0.77500000596046459 10.650000095367433 4.0499999523162851 1.7749999761581423 2.8333333730697636 3.8999999761581425 0.38449999690055853 2.3666666746139531 1.5500000119209292 1.0000000180025095e-35 0.45000000298023229 0.36666667461395269 33.416666030883796 23.500000000000004 2.3666666746139531 1.270183324813843
decision_type=2 2 2 2 10 10 8 10 8 8 10 10 10 2 10 2 2 10 10 2 10 10 10 2 2 2 2 2 10 8
left_child=1 2 5 4 9 27 7 15 20 -2 11 23 16 -13 -6 -3 -7 -18 -19 -16 21 22 -4 26 -25 -26 -5 28 -1 -21
right_child=3 6 8 10 14 12 -8 -9 -10 -11 -12 13 -14 -15 19 -17 17 18 -20 29 -22 -23 -24 24 25 -27 -28 -29 -30 -31
leaf_value=-0.024791867590262778 0.023967069797744461 0.0035059653464278805 -0.010427388572186636 0.014301264422825442 -0.0084252690655164057 -0.029374378077947967 -0.0052277886490898935 0.032344941682713006 0.0029294357479107348 0.056935627683997153 0.083941455950608132 0.017431361359708446 0.030811843177222686 0.10056633296447831 0.0071883837562786435 0.069218907773494709 -0.014366759675637469 -0.0031481790249500686 -0.030018358487020998 0.036227841041238974 0.048088114050830279 -0.018252787748475868 0.0014521452352689328 0.032108267652640854 0.11136324015737045 0.024150113855990078 0.083057764342852988 -0.04223541217233643 0.027589206074569689 0.013120528911296501
leaf_weight=559 1123 5816 2658 457 366 437 2729 279 2927 201 74 34 92 74 1145 35 4378 2392 206 401 41 900 1884 433 64 39 35 392 59 498
leaf_count=559 1123 5816 2658 457 366 437 2729 279 2927 201 74 34 92 74 1145 35 4378 2392 206 401 41 900 1884 433 64 39 35 392 59 498
internal_value=-0.000600858 -0.00499114 -0.00864181 0.0222954 0.0172918 -0.0135527 0.0019834 0.00519373 -0.00366963 0.0289721 0.0377363 0.0347265 -0.0115408 0.0743942 0.0108749 0.00389905 -0.0120664 -0.0109822 -0.00527876 0.0143308 -0.00719242 -0.00760891 -0.00549981 0.030559 0.0409925 0.0783408 0.0191925 -0.0285022 -0.0197911 0.0234276
internal_weight=30728 25784 16925 4944 3734 8515 8859 6130 8410 1324 1210 1136 7505 108 2410 5851 7413 6976 2598 2044 5483 5442 4542 1028 536 103 492 1010 618 899
internal_count=30728 25784 16925 4944 3734 8515 8859 6130 8410 1324 1210 1136 7505 108 2410 5851 7413 6976 2598 2044 5483 5442 4542 1028 536 103 492 1010 618 899
is_linear=0
shrinkage=0.03


Tree=24
num_leaves=31
num_cat=1
split_feature=31 31 18 30 9 22 5 26 29 29 17 31 29 26 9 32 31 30 13 26 4 22 22 26 2 11 13 18 3 8
split_gain=2979.41 634.424 560.084 379.768 243.153 229.603 202.528 198.705 191.819 191.675 198.083 190.665 184.44 176.214 156.518 156.413 181.922 146.361 186.167 167.415 140.763 165.173 140.55 140.45 139.978 134.71 133.788 130.097 200.792 157.656
threshold=5.7500000000000009 9.8499999046325701 2.5395009517669682 1.0000000180025095e-35 6.3666667938232431 3.1666666269302373 0.53401666879653942 2.8333333730697636 2.6333333253860478 0.77500000596046459 0.63333335518836986 4.0499999523162851 1.4499999880790713 3.1666666269302373 3.3666666746139531 0 6.2500000000000009 1.0000000180025095e-35 0.14411799609661105 1.1666666865348818 0.090088333934545531 3.1666666269302373 1.5833333134651186 0.83333334326744091 39.583333969116218 19.550000190734867 0.35622400045394903 6.1744422912597665 11.041666984558107 0.83333334326744091
decision_type=2 2 2 2 2 10 8 10 8 10 2 2 10 8 2 9 2 2 10 8 8 10 10 8 2 2 10 2 2 2
left_child=2 4 3 11 9 -3 -5 17 25 23 15 -1 -13 14 26 -11 -17 19 -19 -4 -14 -22 -12 -2 -7 -6 -8 28 -27 -29
right_child=1 5 7 6 8 24 13 -9 -10 10 22 12 20 -15 -16 16 -18 18 -20 -21 21 -23 -24 -25 -26 27 -28 29 -30 -31
leaf_value=-0.031744577986044763 0.026618122627415992 0.037108451592314184 0.0047263210791216531 0.0059473795957888081 0.086069734042341056 0.11666034086754447 -0.0074589513447334815 -0.016242348592550981 0.097250767712657504 0.0045844124871745945 0.0050244459116233963 -0.016721117807960029 -0.013761722779076734 -0.032236776429620619 0.0088256345955133441 0.0081961704130057537 0.022147587021246019 0.002692835986366905 0.018061468175316842 -0.0074166223195544535 -0.0025199562693783719 0.055121684045247407 0.063758447586770073 -0.0079645238790128914 0.037451483835616417 0.023103818758537894 0.056082148343324659 -0.0033122290515054304 0.075880980305373671 0.063141609869505219
leaf_weight=482 127 647 1884 1505 33 57 5051 567 37 1468 53 3727 1424 228 625 1428 2047 3133 917 2233 1635 46 119 630 31 285 30 208 84 38
leaf_count=482 127 647 1884 1505 33 57 5051 567 37 1468 53 3727 1424 228 625 1428 2047 3133 917 2233 1635 46 119 630 31 285 30 208 84 38
internal_value=0.00011095 0.0168623 -0.00508983 -0.00865435 0.0138997 0.0432922 -0.00388169 0.000931152 0.030814 0.0119265 0.0140116 -0.0135086 -0.012222 -0.00637456 -0.00534116 0.0129104 0.0163674 0.00212343 0.0061726 -0.00185983 -0.00682165 -0.000942612 0.0456602 -0.00216268 0.0887572 0.0270206 -0.00708378 0.0238521 0.0351181 0.006953
internal_weight=30779 7292 23487 14753 6557 735 7439 8734 685 5872 5115 7314 6832 5934 5706 4943 3475 8167 4050 4117 3105 1681 172 757 88 648 5081 615 369 246
internal_count=30779 7292 23487 14753 6557 735 7439 8734 685 5872 5115 7314 6832 5934 5706 4943 3475 8167 4050 4117 3105 1681 172 757 88 648 5081 615 369 246
cat_boundaries=0 1
cat_threshold=4
is_linear=0
shrinkage=0.03


Tree=25
num_leaves=31
num_cat=2
split_feature=31 31 32 31 23 26 30 26 13 17 13 30 22 14 31 2 26 7 10 22 31 8 18 9 11 23 13 32 31 13
split_gain=2736.61 825.584 374.716 368.164 320.489 244.293 272.996 193 197.013 191.917 188.492 178.597 219.547 179.424 173.921 136.23 144.967 135.73 132.989 132.594 230.75 147.187 159.299 146.718 125.16 124.525 122.46 119.611 128.756 117.344
threshold=5.3500001430511483 10.150000095367433 0 6.2500000000000009 1.1000000238418581 1.1666666865348818 1.0000000180025095e-35 1.1666666865348818 0.15812000632286075 0.36666667461395269 0.26449999213218695 1.0000000180025095e-35 3.1666666269302373 0.58100000023841869 4.0499999523162851 22.166666984558109 0.58333334326744091 0.41666667163372045 51.633333206176765 1.5833333134651186 10.949999809265138 1.0000000180025095e-35 7.0227272510528573 7.3666667938232431 1.8999999761581423 1.0000000180025095e-35 0.29079400002956396 1 5.0499999523162851 0.086010999977588667
decision_type=2 2 9 2 10 8 2 10 10 2 10 2 10 10 2 2 8 2 2 10 2 2 2 2 2 10 10 9 2 8
left_child=2 3 4 11 14 10 -7 8 -5 -8 24 12 -2 15 -1 16 -13 -15 -14 20 -3 -21 -23 -24 -6 -16 -9 28 -26 -17
right_child=1 19 -4 7 5 6 9 26 -10 -11 -12 13 18 17 25 29 -18 -19 -20 21 -22 22 23 -25 27 -27 -28 -29 -30 -31
leaf_value=-0.03228142642115845 -0.0017835387065402151 0.13251974827534443 0.0031707251513441019 0.016809979633341812 0.018164389755795981 -0.015302771605653707 -0.0071076345256262212 0.0069029155420165991 0.038052107193629794 0.010084042569800685 0.031041022922311506 0.023933706125937218 0.091774361997842779 0.017051032576392382 -0.035969842751605474 0.072254915339190789 -0.00095248331604886065 0.05743217107253494 0.021270908351804389 0.0089333248409357944 0.049625306083397429 0.03106167125700535 0.13246589833498001 0.054536456663774532 -0.00055283179589145338 -0.01166850796924148 0.021217246460872363 -0.0094839862686247074 0.023185253410235696 0.016746690520330478
leaf_weight=425 2958 37 2863 1111 289 3054 2214 1753 608 794 175 242 30 997 196 41 1627 81 122 132 165 204 30 79 1942 5975 776 1314 230 209
leaf_count=425 2958 37 2863 1111 289 3054 2214 1753 608 794 175 242 30 997 196 41 1627 81 122 132 165 204 30 79 1942 5975 776 1314 230 209
internal_value=-5.75142e-05 0.0117564 -0.00685429 0.00974005 -0.00857921 -0.00520179 -0.00898453 0.0165671 0.0243232 -0.00256967 0.000603519 0.00514178 2.33358e-05 0.0101209 -0.0137188 0.00505181 0.00226981 0.0200852 0.0351861 0.0446515 0.0648089 0.0355014 0.0467059 0.0759849 -0.000807491 -0.0124404 0.0112951 -0.00238032 0.00195188 0.02585
internal_weight=30673 11202 19471 10555 16608 10012 6062 4248 1719 3008 3950 6307 3110 3197 6596 2119 1869 1078 152 647 202 445 313 109 3775 6171 2529 3486 2172 250
internal_count=30673 11202 19471 10555 16608 10012 6062 4248 1719 3008 3950 6307 3110 3197 6596 2119 1869 1078 152 647 202 445 313 109 3775 6171 2529 3486 2172 250
cat_boundaries=0 1 2
cat_threshold=34 2
is_linear=0
shrinkage=0.03


Tree=26
num_leaves=31
num_cat=1
split_feature=31 31 27 32 29 18 22 19 2 18 5 29 29 25 25 0 23 20 2 31 7 19 29 18 4 29 27 18 19 5
split_gain=2960.09 677.687 477.755 310.863 285.64 271.065 268.085 268.033 257.07 215.65 199.059 238.537 175.007 179.06 162.733 160.168 158.828 151.032 150.702 525.896 178.464 207.918 167.395 150.776 145.609 144.518 144.133 143.242 143.038 133.172
threshold=5.4500000476837167 6.5499999523162851 1.4499999880790713 0 0.77500000596046459 4.2535715103149423 1.5833333134651186 3.5000000000000004 5.1666667461395273 2.2535713911056523 0.5447833538055421 1.7749999761581423 1.2250000238418581 0.70833334326744091 0.70833334326744091 2.8333333730697636 2.8999999761581425 17.500000000000004 34.833333969116218 11.650000095367433 1.0000000180025095e-35 24.500000000000004 1.2916666865348818 6.4305019378662118 0.36773499846458441 0.70833334326744091 1.1000000238418581 1.5469207763671877 2.5000000000000004 1.2105666995048525
decision_type=2 2 8 9 8 2 10 2 2 2 10 10 10 10 10 2 10 2 2 2 2 2 10 2 10 10 10 2 2 8
left_child=2 25 6 12 -3 7 9 8 -6 -1 11 14 13 -4 -8 -10 -12 18 20 23 21 28 29 -20 -5 -2 -16 -9 -7 -22
right_child=1 4 3 24 5 17 10 27 15 -11 16 -13 -14 -15 26 -17 -18 -19 19 -21 22 -23 -24 -25 -26 -27 -28 -29 -30 -31
leaf_value=-0.0098438031467466304 -0.0045199681114165488 0.0029310494192068088 -0.00043484212866559528 -0.00023714803839655225 0.013287704639136791 0.087665739612919943 0.023246011799887608 -0.0077330233610194664 0.13339852456342088 0.00066106177091661115 -0.001454127700292642 0.022866782109948653 -0.0088516031346048268 -0.020123375706827269 0.0067116435729262063 0.044369242325905826 -0.038133235732011037 -0.02491370663822939 0.074099716941515612 0.17347374627162934 0.066722922767160311 0.071993636694525548 0.013135020607769225 -0.009568156940596444 0.051428195518605849 0.0090210378498006855 -0.01346232988942753 0.018820020899904061 0.029561846766593881 0.024408004394933288
leaf_weight=4578 823 543 467 1314 60 42 285 207 44 2856 1779 790 3426 3787 758 31 113 36 36 32 119 194 452 42 51 5137 550 1567 414 153
leaf_count=4578 823 543 467 1314 60 42 285 207 44 2856 1779 790 3426 3787 758 31 113 36 36 32 119 194 452 42 51 5137 550 1567 414 153
internal_value=7.94972e-05 0.0135485 -0.00636622 -0.011545 0.0231477 0.0263492 -0.00236569 0.0188227 0.0595722 -0.00580804 0.00362037 0.00938859 -0.0138798 -0.017962 0.00270449 0.0965998 -0.00364479 0.0358018 0.0372747 0.0710626 0.0345697 0.0459805 0.0243253 0.0290478 0.00168089 0.0071512 -0.0017713 0.0157217 0.0349135 0.0429208
internal_weight=30686 9932 20754 9045 3972 3429 11709 1909 135 7434 4275 2383 7680 4254 1593 75 1892 1520 1484 110 1374 650 724 78 1365 5960 1308 1774 456 272
internal_count=30686 9932 20754 9045 3972 3429 11709 1909 135 7434 4275 2383 7680 4254 1593 75 1892 1520 1484 110 1374 650 724 78 1365 5960 1308 1774 456 272
cat_boundaries=0 1
cat_threshold=34
is_linear=0
shrinkage=0.03


Tree=27
num_leaves=31
num_cat=2
split_feature=31 31 31 27 23 29 27 14 27 25 32 3 23 29 17 32 29 30 17 18 14 5 27 1 30 14 29 14 27 26
split_gain=2618.09 709.679 336.357 304.975 285.398 337.931 292.817 308.026 234.024 216.588 209.876 179.587 164.767 151.716 151.547 149.039 148.364 190.326 168.095 136.49 207.849 134.494 134.393 133.118 132.99 147.146 133.148 131.971 143.599 128.292
threshold=6.2500000000000009 4.5499999523162851 9.8499999046325701 1.7083333134651186 1.7083333134651186 1.5500000119209292 0.90000000596046459 0.50055000185966503 1.1000000238418581 2.3666666746139531 0 5.616666555404664 2.7749999761581425 0.45000000298023229 0.22500000149011615 1 2.4500000476837163 1.0000000180025095e-35 0.55000001192092907 1.5594117641448977 0.14812999963760379 0.5447833538055421 1.2916666865348818 77.833332061767592 1.0000000180025095e-35 0.93224999308586132 0.70833334326744091 0.59050998091697704 2.1000000238418584 2.8333333730697636
decision_type=2 2 2 8 10 8 8 10 10 10 9 2 10 10 2 9 10 2 2 2 8 8 10 2 2 10 10 8 10 10
left_child=1 3 8 9 5 29 7 15 19 24 -7 21 16 -10 -14 -6 17 -4 27 20 -2 23 -16 -8 -1 -26 -27 -19 -29 -3
right_child=2 4 12 -5 6 10 11 -9 13 -11 -12 -13 14 -15 22 -17 -18 18 -20 -21 -22 -23 -24 -25 25 26 -28 28 -30 -31
leaf_value=-0.0091216601959228163 0.068382243037223817 -0.0061690402674424343 0.010436524748357068 -0.018771893436569292 0.042373875717082655 -0.0025637326460970968 0.002124862622332704 -0.0010473070860556933 -0.013858288474837128 -0.019940168400505501 0.0099586494365245647 0.013896346190174678 0.022618580024157252 0.013541215679108506 0.052187333450448216 0.014484007832310769 0.091262576472169399 -0.024963759899139404 0.090107772152870885 0.029352174726577949 -0.0206163496423412 -0.0044925558074241055 0.12650820125607734 0.031160444260248679 0.0058532911150769411 0.036603788438324743 -0.013031193695932745 0.053564076640874612 -0.016741506918784111 -0.021639892092719673
leaf_weight=2565 30 5946 272 2863 405 2688 510 460 196 956 2170 864 42 2525 41 358 36 30 60 1338 111 2683 47 197 1629 52 753 167 31 525
leaf_count=2565 30 5946 272 2863 405 2688 510 460 196 956 2170 864 42 2525 41 358 36 30 60 1338 111 2683 47 197 1629 52 753 167 31 525
internal_value=1.75712e-05 -0.00383306 0.0200477 -0.0107255 -0.000216615 -0.00293487 0.00540601 0.018343 0.0167885 -0.00685708 0.00304506 0.0016867 0.0389029 0.0115676 0.0695042 0.0300331 0.0322281 0.028433 0.0454297 0.0263937 -0.00168048 -0.00142514 0.0918814 0.0102154 -0.0043551 0.000668003 -0.00982496 0.0336724 0.0425566 -0.00742421
internal_weight=30550 25624 4926 8818 16806 11329 5477 1223 4200 5955 4858 4254 726 2721 130 763 596 560 288 1479 141 3390 88 707 4999 2434 805 228 198 6471
internal_count=30550 25624 4926 8818 16806 11329 5477 1223 4200 5955 4858 4254 726 2721 130 763 596 560 288 1479 141 3390 88 707 4999 2434 805 228 198 6471
cat_boundaries=0 1 2
cat_threshold=32 10
is_linear=0
shrinkage=0.03


Tree=28
num_leaves=31
num_cat=0
split_feature=31 31 27 18 10 27 31 29 23 29 16 11 28 3 21 29 2 22 18 4 10 14 10 29 31 14 20 4 4 22
split_gain=2304.32 573.395 504.95 365.92 248.747 242.721 259.385 250.557 193.479 177.367 172.669 194.615 235.881 158.749 211.227 154.515 139.371 144.245 139.114 145.266 154.199 140.238 153.88 139.171 135.532 132.046 128.16 119.667 129.604 113.405
threshold=5.4500000476837167 10.250000000000002 1.8999999761581423 2.5395009517669682 54.100000381469734 1.1000000238418581 6.2500000000000009 0.70833334326744091 2.5499999523162846 0.90000000596046459 1.0000000180025095e-35 15.09999990463257 1.8333333134651186 9.0416669845581072 72.500000000000014 1.5500000119209292 23.833333015441898 2.1666666269302373 1.5594117641448977 0.069971665740013136 86.450000762939467 0.47026999294757849 23.899999618530277 1.3666666746139529 4.4500000476837167 2.0210000276565556 12.500000000000002 0.053150000050663955 0.0033233333379030232 3.1666666269302373
decision_type=2 2 8 2 2 8 2 8 10 10 2 2 10 2 2 10 2 10 2 8 2 8 2 10 2 8 2 10 10 10
left_child=2 5 3 4 24 6 8 -7 -2 -3 16 -12 -13 26 -15 25 17 -11 -8 20 23 -21 -23 -20 27 -4 -9 28 -1 -17
right_child=1 9 15 -5 -6 7 18 13 -10 10 11 12 -14 14 -16 29 -18 -19 19 21 -22 22 -24 -25 -26 -27 -28 -29 -30 -31
leaf_value=-0.0053810918171592241 0.0058235578109333327 0.011200632526539266 -0.012794979439848768 0.0033839551190908731 -0.010465911724055086 -0.0083826060322337703 -0.0028018811532667469 0.0061956345884050454 0.039166078924439671 0.10255816808006224 -3.5805867612361905e-05 0.073349069593959065 0.011168055050075053 0.090387773886322978 0.018770327400526785 -0.0072337464371965456 0.013676515936851501 0.031378615989404564 0.06396684396266937 0.069680756337671401 -0.038143209463783675 0.089423040457673977 0.027204454582077722 -0.0019807286839932203 0.0030193114833974538 -0.024480077509676876 0.046011621307178924 0.015129139552628922 -0.025363843727943286 0.041112839362118389
leaf_weight=1182 1753 160 2331 5213 5821 909 143 4335 172 104 100 146 88 40 505 1473 30 34 45 83 56 37 1081 80 2784 1389 74 186 388 45
leaf_count=1182 1753 160 2331 5213 5821 909 143 4335 172 104 100 146 88 40 505 1473 30 34 45 83 56 37 1081 80 2784 1389 74 186 388 45
internal_value=-0.00012689 0.0117283 -0.00580898 -0.00309897 -0.00636077 0.00981064 0.0161243 0.00609546 0.00880273 0.0387062 0.0474729 0.0349945 0.0499648 0.00875201 0.0240267 -0.0138666 0.0722811 0.0850212 0.0253663 0.0282809 0.00322668 0.0320568 0.0292636 0.0217604 -0.00109732 -0.017158 0.0068639 -0.00762392 -0.0103195 -0.00580055
internal_weight=30787 9975 20812 15574 10361 9313 3450 5863 1925 662 502 334 234 4954 545 5238 168 138 1525 1382 181 1201 1118 125 4540 3720 4409 1756 1570 1518
internal_count=30787 9975 20812 15574 10361 9313 3450 5863 1925 662 502 334 234 4954 545 5238 168 138 1525 1382 181 1201 1118 125 4540 3720 4409 1756 1570 1518
is_linear=0
shrinkage=0.03


Tree=29
num_leaves=31
num_cat=2
split_feature=12 27 18 3 30 1 13 1 17 32 18 16 20 1 26 22 32 28 25 24 30 12 20 22 25 1 2 15 20 12
split_gain=1734.45 624.539 360.499 318.323 286.022 268.165 204.421 201.808 176.709 175.046 166.69 197.466 160.192 175.445 152.421 148.443 188.709 143.855 140.844 138.685 193.745 128.166 119.399 118.61 114.177 112.225 110.525 220.333 108.936 107.231
threshold=4.6099998950958261 1.8999999761581423 2.2240144014358525 8.4416666030883807 1.0000000180025095e-35 66.416667938232436 0.3261720091104508 82.166667938232436 0.36666667461395269 0 2.8509259223937993 1.0000000180025095e-35 -1.0000000180025095e-35 63.166666030883796 1.1666666865348818 1.8333333134651186 1 0.83333334326744091 1.2250000238418581 0.41666667163372045 1.0000000180025095e-35 4.0633332729339608 17.500000000000004 1.1666666865348818 2.4500000476837163 46.416666030883796 7.1666667461395273 0.22500000149011615 10.500000000000002 4.2449998855590829
decision_type=2 8 2 2 2 2 10 2 2 9 2 2 2 2 10 10 9 8 10 10 2 2 2 10 10 2 2 2 2 2
left_child=1 2 7 4 5 10 8 9 14 -1 -2 26 -4 21 25 16 -3 19 -11 20 -5 24 23 -19 28 -6 -12 -28 -14 -20
right_child=3 15 12 17 6 -7 -8 -9 -10 18 11 -13 13 -15 -16 -17 -18 22 29 -21 -22 -23 -24 -25 -26 -27 27 -29 -30 -31
leaf_value=0.010684712083850589 -0.0012149443787158182 -0.022726845953427666 0.061726172351559923 0.0025318223521113396 0.071434603150813805 -0.0017781206063028875 0.029896509844134361 -0.011156439425244521 0.021857672247087179 0.0023264888679261054 0.021838216066360473 0.01649425261034522 0.0089689422054472084 0.0008278510830023191 -0.0046033226088494873 -0.0046176823120398554 -0.0095086752652516118 0.010238741291570959 -0.0078669427047955171 0.0003223805841415712 0.091113308943808063 0.033243128280221565 -0.019186774468485344 0.033337673365904562 -0.023289800547063349 0.012779187877336349 0.14061404565402441 0.044327280172908844 0.051862830373373893 0.037738859120835647
leaf_weight=865 184 1804 43 50 31 2371 706 3038 868 2186 40 215 1711 5442 740 1560 2216 241 3638 365 40 211 47 1178 96 554 35 55 55 47
leaf_count=865 184 1804 43 50 31 2371 706 3038 868 2186 40 215 1711 5442 740 1560 2216 241 3638 365 40 211 47 1178 96 554 35 55 55 47
internal_value=0.000400508 -0.00374323 -0.000932868 0.0126986 0.00919243 0.00253097 0.0158562 -0.00473753 0.0113361 -0.00184255 0.0218445 0.0341429 0.00398732 0.00365695 0.00444354 -0.0124725 -0.0155206 0.0232828 -0.00370014 0.0085468 0.0419014 0.0110838 0.0278564 0.0294146 0.00857277 0.0158874 0.0633309 0.0817721 0.0103048 -0.00728527
internal_weight=30632 22912 17332 7720 5799 2900 2899 9774 2193 6736 529 345 7558 7515 1325 5580 4020 1921 5871 455 90 2073 1466 1419 1862 585 130 90 1766 3685
internal_count=30632 22912 17332 7720 5799 2900 2899 9774 2193 6736 529 345 7558 7515 1325 5580 4020 1921 5871 455 90 2073 1466 1419 1862 585 130 90 1766 3685
cat_boundaries=0 1 2
cat_threshold=12 2
is_linear=0
shrinkage=0.03


Tree=30
num_leaves=31
num_cat=1
split_feature=12 32 27 25 3 30 29 29 4 14 12 23 21 18 4 29 23 12 21 15 23 4 29 2 18 16 5 2 12 11
split_gain=1649.96 470.267 390.929 407.305 372.132 285.594 205.784 180.96 179.555 196.559 171.351 167.139 163.147 179.679 137.388 141.457 136.402 134.55 193.084 138.498 122.994 147.826 121.617 115.987 145.087 115.048 114.502 112.757 134.277 172.306
threshold=4.5225000381469735 0 1.8999999761581423 1.4499999880790713 8.4416666030883807 1.0000000180025095e-35 2.2916666269302373 2.3666666746139531 0.14020500332117083 0.27207000553607946 4.2900002002716073 1.7083333134651186 11.500000000000002 3.8834841251373295 0.080318331718444838 1.1000000238418581 3.1000000238418584 11.210000038146974 78.500000000000014 0.22500000149011615 1.8999999761581423 0.086824998259544386 1.7749999761581423 19.166666984558109 6.1744422912597665 1.0000000180025095e-35 0.138333335518837 11.583333492279055 5.9100000858306894 7.6333332061767587
decision_type=2 9 8 10 2 2 10 8 10 10 2 10 2 2 8 10 10 2 2 2 8 10 10 2 2 2 8 2 2 2
left_child=1 20 3 14 5 7 -5 12 -4 -10 -8 27 13 -2 -3 -16 23 19 -19 22 -1 -22 -6 24 -14 -23 -17 28 -7 -30
right_child=4 2 8 6 17 11 10 -9 9 -11 -12 -13 16 -15 15 26 -18 18 -20 -21 21 25 -24 -25 -26 -27 -28 -29 29 -31
leaf_value=0.002270376372377903 0.0074062995252938101 -0.0047335789040749135 -0.016038551178647917 -0.011473954643219987 0.022514240384813328 0.0086355281111337133 0.00096288595678376367 0.022879782662712612 0.076957264803349967 -0.0020339326579448614 0.064397447794675822 0.0235761731965821 -0.00076183663890358173 0.095959122106432912 -0.0036506175974076521 0.062869697429917076 0.032713336824756307 0.1032261853149304 0.032438002287770232 0.012933572359694822 0.01070204695251367 0.021379901969432829 0.053527720670667162 -0.013777968989891557 0.05702210540324449 0.09012436793400691 0.006721744513141688 0.0035671859569048163 0.10126289224082774 0.027025606423148309
leaf_weight=3490 58 2468 3984 5465 377 377 915 325 30 516 40 1185 1752 32 1545 33 97 39 313 974 783 50 163 713 40 39 3457 1165 33 191
leaf_count=3490 58 2468 3984 5465 377 377 915 325 30 516 40 1185 1752 32 1545 33 97 39 313 974 783 50 163 713 40 39 3457 1165 33 191
internal_value=2.06491e-06 -0.00407672 -0.00616896 -0.00368162 0.0118807 0.00822462 -0.0092287 0.00173412 -0.0138275 0.00230624 0.00361983 0.0148603 -0.000818757 0.0388917 0.00106479 0.00390696 -0.0021923 0.023574 0.040281 0.0196897 0.00477748 0.0148665 0.0318757 -0.00354393 0.000527983 0.0515039 0.00725266 0.00901185 0.019566 0.0379623
internal_weight=30649 22815 18453 13923 7834 5968 6420 3017 4530 546 955 2951 2692 90 7503 5035 2602 1866 352 1514 4362 872 540 2505 1792 89 3490 1766 601 224
internal_count=30649 22815 18453 13923 7834 5968 6420 3017 4530 546 955 2951 2692 90 7503 5035 2602 1866 352 1514 4362 872 540 2505 1792 89 3490 1766 601 224
cat_boundaries=0 1
cat_threshold=12
is_linear=0
shrinkage=0.03


Tree=31
num_leaves=31
num_cat=2
split_feature=31 31 30 27 18 28 9 23 27 14 25 19 31 18 23 32 27 4 11 10 23 28 5 19 31 22 32 24 22 25
split_gain=2222.19 591.406 274.639 262.688 270.784 257.364 228.774 197.743 187.187 186.418 186.527 208.074 174.099 199.891 167.317 156.118 154.938 152.391 151.779 248.663 147.619 150.076 146.028 158.617 144.185 141.97 135.456 132.45 131.691 125.227
threshold=6.2500000000000009 4.5499999523162851 1.0000000180025095e-35 0.22500000149011615 5.254629611968995 1.8333333134651186 3.2916666269302373 1.3666666746139529 1.7083333134651186 0.25878998637199407 2.3666666746139531 5.5000000000000009 8.6500000953674334 5.5067567825317392 3.1000000238418584 0 2.1000000238418584 0.083555001765489592 25.10000038146973 46.266666412353523 2.7749999761581425 1.1666666865348818 1.394933342933655 5.5000000000000009 7.4500000476837167 1.8333333134651186 1 0.83333334326744091 1.8333333134651186 0.36666667461395269
decision_type=2 2 2 10 2 10 2 10 10 8 10 2 2 2 10 9 10 10 2 2 10 10 10 2 2 10 9 10 10 10
left_child=1 2 8 7 14 6 26 -2 28 -4 11 -11 13 -6 -5 17 -17 -7 19 -16 -14 -22 23 29 -9 -18 -3 -21 -1 -8
right_child=3 5 9 4 12 15 22 24 -10 10 -12 -13 20 -15 18 16 25 -19 -20 27 21 -23 -24 -25 -26 -27 -28 -29 -30 -31
leaf_value=-0.013404314251845363 0.10267773171788767 0.0042496360629970678 0.011080923043014879 0.012439873403449613 0.05695247473035539 -0.0047470548341048153 0.017027790794769924 0.076796771071173928 -0.023324488706874053 -0.024477472569932171 -0.021383782071444569 -0.00070114606217148003 0.035497122653401818 0.011264754135680547 -0.012692261695861816 0.014651569710304728 -0.027211393119618753 0.0098739301506079787 -0.015094132667238061 0.12833077795365277 0.11579677129245322 0.04236609060893004 -0.0099601045718116545 0.0089118585940705965 -0.0057623249292373651 0.016777173248497215 -0.0067056148887181689 0.056157732297267234 0.0022225243394802274 -0.017289133057859375
leaf_weight=2406 57 1191 633 3515 105 1616 126 33 1465 376 632 2784 429 481 35 2017 163 1064 33 34 46 55 596 2870 45 111 6760 70 608 398
leaf_count=2406 57 1191 633 3515 105 1616 126 33 1465 376 632 2784 429 481 35 2017 163 1064 33 34 46 55 596 2870 45 111 6760 70 608 398
internal_value=0.000493891 -0.003033 -0.00929085 0.0189326 0.0177725 0.000261689 -0.00212612 0.0602046 -0.0145278 -0.00399002 -0.00650582 -0.00353023 0.0307199 0.0194511 0.0138536 0.00599751 0.0117249 0.00105376 0.0427439 0.0564752 0.0431793 0.0758098 0.00373565 0.00614068 0.0291665 -0.00939121 -0.00506769 0.0797528 -0.010252 -0.00903735
internal_weight=30754 25816 8904 4938 4803 16912 11941 135 4479 4425 3792 3160 1116 586 3687 4971 2291 2680 172 139 530 101 3990 3394 78 274 7951 104 3014 524
internal_count=30754 25816 8904 4938 4803 16912 11941 135 4479 4425 3792 3160 1116 586 3687 4971 2291 2680 172 139 530 101 3990 3394 78 274 7951 104 3014 524
cat_boundaries=0 1 2
cat_threshold=32 12
is_linear=0
shrinkage=0.03


Tree=32
num_leaves=31
num_cat=2
split_feature=31 31 27 25 32 30 29 29 30 32 19 29 27 5 31 22 25 19 14 16 26 31 29 13 3 27 2 9 10 26
split_gain=1927.71 498.418 382.638 277.641 244.738 244.165 226.593 208.295 199.294 170.742 211.802 158.737 193.579 153.152 152.447 147.602 146.381 258.883 200.344 191.391 183.772 160.257 144.933 149.744 138.126 187.936 162.429 202.973 144.325 136.072
threshold=5.4500000476837167 7.4500000476837167 1.4499999880790713 2.7083333730697636 0 1.0000000180025095e-35 1.8999999761581423 0.77500000596046459 1.0000000180025095e-35 1 5.5000000000000009 0.70833334326744091 1.1000000238418581 0.56321665644645702 4.7500000000000009 1.5833333134651186 1.2916666865348818 8.5000000000000018 0.9245000183582307 1.0000000180025095e-35 1.4166666865348818 10.84999990463257 0.77500000596046459 0.062021998688578613 11.041666984558107 0.45000000298023229 36.833333969116218 8.4499998092651385 67.450000762939467 1.1666666865348818
decision_type=2 2 8 10 9 2 10 10 2 9 2 10 8 8 2 10 10 2 10 2 10 2 10 8 2 10 2 2 2 10
left_child=2 11 3 6 22 24 8 -7 14 -10 29 12 -2 -12 -1 -8 17 18 -9 20 -18 -19 -4 -24 25 -3 27 -26 -27 -11
right_child=1 5 4 -5 -6 7 15 16 9 10 13 -13 -14 -15 -16 -17 19 21 -20 -21 -22 -23 23 -25 26 28 -28 -29 -30 -31
leaf_value=-0.013860547439849302 0.018701529814861714 0.063691328415330845 -0.020700845880173548 -0.020407140464084084 0.0019468907674669445 0.0013853396279964504 0.0014035616227246206 0.062467611490748823 -0.0067756611243792991 -0.028427958520941245 0.027134967901270481 0.0088672329393909045 -0.011451248412174504 0.0058078580066606988 -0.0020535846320159559 0.015014827329764325 0.074227711077659367 0.025850017043842894 0.1459333104707978 0.0035299517528676401 0.0065392075832617479 0.065284586018852647 -0.016110308837961235 -0.0064673122200880114 0.033022829697172087 0.02025367159715356 -0.022403985279447893 0.12005370150506496 -0.0040257508601832517 0.020345847308635711
leaf_weight=1982 256 53 1395 670 1346 164 1962 120 1451 234 358 6534 762 1974 1955 1130 93 368 33 205 59 124 2289 3951 123 365 34 30 556 66
leaf_count=1982 256 53 1395 670 1346 164 1962 120 1451 234 358 6534 762 1974 1955 1130 93 368 33 205 59 124 2289 3951 123 365 34 30 556 66
internal_value=-1.77209e-05 0.0108909 -0.00520805 -0.00165236 -0.00987268 0.0230303 -0.00052154 0.0327271 -0.00318153 0.00146228 0.0060067 0.00715046 -0.00386862 0.00908192 -0.00799755 0.00637792 0.0378569 0.0463876 0.08047 0.0224443 0.0479539 0.0357888 -0.0119433 -0.0100046 0.0132916 0.00875761 0.0369074 0.0500877 0.00559639 -0.0176977
internal_weight=30642 9879 20763 11782 8981 2327 11112 1166 8020 4083 2632 7552 1018 2332 3937 3092 1002 645 153 357 152 492 7635 6240 1161 974 187 153 921 300
internal_count=30642 9879 20763 11782 8981 2327 11112 1166 8020 4083 2632 7552 1018 2332 3937 3092 1002 645 153 357 152 492 7635 6240 1161 974 187 153 921 300
cat_boundaries=0 1 2
cat_threshold=34 32
is_linear=0
shrinkage=0.03


Tree=33
num_leaves=31
num_cat=0
split_feature=31 31 31 27 27 25 12 27 23 12 19 30 23 14 27 25 18 31 6 21 1 3 11 18 12 27 26 22 8 3
split_gain=2105.36 545.646 297.778 284.735 236.491 218.664 200.159 183.684 164.944 138.584 147.354 162.683 135.782 134.158 128.53 224.102 124.464 120.865 116.936 120.798 118.56 165.389 153.69 114.856 268.103 132.919 147.619 144.936 130.882 288.209
threshold=6.2500000000000009 5.0499999523162851 9.8499999046325701 1.8999999761581423 1.5500000119209292 2.6333333253860478 10.650000095367433 1.0000000180025095e-35 1.5500000119209292 5.810000181198121 8.5000000000000018 1.0000000180025095e-35 2.7749999761581425 0.75413998961448681 1.1000000238418581 2.5499999523162846 1.5303308963775637 4.0499999523162851 0.58333334326744091 79.500000000000014 80.416667938232436 7.0833332538604745 17.366666793823246 6.1744422912597665 7.7633335590362558 1.8999999761581423 2.1666666269302373 1.5833333134651186 1.0000000180025095e-35 6.3416666984558114
decision_type=2 2 2 8 10 10 2 10 10 2 2 2 10 10 10 10 2 2 2 2 2 2 2 2 2 10 10 10 2 2
left_child=1 3 7 5 6 8 12 -2 17 -6 -11 -12 -3 -14 15 -10 -9 -1 19 -13 -21 -22 -23 25 -25 27 -27 28 -4 -30
right_child=2 4 23 -5 9 -7 -8 16 14 10 11 18 13 -15 -16 -17 -18 -19 -20 20 21 22 -24 24 -26 26 -28 -29 29 -31
leaf_value=-0.021149869937715785 0.067571044837014149 0.0048366842538788259 0.10023947025867218 -0.013175221023185824 -0.0060039969781076029 -0.0202217795127097 0.073488499889150266 -0.0026428582582248153 0.0059086227551346914 -0.018077147898434752 -0.00022382146125673349 -0.0019284740941865105 0.034132158428758053 -0.0098329048355420418 -0.0032122980166720224 0.081491446793079375 0.015869072441809236 -0.0049701228572621367 -0.0050306485044328787 0.10690198383294046 0.0088775205341252422 0.028268610276281834 0.11923332774639128 0.11511757047381252 0.037708868667259809 -0.046515158664348508 0.028615743284328626 0.019675884688409362 -0.033148204487177632 0.088070282333689492
leaf_weight=441 59 4927 47 4345 3012 728 40 358 1830 142 266 42 273 81 2317 36 3760 7194 57 32 66 32 35 48 250 43 52 205 31 41
leaf_count=441 59 4927 47 4345 3012 728 40 358 1830 142 266 42 273 81 2317 36 3760 7194 57 32 66 32 35 48 250 43 52 205 31 41
internal_value=3.34031e-05 -0.00337692 0.0180787 -0.00655653 0.0025872 -0.00426431 0.00663249 0.0150128 -0.00328131 -0.00325563 0.00906296 0.0163345 0.0061261 0.0240724 0.00150695 0.00736681 0.0142597 -0.00590467 0.0330182 0.0434954 0.0550578 0.042584 0.0757875 0.0359398 0.0501774 0.0258138 -0.00539088 0.0349633 0.0612987 0.035879
internal_weight=30790 25896 4894 16891 9005 12546 5321 4177 11818 3684 672 530 5281 354 4183 1866 4118 7635 264 207 165 133 67 717 298 419 95 324 119 72
internal_count=30790 25896 4894 16891 9005 12546 5321 4177 11818 3684 672 530 5281 354 4183 1866 4118 7635 264 207 165 133 67 717 298 419 95 324 119 72
is_linear=0
shrinkage=0.03


Tree=34
num_leaves=31
num_cat=0
split_feature=18 3 27 27 30 30 29 23 23 27 30 20 2 27 14 24 14 24 13 3 11 27 29 29 22 15 14 2 4 27
split_gain=1148.49 512.047 294.585 285.466 262.372 246.094 200.126 177.166 162.733 155.213 152.453 151.841 171.858 148.544 148.28 144.785 144.577 142.988 141.427 140.75 176.693 134.716 131.747 130.841 130.529 127.667 164.666 149.698 127.537 127.034
threshold=2.5395009517669682 8.1833333969116229 1.8999999761581423 0.90000000596046459 1.0000000180025095e-35 1.0000000180025095e-35 0.55000001192092907 1.7749999761581423 2.8999999761581425 1.6333333253860476 1.0000000180025095e-35 9.5000000000000018 35.166666030883796 2.8999999761581425 0.11225000023841859 0.41666667163372045 0.89417999982833873 0.41666667163372045 0.3145000040531159 4.9833333492279062 8.5500001907348651 1.2250000238418581 2.5499999523162846 2.6333333253860478 1.8333333134651186 0.36666667461395269 0.45003999769687658 16.166666984558109 0.41049166023731237 1.1000000238418581
decision_type=2 2 8 10 2 2 10 10 10 10 2 2 2 10 8 10 10 10 8 2 2 10 10 8 10 2 10 2 10 10
left_child=2 3 5 7 18 8 -6 -2 19 11 -11 12 23 17 21 -12 -10 28 29 -1 -21 -7 25 -3 -4 26 -9 -28 -8 -5
right_child=1 9 24 4 6 14 13 22 16 10 15 -13 -14 -15 -16 -17 -18 -19 -20 20 -22 -23 -24 -25 -26 -27 27 -29 -30 -31
leaf_value=-0.009509169937638718 0.0065390967170242216 0.026536946557260483 -0.015442681375719488 0.0079384307341742455 -0.016179522983729839 0.024773726322760817 0.019576590095524381 0.025165739267142776 0.034557143981627965 -0.0049506502977513167 0.066692252774433844 0.0092781763499904732 0.083807117817923424 -0.015649992922196786 -0.00040320518399273377 0.014254017723256785 -0.036076229978352782 0.0070698360407408581 0.0016239058150217278 0.039877778513206015 -0.0019333389949142223 -0.0036339273300549503 0.054722768350960772 0.072409765819087618 -0.0029668859157203778 0.044826621477837329 0.019751860403374535 -0.021057418549464923 0.082974979203194382 -0.011864806841598748
leaf_weight=5579 1728 831 3059 343 328 423 594 485 141 346 58 333 56 225 5518 259 32 3603 2317 111 504 233 101 60 1002 143 149 177 30 1943
leaf_count=5579 1728 831 3059 343 328 423 594 485 141 346 58 333 56 225 5518 259 32 3603 2317 111 504 233 101 60 1002 143 149 177 30 1943
internal_value=6.29204e-06 0.00629946 -0.00534187 0.00401549 0.00151278 -0.00306784 0.00643561 0.0124535 -0.00720614 0.0206004 0.00881903 0.0267028 0.03283 0.00810178 0.00119982 0.0238484 0.021492 0.00936607 -0.00359936 -0.00800769 0.00561306 0.0146838 0.0221407 0.029626 -0.0123644 0.0186913 0.0140829 -0.00240532 0.0226246 -0.00889345
internal_weight=30711 14109 16602 12166 9383 12541 4780 2783 6367 1943 663 1280 947 4452 6174 317 173 4227 4603 6194 615 656 1055 891 4061 954 811 326 624 2286
internal_count=30711 14109 16602 12166 9383 12541 4780 2783 6367 1943 663 1280 947 4452 6174 317 173 4227 4603 6194 615 656 1055 891 4061 954 811 326 624 2286
is_linear=0
shrinkage=0.03


Tree=35
num_leaves=31
num_cat=0
split_feature=12 18 10 27 3 21 10 25 11 30 14 11 29 27 27 23 9 27 2 0 25 25 3 14 30 23 29 5 11 23
split_gain=1113.58 482.354 275.313 266.826 212 308.329 203.459 193.796 185.008 172.335 191.946 195.427 157.232 237.197 149.288 142.582 163.669 152.624 133.631 334.662 167.674 132.884 129.771 115.858 115.093 135.5 115.955 124.203 114.511 114.258
threshold=5.9100000858306894 2.5395009517669682 64.224998474121108 1.5500000119209292 11.041666984558107 77.500000000000014 54.45000076293946 1.3666666746139529 26.10000038146973 1.0000000180025095e-35 1.5205500125885012 9.9000000953674334 2.5499999523162846 0.90000000596046459 1.1000000238418581 3.1000000238418584 3.3666666746139531 2.4500000476837163 40.833333969116218 10.833333492279055 0.45000000298023229 0.45000000298023229 2.0833332538604741 0.38403999805450445 1.0000000180025095e-35 2.7749999761581425 2.2916666269302373 1.7808499932289126 12.633333683013918 3.1000000238418584
decision_type=2 2 2 8 2 2 2 10 2 2 8 2 10 10 10 10 2 8 2 2 10 10 2 8 2 10 10 8 2 10
left_child=1 3 12 6 9 8 7 -1 -6 14 -11 -12 23 -14 -2 17 -17 -4 19 20 -7 -5 -9 -3 25 -8 -26 -28 -16 -23
right_child=4 2 15 21 5 18 24 22 -10 10 11 -13 13 -15 28 16 -18 -19 -20 -21 -22 29 -24 -25 26 -27 27 -29 -30 -31
leaf_value=0.010252898675446674 0.015534686708317594 -0.0058031158165143025 0.00090775826444634768 0.013476516333847449 0.039194961948828266 0.069520385284458516 -0.012432841075514752 -0.0069415966015943997 0.13820506187847681 0.027115421507462323 0.053432377388205707 0.0042271313136226915 0.098378642176059961 0.013847935727638441 0.019303933172626419 -0.018234721062318333 0.044176969507878472 -0.014214650581512629 -0.014467237955449443 0.12368770016537559 0.014947887524089164 -0.011364835066733584 0.0073863910129499987 0.013782739778734138 -0.0046812666044262407 0.02852927650809288 0.031669180073727994 -0.0032133218490016397 -0.0054830919942245463 0.021272271427002793
leaf_weight=1713 741 328 7239 208 33 58 2350 1895 35 947 79 903 47 82 200 53 132 655 76 31 401 6478 813 1587 2116 75 177 191 1040 98
leaf_count=1713 741 328 7239 208 33 58 2350 1895 35 947 79 903 47 82 200 53 132 655 76 31 401 6478 813 1587 2116 75 177 191 1040 98
internal_value=-5.79512e-06 -0.00238046 0.00275162 -0.0056045 0.0137055 0.0297976 -0.00231268 0.00235558 0.090156 0.0110962 0.0174788 0.0081856 0.0125876 0.0446459 0.00488116 0.0002631 0.0262969 -0.000347015 0.0225461 0.0282869 0.0218438 -0.0101317 -0.00264003 0.0104281 -0.00651688 -0.011166 -0.0019782 0.0135644 -0.00148518 -0.0108785
internal_weight=30781 26237 10123 16114 4544 634 9330 4421 68 3910 1929 982 2044 129 1981 8079 185 7894 566 490 459 6784 2708 1915 4909 2425 2484 368 1240 6576
internal_count=30781 26237 10123 16114 4544 634 9330 4421 68 3910 1929 982 2044 129 1981 8079 185 7894 566 490 459 6784 2708 1915 4909 2425 2484 368 1240 6576
is_linear=0
shrinkage=0.03


Tree=36
num_leaves=31
num_cat=2
split_feature=31 31 32 29 31 27 29 27 12 22 27 31 26 18 15 27 17 1 10 10 24 4 4 30 32 10 4 30 29 28
split_gain=1817.94 495.323 296.559 271.095 253.832 196.678 187.184 172.097 258.703 169.677 165.473 155.53 147.446 139.321 138.511 165.846 176.71 163.737 130.364 163.046 127.059 125.604 124.305 162.804 124.299 183.242 133.202 126.251 122.786 122.137
threshold=6.2500000000000009 5.0499999523162851 0 1.5500000119209292 9.8499999046325701 1.1000000238418581 0.90000000596046459 1.5500000119209292 10.650000095367433 3.1666666269302373 1.8999999761581423 4.0499999523162851 2.1666666269302373 1.5594117641448977 1.0000000180025095e-35 1.4499999880790713 1.0000000180025095e-35 86.833332061767592 23.899999618530277 18.10000038146973 0.83333334326744091 0.046624999493360526 0.093345001339912428 1.0000000180025095e-35 1 24.633333206176761 0.85166668891906749 1.0000000180025095e-35 0.77500000596046459 1.8333333134651186
decision_type=2 2 9 10 2 8 10 8 2 10 10 2 10 2 2 10 2 2 2 2 10 8 10 2 9 2 8 2 8 10
left_child=1 2 3 20 5 13 -6 8 24 10 14 -5 -12 21 -8 16 -16 -17 19 -15 -1 -2 -9 -24 25 -3 27 -26 -7 -11
right_child=4 7 -4 11 6 28 9 22 -10 29 12 -13 -14 18 15 17 -18 -19 -20 -21 -22 -23 23 -25 26 -27 -28 -29 -30 -31
leaf_value=-0.004276182058818764 0.050033489227294919 0.048974367289439491 0.0035046396613982694 -0.021941161594146379 0.0062806616101784753 -0.0059721429182383393 0.087794856274101343 -0.0062425073571435096 0.093942908555269239 0.11933293587074149 -0.038543544641655429 -0.0019736577932768042 0.032846195645630363 0.019523196697235106 -0.020136710461871377 0.12805181999690829 0.039018798898622795 0.034785831620295839 0.023725645036671645 0.11843112385272979 -0.013433499429594637 -0.018654593815948781 -0.0061650356103200464 0.015739377988803271 0.000224821813600628 0.00971318917030203 -0.0034868307257550101 0.016031960807863906 0.011800585851499441 0.039998349124385463
leaf_weight=1742 30 115 2455 373 181 413 56 2463 30 40 46 5975 60 30 58 32 210 36 1272 30 6279 119 576 650 912 1536 1750 907 2288 31
leaf_count=1742 30 115 2455 373 181 413 56 2463 30 40 46 5975 60 30 58 32 210 36 1272 30 6279 119 576 650 912 1536 1750 907 2288 31
internal_value=9.62584e-05 -0.00309815 -0.00613028 -0.00777347 0.0167827 0.0139005 0.0328538 0.00260858 0.00609788 0.0413067 0.035121 -0.00314692 0.00186574 0.0226865 0.0441135 0.0368332 0.0262165 0.0786757 0.025764 0.0689772 -0.0114447 -0.00482478 -0.00235721 0.00544823 0.00559302 0.012373 0.00241522 0.00810667 0.00908302 0.0846939
internal_weight=30695 25763 16824 14369 4932 4182 750 8939 5250 569 498 6348 106 1481 392 336 268 68 1332 60 8021 149 3689 1226 5220 1651 3569 1819 2701 71
internal_count=30695 25763 16824 14369 4932 4182 750 8939 5250 569 498 6348 106 1481 392 336 268 68 1332 60 8021 149 3689 1226 5220 1651 3569 1819 2701 71
cat_boundaries=0 1 2
cat_threshold=34 10
is_linear=0
shrinkage=0.03


Tree=37
num_leaves=31
num_cat=2
split_feature=31 31 31 32 13 30 30 20 20 5 1 19 8 31 0 19 32 23 5 19 29 22 31 31 29 2 12 2 30 12
split_gain=1541.13 436.229 380.192 225.706 236.483 210.545 165.527 169.677 187.579 164.143 158.44 160.112 148.048 142.341 135.47 181.268 134.778 132.374 212.215 167.408 164.228 143.977 125.454 124.954 120.473 116.297 171.815 111.276 110.79 164.758
threshold=6.2500000000000009 4.6499998569488534 10.250000000000002 0 0.36016300320625311 1.0000000180025095e-35 1.0000000180025095e-35 11.500000000000002 5.5000000000000009 1.8450000286102297 87.833332061767592 12.500000000000002 1.0000000180025095e-35 5.0499999523162851 1.1666666865348818 6.5000000000000009 1 2.7749999761581425 0.96058332920074474 16.500000000000004 0.55000001192092907 3.8333333730697636 4.0499999523162851 10.84999990463257 1.8999999761581423 3.5833333730697636 7.0099999904632577 34.166666030883796 1.0000000180025095e-35 1.0000000180025095e-35
decision_type=2 2 2 9 10 2 2 2 2 10 2 2 2 2 2 2 9 10 10 2 10 10 2 2 10 2 2 2 2 2
left_child=1 5 -2 4 13 16 23 8 25 14 11 -6 -10 -3 -7 -16 -1 20 19 21 -5 -19 -18 -4 -24 -8 -27 -25 -22 -30
right_child=2 3 6 17 10 9 7 -9 12 -11 -12 -13 -14 -15 15 -17 22 18 -20 -21 28 -23 24 27 -26 26 -28 -29 29 -31
leaf_value=-0.00060534484271896531 0.011816766809629143 -0.0093125525704740725 0.073622412743667751 -0.015478118589840502 -0.006074393744078966 -0.0090354522930768625 0.095615696548934898 0.0043621261098555153 0.043068167958408593 -0.019447302581865895 -0.0041851077413429388 0.040375891972585502 0.12230717132488886 -0.0013165748355069954 -0.015601715663010952 0.0054329900332790023 -0.03044328786343193 0.018898855885980944 -0.022706621316346254 0.045227098709622097 -0.00032986993751487747 -0.042808652149513363 -0.016141371660313021 0.0070577353946864596 -0.0036783258599203984 -0.011836784796502728 0.056944977100515229 0.065812149129130609 0.058154919163176888 0.0066814758982926105
leaf_weight=718 4249 3623 36 433 91 1548 31 56 32 543 230 251 63 4483 439 2303 416 228 99 215 3177 40 2845 240 925 52 88 33 57 3084
leaf_count=718 4249 3623 36 433 91 1548 31 56 32 543 230 251 63 4483 439 2303 416 228 99 215 3177 40 2845 240 925 52 88 33 57 3084
internal_value=-0.000414003 -0.00334368 0.0150437 -0.000298522 -0.00357074 -0.00835098 0.0367728 0.0518247 0.0618168 -0.00390725 0.0150682 0.0280163 0.0956161 -0.0048904 -0.00194029 0.00206529 -0.0127304 0.00357387 0.0173066 0.0255081 0.00239527 0.00968878 -0.0147734 0.0210876 -0.0130835 0.0430394 0.0313975 0.0141599 0.00362021 0.00761557
internal_weight=30628 25748 4880 16011 8678 9737 631 322 266 4833 572 342 95 8106 4290 2742 4904 7333 582 483 6751 268 4186 309 3770 171 140 273 6318 3141
internal_count=30628 25748 4880 16011 8678 9737 631 322 266 4833 572 342 95 8106 4290 2742 4904 7333 582 483 6751 268 4186 309 3770 171 140 273 6318 3141
cat_boundaries=0 1 2
cat_threshold=32 12
is_linear=0
shrinkage=0.03


Tree=38
num_leaves=31
num_cat=1
split_feature=31 31 27 11 17 27 31 26 27 3 29 32 12 23 5 29 31 4 12 18 4 21 9 0 18 11 29 21 20 1
split_gain=1560.16 492.034 305.261 239.427 235.854 230.883 220.673 401.826 207.078 196.805 186.902 168.557 178.208 160.866 213.035 160.75 184.563 154.952 149.909 149.108 138.691 217.861 137.065 123.163 119.939 169.452 118.16 117.404 117.784 168.893
threshold=6.5499999523162851 4.5499999523162851 1.5500000119209292 1.3666666746139529 0.36666667461395269 1.1000000238418581 8.4499998092651385 1.0000000180025095e-35 0.55000001192092907 11.041666984558107 2.3666666746139531 0 4.6099998950958261 2.7749999761581425 0.52449998259544384 1.1000000238418581 4.0499999523162851 0.22346166521310809 1.6633332967758181 5.1835014820098886 0.090088333934545531 27.500000000000004 3.3666666746139531 9.8333334922790545 1.3036890625953677 0.90000000596046459 1.2250000238418581 83.500000000000014 9.5000000000000018 73.416667938232436
decision_type=2 2 8 2 2 8 2 8 10 2 10 9 2 10 10 10 2 10 2 2 10 2 2 2 2 2 10 2 2 2
left_child=1 5 3 8 26 -1 23 -8 -3 10 11 12 -5 -13 -15 -7 -17 18 -6 -9 -12 -22 -19 -2 -10 -26 -4 28 29 -21
right_child=6 2 4 9 17 15 7 19 24 -11 20 13 -14 14 -16 16 -18 22 -20 27 21 -23 -24 -25 25 -27 -28 -29 -30 -31
leaf_value=-0.0016115825013004867 0.01393091413426137 0.069784513733216688 -0.011850089123005603 -0.0075376359316913222 0.028727305100855791 -0.018259990020989367 0.11960869061095374 0.014804143004491925 0.0036413522623688914 0.043785910133558967 0.0057440144383960222 0.0033748761544429851 0.0055595888997263766 0.04557154135808112 -0.0067903278566695544 -0.026958145302008178 -0.0055461972003106857 -0.010584539458479571 -0.0021288342615412418 0.046007211063776844 0.1044651199877262 0.020783146081492305 0.031477040581715604 -0.031014884013150414 0.014955308728597379 0.087059995200146331 -0.0028312009904023789 0.029487356375263538 0.016743287647312338 0.13578925124623556
leaf_weight=3059 2722 77 2852 2992 154 2169 42 600 250 104 845 3782 1360 189 111 408 3235 92 1775 44 30 420 288 56 88 44 2414 437 33 33
leaf_count=3059 2722 77 2852 2992 154 2169 42 600 250 104 845 3782 1360 189 111 408 3235 92 1775 44 30 420 288 56 88 44 2414 437 33 33
internal_value=9.75293e-05 -0.00250723 0.000360342 0.00372447 -0.00421043 -0.00828279 0.0176539 0.0284692 0.0249029 0.00273587 0.00229706 0.000667715 -0.00343686 0.00503985 0.0261976 -0.011794 -0.00794424 0.00378386 0.000334538 0.025132 0.0129085 0.0263619 0.0212937 0.0130249 0.0158561 0.0389902 -0.00771572 0.0364604 0.0641626 0.0844852
internal_weight=30705 26738 17867 10292 7575 8871 3967 1189 459 9833 9729 8434 4352 4082 300 5812 3643 2309 1929 1147 1295 450 380 2778 382 132 5266 547 110 77
internal_count=30705 26738 17867 10292 7575 8871 3967 1189 459 9833 9729 8434 4352 4082 300 5812 3643 2309 1929 1147 1295 450 380 2778 382 132 5266 547 110 77
cat_boundaries=0 1
cat_threshold=32
is_linear=0
shrinkage=0.03


Tree=39
num_leaves=31
num_cat=1
split_feature=12 32 29 27 25 28 23 14 28 27 14 3 30 25 29 27 0 28 21 28 29 25 29 9 19 21 10 10 18 2
split_gain=952.711 371.073 292.362 236.25 248.584 190.014 179.365 169.231 195.84 149.611 148.561 134.834 127.227 188.736 179.342 135.158 183.099 132.917 189.606 128.36 123.222 118.355 117.175 163.658 133.14 145.217 162.807 129.394 118.899 240.641
threshold=4.5225000381469735 0 0.90000000596046459 1.8999999761581423 1.2250000238418581 2.1666666269302373 1.7083333134651186 0.53094998002052318 0.41666667163372045 3.1000000238418584 0.82425999641418468 2.716666698455811 1.0000000180025095e-35 1.2916666865348818 2.3666666746139531 0.90000000596046459 6.8333332538604745 2.1666666269302373 85.500000000000014 2.8333333730697636 0.90000000596046459 1.1000000238418581 2.2916666269302373 6.3666667938232431 8.5000000000000018 74.500000000000014 83.90000152587892 58.100000381469734 5.5067567825317392 18.583333015441898
decision_type=2 9 8 8 10 10 10 10 10 10 8 2 2 10 10 10 2 10 2 10 10 10 8 2 2 2 2 2 2 2
left_child=1 -1 -2 4 7 -6 22 8 20 12 11 -5 14 -14 15 16 -8 -16 19 -19 -3 -9 24 27 -4 26 -26 -24 -27 -30
right_child=2 3 6 10 5 -7 9 21 -10 -11 -12 -13 13 -15 17 -17 -18 18 -20 -21 -22 -23 23 -25 25 28 -28 -29 29 -31
leaf_value=0.0043298346264497752 -0.0027200427437171089 -0.024571421533165608 -0.0065697360466534299 -0.0095504637825241327 -0.0092388049813627356 0.0021388773804101933 0.012067623787221654 -0.011623076356599505 0.0070251639768125571 -0.031366568601557183 -0.01500352065396595 0.010255288041244259 0.034610033190555861 0.01166369817450842 -0.011156313611966808 0.0019114197798668691 0.067594948615346637 0.13568025386333465 0.025603391385158977 0.048632158653870702 0.011626403805537101 0.0045836387779379243 0.075287786094892409 0.087586492852818582 0.019318966934635071 0.0028276116025679567 0.090046773080248388 0.011677350877825893 0.065680210148915646 -0.013425046901722422
leaf_weight=4404 1627 306 708 985 6308 1671 226 1226 3582 56 3098 451 761 560 41 926 70 30 111 31 117 606 31 31 346 1762 32 402 80 61
leaf_count=4404 1627 306 708 985 6308 1671 226 1226 3582 56 3098 451 761 560 41 926 70 30 111 31 117 606 31 31 346 1762 32 402 80 61
internal_value=-0.000370915 -0.00348607 0.00861061 -0.00536133 -0.00341423 -0.00685604 0.0115531 0.00129062 0.00474546 0.0171781 -0.0113063 -0.00333013 0.0181645 0.0248826 0.0119801 0.00755229 0.0251991 0.037383 0.0489534 0.0914427 -0.0145593 -0.00626212 0.00697238 0.0209987 0.00479499 0.00832249 0.0253065 0.0162314 0.00494889 0.0314574
internal_weight=30646 22754 7892 18350 13816 7979 6265 5837 4005 2812 4534 1436 2756 1321 1435 1222 296 213 172 61 423 1832 3453 464 2989 2281 378 433 1903 141
internal_count=30646 22754 7892 18350 13816 7979 6265 5837 4005 2812 4534 1436 2756 1321 1435 1222 296 213 172 61 423 1832 3453 464 2989 2281 378 433 1903 141
cat_boundaries=0 1
cat_threshold=12
is_linear=0
shrinkage=0.03


Tree=40
num_leaves=31
num_cat=1
split_feature=12 32 29 13 30 5 24 23 28 5 4 20 24 5 20 10 30 18 5 29 19 24 4 4 1 3 13 2 23 5
split_gain=858.01 398.612 290.023 312.702 268.569 244.736 240.409 231.411 214.821 245.481 182.787 186.932 182.722 178.628 154.607 149.185 132.971 130.648 129.897 128.492 161.11 146.423 128.13 125.385 124.183 116.98 112.865 175.622 112.597 112.325
threshold=4.8900001049041757 0 1.7749999761581423 0.36016300320625311 1.0000000180025095e-35 1.1034333705902102 1.4166666865348818 3.1000000238418584 0.58333334326744091 0.74416667222976696 0.56737667322158825 8.5000000000000018 0.83333334326744091 1.0275666713714602 4.5000000000000009 89.549999237060561 1.0000000180025095e-35 6.8968253135681161 0.35781666636466986 2.3666666746139531 34.500000000000007 0.83333334326744091 0.15706166625022891 0.00089166668476536881 31.166666984558109 4.1833331584930429 0.21417900174856189 9.8333334922790545 0.70833334326744091 1.4134333133697512
decision_type=2 9 10 10 2 8 10 10 10 10 10 2 10 10 2 2 2 2 8 8 2 10 10 8 2 2 10 2 10 8
left_child=1 23 6 13 19 10 8 -8 22 28 17 12 -12 14 -4 -7 -15 -6 25 24 21 -21 -3 -1 -2 -16 -18 -28 -10 -17
right_child=4 2 3 -5 5 15 7 -9 9 -11 11 -13 -14 16 18 29 26 -19 -20 20 -22 -23 -24 -25 -26 -27 27 -29 -30 -31
leaf_value=-0.0013743128246776805 0.061132117106068515 -0.017356028624257086 0.00076896150305023339 0.090306028719459253 0.019097946575616229 0.015361173412632424 -0.012263205689196258 0.041126333764578041 -0.010236786221400561 -0.011130035549169406 0.11933801815297235 0.012790963375009595 0.044452600077442499 -0.016017088037125184 0.025133415643810008 0.026247673202148179 -0.0026330594804494468 0.074518091496080158 0.01000189771287001 0.044609627012087372 0.077299926177813463 0.0018196412101662905 0.015929019506040372 0.0090587796464164875 0.0007821723113304442 0.088369592186063523 0.092059615194797509 -0.003458819520182726 0.0043291416612410939 -0.0054705156170194924
leaf_weight=1612 31 1197 3386 35 892 1474 5788 74 544 1605 51 64 69 872 98 118 768 40 734 98 39 271 114 2905 3036 36 30 41 3915 677
leaf_count=1612 31 1197 3386 35 892 1474 5788 74 544 1605 51 64 69 872 98 118 768 40 734 98 39 271 114 2905 3036 36 30 41 3915 677
internal_value=9.00685e-06 -0.00268998 -0.00457205 0.000896846 0.00935475 0.0153691 -0.00705441 -0.0115892 -0.00344992 -0.00106925 0.0268711 0.0541961 0.0762789 0.000372232 0.00366466 0.00971179 -0.00781363 0.0214765 0.0149606 0.00349621 0.0193127 0.0131839 -0.0144617 0.00532369 0.00139217 0.0421222 0.0007125 0.0369011 0.00255209 -0.000762659
internal_weight=30614 23754 19237 6000 6860 3385 13237 5862 7375 6064 1116 184 120 5965 4254 2269 1711 932 868 3475 408 369 1311 4517 3067 134 839 71 4459 795
internal_count=30614 23754 19237 6000 6860 3385 13237 5862 7375 6064 1116 184 120 5965 4254 2269 1711 932 868 3475 408 369 1311 4517 3067 134 839 71 4459 795
cat_boundaries=0 1
cat_threshold=12
is_linear=0
shrinkage=0.03


Tree=41
num_leaves=31
num_cat=0
split_feature=31 31 27 27 25 30 29 31 11 19 23 29 29 5 4 14 5 17 14 7 29 19 20 23 25 14 20 29 2 12
split_gain=1419.31 318.401 247.382 188.998 185.374 171.992 213.449 166.933 175.847 156.111 155.808 156.355 150.083 146.966 146.342 140.007 212.896 148.752 137.689 137.132 135.761 164.393 124.874 124.715 123.209 120.258 116.631 137.426 116.187 115.771
threshold=5.4500000476837167 6.5499999523162851 1.5500000119209292 0.22500000149011615 2.7083333730697636 1.0000000180025095e-35 0.90000000596046459 10.84999990463257 8.9000000953674334 19.500000000000004 1.7749999761581423 1.5500000119209292 0.45000000298023229 1.394933342933655 0.076868332922458663 0.93900001049041759 1.6500833034515383 0.77500000596046459 0.65803998708724987 1.0000000180025095e-35 2.3666666746139531 35.500000000000007 5.5000000000000009 1.3666666746139529 0.45000000298023229 0.074420001357793822 5.5000000000000009 2.1000000238418584 28.833333015441898 7.4100000858306894
decision_type=2 2 8 10 10 2 10 2 2 2 10 10 10 10 8 10 10 2 8 2 10 2 2 10 10 8 2 10 2 2
left_child=2 -2 4 23 10 9 -7 15 -9 29 11 -1 -4 -14 24 17 28 -8 -16 -18 21 -11 -22 -3 -13 -12 -20 -28 -17 -5
right_child=1 3 12 5 -6 6 7 8 -10 20 25 14 13 -15 18 16 19 -19 26 -21 22 -23 -24 -25 -26 -27 27 -29 -30 -31
leaf_value=-0.0072231766978915063 0.0047725104308108937 0.093436311274766912 -0.020791528256375754 -0.0082459906383824718 -0.016996967639560739 0.0027600322775542733 0.01450244778525025 0.11481663563034751 0.039282640957018632 0.018121423460491056 0.022358713388164468 -0.065188050500808226 -0.0051602780130020464 -0.015202407709220961 0.038567010714510165 0.063109866186312508 0.037249492871761325 0.082357928484678267 0.00080056617550108356 -0.033370037833038643 0.024903642738867988 -0.028849879334101807 0.10050629929901334 0.026364256319523389 -0.0048010105419836217 0.0029133465663486592 0.0051645501319644519 0.038316426731772338 0.00073318567006818705 0.012226354594171885
leaf_weight=4025 5992 45 803 597 681 450 944 33 174 715 321 31 6472 1645 109 202 50 30 1936 49 51 74 32 56 1594 2643 309 177 31 426
leaf_count=4025 5992 45 803 597 681 450 944 33 174 715 321 31 6472 1645 109 202 50 30 1936 49 51 74 32 56 1594 2643 309 177 31 426
internal_value=-0.000179721 0.00913447 -0.00464736 0.0157364 -0.00180223 0.0146758 0.0208994 0.0262944 0.0513243 0.00822891 -0.000873778 -0.00300885 -0.00841938 -0.00719543 0.00107265 0.0223272 0.0391514 0.0165925 0.00558339 0.00229639 0.0175553 0.013716 0.0540517 0.0562478 -0.00595301 0.00501927 0.00409899 0.0172384 0.0548108 0.00027915
internal_weight=30697 9951 20746 3959 11826 3858 1963 1513 207 1895 11145 8181 8920 8117 4156 1306 332 974 2531 99 872 789 83 101 1625 2964 2422 486 233 1023
internal_count=30697 9951 20746 3959 11826 3858 1963 1513 207 1895 11145 8181 8920 8117 4156 1306 332 974 2531 99 872 789 83 101 1625 2964 2422 486 233 1023
is_linear=0
shrinkage=0.03


end of trees

feature_importances:
cost=150
opp_team_ga_5=113
opp_team_gf_5=110
is_home=59
season_pts_mean_prior=56
position=56
self_team_gf_5=55
self_team_ga_5=53
ict_index_r5=50
expected_goal_involvements_r3=46
opp_team_gf_3=46
expected_goals_conceded_r3=42
self_team_gf_3=42
ict_index_r3=39
season_gp_prior=32
opp_team_ga_3=32
expected_goals_conceded_r5=31
bps_r3=30
expected_goal_involvements_r5=29
minutes_r3=25
total_points_r5=22
minutes_r5=22
bps_r5=21
self_team_ga_3=21
prev_gw_points=18
clean_sheets_r5=15
prev_gw_minutes=10
assists_r5=8
assists_r3=7
total_points_r3=6
clean_sheets_r3=6
goals_scored_r5=5
goals_scored_r3=3

parameters:
[boosting: gbdt]
[objective: regression]
[metric: l1]
[tree_learner: serial]
[device_type: cpu]
[data_sample_strategy: bagging]
[data: ]
[valid: ]
[num_iterations: 2000]
[learning_rate: 0.03]
[num_leaves: 31]
[num_threads: 0]
[seed: 0]
[deterministic: 0]
[force_col_wise: 0]
[force_row_wise: 0]
[histogram_pool_size: -1]
[max_depth: -1]
[min_data_in_leaf: 30]
[min_sum_hessian_in_leaf: 0.001]
[bagging_fraction: 0.8]
[pos_bagging_fraction: 1]
[neg_bagging_fraction: 1]
[bagging_freq: 1]
[bagging_seed: 3]
[bagging_by_query: 0]
[feature_fraction: 0.8]
[feature_fraction_bynode: 1]
[feature_fraction_seed: 2]
[extra_trees: 0]
[extra_seed: 6]
[early_stopping_round: 0]
[early_stopping_min_delta: 0]
[first_metric_only: 0]
[max_delta_step: 0]
[lambda_l1: 0]
[lambda_l2: 0]
[linear_lambda: 0]
[min_gain_to_split: 0]
[drop_rate: 0.1]
[max_drop: 50]
[skip_drop: 0.5]
[xgboost_dart_mode: 0]
[uniform_drop: 0]
[drop_seed: 4]
[top_rate: 0.2]
[other_rate: 0.1]
[min_data_per_group: 100]
[max_cat_threshold: 32]
[cat_l2: 10]
[cat_smooth: 10]
[max_cat_to_onehot: 4]
[top_k: 20]
[monotone_constraints: ]
[monotone_constraints_method: basic]
[monotone_penalty: 0]
[feature_contri: ]
[forcedsplits_filename: ]
[refit_decay_rate: 0.9]
[cegb_tradeoff: 1]
[cegb_penalty_split: 0]
[cegb_penalty_feature_lazy: ]
[cegb_penalty_feature_coupled: ]
[path_smooth: 0]
[interaction_constraints: ]
[verbosity: -1]
[saved_feature_importance_type: 0]
[use_quantized_grad: 0]
[num_grad_quant_bins: 4]
[quant_train_renew_leaf: 0]
[stochastic_rounding: 1]
[linear_tree: 0]
[max_bin: 255]
[max_bin_by_feature: ]
[min_data_in_bin: 3]
[bin_construct_sample_cnt: 200000]
[data_random_seed: 1]
[is_enable_sparse: 1]
[enable_bundle: 1]
[use_missing: 1]
[zero_as_missing: 0]
[feature_pre_filter: 1]
[pre_partition: 0]
[two_round: 0]
[header: 0]
[label_column: ]
[weight_column: ]
[group_column: ]
[ignore_column: ]
[categorical_feature: 32]
[forcedbins_filename: ]
[precise_float_parser: 0]
[parser_config_file: ]
[objective_seed: 5]
[num_class: 1]
[is_unbalance: 0]
[scale_pos_weight: 1]
[sigmoid: 1]
[boost_from_average: 1]
[reg_sqrt: 0]
[alpha: 0.9]
[fair_c: 1]
[poisson_max_delta_step: 0.7]
[tweedie_variance_power: 1.5]
[lambdarank_truncation_level: 30]
[lambdarank_norm: 1]
[label_gain: ]
[lambdarank_position_bias_regularization: 0]
[eval_at: ]
[multi_error_top_k: 1]
[auc_mu_weights: ]
[num_machines: 1]
[local_listen_port: 12400]
[time_out: 120]
[machine_list_filename: ]
[machines: ]
[gpu_platform_id: -1]
[gpu_device_id: -1]
[gpu_device_id_list: ]
[gpu_use_dp: 0]
[num_gpu: 1]

end of parameters

pandas_categorical:[["AM", "DEF", "FWD", "GK", "GKP", "MID"]]
