tree
version=v4
num_class=1
num_tree_per_iteration=1
label_index=0
max_feature_idx=32
objective=regression
feature_names=total_points_r3 minutes_r3 bps_r3 ict_index_r3 expected_goal_involvements_r3 expected_goals_conceded_r3 goals_scored_r3 assists_r3 clean_sheets_r3 total_points_r5 minutes_r5 bps_r5 ict_index_r5 expected_goal_involvements_r5 expected_goals_conceded_r5 goals_scored_r5 assists_r5 clean_sheets_r5 season_pts_mean_prior season_gp_prior prev_gw_points prev_gw_minutes self_team_gf_3 self_team_gf_5 self_team_ga_3 self_team_ga_5 opp_team_gf_3 opp_team_gf_5 opp_team_ga_3 opp_team_ga_5 is_home cost position
feature_infos=[-2.3333332538604736:20] [0:90] [-10.333333015441895:77] [0:32.799999237060547] [0:2.0699999332427979] [0:4.5949997901916504] [0:3] [0:4] [0:1] [-2:20] [0:90] [-10:69] [0:32.799999237060547] [0:1.7050000429153442] [0:4.5949997901916504] [0:3] [0:4] [0:1] [-2:20] [1:39] [-7:26] [0:90] [0:5.6666665077209473] [0:5] [0:5.3333334922790527] [0:5] [0:5.6666665077209473] [0:5] [0:5.3333334922790527] [0:5] [0:1] [0.5:15.399999618530273] -1:5:1:2:3:0
tree_sizes=2784 2936 2940 2930 2932 2942 2930 2953 2930 2948 2944 2937 2930 2944 2897 2922 2966 2928 2968 2921 2956 2909 2933 2939 2937 2945 2962 2928 2909 2947 2938 2948 2928 2922 2903 2910 2942 2932 2936 2932 2946 2928 2903 2926 2935 2930 2941 2933 2965 2940 2911 2962 2909 2938 2934 2944 2936 2976 2917 2923 2963 2932 2927 2935 2900 2906 2911 2913 2940 2928 2942 2940 2963 2910 2973 2947 2937 2942 2909 2943 2899 2904 2933 2943 2911 2944 2954 2930 2970 2923 2920 2898 2926 2949 2942 2911 2894 2885 2935 2960 2921 2912 2925 2868 2961 2928 2937 2923 2908 2954 2933 2927 2936 2919 2922 2903 2890 2924 2930 2906 2886 2907 2890 2924 2932 2930 2919 2882 2910 2878 2905 2934 2876 2937 2902 2932 2895 2864 2902 2901 2925 2902 2944 2945 2903 2885 2905 2921 2838 2854 2912 2943 2890 2913 2875 2929 2920 2897 2944 2888 2896 2871 2889 2911 2890 2951 2903 2924 2903 2892 2893 2892 2866 2925 2881 2844 2924 2890 2914 2903 2903 2894 2856 2904 2888 2886 2855 2939 2897 2891 2882 2852 2928 2869 2895 2931 2904 2958 2887 2899 2894 2877 2867 2882 2863 2884 2889 2925 2894 2894 2961 2930 2916 2896 2947 2881 2946 2911 2903 2885 2869 2867 2931 2851 2912 2914 2865 2895 2899 2887 2870 2881 2875 2870 2891 2922 2864 2898 2907 2896 2927 2901 2864 2863 2920 2905 2940 2866 2874 2895 2849 2890 2893 2914 2877 2886 2907 2901 2888 2867 2886 2900 2981 2872 2952 2941 2881 2870 2871

Tree=0
num_leaves=31
num_cat=0
split_feature=21 12 0 1 21 31 10 31 31 9 12 12 1 31 27 10 31 22 27 10 31 9 19 31 19 26 2 26 12 31
split_gain=133003 11676.6 9278.2 5284.98 4586.32 2969.36 1814.31 1773.59 1392.98 1234.61 982.032 892.823 576.099 442.741 437.013 387.947 370.312 358.207 352.431 308.819 298.568 305.911 267.374 264.021 251.842 247.089 245.29 269.833 242.745 223.166
threshold=13.500000000000002 4.5899999141693124 0.58333334326744091 1.0000000180025095e-35 71.500000000000014 6.2500000000000009 1.0000000180025095e-35 5.3500001430511483 10.050000190734865 2.1000000238418584 2.6550000905990605 1.6366666555404665 82.833332061767592 6.0499999523162851 1.8999999761581423 88.90000152587892 6.0499999523162851 2.8333333730697636 1.6333333253860476 44.100000381469734 5.0499999523162851 7.5499999523162851 7.5000000000000009 4.9500000476837167 3.5000000000000004 2.4166666269302373 17.166666984558109 1.5833333134651186 2.8224999904632573 5.3500001430511483
decision_type=2 2 2 2 2 2 2 2 2 2 2 2 2 2 8 2 2 10 10 2 2 2 2 2 2 8 2 8 2 2
left_child=2 4 6 -4 11 20 -1 9 12 19 23 29 -7 -12 15 -11 -13 22 24 -6 -3 -22 -10 -5 -14 -21 27 -9 -8 -2
right_child=1 5 3 10 7 8 28 26 17 14 13 16 18 -15 -16 -17 -18 -19 -20 25 21 -23 -24 -25 -26 -27 -28 -29 -30 -31
leaf_value=1.1568117239948008 1.1939535954822234 1.239552789596557 1.3355226797682724 1.177967791752716 1.210123715663592 1.2614208430643963 1.1696627372282002 1.2531555220609158 1.3569607338574812 1.2324800047252158 1.1963064201025719 1.2125137839695761 1.339369824626772 1.2252997036415769 1.2240696121477941 1.2477993208804212 1.2335897645835139 1.3695826850801915 1.2679389939248356 1.2257728187543337 1.2525057313828232 1.2973278658245422 1.3025117775856203 1.190031702899361 1.2917631857775032 1.2054804690470868 1.263004521781695 1.2362454738197743 1.1982061862864288 1.2090378465844447
leaf_weight=45300 3293 1901 226 3895 2172 1454 10767 2015 100 2802 1322 3883 110 739 1892 3172 930 123 598 4832 3289 143 431 2811 1101 608 982 1468 275 1206
leaf_count=45300 3293 1901 226 3895 2172 1454 10767 2015 100 2802 1322 3883 110 739 1892 3172 930 123 598 4832 3289 143 431 2811 1101 608 982 1468 275 1206
internal_value=1.19005 1.23428 1.16399 1.19228 1.22499 1.26366 1.15947 1.2331 1.28349 1.2283 1.18859 1.20761 1.27548 1.2067 1.23663 1.24061 1.21659 1.32345 1.28678 1.21969 1.24909 1.25437 1.31277 1.18302 1.29609 1.2235 1.24976 1.24603 1.17037 1.198
internal_weight=103840 38505 65335 8993 29255 9250 56342 19943 3917 15478 8767 9312 3263 2061 7866 5974 4813 654 1809 7612 5333 3432 531 6706 1211 5440 4465 3483 11042 4499
internal_count=103840 38505 65335 8993 29255 9250 56342 19943 3917 15478 8767 9312 3263 2061 7866 5974 4813 654 1809 7612 5333 3432 531 6706 1211 5440 4465 3483 11042 4499
is_linear=0
shrinkage=1


Tree=1
num_leaves=31
num_cat=0
split_feature=21 18 9 31 31 21 31 31 1 12 18 21 18 27 12 2 21 18 2 3 18 31 31 1 12 13 4 28 21 27
split_gain=126067 15350.2 7919.51 4809.38 3420.48 3137.71 1430.36 1188.41 1040.02 968.813 822.439 720.136 619.7 583.416 542.252 486.511 402.192 372.637 359.721 343.706 337.346 310.046 277.54 273.773 272.281 252.689 250.059 244.875 241.586 229.798
threshold=10.500000000000002 2.6933760643005376 0.55000001192092907 3.6499999761581425 6.2500000000000009 70.500000000000014 10.449999809265138 5.4500000476837167 1.0000000180025095e-35 2.8224999904632573 1.2535714507102969 84.500000000000014 1.8956443071365359 1.8999999761581423 5.9449999332427987 29.166666984558109 60.500000000000007 0.4463601559400559 12.833333492279055 11.083333492279055 3.1017241477966313 6.0499999523162851 5.0499999523162851 52.833333969116218 5.6899998188018808 0.22450000047683719 0.33726167678833013 1.8333333134651186 1.0000000180025095e-35 1.8999999761581423
decision_type=2 2 2 2 2 2 2 2 2 2 2 2 2 10 2 2 2 2 2 2 2 2 2 2 2 10 8 10 2 8
left_child=2 5 8 -4 13 10 11 12 17 23 -2 19 18 16 -9 -8 -3 -1 -7 -6 -18 -11 -12 28 -15 -13 -16 -20 -5 -14
right_child=1 4 3 9 6 7 15 14 -10 21 22 25 29 24 26 -17 20 -19 27 -21 -22 -23 -24 -25 -26 -27 -28 -29 -30 -31
leaf_value=-0.032776823911770767 0.0052824435522711415 0.037483465547073699 0.13006127239074097 -0.014634193054414589 0.060518888085394913 0.02273388492533988 0.11571321408322195 0.049458232235629104 -0.017652331594194191 0.0044087306251734048 0.015365962341916714 0.083255036683519357 0.044332757960507022 0.039646341203989369 0.14049012015121323 0.17830850202590226 0.053110328091999427 -0.024712513235397797 0.030335267752743839 0.12922363487274752 0.067271543278172086 0.028952663106935842 0.030424793489982799 0.0056982663192532276 0.06360719825650854 0.10286556680709487 0.077096134824412202 0.050602860160870476 -0.0022842739072610747 0.029602120585874227
leaf_weight=42612 4765 601 242 5638 1304 5315 499 2112 5175 1214 2103 1482 3793 2051 70 144 2162 5867 1780 69 5051 749 2313 935 539 984 280 768 1908 1273
leaf_count=42612 4765 601 242 5638 1304 5315 499 2112 5175 1214 2103 1482 3793 2051 70 144 2162 5867 1780 69 5051 749 2313 935 539 984 280 768 1908 1273
internal_value=0.000152277 0.0423705 -0.0257391 -0.00215474 0.066411 0.0278066 0.0883209 0.0360864 -0.0304362 -0.00521834 0.0139264 0.0813849 0.0324486 0.0569723 0.0551897 0.129731 0.0610623 -0.0318009 0.0271767 0.0639716 0.0630269 0.0137737 0.0232534 -0.00961421 0.0446328 0.0910802 0.0897749 0.0364442 -0.0115115 0.0406312
internal_weight=103798 39458 64340 10686 14886 24572 4482 15391 53654 10444 9181 3839 12929 10404 2462 643 7814 48479 7863 1373 7213 1963 4416 8481 2590 2466 350 2548 7546 5066
internal_count=103798 39458 64340 10686 14886 24572 4482 15391 53654 10444 9181 3839 12929 10404 2462 643 7814 48479 7863 1373 7213 1963 4416 8481 2590 2466 350 2548 7546 5066
is_linear=0
shrinkage=0.03


Tree=2
num_leaves=31
num_cat=0
split_feature=0 18 1 12 20 10 31 1 20 18 3 18 20 27 20 1 18 20 20 18 18 12 29 11 29 31 29 31 9 3
split_gain=113895 13483.1 9242.81 3057.44 2935.02 1537.63 1479.46 1438.37 1206.2 1073.78 998.446 826.719 691.644 669.19 601.202 553.75 550.838 469.592 468.853 436.685 377.714 355.307 325.551 310.15 298.962 282.115 272.951 261.019 318.75 249.91
threshold=0.83333334326744091 2.5735930204391484 3.1666666269302373 5.8900001049041757 1.5000000000000002 2.1000000238418584 9.7500000000000018 76.166667938232436 1.0000000180025095e-35 1.5469207763671877 4.8833334445953378 0.16904762387275699 1.0000000180025095e-35 1.8999999761581423 1.0000000180025095e-35 52.416666030883796 3.2296702861785893 1.0000000180025095e-35 1.0000000180025095e-35 9.7750000953674334 1.8956443071365359 1.6366666555404665 2.3666666746139531 13.550000190734865 1.3666666746139529 5.2500000000000009 1.8999999761581423 7.0499999523162851 6.3666667938232431 9.0416669845581072
decision_type=2 2 2 2 2 2 2 2 2 2 2 2 2 10 2 2 2 2 2 2 2 2 8 2 10 2 10 2 2 2
left_child=2 4 11 5 7 -3 14 18 15 17 20 -1 23 16 -5 -7 -10 -4 -2 -8 -6 -20 29 -11 -12 26 -9 -24 -29 -16
right_child=1 3 9 6 10 8 19 25 13 12 24 -13 -14 -15 22 -17 -18 -19 21 -21 -22 -23 27 -25 -26 -27 -28 28 -30 -31
leaf_value=-0.031980193342022283 -0.0021246969435061956 0.13309789100759906 -0.011639424660389346 0.019716140947897327 0.026737839379699646 -0.0010802464914672514 0.11475019209416135 0.023932688842888829 0.049807957008918935 -0.00077736219997426781 0.042043955868870546 -0.023233211705744609 0.032183267566855391 0.041045018561127529 0.068182340006638295 0.039861048905787594 0.06551055749650124 0.0023140495522554045 0.0045088428819076007 0.20227954887385877 0.038839168978845262 0.020326652587867231 0.085317579979943756 0.047227838084897923 0.066041894555804836 0.061049593670331706 0.048942688413953869 0.10011634018841911 0.19557569687962531 0.085556560782557828
leaf_weight=39833 2960 209 5158 176 5917 510 611 1686 3641 1607 845 12866 1238 2620 2497 713 4490 3748 2418 56 3820 2711 303 131 1045 294 512 85 50 1062
leaf_count=39833 2960 209 5158 176 5917 510 611 1686 3641 1607 845 12866 1238 2620 2497 713 4490 3748 2418 56 3820 2711 303 131 1045 294 512 85 50 1062
internal_value=3.56772e-05 0.0403526 -0.0244556 0.0604406 0.0249546 0.052427 0.0806121 0.013522 0.051019 -0.000553996 0.0353586 -0.0298447 0.0150472 0.0542304 0.0739809 0.0227882 0.0584791 -0.00576725 0.00738272 0.122099 0.0314854 0.0128696 0.0763703 0.00284098 0.0553127 0.0334501 0.0297585 0.100776 0.135472 0.0733668
internal_weight=103812 39231 64581 17023 22208 12183 4840 10581 11974 11882 11627 52699 2976 10751 4173 1223 8131 8906 8089 667 9737 5129 3997 1738 1890 2492 2198 438 135 3559
internal_count=103812 39231 64581 17023 22208 12183 4840 10581 11974 11882 11627 52699 2976 10751 4173 1223 8131 8906 8089 667 9737 5129 3997 1738 1890 2492 2198 438 135 3559
is_linear=0
shrinkage=0.03


Tree=3
num_leaves=31
num_cat=0
split_feature=0 18 1 12 20 1 31 1 20 20 3 18 18 1 1 31 27 1 31 4 3 20 29 4 9 18 20 19 18 12
split_gain=108424 13306.5 8376.76 3362.29 2748.44 1299.56 1277.59 1246.62 1216.88 1003.13 821.284 778.32 758.905 741.054 588.628 504.622 503.726 393.788 381.383 360.572 357.47 357.437 320.261 305.99 278.802 277.831 277.738 276.184 265.67 256.359
threshold=0.83333334326744091 2.5491935014724736 3.4166666269302373 6.3450000286102304 1.5000000000000002 64.500000000000014 10.550000190734865 3.4166666269302373 1.5000000000000002 1.0000000180025095e-35 2.9416667222976689 1.6933760643005373 0.37668919563293463 81.833332061767592 49.166666030883796 5.5499999523162851 1.8999999761581423 56.833333969116218 6.2500000000000009 0.25349166989326483 8.1416664123535174 1.0000000180025095e-35 2.3666666746139531 1.2549999952316286 6.3666667938232431 1.8956443071365359 1.0000000180025095e-35 2.5000000000000004 4.2029411792755136 1.3899999856948855
decision_type=2 2 2 2 2 2 2 2 2 2 2 2 2 2 2 2 8 2 2 10 2 2 8 8 2 2 2 2 2 2
left_child=2 4 12 7 5 21 17 -3 13 14 25 -11 -1 26 -4 -12 18 -5 -10 -18 27 -2 -19 -8 -24 -6 -9 -17 -20 -23
right_child=1 3 9 6 10 -7 23 8 16 11 15 -13 -14 -15 -16 20 19 22 28 -21 -22 29 24 -25 -26 -27 -28 -29 -30 -31
leaf_value=-0.030595669235536142 -0.002744734460250605 0.12295137335765198 -0.011871767094783346 0.035227731867651248 0.021825314794363601 0.028470891195215536 0.15392521673778317 0.014168958819467758 0.057156588662702401 0.0032845975691901423 0.037084318620900183 0.032542278346820518 -0.021206125024152138 0.052575843367970013 0.01356692124095534 0.10123223764300346 0.039238106773458056 0.075420187363295851 0.066223534211993645 0.072803083525077833 0.10770504131537526 0.0029309686313377199 0.087375105890360752 0.10756803714290814 0.14354361929513257 0.035631045339612824 0.035056968248302685 0.049314806872153581 0.096382403363576105 0.017375861857495348
leaf_weight=43603 2778 217 5844 199 4005 3277 212 1052 5627 3839 4041 1040 9421 1509 952 100 1949 3010 843 338 119 1991 253 324 116 1951 1258 1185 382 2487
leaf_count=43603 2778 217 5844 199 4005 3277 212 1052 5627 3839 4041 1040 9421 1509 952 100 1949 3010 843 338 119 1991 253 324 116 1951 1258 1185 382 2487
internal_value=-3.18519e-06 0.0393525 -0.0238621 0.059034 0.0238391 0.0127906 0.0827093 0.0516411 0.0504469 -0.000857333 0.0340464 0.00952112 -0.0289274 0.0362253 -0.00830825 0.0424676 0.0563899 0.0762387 0.0604589 0.0441987 0.0579617 0.00570899 0.078654 0.125903 0.105032 0.0263476 0.0255443 0.0533551 0.0756282 0.0109534
internal_weight=103922 39223 64699 17289 21934 10533 4114 13175 12958 11675 11401 4879 53024 3819 6796 5445 9139 3578 6852 2287 1404 7256 3379 536 369 5956 2310 1285 1225 4478
internal_count=103922 39223 64699 17289 21934 10533 4114 13175 12958 11675 11401 4879 53024 3819 6796 5445 9139 3578 6852 2287 1404 7256 3379 536 369 5956 2310 1285 1225 4478
is_linear=0
shrinkage=0.03


Tree=4
num_leaves=31
num_cat=0
split_feature=21 18 0 1 31 21 10 18 31 21 31 21 18 18 27 3 18 22 31 31 27 31 2 26 29 1 3 13 31 18
split_gain=104794 12616.1 6645.23 3988.76 3322.57 2013.89 1359.64 1289.23 930.414 782.981 741.026 679.388 639.905 608.476 584.604 399.65 361.459 352.072 347.415 342.098 327.768 280.327 252.993 289.712 247.799 242.309 241.154 212.382 205.546 201.455
threshold=10.500000000000002 2.2535713911056523 0.58333334326744091 1.0000000180025095e-35 6.2500000000000009 71.500000000000014 1.0000000180025095e-35 5.1633331775665292 5.4500000476837167 66.500000000000014 8.6500000953674334 85.500000000000014 2.1690477132797246 0.95119047164917003 1.6333333253860476 6.3416666984558114 3.1270161867141728 3.1666666269302373 4.0499999523162851 6.2500000000000009 1.5500000119209292 5.4500000476837167 5.1666667461395273 1.1666666865348818 1.5500000119209292 51.166666030883796 2.5166666507720952 0.28618700802326208 7.8500001430511483 1.6566964387893679
decision_type=2 2 2 2 2 2 2 2 2 2 2 2 2 2 10 2 2 10 2 2 8 2 2 10 10 2 2 10 2 2
left_child=2 5 6 -4 9 13 -1 11 18 -3 -9 -6 -5 -2 16 -10 24 -12 -7 -15 26 -16 -13 -24 27 -14 -20 -11 -17 -8
right_child=1 4 3 12 7 8 29 10 15 14 17 22 25 19 21 28 -18 -19 20 -21 -22 -23 23 -25 -26 -27 -28 -29 -30 -31
leaf_value=-0.02960653353350012 0.0002135377149163829 0.030107292293659264 0.1268321359640843 -0.0070068131176561294 0.05271774489003659 0.007881274879842564 -0.019580316559729676 0.082717552341014813 0.044841305645090729 0.040172094315864985 0.11894406967147056 0.047525347109046281 0.0038365454409865015 0.014088376095661751 0.037163973974525748 0.072546892052759285 0.061895529525345792 0.18903799019955297 0.026621066521247346 0.037998997368781449 0.02155710796351356 0.054842830163030439 0.09638951747881723 0.072622520154268191 0.057034490988687708 0.024630219454989364 0.03933593019754239 0.084131215853759878 0.14114146850109099 -0.0085096656958650041
leaf_weight=45022 3165 1803 222 6044 1546 828 9088 751 1397 2023 502 209 1249 4433 2981 184 4276 74 2687 613 3912 1107 778 1135 1998 846 2683 104 50 1767
leaf_count=45022 3165 1803 222 6044 1546 828 9088 751 1397 2023 502 209 1249 4433 2981 184 4276 74 2687 613 3912 1107 778 1135 1998 846 2683 104 50 1767
internal_value=1.92975e-05 0.0386475 -0.0235763 0.00136785 0.0559491 0.0219225 -0.0273087 0.0770113 0.0298931 0.0485879 0.102351 0.0678441 -0.00205433 0.0105253 0.0512559 0.0509191 0.0557836 0.127949 0.0265011 0.0169931 0.0281621 0.0419513 0.0788645 0.0822883 0.0494479 0.0122334 0.0329738 0.0423215 0.0872039 -0.0177782
internal_weight=103477 39239 64238 8361 19287 19952 55877 4995 11741 14292 1327 3668 8139 8211 12489 1631 8401 576 10110 5046 9282 4088 2122 1913 4125 2095 5370 2127 234 10855
internal_count=103477 39239 64238 8361 19287 19952 55877 4995 11741 14292 1327 3668 8139 8211 12489 1631 8401 576 10110 5046 9282 4088 2122 1913 4125 2095 5370 2127 234 10855
is_linear=0
shrinkage=0.03


Tree=5
num_leaves=31
num_cat=2
split_feature=21 18 0 1 31 21 31 18 31 18 21 21 18 27 0 31 31 18 32 13 31 27 32 18 12 18 12 26 11 1
split_gain=99238.1 12095.1 6234.17 4002.29 3475.41 1924.87 1351.96 1064.96 828.882 711.586 703.539 665.5 567.591 516.994 419.927 396.097 376.985 347.75 334.258 330.88 313.643 294.505 279.382 267.687 262.772 254.804 243.703 240.928 223.686 212.158
threshold=10.500000000000002 2.3380951881408696 1.0000000180025095e-35 1.0000000180025095e-35 6.2500000000000009 67.500000000000014 10.150000095367433 1.7533783912658694 6.2500000000000009 0.90767046809196483 66.500000000000014 70.500000000000014 0.49324324727058416 1.1000000238418581 1.1666666865348818 5.3500001430511483 6.7500000000000009 5.7360682487487802 0 0.30811500549316412 5.9500000476837167 1.7083333134651186 1 4.6711711883544931 4.7550001144409189 0.78474903106689464 5.2099997997283944 0.83333334326744091 19.10000038146973 53.833333969116218
decision_type=2 2 2 2 2 2 2 2 2 2 2 2 2 10 2 2 2 2 9 10 2 10 9 2 2 2 2 10 2 2
left_child=2 5 12 -4 10 9 11 25 14 -2 -3 -6 -1 -12 -7 22 29 -8 -16 -13 -11 26 -15 -18 -10 -5 -20 -26 -17 -9
right_child=1 4 3 7 6 8 17 16 24 20 13 19 -14 15 18 28 23 -19 21 -21 -22 -23 -24 -25 27 -27 -28 -29 -30 -31
leaf_value=-0.028901702725364867 -0.0012057305673419719 0.029083143897331677 0.11922247353455294 -0.016391863023576713 0.049568646399399979 0.018318540233071209 0.093495195748818719 -0.0026286549233812237 0.049062181082177671 0.013967615319362504 0.058594380551206124 0.07056181572391805 -0.019788053520647827 0.036280837183498102 0.046935366154050022 0.04939776957562398 0.019556141655359949 0.13645664510336442 0.03100480564464575 0.090948002600175451 0.03380251698350796 0.020278104941395144 0.053858814588678409 0.073069933219389469 0.14339175737987864 -0.0067932151568837395 0.05839634600666261 0.070244858828070869 0.0687520953183932 0.015377984515206387
leaf_weight=43463 2935 1625 230 5421 1012 3311 319 2083 470 4184 4199 2110 7164 3871 1064 1865 560 362 5128 1085 866 2592 1196 99 55 4602 310 154 755 821
leaf_count=43463 2935 1625 230 5421 1012 3311 319 2083 470 4184 4199 2110 7164 3871 1064 1865 560 362 5128 1085 866 2592 1196 99 55 4602 310 154 755 821
internal_value=0.000206091 0.0376684 -0.0227377 -0.00487596 0.0554401 0.0221489 0.0771174 -0.00697685 0.0292327 0.0105416 0.0475977 0.0707695 -0.0276121 0.0501289 0.0274662 0.0455047 0.00711064 0.116332 0.0307967 0.0774848 0.017369 0.0285642 0.0406078 0.0275954 0.0615073 -0.0119847 0.0325663 0.089494 0.0549751 0.00246207
internal_weight=103911 39468 64443 13816 18399 21069 4888 13586 13084 7985 13511 4207 50627 11886 12405 7687 3563 681 9094 3195 5050 8030 5067 659 679 10023 5438 209 2620 2904
internal_count=103911 39468 64443 13816 18399 21069 4888 13586 13084 7985 13511 4207 50627 11886 12405 7687 3563 681 9094 3195 5050 8030 5067 659 679 10023 5438 209 2620 2904
cat_boundaries=0 1 2
cat_threshold=12 34
is_linear=0
shrinkage=0.03


Tree=6
num_leaves=31
num_cat=0
split_feature=0 9 1 1 31 31 1 20 31 20 3 31 31 1 10 20 1 12 11 29 1 3 5 20 31 29 9 20 13 3
split_gain=88690.9 9735.5 7231.07 3301.85 2049.99 1532.93 1303.52 1077.03 743.459 693.188 693.088 650.65 646.017 617.476 606.588 534.487 474.398 411.833 401.815 362.386 338.659 296.872 294.402 291.28 289.713 286.977 254.014 247.722 237.406 226.33
threshold=0.83333334326744091 3.2916666269302373 2.8333333730697636 56.166666030883796 6.5499999523162851 5.4500000476837167 3.4166666269302373 1.0000000180025095e-35 5.4500000476837167 1.0000000180025095e-35 8.1416664123535174 10.250000000000002 8.8499999046325701 77.166667938232436 1.0000000180025095e-35 1.5000000000000002 52.416666030883796 0.99000000953674328 23.44999980926514 1.7749999761581423 85.166667938232436 1.9833333492279055 1.0471499562263491 1.0000000180025095e-35 6.3500001430511483 1.1000000238418581 1.1000000238418581 1.5000000000000002 0.27022100985050207 6.2166664600372323
decision_type=2 2 2 2 2 2 2 2 2 2 2 2 2 2 2 2 2 2 2 10 2 2 8 2 2 10 2 2 8 2
left_child=2 3 14 7 6 13 -3 -2 26 16 15 23 -7 27 -1 20 -4 -11 -13 -15 -8 -10 -21 -6 -19 -17 -9 -5 -27 -14
right_child=1 4 9 5 11 12 10 8 21 17 -12 18 29 19 -16 25 -18 24 -20 22 -22 -23 -24 -25 -26 28 -28 -29 -30 -31
leaf_value=-0.027832148183201514 -0.00515304805435655 0.12627312385219724 -0.0099585279898671691 0.011678203480764173 0.03572714923861179 0.047402763321826635 0.019855770079667493 0.0026641198483430602 0.018867833673668448 0.00045607212373532967 0.073413728788333091 0.086895193703999007 0.076507106859236951 0.029125424239574219 -0.018447099004602587 0.04111565516258011 0.013238798587613707 0.014117005369593767 0.13724171675286004 0.065850507065653804 0.045695590307480369 0.039102671197541648 0.038346050331212717 0.074567262131394807 0.052011435129749241 0.046708522957563399 0.016165449403150206 0.026012465758970364 0.060662909239371184 0.14140898313511302
leaf_weight=45207 2497 199 6194 1988 188 3613 997 2051 1148 3041 920 368 120 5333 7183 2203 910 1879 233 420 842 1512 2109 2297 201 2000 3228 2389 2431 81
leaf_count=45207 2497 199 6194 1988 188 3613 997 2051 1148 3041 920 368 120 5333 7183 2203 910 1879 233 420 842 1512 2109 2297 201 2000 3228 2389 2431 81
internal_value=-0.00010545 0.0355156 -0.0216975 0.0251681 0.0571352 0.0337081 0.0502927 0.0120317 0.0174367 -0.000921779 0.0486829 0.0784033 0.0503149 0.028533 -0.0265454 0.0459977 -0.00698702 0.0074921 0.106414 0.0335608 0.0316867 0.0303697 0.0429138 0.0716289 0.0177789 0.0499648 0.0109199 0.019502 0.0543644 0.102662
internal_weight=103782 39167 64615 26489 12678 16053 9592 10436 7939 12225 9393 3086 3814 12239 52390 8473 7104 5121 601 7862 1839 2660 2529 2485 2080 6634 5279 4377 4431 201
internal_count=103782 39167 64615 26489 12678 16053 9592 10436 7939 12225 9393 3086 3814 12239 52390 8473 7104 5121 601 7862 1839 2660 2529 2485 2080 6634 5279 4377 4431 201
is_linear=0
shrinkage=0.03


Tree=7
num_leaves=31
num_cat=1
split_feature=21 12 9 10 21 31 32 12 31 31 31 9 21 10 2 31 30 19 13 30 31 3 10 27 31 12 3 31 27 31
split_gain=87235 9089.95 5347.73 3515.03 3230.51 2012.31 1350.72 1006.61 915.046 842.265 804.794 501.1 439.072 374.619 364.818 329.681 315.964 297.183 290.453 284.348 268.887 260.262 259.959 258.139 249.558 246.91 245.341 239.975 237.478 234.27
threshold=10.500000000000002 4.5899999141693124 0.36666667461395269 1.0000000180025095e-35 71.500000000000014 8.4499998092651385 0 2.6550000905990605 5.4500000476837167 5.0499999523162851 5.3500001430511483 2.1000000238418584 82.500000000000014 1.0000000180025095e-35 35.166666030883796 6.5499999523162851 1.0000000180025095e-35 6.5000000000000009 0.064047999680042281 1.0000000180025095e-35 4.0499999523162851 7.4833333492279062 30.899999618530277 1.5500000119209292 4.5499999523162851 5.3224999904632577 2.9833333492279057 6.5499999523162851 1.8999999761581423 11.550000190734865
decision_type=2 2 2 2 2 2 9 2 2 2 2 2 2 2 2 2 2 2 10 2 2 2 2 8 2 2 2 2 8 2
left_child=2 4 13 -4 9 10 22 24 11 18 -3 20 -12 -1 17 26 -14 -7 -2 21 -8 -19 -6 -22 -5 -9 -11 -10 -13 -16
right_child=1 5 3 7 6 14 8 25 27 15 12 28 16 -15 29 -17 -18 19 -20 -21 23 -23 -24 -25 -26 -27 -28 -29 -30 -31
leaf_value=-0.026990768150139965 0.0015000541772214506 0.042280033855858414 0.11153191037028702 -0.016254481200062315 0.022819612774881936 0.12591047570848665 0.0023437675264840192 0.0068996904030466039 0.042537395052374402 0.014206798739905085 0.049439911129141402 0.036487792637759447 0.05972212031493513 -0.018605766921466677 0.10798549897663416 0.038499525588738363 0.077037452061848075 0.041290989517455891 0.01732574720742713 0.10299090953081569 0.028638228945124067 0.087659656183644269 0.052389657550792536 0.016599553229013232 -0.0071007835820194719 0.033622138190205549 0.032022120384699287 0.066406860495490549 0.022930734774505482 0.19336680228872732
leaf_weight=45240 4154 2664 229 4371 289 194 592 1878 1977 2744 1642 4887 1983 5364 61 956 1818 187 1394 405 3725 261 3609 2814 6931 373 932 469 1526 55
leaf_count=45240 4154 2664 229 4371 289 194 592 1878 1977 2744 1642 4887 1983 5364 61 956 1818 187 1394 405 3725 261 3609 2814 6931 373 932 469 1526 55
internal_value=-8.50172e-05 0.0351129 -0.0215899 -0.00502281 0.0271056 0.061085 0.0341409 -0.00699219 0.0302078 0.0133612 0.055791 0.0271769 0.0624037 -0.026102 0.0979887 0.0228052 0.068004 0.0923959 0.00547644 0.0847736 0.0217047 0.0683049 0.0500689 0.0234575 -0.0106409 0.0113277 0.0187236 0.0471142 0.0332618 0.148468
internal_weight=103724 39338 64386 13782 30068 9270 19888 13553 15990 10180 8107 13544 5443 50604 1163 4632 3801 1047 5548 853 7131 448 3898 6539 11302 2251 3676 2446 6413 116
internal_count=103724 39338 64386 13782 30068 9270 19888 13553 15990 10180 8107 13544 5443 50604 1163 4632 3801 1047 5548 853 7131 448 3898 6539 11302 2251 3676 2446 6413 116
cat_boundaries=0 1
cat_threshold=12
is_linear=0
shrinkage=0.03


Tree=8
num_leaves=31
num_cat=1
split_feature=21 12 0 21 10 31 32 10 31 31 31 12 12 31 21 29 27 3 27 2 29 5 31 21 12 23 19 10 5 12
split_gain=82885.7 7872.09 5142.46 3224.28 2854.13 1747.53 1192.32 1029.46 870.491 836.494 803.466 598.772 573.936 452.907 384.352 374.448 328.24 330.888 264.461 261.195 254.746 269.255 251.707 225.713 222.39 221.97 242.3 237.812 227.67 214.844
threshold=10.500000000000002 4.5899999141693124 0.58333334326744091 70.500000000000014 1.0000000180025095e-35 6.2500000000000009 0 1.0000000180025095e-35 5.0499999523162851 6.2500000000000009 9.9499998092651385 2.3099999427795415 2.589999914169312 7.7500000000000009 70.500000000000014 1.5500000119209292 1.6333333253860476 8.5166668891906756 1.5500000119209292 14.416666507720949 1.8999999761581423 1.4469333291053774 4.6499998569488534 60.500000000000007 0.61000001430511486 2.7749999761581425 15.500000000000002 89.099998474121108 0.34379999339580541 5.810000181198121
decision_type=2 2 2 2 2 2 9 2 2 2 2 2 2 2 2 10 10 2 8 2 8 8 2 2 2 10 2 2 10 2
left_child=2 3 7 8 -4 16 19 -1 24 11 14 18 -6 -10 -7 -13 17 23 -8 22 21 29 -5 -3 -2 26 28 -28 -12 -16
right_child=1 5 4 6 12 10 9 -9 13 -11 25 15 -14 -15 20 -17 -18 -19 -20 -21 -22 -23 -24 -25 -26 -27 27 -29 -30 -31
leaf_value=-0.026180817461238664 -0.0051528870802189323 0.023944817054636625 0.10663588897325098 0.024356232472916239 -0.0064719532969320422 0.045010813695736063 0.026684835294086762 -0.015879644252006535 0.019987250655952742 0.061861132018770394 0.098592245384529861 0.028202947674983766 0.011954497093616678 0.057663769044659349 0.053272314456601938 0.040403175620032143 0.03660242382960794 0.076856197570236984 0.014261188728057525 0.056282322398695184 0.089129671035688945 0.057617395703412039 0.04805792870134773 0.051540877144781144 0.0084690675216645018 0.13695343844318653 0.061165264703590294 0.11957141835691926 0.16283596896444974 0.087592483812518288
leaf_weight=45266 1483 294 224 582 6144 581 3708 10818 4242 712 177 5224 2022 308 216 3996 1778 436 2640 2021 601 1192 1313 2878 3956 136 232 86 69 684
leaf_count=45266 1483 294 224 582 6144 581 3708 10818 4242 712 177 5224 2022 308 216 3996 1778 436 2640 2021 601 1192 1313 2878 3956 136 232 86 69 684
internal_value=5.60488e-05 0.0342502 -0.0209168 0.0267966 0.000988647 0.058287 0.0336922 -0.0241938 0.012855 0.0300445 0.0733779 0.0286087 -0.00190934 0.0225377 0.0671406 0.0334906 0.0471524 0.0523514 0.0215181 0.0486556 0.0719149 0.0669694 0.0407786 0.0489831 0.0047549 0.102551 0.0942553 0.0769606 0.116612 0.0793556
internal_weight=104019 39545 64474 30185 8390 9360 20196 56084 9989 16280 3974 15568 8166 4550 3274 9220 5386 3608 6348 3916 2693 2092 1895 3172 5439 700 564 318 246 900
internal_count=104019 39545 64474 30185 8390 9360 20196 56084 9989 16280 3974 15568 8166 4550 3274 9220 5386 3608 6348 3916 2693 2092 1895 3172 5439 700 564 318 246 900
cat_boundaries=0 1
cat_threshold=12
is_linear=0
shrinkage=0.03


Tree=9
num_leaves=31
num_cat=1
split_feature=21 18 9 31 12 21 31 12 31 3 18 27 6 18 21 29 21 31 32 31 31 27 13 31 9 21 29 31 31 31
split_gain=77278.1 9019.69 5635.24 3420.72 2447.46 1294.44 1038.26 966.851 580.918 575.491 432.84 421.856 415.827 398.619 382.398 335.46 329.811 302.807 296.714 294.711 282.339 270.781 268.842 260.074 256.82 243.012 240.662 233.928 232.335 230.763
threshold=14.500000000000002 2.2535713911056523 0.36666667461395269 2.5499999523162846 5.8900001049041757 70.500000000000014 8.9499998092651385 2.6550000905990605 5.4500000476837167 4.8833334445953378 0.95119047164917003 1.2250000238418581 0.83333334326744091 0.13840996474027636 82.500000000000014 1.4499999880790713 57.500000000000007 7.9500000476837167 0 4.3500001430511483 5.2500000000000009 1.5500000119209292 0.30006700754165655 6.0499999523162851 4.9000000953674325 88.500000000000014 2.2916666269302373 0.65000000596046459 6.7500000000000009 7.2500000000000009
decision_type=2 2 2 2 2 2 2 2 2 2 2 8 2 2 2 10 2 2 9 2 2 8 10 2 2 2 8 2 2 2
left_child=2 5 13 27 8 10 16 20 11 19 -2 25 15 -1 -10 -8 -6 24 -13 -7 -5 -21 26 -9 -11 -3 -18 -4 -16 -12
right_child=1 4 3 7 6 9 12 23 14 17 29 18 -14 -15 28 -17 22 -19 -20 21 -22 -23 -24 -25 -26 -27 -28 -29 -30 -31
leaf_value=-0.025902888459377434 -0.00023160883485163011 0.030706200317710361 0.055660861588337204 -0.011681345963532196 0.02549920414819529 0.013444159768882885 0.068089372314841773 0.0044282544474912207 0.039996693299995972 0.037009187022215582 0.013589375444972676 0.046755794070572718 0.1352359632233327 -0.019550940389946658 0.052487810041779367 0.11279345903771849 0.052630720835427441 0.10504298526753227 0.027885295461596182 0.030331406416809942 -0.0015715832510460306 0.019339438164473262 0.071797323414850761 0.024606610258354301 0.091259960171633528 0.048517203236328514 0.085804827712399348 0.12630852844010398 0.071980618286184225 0.047474678799746525
leaf_weight=39251 2690 872 55 8656 228 2249 389 1582 1920 1207 4209 1002 198 11496 2335 247 2025 69 3965 4779 3488 3490 1654 903 84 3293 218 181 720 189
leaf_count=39251 2690 872 55 8656 228 2249 389 1582 1920 1207 4209 1002 198 11496 2335 247 2025 69 3965 4779 3488 3490 1654 903 84 3293 218 181 720 189
internal_value=1.69049e-05 0.0340416 -0.0197055 -0.00346095 0.048613 0.0193934 0.0667418 -0.00528882 0.0422402 0.0254477 0.00924765 0.0377468 0.0972703 -0.0244639 0.0504882 0.0854509 0.0605695 0.0438117 0.0318423 0.0230732 -0.00877762 0.0256922 0.0626214 0.0117607 0.0405391 0.0447882 0.055855 0.109844 0.0570819 0.0150456
internal_weight=103644 38032 65612 14865 19066 18966 4959 14629 14107 11878 7088 9132 834 50747 4975 636 4125 1360 4967 10518 12144 8269 3897 2485 1291 4165 2243 236 3055 4398
internal_count=103644 38032 65612 14865 19066 18966 4959 14629 14107 11878 7088 9132 834 50747 4975 636 4125 1360 4967 10518 12144 8269 3897 2485 1291 4165 2243 236 3055 4398
cat_boundaries=0 1
cat_threshold=8
is_linear=0
shrinkage=0.03


Tree=10
num_leaves=31
num_cat=2
split_feature=21 18 18 32 12 3 12 21 18 10 21 3 1 29 27 12 13 21 27 18 28 12 1 12 25 32 13 18 18 19
split_gain=72715.7 9410.41 4334.06 2510.5 2330.78 1689.43 964.818 793.361 652.913 556.387 480.142 439.158 438.538 401.829 365.853 322.388 305.047 296.2 268.731 264.949 259.193 258.973 243.631 237.532 234.455 224.816 222.979 214.253 206.73 200.702
threshold=10.500000000000002 2.5322916507720952 0.78474903106689464 0 6.5633332729339608 2.3166666030883794 2.554999947547913 75.500000000000014 5.2880184650421151 1.0000000180025095e-35 76.500000000000014 4.8833334445953378 1.0000000180025095e-35 2.3666666746139531 1.8999999761581423 11.150000095367433 0.32019600272178655 60.500000000000007 1.7083333134651186 1.2742946743965151 2.1666666269302373 4.5099999904632577 49.166666030883796 7.310000181198121 1.8999999761581423 1 0.34232300519943243 2.1231060028076176 0.93649193644523632 9.5000000000000018
decision_type=2 2 2 9 2 2 2 2 2 2 2 2 2 8 10 2 10 2 8 2 8 2 2 2 10 9 8 2 2 2
left_child=2 5 9 24 10 7 12 28 13 -1 21 18 -5 17 20 29 -16 -6 27 -9 -12 -3 -8 -13 -4 -21 -22 -7 -2 -10
right_child=1 4 3 6 8 11 22 19 15 -11 14 23 -14 -15 16 -17 -18 -19 -20 25 26 -23 -24 -25 -26 -27 -28 -29 -30 -31
leaf_value=-0.025035310690013479 -0.0012133183841591269 0.025511493238991635 0.11109199880895035 -0.016934877657045076 0.016119747497912111 0.025523010772171947 0.0030325635419653977 0.013252905476199171 0.065748780150804528 -0.016597363882955529 0.046957160784745731 0.036966475818249821 -0.0047985471125359313 0.099078541583139668 0.033256854402135216 0.1146385828510226 0.072260020507347519 0.060505109691617633 0.017535477203554254 0.052225563343067626 0.050820126120064368 0.045083820922673962 0.022658518525756528 0.072866095916833726 0.038817072579852091 0.023553917837918999 0.074614739511263101 0.038853407513348932 0.0095163227933271217 0.094020875574285928
leaf_weight=42367 2843 1789 181 4693 145 4591 1366 2477 468 8433 6231 2114 6246 232 2278 315 196 2026 2885 283 824 922 976 180 52 2586 622 1421 3745 437
leaf_count=42367 2843 1789 181 4693 145 4591 1366 2477 468 8433 6231 2114 6246 232 2278 315 196 2026 2885 283 824 922 976 180 52 2586 622 1421 3745 437
internal_value=7.58759e-05 0.0320522 -0.0196178 -0.00451856 0.049371 0.0197061 -0.00625912 0.0118539 0.0706253 -0.0236346 0.043384 0.0280797 -0.0100052 0.061551 0.0463795 0.0884989 0.0363468 0.0575406 0.025062 0.0204406 0.0496126 0.032168 0.0112114 0.0397834 0.0910541 0.0266462 0.0610554 0.0286738 0.00488603 0.0794006
internal_weight=103924 39610 64314 13514 16485 23125 13281 11934 3623 50800 12862 11191 10939 2403 10151 1220 2474 2171 8897 5346 7677 2711 2342 2294 233 2869 1446 6012 6588 905
internal_count=103924 39610 64314 13514 16485 23125 13281 11934 3623 50800 12862 11191 10939 2403 10151 1220 2474 2171 8897 5346 7677 2711 2342 2294 233 2869 1446 6012 6588 905
cat_boundaries=0 1 2
cat_threshold=1 8
is_linear=0
shrinkage=0.03


Tree=11
num_leaves=31
num_cat=0
split_feature=21 18 9 10 31 21 3 18 31 9 31 31 21 18 27 31 29 29 30 29 3 18 25 3 2 9 29 10 29 18
split_gain=67052.3 7913.91 5099.91 2507.53 2020.12 1273.33 868.92 851.161 653.284 517.119 447.555 422.24 392.56 387.745 336.702 307.672 295.812 290.751 327.026 277.93 277.742 272.207 257.554 252.107 230.221 224.257 220.462 207.644 203.291 235.372
threshold=14.500000000000002 2.2535713911056523 0.29166667163372045 1.0000000180025095e-35 6.2500000000000009 70.500000000000014 1.8416666984558108 5.1633331775665292 5.2500000000000009 3.5499999523162846 8.6500000953674334 6.0499999523162851 76.500000000000014 0.13840996474027636 1.8999999761581423 6.4500000476837167 1.7749999761581423 2.3666666746139531 1.0000000180025095e-35 0.77500000596046459 6.0166666507720956 1.0597147941589358 1.8999999761581423 8.1416664123535174 4.1666667461395273 0.63333335518836986 1.8999999761581423 81.099998474121108 0.90000000596046459 9.7750000953674334
decision_type=2 2 2 2 2 2 2 2 2 2 2 2 2 2 8 2 10 8 2 8 2 2 10 2 2 2 8 2 10 2
left_child=2 5 13 22 9 15 21 12 16 14 -9 -8 -6 -1 27 25 -7 18 -11 -14 -10 -5 -4 -20 -21 -2 -26 -3 -12 -30
right_child=1 4 3 6 7 8 11 10 20 17 28 -13 19 -15 -16 -17 -18 -19 23 24 -22 -23 -24 -25 26 -27 -28 -29 29 -31
leaf_value=-0.024464862077556496 -0.0023752085343682655 0.032479868326830211 0.10996513656550837 -0.012768858300513155 0.039457847321869161 0.016596481957165135 0.0025271956564810794 0.066873252021229304 0.033459146649154871 0.036414246232469742 0.068827442272273859 0.027172341097137547 0.035970934314367438 -0.018164491412256067 0.023744497823652372 0.029420050306080039 0.027838657437027087 0.064389352905346142 0.048140021693075449 0.031622677223599883 0.062249934312571503 -0.0036254392938786231 0.033864533427883599 0.079427162149659128 0.062031870346497028 0.0097163991294143982 0.085210725046174662 0.043706096119088059 0.10365122998054337 0.17092042767354901
leaf_weight=39081 1974 3016 186 6313 1114 6404 2340 736 2179 2753 129 854 347 11343 1992 551 3139 688 2451 172 350 5469 51 256 1481 4591 492 2917 401 53
leaf_count=39081 1974 3016 186 6313 1114 6404 2340 736 2179 2753 129 854 347 11343 1992 551 3139 688 2451 172 350 5469 51 256 1481 4591 492 2917 401 53
internal_value=-6.53295e-05 0.0315431 -0.0184544 -0.00322999 0.0452686 0.0179536 -0.00476219 0.0618051 0.023887 0.0394814 0.0824264 0.00911672 0.0542623 -0.0230476 0.0344163 0.00788783 0.0202944 0.0460105 0.0436947 0.0608804 0.0374436 -0.00852464 0.0935891 0.0510988 0.06491 0.00608063 0.0678119 0.0379993 0.102061 0.111504
internal_weight=103823 38186 65637 15213 18998 19188 14976 4925 12072 14073 1319 3194 3606 50424 7925 7116 9543 6148 5460 2492 2529 11782 237 2707 2145 6565 1973 5933 583 454
internal_count=103823 38186 65637 15213 18998 19188 14976 4925 12072 14073 1319 3194 3606 50424 7925 7116 9543 6148 5460 2492 2529 11782 237 2707 2145 6565 1973 5933 583 454
is_linear=0
shrinkage=0.03


Tree=12
num_leaves=31
num_cat=0
split_feature=21 18 9 31 31 21 18 1 18 18 12 31 18 27 21 27 31 19 31 30 3 31 1 9 31 22 29 19 1 22
split_gain=64825.3 7893.03 4003.31 2410.92 2328.95 1439.04 1015.92 697.217 580.675 579.92 530.777 526.716 414.597 401.183 374.408 339.519 329.172 308.66 295.635 280.291 256.509 254.195 250.439 249.985 234.573 200.781 198.274 204.335 194.675 183.604
threshold=10.500000000000002 2.2240144014358525 0.55000001192092907 3.6499999761581425 6.2500000000000009 70.500000000000014 5.2880184650421151 49.166666030883796 0.20294117927551272 3.1270161867141728 5.8900001049041757 8.4499998092651385 0.95119047164917003 1.6333333253860476 85.500000000000014 1.5500000119209292 6.0499999523162851 8.5000000000000018 4.8500001430511483 1.0000000180025095e-35 4.4833333492279062 7.9500000476837167 82.416667938232436 3.3666666746139531 6.1499998569488534 3.1666666269302373 1.4499999880790713 34.500000000000007 1.0000000180025095e-35 3.1666666269302373
decision_type=2 2 2 2 2 2 2 2 2 2 2 2 2 10 2 8 2 2 2 2 2 2 2 2 2 10 8 2 2 10
left_child=2 5 8 -4 9 12 14 16 -1 19 15 22 -2 29 -6 20 -5 -15 -9 -3 -7 -14 -8 -21 -12 -13 -16 -28 -10 -11
right_child=1 4 3 7 6 10 11 18 28 13 24 25 21 17 26 -17 -18 -19 -20 23 -22 -23 -24 -25 -26 -27 27 -29 -30 -31
leaf_value=-0.023560806325000343 -0.0012495851276609791 0.026246349353873853 0.094145173465276691 -0.010000162296476085 0.042844247233271834 0.024735280439823096 0.038560760557678909 -0.0014209292655249246 -0.018607387252530246 0.047661312465208529 0.045769078973680738 0.098737802666383073 0.01166125154425713 0.018451991025914629 0.053979403093437503 0.01648872802795924 0.0070042827136249401 0.041650582601898342 0.02202334292401438 0.033091994028099862 0.042763404428406995 0.057996319412774992 0.079140198927668215 0.050472541885422204 0.10204846886323829 0.15180087119889482 0.067999955791196526 0.11838853290693575 -0.010410332541825785 0.075608459618194276
leaf_weight=41160 3165 3793 231 7257 1617 5771 204 836 8809 4502 285 531 4758 787 1241 4843 1193 1500 1150 2753 810 109 416 1021 87 73 871 79 3704 222
leaf_count=41160 3165 3793 231 7257 1617 5771 204 836 8809 4502 285 531 4758 787 1241 4843 1193 1500 1150 2753 810 109 416 1021 87 73 871 79 3704 222
internal_value=5.91587e-05 0.0303439 -0.0185043 -0.00171825 0.0438393 0.0169969 0.0614364 -0.00384018 -0.0218403 0.0377652 0.0236659 0.0852124 0.00720255 0.0439814 0.0537942 0.0225176 -0.00759942 0.0336675 0.0121546 0.0320057 0.0269542 0.012699 0.0657883 0.037794 0.0589312 0.105151 0.0618754 0.0721902 -0.016181 0.0489747
internal_weight=103778 39438 64340 10667 19610 19828 5032 10436 53673 14578 11796 1224 8032 7011 3808 11424 8450 2287 1986 7567 6581 4867 620 3774 372 604 2191 950 12513 4724
internal_count=103778 39438 64340 10667 19610 19828 5032 10436 53673 14578 11796 1224 8032 7011 3808 11424 8450 2287 1986 7567 6581 4867 620 3774 372 604 2191 950 12513 4724
is_linear=0
shrinkage=0.03


Tree=13
num_leaves=31
num_cat=0
split_feature=0 18 3 31 20 1 18 18 4 11 1 18 3 18 20 31 31 20 31 20 19 31 31 26 29 10 3 19 29 24
split_gain=58738.2 7792.37 4559.52 1817.86 1710.52 772.95 726.036 693.844 688.797 587.479 481.378 381.182 356.844 342.267 323.466 314.88 284.051 282.296 252.256 251.913 244.371 241.021 230.32 225.734 218.404 214.826 205.208 193.397 187.786 189.066
threshold=0.83333334326744091 2.8449518680572514 1.0000000180025095e-35 9.3499999046325701 1.5000000000000002 76.166667938232436 1.6933760643005373 1.8198052048683169 0.21677666902542117 1.0000000180025095e-35 79.166667938232436 0.47722567617893225 6.3416666984558114 6.2535715103149423 6.5000000000000009 5.4500000476837167 5.6499998569488534 1.0000000180025095e-35 6.6499998569488534 1.0000000180025095e-35 17.500000000000004 5.4500000476837167 6.0499999523162851 1.8333333134651186 1.6333333253860476 76.099998474121108 1.7416666746139529 5.5000000000000009 0.90000000596046459 0.41666667163372045
decision_type=2 2 2 2 2 2 2 2 10 2 2 2 2 2 2 2 2 2 2 2 2 2 2 10 10 2 2 2 10 10
left_child=2 4 11 8 5 15 19 24 9 -3 14 -1 23 28 -11 -2 27 26 20 -4 -10 -7 -14 -9 -6 -20 -8 -12 -5 -30
right_child=1 3 6 13 7 21 17 12 18 10 16 -13 22 -15 -16 -17 -18 -19 25 -21 -22 -23 -24 -25 -26 -27 -28 -29 29 -31
leaf_value=-0.022802036760259822 0.0024246065193765302 0.088477975541270668 -0.009356528530728301 0.041126833070356111 0.014850511535652165 0.021147725344706918 -0.002366769925601715 0.033694115421123036 0.038317462001118616 0.025372836697321724 0.026572339505080526 -0.015482360678867206 0.040185113416075252 0.11026609938435193 0.051029626254815837 0.015452938562096036 0.053306233957598606 0.023850099273333581 0.05192256714134013 -5.3969138596834894e-05 0.059188597466950814 0.052774305380407276 0.075253522546449764 0.021299872539888822 0.026865768030853693 0.078671374571178163 0.023910408675734667 0.04241915446331003 0.12015153826124246 0.071984700172178728
leaf_weight=43612 6375 220 6265 130 4203 2675 1145 4601 920 2750 842 7505 505 357 527 2262 1912 1090 463 4503 1119 236 253 1856 2014 649 349 3920 93 347
leaf_count=43612 6375 220 6265 130 4203 2675 1145 4601 920 2750 842 7505 505 357 527 2262 1912 1090 463 4503 1119 236 253 1856 2014 649 349 3920 93 347
internal_value=-3.71995e-05 0.0289074 -0.0176498 0.0466108 0.0188091 0.0103426 -0.00203942 0.0260882 0.0437842 0.0399874 0.0389153 -0.0217274 0.0324174 0.0872322 0.0294989 0.00583668 0.0435389 0.0122412 0.05604 -0.00546635 0.0497715 0.0237117 0.05189 0.0301315 0.0187429 0.0675341 0.00377161 0.0396172 0.0728057 0.0821654
internal_weight=103698 39229 64469 14249 24980 11548 13352 13432 13322 10171 9951 51117 7215 927 3277 8637 6674 2584 3151 10768 2039 2911 758 6457 6217 1112 1494 4762 570 440
internal_count=103698 39229 64469 14249 24980 11548 13352 13432 13322 10171 9951 51117 7215 927 3277 8637 6674 2584 3151 10768 2039 2911 758 6457 6217 1112 1494 4762 570 440
is_linear=0
shrinkage=0.03


Tree=14
num_leaves=31
num_cat=0
split_feature=0 18 1 20 18 1 18 20 18 31 18 29 31 0 20 19 1 20 9 2 31 19 5 3 31 2 2 3 3 18
split_gain=56258.2 7136.24 4359.96 1917.51 1500.17 758.324 676.91 674.895 626.586 588.473 428.41 411.712 389.967 336.924 298.632 296.623 269.725 265.98 252.439 251.868 250.065 229.593 338.859 229.062 209.945 315.846 209.288 208.69 208.262 186.294
threshold=0.83333334326744091 2.8449518680572514 3.1666666269302373 1.5000000000000002 5.1633331775665292 64.500000000000014 1.5469207763671877 1.5000000000000002 1.6933760643005373 10.150000095367433 0.36754386126995092 1.5500000119209292 6.0499999523162851 9.166666507720949 1.0000000180025095e-35 9.5000000000000018 81.833332061767592 1.0000000180025095e-35 7.5499999523162851 18.166666984558109 7.0499999523162851 15.500000000000002 1.3601499795913699 6.4833333492279062 6.2500000000000009 4.1666667461395273 0.58333334326744091 2.1833333969116215 8.7833333015441912 2.1017241477966313
decision_type=2 2 2 2 2 2 2 2 2 2 2 10 2 2 2 2 2 2 2 2 2 2 8 2 2 2 2 2 2 2
left_child=2 3 10 5 7 17 27 16 -4 15 -1 28 -8 21 -10 19 26 -2 -17 -6 -20 22 -11 -14 -13 -26 -3 -5 -9 -19
right_child=1 4 8 6 9 -7 12 11 14 13 -12 24 23 -15 -16 18 -18 29 20 -21 -22 -23 -24 -25 25 -27 -28 -29 -30 -31
leaf_value=-0.02206419374709644 -0.0025153053792707153 0.081003623802285138 -0.0043221825430353501 0.010111963578316093 0.07781897738651089 0.020856868888838677 0.02888599420549887 0.037837853892894964 0.0037595316192801697 0.16869764139295601 -0.01497590869478997 0.048543880039624135 0.040124352677707469 0.15175712882928299 0.024596716572719991 0.067564504743128667 0.040069608012410801 0.006135148713202798 0.15626117253676056 0.042632987989754831 0.069454236365854738 0.064951254962183222 0.076691336226014581 0.071604517332711448 0.0021831095781501223 0.068576141559031481 0.020542944370937156 0.022896723944368223 0.057934614362880353 0.021744418959407246
leaf_weight=43407 3023 53 9422 2083 237 3755 7679 4613 1484 61 9322 2817 864 89 1062 530 1269 3957 64 805 56 196 88 274 69 986 1855 2563 516 833
leaf_count=43407 3023 53 9422 2083 237 3755 7679 4613 1484 61 9322 2817 864 89 1062 530 1269 3957 64 805 56 196 88 274 69 986 1855 2563 516 833
internal_value=0.000101192 0.0283945 -0.0171008 0.0187349 0.045298 0.00977729 0.0264317 0.0412386 -0.000753906 0.0685504 -0.0208111 0.0454344 0.0313148 0.0997148 0.0124512 0.0605567 0.0293512 0.00445234 0.0764605 0.0506359 0.115751 0.0862894 0.114358 0.0477039 0.0528189 0.0642338 0.0222224 0.0171648 0.0398597 0.00884966
internal_weight=104032 39335 64697 25031 14304 11568 13463 12178 11968 2126 52729 9001 8817 434 2546 1692 3177 7813 650 1042 120 345 149 1138 3872 1055 1908 4646 5129 4790
internal_count=104032 39335 64697 25031 14304 11568 13463 12178 11968 2126 52729 9001 8817 434 2546 1692 3177 7813 650 1042 120 345 149 1138 3872 1055 1908 4646 5129 4790
is_linear=0
shrinkage=0.03


Tree=15
num_leaves=31
num_cat=0
split_feature=0 18 3 20 18 1 31 18 20 31 31 18 2 1 31 31 18 31 26 19 20 18 31 3 3 26 18 30 17 28
split_gain=53000.6 6361.26 4010.38 1686.31 1127.82 909.577 738.244 602.684 569.389 547.037 366.009 361.057 360.156 346.246 335.89 326.044 311.953 302.608 287.51 286.182 279.069 257.065 239.746 230.403 218.671 211.268 200.101 208.592 248.159 197.721
threshold=0.83333334326744091 2.9451951980590825 0.041666667908430106 1.5000000000000002 5.1633331775665292 76.166667938232436 5.4500000476837167 1.4202036857604983 1.5000000000000002 8.6500000953674334 6.5499999523162851 0.4463601559400559 1.1666666865348818 83.166667938232436 5.7500000000000009 8.9499998092651385 2.1408729553222661 5.2500000000000009 1.1666666865348818 8.5000000000000018 1.0000000180025095e-35 2.3605555295944218 4.9500000476837167 0.84166666865348827 2.0166666507720952 1.4166666865348818 9.7750000953674334 1.0000000180025095e-35 0.55000001192092907 1.1666666865348818
decision_type=2 2 2 2 2 2 2 2 2 2 2 2 2 2 2 2 2 2 10 2 2 2 2 2 2 10 2 2 2 10
left_child=2 3 11 5 8 17 16 -4 13 12 19 -1 18 -3 -14 21 23 -2 -6 -10 24 -8 -7 -5 -9 -15 27 -11 -29 -21
right_child=1 4 7 6 9 22 15 20 10 26 -12 -13 14 25 -16 -17 -18 -19 -20 29 -22 -23 -24 -25 -26 -27 -28 28 -30 -31
leaf_value=-0.021428790903214014 0.0014350278704708891 0.020695713103614524 -0.0054741683314588271 -0.002178955874135417 0.14935613171383738 0.020145615898635939 0.029898601550545741 -0.0023574584992123357 0.030135441284556794 0.063807135800422396 0.05652106674404575 -0.0145354052844585 0.02856935640372529 0.052329041654369045 0.05999918685791715 0.085682514364644885 0.028946617495944876 0.012982525982743706 0.066131210611625149 0.037545235587783159 0.019535683382147742 0.047443496700250859 0.040315558798502869 0.019692425010704017 0.024244162051106945 0.026189416153412762 0.13678520743242081 0.086818510874557511 0.15988502932569157 0.049794756089643358
leaf_weight=43875 5597 1754 9166 465 60 2315 2058 1662 1587 274 1793 8101 451 693 952 125 3776 3216 99 2005 1408 1184 688 6397 334 465 68 214 52 2903
leaf_count=43875 5597 1754 9166 465 60 2315 2058 1662 1587 274 1793 8101 451 693 952 125 3776 3216 99 2005 1408 1184 688 6397 334 465 68 214 52 2903
internal_value=3.21609e-05 0.0275514 -0.0166769 0.0188542 0.0443479 0.0105076 0.0258962 -0.001471 0.0405127 0.0641429 0.0445222 -0.0203544 0.0547454 0.0291011 0.0498959 0.0381392 0.0220212 0.00564889 0.0975368 0.0412097 0.00930837 0.0363061 0.0247666 0.0182103 0.00209391 0.0418326 0.0882857 0.0821784 0.101102 0.0447906
internal_weight=103737 39191 64546 25821 13370 11816 14005 12570 11200 2170 8288 51976 1562 2912 1403 3367 10638 8813 159 6495 3404 3242 3003 6862 1996 1158 608 540 266 4908
internal_count=103737 39191 64546 25821 13370 11816 14005 12570 11200 2170 8288 51976 1562 2912 1403 3367 10638 8813 159 6495 3404 3242 3003 6862 1996 1158 608 540 266 4908
is_linear=0
shrinkage=0.03


Tree=16
num_leaves=31
num_cat=1
split_feature=21 12 0 21 10 31 32 31 31 12 31 27 29 29 31 9 9 10 27 28 31 12 31 30 13 3 10 4 4 2
split_gain=50826.4 5097.18 3209.61 2066.89 1725.19 1306.27 958.728 697.242 667.067 654.834 501.452 379.451 314.282 284.687 278.386 266.772 249.013 229.428 229.334 228.216 219.017 216.786 214.915 213.268 253.188 212.996 189.313 190.689 185.663 173.768
threshold=10.500000000000002 4.6224999427795419 1.0000000180025095e-35 75.500000000000014 1.0000000180025095e-35 6.2500000000000009 0 5.4500000476837167 10.150000095367433 2.589999914169312 5.1499998569488534 1.8999999761581423 2.6333333253860478 0.90000000596046459 4.0499999523162851 1.1000000238418581 8.7750000953674334 0.22500000149011615 1.6333333253860476 1.8333333134651186 4.8500001430511483 4.8775000572204599 7.6499998569488534 1.0000000180025095e-35 0.36625500023365026 1.541666626930237 71.224998474121108 0.14020500332117083 0.29395666718482977 15.416666507720949
decision_type=2 2 2 2 2 2 9 2 2 2 2 8 8 10 2 2 2 2 10 10 2 2 2 2 10 2 2 10 10 2
left_child=2 3 17 10 19 23 29 11 12 20 15 14 18 -10 -8 -2 -15 -1 26 -4 -6 -11 -9 -3 -25 -16 -7 -28 -12 -5
right_child=1 5 4 6 9 8 7 22 13 21 28 -13 -14 16 25 -17 -18 -19 -20 -21 -22 -23 -24 24 -26 -27 27 -29 -30 -31
leaf_value=-0.020618042066143632 -0.0012163780852413302 0.030798847317998188 0.059840159333662359 0.034381927569815167 -0.011592801043832337 0.044048261034951824 0.0027295428382025822 0.036313915772063131 0.049979657149563227 0.0051972090742425777 0.016433145662267137 0.011739170081786231 0.098125295775367855 0.090336649607894462 0.014951178724912244 0.011174662332383968 0.15159221096123968 -0.013939924100653015 0.041355235978254606 0.12723980062671247 -0.0031747731206407644 0.028361752268225921 0.074285369372260726 0.038718192284597247 0.064183644615954355 0.026941285374886374 0.054420626523985535 0.076452765230331732 0.042173911281305446 0.047184564609119642
leaf_weight=45462 3127 2675 167 2008 6279 590 540 2168 135 1721 4546 3162 141 407 1610 3128 70 5155 1106 62 4994 461 143 2125 421 7762 793 638 267 1818
leaf_count=45462 3127 2675 167 2008 6279 590 540 2168 135 1721 4546 3162 141 407 1610 3128 70 5155 1106 62 4994 461 143 2125 421 7762 793 638 267 1818
internal_value=-1.51032e-05 0.0268252 -0.016453 0.0209079 -0.00356217 0.046512 0.0268573 0.0234579 0.0596962 -0.00495183 0.0105815 0.020788 0.0543132 0.0884407 0.0236747 0.00498013 0.0993259 -0.0199379 0.0523376 0.0780881 -0.00786357 0.0100913 0.0386635 0.0367141 0.0429291 0.0248815 0.0583478 0.0642435 0.0178611 0.0403599
internal_weight=103681 39380 64301 30279 13684 9101 19211 15385 3880 13455 11068 13074 3268 612 9912 6255 477 50617 3127 229 11273 2182 2311 5221 2546 9372 2021 1431 4813 3826
internal_count=103681 39380 64301 30279 13684 9101 19211 15385 3880 13455 11068 13074 3268 612 9912 6255 477 50617 3127 229 11273 2182 2311 5221 2546 9372 2021 1431 4813 3826
cat_boundaries=0 1
cat_threshold=12
is_linear=0
shrinkage=0.03


Tree=17
num_leaves=31
num_cat=0
split_feature=21 18 31 3 12 31 21 18 21 31 31 18 21 28 12 27 18 2 27 28 10 14 14 27 31 6 30 19 22 30
split_gain=48517 6150.48 3538.44 2303.27 2163.73 1011.16 599.789 540.708 479.395 402.275 382.286 303.543 298.568 291.989 262.524 254.086 234.887 231.896 228.686 220.945 202.45 201.771 171.191 194.49 168.631 164.241 202.514 169.712 161.577 161.331
threshold=10.500000000000002 1.9486842155456545 2.5499999523162846 1.0000000180025095e-35 4.5899999141693124 8.7500000000000018 70.500000000000014 1.0597147941589358 75.500000000000014 5.4500000476837167 5.0499999523162851 0.4463601559400559 58.500000000000007 1.8333333134651186 5.3224999904632577 0.45000000298023229 0.89237451553344738 12.833333492279055 1.8999999761581423 1.5833333134651186 89.633331298828139 1.0000000180025095e-35 1.4623799920082095 2.1000000238418584 0.65000000596046459 0.83333334326744091 1.0000000180025095e-35 23.500000000000004 2.5833333730697636 1.0000000180025095e-35
decision_type=2 2 2 2 2 2 2 2 2 2 2 2 2 10 2 10 2 2 8 10 2 8 8 8 2 2 2 2 10 2
left_child=2 6 24 11 8 10 16 -5 -3 18 -6 -4 -12 -8 -9 -14 -2 21 20 29 -10 -15 25 -24 -1 26 27 -7 -19 -17
right_child=1 4 3 7 5 22 13 14 9 -11 12 -13 15 17 -16 19 -18 28 -20 -21 -22 -23 23 -25 -26 -27 -28 -29 -30 -31
leaf_value=0.053905653996126991 -0.00074517038935983102 0.019387558556797298 -0.020290860615734443 -0.011241180178390589 0.031171913628966999 0.078559751632408442 0.013761035836793455 -0.00038072162611315735 0.026133540154585647 0.042555508864121912 0.026049427853438386 -0.01383232891723824 0.075424905743089146 0.058095364707019342 0.026598721783249787 0.036237663360114906 0.010257810065868692 0.033492717416644786 0.020376219665998029 0.055755125639650821 0.036838614085190576 0.016751302784135644 0.074154042583034041 0.028099782628035454 0.11061803393818913 0.12288513674929336 0.10683627775663303 0.011749771346940713 0.076609288167295064 0.050234372970721683
leaf_weight=63 2949 3414 43600 6457 1534 104 6435 6050 2966 2605 511 7707 333 113 343 1515 4281 865 2059 2127 3427 1775 496 99 188 111 135 51 86 1451
leaf_count=63 2949 3414 43600 6457 1534 104 6435 6050 2966 2605 511 7707 333 113 343 1515 4281 865 2059 2127 3427 1775 496 99 188 111 135 51 86 1451
internal_value=1.00872e-05 0.0262133 -0.0160362 -0.016476 0.0362621 0.0483077 0.0122471 -0.00511784 0.0292142 0.0322483 0.0445224 -0.0193207 0.0479719 0.0172968 0.00106679 0.0500365 0.00576987 0.025311 0.0290715 0.0483765 0.031872 0.0192258 0.0767017 0.0664912 0.0963835 0.0918519 0.0799736 0.0565771 0.0373918 0.043085
internal_weight=103850 39442 64408 64157 22938 8467 16504 12850 14471 11057 7471 51307 5937 9274 6393 5426 7230 2839 8452 5093 6393 1888 996 595 251 401 290 155 951 2966
internal_count=103850 39442 64408 64157 22938 8467 16504 12850 14471 11057 7471 51307 5937 9274 6393 5426 7230 2839 8452 5093 6393 1888 996 595 251 401 290 155 951 2966
is_linear=0
shrinkage=0.03


Tree=18
num_leaves=31
num_cat=1
split_feature=21 12 0 1 21 31 32 31 31 31 31 27 27 1 3 11 3 9 1 31 12 11 21 29 31 10 23 21 30 3
split_gain=45335.8 4905.24 3189.89 1863.56 1514.26 1348.19 748.894 658.015 611.247 515.006 483.935 448.761 376.093 300.565 299.328 282.514 275.082 245.312 239.932 233.254 229.407 223.827 221.204 205.49 204.983 201.781 190.478 183.714 175.805 174.335
threshold=14.500000000000002 4.5899999141693124 1.0000000180025095e-35 1.0000000180025095e-35 71.500000000000014 6.2500000000000009 0 5.7500000000000009 5.4500000476837167 11.650000095367433 5.4500000476837167 1.0000000180025095e-35 1.8999999761581423 50.416666030883796 8.5166668891906756 23.899999618530277 2.8833333253860478 1.1000000238418581 52.416666030883796 7.7500000000000009 0.0224999999627471 26.899999618530277 70.500000000000014 1.8999999761581423 4.0499999523162851 30.899999618530277 1.7749999761581423 1.5000000000000002 1.0000000180025095e-35 2.7833333015441899
decision_type=2 2 2 2 2 2 9 2 2 2 2 10 8 2 2 2 2 2 2 2 2 2 2 10 2 2 10 2 2 2
left_child=2 4 20 -4 10 14 25 18 12 11 17 -7 16 -9 28 22 24 -2 27 -12 -1 -11 -13 -24 -8 -6 -16 -5 -3 -10
right_child=1 5 3 7 6 9 8 13 29 21 19 15 -14 -15 26 -17 -18 -19 -20 -21 -22 -23 23 -25 -26 -27 -28 -29 -30 -31
leaf_value=-0.019304014903133604 -0.00087611741689075926 0.026730766983506574 0.081996194546204465 -0.010991746591248276 0.011480381375448745 0.1420618392785008 -0.003465289708948572 0.0047442370911841307 0.02521323885270042 0.077082182393127668 0.017410322724235233 0.031083598096917037 0.010412515851539164 0.031388551119421182 0.038663143495196332 0.071253813425009346 0.027716241298217932 0.010923146940258845 0.004402803444490096 0.046377704095305693 -0.012340449368537214 0.12776099436623711 0.048397152691387002 0.069905207998587696 0.019259578099098638 0.038413560371737189 0.070442282212088286 -0.0021035218566943683 0.038466139243497115 0.041689993463191716
leaf_weight=46108 3058 2387 229 7980 269 52 382 2090 931 310 2422 499 3328 466 359 642 4375 3294 1433 279 4691 105 1837 511 5511 3611 322 2837 2215 1524
leaf_count=46108 3058 2387 229 7980 269 52 382 2090 931 310 2422 499 3328 466 359 642 4375 3294 1433 279 4691 105 1837 511 5511 3611 322 2837 2215 1524
internal_value=2.00362e-05 0.0260078 -0.0150684 -0.00293003 0.0199401 0.0450429 0.0245615 -0.00424356 0.021651 0.0582862 0.0097657 0.0545806 0.0191768 0.00960193 0.0351261 0.0532768 0.0220174 0.00524271 -0.00713246 0.0204025 -0.018661 0.0899045 0.049223 0.053078 0.0177865 0.0364523 0.0536894 -0.00866061 0.0323791 0.0354416
internal_weight=104057 38223 65834 15035 28984 9239 19931 14806 16051 3956 9053 3541 13596 2556 5283 3489 10268 6352 12250 2701 50799 415 2847 2348 5893 3880 681 10817 4602 2455
internal_count=104057 38223 65834 15035 28984 9239 19931 14806 16051 3956 9053 3541 13596 2556 5283 3489 10268 6352 12250 2701 50799 415 2847 2348 5893 3880 681 10817 4602 2455
cat_boundaries=0 1
cat_threshold=12
is_linear=0
shrinkage=0.03


Tree=19
num_leaves=31
num_cat=0
split_feature=1 20 18 12 18 20 18 1 12 20 1 30 12 27 29 27 4 25 23 18 19 4 29 20 2 18 12 29 4 5
split_gain=41427.6 4442.25 4434.69 1510.18 1292.71 832.032 802.636 706.726 433.29 410.158 390.873 376.8 306.066 312.858 272.911 256.906 254.347 233.011 226.259 224.156 214.331 208.124 249.475 200.343 205.568 247.023 190.707 183.447 187.698 182.983
threshold=30.833333015441898 1.0000000180025095e-35 2.5491935014724736 5.6899998188018808 1.5469207763671877 1.5000000000000002 0.4463601559400559 1.0000000180025095e-35 11.150000095367433 1.5000000000000002 76.166667938232436 1.0000000180025095e-35 7.6224999427795419 1.5500000119209292 2.3666666746139531 1.4499999880790713 0.52004832029342662 1.7083333134651186 1.5500000119209292 1.9486842155456545 29.500000000000004 0.086591664701700224 1.2250000238418581 1.5000000000000002 17.833333015441898 5.7360682487487802 0.72250002622604381 1.5500000119209292 0.51437166333198558 1.3909166455268862
decision_type=2 2 2 2 2 2 2 2 2 2 2 2 2 8 8 10 10 10 10 2 2 8 10 2 2 2 2 10 10 8
left_child=1 6 5 9 26 10 -1 -6 11 15 -2 14 13 -7 -5 18 -16 20 -4 -8 23 -11 -23 -13 25 -25 -3 -10 -29 -26
right_child=2 4 3 8 7 12 19 -9 27 21 -12 17 -14 -15 16 -17 -18 -19 -20 -21 -22 22 -24 24 29 -27 -28 28 -30 -31
leaf_value=-0.018816314490912121 0.0056754246157405897 -0.0051925211303588126 0.020468375786526001 0.03624028753197344 0.08096437230230645 0.025871784803862659 -0.012311197099148194 0.02025903302827789 0.065356441193889878 0.027228899015638044 0.018691064700213332 0.030683890207938228 0.067368995351505201 0.01528254075619981 0.05384252477736115 0.012935712079638664 0.12828058411009036 0.039970241154757481 0.040565976299145573 -0.0024123140909494949 0.083870923115760776 0.030779943945123373 0.043382422643420335 0.069524559120537302 0.066939184022878934 0.13990090233385563 0.0051930638523405405 0.078388834748061048 0.14803491294889126 0.03632435497440429
leaf_weight=45464 6628 3869 1143 2199 188 5940 10335 2107 284 2377 3024 221 132 4350 201 1484 52 576 902 2571 327 2542 3185 439 346 50 2703 85 59 357
leaf_count=45464 6628 3869 1143 2199 188 5940 10335 2107 284 2377 3024 221 132 4350 201 1484 52 576 902 2571 327 2542 3185 439 346 50 2703 85 59 357
internal_value=8.14217e-05 -0.0139365 0.025622 0.0369802 0.00584798 0.0160999 -0.016942 0.0252318 0.050427 0.0309741 0.00975326 0.0478314 0.0219776 0.0213953 0.0396351 0.0224376 0.069142 0.056509 0.0293329 -0.0103392 0.0619839 0.0346914 0.0377887 0.0569188 0.0617828 0.0767205 -0.000921031 0.0793419 0.106924 0.0513923
internal_weight=104140 67237 36903 16829 8867 20074 58370 2295 5196 11633 9652 4768 10422 10290 2452 3529 253 2316 2045 12906 1740 8104 5727 1413 1192 489 6572 428 144 703
internal_count=104140 67237 36903 16829 8867 20074 58370 2295 5196 11633 9652 4768 10422 10290 2452 3529 253 2316 2045 12906 1740 8104 5727 1413 1192 489 6572 428 144 703
is_linear=0
shrinkage=0.03


Tree=20
num_leaves=31
num_cat=1
split_feature=21 18 9 32 3 21 18 30 12 13 12 12 28 18 18 28 18 18 1 20 1 19 12 30 28 18 19 12 12 26
split_gain=39894.1 5003.41 2582.87 1473.69 1244.59 894.407 472.598 461.381 460.124 352.122 339.689 338.075 303.014 265.143 257.299 256.209 228.965 183.96 173.24 165.307 250.74 207.111 169.01 161.601 160.159 153.841 161.91 152.777 143.107 131.162
threshold=10.500000000000002 2.3380951881408696 0.77500000596046459 0 7.741666555404664 70.500000000000014 0.14495798945426944 1.0000000180025095e-35 5.8900001049041757 0.26422099769115454 2.7100000381469731 11.150000095367433 1.5833333134651186 0.93649193644523632 3.8224790096282963 1.8333333134651186 1.603030323982239 4.4677083492279062 1.0000000180025095e-35 2.5000000000000004 84.416667938232436 6.5000000000000009 3.4774999618530278 1.0000000180025095e-35 2.1666666269302373 9.7750000953674334 8.5000000000000018 12.444999694824221 0.88999998569488536 2.1666666269302373
decision_type=2 2 2 9 2 2 2 2 2 10 2 2 8 2 2 10 2 2 2 2 2 2 2 2 10 2 2 2 2 10
left_child=2 5 6 -4 7 13 -1 12 15 19 -5 29 14 -2 -3 16 -7 -12 -8 20 -9 22 -21 -18 -10 26 27 -13 -17 -6
right_child=1 4 3 10 11 8 18 9 24 -11 17 25 -14 -15 -16 28 23 -19 -20 21 -22 -23 -24 -25 -26 -27 -28 -29 -30 -31
leaf_value=-0.018750914708492657 -0.00089214718838693868 0.017149350621385524 0.073176050319963562 -0.0049692532703697638 0.052861151043068225 0.010467372327175902 -0.014979180129811594 0.022166876515867101 0.041227294958122843 0.053162892299748826 0.0064016537455420719 0.13403745258125391 0.033568918426849913 0.01018792714775423 0.033065510620225037 0.00718598909846699 0.014109540847242141 0.039769009846401464 -0.0084635539510678325 0.0072150052318161201 0.037434742183720775 0.044250540325108237 0.039316230880559272 0.026590200925467409 0.090189159811946418 0.1126228958828018 0.053942968623660915 0.063643276954868003 0.026337124508442528 0.033832832946456178
leaf_weight=39695 3083 3198 235 6275 1845 4757 10216 1755 341 1063 1947 55 3409 5260 1280 393 1855 161 5734 277 2159 2250 316 1880 73 94 216 56 3299 396
leaf_count=39695 3083 3198 235 6275 1845 4757 10216 1755 341 1063 1947 55 3409 5260 1280 393 1855 161 5734 277 2159 2250 316 1880 73 94 216 56 3299 396
internal_value=-6.93968e-05 0.0237363 -0.0146315 0.000651299 0.035164 0.0137122 -0.0169984 0.0319492 0.0187576 0.0371129 -0.00146732 0.0541326 0.0268295 0.00609349 0.0216989 0.0177008 0.0148323 0.00895011 -0.0126368 0.0345879 0.0305888 0.0400936 0.0243212 0.0203916 0.0498607 0.0787989 0.0690757 0.0985233 0.0242986 0.0494987
internal_weight=103573 39310 64263 8618 18369 20941 55645 15707 12598 7820 8383 2662 7887 8343 4478 12184 8492 2108 15950 6757 3914 2843 593 3735 414 421 327 111 3692 2241
internal_count=103573 39310 64263 8618 18369 20941 55645 15707 12598 7820 8383 2662 7887 8343 4478 12184 8492 2108 15950 6757 3914 2843 593 3735 414 421 327 111 3692 2241
cat_boundaries=0 1
cat_threshold=1
is_linear=0
shrinkage=0.03


Tree=21
num_leaves=31
num_cat=0
split_feature=21 12 0 21 1 31 31 10 31 0 31 31 1 10 30 13 29 31 9 29 1 11 9 21 31 30 27 29 30 14
split_gain=38088.7 4005.67 2425.99 1585.07 1405.68 1103.76 659.173 474.498 410.201 404.211 367.349 327.949 395.67 306.907 366.81 304.698 300.77 292.094 291.673 251.208 279.966 273.336 249.753 235.078 216.137 216 214.777 211.078 205.972 195.881
threshold=10.500000000000002 4.5899999141693124 0.58333334326744091 75.500000000000014 1.0000000180025095e-35 8.4499998092651385 5.3500001430511483 1.0000000180025095e-35 6.0499999523162851 2.4166666269302373 5.0499999523162851 4.5499999523162851 52.416666030883796 84.099998474121108 1.0000000180025095e-35 0.21010799705982211 2.2916666269302373 4.3500001430511483 6.4500000476837167 0.90000000596046459 87.833332061767592 23.44999980926514 3.7749999761581425 57.500000000000007 12.34999990463257 1.0000000180025095e-35 1.7083333134651186 1.8999999761581423 1.0000000180025095e-35 2.3308999538421635
decision_type=2 2 2 2 2 2 2 2 2 2 2 2 2 2 2 10 8 2 2 10 2 2 2 2 2 2 8 10 2 8
left_child=2 3 7 8 27 10 9 -1 15 17 -3 -6 -13 14 -7 -2 23 -5 -18 -15 21 -21 -22 -12 -24 -25 -11 -4 -19 -27
right_child=1 5 4 6 11 13 -8 -9 -10 26 16 12 -14 19 -16 -17 18 28 -20 20 22 -23 24 25 -26 29 -28 -29 -30 -31
leaf_value=-0.017701753787119363 0.0053357434052950506 0.025311442790334693 0.056963707114780798 0.0045429975870244377 -0.010148855313853388 0.028786839071557029 0.033906911228939823 -0.010727548285055332 0.022993964230647094 0.029772333868443787 0.018493885114174553 -0.0010400429301091218 0.01902614266075214 0.047307191152842001 0.077047964627473375 0.030143699622067657 0.051285121616047882 0.013517225858142258 0.10846766612222118 0.091357029481367633 0.1430999896131456 0.188273539352417 0.053242682299407366 0.033816044710707253 0.1106725729469742 0.053405690322731798 0.018053780098221464 0.12316320856935101 0.02392757005373896 0.036278609845099959
leaf_weight=45259 8925 1936 181 1613 2517 286 4114 10893 1603 4372 507 4529 1099 130 281 469 587 3413 93 55 50 50 198 2558 84 1439 2076 57 3429 1032
leaf_count=45259 8925 1936 181 1613 2517 286 4114 10893 1603 4372 507 4529 1099 130 281 469 587 3413 93 55 50 50 198 2558 84 1439 2076 57 3429 1032
internal_value=7.76251e-05 0.0233612 -0.0141014 0.0180338 0.000952576 0.0405803 0.0232764 -0.0163488 0.00896774 0.0203418 0.0367226 -0.00114737 0.00287835 0.0683116 0.0527046 0.00657429 0.0402767 0.0160272 0.0591057 0.0839185 0.0948097 0.137508 0.0813059 0.0379639 0.0703495 0.0399268 0.0259994 0.0728182 0.0187346 0.0462527
internal_weight=103835 39300 64535 30014 8383 9286 19017 56152 10997 14903 8152 8145 5628 1134 567 9394 6216 8455 680 567 437 105 332 5536 282 5029 6448 238 6842 2471
internal_count=103835 39300 64535 30014 8383 9286 19017 56152 10997 14903 8152 8145 5628 1134 567 9394 6216 8455 680 567 437 105 332 5536 282 5029 6448 238 6842 2471
is_linear=0
shrinkage=0.03


Tree=22
num_leaves=31
num_cat=1
split_feature=0 9 1 3 31 1 31 1 3 3 4 32 31 31 5 1 10 27 1 31 31 17 5 31 29 29 27 27 14 1
split_gain=33813.6 3935.92 2658.43 1256.66 959.517 679.135 559.424 413.53 337.427 326.54 316.917 297.312 252.754 231.894 229.727 225.119 223.517 222.028 213.144 203.408 180.323 345.477 222.435 174.559 170.705 167.451 155.035 153.45 153.041 144.502
threshold=0.83333334326744091 3.2916666269302373 3.1666666269302373 2.9166667461395268 6.7500000000000009 87.833332061767592 5.3500001430511483 3.4166666269302373 1.2166666984558108 8.2166666984558123 0.55166667699813854 0 8.9499998092651385 6.1499998569488534 0.41759999096393591 82.833332061767592 1.0000000180025095e-35 1.6333333253860476 37.166666030883796 5.7500000000000009 8.0500001907348651 1.0000000180025095e-35 0.86748334765434276 7.3500001430511483 1.3666666746139529 2.4500000476837163 1.6333333253860476 1.8999999761581423 1.4007899761199953 72.416667938232436
decision_type=2 2 2 2 2 2 2 2 2 2 10 9 2 2 10 2 2 10 2 2 2 2 10 2 10 8 8 8 10 2
left_child=2 3 16 5 7 13 -5 -3 23 17 15 -7 28 18 -12 -6 -1 -9 -2 29 -16 -22 -23 -4 -14 -17 -11 -13 -8 -10
right_child=1 4 8 6 10 11 12 9 19 26 14 27 24 -15 20 25 -18 -19 -20 -21 21 22 -24 -25 -26 -27 -28 -29 -30 -31
leaf_value=-0.017174502372957499 0.00064187354331433238 0.074686190231167585 -0.0045530402164866996 0.017410465910191599 0.036145626098726499 0.036821095990512476 0.028003485618333185 0.031801171374631239 0.00051881863928227717 0.055629117377486118 0.13135319291972197 0.02095206275404787 0.035230533017143607 0.019474780535024383 0.045883897128574387 0.052121237416577058 -0.011575225351081539 0.021535305344677382 0.008929490543453409 0.025477043620786129 0.01046012420654297 0.058798875130982281 0.12078186258114874 0.022278897594993137 0.08423922733497051 0.097355972234206861 0.03059427576261399 0.0030715496045506832 0.050002021454471836 0.016230032290332017
leaf_weight=45159 4672 193 8446 6135 1073 917 3904 5869 2168 631 52 1684 125 1195 235 1088 7479 2801 6944 478 50 83 140 224 131 79 344 581 307 696
leaf_count=45159 4672 193 8446 6135 1073 917 3904 5869 2168 631 52 1684 125 1195 235 1088 7479 2801 6944 478 50 83 140 224 131 79 344 581 307 696
internal_value=-0.000139594 0.0218316 -0.0134729 0.0152813 0.0356157 0.00997177 0.0232908 0.0312058 -0.00073806 0.0303357 0.0511104 0.0223762 0.0313668 0.00689076 0.0712962 0.046064 -0.0163789 0.0284846 0.00559618 0.00736054 0.0651486 0.0817318 0.097712 -0.0038598 0.0603092 0.0551834 0.0467963 0.0162936 0.0296073 0.00433691
internal_weight=103883 39233 64650 26595 12638 15993 10602 9838 12012 9645 2800 3182 4467 12811 560 2240 52638 8670 11616 3342 508 273 223 8670 256 1167 975 2265 4211 2864
internal_count=103883 39233 64650 26595 12638 15993 10602 9838 12012 9645 2800 3182 4467 12811 560 2240 52638 8670 11616 3342 508 273 223 8670 256 1167 975 2265 4211 2864
cat_boundaries=0 1
cat_threshold=12
is_linear=0
shrinkage=0.03


Tree=23
num_leaves=31
num_cat=0
split_feature=21 12 0 21 1 31 31 31 31 31 29 31 29 25 13 29 1 1 10 29 2 12 19 12 30 11 1 14 1 19
split_gain=33675.5 3755.08 2066.19 1364.27 1349.03 1234.54 524.373 490.136 465.06 442.681 324.088 286.366 269.554 253.857 248.797 244.141 227.643 218.671 216.938 216.064 207.057 200.287 191.038 187.331 182.943 178.19 225.801 168.982 168.595 153.218
threshold=10.500000000000002 4.5899999141693124 1.0000000180025095e-35 75.500000000000014 1.0000000180025095e-35 6.5499999523162851 10.150000095367433 4.4500000476837167 5.7500000000000009 5.0499999523162851 0.70833334326744091 5.4500000476837167 2.6333333253860478 1.8999999761581423 0.29423399269580847 1.1000000238418581 51.833333969116218 57.416666030883796 89.77500152587892 0.77500000596046459 11.166666507720949 2.2633333206176762 2.5000000000000004 6.8224999904632577 1.0000000180025095e-35 26.899999618530277 89.833332061767592 0.090190000832080855 77.416667938232436 10.500000000000002
decision_type=2 2 2 2 2 2 2 2 2 2 10 2 8 10 10 8 2 2 2 10 2 2 2 2 2 2 2 8 2 2
left_child=2 3 -1 9 13 15 12 20 17 21 -9 18 14 -4 22 23 -10 -6 -12 -8 27 -2 -7 -3 -22 -21 -27 -5 -16 -17
right_child=1 5 4 7 8 6 19 10 16 -11 11 -13 -14 -15 28 29 -18 -19 -20 25 24 -23 -24 -25 -26 26 -28 -29 -30 -31
leaf_value=-0.016180916355060786 -0.00058792181713908723 0.015828801563549745 0.085786331395030682 0.046398823785731624 -0.0081508487839251111 0.081288608555872763 0.037820585829719346 0.012688956119386349 0.0038663565534238255 0.014794159368857647 0.019667361689279315 0.034207996994929823 0.091061682980507611 0.010486524334320655 0.038336668561466718 0.025473502336989671 0.029420348738191372 0.0061395254586364177 0.028672509981053387 0.074622093347330401 0.010798766697692282 0.011773220690675136 0.034436754987137906 0.036946023301812736 0.027516028672991313 0.15401002625850113 0.077440054041065576 0.0041576236118576393 0.064175837457384144 0.038208033193514131
leaf_weight=50634 4377 1407 179 89 10133 83 107 1931 1895 5061 5729 2876 120 52 330 1205 376 1065 4153 421 1217 1615 1391 517 1142 66 73 2014 730 2889
leaf_count=50634 4377 1407 179 89 10133 83 107 1931 1895 5061 5729 2876 120 52 330 1205 376 1065 4153 421 1217 1615 1391 517 1142 66 73 2014 730 2889
internal_value=7.27629e-06 0.0217946 -0.0133843 0.016654 -0.00304847 0.0384202 0.0531032 0.0214978 -0.00428132 0.00826144 0.024143 0.0258766 0.0471271 0.0688357 0.0450465 0.0303175 0.00809722 -0.00679174 0.0234519 0.0768823 0.0127899 0.00274373 0.037075 0.0215032 0.0188917 0.0843459 0.113797 0.00594529 0.0561316 0.0344598
internal_weight=103877 39543 64334 30204 13700 9339 3321 19151 13469 11053 14689 12758 2654 231 2534 6018 2271 11198 9882 667 4462 5992 1474 1924 2359 560 139 2103 1060 4094
internal_count=103877 39543 64334 30204 13700 9339 3321 19151 13469 11053 14689 12758 2654 231 2534 6018 2271 11198 9882 667 4462 5992 1474 1924 2359 560 139 2103 1060 4094
is_linear=0
shrinkage=0.03


Tree=24
num_leaves=31
num_cat=2
split_feature=21 18 18 31 31 3 21 1 31 31 18 29 31 21 18 26 2 24 25 21 13 32 2 26 18 32 2 16 26 12
split_gain=31866.2 4584.07 1971.32 1069.74 989.212 796.115 508.233 412.859 391.261 329.446 301.464 267.769 267.361 259.877 248.27 237.945 232.681 237.898 223.533 218.792 217.366 206.805 197.825 171.571 165.447 156.522 153.986 195.774 185.482 150.913
threshold=10.500000000000002 2.5322916507720952 1.0597147941589358 6.5499999523162851 3.6499999761581425 2.0166666507720952 68.500000000000014 49.833333969116218 10.150000095367433 4.7500000000000009 0.20294117927551272 0.90000000596046459 7.9500000476837167 85.500000000000014 0.96824595332145702 1.8333333134651186 29.166666984558109 0.41666667163372045 1.8999999761581423 1.0000000180025095e-35 0.62695199251174938 0 6.8333332538604745 1.1666666865348818 1.603030323982239 1 4.8333332538604745 1.0000000180025095e-35 0.41666667163372045 5.5450000762939462
decision_type=2 2 2 2 2 2 2 2 2 2 2 10 2 2 2 8 2 10 10 2 10 9 2 8 2 9 2 2 10 2
left_child=2 5 10 6 18 14 25 19 13 -8 -1 -10 15 20 -2 24 17 -13 -4 -6 -5 -16 -19 -11 -7 -3 -15 28 -28 -9
right_child=1 3 4 8 7 12 9 29 11 23 -12 16 -14 26 21 -17 -18 22 -20 -21 -22 -23 -24 -25 -26 -27 27 -29 -30 -31
leaf_value=-0.016533105218153411 0.00071118199093451009 0.018005025857512208 0.075602836929834813 0.028492849465116481 -0.0070699189583978399 0.014912662602272177 0.022766278958805605 0.0077839317833258955 0.035218675726730576 0.039788851792448239 -0.011234684972990733 0.11379373920945132 0.046841020773124138 0.019196714059376032 0.03460342181721935 0.0103261428355654 0.11769205772628387 0.11146882287561893 0.0039859660327434543 0.0068924461544762989 0.079357679441778184 0.0089080002948880577 0.046579428098137303 0.03090797235837563 0.023077495291039182 -0.0053793774603081912 0.11338718093153255 0.045146753896185339 0.060238818360526053 0.035763488254481356
leaf_weight=41431 4198 1333 182 1137 7390 4000 2920 1511 171 3298 12605 82 274 139 290 3569 108 50 50 1170 81 5711 274 4818 5058 319 67 1206 501 196
leaf_count=41431 4198 1333 182 1137 7390 4000 2920 1511 171 3298 12605 82 274 139 290 3569 108 50 50 1170 81 5711 274 4818 5058 319 67 1206 501 196
internal_value=1.42987e-05 0.0211983 -0.012986 0.0332734 -0.0010908 0.0125712 0.0290847 -0.00247505 0.0472004 0.0314077 -0.0152971 0.0677378 0.0175231 0.0427072 0.00630741 0.0168869 0.0785565 0.068146 0.0601682 -0.00516151 0.0318755 0.0102222 0.0565932 0.0345168 0.0194719 0.0135659 0.0496037 0.0519862 0.0665081 0.0109966
internal_weight=104139 39604 64535 16504 10499 23100 12688 10267 3816 11036 54036 685 12901 3131 10199 12627 514 406 232 8560 1218 6001 324 8116 9058 1652 1913 1774 568 1707
internal_count=104139 39604 64535 16504 10499 23100 12688 10267 3816 11036 54036 685 12901 3131 10199 12627 514 406 232 8560 1218 6001 324 8116 9058 1652 1913 1774 568 1707
cat_boundaries=0 1 2
cat_threshold=8 36
is_linear=0
shrinkage=0.03


Tree=25
num_leaves=31
num_cat=2
split_feature=0 18 1 31 20 1 20 18 3 1 1 30 17 31 18 20 20 22 11 14 31 31 32 30 32 26 20 3 12 30
split_gain=28998.5 3962.27 2216.3 1072.14 725.215 479.911 459.016 415.527 357.829 334.741 323.079 267.231 311.596 258.884 221.962 202.24 201.395 187.371 180.857 176.007 175.895 174.279 178.525 173.815 168.496 174.997 160.112 163.358 145.994 142.775
threshold=0.83333334326744091 2.5735930204391484 2.8333333730697636 6.5499999523162851 1.5000000000000002 81.833332061767592 1.5000000000000002 1.6933760643005373 4.8166668415069589 82.416667938232436 74.833332061767592 1.0000000180025095e-35 0.77500000596046459 11.550000190734865 0.13840996474027636 2.5000000000000004 1.0000000180025095e-35 1.8333333134651186 1.3666666746139529 0.44449999928474432 5.1499998569488534 5.4500000476837167 0 1.0000000180025095e-35 1 3.1666666269302373 1.0000000180025095e-35 1.7416666746139529 9.426666736602785 1.0000000180025095e-35
decision_type=2 2 2 2 2 2 2 2 2 2 2 2 2 2 2 2 2 10 2 8 2 2 9 2 9 10 2 2 2 2
left_child=2 4 14 6 10 13 9 -4 23 18 16 -7 19 15 -1 -5 -2 -12 -3 -13 -18 22 -8 -6 -25 -26 27 -9 29 -15
right_child=1 3 7 5 8 11 21 26 -10 -11 17 12 -14 28 -16 -17 20 -19 -20 -21 -22 -23 -24 24 25 -27 -28 -29 -30 -31
leaf_value=-0.016207643074201118 -0.0030732512748071809 0.055346552075163737 -0.0036298037264317286 0.022609413398852661 0.010936119644097747 0.044560539061330187 0.035774145785865213 -0.0019866934700031088 0.02893030289359801 0.028210580520890469 0.011090035444119116 0.10221215855204657 0.13270979742892086 0.050999466067703905 -0.011745714703255949 0.042705423411595639 0.0022167048923610487 0.030133653953624415 0.0075157717831446941 0.057803981163566116 0.013692626072523298 0.035540194688830053 0.023625830531866981 0.013323829076080965 0.026816997135787061 -0.014787652516320936 0.019057323074504293 0.021450593313571624 0.024983985239267349 0.11365983385592698
leaf_weight=38694 2872 74 9532 1062 4979 1030 1659 1107 1949 1518 2141 89 60 60 13547 783 2943 594 1846 824 2032 3720 4121 2438 2155 95 1046 353 50 72
leaf_count=38694 2872 74 9532 1062 4979 1030 1659 1107 1949 1518 2141 89 60 60 13547 783 2943 594 1846 824 2032 3720 4121 2438 2155 95 1046 353 50 72
internal_value=2.21387e-05 0.0203707 -0.0123765 0.0312846 0.0120282 0.0447964 0.0270759 -0.000771934 0.0172037 0.0176828 0.006347 0.0552108 0.066485 0.0345053 -0.0150506 0.031138 0.0032523 0.015226 0.00935925 0.0621329 0.00690396 0.0304753 0.0272155 0.0148395 0.0189852 0.0249495 0.0100985 0.00367999 0.0686411 0.0851778
internal_weight=103445 39166 64279 16968 22198 4030 12938 12038 11616 3438 10582 2003 973 2027 52241 1845 7847 2735 1920 913 4975 9500 5780 9667 4688 2250 2506 1460 182 132
internal_count=103445 39166 64279 16968 22198 4030 12938 12038 11616 3438 10582 2003 973 2027 52241 1845 7847 2735 1920 913 4975 9500 5780 9667 4688 2250 2506 1460 182 132
cat_boundaries=0 1 2
cat_threshold=13 32
is_linear=0
shrinkage=0.03


Tree=26
num_leaves=31
num_cat=1
split_feature=0 18 3 20 31 26 12 18 10 22 29 18 20 18 12 20 20 29 17 20 29 11 27 31 11 19 29 32 10 31
split_gain=26075.5 3524.72 2083.11 1065.78 567.115 503.437 499.819 369.304 347.799 306.539 282.2 280.971 235.82 224.36 221.723 220.822 220.54 217.049 214.462 189.98 186.005 181.318 167.284 182.568 163.978 163.718 162.269 172.123 161.401 160.19
threshold=0.83333334326744091 3.013513565063477 1.0000000180025095e-35 1.5000000000000002 9.9499998092651385 1.1666666865348818 4.8775000572204599 1.5067567825317385 86.099998474121108 3.1666666269302373 1.7749999761581423 2.2240144014358525 1.0000000180025095e-35 0.39009661972522741 8.7100000381469744 1.0000000180025095e-35 2.5000000000000004 0.90000000596046459 1.0000000180025095e-35 1.0000000180025095e-35 1.6333333253860476 3.5499999523162846 1.8999999761581423 6.0499999523162851 13.550000190734865 15.500000000000002 1.7749999761581423 0 85.633331298828139 7.8500001430511483
decision_type=2 2 2 2 2 10 2 2 2 10 8 2 2 2 2 2 2 10 2 2 8 2 8 2 2 2 10 9 2 2
left_child=2 3 13 8 5 9 11 -4 12 10 -3 20 -2 -1 21 28 -11 -6 -19 24 -5 -12 23 -13 -9 -16 27 -10 -7 -21
right_child=1 4 7 6 17 15 -8 19 26 16 14 22 -14 -15 25 -17 -18 18 -20 29 -22 -23 -24 -25 -26 -27 -28 -29 -30 -31
leaf_value=-0.015541347407799888 -0.0020108155656842356 0.030433594447451747 -0.0041139625560008119 0.0098659835514180571 0.029547167406593623 1.4369768897958835e-05 0.032109850690218183 -0.0013677129188423773 0.0082436636133979609 0.1023391332750747 0.092900599743570039 0.023342122713546489 0.0075508544640206145 -0.010167930337364238 0.04663034052344469 0.027098370303478045 0.046265834733843797 0.031681687224450451 0.076802057297134851 0.013681104495431196 0.019403891850226267 0.040583747862516825 0.011995017136463443 0.046378442511695199 0.032792041293705686 0.1112867128045915 0.032566711002264548 0.039583713539283381 0.040871430524389879 0.05880589794665575
leaf_weight=42780 3567 2819 10236 5633 185 466 2061 1646 1148 109 62 2875 6648 8360 65 6282 150 121 438 1265 2733 1554 1042 347 137 77 520 177 107 75
leaf_count=42780 3567 2819 10236 5633 185 466 2061 1646 1148 109 62 2875 6648 8360 65 6282 150 121 438 1265 2733 1554 1042 347 137 77 520 177 107 75
internal_value=-0.000180897 0.0191206 -0.0119074 0.0129862 0.0323173 0.0307011 0.0184116 -0.0013588 0.00637716 0.0381129 0.0363162 0.0161763 0.00421199 -0.0146629 0.0457492 0.0254722 0.0698642 0.0577137 0.0670354 0.00767156 0.0129818 0.042591 0.0224439 0.0258231 0.00125701 0.0816905 0.0183648 0.0127912 0.00764387 0.0162067
internal_weight=103685 39186 64499 26751 12435 11691 14691 13359 12060 4836 4577 12630 10215 51140 1758 6855 259 744 559 3123 8366 1616 4264 3222 1783 142 1845 1325 573 1340
internal_count=103685 39186 64499 26751 12435 11691 14691 13359 12060 4836 4577 12630 10215 51140 1758 6855 259 744 559 3123 8366 1616 4264 3222 1783 142 1845 1325 573 1340
cat_boundaries=0 1
cat_threshold=34
is_linear=0
shrinkage=0.03


Tree=27
num_leaves=31
num_cat=0
split_feature=21 18 0 1 31 18 18 31 27 21 26 4 27 31 3 30 28 10 14 4 31 21 18 29 10 12 19 26 22 12
split_gain=26563.4 2809.92 2126.07 1231.09 959.811 498.024 421.898 390.377 380.942 339.446 308.094 254.996 246.272 245.536 224.928 210.074 209.12 208.761 195.896 184.16 180.243 211.985 179.831 163.109 153.46 151.82 217.674 148.468 145.355 166.45
threshold=20.500000000000004 2.2535713911056523 1.0000000180025095e-35 1.0000000180025095e-35 6.2500000000000009 1.0597147941589358 5.1633331775665292 6.4500000476837167 1.5500000119209292 71.500000000000014 1.4166666865348818 0.22688166797161105 1.5500000119209292 6.0499999523162851 10.616666793823244 1.0000000180025095e-35 1.8333333134651186 89.633331298828139 1.8040300011634829 0.086711667478084578 8.6500000953674334 84.500000000000014 2.067816019058228 0.77500000596046459 81.90000152587892 4.0633332729339608 28.500000000000004 1.1666666865348818 3.1666666269302373 7.5225000381469735
decision_type=2 2 2 2 2 2 2 2 8 2 10 10 8 2 2 2 10 2 10 8 2 2 2 10 2 2 2 10 10 2
left_child=2 7 22 27 8 -5 10 9 14 -2 18 -10 -11 -7 16 -13 24 -9 -6 -18 21 -8 -1 -12 -3 -15 -27 -4 29 -22
right_child=1 4 3 5 6 13 20 17 11 12 23 15 -14 25 -16 -17 19 -19 -20 -21 28 -23 -24 -25 -26 26 -28 -29 -30 -31
leaf_value=-0.014590631093524325 0.0047328848360175648 0.018769109380248304 0.095059549511680677 -0.0080070588560732132 0.040942880254598794 -0.00026642596810875059 0.018872728230267324 0.026741905964753048 0.016120998124788632 0.017646939243855377 0.0041018144039318277 0.019153095014544732 0.0086840161811235043 0.0063155764248927493 0.073001267727717603 0.046070051575427678 0.022931731258259366 0.078671095960430398 0.095558907465978712 0.040231287234470892 0.091373885647058492 0.05485226091368408 -0.0029636514891186062 0.029338347455154568 0.029233943525227346 0.013876492221557171 0.055979524713520905 0.046689733022672902 0.10593959388764281 0.05138647986082908
leaf_weight=49327 5403 2166 93 8474 1903 6303 204 837 4968 6552 282 529 4766 1114 103 515 782 76 61 1898 125 531 1227 1262 3019 398 153 148 76 374
leaf_count=49327 5403 2166 93 8474 1903 6303 204 837 4968 6552 282 529 4766 1114 103 515 782 76 61 1898 125 531 1227 1262 3019 398 153 148 76 374
internal_value=-6.55809e-05 0.0205645 -0.0112439 -0.00195751 0.028634 -0.00294416 0.0401813 0.0119624 0.0246544 0.0109194 0.0347563 0.0189533 0.0138727 0.00244026 0.0289561 0.0324311 0.0283792 0.0310646 0.0426392 0.0351834 0.0547086 0.0448661 -0.0143084 0.0247291 0.0248623 0.0126866 0.0255675 0.0653553 0.0672899 0.0614034
internal_weight=103669 36432 67237 16683 18798 16442 4818 17634 13980 16721 3508 6012 11318 7968 7968 1044 7865 913 1964 2680 1310 735 50554 1544 5185 1665 551 241 575 499
internal_count=103669 36432 67237 16683 18798 16442 4818 17634 13980 16721 3508 6012 11318 7968 7968 1044 7865 913 1964 2680 1310 735 50554 1544 5185 1665 551 241 575 499
is_linear=0
shrinkage=0.03


Tree=28
num_leaves=31
num_cat=0
split_feature=21 18 18 31 31 18 1 18 12 31 3 29 27 31 19 22 27 21 12 2 22 27 1 28 12 17 28 31 2 21
split_gain=25423.4 2876.15 2009.28 842.307 814.939 538.845 538.618 493.227 319.704 296.218 291.063 274.343 259.396 200.03 252.843 235.986 198.411 190.838 176.991 169.725 167.539 154.838 154.263 153.237 151.568 169.593 162.601 149.471 149.428 149.067
threshold=20.500000000000004 2.6478537321090703 1.4807407259941103 5.5499999523162851 3.6499999761581425 1.8956443071365359 1.0000000180025095e-35 5.1633331775665292 2.7100000381469731 8.6500000953674334 2.3833333253860478 1.4499999880790713 1.8999999761581423 6.2500000000000009 3.5000000000000004 1.8333333134651186 1.7083333134651186 73.500000000000014 6.9100000858306894 7.1666667461395273 3.1666666269302373 1.8999999761581423 82.833332061767592 1.8333333134651186 7.5225000381469735 1.0000000180025095e-35 0.83333334326744091 4.5499999523162851 31.833333015441898 88.500000000000014
decision_type=2 2 2 2 2 2 2 2 2 2 2 8 8 2 2 10 8 2 2 2 10 10 2 10 2 2 10 2 2 2
left_child=2 5 6 12 23 10 -1 11 -6 22 -2 28 29 15 -15 21 -12 -13 -17 -19 24 -7 -9 -4 -11 -26 -27 -8 -5 -3
right_child=1 3 4 7 8 13 27 9 -10 20 16 17 -14 14 -16 18 -18 19 -20 -21 -22 -23 -24 -25 25 26 -28 -29 -30 -31
leaf_value=-0.014297464291801624 0.0057481011812808873 0.01752457607699379 0.043231471377964084 0.026436391951934732 -0.0024226304818996658 0.017599775700176935 -0.010836656953482782 0.025796624282546386 0.010882589075464235 0.092523478596902839 0.018257496267638 0.025327035796042934 0.014647633229178194 0.074085397901905672 0.026588000453897968 0.026059064200160721 0.0066144697709432316 0.022492543215531919 0.082850648155983753 0.049855873912445996 0.11181795776091717 0.0055266453286580411 0.050970366106187007 0.097411327152786886 0.0092564050782294495 0.028782273662587003 0.076231167362286495 -0.0039445356502383665 0.07019270656630397 0.029175871499604707
leaf_weight=47723 7885 1237 152 2876 5600 4055 5154 326 2290 123 4086 513 2112 119 662 1563 1944 236 51 1505 74 1251 668 68 63 90 234 6286 72 4915
leaf_count=47723 7885 1237 152 2876 5600 4055 5154 326 2290 123 4086 513 2112 119 662 1563 1944 236 51 1505 74 1251 668 68 63 90 234 6286 72 4915
internal_value=-2.33104e-05 0.0200762 -0.0109764 0.0301487 0.00302707 0.0130661 -0.012896 0.0379858 0.00143909 0.0526771 0.0095424 0.0335292 0.0237189 0.0194331 0.0338251 0.0178088 0.0145039 0.0414082 0.0278536 0.0461467 0.0696345 0.0147533 0.0427142 0.059978 0.0635138 0.0542937 0.0630509 -0.0070496 0.0275051 0.0268331
internal_weight=103933 36660 67273 15044 8110 21616 59163 6780 7890 1578 13915 5202 8264 7701 781 6920 6030 2254 1614 1741 584 5306 994 220 510 387 324 11440 2948 6152
internal_count=103933 36660 67273 15044 8110 21616 59163 6780 7890 1578 13915 5202 8264 7701 781 6920 6030 2254 1614 1741 584 5306 994 220 510 387 324 11440 2948 6152
is_linear=0
shrinkage=0.03


Tree=29
num_leaves=31
num_cat=0
split_feature=0 18 1 1 3 20 30 18 1 27 12 27 3 23 20 20 26 13 18 13 3 0 28 19 23 24 24 3 14 30
split_gain=22280.4 3045.66 1706.87 806.142 663.254 453.272 421.182 418.383 357.953 379.043 288.291 282.867 281.213 203.059 192.135 189.452 189.219 262.637 188.092 186.834 184.936 182.024 176.023 215.252 175.611 163.951 153.791 147.258 147.222 150.678
threshold=0.83333334326744091 2.9451951980590825 1.1666666865348818 57.833333969116218 8.2833333015441912 1.0000000180025095e-35 1.0000000180025095e-35 1.0597147941589358 3.4166666269302373 1.8999999761581423 5.9449999332427987 1.1000000238418581 1.8833333253860476 2.4500000476837163 1.0000000180025095e-35 1.0000000180025095e-35 1.5833333134651186 0.85499998927116405 0.49324324727058416 0.20615900307893756 5.8833334445953378 2.4166666269302373 2.1666666269302373 16.500000000000004 1.5500000119209292 1.0000000180025095e-35 1.1666666865348818 9.0416669845581072 0.94003999233245861 1.0000000180025095e-35
decision_type=2 2 2 2 2 2 2 2 2 10 2 10 2 10 2 2 8 10 2 10 2 2 8 2 10 10 10 2 10 2
left_child=2 3 18 5 8 -2 11 -4 26 14 24 13 -7 20 -10 -9 17 -6 -1 -11 -5 -15 -16 -24 -8 -18 -3 -13 29 -21
right_child=1 4 7 6 16 12 10 15 9 19 -12 27 -14 21 22 -17 25 -19 -20 28 -22 -23 23 -25 -26 -27 -28 -29 -30 -31
leaf_value=-0.014142638326062988 -0.0062284019557146703 0.091938913862275734 -0.0055676350741986937 0.014291886867115659 0.05005237628262052 0.0034244377153401714 0.016198131929086458 0.00044129310759066965 0.014847885171703707 0.011771755269186408 0.043554828265361722 0.0061727561986330828 0.014732265566869152 0.017255972344586153 0.028266551020560384 0.012093270150917473 0.085985208327571547 0.11224764367021046 -0.0089383506779866922 0.024097734219318288 0.040188497231822683 0.089268277532623064 0.028256650242609746 0.051319005797343324 0.026068796342252537 0.032103004326927476 0.040094267718064097 0.050310158703638155 0.019287607993041588 0.070516668126273607
leaf_weight=43890 2380 102 8189 2386 1020 4247 4782 2985 780 2087 480 4845 3707 59 6175 2168 54 65 7288 122 277 68 724 733 2455 864 104 69 440 130
leaf_count=43890 2380 102 8189 2386 1020 4247 4782 2985 780 2087 480 4845 3707 59 6175 2168 54 65 7288 122 277 68 724 733 2455 864 104 69 440 130
internal_value=-7.60441e-05 0.0177765 -0.0109101 0.0117413 0.0293762 0.00525764 0.0160861 -0.00135346 0.0265781 0.0258568 0.0210399 0.011124 0.00869451 0.018753 0.0290302 0.00534358 0.0452969 0.0537784 -0.0134015 0.0162509 0.0169856 0.0558137 0.0304796 0.0398591 0.0195465 0.0352725 0.0657649 0.00679251 0.0297596 0.048044
internal_weight=103675 39155 64520 25755 13400 10334 15421 13342 11397 11191 7717 7704 7954 2790 8412 5153 2003 1085 51178 2779 2663 127 7632 1457 7237 918 206 4914 692 252
internal_count=103675 39155 64520 25755 13400 10334 15421 13342 11397 11191 7717 7704 7954 2790 8412 5153 2003 1085 51178 2779 2663 127 7632 1457 7237 918 206 4914 692 252
is_linear=0
shrinkage=0.03


Tree=30
num_leaves=31
num_cat=1
split_feature=21 18 32 18 3 27 3 1 27 18 3 21 12 4 12 4 28 21 29 15 30 17 0 2 18 12 3 30 29 18
split_gain=22319.2 2863.79 1550.26 1121.8 739.431 516.86 503.902 290.726 289.387 287.121 259.545 227.546 221.545 183.941 183.748 183.712 181.486 173.405 202.369 167.072 165.699 159.343 154.175 160.514 153.96 153.177 152.16 150.758 197.415 164.181
threshold=10.500000000000002 2.3380951881408696 0 0.70135134458541881 8.5166668891906756 1.8999999761581423 1.0833333730697634 49.833333969116218 1.7083333134651186 3.0548048019409184 4.7833335399627694 1.0000000180025095e-35 11.150000095367433 0.65166664123535167 8.7100000381469744 0.21360500156879428 0.58333334326744091 71.500000000000014 2.2916666269302373 0.22500000149011615 1.0000000180025095e-35 1.0000000180025095e-35 6.1666667461395273 10.416666507720949 9.7750000953674334 7.4266667366027841 13.183333396911623 1.0000000180025095e-35 2.3666666746139531 4.75337839126587
decision_type=2 2 9 2 2 10 2 2 8 2 2 2 2 10 2 10 10 2 10 2 2 2 2 2 2 2 2 2 8 2
left_child=2 6 -1 -4 5 9 -2 11 10 16 17 -5 19 24 27 -7 -3 -8 -19 -6 -17 -22 23 -12 -14 -10 -15 28 -11 -29
right_child=1 4 3 7 12 15 8 -9 25 14 22 -13 13 26 -16 20 -18 18 -20 -21 21 -23 -24 -25 -26 -27 -28 29 -30 -31
leaf_value=0.063169570102055927 0.0017384509396027002 0.0031321612002854103 -0.013268310467473923 -0.0071116065371201092 0.052721000968860836 0.011717253717996602 0.0080570191903618429 0.0073711211404872993 0.006460268362274554 0.023572725996710942 0.044741769787951788 0.0042015425155095456 0.039144119970143249 0.13230128952198558 0.060634710584774668 0.013688545905035278 0.023629627115877669 0.014518401836261678 0.029843388033783377 0.031953094662509139 0.011409262012851636 0.051055449892279552 0.065543305836617938 0.019165325373736539 0.095287365374239999 0.057721560229108015 0.064162983643894014 0.031971913961080956 0.045595039050027292 0.04945524129786151
leaf_weight=244 4845 424 49927 10371 519 3186 3129 1857 5183 3183 290 1892 219 54 186 419 4678 5530 902 1062 127 324 92 926 55 53 65 2954 414 578
leaf_count=244 4845 424 49927 10371 519 3186 3129 1857 5183 3183 290 1892 219 54 186 419 4678 5530 902 1062 127 324 92 926 55 53 65 2954 414 578
internal_value=3.06793e-05 0.017811 -0.010865 -0.0111551 0.0264307 0.0243515 0.0102212 -0.003691 0.0127731 0.0273886 0.0155643 -0.00536615 0.0437815 0.0639395 0.0311984 0.0150537 0.0219262 0.0138496 0.0166675 0.0387706 0.0272718 0.0398912 0.028098 0.025265 0.0504137 0.00697915 0.0950829 0.0304304 0.0261074 0.034833
internal_weight=103688 39397 64291 64047 18447 16473 20950 14120 16105 12417 10869 12263 1974 393 7315 4056 5102 9561 6432 1581 870 451 1308 1216 274 5236 119 7129 3597 3532
internal_count=103688 39397 64291 64047 18447 16473 20950 14120 16105 12417 10869 12263 1974 393 7315 4056 5102 9561 6432 1581 870 451 1308 1216 274 5236 119 7129 3597 3532
cat_boundaries=0 1
cat_threshold=1
is_linear=0
shrinkage=0.03


Tree=31
num_leaves=31
num_cat=1
split_feature=21 18 9 10 31 31 12 3 31 21 27 21 9 27 23 11 31 21 27 32 5 25 28 28 31 27 30 3 28 11
split_gain=21290.2 2408.11 1733.71 878.158 809.86 401.183 398.253 336.021 291.086 284.14 252.515 276.732 265.097 221.055 210.328 238.866 202.561 193.684 176.051 189.257 172.323 164.639 163.436 158.804 157.822 162.924 153.5 142.694 139.364 136.729
threshold=20.500000000000004 2.3288288116455083 0.36666667461395269 1.0000000180025095e-35 5.4500000476837167 12.050000190734865 2.554999947547913 4.6833331584930429 8.4499998092651385 71.500000000000014 1.6333333253860476 82.500000000000014 6.4500000476837167 2.6333333253860478 3.1000000238418584 19.633333206176761 4.5499999523162851 66.500000000000014 0.55000001192092907 0 0.19389999657869342 0.63333335518836986 1.8333333134651186 1.8333333134651186 4.0499999523162851 1.5500000119209292 1.0000000180025095e-35 5.1833331584930429 0.58333334326744091 19.899999618530277
decision_type=2 2 2 2 2 2 2 2 2 2 10 2 2 8 10 2 2 2 10 9 8 10 10 10 2 8 2 2 10 2
left_child=2 7 -1 22 13 10 16 9 -9 -2 12 29 14 17 23 -16 -5 -3 -19 28 26 -8 -4 -6 -22 -26 -11 -23 -20 -12
right_child=1 4 3 6 5 -7 21 8 -10 20 11 -13 -14 -15 15 -17 -18 18 19 -21 24 27 -24 -25 25 -27 -28 -29 -30 -31
leaf_value=-0.012687785589202768 0.003894158265140924 0.0073580681045198604 0.041006244421822512 -0.0094454074325304727 0.02792997553613721 0.067854293864745063 0.024096760205513993 0.020102708254523437 0.08033448132872581 0.012827762544548775 0.0053614756697788835 0.030729428248695637 0.053576853421716711 0.0027057782575200563 0.034084956670129618 0.10047608994493452 -0.0017264888811381453 0.039219112806664159 0.0050021641510272375 0.03029074250800021 -0.0017225302591475742 0.0021084908512122203 0.097530420576887475 0.039517585456008426 0.015749397200193558 0.0076381933761514795 0.039888656770543582 0.024970344130153005 0.0203927135158119 0.036903228830495793
leaf_weight=50930 5605 811 171 4848 3262 284 456 1943 75 386 753 1900 631 613 111 87 8295 544 590 1763 785 2307 63 1580 5235 3881 369 275 5166 148
leaf_count=50930 5605 811 171 4848 3262 284 456 1943 75 386 753 1900 631 613 111 87 8295 544 590 1763 785 2307 63 1580 5235 3881 369 275 5166 148
internal_value=4.71295e-05 0.0184908 -0.00995509 -0.0014765 0.0262018 0.0327812 -0.00231094 0.010795 0.0223413 0.00936209 0.0316055 0.0242359 0.0352455 0.0201293 0.0329504 0.0632568 -0.00457373 0.0213329 0.0227385 0.0215462 0.0122382 0.00747836 0.0562243 0.0317111 0.0111847 0.0122962 0.0260536 0.00454343 0.0187825 0.0105426
internal_weight=103867 36522 67345 16415 18243 8756 16181 18279 2018 16261 8472 2801 5671 9487 5040 198 13143 8874 8063 7519 10656 3038 234 4842 9901 9116 755 2582 5756 901
internal_count=103867 36522 67345 16415 18243 8756 16181 18279 2018 16261 8472 2801 5671 9487 5040 198 13143 8874 8063 7519 10656 3038 234 4842 9901 9116 755 2582 5756 901
cat_boundaries=0 1
cat_threshold=34
is_linear=0
shrinkage=0.03


Tree=32
num_leaves=31
num_cat=1
split_feature=0 12 3 32 3 31 27 11 19 28 20 5 31 20 31 31 10 3 31 28 12 20 10 2 29 12 13 9 10 31
split_gain=18892.3 2414.93 1522.58 1084.31 659.811 585.769 311.826 307.082 286.709 249.957 244.658 236.477 234.502 212.596 223.179 211.66 204.625 194.428 172.428 170.913 188.706 168.741 168.428 167.439 161.862 160.544 233.274 174.8 157.696 157.633
threshold=0.83333334326744091 4.5099999904632577 0.083333335816860213 0 1.8166666626930239 6.9500000476837167 1.8999999761581423 23.633333206176761 2.5000000000000004 2.1666666269302373 1.5000000000000002 0.19389999657869342 4.5499999523162851 1.5000000000000002 5.5499999523162851 7.8500001430511483 72.099998474121108 2.0166666507720952 5.1499998569488534 1.5833333134651186 5.8900001049041757 1.0000000180025095e-35 70.450000762939467 17.833333015441898 1.3666666746139529 6.2099997997283944 0.21203699707984927 6.0999999046325692 84.90000152587892 10.550000190734865
decision_type=2 2 2 9 2 2 8 2 2 10 2 8 2 2 2 2 2 2 2 8 2 2 2 2 10 2 10 2 2 2
left_child=2 3 18 11 22 10 13 8 28 16 -3 -2 -13 -6 -15 17 -9 -4 -1 20 -12 -17 -5 25 -16 26 -22 -27 -7 -18
right_child=1 5 15 4 6 7 -8 9 -10 -11 19 12 -14 14 24 21 29 -19 -20 -21 23 -23 -24 -25 -26 27 -28 -29 -30 -31
leaf_value=-0.012791641543362249 0.047830930986918832 0.013584258235394392 -0.0021834055421957681 0.00085555600370208513 0.010777320439916123 0.039384831100143493 0.006361692684815826 0.0087493818366657129 0.032760029077603482 0.096281758286352229 0.01526660012044735 0.014067088924172249 0.0320309845568746 0.015807217359559998 0.017156370288815417 0.00069421300216792865 0.044244744039883682 0.0099177097371659188 -0.007740056230618575 0.033319802923629273 0.037365628737417687 0.052903612702619278 0.012325316108994299 0.021251460368980287 0.034883259786070972 0.028195304519900804 0.11578278221189975 0.085021749428318194 0.10893696833769201 0.081572228680301159
leaf_weight=45645 486 1466 10287 6555 5259 50 4463 92 2193 127 1544 1061 1705 6431 795 104 277 1352 7016 2433 83 120 1398 863 1112 498 58 54 71 161
leaf_count=45645 486 1466 10287 6555 5259 50 4463 92 2193 127 1544 1061 1705 6431 795 104 277 1352 7016 2433 83 120 1398 863 1112 498 58 54 71 161
internal_value=5.08798e-05 0.0164672 -0.00993134 0.012123 0.0100678 0.0292187 0.0132423 0.0403797 0.0352405 0.0584804 0.024481 0.0284439 0.0251403 0.0155007 0.0184799 -0.000221809 0.0494224 -0.000777726 -0.0121186 0.0273681 0.022697 0.0286635 0.00287174 0.0300702 0.0274932 0.0410522 0.0696223 0.0337544 0.0801964 0.0579656
internal_weight=103759 39235 64524 29265 26013 9970 18060 2971 2314 657 6999 3252 2766 13597 8338 11863 530 11639 52661 5533 3100 224 7953 1556 1907 693 141 552 121 438
internal_count=103759 39235 64524 29265 26013 9970 18060 2971 2314 657 6999 3252 2766 13597 8338 11863 530 11639 52661 5533 3100 224 7953 1556 1907 693 141 552 121 438
cat_boundaries=0 1
cat_threshold=9
is_linear=0
shrinkage=0.03


Tree=33
num_leaves=31
num_cat=0
split_feature=21 18 18 31 31 18 31 31 1 3 31 19 30 18 12 7 30 12 13 25 19 18 27 31 24 12 19 21 11 27
split_gain=19176.2 2171.12 1550.61 797.933 700.066 407.586 380.091 361.309 249.242 236.767 226.23 297.083 207.66 205.271 192.876 190.995 190.336 209.734 188.342 181.986 172.548 182.889 179.101 171.681 167.635 150.692 284.352 142.022 136.301 135.766
threshold=20.500000000000004 2.5735930204391484 0.6909814476966859 6.2500000000000009 2.5499999523162846 1.5469207763671877 10.150000095367433 6.8500001430511483 82.833332061767592 1.0000000180025095e-35 6.5499999523162851 2.5000000000000004 1.0000000180025095e-35 2.8449518680572514 0.6225000023841859 0.41666667163372045 1.0000000180025095e-35 7.310000181198121 0.22450000047683719 1.8999999761581423 13.500000000000002 3.2296702861785893 1.7083333134651186 7.2500000000000009 0.58333334326744091 5.7449998855590829 29.500000000000004 69.500000000000014 14.550000190734865 0.90000000596046459
decision_type=2 2 2 2 2 2 2 2 2 2 2 2 2 2 2 2 2 2 10 10 2 2 10 2 10 2 2 2 2 10
left_child=2 5 -1 20 19 14 8 9 -5 -6 16 -12 -8 -10 -2 24 -7 27 -15 -4 22 25 -3 -16 -14 -22 28 -18 -27 -20
right_child=1 3 4 6 7 10 12 -9 13 -11 11 -13 15 18 23 -17 17 -19 29 -21 21 -23 -24 -25 -26 26 -28 -29 -30 -31
leaf_value=-0.012034807237299012 -0.0018907533046493407 0.02143734166393698 0.064538314513862438 0.025195645283442744 -0.008673762645922874 0.010061291880076277 0.04029344485464547 0.012102087128837336 0.090975008164133342 -0.00078054232648963574 0.096279483139514926 0.025976693528089543 0.12801247738563687 0.030549608817906328 0.0082816569462506647 0.029678545062956599 0.0079072316414807477 0.07731183997458882 0.075506289881597827 0.0021853928836909203 0.017269326050635157 0.029472811199018675 0.0086422086007197363 0.036607712051939911 0.072394797872524799 0.052870810319669538 0.073358262327284762 0.020585638085839381 0.0066035181283950802 0.043801401921382585
leaf_weight=50593 1789 2895 180 1851 5315 4812 313 1448 70 9594 59 651 64 1094 8568 69 1014 54 149 55 2919 3521 1492 197 205 80 130 3685 202 660
leaf_count=50593 1789 2895 180 1851 5315 4812 313 1448 70 9594 59 651 64 1094 8568 69 1014 54 149 55 2919 3521 1492 197 205 80 130 3685 202 660
internal_value=8.82657e-05 0.0175782 -0.00942481 0.0259971 -0.00146629 0.0112268 0.0367105 -0.00220491 0.033103 -0.00359444 0.01548 0.0318188 0.0579008 0.0405215 0.00708607 0.0742058 0.0142672 0.0185253 0.0386656 0.0499451 0.0217313 0.0247056 0.0170858 0.00891831 0.0856273 0.0196666 0.0366508 0.0178498 0.019729 0.0496407
internal_weight=103728 36543 67185 15714 16592 20829 4475 16357 3824 14909 10275 710 651 1973 10554 338 9565 4753 1903 235 11239 6852 4387 8765 269 3331 412 4699 282 809
internal_count=103728 36543 67185 15714 16592 20829 4475 16357 3824 14909 10275 710 651 1973 10554 338 9565 4753 1903 235 11239 6852 4387 8765 269 3331 412 4699 282 809
is_linear=0
shrinkage=0.03


Tree=34
num_leaves=31
num_cat=0
split_feature=21 18 18 18 18 9 9 29 26 27 21 29 3 5 30 21 29 26 13 27 29 27 3 27 20 0 19 4 23 27
split_gain=17647.2 2382.81 1133.56 660.954 501.61 370.743 320.217 318.916 293.698 254.805 248.972 236.443 222.011 216.079 199.964 187.297 178.229 162.052 161.362 154.902 149.296 153.755 267.719 142.39 140.259 133.13 132.436 131.19 126.952 122.008
threshold=10.500000000000002 2.8449518680572514 1.6933760643005373 1.5303308963775637 5.9136645793914804 6.7750000953674325 1.0000000180025095e-35 1.5500000119209292 1.5833333134651186 1.8999999761581423 80.500000000000014 2.3666666746139531 4.8166668415069589 0.18003333359956744 1.0000000180025095e-35 82.500000000000014 1.8999999761581423 1.1666666865348818 0.35801599919795996 1.4499999880790713 1.7749999761581423 1.8999999761581423 6.058333396911622 0.90000000596046459 1.0000000180025095e-35 7.5833332538604745 28.500000000000004 0.28015333414077764 1.7749999761581423 1.5500000119209292
decision_type=2 2 2 2 2 2 2 8 10 8 2 8 2 8 2 2 10 10 10 10 10 10 2 10 2 2 2 10 10 8
left_child=2 3 6 10 24 7 -1 15 11 12 -2 19 14 16 -5 -3 28 -6 -9 -7 -20 22 27 26 -4 -14 -17 -22 -12 -15
right_child=1 5 4 9 17 8 -8 18 -10 -11 13 -13 25 29 -16 23 -18 -19 20 -21 21 -23 -24 -25 -26 -27 -28 -29 -30 -31
leaf_value=-0.012136100041349039 0.0015939991718227106 0.011790532830383673 -0.0003170231327747209 0.010620060444428758 0.09230934335090793 0.041842539865726038 -0.0068550061299204948 0.028042464305044461 0.025954695599994412 0.0078301867366590821 0.0092607774346580973 0.10054418507234558 0.02496776035252854 0.012604233634277161 0.01983419915640677 0.037769985295858025 0.067463792955416463 0.030145764623458186 0.018999705132701546 0.08731538798612884 0.057955913778902454 0.018976699010791066 0.043052075282623205 0.020755230917598309 0.013725227835838386 0.06830952946265989 0.0071447399398624489 0.11784435026393067 0.061693711603203645 0.0033250584633959983
leaf_weight=45061 6751 1734 4917 4235 65 460 13408 4534 540 3351 207 92 1899 2970 4244 864 97 90 171 79 55 107 295 4272 736 66 149 82 52 2235
leaf_count=45061 6751 1734 4917 4235 65 460 13408 4534 540 3351 207 92 1899 2970 4244 864 97 90 171 79 55 107 295 4272 736 66 149 82 52 2235
internal_value=3.16356e-05 0.0158014 -0.00966941 0.0105186 0.00297111 0.0260678 -0.010925 0.0245278 0.0421956 0.0150282 0.0054659 0.0560944 0.0173377 0.0101664 0.015232 0.0203461 0.0327782 0.0562144 0.0301249 0.0485074 0.0434234 0.0511719 0.0591462 0.0231531 0.00151123 0.0264235 0.0332654 0.0938015 0.0197879 0.0086198
internal_weight=103818 39541 64277 26107 5808 13434 58469 12263 1171 13795 12312 631 10444 5561 8479 7019 356 155 5244 539 710 539 432 5285 5653 1965 1013 137 259 5205
internal_count=103818 39541 64277 26107 5808 13434 58469 12263 1171 13795 12312 631 10444 5561 8479 7019 356 155 5244 539 710 539 432 5285 5653 1965 1013 137 259 5205
is_linear=0
shrinkage=0.03


Tree=35
num_leaves=31
num_cat=2
split_feature=21 18 32 18 12 3 3 27 29 1 28 21 21 21 18 3 24 27 3 0 30 29 13 18 29 32 23 28 1 9
split_gain=16958.7 2172.21 1024.58 769.116 565.42 447.464 300.78 256.34 245.189 245.033 221.646 179.004 170.42 166.618 207.822 184.817 159.913 158.738 203.448 171.244 155.908 223.039 199.13 196.407 189.969 151.125 142.127 219.896 141.618 141.138
threshold=10.500000000000002 2.2535713911056523 0 0.64785373210906994 4.5899999141693124 2.3833333253860478 11.083333492279055 1.6333333253860476 2.7749999761581425 49.166666030883796 0.58333334326744091 84.500000000000014 89.500000000000014 76.500000000000014 9.7750000953674334 12.483333110809328 0.58333334326744091 1.8999999761581423 5.0166666507720956 6.1666667461395273 1.0000000180025095e-35 2.3666666746139531 0.35801599919795996 4.5067567825317392 0.70833334326744091 1 1.8999999761581423 1.1666666865348818 83.833332061767592 6.3666667938232431
decision_type=2 2 9 2 2 2 2 10 8 2 10 2 2 2 2 2 10 8 2 2 2 10 10 2 10 9 10 10 2 2
left_child=2 5 -1 -4 10 12 7 8 20 -5 -3 -12 -2 -8 15 -15 -17 18 -7 -20 21 28 -23 -22 -25 -13 -26 -28 -6 -10
right_child=1 4 3 9 6 17 13 -9 29 -11 11 25 -14 14 -16 16 -18 -19 19 -21 23 22 -24 24 26 -27 27 -29 -30 -31
leaf_value=0.051474584892181416 0.0019353012244498525 0.0067335907147041294 -0.011487576405509322 -0.0051896289846288801 0.012278790090585754 0.013602394071135376 0.092899274339570723 0.019078025477572098 0.04826109182614928 0.0062668000687916186 0.013440263511252446 0.029106712479891397 0.009554062612388399 0.052145733389371819 0.089892029124498368 0.062737281721830365 0.0016631804799010768 0.0067477590689418773 0.024138194485839252 0.068115467384111048 0.029645837141872119 0.033636761382222172 0.099843066166781014 0.0030114549355847492 0.041985089105416519 0.019412739215256519 0.11996172103973535 0.05519040757254156 0.027994348897692447 0.10333832067601821
leaf_weight=238 7204 1285 49216 12938 919 5518 68 2368 234 1931 2754 2219 4173 289 75 50 169 2215 1086 86 1665 124 61 70 305 5121 65 172 1177 51
leaf_count=238 7204 1285 49216 12938 919 5518 68 2368 234 1931 2754 2219 4173 289 75 50 169 2215 1086 86 1665 124 61 70 305 5121 65 172 1177 51
internal_value=5.62372e-05 0.0155223 -0.00944684 -0.00967961 0.0227432 0.00867209 0.0289302 0.0271671 0.0311223 -0.00370181 0.0184685 0.0199624 0.00472981 0.0484595 0.0432761 0.0363938 0.015607 0.0137087 0.0160135 0.0273652 0.0294344 0.0238908 0.0554669 0.0349876 0.0495205 0.0224095 0.0555271 0.0729547 0.0211038 0.058117
internal_weight=103846 39523 64323 64085 19241 20282 7862 7211 4843 14869 11379 10094 11377 651 583 508 219 8905 6690 1172 4558 2281 185 2277 612 7340 542 237 2096 285
internal_count=103846 39523 64323 64085 19241 20282 7862 7211 4843 14869 11379 10094 11377 651 583 508 219 8905 6690 1172 4558 2281 185 2277 612 7340 542 237 2096 285
cat_boundaries=0 1 2
cat_threshold=1 12
is_linear=0
shrinkage=0.03


Tree=36
num_leaves=31
num_cat=1
split_feature=21 18 18 18 31 18 27 30 29 26 31 0 31 9 29 17 30 10 23 1 32 8 31 21 23 10 4 30 21 2
split_gain=16026.3 2026.06 1067.74 607.185 556.575 523.238 316.703 292.09 237.187 222.788 207.085 201.242 194.385 168.186 167.362 194.292 184.331 155.09 155.078 184.291 154.154 152.794 150.09 149.452 149.339 144.236 143.711 175.716 168.451 138.69
threshold=15.500000000000002 2.8449518680572514 0.89237451553344738 4.6711711883544931 10.34999990463257 1.8956443071365359 1.8999999761581423 1.0000000180025095e-35 1.8999999761581423 1.1666666865348818 8.9499998092651385 1.0000000180025095e-35 5.3500001430511483 3.7749999761581425 0.70833334326744091 1.0000000180025095e-35 1.0000000180025095e-35 86.90000152587892 3.1000000238418584 89.833332061767592 0 1.0000000180025095e-35 4.0499999523162851 85.500000000000014 3.1000000238418584 80.633331298828139 0.25687000155448919 1.0000000180025095e-35 81.500000000000014 28.583333015441898
decision_type=2 2 2 2 2 2 10 2 10 10 2 2 2 2 10 2 2 2 10 2 9 2 2 2 10 2 10 2 2 2
left_child=2 5 -1 11 6 8 12 24 22 -5 13 -4 25 -9 -6 -16 29 -18 -14 -20 -8 -22 -2 -24 -7 -3 28 -28 -23 -17
right_child=1 4 3 9 14 7 20 10 -10 -11 -12 -13 18 -15 15 16 17 -19 19 -21 21 26 23 -25 -26 -27 27 -29 -30 -31
leaf_value=-0.010883520652578742 -0.0080332913623636978 0.011486868079010433 -0.0074488661347297067 0.065011503561154788 0.01607266462801658 0.0098032506202435782 0.0044506972297774939 0.018112857600386494 0.013772207902632996 0.01661580353428857 0.081059805842883442 0.00038208544516735372 0.02874793520399065 0.034478966644611579 0.022701196956021762 0.033732527070501936 0.10952150892012003 0.058338399138697913 0.034575285510721768 0.087746603266886339 0.010133717040068442 -0.0034785632087866165 0.0022925724105659919 0.0094264594685141041 0.045638351837590893 0.024579785589234394 0.018542977426157788 0.059018663655162194 0.026568630378000262 0.088677568808197965
leaf_weight=52512 769 1026 4585 152 97 4794 880 4241 3423 196 51 8300 5372 652 107 158 123 94 176 88 926 218 5545 5050 107 2891 172 220 731 56
leaf_count=52512 769 1026 4585 152 97 4794 880 4241 3423 196 51 8300 5372 652 107 158 123 94 176 88 926 218 5545 5050 107 2891 172 220 731 56
internal_value=-2.50728e-06 0.0155161 -0.00896431 -0.00134839 0.0249349 0.010417 0.0235644 0.0157756 0.0068493 0.0377542 0.0209205 -0.00240448 0.0262835 0.0202937 0.0523444 0.0588841 0.0678669 0.08735 0.0298511 0.0522991 0.0153104 0.0194206 0.00476402 0.00569287 0.0105856 0.0211503 0.0259783 0.0412589 0.0196663 0.0481107
internal_weight=103712 37967 65745 13233 13335 24632 12700 9845 14787 348 4944 12885 9553 4893 635 538 431 217 5636 264 3147 2267 11364 10595 4901 3917 1341 392 949 214
internal_count=103712 37967 65745 13233 13335 24632 12700 9845 14787 348 4944 12885 9553 4893 635 538 431 217 5636 264 3147 2267 11364 10595 4901 3917 1341 392 949 214
cat_boundaries=0 1
cat_threshold=2
is_linear=0
shrinkage=0.03


Tree=37
num_leaves=31
num_cat=1
split_feature=21 31 31 21 1 21 31 13 9 31 3 32 29 29 7 1 30 19 2 1 31 30 4 23 31 2 29 3 13 13
split_gain=15180.5 1737.1 1013.67 781.315 737.575 672.85 400.035 387.968 370.644 337.708 325.704 224.321 246.372 202.135 196.362 292.127 194.247 316.277 192.752 169.331 152.702 166.869 146.545 145.9 143.556 138.136 141.482 136.863 136.304 166.461
threshold=10.500000000000002 5.4500000476837167 2.5499999523162846 67.500000000000014 1.0000000180025095e-35 78.500000000000014 7.8500001430511483 0.45008799433708196 3.2916666269302373 5.7500000000000009 9.3166666030883807 0 2.2916666269302373 1.8999999761581423 1.0000000180025095e-35 89.833332061767592 1.0000000180025095e-35 6.5000000000000009 34.583333969116218 56.416666030883796 0.65000000596046459 1.0000000180025095e-35 0.030021666549146179 3.1000000238418584 4.0499999523162851 21.833333015441898 2.3666666746139531 2.6416667699813847 0.54837298393249523 0.041982999071478851
decision_type=2 2 2 2 2 2 2 10 2 2 2 9 10 8 2 2 2 2 2 2 2 2 10 10 2 2 10 2 8 10
left_child=2 3 20 22 -4 7 -7 -3 11 -6 -9 -5 24 18 15 -15 23 -18 28 -11 -1 -22 -2 -10 -13 26 -19 -27 29 -8
right_child=1 5 4 8 9 6 13 10 16 19 -12 12 -14 14 -16 -17 17 25 -20 -21 21 -23 -24 -25 -26 27 -28 -29 -30 -31
leaf_value=0.0092245435817488314 -0.0015452337994554199 0.013157971568007942 -0.010811537730752564 0.021264189164877781 -0.005128323535119458 0.026071300504530926 0.014917372959655719 0.032518305093870929 0.013512379699538673 0.0044295553532294066 0.11042189469469375 -0.0062145717499371674 0.021513317035838777 0.055140346749375263 0.041191587642472431 0.14017768910185235 0.0007076500681421113 0.032195191846066701 0.079938584070206473 0.029814620881728576 0.037127324631437655 0.093512272378129341 0.007445214847318013 0.05738860391905265 0.0088632164088567281 0.053492012610337855 0.062625901554986887 0.012982569256443291 0.026894930245943378 0.062180731197161707
leaf_weight=58 4393 4708 49940 1673 12085 6381 91 232 2665 2070 61 601 1374 90 152 61 378 1442 90 267 96 93 2596 70 10450 87 152 547 731 255
leaf_count=58 4393 4708 49940 1673 12085 6381 91 232 2665 2070 61 601 1374 90 152 61 378 1442 90 267 96 93 2596 70 10450 87 152 547 731 255
internal_value=8.87515e-05 0.0147963 -0.00885292 0.0103968 -0.00908571 0.0238431 0.0293216 0.0152425 0.0134898 -0.00310956 0.0487371 0.01094 0.00952513 0.0434305 0.0652627 0.0894932 0.02022 0.0260811 0.037762 0.00732977 0.0518052 0.0648723 0.00179419 0.0146354 0.00804322 0.0303859 0.035097 0.0185414 0.0342375 0.0497502
internal_weight=103889 39280 64609 26428 64362 12852 7851 5001 19439 14422 293 14098 12425 1470 303 151 5341 2606 1167 2337 247 189 6989 2735 11051 2228 1594 634 1077 346
internal_count=103889 39280 64609 26428 64362 12852 7851 5001 19439 14422 293 14098 12425 1470 303 151 5341 2606 1167 2337 247 189 6989 2735 11051 2228 1594 634 1077 346
cat_boundaries=0 1
cat_threshold=12
is_linear=0
shrinkage=0.03


Tree=38
num_leaves=31
num_cat=3
split_feature=21 18 18 12 18 27 27 18 31 12 29 18 32 12 16 11 20 1 29 32 32 23 5 1 20 19 29 4 2 31
split_gain=13342.7 1679.09 1035.48 640.929 500.959 389.591 303.854 283.975 281.339 244.334 253.662 226.562 189.364 188.427 162.918 206.353 145.536 167.057 144.582 134.142 130.925 155.595 127.581 130.107 126.717 166.349 154.994 138.843 125.83 121.441
threshold=13.500000000000002 1.8956443071365359 1.5638586878776553 6.5633332729339608 5.2880184650421151 1.8999999761581423 0.45000000298023229 0.32882882654666906 6.2500000000000009 0.56333333253860485 1.8999999761581423 5.1633331775665292 0 11.150000095367433 1.0000000180025095e-35 17.366666793823246 1.0000000180025095e-35 49.833333969116218 1.5500000119209292 1 2 1.6333333253860476 1.4672333598136904 85.416667938232436 7.5000000000000009 4.5000000000000009 1.8999999761581423 0.34344500303268438 12.833333492279055 9.7500000000000018
decision_type=2 2 2 2 2 8 10 2 2 2 10 2 9 2 2 2 2 2 10 9 9 10 8 2 2 2 10 8 2 2
left_child=2 9 7 5 16 8 -5 -1 12 -2 19 24 -3 22 -13 -16 17 29 -14 -11 21 -7 23 -8 25 27 -26 -10 -12 -4
right_child=1 3 4 6 -6 20 13 -9 11 10 28 14 18 -15 15 -17 -18 -19 -20 -21 -22 -23 -24 -25 26 -27 -28 -29 -30 -31
leaf_value=-0.010840358271639122 -0.0030199458406779032 0.026464149470170364 -0.0040779646767479536 0.064395965093408128 0.046945173297611983 -0.0053463694962761774 0.022995991094834314 -0.0059990119659906367 0.023723968488859458 0.0041701337473437844 0.011825283147132966 0.093494398105260612 0.012485139589302793 0.047542751408777291 0.0052068406388112529 0.082153426246209568 0.011098675143779648 0.0093665118016948695 0.019519499691992293 0.014688885099214347 0.012942278311774608 0.013267239986878471 0.020224220016030699 0.040771093878648232 0.031263138418270144 0.020378954020351465 0.083327236043315545 0.082256929380074131 0.025903076464569706 0.040003150557412916
leaf_weight=43951 2210 1817 4261 220 223 964 718 14502 71 8872 2267 77 5524 399 73 55 1116 1151 5019 1241 3084 696 1757 766 187 1645 71 75 764 57
leaf_count=43951 2210 1817 4261 220 223 964 718 14502 71 8872 2267 77 5524 399 73 55 1116 1151 5019 1241 3084 696 1757 766 187 1645 71 75 764 57
internal_value=-8.19059e-05 0.0139064 -0.00834959 0.0189964 0.00272323 0.0167707 0.0301587 -0.00963924 0.0191955 0.00620937 0.00776117 0.0289428 0.017418 0.0280894 0.0590127 0.0382698 0.00122566 -0.000789024 0.0158188 0.00547957 0.00930091 0.00244317 0.0256945 0.032171 0.0259344 0.0231028 0.0455909 0.0537923 0.0153738 -0.00349607
internal_weight=103833 38572 65261 23218 6808 19358 3860 58453 14614 15354 13144 2254 12360 3640 205 128 6585 5469 10543 10113 4744 1660 3241 1484 2049 1791 258 146 3031 4318
internal_count=103833 38572 65261 23218 6808 19358 3860 58453 14614 15354 13144 2254 12360 3640 205 128 6585 5469 10543 10113 4744 1660 3241 1484 2049 1791 258 146 3031 4318
cat_boundaries=0 1 2 3
cat_threshold=8 34 2
is_linear=0
shrinkage=0.03


Tree=39
num_leaves=31
num_cat=2
split_feature=21 18 18 12 32 3 27 1 17 28 30 1 15 20 1 23 32 20 28 3 2 14 19 1 27 27 14 16 30 3
split_gain=12925.7 2026.9 1025.38 543.866 384.421 383.399 297.832 274.9 249.777 219.38 208.67 202.815 182.524 205.408 192.732 176.616 161.748 160.383 153.33 156.526 139.867 130.788 135.687 152.909 130.135 126.481 127.166 132.378 125.478 127.672
threshold=10.500000000000002 2.2535713911056523 1.7533783912658694 6.4900000095367441 0 2.4416667222976689 1.8999999761581423 1.0000000180025095e-35 0.36666667461395269 2.1666666269302373 1.0000000180025095e-35 50.416666030883796 0.77500000596046459 7.5000000000000009 86.166667938232436 1.6333333253860476 1 1.0000000180025095e-35 1.4166666865348818 4.7833335399627694 11.166666507720949 1.5660799741744997 5.5000000000000009 78.416667938232436 1.5500000119209292 0.45000000298023229 1.6323300004005434 1.0000000180025095e-35 1.0000000180025095e-35 5.9166667461395273
decision_type=2 2 2 2 9 2 10 2 2 10 2 2 2 2 2 10 9 2 10 2 2 8 2 2 8 10 8 2 2 2
left_child=2 5 7 6 -4 16 9 -1 -5 10 -3 17 25 14 -14 -12 -2 -6 24 -20 -19 22 -8 -24 -7 -10 28 -28 -27 -30
right_child=1 3 4 8 11 18 21 -9 12 -11 15 -13 13 -15 -16 -17 -18 20 19 -21 -22 -23 23 -25 -26 26 27 -29 29 -31
leaf_value=-0.010296770410729987 0.019727399370003625 0.013969892508507229 0.041735421088287386 0.023192513784152078 -0.0027589045782463149 0.013007352185233245 -0.0024259177538200833 -0.0049951965808185386 0.068492924342863262 0.028993224551484242 0.018642797458121224 0.013699122735359908 0.055826557100674988 0.03859107110930305 0.1288655458904546 0.030782677480319244 0.0026906664820000705 0.0093476496051790228 0.013107146875995504 0.027864355760097308 0.056963903465220934 0.0044582950168048831 0.0097607120784778938 0.027255076386947231 0.0030161139320437746 0.029158864685159644 0.045773649818846025 0.01617351343000991 0.011454784726310108 0.061563395547121758
leaf_weight=48306 516 4669 226 1944 3582 2425 316 10764 92 2200 3069 1150 74 179 58 1663 11172 419 3050 821 64 1659 862 940 2273 384 180 556 54 300
leaf_count=48306 516 4669 226 1944 3582 2425 316 10764 92 2200 3069 1150 74 179 58 1663 11172 419 3050 821 64 1659 862 940 2273 384 180 556 54 300
internal_value=8.97604e-05 0.0136155 -0.0081828 0.0205999 0.00427927 0.00699588 0.018083 -0.00933069 0.0307294 0.0204652 0.0184695 0.00257109 0.0385353 0.0595279 0.0879194 0.0229092 0.00346198 -0.000570736 0.0118161 0.016237 0.015657 0.010766 0.0157068 0.0188865 0.00817336 0.0343663 0.0322363 0.0234127 0.041036 0.0539197
internal_weight=103967 39456 64511 19199 5441 20257 15378 59070 3821 11601 9401 5215 1877 311 132 4732 11688 4065 8569 3871 483 3777 2118 1802 4698 1566 1474 736 738 354
internal_count=103967 39456 64511 19199 5441 20257 15378 59070 3821 11601 9401 5215 1877 311 132 4732 11688 4065 8569 3871 483 3777 2118 1802 4698 1566 1474 736 738 354
cat_boundaries=0 1 2
cat_threshold=1 8
is_linear=0
shrinkage=0.03


Tree=40
num_leaves=31
num_cat=1
split_feature=21 18 18 18 3 3 29 29 30 32 12 19 26 21 1 19 26 21 3 18 1 11 18 29 19 28 2 6 23 3
split_gain=12480.4 1566.4 1106.62 583.939 383.69 351.607 290.059 279.038 253.124 235.468 203.632 225.755 200.079 194.596 207.903 168.307 165.249 162.06 148.569 145.834 141.925 139.619 128.547 127.338 177.111 188.541 130.609 124.512 131.53 123.914
threshold=18.500000000000004 2.8449518680572514 1.0597147941589358 4.3380954265594491 2.3833333253860478 11.083333492279055 0.70833334326744091 1.8999999761581423 1.0000000180025095e-35 0 4.5899999141693124 36.500000000000007 1.1666666865348818 1.0000000180025095e-35 49.833333969116218 6.5000000000000009 1.1666666865348818 76.500000000000014 12.483333110809328 9.7750000953674334 1.0000000180025095e-35 29.22500038146973 0.66228070855140697 2.3666666746139531 13.500000000000002 2.8333333730697636 12.833333492279055 0.58333334326744091 2.5499999523162846 4.8833334445953378
decision_type=2 2 2 2 2 2 8 10 2 9 2 2 10 2 2 2 10 2 2 2 2 2 2 8 2 10 2 2 10 2
left_child=2 4 20 13 9 6 -3 -6 12 -2 15 -12 23 14 -4 -10 -5 -7 21 -20 -1 -19 -11 26 -25 -26 -8 28 -28 -9
right_child=1 5 3 16 7 17 8 29 10 22 11 -13 -14 -15 -16 -17 -18 18 19 -21 -22 -23 -24 24 25 -27 27 -29 -30 -31
leaf_value=-0.01015637593691651 0.021771002044192349 0.0093750727937693921 -0.0048557440923146485 0.054242115880955344 0.010499864642270526 0.0891491665157082 0.0099023206098880403 0.017621484933134812 0.005995685386349309 -0.0022620188065405884 0.032293036667794595 0.091663360812906491 0.013277308384269937 0.0065379744280042347 0.0078979802989575191 0.025298137154024129 0.018243388449056788 0.04404405481093341 0.010945268517333856 0.061691357882610008 -0.0059938173681056148 0.097612122571060667 0.0059212563560135933 0.015863789818030875 0.08473345036221587 0.028991699849900143 0.026877985340222087 0.0042624794354196643 0.058652459038066047 0.032020340801990385
leaf_weight=46272 728 1630 7344 198 9547 64 581 2312 488 2181 2505 59 3058 2569 1364 2436 273 252 213 67 8769 53 8311 149 115 104 1117 192 131 701
leaf_count=46272 728 1630 7344 198 9547 64 581 2312 488 2181 2505 59 3058 2569 1364 2436 273 252 213 67 8769 53 8311 149 115 104 1117 192 131 701
internal_value=3.34258e-05 0.0140119 -0.00770916 0.000649362 0.0094102 0.0222931 0.021181 0.0130119 0.0229408 0.00537835 0.027488 0.0336592 0.0183593 -0.000717539 -0.00285803 0.0220767 0.0333766 0.0438255 0.038867 0.0230881 -0.00949321 0.0533526 0.00421616 0.0248644 0.0410956 0.0582625 0.0219089 0.0267532 0.0302133 0.0209715
internal_weight=103783 36994 66789 11748 23780 13214 12565 12560 10935 11220 5488 2564 5447 11277 8708 2924 471 649 585 280 55041 305 10492 2389 368 219 2021 1440 1248 3013
internal_count=103783 36994 66789 11748 23780 13214 12565 12560 10935 11220 5488 2564 5447 11277 8708 2924 471 649 585 280 55041 305 10492 2389 368 219 2021 1440 1248 3013
cat_boundaries=0 1
cat_threshold=8
is_linear=0
shrinkage=0.03


Tree=41
num_leaves=31
num_cat=0
split_feature=21 18 18 31 18 18 29 31 30 4 27 12 17 21 4 12 18 16 29 2 31 18 14 27 2 26 19 27 30 4
split_gain=11666.6 1616.14 886.716 697.366 391.936 378.178 325.431 331.107 258.284 250.74 207.255 196.82 195.312 174.004 174.771 172.505 160.982 171.15 148.498 145.485 142.287 136.564 135.318 135.015 133.007 131.075 124.367 122.857 120.873 195.799
threshold=10.500000000000002 2.6478537321090703 1.5638586878776553 6.2500000000000009 6.0135135650634775 1.5303308963775637 0.70833334326744091 10.449999809265138 1.0000000180025095e-35 0.53341335058212291 1.7083333134651186 0.0224999999627471 1.0000000180025095e-35 84.500000000000014 0.69833332300186168 9.6325001716613787 7.0227272510528573 1.0000000180025095e-35 1.8999999761581423 12.833333492279055 4.6499998569488534 3.0548048019409184 0.94846001267433178 1.1000000238418581 4.1666667461395273 3.5833333730697636 13.500000000000002 1.0000000180025095e-35 1.0000000180025095e-35 0.0066299999598413714
decision_type=2 2 2 2 2 2 8 2 2 10 8 2 2 2 10 2 2 2 10 2 2 2 8 10 2 8 2 8 2 10
left_child=2 5 11 10 23 18 -5 13 27 -10 15 -1 -9 14 -8 -3 17 -14 -2 -20 -12 -15 -19 -4 -23 -26 -18 -7 -22 -30
right_child=1 3 4 6 -6 8 7 12 9 -11 20 -13 16 21 -16 -17 26 22 19 -21 28 24 -24 -25 25 -27 -28 -29 29 -31
leaf_value=-0.0098689234429836289 0.0025790284383826194 0.018647862538444578 0.0075251698932457872 0.0099069740688243861 0.049779884778841911 0.049806992558182259 0.018554027222189098 0.017027652046206043 0.015735989392345932 0.081281535828591517 -0.0011504972710441822 -0.0055321585724044473 0.084122808133110849 0.057225490765217518 0.07280377734718578 0.056003288748706033 0.12007006451042729 -0.0031851268677335035 0.0074290177598187726 0.025912025558473887 0.0072082626923908339 -0.0036647639089617233 0.051165137593728184 -0.0016380239204781507 0.032964892889194922 0.08220146870054304 0.062889544295413144 0.0070096471272368226 0.0078775832972873289 0.030917742795839288
leaf_weight=46066 9440 7222 2202 606 155 61 1172 98 5882 53 761 11839 99 226 56 113 67 57 2376 457 1345 87 149 4222 1818 50 70 5827 633 698
leaf_count=46066 9440 7222 2202 606 155 61 1172 98 5882 53 761 11839 99 226 56 113 67 57 2376 457 1345 87 149 4222 1818 50 70 5827 633 698
internal_value=6.35113e-05 0.01292 -0.00779645 0.0205361 0.00264031 0.0080756 0.0303768 0.033518 0.0119048 0.0163213 0.0163749 -0.00898225 0.0553442 0.0300606 0.021028 0.0192233 0.0638398 0.0517056 0.0043868 0.0104106 0.0102958 0.0351464 0.0361265 0.00150291 0.0325941 0.0342828 0.0908537 0.00745303 0.0135509 0.0199603
internal_weight=103907 39423 64484 15327 6579 24096 4555 3949 11823 5935 10772 57905 540 3409 1228 7335 442 305 12273 2833 3437 2181 206 6424 1955 1868 137 5888 2676 1331
internal_count=103907 39423 64484 15327 6579 24096 4555 3949 11823 5935 10772 57905 540 3409 1228 7335 442 305 12273 2833 3437 2181 206 6424 1955 1868 137 5888 2676 1331
is_linear=0
shrinkage=0.03


Tree=42
num_leaves=31
num_cat=0
split_feature=21 18 31 31 18 31 21 27 19 1 3 30 19 27 12 9 9 25 23 27 18 24 0 18 1 31 5 3 14 27
split_gain=10722.9 1811.94 810.784 744.215 503.237 392.182 287.209 253.473 212.217 211.505 207.428 199.425 273.028 192.911 188.036 171.477 169.731 164.267 149.625 158.163 158.132 182.219 166.674 141.46 140.052 139.772 130.939 144.74 169.63 130.633
threshold=5.5000000000000009 1.8956443071365359 2.5499999523162846 8.7500000000000018 1.5469207763671877 5.3500001430511483 86.500000000000014 1.5500000119209292 4.5000000000000009 57.416666030883796 2.9833333492279057 1.0000000180025095e-35 3.5000000000000004 1.8999999761581423 8.7100000381469744 3.3666666746139531 6.3666667938232431 1.8999999761581423 1.1000000238418581 2.1000000238418584 5.1633331775665292 0.58333334326744091 3.8333333730697636 0.23669467866420749 88.833332061767592 7.0499999523162851 1.4366832971572878 9.9833331108093279 1.388220012187958 1.1000000238418581
decision_type=2 2 2 2 2 2 2 8 2 2 2 2 2 10 2 2 2 10 10 8 2 10 2 2 2 2 8 2 10 8
left_child=2 7 -1 5 23 8 13 10 -3 -6 25 12 -5 26 -14 -10 29 18 -13 20 22 -22 -20 -4 -16 -2 27 28 -7 -8
right_child=1 3 4 11 9 6 16 -9 15 -11 -12 17 14 -15 24 -17 -18 -19 19 -21 21 -23 -24 -25 -26 -27 -28 -29 -30 -31
leaf_value=0.048389864398085555 0.0045936652330871635 0.0010013275722644095 -0.0098015222916340902 0.094407467386301819 -0.0019971068144483263 0.02019804840339471 0.028978279581090421 0.00028478997344935354 0.010843972299788765 0.014320476325307072 0.015348756601110654 0.10502917319265277 0.0075674950907176179 0.0032821969145672837 0.067958203504018697 0.018624831692492159 0.038784684805025664 0.0095940931582115061 0.071420812876351797 0.013996211736451221 0.12878788604526781 0.062766124313501148 0.016025161250172375 -0.0063882453541880971 0.019751481529981404 0.033024016108170573 0.011336560955986754 0.0686741617129695 0.07426671685237024 0.01930759477823003
leaf_weight=230 7347 1308 41751 51 5043 1586 1954 7330 6723 833 2387 55 330 1065 107 4106 667 71 90 79 50 152 107 14802 110 159 1418 62 54 3525
leaf_count=230 7347 1308 41751 51 5043 1586 1954 7330 6723 833 2387 55 330 1065 107 4106 667 71 90 79 50 152 107 14802 110 159 1418 62 54 3525
internal_value=-3.39415e-05 0.011916 -0.00783279 0.0173027 -0.00803993 0.0160723 0.0203683 0.00451289 0.0124155 0.000316124 0.0076456 0.0403013 0.0280205 0.0143066 0.0218308 0.0137942 0.024496 0.0524601 0.0581702 0.0527785 0.0604572 0.0791081 0.0413328 -0.00890814 0.0435216 0.00519591 0.0180697 0.0236794 0.0219784 0.0227565
internal_weight=103552 40893 62659 23670 62429 22468 10331 17223 12137 5876 9893 1202 598 4185 547 10829 6146 604 533 478 399 202 197 56553 217 7506 3120 1702 1640 5479
internal_count=103552 40893 62659 23670 62429 22468 10331 17223 12137 5876 9893 1202 598 4185 547 10829 6146 604 533 478 399 202 197 56553 217 7506 3120 1702 1640 5479
is_linear=0
shrinkage=0.03


Tree=43
num_leaves=31
num_cat=0
split_feature=21 31 18 21 21 0 29 18 31 29 24 13 27 31 28 1 5 9 30 19 27 18 12 5 4 31 2 0 27 1
split_gain=10112.3 1398.98 667.372 561.562 535.601 418.242 341.472 240.716 238.468 235.731 351.531 225.473 236.257 181.048 156.481 184.094 227.165 163.363 152.428 149.035 163.973 163.382 147.203 158.749 190.121 145.123 132.534 139.492 128.262 124.544
threshold=10.500000000000002 5.4500000476837167 1.1270161271095278 67.500000000000014 84.500000000000014 4.8333332538604745 1.7749999761581423 2.013513565063477 10.250000000000002 0.90000000596046459 0.58333334326744091 0.2821550071239472 1.8999999761581423 6.7500000000000009 1.8333333134651186 49.166666030883796 1.456933379173279 6.2916667461395273 1.0000000180025095e-35 13.500000000000002 1.1000000238418581 3.2029411792755131 4.4225001335144052 0.28361666202545172 0.080274999141693129 4.1499998569488534 30.166666984558109 4.1666667461395273 3.3666666746139531 51.833333969116218
decision_type=2 2 2 2 2 2 10 2 2 10 10 10 10 2 8 2 10 2 2 2 8 2 2 8 8 2 2 2 8 2
left_child=2 3 -1 -2 11 13 7 25 14 -10 -11 12 18 -4 17 -16 -17 -6 -3 20 -9 -21 23 -8 -25 -5 27 -12 -27 -15
right_child=1 4 5 6 8 -7 22 19 9 10 26 -13 -14 29 15 16 -18 -19 -20 21 -22 -23 -24 24 -26 28 -28 -29 -30 -31
leaf_value=-0.0086480698341803667 0.0006805601700753907 0.0079172246638025343 -0.0027750911016041786 -0.010358746342515424 0.018958488318116636 0.03425001676920076 0.032259093762857904 0.017218533850251697 0.0096778421324085102 0.10930465951818844 0.059399494378283471 0.025900442402059375 -0.0014846592444319913 0.0059559269563820155 0.064853974852297033 0.024127542551781969 0.054043069768022853 0.036594035059325465 0.020318066090826873 0.010991581711307114 0.00088523389449442029 0.023143367907606949 0.027287361698460421 0.0057148185352167199 0.017836990364129817 0.0057005729939781933 0.07972311781346797 0.014315467026998411 -0.028751303649535681 0.034408162438690111
leaf_weight=54468 6966 1760 8413 606 4181 308 415 800 132 87 101 1030 1140 953 135 1548 268 533 1809 3065 1793 1475 950 1958 2873 5520 65 159 99 162
leaf_count=54468 6966 1760 8413 606 4181 308 415 800 132 87 101 1030 1140 953 135 1548 268 533 1809 3065 1793 1475 950 1958 2873 5520 65 159 99 162
internal_value=-1.24854e-05 0.0119412 -0.00734932 0.00799463 0.0200245 -0.000157352 0.0106002 0.00790022 0.0254686 0.0445671 0.0557452 0.013186 0.010405 -0.0012696 0.0239097 0.031055 0.0285424 0.0209525 0.0142028 0.0116624 0.00592443 0.0149396 0.0164212 0.0144535 0.0129239 0.0035893 0.0414077 0.0318289 0.00509357 0.0100898
internal_weight=103772 39468 64304 26520 12948 9836 19554 13358 7209 544 412 5739 4709 9528 6665 1951 1816 4714 3569 7133 2593 4540 6196 5246 4831 6225 325 260 5619 1115
internal_count=103772 39468 64304 26520 12948 9836 19554 13358 7209 544 412 5739 4709 9528 6665 1951 1816 4714 3569 7133 2593 4540 6196 5246 4831 6225 325 260 5619 1115
is_linear=0
shrinkage=0.03


Tree=44
num_leaves=31
num_cat=2
split_feature=21 18 32 1 12 32 3 18 27 13 18 21 0 18 28 27 3 19 22 19 5 3 12 1 10 28 18 10 1 20
split_gain=9739.34 1366.79 1034.29 570.114 469.979 243.915 231.936 207.864 203.986 191.455 155.079 146.603 143.887 164.851 135.015 129.871 157.556 129.235 125.725 125.857 131.502 116.524 188.539 124.438 133.786 127.832 132.402 114.216 112.579 130.433
threshold=9.5000000000000018 1.8956443071365359 0 1.0000000180025095e-35 5.8900001049041757 1 2.4416667222976689 1.5638586878776553 1.8999999761581423 0.17437499761581424 3.6030302047729497 57.500000000000007 3.1666666269302373 4.75337839126587 0.83333334326744091 1.6333333253860476 6.058333396911622 34.500000000000007 1.5833333134651186 8.5000000000000018 1.0600499510765078 2.6166666746139531 1.8225000500679018 66.416667938232436 84.099998474121108 2.1666666269302373 2.9701426029205327 72.099998474121108 49.833333969116218 1.0000000180025095e-35
decision_type=2 2 9 2 2 9 2 2 8 10 2 2 2 2 10 10 2 2 10 2 10 2 2 2 2 10 2 2 2 2
left_child=2 6 -1 -4 5 -3 -2 -5 10 -10 21 -6 13 17 -8 -13 27 -12 -14 -20 -21 -7 -23 25 -25 -24 -27 -17 29 -9
right_child=1 4 3 7 11 8 14 28 9 -11 12 15 18 -15 -16 16 -18 -19 19 20 -22 22 23 24 -26 26 -28 -29 -30 -31
leaf_value=0.052670165280310002 0.0023526589580253805 0.023130665709559326 -0.008826859815882623 -0.0044124815202013553 0.0046469201821002417 0.0087293448304948725 0.0016776979825941854 -0.0028326963826255996 0.0035829685378889653 0.020090146249108067 0.023368804606721777 0.029109849566220574 0.0066185545338163692 0.069283415180287869 0.012271066537072864 0.078493801736169391 0.014317177224148266 0.072570456277865625 0.0075906455488210269 0.039221574597093217 0.0025582169915694705 0.060475960381059762 0.01783907274731689 0.0068522551121433083 0.017122632122805344 0.027226105403412273 0.069918080177778993 0.029736116366967352 0.010687856075252218 0.013153656877803116
leaf_weight=250 10204 2404 49878 9823 317 3508 1416 2401 3153 791 632 3276 665 95 4602 54 1307 52 280 458 109 83 1223 2082 2527 239 90 217 1345 568
leaf_count=250 10204 2404 49878 9823 317 3508 1416 2401 3153 791 632 3276 665 95 4602 54 1307 52 280 458 109 83 1223 2082 2527 239 90 217 1345 568
internal_value=0.000143564 0.011809 -0.00707804 -0.00731847 0.0164228 0.0141762 0.00510748 -0.00200174 0.0128072 0.00689361 0.0147545 0.0244132 0.0217781 0.0322525 0.00977851 0.0257041 0.0186337 0.0271093 0.0163816 0.0240469 0.0321734 0.0131044 0.0155624 0.0149573 0.0124832 0.0223047 0.0389048 0.0394517 0.00348751 0.000225656
internal_weight=104049 39784 64265 64015 23562 18391 16222 14137 15987 3944 12043 5171 2291 779 6018 4854 1578 684 1512 847 567 9752 6244 6161 4609 1552 329 271 4314 2969
internal_count=104049 39784 64265 64015 23562 18391 16222 14137 15987 3944 12043 5171 2291 779 6018 4854 1578 684 1512 847 567 9752 6244 6161 4609 1552 329 271 4314 2969
cat_boundaries=0 1 2
cat_threshold=1 8
is_linear=0
shrinkage=0.03


Tree=45
num_leaves=31
num_cat=0
split_feature=21 31 31 12 21 18 21 29 30 19 27 31 27 31 4 18 18 14 26 13 1 21 25 25 9 31 28 27 10 11
split_gain=8639.79 1269.78 932.948 790.643 414.417 387.337 244.266 239.187 205.929 206.983 205.523 189.494 170.338 199.533 267.693 163.15 157.825 152.431 152.413 152.051 151.012 167.196 159.866 149.068 147.23 144.929 144.149 142.199 139.497 143.239
threshold=20.500000000000004 5.4500000476837167 2.5499999523162846 0.8100000023841859 87.500000000000014 4.5067567825317392 80.500000000000014 1.5500000119209292 1.0000000180025095e-35 21.500000000000004 3.1000000238418584 4.5499999523162851 0.90000000596046459 7.9500000476837167 0.65624836087226879 1.5638586878776553 0.14495798945426944 1.1503899693489077 2.4166666269302373 0.1260040029883385 50.416666030883796 1.0000000180025095e-35 0.63333335518836986 1.5500000119209292 7.7750000953674325 0.65000000596046459 1.4166666865348818 0.45000000298023229 85.90000152587892 22.10000038146973
decision_type=2 2 2 2 2 2 2 10 2 2 8 2 8 2 8 2 2 8 10 10 2 2 10 10 2 2 10 8 2 2
left_child=2 4 24 16 19 6 18 10 -7 17 15 -5 13 -8 -15 -6 -4 23 -3 -2 21 -13 -22 -10 25 -1 -14 -19 29 -11
right_child=1 5 3 11 7 8 12 -9 9 28 -12 20 26 14 -16 -17 -18 27 -20 -21 22 -23 -24 -25 -26 -27 -28 -29 -30 -31
leaf_value=0.024495802493590228 0.00028561115089592245 0.013196777581778358 -0.0090906757662831753 -0.0056287396909127365 0.001940280129306694 0.021587691757040468 0.026223466235107039 0.014667848015984152 0.05526132301128963 0.060084835781896703 -0.016794234052056243 -0.0025585099874944894 0.013324636953033084 0.11973671003133059 0.033821146376430987 0.010872038289010134 -0.0056253580467779066 0.069612113947377485 -0.0055106085694608953 0.010391885069770589 0.032183485909775704 0.0078327924465996079 0.0071994045744249715 0.0026940045531453757 0.013696750781752845 0.083625043130346702 0.024534821992985286 0.017163485302730409 0.037352720105419714 0.11929420262575149
leaf_weight=53 6617 3344 39737 2913 2635 1297 1167 7170 298 139 307 3863 2493 50 94 6105 16842 51 444 1680 279 2180 1326 58 66 126 1762 530 155 50
leaf_count=53 6617 3344 39737 2913 2635 1297 1167 7170 298 139 307 3863 2493 50 94 6105 16842 51 444 1680 279 2180 1326 58 66 126 1762 530 155 50
internal_value=-7.5063e-05 0.0116919 -0.00643939 -0.00665263 0.00778524 0.0197182 0.0168806 0.0105753 0.0300141 0.0385458 0.00733178 0.000882591 0.0208799 0.0303347 0.0636529 0.00817923 -0.00805915 0.0312391 0.011004 0.00233196 0.00336265 0.00119013 0.0115424 0.046697 0.051996 0.0661175 0.0179668 0.0217674 0.0584482 0.0757487
internal_weight=103831 36446 67385 67140 24514 11932 9354 16217 2578 1281 9047 10561 5566 1311 144 8740 56579 937 3788 8297 7648 6043 1605 356 245 179 4255 581 344 189
internal_count=103831 36446 67385 67140 24514 11932 9354 16217 2578 1281 9047 10561 5566 1311 144 8740 56579 937 3788 8297 7648 6043 1605 356 245 179 4255 581 344 189
is_linear=0
shrinkage=0.03


Tree=46
num_leaves=31
num_cat=1
split_feature=21 18 32 12 18 27 12 27 30 29 27 17 12 4 5 22 30 29 5 19 19 25 28 12 5 12 26 13 28 22
split_gain=8562.42 1350.7 691.562 509.72 367.644 328.633 223.304 212.251 188.428 181.284 181.22 164.869 158.08 145.421 144.277 136.591 133.059 234.841 168.743 173.192 141.925 130.08 128.736 243.837 141.948 129.554 125.62 125.292 120.395 116.624
threshold=5.5000000000000009 1.9486842155456545 0 5.9449999332427987 0.78474903106689464 2.7083333730697636 0.99000000953674328 0.22500000149011615 1.0000000180025095e-35 1.6333333253860476 1.1000000238418581 1.0000000180025095e-35 11.150000095367433 0.086591664701700224 0.88833332061767589 1.8333333134651186 1.0000000180025095e-35 2.3666666746139531 1.2105666995048525 20.500000000000004 22.500000000000004 1.5500000119209292 1.5833333134651186 4.9449999332427987 0.8038499951362611 1.6633332967758181 1.8333333134651186 0.46055799722671514 1.8333333134651186 1.1666666865348818
decision_type=2 2 9 2 2 8 2 10 2 10 10 2 2 10 10 10 2 10 10 2 2 10 10 2 10 2 10 8 10 10
left_child=2 6 -1 5 -4 8 -2 29 10 -8 15 26 16 -10 -14 -3 17 -13 19 -19 -18 -22 25 24 -24 -12 -9 -25 -28 -5
right_child=1 3 4 7 -6 -7 9 11 13 -11 22 12 14 -15 -16 -17 20 18 -20 -21 21 -23 23 27 -26 -27 28 -29 -30 -31
leaf_value=0.043393233338180855 -0.00071856192754706188 0.012734608833574412 -0.0082896842199529277 0.092162523317150774 -0.0024985740167518919 -0.0025635586167351496 0.0041268119924154703 0.019399512979063265 0.014833037238908499 0.011793312133613192 0.021717271503151558 0.0145853304963811 0.034744464837564361 0.023436651736602258 0.081143630884157922 0.026400918276079866 0.022950738441536889 0.040529014426557451 0.0092008765016136501 0.11407961901426314 0.04888825390603601 0.018699352063664368 0.016321334022802881 0.026604195346439104 -0.00084981645188056734 0.0015234397837534633 -0.014974572651461992 0.071538213651627297 0.025526732882604961 0.0365296268921632
leaf_weight=235 5224 2372 50075 60 12287 1121 8388 705 6063 4149 319 1596 266 2496 78 911 1009 68 58 50 483 175 1066 185 730 2758 228 80 93 78
leaf_count=235 5224 2372 50075 60 12287 1121 8388 705 6063 4149 319 1596 266 2496 78 911 1009 68 58 50 483 175 1066 185 730 2758 228 80 93 78
internal_value=1.82395e-05 0.0107099 -0.006952 0.0155011 -0.00714753 0.0131687 0.00449256 0.024035 0.0142073 0.00666397 0.0110213 0.0229824 0.0258752 0.017342 0.0452652 0.0165269 0.0239356 0.0182121 0.0511 0.0716945 0.0300196 0.0408593 0.0075034 0.0133057 0.00934197 0.00361698 0.0123162 0.0401692 -0.00324055 0.0607178
internal_weight=103406 40809 62597 23048 62362 18101 17761 4947 16980 12537 8421 4809 3783 8559 344 3283 3439 1772 176 118 1667 658 5138 2061 1796 3077 1026 265 321 138
internal_count=103406 40809 62597 23048 62362 18101 17761 4947 16980 12537 8421 4809 3783 8559 344 3283 3439 1772 176 118 1667 658 5138 2061 1796 3077 1026 265 321 138
cat_boundaries=0 1
cat_threshold=1
is_linear=0
shrinkage=0.03


Tree=47
num_leaves=31
num_cat=1
split_feature=21 18 18 30 4 27 32 12 27 27 4 8 1 27 8 3 14 10 9 14 10 3 1 27 12 28 4 11 11 28
split_gain=7956.07 1048.11 714.135 373.383 307.788 277.732 273.137 221.567 201.584 193.992 154.778 155.082 143.774 156.095 137.317 136.375 138.728 129.211 129.018 128.605 164.094 143.449 174.861 124.185 119.218 114.883 149.799 118.054 120.178 114
threshold=21.500000000000004 1.8956443071365359 0.90767046809196483 1.0000000180025095e-35 0.22688166797161105 1.8999999761581423 0 8.3633332252502459 1.7083333134651186 3.1000000238418584 0.20334000140428546 1.0000000180025095e-35 1.0000000180025095e-35 1.8999999761581423 0.58333334326744091 2.9166667461395268 0.082112502306699767 89.633331298828139 4.7750000953674325 0.28003999590873724 76.90000152587892 4.5416667461395273 87.166667938232436 1.1000000238418581 1.4708333611488345 2.1666666269302373 0.62672168016433727 15.775000095367433 18.10000038146973 1.8333333134651186
decision_type=2 2 2 2 10 10 9 2 8 8 8 2 2 8 2 2 8 2 2 8 2 2 2 10 2 8 8 2 2 10
left_child=2 8 -1 5 9 7 29 25 15 19 -9 17 -8 14 -14 16 -2 -12 -6 20 24 23 -23 -22 -5 -3 -27 -28 -29 -4
right_child=1 3 6 4 18 -7 12 10 -10 -11 11 -13 13 -15 -16 -17 -18 -19 -20 -21 21 22 -24 -25 -26 26 27 28 -30 -31
leaf_value=-0.0077555997076090523 0.018918100187023352 0.010809036285752888 0.019588292282440758 0.046488616333271449 0.023813288130148925 0.0030508703508208613 -0.0054189019001745654 -0.010250040609137834 -0.00066557723533165975 -0.0078996611401947921 -0.0089994624209191101 0.045651074576509451 0.002786597020125731 -0.0053778483376955219 0.031233085525544504 0.012754037271261379 0.003444374584009844 0.043848291272702421 0.03935946044651123 0.016251243449585926 0.047071058928054209 0.089072613979488693 0.036122947309706964 0.011584818944403585 0.0053759657160059445 0.013351858845168187 0.020927923460577744 0.08120738135625237 0.034064371364305991 0.066187898223145081
leaf_weight=53229 572 6218 173 78 1286 2724 4170 74 4294 278 105 419 7275 2428 156 2782 5901 69 767 7945 147 88 155 224 341 1055 306 73 146 65
leaf_count=53229 572 6218 173 78 1286 2724 4170 74 4294 278 105 419 7275 2428 156 2782 5901 69 767 7945 147 88 155 224 341 1055 306 73 146 65
internal_value=-8.07828e-05 0.0112985 -0.00615801 0.0152683 0.0191125 0.0113829 -0.000197546 0.014064 0.00470663 0.0167817 0.0306595 0.0357646 -0.000748585 0.00122603 0.00338378 0.00719915 0.00481174 0.0119574 0.0296213 0.0175459 0.0275036 0.0373809 0.0552981 0.0256454 0.0130294 0.0126446 0.0198682 0.0329628 0.0497787 0.031012
internal_weight=103543 36047 67496 22498 11309 11189 14267 8465 13549 9256 667 593 14029 9859 7431 9255 6473 174 2053 8978 1033 614 243 371 419 7798 1580 525 219 238
internal_count=103543 36047 67496 22498 11309 11189 14267 8465 13549 9256 667 593 14029 9859 7431 9255 6473 174 2053 8978 1033 614 243 371 419 7798 1580 525 219 238
cat_boundaries=0 1
cat_threshold=1
is_linear=0
shrinkage=0.03


Tree=48
num_leaves=31
num_cat=1
split_feature=21 18 18 30 18 12 29 9 12 19 3 32 18 21 20 1 27 21 4 25 14 29 18 27 2 13 19 14 19 23
split_gain=8168.87 982.739 727.829 382.787 298.634 297.173 278.327 284.608 228.217 180.037 238.07 177.12 172.747 172.177 162.49 177.029 143.714 143.402 144.081 143.209 151.305 140.908 186.524 138.805 137.365 133.383 137.084 129.958 129.18 125.408
threshold=22.500000000000004 2.067816019058228 1.434057950973511 1.0000000180025095e-35 5.2880184650421151 4.6633331775665292 2.3666666746139531 6.4500000476837167 7.2099997997283944 14.500000000000002 4.741666555404664 0 0.20294117927551272 73.500000000000014 1.0000000180025095e-35 51.166666030883796 1.1000000238418581 56.500000000000007 1.0116666555404665 1.5500000119209292 0.28003999590873724 1.2916666865348818 5.1633331775665292 1.5500000119209292 29.416666984558109 0.33077800273895269 18.500000000000004 1.2921000123023989 6.5000000000000009 1.8999999761581423
decision_type=2 2 2 2 2 2 8 2 2 2 2 9 2 2 2 2 10 2 10 10 8 10 2 8 2 10 2 10 2 10
left_child=2 8 12 6 14 28 13 9 11 -8 -11 23 -1 -3 15 -4 -15 -7 19 20 -19 22 -18 29 25 27 -27 -22 -5 -2
right_child=1 3 4 5 -6 17 7 -9 -10 10 -12 -13 -14 16 -16 -17 21 18 -20 -21 24 -23 -24 -25 -26 26 -28 -29 -30 -31
leaf_value=-0.0082119620226062257 0.0054422855102206078 0.0009823189365501439 -0.0037781424880711798 0.0057291820048970144 0.03535505587388349 0.0029008539018494203 0.0062681497137191868 0.08061712117382773 0.049921772003279262 0.018009909643498183 0.057981103625245181 0.014051929651048265 -0.0046696462984306044 0.017779486222185899 0.0081199270391445703 0.0090796701710942635 0.0020140383840236472 0.056112446895501801 0.076418788221749398 0.019367772502938582 0.029905222125927406 0.01467836541905445 0.028815667963435137 0.000961889326630153 0.0061924485191702837 0.028004489241190898 0.05845711226594083 -0.0029596617182388023 0.017959585880368539 0.015785826077770914
leaf_weight=41739 6509 1502 4997 907 237 213 388 81 106 365 212 2008 17621 2624 2247 1194 2481 212 55 1259 1203 2244 258 5724 205 243 294 119 5433 1259
leaf_count=41739 6509 1502 4997 907 237 213 388 81 106 365 212 2008 17621 2624 2247 1194 2481 212 55 1259 1203 2244 258 5724 205 243 294 119 5433 1259
internal_value=0.000135447 0.0117128 -0.00597423 0.0160647 0.00214252 0.020187 0.0119474 0.0266039 0.00605232 0.0220701 0.032696 0.00575231 -0.00716043 0.0102644 0.00120967 -0.00129838 0.0120971 0.0268171 0.0282361 0.0274864 0.0319774 0.00910486 0.00453862 0.00450334 0.0294984 0.0320685 0.0446769 0.0269469 0.0162099 0.00711872
internal_weight=103939 35904 68035 20298 8675 10143 10155 1046 15606 965 577 15500 59360 9109 8438 6191 7607 3803 3590 3535 2276 4983 2739 13492 2064 1859 537 1322 6340 7768
internal_count=103939 35904 68035 20298 8675 10143 10155 1046 15606 965 577 15500 59360 9109 8438 6191 7607 3803 3590 3535 2276 4983 2739 13492 2064 1859 537 1322 6340 7768
cat_boundaries=0 1
cat_threshold=34
is_linear=0
shrinkage=0.03


Tree=49
num_leaves=31
num_cat=1
split_feature=21 31 0 31 31 31 32 21 21 4 22 9 28 31 5 14 5 31 1 22 25 17 22 14 2 3 1 25 28 16
split_gain=7044.55 972.5 641.757 385.785 333.832 351.586 325.417 278.624 233.69 182.55 153.421 153.365 202.576 152.942 150.044 182.66 167.187 153.434 137.457 123.706 122.664 120.618 143.175 115.056 124.536 121.613 116.74 115.379 114.432 137.782
threshold=21.500000000000004 5.2500000000000009 1.0000000180025095e-35 8.4499998092651385 6.9500000476837167 3.7500000000000004 0 83.500000000000014 70.500000000000014 0.13667833805084231 1.5833333134651186 6.3666667938232431 1.8333333134651186 4.8500001430511483 0.88151666522026073 1.500999987125397 0.70733332633972179 12.750000000000002 47.166666030883796 3.4166666269302373 2.3666666746139531 0.63333335518836986 0.83333334326744091 1.4445000290870669 25.416666984558109 7.4833333492279062 89.583332061767592 1.8999999761581423 2.1666666269302373 0.29166667163372045
decision_type=2 2 2 2 2 2 9 2 2 10 10 2 10 2 10 10 10 2 2 10 10 2 10 10 2 2 2 10 10 2
left_child=2 6 -1 7 5 -4 -2 9 -8 -3 20 12 -9 -7 16 -16 17 19 -14 21 28 22 -5 24 25 26 -20 -25 -10 -30
right_child=1 3 4 14 -6 13 8 11 10 -11 -12 -13 18 -15 15 -17 -18 -19 23 -21 -22 -23 -24 27 -26 -27 -28 -29 29 -31
leaf_value=-0.0073637502658392339 0.01585788587283405 0.0057906355107144852 0.034757282977725595 0.056048937156162361 0.016186408446845206 -0.0051690546575385941 -0.0011265869091972357 0.014141375298321318 0.0044154604965280092 0.017710267862353635 0.011018331038125183 0.031928976154735125 0.051472238174117196 0.00078421916516806473 0.065637719123602195 0.012874894160323025 -0.014516186174459574 0.078291142689330226 0.010604798351761355 0.067099332855297969 -0.0037433412064851218 0.066000405302399701 0.016684664067894289 0.024763635436850267 -0.012518619455549182 0.042382698584619766 0.027714612163575601 0.068743297327910693 0.012229714541155722 0.062090298718987753
leaf_weight=50782 2969 3508 235 94 1003 7824 4131 5242 6356 1725 5308 709 164 7712 211 82 82 56 730 65 1352 58 721 127 98 233 706 93 1223 52
leaf_count=50782 2969 3508 235 94 1003 7824 4131 5242 6356 1725 5308 709 164 7712 211 82 82 56 730 65 1352 58 721 127 98 233 706 93 1223 52
internal_value=3.35444e-05 0.0107332 -0.00568325 0.0166726 -0.000595675 -0.00166298 0.00665052 0.0151156 0.0051552 0.00971981 0.00697464 0.0186007 0.0173225 -0.00221388 0.0318386 0.0508713 0.0266559 0.0300523 0.0250748 0.0271724 0.00458525 0.0241996 0.0212248 0.0228961 0.0203488 0.0222787 0.0190167 0.043355 0.00606084 0.0142632
internal_weight=103651 36095 67556 14704 16774 15771 21391 13335 18422 5233 14291 8102 7393 15536 1369 293 1076 994 2151 938 8983 873 815 1987 1767 1669 1436 220 7631 1275
internal_count=103651 36095 67556 14704 16774 15771 21391 13335 18422 5233 14291 8102 7393 15536 1369 293 1076 994 2151 938 8983 873 815 1987 1767 1669 1436 220 7631 1275
cat_boundaries=0 1
cat_threshold=12
is_linear=0
shrinkage=0.03


Tree=50
num_leaves=31
num_cat=0
split_feature=21 31 18 18 29 29 31 27 31 31 26 4 12 18 0 27 30 18 19 27 30 22 13 18 19 29 4 26 20 29
split_gain=7146.07 813.064 636.354 424.901 263.437 223.18 218.949 201.806 190.384 165.44 184.859 189.929 193.15 288.975 152.362 137.583 134.561 179.152 133.851 200.623 160.689 275.315 156.918 147.475 131.08 127.696 236.15 126.865 168.233 125.558
threshold=22.500000000000004 6.2500000000000009 0.55718955397605907 2.013513565063477 0.77500000596046459 1.1000000238418581 5.7500000000000009 1.5500000119209292 3.6499999761581425 8.4499998092651385 1.0000000180025095e-35 1.0116666555404665 7.7224998474121103 6.2535715103149423 2.5833333730697636 2.6333333253860478 1.0000000180025095e-35 4.2029411792755136 8.5000000000000018 1.7083333134651186 1.0000000180025095e-35 3.1666666269302373 0.24612400680780414 4.4677083492279062 2.5000000000000004 1.2250000238418581 0.063434999436140074 1.1666666865348818 7.5000000000000009 3.1000000238418584
decision_type=2 2 2 2 8 8 2 8 2 2 8 10 2 2 2 10 2 2 2 10 2 10 10 2 2 10 10 10 2 10
left_child=2 3 -1 7 -3 15 8 14 27 24 -11 12 13 16 -2 -5 25 -18 19 -7 21 -20 -22 -24 -6 -12 -27 -4 -29 -9
right_child=1 4 6 5 9 18 -8 29 -10 10 11 -13 -14 -15 -16 -17 17 -19 20 -21 22 -23 23 -25 -26 26 -28 28 -30 -31
leaf_value=-0.0073859454438377778 0.0061745494879011792 0.0051227096870766773 0.04992741483505321 0.0088475799001416881 0.043481172152355106 0.014045441216820486 0.0054046177124007257 0.00068032169561017765 -0.0029833074638652628 0.090127896952629086 -0.0091945485919131889 0.084471505868591756 0.014805206304672591 0.1078882829615703 0.016048934143093999 -0.0078076403707158385 0.029510149978972101 0.082602786852435758 0.011118573165119669 -0.0059032875495221545 0.018459135517142112 0.05404474801162807 0.030602870488192959 0.084029101133346565 0.019436876132804978 0.0083323830256069251 0.0883167910695076 0.034408602225766687 -0.030956404649076008 0.043251988793656757
leaf_weight=48868 6562 794 99 4631 216 1577 3902 6054 15037 50 96 57 501 52 1790 494 154 91 4127 637 3544 139 527 51 3691 99 50 81 63 63
leaf_count=48868 6562 794 99 4631 216 1577 3902 6054 15037 50 96 57 501 52 1790 494 154 91 4127 637 3544 139 527 51 3691 99 50 81 63 63
internal_value=0.000152418 0.0109522 -0.00556837 0.0089689 0.0211877 0.0123823 -0.000937938 0.00525873 -0.00255761 0.0237101 0.0337116 0.0311472 0.0282331 0.0406452 0.00829083 0.00724218 0.0335092 0.0492303 0.014867 0.0083059 0.0165988 0.0125172 0.020823 0.0353169 0.0207662 0.017788 0.0351728 0.0237846 0.00581141 0.00111877
internal_weight=104097 36047 68050 30196 5851 15727 19182 14469 15280 5057 1150 1100 1043 542 8352 5125 490 245 10602 2214 8388 4266 4122 578 3907 245 149 243 144 6117
internal_count=104097 36047 68050 30196 5851 15727 19182 14469 15280 5057 1150 1100 1043 542 8352 5125 490 245 10602 2214 8388 4266 4122 578 3907 245 149 243 144 6117
is_linear=0
shrinkage=0.03


Tree=51
num_leaves=31
num_cat=1
split_feature=21 31 18 21 21 18 26 31 27 28 19 27 32 28 19 3 4 5 3 30 31 2 27 30 5 2 31 19 14 5
split_gain=6217.9 930.652 508.441 397.558 367.288 365.436 292.927 288.819 281.617 179.078 192.596 164.535 159.16 168.5 217.21 148.678 140.117 138.058 132.906 129.671 132.681 126.689 123.563 147.755 224.672 160.584 126.414 124.266 117.779 115.857
threshold=14.500000000000002 5.4500000476837167 0.79705882072448742 70.500000000000014 78.500000000000014 4.6711711883544931 1.1666666865348818 10.150000095367433 1.7083333134651186 1.4166666865348818 34.500000000000007 1.8999999761581423 0 2.5833333730697636 23.500000000000004 11.083333492279055 0.023108333349227909 2.1383334398269658 3.4416667222976689 1.0000000180025095e-35 4.7500000000000009 16.833333015441898 1.6333333253860476 1.0000000180025095e-35 0.69361665844917308 10.583333492279055 7.9500000476837167 8.5000000000000018 1.5221299529075625 1.0178167223930361
decision_type=2 2 2 2 2 2 10 2 8 8 2 10 9 10 2 2 10 10 2 2 2 2 10 2 10 2 2 2 10 8
left_child=2 3 -1 16 15 21 -7 9 12 -6 17 -9 13 18 -15 22 -2 -11 -5 20 -10 -4 23 -3 25 26 -25 -27 -18 -12
right_child=1 4 5 8 7 6 -8 11 19 10 29 -13 -14 14 -16 -17 28 -19 -20 -21 -22 -23 -24 24 -26 27 -28 -29 -30 -31
leaf_value=-0.0070785594576415114 -0.0039418338947824292 0.0054828226903521999 -0.0017477332447149903 0.0054294422988568495 0.014409456142567889 0.062546433102106669 0.0062521950609339067 0.048662613187263469 -0.0070968248053264286 0.020696572164153014 0.087805682623551942 0.011023157580031289 0.018810381406377499 0.010099381266757293 0.035405246010730647 0.050862116221786026 0.0067645711986498514 0.065592969329584208 0.012754231081513495 0.0075286271078087103 0.0053626267319927066 0.023246163567578467 0.001777977407479077 0.015612957444959557 0.038639360894947537 0.023610942415820742 0.054388596842597635 -0.015261508327397116 -0.01459164836402873 0.038362739629002073
leaf_weight=51303 3720 1495 13624 5999 4186 144 197 463 1616 2861 54 135 1989 807 491 77 2624 63 3548 3091 1468 185 1505 763 383 103 84 263 255 203
leaf_count=51303 3720 1495 13624 5999 4186 144 197 463 1616 2861 54 135 1989 807 491 77 2624 63 3548 3091 1468 185 1505 763 383 103 84 263 255 203
internal_value=-7.44933e-05 0.0095356 -0.00568994 0.00624805 0.0161971 -0.00065528 0.0300245 0.0201144 0.00845043 0.0184868 0.0238524 0.0401654 0.0109833 0.00952164 0.0196719 0.0095201 -9.61142e-05 0.0216639 0.00815159 0.00318621 -0.00116606 -0.00141289 0.00882747 0.0122598 0.018608 0.0122832 0.0194585 -0.00432199 0.004873 0.0487515
internal_weight=103699 38246 65453 25608 12638 14150 341 7965 19009 7367 3181 598 12834 10845 1298 4673 6599 2924 9547 6175 3084 13809 4596 3091 1596 1213 847 366 2879 257
internal_count=103699 38246 65453 25608 12638 14150 341 7965 19009 7367 3181 598 12834 10845 1298 4673 6599 2924 9547 6175 3084 13809 4596 3091 1596 1213 847 366 2879 257
cat_boundaries=0 1
cat_threshold=34
is_linear=0
shrinkage=0.03


Tree=52
num_leaves=31
num_cat=0
split_feature=21 18 9 12 30 18 5 20 27 5 12 30 27 4 27 11 21 21 9 26 27 12 18 24 2 23 11 18 19 10
split_gain=6099.96 969.627 455.702 411.026 238.414 219.899 215.299 181.809 167.022 177.07 161.228 186.879 158.781 158.509 145.383 141.032 134.453 121.949 117.595 196.753 114.961 110.716 99.1171 134.112 124.969 98.3003 97.849 127.311 116.939 150.789
threshold=5.5000000000000009 1.9486842155456545 3.2250000238418584 4.5899999141693124 1.0000000180025095e-35 0.4463601559400559 1.6980000138282778 16.500000000000004 3.1000000238418584 1.760333299636841 0.56333333253860485 1.0000000180025095e-35 1.8999999761581423 0.14679499715566638 1.8999999761581423 10.09999990463257 69.500000000000014 89.500000000000014 4.9000000953674325 1.1666666865348818 1.5500000119209292 1.7899999618530276 4.3049516677856454 0.41666667163372045 24.166666984558109 2.7749999761581425 13.449999809265138 4.4677083492279062 14.500000000000002 81.90000152587892
decision_type=2 2 2 2 2 2 8 2 10 8 2 2 8 10 10 2 2 2 2 10 8 2 2 10 2 10 2 2 2 2
left_child=2 10 5 12 7 -1 22 14 9 -8 -2 -12 17 -14 -5 18 -11 -3 -4 -20 -13 -19 -6 24 -24 26 27 28 29 -18
right_child=1 3 15 4 6 -7 8 -9 -10 16 11 20 13 -15 -16 -17 25 21 19 -21 -22 -23 23 -25 -26 -27 -28 -29 -30 -31
leaf_value=-0.0071739591164064502 -0.0024035544530676164 0.0072642303683482208 0.065562787529129474 0.017259731275540601 0.025528520513932312 -0.0030906494326487458 -0.028064807001501321 -0.041749007938746009 -0.031503654260720527 -0.0024217190603829093 0.0016903996123265252 0.011742315230920309 0.0018745597361026459 0.019313277864350459 0.0044514037446222367 0.0082681566350724846 0.083023364288732401 0.022724167009414865 0.061324305819968374 -0.0071926338867621216 0.0041990681256926891 0.01248047435037126 0.096888279599079391 0.0336205773202298 0.0342759845405817 0.046789424098229837 0.015706021040610106 0.069814594083506126 0.012208378577056934 0.021487423837017478
leaf_weight=45891 3118 3577 77 3288 1365 16011 72 53 63 216 7264 4184 3031 555 1053 695 60 1113 63 94 3216 6468 64 608 52 140 1097 69 232 89
leaf_count=45891 3118 3577 77 3288 1365 16011 72 53 63 216 7264 4184 3031 555 1053 695 60 1113 63 94 3216 6468 64 608 52 140 1097 69 232 89
internal_value=7.11149e-05 0.00906546 -0.00580482 0.0130965 0.0183418 -0.00611781 0.0235197 0.0134785 0.0165824 0.0181163 0.00379141 0.00510864 0.0100651 0.00457352 0.0141528 0.0150506 0.0198635 0.0118301 0.0351951 0.0203014 0.00846406 0.0139844 0.0302877 0.0392604 0.0688207 0.0227169 0.0205384 0.0323185 0.0255279 0.046267
internal_weight=103878 41047 62831 23265 8521 61902 4127 4394 2038 1975 17782 14664 14744 3586 4341 929 1903 11158 234 157 7400 7581 2089 724 116 1687 1547 450 381 149
internal_count=103878 41047 62831 23265 8521 61902 4127 4394 2038 1975 17782 14664 14744 3586 4341 929 1903 11158 234 157 7400 7581 2089 724 116 1687 1547 450 381 149
is_linear=0
shrinkage=0.03


Tree=53
num_leaves=31
num_cat=2
split_feature=21 18 18 29 19 3 15 15 18 30 23 23 26 17 32 1 10 23 18 27 12 32 10 23 1 21 21 1 27 29
split_gain=5513.1 791.742 639.106 293.946 216.399 257.402 202.292 201.424 186.636 180.104 184.355 165.37 192.93 179.821 157.169 142.354 136.473 130.648 129.612 126.706 134.228 115.841 144.061 124.211 114.403 154.036 113.174 174.263 111.895 110.093
threshold=22.500000000000004 2.8449518680572514 1.5469207763671877 1.5500000119209292 19.500000000000004 10.741666793823244 0.55000001192092907 0.55000001192092907 6.0135135650634775 1.0000000180025095e-35 3.1000000238418584 1.8999999761581423 1.1666666865348818 0.36666667461395269 0 1.0000000180025095e-35 80.90000152587892 3.1000000238418584 1.2742946743965151 0.22500000149011615 0.61000001430511486 1 71.90000152587892 1.8999999761581423 81.166667938232436 74.500000000000014 83.500000000000014 63.166666030883796 0.70833334326744091 0.77500000596046459
decision_type=2 2 2 10 2 2 2 2 2 2 10 10 8 2 9 2 2 10 2 8 2 9 2 10 2 2 2 2 10 10
left_child=2 9 15 11 24 7 -7 -6 -4 10 18 14 17 29 -3 -1 -12 -13 -2 -11 -21 22 28 -24 -5 -26 27 -16 -22 -14
right_child=1 3 8 4 5 6 -8 -9 -10 19 16 12 13 -15 26 -17 -18 -19 -20 20 21 -23 23 -25 25 -27 -28 -29 -30 -31
leaf_value=-0.0068581659818183456 -0.0017428481350988242 -0.00029447193846563786 0.0023128496662407441 0.0064464513372227148 0.02236266368301424 0.11259452314840422 0.037058687324707323 0.055306421627820526 0.034850994083961397 0.029163500381525074 0.014772783298947122 0.024948557969052949 -0.021385598648695429 0.020659828973554371 0.019865163127555704 -0.0032278441504131599 0.070039708097694345 0.060387114031571092 0.0051635461240129047 -0.0027581901797017116 0.039591138132904866 0.0079208545610978606 0.022762128145616387 0.060610922041439239 0.069612046775390513 0.017805758050721186 0.014778144902167546 -0.0064436915052949253 0.0055099907015639781 0.0068618259554484281
leaf_weight=47846 3624 1375 7682 925 2165 54 78 181 162 267 118 749 157 937 352 12200 61 107 7521 915 98 8832 485 93 53 2033 2731 636 752 594
leaf_count=47846 3624 1375 7682 925 2165 54 78 181 162 267 118 749 157 937 352 12200 61 107 7521 915 98 8832 485 93 53 2033 2731 636 752 594
internal_value=-4.09585e-05 0.00946846 -0.00506853 0.0153362 0.0206318 0.0271979 0.0679597 0.0249044 0.00298485 0.00608511 0.00340291 0.0115305 0.0177769 0.0118937 0.008411 -0.00612057 0.0336068 0.0293784 0.00291781 0.00873964 0.00825166 0.00923354 0.0171766 0.028852 0.015228 0.019122 0.0115992 0.0029295 0.00943935 0.000956572
internal_weight=103783 35893 67890 13127 5489 2478 132 2346 7844 22766 11324 7638 2544 1688 5094 60046 179 856 11145 11442 11175 10260 1428 578 3011 2086 3719 988 850 751
internal_count=103783 35893 67890 13127 5489 2478 132 2346 7844 22766 11324 7638 2544 1688 5094 60046 179 856 11145 11442 11175 10260 1428 578 3011 2086 3719 988 850 751
cat_boundaries=0 1 2
cat_threshold=2 12
is_linear=0
shrinkage=0.03


Tree=54
num_leaves=31
num_cat=3
split_feature=21 31 31 32 21 31 21 29 5 31 13 31 28 26 29 32 10 30 32 17 31 28 3 26 4 10 10 22 3 17
split_gain=5273.85 898.21 492.275 389.438 358.844 330.944 228.379 218.104 314.554 191.995 184.794 151.743 183 151.32 154.908 186.061 153.682 149.801 145.103 129.895 123.073 122.512 120.177 119.52 141.305 129.972 116.686 113.354 139.489 110.797
threshold=10.500000000000002 5.0499999523162851 2.5499999523162846 0 82.500000000000014 5.3500001430511483 70.500000000000014 1.7749999761581423 1.0400666594505312 6.5499999523162851 0.078037999570369734 9.8499999046325701 1.5833333134651186 1.5833333134651186 1.8999999761581423 1 89.90000152587892 1.0000000180025095e-35 2 0.29166667163372045 4.1499998569488534 2.1666666269302373 1.0000000180025095e-35 1.8333333134651186 0.14020500332117083 81.90000152587892 58.45000076293946 2.1666666269302373 6.5416667461395273 0.77500000596046459
decision_type=2 2 2 9 2 2 2 10 10 2 10 2 10 10 8 9 2 2 9 2 2 10 2 10 10 2 2 10 2 2
left_child=2 3 -1 6 11 22 -2 17 10 -6 -9 23 -13 14 -11 16 27 21 19 -7 -19 -8 -4 24 -3 -26 -12 28 -16 -15
right_child=1 4 5 -5 9 18 7 8 -10 13 26 12 -14 29 15 -17 -18 20 -20 -21 -22 -23 -24 -25 25 -27 -28 -29 -30 -31
leaf_value=0.035884383150877865 -0.0024153085031396451 0.0074782664683728482 -0.0069623366240333141 0.014903524689527671 0.014602402603015791 -0.002260389333815024 -0.0024617143250202983 0.014090490325242311 0.00071523739329491982 0.024273461435100455 0.012985991975894711 0.0096890667525048445 0.070477193989432765 0.013692770867334204 0.035660022867496234 0.019642955938289904 0.10276002243480513 -0.012613212696637472 0.010872626312435246 0.016419341838441022 0.0074904811584498403 0.024851384407877191 -0.0032368758287592541 0.002016283047150911 0.015035251797892193 0.04228639176146437 0.049784325221075842 0.013070098439661356 0.10376721426844597 0.053615533174438908
leaf_weight=260 5255 3988 46060 2781 7326 7367 4350 2161 1721 1292 116 104 78 1202 59 193 70 293 965 351 4241 153 9380 2140 1261 180 234 52 50 66
leaf_count=260 5255 3988 46060 2781 7326 7367 4350 2161 1721 1292 116 104 78 1202 59 193 70 293 965 351 4241 153 9380 2140 1261 180 234 52 50 66
internal_value=-2.31131e-05 0.00862692 -0.00531205 0.00445459 0.0135487 -0.00547909 0.00287629 0.00497412 0.0105946 0.0172152 0.0173658 0.00867166 0.0357411 0.0236298 0.0294371 0.0451714 0.0629259 0.00234207 -3.32015e-05 -0.00140904 0.00619132 -0.00153369 -0.00633202 0.00802077 0.0103876 0.0184393 0.0375883 0.0495152 0.0669019 0.0157708
internal_weight=103749 39366 64383 21305 18061 64123 18524 13269 4232 10310 2511 7751 182 2984 1716 424 231 9037 8683 7718 4534 4503 55440 7569 5429 1441 350 161 109 1268
internal_count=103749 39366 64383 21305 18061 64123 18524 13269 4232 10310 2511 7751 182 2984 1716 424 231 9037 8683 7718 4534 4503 55440 7569 5429 1441 350 161 109 1268
cat_boundaries=0 1 2 3
cat_threshold=34 32 36
is_linear=0
shrinkage=0.03


Tree=55
num_leaves=31
num_cat=1
split_feature=21 31 21 31 32 29 31 30 27 4 31 27 27 20 9 14 2 31 28 3 25 4 18 10 9 17 31 10 21 6
split_gain=4914.97 950.383 607.797 412.81 281.803 255.703 252.485 246.614 229.094 225.588 221.854 167.83 167.441 159.177 154.613 159.36 158.65 154.573 142.6 131.23 130.944 125.205 124.172 113.951 112.012 147.055 134.392 107.213 106.692 178.808
threshold=1.0000000180025095e-35 6.2500000000000009 71.500000000000014 2.5499999523162846 0 0.77500000596046459 10.449999809265138 1.0000000180025095e-35 1.1000000238418581 0.63833332061767589 5.4500000476837167 0.22500000149011615 3.4500000476837163 -1.4999999999999998 3.5499999523162846 1.0007100105285647 23.583333015441898 4.6499998569488534 2.5833333730697636 7.1416666507720956 1.7749999761581423 0.10017166659235956 4.2029411792755136 83.099998474121108 3.2250000238418584 1.0000000180025095e-35 11.650000095367433 45.100000381469734 83.500000000000014 0.83333334326744091
decision_type=2 2 2 2 9 8 2 2 8 10 2 8 10 2 2 8 2 2 10 2 10 10 2 2 2 2 2 2 2 2
left_child=3 2 13 -1 -4 -3 11 8 -6 12 -5 20 14 -2 18 19 -17 -10 -9 -16 -7 -15 -13 -23 26 -26 -8 -12 -27 -30
right_child=1 5 4 10 7 6 24 9 17 -11 27 22 -14 21 15 16 -18 -19 -20 -21 -22 23 -24 -25 25 28 -28 -29 29 -31
leaf_value=0.033737066821660847 -0.037474462491821271 0.0032731514654564435 0.015888918456998365 -0.0063069528516301442 0.0098790945010746485 0.07254007812341054 0.036423171392109772 0.0071527510540736637 -0.0055985658255402748 0.070624817186534128 -0.0019592848519866851 0.014374844956648038 -0.027621870645178622 -0.00048282558218421001 0.024462124924684463 0.017874363218430483 -0.0040268404673124182 0.0041644615941357349 0.021606886729276614 0.06199150780012997 0.013784927409142255 0.0060499482451413442 0.024676427069000768 0.044919272308969603 -0.005955361933321566 0.071807193252947432 0.10158381604231322 0.0092521669896614648 0.018736009942245131 0.070626081427628246
leaf_weight=240 98 891 4078 54289 3527 90 63 6538 2428 56 5469 3459 104 10532 494 1268 389 3659 678 101 55 2242 1514 70 74 77 52 893 228 81
leaf_count=240 98 891 4078 54289 3527 90 63 6538 2428 56 5469 3459 104 10532 494 1268 389 3659 678 101 55 2242 1514 70 74 77 52 893 228 81
internal_value=-5.28044e-05 0.0077318 0.00582794 -0.00553045 0.00872136 0.0182175 0.0205564 0.00719033 0.0037953 0.0105879 -0.00568583 0.0184387 0.0102366 0.000614334 0.0106525 0.017515 0.0127328 0.000270157 0.00851083 0.0308327 0.0502536 0.000904953 0.0175111 0.00722679 0.0394052 0.0327847 0.0658871 -0.000385593 0.0402116 0.0323383
internal_weight=103737 42846 36262 60891 23320 6584 5693 19242 9614 9628 60651 5118 9572 12942 9468 2252 1657 6087 7216 595 145 12844 4973 2312 575 460 115 6362 386 309
internal_count=103737 42846 36262 60891 23320 6584 5693 19242 9614 9628 60651 5118 9572 12942 9468 2252 1657 6087 7216 595 145 12844 4973 2312 575 460 115 6362 386 309
cat_boundaries=0 1
cat_threshold=12
is_linear=0
shrinkage=0.03


Tree=56
num_leaves=31
num_cat=1
split_feature=21 31 2 31 31 31 18 28 5 27 1 8 5 28 22 27 32 1 19 30 4 4 11 19 5 1 27 12 2 30
split_gain=4823.2 680.725 382.801 375.227 294.592 288.47 196.997 193.733 189.616 181 176.999 151.098 184.926 148.247 143.972 206.969 143.454 142.235 137.202 161.825 130.25 130.242 129.645 126.449 173.427 126.419 125.179 125.08 196.524 162.209
threshold=9.5000000000000018 6.2500000000000009 12.833333492279055 2.5499999523162846 11.650000095367433 5.2500000000000009 1.2466216087341311 0.58333334326744091 1.0241666436195376 0.36666667461395269 56.166666030883796 1.0000000180025095e-35 0.93689998984336864 3.4166666269302373 1.5833333134651186 0.90000000596046459 0 83.166667938232436 8.5000000000000018 1.0000000180025095e-35 0.22688166797161105 0.44355332851409918 22.10000038146973 15.500000000000002 0.55055001378059398 82.833332061767592 2.4500000476837163 7.7224998474121103 34.833333969116218 1.0000000180025095e-35
decision_type=2 2 2 2 2 2 2 8 10 8 2 2 10 10 10 10 9 2 2 2 10 8 2 2 8 2 10 2 2 2
left_child=3 2 6 -1 9 -5 -2 26 11 17 -7 16 13 14 -13 21 -9 -3 -17 23 -8 -16 -21 -20 -25 -11 -4 29 -29 -6
right_child=1 4 7 5 27 10 20 8 -10 25 -12 12 -14 -15 15 18 -18 -19 19 22 -22 -23 -24 24 -26 -27 -28 28 -30 -31
leaf_value=0.032790025320300398 8.9948071503425807e-05 0.023970233814602868 0.0037066794996563758 -0.0060539180683685159 0.02677243265903221 -0.0013819840013429949 0.0053190055710619823 0.021302524156415259 0.006280567024623351 0.011032646937551934 0.017651635067428336 0.009906761751341555 0.037317020216122848 0.049850754185833714 0.020022500153687416 0.00147756163809862 0.0032794101244426901 0.079012463261251858 0.028825173875964855 0.023754070678131643 0.016783788089412638 0.047196428919684882 0.056853965059854086 0.038197854454859646 -0.0050997224450700833 0.020105993438192776 -0.021329229594333671 0.019649666778561545 0.083839674150714513 0.095925157523403567
leaf_weight=235 7681 109 1323 54005 53 9523 10815 513 4013 3521 461 2801 368 110 297 509 1708 69 230 634 972 341 128 101 474 2275 208 246 52 72
leaf_count=235 7681 109 1323 54005 53 9523 10815 513 4013 3521 461 2801 368 110 297 509 1708 69 230 634 972 341 128 101 474 2275 208 246 52 72
internal_value=2.94032e-05 0.00826068 0.00653531 -0.00504888 0.0172222 -0.00518785 0.00382832 0.0103658 0.0116255 0.0155092 -0.000503128 0.0142368 0.0167138 0.0153659 0.0146781 0.0196023 0.00755302 0.0453068 0.0150096 0.0194052 0.00626443 0.0345465 0.0293142 0.0100255 0.00250559 0.014594 0.000305328 0.0414161 0.0308506 0.0666044
internal_weight=103847 39623 33226 64224 6397 63989 19468 13758 12227 5974 9984 8214 5993 5625 5515 2714 2221 178 2076 1567 11787 638 762 805 575 5796 1531 423 298 125
internal_count=103847 39623 33226 64224 6397 63989 19468 13758 12227 5974 9984 8214 5993 5625 5515 2714 2221 178 2076 1567 11787 638 762 805 575 5796 1531 423 298 125
cat_boundaries=0 1
cat_threshold=12
is_linear=0
shrinkage=0.03


Tree=57
num_leaves=31
num_cat=1
split_feature=21 31 31 29 21 25 32 31 31 27 28 13 21 1 30 7 17 13 30 6 20 27 24 27 13 11 1 29 5 23
split_gain=4329.59 820.796 367.615 282.209 280.058 242.291 229.343 204.889 186.508 209.417 163.696 156.877 155.84 147.985 141.562 138.062 137.074 183.544 173.003 183.683 167.318 131.475 126.848 126.488 117.647 113.738 113.102 110.988 107.735 176.398
threshold=6.5000000000000009 5.3500001430511483 2.5499999523162846 1.5500000119209292 78.500000000000014 2.2916666269302373 0 5.3500001430511483 8.4499998092651385 0.55000001192092907 1.8333333134651186 0.21010799705982211 70.500000000000014 54.166666030883796 1.0000000180025095e-35 0.83333334326744091 1.0000000180025095e-35 0.52449998259544384 1.0000000180025095e-35 0.83333334326744091 10.500000000000002 1.3666666746139529 1.5833333134651186 1.6333333253860476 0.59927302598953258 3.2250000238418584 50.416666030883796 0.45000000298023229 1.0241666436195376 0.36666667461395269
decision_type=2 2 2 10 2 10 9 2 2 8 10 10 2 2 2 2 2 8 2 2 2 10 10 10 8 2 2 10 10 10
left_child=2 3 -1 6 11 12 -2 -4 10 -10 14 23 -5 21 -6 24 17 -11 19 -18 -20 -12 -7 -3 -16 -8 -9 -26 29 -14
right_child=1 4 7 5 8 22 25 26 9 16 13 -13 28 -15 15 -17 18 -19 20 -21 -22 -23 -24 -25 27 -27 -28 -29 -30 -31
leaf_value=0.032262240571700788 0.013237629901975049 0.0090061052572964588 -0.0058411202251557048 0.0037183387738006957 0.0074782169198172131 0.044195604959831519 -0.0061099993906773165 -0.0017667432188971793 0.075739314659283713 0.047515043762494928 0.069744492663213836 0.017575144337011597 0.04810328987763917 0.019329358654166913 0.022729225458665878 0.061987768523395055 0.006605286876742656 -0.019185472782701253 0.053321055746769076 0.059869152588743563 -0.00019349389132999238 0.021689115952663492 -0.003820707084977404 -0.0014047262213779034 -0.013241435895097818 0.0014791175539261901 0.011693207115017911 0.013130441427253225 0.0072418803434498987 0.013971900430704436
leaf_weight=237 1337 3294 54467 2759 2845 51 2128 7713 78 53 104 1259 141 2040 1262 60 325 124 318 71 63 101 1702 1542 161 10785 606 1331 2489 4070
leaf_count=237 1337 3294 54467 2759 2845 51 2128 7713 78 53 104 1259 141 2040 1262 60 325 124 318 71 63 101 1702 1542 161 10785 606 1331 2489 4070
internal_value=-0.000112671 0.00754154 -0.00503059 0.00425986 0.0131006 0.00782048 0.00145834 -0.00517136 0.0164825 0.028477 0.0149165 0.00814227 0.00971901 0.021771 0.0121972 0.0169681 0.0246128 0.000786998 0.0300403 0.0161551 0.0444722 0.0460684 -0.00242377 0.00568652 0.0159873 0.000228291 -0.000786249 0.0102847 0.01219 0.0151147
internal_weight=103516 40493 63023 25462 15031 11212 14250 62786 8936 1032 7904 6095 9459 2245 5659 2814 954 177 777 396 381 205 1753 4836 2754 12913 8319 1492 6700 4211
internal_count=103516 40493 63023 25462 15031 11212 14250 62786 8936 1032 7904 6095 9459 2245 5659 2814 954 177 777 396 381 205 1753 4836 2754 12913 8319 1492 6700 4211
cat_boundaries=0 1
cat_threshold=8
is_linear=0
shrinkage=0.03


Tree=58
num_leaves=31
num_cat=0
split_feature=3 21 30 18 31 0 18 31 17 3 31 28 31 24 23 14 21 19 9 28 1 26 26 23 31 23 11 24 19 3
split_gain=3992.24 471.544 348.91 322.511 260.163 201.249 196.421 186.557 188.432 159.858 174.485 158.414 145.558 137.001 132.366 132.095 131.115 129.143 139.296 134.385 127.998 149.166 127.452 121.159 111.316 108.729 171.894 108.719 136.227 111.197
threshold=1.0833333730697634 71.500000000000014 1.0000000180025095e-35 0.66228070855140697 4.7500000000000009 3.8333333730697636 6.8038463592529306 6.5499999523162851 0.63333335518836986 10.616666793823244 5.7500000000000009 1.4166666865348818 5.4500000476837167 0.83333334326744091 3.1000000238418584 0.19820000231266025 78.500000000000014 10.500000000000002 3.3666666746139531 3.5833333730697636 89.833332061767592 1.5833333134651186 1.1666666865348818 2.5499999523162846 6.0499999523162851 1.7749999761581423 14.550000190734865 1.8333333134651186 25.500000000000004 8.616666793823244
decision_type=2 2 2 2 2 2 2 2 2 2 2 10 2 10 10 8 2 2 2 10 2 10 8 10 2 10 2 10 2 2
left_child=3 6 4 -1 -3 -5 12 9 13 15 -11 22 -2 16 -13 -4 -9 19 -19 -17 -15 27 23 -6 25 -20 -27 28 29 -22
right_child=1 2 7 5 11 -7 -8 8 -10 10 -12 14 -14 20 -16 17 -18 18 24 -21 21 -23 -24 -25 -26 26 -28 -29 -30 -31
leaf_value=-0.0058542762171331806 4.8550374223005415e-05 0.00038196801510553764 0.022871540271369936 -0.0012091715592340449 0.0093610373811953539 0.026384125340469338 0.052200802577038609 -0.038330132514238356 0.065661836307235918 0.010725834228926234 0.087719349104624533 0.01280814145302607 0.0065883955071204302 0.017930147778760966 0.041940653639756242 0.0037982805533314486 0.012319575708959181 0.009628885960583828 0.015377090460566841 0.053461707819811993 0.084627858811900727 0.017129548117123798 0.0018382336891345798 0.035250751619227229 -0.0015015285901534253 0.066681011604669035 0.023979347232856774 0.080414255165662821 -0.0010095596285361163 0.028906600864773445
leaf_weight=50344 8126 4418 846 13994 1691 242 72 51 86 54 52 3638 4916 701 146 2545 469 5079 1493 50 63 177 2944 180 234 96 730 86 53 66
leaf_count=50344 8126 4418 846 13994 1691 242 72 51 86 54 52 3638 4916 701 146 2545 469 5079 1493 50 63 177 2944 180 234 96 730 86 53 66
internal_value=-0.00014771 0.00742294 0.0097662 -0.00472691 0.00629894 -0.000740109 0.00278645 0.0132565 0.0223587 0.01183 0.0484962 0.00933897 0.00251365 0.0201234 0.0139322 0.011479 0.00735201 0.0105366 0.0125024 0.00475519 0.0259184 0.0385021 0.00572926 0.0118518 0.0182189 0.0202088 0.0289423 0.0526176 0.0394829 0.0561193
internal_weight=103642 39062 25948 64580 13017 14236 13114 12931 1752 11179 106 8599 13042 1666 3784 11073 520 10227 7632 2595 1146 445 4815 1871 2553 2319 826 268 182 129
internal_count=103642 39062 25948 64580 13017 14236 13114 12931 1752 11179 106 8599 13042 1666 3784 11073 520 10227 7632 2595 1146 445 4815 1871 2553 2319 826 268 182 129
is_linear=0
shrinkage=0.03


Tree=59
num_leaves=31
num_cat=0
split_feature=21 18 31 20 27 30 31 27 17 31 19 5 26 23 31 23 27 31 24 28 31 28 3 2 5 3 10 19 13 20
split_gain=3778.16 712.079 545.402 239.595 237.983 251.83 208.285 200.906 194.285 172.445 166.604 180.661 200.34 166.275 165.432 164.757 160.28 158.411 158.12 156.361 149.307 148.952 145.154 143.791 135.473 132.142 131.865 125.492 123.272 138.47
threshold=68.500000000000014 0.89237451553344738 6.5499999523162851 17.500000000000004 1.1000000238418581 1.0000000180025095e-35 5.0499999523162851 1.0000000180025095e-35 0.36666667461395269 2.5499999523162846 26.500000000000004 0.22354999929666522 2.1666666269302373 1.5500000119209292 12.050000190734865 1.4499999880790713 0.22500000149011615 4.7500000000000009 0.58333334326744091 0.83333334326744091 4.7500000000000009 2.1666666269302373 2.3416665792465214 6.4166667461395273 0.89773333072662365 9.0416669845581072 83.633331298828139 13.500000000000002 0.64440900087356578 3.5000000000000004
decision_type=2 2 2 2 8 2 2 8 2 2 2 10 10 10 2 10 10 2 10 10 2 10 2 2 10 2 2 2 8 2
left_child=1 -1 4 14 13 17 9 -8 19 -3 21 20 24 15 16 -2 -4 -6 -16 -7 26 -10 -9 -24 -13 -21 -12 -25 -20 -30
right_child=2 6 3 -5 5 8 7 22 10 -11 11 12 -14 -15 18 -17 -18 -19 28 25 -22 -23 23 27 -26 -27 -28 -29 29 -31
leaf_value=-0.0053580180270439721 0.0090858136186769932 0.023343518356554925 0.058569398236634963 -0.043201013866741696 -0.0034244953995614222 -0.0023304374011186017 0.045318234784634044 0.0010353749165063109 0.0078956313237161044 -0.0024450171133658448 0.0041110088339505286 0.030711573556643619 0.011032970456628878 0.017041836624772929 0.091252571278466629 -0.035683102653920648 0.01819995085505061 0.0051968015592187547 -0.0042753565414198509 0.0083511649945416065 -0.003958697328524826 0.034734152343150505 0.01903075519060924 -0.0032192941998504371 0.072967714390167623 0.04659481781164565 0.06938158239237964 0.009873490098213273 0.0088809316692983406 0.071408744268557603
leaf_weight=55023 5457 239 91 53 3222 1453 106 6352 1524 9901 52 116 134 3234 52 75 3241 4740 58 4002 206 212 887 1023 166 83 60 1851 51 85
leaf_count=55023 5457 239 91 53 3222 1453 106 6352 1524 9901 52 116 134 3234 52 75 3241 4740 58 4002 206 212 887 1023 166 83 60 1851 51 85
internal_value=-7.25073e-05 -0.00358441 0.00925997 0.0201173 0.00766621 0.0054861 0.00120901 0.00423165 0.0092425 -0.00183718 0.0162394 0.0282218 0.0412346 0.011638 0.0210553 0.00847886 0.0193025 0.001708 0.0447961 0.00612181 0.0111987 0.0111731 0.003801 0.00847189 0.0555858 0.00912821 0.0390774 0.00521311 0.0323438 0.0479608
internal_weight=103749 75382 28367 3631 24736 15970 20359 10219 8008 10140 2470 734 416 8766 3578 5532 3332 7962 246 5538 318 1736 10113 3761 282 4085 112 2874 194 136
internal_count=103749 75382 28367 3631 24736 15970 20359 10219 8008 10140 2470 734 416 8766 3578 5532 3332 7962 246 5538 318 1736 10113 3761 282 4085 112 2874 194 136
is_linear=0
shrinkage=0.03


Tree=60
num_leaves=31
num_cat=1
split_feature=20 18 31 1 32 29 27 14 29 31 19 12 31 31 12 31 5 29 18 20 2 1 30 12 18 2 26 9 3 9
split_gain=3836.99 709.193 426.145 367.246 308.127 250.394 245.371 185.005 183.335 181.202 181.086 190.79 157.037 134.137 122.193 117.854 114.425 111.635 109.417 128.189 143.041 257.71 110.666 169.952 328.601 103.917 127.936 115.813 168.603 135.007
threshold=1.0000000180025095e-35 1.5067567825317385 6.2500000000000009 57.416666030883796 0 1.1000000238418581 1.0000000180025095e-35 0.63839000463485729 0.77500000596046459 8.7500000000000018 4.5000000000000009 4.4225001335144052 4.6499998569488534 5.4500000476837167 0.99000000953674328 2.5499999523162846 1.4469333291053774 1.7083333134651186 9.7750000953674334 9.5000000000000018 22.166666984558109 88.833332061767592 1.0000000180025095e-35 8.0708332061767596 5.1633331775665292 29.583333015441898 1.8333333134651186 2.2916666269302373 1.9833333492279055 6.7750000953674325
decision_type=2 2 2 2 9 10 10 10 10 2 2 2 2 2 2 2 8 10 2 2 2 2 2 2 2 2 10 2 2 2
left_child=3 14 4 13 7 16 -4 -3 -8 25 -7 -12 -5 15 -2 -1 -6 -16 19 20 22 -22 -11 24 -24 26 27 28 -10 -29
right_child=1 2 6 12 5 10 8 -9 9 18 11 -13 -14 -15 17 -17 -18 -19 -20 -21 21 -23 23 -25 -26 -27 -28 29 -30 -31
leaf_value=0.03802887193659054 -0.0017747273045248511 0.025196314634392755 0.070524607567818129 -0.00065873360369107217 0.0065001499322631523 -0.0022820417423742539 0.0029937561233638514 0.008872276134367715 0.0067984619819220484 0.012368531160500665 0.0078887527742901586 0.016427497420468808 0.013497418236199467 -0.00084000425159688665 0.0016267039528180742 -0.0055145942394846789 -0.0018047072120153625 0.0092968582090216193 0.071212406284429805 0.0021337199666156066 0.083864927707534079 0.013879249542951584 0.031388188041883577 0.0020784790580009307 0.11694320969986466 -0.0030141799352867036 0.0079938801463275561 0.014801645446489311 0.041366419926941345 0.043337491055329642
leaf_weight=56 5469 1423 77 1484 2643 1122 770 1114 176 302 8188 3306 1344 6282 5380 54382 3432 2502 55 149 114 81 170 86 53 247 1012 1891 456 162
leaf_count=56 5469 1423 77 1484 2643 1122 770 1114 176 302 8188 3306 1344 6282 5380 54382 3432 2502 55 149 114 81 170 86 53 247 1012 1891 456 162
internal_value=9.63375e-05 0.00732767 0.0101219 -0.00449863 0.00815273 0.00680863 0.0173278 0.0179576 0.0166122 0.0187289 0.00922178 0.0103447 0.00606894 -0.00499081 0.00167077 -0.0054698 0.00180842 0.00406146 0.0300668 0.0276971 0.0324229 0.054794 0.0252832 0.0379053 0.0517219 0.0158254 0.0170841 0.0205103 0.0317399 0.0170534
internal_weight=103928 40380 27029 63548 21228 18691 5801 2537 5724 4954 12616 11494 2828 60720 13351 54438 6075 7882 1010 955 806 195 611 309 223 3944 3697 2685 632 2053
internal_count=103928 40380 27029 63548 21228 18691 5801 2537 5724 4954 12616 11494 2828 60720 13351 54438 6075 7882 1010 955 806 195 611 309 223 3944 3697 2685 632 2053
cat_boundaries=0 1
cat_threshold=9
is_linear=0
shrinkage=0.03


Tree=61
num_leaves=31
num_cat=0
split_feature=20 18 1 27 18 30 4 2 24 28 25 27 5 12 10 29 30 19 4 12 11 30 16 24 3 13 12 27 13 26
split_gain=3349.16 592.544 352.351 245.969 180.241 169.409 197.061 136.877 145.728 134.034 124.702 330.224 114.434 113.762 112.51 104.772 104.732 100.995 98.4261 97.835 95.6403 94.0428 93.3465 94.1974 149.673 105.938 92.9225 89.1964 101.919 95.0775
threshold=1.0000000180025095e-35 1.5469207763671877 52.416666030883796 1.8999999761581423 3.8224790096282963 1.0000000180025095e-35 0.14679499715566638 35.166666030883796 1.1666666865348818 2.5833333730697636 0.63333335518836986 0.90000000596046459 1.1636166572570803 0.96333330869674694 86.099998474121108 1.8999999761581423 1.0000000180025095e-35 23.500000000000004 0.40166667103767401 7.2099997997283944 1.1000000238418581 1.0000000180025095e-35 0.36666667461395269 1.8333333134651186 2.3166666030883794 0.10204399749636651 12.444999694824221 0.45000000298023229 0.85499998927116405 0.58333334326744091
decision_type=2 2 2 10 2 2 10 2 10 10 10 10 8 2 2 10 2 2 10 2 2 2 2 10 2 8 2 8 10 8
left_child=2 13 -1 4 9 -5 -7 26 12 20 11 -4 -9 -2 18 -15 -12 -11 -8 -18 -3 -22 23 -19 -25 -26 27 -6 29 -29
right_child=1 3 10 5 7 6 14 8 -10 17 16 -13 -14 15 -16 -17 19 22 -20 -21 21 -23 -24 24 25 -27 -28 28 -30 -31
leaf_value=-0.0048880931546894067 -0.0017955231511178724 0.027706855845241071 0.092891536128635585 -0.00066023715134976284 0.030034162886961049 0.0045046396274609733 0.020052115719180915 0.050796119777871102 0.080188560864888125 0.011135035924107939 -0.0023945297736094706 0.0079864034194255893 -0.010808494757203494 0.0019609584513008062 0.0050792056835330217 0.0099943763003118597 0.007466244148775278 0.014544656489016658 0.045830243095137911 0.048925851830896337 0.0056087394305658414 0.010589042015393339 0.064134638472548064 -0.00048269634951765724 0.08274464940736917 0.033965974942068843 -0.018672340549528599 -0.00075204365737888894 0.05320511672273278 0.015305780480793804
leaf_weight=60290 5393 227 52 3236 358 2399 431 58 60 1016 1407 199 51 6359 278 1897 1530 436 193 53 6897 6754 53 65 66 102 72 366 60 3557
leaf_count=60290 5393 227 52 3236 358 2399 431 58 60 1016 1407 199 51 6359 278 1897 1530 436 193 53 6897 6754 53 65 66 102 72 366 60 3557
internal_value=-7.6094e-05 0.0066791 -0.00437009 0.0092756 0.0109126 0.0042175 0.0089992 0.0161444 0.0426406 0.00937752 0.00526596 0.0255763 0.0219719 0.00159322 0.0209531 0.00380682 0.00356098 0.0172314 0.0280252 0.00885434 0.00839396 0.00807281 0.0258101 0.0227739 0.038173 0.053129 0.0151297 0.0156904 0.0144011 0.0138077
internal_weight=103915 40384 63531 26735 20198 6537 3301 4582 169 15616 3241 251 109 13649 902 8256 2990 1738 624 1583 13878 13651 722 669 233 168 4413 4341 3983 3923
internal_count=103915 40384 63531 26735 20198 6537 3301 4582 169 15616 3241 251 109 13649 902 8256 2990 1738 624 1583 13878 13651 722 669 233 168 4413 4341 3983 3923
is_linear=0
shrinkage=0.03


Tree=62
num_leaves=31
num_cat=0
split_feature=21 31 21 31 31 30 22 5 27 19 18 29 4 12 27 9 19 30 31 23 5 0 31 2 31 24 22 31 20 23
split_gain=3401.1 606.17 402.626 290.356 200.102 195.351 216.72 237.264 186.99 181.281 249.189 220.626 172.67 171.457 166.746 146.222 156.768 141.077 153.207 166.351 124.59 114.91 110.093 109.861 109.649 104.47 104.448 101.131 101.055 143.692
threshold=2.5000000000000004 6.5499999523162851 70.500000000000014 2.5499999523162846 4.0499999523162851 1.0000000180025095e-35 3.1666666269302373 0.6300666630268098 1.1000000238418581 3.5000000000000004 9.7750000953674334 2.1000000238418584 0.086711667478084578 1.0000000180025095e-35 3.4500000476837163 3.3666666746139531 6.5000000000000009 1.0000000180025095e-35 9.2500000000000018 1.1000000238418581 0.48341666162014013 3.5833333730697636 5.9500000476837167 24.833333015441898 6.1499998569488534 1.1666666865348818 1.8333333134651186 5.7500000000000009 10.500000000000002 2.1000000238418584
decision_type=2 2 2 2 2 2 10 10 8 2 2 8 10 2 10 2 2 2 2 10 10 2 2 2 2 10 10 2 2 10
left_child=3 2 12 21 -4 6 8 -8 26 11 17 23 -2 -5 15 -7 20 -11 -19 -20 22 -1 -17 -3 -18 -23 -6 -15 29 -21
right_child=1 9 4 13 5 14 7 -9 -10 10 -12 -13 -14 27 -16 16 24 18 19 28 -22 25 -24 -25 -26 -27 -28 -29 -30 -31
leaf_value=0.060967680265727846 -0.0011566064964759265 0.033123814736609344 -0.0067783335505600282 -0.0055188123883800838 0.0069903741722067919 0.0087216201542331569 0.046032317848569593 -0.0039899868827744092 0.0016200452684996148 0.0085367191083437748 0.081015464696288106 0.076818090169267217 0.0075224974447006716 -0.002904868158783934 -0.022574298690219145 0.0035473971656475953 0.020255505086878609 0.015197577879448181 0.085155797595014932 0.021402644952643213 -0.016175475106703946 0.035459765892010185 0.039878126948918263 -0.0050743411914602422 -0.00048209391624094494 -0.012733603746896343 0.018288210787816228 0.0038232395954660874 -0.010897200928571131 0.064029317923849166
leaf_weight=70 9440 284 860 46426 3207 7771 235 134 7313 2380 50 88 2640 13047 134 332 2926 1913 52 241 216 96 97 89 249 70 956 2377 52 101
leaf_count=70 9440 284 860 46426 3207 7771 235 134 7313 2380 50 88 2640 13047 134 332 2926 1913 52 241 216 96 97 89 249 70 956 2377 52 101
internal_value=-2.89923e-05 0.00659093 0.00522032 -0.00448165 0.00743565 0.00795428 0.00523698 0.027867 0.00450933 0.0161225 0.0143929 0.0340901 0.000740151 -0.00460838 0.0106994 0.0110841 0.0158899 0.01369 0.0188891 0.034723 0.00240622 0.028731 0.011762 0.0240095 0.0186292 0.0151373 0.00958483 -0.001868 0.0280669 0.0339912
internal_weight=103846 41760 36510 62086 24430 23570 11845 369 11476 5250 4789 461 12080 61850 11725 11591 3820 4739 2359 446 645 236 429 373 3175 166 4163 15424 394 342
internal_count=103846 41760 36510 62086 24430 23570 11845 369 11476 5250 4789 461 12080 61850 11725 11591 3820 4739 2359 446 645 236 429 373 3175 166 4163 15424 394 342
is_linear=0
shrinkage=0.03


Tree=63
num_leaves=31
num_cat=2
split_feature=3 31 11 18 29 32 20 29 25 5 18 20 14 5 8 31 31 5 13 18 28 10 32 29 31 4 9 28 18 18
split_gain=3060.24 525.487 314.696 298.406 197.971 184.306 170.193 164.044 180.525 153.659 141.647 128.443 135.767 203.255 153.127 151.663 120.714 119.084 114.22 111.69 107.07 105.842 104.808 128.888 217.525 122.375 157.173 119.916 117.108 101.718
threshold=1.041666626930237 5.4500000476837167 24.44999980926514 0.55718955397605907 0.90000000596046459 0 6.5000000000000009 1.5500000119209292 0.70833334326744091 0.57696667313575756 5.9136645793914804 16.500000000000004 1.2660800218582156 1.4975333213806155 1.0000000180025095e-35 10.750000000000002 7.4500000476837167 1.9750000238418581 0.2377240061759949 2.5322916507720952 1.0000000180025095e-35 71.90000152587892 1 2.6333333253860478 6.5499999523162851 0.13358000665903094 2.2916666269302373 2.8333333730697636 5.5735931396484384 5.5735931396484384
decision_type=2 2 2 2 8 9 2 10 10 8 2 2 10 10 2 2 2 10 10 2 8 2 9 10 2 10 2 10 2 2
left_child=3 5 6 -1 -4 9 10 8 -7 -2 17 12 14 -14 -6 -16 -12 22 -19 -9 -8 29 25 28 -25 26 27 -3 -24 -5
right_child=1 2 4 21 11 7 20 19 -10 -11 16 -13 13 -15 15 -17 -18 18 -20 -21 -22 -23 23 24 -26 -27 -28 -29 -30 -31
leaf_value=-0.005109183818296963 0.034219625200990464 0.0043667349199905791 0.0047512360289692877 -0.00093546002116582109 0.0054223150159888617 0.011537958091658827 -0.023444261503107144 0.0041919889392575613 -0.00012640160781067939 0.0094486520977684653 0.00091278589242420186 -0.011371108822954388 0.1128722894668579 0.031279121000380786 0.032906714726754292 0.077924744761548939 0.040859800255366112 0.067562795148031513 0.016488422595692755 0.011169015741367692 0.019832716438517903 0.015700044724000675 0.009022868016681132 0.012531319169526397 0.065371375938051757 0.012032337721817799 -0.010561998521468545 0.051744486358845335 -0.02136603973163613 0.024940823068153921
leaf_weight=49125 251 840 273 14750 149 1330 53 7415 11691 2208 99 52 50 61 426 80 218 56 133 2862 1761 363 7078 253 97 821 928 51 116 138
leaf_count=49125 251 840 273 14750 149 1330 53 7415 11691 2208 99 52 50 61 426 80 218 56 133 2862 1761 363 7078 253 97 821 928 51 116 138
internal_value=5.76381e-05 0.00664831 0.0114201 -0.00397113 0.0268722 0.0041297 0.0100718 0.00330003 0.00106503 0.0119286 0.00863004 0.0342549 0.0373522 0.0680328 0.0321529 0.0400242 0.0283842 0.00802635 0.0316216 0.00613499 0.0185683 -0.000305363 0.00758846 0.00938534 0.0271756 0.00240907 -0.00192112 0.00707859 0.00853286 -0.000695607
internal_weight=103728 39352 13595 64376 1091 25757 12504 23298 13021 2459 10690 818 766 111 655 506 317 10373 189 10277 1814 15251 10184 7544 350 2640 1819 891 7194 14888
internal_count=103728 39352 13595 64376 1091 25757 12504 23298 13021 2459 10690 818 766 111 655 506 317 10373 189 10277 1814 15251 10184 7544 350 2640 1819 891 7194 14888
cat_boundaries=0 1 2
cat_threshold=8 4
is_linear=0
shrinkage=0.03


Tree=64
num_leaves=31
num_cat=0
split_feature=21 18 31 18 14 28 2 31 28 27 31 12 21 17 12 12 29 18 11 31 27 31 29 1 12 21 1 14 4 14
split_gain=2943.01 465.237 449.801 203.049 179.209 178.819 180.095 157.223 149.147 142.547 140.484 157.504 178.726 171.133 169.18 154.43 130.32 157.785 141.032 129.958 129.702 120.218 173.3 118.179 117.606 112.628 139.772 112.132 110.116 126.925
threshold=61.500000000000007 0.89237451553344738 5.4500000476837167 5.1633331775665292 1.7442399859428408 0.58333334326744091 12.833333492279055 4.0499999523162851 1.4166666865348818 2.8999999761581425 8.4499998092651385 7.7224998474121103 82.500000000000014 0.22500000149011615 6.9100000858306894 10.110000133514406 1.3666666746139529 5.5735931396484384 19.633333206176761 5.0499999523162851 0.55000001192092907 3.6499999761581425 1.8999999761581423 86.166667938232436 5.6899998188018808 1.0000000180025095e-35 56.416666030883796 0.48450000584125524 0.60697668790817272 1.4528099894523623
decision_type=2 2 2 2 10 10 2 2 10 8 2 2 2 2 2 2 10 2 2 2 8 2 10 2 2 2 2 8 10 8
left_child=1 -1 4 8 5 9 7 -7 20 -2 16 14 -13 -14 -12 -15 17 18 -5 21 23 22 -3 -4 -9 26 -21 -19 29 -18
right_child=2 19 3 10 -6 6 -8 24 -10 -11 11 12 13 15 -16 -17 28 27 -20 25 -22 -23 -24 -25 -26 -27 -28 -29 -30 -31
leaf_value=-0.004732138884190557 0.00019032687461969554 0.0058071925081894732 0.01132319057569201 0.083072459560448994 -0.0040011281353801546 -0.012549137666598152 0.010167199445321209 0.0043521302987898506 0.01581495374062699 -0.0274412169032856 0.038300437500602316 0.075129701432428864 -0.0054819243000644559 0.0022936546361616138 0.10647674383521079 0.055103324886825344 -0.017213850928097962 0.045550345667115938 0.019124881811439988 -0.0017169466745254706 0.0065311026808770834 -0.0022732724100629196 0.068454876016168037 0.053170537290951378 0.027012635514333423 0.0066014550277381737 0.015507843685662669 0.0068765517353647568 0.047463430653512481 0.015024703989171835
leaf_weight=54762 1832 180 146 73 1730 490 8505 7440 3570 185 95 57 159 79 50 135 200 91 54 4248 4500 9213 51 104 212 4593 471 261 50 244
leaf_count=54762 1832 180 146 73 1730 490 8505 7440 3570 185 95 57 159 79 50 135 200 91 54 4248 4500 9213 51 104 212 4593 471 261 50 244
internal_value=-9.42281e-05 -0.00333548 0.00778 0.013038 0.00523583 0.00609202 0.00711416 0.00392501 0.0111818 -0.00234405 0.0230146 0.0347709 0.0256533 0.0180926 0.0618095 0.0356082 0.0160671 0.0272169 0.0558822 0.000742372 0.00769955 -0.00173731 0.0196385 0.0287317 0.00497994 0.0032572 2.24728e-06 0.0168746 0.00525593 0.000502832
internal_weight=103780 73518 30262 9868 20394 18664 16647 8142 8320 2017 1548 575 430 373 145 214 973 479 127 18756 4750 9444 231 250 7652 9312 4719 352 494 444
internal_count=103780 73518 30262 9868 20394 18664 16647 8142 8320 2017 1548 575 430 373 145 214 973 479 127 18756 4750 9444 231 250 7652 9312 4719 352 494 444
is_linear=0
shrinkage=0.03


Tree=65
num_leaves=31
num_cat=3
split_feature=21 18 29 18 3 14 32 2 23 5 9 0 13 26 10 12 19 3 17 23 32 10 19 12 2 3 2 13 32 14
split_gain=2953.5 430.215 289.299 217.51 199.438 201.514 182.729 161.263 143.476 156.277 170.46 179.167 136.69 122.423 122.253 162.396 123.096 149.721 118.71 156.626 107.678 139.814 127.6 112.905 102.77 98.4526 97.1794 95.4952 157.035 125.393
threshold=57.500000000000007 0.55718955397605907 1.7749999761581423 2.5735930204391484 4.241666555404664 0.18012000620365146 0 39.166666030883796 3.1000000238418584 0.92016667127609264 3.5499999523162846 4.8333332538604745 0.91200000047683727 3.1666666269302373 77.224998474121108 2.3549998998641972 28.500000000000004 5.1416666507720956 1.0000000180025095e-35 3.1000000238418584 1 71.90000152587892 2.5000000000000004 7.6224999427795419 25.583333015441898 2.5833332538604741 13.166666507720949 0.06589400023221971 2 1.2101500034332278
decision_type=2 2 10 2 2 8 9 2 10 10 2 2 10 8 2 2 2 2 2 10 9 2 2 2 2 2 2 8 9 10
left_child=1 -1 3 13 5 25 -3 8 12 10 -10 -12 -5 20 15 -8 -17 -18 -6 -20 21 -2 -23 -22 -13 -4 -19 -7 -29 -30
right_child=2 6 4 7 18 27 14 -9 9 -11 11 24 -14 -15 -16 16 17 26 19 -21 23 22 -24 -25 -26 -27 -28 28 29 -31
leaf_value=-0.0047903355629933218 0.0033094031689364367 0.026155058050265387 0.039282895103934484 0.0085253575713020342 0.008940309417002178 0.0022311911367820891 -0.0012312939297829165 -0.031360975271620024 -0.0033216043654829262 -0.018383371987763571 0.087898595880104013 -0.001988525592113057 0.056388304233551019 -0.010972552861394569 -0.018430567997397462 0.002180659358015855 0.0085503795500121577 0.064199618387564619 0.019977034369371986 0.057790899005112716 0.0023091673527691685 0.057069788688277619 0.016971033124482345 0.046637791795029235 0.055200060370468325 0.011917512836782442 0.020556362053217779 0.016011368122070952 0.00024153076035834505 0.020617790614505187
leaf_weight=49480 790 231 278 9691 923 2031 17367 88 64 51 79 52 54 536 323 3894 1077 74 2299 103 9316 83 512 52 62 206 121 2025 1520 331
leaf_count=49480 790 231 278 9691 923 2031 17367 88 64 51 79 52 54 536 323 3894 1077 74 2299 103 9316 83 512 52 62 206 121 2025 1520 331
internal_value=0.000104194 -0.00321249 0.00783174 0.00588492 0.0121257 0.0090255 0.000169132 0.00907379 0.00942774 0.0295872 0.0391066 0.0531761 0.00879058 0.00302033 -0.000104899 0.000157744 0.0048274 0.0129299 0.0180847 0.0215985 0.00371782 0.0114985 0.0225646 0.0025525 0.029114 0.0276356 0.0371184 0.00750064 0.0102618 0.00386438
internal_weight=103713 72567 31146 21430 9716 6391 23087 10141 10053 308 257 193 9745 11289 22856 22533 5166 1272 3325 2402 10753 1385 595 9368 114 484 195 5907 3876 1851
internal_count=103713 72567 31146 21430 9716 6391 23087 10141 10053 308 257 193 9745 11289 22856 22533 5166 1272 3325 2402 10753 1385 595 9368 114 484 195 5907 3876 1851
cat_boundaries=0 1 2 3
cat_threshold=1 12 10
is_linear=0
shrinkage=0.03


Tree=66
num_leaves=31
num_cat=0
split_feature=20 3 1 9 30 29 9 13 3 28 1 20 22 26 29 29 14 2 5 26 12 20 20 29 23 10 0 14 5 5
split_gain=2553.17 335.097 240.583 225.707 146.964 161.261 253.073 158.371 180.362 129.035 121.478 153.648 108.627 104.548 121.562 100.094 117.764 105.382 98.8472 98.2853 103.983 96.5142 94.7869 164.92 108.611 125.79 86.2892 88.6612 94.1205 186.184
threshold=1.0000000180025095e-35 2.9833333492279057 56.416666030883796 3.5499999523162846 1.0000000180025095e-35 2.3666666746139531 6.4500000476837167 0.21010799705982211 3.216666698455811 3.8333333730697636 66.833332061767592 3.5000000000000004 1.8333333134651186 1.1666666865348818 1.8999999761581423 1.1000000238418581 0.78804999589920055 3.5833333730697636 1.3801500201225283 3.1666666269302373 0.54500001668930065 15.500000000000002 12.500000000000002 0.90000000596046459 3.4500000476837163 80.90000152587892 10.583333492279055 0.41231000423431402 1.3909166455268862 1.3339999914169314
decision_type=2 2 2 2 2 8 2 10 2 8 2 2 10 10 10 10 8 2 10 8 2 2 2 10 10 2 2 10 10 10
left_child=2 3 -1 19 5 21 10 9 -9 15 11 -7 -4 14 -14 16 -6 -17 -5 20 -2 22 24 -24 -3 -26 27 -10 29 -29
right_child=1 4 12 18 7 6 -8 8 26 -11 -12 -13 13 -15 -16 17 -18 -19 -20 -21 -22 -23 23 -25 25 -27 -28 28 -30 -31
leaf_value=-0.0042222499127448692 -0.0017337981679149586 0.0040908300992413211 0.0013187356883294428 0.014300457792459366 0.01693369892738306 0.013027362472244671 0.067107034346887029 0.073006777178258903 -0.0074243598257501915 0.051621896223805377 0.0069701582848932589 0.06332804295908788 0.019094820073759181 0.0061547991836795098 0.068758004858697722 0.038879170335102367 0.00055169690546653027 0.010718681994280129 -0.0058875768859565384 -0.0083920887736006772 0.0038195863823972933 -0.029842393421567977 -0.021458800095521532 0.038679887520378091 0.0042808648615570389 0.068613199689151597 0.055985539014637473 0.019402513877684293 0.008411955435489846 0.066541654307395212
leaf_weight=60255 3809 7897 2185 2071 497 147 84 53 135 64 750 87 200 453 57 123 1923 4326 244 749 14924 72 54 171 59 51 50 1314 668 80
leaf_count=60255 3809 7897 2185 2071 497 147 84 53 135 64 750 87 200 453 57 123 1923 4326 244 749 14924 72 54 171 59 51 50 1314 668 80
internal_value=-4.84939e-05 0.00584086 -0.00381637 0.00331667 0.00879811 0.00615164 0.0171247 0.0114844 0.018306 0.00922139 0.0128579 0.0317289 0.00463134 0.0148258 0.0301096 0.00882634 0.0039161 0.0114972 0.0121726 0.00226434 0.00269041 0.00474036 0.00504283 0.0242466 0.0045032 0.0341077 0.0170158 0.0161289 0.0176709 0.0221078
internal_weight=103552 40402 63150 21797 18605 9372 1068 9233 2300 6933 984 234 2895 710 257 6869 2420 4449 2315 19482 18733 8304 8232 225 8007 110 2247 2197 2062 1394
internal_count=103552 40402 63150 21797 18605 9372 1068 9233 2300 6933 984 234 2895 710 257 6869 2420 4449 2315 19482 18733 8304 8232 225 8007 110 2247 2197 2062 1394
is_linear=0
shrinkage=0.03


Tree=67
num_leaves=31
num_cat=0
split_feature=18 21 21 31 18 26 5 22 13 28 17 29 31 29 3 9 19 9 5 4 26 11 31 11 31 5 22 26 5 26
split_gain=2406.27 406.111 379.686 312.493 256.156 178.721 168.803 167.314 143.653 191.156 141.793 195.702 139.92 129.212 125.278 166.874 122.964 115.178 112.784 112.439 118.453 108.888 106.5 105.161 124.072 99.9303 115.255 224.994 110.206 109.614
threshold=1.5469207763671877 86.500000000000014 1.0000000180025095e-35 5.9500000476837167 4.5067567825317392 1.5833333134651186 1.0241666436195376 3.1666666269302373 0.35801599919795996 1.8333333134651186 0.63333335518836986 0.90000000596046459 0.95000001788139354 1.1000000238418581 14.949999809265138 8.3666663169860858 2.5000000000000004 4.2249999046325692 1.0109833478927615 0.19367666542530063 1.4166666865348818 16.899999618530277 7.2500000000000009 20.22500038146973 6.9500000476837167 1.191350042819977 1.5833333134651186 0.41666667163372045 1.5368499755859377 1.5833333134651186
decision_type=2 2 2 2 2 10 8 10 10 10 2 8 2 10 2 2 2 2 10 10 10 2 2 2 2 8 10 10 10 10
left_child=2 4 -1 6 8 7 18 12 -2 -10 14 -12 -6 -8 15 17 -15 21 19 20 -3 -5 -4 24 -23 29 -27 28 -28 -18
right_child=1 3 22 10 5 -7 13 -9 9 -11 11 -13 -14 16 -16 -17 25 -19 -20 -21 -22 23 -24 -25 -26 26 27 -29 -30 -31
leaf_value=-0.0043095125859624423 0.0012643891288394516 0.015639185897456134 0.00070830088541176922 0.016814140406154719 0.068104436695575712 0.0033166387347228011 0.00091739385739814507 0.073875601368565719 0.0038093663279929 0.035859477763666825 -0.0087598648757463496 0.051999673252196413 0.01744369750331265 -0.012235204243026246 -0.028291676759334472 0.049272273138842797 -0.013846155620834404 0.0090194115703004993 0.047726464451157621 0.025278522590731923 0.0030696221418751264 0.029945667781125587 0.019383675795514137 0.0019154602431115649 0.075660222172737115 0.0067538089166078721 0.051182597960795509 0.011816432475390142 0.0034547503197735006 0.012443354011320931
leaf_weight=55119 13680 1527 14865 1711 54 512 3464 62 488 255 62 207 537 261 58 132 348 1634 84 522 1209 157 280 63 81 3982 209 2052 55 242
leaf_count=55119 13680 1527 14865 1711 54 512 3464 62 488 255 62 207 537 261 58 132 348 1634 84 522 1209 157 280 63 81 3982 209 2052 55 242
internal_value=5.64751e-06 0.00660267 -0.00315353 0.00966463 0.00305513 0.0165865 0.00752433 0.0269911 0.00196214 0.0148091 0.0169406 0.0379956 0.0220726 0.0056728 0.0154641 0.0161359 0.007977 0.0149362 0.0134041 0.0125192 0.0100849 0.0197414 0.00105357 0.0363808 0.045504 0.00874288 0.00984887 0.0151703 0.0412393 -0.003063
internal_weight=103912 33648 70264 18060 15588 1165 13955 653 14423 743 4105 269 591 10613 3836 3778 7149 3646 3342 3258 2736 2012 15145 301 238 6888 6298 2316 264 590
internal_count=103912 33648 70264 18060 15588 1165 13955 653 14423 743 4105 269 591 10613 3836 3778 7149 3646 3342 3258 2736 2012 15145 301 238 6888 6298 2316 264 590
is_linear=0
shrinkage=0.03


Tree=68
num_leaves=31
num_cat=1
split_feature=21 31 32 27 1 3 31 31 21 20 26 21 3 18 20 29 27 31 2 0 20 1 14 31 24 19 12 23 24 5
split_gain=2475.76 504.249 255.954 246.402 184.754 172.151 170.721 182.281 152.175 157.145 153.716 148.382 145.38 143.539 126.135 108.854 116.114 104.067 101.008 117.575 186.896 180.921 140.375 137.176 125.541 127.081 148.036 100.714 121.003 152.857
threshold=1.0000000180025095e-35 5.0499999523162851 0 1.6333333253860476 52.416666030883796 7.8166668415069589 3.7500000000000004 0.65000000596046459 69.500000000000014 9.5000000000000018 1.0000000180025095e-35 82.500000000000014 1.041666626930237 4.4677083492279062 12.500000000000002 1.7749999761581423 3.1000000238418584 5.4500000476837167 13.166666507720949 5.8333332538604745 5.5000000000000009 88.416667938232436 1.4081100225448611 6.3500001430511483 0.58333334326744091 22.500000000000004 9.426666736602785 1.5500000119209292 3.1666666269302373 1.6573166251182558
decision_type=2 2 9 10 2 2 2 2 2 2 10 2 2 2 2 10 8 2 2 2 2 2 8 2 10 2 2 10 10 8
left_child=4 2 -2 5 6 14 7 -1 -7 10 -10 -5 -4 -9 -3 16 -14 -8 -12 20 21 23 -22 -20 -21 -26 -27 -17 29 -29
right_child=1 3 12 11 -6 8 17 13 9 -11 18 -13 15 -15 -16 27 -18 -19 19 24 22 -23 -24 -25 25 26 -28 28 -30 -31
leaf_value=-0.025389909042466068 0.012484078489897453 0.0098266746807905321 -0.0027625834789492092 -0.00056729269548756712 0.0064236075250619891 -0.0076556483495514843 -0.0045711832642852598 0.076942627824404655 0.071472047899450566 0.00634596093109003 0.0015067774024758026 0.0086916843035479887 0.0019020299931233474 0.019012640626140078 0.038477752531745603 0.0035746144328129012 -0.016192658177717083 -0.00037591573944130023 0.026941709540869021 0.049759971748750943 0.11013694050557472 0.010374315292430446 0.044894199324115897 0.089894901625180643 0.0014336457368414345 0.01303599427992461 0.071400899261724743 0.0073503014257020908 -0.032803213324111236 0.025989512247127016
leaf_weight=62 2162 11330 5072 2970 1558 160 53117 51 70 386 137 3276 10685 157 140 3417 329 5914 66 104 51 194 71 59 296 109 61 1176 52 597
leaf_count=62 2162 11330 5072 2970 1558 160 53117 51 70 386 137 3276 10685 157 140 3417 329 5914 66 104 51 194 71 59 296 109 61 1176 52 597
internal_value=0.000118474 0.00563158 0.00267211 0.00920026 -0.0037741 0.0115182 -0.00404202 0.0197588 0.0202432 0.0230261 0.0283122 0.004289 0.00167084 0.0332166 0.0101764 0.00305513 0.00136152 -0.00415088 0.0256805 0.0289563 0.0405874 0.0285096 0.0721678 0.0566556 0.0199575 0.0133063 0.0339787 0.00661358 0.0123035 0.0136264
internal_weight=103829 42970 23490 19480 60859 13234 59301 270 1764 1604 1218 6246 21328 208 11470 16256 11014 59031 1148 1011 441 319 122 125 570 466 170 5242 1825 1773
internal_count=103829 42970 23490 19480 60859 13234 59301 270 1764 1604 1218 6246 21328 208 11470 16256 11014 59031 1148 1011 441 319 122 125 570 466 170 5242 1825 1773
cat_boundaries=0 1
cat_threshold=8
is_linear=0
shrinkage=0.03


Tree=69
num_leaves=31
num_cat=0
split_feature=9 9 18 31 21 31 30 19 14 27 31 19 27 22 26 19 4 27 31 31 3 22 18 31 8 31 18 19 5 23
split_gain=2096.97 292.543 255.439 205.811 218.434 177.111 173.224 190.84 181.514 168.541 155.034 237.016 148.219 150.743 190.861 177.465 129.656 114.296 111.508 139.268 107.925 102.879 98.1887 132.869 142.427 153.751 115.048 106.47 115.441 131.991
threshold=1.1000000238418581 3.2916666269302373 4.75337839126587 4.8500001430511483 1.0000000180025095e-35 3.7500000000000004 1.0000000180025095e-35 26.500000000000004 0.87016001343727123 1.5500000119209292 6.0499999523162851 3.5000000000000004 3.1000000238418584 3.1666666269302373 1.5833333134651186 7.5000000000000009 0.38337498903274542 2.8999999761581425 7.7500000000000009 8.3499999046325701 2.3833333253860478 1.4166666865348818 5.2880184650421151 9.1500000953674334 0.58333334326744091 12.250000000000002 5.0147058963775644 7.5000000000000009 0.47366666793823248 1.3666666746139529
decision_type=2 2 2 2 2 2 2 2 10 10 2 2 10 10 10 2 10 10 2 2 2 10 2 2 2 2 2 2 10 10
left_child=3 2 9 5 -5 -1 8 17 12 10 -2 21 13 -3 15 -15 -13 22 -6 -20 -11 -12 26 27 25 -25 -8 28 29 -24
right_child=1 6 -4 4 18 -7 7 -9 -10 20 11 16 -14 14 -16 -17 -18 -19 19 -21 -22 -23 23 24 -26 -27 -28 -29 -30 -31
leaf_value=0.05202593868523836 0.0042346132579458981 0.0084839520984960008 0.038148447864454885 -0.002588568358584971 0.0039584885207393922 -0.004465766577731671 0.0092464068093131985 0.020963873363947966 -0.0012873708063768231 -0.0028829892161278269 0.074509380048552107 0.012816629518936341 -0.03110644348338246 -0.003232010382413864 -0.0038618392654058364 0.061376339966071301 -0.019150629514237731 -0.012190651774306649 0.061027521467634606 0.0080217321782668181 0.0032445064620275706 0.021861232695943218 0.053797761703093278 0.050850233731900937 0.081782387533956863 -0.012833345599080387 -0.023237849248591624 0.03037946042031623 -0.019711932219036922 0.0037202735218869625
leaf_weight=50 12232 3836 191 13678 4490 48085 3446 1799 2198 4790 77 1594 80 50 101 163 123 210 70 123 5625 59 61 85 56 57 101 208 127 212
leaf_count=50 12232 3836 191 13678 4490 48085 3446 1799 2198 4790 77 1594 80 50 101 163 123 210 70 123 5625 59 61 85 56 57 101 208 127 212
internal_value=-0.000177709 0.00549696 0.00358941 -0.00337628 -0.000673941 -0.00440709 0.00917948 0.0126889 0.00570613 0.00331999 0.00545964 0.0135463 0.0093401 0.0101198 0.0301041 0.0462101 0.0105266 0.00942637 0.00491826 0.0272466 0.000426388 0.0516694 0.0104692 0.0199212 0.0412656 0.0252871 0.00832143 0.0129702 0.00391737 0.0149097
internal_weight=103977 37481 24691 66496 18361 48135 12790 6362 6428 24500 14085 1853 4230 4150 314 213 1717 4563 4683 193 10415 136 4353 806 198 142 3547 608 400 273
internal_count=103977 37481 24691 66496 18361 48135 12790 6362 6428 24500 14085 1853 4230 4150 314 213 1717 4563 4683 193 10415 136 4353 806 198 142 3547 608 400 273
is_linear=0
shrinkage=0.03


Tree=70
num_leaves=31
num_cat=1
split_feature=1 31 20 21 21 29 18 17 13 17 31 30 29 31 31 16 30 31 2 2 19 31 28 22 5 24 5 5 32 19
split_gain=2318.22 370.093 259.538 187.822 178.624 228.243 165.661 281.728 154.499 148.231 145.001 145.665 133.477 136.831 120.104 116.971 158.577 114.219 102.785 99.6658 124.673 211.664 125.706 112.746 97.9185 97.5906 157.919 96.3126 107.57 123.686
threshold=35.833333969116218 5.4500000476837167 1.0000000180025095e-35 82.500000000000014 68.500000000000014 2.2916666269302373 5.9136645793914804 0.29166667163372045 0.054026000201702125 0.63333335518836986 4.0499999523162851 1.0000000180025095e-35 0.90000000596046459 5.9500000476837167 4.7500000000000009 0.36666667461395269 1.0000000180025095e-35 3.7500000000000004 5.1666667461395273 11.416666507720949 5.5000000000000009 6.4500000476837167 2.1666666269302373 1.1666666865348818 0.96471664309501659 1.8333333134651186 1.3339999914169314 2.2350000143051152 0 6.5000000000000009
decision_type=2 2 2 2 2 10 2 2 10 2 2 2 8 2 2 2 2 2 2 2 2 2 10 10 8 10 10 10 9 2
left_child=2 4 17 6 -2 10 -3 -8 -7 18 -6 -12 -11 -14 -4 16 -15 -1 -5 20 21 -20 -22 -24 -9 26 -10 28 -13 -30
right_child=1 3 14 9 5 8 7 24 25 12 11 27 13 15 -16 -17 -18 -19 19 -21 22 -23 23 -25 -26 -27 -28 -29 29 -31
leaf_value=0.033382428149516523 -0.00055974189106293751 0.0046938706002875932 -0.0027126696646052025 0.00095833683831461234 -0.0097268786898851399 0.0088026852381395109 0.075000817893319818 0.026011971769661739 0.029874037508709938 -0.00065315570247670017 0.0021139809634436197 0.0035278324775289463 0.011532360855109837 0.03620736482994337 0.0040599730895476659 0.016280842423439024 0.096360177213734965 -0.0039123121887990851 0.021181587635741364 0.01174407193737771 0.012863276047757053 0.085158030118631281 0.066102146022021774 0.02059327908851687 -0.024054211211406579 0.040931200219435582 -0.0070706508162559243 -0.0091222422233444046 0.00022462913432244516 0.013345348979860193
leaf_weight=74 5469 4379 3888 609 625 1257 83 87 326 90 7736 2505 98 76 5983 54 82 58627 143 4662 1036 69 81 124 59 259 153 286 769 4063
leaf_count=74 5469 4379 3888 609 625 1257 83 87 326 90 7736 2505 98 76 5983 54 82 58627 143 4662 1036 69 81 124 59 259 153 286 769 4063
internal_value=0.000103544 0.00636429 -0.00310845 0.0107144 0.00418777 0.00563191 0.00599466 0.0308686 0.0151996 0.0137672 0.00443774 0.00501414 0.0315096 0.0408472 0.00139236 0.0543984 0.0674259 -0.0038653 0.0127117 0.0138822 0.0207426 0.0420041 0.0171106 0.0385748 0.00577975 0.0260953 0.0180733 0.00795729 0.00862306 0.011234
internal_weight=103752 35180 68572 11732 23448 17979 4608 229 1995 7124 15984 15359 400 310 9871 212 158 58701 6724 6115 1453 212 1241 205 146 738 479 7623 7337 4832
internal_count=103752 35180 68572 11732 23448 17979 4608 229 1995 7124 15984 15359 400 310 9871 212 158 58701 6724 6115 1453 212 1241 205 146 738 479 7623 7337 4832
cat_boundaries=0 1
cat_threshold=32
is_linear=0
shrinkage=0.03


Tree=71
num_leaves=31
num_cat=1
split_feature=18 3 4 27 23 22 30 29 20 0 18 3 1 25 20 3 3 14 20 10 10 25 3 29 18 27 25 28 32 23
split_gain=1970.47 333.012 326.903 155.426 151.286 197.609 143.515 150.991 171.176 148.871 144.803 140.523 135.544 117.417 115.025 133.428 111.83 103.352 93.0891 93.5045 116.545 96.659 93.6577 111.641 128.132 92.7687 103.035 102.172 97.4557 95.8591
threshold=1.6566964387893679 0.34166666865348821 0.17007333785295489 1.5500000119209292 3.1000000238418584 3.8333333730697636 1.0000000180025095e-35 2.2250000238418584 2.5000000000000004 3.5833333730697636 4.5067567825317392 7.8166668415069589 86.166667938232436 0.63333335518836986 9.5000000000000018 11.083333492279055 2.216666698455811 2.0509999990463261 14.500000000000002 89.77500152587892 72.90000152587892 2.6333333253860478 3.4416667222976689 2.3666666746139531 2.6030302047729497 3.1000000238418584 0.45000000298023229 1.5833333134651186 0 0.77500000596046459
decision_type=2 2 10 10 10 10 2 10 2 2 2 2 2 10 2 2 2 10 2 2 2 10 2 10 2 10 10 10 9 10
left_child=1 -1 3 13 17 12 7 -4 -9 -10 -8 -11 -6 16 15 -12 -2 25 19 20 22 -21 -15 -24 -25 26 29 28 -28 -5
right_child=2 -3 6 4 5 -7 10 8 9 11 14 -13 -14 18 -16 -17 -18 -19 -20 21 -22 -23 23 24 -26 -27 27 -29 -30 -31
leaf_value=-0.0039686648022842497 0.0038191926122481583 0.00077168682177932736 0.0051589036897980904 0.050588643840214206 0.021364015187744213 -0.021202936863357367 0.01363130503690199 0.0055927416789034994 0.085030122464938476 0.0072177232615649699 0.030883508237544446 0.06457062791605464 0.07311286661006948 0.0037839247293703976 0.0040356993928019483 0.081582497106148649 0.017585560078518581 -0.021163702522150756 0.034922275455901396 0.010417721401941728 -0.0018945130373131443 -0.015561885447449872 0.0093769066914610819 0.010600024990116556 0.062780579423764707 -0.01015077204767236 -0.0022524685779328362 0.0058489666741554074 0.0097960058039559313 0.010395405467865958
leaf_weight=54296 814 17681 2677 59 138 66 2397 225 56 104 460 61 68 5120 126 52 1528 181 96 3380 2472 134 1367 90 80 561 5064 3231 676 563
leaf_count=54296 814 17681 2677 59 138 66 2397 225 56 104 460 61 68 5120 126 52 1528 181 96 3380 2472 134 1367 90 80 561 5064 3231 676 563
internal_value=-5.51089e-05 -0.00280421 0.00615829 0.0046701 0.00188759 0.0239725 0.0123662 0.00785139 0.0240123 0.0427653 0.017012 0.0284209 0.0384462 0.00662714 0.0297135 0.0360326 0.0128008 0.00130635 0.00549213 0.00526867 0.003668 0.00942704 0.00573357 0.0122282 0.0351556 0.00170689 0.00240033 0.00158166 -0.000820377 0.0142079
internal_weight=103823 71977 31846 25688 10607 272 6158 3123 446 221 3035 165 206 15081 638 512 2342 10335 12739 12643 9129 3514 6657 1537 170 10154 9593 8971 5740 622
internal_count=103823 71977 31846 25688 10607 272 6158 3123 446 221 3035 165 206 15081 638 512 2342 10335 12739 12643 9129 3514 6657 1537 170 10154 9593 8971 5740 622
cat_boundaries=0 1
cat_threshold=38
is_linear=0
shrinkage=0.03


Tree=72
num_leaves=31
num_cat=1
split_feature=21 31 27 30 18 21 17 5 9 31 1 4 23 4 23 30 27 22 25 19 13 17 31 26 0 24 32 31 19 1
split_gain=1893.55 464.594 195.013 178.196 173.708 148.358 134.889 137.38 135.841 123.716 120.684 120.19 189.542 158.783 125.91 117.225 108.005 114.847 106.171 103.873 99.146 96.739 113.574 110.89 95.1647 116.056 94.5858 104.611 119.043 135.231
threshold=1.0000000180025095e-35 5.0499999523162851 1.6333333253860476 1.0000000180025095e-35 1.4654762148857119 86.500000000000014 0.36666667461395269 0.093699999153614058 3.1000000238418584 3.6499999761581425 50.416666030883796 0.80833333730697643 2.1000000238418584 0.73110333085060131 3.8999999761581425 1.0000000180025095e-35 1.1000000238418581 1.8333333134651186 1.4499999880790713 5.5000000000000009 0.85499998927116405 0.22500000149011615 7.6499998569488534 1.5833333134651186 6.5833332538604745 1.8333333134651186 0 5.4500000476837167 6.5000000000000009 82.833332061767592
decision_type=2 2 8 2 2 2 2 10 2 2 2 8 10 10 10 2 8 10 10 2 8 2 2 10 2 10 9 2 2 2
left_child=9 3 4 16 -3 -5 21 18 -9 24 -11 13 20 14 15 -6 17 -2 -8 -7 -13 22 -4 -24 25 -1 -14 -28 -29 -30
right_child=1 2 6 5 11 19 7 8 -10 10 -12 12 26 -15 -16 -17 -18 -19 -20 -21 -22 -23 23 -25 -26 -27 27 28 29 -31
leaf_value=0.056379081203142202 0.00034449858514683685 0.003039456454679206 0.00014780073156204501 0.00051680300323054358 0.0093977060846945192 -0.0016175818400043427 -0.00024249225431980203 -0.00026068785235727743 0.02637314972192259 -0.0038763710375386909 0.0041783187860851782 -0.029437798603214847 0.032878918498754503 0.057196895155725597 0.058311274961150926 0.018349717702143942 -0.0029321320279608047 0.012108851878682474 0.035440262251692577 0.008839765708983198 0.0063186468838932587 -0.020253774431804494 0.052239140964471374 0.0099535924941301351 -0.0045768665550993039 0.0028500312635531791 -0.016777734089192455 -0.0065572300997491064 0.011824062386688016 0.043676899093292171
leaf_weight=83 3224 2493 3810 5038 2637 1002 885 236 639 59056 1723 71 341 79 58 2629 7561 972 82 5822 4104 186 65 395 104 65 91 143 302 199
leaf_count=83 3224 2493 3810 5038 2637 1002 885 236 639 59056 1723 71 341 79 58 2629 7561 972 82 5822 4104 186 65 395 104 65 91 143 302 199
internal_value=-0.000162251 0.0046546 0.00808881 0.00182728 0.0101682 0.00442151 0.0037481 0.0105768 0.0191896 -0.00356106 -0.00364803 0.0118363 0.00860412 0.0149776 0.0143511 0.0138669 -0.000790115 0.0030697 0.00278335 0.00730426 0.00571057 0.000925299 0.00184785 0.0159287 0.0174156 0.0328697 0.0198314 0.0131518 0.0175852 0.0244762
internal_weight=104095 43064 19445 23619 13147 11862 6298 1842 875 61031 60779 10654 5251 5403 5324 5266 11757 4196 967 6824 4175 4456 4270 460 252 148 1076 735 644 501
internal_count=104095 43064 19445 23619 13147 11862 6298 1842 875 61031 60779 10654 5251 5403 5324 5266 11757 4196 967 6824 4175 4456 4270 460 252 148 1076 735 644 501
cat_boundaries=0 1
cat_threshold=10
is_linear=0
shrinkage=0.03


Tree=73
num_leaves=31
num_cat=1
split_feature=18 29 31 3 30 14 12 1 32 9 0 9 31 1 14 26 31 26 26 10 29 5 1 26 20 3 19 18 1 12
split_gain=1735.53 282.517 253.245 251.004 193.357 161.877 158.175 131.727 186.715 147.163 142.587 130.34 130.072 128.442 123.201 189.751 122.56 113.109 111.771 122.322 98.6861 108.227 123.533 130.703 94.0139 160.556 133.015 94.9815 92.2686 147.212
threshold=1.5469207763671877 1.1000000238418581 8.9499998092651385 0.34166666865348821 1.0000000180025095e-35 1.591000020503998 4.5099999904632577 66.166667938232436 0 2.1000000238418584 1.1666666865348818 5.3666667938232431 5.3500001430511483 89.416667938232436 0.39225000143051153 0.58333334326744091 4.0499999523162851 1.1666666865348818 0.58333334326744091 70.099998474121108 1.4499999880790713 1.2202333211898806 85.166667938232436 1.1666666865348818 7.5000000000000009 6.4833333492279062 7.5000000000000009 3.5411036014556889 89.166667938232436 10.710000038146974
decision_type=2 8 2 2 2 8 2 2 9 2 2 2 2 2 8 10 2 10 10 2 10 10 2 10 2 2 2 2 2 2
left_child=3 5 4 -1 -3 12 7 11 -9 10 -10 -6 -2 -14 17 -16 -5 -4 -12 -20 24 -22 23 -23 26 -26 27 -8 29 -17
right_child=1 2 14 16 6 -7 20 8 9 -11 18 -13 13 -15 15 28 -18 -19 19 -21 21 22 -24 -25 25 -27 -28 -29 -30 -31
leaf_value=-0.0037096867584777678 0.001342442776217524 0.004089394967854044 -0.034934708330976331 -0.0081844236212398301 0.0030145363110764189 -0.0019263023909806751 0.025918084369451904 0.001349333602313619 0.0065011016301633343 0.011922567059532074 0.077615966632962233 0.05129089293234488 0.0071413312599928657 0.024690610814268286 0.06970212107354945 0.023455569060274645 0.0013071539289220011 0.020814634238357669 0.068923619601931149 0.024451627391866421 0.0075089642596622309 0.073927006761729711 0.012358442558998279 0.022073879095060481 0.087572318145718711 0.025060153225203975 0.024874894025834118 -0.025026187858273905 0.0058340829648077493 0.074085514137521388
leaf_weight=53834 3046 11043 57 1333 3847 5618 51 1171 189 2078 55 51 1775 476 88 373 15025 77 67 329 1388 75 306 105 52 128 652 93 200 60
leaf_count=53834 3046 11043 57 1333 3847 5618 51 1171 189 2078 55 51 1775 476 88 373 15025 77 67 329 1388 75 306 105 52 128 652 93 200 60
internal_value=-4.08518e-05 0.00558276 0.00750155 -0.00272078 0.00686999 0.00162123 0.00975671 0.00754353 0.0114499 0.0157387 0.0283751 0.00364617 0.00538374 0.0108523 0.0235159 0.0284253 0.000533693 -0.00289964 0.0375418 0.0319759 0.0158037 0.011775 0.0239588 0.0436793 0.0235392 0.0431192 0.0191116 -0.00698342 0.022687 0.0304713
internal_weight=103642 33450 22535 70192 21680 10915 10637 7787 3889 2718 640 3898 5297 2251 855 721 16358 134 451 396 2850 1874 486 180 976 180 796 144 633 433
internal_count=103642 33450 22535 70192 21680 10915 10637 7787 3889 2718 640 3898 5297 2251 855 721 16358 134 451 396 2850 1874 486 180 976 180 796 144 633 433
cat_boundaries=0 1
cat_threshold=32
is_linear=0
shrinkage=0.03


Tree=74
num_leaves=31
num_cat=1
split_feature=18 31 20 21 31 27 32 14 20 29 23 19 22 30 2 31 14 19 19 22 23 27 30 4 5 4 26 20 20 8
split_gain=1697.78 283.348 244.771 236.678 190.783 196.443 189.314 142.095 169.49 142.036 126.034 122.928 133.982 141.453 122.926 107.625 103.726 101.876 113.691 108.269 100.428 94.3246 112.934 132.235 109.434 119.897 91.9992 90.2683 156.803 90.2408
threshold=1.5303308963775637 9.7500000000000018 1.0000000180025095e-35 1.0000000180025095e-35 5.0499999523162851 0.22500000149011615 0 1.2921000123023989 6.5000000000000009 0.90000000596046459 1.1000000238418581 5.5000000000000009 1.1666666865348818 1.0000000180025095e-35 28.833333015441898 6.5499999523162851 0.60810998082160961 25.500000000000004 20.500000000000004 0.58333334326744091 1.1000000238418581 1.8999999761581423 1.0000000180025095e-35 0.086591664701700224 1.6250000000000002 0.55166667699813854 3.1666666269302373 16.500000000000004 14.500000000000002 0.58333334326744091
decision_type=2 2 2 2 2 10 9 8 2 10 10 2 10 2 2 2 8 2 2 10 10 10 2 10 10 10 10 2 2 2
left_child=3 2 29 -1 6 7 16 -6 15 -3 -11 -8 17 26 -12 20 -4 18 -13 -20 -9 27 -23 -24 25 -25 -14 28 -7 -2
right_child=1 9 4 -5 5 21 11 8 -10 10 14 12 13 -15 -16 -17 -18 -19 19 -21 -22 22 23 24 -26 -27 -28 -29 -30 -31
leaf_value=-0.0036012107060202762 -0.00062282976350924594 0.0010127748497719064 0.023564804139232957 0.00065264134067858043 -0.0023840333250435912 0.0094708123968413448 -0.0062828473297364927 -0.010895294987342574 0.091369757312536243 0.068903830633498725 0.018091864150967054 -0.0012245491128865882 0.002556498144264654 0.011559312381542749 0.051803563024910272 0.065193345285952095 0.0080321208253640725 -0.0085911291447090081 0.040397726472305211 0.0073777933390329169 0.037280314123552094 -0.0018655783034961584 0.0017393002098520227 0.018547443424895234 -0.0042285610092621219 0.055706887917350165 -0.026813438366074114 -0.027110201973468064 0.052168107135937759 0.019170136549107503
leaf_weight=54908 6633 218 505 14984 88 10234 1440 66 50 64 498 1812 2393 2421 121 58 1655 1153 115 401 95 1631 961 519 153 92 100 60 78 214
leaf_count=54908 6633 218 505 14984 88 10234 1440 66 50 64 498 1812 2393 2421 121 58 1655 1153 115 401 95 1631 961 519 153 92 100 60 78 214
internal_value=-1.89631e-05 0.00549809 0.0050439 -0.00268924 0.00636923 0.00873711 0.00358877 0.0307071 0.0415325 0.0220961 0.0288255 0.0018135 0.00320443 0.00639427 0.0246817 0.0301541 0.0116099 -0.00129854 0.00231329 0.0147369 0.0175313 0.00816577 0.00379407 0.00914531 0.018461 0.0241426 0.0013784 0.00958029 0.00979377 -4.20923e-06
internal_weight=103720 33828 32927 69892 26080 14085 11995 357 269 901 683 9835 8395 4914 619 219 2160 3481 2328 516 161 13728 3356 1725 764 611 2493 10372 10312 6847
internal_count=103720 33828 32927 69892 26080 14085 11995 357 269 901 683 9835 8395 4914 619 219 2160 3481 2328 516 161 13728 3356 1725 764 611 2493 10372 10312 6847
cat_boundaries=0 1
cat_threshold=13
is_linear=0
shrinkage=0.03


Tree=75
num_leaves=31
num_cat=1
split_feature=12 31 31 32 26 4 28 12 14 29 31 29 2 18 4 25 17 24 5 5 28 31 10 14 19 11 17 15 14 2
split_gain=1639.96 320.4 214.605 210.833 177.088 173.795 162.75 162.469 156.578 283.452 155.101 140.674 127.701 129.744 125.697 117.87 116.895 130.208 131.679 116.116 114.874 107.563 106.556 99.0437 96.8706 150.19 95.532 182.399 204.024 118.834
threshold=0.99000000953674328 6.2500000000000009 3.7500000000000004 0 1.1666666865348818 0.080274999141693129 1.1666666865348818 7.6224999427795419 1.2826499938964846 1.5500000119209292 12.250000000000002 2.3666666746139531 34.166666030883796 5.1633331775665292 1.1449999809265139 0.45000000298023229 0.63333335518836986 0.83333334326744091 0.50371667742729198 1.0178167223930361 0.41666667163372045 4.6499998569488534 4.0999999046325692 1.6323300004005434 8.5000000000000018 24.633333206176761 0.45000000298023229 0.77500000596046459 0.61601999402046215 20.166666984558109
decision_type=2 2 2 9 10 10 10 2 10 10 2 10 2 2 8 10 2 10 10 10 10 2 2 10 2 2 2 2 8 2
left_child=2 3 6 -2 8 7 -1 15 26 -10 12 23 13 -6 -12 -5 17 18 -15 -19 -17 -4 -23 -7 -9 -26 -3 28 -28 -30
right_child=1 4 21 5 10 11 -8 24 9 -11 14 -13 -14 16 -16 20 -18 19 -20 -21 -22 22 -24 -25 25 -27 27 -29 29 -31
leaf_value=-0.0042480658790146984 0.011132168728930955 0.011647717481143053 -0.0040623507497594066 0.010037247951971277 0.0041036408946666658 0.0061504992604638434 0.043089239584492907 0.00052066115848720075 -0.00094253409941224978 0.066217234901769062 0.059865840586095016 0.016091099559968802 -0.025890119993372967 -0.027677086598884598 0.0051962035716469606 -0.0056829321480494381 0.060910517188635736 0.036671266404220894 0.029382487343890328 0.0019273320855782892 0.0012812292212965664 -0.0027882323760563075 0.0019792758533806842 -0.0037063729416401915 0.020317436273028028 0.079711391472816459 0.063036807710556572 0.076272883123512991 0.020669549709828889 -0.022526625941781436
leaf_weight=111 2915 2302 41005 1233 3514 6782 159 120 94 142 87 1141 114 104 67 2402 55 248 56 133 18943 14464 5957 1061 164 50 74 59 176 85
leaf_count=111 2915 2302 41005 1233 3514 6782 159 120 94 142 87 1141 114 104 67 2402 55 248 56 133 18943 14464 5957 1061 164 50 74 59 176 85
internal_value=5.63541e-05 0.00461969 -0.00305912 0.00342069 0.0103295 0.00271159 0.0236283 0.00132577 0.0160352 0.0394672 0.00650824 0.00624891 0.00543007 0.0062988 0.036081 0.00101851 0.0192414 0.0150052 -0.00770624 0.0245428 0.000497537 -0.00317643 -0.0013975 0.00481706 0.0220961 0.0341945 0.013984 0.0276343 0.0190681 0.00660183
internal_weight=103817 42121 61696 34811 7310 31896 270 22912 2932 236 4378 8984 4224 4110 154 22578 596 541 160 381 21345 61426 20421 7843 334 214 2696 394 335 261
internal_count=103817 42121 61696 34811 7310 31896 270 22912 2932 236 4378 8984 4224 4110 154 22578 596 541 160 381 21345 61426 20421 7843 334 214 2696 394 335 261
cat_boundaries=0 1
cat_threshold=8
is_linear=0
shrinkage=0.03


Tree=76
num_leaves=31
num_cat=2
split_feature=20 31 32 3 29 10 19 13 20 3 28 23 13 19 8 29 13 31 29 32 14 13 19 29 3 25 5 28 5 2
split_gain=1624.56 413.043 283.22 223.472 203.784 137.345 124.903 119.842 112.576 156.753 101.738 86.3045 90.8703 101.213 88.1161 211.109 84.2183 77.9651 84.7387 82.6913 81.9281 77.0732 75.3687 126.424 176.117 101.072 138.271 89.1812 76.2325 129.658
threshold=1.0000000180025095e-35 6.2500000000000009 0 2.9166667461395268 0.77500000596046459 45.100000381469734 2.5000000000000004 0.2404424995183945 3.5000000000000004 4.0416667461395273 0.58333334326744091 2.7083333730697636 0.12001200020313264 16.500000000000004 0.58333334326744091 1.7749999761581423 0.03807600028812886 4.0499999523162851 0.55000001192092907 1 1.657083332538605 0.42099998891353613 34.500000000000007 2.3666666746139531 4.3166668415069589 1.3666666746139529 0.72003334760665905 1.8333333134651186 1.0334333181381228 12.166666507720949
decision_type=2 2 9 2 8 2 2 8 2 2 8 10 8 2 2 10 10 2 10 9 10 10 2 10 2 10 10 10 10 2
left_child=5 2 -2 17 21 -1 7 -6 9 -9 16 14 -13 -14 -7 -16 -5 -4 -19 20 -20 -3 28 25 -25 26 27 -24 -12 -30
right_child=1 4 3 10 6 11 -8 8 -10 -11 22 12 13 -15 15 -17 -18 18 19 -21 -22 -23 23 24 -26 -27 -28 -29 29 -31
leaf_value=-0.0033010465429608501 0.01224465041558322 0.0017256819802769733 -0.0091423345266344221 -0.008162313080877958 0.0072228795097305848 9.2206297886447271e-05 0.012749690904814972 0.027071923116842905 0.020964977580297271 0.096475623194128265 0.0074720891204264157 -0.0036545859463512896 0.0097103481760171979 0.060017580076212614 0.00076878223155068637 0.063969336668057222 0.0068511381726563099 -0.0071227602700583035 0.0049446694005224404 -0.0003565053171423475 -0.010628366646765966 -0.025102633355693384 0.021722306083968797 0.0030998677535913886 0.079050791419920372 0.0016005649171810556 0.050627439595362471 -0.022884208484503784 0.010511160059108179 -0.0018185222993134518
leaf_weight=58684 3009 778 740 835 116 4412 5243 54 96 64 7536 92 73 71 164 67 563 1131 5754 9588 321 110 138 50 61 455 111 57 1129 2398
leaf_count=58684 3009 778 740 835 116 4412 5243 54 96 64 7536 92 73 71 164 67 563 1131 5754 9588 321 110 138 50 61 455 111 57 1129 2398
internal_value=8.93969e-05 0.00479843 0.00347265 0.00261272 0.0117497 -0.00289895 0.0138764 0.0317782 0.0450886 0.0647146 0.00554083 0.00193743 0.0196351 0.0345146 0.00103787 0.0190997 -0.00211612 0.000387648 0.000807571 0.00138021 0.00411502 -0.00159765 0.00643772 0.0149292 0.0448387 0.0105666 0.0238984 0.00868348 0.00576841 0.00212823
internal_weight=103900 40337 33876 30867 6461 63563 5573 330 214 118 13333 4879 236 144 4643 231 1398 17534 16794 15663 6075 888 11935 872 111 761 306 195 11063 3527
internal_count=103900 40337 33876 30867 6461 63563 5573 330 214 118 13333 4879 236 144 4643 231 1398 17534 16794 15663 6075 888 11935 872 111 761 306 195 11063 3527
cat_boundaries=0 1 2
cat_threshold=9 2
is_linear=0
shrinkage=0.03


Tree=77
num_leaves=31
num_cat=1
split_feature=21 31 30 31 32 26 20 29 23 1 4 2 7 31 30 29 7 26 1 26 18 31 30 19 26 14 29 9 13 24
split_gain=1423.95 325.808 194.898 180.688 169.547 169.144 155.341 128.312 121.096 181.045 115.348 113.116 145.991 126.235 142.359 111.919 110.979 110.38 108.618 106.677 97.0387 105.061 129.087 96.1517 125.376 102.314 107.01 105.875 93.2109 112.384
threshold=2.5000000000000004 6.2500000000000009 1.0000000180025095e-35 2.5499999523162846 0 1.5833333134651186 14.500000000000002 1.8999999761581423 1.1000000238418581 78.833332061767592 0.39031165838241583 4.1666667461395273 1.0000000180025095e-35 7.8500001430511483 1.0000000180025095e-35 1.1000000238418581 0.58333334326744091 0.58333334326744091 52.416666030883796 0.41666667163372045 7.6055555343627939 0.65000000596046459 1.0000000180025095e-35 9.5000000000000018 2.8333333730697636 0.63839000463485729 1.1000000238418581 2.4500000476837163 0.3261720091104508 0.83333334326744091
decision_type=2 2 2 2 9 8 2 10 10 2 10 2 2 2 2 10 2 10 2 10 2 2 2 2 10 8 10 2 10 10
left_child=3 2 4 20 -2 7 8 -3 19 10 -10 17 13 -13 -15 -6 28 -9 -5 -4 21 -1 -23 25 -25 26 -11 -27 29 -14
right_child=1 5 6 18 15 -7 -8 11 9 23 -12 12 16 14 -16 -17 -18 -19 -20 -21 -22 22 -24 24 -26 27 -28 -29 -30 -31
leaf_value=-0.0048846586545308428 0.01055511418098673 0.011311999617076263 0.012492087421588628 -0.0032861521723111572 -0.0037947105961392957 0.0047916839537639469 0.045729714589960432 0.041479125000536445 0.0027861443658292093 0.050747866907048148 0.028310874399115761 0.031001600439303972 0.052469362410632048 0.032528102911180919 0.099408769861596524 0.0015991623473041862 0.043092117669542185 -0.010597338284345439 0.0046407047298285785 0.00067595566781168215 -0.015055949205861372 0.015188411566856744 0.070162941088434308 0.01522632945954876 -0.008877100481981471 0.013219732915698564 0.0079173940694467586 -0.0075216505788355077 -0.020259030294294159 -0.0015217387355229957
leaf_weight=54 1462 2813 774 60242 5028 2839 85 50 5611 77 164 298 55 54 61 11117 89 137 1597 6163 51 74 80 3397 206 341 165 632 90 94
leaf_count=54 1462 2813 774 60242 5028 2839 85 50 5611 77 164 298 55 54 61 11117 89 137 1597 6163 51 74 80 3397 206 341 165 632 90 94
internal_value=-9.52015e-05 0.00418536 0.00304061 -0.00297671 0.000808497 0.0103131 0.00527171 0.0145032 0.00507554 0.00709331 0.003511 0.0241764 0.029438 0.0413049 0.0680039 -8.05891e-05 0.0144959 0.00332685 -0.00308144 0.00199435 0.0220284 0.0311212 0.0437466 0.0113872 0.0138482 0.00408905 0.0215453 -0.000252574 0.00384711 0.0184079
internal_weight=103900 41802 35222 62098 17607 6580 17615 3741 17530 10593 5775 928 741 413 115 16145 328 187 61839 6937 259 208 154 4818 3603 1215 242 973 239 149
internal_count=103900 41802 35222 62098 17607 6580 17615 3741 17530 10593 5775 928 741 413 115 16145 328 187 61839 6937 259 208 154 4818 3603 1215 242 973 239 149
cat_boundaries=0 1
cat_threshold=8
is_linear=0
shrinkage=0.03


Tree=78
num_leaves=31
num_cat=2
split_feature=21 31 32 4 31 12 26 31 10 19 4 9 31 23 1 23 31 31 30 22 26 26 30 30 13 1 23 12 19 32
split_gain=1356.46 345.394 234.962 208.392 201.393 196.961 142.953 147.948 133.797 126.679 126.432 147.346 130.406 111.482 111.229 116.651 108.378 115.609 103.64 102.883 104.319 99.9922 133.919 98.7957 139.575 148.605 128.457 180.364 181.041 118.875
threshold=1.0000000180025095e-35 6.2500000000000009 0 0.080274999141693129 2.5499999523162846 7.6224999427795419 1.5833333134651186 13.050000190734865 89.90000152587892 4.5000000000000009 0.2470616698265076 3.8999999761581425 7.2500000000000009 1.5500000119209292 53.166666030883796 2.8999999761581425 11.750000000000002 12.949999809265138 1.0000000180025095e-35 1.5833333134651186 0.83333334326744091 1.1666666865348818 1.0000000180025095e-35 1.0000000180025095e-35 0.63549998402595531 66.166667938232436 1.7749999761581423 6.1449999809265146 10.500000000000002 1
decision_type=2 2 9 10 2 2 10 2 2 2 8 2 2 10 2 10 2 2 2 10 8 10 2 2 10 2 10 2 2 9
left_child=4 2 -2 5 9 18 7 8 23 -1 -10 12 -12 -7 -6 -16 -8 -18 -4 20 -13 -11 -23 24 25 -3 27 -25 -29 -27
right_child=1 6 3 -5 14 13 16 -9 10 21 11 19 -14 -15 15 -17 17 -19 -20 -21 -22 22 -24 26 -26 29 -28 28 -30 -31
leaf_value=0.062778002776331818 0.011058851289722558 0.012755490792813474 -0.0014304852742030591 0.0062646198190067287 -0.0031685869779468552 0.0032049510609857474 0.00388629616080378 0.063109194051812992 -0.0014196564244622943 0.03858085501790047 0.037130790473783717 -0.028232152640427412 0.098188889014720906 0.038255946017393121 0.0033974270601310301 0.046090813994407648 0.043085814598341314 -0.0099000134691596027 0.0024797517104717297 0.036046769943916139 0.024101826472337856 -0.039076756255193183 0.028760911399126052 0.016851464500406605 0.047678213785676389 -0.02341994481952861 0.0075045590400396583 0.098844921781736261 0.032499042805284262 0.0025041897456098043
leaf_weight=59 2950 778 12200 8581 59166 140 2709 55 119 75 85 57 50 196 1439 60 129 52 12202 216 86 55 50 596 68 230 747 51 135 473
leaf_count=59 2950 778 12200 8581 59166 140 2709 55 119 75 85 57 50 196 1439 60 129 52 12202 216 86 55 50 596 68 230 747 51 135 473
internal_value=2.24716e-05 0.00410826 0.0029569 0.00223558 -0.00285584 0.000838906 0.010401 0.0142685 0.0135407 0.0246288 0.0263397 0.0330267 0.0597449 0.0236514 -0.00296412 0.0051063 0.00538797 0.0278634 0.000524793 0.0229795 0.00324143 0.0121244 -0.0067731 0.0109917 0.00565179 0.00372215 0.0164015 0.0249002 0.0506907 -0.00627491
internal_weight=103809 42905 36269 33319 60904 24738 6636 3746 3691 239 613 494 135 336 60665 1499 2890 181 24402 359 143 180 105 3078 1549 1481 1529 782 186 703
internal_count=103809 42905 36269 33319 60904 24738 6636 3746 3691 239 613 494 135 336 60665 1499 2890 181 24402 359 143 180 105 3078 1549 1481 1529 782 186 703
cat_boundaries=0 1 2
cat_threshold=8 4
is_linear=0
shrinkage=0.03


Tree=79
num_leaves=31
num_cat=0
split_feature=21 31 31 21 30 29 19 31 3 14 3 1 11 9 2 3 3 22 31 21 28 4 19 4 3 1 21 21 18 3
split_gain=1373.38 283.928 162.556 171.715 146.658 135.696 130.163 124.839 116.217 116.181 114.082 105.514 103.638 100.481 160.577 106.245 99.6164 92.4134 131.478 91.9219 96.8213 156.292 96.4749 116.963 117.771 90.0279 113.872 103.004 97.4253 89.2792
threshold=1.0000000180025095e-35 5.0499999523162851 4.0499999523162851 86.500000000000014 1.0000000180025095e-35 0.70833334326744091 5.5000000000000009 2.5499999523162846 11.083333492279055 1.6323300004005434 9.616666793823244 52.416666030883796 15.22499990463257 3.3666666746139531 21.166666984558109 2.6166666746139531 9.5166668891906756 1.8333333134651186 0.65000000596046459 76.500000000000014 2.1666666269302373 0.56050834059715282 30.500000000000004 0.31025166809558874 7.6833331584930429 66.416667938232436 52.500000000000007 34.500000000000007 2.2535713911056523 6.7166664600372323
decision_type=2 2 2 2 2 10 2 2 2 8 2 2 2 2 2 2 2 10 2 2 8 10 2 10 2 2 2 2 2 2
left_child=7 2 -2 9 5 -5 -6 17 10 -4 16 -9 -10 -8 29 -16 19 18 -1 25 -21 22 23 24 -22 28 27 -27 -3 -15
right_child=1 8 3 4 6 -7 13 11 12 -11 -12 -13 -14 14 15 -17 -18 -19 -20 20 21 -23 -24 -25 -26 26 -28 -29 -30 -31
leaf_value=-0.0068915488688569325 -0.0081510620911021629 0.003439685462177421 0.0016736120498078541 -0.009571657719790478 -0.0022354275343014389 0.0034320126398577773 0.0074816130199098088 -0.0029952766732777823 0.057448226963651594 -0.0057869375837014394 -0.0063929106605549648 0.0049040853273270776 0.01555207410078108 0.025982364655199382 0.037074591991092476 -0.0028061069051643281 0.046221941961296677 -0.0117763018514961 0.048750579397611571 0.0073969048598753881 0.017991536881293225 0.056138510327786204 -0.00062644126706984252 -0.0053485934164642628 0.056451215413822371 0.0039411798211150479 0.0020539764485304869 -0.031002810937004969 0.011510140538443797 -0.015190757668018341
leaf_weight=57 1318 4144 6798 829 924 5608 3995 59188 58 2596 594 1562 634 911 70 426 58 64 116 8489 1033 80 356 181 77 122 1330 201 1994 50
leaf_count=57 1318 4144 6798 829 924 5608 3995 59188 58 2596 594 1562 634 911 70 426 58 64 116 8489 1033 80 356 181 77 122 1330 201 1994 50
internal_value=0.000185121 0.00429944 0.0020853 0.00269284 0.00495165 0.00175731 0.00817656 -0.00270739 0.00699117 -0.000388086 0.00654344 -0.00279217 0.0190636 0.00994117 0.0166851 0.00282222 0.00696881 0.0190235 0.0304176 0.00684237 0.0087142 0.0151893 0.0132003 0.0170131 0.0206595 0.00438793 -0.00182635 -0.0178042 0.00606147 0.0238402
internal_weight=103863 42876 23525 22207 12813 6437 6376 60987 19351 9394 18659 60750 692 5452 1457 496 18065 237 173 18007 10216 1727 1647 1291 1110 7791 1653 323 6138 961
internal_count=103863 42876 23525 22207 12813 6437 6376 60987 19351 9394 18659 60750 692 5452 1457 496 18065 237 173 18007 10216 1727 1647 1291 1110 7791 1653 323 6138 961
is_linear=0
shrinkage=0.03


Tree=80
num_leaves=31
num_cat=0
split_feature=21 31 31 31 30 9 28 31 29 5 31 9 2 18 12 12 27 10 28 6 9 9 27 29 25 5 1 3 0 27
split_gain=1238.95 299.831 222.614 166.927 149.147 142.72 140.443 137.731 132.731 131.418 127.995 177.042 119.193 117.564 119.93 112.953 111.932 152.541 108.051 101.111 138.303 103.961 99.5028 99.2425 125.241 107.901 96.6092 131.555 123.117 129.576
threshold=71.500000000000014 5.4500000476837167 4.7500000000000009 2.5499999523162846 1.0000000180025095e-35 4.9000000953674325 2.5833333730697636 10.449999809265138 0.70833334326744091 0.18708333373069766 8.7500000000000018 3.1000000238418584 5.5833332538604745 9.7750000953674334 12.444999694824221 10.110000133514406 1.6333333253860476 81.90000152587892 1.1666666865348818 0.83333334326744091 7.0999999046325692 5.7083332538604745 1.7083333134651186 1.8999999761581423 2.7083333730697636 0.41759999096393591 67.416667938232436 2.2416666746139531 1.8333333134651186 0.45000000298023229
decision_type=2 2 2 2 2 2 8 2 8 8 2 2 2 2 2 2 8 2 10 2 2 2 8 10 10 8 2 2 2 10
left_child=1 3 4 5 22 -1 9 15 -4 -6 -10 12 -12 14 19 16 17 26 -7 20 21 -13 23 -2 25 -25 27 -3 29 -29
right_child=2 7 8 -5 6 18 -8 -9 10 -11 11 13 -14 -15 -16 -17 -18 -19 -20 -21 -22 -23 -24 24 -26 -27 -28 28 -30 -31
leaf_value=0.054066005134955047 -0.0021795224226203195 0.0020599372825690714 0.00077151255467110399 -0.0028720177222146862 0.021488518993355681 -0.026201031698008716 0.021364759805024062 0.025640016116718824 0.0077556815854007092 0.0023943073937045438 0.010245317901080509 0.0038856204888042139 0.064697500931981358 0.055877220821830463 -0.032146017535736683 0.046145106846323378 -0.002478280284238704 0.042547486483395756 0.027908025995681162 0.041752159397853046 -0.036432304983692508 0.036189796787708305 -0.0078585944020607337 0.04021549356428699 -0.030734412582083183 0.0082786736471983334 -0.0095443573467200622 0.067597208536333497 0.0059689528668005355 0.018627035677814398
leaf_weight=84 2379 5211 2357 64692 352 59 456 227 14645 4139 53 294 114 53 57 52 3643 91 76 95 56 129 1656 108 66 804 480 54 1074 489
leaf_count=84 2379 5211 2357 64692 352 59 456 227 14645 4139 53 294 114 53 57 52 3643 91 76 95 56 129 1656 108 66 804 480 54 1074 489
internal_value=-2.03812e-05 -0.00199777 0.0053994 -0.0027835 0.00180605 0.0233639 0.00550158 0.00250736 0.00740409 0.00389089 0.00841293 0.0197236 0.0474163 0.0129624 0.00935781 0.00203403 0.0018263 0.00394572 0.00426036 0.0134793 0.00787191 0.0137372 -0.00184083 0.00112772 0.00917265 0.0120607 0.00346505 0.00437959 0.011855 0.023497
internal_weight=104045 76232 27813 64911 9960 219 4947 11321 17853 4491 15496 851 167 684 631 11094 11042 7399 135 574 479 423 5013 3357 978 912 7308 6828 1617 543
internal_count=104045 76232 27813 64911 9960 219 4947 11321 17853 4491 15496 851 167 684 631 11094 11042 7399 135 574 479 423 5013 3357 978 912 7308 6828 1617 543
is_linear=0
shrinkage=0.03


Tree=81
num_leaves=31
num_cat=3
split_feature=3 27 31 30 31 27 29 12 11 31 6 1 12 14 1 10 32 20 2 5 19 32 2 23 29 31 32 5 26 22
split_gain=1167.9 272.29 213.625 195.465 168.431 154.622 145.046 138.603 191.857 141.698 143.81 158.527 131.652 171.714 152.334 122.983 116.445 111.236 111.21 106.848 103.904 103.086 102.71 140.805 104.646 95.1484 144.626 158.674 129.01 122.435
threshold=1.7166666984558108 3.1000000238418584 10.150000095367433 1.0000000180025095e-35 4.6499998569488534 1.8999999761581423 0.55000001192092907 3.370833277702332 8.3666663169860858 10.650000095367433 0.83333334326744091 89.583332061767592 5.810000181198121 1.5782299637794497 49.166666030883796 7.0999999046325692 0 13.500000000000002 16.166666984558109 1.5841667056083681 2.5000000000000004 1 28.833333015441898 1.8999999761581423 1.5500000119209292 5.0499999523162851 2 2.0883332490921025 1.1666666865348818 3.1666666269302373
decision_type=2 10 2 2 2 10 10 2 2 2 2 2 2 8 2 2 9 2 2 8 2 9 2 10 10 2 9 8 10 10
left_child=4 2 3 5 18 25 19 -4 -9 -10 -11 -12 17 14 -14 -6 -17 -8 -1 -5 -15 -3 23 -16 -24 -2 27 28 -27 -29
right_child=1 21 7 6 15 -7 12 8 9 10 11 -13 13 20 22 16 -18 -19 -20 -21 -22 -23 24 -25 -26 26 -28 29 -30 -31
leaf_value=-0.003361984444500954 0.0013373182882947803 -0.024690873255628132 -0.025939040004082443 0.0075770329113111256 -0.0019498979102948492 -0.0031617409413308302 0.0064482133451018182 0.075678690452128647 0.058660460365181029 0.0058992149073977106 0.071536902090764201 0.0081161081337410464 -0.026702183443639012 0.04028546719956589 0.019121724585377958 0.014459033016940435 0.0014205712040627227 0.047396003145724536 0.021313012249767779 -0.012953202035037518 0.0034662594398755611 -0.002364988172278348 0.023200986683368681 0.042433790484385399 -0.029071560889482498 0.019929981529712676 0.0044280229777036743 0.021981303506219293 -0.011516008759518304 0.066050097346305847
leaf_weight=44383 6120 351 53 394 15581 3510 12227 60 74 430 73 69 54 74 589 647 10137 60 165 542 1017 404 81 386 60 223 5006 571 248 63
leaf_count=44383 6120 351 53 394 15581 3510 12227 60 74 430 73 69 54 74 589 647 10137 60 165 542 1017 404 81 386 60 223 5006 571 248 63
internal_value=1.79299e-05 0.0047046 0.00512495 0.0047427 -0.00214581 0.00238857 0.0071359 0.0208507 0.0243633 0.0195971 0.0145435 0.0407198 0.00787239 0.0145252 0.0225087 -0.000245296 0.00221756 0.00664817 -0.00327059 -0.0043112 0.00596362 -0.0131027 0.0248899 0.0283509 0.000957349 0.00398138 0.00662933 0.0164134 0.00337243 0.0263604
internal_weight=103652 32739 31984 31225 70913 15741 15484 759 706 646 572 142 14548 2261 1170 26365 10784 12287 44548 936 1091 755 1116 975 141 12231 6111 1105 471 634
internal_count=103652 32739 31984 31225 70913 15741 15484 759 706 646 572 142 14548 2261 1170 26365 10784 12287 44548 936 1091 755 1116 975 141 12231 6111 1105 471 634
cat_boundaries=0 1 2 3
cat_threshold=8 6 10
is_linear=0
shrinkage=0.03


Tree=82
num_leaves=31
num_cat=2
split_feature=21 30 4 32 14 26 26 19 26 29 12 19 24 28 0 21 13 26 25 32 12 29 23 25 29 26 22 28 19 5
split_gain=1005.12 219.998 179.283 157.9 148.458 129.542 151.665 153.498 127.061 124.224 201.405 154.69 120.749 117.382 111.488 110.859 107.304 92.6872 102.779 92.2884 88.5614 87.687 125.158 88.1249 130.464 110.391 111.076 137.784 126.633 88.9454
threshold=1.0000000180025095e-35 1.0000000180025095e-35 0.086591664701700224 0 1.0000000180025095e-35 1.5833333134651186 1.1666666865348818 6.5000000000000009 3.1666666269302373 2.3666666746139531 4.2224998474121103 34.500000000000007 0.83333334326744091 3.1666666269302373 10.583333492279055 86.500000000000014 0.17012700438499453 1.5833333134651186 1.5500000119209292 1 6.2900002002716073 0.55000001192092907 3.7333333492279057 1.4499999880790713 3.5499999523162846 1.5833333134651186 2.1666666269302373 1.1666666865348818 31.500000000000004 1.7741666436195376
decision_type=2 2 10 9 8 10 10 2 10 8 2 2 10 8 2 2 8 10 10 9 2 8 10 10 10 10 10 10 2 10
left_child=19 3 4 -2 5 6 -3 -8 21 -5 -11 12 -12 16 -4 -9 -14 18 -18 -1 -7 -6 23 29 25 26 -25 -28 -29 -23
right_child=1 2 14 9 8 20 7 15 -10 10 11 -13 13 -15 -16 -17 17 -19 -20 -21 -22 22 -24 24 -26 -27 27 28 -30 -31
leaf_value=0.01562008951658383 0.010687301618171694 0.012939588130457567 0.0097978708146045663 -0.00027398273790813188 -0.0055963354526621613 -0.0015157008991010263 0.015777059084031025 0.034387621029487087 -0.011529866923930428 0.0017115812057573395 0.041944405411490956 0.066678575263136905 -0.018475146472959194 -0.020358941650998434 0.053519309669170741 0.093874687380709879 0.012276363072336698 0.0043723159991204737 0.063439026586711411 -0.0026595845893395906 0.032799271666444835 0.0071819702349001239 -0.032374212965369221 0.0027813152115701303 0.048091272612267248 -0.0042048065677253669 0.053254737757485016 -0.003303996675674404 0.049248882936727668 -0.016175475812703372
leaf_weight=240 1477 809 5461 17759 893 619 111 54 526 1568 131 63 59 95 53 59 61 100 84 60556 76 6728 84 3400 54 2127 88 175 54 150
leaf_count=240 1477 809 5461 17759 893 619 111 54 526 1568 131 63 59 95 53 59 61 100 84 60556 76 6728 84 3400 54 2127 88 175 54 150
internal_value=-0.000103912 0.00341112 0.0055528 0.00125702 0.00394572 0.0122508 0.0189883 0.0408339 0.00294066 0.000552153 0.00734385 0.0222366 0.0169539 0.00874896 0.0102181 0.0654472 0.0178452 0.0265917 0.0419154 -0.00258529 0.00223673 0.00349411 0.00412535 0.00436533 0.00167471 0.00124581 0.00436485 0.0213491 0.00908839 0.00667258
internal_weight=103714 42918 21521 21397 16007 1728 1033 224 14279 19920 2161 593 530 399 5514 113 304 245 145 60796 695 13753 12860 12776 5898 5844 3717 317 229 6878
internal_count=103714 42918 21521 21397 16007 1728 1033 224 14279 19920 2161 593 530 399 5514 113 304 245 145 60796 695 13753 12860 12776 5898 5844 3717 317 229 6878
cat_boundaries=0 1 2
cat_threshold=8 1
is_linear=0
shrinkage=0.03


Tree=83
num_leaves=31
num_cat=1
split_feature=21 31 31 27 29 31 28 25 9 26 14 27 20 26 31 14 11 12 20 26 8 20 28 18 32 18 21 2 13 2
split_gain=1100.68 234.751 226.83 155.497 170.284 150.794 131.698 154.199 134.715 145.007 137.284 120.163 113.602 114.384 162.226 117.625 145.373 150.784 111.287 108.202 112.141 103.483 158.639 95.8913 95.0842 92.1188 96.4796 126.519 91.0965 130.262
threshold=70.500000000000014 2.5499999523162846 4.5499999523162851 3.1000000238418584 1.2916666865348818 7.4500000476837167 1.8333333134651186 3.2916666269302373 3.3666666746139531 0.41666667163372045 1.6037799715995791 0.22500000149011615 -1.4999999999999998 1.1666666865348818 7.2500000000000009 0.54236000776290905 15.09999990463257 5.4366667270660409 15.500000000000002 3.8333333730697636 1.0000000180025095e-35 1.5000000000000002 1.1666666865348818 3.9607692956924443 0 3.0548048019409184 18.500000000000004 4.1666667461395273 0.49849499762058264 25.166666984558109
decision_type=2 2 2 10 10 2 10 10 2 8 10 8 2 8 2 10 2 2 2 10 2 2 10 2 9 2 2 2 8 2
left_child=1 21 -3 5 -5 6 8 -8 9 -2 -10 -7 -4 14 24 16 17 -16 28 20 -6 -1 -23 -17 -14 -26 -27 -28 -13 -30
right_child=3 2 12 4 19 11 7 -9 10 -11 -12 18 13 -15 15 23 -18 -19 -20 -21 -22 22 -24 -25 25 26 27 -29 29 -31
leaf_value=0.055077789381864556 0.01203304310747595 -0.0033887948748901457 -0.037450715067656071 -0.019899831632244066 0.020465184822678565 0.053868433719589597 0.008574684005720758 -0.028206078698500416 0.0083870642338022255 0.00038317546734470496 -0.0078416446250814363 0.022273615868537718 0.0072704338395874948 -0.0014672436912702984 0.011159933348443851 0.017255361393878333 -0.02619560619946136 0.064816888640908635 -0.023579123755070295 0.047651345729827876 -0.035137511379313917 -0.022926674314907618 0.039582205805285223 0.073879312774276035 -0.00058261161710668847 -0.0016195647408661078 0.062841992333139252 0.013866306353544055 0.003671786031899734 0.025833987976668527
leaf_weight=83 1059 42984 73 441 85 63 7538 104 5486 10454 513 664 1990 19169 622 57 86 51 77 59 53 63 87 51 9808 284 57 284 1049 309
leaf_count=83 1059 42984 73 441 85 63 7538 104 5486 10454 513 664 1990 19169 622 57 86 51 77 59 53 63 87 51 9808 284 57 284 1049 309
internal_value=1.19056e-05 -0.00186564 -0.00195841 0.00509963 -0.00954098 0.00544158 0.0047881 0.00807413 0.00335412 0.00145476 0.00699928 0.0130445 -6.84587e-05 1.56137e-05 0.00215443 0.0147009 0.0105327 0.0152261 0.0118192 0.0136481 -0.000889474 0.0282005 0.0133285 0.0439944 0.00127881 0.000128872 0.0112961 0.0220529 0.0131672 0.00871458
internal_weight=103703 75749 75516 27954 638 27316 25154 7642 17512 11513 5999 2162 32532 32459 13290 867 759 673 2099 197 138 233 150 108 12423 10433 625 341 2022 1358
internal_count=103703 75749 75516 27954 638 27316 25154 7642 17512 11513 5999 2162 32532 32459 13290 867 759 673 2099 197 138 233 150 108 12423 10433 625 341 2022 1358
cat_boundaries=0 1
cat_threshold=2
is_linear=0
shrinkage=0.03


Tree=84
num_leaves=31
num_cat=0
split_feature=20 27 29 9 19 18 29 29 27 14 8 29 20 18 23 23 4 9 10 18 0 27 26 19 11 2 28 23 12 16
split_gain=907.577 220.726 167.22 149.438 141.526 123.796 113.372 107.997 108.823 197.616 107.604 203.112 99.1609 94.3358 94.2015 126.703 95.8709 110.205 124.272 90.0349 89.4388 83.8613 180.106 217.62 90.1774 79.7668 119.667 108.738 89.4878 75.1854
threshold=1.0000000180025095e-35 1.6333333253860476 2.2916666269302373 6.3666667938232431 17.500000000000004 1.5303308963775637 0.77500000596046459 3.6333333253860478 0.45000000298023229 0.95633330941200267 0.58333334326744091 1.7749999761581423 1.5000000000000002 4.8360216617584237 2.2916666269302373 1.1000000238418581 0.086711667478084578 2.2250000238418584 44.100000381469734 3.5067567825317387 7.8333332538604745 3.1000000238418584 3.8333333730697636 1.5000000000000002 31.10000038146973 34.583333969116218 1.1666666865348818 2.3666666746139531 12.444999694824221 0.45000000298023229
decision_type=2 8 10 2 2 2 10 10 10 10 2 10 2 2 10 10 10 2 2 2 2 10 10 2 2 2 10 10 2 2
left_child=10 2 5 7 -5 -2 20 8 9 -4 -1 -12 -8 14 15 -10 19 18 -18 -17 -3 24 -23 -24 29 28 -27 -28 -7 -14
right_child=1 6 3 4 -6 25 12 -9 13 -11 11 -13 21 -15 -16 16 17 -19 -20 -21 -22 22 23 -25 -26 26 27 -29 -30 -31
leaf_value=-0.0024261563706106898 0.00093917675608426183 -0.006176611117809914 0.01397255787808031 0.012894736560615332 0.073319547413425001 0.0054794668352478263 -0.0020585761833213177 -0.018820741513501042 0.002970236688550911 0.063344969586964617 0.00052299426522839701 0.058493495993316172 0.0052015444588904948 -0.019232916631270199 -0.0054243303186323009 0.0086252594781380167 0.016645072524865658 0.016957109153686232 0.065965716340246477 0.037350007337264041 0.027715817904293848 -0.021186487494330365 -0.02906005147844553 0.046508422967125755 0.038741958068949839 0.056085132288081305 0.035440358393034839 -0.025922400828670051 -0.030347385818050021 -0.011609721344746648
leaf_weight=63299 7786 2621 326 74 66 15588 4033 115 927 94 198 75 5662 105 326 916 78 325 112 110 72 315 54 94 70 70 53 51 63 250
leaf_count=63299 7786 2621 326 74 66 15588 4033 115 927 94 198 75 5662 105 326 916 78 325 112 110 72 315 54 94 70 70 53 51 63 250
internal_value=-0.000111436 0.00340721 0.00495154 0.0109991 0.0413807 0.00403612 0.000219715 0.00976048 0.0107508 0.0250226 -0.0023451 0.016449 0.00163077 0.00868313 0.00973223 0.0117343 0.0170063 0.027568 0.0457183 0.0117049 -0.00527046 0.0039394 -0.00836111 0.0189361 0.00489145 0.00555983 0.0257601 0.00534901 0.00533525 0.00449065
internal_weight=103928 40356 27185 3574 140 23611 13171 3434 3319 420 63572 273 10478 2899 2794 2468 1541 515 190 1026 2693 6445 463 148 5982 15825 174 104 15651 5912
internal_count=103928 40356 27185 3574 140 23611 13171 3434 3319 420 63572 273 10478 2899 2794 2468 1541 515 190 1026 2693 6445 463 148 5982 15825 174 104 15651 5912
is_linear=0
shrinkage=0.03


Tree=85
num_leaves=31
num_cat=0
split_feature=21 23 24 18 27 29 27 24 5 22 11 20 4 10 5 5 17 9 12 17 5 26 4 28 19 22 13 4 28 19
split_gain=989.045 221.982 231.708 182.451 177.006 170.996 143.413 137.577 262.137 212.131 124.154 106.15 107.74 145.492 101.465 156.464 98.2712 95.156 104.167 90.4271 163.541 87.44 86.6498 86.7752 86.1684 85.8395 108.308 108.126 96.5192 257.032
threshold=69.500000000000014 3.1000000238418584 0.58333334326744091 0.14495798945426944 1.1000000238418581 1.1000000238418581 2.6333333253860478 1.5833333134651186 1.8136833906173708 2.8333333730697636 31.633333206176761 -1.4999999999999998 0.086711667478084578 82.633331298828139 1.0109833478927615 0.98030000925064098 0.90000000596046459 8.7750000953674334 9.426666736602785 0.45000000298023229 0.31801666319370275 1.1666666865348818 0.080274999141693129 0.58333334326744091 3.5000000000000004 2.5833333730697636 0.0040010001976042995 0.23343833535909655 1.1666666865348818 28.500000000000004
decision_type=2 10 10 2 8 8 10 10 8 10 2 2 10 2 10 10 2 2 2 2 8 10 8 10 2 10 10 10 10 2
left_child=3 4 21 24 25 6 10 9 -9 -4 -6 -5 -13 14 15 -14 17 18 22 20 -11 -3 -7 -24 -1 28 -27 -28 29 -2
right_child=1 2 7 11 5 16 -8 8 -10 19 -12 12 13 -15 -16 -17 -18 -19 -20 -21 -22 -23 23 -25 -26 26 27 -29 -30 -31
leaf_value=0.00065344652773861314 0.015257932847091501 0.086390673373233182 0.057682851040187999 -0.033240475284642183 0.00017832681074402479 0.0011530604711063907 -0.012121972357161028 0.00061400371789932246 0.069977393083112391 0.03061932647153735 0.046312171940533615 -0.00065698210757517638 0.0052696762659039109 0.041639921156268925 -0.0053875735638563276 0.053800156565352537 0.034670480329430459 0.039515103795698711 -0.012919903461369547 0.025323684987212929 -0.030862546456152232 0.036996742249108275 -0.01753003956446814 0.0073022069924144227 -0.0036173689918361229 0.027785620023055652 -0.0080425016395747652 0.024954730495317091 0.0046803064341566789 -0.0078577303105719989
leaf_weight=4837 2491 55 51 87 5573 3637 927 105 92 50 53 31289 3014 93 867 61 99 70 303 56 176 78 129 6953 35141 412 219 151 6107 524
leaf_count=4837 2491 55 51 87 5573 3637 927 105 92 50 53 31289 3014 93 867 61 99 70 303 56 176 78 129 6953 35141 412 219 151 6107 524
internal_value=8.37621e-05 0.00486473 0.0220192 -0.00171165 0.00445337 0.00266003 -0.00118857 0.0131349 0.0330071 0.00137871 0.000612933 -0.000143519 -6.20035e-05 0.0045517 0.00367671 0.00623239 0.00491361 0.00464802 0.00442659 -0.00880396 -0.0172604 0.0574228 0.00491693 0.00684988 -0.00310064 0.00766632 0.0172053 0.00542394 0.00684857 0.0112405
internal_weight=103700 28311 663 75389 27648 17744 6553 530 197 333 5626 35411 35324 4035 3942 3075 11191 11092 11022 282 226 133 10719 7082 39978 9904 782 370 9122 3015
internal_count=103700 28311 663 75389 27648 17744 6553 530 197 333 5626 35411 35324 4035 3942 3075 11191 11092 11022 282 226 133 10719 7082 39978 9904 782 370 9122 3015
is_linear=0
shrinkage=0.03


Tree=86
num_leaves=31
num_cat=2
split_feature=1 30 31 31 31 17 7 10 29 14 4 29 23 31 18 29 32 27 2 24 10 19 10 7 2 23 27 32 2 18
split_gain=881.312 204.602 229.575 168.221 163.844 136.892 173.018 171.534 167.436 134.626 144.606 134.645 112.631 102.364 180.136 126.59 95.6562 93.4538 123.829 90.9045 89.2096 94.186 89.0448 156.255 88.5099 87.0308 173.483 86.2739 113.013 126.745
threshold=35.833333969116218 1.0000000180025095e-35 10.449999809265138 4.5499999523162851 4.7500000000000009 1.0000000180025095e-35 0.58333334326744091 86.90000152587892 1.1000000238418581 0.49838000535964971 0.086591664701700224 2.3666666746139531 2.5499999523162846 3.7500000000000004 1.5779352784156802 1.8999999761581423 0 1.1000000238418581 13.166666507720949 3.4166666269302373 1.0000000180025095e-35 4.5000000000000009 84.90000152587892 1.0000000180025095e-35 27.833333015441898 1.0000000180025095e-35 1.0000000180025095e-35 1 20.166666984558109 2.5491935014724736
decision_type=2 2 2 2 2 2 2 2 10 8 10 10 10 2 2 10 9 10 2 10 2 2 2 2 2 10 8 9 2 2
left_child=3 4 9 13 25 -4 7 8 -7 -3 16 -12 22 14 -1 -16 -11 18 -6 24 21 -5 -13 -24 -18 -2 -27 28 29 -20
right_child=1 2 5 20 17 6 -8 -9 -10 10 11 12 -14 -15 15 -17 19 -19 27 -21 -22 -23 23 -25 -26 26 -28 -29 -30 -31
leaf_value=0.066544051516056052 -0.030863861352700042 0.012631795438376867 -0.012359205515547233 0.0050615485666056451 0.0021001101145205875 0.031594563807835277 -0.0071240795457637625 0.01877158689087835 0.10034705180302261 -0.00040498910628840746 0.007296997254650878 0.018756164002037178 -0.013845757218659854 -0.0032768888318853609 -0.0082474542325467193 0.04536233551361981 0.0064062687703850202 0.0016088352175813328 0.0096622828968601047 -0.019276210536164316 0.0015239111292986213 -0.0029200784890327089 0.067254292151694178 0.0059570100197666575 -0.021929063265682152 0.051963498404003536 -0.002566546319007931 0.0083601440667435811 0.004998300406629237 0.045663728151894817
leaf_weight=50 96 2193 55 1514 2144 53 57 87 80 4744 3958 296 64 41515 178 51 5614 7505 140 132 14170 10984 109 57 101 53 5660 1516 214 237
leaf_count=50 96 2193 55 1514 2144 53 57 87 80 4744 3958 296 64 41515 178 51 5614 7505 140 132 14170 10984 109 57 101 53 5660 1516 214 237
internal_value=1.55161e-05 0.0038758 0.00616186 -0.00196729 0.00158518 0.0308722 0.0394561 0.0515246 0.0729494 0.00568677 0.00467646 0.00919212 0.0234524 -0.00315518 0.0149557 0.00369184 0.00276463 0.00362191 0.00717593 0.0053279 -0.000105637 -0.00195319 0.0286192 0.0462064 0.0059055 -0.00253667 -0.00206067 0.0123409 0.0220377 0.0322945
internal_weight=103627 35165 17600 68462 17565 332 277 220 133 17268 15075 4484 526 41794 279 229 10591 11756 4251 5847 26668 12498 462 166 5715 5809 5713 2107 591 377
internal_count=103627 35165 17600 68462 17565 332 277 220 133 17268 15075 4484 526 41794 279 229 10591 11756 4251 5847 26668 12498 462 166 5715 5809 5713 2107 591 377
cat_boundaries=0 1 2
cat_threshold=36 2
is_linear=0
shrinkage=0.03


Tree=87
num_leaves=31
num_cat=0
split_feature=21 31 19 30 31 27 22 19 9 29 28 24 31 9 29 9 4 4 20 28 25 2 20 28 2 22 2 10 21 22
split_gain=931.572 191.382 195.566 179.92 167.829 158.344 159.715 134.131 155.509 130.718 145.863 130.071 128.11 123.996 121.366 129.493 138.78 110.163 108.543 105.86 120.627 104.909 99.028 98.0373 158.238 140.091 104.866 104.444 101.987 119.317
threshold=69.500000000000014 6.0499999523162851 2.5000000000000004 1.0000000180025095e-35 4.5499999523162851 1.7083333134651186 3.1666666269302373 6.5000000000000009 3.3666666746139531 1.8999999761581423 2.5833333730697636 0.83333334326744091 3.7500000000000004 1.8999999761581423 0.77500000596046459 8.7750000953674334 0.80833333730697643 0.70499998331069957 2.5000000000000004 3.8333333730697636 0.55000001192092907 36.583333969116218 -1.4999999999999998 0.83333334326744091 18.583333015441898 2.1666666269302373 24.583333015441898 23.633333206176761 76.500000000000014 3.8333333730697636
decision_type=2 2 2 2 2 8 10 2 2 10 10 10 2 2 10 2 10 10 2 10 10 2 2 10 2 10 2 2 2 10
left_child=4 3 18 5 12 6 9 -5 -9 10 -2 -8 13 -1 -4 16 17 23 -3 20 -11 -17 -6 24 25 -16 -26 -25 -29 -30
right_child=1 2 14 7 22 -7 11 8 -10 19 -12 -13 -14 -15 15 21 -18 -19 -20 -21 -22 -23 -24 27 26 -27 -28 28 29 -31
leaf_value=0.058930554964507997 -0.0005627692283831986 0.053274468927463486 -0.0039604985942759616 -0.00098172529930384464 -0.036255858821027415 -0.0042012347434258815 0.055661716254243813 0.0050501768476429697 0.013323084556057973 0.048297283409597117 0.035647366362459521 0.01002441837319306 -0.0030803954450090969 0.0077547818883243243 0.024432526562843591 0.062773520416021356 -0.020636265872253312 0.041382615691423416 0.017570587126694244 -0.020600590861509911 0.0090055761479268075 0.0085062909977776657 -1.4533044056602592e-05 0.045727236146728197 -0.015908275176006466 0.074168234789957765 0.028585864439908716 -0.0099925258396593407 0.0092860571299980717 -0.034931976917598924
leaf_weight=52 5436 134 624 1978 68 3775 91 6640 2955 73 102 147 43174 236 310 75 135 100 179 104 1916 56 32181 63 134 61 74 298 2853 56
leaf_count=52 5436 134 624 1978 68 3775 91 6640 2955 73 102 147 43174 236 310 75 135 100 179 104 1916 56 32181 63 134 61 74 298 2853 56
internal_value=6.67391e-06 0.00464331 0.00987408 0.00348257 -0.00173068 0.000849698 0.00327279 0.0061316 0.00759801 0.00251798 0.000104156 0.027474 -0.00294737 0.0169949 0.00838755 0.0102156 0.00927383 0.0102963 0.032856 0.00890488 0.0104477 0.0395753 -9.09512e-05 0.00948869 0.020867 0.0326101 -7.86294e-05 0.007474 0.00672253 0.00843483
internal_weight=104080 28369 5152 23217 75711 11644 7869 11573 9595 7631 5538 238 43462 288 4839 4215 4084 3949 313 2093 1989 131 32249 3849 579 371 208 3270 3207 2909
internal_count=104080 28369 5152 23217 75711 11644 7869 11573 9595 7631 5538 238 43462 288 4839 4215 4084 3949 313 2093 1989 131 32249 3849 579 371 208 3270 3207 2909
is_linear=0
shrinkage=0.03


Tree=88
num_leaves=31
num_cat=1
split_feature=21 31 3 31 28 24 18 10 28 23 22 29 31 20 16 3 27 32 5 5 5 28 27 10 1 1 1 25 31 4
split_gain=786.314 204.8 202.46 165.703 165.602 161.531 155.027 184.024 148.33 139.894 134.624 128.202 131.685 118.946 118.096 143.143 104.552 94.5286 121.535 89.8526 83.9115 89.9492 82.3337 78.4847 104.222 104.172 98.4616 93.8968 84.4455 112.783
threshold=75.500000000000014 5.4500000476837167 11.083333492279055 4.5499999523162851 0.58333334326744091 0.41666667163372045 4.2029411792755136 85.224998474121108 1.8333333134651186 1.0000000180025095e-35 1.8333333134651186 2.2916666269302373 4.0499999523162851 -1.4999999999999998 0.45000000298023229 10.341666698455812 2.8999999761581425 0 1.3909166455268862 1.3909166455268862 1.9750000238418581 2.1666666269302373 1.0000000180025095e-35 4.0999999046325692 65.416667938232436 79.833332061767592 52.416666030883796 0.77500000596046459 6.5499999523162851 0.22688166797161105
decision_type=2 2 2 2 10 10 2 2 8 10 10 10 2 2 2 2 10 9 10 10 10 10 8 2 2 2 2 10 2 8
left_child=2 4 3 -1 16 6 7 8 -3 -6 -10 12 -11 -5 15 -8 19 18 -14 -2 -7 -22 -15 -24 26 -26 -25 -27 -28 -30
right_child=1 5 -4 13 9 20 14 -9 10 11 -12 -13 17 22 -16 -17 -18 -19 -20 -21 21 -23 23 24 25 27 28 -29 29 -31
leaf_value=-0.0027827114619793105 -0.0064925094539446358 0.011499304030328355 0.049482077785900656 -0.037467629518604981 -0.020929269358657708 0.0059598366380076229 0.029256113615369728 -0.00981374390697793 0.017940303465750599 -0.010221726553039464 0.083721715235151345 0.011323270249328773 0.014805986644841267 0.013774078476393585 -5.376966670155525e-05 0.075370464440590382 -0.028064578107612974 0.0026408856943673379 -0.0025560416818968951 0.011527469574823045 0.014508842936722118 0.059965935444831843 -0.0017108282766681586 0.0011001352414620844 -0.008189597530217323 0.034928236285160327 0.0048123508781757647 0.0013362386864722536 0.041320421430975834 0.0096808130212303594
leaf_weight=43547 1466 376 70 76 205 6744 382 285 56 645 56 1900 1323 392 96 72 170 11462 500 300 181 50 14506 13699 1814 87 2010 538 141 361
leaf_count=43547 1466 376 70 76 205 6744 382 285 56 645 56 1900 1323 392 96 72 170 11462 500 300 181 50 14506 13699 1814 87 2010 538 141 361
internal_value=9.92317e-06 0.00449356 -0.00151492 -0.00156118 0.00269359 0.00839175 0.0180024 0.0093401 0.0205263 0.00369425 0.050831 0.00401312 0.00301605 2.08446e-05 0.030177 0.0365694 -0.0055944 0.00365875 0.00998925 -0.00343136 0.00656882 0.024348 0.000105771 -5.58276e-05 0.00123143 -0.00455034 0.00210132 0.00601224 0.00756122 0.0185676
internal_weight=103510 26269 77241 77171 17971 8298 1323 773 488 16035 112 15830 13930 33624 550 454 1936 13285 1823 1766 6975 231 33548 33156 18650 2439 16211 625 2512 502
internal_count=103510 26269 77241 77171 17971 8298 1323 773 488 16035 112 15830 13930 33624 550 454 1936 13285 1823 1766 6975 231 33548 33156 18650 2439 16211 625 2512 502
cat_boundaries=0 1
cat_threshold=8
is_linear=0
shrinkage=0.03


Tree=89
num_leaves=31
num_cat=1
split_feature=21 31 30 20 3 20 14 31 27 27 3 31 29 31 32 27 23 23 28 29 29 20 10 10 29 13 31 27 26 24
split_gain=740.792 212.104 161.612 155.194 150.518 135.703 131.759 126.666 154.925 114.373 100.57 99.9269 94.5941 134.872 97.14 153.006 114.323 157.726 278.378 119.27 112.184 102.502 96.0718 89.7549 90.5493 99.0474 89.0035 89.7371 88.3332 91.7413
threshold=76.500000000000014 4.7500000000000009 1.0000000180025095e-35 16.500000000000004 11.083333492279055 14.500000000000002 0.064120002090930953 5.0499999523162851 1.0000000180025095e-35 1.1000000238418581 2.0416666269302373 3.7500000000000004 1.8999999761581423 6.1499998569488534 0 1.7749999761581423 2.6333333253860478 1.1000000238418581 2.1666666269302373 2.6333333253860478 2.1000000238418584 5.5000000000000009 86.224998474121108 34.45000076293946 2.2916666269302373 0.017614999786019329 7.1499998569488534 1.1000000238418581 3.5833333730697636 2.5833333730697636
decision_type=2 2 2 2 2 2 8 2 8 10 2 2 10 2 9 10 10 10 10 10 10 2 2 2 8 10 2 10 10 10
left_child=4 2 -2 5 7 12 9 11 -9 10 -4 -1 -3 -14 16 21 17 18 -15 20 22 -16 -19 -8 28 -26 -22 -28 29 -25
right_child=1 3 6 -5 -6 -7 23 8 -10 -11 -12 -13 13 14 15 -17 -18 19 -20 -21 26 -23 -24 24 25 -27 27 -29 -30 -31
leaf_value=0.015976438539081744 -0.0032523076342285497 0.0049837891224882736 0.077043553809821613 -0.032623223458295283 0.040309056345518533 0.035244143971637498 -0.010229210568087862 0.025082323728129269 0.00019971027966319725 0.0082771281561052259 0.024382793777721359 -0.0024181618146347371 0.0071236631471457996 0.0025389910764992236 -0.015816638007019105 0.045328952383391463 0.06766566198624549 0.059225499332985945 0.097679829734467691 0.050371919635902429 0.015398162074130155 0.020028934538865287 0.0015151041269302367 0.0054427969458457287 0.0032556737236520078 0.030979309364925562 0.003874206655751914 -0.05119091968787344 -0.02851847692546022 -0.0089873302442413806
leaf_weight=267 4795 12891 50 92 77 146 412 228 18347 220 94 58820 2757 50 181 79 61 54 62 68 87 119 50 3040 235 229 50 57 79 456
leaf_count=267 4795 12891 50 92 77 146 412 228 18347 220 94 58820 2757 50 181 79 61 54 62 68 87 119 50 3040 235 229 50 57 79 456
internal_value=-0.000139377 0.00420108 0.000646217 0.00623407 -0.00161417 0.00644798 0.00452855 -0.00165574 0.000505133 0.0218822 0.0426678 -0.00233504 0.00619419 0.01044 0.0203998 0.00797331 0.0284616 0.024054 0.0552062 0.014521 0.00634027 -0.00159789 0.0314801 0.00310938 0.00446998 0.0169382 -0.00713676 -0.0254596 0.00285173 0.00356061
internal_weight=104153 26414 9610 16804 77739 16712 4815 77662 18575 364 144 59087 16566 3675 918 379 539 478 112 366 298 300 104 4451 4039 464 194 107 3575 3496
internal_count=104153 26414 9610 16804 77739 16712 4815 77662 18575 364 144 59087 16566 3675 918 379 539 478 112 366 298 300 104 4451 4039 464 194 107 3575 3496
cat_boundaries=0 1
cat_threshold=32
is_linear=0
shrinkage=0.03


Tree=90
num_leaves=31
num_cat=2
split_feature=18 31 27 12 31 30 20 22 3 12 22 12 12 10 9 32 21 20 1 31 9 18 9 27 3 32 14 27 22 14
split_gain=709.791 196.363 152.675 174.146 114.083 119.824 303.215 122.671 132.039 109.244 107.331 102.337 184.15 180.084 111.049 100.694 97.1567 116.173 96.0289 96.0252 95.3107 91.9257 295.611 134.85 97.959 91.8543 128.856 131.55 201.11 244.934
threshold=1.5469207763671877 3.7500000000000004 1.8999999761581423 12.444999694824221 9.9499998092651385 1.0000000180025095e-35 10.500000000000002 1.1666666865348818 7.8833334445953378 0.84499999880790722 1.8333333134651186 8.5100002288818377 6.8224999904632577 87.224998474121108 2.4500000476837163 0 89.500000000000014 -1.0000000180025095e-35 60.416666030883796 4.0499999523162851 7.3666667938232431 5.2880184650421151 4.3666667938232431 0.63333335518836986 9.5166668891906756 1 1.6970833539962771 0.90000000596046459 1.5833333134651186 0.096513330936431899
decision_type=2 2 8 2 2 2 2 10 2 2 10 2 2 2 2 9 2 2 2 2 2 2 2 10 2 9 10 10 10 10
left_child=1 -1 4 10 16 7 11 -6 18 -3 15 12 14 -13 -7 -4 17 -2 -9 -18 -10 -19 -23 -24 -25 26 27 28 -21 -30
right_child=2 9 3 -5 5 6 -8 8 20 -11 -12 13 -14 -15 -16 -17 19 21 -20 25 -22 22 23 24 -26 -27 -28 -29 29 -31
leaf_value=0.055462384108040066 -0.032941183408789605 -0.0023352151251711107 -7.9006807110558216e-06 0.047471765151814276 0.042649592024381046 0.068643463775515542 -0.03626076921539486 -0.0053255390040576455 0.035241219179574831 0.00069732901477158684 0.0044750661160283672 0.058253048002719875 0.10543505185637622 -0.014653669992281545 0.0084319533929228772 -0.0087798081953760938 -0.025038248090581462 0.0021562292775925691 -0.058682597069179304 0.0082462814022186519 -0.014024373218417166 0.083348922815460413 0.042510325068777256 -0.0096665753725827096 0.035939736861516448 0.0035831536346014126 -0.0052976056151369574 0.0070241745689160352 0.041835269093037919 0.0093016625226619732
leaf_weight=54 83 57084 3655 69 61 51 53 75 86 13155 2713 60 50 62 60 1730 88 11252 51 1182 60 52 77 251 51 5785 545 4490 470 374
leaf_count=54 83 57084 3655 69 61 51 53 75 86 13155 2713 60 50 62 60 1730 88 11252 51 1182 60 52 77 251 51 5785 545 4490 470 374
internal_value=-1.00147e-05 -0.00172329 0.00358109 1.35403e-05 0.00472958 0.0169537 0.0295932 0.00420024 -0.00442259 -0.00176725 -0.000390833 0.0419263 0.0576304 0.0212021 0.0360967 -0.00284231 0.00439849 0.00242579 -0.0269224 0.00619305 0.0149951 0.00267705 0.0162739 0.00707101 -0.00196485 0.00640699 0.00870313 0.00988751 0.0162332 0.0274187
internal_weight=103829 70293 33536 8167 25369 669 336 333 272 70239 8098 283 161 122 111 5385 24700 11766 126 12934 146 11683 431 379 302 12846 7061 6516 2026 844
internal_count=103829 70293 33536 8167 25369 669 336 333 272 70239 8098 283 161 122 111 5385 24700 11766 126 12934 146 11683 431 379 302 12846 7061 6516 2026 844
cat_boundaries=0 1 2
cat_threshold=44 10
is_linear=0
shrinkage=0.03


Tree=91
num_leaves=31
num_cat=1
split_feature=20 31 32 29 1 1 31 10 25 18 18 29 17 15 31 7 11 12 11 1 20 14 13 0 25 29 29 7 18 11
split_gain=614.328 240.434 134.177 123.391 100.147 191.254 144.467 143.961 142.05 138.576 134.628 143.153 129.793 129.302 124.145 118.792 152.625 112.807 104.953 127.723 95.5751 143.171 94.3747 92.3441 89.1065 111.693 102.127 89.017 103.421 131.835
threshold=1.0000000180025095e-35 5.4500000476837167 0 1.5500000119209292 83.166667938232436 66.416667938232436 11.650000095367433 86.450000762939467 2.5499999523162846 5.1633331775665292 6.0135135650634775 1.5500000119209292 0.29166667163372045 0.29166667163372045 10.050000190734865 0.58333334326744091 16.774999618530277 10.409999847412111 20.899999618530277 88.833332061767592 6.5000000000000009 0.5185300111770631 0.18213299661874774 9.416666507720949 0.36666667461395269 0.90000000596046459 1.3666666746139529 1.0000000180025095e-35 2.8642505407333378 8.3666663169860858
decision_type=2 2 9 10 2 2 2 2 10 2 2 10 2 2 2 2 2 2 2 2 2 8 10 2 10 8 8 2 2 2
left_child=-1 2 3 -2 5 6 14 9 15 -6 12 -12 -11 -10 20 23 -17 -7 -18 -20 -3 22 -22 24 25 -9 -27 28 29 -23
right_child=1 4 -4 -5 7 17 -8 8 13 10 11 -13 -14 -15 -16 16 18 -19 19 -21 21 27 -24 -25 -26 26 -28 -29 -30 -31
leaf_value=-0.0019393864278342771 -0.0014264374679592211 0.0057054274659163297 0.0075679708511543582 0.0028833617960497679 0.012872957933647657 -0.0042407197891187048 0.045670220783889985 -0.014839369379397895 0.06038615022366866 0.023356484055519103 -0.012402449584007262 0.052743947944220368 0.081726580307527913 0.0026661363532466272 -0.025066061245785518 -0.020146224851841511 0.06092643999805053 0.02739118618082325 0.057535140037536618 0.0069935377429549885 0.014240677432761977 0.052097046510850793 -0.030571571820974346 -0.035086328977124825 0.0016259930074010347 0.064992283083979155 0.014840297136256951 0.010915962496683711 0.056110465058880128 -0.0071170456756494546
leaf_weight=63430 13571 4923 2652 10687 1423 2373 86 54 80 60 75 51 80 62 110 69 72 106 60 180 97 61 75 58 2531 62 89 189 137 76
leaf_count=63430 13571 4923 2652 10687 1423 2373 86 54 80 60 75 51 80 62 110 69 72 106 60 180 97 61 75 58 2531 62 89 189 137 76
internal_value=-0.000101258 0.00280274 0.00117437 0.000472075 0.00611261 0.004078 0.00707924 0.00945877 0.00582849 0.0165882 0.0364634 0.0139663 0.0567108 0.0351845 0.0064937 0.00451557 0.0202298 -0.00288817 0.0291591 0.0196289 0.00711831 0.0180721 -0.00529955 0.00237271 0.0031668 0.0221902 0.0354325 0.0267544 0.0376794 0.0192484
internal_weight=103579 40149 26910 24258 13239 8233 5754 5006 3317 1689 266 126 140 142 5668 3175 381 2479 312 240 5558 635 172 2794 2736 205 151 463 274 137
internal_count=103579 40149 26910 24258 13239 8233 5754 5006 3317 1689 266 126 140 142 5668 3175 381 2479 312 240 5558 635 172 2794 2736 205 151 463 274 137
cat_boundaries=0 1
cat_threshold=38
is_linear=0
shrinkage=0.03


Tree=92
num_leaves=31
num_cat=0
split_feature=21 31 27 17 27 23 4 11 4 13 15 11 31 12 6 27 4 25 27 29 4 20 18 3 13 18 1 3 23 18
split_gain=686.489 233.463 134.961 123.488 111.401 110.567 98.6388 142.904 186.301 124.762 107.155 96.5636 91.8287 87.8997 91.3728 84.7152 91.5868 82.9662 96.9105 101.371 100.667 82.8546 131.845 102.539 198.739 113.787 82.3665 82.1737 91.0692 161.193
threshold=1.0000000180025095e-35 5.0499999523162851 1.6333333253860476 0.36666667461395269 1.0000000180025095e-35 1.0000000180025095e-35 0.62672168016433727 12.550000190734865 0.80833333730697643 0.54837298393249523 0.90000000596046459 25.10000038146973 8.8499999046325701 4.0225000381469735 1.0000000180025095e-35 2.1000000238418584 0.92416667938232433 2.6333333253860478 1.5500000119209292 1.8999999761581423 0.086591664701700224 6.5000000000000009 2.9701426029205327 6.5416667461395273 0.1140275001525879 5.2880184650421151 52.416666030883796 14.183333396911623 3.1000000238418584 4.4677083492279062
decision_type=2 2 10 2 10 10 10 2 10 10 2 2 2 2 2 10 8 10 8 10 10 2 2 2 10 2 2 2 10 2
left_child=26 5 4 12 13 -2 27 -8 9 -9 -10 -11 -4 -3 -15 16 -14 18 19 -7 -21 -5 -23 24 -24 -25 -1 28 -6 -30
right_child=1 2 3 21 6 17 7 8 10 11 -12 -13 15 14 -16 -17 -18 -19 -20 20 -22 22 23 25 -26 -27 -28 -29 29 -31
leaf_value=-0.0021342666309221189 -0.015480159710466455 0.010780242580920456 -0.0019216796040126757 0.0049134154807508306 0.0059768256600437027 0.0017636515725358499 -0.02359604606574232 0.018888681554794309 -0.013337864111392542 0.09435613898224518 0.037554680777007132 0.038420718838186825 0.0048120193770672713 0.068206965239608994 0.015936263799667356 -0.0010317470347508788 0.056652210205793377 -0.0058914295510588775 -0.00057696860086300884 0.0051355362411618921 0.017610331189775064 -0.020947278819046913 0.020948106212184785 -0.0070949294599326881 0.094975912249088287 0.037026358733698722 0.0048538543163302306 -0.029650598450710899 0.010612409916978616 0.056589542030645854
leaf_weight=59128 361 150 4201 1394 12013 8922 55 75 104 61 58 51 54 68 54 120 71 1377 9506 2703 742 60 94 111 50 100 1558 57 325 87
leaf_count=59128 361 150 4201 1394 12013 8922 55 75 104 61 58 51 54 68 54 120 71 1377 9506 2703 742 60 94 111 50 100 1558 57 325 87
internal_value=0.000100269 0.00299906 0.00543623 0.00180829 0.00716086 0.000995215 0.00675981 0.0213492 0.0284323 0.0488333 0.00488292 0.0688855 -0.000880484 0.0261605 0.0450708 0.0169728 0.0342572 0.00125103 0.00170067 0.0034514 0.00782242 0.00841652 0.0201836 0.0271353 0.0466522 0.0138156 -0.00195486 0.0062876 0.00645247 0.0203212
internal_weight=103710 43024 19413 6255 13158 23611 12886 404 349 187 162 112 4446 272 122 245 125 23250 21873 12367 3445 1809 415 355 144 211 60686 12482 12425 412
internal_count=103710 43024 19413 6255 13158 23611 12886 404 349 187 162 112 4446 272 122 245 125 23250 21873 12367 3445 1809 415 355 144 211 60686 12482 12425 412
is_linear=0
shrinkage=0.03


Tree=93
num_leaves=31
num_cat=0
split_feature=21 31 31 23 30 5 5 11 27 15 18 29 11 29 20 27 25 26 31 20 27 14 15 25 24 19 14 19 28 4
split_gain=624.129 155.013 165.982 136.565 146.356 160.027 132.23 139.786 124.6 122.628 119.449 105.533 115.198 103.529 99.547 95.3607 107.373 128.377 175.683 94.3439 90.1381 88.2053 101.821 95.4542 346.344 165.326 135.749 116.524 114.561 89.9266
threshold=70.500000000000014 3.6499999761581425 4.5499999523162851 3.1000000238418584 1.0000000180025095e-35 1.0000000180025095e-35 0.96471664309501659 17.550000190734867 3.4500000476837163 0.22500000149011615 7.6055555343627939 0.70833334326744091 31.633333206176761 2.7083333730697636 2.5000000000000004 1.8999999761581423 1.7083333134651186 2.1666666269302373 5.8500001430511483 -1.4999999999999998 1.0000000180025095e-35 0.50418999791145336 0.45000000298023229 1.1000000238418581 0.83333334326744091 24.500000000000004 0.79622998833656322 11.500000000000002 2.5833333730697636 0.28679499030113226
decision_type=2 2 2 10 2 8 10 2 8 2 2 8 2 10 2 10 10 8 2 2 10 8 2 10 10 2 10 2 10 8
left_child=1 10 -3 4 11 -6 7 -5 13 14 -1 -2 15 -7 -9 16 17 20 -19 -4 -13 -22 23 26 25 -25 28 29 -23 -26
right_child=3 2 19 6 5 8 -8 9 -10 -11 -12 12 -14 -15 -16 -17 -18 18 -20 -21 21 22 -24 24 27 -27 -28 -29 -30 -31
leaf_value=0.034745931904658925 -0.0057593496817954243 -0.002716835974673963 -0.033946595988044996 0.006859813088830183 0.017283400741538162 0.0044647371058640622 -0.01029842607822502 0.084794403590628356 -0.024002625482546079 0.015400903945932022 -0.016906450594273894 0.037697287977683833 0.037497482087059192 0.017114837296654049 0.036933418718773287 -0.0030899471045296085 -0.0013273062743348427 0.012585854867015387 0.072664528006109688 0.00019652081170076072 -0.0044970100832364369 0.002320532308841074 0.025784597722771346 0.05953060120972524 0.029264014108443578 0.01308385316819205 -0.010362692312490377 0.00094977173792133447 0.025851949901700439 0.0064053067756304136
leaf_weight=179 1677 43069 73 247 992 11981 128 61 134 130 52 74 83 612 109 2565 2914 179 58 32545 863 1480 221 166 268 118 708 1666 213 367
leaf_count=179 1677 43069 73 247 992 11981 128 61 134 130 52 74 83 612 109 2565 2914 179 58 32545 863 1480 221 166 268 118 708 1666 213 367
internal_value=-7.13019e-06 -0.00141934 -0.00149423 0.00381996 0.00349083 0.0056779 0.0171504 0.0235735 0.00477331 0.0373344 0.0231186 0.00128787 0.00227741 0.00507951 0.0541071 0.00203093 0.00344406 0.005623 0.0272887 0.000120108 0.00478726 0.00438605 0.00585832 0.0049751 0.00897555 0.0402323 0.000668083 0.0051177 0.00528107 0.0160528
internal_weight=103932 75918 75687 28014 27339 13719 675 547 12727 300 231 13620 11943 12593 170 11860 9295 6381 237 32618 6144 6070 5207 4986 2585 284 2401 2301 1693 635
internal_count=103932 75918 75687 28014 27339 13719 675 547 12727 300 231 13620 11943 12593 170 11860 9295 6381 237 32618 6144 6070 5207 4986 2585 284 2401 2301 1693 635
is_linear=0
shrinkage=0.03


Tree=94
num_leaves=31
num_cat=1
split_feature=21 3 31 31 14 20 14 29 23 32 29 30 24 20 18 12 0 23 10 29 3 31 22 12 1 14 25 5 0 31
split_gain=623.687 164.129 150.095 134.729 129.514 116.56 109.002 162.996 107.312 105.884 128.744 103.237 95.1618 93.912 92.9797 92.7596 91.7861 85.4409 111.233 93.6846 91.3601 134.125 126.154 81.2311 141.813 79.3234 79.0262 78.767 77.2491 73.5431
threshold=75.500000000000014 11.083333492279055 5.3500001430511483 4.5499999523162851 1.7442399859428408 -1.4999999999999998 1.7701100111007693 1.5500000119209292 1.0000000180025095e-35 0 2.2916666269302373 1.0000000180025095e-35 1.8333333134651186 17.500000000000004 6.8038463592529306 4.2633335590362558 1.4166666865348818 3.1000000238418584 62.899999618530281 0.70833334326744091 10.916666507720949 7.0499999523162851 3.1666666269302373 4.7900002002716073 87.416667938232436 0.41231000423431402 1.6333333253860476 1.0990999937057497 2.8333333730697636 2.5499999523162846
decision_type=2 2 2 2 10 2 10 10 10 9 10 2 10 2 2 2 2 10 2 8 2 2 10 2 2 8 10 10 2 2
left_child=1 3 4 29 8 -5 13 26 -2 16 -11 -9 -6 17 -7 -12 -10 19 -19 27 21 22 -20 -17 -25 28 -8 -4 -18 -1
right_child=2 -3 6 5 12 14 7 11 9 10 15 -13 -14 -15 -16 23 25 18 20 -21 -22 -23 -24 24 -26 -27 -28 -29 -30 -31
leaf_value=0.014251040290504441 -0.018368677071545544 0.043968045301735405 -0.0050403909840963873 -0.037530820176408096 -0.015369974384958946 9.3532043535921082e-05 0.034236925475691495 0.025244700595543814 -0.0046304049169835207 0.001404447692259374 0.0073759491016533053 0.075001531595533549 -0.00022201353822573564 -0.034552554711699483 0.036573425999709537 0.050092547345538058 0.054719834110607768 -0.012268701048665924 0.061378275588998256 0.0072863743776707427 -0.0078261492949611745 0.069609898375095541 0.0069267400402737702 0.050634800820581374 -0.0067908838369603293 0.0098446008164578547 -0.0082299554056953633 0.017454354635045573 0.016736820933187846 -0.0025415669146547065
leaf_weight=236 205 72 997 74 587 33460 57 87 352 11704 1154 66 1025 50 63 91 71 76 53 7444 53 74 138 62 103 1717 128 163 150 43239
leaf_count=236 205 72 997 74 587 33460 57 87 352 11704 1154 66 1025 50 63 91 71 76 53 7444 53 74 138 62 103 1717 128 163 150 43239
internal_value=6.05414e-05 -0.00130547 0.00402115 -0.00134777 0.00235767 7.90674e-05 0.00707322 0.0238002 0.00319374 0.0034807 0.00243431 0.0467084 -0.00573805 0.00644836 0.000162089 0.0110001 0.00942126 0.0066762 0.0203372 0.00605062 0.0281298 0.035321 0.0220363 0.0273372 0.0147873 0.0120221 0.00485443 -0.00187949 0.0289395 -0.00245041
internal_weight=103751 77144 26607 77072 17221 33597 9386 338 15609 15404 13114 153 1612 9048 33523 1410 2290 8998 394 8604 318 265 191 256 165 1938 185 1160 221 43475
internal_count=103751 77144 26607 77072 17221 33597 9386 338 15609 15404 13114 153 1612 9048 33523 1410 2290 8998 394 8604 318 265 191 256 165 1938 185 1160 221 43475
cat_boundaries=0 1
cat_threshold=12
is_linear=0
shrinkage=0.03


Tree=95
num_leaves=31
num_cat=0
split_feature=3 27 25 31 31 31 9 28 17 17 10 10 5 4 2 2 31 10 4 13 28 14 9 5 3 31 1 11 13 29
split_gain=518.805 175.058 114.842 110.628 109.521 144.65 159.432 117.524 99.5204 97.414 79.7292 123.168 98.8643 146.458 163.755 220.605 202.309 163.874 114.21 103.868 103.457 100.835 113.116 98.6887 93.5485 92.1621 87.0323 82.5741 92.994 86.1626
threshold=0.34166666865348821 1.7083333134651186 2.3666666746139531 4.6499998569488534 2.5499999523162846 0.65000000596046459 4.9000000953674325 1.1666666865348818 0.29166667163372045 0.22500000149011615 81.90000152587892 72.099998474121108 1.7283333539962771 0.17007333785295489 18.583333015441898 35.166666030883796 7.7500000000000009 84.224998474121108 0.42054332792758947 0.27401499450206762 0.58333334326744091 2.0509999990463261 2.5499999523162846 1.5282999873161318 1.8833333253860476 9.2500000000000018 89.833332061767592 9.9000000953674334 0.10600899904966356 2.6333333253860478
decision_type=2 8 10 2 2 2 2 10 2 2 2 2 10 10 2 2 2 2 10 10 10 10 2 10 2 2 2 2 10 10
left_child=4 2 10 -3 5 -1 -7 -8 -5 -4 11 -2 13 20 16 18 17 -15 19 -16 -12 22 -14 -19 -22 -13 -21 -26 29 -29
right_child=1 3 9 8 -6 6 7 -9 -10 -11 12 25 21 14 15 -17 -18 23 -20 26 24 -23 -24 -25 27 -27 -28 28 -30 -31
leaf_value=-0.02239669960737228 0.0040389046144704635 -0.0041552724546904648 -0.0024582624940687869 -0.00040408267414267056 -0.0020209833093615642 0.075159279276388422 -0.01993272950161587 0.037484723995258276 0.0061653667701821093 0.030259107299415128 -0.0062460551175918819 -0.0044537239473690232 0.0066611941247670487 0.058729494000481587 -0.0025210909050857196 0.06056484694607922 0.072860503529126833 0.0086932957223496699 -0.013447275162344221 0.058349182804425553 0.016558516409757376 0.015850982230378133 -0.017628579300314445 0.046789275354240087 0.01782640350339687 0.024551456112016753 0.010940971363049286 0.0045330827654802728 -0.010384712521740534 0.021951184231216114
leaf_weight=60 16976 4688 3283 7593 56763 53 55 77 2856 84 581 2304 286 89 174 61 78 408 276 63 801 205 435 72 452 103 78 4239 354 272
leaf_count=60 16976 4688 3283 7593 56763 53 55 77 2856 84 581 2304 286 89 174 61 78 408 276 63 801 205 435 72 452 103 78 4239 354 272
internal_value=-1.28712e-05 0.00232747 0.00359572 -0.000326341 -0.0019346 0.0180803 0.0312079 0.0135608 0.00139153 -0.00164203 0.00421873 0.00313841 0.0065652 0.00763962 0.0168587 0.00624806 0.0275514 0.0213403 0.000641754 0.0129864 0.00585195 -0.00271477 -0.00799352 0.0144077 0.00700085 -0.00321254 0.0321234 0.00556099 0.00442143 0.00558334
internal_weight=103819 46811 31674 15137 57008 245 185 132 10449 3367 28307 19383 8924 7998 1299 652 647 569 591 315 6699 926 721 480 6118 2407 141 5317 4865 4511
internal_count=103819 46811 31674 15137 57008 245 185 132 10449 3367 28307 19383 8924 7998 1299 652 647 569 591 315 6699 926 721 480 6118 2407 141 5317 4865 4511
is_linear=0
shrinkage=0.03


Tree=96
num_leaves=31
num_cat=2
split_feature=20 27 32 4 12 20 23 5 17 1 4 2 11 12 27 13 29 4 10 11 32 29 5 1 30 19 11 4 0 1
split_gain=454.753 153.852 153.288 123.686 120.55 116.169 138.873 150.267 135.775 150.421 104.153 104.07 122.355 122.618 182.46 114.125 100.958 131.719 124.379 92.1137 90.0421 85.3807 81.1221 119.706 97.0785 95.9261 113.337 101.45 81.0517 80.4923
threshold=1.0000000180025095e-35 3.1000000238418584 0 0.85471001267433178 4.5099999904632577 16.500000000000004 3.1000000238418584 0.98030000925064098 0.36666667461395269 86.166667938232436 0.76166665554046642 35.166666030883796 14.550000190734865 5.8900001049041757 0.55000001192092907 0.45008799433708196 1.7749999761581423 0.53974834084510814 80.90000152587892 23.44999980926514 1 2.5499999523162846 1.3909166455268862 60.166666030883796 1.0000000180025095e-35 22.500000000000004 15.775000095367433 0.21015499532222751 6.1666667461395273 81.833332061767592
decision_type=2 8 9 10 2 2 10 10 2 2 10 2 2 2 10 10 10 10 2 2 9 10 8 2 2 2 2 10 2 2
left_child=-1 2 3 10 -4 6 11 8 -8 -10 29 12 13 15 -15 -6 22 -18 -19 -5 -3 -16 24 -24 -14 26 -26 -27 -29 -2
right_child=1 20 4 19 5 -7 7 -9 9 -11 -12 -13 16 14 21 -17 17 18 -20 -21 -22 -23 23 -25 25 27 -28 28 -30 -31
leaf_value=-0.0017139378108734725 0.003743969464993631 -0.019970990408344991 0.00066940036975839177 -0.048671074612509635 0.0057943211307572746 -0.030861961200062068 0.0064689391464568093 -0.020369418553475821 0.027479809577975956 0.085011521837771373 0.044617469711945607 0.035101970930894212 -0.0045847849877754922 0.066953965671127658 0.012050763592492826 -0.039013126531861862 0.0044375543118640778 0.071103526724959329 0.01415772745103547 0.0011641377080756593 -0.0012279587434985604 0.051709866555264362 0.02623743690272912 -0.0086468252754303178 -0.034177538869810883 -0.0017590468289221035 0.010292480183391647 0.059369325892579171 0.012308763037709627 0.0098106306141813419
leaf_weight=63316 4353 410 24041 63 1473 80 104 56 105 67 65 99 640 64 808 53 1250 53 99 71 528 52 94 1522 61 68 334 93 51 3593
leaf_count=63316 4353 410 24041 63 1473 80 104 56 105 67 65 99 640 64 808 53 1250 53 99 71 528 52 94 1522 61 68 334 93 51 3593
internal_value=-0.000127745 0.00236126 0.00264704 0.00631068 0.00169011 0.00508838 0.00549085 0.0244375 0.0335287 0.0498904 0.00679656 0.00456771 0.00411754 0.00946054 0.0180855 0.0042381 0.00104829 0.00764411 0.0340138 -0.0222659 -0.00964654 0.0144488 -0.00218165 -0.00661767 0.00356702 0.012162 0.00342496 0.0284409 0.042702 0.00648718
internal_weight=103666 40350 39412 8145 31267 7226 7146 332 276 172 8011 6814 6715 2450 924 1526 4265 1402 152 134 938 860 2863 1616 1247 607 395 212 144 7946
internal_count=103666 40350 39412 8145 31267 7226 7146 332 276 172 8011 6814 6715 2450 924 1526 4265 1402 152 134 938 860 2863 1616 1247 607 395 212 144 7946
cat_boundaries=0 1 2
cat_threshold=13 6
is_linear=0
shrinkage=0.03


Tree=97
num_leaves=31
num_cat=0
split_feature=3 31 31 31 22 15 16 18 24 21 23 19 18 22 19 29 31 23 20 1 29 19 3 18 27 15 2 12 18 0
split_gain=509.172 219.502 142.64 125.621 341.44 133.903 125.712 119.721 154.789 93.2523 92.1916 89.1415 85.8249 178.816 182.739 107.476 107.455 97.6775 113.695 111.828 85.4679 175.648 260.509 100.431 95.1673 143.598 94.8068 89.6204 100.002 85.8433
threshold=2.9166667461395268 2.5499999523162846 4.6499998569488534 8.9499998092651385 3.1666666269302373 1.0000000180025095e-35 0.36666667461395269 4.4677083492279062 1.1666666865348818 86.500000000000014 1.0000000180025095e-35 9.5000000000000018 5.9136645793914804 2.1666666269302373 12.500000000000002 1.2250000238418581 11.750000000000002 1.6333333253860476 5.5000000000000009 86.166667938232436 2.2916666269302373 34.500000000000007 4.3166668415069589 7.0227272510528573 1.7749999761581423 0.70833334326744091 20.583333015441898 1.8450000286102297 1.3933982849121096 4.1666667461395273
decision_type=2 2 2 2 10 2 2 2 10 2 10 2 2 10 2 10 2 10 2 2 8 2 2 2 10 2 2 2 2 2
left_child=1 7 -3 10 5 11 -6 -1 -9 -4 -2 -5 15 14 -14 -7 -16 19 -19 -17 23 24 -23 27 25 -22 29 28 -12 -26
right_child=3 2 9 4 6 12 -8 8 -10 -11 20 -13 13 -15 16 17 -18 18 -20 -21 21 22 -24 -25 26 -27 -28 -29 -30 -31
leaf_value=0.063826537297763775 -0.016410456886424601 -0.0022362562531386648 -0.00036258294847359233 0.06542038143755724 0.097617724987695803 -0.019942990213499538 0.032579895622200435 0.040811040585802996 -0.015180886754448094 0.0040551975387076618 0.0049543080618605012 0.018511575337071887 0.061201944752615318 -0.013691528566848875 0.030175196783543055 0.015668512381174983 -0.020913612758740784 0.0040475870780646798 0.061028813837239376 -0.041035391893880113 0.00818176637788013 -0.0014949948540547999 0.071143387805516878 -0.019159426205066027 -0.009211387959835322 0.059814609371870754 -0.042088297955691814 0.0031229511990489797 0.059924357790007904 0.032655734230897251
leaf_weight=61 206 48844 28481 52 53 224 54 97 82 5065 68 122 98 134 88 68 64 80 52 58 1592 82 97 181 207 50 60 17212 53 56
leaf_count=61 206 48844 28481 52 53 224 54 97 82 5065 68 122 98 134 88 68 64 80 52 58 1592 82 97 181 207 50 60 17212 53 56
internal_value=-5.79975e-05 -0.00111833 -0.00120178 0.00411197 0.0137654 0.00851522 0.0647949 0.0275302 0.0151611 0.000304443 0.00355456 0.0325303 0.00369002 0.014271 0.0292589 -0.00473966 0.00866412 0.00846012 0.0264947 -0.0104333 0.00376378 0.00941748 0.0378677 0.00307167 0.00682584 0.00975402 -0.00805986 0.00330382 0.0290321 -0.000296716
internal_weight=103641 82630 82390 21011 1147 1040 107 240 179 33546 19864 174 866 384 250 482 152 258 132 126 19658 2144 179 17514 1965 1642 323 17333 121 263
internal_count=103641 82630 82390 21011 1147 1040 107 240 179 33546 19864 174 866 384 250 482 152 258 132 126 19658 2144 179 17514 1965 1642 323 17333 121 263
is_linear=0
shrinkage=0.03


Tree=98
num_leaves=31
num_cat=0
split_feature=18 31 19 27 27 31 27 2 26 30 11 29 19 11 1 23 23 17 14 10 22 24 22 19 27 31 31 10 22 2
split_gain=489.805 160.995 168.66 113.13 121.167 109.684 106.463 100.591 109.102 88.9622 84.3721 85.1199 111.276 98.2113 142.585 82.4729 80.8149 78.7486 84.9634 76.5908 74.7855 134.849 80.6498 108.054 94.558 74.7771 105.795 74.6842 111.57 130.284
threshold=1.5469207763671877 5.0499999523162851 5.5000000000000009 1.5500000119209292 1.4499999880790713 3.7500000000000004 2.5499999523162846 20.833333015441898 1.1666666865348818 1.0000000180025095e-35 36.45000076293946 1.3666666746139529 22.500000000000004 19.899999618530277 87.833332061767592 3.8999999761581425 3.7333333492279057 1.0000000180025095e-35 0.59376999735832225 62.633333206176765 1.0000000180025095e-35 1.5833333134651186 1.5833333134651186 13.500000000000002 0.90000000596046459 7.5499999523162851 6.1499998569488534 89.90000152587892 2.5833333730697636 19.166666984558109
decision_type=2 2 2 10 10 2 10 2 10 2 2 10 2 2 2 10 10 2 8 2 10 10 10 2 10 2 2 2 10 2
left_child=5 2 -2 4 15 -1 9 -5 -9 -4 11 12 17 -13 -15 16 27 -10 -19 -11 21 -21 -22 24 -24 26 -20 -3 29 -29
right_child=1 3 6 7 -6 -7 -8 8 10 19 -12 13 -14 14 -16 -17 -18 18 25 20 22 -23 23 -25 -26 -27 -28 28 -30 -31
leaf_value=0.039768276823491884 -0.0074676844904848763 0.0052876868483758945 0.00010699759616256009 0.0005357517406827352 0.041298766150906843 -0.0015039490043521233 -0.0076312500219269438 0.041148235110505936 -0.016172526448587826 0.00061509857545172697 -0.028895627451213924 -0.00038521106019616126 -0.015822024123850635 0.053195515300612894 0.010889143350596991 0.036502259588323351 -0.028131368707437984 0.045296161076426505 0.015493816012559935 0.063952746140802735 0.0036230736584014251 0.0010272600597773605 0.031257992727572424 0.017706377522626583 -0.0076964253505429955 0.033978073658492362 -0.030528273229365761 0.015830915217177464 0.030781897894244216 -0.0011864606024566955
leaf_weight=58 1997 8492 6180 6401 91 70257 980 93 79 2124 55 150 208 128 163 82 61 75 129 58 2434 65 68 1030 320 79 69 1021 244 671
leaf_count=58 1997 8492 6180 6401 91 70257 980 93 79 2124 55 150 208 128 163 82 61 75 129 58 2434 65 68 1030 320 79 69 1021 244 671
internal_value=-4.6897e-05 0.00293575 0.000660132 0.00483378 0.00682953 -0.00146991 0.0018843 0.00204459 0.00990946 0.00264375 0.00734981 0.00919564 0.00219894 0.0193337 0.0294981 0.0065328 0.00629851 0.0108958 0.0169708 0.00521419 0.00767166 0.0306994 0.00693635 0.0126236 -0.000869362 0.00930151 -0.000544185 0.00649991 0.0118172 0.0090823
internal_weight=103862 33547 15256 18291 10662 70315 13259 7629 1228 12279 1135 1080 639 441 291 10571 10489 431 352 6099 3975 123 3852 1418 388 277 198 10428 1936 1692
internal_count=103862 33547 15256 18291 10662 70315 13259 7629 1228 12279 1135 1080 639 441 291 10571 10489 431 352 6099 3975 123 3852 1418 388 277 198 10428 1936 1692
is_linear=0
shrinkage=0.03


Tree=99
num_leaves=31
num_cat=1
split_feature=21 31 20 5 14 31 23 22 11 20 5 9 4 29 24 5 27 27 27 17 4 29 5 5 2 25 29 27 12 32
split_gain=469.844 137.377 131.554 97.0209 206.683 176.281 148.448 194.108 201.474 114.332 111.81 118.435 112.526 109.679 105.957 95.2394 96.2972 95.4371 90.8255 96.831 90.4142 87.9633 87.2332 97.8658 119.233 107.999 216.348 91.0358 107.21 87.1504
threshold=86.500000000000014 5.1499998569488534 -1.0000000180025095e-35 1.0534666180610659 1.4081100225448611 7.5499999523162851 3.1000000238418584 4.1666667461395273 17.550000190734867 6.5000000000000009 1.4672333598136904 4.0999999046325692 0.35688832402229315 0.70833334326744091 1.1666666865348818 1.1636166572570803 1.8999999761581423 1.0000000180025095e-35 0.22500000149011615 0.90000000596046459 0.039944998919963844 1.1000000238418581 0.88833332061767589 0.61344999074935924 26.833333015441898 0.63333335518836986 1.3666666746139529 1.7749999761581423 6.2900002002716073 0
decision_type=2 2 2 10 10 2 10 10 2 2 10 2 10 10 10 10 10 10 8 2 10 10 10 10 2 10 10 10 2 9
left_child=1 20 -3 4 6 15 13 8 -8 -10 12 -12 -7 -2 -6 16 21 -17 -4 -20 -1 -5 23 25 -25 26 27 28 -15 -24
right_child=3 2 18 5 14 10 7 -9 9 -11 11 -13 -14 22 -16 17 -18 -19 19 -21 -22 -23 29 24 -26 -27 -28 -29 -30 -31
leaf_value=-0.0021478570741340071 -0.0019937595004473588 -0.042904205683801995 0.013853032992525634 0.0065684354947019019 0.066389869863034356 0.076097519266605365 0.0047489536861921172 -0.032247373818788887 0.064479943989849769 0.019812941093270371 0.034725407851593837 -0.015371472510612673 0.023251541788605126 0.026690910378161545 0.017747160534325398 0.039259153706631779 0.0081854052461210781 0.0005890853015672094 0.0007614274917919191 0.039255358256020785 0.0023289810310758875 -0.022394997214884679 0.0019084516785497884 -0.00065254602782827402 -0.037045344936899663 0.0040886340403175165 0.0040832070341050401 0.012642414129216864 0.065150926780046484 0.01980568295562268
leaf_weight=56911 2242 61 499 119 70 50 174 53 139 82 70 108 132 319 95 58 191 5943 18542 59 4372 456 398 1400 86 8967 1157 297 82 676
leaf_count=56911 2242 61 499 119 70 50 174 53 139 82 70 108 132 319 95 58 191 5943 18542 59 4372 456 398 1400 86 8967 1157 297 82 676
internal_value=-4.75535e-05 -0.00113525 0.00108188 0.00369748 0.00497828 0.00077952 0.00463533 0.021662 0.0288954 0.0479067 0.0212354 0.00432955 0.0377697 0.00414711 0.0383835 -0.000308718 -0.0102703 0.000962834 0.00122236 0.000883525 -0.00182847 -0.0164008 0.00517595 0.00446045 -0.00275872 0.00545173 0.0120409 0.0252315 0.0345556 0.0133756
internal_weight=103808 80444 19161 23364 16237 7127 16072 448 395 221 360 178 182 15624 165 6767 766 6001 19100 18601 61283 575 13382 12308 1486 10822 1855 698 401 1074
internal_count=103808 80444 19161 23364 16237 7127 16072 448 395 221 360 178 182 15624 165 6767 766 6001 19100 18601 61283 575 13382 12308 1486 10822 1855 698 401 1074
cat_boundaries=0 1
cat_threshold=32
is_linear=0
shrinkage=0.03


Tree=100
num_leaves=31
num_cat=1
split_feature=21 31 4 31 0 18 31 25 27 18 22 23 14 31 27 3 32 5 29 3 24 28 21 18 11 21 18 25 18 19
split_gain=378.981 143.719 134.442 105.597 180.413 107.519 97.3191 96.7713 90.5137 89.1888 85.4624 83.6701 116.895 80.6875 86.3848 102.057 75.9433 75.4811 76.4398 113.594 82.4882 73.726 97.0765 77.1631 76.8152 117.97 73.1052 72.5966 94.1228 69.365
threshold=85.500000000000014 8.6500000953674334 0.70499998331069957 3.6499999761581425 3.5833333730697636 5.4316768646240243 4.7500000000000009 2.6333333253860478 1.5500000119209292 7.6055555343627939 1.0000000180025095e-35 2.2250000238418584 0.54236000776290905 4.5499999523162851 1.8999999761581423 11.241666793823244 0 2.6216665506362919 1.8999999761581423 4.1833331584930429 1.8333333134651186 1.4166666865348818 67.500000000000014 3.7533783912658696 4.3666667938232431 6.5000000000000009 2.9016129970550542 2.8999999761581425 1.2029411792755129 19.500000000000004
decision_type=2 2 10 2 2 2 2 10 10 2 8 10 8 2 10 2 9 10 8 2 10 10 2 2 2 2 2 10 2 2
left_child=1 3 11 4 -1 -6 7 8 17 -7 -10 12 -3 -5 15 -15 -12 18 -2 -20 -21 22 24 -23 -14 -26 -18 29 -29 -8
right_child=6 2 -4 13 5 9 27 -9 10 -11 16 -13 21 14 -16 -17 26 -19 19 20 -22 23 -24 -25 25 -27 -28 28 -30 -31
leaf_value=0.058275518547743557 0.0014043655107034906 -0.0076429713062756924 0.05853971888694693 -0.0022098032983808328 -0.034813100250766553 0.039594831648080246 0.0024163672069894121 -0.010909992477773174 -0.03217150107115866 -0.011881497866577571 0.0085880765106236025 -0.0088428292494904179 -0.00087382407323138356 0.00047927320591971173 -0.002881430778591312 0.041021384789408845 -0.0011135101551920353 0.037949753803974487 0.0062889421658110217 0.017825081187554381 0.060008719667303763 0.022822348965888785 -0.019310065236641093 0.067049802073410589 0.0080937044759738733 0.067835705917328598 -0.013495761933015306 0.051114998616758382 0.010776137930531334 0.006600452578129799
leaf_weight=72 3388 161 51 43781 51 69 7767 603 83 54 567 193 73 26583 8681 56 2391 59 1152 132 61 97 64 56 59 60 523 64 279 6593
leaf_count=72 3388 161 51 43781 51 69 7767 603 83 54 567 193 73 26583 8681 56 2391 59 1152 132 61 97 64 56 59 60 523 64 279 6593
internal_value=-0.000174759 -0.00115951 0.011382 -0.00128817 0.0183366 0.0018102 0.00316134 0.000696618 0.00153419 0.0169955 -0.00208631 0.0082299 0.0140107 -0.0013492 -0.000282446 0.0005645 -0.00136896 0.00422691 0.00380653 0.00985748 0.0311577 0.0225345 0.0126876 0.0390102 0.0233536 0.0382157 -0.00332445 0.00466317 0.0183029 0.00433738
internal_weight=103823 80161 814 79347 246 174 23662 8959 8356 123 3564 763 570 79101 35320 26639 3481 4792 4733 1345 193 409 256 153 192 119 2914 14703 343 14360
internal_count=103823 80161 814 79347 246 174 23662 8959 8356 123 3564 763 570 79101 35320 26639 3481 4792 4733 1345 193 409 256 153 192 119 2914 14703 343 14360
cat_boundaries=0 1
cat_threshold=8
is_linear=0
shrinkage=0.03


Tree=101
num_leaves=31
num_cat=0
split_feature=18 31 14 17 27 14 26 4 2 2 10 14 26 29 31 31 18 19 14 29 1 3 6 26 23 31 4 1 2 26
split_gain=473.133 157.309 115.735 113.521 129.983 109.535 118.826 101.925 99.3162 95.6002 92.9932 88.8286 86.1365 106.648 186.535 153.938 133.867 129.07 122.187 82.6325 94.0066 79.788 78.0523 118.055 100.767 89.8238 104.766 96.0466 83.1985 81.6742
threshold=1.0597147941589358 5.3500001430511483 1.6450000405311587 0.36666667461395269 1.8999999761581423 1.2101500034332278 2.5833333730697636 0.3275549858808518 26.166666984558109 28.166666984558109 77.633331298828139 1.4175599813461306 1.4166666865348818 1.6333333253860476 6.9500000476837167 6.1499998569488534 4.2535715103149423 18.500000000000004 1.4175599813461306 1.5500000119209292 86.833332061767592 2.3833333253860478 0.58333334326744091 3.8333333730697636 0.55000001192092907 10.34999990463257 0.64416664838790905 66.833332061767592 31.166666984558109 2.5833333730697636
decision_type=2 2 10 2 8 10 10 10 2 2 2 10 10 10 2 2 2 2 10 10 2 2 2 8 10 2 10 2 2 10
left_child=-1 2 7 4 5 6 8 9 -3 19 -10 -6 13 15 16 18 17 -15 -7 -2 -21 -5 23 24 -23 26 27 29 -29 -26
right_child=1 3 -4 21 11 12 -8 -9 10 -11 -12 -13 -14 14 -16 -17 -18 -19 -20 20 -22 22 -24 -25 25 -27 -28 28 -30 -31
leaf_value=-0.0015665640337552056 -0.0001245912427057479 0.0039932020233773664 -0.0058742756300192711 -4.5921995988990883e-05 -0.004051952214859246 0.058644710136577481 0.036606585300831621 0.013736481723602733 0.0023139568875942913 -0.021433310045268047 -0.033065011626749762 0.014366271784565048 -0.00065412299925810653 0.0069550342015414074 0.068261589129124917 -0.010133016959913654 -0.018551880116646106 0.059435061926918997 0.010780176324769854 0.0015762996899297858 0.0079314400149574516 -0.016721156502109286 0.001302716442285857 0.057252631267423137 0.02275181473681661 0.031916395365355572 0.046789140359808995 0.0065267107870971026 0.043517143292618646 -0.014972942565966929
leaf_weight=61247 12546 7727 2001 830 2616 72 98 611 140 165 128 259 256 88 93 193 65 81 144 6728 3042 112 751 51 665 196 72 2402 56 56
leaf_count=61247 12546 7727 2001 830 2616 72 98 611 140 165 128 259 256 88 93 193 65 81 144 6728 3042 112 751 51 665 196 72 2402 56 56
internal_value=0.000118055 0.00256048 0.00104697 0.00477484 0.00316688 0.00492624 0.00377296 0.00164672 0.00337049 0.00131814 -0.0145835 -0.00239271 0.0143351 0.0195487 0.0323203 0.00933763 0.0180359 0.0321082 0.026735 0.00148636 0.00355504 0.00847955 0.0101022 0.0119327 0.0112833 0.0121932 0.0110041 0.0101936 0.00736945 0.0198217
internal_weight=103491 42244 25093 17151 11960 9085 8093 23092 7995 22481 268 2875 992 736 327 409 234 169 216 22316 9770 5191 4361 3610 3559 3447 3251 3179 2458 721
internal_count=103491 42244 25093 17151 11960 9085 8093 23092 7995 22481 268 2875 992 736 327 409 234 169 216 22316 9770 5191 4361 3610 3559 3447 3251 3179 2458 721
is_linear=0
shrinkage=0.03


Tree=102
num_leaves=31
num_cat=2
split_feature=21 20 31 32 32 13 19 4 23 28 19 10 28 3 13 31 20 25 12 27 23 25 2 31 21 28 27 16 12 3
split_gain=364.833 169.392 168.37 167.98 134.562 128.254 118.834 110.398 105.921 130.478 102.702 102.353 125.66 108.81 144.582 99.2561 138.662 99.2216 94.5105 93.6427 111.736 134.228 224.461 87.1843 84.9721 82.5328 82.5912 81.721 109.751 121.256
threshold=70.500000000000014 17.500000000000004 6.5499999523162851 0 1 0.65775001049041759 2.5000000000000004 0.84583336114883434 1.2250000238418581 2.1666666269302373 33.500000000000007 68.90000152587892 1.1666666865348818 6.5833332538604745 0.6069999933242799 5.9500000476837167 8.5000000000000018 2.1000000238418584 7.7224998474121103 1.6333333253860476 0.77500000596046459 1.3666666746139529 0.83333334326744091 4.0499999523162851 63.500000000000007 0.58333334326744091 2.8999999761581425 0.45000000298023229 3.9450000524520878 6.9416666030883798
decision_type=2 2 2 9 9 10 2 8 10 8 2 2 10 2 8 2 2 10 2 8 10 10 2 2 2 10 10 2 2 2
left_child=15 2 4 8 5 -2 -5 17 9 11 -10 12 -4 -13 -15 16 -1 -8 19 20 21 -17 -23 -6 -21 26 -25 28 -22 -30
right_child=1 -3 3 6 23 -7 7 -9 10 -11 -12 13 -14 14 -16 18 -18 -19 -20 24 27 22 -24 25 -26 -27 -28 -29 29 -31
leaf_value=-0.0016191069725177373 0.0073816793271049754 -0.045219166712327438 0.075030480172219013 0.040170345742371862 -0.0091097719454839732 -0.040474609294358414 0.0033312591085058146 -0.0099443653666919651 0.013310045365865835 0.059362091209446445 -0.0091437554046905675 -0.009223150584314551 0.010583653824298449 0.067786732579653078 0.0042788619026541711 -0.00029801249876618385 0.023459106755709676 0.041579354780060904 -0.016011076074032005 -0.00055619935403113541 0.0023977793002643018 0.0082704454114467946 0.078355727228336045 -0.002354075284059383 -0.025628581608573977 0.002056431117041319 -0.023079354203551221 -0.030077516668644104 0.020384029151746027 -0.014905587619937518
leaf_weight=69292 4287 66 56 64 742 51 477 669 1546 89 208 140 53 52 85 120 199 70 242 1895 2998 87 78 1940 130 17254 190 61 622 102
leaf_count=69292 4287 66 56 64 742 51 477 669 1546 89 208 140 53 52 85 120 199 70 242 1895 2998 87 78 1940 130 17254 190 61 622 102
internal_value=-0.000138374 0.00278552 0.00289878 0.00904427 0.0020173 0.00680337 0.000323788 -0.00177074 0.0139878 0.0266173 0.0106473 0.0190674 0.0436939 0.0093768 0.028384 -0.00121957 -0.00154729 0.0082259 0.00237528 0.00310555 0.00572955 0.0238439 0.0414017 0.000981835 -0.00216578 0.00136864 -0.00420281 0.00436487 0.00492935 0.0154123
internal_weight=103865 28039 27973 3509 24464 4338 1280 1216 2229 475 1754 386 109 277 137 75826 69491 547 6335 6093 4068 285 165 20126 2025 19384 2130 3783 3722 724
internal_count=103865 28039 27973 3509 24464 4338 1280 1216 2229 475 1754 386 109 277 137 75826 69491 547 6335 6093 4068 285 165 20126 2025 19384 2130 3783 3722 724
cat_boundaries=0 1 2
cat_threshold=34 12
is_linear=0
shrinkage=0.03


Tree=103
num_leaves=31
num_cat=0
split_feature=12 30 13 23 22 10 10 31 16 22 22 1 5 10 0 18 11 25 29 11 31 31 19 0 20 10 31 11 3 12
split_gain=361.222 180.174 160.362 103.47 146.365 127.498 102.235 137.785 187.736 148.794 132.664 125.722 150.166 111.791 91.1021 103.68 87.1196 80.3064 77.0117 76.6358 95.669 75.3471 141.632 212.797 92.8838 88.9953 100.747 83.2237 72.4629 150.054
threshold=0.66333335638046276 1.0000000180025095e-35 0.26015800237655645 3.1000000238418584 3.8333333730697636 88.224998474121108 78.450000762939467 7.3500001430511483 1.0000000180025095e-35 2.1666666269302373 1.5833333134651186 84.833332061767592 0.95011666417121898 82.633331298828139 5.5833332538604745 6.8038463592529306 25.44999980926514 0.90000000596046459 0.55000001192092907 32.100000381469734 12.84999990463257 9.2500000000000018 20.500000000000004 3.5833333730697636 13.500000000000002 81.099998474121108 11.550000190734865 19.44999980926514 7.0166666507720956 4.5099999904632577
decision_type=2 2 10 10 10 2 2 2 2 10 10 2 10 2 2 2 2 8 8 2 2 2 2 2 2 2 2 2 2 2
left_child=14 3 18 19 5 28 -4 11 -9 10 -10 12 -8 -14 -1 -16 17 -13 -3 20 -2 24 25 -24 -20 -23 -27 -26 29 -5
right_child=1 2 6 4 -6 -7 7 8 9 -11 -12 16 13 -15 15 -17 -18 -19 21 -21 -22 22 23 -25 27 26 -28 -29 -30 -31
leaf_value=-0.0016421243190228249 -0.00026478351459191448 -0.0041275915384661639 0.005324319972174375 0.010087347947701346 -0.0077256760242702567 0.057992306905133378 -0.006517631235447797 0.077581474387074176 0.0096534187815019053 -0.013650314753324212 0.067078510460257534 0.036128623742091505 0.020373671631727899 0.072596266103478579 0.053760012827421488 0.00094858240750100875 -0.027794785425066946 0.0030016303079372099 0.0030726119795502433 0.026095129339532418 -0.041809343987703321 0.020816082143823481 0.075531367023500634 0.0063257438766545259 0.058951272395253183 0.010855969846492909 -0.04389458747953176 0.009244420212971699 -0.013867565216053099 0.067978561595082282
leaf_weight=57856 22034 1265 1120 192 209 77 66 73 70 71 75 79 70 78 57 81 68 396 19043 99 50 112 74 87 50 61 60 77 63 51
leaf_count=57856 22034 1265 1120 192 209 77 66 73 70 71 75 79 70 78 57 81 68 396 19043 99 50 112 74 87 50 61 60 77 63 51
internal_value=-1.1578e-05 0.00198087 0.00385409 8.95488e-05 0.0124675 0.0234868 0.011623 0.0183673 0.0359893 0.0219327 0.0393561 0.0116397 0.0311145 0.0478964 -0.00158405 0.022762 0.00396457 0.00851117 0.0030462 -0.000240783 -0.000358844 0.00351006 0.0164964 0.0381345 0.00324315 0.00154481 -0.0162931 0.028814 0.014804 0.0222374
internal_weight=103764 45770 22995 22775 592 383 2166 1046 289 216 145 757 214 148 57994 138 543 475 20829 22183 22084 19564 394 161 19170 233 121 127 306 243
internal_count=103764 45770 22995 22775 592 383 2166 1046 289 216 145 757 214 148 57994 138 543 475 20829 22183 22084 19564 394 161 19170 233 121 127 306 243
is_linear=0
shrinkage=0.03


Tree=104
num_leaves=31
num_cat=1
split_feature=18 27 22 23 5 32 10 23 12 0 19 2 16 25 29 25 4 19 27 13 13 13 10 21 22 25 23 19 22 5
split_gain=413.11 104.225 120.898 133.77 145.554 135.863 126.622 118.23 116.306 99.887 98.8923 154.474 94.2193 108.468 93.9113 125.445 102.445 107.105 105.958 88.8608 103.94 109.157 96.8182 104.205 88.7803 99.0553 83.4415 119.642 76.7635 113.867
threshold=1.5067567825317385 1.1000000238418581 3.8333333730697636 3.1000000238418584 0.32355000078678137 0 81.90000152587892 3.8999999761581425 10.710000038146974 5.8333332538604745 3.5000000000000004 8.8333334922790545 0.55000001192092907 0.90000000596046459 1.1000000238418581 0.70833334326744091 0.019100000150501732 8.5000000000000018 2.7749999761581425 0.060001999139785774 0.65775001049041759 0.4303050041198731 31.22500038146973 34.500000000000007 0.41666667163372045 1.6333333253860476 2.2916666269302373 3.5000000000000004 1.5833333134651186 0.41759999096393591
decision_type=2 10 10 8 10 9 2 10 2 2 2 2 2 10 10 10 10 2 10 8 10 10 2 2 10 10 10 2 10 10
left_child=10 7 3 5 6 8 -5 28 -3 -6 11 -1 13 -10 15 -7 -17 -18 -19 22 21 26 23 -16 -13 -26 27 -21 -2 -30
right_child=1 2 -4 4 9 14 -8 -9 12 -11 -12 24 -14 -15 19 16 17 18 -20 20 -22 -23 -24 -25 25 -27 -28 -29 29 -31
leaf_value=0.0010894868003259064 0.0028030303650384133 0.0033012825172146197 -0.019163163129116846 0.01763827564196915 0.0089984250185621336 0.0076838974442245758 0.05971322859217832 0.040778256248099255 0.067586263887584208 -0.039174509283900261 -0.0015617603629642133 -0.0055533660467593894 -0.0080847751039941351 0.01597220256392445 0.0012325271336962223 -0.011443642895393957 -0.020589986508516102 0.0080274162837534694 -0.022293975276387289 0.035306200592693952 -0.028234529464126943 0.024795195798657528 -0.0090711730990342375 0.041564267946576527 -0.0014359798475813408 0.037601537715661548 -0.0098139200756764584 0.0035308188557419944 0.011230628069528986 0.0019109051771806016
leaf_weight=6644 6925 11246 249 220 172 598 91 83 65 50 62719 93 53 84 456 1970 190 808 119 110 91 219 1239 66 78 234 408 3498 3097 1906
leaf_count=6644 6925 11246 249 220 172 598 91 83 65 50 62719 93 53 84 456 1970 190 808 119 110 91 219 1239 66 78 234 408 3498 3097 1906
internal_value=0.000138459 0.00284928 0.00162229 0.00186021 0.0167042 0.00148736 0.0299496 0.00509691 0.00370331 -0.00185133 -0.00118311 0.00218596 0.0262687 0.0384884 -0.00111129 -0.00489225 -0.00732844 -7.06608e-05 0.00413503 0.00117583 0.00348849 0.00417014 -0.00450534 0.00633194 0.0201736 0.0278422 0.00304542 0.00449958 0.00484863 0.00768008
internal_weight=103781 34013 22002 21753 533 21220 311 12011 11448 222 69768 7049 202 149 9772 3685 3087 1117 927 6087 4326 4235 1761 522 405 312 4016 3608 11928 5003
internal_count=103781 34013 22002 21753 533 21220 311 12011 11448 222 69768 7049 202 149 9772 3685 3087 1117 927 6087 4326 4235 1761 522 405 312 4016 3608 11928 5003
cat_boundaries=0 1
cat_threshold=40
is_linear=0
shrinkage=0.03


Tree=105
num_leaves=31
num_cat=1
split_feature=12 30 27 22 22 29 31 32 14 26 12 23 27 29 22 22 19 14 14 14 4 29 28 20 29 11 20 26 25 2
split_gain=308.878 160.155 153.264 147.025 142.874 138.208 124.889 119.395 126.313 119.49 129.193 112.207 117.363 111.032 106.134 119.97 144.857 122.172 104.618 104.445 123.43 104.412 102.954 102.58 108.67 124.797 124.208 138.829 97.3885 95.4531
threshold=0.84499999880790722 1.0000000180025095e-35 1.1000000238418581 3.8333333730697636 1.8333333134651186 3.2250000238418584 9.2500000000000018 0 0.78804999589920055 1.1666666865348818 5.6099998950958261 2.8999999761581425 1.8999999761581423 0.45000000298023229 3.1666666269302373 2.1666666269302373 7.5000000000000009 0.95633330941200267 1.1044999957084658 0.028050000779330734 0.086591664701700224 0.55000001192092907 1.1666666865348818 11.500000000000002 1.3666666746139529 9.0999999046325701 2.5000000000000004 1.5833333134651186 1.5500000119209292 23.583333015441898
decision_type=2 2 8 10 10 10 2 9 8 10 2 10 10 10 10 10 2 8 8 8 10 8 10 2 10 2 2 10 10 2
left_child=-1 2 4 5 13 11 19 14 9 10 -9 -4 22 18 15 16 -6 -18 -2 -3 21 -21 -13 24 26 -26 -8 -28 -19 -27
right_child=1 6 3 -5 7 -7 23 8 -10 -11 -12 12 -14 -15 -16 -17 17 28 -20 20 -22 -23 -24 -25 25 29 27 -29 -30 -31
leaf_value=-0.00137410520426556 -0.01244670577112209 0.010707143313255039 -0.0021417153548152208 -0.031589620413367957 0.062042438737874801 0.042904521356381113 -0.0091452696414724474 0.013088471107429039 -0.0036368118321127071 -0.017487345827891059 0.052485340050200821 -0.0012626125512416569 -0.0067015089875667915 0.00019491400361971119 0.046120802424218808 0.0047169321428627642 0.044616334498436612 -0.024711569949780424 0.037634677655270531 -0.0087499429121006764 0.0065224413407147146 0.0019346502777669637 0.036150074225357348 -0.017414671310004504 0.071143637291071093 0.009375527335537804 0.067592734247446051 0.00096015733107924464 0.023806106710414353 0.054593640267848964
leaf_weight=60098 52 1615 13384 147 86 63 155 329 762 82 97 98 178 5402 111 449 88 73 135 878 5635 13176 204 68 66 135 53 60 76 61
leaf_count=60098 52 1615 13384 147 86 63 155 329 762 82 97 98 178 5402 111 449 88 73 135 878 5635 13176 204 68 66 135 53 60 76 61
internal_value=2.1564e-05 0.00194015 0.000120805 -0.00174417 0.00351109 -0.00142915 0.00375236 0.0100773 0.00405623 0.0156756 0.0220591 -0.00163061 0.0126209 0.000981639 0.0184821 0.0147476 0.028691 0.0165888 0.0237083 0.00337282 0.00277122 0.00126715 0.0240095 0.0172737 0.0217243 0.0354633 0.00829294 0.0322126 3.57014e-05 0.0234485
internal_weight=103816 43718 21816 14074 7742 13927 21902 2153 1270 508 426 13864 480 5589 883 772 323 237 187 21304 19689 14054 302 598 530 262 268 113 149 196
internal_count=103816 43718 21816 14074 7742 13927 21902 2153 1270 508 426 13864 480 5589 883 772 323 237 187 21304 19689 14054 302 598 530 262 268 113 149 196
cat_boundaries=0 1
cat_threshold=10
is_linear=0
shrinkage=0.03


Tree=106
num_leaves=31
num_cat=1
split_feature=18 29 4 27 20 18 31 9 3 19 32 26 8 21 27 19 22 23 5 27 25 8 11 2 10 14 21 25 27 23
split_gain=294.092 139.212 155.206 130.068 114.885 115.678 113.224 176.625 217.282 112.511 129.649 107.694 107.629 164.39 111.298 90.7591 89.2333 107.906 209.755 129.005 131.156 87.3253 102.821 101.239 83.1221 82.564 81.8764 104.729 96.6475 88.0121
threshold=1.5469207763671877 1.1000000238418581 0.086591664701700224 2.6333333253860478 8.5000000000000018 5.2880184650421151 8.9499998092651385 3.3666666746139531 5.5833332538604745 11.500000000000002 0 2.5833333730697636 1.0000000180025095e-35 86.500000000000014 1.5500000119209292 32.500000000000007 0.83333334326744091 1.8999999761581423 1.2516666650772097 0.90000000596046459 1.1000000238418581 0.41666667163372045 13.22499990463257 10.833333492279055 56.291666030883796 0.92427000403404247 84.500000000000014 0.45000000298023229 1.1000000238418581 1.7749999761581423
decision_type=2 8 8 10 2 2 2 2 2 2 9 10 2 2 8 2 10 10 10 8 10 2 2 2 2 10 2 10 8 10
left_child=-1 3 -3 4 5 26 9 8 -8 10 -4 15 -9 -14 -15 -6 21 -18 19 20 -19 22 23 -12 -21 -5 -2 -28 -29 -30
right_child=1 2 6 25 11 -7 7 12 -10 -11 16 -13 13 14 -16 -17 17 18 -20 24 -22 -23 -24 -25 -26 -27 27 28 29 -31
leaf_value=-0.0012005375238100914 -0.0024428308496030021 -1.2359453832678875e-05 -0.0050408012705225489 -0.0054152810201770919 -0.011276711500077915 0.01620141874073653 0.021273364446327818 -0.011848196280270553 0.090983720224882866 0.0063257000933151135 0.023455488577423508 0.026699089602597297 0.04444868477876298 0.017237045547924934 -0.025242279754842029 -0.051553264650431543 -0.003211719007181273 -0.00034637483199695488 0.068617100362073288 0.023403321232993241 0.052336954763061119 -0.017652857443865605 0.042090334430052216 -0.026938851591857039 -0.010114956835063837 -0.024107871699343753 0.020444218534976244 0.0091285874790848088 -0.0041385597767832974 0.0069835229702737839
leaf_weight=70258 4078 7393 1975 790 596 453 143 171 56 10520 121 62 128 160 85 55 1024 77 55 86 95 51 157 51 295 291 303 1272 2091 923
leaf_count=70258 4078 7393 1975 790 596 453 143 171 56 10520 121 62 128 160 85 55 1024 77 55 86 95 51 157 51 295 291 303 1272 2091 923
internal_value=-9.70279e-05 0.00221338 0.00355489 -0.000569806 0.000516078 0.00142276 0.00528424 0.0167065 0.0408903 0.00469923 0.000407671 -0.0110814 0.00785979 0.0168948 0.00249932 -0.0146795 0.00575241 0.00273239 0.0127435 0.00718646 0.028752 0.018874 0.0245362 0.00851298 -0.00254915 -0.0104472 0.000650324 0.00339905 0.00219403 -0.00073256
internal_weight=103815 33557 22643 10914 9833 9120 15250 743 199 14507 3987 713 544 373 245 651 2012 1632 608 553 172 380 329 172 381 1081 8667 4589 4286 3014
internal_count=103815 33557 22643 10914 9833 9120 15250 743 199 14507 3987 713 544 373 245 651 2012 1632 608 553 172 380 329 172 381 1081 8667 4589 4286 3014
cat_boundaries=0 1
cat_threshold=32
is_linear=0
shrinkage=0.03


Tree=107
num_leaves=31
num_cat=0
split_feature=31 31 18 24 21 4 21 2 9 23 26 5 11 22 5 1 14 23 19 4 24 19 2 28 9 31 18 31 13 3
split_gain=259.441 126.201 164.374 211.655 112.02 99.5945 97.8657 93.1195 117.347 88.1378 109.95 87.8424 117.957 115.291 108.063 91.8017 82.539 165.998 172.863 80.914 80.8869 73.2525 104.566 97.4638 85.0529 102.48 96.0295 92.9729 78.2125 95.8724
threshold=5.3500001430511483 2.5499999523162846 4.0135135650634775 1.1666666865348818 84.500000000000014 0.80833333730697643 87.500000000000014 21.166666984558109 3.3666666746139531 1.0000000180025095e-35 0.41666667163372045 1.4008499979972842 17.366666793823246 2.8333333730697636 0.26391665637493139 62.833333969116218 0.54236000776290905 1.2916666865348818 8.5000000000000018 0.92416667938232433 1.5833333134651186 8.5000000000000018 26.166666984558109 1.5833333134651186 2.1000000238418584 6.8500001430511483 1.9692234992980959 9.1500000953674334 0.21010799705982211 3.6833333969116215
decision_type=2 2 2 10 2 10 2 2 2 10 8 10 2 10 8 2 8 10 2 10 10 2 2 10 2 2 2 2 10 2
left_child=1 2 -1 -4 19 -6 -3 8 9 -8 -11 12 14 15 -10 -14 17 -9 -19 21 -13 24 -23 -24 25 -2 -27 28 -26 -30
right_child=4 6 3 -5 5 -7 7 16 11 10 -12 20 13 -15 -16 -17 -18 18 -20 -21 -22 22 23 -25 27 26 -28 -29 29 -31
leaf_value=0.067500278148448681 0.0049985304131871791 -0.0013967279860353625 0.039972546004479928 -0.02352966186706908 0.0061675748542687368 -0.014814747395127583 -0.018269415128872625 -0.026356505056314948 -0.028140037668896143 0.0099186648926870135 3.8230472154295748e-05 -0.016284895846914924 0.047543135363122692 0.050588857018085846 0.0057420477810253912 0.0118600585075365 -0.0076001208840998135 -0.00932753508028231 0.058359442337283067 0.038982370668912629 0.0068378210765513356 0.00029320717327090058 -0.041863330566478008 0.0022738742893561722 -0.010289376094061439 0.015121119790810867 0.055410375294065284 0.032940534157678482 0.037842243608750707 -0.001271859366341584
leaf_weight=53 2309 64927 93 96 7875 209 216 67 94 1134 9551 237 69 83 858 1089 1555 57 84 51 320 11216 103 80 693 377 62 63 73 248
leaf_count=53 2309 64927 93 96 7875 209 216 67 94 1134 9551 237 69 83 858 1089 1555 57 84 51 320 11216 103 80 693 377 62 63 73 248
internal_value=-1.44453e-05 -0.000821402 0.0208104 0.00771746 0.00276936 0.00562511 -0.00088656 0.00126237 0.00210034 0.000703304 0.00108684 0.0076382 0.0103404 0.0164343 0.00239655 0.0139863 -0.00522606 0.0125223 0.0309966 0.00125802 -0.00300075 0.00113164 -7.38136e-05 -0.0225684 0.00472405 0.00752464 0.0208112 -0.00242175 -0.00461881 0.00762325
internal_weight=103942 80583 242 189 23359 8084 80341 15414 13651 10901 10685 2750 2193 1241 952 1158 1763 208 141 15275 557 15224 11399 183 3825 2748 439 1077 1014 321
internal_count=103942 80583 242 189 23359 8084 80341 15414 13651 10901 10685 2750 2193 1241 952 1158 1763 208 141 15275 557 15224 11399 183 3825 2748 439 1077 1014 321
is_linear=0
shrinkage=0.03


Tree=108
num_leaves=31
num_cat=0
split_feature=18 29 27 14 23 6 21 0 11 25 23 14 5 12 1 26 12 11 22 24 0 26 20 4 11 20 3 21 22 10
split_gain=248.202 112.713 122.987 112.057 141.797 118.362 117.563 153.691 108.804 102.72 249.787 75.219 74.6195 74.4755 94.9303 90.473 73.6096 127.648 135.497 129.267 212.841 73.498 72.0969 62.949 110.739 75.2464 98.5805 123.376 153.732 107.05
threshold=1.6211556196212771 1.1000000238418581 2.7749999761581425 1.7129999995231631 2.2250000238418584 0.41666667163372045 86.500000000000014 1.1666666865348818 23.899999618530277 0.55000001192092907 0.77500000596046459 0.79622998833656322 1.4469333291053774 3.3099999427795415 34.833333969116218 1.5833333134651186 5.4366667270660409 26.10000038146973 1.1666666865348818 0.58333334326744091 4.5833332538604745 1.5833333134651186 9.5000000000000018 0.080274999141693129 23.22500038146973 16.500000000000004 11.083333492279055 81.500000000000014 2.4166666269302373 86.450000762939467
decision_type=2 8 10 8 10 2 2 2 2 10 10 10 10 2 2 10 2 2 10 10 2 10 2 8 2 2 2 2 10 2
left_child=-1 2 3 6 5 9 22 -8 13 10 -5 -4 16 14 -6 -16 -9 18 -18 -20 -21 -12 -2 24 -3 26 -25 -28 29 -29
right_child=1 23 11 4 8 -7 7 12 -10 -11 21 -13 -14 -15 15 -17 17 -19 19 20 -22 -23 -24 25 -26 -27 27 28 -30 -31
leaf_value=-0.0011491789180971639 0.00026903817361922591 0.0014871694994924929 -0.0048762479329880716 0.074151598311522418 -0.0098601550169041732 -0.024240933536743954 0.04110859743206792 0.0056537004500594231 0.042330470527211825 -0.0046037934319198663 -0.016306765685181905 -0.022425767291516019 -0.0055453509965256035 -0.0061946678705903334 0.061088289342454222 0.0094191933765274578 -0.0016519469131122935 -0.013346919047392226 0.075473521419224282 0.060979996144454526 0.0014302818606218954 0.016500624887306581 -0.025258761975699318 0.0040774542396613345 -0.022423632747426047 -0.027388410875434747 0.056427937462481093 0.052049370628543368 -0.018318392069867021 0.0089709169195808514
leaf_weight=71465 2338 6671 688 51 64 257 124 1343 90 3692 115 323 368 215 61 61 110 88 63 94 127 132 104 14549 179 67 67 86 104 131
leaf_count=71465 2338 6671 688 51 64 257 124 1343 90 3692 115 323 368 215 61 61 110 88 63 94 127 132 104 14549 179 67 67 86 104 131
internal_value=-0.000162127 0.00201758 -0.000535689 0.000523255 -0.00274267 -0.00450732 0.00377477 0.00861547 0.012521 -0.00323626 0.0137065 -0.0104831 0.0067782 0.00583056 0.0197307 0.0352537 0.00926316 0.0193202 0.0266165 0.0375655 0.0267591 0.00122593 -0.000818141 0.00324526 0.000862347 0.00433317 0.00447546 0.0193995 0.0116708 0.0260435
internal_weight=103827 32362 10508 9497 4738 4247 4759 2317 491 3990 298 1011 2193 401 186 122 1825 482 394 284 221 247 2442 21854 6850 15004 14937 388 321 217
internal_count=103827 32362 10508 9497 4738 4247 4759 2317 491 3990 298 1011 2193 401 186 122 1825 482 394 284 221 247 2442 21854 6850 15004 14937 388 321 217
is_linear=0
shrinkage=0.03


Tree=109
num_leaves=31
num_cat=1
split_feature=21 31 29 27 31 31 15 5 28 4 9 9 15 30 3 28 9 27 32 10 25 27 27 5 5 30 22 31 10 13
split_gain=292.507 113.415 110.5 154.765 120.154 99.0363 98.833 98.4684 135.672 147.184 121.977 95.4111 128.081 96.5061 160.366 95.3768 176.607 135.894 169.129 93.1415 148.359 163.493 255.742 154.391 150.447 140.021 114.856 91.4729 107.118 108.444
threshold=71.500000000000014 2.5499999523162846 0.70833334326744091 0.45000000298023229 10.150000095367433 5.4500000476837167 1.0000000180025095e-35 1.0241666436195376 1.8333333134651186 0.56737667322158825 5.0999999046325692 7.7750000953674325 0.45000000298023229 1.0000000180025095e-35 8.0166668891906756 1.1666666865348818 4.9000000953674325 1.1000000238418581 0 43.100000381469734 1.1000000238418581 1.1000000238418581 0.63333335518836986 0.47366666793823248 0.93689998984336864 1.0000000180025095e-35 1.5833333134651186 5.3500001430511483 50.899999618530281 0.70499998331069957
decision_type=2 2 8 10 2 2 2 8 10 10 2 2 2 2 2 10 2 10 9 2 10 10 10 10 10 2 10 2 2 8
left_child=1 -1 3 -2 7 -3 -6 8 11 10 19 12 13 -4 15 17 -17 18 -15 -10 24 22 23 -22 -21 -24 -27 -9 -29 -30
right_child=2 5 4 -5 6 -7 -8 27 9 -11 -12 -13 -14 14 -16 16 -18 -19 -20 20 21 -23 25 -25 -26 26 -28 28 29 -31
leaf_value=0.019269959797778451 0.031411815652263766 -0.0013833704437141844 -0.00086813299643270835 -0.0033924272994522264 0.051130550821190293 0.0016583758221928448 0.012599783057231804 0.00037486168421865346 0.0014902361491849622 0.050463578968212519 -0.011413012974731187 0.039841872038585795 -0.023436555527836266 -0.0021901812761123958 0.046072485579643392 -0.0037760631342749359 0.047042866213755169 0.0057691077956325632 0.045135299574038605 -0.0015488593309684908 -0.020680116500705479 0.013274055893426059 0.080298525888518602 0.040097861950036506 0.04707244807424453 0.066447173545935323 0.0080339183929291624 0.016507158040161316 0.0096489656740261932 0.00030475080406693652
leaf_weight=251 119 64538 2117 3410 69 11324 455 11303 482 87 204 63 163 109 96 912 66 743 195 482 80 549 122 71 65 56 66 651 1715 3210
leaf_count=251 119 64538 2117 3410 69 11324 455 11303 482 87 204 63 163 109 96 912 66 743 195 482 80 549 122 71 65 56 66 651 1715 3210
internal_value=9.74461e-05 -0.000862714 0.00273955 -0.00221881 0.00346468 -0.000929326 0.0176735 0.00314929 0.00621817 0.0122002 0.0106711 0.00318428 0.00265953 0.00366322 0.00818603 0.00638993 -0.000346565 0.0126825 0.0295793 0.0129545 0.0166605 0.0238641 0.0385829 0.00789761 0.00422881 0.0575725 0.0348466 0.00192603 0.00507037 0.00355862
internal_weight=103773 76113 27660 3529 24131 75862 524 23607 6728 2264 2177 4464 4401 4238 2121 2025 978 1047 304 1973 1491 944 395 151 547 244 122 16879 5576 4925
internal_count=103773 76113 27660 3529 24131 75862 524 23607 6728 2264 2177 4464 4401 4238 2121 2025 978 1047 304 1973 1491 944 395 151 547 244 122 16879 5576 4925
cat_boundaries=0 1
cat_threshold=32
is_linear=0
shrinkage=0.03


Tree=110
num_leaves=31
num_cat=1
split_feature=21 30 13 14 27 11 17 10 22 17 18 31 27 32 19 5 1 23 23 19 31 12 0 13 19 13 31 11 23 31
split_gain=249.121 110.598 158.012 141.036 160.028 127.356 94.6257 88.7047 97.7163 104.52 89.7869 86.3891 85.1014 84.9924 103.875 116.625 163.775 110.845 94.3307 103.929 85.7689 94.4388 84.8299 83.8971 81.06 80.3075 79.0119 129.613 78.4887 81.5348
threshold=1.0000000180025095e-35 1.0000000180025095e-35 0.22008600085973742 1.0000000180025095e-35 2.1000000238418584 36.100000381469734 0.55000001192092907 13.09999990463257 0.41666667163372045 0.45000000298023229 2.2029411792755131 4.7500000000000009 3.4500000476837163 0 35.500000000000007 0.7492833435535432 85.833332061767592 2.2250000238418584 2.1000000238418584 6.5000000000000009 5.9500000476837167 5.2633335590362558 3.1666666269302373 0.55700001120567333 15.500000000000002 0.16409499943256381 9.2500000000000018 8.7750000953674334 1.2250000238418581 5.4500000476837167
decision_type=2 2 10 8 10 2 2 2 10 2 2 2 8 9 2 10 2 10 10 2 2 2 2 8 2 8 2 2 10 2
left_child=6 5 3 4 7 11 -1 -3 10 -10 -9 -2 26 14 15 17 -17 20 19 -18 21 28 -8 -22 -19 -16 -5 -28 29 -13
right_child=1 2 -4 12 -6 -7 22 8 9 -11 -12 13 -14 -15 25 16 18 24 -20 -21 23 -23 -24 -25 -26 -27 27 -29 -30 -31
leaf_value=-0.001252712601805013 -0.0022349968917644001 -0.0021904625528104669 0.01040894879562183 0.0014924855741385819 -0.0085574562464173602 -0.041984316366724665 0.0053047017725529489 0.022942978888255569 0.011832702888731795 0.04823531333308715 0.067639595007612588 0.017590014756282208 -0.019313262710026625 0.00049134164632198883 0.008929778892132971 -0.023659650394583096 0.046908608257122661 0.013845081758720859 -0.01206493968318682 0.0070038344697095451 -0.005060095686752062 -0.02684181261288969 0.054998703374527391 0.040179405740396246 0.039404462581848376 -0.038073014841830156 0.048308964869993573 0.0049804578827960149 9.8299000861579798e-05 -0.012037786347791552
leaf_weight=60626 7368 226 2498 16652 319 64 81 113 909 77 63 647 174 10851 54 233 69 289 192 395 52 79 50 127 182 83 85 231 771 96
leaf_count=60626 7368 226 2498 16652 319 64 81 113 909 77 63 647 174 10851 54 233 69 289 192 395 52 79 50 127 182 83 85 231 771 96
internal_value=3.81401e-05 0.0017884 0.00331895 0.00237934 0.0106028 0.000272415 -0.00119768 0.0150064 0.018351 0.0146755 0.0389423 0.000398273 0.00156044 0.00177235 0.0060046 0.00714142 -0.00205395 0.010786 0.00562003 0.0129379 0.00734766 0.00513521 0.0242719 0.0270372 0.0237215 -0.0195464 0.00177449 0.0166353 0.00680377 0.0137619
internal_weight=103656 42899 21347 18849 1707 21552 60757 1388 1162 986 176 21488 17142 14120 3269 3132 889 2243 656 464 1772 1593 131 179 471 137 16968 316 1514 743
internal_count=103656 42899 21347 18849 1707 21552 60757 1388 1162 986 176 21488 17142 14120 3269 3132 889 2243 656 464 1772 1593 131 179 471 137 16968 316 1514 743
cat_boundaries=0 1
cat_threshold=10
is_linear=0
shrinkage=0.03


Tree=111
num_leaves=31
num_cat=2
split_feature=21 20 30 14 27 4 31 1 11 22 26 32 4 19 22 23 28 3 19 27 19 5 27 20 4 5 22 3 19 32
split_gain=279.165 147.321 112.54 137.436 131.066 118.929 111.045 108.986 136.746 106.354 209.34 148.075 256.235 132.396 100.808 141.542 159.494 109.596 92.081 90.2979 117.831 77.8024 77.3089 108.796 136.007 86.2319 147.54 112.144 107.367 124.824
threshold=66.500000000000014 -1.4999999999999998 1.0000000180025095e-35 0.10802000015974046 3.4500000476837163 0.086591664701700224 5.4500000476837167 79.166667938232436 15.550000190734865 3.1666666269302373 1.5833333134651186 0 0.17668166756629947 16.500000000000004 1.1666666865348818 1.3666666746139529 1.1666666865348818 4.6833331584930429 22.500000000000004 0.36666667461395269 9.5000000000000018 1.1235166788101199 1.7083333134651186 1.5000000000000002 0.66833335161209118 0.060216665267944343 1.8333333134651186 5.4166667461395273 7.5000000000000009 1
decision_type=2 2 2 8 10 10 2 2 2 10 10 9 8 2 10 10 10 2 2 8 2 8 10 2 10 8 10 2 2 9
left_child=1 -1 9 14 5 -5 -3 19 -9 22 11 18 -13 -12 -4 -16 -17 -18 -11 20 21 -8 25 -24 -25 26 -2 -28 29 -27
right_child=2 6 3 4 -6 -7 7 8 -10 10 13 12 -14 -15 15 16 17 -19 -20 -21 -22 -23 23 24 -26 28 27 -29 -30 -31
leaf_value=-0.035910868814422028 -0.017875972912189061 -0.0013223424687520257 0.0049140194197739608 0.0020687261339009488 -0.026590211972070392 0.0082952797900074735 0.0087233613297343238 0.0021068700158502905 0.068321905978024011 -0.0075709555247426034 0.013146121181351575 0.010047205716469569 0.085650679269848859 -0.036939369083235134 0.057072127020343186 0.036392723099734077 -0.013814563441413977 0.025789334589944164 0.034302857928529475 0.0011651943498969177 -0.0037766825434352672 0.04799826127355513 -0.011668619109528698 0.00051715770369713298 -0.033674627500068804 0.019056786253731302 0.026526350299358969 -0.020448194522283632 0.0010994228865289126 0.0011444015429485505
leaf_weight=108 472 63877 494 9319 128 3923 75 64 50 125 95 76 86 95 94 209 164 102 76 10320 140 115 1015 3430 108 695 149 66 7406 711
leaf_count=108 472 63877 494 9319 128 3923 75 64 50 125 95 76 86 95 94 209 164 102 76 10320 140 115 1015 3430 108 695 149 66 7406 711
internal_value=7.17532e-05 -0.000898 0.00256807 0.0044468 0.00362134 0.00391337 -0.000847339 0.00197148 0.0311486 0.000711471 0.0136163 0.0269702 0.0472648 -0.0118966 0.0148291 0.0234372 0.0167811 0.00137189 0.00787037 0.00165917 0.017107 0.032495 0.000203615 -0.00301047 -0.000526571 0.00174417 -0.00849289 0.0121063 0.00254227 0.0101424
internal_weight=103787 74749 29038 14433 13370 13242 74641 10764 114 14605 553 363 162 190 1063 569 475 266 201 10650 330 190 14052 4553 3538 9499 687 215 8812 1406
internal_count=103787 74749 29038 14433 13370 13242 74641 10764 114 14605 553 363 162 190 1063 569 475 266 201 10650 330 190 14052 4553 3538 9499 687 215 8812 1406
cat_boundaries=0 1 2
cat_threshold=36 10
is_linear=0
shrinkage=0.03


Tree=112
num_leaves=31
num_cat=0
split_feature=21 20 31 27 30 31 17 14 31 27 30 21 26 26 19 19 14 11 21 26 19 31 25 10 23 1 31 23 28 27
split_gain=279.345 108.548 95.5992 89.236 98.0467 96.4774 126.201 97.9192 95.3267 85.9884 87.2409 105.893 85.9013 131.756 175.403 87.5954 85.2265 98.6746 104.095 83.9516 83.7255 106.514 128.647 88.4088 80.6137 76.9746 122.133 103.666 78.1539 75.8884
threshold=86.500000000000014 -1.4999999999999998 5.1499998569488534 3.1000000238418584 1.0000000180025095e-35 9.2500000000000018 0.55000001192092907 0.096513330936431899 4.7500000000000009 1.6333333253860476 1.0000000180025095e-35 1.0000000180025095e-35 1.5833333134651186 1.1666666865348818 6.5000000000000009 10.500000000000002 0.9782799780368806 16.10000038146973 74.500000000000014 3.8333333730697636 6.5000000000000009 6.9500000476837167 1.7083333134651186 62.899999618530281 0.90000000596046459 54.500000000000007 6.3500001430511483 1.7749999761581423 1.8333333134651186 2.6333333253860478
decision_type=2 2 2 10 2 2 2 8 2 10 2 2 10 10 2 2 10 2 2 10 2 2 10 2 10 2 2 10 10 10
left_child=1 -1 -3 4 8 7 -7 12 -2 10 -4 -12 13 -6 -15 -14 -13 -18 -19 -5 21 22 29 -24 -25 26 28 -28 -10 -9
right_child=3 2 9 19 5 6 -8 20 25 -11 11 16 15 14 -16 -17 17 18 -20 -21 -22 -23 23 24 -26 -27 27 -29 -30 -31
leaf_value=-0.028661199290127979 -0.0022706918778587042 -0.0013730600335567914 -3.0072805187759925e-05 -0.018215885644092513 0.014298000280737629 0.011076923203352945 0.055739142408443458 -0.014616529135198533 -0.0014197567745622319 -0.0018458753022784111 0.0012198261852689502 0.0069665181232738908 0.011057889254316467 0.011324646288857741 0.087594604173610952 -0.027075459011223005 0.012967572248977086 0.077480135402258704 0.017714725425466895 0.007287289716177067 0.0050192506552938403 0.027043761168007212 -0.017824747372418639 -0.0043402617120081198 0.022915016258229615 0.0024250900529562661 0.06389374358553282 0.0087409597800837627 0.025324971983407406 0.019106124067535764
leaf_weight=126 4358 61199 6421 338 363 247 74 790 325 6206 3380 2717 253 51 58 69 301 51 54 177 8682 101 105 154 267 6467 71 54 141 65
leaf_count=126 4358 61199 6421 338 363 247 74 790 325 6206 3380 2717 253 51 58 69 301 51 54 177 8682 101 105 154 267 6467 71 54 141 65
internal_value=-1.63275e-06 -0.000838077 -0.000794435 0.00289781 0.00317803 0.00516181 0.0213729 0.00468693 0.00121805 0.00105665 0.00245042 0.00489964 0.0148333 0.0229835 0.0519087 0.00288646 0.00888228 0.0217028 0.0467436 -0.00945072 0.0038943 -0.00269597 -0.004871 0.00680287 0.0129452 0.00337219 0.0137358 0.0400677 0.00667253 -0.0120528
internal_weight=103665 80455 80329 23210 22695 11279 321 10958 11416 19130 12924 6503 794 472 109 322 3123 406 105 515 10164 1482 1381 526 421 7058 591 125 466 855
internal_count=103665 80455 80329 23210 22695 11279 321 10958 11416 19130 12924 6503 794 472 109 322 3123 406 105 515 10164 1482 1381 526 421 7058 591 125 466 855
is_linear=0
shrinkage=0.03


Tree=113
num_leaves=31
num_cat=1
split_feature=12 27 31 31 22 23 31 19 29 19 18 22 32 22 20 8 20 0 22 23 18 16 19 5 25 5 28 27 21 29
split_gain=228.539 122.916 99.9496 89.4084 88.6488 136.115 120.118 186.425 120.034 112.137 142.74 107.709 103.627 124.329 151.449 151.026 89.5733 135.541 87.177 114.767 101.357 113.224 86.0527 151.004 107.946 138.602 98.9628 172.372 190.987 152.89
threshold=0.6225000023841859 1.1000000238418581 2.5499999523162846 4.0499999523162851 1.5833333134651186 1.3666666746139529 6.2500000000000009 3.5000000000000004 1.5500000119209292 14.500000000000002 2.1883445978164677 1.4166666865348818 0 3.1666666269302373 3.5000000000000004 1.0000000180025095e-35 6.5000000000000009 4.1666667461395273 3.8333333730697636 3.1000000238418584 4.3049516677856454 0.22500000149011615 26.500000000000004 1.0534666180610659 1.7749999761581423 0.76728332042694103 1.1666666865348818 0.90000000596046459 73.500000000000014 1.7749999761581423
decision_type=2 8 2 2 10 10 2 2 10 2 2 10 9 10 2 2 2 2 10 10 2 2 2 10 10 10 10 10 2 10
left_child=2 4 -1 -3 6 8 11 -8 -6 -10 -11 -2 13 22 15 -15 -9 -18 19 -5 -21 -22 26 24 25 -24 27 28 -7 -28
right_child=1 3 -4 18 5 12 7 16 9 10 -12 -13 -14 14 -16 -17 17 -19 -20 20 21 -23 23 -25 -26 -27 29 -29 -30 -31
leaf_value=0.017617245441125261 0.00097820413477434434 -0.0087549165687280297 -0.0013177222827503588 0.00064537485033754668 0.005502682809193026 -0.0003993914581492151 0.045083557068428488 0.0029729700820729592 0.013129511415882379 0.022215926462163527 0.076263945452695658 -0.035869832584479198 0.0016393024333950241 0.021404109917142811 0.00092982660850574235 0.086420433848607731 0.064999452696980098 0.0071091157806893951 -0.015122370546435717 0.0079983406088041369 0.072578331389847914 0.01200932684614033 -0.0070509042954215633 -0.026705700479171892 0.038894068685513511 0.044851496291618484 -0.0082764919690325456 -0.00092354080770338804 0.045522339867519121 0.015620925947235374
leaf_weight=252 8493 918 57287 28259 275 114 128 882 147 90 86 72 3405 68 87 61 56 104 308 497 51 61 325 162 79 54 419 214 286 567
leaf_count=252 8493 918 57287 28259 275 114 128 882 147 90 86 72 3405 68 87 61 56 104 308 497 51 61 325 162 79 54 419 214 286 567
internal_value=2.74609e-05 0.0015972 -0.00123479 0.00046362 0.0037064 0.00643731 0.0019001 0.0109164 0.0200692 0.0324711 0.0486258 0.000668448 0.00504167 0.0097507 0.0315186 0.0521483 0.00671927 0.0273707 0.000753674 0.00092306 0.0138083 0.0395899 0.00767666 -0.0018117 0.0069936 0.000344161 0.0113534 0.0208082 0.0324346 0.00546574
internal_weight=103807 46268 57539 30094 16174 6439 9735 1170 598 323 176 8565 5841 2436 216 129 1042 160 29176 28868 609 112 2220 620 458 379 1600 614 400 986
internal_count=103807 46268 57539 30094 16174 6439 9735 1170 598 323 176 8565 5841 2436 216 129 1042 160 29176 28868 609 112 2220 620 458 379 1600 614 400 986
cat_boundaries=0 1
cat_threshold=10
is_linear=0
shrinkage=0.03


Tree=114
num_leaves=31
num_cat=1
split_feature=31 31 32 20 4 12 4 10 11 31 10 10 0 5 8 23 12 2 11 18 12 11 3 4 9 12 30 25 18 12
split_gain=186.918 121.298 133.199 151.661 141.948 93.3117 110.465 96.4908 84.1269 86.3097 150.855 104.856 78.3458 107.603 103.672 146.467 108.632 78.1043 144.956 127.292 141.27 102.22 154.848 96.3511 98.8609 93.0005 79.1078 77.1923 83.5735 96.6286
threshold=4.6499998569488534 10.250000000000002 0 -1.0000000180025095e-35 0.076593335717916503 7.0099999904632577 0.35050000250339514 89.90000152587892 20.899999618530277 6.4500000476837167 86.450000762939467 81.099998474121108 5.8333332538604745 0.41140000522136694 0.41666667163372045 2.7749999761581425 9.8450002670288104 3.5833333730697636 3.5499999523162846 6.2535715103149423 8.5100002288818377 22.44999980926514 13.183333396911623 0.35688832402229315 2.5499999523162846 7.2099997997283944 1.0000000180025095e-35 0.29166667163372045 3.013513565063477 2.3099999427795415
decision_type=2 2 9 2 10 2 10 2 2 2 2 2 2 10 2 10 2 2 2 2 2 2 2 10 2 2 2 10 2 2
left_child=-1 2 5 -4 8 6 -2 -7 -5 10 11 -10 27 -14 15 16 -15 18 -3 23 -21 -22 -23 24 -19 -26 -27 -6 -29 -30
right_child=1 17 3 4 12 7 -8 -9 9 -11 -12 -13 13 14 -16 -17 -18 19 -20 20 21 22 -24 -25 25 26 -28 28 29 -31
leaf_value=-0.0014324123174287086 0.0036678115871990294 0.0099329371591831781 -0.040924543830807562 -0.00059646623300942635 -0.018225250495174389 0.046686168311406741 -0.036490615875490247 0.0051375365800954195 -0.0025059704423735017 -0.02306770616193364 -0.019684334846719494 0.048576389820031499 0.029460530404614493 -0.00098073952361163127 -0.023460266864435239 -0.03404249557356636 0.033768763244152067 0.040021653816103932 0.072356841614326595 0.062987613151199176 -0.022244071333031905 0.049317710492177869 -0.0084316061356583157 -0.030816024620352045 -0.023113842740272863 -0.0064406193058405602 0.032618968667728558 0.0027105843272805566 0.036592859411695308 0.0080966421687784767
leaf_weight=53317 10837 94 81 28889 132 92 62 111 76 307 173 69 79 517 253 104 96 60 52 64 57 96 74 84 117 105 84 5151 112 2446
leaf_count=53317 10837 94 81 28889 132 92 62 111 76 307 173 69 79 517 253 104 96 60 52 64 57 96 74 84 117 105 84 5151 112 2446
internal_value=-0.000193708 0.00111477 0.000918074 8.2439e-05 0.000168951 0.00381129 0.00343937 0.0239675 -0.000832052 -0.0117214 -0.000767524 0.0218022 0.00349219 -0.00420756 -0.0069496 -0.00112365 0.00446127 0.0121108 0.0321661 0.00815927 0.0236215 0.0125227 0.0241798 -0.00183964 0.00481068 -0.00209344 0.0109192 0.00452229 0.00491179 0.00934433
internal_weight=103791 50474 49587 38485 38404 11102 10899 203 29514 625 318 145 8890 1049 970 717 613 887 146 741 291 227 170 450 366 306 189 7841 7709 2558
internal_count=103791 50474 49587 38485 38404 11102 10899 203 29514 625 318 145 8890 1049 970 717 613 887 146 741 291 227 170 450 366 306 189 7841 7709 2558
cat_boundaries=0 1
cat_threshold=10
is_linear=0
shrinkage=0.03


Tree=115
num_leaves=31
num_cat=1
split_feature=21 4 32 4 31 11 9 16 28 25 2 29 23 20 23 0 29 31 28 31 9 26 0 19 26 24 25 5 26 7
split_gain=241.063 112.811 96.7258 85.9217 81.41 109.053 101.649 96.997 154.285 216.234 146.456 139.11 111.47 106.547 103.973 109.044 92.9601 102.764 82.3484 79.6536 181.304 135.48 79.5205 78.1752 100.792 107.009 85.782 83.3983 77.0041 75.4689
threshold=85.500000000000014 0.92416667938232433 0 0.84583336114883434 6.6499998569488534 22.899999618530277 6.2916667461395273 1.0000000180025095e-35 2.1666666269302373 1.5500000119209292 24.583333015441898 1.1000000238418581 2.5499999523162846 6.5000000000000009 1.3666666746139529 4.8333332538604745 2.2916666269302373 6.0499999523162851 1.5833333134651186 2.5499999523162846 4.9000000953674325 1.1666666865348818 7.1666667461395273 23.500000000000004 1.8333333134651186 1.8333333134651186 2.3666666746139531 1.5368499755859377 2.4166666269302373 1.0000000180025095e-35
decision_type=2 10 9 10 2 2 2 2 8 10 2 10 10 2 10 2 10 2 10 2 2 10 2 2 10 10 10 8 10 2
left_child=1 19 -2 4 5 6 16 8 14 -10 22 -12 13 -13 15 -6 -4 18 -18 20 -1 -22 -9 -20 25 -25 27 -27 -16 -8
right_child=2 -3 3 -5 7 -7 29 10 9 -11 11 12 -14 -15 28 -17 17 -19 23 -21 21 -23 -24 24 -26 26 -28 -29 -30 -31
leaf_value=0.050219060602287452 0.0078669959103484736 0.044375843706540762 0.0011150539805511827 -0.017821700891729485 0.0038912985335163609 -0.0087343151587572429 0.0053155502501656023 -0.00072204428225417026 0.017378044034431286 0.091251648640576402 0.045680335968732833 0.046430818525296222 -0.020610721719901214 -0.00060858315002406012 0.01415058374583094 -0.044179585361480707 -0.027318425655605331 0.038366977240621429 0.0030836440635171563 -0.00075205122418461152 0.031278262048959726 -0.026919742763042449 -0.038302790362317603 0.011496461518196706 -0.014414050245657561 0.026147673165096957 0.010390141918078848 0.07689742421731352 0.05205655672333457 0.056203835209210712
leaf_weight=90 2932 50 15186 194 282 886 51 1155 109 53 120 79 89 96 392 50 62 97 1062 80040 60 90 53 318 80 51 57 68 55 54
leaf_count=90 2932 50 15186 194 282 886 51 1155 109 53 120 79 89 96 392 50 62 97 1062 80040 60 90 53 318 80 51 57 68 55 54
internal_value=0.000111276 -0.000672249 0.00277475 0.00204865 0.00223764 0.00152798 0.00206014 0.00727277 0.0149087 0.0415466 0.00275935 0.0188982 0.00672446 0.0206263 0.00936907 -0.00334829 0.00187818 0.00833439 0.00661875 -0.000700306 0.0165568 -0.00364054 -0.00237087 0.00790487 0.016825 0.0218839 0.0406522 0.0551475 0.0188146 0.0314867
internal_weight=103961 80330 23631 20699 20505 17972 17086 2533 941 162 1592 384 264 175 779 332 16981 1795 1698 80280 240 150 1208 1636 574 494 176 119 447 105
internal_count=103961 80330 23631 20699 20505 17972 17086 2533 941 162 1592 384 264 175 779 332 16981 1795 1698 80280 240 150 1208 1636 574 494 176 119 447 105
cat_boundaries=0 1
cat_threshold=8
is_linear=0
shrinkage=0.03


Tree=116
num_leaves=31
num_cat=1
split_feature=31 27 12 20 0 17 23 5 8 1 11 22 20 19 11 20 4 3 32 5 27 3 11 31 5 27 20 1 26 2
split_gain=192.824 114.637 123.881 105.812 93.8329 92.8013 137.227 150.229 151.355 85.3861 114.968 122.904 161.43 129.95 112.337 93.4957 85.2619 147.447 79.744 83.3738 83.3088 79.5532 78.8919 76.8968 105.424 75.7691 84.4225 82.4139 133.445 102.159
threshold=5.3500001430511483 0.22500000149011615 6.3450000286102304 16.500000000000004 5.5833332538604745 0.36666667461395269 3.1000000238418584 0.32355000078678137 0.41666667163372045 66.416667938232436 23.633333206176761 1.1666666865348818 8.5000000000000018 15.500000000000002 23.10000038146973 2.5000000000000004 0.55166667699813854 8.3416666984558123 0 0.5273166596889497 1.5500000119209292 2.4833333492279057 16.899999618530277 7.8500001430511483 0.51339998841285717 1.8999999761581423 13.500000000000002 89.833332061767592 1.5833333134651186 19.583333015441898
decision_type=2 10 2 2 2 2 10 10 2 2 2 10 2 2 2 2 10 2 9 8 10 2 2 2 10 10 2 2 10 2
left_child=-1 2 -2 5 -4 25 9 8 -8 18 14 -12 15 -14 16 -13 -11 -18 -7 20 -20 -21 -23 24 -17 26 27 -3 29 -29
right_child=1 3 4 -5 -6 6 7 -9 -10 10 11 12 13 -15 -16 23 17 -19 19 21 -22 22 -24 -25 -26 -27 -28 28 -30 -31
leaf_value=-0.00073121770556475966 0.008723602717030831 0.0012098928603427885 0.068251807428209382 -0.029437402593903244 0.013953538959225017 0.0017276370792497821 0.060231217860942703 -0.013188877417640367 0.012278861422569324 -0.00072865328267716033 -0.020772205626096905 0.005308755886170172 0.021343272583082665 -0.031118729972679698 -0.037083402914951928 0.047687906340146677 -0.008887304397053028 0.045453527601131673 0.015798949594241812 0.0064408342037783105 -0.025966328938046224 0.037299052010263796 0.001678131420767921 0.0672315982067625 0.00093261397403219463 -0.0022756627460689019 0.033162927297474463 0.020344767294232371 -0.0063134219023049803 -0.00019210826666033888
leaf_weight=80297 591 11509 61 96 54 499 120 71 117 2723 79 93 86 84 73 117 83 98 114 172 69 316 68 70 69 4487 79 746 384 308
leaf_count=80297 591 11509 61 96 54 499 120 71 117 2723 79 93 86 84 73 117 83 98 114 172 69 316 68 70 69 4487 79 746 384 308
internal_value=-3.24459e-05 0.0023617 0.014267 0.00199192 0.0427552 0.00212523 0.00567761 0.0250908 0.0365585 0.0044353 0.00208389 0.0140875 0.0193937 -0.00457913 -0.000327313 0.031071 0.000596652 0.0205348 0.0112255 0.0173803 5.13856e-05 0.0233965 0.0309912 0.0404299 0.0303432 0.00108647 0.0022446 0.00205595 0.00882731 0.0143435
internal_weight=103733 23436 706 22730 115 22634 5121 308 237 4813 3575 598 519 170 2977 349 2904 181 1238 739 183 556 384 256 186 17513 13026 12947 1438 1054
internal_count=103733 23436 706 22730 115 22634 5121 308 237 4813 3575 598 519 170 2977 349 2904 181 1238 739 183 556 384 256 186 17513 13026 12947 1438 1054
cat_boundaries=0 1
cat_threshold=6
is_linear=0
shrinkage=0.03


Tree=117
num_leaves=31
num_cat=1
split_feature=12 30 31 23 3 5 5 32 14 23 22 15 6 10 10 4 5 1 23 3 3 20 10 12 3 20 5 18 14 24
split_gain=145.914 155.538 119.589 220.903 125.447 102.004 97.1436 96.7919 99.8313 120.562 151.422 100.645 113.773 98.0502 95.7532 171.003 172.302 155.891 125.662 113.435 117.388 119.461 142.044 95.6903 93.3905 82.1412 106.31 86.0119 125.28 80.2915
threshold=0.56333333253860485 1.0000000180025095e-35 6.9500000476837167 0.90000000596046459 10.616666793823244 1.6339333057403567 0.68873333930969249 0 0.78804999589920055 3.1000000238418584 3.8333333730697636 0.55000001192092907 0.58333334326744091 80.90000152587892 78.77500152587892 0.42336833477020269 0.87341666221618663 67.416667938232436 2.2250000238418584 5.7833335399627694 6.7833335399627694 4.5000000000000009 87.099998474121108 7.9449999332427987 12.216666698455812 12.500000000000002 1.5616666674613955 4.75337839126587 0.46238000690937048 4.5000000000000009
decision_type=2 2 2 10 2 10 10 9 10 10 10 2 2 2 2 8 10 2 10 2 2 2 2 2 2 2 8 2 8 10
left_child=-1 7 4 6 25 14 -4 -2 9 11 13 -9 -13 -11 17 16 -16 18 -5 -17 -21 22 -22 -19 -6 27 -27 29 -29 -3
right_child=1 2 3 5 24 -7 -8 8 -10 10 -12 12 -14 -15 15 19 -18 23 -20 20 21 -23 -24 -25 -26 26 -28 28 -30 -31
leaf_value=-0.0010899049545967207 0.0064890634742934324 0.0020303162953677579 0.025892336014126029 0.015106198115641619 0.046954925819156099 -0.020638951928812568 0.071787271075329548 -0.00069300085010270279 -0.0042378099958791235 0.016820436934374169 -0.0073986324437760884 0.040727705367466553 0.0052822957625776011 0.054089985898371488 0.022070704454183576 0.044626113895859035 0.088978040611968845 -0.0043948847122965342 -0.0085851793692259589 -0.03881692778032559 0.068204007540236825 -0.0044870165675783003 0.0085919972901375812 -0.040160975560505428 -0.0035182164788246152 0.04601166871087304 0.00033734190421774214 0.01995646087988719 -0.016093261251323487 0.03866049387311149
leaf_weight=56735 1621 20195 140 812 97 118 59 14465 6399 222 175 107 342 89 100 70 53 251 268 52 55 234 104 92 50 87 97 106 478 54
leaf_count=56735 1621 20195 140 812 97 118 59 14465 6399 222 175 107 342 89 100 70 53 251 268 52 55 234 104 92 50 87 97 106 478 54
internal_value=-6.58806e-05 0.00117046 0.00289083 0.00922572 0.00217006 0.00649849 0.0394994 -0.000561082 -0.00108782 0.00022036 0.0149247 -0.000258807 0.0137292 0.027486 0.00802992 0.0173998 0.0452478 0.0036314 0.00922723 0.00912655 0.00354235 0.00914714 0.0292125 -0.0139881 0.0297872 0.0019769 0.0219334 0.00180064 -0.00954999 0.002128
internal_weight=103727 46992 23572 2408 21164 2209 199 23420 21799 15400 486 14914 449 311 2091 668 153 1423 1080 515 445 393 159 343 147 21017 184 20833 584 20249
internal_count=103727 46992 23572 2408 21164 2209 199 23420 21799 15400 486 14914 449 311 2091 668 153 1423 1080 515 445 393 159 343 147 21017 184 20833 584 20249
cat_boundaries=0 1
cat_threshold=8
is_linear=0
shrinkage=0.03


Tree=118
num_leaves=31
num_cat=2
split_feature=4 31 27 6 26 27 31 24 21 8 3 16 9 8 31 13 0 10 32 31 26 32 18 29 24 22 18 3 4 3
split_gain=184.951 111.514 95.6115 94.2324 147.425 87.6111 133.409 94.5729 124.267 214.851 92.4398 173.797 103.52 84.3696 118.118 104.4 90.2234 96.6417 80.6592 163.103 81.4747 78.8789 77.4139 74.8107 73.7399 100.337 70.7021 170.673 113.262 70.3477
threshold=0.080274999141693129 6.2500000000000009 1.0000000180025095e-35 0.58333334326744091 2.1666666269302373 1.8999999761581423 10.250000000000002 1.1666666865348818 70.500000000000014 0.58333334326744091 2.4833333492279057 1.0000000180025095e-35 3.3666666746139531 1.0000000180025095e-35 8.6500000953674334 0.64440900087356578 6.1666667461395273 88.450000762939467 0 4.7500000000000009 1.1666666865348818 1 4.2029411792755136 1.5500000119209292 0.41666667163372045 2.1666666269302373 6.0135135650634775 8.9416666030883807 0.35688832402229315 2.8833333253860478
decision_type=10 2 10 2 8 8 2 10 2 2 2 2 2 2 2 10 2 2 9 2 8 9 2 10 10 10 2 2 10 2
left_child=1 18 -2 5 -5 6 10 8 -8 -10 12 21 22 15 16 23 -15 24 -1 -20 -21 -12 -3 -4 25 -18 27 28 -16 -23
right_child=2 3 13 4 -6 -7 7 -9 9 -11 11 -13 -14 14 26 -17 17 -19 19 20 -22 29 -24 -25 -26 -27 -28 -29 -30 -31
leaf_value=-0.0017875576157533211 0.031450700964778658 0.0014265392199612891 -0.0016999569978366313 -0.013533299289183934 0.024903387622298479 -0.002208781914565115 0.012855626271685232 0.00067215015292167656 0.093006973344493996 0.01146955870091915 0.0071558922307288393 0.001806560726873438 -0.032811916412499087 0.0062478851293904982 0.049656390948937486 -0.021089332744635213 0.051376727364565195 -0.022107321375032078 -0.00083566134250210157 0.0072235313822548788 0.0012491121241849398 0.059498647893384347 0.036557169980530081 0.0048252548878902042 -0.0040031674172166945 -0.0044340140940779338 0.0082579054114199704 0.081350866191370302 -0.0095449515228921717 0.02454549357461051
leaf_weight=41474 108 2117 3305 559 107 1310 111 100 66 52 272 941 78 4705 52 191 57 212 35124 3609 4769 59 58 3032 424 59 147 53 66 426
leaf_count=41474 108 2117 3305 559 107 1310 111 100 66 52 272 941 78 4705 52 191 57 212 35124 3609 4769 59 58 3032 424 59 147 53 66 426
internal_value=-8.91723e-05 -0.000556595 0.0033468 0.00330895 -0.00735804 0.00457983 0.00665766 0.0250124 0.0356413 0.0570752 0.00512926 0.010415 0.00114557 0.0031001 0.00574143 0.000763442 0.00470571 -0.00494312 -0.000841179 6.14766e-05 0.00382272 0.0211159 0.00236336 0.00142209 0.00179541 0.0229902 0.0235147 0.0366302 0.0165438 0.0282158
internal_weight=103643 91232 12411 6256 666 5590 4280 329 229 118 3951 1698 2253 12303 5775 6528 5457 752 84976 43502 8378 757 2175 6337 540 116 318 171 118 485
internal_count=103643 91232 12411 6256 666 5590 4280 329 229 118 3951 1698 2253 12303 5775 6528 5457 752 84976 43502 8378 757 2175 6337 540 116 318 171 118 485
cat_boundaries=0 1 2
cat_threshold=36 4
is_linear=0
shrinkage=0.03


Tree=119
num_leaves=31
num_cat=0
split_feature=21 19 24 19 26 25 15 31 2 23 19 11 27 26 3 26 5 14 25 11 14 25 5 5 26 10 11 23 18 4
split_gain=206.33 79.4551 105.347 94.577 179.72 112.655 105.556 114.975 95.2383 95.182 136.454 151.325 125.967 175.491 96.8804 88.567 82.5094 120.899 91.5937 160.389 96.6883 75.847 74.6488 190.363 146.651 95.9526 91.9934 73.8326 157.914 89.0851
threshold=86.500000000000014 19.500000000000004 2.8333333730697636 17.500000000000004 1.1666666865348818 2.1000000238418584 1.0000000180025095e-35 12.34999990463257 19.166666984558109 1.7083333134651186 16.500000000000004 15.09999990463257 0.90000000596046459 0.83333334326744091 4.8416666984558114 0.83333334326744091 1.4672333598136904 1.2007400393486025 1.1000000238418581 20.22500038146973 0.87016001343727123 1.1000000238418581 1.0241666436195376 0.86748334765434276 1.4166666865348818 87.633331298828139 10.633333683013918 1.6333333253860476 5.7360682487487802 0.060151666402816779
decision_type=2 2 10 2 10 10 2 2 2 10 2 2 8 10 2 10 10 10 10 2 8 8 10 10 10 2 2 10 2 8
left_child=-1 3 -3 6 5 16 9 8 27 22 12 -12 13 21 15 -14 17 18 19 -5 -20 -11 23 -2 25 -25 -24 28 -8 -29
right_child=1 2 -4 4 -6 -7 7 -9 -10 10 11 -13 14 -15 -16 -17 -18 -19 20 -21 -22 -23 26 24 -26 -27 -28 29 -30 -31
leaf_value=-0.00069433875364072499 0.0021108311534583329 0.0050568971830261995 -0.0089115744851365249 -0.024574565088642492 -0.018855642119489747 -0.029844440438856298 -0.0066344718266256363 0.030744616275399244 -0.010669018008203265 -0.002679305017534933 0.0053936080233949538 0.0764281329241666 -0.024213666173362559 0.052044983409345144 0.019186590478154054 0.0023900865148360514 -0.019447522057668754 0.053129351213574406 0.053910509070445749 0.035887131718072028 0.0092477116286648776 0.024759454915398046 0.0041851630704535878 0.027098863576021457 0.0062941241086622987 0.083395791308446363 -0.010075435086412416 -0.016000013192680393 0.044583614217607599 0.014166007000142949
leaf_weight=80244 3993 10292 510 140 596 78 1094 88 1175 193 53 55 123 120 288 1335 81 60 58 55 176 171 717 54 109 55 942 107 57 499
leaf_count=80244 3993 10292 510 140 596 78 1094 88 1175 193 53 55 123 120 288 1335 81 60 58 55 176 171 717 54 109 55 942 107 57 499
internal_value=2.69734e-05 0.00251391 0.0043974 0.000882623 -0.00696588 0.00396976 0.00175219 -0.00304324 -0.00405734 0.00351659 0.0086355 0.0415686 0.00704053 0.020583 0.0032865 0.000145737 0.00859697 0.0132424 0.00766378 -0.00752127 0.020318 0.0102109 0.00147775 0.00360121 0.0308998 0.0555056 -0.00391217 0.000364252 -0.00409804 0.00883966
internal_weight=103518 23274 10802 12472 1244 648 11228 3020 2932 8208 2338 108 2230 484 1746 1458 570 489 429 195 234 364 5870 4211 218 109 1659 1757 1151 606
internal_count=103518 23274 10802 12472 1244 648 11228 3020 2932 8208 2338 108 2230 484 1746 1458 570 489 429 195 234 364 5870 4211 218 109 1659 1757 1151 606
is_linear=0
shrinkage=0.03


Tree=120
num_leaves=31
num_cat=0
split_feature=21 29 31 24 17 26 9 9 16 9 19 5 13 31 22 20 22 5 29 23 7 23 3 19 18 18 17 21 25 18
split_gain=192.73 90.34 133.506 126.272 141.468 115.141 104.528 98.1961 115.313 109.457 88.3564 130.79 124.138 84.3556 73.0021 76.0461 78.5635 70.5421 92.934 170.827 141.558 136.93 217.318 102.468 73.6685 122.599 71.8981 83.9812 67.3879 67.8874
threshold=1.0000000180025095e-35 0.70833334326744091 10.449999809265138 0.58333334326744091 0.45000000298023229 0.83333334326744091 9.4499998092651385 2.5499999523162846 0.22500000149011615 6.2249999046325692 20.500000000000004 0.1667333394289017 1.0360000133514407 4.0499999523162851 3.8333333730697636 5.5000000000000009 1.0000000180025095e-35 0.31801666319370275 2.1000000238418584 1.3666666746139529 1.0000000180025095e-35 0.90000000596046459 4.3833334445953378 13.500000000000002 7.0227272510528573 4.5067567825317392 0.63333335518836986 80.500000000000014 1.3666666746139529 4.0135135650634775
decision_type=2 10 2 10 2 8 2 2 2 2 2 10 8 2 10 2 10 10 10 10 2 10 2 2 2 2 2 2 10 2
left_child=-1 5 6 4 -4 28 13 -5 10 -10 12 -12 -9 -3 15 -15 -17 18 24 21 23 -20 -23 -21 25 -18 27 -27 29 -2
right_child=1 2 3 7 -6 -7 -8 8 9 -11 11 -13 -14 14 -16 16 17 -19 19 20 -22 22 -24 -25 -26 26 -28 -29 -30 -31
leaf_value=-0.0010415613535032264 0.0048289598355067461 -0.005917409296589432 0.076298629667609932 0.048784846740961077 0.012178254530299455 -0.0039811768995232019 -0.032375320709310471 0.013412246411293745 -0.0074703488709618807 0.043617830445820634 0.041506197552196679 -0.023838344566962297 -0.045662490201465199 0.0016989395928334353 -0.011282836618293232 -0.030713043345345394 0.0044919156916409545 0.0024011336546211227 0.0080349142275129744 -0.0088878625327987321 -0.028898882803578788 0.030071828921708992 0.10889267596900463 0.037542883701283822 -0.028382566260560502 0.050458513990044591 0.04227995792109715 0.0082494925157765731 0.016827370266628013 -0.027553585960036691
leaf_weight=60926 407 1186 60 50 64 4518 80 50 61 99 60 51 89 28969 357 54 2252 3104 72 70 78 85 50 110 53 50 114 280 407 68
leaf_count=60926 407 1186 60 50 64 4518 80 50 61 99 60 51 89 28969 357 54 2252 3104 72 70 78 85 50 110 53 50 114 280 407 68
internal_value=4.33962e-05 0.00158252 0.0021043 0.0163361 0.0432042 -0.00204564 0.00187945 0.00909344 0.00425303 0.0241405 -0.00847493 0.011483 -0.0244126 0.00195375 0.00221525 0.00235161 0.00531882 0.00562679 0.00874204 0.0211456 0.00485835 0.0414457 0.0592647 0.0194865 0.00664395 0.00733253 0.0217403 0.0146448 0.00786903 0.000193143
internal_weight=103874 42948 37548 584 124 5400 36964 460 410 160 250 111 139 36884 35698 35341 6372 6318 3214 465 258 207 135 180 2749 2696 444 330 882 475
internal_count=103874 42948 37548 584 124 5400 36964 460 410 160 250 111 139 36884 35698 35341 6372 6318 3214 465 258 207 135 180 2749 2696 444 330 882 475
is_linear=0
shrinkage=0.03


Tree=121
num_leaves=31
num_cat=0
split_feature=21 19 27 31 29 29 23 20 5 17 30 23 5 5 4 31 27 0 2 5 31 20 13 3 23 20 26 29 27 5
split_gain=179.155 105.016 166.311 150.061 138.569 135.883 155.177 152.248 122.794 118.863 131.082 105.031 102.878 99.9809 97.0852 105.248 101.777 101.718 93.8406 93.4449 90.2027 89.9303 87.3853 88.8184 81.3207 89.9786 79.9517 112.939 94.2594 97.277
threshold=85.500000000000014 26.500000000000004 1.1000000238418581 12.150000095367433 3.2250000238418584 1.2250000238418581 1.1000000238418581 7.5000000000000009 1.9483333826065066 0.45000000298023229 1.0000000180025095e-35 2.4500000476837163 0.56694999337196361 0.64058333635330211 0.070059999823570265 7.5499999523162851 0.45000000298023229 1.4166666865348818 4.1666667461395273 0.1667333394289017 5.5499999523162851 -1.4999999999999998 0.55700001120567333 11.616666793823244 3.1000000238418584 3.5000000000000004 0.83333334326744091 2.2916666269302373 0.90000000596046459 1.3529666662216189
decision_type=2 2 10 2 10 8 10 2 10 2 2 10 10 10 8 2 10 2 2 10 2 2 10 2 10 2 8 10 10 8
left_child=21 2 5 4 11 6 8 14 9 10 20 -4 -5 19 16 -16 -8 -18 -7 24 -2 -1 23 26 -13 -26 27 28 29 -20
right_child=1 -3 3 12 -6 18 7 -9 -10 -11 -12 13 -14 -15 15 -17 17 -19 22 -21 -22 -23 -24 -25 25 -27 -28 -29 -30 -31
leaf_value=-0.026876134770148892 -0.025091642851822204 -0.00096772460237460093 0.0015475735766440964 0.06307526020427881 0.040721553476670613 -0.013624057659347141 -0.0027845974937081336 -0.0047805975744472677 0.04836982398485655 0.037132778599237401 0.007855735599146773 -0.013908313348155739 0.0048961871950065385 -0.020513067933365457 0.014520192480245173 0.050305896323265098 0.072916989066551863 0.033091971877509278 -0.009190240615328563 0.025941281423510348 0.017490445677604938 -0.00066698349987404017 0.035537352955101853 -0.034337114977399601 0.039315499664007804 -0.0081491711063355933 0.010297481569056978 0.013659118680447778 -0.017172100231543464 0.0076598485251722958
leaf_weight=118 262 6540 9618 59 78 252 50 199 51 72 413 358 51 391 755 82 78 222 507 97 54 80103 84 52 64 82 1562 510 318 787
leaf_count=118 262 6540 9618 59 78 252 50 199 51 72 413 358 51 391 755 82 78 222 507 97 54 80103 84 52 64 82 1562 510 318 787
internal_value=-2.90694e-05 0.0022657 0.00350177 0.00124064 0.00088186 0.00737113 0.0133094 0.019503 0.00323394 0.000360115 -0.00327175 0.000588977 0.0361013 -0.00870516 0.0235742 0.0180261 0.036842 0.0434465 0.00410739 -0.00102315 -0.017815 -0.000705535 0.00527711 0.00459674 -0.00621273 0.0126573 0.00514629 0.00135451 -0.00253839 0.00105784
internal_weight=103869 23648 17108 10798 10688 6310 2238 1386 852 801 729 10610 110 992 1187 837 350 300 4072 601 316 80221 3820 3736 504 146 3684 2122 1612 1294
internal_count=103869 23648 17108 10798 10688 6310 2238 1386 852 801 729 10610 110 992 1187 837 350 300 4072 601 316 80221 3820 3736 504 146 3684 2122 1612 1294
is_linear=0
shrinkage=0.03


Tree=122
num_leaves=31
num_cat=0
split_feature=21 20 22 27 20 26 19 27 16 19 23 9 23 27 3 22 31 31 12 23 18 26 20 20 12 24 19 11 28 26
split_gain=196.119 96.6044 101.665 115.691 86.3544 84.3321 229.144 155.952 96.497 93.644 103.866 124.809 103.087 85.2885 83.2064 82.3558 81.1469 105.543 124.264 77.2743 72.4814 131.484 97.4473 89.295 140.263 78.5331 74.1512 72.4449 79.6909 183.766
threshold=86.500000000000014 16.500000000000004 1.5833333134651186 0.90000000596046459 -1.4999999999999998 0.41666667163372045 18.500000000000004 0.77500000596046459 0.22500000149011615 15.500000000000002 1.7749999761581423 5.5499999523162851 2.4500000476837163 0.55000001192092907 2.5833332538604741 1.4166666865348818 9.4499998092651385 11.050000190734865 7.1099998950958261 1.0000000180025095e-35 4.5067567825317392 1.1666666865348818 7.5000000000000009 2.5000000000000004 6.1449999809265146 1.5833333134651186 16.500000000000004 22.22500038146973 0.83333334326744091 0.83333334326744091
decision_type=2 2 10 8 2 10 2 10 2 2 10 2 8 10 2 10 2 2 2 10 2 10 2 2 2 10 2 2 10 10
left_child=4 2 15 5 -1 9 7 8 -7 12 13 -12 -4 -11 -5 16 19 -18 -19 -2 -6 23 -23 24 26 -25 -22 28 29 -8
right_child=1 -3 3 14 20 6 27 -9 -10 10 11 -13 -14 -15 -16 -17 17 18 -20 -21 21 22 -24 25 -26 -27 -28 -29 -30 -31
leaf_value=-0.025194433435451153 -0.014264703726506617 -0.031318112516187518 -0.0037631356633304578 -0.0013424011742761799 -0.00073845947134922713 -0.0054536275896093543 0.051142023656003434 0.034529081662951766 0.039035236049782145 0.067670762831794809 0.0066479205173043685 0.059411736273765559 0.032447684346972143 0.024015791749954225 0.0052939171265463606 -0.03257581259547309 0.046786937642889687 -0.026862184134396637 0.028146186183605877 0.0010638982390896925 0.00080532465313301713 0.0058008356015226857 -0.018801249402197264 0.02187755555443063 -0.027479254405332516 0.061633258979501469 0.047976875418513004 0.020949238667764315 -0.014830982840834036 -0.022315316800887768
leaf_weight=129 303 76 231 2469 79488 217 58 316 55 87 209 50 102 75 5462 66 79 66 84 12788 61 483 207 222 79 56 59 82 465 65
leaf_count=129 303 76 231 2469 79488 217 58 316 55 87 209 50 102 75 5462 66 79 66 84 12788 61 483 207 222 79 56 59 82 465 65
internal_value=3.18694e-05 0.00244999 0.00256 0.00485787 -0.000668717 0.0112827 0.00652771 0.0201951 0.00354228 0.0192161 0.0286189 0.016834 0.00732847 0.0474601 0.00322796 0.000853165 0.0010188 0.0187229 0.0039425 0.000709107 -0.00062949 0.00679274 -0.00157979 0.0189039 0.00356231 0.0298859 0.023998 -0.00546691 -0.00915079 0.0123231
internal_weight=104189 23405 23329 9943 80784 2012 1258 588 272 754 421 259 333 162 7931 13386 13320 229 150 13091 80655 1167 690 477 199 278 120 670 588 123
internal_count=104189 23405 23329 9943 80784 2012 1258 588 272 754 421 259 333 162 7931 13386 13320 229 150 13091 80655 1167 690 477 199 278 120 670 588 123
is_linear=0
shrinkage=0.03


Tree=123
num_leaves=31
num_cat=0
split_feature=21 20 4 29 18 14 5 14 23 23 9 12 14 26 11 11 20 26 21 4 25 2 5 18 11 3 20 23 6 29
split_gain=184.548 94.2564 74.7772 82.3155 99.7156 78.3468 77.3768 161.795 83.5388 140.93 107.236 124.234 95.8137 70.4526 89.9538 162.492 74.2021 67.0108 63.3485 62.5725 63.7613 113.719 100.297 108.519 100.443 89.3037 87.8847 81.3202 73.3887 66.6583
threshold=1.0000000180025095e-35 17.500000000000004 0.080274999141693129 2.3666666746139531 5.0147058963775644 1.6323300004005434 0.33090001344680792 0.17447999864816668 1.8999999761581423 1.7749999761581423 4.9000000953674325 6.2099997997283944 0.55035001039505016 3.1666666269302373 31.633333206176761 33.899999618530281 -1.4999999999999998 1.0000000180025095e-35 65.500000000000014 0.076868332922458663 0.70833334326744091 27.833333015441898 1.4366832971572878 1.9124041199684145 7.3666667938232431 2.0166666507720952 2.5000000000000004 1.7749999761581423 1.0000000180025095e-35 1.4499999880790713
decision_type=2 2 10 10 2 10 10 10 10 10 2 2 10 8 2 2 2 10 2 10 10 2 10 2 2 2 2 10 2 10
left_child=-1 2 13 5 6 -4 7 -5 9 10 11 17 -10 14 16 -16 -2 -8 -7 20 21 22 23 26 25 -25 -18 -27 -23 -26
right_child=1 -3 3 4 -6 18 8 -9 12 -11 -12 -13 -14 -15 15 -17 19 -19 -20 -21 -22 28 -24 24 29 27 -28 -29 -30 -31
leaf_value=-0.00095782277900313987 -0.021695673036156223 -0.031335759990347122 0.0038162490073516881 -0.0053803915008902555 -0.019153580895799677 -0.025018414053118831 0.045785092120617626 0.061632868783265536 -0.03391342338377043 0.055910352109931408 0.051212335004422224 -0.030456061523352094 0.005499503761989025 -0.0062203062515423391 0.068428706382215015 -0.0023810685383422034 0.0041460946663377466 0.0097133444570679604 -0.0019785259360828892 -0.015202729851007461 0.00076728874556576069 0.00048755361315082097 -0.028276714489207065 0.011869751008950727 0.01268892755787385 0.024556298062205315 -0.013542901490370173 0.074369038190278736 -0.04311979368820739 0.0018063284459099041
leaf_weight=60673 128 78 8623 55 96 118 50 79 69 70 57 67 284 1197 50 70 1030 635 1196 208 25852 68 76 141 1243 65 335 54 71 855
leaf_count=60673 128 78 8623 55 96 118 50 79 69 70 57 67 284 1197 50 70 1030 635 1196 208 25852 68 76 141 1243 65 335 54 71 855
internal_value=0.00010716 0.00161265 0.00167264 0.00375425 0.0104006 0.00277639 0.0124776 0.0341274 0.0101228 0.0150734 0.0115399 0.00853281 -0.00220444 0.000917994 0.0012005 0.027123 0.00109724 0.0123463 -0.00404756 0.0011945 0.00130898 0.00486508 0.00584023 0.00653668 0.0104336 0.028022 -0.000195161 0.0471604 -0.0217867 0.00825393
internal_weight=103593 42920 42842 11399 1462 9937 1366 134 1232 879 809 752 353 31443 30246 120 30126 685 1314 29998 29790 3938 3799 3723 2358 260 1365 119 139 2098
internal_count=103593 42920 42842 11399 1462 9937 1366 134 1232 879 809 752 353 31443 30246 120 30126 685 1314 29998 29790 3938 3799 3723 2358 260 1365 119 139 2098
is_linear=0
shrinkage=0.03


Tree=124
num_leaves=31
num_cat=1
split_feature=31 32 20 31 27 1 9 20 18 18 23 16 31 27 23 11 3 20 0 19 18 13 27 17 11 5 18 27 3 3
split_gain=145.859 95.8583 112.737 104.08 115.806 121.515 108.841 99.9435 77.5685 109.658 94.9696 133.834 140.189 100.383 67.4153 111.434 109.491 96.9705 71.0141 67.4461 110.518 113.878 63.8166 83.1687 132.904 81.0929 76.4194 66.7672 63.5842 98.6569
threshold=4.6499998569488534 0 -1.0000000180025095e-35 6.5499999523162851 1.0000000180025095e-35 66.833332061767592 8.7750000953674334 17.500000000000004 5.1633331775665292 5.0147058963775644 1.5500000119209292 0.29166667163372045 7.5499999523162851 2.7749999761581425 2.4500000476837163 23.10000038146973 2.9416667222976689 13.500000000000002 2.1666666269302373 34.500000000000007 3.1270161867141728 0.2404424995183945 1.5500000119209292 0.55000001192092907 21.633333206176761 1.2105666995048525 4.4027028083801278 1.8999999761581423 11.441666603088381 10.341666698455812
decision_type=2 9 2 2 10 2 2 2 2 2 10 2 2 10 10 2 2 2 2 2 2 10 8 2 2 8 2 8 2 2
left_child=-1 22 -3 6 5 -5 14 8 9 -6 11 12 -10 28 15 16 -4 19 -16 -18 -21 -22 -2 24 -24 26 -25 -27 29 -12
right_child=1 2 3 4 7 -7 -8 -9 10 -11 13 -13 -14 -15 18 -17 17 -19 -20 20 21 -23 23 25 -26 27 -28 -29 -30 -31
leaf_value=-0.0010837243972332867 0.0055344353390008203 -0.032699114350771594 -0.00078091297924207451 0.0034996607756385438 0.0027861427763487432 0.069000930375605812 0.042390998179713882 -0.038854125350402322 0.0026462027701464564 -0.032806934728935547 0.0037193482795143981 -0.011560073615983128 0.055932074570480508 0.04606925046950016 -0.0016606404673342604 -0.01679993939131089 0.0022421668545321211 0.036379455260790977 -0.013416980847955697 0.004599704529455767 0.060180153073026578 0.008580464439613647 0.00081805750987042731 0.012946085471194236 -0.025317162765098399 0.02004256970481947 0.054513672171708417 -0.011341480892082091 0.01760086295777552 -0.029768895436712399
leaf_weight=53100 6526 92 21842 52 5607 50 54 50 66 79 502 63 136 53 1459 346 7476 79 677 381 78 76 4065 96 183 112 68 134 211 94
leaf_count=53100 6526 92 21842 52 5607 50 54 50 66 79 502 63 136 53 1459 346 7476 79 677 381 78 76 4065 96 183 112 68 134 211 94
internal_value=1.51839e-05 0.00116595 0.000471432 0.000548944 0.00387719 0.0356081 -0.000164823 0.00340546 0.00371569 0.00229162 0.0109133 0.0266156 0.0385218 0.00607475 -0.000235719 0.00012767 0.000323345 0.00330471 -0.00538678 0.00297854 0.0132685 0.0347154 0.00361666 0.000937554 -0.000307824 0.0138409 0.0301814 0.00294719 0.0034481 -0.00156235
internal_weight=103807 50707 39523 39431 6963 102 32468 6861 6811 5686 1125 265 202 860 32414 30278 29932 8090 2136 8011 535 154 11184 4658 4248 410 164 246 807 596
internal_count=103807 50707 39523 39431 6963 102 32468 6861 6811 5686 1125 265 202 860 32414 30278 29932 8090 2136 8011 535 154 11184 4658 4248 410 164 246 807 596
cat_boundaries=0 1
cat_threshold=10
is_linear=0
shrinkage=0.03


Tree=125
num_leaves=31
num_cat=0
split_feature=21 31 25 30 14 31 19 4 14 26 31 1 1 20 22 11 13 25 18 11 11 31 14 13 19 25 19 13 4 14
split_gain=147.57 99.8829 105.934 97.0086 120.175 114.646 109.244 85.7399 101.558 82.662 81.9336 79.2211 80.2974 77.2959 79.3946 94.0659 86.3681 103.768 91.4684 96.6561 91.2889 84.0038 79.1197 76.2314 75.7549 74.6951 73.3266 84.9982 107.347 70.9487
threshold=70.500000000000014 9.7500000000000018 1.3666666746139529 1.0000000180025095e-35 0.090190000832080855 4.7500000000000009 11.500000000000002 0.086591664701700224 2.3930000066757207 3.1666666269302373 0.65000000596046459 66.416667938232436 79.833332061767592 10.500000000000002 1.1666666865348818 9.3666663169860858 0.37409000098705297 2.1000000238418584 3.2029411792755131 13.09999990463257 27.10000038146973 6.9500000476837167 0.99210998415946972 0.27802199125289923 25.500000000000004 1.2916666865348818 34.500000000000007 0.10804200172424318 0.14679499715566638 1.5782299637794497
decision_type=2 2 10 2 8 2 2 10 10 10 2 2 2 2 10 2 10 10 2 2 2 2 10 10 2 10 2 10 10 10
left_child=1 10 -3 5 6 24 -5 9 13 -6 -1 -12 -13 14 15 -9 26 18 25 -20 21 -21 -23 -14 29 -18 27 28 -16 -2
right_child=3 2 -4 4 7 -7 -8 8 -10 -11 11 12 23 -15 16 -17 17 -19 19 20 -22 22 -24 -25 -26 -27 -28 -29 -30 -31
leaf_value=-0.03470389638561755 0.00083896546256375466 0.0049787944403797751 0.042244622251018882 0.018050021666244934 0.0018247591431418417 0.0020997345729323498 -0.0078174697006058499 0.012580871609406852 0.047866005148246606 -0.013230255461240575 -0.00057774676325757137 -0.0093812704031898397 -0.00013061158187491328 -0.010316153567709764 0.011027497729250232 -0.005664916333143844 0.065829015241728878 0.059766003727912902 -0.028377724605469175 0.0064884367666166757 -0.016192400526594031 0.011975175170394193 0.05812159322291971 0.035379525309517268 -0.0088216611125624244 0.015202274006955762 0.027519506899869605 0.0014507983063690756 0.055345282868335122 -0.011338705628780876
leaf_weight=64 2889 241 96 842 8769 9146 178 388 53 341 73143 1713 399 243 359 738 54 55 52 138 66 56 83 63 1644 51 146 1254 57 506
leaf_count=64 2889 241 96 842 8769 9146 178 388 53 341 73143 1713 399 243 359 738 54 55 52 138 66 56 83 63 1644 51 146 1254 57 506
internal_value=-1.24106e-05 -0.000701503 0.0155946 0.00184391 0.00362284 9.78321e-05 0.0135359 0.0028392 0.00662917 0.00126123 -0.000774356 -0.000745525 -0.00638773 0.00604479 0.00718168 0.000622265 0.0102968 0.020654 0.0163517 0.00973612 0.0155143 0.023069 0.0395302 0.00471168 -0.00353571 0.0412389 0.00713144 0.00534901 0.0170999 -0.000976028
internal_weight=103827 75719 337 28108 13923 14185 1020 12903 3793 9110 75382 75318 2175 3740 3497 1126 2371 555 500 395 343 277 139 462 5039 105 1816 1670 416 3395
internal_count=103827 75719 337 28108 13923 14185 1020 12903 3793 9110 75382 75318 2175 3740 3497 1126 2371 555 500 395 343 277 139 462 5039 105 1816 1670 416 3395
is_linear=0
shrinkage=0.03


Tree=126
num_leaves=31
num_cat=0
split_feature=4 29 19 10 2 31 24 27 29 19 14 31 21 20 5 2 4 27 0 19 10 18 18 1 31 23 27 31 22 16
split_gain=148.339 131.51 112.324 93.9697 114.744 118.265 182.266 100.925 96.1704 181.856 91.9675 96.4988 113.216 81.9437 78.7344 77.5912 74.9709 73.9627 150.943 139.472 112.911 101.713 123.194 82.964 73.3973 133.933 95.7787 73.2685 81.5156 69.7304
threshold=0.080274999141693129 2.3666666746139531 34.500000000000007 89.90000152587892 19.166666984558109 5.9500000476837167 1.5833333134651186 3.3666666746139531 2.7749999761581425 2.5000000000000004 1.6323300004005434 4.6499998569488534 63.500000000000007 -1.0000000180025095e-35 1.1335333585739138 12.583333492279055 0.13667833805084231 0.77500000596046459 3.5833333730697636 19.500000000000004 72.099998474121108 2.5735930204391484 3.3708994388580327 80.833332061767592 7.2500000000000009 1.8999999761581423 0.45000000298023229 5.0499999523162851 1.0000000180025095e-35 1.0000000180025095e-35
decision_type=10 10 2 2 2 2 10 8 10 2 10 2 2 2 10 2 10 10 2 2 2 2 2 2 2 10 10 2 10 2
left_child=3 10 16 13 5 7 -7 8 -5 -10 -2 -12 -13 -1 -11 -14 -3 18 20 21 27 -20 -23 -21 25 26 -24 -15 -29 -25
right_child=1 2 -4 4 -6 6 -8 -9 9 14 11 12 15 17 -16 -17 -18 -19 19 23 -22 22 24 29 -26 -27 -28 28 -30 -31
leaf_value=-0.016508072712648734 0.0029659477640113555 0.01982201872255359 0.035492430883144299 0.0033722887196756747 -0.0027605343654358312 0.0053241145695958813 0.042969139225658821 -0.029620024994015691 -0.014019622687940025 0.061324571628780924 -0.018326554619409935 -0.031489523470401758 0.01462468318865393 6.7328387643722463e-05 0.018526198192381525 -0.0039325977145454492 0.004280385462524375 -0.00098794152361634927 -0.0049779100402405387 -0.02172448499100706 -0.013086972698635159 0.064896031501037732 0.039304530631412156 0.038627544295574939 -0.0034266198588454207 0.064627822563052176 -0.017484529849428398 0.033268224671992357 0.0050223281196990592 -0.0087152010894247459
leaf_weight=294 9429 386 155 4436 2322 315 183 80 79 85 376 95 324 7478 71 542 1011 72571 76 110 502 84 55 56 69 72 52 96 2182 56
leaf_count=294 9429 386 155 4436 2322 315 183 80 79 85 376 95 324 7478 71 542 1011 72571 76 110 502 84 55 56 69 72 52 96 2182 56
internal_value=8.45305e-06 0.00309877 0.0112629 -0.000408376 0.00279233 0.00524876 0.0191575 0.00379084 0.00436306 0.0230655 0.00192184 -0.00544156 -0.000400182 -0.00069771 0.0418458 0.00301031 0.00857464 -0.000642015 0.00166366 0.0159169 0.000788291 0.0263291 0.0334957 -0.00321893 0.0228602 0.0329931 0.0117061 0.00150225 0.00621267 0.0149562
internal_weight=103642 12318 1552 91324 7571 5249 498 4751 4671 235 10766 1337 961 83753 156 866 1397 83459 10888 630 10258 408 332 222 248 179 107 9756 2278 112
internal_count=103642 12318 1552 91324 7571 5249 498 4751 4671 235 10766 1337 961 83753 156 866 1397 83459 10888 630 10258 408 332 222 248 179 107 9756 2278 112
is_linear=0
shrinkage=0.03


Tree=127
num_leaves=31
num_cat=0
split_feature=21 30 16 4 3 27 28 29 10 11 25 5 5 14 8 27 4 18 23 9 0 14 16 3 28 16 28 26 28 24
split_gain=149.876 76.8885 76.2424 82.8433 88.8053 74.7091 73.6222 112.495 156.042 131.561 106.617 93.2136 73.9462 142.937 101.19 71.7281 74.1953 141.833 110.243 92.738 120.386 75.7884 109.234 162.471 109.222 87.0974 101.864 85.677 75.3697 71.1178
threshold=82.500000000000014 1.0000000180025095e-35 0.90000000596046459 0.22688166797161105 11.083333492279055 1.7083333134651186 3.8333333730697636 2.4500000476837163 85.099998474121108 16.899999618530277 1.3666666746139529 1.6980000138282778 1.6339333057403567 1.9710000157356264 0.58333334326744091 3.4500000476837163 0.54500001668930065 3.4305019378662114 2.4500000476837163 4.6333332061767587 6.4166667461395273 0.096513330936431899 0.36666667461395269 6.0833332538604745 1.4166666865348818 0.55000001192092907 1.8333333134651186 1.8333333134651186 1.1666666865348818 1.1666666865348818
decision_type=2 2 2 10 2 10 10 8 2 2 10 8 8 8 2 8 10 2 10 2 2 8 2 2 10 2 10 10 10 10
left_child=2 5 3 -1 -5 6 7 -2 9 10 -9 -12 -10 -14 -15 16 21 -18 19 -19 -21 22 23 -3 -25 -23 27 28 -27 -7
right_child=1 15 -4 4 -6 29 -8 8 12 -11 11 -13 13 14 -16 -17 17 18 -20 20 -22 25 -24 24 -26 26 -28 -29 -30 -31
leaf_value=-0.00079624379499639941 0.001278881285694274 0.0095385045092826002 -0.033645662307140549 0.0040946567194280661 0.042688357212326743 -0.0076409225295935197 -0.0229804009553045 -0.0059823187534888099 -0.016585554672655326 0.074988321661949159 0.057539056502282616 0.010845384526420648 0.055095092046002922 -0.0182431105829098 0.033228653535246851 -0.017400191458971141 0.048708985845509332 -0.0098924817342092002 -0.031316053792834281 0.06243577613370143 0.0084785584005888318 0.0024338909835773569 -0.02795704531826471 0.020945415563881398 0.080348256585689684 -0.0036364650164744747 -0.0089940424979507144 0.061898912788384546 0.043074975634186427 0.00046107301914407759
leaf_weight=76833 7525 682 63 2202 55 1711 105 83 134 50 84 71 52 110 50 143 95 85 56 60 98 10519 57 60 52 67 77 59 58 2267
leaf_count=76833 7525 682 63 2202 55 1711 105 83 134 50 84 71 52 110 50 143 95 85 56 60 98 10519 57 60 52 67 77 59 58 2267
internal_value=-2.23352e-05 0.00203278 -0.000656111 -0.000629833 0.00503513 0.00035416 0.00198015 0.00230138 0.0144375 0.0307506 0.021457 0.0361503 0.000858876 0.0118851 -0.00215818 0.0037216 0.00397278 0.0167762 0.00663039 0.0153752 0.0289686 0.00353906 0.0121581 0.0150379 0.0485253 0.00285865 0.0199778 0.0321019 0.0180376 -0.00302372
internal_weight=103563 24410 79153 79090 2257 12242 8264 8159 634 288 238 155 346 212 160 12168 12025 394 299 243 158 11631 851 794 112 10780 261 184 125 3978
internal_count=103563 24410 79153 79090 2257 12242 8264 8159 634 288 238 155 346 212 160 12168 12025 394 299 243 158 11631 851 794 112 10780 261 184 125 3978
is_linear=0
shrinkage=0.03


Tree=128
num_leaves=31
num_cat=2
split_feature=11 21 27 31 31 18 26 32 5 5 32 3 13 31 19 1 5 5 14 2 11 23 19 8 2 0 28 23 29 11
split_gain=110.349 103.834 113.284 105.828 89.7829 175.594 87.1451 74.4616 78.7851 118.499 164.651 92.8534 90.3455 73.8232 188.678 117.265 137.379 129.521 130.111 103.518 95.9695 88.9345 146.671 90.4056 85.6706 122.447 90.0841 126.556 85.0936 82.211
threshold=41.100000381469734 1.0000000180025095e-35 3.1000000238418584 7.5499999523162851 2.5499999523162846 4.0727515220642099 1.1666666865348818 0 1.0241666436195376 1.0033833384513857 1 2.716666698455811 0.91200000047683727 6.5499999523162851 2.5000000000000004 66.416667938232436 1.270183324813843 1.0702500343322756 1.0371100306510928 9.416666507720949 23.10000038146973 1.2250000238418581 21.500000000000004 1.0000000180025095e-35 8.8333334922790545 3.8333333730697636 0.83333334326744091 2.1000000238418584 1.4499999880790713 24.22500038146973
decision_type=2 2 10 2 2 2 10 9 8 10 9 2 10 2 2 2 8 8 10 2 2 10 2 2 2 2 10 10 10 2
left_child=1 4 7 -4 5 -1 -7 -3 9 -9 -11 -12 13 20 19 21 17 -17 -19 -15 -10 22 -16 -24 -23 -26 -27 -28 -20 -18
right_child=-2 2 3 -5 -6 6 -8 8 12 10 11 -13 -14 14 15 16 29 18 28 -21 -22 24 23 -25 25 26 27 -29 -30 -31
leaf_value=0.067593707102537162 -0.038834975663233885 0.0059691282034653615 -0.006534347482843466 -0.0486565165515793 -0.00089926410687970668 0.031316122466058874 -0.011725848466157913 0.0023281165816560383 -0.00046962809881911862 -0.0048704438590539212 0.019406129902398046 0.067754542727757675 0.03763572714046428 0.0087985052777962251 0.0047004588025325502 -0.021870552010547654 -0.007632625610129876 -0.00076294440118705525 0.025903204727385724 0.059005361449505599 -0.012245690484515291 -0.0047620146285663025 0.027404955603182315 0.075013742200722572 0.035831508145772462 -0.034945392253249878 0.038385494568943974 -0.019291237543026606 0.078439068870110942 0.010415456315769111
leaf_weight=50 66 2897 922 57 60594 67 115 14906 19864 118 66 78 57 66 179 52 1460 68 56 84 643 402 100 56 151 50 75 63 55 269
leaf_count=50 66 2897 922 57 60594 67 115 14906 19864 118 66 78 57 66 179 52 1460 68 56 84 643 402 100 56 151 50 75 63 55 269
internal_value=-5.60907e-05 -3.13908e-05 0.00110081 -0.00898681 -0.000827946 0.0177991 0.00411927 0.00133698 0.000990386 0.00267966 0.0226803 0.0426341 -8.80594e-05 -0.000178814 0.00406969 0.00244693 -0.00192158 0.0198077 0.0319154 0.0369143 -0.000838868 0.0104044 0.0232318 0.0444953 0.00460529 0.0157134 -0.000445242 0.0120548 0.0519345 -0.00482468
internal_weight=103686 103620 42794 979 60826 232 182 41815 38918 15168 262 144 23750 23693 3186 3036 1960 231 179 150 20507 1076 335 156 741 339 188 138 111 1729
internal_count=103686 103620 42794 979 60826 232 182 41815 38918 15168 262 144 23750 23693 3186 3036 1960 231 179 150 20507 1076 335 156 741 339 188 138 111 1729
cat_boundaries=0 1 2
cat_threshold=8 32
is_linear=0
shrinkage=0.03


Tree=129
num_leaves=31
num_cat=0
split_feature=31 27 31 31 27 20 20 27 12 9 31 6 22 1 13 3 20 5 23 10 1 10 19 31 5 24 29 12 13 13
split_gain=120.732 87.9051 85.3717 142.395 89.0504 78.2532 80.0999 93.308 124.38 116.418 89.773 140.435 84.5916 83.5423 80.0226 95.7887 69.2222 72.1175 87.0344 102.236 75.6768 100.046 173.971 141.967 104.922 113.048 90.6671 69.9692 68.757 89.6336
threshold=5.3500001430511483 1.0000000180025095e-35 2.5499999523162846 0.65000000596046459 1.5500000119209292 17.500000000000004 13.500000000000002 1.8999999761581423 6.7449998855590829 7.0999999046325692 12.050000190734865 0.83333334326744091 1.5833333134651186 84.416667938232436 0.65775001049041759 14.183333396911623 -1.0000000180025095e-35 0.88833332061767589 3.1000000238418584 86.90000152587892 82.833332061767592 85.633331298828139 13.500000000000002 5.9500000476837167 0.97020000219345104 1.1666666865348818 0.90000000596046459 3.7899999618530278 0.42099998891353613 0.56633332371711742
decision_type=2 8 2 2 10 2 2 10 2 2 2 2 10 2 10 2 2 10 10 2 2 2 2 2 10 10 10 2 10 10
left_child=2 -2 3 -1 -5 6 10 8 -8 -10 14 12 -12 -14 15 16 -3 18 -18 -20 -19 22 23 -22 -23 26 -26 -24 -27 -30
right_child=1 5 -4 4 -6 -7 7 -9 9 -11 11 -13 13 -15 -16 -17 17 20 19 -21 21 24 27 -25 25 28 -28 -29 29 -31
leaf_value=-0.020701380353134412 0.016813350241086884 -0.026385134304814699 -0.00063822304676566907 0.011553537161726701 0.054368076535648902 -0.032290633866777184 0.070025607435987333 -0.014187331553548573 -0.017663992760997067 0.04008527707202094 0.032365104811498895 0.057240452909027226 0.012159599637379869 -0.032300165258347988 -0.013445145720171813 -0.039515774872373129 0.00065569473597697193 0.0011825942307679171 0.0069046383087772063 0.04052400836113252 0.023459964824550143 0.035471167706345251 -0.013024781733313028 0.08501363745331765 0.017658634000010304 0.0036896179286695645 -0.019157101654083186 0.017938871179871696 0.041173768736327346 -0.0024831045910038733
leaf_weight=65 349 79 80080 95 81 61 50 57 57 70 80 64 96 63 325 51 18082 1509 569 95 77 95 85 60 77 442 276 289 118 66
leaf_count=65 349 79 80080 95 81 61 50 57 57 70 80 64 96 63 325 51 18082 1509 569 95 77 95 85 60 77 442 276 289 118 66
internal_value=-3.35669e-05 0.00187061 -0.000584568 0.017244 0.031258 0.00164281 0.00173347 0.0191954 0.0299458 0.0141663 0.00155266 0.0177723 0.00720343 -0.00545653 0.00133222 0.00155082 0.00164638 0.00174777 0.00104741 0.0117146 0.00599113 0.0105691 0.021496 0.0504178 0.00537016 0.00244922 -0.0111265 0.0109017 0.0101045 0.0255142
internal_weight=103563 23242 80321 241 176 22893 22832 234 177 127 22598 303 239 159 22295 21970 21919 21840 18746 664 3094 1585 511 137 1074 979 353 374 626 184
internal_count=103563 23242 80321 241 176 22893 22832 234 177 127 22598 303 239 159 22295 21970 21919 21840 18746 664 3094 1585 511 137 1074 979 353 374 626 184
is_linear=0
shrinkage=0.03


Tree=130
num_leaves=31
num_cat=0
split_feature=20 28 27 23 17 5 25 29 20 19 18 9 22 23 28 3 10 28 13 5 2 29 25 20 5 29 2 3 20 0
split_gain=109.889 73.9598 93.2484 72.6977 79.9076 104.952 78.5869 97.5393 72.3559 72.0209 114.854 94.1174 140.822 96.4323 188.106 133.773 129.93 105.46 132.943 94.6717 91.6206 87.3547 84.785 93.5149 108.209 113.03 90.528 82.3855 72.7799 67.3674
threshold=1.5000000000000002 0.58333334326744091 2.8999999761581425 3.1000000238418584 0.55000001192092907 1.0109833478927615 0.36666667461395269 0.22500000149011615 8.5000000000000018 10.500000000000002 3.8224790096282963 2.5499999523162846 1.8333333134651186 2.3666666746139531 0.83333334326744091 10.616666793823244 84.224998474121108 2.5833333730697636 0.85499998927116405 0.62363332509994518 36.416666030883796 1.5500000119209292 0.36666667461395269 2.5000000000000004 0.48341666162014013 1.3666666746139529 10.583333492279055 2.9166667461395268 12.500000000000002 1.8333333134651186
decision_type=2 8 10 10 2 10 10 10 2 2 2 2 10 10 10 2 2 10 8 8 2 10 10 2 10 10 2 2 2 2
left_child=-1 2 3 4 5 8 -6 -8 -2 20 27 12 21 17 -15 19 -17 -13 -19 -16 22 -12 23 -3 25 -25 -24 -11 -28 -7
right_child=1 9 -4 -5 6 29 7 -9 -10 10 11 13 -14 14 15 16 -18 18 -20 -21 -22 -23 26 24 -26 -27 28 -29 -30 -31
leaf_value=-0.00053194914404704619 -0.0058341409182374763 0.051614541858434677 -0.020713859334302084 0.028321843610132392 -0.009677969658604034 0.030745901001042665 0.053858008462815514 0.0094564724383474907 -0.027453596911849693 -0.00046374791334406485 -0.0084121358992629916 0.0065900570315445888 0.072370254707336434 0.056464731441330664 0.030967395148779216 0.0079256509325721057 0.07440135978600558 -0.038053268385497295 0.013053165983695249 -0.0069362320134209255 -0.034014251931415246 0.037073324836398427 0.0041887069000252327 0.036612318424493306 -0.028088569060945118 -0.0027448492215069774 -0.0042816730918015539 0.0043351340680155333 0.020476311194879766 0.0025354500745993053
leaf_weight=78840 1462 51 241 73 104 94 62 158 154 5715 76 1808 50 97 76 55 51 111 78 270 72 76 2081 127 61 136 3746 7374 110 402
leaf_count=78840 1462 51 241 73 104 94 62 158 154 5715 76 1808 50 97 76 55 51 111 78 270 72 76 2081 127 61 136 3746 7374 110 402
internal_value=1.73652e-05 0.00175169 -0.00288936 -0.00117724 -0.00206124 -0.0041894 0.0118111 0.0219696 -0.00789441 0.00232606 0.00341043 0.00898618 0.0286968 0.00742233 0.0185577 0.0104228 0.0399092 0.00436107 -0.0169617 0.00138942 -0.000363984 0.0143306 1.9859e-05 0.0138544 0.00791069 0.0162603 -0.000853976 0.00223982 -0.0035754 0.00788179
internal_weight=103811 24971 2750 2509 2436 2112 324 220 1616 22221 15837 2748 202 2546 549 452 106 1997 189 346 6384 152 6312 375 324 263 5937 13089 3856 496
internal_count=103811 24971 2750 2509 2436 2112 324 220 1616 22221 15837 2748 202 2546 549 452 106 1997 189 346 6384 152 6312 375 324 263 5937 13089 3856 496
is_linear=0
shrinkage=0.03


Tree=131
num_leaves=31
num_cat=1
split_feature=27 12 26 6 3 12 4 1 13 3 32 23 23 25 14 10 12 9 3 25 26 25 19 0 27 25 25 5 20 13
split_gain=101.601 100.898 122.84 183.451 98.404 91.5548 88.4177 99.31 74.3236 78.7714 73.2274 92.9688 119.513 100.892 80.2526 71.0106 96.5152 123.134 116.033 91.5292 109.37 104.633 138.031 86.2793 72.7444 69.1764 66.8255 78.6994 67.4451 210.937
threshold=1.1000000238418581 10.409999847412111 1.5833333134651186 0.41666667163372045 1.0000000180025095e-35 9.8450002670288104 0.44036833941936498 87.833332061767592 0.72450000047683727 8.5166668891906756 0 1.5500000119209292 1.4499999880790713 0.90000000596046459 0.61601999402046215 87.224998474121108 7.6224999427795419 5.7750000953674325 6.4833333492279062 1.1000000238418581 0.83333334326744091 2.1000000238418584 11.500000000000002 4.8333332538604745 0.90000000596046459 1.4499999880790713 2.3666666746139531 0.59009999036788952 4.5000000000000009 0.0060060000978410253
decision_type=8 2 8 2 2 2 10 2 10 2 9 10 10 10 10 2 2 2 2 10 10 10 2 2 10 10 10 8 2 8
left_child=4 5 3 -3 -1 8 7 -4 9 -2 -6 12 13 14 -12 16 17 18 -13 -17 23 22 -22 25 -24 -21 28 -28 -15 -30
right_child=1 2 6 -5 10 -7 -8 -9 -10 -11 11 15 -14 26 -16 19 -18 -19 -20 20 21 -23 24 -25 -26 -27 27 -29 29 -31
leaf_value=-0.00028799231343588661 -0.00078488698164282653 -0.0051855844083954303 0.0449838909328516 0.068562542819976813 0.00079477680574257864 -0.024575797193009275 -0.015628406596993369 -0.00080730139320596645 -0.024499662466094658 0.0085317506485586558 -0.0024273472487591364 0.0067662876000004696 -0.03279910905589891 0.0042141807511961431 -0.02636079299975844 0.0053028840510036925 -0.023594805562526598 0.042244494690614587 -0.0285095866486944 -0.017305861272933806 0.072856016356843648 -0.00021743281020058527 0.0010423814038098868 0.046199453439977431 0.049230227611131133 0.014540315291711261 0.017112701408604675 -0.0074539751797515364 -0.024133132252672856 0.02091253166198203
leaf_weight=17868 65944 51 70 75 8529 145 127 109 118 827 717 2371 86 3603 153 514 98 85 87 88 97 54 59 54 54 203 141 700 110 626
leaf_count=17868 65944 51 70 75 8529 145 127 109 118 827 717 2371 86 3603 153 514 98 85 87 88 97 54 59 54 54 203 141 700 110 626
internal_value=1.85404e-05 -0.000670019 0.0137819 0.0387121 0.00129838 -0.000763154 0.00351656 0.0170999 -0.000711534 -0.000669495 0.00283646 0.00458996 0.00231764 0.00281683 -0.00663633 0.00830645 0.00561947 0.00674531 0.00551771 0.0146255 0.0224939 0.0370274 0.0466046 0.0113726 0.0240702 0.00490986 0.00440452 -0.00333519 0.00590465 0.0141802
internal_weight=103763 67466 432 126 36297 67034 306 179 66889 66771 18429 9900 6136 6050 870 3764 2641 2543 2458 1123 609 264 210 345 113 291 5180 841 4339 736
internal_count=103763 67466 432 126 36297 67034 306 179 66889 66771 18429 9900 6136 6050 870 3764 2641 2543 2458 1123 609 264 210 345 113 291 5180 841 4339 736
cat_boundaries=0 1
cat_threshold=32
is_linear=0
shrinkage=0.03


Tree=132
num_leaves=31
num_cat=0
split_feature=21 22 20 18 26 9 28 9 23 11 14 2 23 1 19 11 1 25 20 11 23 23 14 2 5 18 3 3 26 10
split_gain=108.366 84.6986 82.2925 73.4976 167.316 155.812 77.9249 103.588 69.9959 101.42 86.8866 55.281 73.2754 100.793 84.1399 93.2452 90.5508 81.0797 72.08 58.5096 147.967 112.073 145.593 122.181 135.266 93.3743 115.072 130.503 88.135 77.2374
threshold=84.500000000000014 4.1666667461395273 -1.4999999999999998 5.2880184650421151 1.1666666865348818 4.3666667938232431 1.8333333134651186 6.0999999046325692 2.3666666746139531 13.366666316986086 1.0722500085830691 22.833333015441898 3.1000000238418584 89.833332061767592 12.500000000000002 30.10000038146973 76.166667938232436 0.90000000596046459 13.500000000000002 19.44999980926514 3.1000000238418584 1.2250000238418581 1.4262099862098696 19.166666984558109 0.95721665024757396 2.9215384721755986 7.9416666030883798 6.4166667461395273 2.8333333730697636 82.224998474121108
decision_type=2 10 2 2 10 2 10 2 10 2 8 2 10 2 2 2 2 10 2 2 10 10 8 2 8 2 2 2 10 2
left_child=2 11 -1 -4 8 -6 7 -7 9 -5 -11 18 14 -14 -13 16 -16 -18 19 -2 21 23 25 -21 -25 -23 27 29 -24 -27
right_child=1 -3 3 4 5 6 -8 -9 -10 10 -12 12 13 -15 15 -17 17 -19 -20 20 -22 22 28 24 -26 26 -28 -29 -30 -31
leaf_value=-0.026007085231335266 0.0016381326988953787 -0.027066958159532237 -0.00069298603813241209 0.045395761399051632 0.045012937012840717 0.0054982789321227025 0.01395588824249528 -0.035406741502901053 0.051288226216744913 0.025785391984146928 -0.024856053091585634 -0.010762392154505697 -0.0095414032506161046 0.042387599349021914 0.025193363091814407 0.030175486094635589 0.005616521090571684 -0.0092841349229260389 0.025568259984818324 0.032451733840675449 0.047551620797469059 0.038022838317472295 -0.012214916841226697 -0.034558068093610929 0.013269053542598951 -0.02797625366449356 0.037741943957174527 -0.039615882864365209 0.029163070012629033 0.012231972336902583
leaf_weight=115 18876 92 79437 74 51 89 81 149 78 62 60 912 61 75 109 91 554 808 119 243 78 97 631 64 316 50 85 65 50 307
leaf_count=115 18876 92 79437 74 51 89 81 149 78 62 60 912 61 75 109 91 554 808 119 243 78 97 631 64 316 50 85 65 50 307
internal_value=-0.000121013 0.00166203 -0.000647571 -0.000611154 0.00948281 -0.00367614 -0.0114603 -0.0201103 0.0272522 0.0176868 0.000879763 0.00177407 -0.00234339 0.0190959 -0.00352194 0.000705517 -0.00111757 -0.00322322 0.00228627 0.00215347 0.00705151 0.00539584 0.000333223 0.015838 0.00521396 0.0110557 0.00589632 -0.00051808 -0.00917689 0.00660057
internal_weight=103879 23683 80196 80081 644 370 319 238 274 196 122 23591 2610 136 2474 1562 1471 1362 20981 20862 1986 1908 1285 623 380 604 507 422 681 357
internal_count=103879 23683 80196 80081 644 370 319 238 274 196 122 23591 2610 136 2474 1562 1471 1362 20981 20862 1986 1908 1285 623 380 604 507 422 681 357
is_linear=0
shrinkage=0.03


Tree=133
num_leaves=31
num_cat=2
split_feature=21 32 9 28 22 23 30 23 28 4 29 13 19 32 5 15 9 5 15 24 16 28 23 19 1 24 19 18 17 5
split_gain=101.254 90.6808 252.961 194.831 84.8182 69.9838 67.0059 113.033 135.83 92.4745 72.2781 124.077 86.6074 74.389 67.4655 66.7548 127.841 127.597 99.9768 99.932 85.9391 92.5008 80.0565 184.651 73.5368 73.4546 68.679 89.8467 80.7358 107.212
threshold=85.500000000000014 0 4.9000000953674325 1.1666666865348818 4.1666667461395273 1.0000000180025095e-35 1.0000000180025095e-35 3.1000000238418584 1.5833333134651186 0.84583336114883434 0.55000001192092907 0.63549998402595531 18.500000000000004 1 0.92016667127609264 0.55000001192092907 4.2249999046325692 0.52013331651687633 0.22500000149011615 0.83333334326744091 1.0000000180025095e-35 1.1666666865348818 2.1000000238418584 11.500000000000002 82.416667938232436 0.58333334326744091 5.5000000000000009 3.1270161867141728 1.0000000180025095e-35 1.6250000000000002
decision_type=2 9 2 10 10 10 2 10 10 10 8 8 2 9 10 2 2 10 2 10 2 10 10 2 2 10 2 2 2 10
left_child=1 2 -1 -4 5 -2 7 9 14 15 11 12 -8 -13 -9 16 26 18 22 25 -21 -22 24 -24 -18 -17 -7 -28 29 -29
right_child=4 -3 3 -5 -6 6 10 8 -10 -11 -12 13 -14 -15 -16 19 17 -19 -20 20 21 -23 23 -25 -26 -27 27 28 -30 -31
leaf_value=0.058525458195906002 -0.012524492525149847 -0.00051117201548860221 -0.041696750553141176 0.02445188672646232 -0.026657534960181788 0.0084936862914715364 -0.0037032935432279885 0.017704162739434287 0.049671584897121965 -0.029602838168118858 0.004306344782668366 0.00093444399205566957 0.028081394149581107 -0.026185734091866135 -0.023950902213746645 0.013066526710987091 0.032220132967521402 -0.015750729718824276 -0.015182255486347551 -0.01370830331833995 0.04545877468856898 0.00068506242823787036 -0.015142433905731075 0.047684671268281006 -0.0033735630883102237 0.061295796218845573 -0.001388385999400682 0.010259483314083911 0.0028492137964924546 0.048757140179925662
leaf_weight=89 299 80114 71 92 94 1060 207 103 91 94 10874 148 123 250 53 60 58 865 290 147 66 112 69 108 526 54 6037 316 1376 82
leaf_count=89 299 80114 71 92 94 1060 207 103 91 94 10874 148 123 250 53 60 58 865 290 147 66 112 69 108 526 54 6037 316 1376 82
internal_value=5.33626e-05 -0.000453665 0.0171674 -0.00436132 0.00178275 0.00189667 0.00208277 0.000467001 0.0205435 2.89364e-05 0.00369367 -0.00545772 0.00814373 -0.0167353 0.00355212 0.000277056 -0.000189638 -0.00721704 -0.000193591 0.0117445 0.00326734 0.0172866 0.00551825 0.0231927 0.000161427 0.035912 0.00132817 0.000355769 0.00629121 0.0181912
internal_weight=103928 80366 252 163 23562 23468 23169 11567 247 11320 11602 728 330 398 156 11226 10787 1916 1051 439 325 178 761 177 584 114 8871 7811 1774 398
internal_count=103928 80366 252 163 23562 23468 23169 11567 247 11320 11602 728 330 398 156 11226 10787 1916 1051 439 325 178 761 177 584 114 8871 7811 1774 398
cat_boundaries=0 1 2
cat_threshold=1 32
is_linear=0
shrinkage=0.03


Tree=134
num_leaves=31
num_cat=0
split_feature=3 30 14 14 22 26 11 10 22 10 9 27 0 27 2 14 2 23 3 12 28 12 10 22 28 24 19 1 8 25
split_gain=101.634 100.535 67.8877 74.0351 84.2838 168.07 185.55 93.5333 91.9787 81.6261 113.089 72.3963 79.7567 74.8954 84.8428 99.8924 122.678 85.8127 125.459 104.078 82.3821 79.1539 84.6224 78.4485 78.2366 93.2532 126.385 77.5755 74.7493 71.0692
threshold=2.9833333492279057 1.0000000180025095e-35 1.3790000081062319 0.39807000756263738 3.1666666269302373 1.1666666865348818 14.900000095367433 54.100000381469734 2.4166666269302373 85.450000762939467 4.2916667461395273 3.4500000476837163 9.166666507720949 1.8999999761581423 23.833333015441898 1.0806400179862978 21.166666984558109 1.2250000238418581 7.741666555404664 7.5225000381469735 1.5833333134651186 5.5450000762939462 67.099998474121108 1.5833333134651186 1.8333333134651186 1.5833333134651186 23.500000000000004 52.416666030883796 1.0000000180025095e-35 0.70833334326744091
decision_type=2 2 10 8 10 10 2 2 10 2 2 8 2 10 2 10 2 10 2 2 10 2 2 10 8 10 2 2 2 10
left_child=-1 2 3 29 7 6 -6 8 -5 10 -7 12 13 14 15 17 24 23 27 -20 -21 -15 -23 -9 -17 -26 -27 -19 -16 -2
right_child=1 -3 -4 4 5 9 -8 11 -10 -11 -12 -13 -14 21 28 16 -18 18 19 20 -22 22 -24 -25 25 26 -28 -29 -30 -31
leaf_value=-0.00045629826275673575 0.010772287787948833 0.0040504403396510666 -0.0058750461863926471 0.010541821976154759 -0.0027942465323333937 0.0081703377614707456 0.057936250182845796 0.0031890476358067822 -0.016126446158305042 0.02891261107646502 -0.043816180315925116 0.03313932210844206 0.026269869792740791 -0.0020763923487233339 -0.035311100579077194 -0.00052743694306290885 0.054374777107673175 -0.037198483136629587 0.04232343173640616 -0.017674733874698478 0.026076532822540577 0.015830524856674261 -0.023026944968157693 0.027612637909415823 0.00080282000152720619 0.069703621339230304 0.0083306261331870628 -0.0061049538314695753 -0.0055341399450180599 -0.0093530578793261463
leaf_weight=83437 188 10013 1589 1284 72 86 122 1322 128 52 67 57 96 772 93 324 59 76 85 90 68 58 387 130 97 63 58 1450 412 987
leaf_count=83437 188 10013 1589 1284 72 86 122 1322 128 52 67 57 96 772 93 324 59 76 85 90 68 58 387 130 97 63 58 1450 412 987
internal_value=6.73561e-06 0.0019113 -0.000173897 0.000869421 0.0019653 0.0153821 0.0353971 0.00121227 0.0081243 -0.00355892 -0.014595 -0.00050088 -0.000840861 -0.00131031 0.000538911 0.0020659 0.0132938 -2.91009e-05 -0.0044654 0.0155554 0.00115493 -0.00788515 -0.0179624 0.00537573 0.00882193 0.0227173 0.0402852 -0.00765352 -0.0110178 -0.006133
internal_weight=103722 20285 10272 8683 7508 399 194 7109 1412 205 153 5697 5640 5544 4327 3822 601 3221 1769 243 158 1217 445 1452 542 218 121 1526 505 1175
internal_count=103722 20285 10272 8683 7508 399 194 7109 1412 205 153 5697 5640 5544 4327 3822 601 3221 1769 243 158 1217 445 1452 542 218 121 1526 505 1175
is_linear=0
shrinkage=0.03


Tree=135
num_leaves=31
num_cat=1
split_feature=2 14 0 28 4 32 2 24 1 4 0 28 5 10 25 22 13 26 28 24 22 27 20 9 0 27 27 3 27 11
split_gain=106.281 140.132 132.604 126.12 76.9419 122.772 174.594 114.275 110.235 166.269 102.285 101.416 98.4125 92.4432 84.9577 108.464 78.7637 77.5572 108.592 131.6 93.2911 99.7632 89.0108 81.4525 74.1472 72.6127 146.68 71.9326 96.2828 80.4379
threshold=12.833333492279055 1.6450000405311587 1.1666666865348818 0.58333334326744091 0.086711667478084578 0 20.166666984558109 1.1666666865348818 89.166667938232436 1.0116666555404665 3.4166666269302373 2.1666666269302373 0.4907833337783814 47.266666412353523 1.1000000238418581 1.8333333134651186 0.070039998739957823 0.41666667163372045 2.5833333730697636 1.8333333134651186 1.5833333134651186 0.55000001192092907 6.5000000000000009 2.8999999761581425 4.1666667461395273 2.4500000476837163 2.2916666269302373 14.183333396911623 2.5499999523162846 16.774999618530277
decision_type=2 10 2 8 8 9 2 10 2 10 2 10 8 2 10 10 10 8 10 10 10 10 2 2 2 10 10 2 8 2
left_child=-1 3 -3 25 14 6 7 10 9 -7 -6 13 -8 -12 15 -5 -16 20 22 -20 21 -9 -19 -24 -13 26 -2 28 29 -10
right_child=1 2 -4 4 5 8 12 17 27 -11 11 24 -14 -15 16 -17 -18 18 19 -21 -22 -23 23 -25 -26 -27 -28 -29 -30 -31
leaf_value=-0.00035029394347334123 -0.0046024791963556319 0.028970620190578229 -0.0087791807743490338 -0.012592386436538601 0.026907243873146209 0.0044857674330063095 0.041962314516305922 -0.015953989607095716 -0.011304732488464255 0.05848079291100685 0.042783010884335164 0.011437453853672949 -0.00081398040482291831 0.0027383944894280609 0.0061945399904013952 0.0037937407198612794 -0.011692035482486799 -0.00024629670426412658 0.0055026389128101285 0.059701758176088332 0.046938926554735624 0.032063082425803358 -0.002507506922401231 0.043716129740434026 0.058098085181071207 -0.019888870040588872 0.029451333701428842 -0.039009590390324596 0.023690964173351932 0.0014573206126818109
leaf_weight=86008 1528 89 1419 825 728 3967 50 75 808 52 57 58 1517 578 1835 650 252 1233 97 69 93 81 58 84 65 235 123 50 118 988
leaf_count=86008 1528 89 1419 825 728 3967 50 75 808 52 57 58 1517 578 1835 650 252 1233 97 69 93 81 58 84 65 235 123 50 118 988
internal_value=8.62148e-05 0.00219752 -0.00655124 0.00300821 0.00396438 0.00522277 0.00876881 0.0127264 0.00233384 0.00518438 0.0188759 0.0111625 0.00055093 0.00633295 0.000139753 -0.00537138 0.00403478 0.00762128 0.00511111 0.0280312 0.0231561 0.00897795 0.00234403 0.0248361 0.0360955 -0.0042863 -0.00206546 -0.00348744 -0.00255949 -0.00428418
internal_weight=103790 17782 1508 16274 14388 10826 4843 3276 5983 4019 1486 758 1567 635 3562 1475 2087 1790 1541 166 249 156 1375 142 123 1886 1651 1964 1914 1796
internal_count=103790 17782 1508 16274 14388 10826 4843 3276 5983 4019 1486 758 1567 635 3562 1475 2087 1790 1541 166 249 156 1375 142 123 1886 1651 1964 1914 1796
cat_boundaries=0 1
cat_threshold=10
is_linear=0
shrinkage=0.03


Tree=136
num_leaves=31
num_cat=0
split_feature=31 27 20 1 1 5 23 4 29 19 9 6 4 25 3 20 27 9 19 3 5 19 8 4 26 25 19 30 16 23
split_gain=132.953 75.0978 66.4499 62.6518 99.2471 95.3359 92.3692 165.099 122.551 133.814 137.637 100.071 88.5242 84.8368 128.662 102.725 101.067 82.1251 90.6888 83.8417 80.4835 132.598 113.626 102.915 92.3754 115.968 97.4636 112.147 78.2192 106.224
threshold=5.4500000476837167 1.0000000180025095e-35 -1.0000000180025095e-35 79.166667938232436 66.833332061767592 0.94376665353775036 1.8999999761581423 0.92416667938232433 1.7749999761581423 31.500000000000004 4.7750000953674325 0.41666667163372045 1.0116666555404665 2.1000000238418584 6.2833335399627694 6.5000000000000009 1.2250000238418581 4.5499999523162851 12.500000000000002 7.6833331584930429 0.56694999337196361 34.500000000000007 0.83333334326744091 0.19684000313282016 2.5833333730697636 1.2916666865348818 29.500000000000004 1.0000000180025095e-35 0.29166667163372045 1.7749999761581423
decision_type=2 10 2 2 2 10 10 10 10 2 2 2 10 10 2 2 10 2 2 2 10 2 2 10 10 10 2 2 2 10
left_child=-1 -2 -3 4 -4 -6 7 8 11 13 -11 -5 20 15 -15 17 -17 19 -19 -10 21 22 23 -8 26 -26 -22 -28 29 -7
right_child=1 2 3 6 5 28 12 -9 9 10 -12 -13 -14 14 -16 16 -18 18 -20 -21 24 -23 -24 -25 25 -27 27 -29 -30 -31
leaf_value=-0.00047376345751498638 0.016142151225899713 -0.030341259325413324 0.0019062860322511593 0.0014962727549477375 -0.010675969270016239 -0.0015973065274268495 0.010317914780293697 -0.048421806253749741 -0.0016746442556155449 0.015542126814706609 0.072119630502536891 -0.01525372710192893 0.043520650481666201 0.00047021900604088455 0.063203532802207127 0.046509315557777882 -0.0016676489232728877 -0.049559926363008634 -0.002718870117058677 0.033518693875521421 -0.0071835893192197338 -0.033915140855312345 0.043088644812664681 0.054092121054144467 0.053447275053371081 -0.0061400201509021358 -0.0046108531512852229 0.038760826868644814 -0.019550398575057359 0.031888943956000726
leaf_weight=83574 344 57 12194 2195 1138 209 926 58 396 109 60 376 67 62 56 86 72 62 93 72 639 50 124 51 66 53 112 103 88 144
leaf_count=83574 344 57 12194 2195 1138 209 926 58 396 109 60 376 67 62 56 86 72 62 93 72 639 50 124 51 66 53 112 103 88 144
internal_value=5.26983e-05 0.00224583 0.00200339 0.00209716 0.000989889 -0.00608709 0.00468726 0.0017946 0.00259497 0.0111369 0.0356288 -0.000953358 0.00956821 0.0065327 0.030242 0.00295051 0.0245553 -0.00252871 -0.0214553 0.00373972 0.0084972 0.0138665 0.0160364 0.012603 0.00214567 0.0269084 -0.00130488 0.0161672 0.0057545 0.0120628
internal_weight=103636 20062 19718 19661 13773 1579 5888 3697 3639 1068 169 2571 2191 899 118 781 158 623 155 468 2124 1151 1101 977 973 119 854 215 441 353
internal_count=103636 20062 19718 19661 13773 1579 5888 3697 3639 1068 169 2571 2191 899 118 781 158 623 155 468 2124 1151 1101 977 973 119 854 215 441 353
is_linear=0
shrinkage=0.03


Tree=137
num_leaves=31
num_cat=0
split_feature=4 29 5 14 5 9 2 2 11 13 26 31 9 21 5 11 5 12 5 30 12 11 21 5 13 29 29 2 11 9
split_gain=82.2118 87.1398 80.5329 134.716 68.2683 72.5298 74.8238 83.7792 97.2794 106.702 124.852 155.114 81.8549 66.3289 62.7838 116.822 93.6361 258.875 85.9547 76.7653 86.7451 74.9496 82.2469 82.6668 84.5532 79.8854 70.4417 89.6636 112.13 70.2443
threshold=0.080274999141693129 2.3666666746139531 0.33090001344680792 0.17447999864816668 0.41759999096393591 6.5499999523162851 17.833333015441898 15.416666507720949 14.900000095367433 0.16801399737596515 1.1666666865348818 5.7500000000000009 3.3666666746139531 88.500000000000014 1.4469333291053774 28.633333206176761 1.3529666662216189 7.6224999427795419 1.5476999878883364 1.0000000180025095e-35 4.9100000858306894 13.550000190734865 86.500000000000014 1.6716666221618655 0.150008000433445 1.8999999761581423 0.22500000149011615 17.166666984558109 9.7750000953674334 2.7749999761581425
decision_type=10 10 10 10 10 2 2 2 2 10 10 2 2 2 10 2 10 2 10 2 2 2 2 10 10 10 10 2 2 2
left_child=-1 14 3 -3 -4 6 7 8 9 -6 11 13 -9 -11 16 18 26 19 -16 -18 -21 22 29 24 -24 -23 27 28 -2 -20
right_child=1 2 4 -5 5 -7 -8 12 -10 10 -12 -13 -14 -15 15 -17 17 -19 21 20 -22 25 23 -25 -26 -27 -28 -29 -30 -31
leaf_value=-0.00044439123467174854 0.0044314080925987043 -0.0031894745726089974 -0.025881550863973403 0.048548489124598825 -0.00043640955431457559 0.040454157323672857 -0.0069666120826101614 0.008363579160227657 -0.022974636556580663 -0.0056950092011236776 0.0038369124772510044 0.076599483195353632 0.052989010074734687 0.042474084019660949 -0.013705603916881255 -0.045805473531862449 -0.0056430267516755315 0.07593324171379208 -0.015076201228449307 0.0074836863615297226 0.049159539286047216 -0.0086978258117469971 0.012667032704187127 0.0077121753614064576 0.063991086516135304 0.0155521633651863 0.0012554645754673042 -0.010104536557739432 0.065412736304007985 0.013744437788539616
leaf_weight=91378 51 77 57 110 395 58 299 73 90 53 162 66 75 50 458 56 209 56 229 151 64 843 65 551 52 143 7776 55 58 114
leaf_count=91378 51 77 57 110 395 58 299 73 90 53 162 66 75 50 458 56 209 56 229 151 64 843 65 551 52 143 7776 55 58 114
internal_value=-0.000132287 0.00215 0.0087709 0.0272446 0.00626394 0.00765099 0.00614459 0.0102112 0.00644475 0.0100918 0.0226556 0.0406949 0.0309778 0.017688 0.00120208 -0.00296132 0.00244368 0.0153107 -0.00198401 0.0073039 0.0198895 0.000704262 0.00644384 0.0125753 0.0354777 -0.00518084 0.00166583 0.0211231 0.0368802 -0.00549733
internal_weight=103874 12496 1565 187 1378 1321 1263 964 816 726 331 169 148 103 10931 2511 8420 480 2455 424 215 1997 1011 668 117 986 7940 164 109 343
internal_count=103874 12496 1565 187 1378 1321 1263 964 816 726 331 169 148 103 10931 2511 8420 480 2455 424 215 1997 1011 668 117 986 7940 164 109 343
is_linear=0
shrinkage=0.03


Tree=138
num_leaves=31
num_cat=1
split_feature=31 19 0 2 31 20 21 29 4 0 32 4 9 4 4 31 20 10 18 31 25 2 26 17 23 4 20 7 5 23
split_gain=107.937 110.5 107.357 88.8829 72.2099 104.39 164.731 97.6855 124.869 74.5511 71.4181 78.4405 148.99 159.141 134.372 163.329 78.6451 83.1406 96.6299 95.0092 83.3371 75.941 75.6476 72.7379 99.1033 84.2453 80.1108 76.6159 163.964 67.1221
threshold=5.3500001430511483 3.5000000000000004 10.583333492279055 39.166666030883796 6.0499999523162851 8.5000000000000018 84.500000000000014 1.7083333134651186 0.96583330631256115 3.4166666269302373 0 0.33726167678833013 3.5499999523162846 0.090043336153030409 0.28679499030113226 6.6499998569488534 12.500000000000002 89.90000152587892 1.9298029541969302 8.4499998092651385 1.4499999880790713 24.583333015441898 1.5833333134651186 0.36666667461395269 3.1000000238418584 0.69125834107398998 3.5000000000000004 1.0000000180025095e-35 1.9750000238418581 2.1000000238418584
decision_type=2 2 2 2 2 2 2 8 8 2 9 8 2 10 10 2 2 2 2 2 10 2 10 2 10 8 2 2 10 10
left_child=-1 4 10 -4 -2 6 -6 8 9 -8 11 12 -3 -14 15 -15 17 18 -13 22 -20 29 -19 27 -25 26 -26 28 -12 -22
right_child=1 2 3 -5 5 -7 7 -9 -10 -11 23 16 13 14 -16 -17 -18 19 20 -21 21 -23 -24 24 25 -27 -28 -29 -30 -31
leaf_value=-0.00056179568925742416 0.0039677849459591706 -0.00048172717426502617 0.058004025018049611 0.0051573598784867853 0.0076221181572015788 -0.014350274470202701 -0.022362533009277201 0.06183015477272772 0.051491275894087411 0.027277201611016478 0.0016099182380743054 0.00044982669310342672 -0.0090382372498512258 0.026242146282284346 0.0012279613316059112 0.09219057024167529 -0.033749316903512648 0.015797921690557683 -0.01517038927187748 0.041126860936449183 -0.002096697528438482 0.027327514436716834 -0.024501509310594242 0.0043705201880119395 0.028490972317755221 0.040919698771249388 -0.022925522258877753 -0.0043411223586285368 0.04253265750604901 -0.036549713358815232
leaf_weight=80624 1492 2230 54 61 462 97 53 93 86 56 8885 1439 100 81 64 58 82 112 1089 74 558 72 67 3517 60 128 50 2107 89 56
leaf_count=80624 1492 2230 54 61 462 97 53 93 86 56 8885 1439 100 81 64 58 82 112 1089 74 558 72 67 3517 60 128 50 2107 89 56
internal_value=-4.14244e-05 0.00175365 0.00106576 0.0299723 0.00793935 0.0149353 0.0187229 0.0365304 0.0244644 0.00314045 0.00090684 -0.00182953 0.00220023 0.0219387 0.0371983 0.0537602 -0.00471082 -0.00402401 -0.00532745 0.0125342 -0.0100111 -0.00182093 0.000713777 0.00202848 0.00563836 0.0243735 0.00511984 0.000807038 0.00201577 -0.00523899
internal_weight=103996 23372 21033 115 2339 847 750 288 195 109 20918 6082 2533 303 203 139 3549 3467 3214 253 1775 686 179 14836 3755 238 110 11081 8974 614
internal_count=103996 23372 21033 115 2339 847 750 288 195 109 20918 6082 2533 303 203 139 3549 3467 3214 253 1775 686 179 14836 3755 238 110 11081 8974 614
cat_boundaries=0 1
cat_threshold=4
is_linear=0
shrinkage=0.03


Tree=139
num_leaves=31
num_cat=0
split_feature=4 27 14 20 11 14 12 18 11 29 20 23 28 1 0 14 26 31 11 2 13 14 5 31 1 13 1 23 11 14
split_gain=91.0221 98.4119 95.7132 92.671 81.5609 84.3512 101.91 80.7469 115.355 87.4617 81.9888 97.8285 103.782 96.2183 165.305 99.236 95.7007 85.4081 78.7649 70.8137 70.2102 69.9286 102.566 176.901 103.466 93.8987 82.1359 69.725 68.6031 67.869
threshold=0.080274999141693129 1.0000000180025095e-35 1.6323300004005434 1.5000000000000002 17.366666793823246 1.7442399859428408 8.8633332252502459 8.1180553436279315 31.633333206176761 1.2916666865348818 5.5000000000000009 2.1000000238418584 0.58333334326744091 66.416667938232436 4.8333332538604745 0.44449999928474432 1.1666666865348818 5.0499999523162851 16.44999980926514 29.833333015441898 0.03807600028812886 1.4528099894523623 1.4672333598136904 6.4500000476837167 75.166667938232436 0.12803300470113757 87.833332061767592 0.63333335518836986 26.10000038146973 2.170510053634644
decision_type=10 10 10 2 2 10 2 2 2 10 2 10 8 2 2 8 10 2 2 2 8 10 10 2 2 10 2 10 2 10
left_child=7 -2 21 -4 18 -6 -7 8 10 -9 28 12 -12 14 15 -14 -16 20 27 -15 -13 -3 23 24 -23 -26 -27 -5 -1 -29
right_child=1 2 3 4 5 6 -8 9 -10 -11 11 17 13 19 16 -17 -18 -19 -20 -21 -22 22 -24 -25 25 26 -28 29 -30 -31
leaf_value=-0.00058793249054835464 0.032027494729310275 0.0024398364814085982 -0.016086749712610718 0.024769804572855884 -0.037010087562458854 -0.014521719405734488 0.030752786249853666 -9.1639894020298244e-05 0.041619571199861621 -0.042048519860053882 -0.0077790168662885979 -0.0029946796134190292 -0.0071010816147056765 0.004882544784280427 0.062162306395533315 0.015116136484722891 0.019843185832176136 0.001726328566437587 0.041885029070824385 -0.022999884911648488 -0.028291457616841074 -0.011939531353460292 0.0036145695063309765 0.077012962138652802 0.061871087371881274 0.040382787956752708 -0.010616912439465522 -0.0058724550070365011 0.025054874979752173 0.0218756930968283
leaf_weight=86282 100 9902 463 110 91 176 60 92 59 87 465 196 245 2306 91 692 102 696 50 85 199 84 538 50 53 54 60 481 94 95
leaf_count=86282 100 9902 463 110 91 176 60 92 59 87 465 196 245 2306 91 692 102 696 50 85 199 84 538 50 53 54 60 481 94 95
internal_value=-2.87161e-05 0.00238723 0.00214561 -0.00488484 -5.74174e-06 -0.0124727 -0.00301125 -0.000354572 -0.000315198 -0.0204841 -0.000342252 0.00336278 0.00554147 0.00730063 0.0145145 0.00930694 0.0397968 -0.0045971 0.00553325 0.00389132 -0.0157391 0.00314444 0.0114603 0.0254836 0.0152187 0.0288792 0.0135408 0.0028837 -0.000560026 -0.00129594
internal_weight=104058 12367 12267 1526 1063 327 236 91691 91512 179 91453 5077 3986 3521 1130 937 193 1091 736 2391 395 10741 839 301 251 167 114 686 86376 576
internal_count=104058 12367 12267 1526 1063 327 236 91691 91512 179 91453 5077 3986 3521 1130 937 193 1091 736 2391 395 10741 839 301 251 167 114 686 86376 576
is_linear=0
shrinkage=0.03


Tree=140
num_leaves=31
num_cat=1
split_feature=27 18 32 25 4 18 13 5 28 24 29 29 13 9 28 4 2 4 19 29 1 27 20 23 20 18 23 8 28 19
split_gain=70.9496 91.4863 83.8672 105.389 83.6993 91.3346 95.4425 111.721 117.725 71.417 124.301 68.646 90.606 96.1546 87.9902 70.7481 115.018 106.904 83.7858 66.4855 66.092 85.4414 65.7931 59.8375 57.3124 56.7969 56.0607 97.3789 87.1271 142.558
threshold=1.5500000119209292 0.14495798945426944 0 2.7083333730697636 0.28015333414077764 1.9298029541969302 0.59927302598953258 1.3801500201225283 1.5833333134651186 1.0000000180025095e-35 1.8999999761581423 1.2916666865348818 0.51633331179618847 2.8999999761581425 1.1666666865348818 0.54500001668930065 17.833333015441898 0.33726167678833013 12.500000000000002 3.8999999761581425 79.166667938232436 1.6333333253860476 5.5000000000000009 2.1000000238418584 16.500000000000004 2.7795138359069829 1.5500000119209292 0.41666667163372045 1.4166666865348818 19.500000000000004
decision_type=10 2 9 10 10 2 10 10 10 10 10 10 10 2 10 10 2 10 2 10 2 10 2 10 2 2 10 2 10 2
left_child=1 -1 3 9 19 -6 11 8 23 10 22 12 13 25 -13 17 -17 -16 -19 -2 -15 -22 -3 -8 -4 -7 27 -11 29 -29
right_child=4 2 24 -5 5 6 7 -9 -10 26 -12 14 -14 20 15 16 -18 18 -20 -21 21 -23 -24 -25 -26 -27 -28 28 -30 -31
leaf_value=-0.00083486500622435985 -0.0012662405336968979 -0.0047755927982507272 0.00045039055912038319 -0.008236773390421245 -0.011267458998852157 0.0066405552064411734 0.0044169657718349294 -0.032041380362550047 0.033518737623068902 0.0034843011859540087 0.026135614784434436 0.05350998827095689 0.037809222839883902 -0.019219300393690717 0.030373781809521806 0.0051497535670504847 0.068259589076042168 -0.032977624636010401 0.0072083260151110193 0.02909804732295183 0.036394708103647359 -0.0049791578511830491 -0.03315659926040098 -0.034371889935711677 -0.030213091964071445 0.043375547331358705 0.0064169474721400242 -0.021083832581006871 -0.020345519686326089 0.021426919902102177
leaf_weight=22985 42089 160 21403 682 264 95 91 106 84 7675 72 58 67 193 159 51 53 56 281 65 57 212 136 59 55 63 5854 127 304 161
leaf_count=22985 42089 160 21403 682 264 95 91 106 84 7675 72 58 67 193 159 51 53 56 281 65 57 212 136 59 55 63 5854 127 304 161
internal_value=-2.61572e-05 0.00064873 0.0015797 0.003286 -0.000938402 0.00513961 0.00771021 -0.00649062 0.00508366 0.00383065 -0.00921638 0.0113 0.00466714 0.00108565 0.0182252 0.0148144 0.0373115 0.0100972 0.000530542 -0.00121942 -0.00582339 0.0037878 -0.0178155 -0.01084 0.000371622 0.0212881 0.00417066 0.00258002 -0.0091435 0.00268086
internal_weight=103717 59614 36629 15171 44103 1949 1685 340 234 14489 368 1345 687 620 658 600 104 496 337 42154 462 269 296 150 21458 158 14121 8267 592 288
internal_count=103717 59614 36629 15171 44103 1949 1685 340 234 14489 368 1345 687 620 658 600 104 496 337 42154 462 269 296 150 21458 158 14121 8267 592 288
cat_boundaries=0 1
cat_threshold=11
is_linear=0
shrinkage=0.03


Tree=141
num_leaves=31
num_cat=0
split_feature=9 12 21 9 3 13 20 23 27 14 24 15 26 23 2 25 29 24 28 19 11 0 5 13 1 29 5 3 26 24
split_gain=87.5234 82.6528 82.0821 81.9822 83.9061 81.6824 81.4863 63.7261 58.4339 70.5645 81.3619 54.6372 62.6971 87.2358 62.6777 77.2177 55.609 112.856 223.226 143.037 185.399 90.1001 89.9133 81.1641 67.0047 103.756 89.2615 87.1011 55.1705 114.379
threshold=9.6333336830139178 13.722500324249269 86.500000000000014 8.7750000953674334 14.183333396911623 0.91200000047683727 -1.4999999999999998 1.0000000180025095e-35 1.0000000180025095e-35 1.0141100287437441 1.1666666865348818 0.90000000596046459 1.0000000180025095e-35 0.77500000596046459 16.583333015441898 1.3666666746139529 2.6333333253860478 1.8333333134651186 3.5833333730697636 2.5000000000000004 19.44999980926514 2.1666666269302373 1.456933379173279 0.33812999725341802 85.166667938232436 2.8999999761581425 1.7283333539962771 1.916666626930237 0.41666667163372045 1.1666666865348818
decision_type=2 2 2 2 2 10 2 10 8 10 10 2 10 10 2 10 10 10 10 2 2 2 10 8 2 10 8 2 10 10
left_child=2 -2 6 4 5 7 -1 -4 9 10 -9 12 13 -10 -15 -16 28 19 22 -18 24 -20 -19 -22 27 -26 -27 -21 29 -14
right_child=1 -3 3 -5 -6 -7 -8 8 11 -11 -12 -13 16 14 15 -17 17 18 21 20 23 -23 -24 -25 25 26 -28 -29 -30 -31
leaf_value=-0.02497317275001866 -0.034542624667882917 0.0085376055990108984 -0.012954419108488373 0.02812639906993494 -0.036272647596263093 0.036771078566878529 -0.00043662238611787813 0.028963276651543631 0.025317551140407363 0.04298972748389298 -0.015422962124531085 -0.020563723841811168 -0.0024987934319969179 -0.024361298346528941 0.018434978033500637 -0.025701093416661023 -0.041995967685111928 -0.0042687137437027846 0.084178891244687526 0.015906769273416051 0.015555175905581562 0.029002481263875959 0.035049673457795832 0.069609857717156401 0.031106538743232236 -0.029424133920973098 0.019329185768428004 -0.029723078781022476 0.0010044698810493899 0.013410927478921805
leaf_weight=122 125 59 274 104 53 59 80258 71 56 66 78 101 704 236 88 60 63 185 57 53 50 50 73 50 99 81 58 130 19381 963
leaf_count=122 125 59 274 104 53 59 80258 71 56 66 78 101 704 236 88 60 63 185 57 53 50 50 73 50 99 81 58 130 19381 963
internal_value=-5.65356e-05 -0.0207289 -1.98285e-05 0.00155034 0.00143089 0.00151745 -0.000473864 0.00142712 0.00160031 0.0171662 0.00572753 0.00145182 0.00155092 -0.00966198 -0.0147632 0.000541976 0.00177521 0.00887891 0.021965 0.000700085 0.00586295 0.0583955 0.00685626 0.0425825 -0.00285904 0.00763565 -0.00908102 -0.0165079 0.00145492 0.00669201
internal_weight=103807 184 103623 23243 23139 23086 80380 23027 22753 215 149 22538 22437 440 384 148 21997 949 365 584 521 107 258 100 421 238 139 183 21048 1667
internal_count=103807 184 103623 23243 23139 23086 80380 23027 22753 215 149 22538 22437 440 384 148 21997 949 365 584 521 107 258 100 421 238 139 183 21048 1667
is_linear=0
shrinkage=0.03


Tree=142
num_leaves=31
num_cat=1
split_feature=27 25 13 15 12 5 21 21 32 3 13 3 16 25 28 5 14 5 11 11 2 19 27 20 24 12 2 11 0 3
split_gain=63.7075 68.6283 61.7923 91.7577 124.288 84.7488 76.1955 60.8312 69.9459 76.734 105.764 96.5741 91.79 88.6101 72.0249 74.7282 117.265 88.3528 84.611 72.2815 95.3034 70.0686 69.1811 63.855 61.9184 75.7672 80.0504 91.613 127.726 107.536
threshold=0.45000000298023229 3.4500000476837163 0.38609200716018682 0.22500000149011615 6.5633332729339608 1.0400666594505312 83.500000000000014 85.500000000000014 0 9.3166666030883807 0.48615999519824987 10.616666793823244 0.55000001192092907 1.1000000238418581 0.58333334326744091 1.0471499562263491 1.2501000165939333 1.1636166572570803 1.1000000238418581 9.0999999046325701 15.833333492279055 1.5000000000000002 2.8999999761581425 -1.0000000180025095e-35 2.1666666269302373 1.2100000381469729 19.833333015441898 16.10000038146973 3.8333333730697636 6.3416666984558114
decision_type=8 8 10 2 2 8 2 2 9 2 8 2 2 10 10 10 10 10 2 2 2 2 10 2 10 2 2 2 2 2
left_child=1 2 3 4 -1 -5 -7 23 14 12 -11 -12 -10 -13 22 16 18 -17 -16 -18 -21 -19 -9 -2 25 -20 27 -27 29 -29
right_child=7 -3 -4 5 -6 6 -8 8 9 10 11 13 -14 -15 15 17 19 21 24 20 -22 -23 -24 -25 -26 26 -28 28 -30 -31
leaf_value=0.0023799078725689395 -0.016948194893480446 0.032375307942075389 0.027460574158044024 -0.04958863953335417 0.043476067011925711 -0.03274813598296681 0.0096371187269687648 -0.0033734463690444291 0.0049865196952245229 0.029948819786310192 -0.03836909507254236 -0.028986136827801094 0.044353567003789875 0.018519190246505397 0.037115855024303084 -0.01255817072461609 0.054610168247197104 -0.027540122109300947 -0.0062911128722183962 -0.0064246748281305936 0.037277052161651988 -3.1886984990609488e-05 -0.023149534322257186 -0.00065098107197520164 -0.0045468402161830878 0.0031157609832689901 -0.0018499791304484061 0.0086375050081843353 0.024807466585067359 -0.027314567664956175
leaf_weight=5778 217 70 88 54 67 61 102 1872 4145 50 114 61 54 84 61 634 52 85 795 94 86 4261 174 75352 1261 4820 1977 862 459 82
leaf_count=5778 217 70 88 54 67 61 102 1872 4145 50 114 61 54 84 61 634 52 85 795 94 86 4261 174 75352 1261 4820 1977 862 459 82
internal_value=-0.000105507 0.00283832 0.00250213 0.00213982 0.00285098 -0.0170158 -0.00622485 -0.000293016 0.0010921 0.00442121 -0.00999734 -0.017709 0.00549279 -0.00146581 0.000235533 0.000932769 0.00236265 -0.00209612 0.00188834 0.0234553 0.014455 -0.000569899 -0.00505528 -0.000697779 0.00167881 0.00255158 0.00340889 0.0050796 0.0118263 0.00551455
internal_weight=103872 6220 6150 6062 5845 217 163 97652 22083 4508 309 259 4199 145 17575 15529 10549 4980 10317 232 180 4346 2046 75569 10256 8995 8200 6223 1403 944
internal_count=103872 6220 6150 6062 5845 217 163 97652 22083 4508 309 259 4199 145 17575 15529 10549 4980 10317 232 180 4346 2046 75569 10256 8995 8200 6223 1403 944
cat_boundaries=0 1
cat_threshold=34
is_linear=0
shrinkage=0.03


Tree=143
num_leaves=31
num_cat=1
split_feature=31 32 27 12 23 28 3 18 14 20 14 1 22 30 23 26 29 14 12 25 27 25 19 1 26 19 24 28 13 6
split_gain=85.1138 80.3736 82.8626 101.191 82.3905 120.88 99.4545 88.9027 77.8702 73.0127 78.5045 71.6197 84.0166 95.3851 142.515 97.2052 203.683 72.0085 86.8237 71.1344 66.3251 92.3985 72.5698 64.4144 64.8101 64.2328 79.9974 76.168 76.1495 68.5146
threshold=4.6499998569488534 0 1.1000000238418581 4.6224999427795419 1.5500000119209292 1.5833333134651186 5.4416666030883798 3.4558441638946538 1.6037799715995791 -1.0000000180025095e-35 2.3308999538421635 74.833332061767592 2.5833333730697636 1.0000000180025095e-35 1.1000000238418581 1.4166666865348818 0.90000000596046459 1.0420800447463991 4.0633332729339608 2.1000000238418584 1.8999999761581423 2.8999999761581425 25.500000000000004 81.166667938232436 0.41666667163372045 35.500000000000007 1.8333333134651186 2.5833333730697636 0.18601600080728534 1.0000000180025095e-35
decision_type=2 9 8 2 10 10 2 2 10 2 10 2 10 2 10 10 10 8 2 10 8 10 2 2 10 2 10 10 8 2
left_child=8 2 3 -2 7 6 -6 -5 11 -3 -11 -1 13 20 -15 23 -17 -18 -19 -14 21 22 -13 -16 -25 26 29 -28 -29 -4
right_child=1 9 25 4 5 -7 -8 -9 -10 10 -12 12 19 14 15 16 17 18 -20 -21 -22 -23 -24 24 -26 -27 27 28 -30 -31
leaf_value=-0.0010215549905341437 0.0050977967713024793 -0.027537792712011757 0.0011937019758708474 0.023660917357617134 0.044715422508972029 0.059033414673420687 -0.0079735495012841721 -0.027524525030301165 -0.0073743869059502941 0.00022551279245324881 0.025604852625761516 0.0053699867571846173 0.011019663558900356 -0.0015448130258816849 0.033195225676602644 -0.0073019889709413852 0.010738837647937484 0.0337523451429452 0.076448582737491666 0.048133288735693149 -0.011512505287635904 -0.035831352639342506 -0.0076098281369289195 0.026259832320113974 -0.0012197477842142822 -0.010611942256978564 0.006330440223818963 0.0064283330760457934 0.057319365453991022 -0.011701204383936233
leaf_weight=46417 3664 85 4931 74 56 93 76 52 1596 39231 110 1270 300 1190 69 148 91 244 52 55 567 62 558 90 545 393 1230 51 55 401
leaf_count=46417 3664 85 4931 74 56 93 76 52 1596 39231 110 1270 300 1190 69 148 91 244 52 55 567 62 558 90 545 393 1230 51 55 401
internal_value=-1.11007e-05 0.00087124 0.00312795 0.00657189 0.0219596 0.0328364 0.0143793 0.00253677 -0.000847845 0.000236406 0.000296475 -0.000646204 0.0026781 0.00165425 0.00586999 0.0129916 0.0226307 0.0340779 0.041253 0.0167697 -0.00251345 0.000186273 0.00140788 0.00566633 0.002675 0.0011741 0.00186875 0.00843327 0.0328341 0.000223924
internal_weight=103756 50502 11076 4015 351 225 132 126 53254 39426 39341 51658 5241 4886 2429 1239 535 387 296 355 2457 1890 1828 704 635 7061 6668 1336 106 5332
internal_count=103756 50502 11076 4015 351 225 132 126 53254 39426 39341 51658 5241 4886 2429 1239 535 387 296 355 2457 1890 1828 704 635 7061 6668 1336 106 5332
cat_boundaries=0 1
cat_threshold=10
is_linear=0
shrinkage=0.03


Tree=144
num_leaves=31
num_cat=0
split_feature=4 31 5 29 23 14 26 11 0 23 13 18 25 27 14 18 4 14 29 5 25 19 19 11 16 5 5 10 11 16
split_gain=75.3056 80.0815 84.1625 84.1445 84.4681 79.7336 76.4009 96.8926 121.287 165.037 131.821 72.8194 69.0375 66.4807 79.0738 69.676 65.9432 64.8441 118.606 109.12 95.6601 228.16 76.976 77.769 65.8352 61.6116 188.567 212.121 132.995 71.0486
threshold=0.090043336153030409 11.34999990463257 0.71443331241607677 2.3666666746139531 3.1000000238418584 1.0880200266838076 1.1666666865348818 22.10000038146973 3.4166666269302373 0.90000000596046459 0.1782530024647713 2.2029411792755131 2.3666666746139531 1.5500000119209292 2.170510053634644 0.14495798945426944 0.15663000196218493 0.58087998628616344 0.45000000298023229 1.240483343601227 0.90000000596046459 31.500000000000004 7.5000000000000009 15.449999809265138 0.36666667461395269 1.3909166455268862 1.3529666662216189 80.90000152587892 15.09999990463257 0.63333335518836986
decision_type=10 2 10 10 10 10 10 2 2 10 10 2 10 8 10 2 10 10 10 10 10 2 2 2 2 10 10 2 2 2
left_child=13 3 -3 25 6 -4 7 8 9 -5 16 -12 -8 15 -15 -1 -11 -17 19 -19 21 -20 23 -22 -24 26 29 -28 -27 -2
right_child=1 2 5 4 -6 -7 12 -9 -10 10 11 -13 -14 14 -16 17 -18 18 20 -21 22 -23 24 -25 -26 28 27 -29 -30 -31
leaf_value=-0.00086931515327663884 0.001917864046761671 0.050578435063362119 -0.0146105053549742 -0.015879284418086805 0.04238239857339067 0.032233374561848382 -0.0029385491813577356 0.05443006565496325 -0.0083697794426007936 0.025630182013925858 0.023872459362305344 0.065131054852496484 0.029311193272217428 -0.0011661434711416957 -0.021792674645153706 0.0019245173350295971 -0.011460719071876476 0.0050649131990449367 -0.022190857278519355 0.06045090945766253 0.0036614162520451619 0.038289089253667044 -0.0024847706965530169 0.031392015171992887 -0.035275622095380509 0.0023836314853160163 0.002468946807690569 0.06353826044421447 -0.011714760613110962 -0.020898804119825361
leaf_weight=23025 7065 61 68 92 64 63 630 50 199 118 63 99 66 38592 168 25548 68 86 457 51 644 64 3450 106 56 1552 111 95 984 125
leaf_count=23025 7065 61 68 92 64 63 630 50 199 118 63 99 66 38592 168 25548 68 86 457 51 644 64 3450 106 56 1552 111 95 984 125
internal_value=-2.32913e-05 0.00225783 0.0214712 0.00193369 0.00868718 0.00791747 0.00713014 0.0142119 0.0110649 0.0198547 0.0293016 0.049086 0.000119616 -0.000309473 -0.00125555 0.000376111 0.0120701 0.00131748 -0.00183853 0.0256831 -0.00262782 -0.0147615 -0.00114248 0.00758067 -0.00300853 0.000948411 0.00233201 0.030632 -0.00308672 0.00152119
internal_weight=103820 11573 192 11381 1449 131 1385 689 639 440 348 162 696 92247 38760 53487 186 30462 4914 137 4777 521 4256 750 3506 9932 7396 206 2536 7190
internal_count=103820 11573 192 11381 1449 131 1385 689 639 440 348 162 696 92247 38760 53487 186 30462 4914 137 4777 521 4256 750 3506 9932 7396 206 2536 7190
is_linear=0
shrinkage=0.03


Tree=145
num_leaves=31
num_cat=1
split_feature=31 2 9 10 31 17 14 10 23 9 14 7 10 11 26 11 10 1 18 7 9 11 31 3 6 3 32 3 14 18
split_gain=99.7162 79.9035 61.0287 108.035 178.869 119.567 83.1052 107.802 81.6318 83.5594 88.7871 80.9753 85.9771 123.163 68.3917 55.1081 55.3009 54.0692 50.7524 108.23 80.2076 68.0064 114.646 68.4094 61.7189 59.7079 58.9803 112.727 97.2132 106.873
threshold=5.0499999523162851 27.833333015441898 6.7750000953674325 86.90000152587892 6.4500000476837167 0.45000000298023229 0.78804999589920055 82.633331298828139 1.8999999761581423 7.0999999046325692 0.83948999643325817 0.58333334326744091 70.099998474121108 27.44999980926514 0.83333334326744091 20.22500038146973 74.450000762939467 75.166667938232436 5.1633331775665292 1.0000000180025095e-35 4.3666667938232431 16.774999618530277 6.9500000476837167 3.4416667222976689 1.0000000180025095e-35 7.3416666984558114 0 7.3416666984558114 1.532249987125397 3.704792976379395
decision_type=2 2 2 2 2 2 10 2 10 2 10 2 2 2 10 2 2 2 2 2 2 2 2 2 2 2 9 2 8 2
left_child=1 -1 15 4 5 -4 11 -8 14 -10 -11 12 -6 -14 -5 18 -17 -18 26 21 -21 23 -23 -20 -22 -25 27 -2 -29 -30
right_child=2 -3 3 8 6 -7 7 -9 9 10 -12 -13 13 -15 -16 16 17 -19 19 20 24 22 -24 25 -26 -27 -28 28 29 -31
leaf_value=-0.00038496735935960604 1.9586033722282323e-05 -0.01857435420924507 0.064897647811607881 0.010703332070261241 -0.022452593369801578 0.013230768810300265 -0.0012019808366894721 0.055666917078197001 0.036454269692931376 0.012553169205784798 -0.022817600920344842 -0.028520920176345568 -0.0073580839520408997 0.05244693128979902 -0.029698175002746283 -0.014555586693943337 0.024940521619556583 -0.0024612793573876336 0.042277235332131388 0.02543105024296571 -0.036172866049137983 0.0092872188772474013 0.065659320335557214 -0.011048372202628366 -0.0020194362731356368 0.024332283483385772 0.0023216248097978572 -0.035792775538724821 0.010775855451214069 -0.031643414271862381
leaf_weight=73623 6514 218 99 54 57 68 60 60 71 180 99 78 63 61 125 344 68 1381 50 68 66 63 67 111 171 70 19581 148 147 84
leaf_count=73623 6514 218 99 54 57 68 60 60 71 180 99 78 63 61 125 344 68 1381 50 68 66 63 67 111 171 70 19581 148 147 84
internal_value=0.000153947 -0.000438668 0.0016122 0.00863099 0.0179922 0.0438596 0.00659412 0.0272325 -0.00103102 0.0073968 2.25077e-06 -0.00296805 0.00804368 0.0220621 -0.01751 0.00135142 -0.00374244 -0.00117534 0.00168794 0.00986727 -0.00328991 0.0209834 0.0383405 0.0112154 -0.0115305 0.00263475 0.00148218 -0.000904497 -0.0168109 -0.00464933
internal_weight=103849 73841 30008 1075 546 167 379 120 529 350 279 259 181 124 179 28933 1793 1449 27140 666 305 361 130 231 237 181 26474 6893 379 231
internal_count=103849 73841 30008 1075 546 167 379 120 529 350 279 259 181 124 179 28933 1793 1449 27140 666 305 361 130 231 237 181 26474 6893 379 231
cat_boundaries=0 1
cat_threshold=4
is_linear=0
shrinkage=0.03


Tree=146
num_leaves=31
num_cat=0
split_feature=31 17 20 9 31 9 30 28 9 1 31 19 14 26 27 23 31 28 1 28 28 27 11 14 18 4 4 26 0 0
split_gain=85.7731 79.8393 96.9658 207.21 86.2776 84.5926 84.7943 109.481 76.7838 159.966 173.159 113.395 85.6943 93.1725 124.027 99.7471 106.605 91.1473 86.381 107.313 112.153 81.1167 73.7777 72.6291 88.4802 71.7338 80.8265 96.1271 76.6977 88.1338
threshold=5.4500000476837167 0.63333335518836986 10.500000000000002 7.9000000953674325 5.9500000476837167 6.4500000476837167 1.0000000180025095e-35 1.1666666865348818 2.3666666746139531 88.416667938232436 7.6499998569488534 8.5000000000000018 0.75205999612808239 3.8333333730697636 3.1000000238418584 3.1000000238418584 9.9499998092651385 0.41666667163372045 50.416666030883796 0.83333334326744091 1.8333333134651186 0.36666667461395269 24.899999618530277 1.1700199842453005 3.9607692956924443 0.43359667062759405 0.33007000386714941 0.83333334326744091 3.1666666269302373 3.4166666269302373
decision_type=2 2 2 2 2 2 2 10 2 2 2 2 10 10 10 10 2 10 2 10 10 8 2 10 2 8 10 10 2 2
left_child=22 8 3 4 -3 6 -6 -8 9 11 -11 21 13 14 15 17 18 -10 -17 -20 -21 -2 -1 24 -24 26 27 -19 -27 -30
right_child=1 2 -4 -5 5 -7 7 -9 12 10 -12 -13 -14 -15 -16 16 -18 25 19 20 -22 -23 23 -25 -26 28 -28 -29 29 -31
leaf_value=-0.00028971680122151831 0.026459660065569438 -0.0089055962564905614 -0.022925253451847639 0.071555739226085796 0.01014283174677537 -0.011621436704881489 0.019216115100469108 0.076331372227604416 -0.013464021050264027 0.013734035297536973 0.072370037001371387 0.00056767658681007658 0.0037151535811094341 0.037032880958626571 -0.034777408732722198 -0.026196533682756127 0.050085671716764313 -0.019047643817666198 0.045762259504374334 -0.021075911983847617 0.030872886185534298 0.0063545358406369695 0.015561223810209947 -0.038222157419220922 -0.020065297170605033 -0.005832784202992821 -0.02781217946477656 0.00013583174673573089 0.022054761856511867 0.0017243952455184826
leaf_weight=83476 196 143 61 56 130 64 67 55 695 485 50 7636 2882 53 108 60 59 322 68 90 64 2300 102 85 163 1176 159 871 211 2121
leaf_count=83476 196 143 61 56 130 64 67 55 695 485 50 7636 2882 53 108 60 59 322 68 90 64 2300 102 85 163 1176 159 871 211 2121
internal_value=7.53767e-05 0.00183116 0.0128397 0.017076 0.0104292 0.0191788 0.0270011 0.0449648 0.00150774 0.00322638 0.019214 0.00238219 -0.00054313 -0.00256928 -0.00291886 -0.00233529 0.0134139 -0.00330207 0.0057414 0.0143733 0.000513199 0.0079333 -0.000347347 -0.0140922 -0.00635245 -0.00184887 -0.0077198 -0.00504194 0.000413809 0.00356389
internal_weight=104008 20182 576 515 459 316 252 122 19606 10667 535 10132 8939 6057 6004 5896 341 5555 282 222 154 2496 83826 350 265 4860 1352 1193 3508 2332
internal_count=104008 20182 576 515 459 316 252 122 19606 10667 535 10132 8939 6057 6004 5896 341 5555 282 222 154 2496 83826 350 265 4860 1352 1193 3508 2332
is_linear=0
shrinkage=0.03


Tree=147
num_leaves=31
num_cat=0
split_feature=31 19 30 31 3 27 2 0 0 9 2 31 2 21 3 16 9 2 28 2 14 13 17 21 25 30 3 9 31 11
split_gain=169.041 72.9519 86.9698 61.9411 54.7139 53.0938 85.0805 104.587 57.4359 71.0186 56.511 65.3732 64.4698 84.9151 69.9231 56.2744 54.85 67.6866 83.8901 67.1569 113.33 71.7077 63.3963 83.238 58.3278 57.8448 68.3103 52.052 60.4018 48.8032
threshold=3.6499999761581425 4.5000000000000009 1.0000000180025095e-35 4.0499999523162851 2.6166666746139531 0.90000000596046459 41.166666030883796 10.833333492279055 9.416666507720949 8.7750000953674334 35.166666030883796 12.250000000000002 27.166666984558109 84.500000000000014 10.916666507720949 1.0000000180025095e-35 5.7083332538604745 21.833333015441898 1.8333333134651186 20.166666984558109 0.71024999022483837 0.49225001037120825 0.63333335518836986 77.500000000000014 3.8999999761581425 1.0000000180025095e-35 4.5833332538604745 8.2249999046325701 12.550000190734865 13.09999990463257
decision_type=2 2 2 2 2 8 2 2 2 2 2 2 2 2 2 2 2 2 10 2 8 10 2 2 10 2 2 2 2 2
left_child=1 -1 -3 4 29 10 7 8 9 27 11 12 14 -14 16 -15 17 19 -19 21 -21 24 23 -18 -5 26 -22 28 -7 -2
right_child=3 2 -4 5 -6 6 -8 -9 -10 -11 -12 -13 13 15 -16 -17 22 18 -20 20 25 -23 -24 -25 -26 -27 -28 -29 -30 -31
leaf_value=0.052356219801586119 -0.0017187848600948138 -0.0038698887096887285 0.037767601041908717 0.0012828849606895051 -0.013489530164214751 -0.00018738026052101921 -0.02966114226337099 0.040837609198476586 -0.021361130788314926 0.026639242090619679 0.030902231105177074 -0.031163301277228377 -0.048827583181858064 -0.022554716684193496 0.035866256968842609 0.011342210888545564 -0.027165550340253575 -0.00076695189350821271 -0.029335145918612787 0.054281107473320191 0.00029069291311316191 0.03057901278922432 0.038806394821321456 0.015020187186726213 0.031947420094428317 -0.0074349035532964812 0.045241792094090891 -0.030775034786760806 0.024006230952518599 0.021078998843098388
leaf_weight=64 14647 99 83 18088 356 68167 88 56 115 89 59 55 50 83 54 94 52 269 141 56 64 76 71 221 56 124 58 50 93 85
leaf_count=64 14647 99 83 18088 356 68167 88 56 115 89 59 55 50 83 54 94 52 269 141 56 64 76 71 221 56 124 58 50 93 85
internal_value=-3.25555e-05 0.0248065 0.0151186 -9.16406e-05 -0.00186808 0.000211804 -0.00018189 -0.000144058 -0.000177554 -0.000141938 0.00158592 0.00149773 0.00158958 -0.0143051 0.00177624 -0.00455296 0.00168074 0.00146502 -0.0105916 0.0017319 0.0157631 0.00149933 0.0135526 0.00698481 0.00137753 0.00699472 0.0216609 -0.000176831 -0.000154418 -0.00158725
internal_weight=103663 246 182 103417 15088 88329 68658 68570 68514 68399 19671 19612 19557 227 19330 177 19276 18932 410 18522 302 18220 344 273 18144 246 122 68310 68260 14732
internal_count=103663 246 182 103417 15088 88329 68658 68570 68514 68399 19671 19612 19557 227 19330 177 19276 18932 410 18522 302 18220 344 273 18144 246 122 68310 68260 14732
is_linear=0
shrinkage=0.03


Tree=148
num_leaves=31
num_cat=0
split_feature=31 20 16 3 28 2 5 10 19 26 1 19 28 3 2 26 14 19 4 2 31 4 14 23 27 19 14 27 1 1
split_gain=92.2081 104.829 68.5505 132.664 114.339 230.339 146.171 125.339 124.883 124.473 122.256 159.817 145.482 121.837 110.93 137.669 130.525 118.659 114.223 95.09 93.9836 92.2648 89.7 89.5182 80.2524 76.9421 76.8424 76.7672 73.072 70.8263
threshold=5.7500000000000009 17.500000000000004 1.0000000180025095e-35 4.4166667461395273 1.4166666865348818 15.166666507720949 0.45004999637603765 84.633331298828139 6.5000000000000009 0.58333334326744091 70.416667938232436 15.500000000000002 2.1666666269302373 7.2833335399627694 25.166666984558109 1.1666666865348818 1.2660800218582156 24.500000000000004 0.3136433362960816 15.833333492279055 8.0500001907348651 0.79833334684371959 0.60810998082160961 1.2916666865348818 1.7083333134651186 21.500000000000004 0.46990999579429632 1.1000000238418581 85.833332061767592 81.416667938232436
decision_type=2 2 2 2 8 2 8 2 2 10 2 2 10 2 2 10 10 2 8 2 2 10 10 10 10 2 10 10 2 2
left_child=-1 2 3 19 5 9 23 10 13 -5 11 -8 -13 -9 21 17 18 29 -17 -2 -7 -4 25 -6 28 -20 -22 -10 -12 -16
right_child=1 -3 14 4 6 20 7 8 27 -11 24 12 -14 -15 15 16 -18 -19 22 -21 26 -23 -24 -25 -26 -27 -28 -29 -30 -31
leaf_value=-0.00031736575156176254 0.00129221123337886 -0.036978031576527126 -0.0015886129324364962 0.0616281814057872 0.017654410728909931 -0.014797470649057311 -0.011131080793945685 0.089058770093321804 0.039726660763844845 0.013384111877175347 -0.029321711952027107 0.016098035481223402 0.076843349507176556 0.024896525693567175 -0.016811632674473984 0.035251452022790904 0.03618028861433268 0.054432800535274585 0.011904694874667459 0.018632388904013416 -0.0054569614468745779 -0.033907588617876169 -0.035276685900711785 0.064943812513215973 0.019192105813280624 -0.023905464753508566 0.042814143237055222 -0.0016665343116592922 0.010294007710341748 0.023649321628283829
leaf_weight=89185 6830 61 4291 53 61 475 92 50 64 524 151 94 57 57 52 50 75 92 135 297 71 81 112 88 68 90 51 109 58 155
leaf_count=89185 6830 61 4291 53 61 475 92 50 64 524 151 94 57 57 52 50 75 92 135 297 71 81 112 88 68 90 51 109 58 155
internal_value=4.27673e-05 0.00226642 0.00243286 0.00397569 0.0105584 0.00429885 0.018302 0.0132208 0.0294032 0.0178155 0.00450724 0.020038 0.0390284 0.0548789 -0.000347408 0.0102234 -4.16723e-05 0.0260845 -0.00706143 0.00201482 -0.00876503 -0.00218739 -0.0133393 0.0455837 -0.00911719 -0.00241937 0.0147219 0.0136466 -0.0183279 0.0134852
internal_weight=103629 14444 14383 9250 2123 1174 949 800 280 577 520 243 151 107 5133 761 462 299 387 7127 597 4372 337 149 277 225 122 173 209 207
internal_count=103629 14444 14383 9250 2123 1174 949 800 280 577 520 243 151 107 5133 761 462 299 387 7127 597 4372 337 149 277 225 122 173 209 207
is_linear=0
shrinkage=0.03


Tree=149
num_leaves=31
num_cat=0
split_feature=31 12 18 10 10 14 8 6 26 8 31 6 18 14 4 18 23 22 2 12 2 3 19 7 19 1 2 28 21 2
split_gain=72.2694 57.4203 284.719 114.895 137.72 158.445 89.7704 85.8408 82.5243 98.3914 158.469 110.551 77.6028 85.4919 121.34 69.7617 104.341 119.858 81.3061 77.2658 135.956 94.5006 69.7233 68.9107 68.459 92.5859 114.071 106.465 152.557 104.308
threshold=6.2500000000000009 7.7224998474121103 6.8038463592529306 83.90000152587892 86.450000762939467 0.41231000423431402 1.0000000180025095e-35 0.58333334326744091 0.58333334326744091 0.41666667163372045 8.3499999046325701 0.58333334326744091 4.929802894592286 1.4081100225448611 0.90833336114883434 4.6711711883544931 1.1000000238418581 3.1666666269302373 18.833333015441898 6.9100000858306894 15.583333492279055 5.5833332538604745 21.500000000000004 0.58333334326744091 3.5000000000000004 66.416667938232436 7.1666667461395273 1.5833333134651186 85.500000000000014 8.166666507720949
decision_type=2 2 2 2 2 10 2 2 10 2 2 2 2 10 10 2 10 10 2 2 2 2 2 2 2 2 2 10 2 2
left_child=-1 2 15 6 5 7 -3 -5 -8 10 -10 -12 23 14 -14 24 -17 18 19 20 21 22 -18 -6 -2 26 -26 29 -29 -28
right_child=1 3 -4 4 12 -7 8 -9 9 -11 11 -13 13 -15 -16 16 17 -19 -20 -21 -22 -23 -24 -25 25 -27 27 28 -30 -31
leaf_value=-0.00039129291397792422 0.011965461240603333 -0.027491425313178056 0.065065225133700152 0.028088057875633239 0.0036795813424176853 0.060005472477090045 0.028662986490180935 -0.02513548699468374 -0.019446000489021151 -0.027943234641391496 0.060988220907747741 0.00074848679247601279 -0.018737563060187711 0.022272847064105525 0.030330150293953279 0.037281359354613207 -0.013983861672026771 0.048401968067413884 -0.012489000803995422 0.037105699298903345 0.039367608058413391 -0.042883651905200063 0.021486753345712234 0.03935376946782243 0.0002720686846043181 -0.0052534131930230526 0.032252244148403407 0.011146139133559312 0.046845344859804655 -0.00095627101811394943
leaf_weight=94608 565 228 67 60 305 77 59 50 133 156 52 58 410 70 51 119 105 57 205 80 76 51 95 58 3362 1565 98 396 148 648
leaf_count=94608 565 228 67 60 305 77 59 50 133 156 52 58 410 70 51 119 105 57 205 80 76 51 95 58 3362 1565 98 396 148 648
internal_value=-0.000141978 0.00236624 0.00349383 -0.00250726 0.00358673 0.0269996 -0.0121102 0.00389554 -0.00445316 -0.00935003 0.00258634 0.0292255 -0.0013106 -0.00861858 -0.0133092 0.00294888 0.0113977 0.00679362 0.00291833 0.0106788 0.00421348 -0.0064308 0.00286468 0.00937959 0.00196721 0.00105857 0.00318201 0.0107659 0.0208584 0.00340624
internal_weight=104012 9404 7637 1767 1081 187 686 110 458 399 243 110 894 531 461 7570 788 669 612 407 327 251 200 363 6782 6217 4652 1290 544 746
internal_count=104012 9404 7637 1767 1081 187 686 110 458 399 243 110 894 531 461 7570 788 669 612 407 327 251 200 363 6782 6217 4652 1290 544 746
is_linear=0
shrinkage=0.03


Tree=150
num_leaves=31
num_cat=1
split_feature=20 31 32 27 4 23 3 3 17 3 2 2 5 3 20 1 23 20 8 25 3 2 11 0 14 23 13 21 14 25
split_gain=65.0838 60.0319 96.8594 125.017 92.7688 63.7046 114.328 148.148 82.5087 77.8623 74.1733 114.193 90.7117 82.5427 103.339 72.174 71.1808 66.6136 64.7898 106.401 66.8902 101.087 73.3745 84.8774 62.1775 61.5612 61.4561 58.9393 59.5749 170.044
threshold=-1.4999999999999998 4.0499999523162851 0 1.1000000238418581 0.03664833307266236 1.5500000119209292 4.5416667461395273 5.4416666030883798 0.36666667461395269 6.2166664600372323 20.833333015441898 17.833333015441898 0.42755000293254858 2.0833332538604741 2.5000000000000004 85.416667938232436 2.1000000238418584 8.5000000000000018 1.0000000180025095e-35 0.90000000596046459 2.1833333969116215 11.583333492279055 16.550000190734867 4.1666667461395273 2.3308999538421635 1.3666666746139529 0.1601580008864403 81.500000000000014 1.232789993286133 0.90000000596046459
decision_type=2 2 9 8 10 8 2 2 2 2 2 2 8 2 2 2 10 2 2 10 2 2 2 2 10 10 8 2 8 10
left_child=-1 -2 3 5 -4 8 10 15 18 -9 11 27 -12 -13 26 -8 -11 25 -3 -20 21 -21 -22 -24 -6 -10 -15 -7 29 -29
right_child=1 2 4 -5 24 6 7 9 17 16 12 13 -14 14 -16 -17 -18 -19 19 20 22 -23 23 -25 -26 -27 -28 28 -30 -31
leaf_value=-0.018067318500795713 -0.0017495130006909094 0.002323599040140594 -0.0010794352067807977 0.00021320343159813722 0.0016867048799819632 0.0028259567766400207 0.014081296920776367 -0.017524037140387073 -0.0043423756175609519 0.043452075749147133 0.02764868273454554 0.059113175700295645 -0.016223473806111586 0.016568959304376654 -0.0042341018424740112 0.055791391794346584 -0.0016676265505643992 0.020526912346022663 -0.017718801104435414 0.009860069725476206 0.0010377206044873541 0.045713361032487854 0.05609200206481748 0.0023923174377817372 0.025324327279075905 -0.024271340448372695 0.062138340452313423 -0.012436081411961083 0.0051925112708008474 0.031500308869712453
leaf_weight=180 15267 4990 44854 20262 11956 2619 54 81 645 61 51 53 252 57 103 121 65 77 99 150 328 134 54 52 101 178 50 107 577 306
leaf_count=180 15267 4990 44854 20262 11956 2619 54 81 645 61 51 53 252 57 103 121 65 77 99 150 328 134 54 52 101 178 50 107 577 306
internal_value=-4.35778e-05 -1.22938e-05 0.000287605 0.00162125 -0.00045138 0.00415554 0.0068926 0.0226018 0.00229587 0.00542384 0.00545526 0.00657384 -0.00883905 0.0256587 0.0172154 0.0429208 0.020176 -0.00615618 0.00360581 0.0114372 0.0154573 0.0267768 0.00805009 0.0297488 0.00188471 -0.00865265 0.0378631 0.00518307 0.0114187 0.0201173
internal_weight=103884 103704 88437 31526 56911 11264 4557 382 6707 207 4175 3872 303 263 210 175 126 900 5807 817 718 284 434 106 12057 823 107 3609 990 413
internal_count=103884 103704 88437 31526 56911 11264 4557 382 6707 207 4175 3872 303 263 210 175 126 900 5807 817 718 284 434 106 12057 823 107 3609 990 413
cat_boundaries=0 1
cat_threshold=10
is_linear=0
shrinkage=0.03


Tree=151
num_leaves=31
num_cat=1
split_feature=31 27 18 31 31 14 13 18 18 11 13 27 32 4 13 9 14 2 14 13 18 25 31 3 0 17 4 31 10 11
split_gain=84.5416 86.0617 82.8929 70.8416 134.803 55.0712 50.0089 97.7959 69.657 77.4779 59.4436 52.166 47.6289 65.7837 65.2102 107.333 82.8495 74.9309 74.7317 64.5701 69.5639 91.7344 97.0755 70.5636 64.0197 67.7718 89.7039 89.0197 120.985 137.805
threshold=5.3500001430511483 1.0000000180025095e-35 8.1180553436279315 0.95000001788139354 0.65000000596046459 0.65803998708724987 0.36625500023365026 3.2296702861785893 2.8449518680572514 14.09999990463257 0.323666661977768 1.1000000238418581 0 0.96583330631256115 0.48615999519824987 5.0999999046325692 1.6689999699592593 25.833333015441898 0.87016001343727123 0.58817899227142345 3.704792976379395 1.2250000238418581 9.9499998092651385 8.7833333015441912 11.166666507720949 0.36666667461395269 0.78833335638046276 7.5499999523162851 6.6333332061767587 24.44999980926514
decision_type=2 10 2 2 2 10 10 2 2 2 10 10 9 10 8 2 10 2 10 10 2 10 2 2 2 2 10 2 2 2
left_child=2 5 3 4 -1 -2 10 8 9 -8 -5 -9 14 24 15 16 -3 -17 19 20 -16 23 -23 -22 25 26 27 -14 -29 -30
right_child=1 12 -4 6 -6 -7 7 11 -10 -11 -12 -13 13 -15 18 17 -18 -19 -20 -21 21 22 -24 -25 -26 -27 -28 28 29 -31
leaf_value=-0.010334665699758463 0.011237010768648371 0.00027620760121980825 -0.034473848826019095 -0.00036897292413324 0.055810462236404422 0.044168161668305124 0.033274100439792328 0.017229095131957105 0.051362161107104398 -0.0066493682576150735 -0.019086279309555598 -0.017790805931426276 0.00054593499686283792 0.031154807450407194 -0.00083670762218806334 0.043738466317374859 0.030674597796456642 0.0041390816532075403 -0.017942465034676558 0.021442862290999676 -0.0155781198014534 -0.0096520971084854239 0.033561281053254663 -0.049843560096621511 -0.031679237905517223 0.0056983306795626836 -0.037374709364440706 0.040178122904460628 0.0030956658724830559 0.043835015741211396
leaf_weight=54 332 2902 64 79952 57 53 88 56 58 87 153 121 10985 71 2548 93 83 80 295 101 194 226 59 75 50 4018 54 104 965 81
leaf_count=54 332 2902 64 79952 57 53 88 56 58 87 153 121 10985 71 2548 93 83 80 295 101 194 226 59 75 50 4018 54 104 965 81
internal_value=0.000114873 0.00170381 -0.000345306 -0.000318215 0.0236318 0.0157704 -0.000351233 0.0100994 0.0228697 0.0134264 -0.000404723 -0.00671106 0.00146818 0.00233929 -0.000671251 0.00245293 0.00112146 0.0254266 -0.00349368 -0.00216294 -0.00293153 -0.0125662 -0.00070617 -0.0251317 0.00221488 0.00231944 0.00120562 0.0013773 0.00931868 0.00625043
internal_weight=104059 23369 80690 80626 111 385 80515 410 233 175 80105 177 22984 16328 6656 3158 2985 173 3498 3203 3102 554 285 269 16257 16207 12189 12135 1150 1046
internal_count=104059 23369 80690 80626 111 385 80515 410 233 175 80105 177 22984 16328 6656 3158 2985 173 3498 3203 3102 554 285 269 16257 16207 12189 12135 1150 1046
cat_boundaries=0 1
cat_threshold=4
is_linear=0
shrinkage=0.03


Tree=152
num_leaves=31
num_cat=0
split_feature=1 22 23 10 3 5 5 11 19 11 14 9 3 22 24 10 14 5 11 14 25 25 4 25 3 1 0 4 19 9
split_gain=71.2177 101.102 95.3138 87.8817 114.545 90.1133 241.203 123.936 113.724 101.16 84.8365 84.8216 83.2862 80.7427 112.639 80.4044 78.5129 100.094 101.061 85.0611 100.216 73.2145 71.951 101.15 70.9353 88.9782 93.6905 95.556 163.417 96.7047
threshold=82.833332061767592 4.1666667461395273 3.1000000238418584 65.450000762939467 8.616666793823244 1.3909166455268862 1.3529666662216189 33.899999618530281 25.500000000000004 33.366666793823249 0.90808999538421642 8.5500001907348651 6.9416666030883798 2.8333333730697636 1.5833333134651186 89.099998474121108 1.4528099894523623 1.4875167012214663 14.09999990463257 1.5221299529075625 1.5500000119209292 0.90000000596046459 0.036691665649414069 1.5500000119209292 1.8416666984558108 87.833332061767592 6.1666667461395273 0.27007167041301733 17.500000000000004 2.8999999761581425
decision_type=2 10 10 2 2 8 10 2 2 2 10 2 2 10 10 2 10 10 2 10 10 10 8 10 2 2 2 10 2 2
left_child=-1 2 3 4 12 6 9 11 -8 24 13 15 22 -4 21 -7 17 -17 -19 20 -18 -15 -2 -24 -5 -26 27 -27 -29 -30
right_child=1 -3 10 5 -6 7 8 -9 -10 -11 -12 -13 -14 14 -16 16 19 18 -20 -21 -22 -23 23 -25 25 26 -28 28 29 -31
leaf_value=-0.00028281128717084993 -0.0061285417283142218 -0.036099820427951353 0.057737440486487587 0.012979618723114121 0.049995531286864028 -0.0039117330974426786 0.01999308931194756 -0.04347995983250439 0.066064659568170703 0.042041668992931554 -0.0091349210785701858 0.035327347656711937 -0.021997229800009253 0.027908818196791869 0.05614660887122154 0.0024903272731328745 -0.039400608113520787 0.042979374510635215 0.0068350035641544862 -0.0015353310152808341 0.0069194903729053641 -0.014607434743140116 0.003537308384810155 0.027813296616898055 0.0093522076211148743 -0.0012311462931809106 -0.013675533858438333 -0.006506222011795377 -0.0054587059497966297 0.039095146521847542
leaf_weight=86492 178 63 57 524 62 3808 146 60 72 59 80 60 77 65 50 4413 119 112 184 1654 65 83 313 305 974 2638 450 204 56 202
leaf_count=86492 178 63 57 524 62 3808 146 60 72 59 80 60 77 65 50 4413 119 112 184 1654 65 83 313 305 974 2638 450 204 56 202
internal_value=6.72238e-05 0.0018343 0.0019743 0.00165713 0.0105939 0.00112828 0.00430591 -0.000487087 0.0352094 0.00298675 0.0178186 -0.000239408 0.00779561 0.0262746 0.0172171 -0.000445493 0.00157061 0.00362309 0.0205113 -0.00368789 -0.0230375 0.00406524 0.0106776 0.0155182 0.00253029 0.00131997 -0.0008838 0.000973064 0.013559 0.0294245
internal_weight=103625 17133 17070 16735 935 15800 5325 10475 218 5107 335 10415 873 255 198 10355 6547 4709 296 1838 184 148 796 618 5048 4524 3550 3100 462 258
internal_count=103625 17133 17070 16735 935 15800 5325 10475 218 5107 335 10415 873 255 198 10355 6547 4709 296 1838 184 148 796 618 5048 4524 3550 3100 462 258
is_linear=0
shrinkage=0.03


Tree=153
num_leaves=31
num_cat=0
split_feature=27 31 18 17 13 15 29 31 0 17 31 23 4 4 25 22 11 2 20 4 22 19 10 25 13 2 0 1 2 11
split_gain=58.6417 98.978 61.1033 56.5105 69.9672 77.6331 52.5838 77.3205 106.343 133.256 75.2737 60.5661 122.945 81.6765 74.7048 73.1696 105.407 57.3715 94.2286 64.52 87.4755 80.5766 109.668 76.744 76.0435 56.9658 96.8819 68.1182 54.8347 80.3315
threshold=1.5500000119209292 3.6499999761581425 0.14495798945426944 0.63333335518836986 0.150008000433445 0.29166667163372045 2.2916666269302373 9.1500000953674334 6.4166667461395273 0.29166667163372045 7.9500000476837167 2.3666666746139531 0.23004833608865741 0.47445833683013922 2.7083333730697636 2.5833333730697636 7.5499999523162851 21.416666984558109 6.5000000000000009 0.19367666542530063 1.4166666865348818 10.500000000000002 81.099998474121108 1.5500000119209292 0.094053000211715712 10.583333492279055 1.8333333134651186 87.166667938232436 20.833333015441898 17.550000190734867
decision_type=8 2 2 2 8 2 10 2 2 2 2 10 10 10 10 10 2 2 2 8 10 2 2 10 10 2 2 2 2 2
left_child=2 -2 -1 -3 -5 -6 28 8 10 -10 11 13 -13 14 15 17 -17 18 19 24 -21 -22 23 -23 -8 26 -26 -27 29 -4
right_child=1 3 6 4 5 -7 7 -9 9 -11 -12 12 -14 -15 -16 16 -18 -19 -20 20 21 22 -24 -25 25 27 -28 -29 -30 -31
leaf_value=-0.0006261513615489386 0.028959470491111278 -0.0010320226842374337 0.00085086335726796227 0.023169193468414822 -0.0092372972252491806 0.027622350888217198 0.0057568373174149944 -0.024310300877051692 0.059795056113174982 0.0053654990228824313 0.035455348278159521 -0.014443017969292628 0.033117039235014668 -0.030868019460347191 -0.0088537928453405138 0.00071932278573513028 0.061713116263203763 -0.015492252902323868 0.027159276783970378 -0.0046903123372745974 -0.0079718163009669819 -0.0044430170288762526 0.061844181399419905 0.033068710247329859 0.017971825131737604 -0.014111559133355815 0.061994763554802407 0.031204697411945634 -0.0033515281099400244 0.007243072962975149
leaf_weight=22965 100 43798 27306 195 211 68 1731 84 70 96 67 345 57 58 324 51 51 114 182 994 118 111 50 88 164 72 62 51 2515 1892
leaf_count=22965 100 43798 27306 195 211 68 1731 84 70 96 67 345 57 58 324 51 51 114 182 994 118 111 50 88 164 72 62 51 2515 1892
internal_value=-2.74034e-05 -0.000853181 0.000587199 -0.000920521 0.00938237 -0.000253584 0.00134743 0.00422647 0.0047201 0.0283177 0.00388488 0.00342733 -0.00769943 0.00448703 0.0049796 0.0061471 0.0312162 0.00546285 0.00612221 0.00500953 -6.88935e-05 0.012448 0.0221248 0.0121451 0.00833247 0.0211073 0.0300489 0.00467811 0.000898952 0.00126507
internal_weight=103990 44372 59618 44272 474 279 36653 4940 4856 166 4690 4623 402 4221 4163 3839 102 3737 3623 3441 1361 367 249 199 2080 349 226 123 31713 29198
internal_count=103990 44372 59618 44272 474 279 36653 4940 4856 166 4690 4623 402 4221 4163 3839 102 3737 3623 3441 1361 367 249 199 2080 349 226 123 31713 29198
is_linear=0
shrinkage=0.03


Tree=154
num_leaves=31
num_cat=3
split_feature=32 9 26 30 8 14 32 19 12 14 14 19 4 29 22 16 2 3 3 3 25 4 0 26 14 4 24 32 13 19
split_gain=85.5176 123.076 109.364 86.3367 63.7735 117.79 99.4794 89.5811 87.5294 150.941 71.0459 71.711 67.8247 94.2415 170.917 111.061 82.3349 80.1793 101.169 124.768 89.4186 115.869 88.1958 81.4137 78.0464 98.2048 87.912 72.7357 130.173 149.873
threshold=0 4.4500000476837167 1.1666666865348818 1.0000000180025095e-35 1.0000000180025095e-35 1.7442399859428408 1 24.500000000000004 8.7100000381469744 1.7580299973487856 0.87016001343727123 25.500000000000004 0.090043336153030409 2.3666666746139531 0.58333334326744091 0.63333335518836986 30.583333015441898 4.6833331584930429 6.4833333492279062 5.8833334445953378 1.7749999761581423 0.15065000206232074 3.8333333730697636 1.5833333134651186 0.96389999985694896 0.71499997377395641 0.83333334326744091 2 0.72450000047683727 5.5000000000000009
decision_type=9 2 10 2 2 10 9 2 2 10 8 2 8 8 10 2 2 2 2 2 10 8 2 10 10 8 10 9 8 2
left_child=1 -1 -3 -4 8 12 7 -7 -2 10 -10 -12 -6 15 -15 27 17 20 19 22 21 -16 -19 -23 25 -20 -27 28 -14 -30
right_child=4 2 3 -5 5 6 -8 -9 9 -11 11 -13 13 14 16 -17 -18 18 24 -21 -22 23 -24 -25 -26 26 -28 -29 29 -31
leaf_value=0.04975443985215143 -0.00034522392827652972 0.035491880351497279 -0.041279769105215865 0.01261866569800197 -0.00091005985511917594 -0.010594228679024636 -0.02173789690761287 0.022216264717063821 -0.042254019329945249 0.036044705063104629 -0.019794511389367844 0.011822851236377442 0.0065386555921622723 -0.029446601644576936 0.033301391556300228 -0.021187898702919483 -0.020342594151858424 0.048729196630128015 -0.032716515770083984 0.072092687823177709 0.03548196073896006 0.0033102881690786445 0.005824392288615891 -0.030474523074634659 0.03467958840408495 0.045145073375478385 -0.0089238251897238059 0.0034492516151285665 0.021942567464552424 -0.014664126716248236
leaf_weight=76 83095 62 54 53 5593 205 347 118 90 51 279 84 706 89 100 180 61 77 57 70 95 386 98 77 84 50 59 10786 114 860
leaf_count=76 83095 62 54 53 5593 205 347 118 90 51 279 84 706 89 100 180 61 77 57 70 95 386 98 77 84 50 59 10786 114 860
internal_value=-1.25881e-05 0.0173393 0.00378804 -0.0145824 -5.52044e-05 0.00145701 -0.0109115 0.00135046 -0.000420825 -0.0128852 -0.0183938 -0.0124781 0.00188107 0.0030002 0.0106822 0.00220867 0.0136241 0.0154211 0.0245423 0.0382426 0.00855951 0.00401665 0.0247025 -0.00230835 0.011116 -0.000807792 0.0158784 0.0025465 -0.00325054 -0.0103796
internal_weight=104056 245 169 107 103811 20212 670 323 83599 504 453 363 19542 13949 1303 12646 1214 1153 495 245 658 563 175 463 250 166 109 12466 1680 974
internal_count=104056 245 169 107 103811 20212 670 323 83599 504 453 363 19542 13949 1303 12646 1214 1153 495 245 658 563 175 463 250 166 109 12466 1680 974
cat_boundaries=0 1 2 3
cat_threshold=1 36 4
is_linear=0
shrinkage=0.03


Tree=155
num_leaves=31
num_cat=0
split_feature=27 14 2 18 23 0 25 20 20 29 1 19 0 28 27 13 11 11 19 21 13 25 23 12 20 0 3 21 0 18
split_gain=55.8064 93.4063 47.1787 71.9131 141.801 109.092 88.0003 57.1393 85.2329 109.279 91.9901 48.321 48.575 45.5174 82.9096 58.8431 60.7758 58.8905 51.952 77.8143 73.4492 48.0559 61.119 51.8601 51.6 47.6885 63.6626 125.266 109.92 92.4327
threshold=1.0000000180025095e-35 1.4445000290870669 1.0000000180025095e-35 5.9136645793914804 1.7749999761581423 1.5833333134651186 1.8999999761581423 16.500000000000004 14.500000000000002 0.90000000596046459 88.416667938232436 4.5000000000000009 0.58333334326744091 0.58333334326744091 2.8999999761581425 0.039989000186324127 21.44999980926514 19.44999980926514 31.500000000000004 89.500000000000014 0.36625500023365026 1.3666666746139529 2.1000000238418584 2.8775000572204594 8.5000000000000018 11.166666507720949 11.083333492279055 79.500000000000014 6.5833332538604745 4.4677083492279062
decision_type=8 10 2 2 10 2 10 2 2 10 2 2 2 10 10 10 2 2 2 2 10 10 10 2 2 2 2 2 2 2
left_child=1 -1 3 5 -5 11 -7 8 13 -10 -11 12 -2 14 15 21 17 18 20 -20 -17 24 -23 -24 -4 26 -15 -28 29 -29
right_child=2 -3 7 4 -6 6 -8 -9 9 10 -12 -13 -14 25 -16 16 -18 -19 19 -21 -22 22 23 -25 -26 -27 27 28 -30 -31
leaf_value=0.0047334642470714264 0.0015954192250841133 0.046268869178260071 -0.0048015584856412009 0.057076626639617115 -0.0055187846465330377 -0.010009524625928504 -0.056435473424175549 -0.020745009870878298 -0.018412330698966979 0.052351210097457919 0.0049763120302841772 -0.0010369131129347856 0.031000654252574724 0.00077168999579979006 -0.01428507522837236 6.2901090852302338e-05 -0.016991847901317837 0.038153890761382432 0.0049514493727854086 0.050057457703081044 0.028221069461154834 -0.0011394269503663956 0.0047073146452009671 0.036531252630871452 -0.025925162656740709 -0.027322772235299147 0.052372733745723959 0.00052364002312383349 -0.0052266682295966545 0.049883169412220776
leaf_weight=1094 5859 51 1933 57 76 115 54 113 50 89 63 44790 51 44878 454 889 107 51 92 55 92 1761 125 73 110 54 60 62 269 76
leaf_count=1094 5859 51 1933 57 76 115 54 113 50 89 63 44790 51 44878 454 889 107 51 92 55 92 1761 125 73 110 54 60 62 269 76
internal_value=-2.87778e-06 0.00658351 -7.64827e-05 -0.000723097 0.0213078 -0.000780699 -0.0248439 0.000564427 0.000611326 0.0200601 0.0327156 -0.000700488 0.00184917 0.000534506 -0.00198211 -0.00092584 0.00465682 0.00662154 0.00519588 0.0218278 0.00270363 -0.00271977 0.000637399 0.0164404 -0.0059389 0.000852804 0.000886357 0.0119057 0.00594008 0.0277071
internal_weight=103603 1145 102458 51002 133 50869 169 51456 51343 202 152 50700 5910 51141 5742 5288 1286 1179 1128 147 981 4002 1959 198 2043 45399 45345 467 407 138
internal_count=103603 1145 102458 51002 133 50869 169 51456 51343 202 152 50700 5910 51141 5742 5288 1286 1179 1128 147 981 4002 1959 198 2043 45399 45345 467 407 138
is_linear=0
shrinkage=0.03


Tree=156
num_leaves=31
num_cat=0
split_feature=9 9 7 25 31 21 3 30 27 24 29 14 9 14 5 18 9 0 5 25 11 9 18 26 0 26 13 4 4 4
split_gain=79.4724 86.8699 106.611 78.48 76.3456 50.6169 61.1618 58.3381 99.8047 162.089 73.9601 95.4286 68.5737 64.8625 62.7906 72.8632 93.2358 72.2609 68.2379 52.779 61.1534 54.1492 101.83 96.1049 103.477 92.4966 70.9561 50.1445 50.0281 76.9866
threshold=9.3666663169860858 8.7750000953674334 1.0000000180025095e-35 4.5000000000000009 8.8499999046325701 89.500000000000014 14.183333396911623 1.0000000180025095e-35 1.0000000180025095e-35 1.8333333134651186 0.55000001192092907 1.2407600283622744 2.8999999761581425 1.6450000405311587 2.0116666555404668 2.6267857551574711 3.3666666746139531 1.1666666865348818 1.2983332872390749 3.2916666269302373 1.2250000238418581 6.7750000953674325 5.2880184650421151 1.1666666865348818 4.5833332538604745 1.5833333134651186 0.85499998927116405 0.17007333785295489 0.77796497941017162 0.62166666984558117
decision_type=2 2 2 8 2 2 2 2 8 10 10 10 2 10 10 2 2 2 10 10 2 2 2 10 2 10 8 10 10 10
left_child=1 3 -3 5 -2 -1 7 8 9 -7 11 27 -13 19 18 17 -17 -16 -15 20 -10 22 -22 -24 -25 26 -23 -9 29 -12
right_child=4 2 -4 -5 -6 6 -8 10 13 -11 28 12 -14 14 15 16 -18 -19 -20 -21 21 25 23 24 -26 -27 -28 -29 -30 -31
leaf_value=-0.00046598646690687107 -0.034195987998973575 0.053250363097816215 -0.0033111473185531166 0.03747720444202423 0.0025925778330896389 0.056092788424001817 -0.03104413319308803 -0.013996115579825202 0.024435373102017537 -0.013240466480723247 0.0033091240015242279 -0.0052840582653880114 0.042767676082524381 0.015919712427102269 0.013014108652208485 0.041131980933248991 -0.0023268060732222753 -0.019321983635772994 -0.017279872163507917 -0.022983152931556106 0.00031249726949417384 0.0084479842197838911 -0.034510772177737029 0.032344145138155325 -0.017480515236729534 -0.0042695709038525816 0.049996429181098936 0.017395094847679135 -0.020391027968659808 0.028888534998225274
leaf_weight=81025 120 61 59 50 88 71 53 545 94 53 10257 52 55 62 92 75 109 192 550 88 9210 73 149 55 118 144 75 50 79 107
leaf_count=81025 120 61 59 50 88 71 53 545 94 53 10257 52 55 62 92 75 109 192 550 88 9210 73 149 55 118 144 75 50 79 107
internal_value=-0.000106428 -6.92354e-05 0.025441 -9.88173e-05 -0.0186316 -0.000116982 0.00114498 0.0012213 -0.000306785 0.0264584 0.00275829 -0.00666763 0.0194154 -0.000606162 -0.00759088 0.000681098 0.0153874 -0.00884691 -0.0139165 0.000147736 0.000352971 0.000122541 -0.000267287 -0.0168506 -0.00164031 0.012848 0.0295029 -0.0113582 0.00339192 0.00357321
internal_weight=103811 103603 120 103483 208 103433 22408 22355 11210 124 11145 702 107 11086 1080 468 184 284 612 10006 9918 9824 9532 322 173 292 148 595 10443 10364
internal_count=103811 103603 120 103483 208 103433 22408 22355 11210 124 11145 702 107 11086 1080 468 184 284 612 10006 9918 9824 9532 322 173 292 148 595 10443 10364
is_linear=0
shrinkage=0.03


Tree=157
num_leaves=31
num_cat=0
split_feature=27 13 31 31 20 19 20 29 10 15 12 24 5 14 30 31 20 10 10 20 18 12 12 13 20 10 20 14 5 15
split_gain=62.6842 96.573 78.9701 92.1378 122.077 80.2254 63.3843 86.766 65.8122 57.0527 124.751 50.4461 53.649 81.7387 49.5341 91.4034 107.201 164.167 105.282 104.504 108.655 107.219 90.3387 117.289 103.62 89.5704 79.5873 77.9709 77.8438 131.998
threshold=0.45000000298023229 0.38609200716018682 0.65000000596046459 2.5499999523162846 1.5000000000000002 9.5000000000000018 7.5000000000000009 1.8999999761581423 72.099998474121108 0.29166667163372045 6.1449999809265146 3.8333333730697636 1.6100333333015444 1.3009999990463259 1.0000000180025095e-35 6.9500000476837167 12.500000000000002 86.90000152587892 73.224998474121108 12.500000000000002 5.1633331775665292 7.8366668224334726 5.9449999332427987 0.35008700191974645 4.5000000000000009 88.633331298828139 15.500000000000002 1.5544999837875368 1.6573166251182558 0.70833334326744091
decision_type=8 10 2 2 2 2 2 10 2 2 2 8 10 10 2 2 2 2 2 2 2 2 2 8 2 2 2 10 8 2
left_child=1 6 -2 4 -4 -6 9 8 -8 10 11 12 13 -1 26 16 -16 18 -18 20 21 22 -17 -24 -25 -23 27 -5 29 -22
right_child=2 -3 3 14 5 -7 7 -9 -10 -11 -12 -13 -14 -15 15 19 17 -19 -20 -21 28 25 23 24 -26 -27 -28 -29 -30 -31
leaf_value=0.0015059045017172821 -0.034025929845989705 0.035272984626453098 0.058560151414437725 -0.00059307459441683419 -0.016288738086021371 0.032637614135472282 -0.02238998550061996 0.042820680043319376 0.024684270241043783 -0.016970386760575433 0.036689649918612011 0.027920462909069927 -0.017004192799982359 0.029014539641864373 7.6934361945896031e-05 0.0037606895119596312 0.020235187719762324 -0.013937762683878342 0.076103860306389187 -0.020484597589820623 0.019109252441779408 -0.027172426401024182 0.056205138084681139 0.02620605335052081 -0.016472994295450356 0.010485717403734551 -0.031149387618956657 -0.0071050084971526839 0.0062095859685119548 0.068241338152438394
leaf_weight=5391 62 82 55 47173 70 53 52 82 55 140 94 66 137 99 45638 1445 75 72 51 128 213 164 69 149 78 87 78 1715 209 64
leaf_count=5391 62 82 55 47173 70 53 52 82 55 140 94 66 137 99 45638 1445 75 72 51 128 213 164 69 149 78 87 78 1715 209 64
internal_value=6.65472e-06 0.00293223 -0.00017904 -0.000157536 0.0214067 0.00479335 0.00249862 0.0196013 0.00180706 0.00195325 0.00241105 0.00184506 0.00153922 0.00200196 -0.000196941 0.000483221 0.000172496 0.0221991 0.0428487 0.00594844 0.00731383 0.00421091 0.00685362 0.0219526 0.011541 -0.0141196 -0.000869825 -0.000821514 0.0200319 0.0304611
internal_weight=103846 6198 97648 97586 178 123 6116 189 107 5927 5787 5693 5627 5490 97408 48442 45836 198 126 2606 2478 1992 1741 296 227 251 48966 48888 486 277
internal_count=103846 6198 97648 97586 178 123 6116 189 107 5927 5787 5693 5627 5490 97408 48442 45836 198 126 2606 2478 1992 1741 296 227 251 48966 48888 486 277
is_linear=0
shrinkage=0.03


Tree=158
num_leaves=31
num_cat=1
split_feature=27 12 18 12 12 20 32 25 12 10 12 11 12 13 14 10 27 19 14 0 18 19 1 14 10 0 14 29 23 20
split_gain=51.3348 75.7422 56.4004 140.367 64.4924 64.4049 51.8566 95.7307 103.234 93.1088 66.0715 61.772 204.163 109.67 78.6752 203.748 136.2 93.9913 101.052 70.5036 62.0022 109.222 64.2731 93.3125 93.6949 60.3101 56.2816 110.649 98.3927 127.469
threshold=1.8999999761581423 1.0000000180025095e-35 9.7750000953674334 12.444999694824221 11.150000095367433 5.5000000000000009 0 2.7083333730697636 7.0099999904632577 89.90000152587892 6.4100000858306894 13.633333683013918 5.9449999332427987 0.53225001692771923 1.0007100105285647 81.90000152587892 0.55000001192092907 33.500000000000007 0.070459999144077315 3.1666666269302373 4.5067567825317392 23.500000000000004 63.166666030883796 1.232789993286133 61.100000381469734 2.5833333730697636 0.14633332937955859 1.1000000238418581 0.36666667461395269 1.5000000000000002
decision_type=8 2 2 2 2 2 9 10 2 2 2 2 2 10 10 2 10 2 8 2 2 2 2 10 2 2 10 10 10 2
left_child=1 -1 3 4 6 -6 7 8 10 -10 26 12 20 14 16 -16 -14 18 -18 -13 22 25 -8 -24 -25 -22 27 -3 29 -29
right_child=-2 2 -4 -5 5 -7 11 -9 9 -11 -12 19 13 -15 15 -17 17 -19 -20 -21 21 -23 23 24 -26 -27 -28 28 -30 -31
leaf_value=-0.00057480377852380958 -0.0010917990882223392 -0.00048395248261119553 0.027294347321987152 -0.035169786607748582 0.041915149141635216 0.0037299352296648303 0.001246126589619815 -0.0078787573849195998 0.051369031878747043 0.0046995695784122129 -0.025725485404876812 -0.0082912426570347034 0.058789748643573961 -0.020158603868314195 -0.0055847740679417016 0.070257435989566144 0.038524476521824662 0.04775095013901591 0.00059613908074521518 -0.00032862931446523211 0.025661826557733795 0.047305116801655715 -0.0052382395959052934 0.042524840418120907 0.0031020790147628327 -0.014845659725637322 0.00099590643780631005 0.011383421209337578 0.0060501474383571115 0.064616572793762567
leaf_weight=35253 25610 2780 75 95 70 92 14822 764 75 79 73 1416 57 70 53 80 74 54 434 3413 55 70 3354 58 841 83 7703 129 6021 59
leaf_count=35253 25610 2780 75 95 70 92 14822 764 75 79 73 1416 57 70 53 80 74 54 434 3413 55 70 3354 58 841 83 7703 129 6021 59
internal_value=7.39566e-05 0.000455724 0.00130159 0.00125612 0.00133701 0.0202297 0.0012652 0.00250729 0.00297777 0.0274282 0.00275317 0.000383158 0.00111512 0.0157574 0.0191007 0.0400346 0.0146028 0.0101212 0.00612113 -0.00266349 0.000490945 0.0167816 0.000313307 -0.00293764 0.00564548 0.00129863 0.00287772 0.00449031 0.00671747 0.0280896
internal_weight=103812 78202 42949 42874 42779 162 42617 17683 16919 154 16765 24934 20105 822 752 133 619 562 508 4829 19283 208 19075 4253 899 138 16692 8989 6209 188
internal_count=103812 78202 42949 42874 42779 162 42617 17683 16919 154 16765 24934 20105 822 752 133 619 562 508 4829 19283 208 19075 4253 899 138 16692 8989 6209 188
cat_boundaries=0 1
cat_threshold=10
is_linear=0
shrinkage=0.03


Tree=159
num_leaves=31
num_cat=1
split_feature=31 32 31 5 26 12 28 22 23 9 13 29 11 10 18 3 31 6 3 3 23 28 25 11 2 26 28 12 5 11
split_gain=68.9171 97.7849 95.3191 128.605 70.7244 127.204 193.299 121.617 99.7331 94.5438 85.1803 76.8241 92.2486 92.6308 76.9144 72.9922 62.0494 82.9266 79.2754 98.616 68.8166 91.9413 75.8833 61.4006 165.038 57.1397 106.697 56.6403 55.5496 54.9504
threshold=4.6499998569488534 0 6.9500000476837167 0.78345000743865978 1.1666666865348818 4.6224999427795419 1.8333333134651186 1.5833333134651186 1.8999999761581423 5.0999999046325692 0.15209099650382998 1.1000000238418581 21.44999980926514 79.90000152587892 3.485281348228455 5.6416666507720956 5.0499999523162851 1.0000000180025095e-35 2.7416666746139531 3.3416665792465214 2.5499999523162846 1.1666666865348818 0.90000000596046459 23.633333206176761 18.583333015441898 0.83333334326744091 1.5833333134651186 3.245000004768372 0.6802833378314973 17.366666793823246
decision_type=2 9 2 8 8 2 10 10 10 2 10 10 2 2 2 2 2 2 2 2 10 10 10 2 2 10 10 2 8 2
left_child=-1 2 4 -4 5 9 8 -8 15 16 -6 -12 13 -13 -15 -7 18 20 29 27 28 -22 -23 24 -5 -21 -27 -20 -18 -2
right_child=1 -3 3 23 10 6 7 -9 -10 -11 11 12 -14 14 -16 -17 17 -19 19 25 21 22 -24 -25 -26 26 -28 -29 -30 -31
leaf_value=-0.0007772922800792847 0.0036874698079387685 6.4378958623575728e-05 -0.010388648882508279 0.056077413389628579 0.0016436016614345961 0.01172350256745495 0.026966974701860852 0.090812569123506548 0.030840854456550194 -0.014140752884028834 -0.033912347948976927 -0.018507023252985057 -0.037246372406765565 0.044068547499112105 -0.0047171534024752102 -0.033832770556211471 -0.0025108004658775758 -0.02155744516601165 -0.034226575881309271 -0.0081741816278989021 0.052918614330171025 0.034302667684175753 -0.011727956398611976 0.063282205365025074 -0.014641461388932334 -0.0073798096225811882 0.049394299864768981 0.0014612156526100906 0.012171059753169348 0.023541100833151075
leaf_weight=53427 1777 39306 78 66 5951 67 58 50 95 237 112 85 59 66 52 60 299 72 147 177 79 66 63 52 54 65 55 55 1034 135
leaf_count=53427 1777 39306 78 66 5951 67 58 50 95 237 112 85 59 66 52 60 299 72 147 177 79 66 63 52 54 65 55 55 1034 135
internal_value=-2.63198e-05 0.00076862 0.00324469 0.0215633 0.00282813 0.00566246 0.0236064 0.0565251 0.00759185 0.00427276 0.000770828 -0.0131165 -0.00422672 0.00537012 0.0225698 -0.00979915 0.00535726 0.00991178 0.00231021 -0.00833822 0.0113821 0.0274312 0.0118226 0.0360532 0.0242539 0.0026605 0.0186417 -0.0245096 0.00887783 0.00508927
internal_weight=103899 50472 11166 250 10916 4591 330 108 222 4261 6325 374 262 203 118 127 4024 1613 2411 499 1541 208 129 172 120 297 120 202 1333 1912
internal_count=103899 50472 11166 250 10916 4591 330 108 222 4261 6325 374 262 203 118 127 4024 1613 2411 499 1541 208 129 172 120 297 120 202 1333 1912
cat_boundaries=0 1
cat_threshold=10
is_linear=0
shrinkage=0.03


Tree=160
num_leaves=31
num_cat=1
split_feature=2 14 0 28 25 19 20 31 10 25 12 12 26 23 1 2 31 18 14 19 20 19 24 31 31 19 12 32 5 23
split_gain=65.898 106.864 113.006 77.5005 76.3057 114.621 110.593 96.6204 194.741 98.4924 94.1335 89.6215 81.5365 77.5685 91.3457 74.3578 89.6488 71.238 70.69 107.814 65.2186 90.8585 61.1129 61.0461 76.901 62.7882 60.8827 59.9947 97.3015 154.887
threshold=12.833333492279055 1.5782299637794497 1.1666666865348818 0.58333334326744091 0.36666667461395269 7.5000000000000009 10.500000000000002 8.6500000953674334 88.099998474121108 1.2250000238418581 4.9100000858306894 8.5100002288818377 0.83333334326744091 2.4500000476837163 66.166667938232436 16.583333015441898 5.8500001430511483 0.4629120826721192 1.1360599994659426 17.500000000000004 2.5000000000000004 20.500000000000004 1.8333333134651186 6.5499999523162851 5.1499998569488534 4.5000000000000009 3.8224999904632573 0 0.55055001378059398 2.7749999761581425
decision_type=2 10 2 8 10 2 2 2 2 10 2 2 10 10 2 2 2 2 10 2 2 2 10 2 2 2 2 9 10 10
left_child=-1 3 -3 18 6 7 11 9 -9 -6 12 20 -11 14 -14 16 -12 -7 19 -2 -5 -22 -20 24 -17 -26 -16 28 29 -19
right_child=1 2 -4 4 5 17 -8 8 -10 10 15 -13 13 -15 26 23 -18 27 22 -21 21 -23 -24 -25 25 -27 -28 -29 -30 -31
leaf_value=-0.0002721351675011126 0.0016669308023680009 0.027254204348466555 -0.0070811033428489533 0.032667445890226604 -0.01118376964638405 0.039820286200940608 -0.024702625219379701 0.058990247896872461 -0.017255459580766526 -0.0081195008893274086 -0.015790756604888219 0.049543799923165981 0.050818507935851812 -0.019530560770823109 0.017749862304735679 -0.034925160986992221 0.039427164074252632 0.00762187749513339 0.003940264093318234 -0.01388360221181676 0.015566715629087112 -0.017788234447338142 0.04156866627800114 -0.039625378166293274 -0.012314063950345433 0.029354286563152879 -0.005950754324102219 0.0015755164902643819 0.0013953846338925231 0.033708505667235752
leaf_weight=86147 878 91 1660 118 1060 50 62 64 57 242 55 69 60 62 382 72 51 3169 163 739 294 98 51 87 87 52 131 5183 2382 219
leaf_count=86147 878 91 1660 118 1060 50 62 64 57 242 55 69 60 62 382 72 51 3169 163 739 294 98 51 87 87 52 131 5183 2382 219
internal_value=7.03208e-05 0.00173821 -0.00529669 0.00251113 0.00326485 0.00278344 0.0133777 -0.003068 0.0230728 -0.00441915 0.00117843 0.0174554 0.00669806 0.0123451 0.0157941 -0.0108035 0.0107764 0.00409274 -0.00329555 -0.00543996 0.013114 0.00722798 0.0129078 -0.0184796 -0.00976072 0.0032741 0.0116977 0.00392964 0.00603109 0.00930811
internal_weight=103835 17688 1751 15937 14106 13465 641 2462 121 2341 1281 579 877 635 573 404 106 11003 1831 1617 510 392 214 298 211 139 513 10953 5770 3388
internal_count=103835 17688 1751 15937 14106 13465 641 2462 121 2341 1281 579 877 635 573 404 106 11003 1831 1617 510 392 214 298 211 139 513 10953 5770 3388
cat_boundaries=0 1
cat_threshold=10
is_linear=0
shrinkage=0.03


Tree=161
num_leaves=31
num_cat=0
split_feature=4 25 0 17 14 11 29 26 29 7 3 3 25 5 5 13 13 23 19 22 18 18 14 28 15 13 5 1 14 1
split_gain=67.6581 77.102 86.0051 79.503 105.936 105.225 81.7826 93.4485 126.209 81.1457 100.649 79.6273 76.136 68.8615 115.47 91.1419 97.0969 73.4025 71.7415 142.865 74.1898 100.319 87.4499 69.6411 131.483 81.5375 113.348 68.003 67.9136 91.5414
threshold=0.080274999141693129 0.45000000298023229 10.833333492279055 0.36666667461395269 0.26408000290393835 14.09999990463257 2.5499999523162846 1.1666666865348818 2.8999999761581425 0.41666667163372045 4.5416667461395273 3.6833333969116215 1.8999999761581423 1.0241666436195376 0.81909999251365673 0.67024600505828869 0.51042199134826671 2.5499999523162846 29.500000000000004 1.5833333134651186 2.8027777671813969 3.2880184650421147 0.90099999308586132 0.83333334326744091 1.0000000180025095e-35 0.30449999868869787 0.35669998824596411 36.166666030883796 0.5185300111770631 79.166667938232436
decision_type=10 10 2 2 10 2 10 10 10 2 2 2 10 10 10 10 10 10 2 10 2 2 10 10 2 8 10 2 10 2
left_child=-1 28 3 5 -5 6 9 8 12 -3 -11 27 -8 14 15 16 23 -15 20 -20 -16 -22 -23 24 -6 26 -25 -9 29 -2
right_child=1 2 -4 4 13 -7 7 11 -10 10 -12 -13 -14 17 18 -17 -18 -19 19 -21 21 22 -24 25 -26 -27 -28 -29 -30 -31
leaf_value=-0.00021526033515722434 -0.0094752826056310104 0.0016074515755864834 0.040444142007165479 0.048941176977922329 -0.0061505609242753544 -0.0039155311209965364 0.071905576806802013 -0.0076981175279146746 0.0073223030630442248 0.048620789902843534 0.0025471369538343312 -0.017388200916076471 0.024179225881317896 0.003276861483645155 -0.002433302256220079 -0.031980110971351804 0.037220071144402025 -0.021250780601451386 0.0095343827440713836 0.06909238093315738 0.057415767666839417 0.033574454373482505 -0.0067178819516771713 0.040352375296429849 0.045420230654378731 -0.018138321290278561 -0.00094249876143753916 0.035528859625413238 -0.01791308266829841 0.028779143327061669
leaf_weight=91498 175 5670 54 53 88 2634 65 57 131 75 99 109 56 1099 143 59 84 122 72 73 63 99 95 71 90 184 380 77 316 83
leaf_count=91498 175 5670 54 53 88 2634 65 57 131 75 99 109 56 1099 143 59 84 122 72 73 63 99 95 71 90 184 380 77 316 83
internal_value=6.63264e-05 0.00214815 0.00267035 0.00249673 0.00693453 0.00112428 0.00321844 0.0149267 0.0277267 0.00222672 0.0224065 0.00165274 0.0498173 0.00611662 0.0104202 0.00413771 0.00651335 0.000826106 0.0214406 0.0395188 0.0148873 0.0245248 0.0138437 0.0033407 0.0199246 -0.001308 0.00555847 0.0171413 -0.00858892 0.00283137
internal_weight=103874 12376 11802 11748 2775 8973 6339 495 252 5844 174 243 121 2722 1501 956 897 1221 545 145 400 257 194 813 178 635 451 134 574 258
internal_count=103874 12376 11802 11748 2775 8973 6339 495 252 5844 174 243 121 2722 1501 956 897 1221 545 145 400 257 194 813 178 635 451 134 574 258
is_linear=0
shrinkage=0.03


Tree=162
num_leaves=31
num_cat=1
split_feature=31 32 4 2 14 2 18 4 25 8 28 16 12 5 9 22 12 27 18 28 20 18 10 2 18 9 18 14 24 10
split_gain=91.6065 76.962 117.259 121.647 132.485 107.11 101.572 88.6607 82.8013 95.5078 116.861 115.003 98.6608 79.4605 78.2576 75.1557 79.9482 92.4782 74.1474 72.9597 144.931 68.4629 89.2599 90.0294 81.6015 77.417 83.7635 137.266 75.7085 104.877
threshold=5.7500000000000009 0 0.55833333730697643 21.583333015441898 1.2583699822425845 20.166666984558109 6.5086207389831552 0.49346832931041723 1.2250000238418581 1.0000000180025095e-35 2.1666666269302373 0.29166667163372045 3.4774999618530278 0.71443331241607677 2.5499999523162846 0.83333334326744091 2.9900000095367436 0.90000000596046459 2.9701426029205327 0.83333334326744091 2.5000000000000004 4.2029411792755136 78.450000762939467 4.8333332538604745 3.2029411792755131 6.7750000953674325 4.929802894592286 1.2101500034332278 1.4166666865348818 68.90000152587892
decision_type=2 9 8 2 10 2 2 10 10 2 8 2 2 8 2 10 2 10 2 10 2 2 2 2 2 2 2 10 10 2
left_child=-1 -2 6 5 13 8 7 21 9 11 14 -4 -12 -5 18 16 -10 -18 19 -11 -21 24 23 -23 -3 26 27 -24 29 -25
right_child=1 2 3 4 -6 -7 -8 -9 15 10 12 -13 -14 -15 -16 -17 17 -19 -20 20 -22 22 25 28 -26 -27 -28 -29 -30 -31
leaf_value=-0.00028189984874035697 -0.00087326041447246974 0.0026706962502353621 0.0063687076751516164 0.043418202625277146 0.053336699819528911 -0.019115157387456536 -0.032328172155788967 -0.021795911377408359 -0.0004206776817150304 -0.0096270493153602834 0.0073764763002355507 -0.029310752409028595 0.058591722654389965 0.01030098126411058 0.0068027468366573182 -0.0026507733894440824 0.057834896197763538 0.011962555801030247 0.054601465633937286 0.0026677191692094007 0.068394785318523638 0.033706317869099708 0.063363371316843956 0.020333190469204312 -0.0076403518058633839 0.054806538224220276 0.0017005979961582593 0.0028602982794537261 -0.031197367378679865 -0.028050832067217143
leaf_weight=89328 4668 2800 1242 72 83 161 84 149 203 62 52 87 97 691 677 1314 59 120 63 72 52 55 67 112 917 51 182 68 88 63
leaf_count=89328 4668 2800 1242 72 83 161 84 149 203 62 52 87 97 691 677 1314 59 120 63 72 52 55 67 112 917 51 182 68 88 63
internal_value=7.61691e-05 0.00229569 0.00381097 0.0069506 0.0173416 0.00488751 0.000360585 0.000963805 0.00583005 0.00941096 0.0160596 0.00403303 0.0407179 0.0134261 0.0120919 0.000754276 0.0124669 0.0270825 0.0264724 0.0169448 0.0302307 0.00173401 0.0104418 -0.00119939 0.000126916 0.0205013 0.0149822 0.0328877 -0.00849906 0.00291494
internal_weight=103739 14411 9743 5107 846 4261 4636 4552 4100 2404 1075 1329 149 763 926 1696 382 179 249 186 124 4403 686 318 3717 368 317 135 263 175
internal_count=103739 14411 9743 5107 846 4261 4636 4552 4100 2404 1075 1329 149 763 926 1696 382 179 249 186 124 4403 686 318 3717 368 317 135 263 175
cat_boundaries=0 1
cat_threshold=4
is_linear=0
shrinkage=0.03


Tree=163
num_leaves=31
num_cat=0
split_feature=31 31 30 30 31 24 13 3 2 2 4 24 11 19 2 11 4 5 24 5 28 21 24 22 17 26 11 26 29 28
split_gain=70.2967 81.1412 188.184 57.3656 82.9799 92.6612 118.65 136.658 102.888 73.5107 100.072 122.152 99.9362 204.181 82.8672 80.4135 74.0446 63.9783 112.112 131.642 83.8628 63.0053 67.5407 61.1875 54.7782 87.9241 73.5337 67.6888 65.0767 146.751
threshold=2.5499999523162846 0.65000000596046459 1.0000000180025095e-35 1.0000000180025095e-35 10.550000190734865 1.1666666865348818 0.64440900087356578 9.616666793823244 20.833333015441898 29.166666984558109 0.92416667938232433 1.4166666865348818 24.44999980926514 6.5000000000000009 25.166666984558109 26.633333206176761 0.38007499277591711 1.4672333598136904 1.1666666865348818 1.7741666436195376 1.8333333134651186 1.0000000180025095e-35 4.5000000000000009 4.1666667461395273 0.90000000596046459 1.5833333134651186 21.10000038146973 0.83333334326744091 1.7749999761581423 1.8333333134651186
decision_type=2 2 2 2 2 10 8 2 2 2 8 10 2 2 2 2 8 10 10 10 10 2 10 10 2 10 2 8 10 10
left_child=1 -1 -3 17 9 6 -6 -8 -7 12 -11 -12 21 15 16 -14 -15 -2 19 -19 -21 -5 23 24 26 -26 -23 -28 -29 -30
right_child=3 2 -4 4 5 8 7 -9 -10 10 11 -13 13 14 -16 -17 -18 18 -20 20 -22 22 -24 -25 25 -27 27 28 29 -31
leaf_value=-0.013303213374456391 -0.00061268349053246159 -0.003884349191422633 0.056637668363995607 -0.00043461497719084392 0.065596167395980842 -0.021917164191377885 0.035974871893498024 -0.016541879189014435 0.030532971953644468 -0.027657674572132911 -0.013968559900919596 0.041639067347354765 0.0079318234000516977 -0.0055341831360544479 0.051914753548962134 -0.038755281341727822 0.036243052422734241 -0.031613872593488877 -0.0027935030659123916 0.034258206361588439 -0.016413961481302974 0.0019806524906888479 0.035233254191310452 -0.02861308329552412 -0.0049088062433635489 0.050018440948592292 -0.023475905513527254 -0.0090950167755197205 0.048138047619299455 -0.0076386602675276132
leaf_weight=64 49169 94 91 30179 53 99 110 75 51 194 108 53 69 70 104 64 84 275 2141 53 66 19300 54 60 51 54 181 420 66 119
leaf_count=64 49169 94 91 30179 53 99 110 75 51 194 108 53 69 70 104 64 84 275 2141 53 66 19300 54 60 51 54 181 420 66 119
internal_value=-0.000107633 0.0158132 0.0258859 -0.000146001 0.000561475 0.0143829 0.0260218 0.0146843 -0.00408412 0.000456796 -0.0131474 0.00433706 0.000551725 0.0156601 0.0312254 -0.0145342 0.0172534 -0.000852301 -0.00549994 -0.0202067 0.00615431 0.000434709 0.00172677 0.00163743 0.00172732 0.0233395 0.00161434 -0.00738032 -0.00256495 0.0122601
internal_weight=103571 249 185 103322 51618 388 238 185 150 51230 355 161 50875 391 258 133 154 51704 2535 394 119 50484 20305 20251 20191 105 20086 786 605 185
internal_count=103571 249 185 103322 51618 388 238 185 150 51230 355 161 50875 391 258 133 154 51704 2535 394 119 50484 20305 20251 20191 105 20086 786 605 185
is_linear=0
shrinkage=0.03


Tree=164
num_leaves=31
num_cat=1
split_feature=20 2 5 10 10 27 3 2 11 4 20 4 10 5 10 4 17 3 12 10 10 2 24 20 13 10 2 3 19 32
split_gain=58.1442 105.958 69.3589 77.6161 77.6017 56.5161 66.8993 66.3557 123.888 67.9892 60.1378 76.3209 62.8031 111.339 97.4874 111.306 56.2492 63.2952 62.6746 69.9488 120.278 63.7549 55.3 71.8306 58.8017 112.326 132.046 82.8784 80.6516 65.1623
threshold=13.500000000000002 18.833333015441898 1.6250000000000002 75.633331298828139 85.90000152587892 1.1000000238418581 10.616666793823244 35.166666030883796 28.633333206176761 0.80833333730697643 10.500000000000002 0.48166665434837347 89.224998474121108 2.1116665601730351 81.90000152587892 1.2549999952316286 0.90000000596046459 4.241666555404664 9.426666736602785 88.099998474121108 83.90000152587892 20.833333015441898 4.5000000000000009 -1.4999999999999998 0.35801599919795996 73.224998474121108 18.833333015441898 8.9416666030883807 9.5000000000000018 0
decision_type=2 2 8 2 2 8 2 2 2 10 2 8 2 8 2 8 2 2 2 2 2 2 8 2 10 2 2 2 2 9
left_child=5 -2 3 -3 -5 7 16 8 9 22 11 -8 14 -14 -13 -16 18 -18 -7 20 -20 -21 23 -1 29 -26 28 -28 -27 -25
right_child=1 2 -4 4 -6 6 10 -9 -10 -11 -12 12 13 -15 15 -17 17 -19 19 21 -22 -23 -24 24 25 26 27 -29 -30 -31
leaf_value=-0.030315364736386317 0.041081272695280079 -0.010170582921608634 -0.0098901874433129523 0.055979310584121512 0.0099337966135499296 -0.0006272992791703071 0.044644629880785942 0.031921949112607588 -0.033536335619840214 -0.028378580365015168 -0.010418326805035273 0.020587567787244913 -0.0063559422885569239 0.051775614956150878 0.0092943933131700417 -0.053104452156275503 -0.0001064538654278625 0.033714632475441632 -0.021550624747243192 -0.051559156539724829 0.03035045754862949 -0.0077528593771987488 0.026403861774929933 0.0026223433365654822 -0.0070028878770743127 0.0095167008340358728 -0.01889075030107051 0.025607103660943046 0.046565707552251229 -9.3731132113899465e-05
leaf_weight=66 84 69 177 56 80 66251 68 62 94 71 99 100 52 69 53 50 110 91 108 67 64 54 77 12170 219 80 96 62 156 22896
leaf_count=66 84 69 177 56 80 66251 68 62 94 71 99 100 52 69 53 50 110 91 108 67 64 54 77 12170 219 80 96 62 156 22896
internal_value=2.05235e-06 0.0105752 0.00386705 0.0157452 0.0288937 -4.56514e-05 -0.000559499 0.00091274 0.000859316 0.000949395 0.0104737 0.0157499 0.00968563 0.0267935 -0.00051164 -0.0209963 -0.000640663 0.0152056 -0.000688527 -0.014533 -0.00223859 -0.0320092 0.00100752 0.000952816 0.00101066 0.010222 0.0197962 -0.00142957 0.0340067 0.00084963
internal_weight=103751 466 382 205 136 103285 67236 36049 35987 35893 491 392 324 121 203 103 66745 201 66544 293 172 121 35822 35745 35679 613 394 158 236 35066
internal_count=103751 466 382 205 136 103285 67236 36049 35987 35893 491 392 324 121 203 103 66745 201 66544 293 172 121 35822 35745 35679 613 394 158 236 35066
cat_boundaries=0 1
cat_threshold=2
is_linear=0
shrinkage=0.03


Tree=165
num_leaves=31
num_cat=1
split_feature=31 32 20 2 12 8 11 20 21 11 11 1 2 20 5 12 31 27 27 31 20 31 1 13 28 20 12 15 20 19
split_gain=55.7769 70.1693 96.8269 87.0655 112.191 103.655 100.951 76.7202 60.5372 90.7053 80.8604 87.2573 76.9099 82.0111 101.306 74.2412 70.0961 93.9141 62.3192 61.7886 86.2378 99.8002 113.566 69.2104 68.4561 61.6296 59.949 59.9016 84.1646 61.0444
threshold=4.6499998569488534 0 -1.0000000180025095e-35 19.833333015441898 7.0099999904632577 0.58333334326744091 19.10000038146973 9.5000000000000018 1.0000000180025095e-35 14.09999990463257 16.550000190734867 36.166666030883796 17.833333015441898 5.5000000000000009 0.85355001688003551 4.8775000572204599 12.050000190734865 1.6333333253860476 0.22500000149011615 7.6499998569488534 6.5000000000000009 8.4499998092651385 86.166667938232436 0.52449998259544384 3.1666666269302373 1.0000000180025095e-35 6.0099999904632577 1.0000000180025095e-35 5.5000000000000009 17.500000000000004
decision_type=2 9 2 2 2 2 2 2 2 2 2 2 2 2 8 2 2 10 10 2 2 2 2 10 8 2 2 2 2 2
left_child=-1 3 -3 6 26 -6 7 -2 -4 12 19 -12 25 15 -15 -14 18 -18 -13 23 21 -21 -23 24 -11 -10 27 29 -29 -5
right_child=1 2 8 4 5 -7 -8 -9 9 10 11 16 13 14 -16 -17 17 -19 -20 20 -22 22 -24 -25 -26 -27 -28 28 -30 -31
leaf_value=-0.00068438723173694187 0.0029890507406227355 -0.030300018091071794 -0.0011802399804285001 0.0062064921092582917 0.0016423710193051847 0.053809660975683453 0.016798619721791561 0.035703053265810011 0.012370337059612633 -0.0049248720488187852 -0.031842738873249773 0.021807447705289414 -0.011688604465824492 0.060048728108051272 0.01462537503020989 0.020637322364327235 0.0038396031137739044 0.049183589316784376 -0.00052596859359575591 -0.03674721706557918 -0.050131818532054104 0.04012043727705112 -0.02288486912517863 0.029083125503877035 -0.038974594896489925 0.0016602556161103622 -0.027524091661222938 -0.031093595692306568 -0.0020560746405805857 -0.0070236515324375668
leaf_weight=53285 8712 94 16784 601 86 57 523 65 499 1572 74 116 141 63 148 117 122 62 3673 74 67 52 51 52 55 15623 102 157 210 657
leaf_count=53285 8712 94 16784 601 86 57 523 65 499 1572 74 116 141 63 148 117 122 62 3673 74 67 52 51 52 55 15623 102 157 210 657
internal_value=-6.95684e-06 0.000706293 0.000111404 0.00280412 -0.00309998 0.0224363 0.0039943 0.00323132 0.000184089 0.00119907 -0.00197202 0.0004347 0.00234013 0.0143158 0.0281878 0.00297083 0.00103589 0.0191186 0.000157768 -0.00703701 -0.0211434 -0.0101704 0.00892364 -0.004987 -0.00607591 0.00199175 -0.00521446 -0.0038141 -0.0144781 -0.00070305
internal_weight=103894 50609 39439 11170 1870 143 9300 8777 39345 22561 5970 4047 16591 469 211 258 3973 184 3789 1923 244 177 103 1679 1627 16122 1727 1625 367 1258
internal_count=103894 50609 39439 11170 1870 143 9300 8777 39345 22561 5970 4047 16591 469 211 258 3973 184 3789 1923 244 177 103 1679 1627 16122 1727 1625 367 1258
cat_boundaries=0 1
cat_threshold=10
is_linear=0
shrinkage=0.03


Tree=166
num_leaves=31
num_cat=1
split_feature=31 20 32 19 12 10 12 12 14 28 0 13 19 9 19 31 5 5 14 22 10 14 28 28 5 25 2 18 19 24
split_gain=61.7424 81.0423 66.3908 71.6747 62.1928 138.709 68.8877 178.843 144.259 161.297 91.8555 84.6007 76.1576 58.6525 59.7 56.7514 126.763 139.818 135.2 90.7105 68.073 85.9705 82.7192 92.0356 132.691 148.757 106.144 92.6716 141.299 78.6429
threshold=4.6499998569488534 -1.4999999999999998 0 35.500000000000007 7.2099997997283944 89.90000152587892 5.4900000095367441 4.7550001144409189 1.0371100306510928 1.5833333134651186 4.5833332538604745 0.19820699840784076 26.500000000000004 3.1000000238418584 19.500000000000004 8.4499998092651385 0.8439999818801881 0.70733332633972179 1.500999987125397 0.41666667163372045 25.550000190734867 0.56420001387596141 2.5833333730697636 1.1666666865348818 0.14050000160932544 0.45000000298023229 28.833333015441898 4.1126985549926767 23.500000000000004 1.5833333134651186
decision_type=2 2 9 2 2 2 2 2 8 10 2 10 2 2 2 2 10 10 10 10 2 10 8 10 8 10 2 2 2 10
left_child=-1 -2 3 4 6 -6 7 11 -9 13 12 -3 -8 -10 -15 -4 17 19 -18 -17 29 22 23 26 -25 -26 -22 -27 -29 -21
right_child=1 2 15 -5 5 -7 10 8 9 -11 -12 -13 -14 14 -16 16 18 -19 -20 20 21 -23 -24 24 25 27 -28 28 -30 -31
leaf_value=-0.00071143285270158286 -0.026228412274620493 0.0030894010692377278 -2.6655293299961485e-05 -0.0075710721576754802 0.054440495445228672 -0.0021961308675971661 0.015197836425900458 -0.0092646732038996187 -0.0078448629063569888 0.062915281505747281 -0.025295351705916055 -0.025360950995432702 -0.026933596988136951 0.0074447575525233619 0.051057763919234271 0.041206632378245039 0.035387250460885665 -0.040244784481166036 -0.0080321941860429531 0.006990938920851634 -0.016375769741646944 0.027310046892697837 -0.03556082709089798 -0.034228412210941313 -0.026059931113074222 0.0036264908027190427 0.028804727972678419 0.013962150791287422 0.064273865427821875 0.044822192342863193
leaf_weight=53288 100 9587 37489 564 68 91 150 89 59 110 176 95 52 57 56 56 222 68 91 230 400 88 68 60 72 156 53 125 84 63
leaf_count=53288 100 9587 37489 564 68 91 150 89 59 110 176 95 52 57 56 56 222 68 91 230 400 88 68 60 72 156 53 125 84 63
internal_value=1.16525e-06 0.00075193 0.000805379 0.00284708 0.00340462 0.0220258 0.00312078 0.00359352 0.0240347 0.034544 -0.00945199 0.00281025 0.00435212 0.0163996 0.0290583 0.000225496 0.00537536 0.00180178 0.0227637 0.00376685 0.00226819 -0.00113791 -0.00359706 -0.00130913 0.00760561 0.0133494 -0.0110898 0.0211233 0.0341831 0.0151253
internal_weight=103867 50579 50479 11154 10590 159 10431 10053 371 282 378 9682 202 172 113 39325 1836 1523 313 1455 1399 1106 1018 950 497 437 453 365 209 293
internal_count=103867 50579 50479 11154 10590 159 10431 10053 371 282 378 9682 202 172 113 39325 1836 1523 313 1455 1399 1106 1018 950 497 437 453 365 209 293
cat_boundaries=0 1
cat_threshold=10
is_linear=0
shrinkage=0.03


Tree=167
num_leaves=31
num_cat=0
split_feature=27 29 10 15 23 23 9 12 0 13 12 12 12 4 12 27 4 4 5 4 16 10 28 13 27 13 5 19 28 4
split_gain=44.0735 55.116 53.5698 52.5584 60.7591 52.0929 49.5512 113.8 70.2757 86.3954 56.3603 171.02 48.378 76.2742 128.098 50.5866 48.2344 76.3552 88.8768 75.0024 69.8006 103.55 66.584 65.9121 79.3414 66.6057 89.2344 50.1597 47.5063 65.7312
threshold=1.8999999761581423 3.8999999761581425 1.0000000180025095e-35 1.0000000180025095e-35 0.55000001192092907 1.0000000180025095e-35 9.3666663169860858 11.719999790191652 7.4166667461395273 0.68403300642967235 8.3633332252502459 6.9100000858306894 8.5100002288818377 0.55833333730697643 5.6099998950958261 2.5499999523162846 0.27007167041301733 0.33726167678833013 1.6250000000000002 0.25687000155448919 0.29166667163372045 73.633331298828139 1.5833333134651186 0.3261720091104508 0.90000000596046459 0.23032400012016299 0.95721665024757396 18.500000000000004 2.1666666269302373 0.55833333730697643
decision_type=8 10 2 2 10 10 2 2 2 10 2 2 2 10 2 8 10 10 10 10 2 2 10 10 10 10 10 2 10 10
left_child=2 6 -1 5 -5 -4 7 8 9 12 11 -10 13 -2 -15 -14 19 23 20 -7 21 27 -22 24 -18 26 -26 -19 -6 -30
right_child=1 -3 3 4 28 16 -8 -9 10 -11 -12 -13 15 14 -16 -17 17 18 -20 -21 22 -23 -24 -25 25 -27 -28 -29 29 -31
leaf_value=-0.0004578251254293 -0.0011474226926391602 0.025977675673716207 -0.0085221035808424224 -0.01576429590898484 -0.0014992152228053303 0.0017109531864058722 -0.026094399071626469 0.039273012933276945 0.002425514087865227 -0.03277436926960945 -0.0035924624701340994 0.069688456174126778 -0.026903207424942774 -0.013225013683823977 0.049475859552621834 0.0037368690483755881 0.039143053235279189 0.023995815838716225 0.030545343134104262 -0.021854759005249521 -0.0056090953844514756 -0.032789204308073819 0.035624226265228709 0.048172024508654064 0.039446161127129155 -0.013801065529044717 -0.010855336309307151 -0.0096985552789909512 0.0020628240484986686 0.021636766558622612
leaf_weight=33998 24839 68 445 239 7591 32987 71 63 95 78 90 53 131 51 69 77 81 64 79 122 77 127 65 59 77 100 54 105 1683 170
leaf_count=33998 24839 68 445 239 7591 32987 71 63 95 78 90 53 131 51 69 77 81 64 79 122 77 127 65 59 77 100 54 105 1683 170
internal_value=8.27013e-05 -0.000995363 0.000437143 0.00112671 -0.000826007 0.0016757 -0.00106696 -0.000997403 -0.00109696 -0.00124993 0.0151285 0.0265129 -0.00115223 -0.00103215 0.022828 -0.0155605 0.00180918 0.00870913 0.00125708 0.00162412 -0.0040255 -0.0123204 0.0132653 0.0190938 0.013595 0.00463662 0.0187112 0.00306144 -0.000447963 0.0038586
internal_weight=103808 25685 78123 44125 9683 34442 25617 25546 25483 25245 238 148 25167 24959 120 208 33997 888 517 33109 438 296 142 371 312 231 131 169 9444 1853
internal_count=103808 25685 78123 44125 9683 34442 25617 25546 25483 25245 238 148 25167 24959 120 208 33997 888 517 33109 438 296 142 371 312 231 131 169 9444 1853
is_linear=0
shrinkage=0.03


Tree=168
num_leaves=31
num_cat=1
split_feature=31 15 4 23 5 27 12 9 14 2 14 2 32 3 9 9 3 26 29 25 9 4 18 18 18 28 23 26 5 14
split_gain=53.6377 81.418 59.5375 132.996 150.19 54.0073 91.7396 92.9828 55.9783 52.8913 49.686 85.7203 63.2939 79.219 70.9093 71.9648 73.6089 63.0415 75.0736 97.2985 108.202 67.3025 62.6885 71.8999 73.7716 51.664 50.5646 50.1712 74.9253 55.9081
threshold=4.6499998569488534 1.0000000180025095e-35 0.80833333730697643 1.8999999761581423 1.2016333341598513 0.45000000298023229 7.4266667366027841 4.9000000953674325 2.3308999538421635 23.166666984558109 1.7442399859428408 15.166666507720949 0 1.541666626930237 3.6333333253860478 3.3666666746139531 3.2833333015441899 1.1666666865348818 1.5500000119209292 0.70833334326744091 4.5499999523162851 0.016683333553373817 3.4558441638946538 2.5735930204391484 2.8449518680572514 1.4166666865348818 0.90000000596046459 1.8333333134651186 0.95011666417121898 0.94846001267433178
decision_type=2 2 10 10 10 8 2 2 10 2 10 2 9 2 2 2 2 8 8 10 2 8 2 2 2 10 10 10 10 8
left_child=1 10 5 -4 -5 6 -2 -8 -7 -9 11 -1 14 -14 15 16 26 -15 19 20 -19 -21 23 25 -25 -23 -13 29 -29 -20
right_child=2 -3 3 4 -6 8 7 9 -10 -11 -12 12 13 17 -16 -17 -18 18 27 21 -22 22 -24 24 -26 -27 -28 28 -30 -31
leaf_value=-0.0005944459729310842 0.0034269508829660655 -0.0073163711445172371 -0.036798094403853669 -0.013064888675298009 0.046230258694234881 0.00049554532876759714 0.060198489997316806 -0.011146522812983568 0.020760583059816824 0.030907026497941265 -0.0069762647763723729 -0.013972055789781734 0.033105157224895203 -0.0049985016960643978 0.003330543933992187 0.052233383220864196 0.048611320440843701 0.050173547130995498 -0.00026466070896103268 -0.026602590936494783 -0.00212176077067852 -0.0095055771040207376 -0.031939379335107168 0.049874390796400034 0.0025557515705409255 0.023427239191882752 0.019047613808419555 0.018421893721180301 -0.025078068761421102 0.032283732225162995
leaf_weight=48114 2986 1596 122 140 53 46876 51 51 123 57 1025 64 73 834 297 64 50 67 63 108 76 269 51 52 69 51 120 98 56 193
leaf_count=48114 2986 1596 122 140 53 46876 51 51 123 57 1025 64 73 834 297 64 50 67 63 108 76 269 51 52 69 51 120 98 56 193
internal_value=2.02707e-05 -0.000642548 0.00072159 -0.0122802 0.00321823 0.000803266 0.00460929 0.0268135 0.00054858 0.0110484 -0.000436898 -0.000304871 0.00494281 0.00240047 0.013478 0.0240436 0.0163336 0.0012845 0.00582918 0.000142651 0.0223802 -0.00515731 -0.000449805 0.00319185 0.022891 -0.00425691 0.00756251 0.0161343 0.00260373 0.0242738
internal_weight=103849 53390 50459 315 193 50144 3145 159 46999 108 51794 50769 2655 2060 595 298 234 1987 1153 743 143 600 492 441 121 320 184 410 154 256
internal_count=103849 53390 50459 315 193 50144 3145 159 46999 108 51794 50769 2655 2060 595 298 234 1987 1153 743 143 600 492 441 121 320 184 410 154 256
cat_boundaries=0 1
cat_threshold=8
is_linear=0
shrinkage=0.03


Tree=169
num_leaves=31
num_cat=0
split_feature=30 9 19 5 2 27 25 8 29 9 16 19 5 24 14 22 10 21 24 18 0 18 17 2 25 14 14 27 22 18
split_gain=58.6902 74.3449 129.054 117.832 93.624 119.193 104.427 86.3176 79.6019 88.4439 75.2434 77.9458 75.3434 74.536 96.7959 79.3891 91.1148 73.7954 72.51 72.1748 103.96 70.8858 127.522 68.9843 68.1583 65.0921 88.8687 94.5049 72.1643 67.1395
threshold=1.0000000180025095e-35 3.8999999761581425 29.500000000000004 1.6250000000000002 9.166666507720949 1.1000000238418581 1.5500000119209292 0.58333334326744091 1.5500000119209292 4.7750000953674325 0.77500000596046459 7.5000000000000009 0.41759999096393591 0.83333334326744091 1.0000000180025095e-35 1.1666666865348818 71.224998474121108 16.500000000000004 1.1666666865348818 3.5411036014556889 3.8333333730697636 5.2880184650421151 0.55000001192092907 22.583333015441898 1.1000000238418581 0.87016001343727123 1.0806400179862978 0.36666667461395269 1.1666666865348818 3.1690477132797246
decision_type=2 2 2 10 2 10 10 2 10 2 2 2 8 10 8 10 2 2 10 2 2 2 2 2 10 10 10 10 10 2
left_child=25 -2 3 10 -4 8 7 -7 -6 -10 11 12 -3 19 -15 16 -16 -17 -12 24 -21 -22 -23 -9 -13 -1 29 28 -28 -27
right_child=1 2 4 -5 5 6 -8 23 9 -11 18 13 -14 14 15 17 -18 -19 -20 20 21 22 -24 -25 -26 26 27 -29 -30 -31
leaf_value=-0.00031174172051157828 0.00036299643875469358 0.0098432832853247703 0.048284282882738373 -0.015941697547364918 -0.024779422155245104 0.038862864039385846 5.8512191794681968e-05 0.025900573115362674 -0.018033478811383247 0.030150046421214934 0.0061082262408576511 0.013512869760850005 -0.010347239355962478 0.03605224749445915 0.027941170988320291 -0.020155056309083409 -0.013636988060094786 0.014926114512142994 0.05043380750437914 -0.035299728745404553 -0.0074786018636531946 -0.014402251153563458 0.048897257921148511 -0.017612181674197033 -0.021654803243122602 -0.0056191007919399478 0.049053446311535763 -0.0020766600092692504 0.00062593595036920509 -0.018761306536457901
leaf_weight=45325 47436 225 69 305 108 247 171 86 60 80 76 382 638 120 59 58 242 776 59 98 410 54 61 53 57 1217 58 4689 53 491
leaf_count=45325 47436 225 69 305 108 247 171 86 60 80 76 382 638 120 59 58 242 776 59 98 410 54 61 53 57 1217 58 4689 53 491
internal_value=-4.36875e-07 0.000712378 0.00440024 0.00190224 0.0147466 0.011872 0.0195748 0.0282205 -0.00542816 0.00949996 0.00354399 0.00261274 -0.0050832 0.00547921 0.0104289 0.00771987 -0.00548712 0.0124864 0.0254801 -0.000370053 -0.00693513 -0.00164041 0.019174 0.00930938 0.00894668 -0.000714586 -0.0035202 -0.001429 0.0259304 -0.0093971
internal_weight=103763 51930 4494 3620 874 805 557 386 248 140 3315 3180 863 2317 1255 1135 301 834 135 1062 623 525 115 139 439 51833 6508 4800 111 1708
internal_count=103763 51930 4494 3620 874 805 557 386 248 140 3315 3180 863 2317 1255 1135 301 834 135 1062 623 525 115 139 439 51833 6508 4800 111 1708
is_linear=0
shrinkage=0.03


Tree=170
num_leaves=31
num_cat=0
split_feature=25 27 18 25 14 14 23 2 23 20 29 29 25 25 22 25 12 9 22 25 23 11 13 18 9 28 11 18 3 9
split_gain=59.7157 44.3091 73.0704 111.121 90.3029 89.673 227.743 69.8597 69.8698 49.6182 62.3084 177.074 82.9883 125.652 111.064 54.9353 49.4862 66.9566 66.4697 54.8512 48.3756 48.1717 46.9135 43.6076 42.2792 100.47 72.6004 71.8817 62.1753 64.652
threshold=4.5000000000000009 0.45000000298023229 2.1231060028076176 1.8999999761581423 1.2254999876022341 1.3009999990463259 1.3666666746139529 26.166666984558109 0.70833334326744091 7.5000000000000009 1.2250000238418581 1.1000000238418581 1.5500000119209292 1.7749999761581423 1.5833333134651186 0.90000000596046459 5.0450000762939462 1.8999999761581423 0.58333334326744091 0.90000000596046459 1.5500000119209292 11.09999990463257 0.0050099999643862256 1.6933760643005373 4.4500000476837167 0.41666667163372045 16.899999618530277 5.9136645793914804 1.3416666984558108 3.3666666746139531
decision_type=8 10 2 10 10 10 10 2 10 2 8 10 10 10 10 10 2 2 10 10 10 2 10 2 2 10 2 2 2 2
left_child=1 2 4 5 16 7 -7 8 -4 10 11 20 14 -14 -12 -16 17 -1 -19 -20 -10 -21 -5 -23 26 -26 27 -3 -28 -30
right_child=-2 24 3 22 -6 6 -8 -9 9 -11 12 -13 13 -15 15 -17 -18 18 19 21 -22 23 -24 -25 25 -27 28 -29 29 -31
leaf_value=0.0021763167701589611 0.032129432687965719 -0.00022138401594824994 -0.012275457591935992 -0.020949107370756823 -0.021207853099842348 0.074468265415461199 -0.0034643484871177111 -0.017895179404110846 0.02005414780511549 0.035296580046415331 -0.019377359690080427 0.057149091055414276 0.048141412149582591 -0.010514135029580858 0.00030397639584003221 0.033595763529209711 0.03112539373040199 -0.035752479527862022 -0.027233899757266044 -0.010327658892001794 -0.011207422365744908 0.037608298194759034 0.0066248246189206834 -0.001622978241785484 -0.013466756312715772 -0.0012246650648410713 0.030025975994947478 0.027879851176971341 -0.0024830049211228399 0.0063947234577094508
leaf_weight=4270 52 88197 100 145 164 67 68 79 99 90 174 92 84 54 108 76 50 78 72 115 81 51 90 51 684 5117 82 82 1079 2338
leaf_count=4270 52 88197 100 145 164 67 68 79 99 90 174 92 84 54 108 76 50 78 72 115 81 51 90 51 684 5117 82 82 1079 2338
internal_value=-1.12601e-05 -2.73557e-05 0.00241975 0.008439 0.0006739 0.0122142 0.0352133 0.00922012 0.0114561 0.0142221 0.0117524 0.0232915 0.00542452 0.0251892 -0.00219428 0.0140549 0.00143955 0.00111945 -0.011177 -0.00454419 0.00598644 0.0029842 -0.0103889 0.0179927 -0.000184295 -0.00266814 -2.72988e-05 -0.000195282 0.00421087 0.00359137
internal_weight=103889 103837 6258 1407 4851 1172 135 1037 958 858 768 272 496 138 358 184 4687 4637 367 289 180 217 235 102 97579 5801 91778 88279 3499 3417
internal_count=103889 103837 6258 1407 4851 1172 135 1037 958 858 768 272 496 138 358 184 4687 4637 367 289 180 217 235 102 97579 5801 91778 88279 3499 3417
is_linear=0
shrinkage=0.03


Tree=171
num_leaves=31
num_cat=0
split_feature=9 31 22 22 1 11 4 9 25 27 5 2 20 9 9 20 24 9 3 4 12 31 31 12 27 4 1 4 12 15
split_gain=70.3923 77.2378 88.3424 84.9086 77.2957 184.671 100.075 71.1142 68.8759 64.0207 59.4077 119.127 64.8827 49.4598 104.05 68.3241 79.0001 106.844 65.5722 64.8488 51.2456 47.9031 49.9888 63.3045 48.7182 75.4044 124.068 64.17 63.9 92.0125
threshold=11.900000095367433 10.150000095367433 3.1666666269302373 2.4166666269302373 87.833332061767592 23.633333206176761 0.77796497941017162 6.5499999523162851 0.90000000596046459 1.7749999761581423 0.66006669402122509 3.5833333730697636 2.5000000000000004 7.7750000953674325 9.4499998092651385 3.5000000000000004 0.41666667163372045 8.6333336830139178 9.8416666984558123 0.89064833521842968 11.719999790191652 0.95000001788139354 4.0499999523162851 3.589999914169312 1.8999999761581423 0.71499997377395641 82.416667938232436 0.67500001192092907 8.7100000381469744 0.70833334326744091
decision_type=2 2 10 10 2 2 8 2 10 10 8 2 2 2 2 2 10 2 2 10 2 2 2 2 8 10 2 10 2 2
left_child=1 13 3 4 5 9 -6 8 -8 10 -3 -12 -13 19 15 -15 -17 18 -18 20 21 -1 23 -23 25 27 -27 -24 29 -26
right_child=-2 2 -4 -5 6 -7 7 -9 -10 -11 11 12 -14 14 -16 16 17 -19 -20 -21 -22 22 24 -25 28 26 -28 -29 -30 -31
leaf_value=0.022194463960318399 -0.033464086992400034 -0.0042120604775846004 0.036710490756060761 -0.015761799050859459 0.023862360928120999 0.071458824697662807 0.024002706331014631 -0.045064591212341416 -0.021216846005870149 -0.0076837973598138255 0.064037812199247507 -0.0058785435067195638 0.036900703892111773 0.043912774131331642 -0.017473543840676505 0.033232280515918602 0.0020800618161089142 0.034249845607472316 -0.041411388851702209 -0.021198409538456173 0.029035677974874323 -0.0013963812758072001 0.0007130033282312817 -0.028153589382302016 -0.00085562801129332379 -0.011015072773242819 0.046173356904322838 -0.032951466616462255 -0.018010664506600452 0.039488791314994581
leaf_weight=88 56 72 92 138 86 51 50 52 77 118 57 76 55 71 97 95 78 56 52 129 55 15103 65325 80 21111 58 83 51 195 51
leaf_count=88 56 72 92 138 86 51 50 52 77 118 57 76 55 71 97 95 78 56 52 129 55 15103 65325 80 21111 58 83 51 195 51
internal_value=0.000161722 0.00017988 0.00881477 0.00573015 0.0100038 0.0178727 -0.00273493 -0.0155135 -0.00341387 0.0106428 0.0189602 0.0278347 0.0120822 0.00010225 0.0100374 0.0176185 0.0109748 -0.000393312 -0.0153165 5.86565e-05 8.54879e-05 6.98996e-05 5.08224e-05 -0.00153737 0.000328391 0.000734007 0.022649 0.000686742 -0.000915921 -0.000758399
internal_weight=103758 103702 924 832 694 429 265 179 127 378 260 188 131 102778 449 352 281 186 130 102329 102200 102145 102057 15183 86874 65517 141 65376 21357 21162
internal_count=103758 103702 924 832 694 429 265 179 127 378 260 188 131 102778 449 352 281 186 130 102329 102200 102145 102057 15183 86874 65517 141 65376 21357 21162
is_linear=0
shrinkage=0.03


Tree=172
num_leaves=31
num_cat=0
split_feature=31 31 26 5 13 12 14 13 31 12 1 24 10 12 17 9 23 27 12 14 1 6 12 12 31 23 31 10 3 27
split_gain=81.2202 70.0883 78.3744 88.2971 105.463 188.45 131.236 110.845 106.991 105.991 138.737 173.659 94.416 194.671 98.2015 94.2733 87.9182 87.4851 78.0774 178.484 130.668 111.277 106.2 74.9949 69.7533 65.0651 64.9454 64.2327 62.0756 82.776
threshold=0.65000000596046459 6.5499999523162851 1.5833333134651186 0.8439999818801881 0.4303050041198731 4.5899999141693124 1.6037799715995791 0.36625500023365026 7.4500000476837167 7.6224999427795419 89.833332061767592 1.1666666865348818 89.90000152587892 7.7224998474121103 0.55000001192092907 3.1000000238418584 3.5499999523162846 1.2916666865348818 5.7449998855590829 0.61601999402046215 53.166666030883796 0.58333334326744091 4.6633331775665292 6.2099997997283944 0.95000001788139354 3.3666666746139531 7.6499998569488534 87.224998474121108 11.083333492279055 1.5500000119209292
decision_type=2 2 10 10 10 2 10 10 2 2 2 10 2 2 2 2 10 8 2 10 2 2 2 2 2 10 2 2 2 10
left_child=-1 24 3 12 5 -5 7 8 -7 27 11 -11 13 18 -15 -14 25 -17 21 20 -20 22 -3 -22 -2 -4 -24 -6 -26 -30
right_child=1 2 16 4 9 6 -8 -9 -10 10 -12 -13 15 14 -16 17 -18 -19 19 -21 23 -23 26 -25 28 -27 -28 -29 29 -31
leaf_value=-0.033329586332494561 0.031817535181514547 0.0040070484987689619 -0.00059035012948346389 -0.00040951060040013773 -0.041758843872696155 0.047964077764190732 0.0036260012415322389 0.020798186591038336 0.10653360807895659 0.0783531106179053 -0.0077224351705185001 0.00041219292283058162 0.053723143061338845 -0.02516475571563933 0.0054253370698485797 0.00075876289407129992 -0.033776909173794195 0.043242806304117726 0.062844485406848519 -0.031198493763804437 0.04354555164916174 0.039032661258117163 -0.0027263011985031284 0.0081699213667752891 -0.0003064522363518537 0.032942785120938185 -0.033657590189075048 0.0033414363364378612 0.033127049486259968 -0.0078583696831579074
leaf_weight=66 61 1911 2989 143 60 64 55 52 50 53 112 50 59 320 134 176 71 58 66 60 70 74 133 235 96131 53 113 54 113 73
leaf_count=66 61 1911 2989 143 60 64 55 52 50 53 112 50 59 320 134 176 71 58 66 60 70 74 133 235 96131 53 113 54 113 73
internal_value=-6.03318e-05 -3.91356e-05 0.00281286 0.00553671 0.0152988 0.0264252 0.0437888 0.0570957 0.0736525 0.00298881 0.015388 0.0405177 0.00355221 0.00202125 -0.016136 0.0198338 -0.000776341 0.011289 0.00511793 0.0168073 0.024571 0.0028597 0.00161871 0.0162889 -0.000252641 -6.11076e-06 -0.0169346 -0.0203956 -0.000272951 0.0170414
internal_weight=103659 103593 7215 4102 693 364 221 166 114 329 215 103 3409 3116 454 293 3113 234 2662 431 371 2231 2157 305 96378 3042 246 114 96317 186
internal_count=103659 103593 7215 4102 693 364 221 166 114 329 215 103 3409 3116 454 293 3113 234 2662 431 371 2231 2157 305 96378 3042 246 114 96317 186
is_linear=0
shrinkage=0.03


Tree=173
num_leaves=31
num_cat=1
split_feature=31 29 16 29 8 22 11 0 3 1 15 24 20 1 31 22 4 32 31 15 12 17 12 11 0 3 15 11 12 11
split_gain=60.5915 69.214 61.1908 85.2793 72.1663 157.402 128.005 123.177 97.3488 146.979 67.6089 95.8372 55.1494 54.8927 51.5743 47.8605 46.5951 43.7023 94.6702 79.2454 77.8524 101.198 94.2773 67.576 69.7165 83.1925 67.798 58.0224 72.7579 140.422
threshold=9.7500000000000018 0.90000000596046459 0.55000001192092907 1.5500000119209292 1.0000000180025095e-35 1.1666666865348818 23.44999980926514 5.5833332538604745 4.7833335399627694 87.166667938232436 1.0000000180025095e-35 1.8333333134651186 -1.4999999999999998 83.166667938232436 9.5500001907348651 2.1666666269302373 0.090043336153030409 0 4.1499998569488534 0.36666667461395269 6.7449998855590829 0.29166667163372045 6.4100000858306894 21.22500038146973 7.8333332538604745 9.8416666984558123 0.70833334326744091 23.899999618530277 9.2225003242492694 26.10000038146973
decision_type=2 10 2 10 2 10 2 2 2 2 2 10 2 2 2 10 8 9 2 2 2 2 2 2 2 2 2 2 2 2
left_child=12 13 4 -4 5 -3 7 8 -6 -10 16 -12 -1 -2 17 -8 -7 18 -14 20 22 -22 -20 24 26 -26 -19 -25 -29 -30
right_child=1 2 3 -5 6 10 15 -9 9 -11 11 -13 14 -15 -16 -17 -18 23 19 -21 21 -23 -24 27 25 -27 -28 28 29 -31
leaf_value=-0.017214266268755583 0.0077547464718849502 0.044633005744134875 -0.038215765821933749 0.01719231437444687 -0.0062920050881803032 -0.0074839700523175691 0.03181631206423044 -0.023240567597094922 0.072395853024153481 0.0070640959395248384 -0.034599193213243951 0.015450337965260534 -0.0012965471559587903 -0.021069509523203137 -0.021865951433226616 0.073121097526129553 0.030548696025606184 -0.00057597732319361692 0.0016514294657099815 -0.015466566199100897 0.00014459442654880908 0.042155838649415842 -0.034243123732845895 -0.014312019920346591 0.039455829089773554 -0.0085446952930036575 0.03187647232464675 -0.010731026982185202 0.037460873529027383 -0.0030231189530908684
leaf_weight=170 116 71 50 50 60 57 50 64 63 61 106 51 15814 122 98 51 59 54348 30099 244 109 98 66 589 84 53 58 429 102 316
leaf_count=170 116 71 50 50 60 57 50 64 63 61 106 51 15814 122 98 51 59 54348 30099 244 109 98 66 589 84 53 58 429 102 316
internal_value=-6.86929e-05 0.0071678 0.0114261 -0.0105117 0.0145918 0.00484065 0.0242032 0.0126086 0.0250779 0.0402568 -0.00550828 -0.0183411 -0.000141356 -0.00702071 -0.000113042 0.0526732 0.0118602 -9.22255e-05 0.000588198 0.00156191 0.00169871 0.020034 0.00157289 -0.000656569 -0.00048756 0.0208863 -0.000541381 -0.00708056 -0.00205184 0.00685575
internal_weight=103708 1031 793 100 693 344 349 248 184 124 273 157 102677 238 102507 101 116 102409 46430 30616 30372 207 30165 55979 54543 137 54406 1436 847 418
internal_count=103708 1031 793 100 693 344 349 248 184 124 273 157 102677 238 102507 101 116 102409 46430 30616 30372 207 30165 55979 54543 137 54406 1436 847 418
cat_boundaries=0 1
cat_threshold=11
is_linear=0
shrinkage=0.03


Tree=174
num_leaves=31
num_cat=0
split_feature=13 10 13 27 9 11 19 31 12 10 11 31 18 31 11 0 11 11 24 22 21 16 31 18 18 3 18 11 0 31
split_gain=60.2583 95.7029 53.2931 38.3642 65.3733 150.795 146.502 144.869 80.1689 70.2648 69.722 66.7952 55.3277 55.8572 50.8882 43.0589 123.069 64.7059 41.1022 35.9025 63.6241 46.9532 39.2795 77.6535 68.8221 74.8125 57.2515 53.3969 41.9379 35.9363
threshold=0.91200000047683727 87.633331298828139 0.81499999761581432 0.45000000298023229 3.7083333730697636 13.366666316986086 20.500000000000004 7.2500000000000009 6.1449999809265146 89.77500152587892 13.633333683013918 5.2500000000000009 3.1507576704025273 5.7500000000000009 20.899999618530277 2.4166666269302373 7.0999999046325692 11.775000095367433 3.8333333730697636 4.1666667461395273 10.500000000000002 1.0000000180025095e-35 12.050000190734865 6.8038463592529306 5.5735931396484384 5.2833335399627694 8.1180553436279315 33.366666793823249 10.166666507720949 2.5499999523162846
decision_type=10 2 10 10 2 2 2 2 2 2 2 2 2 2 2 2 2 2 8 10 2 2 2 2 2 2 2 2 2 2
left_child=2 -2 3 4 8 -6 7 9 10 11 12 -7 15 -14 -11 18 -17 -18 -1 22 -21 -22 26 24 25 -24 27 29 -28 -5
right_child=1 -3 -4 19 5 6 -8 -9 -10 14 -12 -13 13 -15 -16 16 17 -19 -20 20 21 -23 23 -25 -26 -27 28 -29 -30 -31
leaf_value=0.0013069977151748092 -0.0069728184020832959 0.046676803983393168 -0.027233748475519511 0.012808939037132637 0.054087966885139692 0.016162270439995657 -0.01621270441803439 -0.024157457065678411 0.034350252477022315 0.035860363360908296 -0.011892033334337792 0.059131687007753585 0.0015810856419174295 -0.035292777549475428 -0.00034399907471555649 0.055933942040976355 -0.007953980530551432 0.027626708830180376 0.026934398446036012 0.0013131240688681858 -0.036149210723116991 -0.0052059016272991516 -0.011520324986556481 0.034392181194257736 -0.025310291645250151 0.03534915337883509 -0.032037204459140246 0.02680229227989912 -0.0001207337959203869 -0.00021677287234797947
leaf_weight=4754 57 63 65 191 67 54 174 62 65 54 362 82 76 72 99 51 138 69 57 232 100 79 58 88 63 65 88 66 64 96328
leaf_count=4754 57 63 65 191 67 54 174 62 65 54 362 82 76 72 99 51 138 69 57 232 100 79 58 88 63 65 88 66 64 96328
internal_value=-5.32914e-05 0.0211932 -7.78721e-05 -6.08437e-05 0.00222033 0.0117045 0.0062956 0.0174536 0.00122553 0.0263805 0.000839598 0.0420703 0.00172303 -0.0163576 0.012434 0.00225093 0.0141908 0.00390625 0.00161063 -0.000206862 -0.00905485 -0.0224927 -0.000169376 0.0111733 0.000187999 0.0132481 -0.000201503 -0.000172551 -0.0185987 -0.000190996
internal_weight=103843 120 103723 103658 6236 592 525 351 5644 289 5579 136 5217 148 153 5069 258 207 4811 97422 411 179 97011 274 186 123 96737 96585 152 96519
internal_count=103843 120 103723 103658 6236 592 525 351 5644 289 5579 136 5217 148 153 5069 258 207 4811 97422 411 179 97011 274 186 123 96737 96585 152 96519
is_linear=0
shrinkage=0.03


Tree=175
num_leaves=31
num_cat=0
split_feature=31 29 19 15 4 23 5 31 31 3 18 4 20 31 22 10 25 4 28 12 5 13 3 15 13 26 19 31 20 27
split_gain=55.1047 96.2574 95.4248 81.5156 79.7901 150.755 95.3475 88.8048 79.0268 77.2973 70.5246 112.114 96.1255 81.9362 193.218 100.288 107.843 69.9264 185.428 139.595 96.7605 72.025 69.3076 67.412 68.4207 67.0888 134.045 84.2081 66.298 64.5876
threshold=6.5499999523162851 0.77500000596046459 2.5000000000000004 0.22500000149011615 0.84583336114883434 1.8999999761581423 0.88833332061767589 10.250000000000002 7.3500001430511483 6.9416666030883798 7.0227272510528573 0.35688832402229315 9.5000000000000018 11.449999809265138 1.8333333134651186 80.90000152587892 0.63333335518836986 0.5933683216571809 2.1666666269302373 7.7224998474121103 0.6300666630268098 0.46055799722671514 2.6833333969116215 0.45000000298023229 0.51042199134826671 1.8333333134651186 17.500000000000004 8.1500000953674334 12.500000000000002 1.2250000238418581
decision_type=2 8 2 2 10 10 10 2 2 2 2 10 2 2 10 2 10 10 10 2 8 8 2 2 10 10 2 2 2 10
left_child=-1 3 8 -2 7 -6 -7 17 22 -5 11 12 13 14 -9 16 -15 19 23 28 -21 -22 -3 24 -19 27 -27 -23 -4 -12
right_child=1 2 4 9 5 6 -8 10 -10 -11 29 -13 -14 15 -16 -17 -18 18 -20 20 21 25 -24 -25 -26 26 -28 -29 -30 -31
leaf_value=-0.00020322556457544601 -0.00051568858664144163 0.018090143152258611 0.0030313269961445392 -0.039100911977726062 -0.057533840187658954 -0.026240187869830563 0.028229961075713152 0.072872818712035228 0.0091049760748362768 -0.0076213445085349506 0.012654246012198514 -0.026269475355929106 -0.02463942128419876 0.055143547771318302 0.002634060479700565 -0.014889769701694604 0.0064856208589943974 0.017156093618010772 0.064239764243869457 -0.03477532686665654 0.020713657637751556 -0.0068630293255790746 0.066892422080039968 0.026270385062694551 -0.027882467675209046 0.045589905574041252 -0.021357736673794293 -0.039072869776062807 0.034279511230847527 0.057235131715187577
leaf_weight=96516 693 55 4244 111 56 55 61 71 197 191 58 69 50 62 70 96 121 51 59 128 79 235 50 75 75 51 57 106 62 59
leaf_count=96516 693 55 4244 111 56 55 61 71 197 191 58 69 50 62 70 96 121 51 59 128 79 235 50 75 75 51 57 106 62 59
internal_value=-1.25739e-05 0.00249198 0.00385104 -0.00618417 0.00302951 -0.0171109 0.0024036 0.00361885 0.0203088 -0.0191916 0.0140226 0.00943976 0.0146822 0.0193633 0.0380025 0.00994352 0.0229708 0.00231191 0.0174777 0.00151725 -0.0113745 -0.00570163 0.0413293 0.00375152 -0.00965257 -0.0103493 0.0102564 -0.0168755 0.00348125 0.0351352
internal_weight=103863 7347 6352 995 6050 172 116 5878 302 302 656 539 470 420 141 279 183 5222 260 4962 656 528 105 201 126 449 108 341 4306 117
internal_count=103863 7347 6352 995 6050 172 116 5878 302 302 656 539 470 420 141 279 183 5222 260 4962 656 528 105 201 126 449 108 341 4306 117
is_linear=0
shrinkage=0.03


Tree=176
num_leaves=31
num_cat=1
split_feature=20 1 31 32 5 27 4 3 9 25 31 31 9 4 31 10 4 23 31 13 0 9 31 1 21 9 3 1 23 29
split_gain=42.323 39.7095 39.5736 74.7696 100.723 82.1782 66.4311 63.0668 62.0717 85.4222 80.0965 136.924 88.9726 162.675 84.2672 78.777 76.2388 92.9037 79.5557 57.6116 54.6925 52.9863 50.7078 45.4666 70.7726 65.5811 60.5314 94.1391 67.0659 62.1044
threshold=-1.4999999999999998 78.166667938232436 4.0499999523162851 0 2.1650000810623173 2.1000000238418584 0.080274999141693129 3.6833333969116215 7.2249999046325692 0.29166667163372045 8.4499998092651385 8.8499999046325701 5.7083332538604745 0.22346166521310809 12.150000095367433 84.633331298828139 0.92416667938232433 2.1000000238418584 7.1499998569488534 0.22903200238943103 3.5833333730697636 0.45000000298023229 7.3500001430511483 66.166667938232436 76.500000000000014 6.6333332061767587 5.5833332538604745 51.833333969116218 1.5500000119209292 1.2250000238418581
decision_type=2 2 2 9 10 8 10 2 2 10 2 2 2 10 2 2 10 10 2 10 2 2 2 2 2 2 2 2 10 10
left_child=1 -1 7 4 5 -4 23 -2 9 -8 21 -12 13 -13 20 -14 17 22 -19 -7 -15 -11 -10 26 25 -25 -5 28 -28 -29
right_child=2 -3 3 6 -6 19 8 -9 16 10 11 12 15 14 -16 -17 -18 18 -20 -21 -22 -23 -24 24 -26 -27 27 29 -30 -31
leaf_value=-0.023348591386578802 -0.0011810823475154398 0.0081444757685065275 0.002368563542400965 -0.000573354717173972 -0.012466762551078673 -0.0014128704475992715 -0.019681779169477522 -0.022165664231977782 -0.019298774895240674 0.019449022392688607 0.04865292605774646 0.044798557183776913 0.0030093608424067498 -0.026667837767438456 -0.045986519466220802 0.054071057152591251 0.01672646777597921 -0.009576609473276352 -0.054774400874783725 -0.029621905061331659 0.010923481253809049 0.0018027296895764642 0.021295837646928325 -0.011034168986713874 -0.0016223833681949344 0.022767840375502904 0.015284019618664149 0.0049888524825076521 -0.027342839834981422 0.028692779944158423
leaf_weight=129 15191 50 25763 40489 460 5115 155 130 53 156 88 52 52 55 56 57 70 63 79 66 95 8364 58 1191 5320 54 53 196 89 202
leaf_count=129 15191 50 25763 40489 460 5115 155 130 53 156 88 52 52 55 56 57 70 63 79 66 95 8364 58 1191 5320 54 53 196 89 202
internal_value=2.33609e-05 -0.0145516 4.85018e-05 0.000292326 0.00146765 0.00167527 -0.000354877 -0.00135914 0.00194217 0.00239942 0.00278076 0.0150446 0.00698588 -0.0026152 -0.0145837 0.0297113 -0.0109824 -0.0186489 -0.0347219 -0.00177222 -0.00286 0.00212583 0.00191282 -0.000811186 -0.00312922 -0.00956806 -0.00044028 0.00953759 -0.0114328 0.0170195
internal_weight=103951 179 103772 88451 31404 30944 57047 15321 9453 9130 8975 455 367 258 206 109 323 253 142 5181 150 8520 111 47594 6565 1245 41029 540 142 398
internal_count=103951 179 103772 88451 31404 30944 57047 15321 9453 9130 8975 455 367 258 206 109 323 253 142 5181 150 8520 111 47594 6565 1245 41029 540 142 398
cat_boundaries=0 1
cat_threshold=10
is_linear=0
shrinkage=0.03


Tree=177
num_leaves=31
num_cat=0
split_feature=20 9 12 9 27 30 31 23 31 13 20 5 1 27 10 31 28 23 19 7 2 19 20 11 14 27 14 9 3 13
split_gain=51.9231 49.8221 151.12 70.7109 68.8293 38.5698 61.5771 153.076 105.492 110.094 148.013 116.358 131.752 126.917 115.176 85.7227 78.661 78.9663 72.5412 66.8748 64.9104 59.46 59.3299 84.3001 50.2304 85.4515 73.8753 62.8633 100.809 83.5409
threshold=-1.4999999999999998 9.6333336830139178 12.444999694824221 8.7083334922790545 1.1000000238418581 1.0000000180025095e-35 7.9500000476837167 1.1000000238418581 8.0500001907348651 0.18014400452375415 11.500000000000002 1.0800333619117739 23.166666984558109 1.8999999761581423 61.633333206176765 9.0500001907348651 1.8333333134651186 0.90000000596046459 22.500000000000004 1.0000000180025095e-35 12.166666507720949 12.500000000000002 14.500000000000002 23.10000038146973 0.87016001343727123 1.0000000180025095e-35 0.86266666650772106 4.7750000953674325 7.8166668415069589 0.54093101620674144
decision_type=2 2 2 2 8 2 2 10 2 8 2 8 2 8 2 2 10 10 2 2 2 2 2 2 10 10 10 2 2 10
left_child=-1 3 -3 5 -5 24 22 16 -9 -10 11 14 -13 15 -11 19 17 -8 21 -14 -20 -17 -7 -24 26 -26 -2 28 29 -27
right_child=1 2 -4 4 -6 6 7 8 9 10 -12 12 13 -15 -16 18 -18 -19 20 -21 -22 -23 23 -25 25 27 -28 -29 -30 -31
leaf_value=-0.016308405065110752 -0.00023040492915413013 -0.040152844347621258 0.01350301222410053 -0.0070016013730603913 0.035853403882356361 0.0004133442999751097 0.039318919935590266 0.034228138385594568 -0.023497140105801485 -0.0038269344416375344 -0.044521747083904648 0.033894835148851589 -0.03235318925635642 -0.033614099962370733 0.051922855659598303 0.020341118551411873 0.06344159892848078 -0.0085319766946710084 0.056635448073639585 0.0094232679423639325 0.012002121950702174 -0.020959412508936067 0.04278386682271957 -0.008218685361742974 0.030441524630604202 -0.0025155734939466142 0.02997330966035593 -0.011057390718599959 0.021718434164566654 -0.039348855043894473
leaf_weight=175 45149 102 88 52 96 50512 77 88 152 52 52 97 83 105 93 59 53 52 51 59 69 67 70 50 68 5344 73 832 154 56
leaf_count=175 45149 102 88 52 96 50512 77 88 152 52 52 97 83 105 93 59 53 52 51 59 69 67 70 50 68 5344 73 832 154 56
internal_value=1.89932e-05 4.65056e-05 -0.0153017 7.46362e-05 0.0207962 4.50102e-05 0.000623168 0.00731421 0.00282043 -0.000122998 0.00439145 0.00785197 0.00193454 -0.0043538 0.0319298 0.00356458 0.032672 0.0200302 0.014278 -0.0149954 0.0309713 -0.00162027 0.000463398 0.0215328 -0.000534994 -0.00301082 -0.000181648 -0.00336703 -0.002215 -0.00289755
internal_weight=104030 103855 190 103665 148 103517 51841 1209 1027 939 787 735 590 493 145 388 182 129 246 142 120 126 50632 120 51676 6454 45222 6386 5554 5400
internal_count=104030 103855 190 103665 148 103517 51841 1209 1027 939 787 735 590 493 145 388 182 129 246 142 120 126 50632 120 51676 6454 45222 6386 5554 5400
is_linear=0
shrinkage=0.03


Tree=178
num_leaves=31
num_cat=1
split_feature=31 9 29 31 27 32 31 31 2 10 12 9 31 0 1 29 5 0 29 20 4 21 17 22 20 12 25 1 25 23
split_gain=92.7748 58.9432 150.326 40.8724 40.3592 47.4376 145.365 147.444 107.679 106.936 98.3081 194.578 192.244 165.1 121.667 104.112 96.5022 91.0941 100.168 88.4759 88.3192 97.5388 141.112 98.6195 110.961 97.5085 93.7446 86.1912 78.1837 96.774
threshold=2.5499999523162846 4.9000000953674325 1.3666666746139529 1.3000000119209292 1.1000000238418581 0 9.5500001907348651 6.0499999523162851 31.583333015441898 87.099998474121108 5.1633331775665292 5.0999999046325692 7.9500000476837167 2.8333333730697636 85.416667938232436 1.2250000238418581 0.83679997920990001 2.8333333730697636 1.5500000119209292 7.5000000000000009 0.31025166809558874 20.500000000000004 0.36666667461395269 1.5833333134651186 1.5000000000000002 3.7100000381469731 2.6333333253860478 75.166667938232436 0.90000000596046459 1.5500000119209292
decision_type=2 2 10 2 10 9 2 2 2 2 2 2 2 2 2 10 10 2 10 2 10 2 2 10 2 2 10 2 10 10
left_child=1 2 -1 -3 5 6 7 -2 20 17 19 12 13 27 -15 -13 -17 -8 -19 -9 21 -7 26 -24 25 -25 28 -12 -23 -30
right_child=4 3 -4 -5 -6 8 9 10 -10 -11 11 15 -14 14 -16 16 -18 18 -20 -21 -22 22 23 24 -26 -27 -28 -29 29 -31
leaf_value=0.072338418171686278 -0.001148609082443677 -0.0063888942499955486 -0.00015034160648400965 0.02643707657673142 -0.00041581258262481942 0.00042339080722785086 -0.037839695541188122 0.00099146295272582795 0.033789391395378301 -0.048394650921792438 0.07962283349633216 0.023105434479610044 0.073873168447692136 -0.016122488806057458 0.031015650000084532 -0.031096259861433204 0.015063098026139123 -0.01952471579890698 0.034908272061368512 0.041776390613615516 -0.012741517924991163 -0.003248301304870469 -0.0084666573583450939 0.011393925781289423 0.00029084228710376061 0.061789001776621881 -0.0067177011034154762 0.024713220922452098 0.0068512736085022796 0.016784304600399837
leaf_weight=51 13258 90 52 55 67484 13744 64 1124 94 92 50 98 76 112 88 119 62 64 58 50 379 441 1019 103 712 52 383 53 2737 1303
leaf_count=51 13258 90 52 55 67484 13744 64 1124 94 92 50 98 76 112 88 119 62 64 58 50 379 441 1019 103 712 52 383 53 2737 1303
internal_value=6.19934e-05 0.018389 0.0357422 0.00606234 1.82142e-05 0.00082432 -0.00044201 -4.62746e-05 0.00175187 -0.0219387 0.00793121 0.0172139 0.031211 0.0205102 0.00461829 -0.00180004 -0.0152848 -0.00885292 0.00635326 0.00272847 0.00160843 0.0018738 0.00482706 -0.00213883 0.00529836 0.0283007 0.00752806 0.0513684 0.00874568 0.0100549
internal_weight=104067 248 103 145 103819 36335 15368 15090 20967 278 1832 658 379 303 200 279 181 186 122 1174 20873 20494 6750 1886 867 155 4864 103 4481 4040
internal_count=104067 248 103 145 103819 36335 15368 15090 20967 278 1832 658 379 303 200 279 181 186 122 1174 20873 20494 6750 1886 867 155 4864 103 4481 4040
cat_boundaries=0 1
cat_threshold=32
is_linear=0
shrinkage=0.03


Tree=179
num_leaves=31
num_cat=0
split_feature=4 13 27 5 13 28 10 17 2 4 9 29 22 23 24 9 14 25 25 10 22 2 5 21 21 27 25 5 19 23
split_gain=62.689 72.8882 66.0217 67.0175 134.864 86.9397 134.684 109.024 98.0374 70.956 71.637 71.6708 75.9266 113.329 73.6542 66.3516 62.0926 112.026 58.8435 58.7679 56.9265 88.7641 61.2707 54.01 53.7507 95.1776 112.203 106.17 82.3848 67.6631
threshold=0.080274999141693129 0.050072001293301589 1.0000000180025095e-35 1.3909166455268862 0.74674999713897716 2.1666666269302373 62.100000381469734 1.0000000180025095e-35 14.833333492279055 1.0116666555404665 9.3666663169860858 0.22500000149011615 3.1666666269302373 2.1000000238418584 3.1666666269302373 7.5499999523162851 1.532249987125397 1.7749999761581423 0.90000000596046459 87.633331298828139 3.8333333730697636 8.166666507720949 0.52013331651687633 65.500000000000014 68.500000000000014 1.3666666746139529 1.5500000119209292 1.2601166367530825 33.500000000000007 2.4500000476837163
decision_type=10 10 10 10 10 10 2 2 2 10 2 10 10 10 10 2 10 10 10 2 10 2 10 2 2 10 10 10 2 10
left_child=-1 -2 -3 9 5 18 -7 -8 19 10 11 -4 13 14 15 16 -13 -18 -5 -9 21 -14 -22 -20 -15 27 28 -26 29 -27
right_child=1 2 3 4 -6 6 7 8 -10 -11 -12 12 20 24 -16 -17 17 -19 23 -21 22 -23 -24 -25 25 26 -28 -29 -30 -31
leaf_value=-0.00020775665148557924 0.038218177814036608 0.025958808393162839 0.023733127872098463 -0.024214286745658942 -0.042081145764001314 0.044768164981065728 -0.011998010395929732 0.049377214165075733 -0.00048576607386027374 0.028820273433076707 -0.032697907791418186 0.0032654864054855962 0.055174983558910234 0.0014702803542254021 -0.023268412751456101 0.036868741758845067 0.048001671295754521 0.0016016351308511651 -0.015091696489291321 0.009578910161148417 0.015292806233948384 0.013919184369484668 -0.027108257052799064 -0.00090808754939982134 -0.025753623124152893 0.01298200744860729 -0.025675263374524058 0.018857117926532569 0.036552952440345989 -0.013552708345715229
leaf_weight=91398 50 102 147 119 74 82 232 85 163 95 51 6315 56 664 90 55 79 115 274 55 71 290 54 2045 378 183 129 55 68 164
leaf_count=91398 50 102 147 119 74 82 232 85 163 95 51 6315 56 664 90 55 79 115 274 55 71 290 54 2045 378 183 129 55 68 164
internal_value=6.32233e-05 0.00207028 0.00192321 0.00172206 -0.00206312 -0.00109378 0.00896625 0.00347885 0.0153291 0.00302947 0.00275614 0.00295901 0.00261064 0.00194534 0.00368673 0.00405631 0.00377905 0.0204965 -0.00363973 0.0337422 0.0143276 0.0205964 -0.00302445 -0.00258394 -0.00511573 -0.00959178 -0.00123795 -0.0200871 0.00635823 0.000441104
internal_weight=103738 12340 12290 12188 3129 3055 617 535 303 9059 8964 8913 8766 8295 6654 6564 6509 194 2438 140 471 346 125 2319 1641 977 544 433 415 347
internal_count=103738 12340 12290 12188 3129 3055 617 535 303 9059 8964 8913 8766 8295 6654 6564 6509 194 2438 140 471 346 125 2319 1641 977 544 433 415 347
is_linear=0
shrinkage=0.03


Tree=180
num_leaves=31
num_cat=0
split_feature=31 20 12 3 13 4 1 12 5 2 13 3 23 24 25 18 11 9 26 11 13 26 15 11 19 3 3 13 25 23
split_gain=58.7846 46.3844 77.897 93.1621 76.3356 106.675 158.32 110.668 108.89 84.4685 79.3558 109.365 75.5164 131.064 120.831 80.1731 154.528 101.63 73.2614 72.4375 162.026 109.366 77.1786 82.3058 70.9554 74.3449 103.799 110.544 87.029 130.321
threshold=13.84999990463257 5.5000000000000009 8.8633332252502459 8.3416666984558123 0.70499998331069957 0.62166666984558117 85.416667938232436 8.0708332061767596 1.3339999914169314 22.583333015441898 0.31633333861827856 4.4416666030883798 2.4500000476837163 0.41666667163372045 0.22500000149011615 5.9136645793914804 23.22500038146973 7.0999999046325692 1.5833333134651186 24.44999980926514 1.0360000133514407 0.83333334326744091 1.0000000180025095e-35 22.899999618530277 10.500000000000002 4.8166668415069589 4.2166664600372323 3.3000000257743529e-05 1.8999999761581423 1.7749999761581423
decision_type=2 2 2 2 10 10 2 2 8 2 10 2 10 10 10 2 2 2 10 2 8 10 2 2 2 2 2 8 10 10
left_child=1 19 4 -4 5 7 -7 10 -9 -10 12 -12 15 14 -14 -3 17 -17 -16 22 -21 -22 -1 24 -24 26 27 -26 -27 -30
right_child=-2 2 3 -5 -6 6 -8 8 9 -11 11 -13 13 -15 18 16 -18 -19 -20 20 21 -23 23 -25 25 28 -28 -29 29 -31
leaf_value=7.6774295660249302e-05 -0.029897531095450205 0.0034754233113697673 0.030433968474556289 -0.0097511617290208762 -0.032998233586549755 0.0056183868585800633 0.069592091076903867 0.050705307983527223 -0.017153354998339306 0.029678632486356448 0.031124004119863879 -0.015098182726662955 -0.014894008115831628 -0.014584300266949205 0.051394492658279743 0.058850993206436483 -0.0044541669845229058 0.0078020684610713613 0.0064415252208709717 -0.0020479860984880453 -0.0022535486998302595 0.047613913023533919 -0.0076053141070017583 -0.022260589187139086 0.033309684331412424 0.0004236386004473811 -0.015526065468908315 -0.0023988368329807561 0.0040999752557120068 0.038685086729278513
leaf_weight=87031 59 5349 56 713 52 98 54 84 66 73 52 404 83 495 73 97 127 55 59 314 56 135 1875 194 80 1986 558 3160 312 143
leaf_count=87031 59 5349 56 713 52 98 54 84 66 73 52 404 83 495 73 97 127 55 59 314 56 135 1875 194 80 1986 558 3160 312 143
internal_value=3.91419e-05 5.61524e-05 0.00225222 -0.00682481 0.00321888 0.00348158 0.0283459 0.00294298 0.0237384 0.00744186 0.00226041 -0.00982723 0.00313008 -0.00608955 0.0134681 0.00429318 0.0199713 0.0403793 0.0313019 -0.000126922 0.0112052 0.0329931 -0.000186947 -0.00294958 -0.00248787 -0.000949926 -0.00357533 -0.00151714 0.00313499 0.0149696
internal_weight=103893 103834 7990 769 7221 7169 152 7017 223 139 6794 456 6338 710 215 5628 279 152 132 95844 505 191 95339 8308 8114 6239 3798 3240 2441 455
internal_count=103893 103834 7990 769 7221 7169 152 7017 223 139 6794 456 6338 710 215 5628 279 152 132 95844 505 191 95339 8308 8114 6239 3798 3240 2441 455
is_linear=0
shrinkage=0.03


Tree=181
num_leaves=31
num_cat=0
split_feature=31 9 29 1 24 12 11 20 26 31 17 2 18 3 13 1 25 26 4 1 29 14 13 20 9 11 31 5 13 30
split_gain=60.8276 51.8023 79.4149 133.155 62.574 71.7577 57.9449 46.9742 46.5803 42.777 41.8637 66.9465 144.099 132.533 128.852 108.875 97.0437 135.605 73.1303 91.3622 85.8726 72.6849 66.6097 61.2069 71.1275 66.7596 118.68 86.4039 59.2296 65.3859
threshold=4.6499998569488534 4.6333332061767587 1.8999999761581423 83.416667938232436 1.1666666865348818 2.6099998950958256 20.10000038146973 -1.4999999999999998 1.8333333134651186 2.5499999523162846 0.29166667163372045 22.166666984558109 4.75337839126587 6.116666555404664 0.59927302598953258 80.833332061767592 1.5500000119209292 1.1666666865348818 0.36381500959396368 78.416667938232436 2.4500000476837163 1.1642799973487856 0.323666661977768 13.500000000000002 2.4500000476837163 8.0999999046325701 6.7500000000000009 1.325666666030884 0.41643300652503973 1.0000000180025095e-35
decision_type=2 2 10 2 10 2 2 2 10 2 2 2 2 2 8 2 10 10 8 2 10 8 8 2 2 2 2 10 8 2
left_child=1 9 4 -4 5 6 -3 -2 -7 -1 11 12 23 16 15 -15 17 -14 19 -13 22 -19 -20 24 -9 26 27 -26 -24 -30
right_child=7 2 3 -5 -6 8 -8 10 -10 -11 -12 18 13 14 -16 -17 -18 21 20 -21 -22 -23 28 -25 25 -27 -28 -29 29 -31
leaf_value=0.02033023030235526 -0.020303560890098833 -0.0080995638975325749 0.042337421599937516 -0.0099641766091808671 -0.026723455673850632 -0.026672368840274453 0.025125367618589235 0.00099161656066782886 0.00021620824312170345 -0.00048588035312565313 0.0027568964601784205 0.0088177628149943687 0.076125841294016158 -0.011732526138424872 -0.011950818319291276 0.042764578292664793 0.0096792110476912989 0.047957692519761619 0.028878236576914788 -0.027291574598890048 0.029294683169828702 -0.0024665053652704882 -0.029030095153537234 0.031832909650568446 -0.011451732124569977 -0.001678142227352341 -0.038848855666271068 0.030110815170813692 -0.013090213592261521 0.005653512103281526
leaf_weight=89 94 102 69 120 204 163 88 33216 90 52460 9170 84 70 50 223 97 131 50 50 253 73 53 95 56 248 5620 123 55 335 335
leaf_count=89 94 102 69 120 204 163 88 33216 90 52460 9170 84 70 50 223 97 131 50 50 253 73 53 95 56 248 5620 123 55 335 335
internal_value=0.000137479 -0.000568496 -0.00797759 0.00913006 -0.012975 -0.00664393 0.00728883 0.000884066 -0.0171073 -0.000450625 0.000923593 0.000515717 0.000727324 0.0144814 0.00242299 0.0242281 0.0291577 0.0439073 -0.0063925 -0.018291 -0.00187695 0.0220113 -0.00466901 0.000491548 0.000446845 -0.00254606 -0.0139961 -0.00390738 -0.00686164 -0.00371835
internal_weight=103866 53385 836 189 647 443 190 50481 253 52549 50387 41217 39992 674 370 147 304 173 1225 337 888 103 815 39318 39262 6046 426 303 765 670
internal_count=103866 53385 836 189 647 443 190 50481 253 52549 50387 41217 39992 674 370 147 304 173 1225 337 888 103 815 39318 39262 6046 426 303 765 670
is_linear=0
shrinkage=0.03


Tree=182
num_leaves=31
num_cat=0
split_feature=31 14 12 23 2 19 20 31 21 29 2 12 29 21 29 2 12 2 31 18 19 10 31 30 23 31 5 2 1 14
split_gain=45.6251 81.8751 75.2519 71.8301 70.4809 49.7574 127.517 124.515 177.693 137.897 97.5652 75.6053 73.5808 72.6911 131.043 59.691 57.3544 51.057 48.0108 62.0205 59.8173 57.7549 45.9105 60.1796 86.1307 57.1141 42.0115 58.9569 44.221 40.6238
threshold=5.0499999523162851 1.7580299973487856 8.8633332252502459 0.63333335518836986 27.166666984558109 3.5000000000000004 4.5000000000000009 6.5499999523162851 84.500000000000014 1.5500000119209292 11.833333492279055 13.722500324249269 1.3666666746139529 84.500000000000014 1.8999999761581423 26.583333015441898 4.9900000095367441 17.833333015441898 7.8500001430511483 4.3049516677856454 28.500000000000004 79.099998474121108 2.5499999523162846 1.0000000180025095e-35 1.5500000119209292 0.95000001788139354 1.230116665363312 3.4166666269302373 19.833333015441898 1.7442399859428408
decision_type=2 10 2 10 2 2 2 2 2 8 2 2 10 2 8 2 2 2 2 2 2 2 2 2 10 2 8 2 2 10
left_child=4 5 3 -3 22 6 7 10 26 -10 13 -7 15 -2 -15 17 -14 -8 19 20 21 -5 23 24 -1 -25 27 -9 -28 -24
right_child=1 2 -4 18 -6 11 12 8 9 -11 -12 -13 16 14 -16 -17 -18 -19 -20 -21 -22 -23 29 25 -26 -27 28 -29 -30 -31
leaf_value=0.020212395093334255 0.0053359694334632552 0.039729344700857747 0.044380679645149378 0.017006065247775013 -0.016126648448810978 0.00037459221516622672 -0.010355829414725303 0.014314044367882512 0.026295481747619701 0.090959638637654924 -0.010995786301651969 0.033020310541614889 0.0028384297398420478 0.048612702824559408 -0.0083898249853017002 -0.017144194733589253 -0.034205119771444623 0.027607309276407414 -0.021734883443875745 0.034254630988135061 0.020955440576290795 -0.01639373258961474 -0.00023137245500451964 0.00719092174403129 -0.03096940209702501 0.048077883168322143 0.006057160713455894 -0.023829172953963279 0.04196261820094338 -0.0049536003054050136
leaf_weight=67 1098 59 59 67 254 26759 50 93 71 51 300 64 52 97 58 94 136 88 55 68 109 153 71585 62 53 61 66 60 58 1678
leaf_count=67 1098 59 59 67 254 26759 50 93 71 51 300 64 52 97 58 94 136 88 55 68 109 153 71585 62 53 61 66 60 58 1678
internal_value=4.92133e-05 0.00104063 0.0123012 0.00859733 -0.000350863 0.000820784 0.00498557 0.00821207 0.0231604 0.0533272 0.00437153 0.000452485 -0.01001 0.00805085 0.0272827 0.00129352 -0.023959 0.0138525 0.00453364 0.00817285 0.00278209 -0.00622198 -0.00029635 0.012722 -0.0023929 0.0274682 0.00987386 -0.00064408 0.0228516 -0.000339529
internal_weight=103525 29765 570 511 73760 29195 2372 1952 399 122 1553 26823 420 1253 155 232 188 138 452 397 329 220 73506 243 120 123 277 153 124 73263
internal_count=103525 29765 570 511 73760 29195 2372 1952 399 122 1553 26823 420 1253 155 232 188 138 452 397 329 220 73506 243 120 123 277 153 124 73263
is_linear=0
shrinkage=0.03


Tree=183
num_leaves=31
num_cat=0
split_feature=4 27 19 0 9 22 21 18 3 26 0 29 22 12 0 17 28 28 14 3 3 9 4 19 14 3 26 14 21 20
split_gain=57.6149 62.7094 58.2024 80.4802 115.177 49.8292 89.6411 79.9107 77.9484 84.7013 60.5779 52.9114 65.293 66.1533 73.8792 60.1081 113.425 120.799 95.1158 91.4527 80.9377 79.8277 73.256 147.461 81.8727 116.137 104.677 60.0427 58.0982 79.3533
threshold=0.080274999141693129 1.0000000180025095e-35 1.5000000000000002 10.833333492279055 8.9000000953674334 3.1666666269302373 84.500000000000014 3.7533783912658696 7.616666555404664 1.1666666865348818 3.4166666269302373 1.4499999880790713 2.8333333730697636 10.409999847412111 6.8333332538604745 0.36666667461395269 1.8333333134651186 1.1666666865348818 0.41231000423431402 7.0833332538604745 8.7833333015441912 2.6333333253860478 0.21677666902542117 31.500000000000004 0.74411001801490795 6.4166667461395273 1.5833333134651186 1.0371100306510928 2.5000000000000004 1.0000000180025095e-35
decision_type=10 10 2 2 2 10 2 2 2 10 2 10 10 2 2 2 10 10 10 2 2 2 10 2 10 2 10 10 2 2
left_child=-1 -2 -3 4 5 11 7 10 9 -8 -7 15 13 14 28 19 17 18 -17 -4 27 -20 -23 24 -24 26 -26 -19 -13 -30
right_child=1 2 3 -5 -6 6 8 -9 -10 -11 -12 12 -14 -15 -16 16 -18 20 21 -21 -22 22 23 -25 25 -27 -28 -29 29 -31
leaf_value=-0.00017939689453448269 0.024758773785498407 -0.015087625571822126 -0.00054638749150129286 0.036422804603811171 -0.038261367460945619 0.026190781435609732 0.038159779074944951 0.052025111638940871 -0.02960912622949656 -0.0069706751043916836 -0.0062872926253511241 -0.0051576095097844703 -0.011962788009499138 0.032255273900533975 -0.013157071125368739 0.042604960265731351 0.047786100182752568 -0.0043341412195556997 -0.0095100336365139173 -0.014120013761543945 0.025882790851242399 1.290939629164546e-06 0.00027703255414962769 -0.016986657374284484 0.022380428059752714 0.016016417476007849 0.074517792748686459 -0.027562179834870942 0.023299406784599137 0.0049468859606416008
leaf_weight=91321 108 181 3814 61 64 137 57 64 68 109 83 477 227 76 215 69 53 236 227 506 51 344 87 88 59 164 84 174 223 4314
leaf_count=91321 108 181 3814 61 64 137 57 64 68 109 83 477 227 76 215 69 53 236 227 506 51 344 87 88 59 164 84 174 223 4314
internal_value=8.13318e-05 0.0019984 0.00179875 0.0020507 0.00187699 0.00209095 0.0111926 0.0225208 -0.00255605 0.00852593 0.0139377 0.00168055 0.00379312 0.00446731 0.00406343 -0.000281619 0.00461572 0.00317035 0.00848246 -0.00213626 -0.00975847 0.00624651 0.0105767 0.0181243 0.0259663 0.0332464 0.0530066 -0.0141919 0.00480185 0.00584894
internal_weight=103741 12420 12312 12131 12070 12006 518 284 234 166 220 11488 5532 5305 5229 5956 1636 1583 1122 4320 461 1053 826 482 394 307 143 410 5014 4537
internal_count=103741 12420 12312 12131 12070 12006 518 284 234 166 220 11488 5532 5305 5229 5956 1636 1583 1122 4320 461 1053 826 482 394 307 143 410 5014 4537
is_linear=0
shrinkage=0.03


Tree=184
num_leaves=31
num_cat=1
split_feature=5 25 5 10 23 28 31 14 28 10 5 23 19 14 27 30 27 27 29 2 32 14 23 13 13 13 18 18 31 24
split_gain=45.4708 139.346 133.574 173.951 154.482 163.259 71.7988 77.2279 86.8242 81.3667 130.876 117.753 109.421 110.303 98.193 83.1866 89.2415 71.6137 62.3798 52.8485 57.7286 64.8543 60.3714 103.352 65.1751 71.0502 50.9806 49.6807 47.1947 46.6459
threshold=1.4008499979972842 0.90000000596046459 1.3601499795913699 82.224998474121108 1.1000000238418581 1.5833333134651186 4.3500001430511483 1.4262099862098696 2.8333333730697636 81.90000152587892 1.5083333253860476 1.1000000238418581 28.500000000000004 1.2583699822425845 1.5500000119209292 1.0000000180025095e-35 1.6333333253860476 1.0000000180025095e-35 3.1000000238418584 19.166666984558109 0 1.6323300004005434 2.1000000238418584 0.46699999272823339 0.21203699707984927 0.1260040029883385 2.9451951980590825 2.1231060028076176 13.050000190734865 1.8333333134651186
decision_type=10 8 10 2 10 10 2 10 10 2 10 10 2 10 10 2 10 10 10 2 9 10 10 10 10 10 2 2 2 8
left_child=2 26 28 -4 -5 -6 -3 8 9 -8 15 -12 13 -13 -15 16 -11 -9 19 -19 21 -21 23 24 25 -22 27 -2 -1 -23
right_child=1 6 3 4 5 -7 7 17 -10 10 11 12 -14 14 -16 -17 -18 18 -20 20 22 29 -24 -25 -26 -27 -28 -29 -30 -31
leaf_value=-2.117552465796302e-05 -0.026599720644132633 -0.0094336364535125092 -0.0006649500290304422 7.4941794787134435e-05 0.096138893070648296 0.029199782351335121 -0.0014902699383470843 0.032694414195275918 0.033528070483118934 0.03907902873646129 -0.012096898527815937 0.083321267718242276 -0.0026669166013598444 0.001620517141289181 0.055806901582023671 -0.027411866195061627 -0.0152134553300372 -0.0018699203102700011 0.025973351499782155 0.031310012445730319 -0.027572237900175552 -0.027694026203826067 -0.03721748526529832 0.021946839456531135 -0.038030477942863725 0.015985482595860957 -0.031663845408826122 0.0081095625144205503 0.021134081334071724 0.0067890726093475413
leaf_weight=97209 70 870 250 70 53 86 916 51 94 55 56 54 50 54 68 85 54 2646 65 51 70 62 110 66 106 65 189 79 95 82
leaf_count=97209 70 870 250 70 53 86 916 51 94 55 56 54 50 54 68 85 54 2646 65 51 70 62 110 66 106 65 189 79 95 82
internal_value=-8.07678e-05 -0.0026007 7.56404e-05 0.0162212 0.03642 0.0547233 -0.00149655 -7.57177e-05 0.00562269 0.00373827 0.0137999 0.0268474 0.0364973 0.0476234 0.0318228 -0.00516592 0.0121818 -0.00258545 -0.00312691 -0.00370749 -0.0116523 0.00212919 -0.0177229 -0.0113151 -0.0204242 -0.0066 -0.0213189 -0.00819681 -5.2119e-07 -0.00805782
internal_weight=103831 6068 97763 459 209 139 5730 4860 1486 1392 476 282 226 176 122 194 109 3374 3323 3258 612 195 417 307 241 135 338 149 97304 144
internal_count=103831 6068 97763 459 209 139 5730 4860 1486 1392 476 282 226 176 122 194 109 3374 3323 3258 612 195 417 307 241 135 338 149 97304 144
cat_boundaries=0 1
cat_threshold=12
is_linear=0
shrinkage=0.03


Tree=185
num_leaves=31
num_cat=0
split_feature=31 9 26 4 31 14 23 29 3 4 26 2 1 4 12 15 11 3 4 17 15 14 4 8 24 10 25 14 11 20
split_gain=67.6931 74.246 91.6826 47.2278 59.2226 79.6417 52.0024 57.0735 72.0053 71.2671 91.7296 73.3106 130.836 63.2961 90.5337 111.253 111.703 84.3414 70.5482 53.0304 92.6015 86.8763 82.6746 113.143 116.382 105.775 102.898 80.5261 68.8198 63.9795
threshold=2.5499999523162846 4.9000000953674325 1.1666666865348818 0.086711667478084578 4.0499999523162851 2.3930000066757207 0.45000000298023229 1.4499999880790713 13.183333396911623 0.11003999784588815 1.1666666865348818 9.8333334922790545 89.833332061767592 0.57348498702049266 11.150000095367433 0.22500000149011615 11.775000095367433 8.7833333015441912 0.70499998331069957 0.36666667461395269 1.0000000180025095e-35 0.48450000584125524 0.22346166521310809 0.41666667163372045 0.58333334326744091 72.099998474121108 1.3666666746139529 0.63225001096725475 28.633333206176761 3.5000000000000004
decision_type=2 2 10 10 2 10 10 10 2 10 10 2 2 10 2 2 2 2 10 2 2 10 10 2 10 2 10 10 2 2
left_child=1 -1 -3 -2 -5 6 -6 8 19 10 11 -9 -13 -11 15 16 -15 18 -17 28 21 -21 27 25 -25 -24 29 -22 -8 -27
right_child=3 2 -4 4 5 -7 7 9 -10 13 -12 12 -14 14 -16 17 -18 -19 -20 20 22 -23 23 24 -26 26 -28 -29 -30 -31
leaf_value=0.036566741880617641 -0.00021485300407831615 0.030781907414803737 -0.01718824994204373 -0.016390691784052353 -0.0084050636941618798 0.028178180808273071 -0.0008694295223722698 0.041256180483902075 -0.030308094747040586 0.0019566114632785653 0.0041237750670122461 -0.009849796801845126 0.049828900256577657 -0.0027078405933986817 0.049838847935199736 -0.0039793334316603739 0.051862897942185071 -0.02049642760838781 0.041017769641027997 0.02382045445004196 0.028844935593328305 -0.0062149380266481756 0.057245506157868359 0.02524468358350164 -0.012285930180142438 -0.0096185011566495109 0.053163380964857634 -0.011900589660543836 -0.034356488429808194 0.025047068954631685
leaf_weight=95 91441 61 87 159 432 104 4035 146 69 4190 401 94 51 56 55 79 85 126 52 99 56 696 89 131 172 92 61 198 56 100
leaf_count=95 91441 61 87 159 432 104 4035 146 69 4190 401 94 51 56 55 79 85 126 52 99 56 696 89 131 172 92 61 198 56 100
internal_value=5.35633e-05 0.015869 0.00258323 1.63686e-05 0.00179549 0.00204211 0.00180821 0.00220254 0.000157115 0.00444695 0.0134284 0.0262502 0.0111406 0.00310835 0.0137613 0.00877566 0.0301894 -0.00297274 0.0138821 0.000520486 0.00498413 -0.00247468 0.0115801 0.0172891 0.00394018 0.0291159 0.0192204 -0.00291732 -0.00132782 0.00843648
internal_weight=103568 243 148 103325 11884 11725 11621 11189 5854 5335 692 291 145 4643 453 398 141 257 131 5785 1694 795 899 645 303 342 253 254 4091 192
internal_count=103568 243 148 103325 11884 11725 11621 11189 5854 5335 692 291 145 4643 453 398 141 257 131 5785 1694 795 899 645 303 342 253 254 4091 192
is_linear=0
shrinkage=0.03


Tree=186
num_leaves=31
num_cat=0
split_feature=31 31 31 31 11 27 23 27 1 24 24 27 15 18 4 31 24 9 4 11 21 26 24 11 21 12 16 22 4 9
split_gain=73.8762 58.2612 54.4035 52.1221 97.5863 112.252 113.826 111.112 106.307 93.592 94.9281 83.8931 59.6821 50.1608 74.6468 78.9083 71.2158 69.7213 80.1016 76.1602 79.0235 63.8217 51.2003 75.4581 50.6716 70.8812 116.746 78.2511 62.8775 49.4407
threshold=0.65000000596046459 0.95000001788139354 13.250000000000002 10.449999809265138 8.7750000953674334 1.2250000238418581 2.1000000238418584 0.90000000596046459 51.833333969116218 0.83333334326744091 0.41666667163372045 1.6333333253860476 0.36666667461395269 6.5086207389831552 0.56737667322158825 6.3500001430511483 1.5833333134651186 6.3666667938232431 0.73110333085060131 21.10000038146973 73.500000000000014 1.8333333134651186 0.83333334326744091 26.44999980926514 88.500000000000014 7.2099997997283944 0.55000001192092907 1.8333333134651186 0.17007333785295489 7.5499999523162851
decision_type=2 2 2 2 2 10 10 10 2 10 10 10 2 2 8 2 10 2 8 2 2 10 10 2 2 2 2 10 10 2
left_child=-1 -2 3 13 8 6 12 -8 -5 10 -7 -11 -6 17 15 -15 -16 -3 24 -20 -21 22 23 -22 28 -26 27 -27 -19 -24
right_child=1 2 -4 4 5 9 7 -9 -10 11 -12 -13 -14 14 16 -17 -18 18 19 20 21 -23 29 -25 25 26 -28 -29 -30 -31
leaf_value=-0.033049145422143038 0.028816257119178772 -0.00010611065595058135 -0.022977136238928761 0.0086131658469853194 -0.054937057312367095 0.023602063138802934 0.039183011270933231 -0.019289838227218595 0.059196174123457498 0.062392043684824157 -0.030929442439544 0.015079334733309226 -0.014970601826055864 -0.010388750403330026 -0.0080164605572626176 -0.048922495179942675 0.02546203673253522 0.014890204089529372 0.047842290606655055 0.0442940916247287 0.0081823987055283324 -0.013715269838770229 -0.012664524470182025 0.053366148692780523 -0.0098957115956171248 0.0075590245173139088 -0.019553095039266808 0.053739897978305813 -0.02445803362789542 0.024254959508917241
leaf_weight=61 63 101604 93 92 53 56 59 58 63 52 59 96 92 151 231 70 76 51 61 59 78 99 85 58 136 59 52 75 129 53
leaf_count=61 63 101604 93 92 53 56 59 58 63 52 59 96 92 151 231 70 76 51 61 59 78 99 85 58 136 59 52 75 129 53
internal_value=-4.40223e-05 -2.46566e-05 -4.21444e-05 -2.15971e-05 0.00825688 0.00208173 -0.0118167 0.0101965 0.0291727 0.0159273 -0.00437497 0.0317027 -0.029579 -7.61838e-05 -0.00929917 -0.022594 0.000271376 -2.872e-05 0.00787399 0.0164633 0.0120325 0.00692944 0.0143887 0.0274519 -0.000561332 0.0065649 0.0186006 0.0334065 -0.0133094 0.0015147
internal_weight=104024 103963 103900 103807 680 525 262 117 155 263 115 148 145 103127 528 221 307 102599 995 493 432 373 274 136 502 322 186 134 180 138
internal_count=104024 103963 103900 103807 680 525 262 117 155 263 115 148 145 103127 528 221 307 102599 995 493 432 373 274 136 502 322 186 134 180 138
is_linear=0
shrinkage=0.03


Tree=187
num_leaves=31
num_cat=1
split_feature=20 4 31 32 11 20 11 13 0 26 25 31 12 27 1 21 3 0 22 11 27 1 1 12 21 26 12 4 27 0
split_gain=33.6108 46.9123 34.7631 76.5772 88.41 131.385 87.381 86.9728 70.4066 71.0546 131.581 66.6928 65.4707 153.007 92.4692 94.5097 97.5591 79.2529 127.475 83.3757 70.6167 65.2931 104.293 70.7952 92.4281 64.1275 185.856 141.757 119.361 109.833
threshold=-1.4999999999999998 0.15336000174283984 4.6499998569488534 0 14.449999809265138 3.5000000000000004 14.633333683013918 0.25207500159740454 5.1666667461395273 1.5833333134651186 1.1000000238418581 8.9499998092651385 5.9449999332427987 0.55000001192092907 63.166666030883796 1.0000000180025095e-35 5.0166666507720956 4.1666667461395273 1.8333333134651186 8.0999999046325701 0.63333335518836986 53.833333969116218 55.416666030883796 6.1449999809265146 13.500000000000002 1.1666666865348818 4.6224999427795419 0.36381500959396368 1.3666666746139529 3.1666666269302373
decision_type=2 8 2 9 2 2 2 8 2 10 10 2 2 10 2 2 2 2 10 2 10 2 2 2 2 8 2 10 10 2
left_child=1 -1 -2 25 5 12 7 -6 11 10 -10 -7 14 -14 15 -5 -17 18 19 -18 -15 23 -23 24 -8 26 -4 -27 29 -28
right_child=2 -3 3 4 6 8 21 -9 9 -11 -12 -13 13 20 -16 16 17 -19 -20 -21 -22 22 -24 -25 -26 27 28 -29 -30 -31
leaf_value=0.0022931725518970654 -0.00053799464195260335 -0.028951713206506399 0.0036378982285268013 -0.00085650847415329732 0.0046094300970435141 0.0043282178671283098 0.0206532685363362 -0.040150835816748436 0.0015431297936681972 0.0055019510389807125 0.059716748040775917 0.030585527173601659 0.054638997570185331 -0.028514916377349032 -0.0040777273700743849 0.0024260322494120278 -0.0085036390801625592 -0.0060120223932070274 0.066208726689219469 0.038495461629195642 0.0069237030267680017 0.041192299056798214 -0.0023436553181486503 -0.030432478495111517 -0.017512111267184508 0.001235766349704515 -0.0071440725253438045 -0.046706600380795341 0.062746155923232433 0.030056980497216525
leaf_weight=87 53332 86 4271 16429 60 2011 86 112 59 130 86 91 59 54 4730 8621 70 73 62 66 805 50 5186 154 170 6305 106 56 64 219
leaf_count=87 53332 86 4271 16429 60 2011 86 112 59 130 86 91 59 54 4730 8621 70 73 62 66 805 50 5186 154 170 6305 106 56 64 219
internal_value=-2.67803e-05 -0.013239 -4.69979e-06 0.000562037 -5.99515e-05 0.000535412 -0.00347239 -0.0245368 0.00733246 0.021607 0.0360461 0.00546495 1.37099e-05 0.00790575 -0.000227377 0.000491875 0.00298317 0.0207067 0.0305575 0.0143047 0.0046959 -0.00283069 -0.00192792 -0.0143597 -0.00469093 0.00276986 0.00544601 0.000813699 0.0252981 0.0179237
internal_weight=103690 173 103517 50185 39164 33346 5818 172 2377 275 145 2102 30969 918 30051 25321 8892 271 198 136 859 5646 5236 410 256 11021 4660 6361 389 325
internal_count=103690 173 103517 50185 39164 33346 5818 172 2377 275 145 2102 30969 918 30051 25321 8892 271 198 136 859 5646 5236 410 256 11021 4660 6361 389 325
cat_boundaries=0 1
cat_threshold=10
is_linear=0
shrinkage=0.03


Tree=188
num_leaves=31
num_cat=1
split_feature=13 1 1 29 2 2 3 29 12 5 17 28 32 21 17 9 11 4 20 27 22 22 22 27 24 19 27 21 29 19
split_gain=44.9936 98.1154 124.308 39.7109 87.0476 93.0085 132.952 122.173 100.726 87.1472 94.5777 75.8711 71.704 71.6237 78.2478 106.172 146.597 71.018 100.495 97.7702 97.812 69.181 66.4311 120.518 85.84 110.478 77.4838 85.6724 68.4164 113
threshold=0.78199997544288646 89.833332061767592 83.166667938232436 1.8999999761581423 2.5833333730697636 28.583333015441898 8.7166666984558123 2.4500000476837163 7.4266667366027841 0.35148333013057714 0.45000000298023229 2.8333333730697636 0 15.500000000000002 0.36666667461395269 1.4499999880790713 7.9000000953674325 0.090043336153030409 2.5000000000000004 1.7749999761581423 0.41666667163372045 1.5833333134651186 1.5833333134651186 0.45000000298023229 1.8333333134651186 29.500000000000004 0.63333335518836986 77.500000000000014 2.1000000238418584 12.500000000000002
decision_type=10 2 2 10 2 2 2 10 2 8 2 10 9 2 2 2 2 8 2 10 10 10 10 10 10 2 10 2 10 2
left_child=3 2 -2 -1 -5 6 9 -7 -8 10 11 13 -11 -6 15 16 -15 18 19 20 -14 -10 26 -24 28 -26 27 -19 29 -25
right_child=1 -3 -4 4 5 7 8 -9 21 12 -12 -13 17 14 -16 -17 -18 22 -20 -21 -22 -23 23 24 25 -27 -28 -29 -30 -31
leaf_value=-0.00021846995903891596 -0.024955614308516186 -0.036388814973179251 0.030987094249313982 -0.0003052864150749134 0.0028143209877224372 -0.036398030954681464 0.055406051918702279 0.01127535167604503 -0.0065824357043491313 -0.0013722415440683589 0.044586307835929533 -0.0046004649770472897 -0.021144810394917644 0.016001364724361339 0.050334456679411228 0.0022382740196805911 0.068429422576446089 0.0141566021637801 -0.012082830566952521 -0.011099105912605526 0.011876571503733375 0.027487931481666034 0.043440778754237623 0.048800156234788734 0.014782595799511505 0.064160784656325215 0.0071038819606007112 -0.019361924278716591 -0.0015435386551792677 0.0030779741219126842
leaf_weight=79841 72 96 71 14307 420 118 69 82 89 3346 68 313 89 192 64 274 64 98 470 289 869 135 108 74 189 52 1237 229 487 142
leaf_count=79841 72 96 71 14307 420 118 69 82 89 3346 68 313 89 192 64 274 64 98 470 289 869 135 108 74 189 52 1237 229 487 142
internal_value=7.25692e-05 -0.0129291 0.00282014 0.00010253 0.00117604 0.00339129 0.00382352 -0.0168519 0.0237135 0.00318127 0.0100791 0.00831086 0.00192818 0.0122963 0.0190007 0.015217 0.0291084 0.00446965 -0.000260757 0.00419504 0.00880882 0.013951 0.00759152 0.0134206 0.00998607 0.0254368 0.0036707 -0.00931662 0.0046893 0.0187421
internal_weight=103954 239 143 103715 23874 9567 9367 200 293 9074 1395 1327 7679 1014 594 530 256 4333 1717 1247 958 224 2616 1052 944 241 1564 327 703 216
internal_count=103954 239 143 103715 23874 9567 9367 200 293 9074 1395 1327 7679 1014 594 530 256 4333 1717 1247 958 224 2616 1052 944 241 1564 327 703 216
cat_boundaries=0 1
cat_threshold=32
is_linear=0
shrinkage=0.03


Tree=189
num_leaves=31
num_cat=0
split_feature=1 15 9 10 4 19 29 5 19 14 20 9 25 27 31 20 31 26 24 8 15 2 3 31 26 26 4 5 24 29
split_gain=39.8597 130.566 91.9293 68.5881 81.2381 72.8857 147.698 73.5339 72.565 117.912 75.0092 66.583 61.7108 81.3165 64.5257 63.718 59.656 126.923 65.6842 58.8725 57.7725 83.2581 81.3082 78.4115 71.7721 109.715 79.8858 72.1722 84.092 102.496
threshold=89.833332061767592 1.1000000238418581 10.775000095367433 65.450000762939467 0.023335000500082973 35.500000000000007 1.1000000238418581 1.8683333396911623 34.500000000000007 1.1642799973487856 4.5000000000000009 9.0999999046325701 1.5500000119209292 1.5500000119209292 5.5499999523162851 5.5000000000000009 2.5499999523162846 1.8333333134651186 1.1666666865348818 1.0000000180025095e-35 1.0000000180025095e-35 19.166666984558109 7.1416666507720956 4.7500000000000009 2.1666666269302373 1.4166666865348818 0.21360500156879428 0.76028332114219677 0.83333334326744091 1.8999999761581423
decision_type=2 2 2 2 8 2 10 8 2 8 2 2 10 10 2 2 2 10 10 2 2 2 2 2 8 10 10 8 10 10
left_child=1 11 3 4 -2 8 -7 19 20 -10 -11 16 14 -14 15 -6 17 18 -1 -8 -5 23 -23 -22 25 27 -26 -25 -29 -30
right_child=2 -3 -4 5 12 6 7 -9 9 10 -12 -13 13 -15 -16 -17 -18 -19 -20 -21 21 22 -24 24 26 -27 -28 28 29 -31
leaf_value=0.024360475371133034 -0.010484225156494295 0.040695944938276489 -0.038289033958258535 0.0025833500589843425 0.010337069295031033 -0.034129735495751864 0.040108239604329521 -0.011218166034189032 0.052170648233248636 0.018858631225495501 -0.017935953171139482 -0.027149288213576178 0.04336662341183161 0.0041154250565737689 0.034012080561369659 -0.028760801560838115 -0.00030507694900910567 0.053422630326501248 -0.014513896448894384 0.0032063020082344685 -0.010470168262799369 -0.015505139189132933 -0.00077514510272595847 0.036203489810228348 0.010506269961479119 -0.012329230516619242 0.05401634314614865 -0.016074761624336242 0.0030237102034696185 0.033228434271844368
leaf_weight=67 115 70 52 8602 118 156 55 233 65 145 76 83 136 73 60 55 90467 58 94 133 329 640 713 80 128 298 54 125 364 140
leaf_count=67 115 70 52 8602 118 156 55 233 65 145 76 83 136 73 60 55 90467 58 94 133 329 640 713 80 128 298 54 125 364 140
internal_value=-3.82743e-05 -0.000260215 0.00151915 0.00167971 0.0119771 0.00121476 -0.00919529 4.40823e-05 0.00172556 0.016652 0.00620529 -0.0002918 0.0178211 0.0296569 0.00720453 -0.00209289 -0.000267219 0.0153715 0.00166364 0.0140021 0.00135348 -0.00233143 -0.00774277 0.00249172 0.00607832 0.00294482 0.0234159 0.00936466 0.00595114 0.0114139
internal_weight=103784 90839 12945 12893 557 12336 577 421 11759 286 221 90769 442 209 233 173 90686 219 161 188 11473 2871 1353 1518 1189 1007 182 709 629 504
internal_count=103784 90839 12945 12893 557 12336 577 421 11759 286 221 90769 442 209 233 173 90686 219 161 188 11473 2871 1353 1518 1189 1007 182 709 629 504
is_linear=0
shrinkage=0.03


Tree=190
num_leaves=31
num_cat=0
split_feature=31 29 31 3 2 24 2 25 15 18 23 9 13 7 9 25 10 22 4 2 3 18 26 9 18 5 10 0 4 26
split_gain=49.7052 47.938 59.2166 136.782 204.651 194.179 187.753 133.979 125.318 75.0308 57.7435 57.1832 53.2324 63.9417 52.5036 142.775 98.6699 134.029 53.3081 52.9123 47.2526 42.2869 57.4719 83.4218 111.881 129.262 58.6666 58.3425 44.9742 41.9111
threshold=4.6499998569488534 0.70833334326744091 10.449999809265138 13.183333396911623 29.833333015441898 0.41666667163372045 3.5833333730697636 0.55000001192092907 1.0000000180025095e-35 6.2535715103149423 1.5500000119209292 9.9000000953674334 0.63549998402595531 0.83333334326744091 7.7750000953674325 1.6333333253860476 86.450000762939467 2.5833333730697636 0.85471001267433178 29.833333015441898 6.3416666984558114 2.4677083492279057 0.83333334326744091 4.6333332061767587 3.013513565063477 1.230116665363312 76.450000762939467 6.4166667461395273 0.29395666718482977 1.5833333134651186
decision_type=2 8 2 2 2 10 2 10 2 2 10 2 10 2 2 10 2 10 10 2 2 2 10 2 2 8 2 2 10 10
left_child=20 12 11 4 5 7 -7 -4 -8 10 -10 14 13 21 18 16 17 -16 -3 -18 -1 28 23 24 -23 -26 -27 -24 -2 -12
right_child=1 2 3 -5 -6 6 8 -9 9 -11 29 -13 -14 -15 15 -17 19 -19 -20 -21 -22 22 27 -25 25 26 -28 -29 -30 -31
leaf_value=-0.00049894139538312178 -0.00033110652627624509 0.00098601420703049573 0.014344521854072808 -0.027809398084540259 0.067724391975266446 0.04124059631868645 0.032776381911502943 0.080837352874875062 -0.055939497702261975 0.0017647459257801039 -0.033312606354057792 -0.027589926911251884 -0.029316179715172055 0.032073443111251383 0.07529961133533615 -0.031733425071090463 0.023409536141207662 0.010201964645561846 -0.018633751885592936 -0.018314361537204067 -0.014155748240816444 -0.0093724594399833879 -0.0093258274550610341 -0.021945339991496161 -0.0099808617288039778 0.025609276488301209 0.067939952141360227 0.008631031684331842 0.024442308921498984 0.00048464578781592645
leaf_weight=53194 4220 42962 60 77 59 81 54 50 51 119 75 63 62 51 59 50 59 55 125 51 229 119 1547 78 54 61 57 182 67 59
leaf_count=53194 4220 42962 60 77 59 81 54 50 51 119 75 63 62 51 59 50 59 55 125 51 229 119 1547 78 54 61 57 182 67 59
internal_value=8.07582e-05 0.000754513 0.0011089 0.00986074 0.0146315 0.00892567 -5.34867e-06 0.0445685 -0.00933753 -0.0168183 -0.0287717 0.000970846 -0.00165112 -0.00138461 0.00101234 0.0141031 0.0243344 0.0438929 0.000929095 0.00406482 -0.000557482 -0.00165186 -0.0051418 0.00560628 0.0129913 0.0284638 0.0460571 -0.00743563 5.60684e-05 -0.0184317
internal_weight=104030 50607 44109 685 608 549 439 110 358 304 185 43424 6498 6436 43361 274 224 114 43087 110 53423 6385 2098 369 291 172 118 1729 4287 134
internal_count=104030 50607 44109 685 608 549 439 110 358 304 185 43424 6498 6436 43361 274 224 114 43087 110 53423 6385 2098 369 291 172 118 1729 4287 134
is_linear=0
shrinkage=0.03


Tree=191
num_leaves=31
num_cat=0
split_feature=9 9 7 5 12 12 31 12 19 16 12 3 19 20 3 3 22 18 18 7 1 12 19 5 10 3 20 20 29 3
split_gain=37.0515 121.688 84.2217 71.5955 60.7841 49.4909 48.7967 48.6781 123.888 66.9427 40.7191 110.797 144.008 78.3456 55.6999 115.088 113.227 81.7959 160.962 69.3911 65.6631 117.3 112.427 136.918 60.738 57.5139 74.9613 52.2477 48.6463 68.2077
threshold=9.3666663169860858 8.7083334922790545 1.0000000180025095e-35 0.42755000293254858 12.444999694824221 12.444999694824221 0.65000000596046459 11.150000095367433 8.5000000000000018 0.36666667461395269 9.6325001716613787 10.616666793823244 18.500000000000004 6.5000000000000009 8.5166668891906756 9.8416666984558123 0.83333334326744091 3.3380951881408696 2.9451951980590825 1.0000000180025095e-35 87.416667938232436 6.8224999904632577 25.500000000000004 0.62363332509994518 89.90000152587892 10.341666698455812 5.5000000000000009 8.5000000000000018 1.2916666865348818 9.0416669845581072
decision_type=2 2 2 8 2 2 2 2 2 2 2 2 2 2 2 2 10 2 2 2 2 2 2 10 2 2 2 2 10 2
left_child=1 5 -3 -2 -5 6 -1 10 -9 -10 14 -12 -13 -14 -8 16 -16 18 -17 28 22 -22 23 -21 -23 -19 -27 -28 -18 -30
right_child=3 2 -4 4 -6 -7 7 8 9 -11 11 12 13 -15 15 17 19 25 -20 20 21 24 -24 -25 -26 26 27 -29 29 -31
leaf_value=-0.027957753786551097 -0.04085455827543448 0.058632510854458468 0.007316377594002655 -0.019021379276691525 0.017381020160664066 -0.021290523984079837 -6.2690841848254167e-06 0.055773624283075335 0.024021144274033998 -0.019912399481172148 -0.02004085677288106 -0.01718322554370388 0.056475951546537027 0.0071372376158833498 -0.021427696277833964 -0.0096947063068332888 -0.0081653646708411323 -0.033767521488951166 0.056751787101521206 0.029813825651071966 0.051390207928587804 -0.01938238878250122 0.0069855987377788701 0.092714673390283303 0.020404354948550463 -0.026064069470409876 0.029756280344800424 -0.0067313842644745655 -0.0032476519026926583 0.038340225893383227
leaf_weight=56 58 53 63 89 77 98 101311 50 57 69 305 108 56 60 73 92 119 89 51 80 53 75 69 51 64 97 59 88 70 72
leaf_count=56 58 53 63 89 77 98 101311 50 57 69 305 108 56 60 73 92 119 89 51 80 53 75 69 51 64 97 59 88 70 72
internal_value=2.66558e-05 5.30366e-05 0.0307625 -0.0121613 -0.00213593 1.85756e-05 3.87965e-05 5.39858e-05 0.0158178 -3.77011e-05 2.70606e-05 -0.00827479 0.00774598 0.0309559 6.99008e-05 0.0064899 0.0140065 -0.00497445 0.014003 0.0179677 0.0259476 0.013416 0.0379778 0.0543019 -0.00106331 -0.0131239 -0.00559408 0.00791332 0.00598269 0.0178392
internal_weight=103712 103488 116 224 166 103372 103274 103218 176 126 103042 529 224 116 102513 1202 726 476 143 653 392 192 200 131 139 333 244 147 261 142
internal_count=103712 103488 116 224 166 103372 103274 103218 176 126 103042 529 224 116 102513 1202 726 476 143 653 392 192 200 131 139 333 244 147 261 142
is_linear=0
shrinkage=0.03


Tree=192
num_leaves=31
num_cat=1
split_feature=31 10 32 27 31 5 2 14 14 5 12 25 18 3 2 1 25 25 10 0 1 4 3 12 5 3 3 29 14 29
split_gain=34.7909 80.6619 56.7492 72.8296 88.4552 176.004 92.8852 72.3331 64.7485 104.527 66.2168 52.1647 89.3262 49.1825 50.9371 60.5766 95.2527 116.412 96.6078 86.2407 82.8553 79.8286 61.959 64.0251 57.7426 58.9672 111.017 76.0888 107.273 72.2464
threshold=4.0499999523162851 17.899999618530277 0 1.8999999761581423 6.9500000476837167 0.78345000743865978 18.166666984558109 1.5782299637794497 1.4262099862098696 1.456933379173279 2.9100000858306889 2.1000000238418584 2.2952070236206059 8.5166668891906756 21.166666984558109 86.166667938232436 2.7083333730697636 2.4500000476837163 64.099998474121108 1.1666666865348818 60.166666030883796 0.056150000542402274 5.3166668415069589 3.745000004768372 2.2683333158493046 4.116666555404664 3.8416665792465214 1.3666666746139529 1.1121799945831301 2.2916666269302373
decision_type=2 2 9 8 2 8 2 10 10 10 2 10 2 2 2 2 10 10 2 2 2 10 2 2 10 2 2 10 10 10
left_child=1 -1 3 4 13 -6 -7 8 -5 -10 -11 -9 -13 14 15 20 17 18 21 -19 -2 -17 23 -22 25 26 -20 -28 -29 -27
right_child=2 -3 -4 7 5 6 -8 11 9 10 -12 12 -14 -15 -16 16 -18 19 24 -21 22 -23 -24 -25 -26 29 27 28 -30 -31
leaf_value=-0.0006508850272464175 0.0019047205866871797 -0.0076599749219120761 -0.00042556047194732065 -0.0010672576563778378 -0.021197077778519174 0.072638706323504443 0.022122372766858651 -0.019400917358019135 0.044244270909205075 0.019942692563636229 -0.024726886875661352 -0.014435000340347641 0.027943643502452792 0.030409445263859296 -0.0035745236136498723 0.014268183328211307 -0.014551834086222307 0.0081997128428313235 0.0049858855295802701 0.058706907992600463 -0.0042264826550764403 0.056588491095968009 0.019859089635940921 -0.02207810244041879 -0.017350463586436077 -0.006182933935221839 0.0059662409836755076 0.06915649666235997 0.012229446933689443 0.020272862120209453
leaf_weight=13589 15131 1658 56996 6929 61 50 95 330 75 64 56 131 68 54 1515 165 217 58 3601 64 1264 53 83 211 110 705 85 65 55 107
leaf_count=13589 15131 1658 56996 6929 61 50 95 330 75 64 56 131 68 54 1515 165 217 58 3601 64 1264 53 83 211 110 705 85 65 55 107
internal_value=-8.96175e-05 -0.00141307 0.000138654 0.00116249 0.00198301 0.021556 0.0395418 -0.00138223 -0.000587462 0.0164613 -0.000903111 -0.0120853 4.61443e-05 0.00181174 0.001746 0.00211282 0.00491188 0.00574527 0.00503118 0.0346953 0.00122643 0.0245571 -0.00536101 -0.00678017 0.00413087 0.00464256 0.00620838 0.0276825 0.0430649 -0.00269676
internal_weight=103645 15247 88398 31402 23749 206 145 7653 7124 195 120 529 199 23543 23489 21974 5285 5068 4946 122 16689 218 1558 1475 4728 4618 3806 205 120 812
internal_count=103645 15247 88398 31402 23749 206 145 7653 7124 195 120 529 199 23543 23489 21974 5285 5068 4946 122 16689 218 1558 1475 4728 4618 3806 205 120 812
cat_boundaries=0 1
cat_threshold=10
is_linear=0
shrinkage=0.03


Tree=193
num_leaves=31
num_cat=0
split_feature=31 18 29 0 24 31 19 29 15 1 0 27 31 30 28 1 13 3 2 19 13 3 12 16 3 10 1 18 1 30
split_gain=63.2646 83.8281 83.5645 128.884 99.4876 53.0123 102.022 76.3295 110.253 77.7785 71.2013 66.8146 89.9921 72.2293 66.5772 56.3237 90.6772 96.0316 80.6691 45.3272 42.6683 40.8504 132.573 122.803 118.853 114.323 101.779 101.696 138.308 101.125
threshold=3.7500000000000004 2.3288288116455083 0.90000000596046459 4.8333332538604745 0.83333334326744091 6.2500000000000009 2.5000000000000004 0.70833334326744091 0.22500000149011615 88.833332061767592 4.1666667461395273 1.1000000238418581 8.1500000953674334 1.0000000180025095e-35 1.0000000180025095e-35 71.833332061767592 0.16600399464368823 8.7166666984558123 5.4166667461395273 1.5000000000000002 0.22008600085973742 6.5416667461395273 5.6899998188018808 1.0000000180025095e-35 6.7166664600372323 54.100000381469734 59.166666030883796 4.75337839126587 71.166667938232436 1.0000000180025095e-35
decision_type=2 2 10 2 10 2 2 10 2 2 2 10 2 2 10 2 8 2 2 2 10 2 2 2 2 2 2 2 2 2
left_child=1 -1 -3 -4 -5 -2 15 8 11 10 -10 12 13 -8 -9 18 -17 19 -7 -18 -13 22 27 -24 -23 -25 -27 28 -16 -28
right_child=5 2 3 4 -6 6 7 14 9 -11 -12 20 -14 -15 21 16 17 -19 -20 -21 -22 24 23 25 -26 26 29 -29 -30 -31
leaf_value=0.045489389158663199 -0.00010641972674544087 0.037339947463146277 -0.0405557422920809 -0.015538734412193297 0.043188625540998248 0.014008876883823957 0.046098526001907877 -0.025790592605197751 -0.0052024033166948825 -0.00029088515015143269 -0.043777585021675905 -0.0082815400955869867 -0.0186386119077603 0.0048301614984257576 0.0033844339580718107 -0.0021598839924432509 0.032879534189899765 0.0090046880752952009 -0.023797719513914031 0.068866504572686699 0.015953082991391421 -0.035909577604517878 0.031914174760241512 0.049263524960945639 0.00070935337882170948 -0.027875977908926351 -0.0074473964263593534 0.022452007255928459 -0.012216925650442901 0.024761130952935539
leaf_weight=61 94014 56 59 50 54 210 80 74 62 106 141 510 54 73 3882 86 63 81 67 63 75 83 273 51 2050 84 173 215 589 178
leaf_count=61 94014 56 59 50 54 210 80 74 62 106 141 510 54 73 3882 86 63 81 67 63 75 83 273 51 2050 84 173 215 589 178
internal_value=0.000146142 0.014387 0.00572373 -0.00513828 0.0149543 0.000107555 0.0022653 0.00146445 -0.0059211 -0.0211198 -0.031996 8.70531e-06 0.014657 0.0264084 0.00252711 0.0145632 0.0237325 0.0344898 0.00486432 0.050873 -0.00517454 0.00280364 0.00418224 0.0158136 -0.000715575 0.00676942 0.00178736 0.00229829 0.00132914 0.00888627
internal_weight=103617 280 219 163 104 103337 9323 8753 1101 309 203 792 207 153 7652 570 293 207 277 126 585 7578 5445 759 2133 486 435 4686 4471 351
internal_count=103617 280 219 163 104 103337 9323 8753 1101 309 203 792 207 153 7652 570 293 207 277 126 585 7578 5445 759 2133 486 435 4686 4471 351
is_linear=0
shrinkage=0.03


Tree=194
num_leaves=31
num_cat=0
split_feature=4 4 5 29 4 22 23 2 11 10 10 16 31 29 22 26 29 12 0 11 24 12 18 12 11 10 17 18 18 11
split_gain=37.0381 61.1729 56.515 103.136 86.0023 56.6463 55.8305 47.9653 103.348 47.1575 64.595 63.7801 64.0433 56.3084 44.6985 69.839 122.84 68.9361 56.1516 74.1576 50.083 73.2963 72.6282 137.607 122.798 95.9393 68.3921 103.757 97.1197 76.8408
threshold=0.080274999141693129 0.076868332922458663 0.33090001344680792 2.3666666746139531 0.15065000206232074 4.1666667461395273 2.1000000238418584 17.583333015441898 13.449999809265138 28.10000038146973 16.633333206176761 1.0000000180025095e-35 5.7500000000000009 1.5500000119209292 3.1666666269302373 1.1666666865348818 1.7749999761581423 8.2225003242492694 10.583333492279055 33.100000381469734 0.83333334326744091 10.409999847412111 4.75337839126587 9.8450002670288104 14.09999990463257 81.450000762939467 0.36666667461395269 4.1126985549926767 2.8027777671813969 18.22500038146973
decision_type=10 10 10 10 10 10 10 2 2 2 2 2 2 10 10 10 10 2 2 2 10 2 2 2 2 2 2 2 2 2
left_child=1 -1 3 7 -5 14 -6 8 9 10 -2 12 13 -11 18 16 -16 -17 19 20 21 -4 23 26 25 -24 27 -22 -28 -29
right_child=2 -3 5 4 6 -7 -8 -9 -10 11 -12 -13 -14 -15 15 17 -18 -19 -20 -21 22 -23 24 -25 -26 -27 28 29 -30 -31
leaf_value=-0.00034711492153072991 0.0074113370084611073 -0.015004174833327298 -0.0045455517223360626 0.053046539053572588 -0.010583089979158506 -0.028652775949340754 0.031806093295072689 0.024584590873033132 -0.033487954005275086 -0.0028941696542589103 -0.012692599832080305 -0.0050365406514729484 0.041757302095110596 0.03571304490241934 0.060678739098169031 0.0097125233879617971 0.0011058003283952447 -0.026854152747526248 0.030136415728514918 -0.033548624649130061 0.00069675351813793245 0.030859299376606943 0.014667244269297672 -0.041170248579766068 0.005047603964014759 0.069337891638278956 -0.0016302230351151513 -0.029179954510680176 0.015457735864889868 0.0021541854413638334
leaf_weight=90940 359 257 2068 74 54 59 58 92 69 102 240 118 91 51 59 232 66 58 57 58 6062 54 65 70 537 52 552 187 654 113
leaf_count=90940 359 257 2068 74 54 59 58 92 69 102 240 118 91 51 59 232 66 58 57 58 6062 54 65 70 537 52 552 187 654 113
internal_value=-0.000179915 -0.00038842 0.00136464 0.00725996 0.0279501 0.000663818 0.0113685 0.00383006 0.00197625 0.00452259 -0.000643663 0.0130712 0.0218282 0.0099749 0.000821866 0.010479 0.0292242 0.00239919 0.00044123 0.000279597 0.000468 -0.00364458 0.00152045 0.000698881 0.0111155 0.0389653 0.00108615 -0.000155534 0.00763638 -0.0173774
internal_weight=103508 91197 12311 1308 186 11003 112 1122 1030 961 599 362 244 153 10944 415 125 290 10529 10472 10414 2122 8292 7638 654 117 7568 6362 1206 300
internal_count=103508 91197 12311 1308 186 11003 112 1122 1030 961 599 362 244 153 10944 415 125 290 10529 10472 10414 2122 8292 7638 654 117 7568 6362 1206 300
is_linear=0
shrinkage=0.03


Tree=195
num_leaves=31
num_cat=0
split_feature=13 0 2 11 31 13 26 30 20 1 1 2 12 7 2 31 22 3 20 3 14 17 26 19 28 0 31 13 12 14
split_gain=58.8592 42.2589 89.5317 44.6456 153.003 70.2942 87.0947 37.3674 74.7354 61.1032 60.4595 84.6135 121.13 90.3149 83.6761 83.3991 76.8184 139.699 112.256 72.3472 69.0805 86.0131 60.5615 56.158 155.292 59.9113 68.9567 94.4447 58.6421 82.9338
threshold=0.70499998331069957 11.166666507720949 38.500000000000007 29.899999618530277 10.34999990463257 0.33812999725341802 1.8333333134651186 1.0000000180025095e-35 14.500000000000002 84.833332061767592 35.833333969116218 20.833333015441898 9.426666736602785 0.41666667163372045 10.583333492279055 11.650000095367433 2.5833333730697636 7.8166668415069589 5.5000000000000009 2.2416666746139531 0.65803998708724987 0.45000000298023229 0.83333334326744091 8.5000000000000018 3.8333333730697636 1.5833333134651186 7.0499999523162851 0.53225001692771923 2.9100000858306889 0.43225000798702246
decision_type=10 2 2 2 2 10 10 2 2 2 2 2 2 2 2 2 10 2 2 2 8 2 10 2 10 2 2 8 2 8
left_child=1 2 3 7 5 6 -5 -1 10 -10 14 12 15 20 -9 23 17 -15 -19 -16 21 -13 -22 24 25 28 -27 -28 29 -12
right_child=-2 -3 -4 4 -6 -7 -8 8 9 -11 11 13 -14 16 19 -17 -18 18 -20 -21 22 -23 -24 -25 -26 26 27 -29 -30 -31
leaf_value=-0.0004784682377812236 -0.011675666138841844 -0.018900454595119558 0.038760123066604132 0.036612106519539583 0.059751457670331 -0.02607999102026224 -0.01558578997850418 2.1901475542427108e-05 0.041235287938569044 -0.0016949504747986793 0.019448409734789139 -0.0060392387760803109 -0.023814926838600321 -0.0042381900159712384 0.016625654023702974 0.034041449762880802 -0.009234144983287805 0.071021870849954497 0.012424730522824185 -0.021746271876095048 -0.019757117612254196 0.029108941507281608 -0.0055172722825424722 0.0039259081462985892 0.048602552737452481 -0.0056069097888430015 0.036616850910817879 -0.0082374634392493006 0.015850131961535788 -0.0051122445112659612
leaf_weight=51679 382 105 54 66 50 60 51 33984 74 50 157 160 152 106 53 78 117 62 56 267 355 103 1107 11605 57 2072 85 84 298 584
leaf_count=51679 382 105 54 66 50 60 51 33984 74 50 157 160 152 106 53 78 117 62 56 267 355 103 1107 11605 57 2072 85 84 298 584
internal_value=7.86825e-05 0.000121969 0.000141244 0.000121109 0.013411 0.000320476 0.0138592 9.19172e-05 0.000662446 0.0239247 0.000606482 0.00205593 0.00283153 -0.00363986 -0.000121875 0.00310119 0.0104677 0.0207584 0.0432131 -0.0153909 -0.00642867 0.00772602 -0.00897496 0.00293968 -0.00049011 -0.00134324 -0.00410399 0.0143224 0.00461135 9.15648e-05
internal_weight=104113 103731 103626 103572 227 177 117 103345 51666 124 51542 17238 15172 2066 34304 15020 341 224 118 320 1725 263 1462 14942 3337 3280 2241 169 1039 741
internal_count=104113 103731 103626 103572 227 177 117 103345 51666 124 51542 17238 15172 2066 34304 15020 341 224 118 320 1725 263 1462 14942 3337 3280 2241 169 1039 741
is_linear=0
shrinkage=0.03


Tree=196
num_leaves=31
num_cat=0
split_feature=31 9 26 3 12 27 3 18 30 12 21 28 19 20 20 13 5 17 29 18 31 1 11 0 25 23 13 17 25 23
split_gain=70.2291 75.9928 109.35 47.2388 79.7055 66.7253 76.116 189.443 55.2108 110.038 70.2027 52.2748 70.3587 63.5631 116.697 65.3918 51.015 53.5357 113.913 61.5755 127.689 59.4896 48.1996 47.4004 44.8723 44.09 106.253 74.2823 87.9974 99.8007
threshold=3.6499999761581425 4.9000000953674325 1.1666666865348818 2.3833333253860478 1.8225000500679018 2.3666666746139531 2.7416666746139531 1.8198052048683169 1.0000000180025095e-35 1.5099999904632571 74.500000000000014 0.58333334326744091 1.5000000000000002 16.500000000000004 14.500000000000002 0.74674999713897716 1.8316667079925539 0.55000001192092907 0.22500000149011615 1.6711711287498476 4.9500000476837167 77.833332061767592 19.22500038146973 2.1666666269302373 2.3666666746139531 1.7083333134651186 0.70499998331069957 0.36666667461395269 2.1000000238418584 2.4500000476837163
decision_type=2 2 10 2 2 10 2 2 2 2 2 8 2 2 2 8 10 2 10 2 2 2 2 2 10 10 10 2 10 10
left_child=1 -1 -3 -2 5 6 8 -8 -5 -10 -11 12 -6 14 25 -16 17 19 -19 20 -14 -22 -20 -12 -18 26 -13 28 29 -27
right_child=3 2 -4 4 11 -7 7 -9 9 10 23 13 16 -15 15 -17 24 18 22 -21 21 -23 -24 -25 -26 27 -28 -29 -30 -31
leaf_value=0.036786899305880069 -0.00029741512535914135 0.03578756937491042 -0.017275090558874991 -0.0022653222709376332 0.016487921114894562 -0.012365799437070057 0.0099921611877474576 0.070781808652556857 0.049038073111059406 -0.0082276799792381818 0.04532783070469603 0.00047050181862244328 -0.0098758807714597416 -0.022521765581890941 0.042552691185160689 0.0067649031011910912 0.026131899229250848 0.035832312054239035 0.0089013505396100551 -0.0094901936721839535 0.011537896725104043 0.04938215259211854 -0.019187464602291582 0.004998130931312011 -0.0086633031377634732 0.0017773303122250771 -0.032050109720164602 0.0066227108955183725 0.010387793747067092 -0.0090746680596890828
leaf_weight=97 77712 56 93 290 157 108 159 65 70 133 51 14204 283 100 95 89 90 86 112 1706 133 52 108 54 53 2853 91 3150 706 1041
leaf_count=97 77712 56 93 290 157 108 159 65 70 133 51 14204 283 100 95 89 90 86 112 1706 133 52 108 54 53 2853 91 3150 706 1041
internal_value=0.000111093 0.0161213 0.00266792 7.31312e-05 0.00117901 0.00980336 0.0127161 0.027632 0.00712886 0.015974 0.00624932 0.000859574 -0.00301983 0.00134257 0.00144992 0.0252423 -0.00418747 -0.00519212 0.00655648 -0.00684578 0.00279388 0.0221752 -0.0048877 0.0245868 0.0132358 0.00125134 0.00026348 0.00307346 0.000642995 -0.00112378
internal_weight=103997 246 149 103751 26039 930 822 224 598 308 238 25109 2780 22329 22229 184 2623 2480 306 2174 468 185 220 105 143 22045 14295 7750 4600 3894
internal_count=103997 246 149 103751 26039 930 822 224 598 308 238 25109 2780 22329 22229 184 2623 2480 306 2174 468 185 220 105 143 22045 14295 7750 4600 3894
is_linear=0
shrinkage=0.03


Tree=197
num_leaves=31
num_cat=0
split_feature=30 20 20 1 14 27 7 2 21 14 22 18 22 23 29 1 23 27 24 18 18 2 29 23 26 24 19 3 1 5
split_gain=48.9147 106.913 73.6599 157.809 71.0717 86.5557 67.3745 78.7905 59.2575 101.096 86.006 144.731 80.8022 170.286 130.254 146.632 107.972 77.8053 74.9738 106.811 70.1198 68.4154 67.5769 94.7451 66.7482 91.9798 119.448 171.944 119.984 113.626
threshold=1.0000000180025095e-35 15.500000000000002 14.500000000000002 83.416667938232436 0.78804999589920055 1.0000000180025095e-35 0.83333334326744091 31.166666984558109 1.0000000180025095e-35 0.02009999938309193 0.41666667163372045 2.086335420608521 1.1666666865348818 1.3666666746139529 1.2916666865348818 67.416667938232436 1.1000000238418581 3.4500000476837163 1.4166666865348818 4.1126985549926767 0.13840996474027636 9.166666507720949 0.55000001192092907 3.7333333492279057 1.4166666865348818 1.5833333134651186 34.500000000000007 2.3416665792465214 71.166667938232436 1.3909166455268862
decision_type=2 2 2 2 10 10 2 2 2 8 10 2 10 10 10 2 10 10 10 2 2 2 8 10 10 10 2 2 2 8
left_child=1 4 8 -4 6 -6 7 -1 -2 10 11 -10 -12 16 15 -15 -14 20 19 -17 -11 -16 -22 24 -24 26 -26 -28 -29 -27
right_child=2 -3 3 -5 5 -7 -8 -9 9 17 12 -13 13 14 21 18 -18 -19 -20 -21 22 -23 23 -25 25 29 27 28 -30 -31
leaf_value=-5.1102376286503631e-05 -0.00016307407257613575 -0.032856035442293985 0.047717352065703142 -0.0063445786515124213 0.028163685308626066 -0.0036128462989091096 -0.023386156236299794 0.023895992118745081 0.0094182619289044402 -0.013249874041988125 -0.0020258343823981971 0.060650405275495076 0.015563007027462676 0.0017311484544611385 0.0063720153450015351 -0.0011502324302758401 0.064855450634149048 -0.018373376052826643 0.060757080928920057 0.055595262646675109 -0.0054470262070191377 -0.018572169396251736 0.00074412550217662992 -0.024342084550722076 0.0059883048218448099 0.0070908029937632178 -0.0024194011402626833 0.078255909525363126 0.027195720688419803 -0.0041060442725843263
leaf_weight=44405 30362 92 92 103 78 7064 111 124 155 288 654 73 81 241 194 72 79 180 73 51 1131 202 10382 121 3738 1445 126 59 139 1873
leaf_count=44405 30362 92 92 103 78 7064 111 124 155 288 654 73 81 241 194 72 79 180 73 51 1131 202 10382 121 3738 1445 126 59 139 1873
internal_value=0.000106959 -0.000544571 0.000757987 0.0191616 -0.000487164 -0.0032658 -4.26067e-05 1.55831e-05 0.000688599 0.00189937 0.00855264 0.0258215 0.00616205 0.0115547 0.00610997 0.0174028 0.0399012 0.00125904 0.0366725 0.0223784 0.00144213 -0.00635204 0.00166466 0.00211444 0.00229467 0.00447593 0.00750289 0.0249767 0.0424106 0.00077022
internal_weight=103788 51874 51914 195 51782 7142 44640 44529 51719 21357 1875 228 1647 993 833 437 160 19482 196 123 19302 396 19014 17883 17762 7380 4062 324 198 3318
internal_count=103788 51874 51914 195 51782 7142 44640 44529 51719 21357 1875 228 1647 993 833 437 160 19482 196 123 19302 396 19014 17883 17762 7380 4062 324 198 3318
is_linear=0
shrinkage=0.03


Tree=198
num_leaves=31
num_cat=0
split_feature=9 31 31 20 20 2 11 10 31 2 9 11 4 13 2 4 24 25 19 3 3 7 19 2 9 20 13 31 2 24
split_gain=56.1439 49.9636 114.617 54.9301 91.7652 94.8024 69.397 63.4228 61.2743 101.439 132.478 112.016 99.2609 82.5737 117.512 107.278 115.44 103.878 140.792 85.2312 68.0303 58.8296 95.2637 67.8117 113.503 71.2786 97.5949 56.2188 112.27 96.9752
threshold=11.900000095367433 0.65000000596046459 0.95000001788139354 16.500000000000004 13.500000000000002 18.583333015441898 24.10000038146973 81.099998474121108 9.7500000000000018 28.833333015441898 7.4500000476837167 22.10000038146973 0.58116164803504955 0.2485340014100075 14.583333492279055 0.29708832502365118 1.5833333134651186 0.90000000596046459 17.500000000000004 8.3416666984558123 12.483333110809328 1.0000000180025095e-35 4.5000000000000009 26.166666984558109 8.0999999046325701 2.5000000000000004 0.58817899227142345 6.6499998569488534 30.583333015441898 0.83333334326744091
decision_type=2 2 2 2 2 2 2 2 2 2 2 2 10 10 2 8 10 10 2 2 2 2 2 2 2 2 8 2 2 10
left_child=1 -1 -3 4 8 -6 -7 -5 21 10 11 12 13 14 15 -10 17 18 -17 -16 -11 23 -23 24 -4 26 -25 28 -24 -30
right_child=-2 2 3 7 5 6 -8 -9 9 20 -12 -13 -14 -15 19 16 -18 -19 -20 -21 -22 22 27 25 -26 -27 -28 -29 29 -31
leaf_value=-0.028015432501661365 -0.027650105212606597 0.042365831826862529 -3.7058614468878059e-05 -0.00070767418511452206 0.049397018429075103 -0.0030120580166704573 0.029108810417111153 -0.045872681890340411 -0.010368823120925599 0.053611522865983155 -0.038056225753971377 0.040248071545803989 -0.03569081815806302 0.035462874643891661 -0.047393097699649875 -0.0074838943899992634 0.053750515629847839 -0.019002896418946015 0.050900088602268113 -0.0016816182111700374 0.010038220309652388 -0.013031597496949298 -0.00096420648694407339 -0.017694504582323134 0.04473000174497857 -0.016219689656989039 0.039082158876413649 -0.0068281253099712561 0.06042110949754715 0.0044665381631680901
leaf_weight=58 67 57 93354 62 61 177 92 51 151 65 64 81 55 77 62 68 72 74 82 90 64 734 5869 54 51 428 55 1536 50 63
leaf_count=58 67 57 93354 62 61 177 92 51 151 65 64 81 55 77 62 68 72 74 82 90 64 734 5869 54 51 428 55 1536 50 63
internal_value=-0.000196787 -0.00017906 -0.000163491 -0.00018688 -0.000164063 0.0156306 0.00797352 -0.0210919 -0.00021457 0.00715687 0.00349938 0.0067747 0.00306561 0.00621887 0.00245962 0.0102081 0.0207052 0.0100834 0.0244327 -0.0203271 0.0319938 -0.000287062 -0.00271567 -7.37301e-05 -1.26154e-05 -0.0107039 0.0109543 -0.0017085 -0.000393929 0.0292252
internal_weight=103824 103757 103699 103642 103529 330 269 113 103199 1005 876 812 731 676 599 447 296 224 150 152 129 102194 8252 93942 93405 537 109 7518 5982 113
internal_count=103824 103757 103699 103642 103529 330 269 113 103199 1005 876 812 731 676 599 447 296 224 150 152 129 102194 8252 93942 93405 537 109 7518 5982 113
is_linear=0
shrinkage=0.03


Tree=199
num_leaves=31
num_cat=1
split_feature=30 20 19 29 26 31 23 4 19 0 24 2 22 2 12 29 11 26 32 13 26 17 19 28 18 18 31 10 10 20
split_gain=44.9135 66.0299 81.1444 88.1073 65.9149 54.933 171.208 81.629 78.9137 101.075 79.6961 78.6142 79.872 72.0683 86.338 76.5595 76.5684 63.43 55.7991 67.7182 74.4745 115.476 97.1544 73.4823 74.2261 72.797 63.7382 66.696 69.1948 55.3639
threshold=1.0000000180025095e-35 13.500000000000002 26.500000000000004 1.7749999761581423 1.1666666865348818 9.2500000000000018 1.1000000238418581 0.45395000278949743 21.500000000000004 3.5833333730697636 1.1666666865348818 20.833333015441898 3.1666666269302373 15.833333492279055 9.426666736602785 0.55000001192092907 18.44999980926514 0.83333334326744091 0 0.44099999964237219 1.1666666865348818 1.0000000180025095e-35 34.500000000000007 1.8333333134651186 4.2535715103149423 1.1096096634864809 5.5499999523162851 89.450000762939467 74.099998474121108 7.5000000000000009
decision_type=2 2 2 10 10 2 10 10 2 2 8 2 10 2 2 10 2 8 9 10 10 2 2 10 2 2 2 2 2 2
left_child=-1 5 3 4 -3 11 -7 8 10 -10 -8 13 17 -2 15 16 -15 -13 29 20 23 -22 25 24 -20 -23 27 28 -25 -17
right_child=1 2 -4 -5 -6 6 7 -9 9 -11 -12 12 -14 14 -16 18 -18 -19 19 -21 21 22 -24 26 -26 -27 -28 -29 -30 -31
leaf_value=-0.00062344156851695288 0.00037443755017369039 0.046665933137902842 0.049010219964778647 -0.024602282584777899 0.0037851839904837745 0.052552839049125367 0.0013147388780607452 0.028868284502459571 0.034887579081696457 -0.0081036181064636104 -0.032215931685728449 -0.013779078301175364 -0.024587645730405876 -0.021659685513748615 -0.028035155679498398 0.011125134521934879 0.01546639900208569 -0.00059087089545299014 -0.01247724963525954 0.033122808510207963 -0.010272877014940604 0.042495011248914846 0.043589512290186191 0.02275715609119363 0.023515423347095124 0.0078951300310220601 -0.016914442333838212 0.03307465068794585 -0.018691868507303297 0.035377833965149791
leaf_weight=51756 45652 52 53 56 85 73 158 96 96 101 107 420 176 169 70 587 71 1502 541 73 248 58 83 73 57 970 69 111 72 99
leaf_count=51756 45652 52 53 56 85 73 158 96 96 101 107 420 176 169 70 587 71 1502 541 73 248 58 83 73 57 970 69 111 72 99
internal_value=2.13223e-06 0.000625034 0.0161308 0.00710177 0.0200611 0.0005513 0.00934878 0.00369663 -0.00153384 0.0128464 -0.0122241 0.000442668 -0.0052441 0.000686139 0.00493258 0.00563594 -0.0106766 -0.00347279 0.00692335 0.00466006 0.00376997 0.00823638 0.0123681 -0.00280625 -0.00904651 0.00984726 0.00867584 0.0155732 0.00217557 0.014415
internal_weight=103734 51978 246 193 137 51732 631 558 462 197 265 51101 2098 49003 3351 3281 240 1922 3041 2355 2282 1359 1111 923 598 1028 325 256 145 686
internal_count=103734 51978 246 193 137 51732 631 558 462 197 265 51101 2098 49003 3351 3281 240 1922 3041 2355 2282 1359 1111 923 598 1028 325 256 145 686
cat_boundaries=0 1
cat_threshold=12
is_linear=0
shrinkage=0.03


Tree=200
num_leaves=31
num_cat=0
split_feature=24 20 2 9 5 13 29 12 9 4 22 29 2 20 4 1 5 18 1 1 18 18 14 25 28 11 11 5 0 2
split_gain=47.5307 45.2972 38.2865 111.776 66.9407 88.8604 87.5224 100.105 47.1659 39.5992 53.8313 102.096 36.7417 67.7404 81.0687 65.7668 115.97 69.1598 66.4215 84.5575 140.596 83.9792 91.9453 77.1851 65.8277 63.0076 87.1978 87.6181 83.4471 62.0891
threshold=4.8333332538604745 -1.4999999999999998 33.166666030883796 9.3666663169860858 0.86004999279975902 0.65775001049041759 1.1000000238418581 9.6325001716613787 8.7750000953674334 0.85471001267433178 2.1666666269302373 1.2916666865348818 28.583333015441898 6.5000000000000009 0.71499997377395641 66.166667938232436 0.97020000219345104 1.790570139884949 83.833332061767592 86.166667938232436 4.3380954265594491 4.2535715103149423 1.5221299529075625 1.5500000119209292 0.58333334326744091 13.449999809265138 16.10000038146973 0.98030000925064098 3.4166666269302373 20.833333015441898
decision_type=8 2 2 2 10 10 8 2 2 10 10 10 2 2 10 2 8 2 2 2 2 2 8 10 10 2 2 8 2 2
left_child=1 -1 3 8 6 -6 -4 -8 9 12 11 -11 13 -3 15 16 -15 -18 21 20 29 23 -23 -17 -19 -21 27 -27 -28 -20
right_child=-2 2 4 -5 5 -7 7 -9 -10 10 -12 -13 -14 14 -16 18 17 24 19 25 -22 22 -24 -25 -26 26 28 -29 -30 -31
leaf_value=-0.015335591126579878 0.020843981703686894 -5.0605600803328265e-05 0.027467295384407044 -0.034351799486533684 0.0083616621728644386 0.056880037844127325 0.012977206352231808 -0.030964692277724252 0.024006676967885044 0.029452996113721059 -0.035868541029783395 -0.029219929719609874 -0.0080493556680475056 0.00039475407913927264 0.038135634252771 -0.010745267237668341 0.0027933260997924118 -0.0061700748768635091 0.026206512271680617 0.015408651459243472 0.06516431337770294 -0.0041280444554592432 -0.04644251110156377 0.013005435598231311 0.027935610830329322 0.014837864578756339 0.030023849283254911 -0.023811694718117952 0.00060061872651833695 -0.015959910236299037
leaf_weight=172 99 98067 75 85 98 52 86 102 74 51 65 56 499 745 61 304 201 58 66 254 51 95 90 207 418 68 93 236 1291 60
leaf_count=172 99 98067 75 85 98 52 86 102 74 51 65 56 499 745 61 304 201 58 66 254 51 95 90 207 418 68 93 236 1291 60
internal_value=6.6935e-05 4.71149e-05 7.26518e-05 3.61686e-05 0.0091886 0.0251814 6.72558e-05 -0.0108636 6.45167e-05 4.73216e-05 -0.0143353 -0.00125433 7.13709e-05 0.000110957 0.00379732 0.00330295 0.00856172 0.017549 0.000646472 0.00328751 0.0231379 -0.00739429 -0.0247135 -0.00112414 0.0237799 0.00147828 -0.000617872 -0.0151664 0.00257776 0.00612726
internal_weight=103879 103780 103608 103195 413 150 263 188 103110 103036 172 107 102864 102365 4298 4237 1422 677 2815 2119 177 696 185 511 476 1942 1688 304 1384 126
internal_count=103879 103780 103608 103195 413 150 263 188 103110 103036 172 107 102864 102365 4298 4237 1422 677 2815 2119 177 696 185 511 476 1942 1688 304 1384 126
is_linear=0
shrinkage=0.03


Tree=201
num_leaves=31
num_cat=1
split_feature=31 32 26 23 13 14 24 19 19 1 14 29 18 21 29 13 29 2 3 13 9 2 4 23 19 9 9 21 7 11
split_gain=51.022 71.6174 110.499 117.212 166.37 112.732 108.729 94.0711 115.35 135.364 84.947 83.5691 118.072 151.242 90.9958 83.3394 87.5428 148.27 102.861 99.0273 94.776 90.1559 89.3023 79.8781 78.1827 74.1812 71.051 69.933 62.9498 87.0415
threshold=5.0499999523162851 0 1.1666666865348818 2.8999999761581425 0.24402900040149691 1.3581100106239321 0.83333334326744091 14.500000000000002 26.500000000000004 85.166667938232436 1.4528099894523623 1.5500000119209292 3.3133928775787358 74.500000000000014 0.77500000596046459 0.74674999713897716 1.7749999761581423 21.166666984558109 4.8416666984558114 0.16600399464368823 3.6333333253860478 8.5833334922790545 0.31025166809558874 2.4500000476837163 19.500000000000004 1.7749999761581423 3.7749999761581425 59.500000000000007 1.0000000180025095e-35 13.550000190734865
decision_type=2 9 8 10 8 10 10 2 2 2 10 10 2 2 10 10 10 2 2 10 2 2 10 10 2 2 2 2 2 2
left_child=-1 2 3 6 -5 -4 23 -8 9 24 -3 14 13 -13 -10 16 20 18 19 -18 21 -12 -20 27 -9 -16 -7 -2 29 -23
right_child=1 10 5 4 -6 26 7 8 11 -11 15 12 -14 -15 25 -17 17 -19 22 -21 -22 28 -24 -25 -26 -27 -28 -29 -30 -31
leaf_value=-0.00031397533523743181 0.0082420889690254257 0.00011385209947630733 0.0023110478927282894 0.0017012519827660391 0.058787897743284703 -0.01030472372304648 0.00021959684566775364 -0.0016669766322292131 0.026184860746665248 0.051462548660354372 -0.0022356018925548467 0.0075815039277076718 -0.010299765161070666 0.07930200590806849 0.009777621796561612 -0.026197156466669955 0.00080250179964221188 0.062762479350638042 0.02922192662516061 0.053122103476851451 -0.0072462498745049482 0.03362678054968516 -0.019165792541844501 0.035402562126517295 0.032597354027262382 -0.034429114699483877 -0.050713045020710751 -0.011205800641879676 0.049750757262879988 -0.014834312946307208
leaf_weight=73818 268 23817 2753 85 100 150 335 116 58 163 163 55 61 51 54 59 54 67 51 82 336 90 105 50 124 93 53 439 74 53
leaf_count=73818 268 23817 2753 85 100 150 335 116 58 163 163 55 61 51 54 59 54 67 51 82 336 90 105 50 124 93 53 439 74 53
internal_value=0.000109796 0.00115396 0.00442416 0.00978149 0.0325589 0.000720167 0.00752449 0.0135032 0.0192452 0.030365 0.00049561 0.00719867 0.0229527 0.0420885 -0.00563509 0.00851792 0.0104232 0.0225135 0.0132783 0.0323481 0.00436118 0.0146246 -0.00334673 -0.00124219 0.0160363 -0.0181899 -0.0208547 -0.00383376 0.0272892 0.0156657
internal_weight=103777 29959 5008 2052 185 2956 1867 1110 775 403 24951 372 167 106 205 1134 1075 359 292 136 716 380 156 757 240 147 203 707 217 143
internal_count=103777 29959 5008 2052 185 2956 1867 1110 775 403 24951 372 167 106 205 1134 1075 359 292 136 716 380 156 757 240 147 203 707 217 143
cat_boundaries=0 1
cat_threshold=10
is_linear=0
shrinkage=0.03


Tree=202
num_leaves=31
num_cat=0
split_feature=3 12 11 21 16 24 23 17 5 11 6 0 2 18 9 27 26 21 21 31 25 4 4 4 26 27 4 5 11 4
split_gain=64.0759 96.7387 86.3819 115.828 143.63 82.8216 72.1838 64.6038 61.9576 76.8304 123.422 56.3239 58.462 54.7152 75.577 68.9771 57.7491 126.887 95.2402 47.5409 59.1384 39.4283 98.4649 76.3477 89.1521 61.3337 66.371 51.1244 45.4929 43.7452
threshold=11.083333492279055 9.426666736602785 15.366666316986086 74.500000000000014 0.77500000596046459 0.41666667163372045 2.1000000238418584 1.0000000180025095e-35 1.1235166788101199 22.10000038146973 1.1666666865348818 7.8333332538604745 14.583333492279055 7.0227272510528573 8.0999999046325701 2.2250000238418584 1.1666666865348818 89.500000000000014 83.500000000000014 10.34999990463257 0.70833334326744091 0.62166666984558117 0.58686998486518871 0.68166667222976696 1.8333333134651186 1.3666666746139529 0.80833333730697643 1.0471499562263491 16.366666793823246 0.56737667322158825
decision_type=2 2 2 2 2 10 10 2 8 2 2 2 2 2 2 8 10 2 2 2 10 10 10 10 10 10 10 10 2 10
left_child=1 13 -2 -4 5 6 -5 -3 -7 -10 -11 12 -9 14 21 16 17 -15 -18 20 -14 22 29 24 27 28 -27 -23 -25 -1
right_child=2 7 3 4 -6 8 -8 11 9 10 -12 -13 19 15 -16 -17 18 -19 -20 -21 -22 23 -24 25 -26 26 -28 -29 -30 -31
leaf_value=3.7609669334540936e-05 0.043808501844720571 -0.034345913123000754 0.045950143435117552 0.044745666742897955 0.039476433884871154 -0.027721588320675349 -0.0043403092053319724 0.0087045479875602072 -0.022735320452636886 0.026833038719511832 -0.028947581933701737 0.013958372335711663 0.013193136663255044 0.027389213475916122 0.032424772662038991 0.016183420937312277 -0.064699625265267152 -0.035999134931713341 -0.0080902314289332412 -0.042146293522701377 -0.021513112645426935 -0.012189471191167832 -0.030342413750477134 -0.03630207080590097 0.057475526417201418 -0.0026028676271983762 0.034507667848756952 0.029909381204181247 0.0016006669558976826 0.022806496138831501
leaf_weight=101651 59 99 59 52 79 126 56 89 103 119 51 88 59 54 65 57 54 60 53 63 176 50 96 57 53 123 67 54 57 76
leaf_count=101651 59 99 59 52 79 126 56 89 103 119 51 88 59 54 65 57 54 60 53 63 176 50 96 57 53 123 67 54 57 76
internal_value=4.28825e-05 -1.86487e-05 0.00906287 0.00588459 0.00185069 -0.0040121 0.0192937 -0.0123002 -0.0103204 -0.00228913 0.0100989 -0.00770545 -0.0126316 5.00431e-05 8.61446e-05 -0.0132411 -0.0208303 -0.00597308 -0.0366595 -0.0190038 -0.0127996 6.55938e-05 2.59615e-05 0.00881934 0.0258079 4.56612e-05 0.0104835 0.00966955 -0.0173507 5.46203e-05
internal_weight=103905 103201 704 645 586 507 108 574 399 273 170 475 387 102627 102349 278 221 114 107 298 235 102284 101823 461 157 304 190 104 114 101727
internal_count=103905 103201 704 645 586 507 108 574 399 273 170 475 387 102627 102349 278 221 114 107 298 235 102284 101823 461 157 304 190 104 114 101727
is_linear=0
shrinkage=0.03


Tree=203
num_leaves=31
num_cat=0
split_feature=4 27 23 18 29 19 20 9 1 4 31 3 22 27 10 2 3 1 2 13 3 15 9 20 25 17 31 26 26 3
split_gain=48.0235 76.6964 67.3485 59.1747 55.9737 97.7081 53.0662 77.7674 119.07 69.8079 72.087 53.5246 54.7452 129.701 111.15 67.867 54.1778 119.449 113.42 83.1955 116.044 110.32 67.414 60.1619 56.3593 62.1073 55.8501 52.5433 52.1332 53.6317
threshold=0.080274999141693129 1.0000000180025095e-35 0.45000000298023229 3.2535713911056523 0.22500000149011615 20.500000000000004 15.500000000000002 8.3666663169860858 88.833332061767592 0.89064833521842968 11.34999990463257 0.64166665077209484 3.1666666269302373 1.1000000238418581 67.099998474121108 8.166666507720949 9.0416669845581072 80.833332061767592 24.833333015441898 0.362666666507721 9.8416666984558123 0.36666667461395269 6.3666667938232431 12.500000000000002 0.22500000149011615 0.63333335518836986 5.2500000000000009 1.5833333134651186 1.0000000180025095e-35 3.2416666746139531
decision_type=10 10 10 2 10 2 2 2 2 10 2 2 10 10 2 2 2 2 2 10 2 2 2 2 10 2 2 10 10 2
left_child=-1 -2 3 -3 5 27 7 9 -9 10 11 -6 16 14 -14 -15 18 -18 23 -19 -21 -22 -23 24 26 28 -13 -4 29 -26
right_child=1 2 4 -5 6 -7 -8 8 -10 -11 -12 12 13 15 -16 -17 17 19 -20 20 21 22 -24 -25 25 -27 -28 -29 -30 -31
leaf_value=-0.00013562988099990921 0.027262371848776654 -0.0054354452495507331 0.026249056812375784 -0.037511407522074242 0.020306069427372318 0.048056688267880905 -0.021392865327864208 0.049945355519652367 -0.0057615775102749468 -0.018145837102583641 0.024294802194981032 0.006116051516229553 0.012113793543700513 0.031804967948815738 0.073150130707025529 -0.0028779030129276587 0.041908241479278921 -0.023542174112051725 -0.015821176533523489 0.03840739314067871 0.023767441311585053 -0.046258516828968844 0.00054794123460506577 0.024722062981610674 0.0057295955664345196 0.027584408104419707 -0.031962231096330583 -0.012783555390385839 0.0013155530925489246 -0.032083133736954011
leaf_weight=91553 106 422 52 59 138 65 88 75 64 157 129 56 58 61 50 303 91 80 365 94 84 53 58 97 56 80 91 77 9216 85
leaf_count=91553 106 422 52 59 138 65 88 75 64 157 129 56 58 61 50 303 91 80 365 94 84 53 58 97 56 80 91 77 9216 85
internal_value=0.000101758 0.00185305 0.00163415 -0.00936992 0.00208183 0.0180634 0.00181522 0.00199218 0.0242961 0.00172028 0.00199764 0.00173889 0.00150549 0.0115004 0.0403714 0.00293434 0.00105645 0.0111242 0.000595454 0.00353243 0.0110271 -0.00217157 -0.0218011 0.00121441 0.000976483 0.00126361 -0.0174562 0.00295052 0.00103857 -0.0170653
internal_weight=103963 12410 12304 481 11823 194 11629 11541 139 11402 11245 11116 10978 472 108 364 10506 460 10046 369 289 195 111 9681 9584 9437 147 129 9357 141
internal_count=103963 12410 12304 481 11823 194 11629 11541 139 11402 11245 11116 10978 472 108 364 10506 460 10046 369 289 195 111 9681 9584 9437 147 129 9357 141
is_linear=0
shrinkage=0.03


Tree=204
num_leaves=31
num_cat=0
split_feature=27 12 11 18 8 22 22 18 29 13 8 10 18 18 4 15 11 4 12 12 11 12 12 2 24 12 13 12 12 5
split_gain=33.2215 55.0994 98.4087 36.7321 39.0096 103.086 77.8861 74.6617 32.3214 31.9773 95.8215 88.3478 93.3678 85.7298 70.3797 65.2936 125.681 105.594 103.055 175.456 76.9337 60.308 56.0948 48.4461 68.162 88.4598 43.5764 40.0715 39.3232 84.475
threshold=1.7083333134651186 11.719999790191652 33.366666793823249 8.1180553436279315 0.83333334326744091 1.1666666865348818 2.1666666269302373 4.4027028083801278 3.8999999761581425 0.31205099821090704 0.41666667163372045 72.099998474121108 2.3288288116455083 4.1126985549926767 0.3275549858808518 0.45000000298023229 23.10000038146973 0.4038549959659577 7.2099997997283944 5.9449999332427987 20.22500038146973 3.6224999427795415 5.6099998950958261 13.583333492279055 2.5833333730697636 2.9450000524520878 0.56633332371711742 3.6633334159851079 1.3550000190734866 1.4111499786376955
decision_type=10 2 2 2 2 10 10 2 10 10 2 2 2 2 10 2 2 10 2 2 2 2 2 2 10 2 10 2 2 8
left_child=-1 3 -3 4 8 -6 7 -7 9 21 11 12 -11 14 -14 17 -17 18 19 -13 26 23 -16 -2 28 -26 -19 -23 29 -25
right_child=1 2 -4 -5 5 6 -8 -9 -10 10 -12 15 13 -15 22 16 -18 20 -20 -21 -22 27 -24 24 25 -27 -28 -29 -30 -31
leaf_value=0.00037339004695870328 -0.0010174079254500338 0.041156201136071942 -0.013325163048505782 -0.02490924235727442 -0.016863605473863789 0.016323057283765412 -0.0068547084786981906 0.063128795590665601 0.021287858384519312 -0.008246913442752607 -0.017076259015297347 -0.0057717886710003628 0.010157790833618492 0.0025258548897181756 0.029577236669500927 0.053470252898211279 -0.0062262439727783199 -0.019428338312396879 -0.023873262811038229 0.063795529710034202 0.012641833986876145 -0.024566509354238708 0.065908134376238048 -0.004271750780491447 0.040164338210027434 -0.005622981736857084 -0.052280335950851443 -0.0042890728337762751 0.0010651154506898712 0.043865153532108812
leaf_weight=70430 26159 74 50 57 83 71 53 54 59 92 165 73 64 96 77 54 77 133 54 59 53 90 76 71 98 62 50 3448 1991 61
leaf_count=70430 26159 74 50 57 83 71 53 54 59 92 165 73 64 96 77 54 77 133 54 59 53 90 76 71 98 62 50 3448 1991 61
internal_value=3.085e-06 -0.00077303 0.0191879 -0.00084696 -0.000805924 0.0107468 0.0236213 0.0365431 -0.000896849 -0.000936389 0.00403935 0.00767617 0.0183218 0.0261311 0.036574 -0.000120355 0.0183815 -0.00586381 0.01104 0.0253227 -0.0191863 -0.00111112 0.047624 -0.000651634 0.00353947 0.0224218 -0.0284043 -0.00480489 0.0021164 0.0179733
internal_weight=104034 33604 124 33480 33423 261 178 125 33162 33103 1123 958 405 313 217 553 131 422 186 132 236 31980 153 28442 2283 160 183 3538 2123 132
internal_count=104034 33604 124 33480 33423 261 178 125 33162 33103 1123 958 405 313 217 553 131 422 186 132 236 31980 153 28442 2283 160 183 3538 2123 132
is_linear=0
shrinkage=0.03


Tree=205
num_leaves=31
num_cat=0
split_feature=5 24 28 21 14 13 19 20 25 29 14 31 19 20 24 26 10 19 23 5 28 12 14 24 5 31 4 13 9 20
split_gain=33.9153 154.58 213.101 113.165 152.582 110.044 96.0163 82.2217 73.3187 89.1008 78.2213 77.7495 70.3912 117.322 87.2684 105.716 116.26 76.4378 69.4904 69.3062 65.8452 70.1761 60.9521 73.4263 199.218 80.7794 138.299 115.29 74.0549 73.1241
threshold=1.4173833131790163 1.8333333134651186 2.8333333730697636 86.500000000000014 1.7701100111007693 0.48615999519824987 34.500000000000007 8.5000000000000018 0.90000000596046459 2.2250000238418584 1.6450000405311587 4.1499998569488534 22.500000000000004 5.5000000000000009 1.1666666865348818 1.5833333134651186 88.099998474121108 15.500000000000002 1.7749999761581423 1.6250000000000002 0.83333334326744091 1.5900000333786013 1.4081100225448611 1.1666666865348818 1.0400666594505312 7.0499999523162851 0.39689667522907263 0.27802199125289923 3.8999999761581425 2.5000000000000004
decision_type=10 10 10 2 10 10 2 2 10 10 10 2 2 2 10 10 2 2 10 10 10 2 10 10 10 2 10 10 2 2
left_child=22 8 5 -4 -5 6 7 20 -2 10 11 -10 13 14 19 16 -16 -15 -17 -13 21 -3 -1 24 -24 26 27 28 -25 -26
right_child=1 2 3 4 -6 -7 -8 -9 9 -11 -12 12 -14 17 15 18 -18 -19 -20 -21 -22 -23 23 25 29 -27 -28 -29 -30 -31
leaf_value=-0.00015041380787213099 -0.021390698998345344 0.041960142376283031 0.0015498454910768589 0.077815618980675932 0.012432737233566827 -0.025871975548698432 -0.015266983556292711 0.031374484665691857 -0.03143611785212886 -0.020189752861697129 -0.010741014712348151 -0.029742012382089598 -0.0054164444988214835 0.054419780278205869 0.0081588711669402462 -0.017303642549721356 0.055139665209541194 0.0083310997133192264 0.022578782738751864 0.011048801487536522 -0.00033556053007173297 0.0076711050439625976 0.060390778648301578 0.0028626438538108434 0.019865524732404286 0.038640070277101854 -0.044475043917990335 0.046783416909987434 -0.035135844026505943 -0.013790177904233774
leaf_weight=96756 308 61 71 72 58 140 281 90 63 337 833 106 535 75 126 132 76 57 56 58 1947 450 79 601 135 51 59 51 50 102
leaf_count=96756 308 61 71 72 58 140 281 90 63 337 833 106 535 75 126 132 76 57 56 58 1947 450 79 601 135 51 59 51 50 102
internal_value=-0.000203068 -0.0024057 0.00211473 0.0320093 0.0486448 9.08839e-05 0.00137572 0.00321112 -0.00759389 -0.00586226 -0.0035815 0.00106326 0.00274013 0.00910131 0.00304538 0.0107666 0.0258348 0.0345179 -0.00542377 -0.015316 0.00217991 0.0117643 -6.95833e-05 0.00686378 0.0191333 0.00208895 -0.0003606 0.00334702 -5.58268e-05 0.00538079
internal_weight=103816 5932 3170 201 130 2969 2829 2548 2762 2454 2117 1284 1221 686 554 390 202 132 188 164 2458 511 97884 1128 316 812 761 702 651 237
internal_count=103816 5932 3170 201 130 2969 2829 2548 2762 2454 2117 1284 1221 686 554 390 202 132 188 164 2458 511 97884 1128 316 812 761 702 651 237
is_linear=0
shrinkage=0.03


Tree=206
num_leaves=31
num_cat=1
split_feature=1 23 9 14 26 20 13 27 28 18 25 5 28 17 18 11 19 20 19 3 14 3 30 11 23 3 32 5 20 26
split_gain=59.6826 98.6243 109.201 110.351 140.523 123.39 122.259 98.1958 99.5993 97.4464 100.161 133.107 150.997 173.304 129.387 135.492 99.8874 89.9277 89.6755 108.744 89.5213 83.9723 76.3719 69.1617 65.3067 81.3879 62.8906 61.5928 65.1656 80.3961
threshold=85.833332061767592 1.8999999761581423 1.8999999761581423 1.6037799715995791 2.5833333730697636 1.0000000180025095e-35 0.61442500352859508 1.8999999761581423 2.1666666269302373 5.7360682487487802 1.3666666746139529 1.0471499562263491 2.5833333730697636 0.22500000149011615 2.067816019058228 11.775000095367433 19.500000000000004 4.5000000000000009 7.5000000000000009 3.6833333969116215 1.8825399875640871 4.3833334445953378 1.0000000180025095e-35 25.10000038146973 2.1000000238418584 2.8166666030883794 0 1.5083333253860476 5.5000000000000009 1.1666666865348818
decision_type=2 10 2 10 10 2 10 10 8 2 10 8 8 2 2 2 2 2 2 2 10 2 2 2 10 2 9 8 2 8
left_child=-1 7 24 4 5 -4 -7 8 -2 10 27 -12 13 14 -13 -16 21 18 -6 -20 -18 -14 -8 26 25 -3 -9 -10 29 -29
right_child=1 2 3 -5 17 6 22 23 9 -11 11 12 16 -15 15 -17 20 -19 19 -21 -22 -23 -24 -25 -26 -27 -28 28 -30 -31
leaf_value=-0.00020171006784105292 0.00046771938948525125 0.058623847755325302 0.047356009732385899 -0.011534175348380063 0.015006848213734566 0.0016813568971549076 0.010254323645494879 -0.0087287512814474277 -0.014877386292657599 0.048681750476254886 0.03810576580363996 -0.006061711056820498 -0.0047328616442957466 0.072490702937874532 0.07096447613564405 0.013873418387121113 0.018439201317760386 0.0077690084785223008 0.089363364368677131 0.026795223849266765 -0.024863252991212989 -0.042909849665752828 0.055877206247360978 -0.034629468000980448 0.010218286730463528 0.014715511484118177 0.00051785569071163872 -0.016123247188951469 0.026022383896633982 0.027914305460803646
leaf_weight=88388 7188 77 58 349 77 2571 72 1223 234 53 157 149 179 54 55 117 227 150 50 50 53 73 61 67 179 75 1435 139 96 51
leaf_count=88388 7188 77 58 349 77 2571 72 1223 234 53 157 149 179 54 55 117 227 150 50 50 53 73 61 67 179 75 1435 139 96 51
internal_value=9.79022e-05 0.00182661 0.00604043 0.00445597 0.00626256 0.00406091 0.00313224 0.000451559 0.00198866 0.00866705 0.00732817 0.012602 0.0081873 0.0227668 0.014402 0.0321293 -0.00208958 0.0248587 0.0393416 0.0580793 0.0102427 -0.0157921 0.0311791 -0.00452639 0.0224978 0.0369586 -0.00376759 -0.00346281 0.00587639 -0.00430264
internal_weight=103707 15319 3769 3438 3089 2762 2704 11550 8825 1637 1584 1064 907 375 321 172 532 327 177 100 280 252 133 2725 331 152 2658 520 286 190
internal_count=103707 15319 3769 3438 3089 2762 2704 11550 8825 1637 1584 1064 907 375 321 172 532 327 177 100 280 252 133 2725 331 152 2658 520 286 190
cat_boundaries=0 1
cat_threshold=2
is_linear=0
shrinkage=0.03


Tree=207
num_leaves=31
num_cat=0
split_feature=13 26 9 0 18 13 22 14 11 10 11 17 1 4 5 11 16 13 4 4 18 25 30 7 25 31 18 26 18 26
split_gain=46.0443 127.02 67.0678 55.725 94.503 50.7473 74.6087 60.9828 52.6027 101.386 59.0722 117.467 45.7719 34.9911 69.8605 76.3282 76.0423 82.5957 66.3829 80.0581 83.1527 44.0849 38.9221 32.8011 59.5231 83.6156 60.0004 114.508 75.7996 55.4584
threshold=0.91200000047683727 1.5833333134651186 11.449999809265138 10.583333492279055 5.5735931396484384 0.72450000047683727 1.8333333134651186 1.0302199721336367 31.10000038146973 88.224998474121108 28.44999980926514 0.45000000298023229 88.833332061767592 0.62166666984558117 0.55055001378059398 22.633333206176761 1.0000000180025095e-35 0.58817899227142345 0.58686998486518871 0.55833333730697643 3.4027028083801274 1.3666666746139529 1.0000000180025095e-35 1.0000000180025095e-35 2.2916666269302373 6.7500000000000009 4.929802894592286 2.8333333730697636 7.0227272510528573 2.5833333730697636
decision_type=10 10 2 2 2 10 10 10 2 2 2 2 2 10 10 2 2 10 10 10 2 10 2 2 10 2 2 8 2 10
left_child=2 -2 3 5 -5 8 -7 -8 10 -10 13 12 -12 18 -15 16 -16 22 19 23 -21 -20 -18 -1 26 -26 29 28 -28 -25
right_child=1 -3 -4 4 -6 6 7 -9 9 -11 11 -13 -14 14 15 -17 17 -19 21 20 -22 -23 -24 24 25 -27 27 -29 -30 -31
leaf_value=0.00010049653468886304 0.049106756136065619 -0.011627313139892759 -0.031234604264759727 -0.0055049634174931614 0.047102892047259953 -0.033011785024433457 0.026508866767672931 -0.01864701765932535 0.039628380945719341 -0.0080594516329859419 -0.055688462376594541 0.011068762969225645 -0.017948319246900862 0.037544465813608395 0.014615719058783724 0.028006490559006728 -0.016948360500621124 -0.044417489022016525 -0.0023548621326684952 0.053684430259466169 0.0053355096481489334 -0.040354341845043371 0.015872537270188333 0.00077361613034396595 -0.0065435149461235739 -0.039378402055456084 -0.016284229027544506 0.033987926586585886 0.01574100104570389 -0.0082906626301108809
leaf_weight=94256 61 63 62 63 60 103 51 57 85 76 55 82 61 63 128 90 71 60 50 50 89 61 60 5842 664 78 588 51 75 678
leaf_count=94256 61 63 62 63 60 103 51 57 85 76 55 82 61 63 128 90 71 60 50 50 89 61 60 5842 664 78 588 51 75 678
internal_value=-2.0089e-05 0.0182499 -4.19336e-05 -2.32747e-05 0.0201574 -4.72519e-05 -0.0147447 0.00267659 -1.72347e-05 0.0171174 -4.39784e-05 -0.0164145 -0.0358424 -1.24948e-05 0.00813701 0.00360725 -0.00327655 -0.0152672 -5.00288e-05 -2.48869e-05 0.0227272 -0.0232375 -0.00191589 -5.58218e-05 -0.00190311 -0.00999516 -0.0010731 -0.00932937 -0.0126615 -0.000168958
internal_weight=103833 124 103709 103647 123 103524 211 108 103313 161 103152 198 116 102954 472 409 319 191 102482 102371 139 111 131 102232 7976 742 7234 714 663 6520
internal_count=103833 124 103709 103647 123 103524 211 108 103313 161 103152 198 116 102954 472 409 319 191 102482 102371 139 111 131 102232 7976 742 7234 714 663 6520
is_linear=0
shrinkage=0.03


Tree=208
num_leaves=31
num_cat=0
split_feature=4 25 12 14 1 4 5 18 5 28 2 30 27 9 24 27 22 13 24 28 18 9 27 19 27 10 2 29 25 1
split_gain=50.0056 67.1565 89.3507 56.357 63.3786 58.7958 57.3212 53.2384 53.0772 77.2023 162.349 60.7727 62.7936 57.339 65.7338 74.088 69.1616 67.8664 55.9596 182.624 75.8334 53.3086 82.7608 71.0275 92.8164 94.2431 81.9908 68.9611 68.8308 104.396
threshold=0.080274999141693129 0.55000001192092907 10.110000133514406 0.5185300111770631 73.166667938232436 0.42336833477020269 0.91353332996368419 1.5638586878776553 0.38695000112056738 1.5833333134651186 17.833333015441898 1.0000000180025095e-35 1.0000000180025095e-35 3.4500000476837163 1.1666666865348818 0.90000000596046459 2.1666666269302373 0.17437499761581424 0.58333334326744091 1.1666666865348818 6.8038463592529306 2.8999999761581425 0.77500000596046459 12.500000000000002 1.1000000238418581 86.90000152587892 28.583333015441898 1.2916666865348818 1.3666666746139529 84.833332061767592
decision_type=10 10 2 10 2 10 10 2 10 10 2 2 10 2 10 10 10 10 10 10 2 2 10 2 10 2 2 10 10 2
left_child=-1 2 3 4 7 6 -5 -2 9 -3 13 12 -10 14 15 -11 -16 -17 19 -13 21 22 -20 24 28 27 -25 -26 29 -23
right_child=1 8 -4 5 -6 -7 -8 -9 11 10 -12 18 -14 -15 16 17 -18 -19 20 -21 -22 23 -24 26 25 -27 -28 -29 -30 -31
leaf_value=-0.00021700770930448431 0.0089768092504794329 0.00092402121176322297 0.0309333442479372 -0.025577215101261427 0.019569794430356956 -0.048411830930182566 0.0019636873973067851 -0.024592176550331541 0.032079360548120273 0.051688921130484053 0.059804101535907157 0.055258863396659683 -0.001053548551467037 -0.020757550114765762 0.010497331226246402 0.0035809536996580741 -0.023372554642998651 0.037708640180976138 -0.01628313786480972 -0.0013653292061684475 -0.026519367110572362 0.059832642987370489 0.0024181947464903329 0.012071474499874703 -0.013822636489196915 -0.030181079346765862 -0.012555393383584239 0.018230419591668497 -0.0031218338684322168 -6.2520655989646912e-05
leaf_weight=91255 71 765 50 157 92 52 120 106 52 63 65 79 5148 50 254 156 69 79 235 146 76 55 2272 1555 134 141 132 110 104 50
leaf_count=91255 71 765 50 157 92 52 120 106 52 63 65 79 5148 50 254 156 69 79 235 146 76 55 2272 1555 134 141 132 110 104 50
internal_value=2.62143e-05 0.00181068 -0.00759217 -0.0108134 -0.000628239 -0.019141 -0.0136461 -0.0111267 0.00232748 0.00759753 0.014534 0.00155867 -0.000722219 0.0101487 0.0126371 0.0227987 0.00326197 0.0150537 0.0038893 0.0185161 0.00321269 0.00368463 0.000665178 0.00700325 -0.00191822 -0.0106556 0.0101445 0.000627512 0.014177 0.0313111
internal_weight=103693 12438 648 598 269 329 277 177 11790 1501 736 10289 5200 671 621 298 323 235 5089 225 4864 4788 2507 2281 594 385 1687 244 209 105
internal_count=103693 12438 648 598 269 329 277 177 11790 1501 736 10289 5200 671 621 298 323 235 5089 225 4864 4788 2507 2281 594 385 1687 244 209 105
is_linear=0
shrinkage=0.03


Tree=209
num_leaves=31
num_cat=0
split_feature=11 13 25 11 5 5 4 1 25 23 11 0 13 10 12 23 7 23 8 5 20 29 16 12 21 7 1 8 4 5
split_gain=91.3935 57.8765 56.9985 43.2724 87.5604 104.376 73.8595 70.7439 70.4153 117.216 65.5838 87.6107 94.6603 74.4967 69.0865 66.9105 63.069 61.0183 55.9341 60.5257 55.124 118.771 155.996 56.9178 53.2814 46.4105 63.4796 46.3274 63.9618 63.9165
threshold=41.100000381469734 1.0360000133514407 4.5000000000000009 19.44999980926514 1.4469333291053774 1.3601499795913699 0.89064833521842968 47.166666030883796 0.90000000596046459 1.2916666865348818 20.10000038146973 3.5833333730697636 0.22450000047683719 66.224998474121108 2.9100000858306889 1.7749999761581423 1.0000000180025095e-35 0.90000000596046459 0.58333334326744091 0.93689998984336864 12.500000000000002 1.1000000238418581 1.0000000180025095e-35 10.710000038146974 57.500000000000007 0.83333334326744091 83.416667938232436 1.0000000180025095e-35 0.56737667322158825 0.8439999818801881
decision_type=2 10 8 2 10 10 10 2 8 10 2 2 8 2 2 10 2 10 2 8 2 10 2 2 2 2 2 2 10 10
left_child=1 2 3 6 5 7 20 -5 -6 17 11 12 -9 18 -13 16 -16 -10 19 -12 23 -22 -23 25 -15 -1 -27 28 29 -26
right_child=-2 -3 -4 4 8 -7 -8 10 9 -11 13 14 -14 24 15 -17 -18 -19 -20 -21 21 22 -24 -25 27 26 -28 -29 -30 -31
leaf_value=-0.00013868401630764989 -0.037658900910153476 -0.030756077300418509 0.03142749392069303 -0.022329926394647166 -0.031118754796247847 0.031581268726689059 -0.031853289685466073 0.0063426526733066715 -0.0071106889919709346 -0.011180961023040663 0.01100117288085062 0.029902001876722682 0.053276822068305175 -0.017883781044759222 0.00088484393209218985 -0.012665095752743738 0.042150615569204089 0.03041692678051312 -0.0051312289372929983 0.051177136089981472 -0.013666953753792878 0.053757397026638495 -0.00061208637946463644 0.029824558919981904 -0.0079645241990290352 -0.03441460555488312 0.0085733293645083898 0.0039607648250075808 -0.037215983096796731 0.017615435805204693
leaf_weight=98115 58 55 52 93 94 123 66 69 59 464 67 88 88 122 100 175 50 115 53 68 99 96 94 57 396 81 50 2668 52 113
leaf_count=98115 58 55 52 93 94 123 66 69 59 464 67 88 88 122 100 175 50 115 53 68 99 96 94 57 396 81 50 2668 52 113
internal_value=-1.07577e-05 1.02744e-05 2.65816e-05 1.0838e-05 0.00271745 0.00434147 -0.000127897 0.00354411 -0.00687802 -0.0033065 0.00412972 0.0135737 0.0326497 0.00260865 0.00632203 -6.26972e-05 0.0146401 0.017692 0.0209849 0.031238 -0.000106659 0.0129763 0.0268588 -0.000145122 0.0015777 -0.000162509 -0.018007 0.002313 -0.00552342 -0.00228567
internal_weight=103880 103822 103767 103715 5057 4325 98658 4202 732 638 4109 570 157 3539 413 325 150 174 188 135 98592 289 190 98303 3351 98246 131 3229 561 509
internal_count=103880 103822 103767 103715 5057 4325 98658 4202 732 638 4109 570 157 3539 413 325 150 174 188 135 98592 289 190 98303 3351 98246 131 3229 561 509
is_linear=0
shrinkage=0.03


Tree=210
num_leaves=31
num_cat=1
split_feature=27 2 12 10 15 12 12 4 16 11 4 13 13 13 31 4 0 5 31 12 32 31 0 18 0 2 11 27 29 20
split_gain=30.4144 60.5758 125.975 90.6011 50.0442 69.3229 91.1532 84.6843 78.5107 61.7774 50.8534 49.1466 78.7536 105.453 110.087 102.074 48.6938 47.2506 44.8565 61.1377 46.0329 77.7227 70.9984 98.026 60.9879 57.9565 78.9409 84.6123 137.556 89.9754
threshold=1.5500000119209292 34.833333969116218 12.444999694824221 84.099998474121108 0.90000000596046459 10.409999847412111 9.426666736602785 0.50413167476654064 0.22500000149011615 24.633333206176761 0.92416667938232433 0.68403300642967235 0.45595000684261328 0.47208100557327276 6.9500000476837167 0.52803832292556774 3.8333333730697636 2.6216665506362919 12.550000190734865 11.150000095367433 0 4.3500001430511483 5.1666667461395273 1.5638586878776553 3.8333333730697636 21.166666984558109 17.633333206176761 0.77500000596046459 1.5500000119209292 3.5000000000000004
decision_type=10 2 2 2 2 2 2 10 2 2 8 10 10 10 2 10 2 10 2 2 9 2 2 2 2 2 2 8 10 2
left_child=1 2 18 -3 5 6 11 8 -7 -8 -6 12 17 -14 15 -15 -16 -2 19 20 21 22 23 -1 -25 26 -23 28 -28 -30
right_child=4 3 -4 -5 10 7 9 -9 -10 -11 -12 -13 13 14 16 -17 -18 -19 -20 -21 -22 25 -24 24 -26 -27 27 -29 29 -31
leaf_value=-5.7199943983289112e-05 -0.00065262427987875611 -0.0074083177213157929 -0.041780147175195452 0.0375716422780564 -0.03446807247400873 0.059410889359811939 -0.035376112837540476 -0.0083212221192347034 0.011265964322856493 0.0016407731991438638 -0.0029178770590912212 -0.024120362307876349 0.04703810065984726 -0.00097039700820318706 0.0053818072498376876 0.042027799149218482 -0.031696514134874211 -0.018766383807389781 -0.021977696347015872 0.025492817839157991 -0.00043384653585663174 0.0026281523110093128 0.019728122976999128 -0.0082521345577426432 -0.034962217820046299 -0.0035989721365454019 0.046271982207362145 0.0059250283754543965 -0.0086151880656297388 0.038200506224400466
leaf_weight=11869 43012 70 64 95 79 54 114 74 70 63 110 80 67 103 56 96 74 130 81 87 32465 11718 155 612 88 1173 140 847 117 54
leaf_count=11869 43012 70 64 95 79 54 114 74 70 63 110 80 67 103 56 96 74 130 81 87 32465 11718 155 612 88 1173 140 847 117 54
internal_value=-0.000104862 0.000337114 0.000286751 0.0184892 -0.000701422 -0.000635244 -0.000715318 0.0170759 0.0322323 -0.0222006 -0.0161055 -0.000628131 -0.000584965 0.0127326 0.00574637 0.0197725 -0.0157243 -0.000707207 0.000332071 0.000362532 0.000325624 0.00124626 -0.000451747 -0.000700604 -0.01161 0.002785 0.00336658 0.0108389 0.0242216 0.00616872
internal_weight=103817 59635 59470 165 44182 43993 43795 198 124 177 189 43618 43538 396 329 199 130 43142 59406 59325 59238 26773 12724 12569 700 14049 12876 1158 311 171
internal_count=103817 59635 59470 165 44182 43993 43795 198 124 177 189 43618 43538 396 329 199 130 43142 59406 59325 59238 26773 12724 12569 700 14049 12876 1158 311 171
cat_boundaries=0 1
cat_threshold=11
is_linear=0
shrinkage=0.03


Tree=211
num_leaves=31
num_cat=0
split_feature=20 4 20 13 1 1 13 4 11 14 27 31 5 24 13 29 20 10 31 4 13 5 13 20 1 23 10 15 16 31
split_gain=57.8402 43.0212 35.7196 53.3518 69.2133 44.5347 36.0088 73.4704 58.7556 42.9529 34.0398 79.3269 39.7176 29.3451 40.7015 33.5309 48.9166 29.1711 61.7469 28.303 50.2074 37.9635 28.7838 27.9432 33.3586 24.8892 67.9933 58.1706 76.1067 47.9545
threshold=16.500000000000004 0.62672168016433727 13.500000000000002 0.25207500159740454 89.166667938232436 75.833332061767592 0.91200000047683727 0.89064833521842968 20.633333206176761 1.0880200266838076 1.0000000180025095e-35 5.0499999523162851 0.060216665267944343 3.4166666269302373 0.0025090000126510863 2.7749999761581425 1.0000000180025095e-35 87.90000152587892 5.6499998569488534 0.82166665792465221 0.72450000047683727 1.1636166572570803 0.67024600505828869 -1.4999999999999998 76.166667938232436 3.1000000238418584 78.77500152587892 0.55000001192092907 0.22500000149011615 7.0499999523162851
decision_type=2 8 2 8 2 2 10 10 2 10 8 2 8 8 8 10 2 2 2 10 10 10 10 2 2 10 2 2 2 2
left_child=2 -2 6 -4 5 -5 7 10 -9 -8 11 13 -13 14 -1 16 -16 18 -14 20 22 -22 23 24 -12 -25 27 28 -27 -28
right_child=1 -3 3 4 -6 -7 9 8 -10 -11 19 12 17 -15 15 -17 -18 -19 -20 -21 21 -23 -24 25 -26 26 29 -29 -30 -31
leaf_value=0.0051138409238804727 0.00054589291031544019 -0.034962602600455278 0.028036118915135206 0.0016967023708857594 -0.016604440310171671 0.034899357624474117 0.00011919451336706839 -0.046687718120488254 -0.0019851479315034608 0.037491118061542511 -0.0210101254619658 -0.0019099460314545365 0.034161997437084972 0.021503979340195656 -0.0021217746746461123 0.0068002293490745285 -0.026974663287349456 0.038556721634428262 0.0014137686416506765 0.020179314432574098 -0.0026341763556003567 -0.039245698715631779 0.01752634318590891 -0.00030327969456228339 0.007953137089224422 0.00016095249061845687 0.0099576892415061593 -0.030801875643870411 0.026853113377138093 0.039184216666035353
leaf_weight=383 52 75 99 90 105 61 62 55 51 50 120 81 95 52 151 94 135 71 114 61 50 52 82 99433 51 1673 240 51 102 64
leaf_count=383 52 75 99 90 105 61 62 55 51 50 120 81 95 52 151 94 135 71 114 61 50 52 82 99433 51 1673 240 51 102 64
internal_value=-0.000190311 -0.0204237 -0.000165538 0.00933429 0.00210194 0.0151097 -0.000198162 -0.000216603 -0.0251799 0.0168031 -0.000190951 0.00488388 0.0165911 -0.000301764 -0.00178787 -0.00874407 -0.013853 0.0219432 0.0162993 -0.000249473 -0.0002617 -0.0212989 -0.000240624 -0.000254945 -0.012372 -0.000234544 0.00297419 0.000787183 0.00169481 0.0161106
internal_weight=103855 127 103728 355 256 151 103373 103261 106 112 103155 1176 361 815 763 380 286 280 209 101979 101918 102 101816 101734 171 101563 2130 1826 1775 304
internal_count=103855 127 103728 355 256 151 103373 103261 106 112 103155 1176 361 815 763 380 286 280 209 101979 101918 102 101816 101734 171 101563 2130 1826 1775 304
is_linear=0
shrinkage=0.03


Tree=212
num_leaves=31
num_cat=1
split_feature=20 20 0 2 9 29 10 10 3 2 3 26 20 1 29 2 13 3 29 20 19 26 10 19 4 13 32 4 15 25
split_gain=48.8854 40.6603 44.7647 33.0767 145.191 89.5466 99.5594 110.36 43.6081 31.8479 31.2067 75.5503 95.6834 89.9098 135.08 58.0302 74.6083 81.2601 74.833 70.1035 67.1712 63.2513 61.5994 110.648 122.161 76.3877 101.413 85.4264 72.7134 70.0376
threshold=17.500000000000004 -1.4999999999999998 0.41666667163372045 35.166666030883796 9.6333336830139178 1.8999999761581423 80.633331298828139 89.77500152587892 14.183333396911623 3.1666666269302373 8.2833333015441912 2.8333333730697636 5.5000000000000009 66.416667938232436 1.2250000238418581 19.166666984558109 0.49849499762058264 1.416666626930237 1.5500000119209292 12.500000000000002 18.500000000000004 3.8333333730697636 50.899999618530281 11.500000000000002 0.015048332978039982 0.2821550071239472 0 0.35050000250339514 0.22500000149011615 1.5500000119209292
decision_type=2 2 2 2 2 10 2 2 2 2 2 8 2 2 10 2 10 2 10 2 2 8 2 2 10 10 9 8 2 10
left_child=1 2 9 4 8 6 -5 -8 10 -1 15 13 -13 14 -12 19 17 -17 -18 -3 -21 22 23 -19 -25 26 -24 28 -27 -28
right_child=-2 3 -4 5 -6 -7 7 -9 -10 -11 11 12 -14 -15 -16 16 18 21 -20 20 -22 -23 25 24 -26 27 29 -29 -30 -31
leaf_value=-0.018975014366647776 -0.021805021056627974 -5.9006240680402377e-05 -0.033920925884549299 -0.0090986805895100463 -0.043049304744254953 -0.022558481546216889 0.059221014672517773 0.0035616250243037939 -0.0278680801249164 0.014718948575109242 -0.0061923461904128388 0.0028399598620720765 0.056785399933468622 1.7678412536281299e-06 0.046288193750012779 0.028894655505816141 -0.047200988310834635 -0.019508401851512886 -0.0030176761454862098 0.046502751190411411 0.00083827699455669372 0.02594649201767011 -0.015323646318438593 0.05901525961645579 0.0061455432766302628 0.0019901538152119207 -0.0057362753737214946 -0.0020946929398256231 0.046344560957871948 0.0046738926554989501
leaf_weight=51 94 96192 67 69 71 57 75 56 51 50 81 67 53 1708 97 72 69 76 69 57 59 66 780 59 118 58 2500 251 78 758
leaf_count=51 94 96192 67 69 71 57 75 56 51 50 81 67 53 1708 97 72 69 76 69 57 59 66 780 59 118 58 2500 251 78 758
internal_value=-0.00018031 -0.00016073 -0.0149076 -0.000136827 -0.000163547 0.0106124 0.0200661 0.0354277 -0.000134076 -0.00229483 -0.000120379 0.00358489 0.0266659 0.00211633 0.0224066 -0.000193781 -0.00336027 -0.00273706 -0.0251093 -3.08989e-05 0.0232769 -0.00321714 -0.0036286 0.0107685 0.0237688 -0.00445176 -0.00567201 0.00828046 0.0274287 -0.00330412
internal_weight=103909 103815 168 103647 103390 257 200 131 103319 101 103268 2006 120 1886 178 101262 4954 4816 138 96308 116 4744 4678 253 177 4425 4038 387 136 3258
internal_count=103909 103815 168 103647 103390 257 200 131 103319 101 103268 2006 120 1886 178 101262 4954 4816 138 96308 116 4744 4678 253 177 4425 4038 387 136 3258
cat_boundaries=0 1
cat_threshold=32
is_linear=0
shrinkage=0.03


Tree=213
num_leaves=31
num_cat=0
split_feature=25 3 11 11 10 21 1 12 14 20 5 4 14 10 29 5 2 0 0 2 0 3 10 10 3 6 22 1 20 25
split_gain=59.7165 41.5642 54.6707 64.9359 48.1759 93.0508 47.4359 84.602 68.3374 48.7715 67.8695 90.6577 153.825 110.773 92.7006 89.555 68.479 65.4277 86.4841 64.8882 106.998 78.9288 87.2523 108.902 63.9471 61.5627 102.297 109.419 95.3408 104.954
threshold=4.5000000000000009 2.9833333492279057 14.09999990463257 15.775000095367433 52.549999237060554 69.500000000000014 52.416666030883796 6.1449999809265146 0.83347666263580333 8.5000000000000018 1.456933379173279 0.55166667699813854 1.2501000165939333 81.90000152587892 1.7749999761581423 0.72003334760665905 11.583333492279055 4.5833332538604745 5.5833332538604745 40.833333969116218 10.416666507720949 12.783333301544191 86.633331298828139 83.90000152587892 9.616666793823244 1.0000000180025095e-35 1.5833333134651186 83.416667938232436 6.5000000000000009 1.8999999761581423
decision_type=8 2 2 2 2 2 2 2 8 2 10 10 10 2 10 10 2 2 2 2 2 2 2 2 2 2 10 2 2 10
left_child=1 -1 -3 4 5 -4 7 8 -5 10 11 25 13 15 -15 -13 -12 -11 -19 20 21 22 23 -20 -24 26 -8 -28 -27 -30
right_child=-2 2 3 6 -6 -7 9 -9 -10 17 16 12 -14 14 -16 -17 -18 18 19 -21 -22 -23 24 -25 -26 28 27 -29 29 -31
leaf_value=-0.0001667685584418117 0.032923454698920246 0.0028664588934173381 -0.010946793782550999 0.022454454987137405 -0.0063604350000347962 0.039574464679252908 8.2311874243724172e-05 -0.029477163976281879 -0.019394080411762962 0.018846465062011371 0.028882192440049827 0.057013522221853852 0.056309138023368031 -0.023870265093716706 0.025395042791962624 0.0078045789375901222 -0.0061042985731949466 -0.02069022718965724 0.0019860993262757606 -0.027668222559965212 0.035144337683009938 -0.03620941000508851 -0.0027064192772734384 0.038890039580874142 -0.028092366827697286 -0.0045303299203355999 -0.0023419484887122308 0.016669125943568924 0.01789856544833672 -0.023272226683118128
leaf_weight=83470 50 10402 71 81 1846 61 1419 125 62 110 53 57 76 110 50 80 1007 263 395 80 74 58 326 88 123 1581 373 1011 358 66
leaf_count=83470 50 10402 71 81 1846 61 1419 125 62 110 53 57 76 110 50 80 1007 263 395 80 74 58 326 88 123 1581 373 1011 358 66
internal_value=0.000145722 0.000129945 0.00134364 -0.000239762 -0.00510846 0.0124002 0.000960125 -0.0114488 0.00431033 0.00138879 0.00256151 0.00397658 0.0182243 0.00847865 -0.00847486 0.0282784 -0.00435497 -0.00343584 -0.00517788 -0.00161166 0.000347476 -0.0022535 -0.000140366 0.0087098 -0.0096607 0.00287126 0.00574233 0.0115455 -0.00114251 0.0114899
internal_weight=103926 103876 20406 10004 1978 132 8026 268 143 7758 6241 5181 373 297 160 137 1060 1517 1407 1144 1064 990 932 483 449 4808 2803 1384 2005 424
internal_count=103926 103876 20406 10004 1978 132 8026 268 143 7758 6241 5181 373 297 160 137 1060 1517 1407 1144 1064 990 932 483 449 4808 2803 1384 2005 424
is_linear=0
shrinkage=0.03


Tree=214
num_leaves=31
num_cat=0
split_feature=31 31 31 14 0 20 11 5 2 14 11 14 14 18 14 12 4 18 18 14 23 29 29 31 31 13 12 20 4 19
split_gain=87.2096 42.8221 33.0647 50.1723 74.4938 49.6309 48.173 46.0244 45.3399 41.3016 71.5074 54.4401 87.9461 53.9356 51.2643 47.1921 74.9241 59.7625 66.3442 42.3466 40.8533 37.8395 36.8044 59.4858 76.7763 68.2636 48.8064 93.8389 45.4668 42.8428
threshold=0.65000000596046459 0.95000001788139354 4.6499998569488534 1.7442399859428408 1.8333333134651186 -1.4999999999999998 15.900000095367433 2.7316666841506962 15.166666507720949 1.5221299529075625 8.3666663169860858 1.4822400212287905 1.4623799920082095 1.9692234992980959 1.4262099862098696 3.7899999618530278 0.043143333867192275 1.434057950973511 2.2952070236206059 1.4081100225448611 4.3999998569488534 1.1000000238418581 0.70833334326744091 6.8500001430511483 6.7500000000000009 0.42099998891353613 6.6449999809265146 8.5000000000000018 0.20002000033855441 3.5000000000000004
decision_type=2 2 2 10 2 2 2 10 2 10 2 10 10 2 10 2 10 2 2 10 10 10 8 2 2 10 2 2 10 2
left_child=-1 -2 3 9 7 -4 8 21 -6 11 -11 12 14 -13 19 16 -12 -18 -19 -3 22 -5 23 24 26 -25 27 -7 -28 -24
right_child=1 2 5 4 6 20 -8 -9 -10 10 15 13 -14 -15 -16 -17 17 18 -20 -21 -22 -23 29 25 -26 -27 28 -29 -30 -31
leaf_value=-0.037104665115475652 0.02493806783230074 -0.00045297963379454387 -0.022492961106555801 -0.016117309829942993 -0.014543679012648107 -0.00078500241232912649 -0.0035223114193352156 0.025021968264012567 -0.038517731851575393 -0.0105725727592861 0.0061402054304286859 0.0023318338707010722 0.035277523730070356 -0.032079258511975871 -0.016730190688134007 -0.005986594471233812 0.056624698603825109 -0.00045692602334463078 0.04307280713756536 0.021390764574520292 -0.024153927430335894 0.0021814991845305175 0.004159991633997418 -0.0061225277931216456 0.033053883317186207 -0.034429503866406377 0.0026238142014904453 -0.027189260869767636 0.029037308798550248 0.00065543871727588988
leaf_weight=57 62 50808 84 134 239 5247 215 62 101 168 281 71 62 97 174 110 56 69 58 80 60 422 3403 707 61 86 165 124 91 40539
leaf_count=57 62 50808 84 134 239 5247 215 62 101 168 281 71 62 97 174 110 56 69 58 80 60 422 3403 707 61 86 165 124 91 40539
internal_value=-6.97962e-06 1.33849e-05 -1.50643e-06 -0.000523552 -0.00665924 0.000547794 -0.014637 0.000505235 -0.0216654 -0.000385236 0.00664199 -0.000486893 -0.000430866 -0.0175365 -0.000474223 0.0116804 0.0158687 0.030807 0.0194228 -0.00041864 0.000586132 -0.00222865 0.000615571 -0.00149488 -0.000421724 -0.00919239 -0.000784619 -0.0013946 0.012013 0.000926842
internal_weight=103893 103836 103774 53207 1173 50567 555 618 340 52034 742 51292 51124 168 51062 574 464 183 127 50888 50483 556 50423 6481 5688 793 5627 5371 256 43942
internal_count=103893 103836 103774 53207 1173 50567 555 618 340 52034 742 51292 51124 168 51062 574 464 183 127 50888 50483 556 50423 6481 5688 793 5627 5371 256 43942
is_linear=0
shrinkage=0.03


Tree=215
num_leaves=31
num_cat=0
split_feature=3 18 27 22 5 23 18 16 14 1 0 11 19 5 14 21 18 11 4 25 11 3 16 5 22 12 1 12 14 18
split_gain=73.8928 39.2502 46.9359 36.7565 67.3828 64.3711 134.529 76.2962 53.1881 83.824 57.1417 71.9335 63.0177 78.65 44.3917 84.044 43.7683 82.9711 59.7661 53.6996 46.702 55.0868 74.3748 43.5892 59.1367 88.3024 43.5333 40.9444 72.1845 51.7685
threshold=13.716666698455812 9.7750000953674334 1.3666666746139529 4.1666667461395273 0.52013331651687633 3.1000000238418584 4.4677083492279062 0.29166667163372045 1.0082100033760073 54.500000000000007 1.8333333134651186 12.550000190734865 12.500000000000002 0.8038499951362611 0.17447999864816668 21.500000000000004 8.1180553436279315 33.366666793823249 1.0000000180025095e-35 0.90000000596046459 27.10000038146973 8.616666793823244 0.29166667163372045 1.1636166572570803 2.1666666269302373 6.9100000858306894 88.166667938232436 11.150000095367433 1.2826499938964846 6.8038463592529306
decision_type=2 2 10 10 10 8 2 2 10 2 2 2 2 8 10 2 2 2 8 10 2 2 2 10 10 2 2 2 8 2
left_child=3 2 -2 5 14 16 8 -8 9 -7 -11 -12 -13 -14 15 -5 17 20 -18 -20 27 23 -23 24 25 -22 -24 29 -29 -1
right_child=1 -3 -4 4 -6 6 7 -9 -10 10 11 12 13 -15 -16 -17 18 -19 19 -21 21 22 26 -25 -26 -27 -28 28 -30 -31
leaf_value=-0.00010334629841409702 -0.050700418138504025 0.0033989277988672258 -0.013736156203128673 -0.0016105653799229091 -0.039826107615774327 0.0010630360773386768 0.053585691618454917 0.010310700231364794 -0.018123384671285745 0.045889039257437814 -0.01669194158899491 -0.0019205826256848591 0.0065099100379356692 0.049647694758393549 0.018271179811312602 -0.042601584148000589 -0.041626765847487271 0.035800258076653393 0.013943816550608192 -0.025090684386869445 -0.0041951044826280502 -0.045469904726743698 -0.025511929154252776 -0.02502923427866055 -0.014879072599012303 0.04890611008028773 0.013497003877864164 0.04495257334329654 -0.0028350431607528166 0.014053933647473225
leaf_weight=100362 50 50 81 248 55 1383 77 70 100 54 61 79 67 88 65 55 53 58 70 58 63 75 52 52 74 51 51 50 66 233
leaf_count=100362 50 50 81 248 55 1383 77 70 100 54 61 79 67 88 65 55 53 58 70 58 63 75 52 52 74 51 51 50 66 233
internal_value=-6.22526e-05 -0.0192138 -0.0278447 -2.88476e-05 -0.00885418 7.27452e-06 0.0053658 0.0329786 0.00315015 0.00437841 0.0175164 0.0123228 0.0198865 0.031001 -0.00422522 -0.00905118 -9.73396e-05 -7.09746e-05 -0.0148365 -0.00374369 -9.15477e-05 -0.0100985 -0.0227445 -0.000719381 0.00600462 0.0195607 -0.00619683 -5.0014e-05 0.0177631 -7.05549e-05
internal_weight=103951 181 131 103770 423 103347 1979 147 1832 1732 349 295 234 155 368 303 101368 101187 181 128 101129 418 178 240 188 114 103 100711 116 100595
internal_count=103951 181 131 103770 423 103347 1979 147 1832 1732 349 295 234 155 368 303 101368 101187 181 128 101129 418 178 240 188 114 103 100711 116 100595
is_linear=0
shrinkage=0.03


Tree=216
num_leaves=31
num_cat=1
split_feature=31 22 31 32 3 12 19 23 12 2 9 4 15 5 12 12 22 3 11 14 23 7 24 19 2 11 18 26 20 27
split_gain=51.4428 70.5264 32.8593 70.0823 65.6065 65.2708 58.3069 70.2417 143.203 71.0937 69.8218 104.547 108.856 82.56 90.6572 92.5816 74.371 73.7413 109.308 72.4836 79.2718 69.2635 60.0031 59.5614 59.0203 57.7898 57.2389 56.6498 56.2633 56.033
threshold=0.95000001788139354 1.1666666865348818 4.0499999523162851 0 0.28333334624767309 8.8633332252502459 35.500000000000007 3.1000000238418584 4.6633331775665292 22.583333015441898 3.2916666269302373 0.00058500000159256171 1.0000000180025095e-35 1.5282999873161318 4.5899999141693124 5.1633331775665292 2.1666666269302373 4.4833333492279062 9.5500001907348651 1.3107999563217165 2.1000000238418584 1.0000000180025095e-35 1.5833333134651186 12.500000000000002 9.8333334922790545 17.899999618530277 3.485281348228455 1.8333333134651186 7.5000000000000009 2.1000000238418584
decision_type=2 8 2 9 2 2 2 8 2 2 2 8 2 10 2 2 10 2 2 10 10 2 8 2 2 2 2 10 2 8
left_child=1 -1 4 5 -2 6 7 9 22 10 17 25 13 14 16 -16 19 29 -19 20 26 -18 27 -24 -14 -12 -13 -9 -28 -4
right_child=2 -3 3 -5 -6 -7 -8 8 -10 -11 11 12 24 -15 15 -17 21 18 -20 -21 -22 -23 23 -25 -26 -27 28 -29 -30 -31
leaf_value=-0.0032646929313029562 -0.00062081205740615079 0.044563402456316077 0.0021969806614153989 -0.00040536159328709341 -0.007104843628756261 -0.02939187250190204 -0.0043701453307424289 -0.0069993301851020463 0.051850866133613241 -0.0051838314399394233 -0.015315759206369677 0.017378727493770604 0.021533796628243587 -0.008971583700063181 0.058536557517474205 0.014890648514336469 0.0062492516079404644 0.018383233159655284 -0.012955395550957011 0.042545430607433557 0.040570349495472578 -0.028457851682020266 0.041322822253395973 0.0077454260599456332 -0.0037298851882392337 0.0029399512249689832 0.00096908275523366263 0.017811797234027281 0.03120322864622839 -0.0017302747153524717
leaf_weight=56 13612 55 19735 57086 1566 62 1491 296 70 1371 281 603 94 153 79 98 207 119 633 79 87 69 74 133 726 351 520 115 62 3919
leaf_count=56 13612 55 19735 57086 1566 62 1491 296 70 1371 281 603 94 153 79 98 207 119 633 79 87 69 74 133 726 351 520 115 62 3919
internal_value=2.17077e-05 0.0204339 -1.4336e-07 0.000221005 -0.00128981 0.00135847 0.00141969 0.00170866 0.0111834 0.00148531 0.00181404 0.00583576 0.00834206 0.0121868 0.0139813 0.034371 0.0117631 0.00125229 -0.00799622 0.0146622 0.0129304 -0.00242752 0.006577 0.0197489 -0.000833805 -0.00517691 0.0109012 -5.70439e-05 0.0041899 0.00154631
internal_weight=103802 111 103691 88513 15178 31427 31365 29874 688 29186 27815 3409 2777 1957 1804 177 1627 24406 752 1351 1272 276 618 207 820 632 1185 411 582 23654
internal_count=103802 111 103691 88513 15178 31427 31365 29874 688 29186 27815 3409 2777 1957 1804 177 1627 24406 752 1351 1272 276 618 207 820 632 1185 411 582 23654
cat_boundaries=0 1
cat_threshold=10
is_linear=0
shrinkage=0.03


Tree=217
num_leaves=31
num_cat=1
split_feature=3 24 4 4 22 4 25 29 12 13 2 2 26 18 20 4 3 26 3 18 31 9 18 1 32 18 12 31 12 31
split_gain=40.6602 88.4452 59.1493 57.2206 43.5836 41.1048 78.6105 64.6317 92.4377 62.0315 105.35 65.2607 61.2213 107.309 68.7152 63.0475 59.5108 60.0862 58.2081 56.7739 70.673 92.9008 54.4323 81.5245 52.867 57.2656 114.291 48.0144 47.8989 47.5169
threshold=14.183333396911623 1.1666666865348818 1.0116666555404665 0.85471001267433178 2.1666666269302373 0.080274999141693129 0.55000001192092907 2.3666666746139531 8.8633332252502459 0.42633333802223211 22.166666984558109 19.166666984558109 1.5833333134651186 4.3049516677856454 3.5000000000000004 0.12678833305835727 5.741666555404664 1.0000000180025095e-35 4.8166668415069589 1.4654762148857119 6.3500001430511483 1.3666666746139529 4.8360216617584237 66.416667938232436 0 3.0784615278244023 5.3900001049041757 4.5499999523162851 3.5099999904632573 12.550000190734865
decision_type=2 10 10 10 10 10 10 10 2 10 2 2 10 2 2 10 2 10 2 2 2 2 2 2 9 2 2 2 2 2
left_child=2 -2 3 5 -5 29 9 16 12 10 28 -11 13 19 15 -14 17 -8 -17 27 21 -21 -19 -24 -18 26 -26 -9 -7 -1
right_child=1 -3 -4 4 -6 6 7 8 -10 11 -12 -13 14 -15 -16 18 24 22 -20 20 -22 -23 23 -25 25 -27 -28 -29 -30 -31
leaf_value=-0.00013939401694869428 -0.034732991640680819 0.014428472288374629 0.024366584969063597 -0.0023426680020414863 -0.036951724365353586 -0.00034925018802772615 -0.016974730725564498 0.020048344598806188 0.04791382275521755 -0.0060479442512287812 0.025471761556426907 -0.054040854450534366 0.010157288079095238 -0.019206190450289814 0.016704553779553283 -0.033783599525189195 -0.00088666817574661742 0.00273647476379479 0.00038994782138615844 0.053392768735438585 0.041988014935218178 0.010604113788651903 -0.0070409454349706418 0.034523733905677138 -0.029243993083743945 -0.027004970301331692 0.023603023503777347 -0.0098655752121410561 -0.020196040421059089 -0.027301824014505437
leaf_weight=91659 87 53 90 65 66 214 136 74 51 51 88 51 85 97 110 119 2298 7150 72 50 97 527 67 116 69 158 79 139 224 58
leaf_count=91659 87 53 90 65 66 214 136 74 51 51 88 51 85 97 110 119 2298 7150 72 50 97 527 67 116 69 158 79 139 224 58
internal_value=3.47331e-05 -0.0161219 5.64699e-05 3.54262e-05 -0.0197793 6.04238e-05 0.00170224 0.00226694 0.00825645 -0.00863323 -0.00448125 -0.0300444 0.00678015 0.0107521 -0.00334534 -0.0113362 0.001422 0.00278354 -0.0209014 0.0140283 0.018295 0.014312 0.00314998 0.0193061 -0.00248326 -0.0139873 -0.00103511 0.000527054 -0.0104992 -0.000156571
internal_weight=104200 140 104060 103970 131 103839 12122 11494 1421 628 526 102 1370 984 386 276 10073 7469 191 887 674 577 7333 183 2604 306 148 213 438 91717
internal_count=104200 140 104060 103970 131 103839 12122 11494 1421 628 526 102 1370 984 386 276 10073 7469 191 887 674 577 7333 183 2604 306 148 213 438 91717
cat_boundaries=0 1
cat_threshold=36
is_linear=0
shrinkage=0.03


Tree=218
num_leaves=31
num_cat=2
split_feature=9 19 11 4 12 22 28 10 32 18 28 24 26 11 19 11 14 12 15 19 19 22 5 32 10 5 18 14 1 18
split_gain=39.5237 87.9154 122.824 77.1849 62.2737 60.2569 75.5231 100.767 72.981 94.2467 68.2066 66.115 63.8845 77.7808 76.2327 104.018 59.3463 71.2899 149.25 192.038 58.2292 140.419 131.943 107.861 79.7832 142.168 83.5435 83.3138 111.943 118.453
threshold=2.2916666269302373 13.500000000000002 5.7750000953674325 0.92416667938232433 7.6224999427795419 1.1666666865348818 0.83333334326744091 88.633331298828139 0 3.5067567825317387 1.0000000180025095e-35 0.83333334326744091 0.83333334326744091 16.899999618530277 29.500000000000004 18.633333206176761 1.9430000185966494 2.9100000858306889 1.0000000180025095e-35 24.500000000000004 17.500000000000004 1.5833333134651186 1.3529666662216189 1 79.90000152587892 0.10013333335518838 2.1690477132797246 1.3790000081062319 88.833332061767592 3.5067567825317387
decision_type=2 2 2 10 2 10 10 2 9 2 10 10 10 2 2 2 8 2 2 2 2 10 10 9 2 10 2 8 2 2
left_child=4 3 -3 -2 -1 6 7 -4 9 16 11 -7 -9 -14 15 -15 -8 -18 19 -19 21 22 -12 -23 25 26 -25 28 -26 -30
right_child=1 2 5 -5 -6 10 8 12 -10 -11 20 -13 13 14 -16 -17 17 18 -20 -21 -22 23 -24 24 27 -27 -28 -29 29 -31
leaf_value=0.00016886579335290535 -0.0040369589262752772 -0.026112101475437039 -0.0026927285785228014 0.029840143307066355 0.0330093350347418 -0.035584224431908555 -0.015624215601633677 0.039197041939762305 -0.0015726267526721604 -0.034665102885829073 -0.017913056434967468 -0.001636741263930922 -0.0054859745784140209 0.066921398986376959 -0.0088047201355110922 0.014935787618905306 -0.013275813155859295 0.065362677116479181 -0.018237662584457581 -0.0007306552707002712 0.0011583611937921393 -0.010453918618398041 0.0271952816639861 -0.0057859984517097465 0.064243142322219657 -0.003476980866088661 0.03881079555999848 0.012283615365594745 0.048507012387737629 -0.0022100619867790575
leaf_weight=82030 7836 158 750 61 52 84 454 82 2189 135 291 134 164 53 53 100 216 70 103 91 7493 159 73 50 87 353 155 251 80 86
leaf_count=82030 7836 158 750 61 52 84 454 82 2189 135 291 134 164 53 53 100 216 70 103 91 7493 159 73 50 87 353 155 251 80 86
internal_value=-0.000111957 -0.00124708 0.000187818 -0.00377528 0.000189671 0.000489896 -0.00237665 0.00405048 -0.00474787 -0.011131 0.0018652 -0.0147174 0.0152394 0.0099299 0.0222027 0.0329439 -0.00784856 -0.000494077 0.00996371 0.0280056 0.00226341 0.00748749 -0.0088666 0.0123629 0.0157293 0.00806272 0.0279335 0.0245294 0.0366785 0.0222319
internal_weight=103893 21811 13914 7897 82082 13756 4460 1202 3258 1069 9296 218 452 370 206 153 934 480 264 161 9078 1585 364 1221 1062 558 205 504 253 166
internal_count=103893 21811 13914 7897 82082 13756 4460 1202 3258 1069 9296 218 452 370 206 153 934 480 264 161 9078 1585 364 1221 1062 558 205 504 253 166
cat_boundaries=0 1 2
cat_threshold=2 4
is_linear=0
shrinkage=0.03


Tree=219
num_leaves=31
num_cat=0
split_feature=30 2 18 11 12 26 28 22 29 0 0 29 1 13 24 12 5 18 24 0 28 20 5 29 29 27 24 15 18 29
split_gain=51.6244 53.9584 92.2795 73.0499 58.1417 83.5774 79.3391 64.1233 63.2412 68.8185 61.9102 62.5987 70.5145 114.913 61.564 59.5061 73.4971 84.5113 90.6735 83.4176 80.5603 79.4438 86.2202 129.098 85.2066 93.0213 91.4713 87.3097 88.8966 76.2524
threshold=1.0000000180025095e-35 14.833333492279055 5.9136645793914804 13.366666316986086 3.089999914169312 1.1666666865348818 0.83333334326744091 0.83333334326744091 0.55000001192092907 6.8333332538604745 6.1666667461395273 0.55000001192092907 54.500000000000007 0.090057000517845168 1.1666666865348818 4.6224999427795419 0.14703333377838138 6.2535715103149423 2.1666666269302373 6.5833332538604745 3.1666666269302373 5.5000000000000009 1.4875167012214663 2.1000000238418584 1.6333333253860476 1.5500000119209292 1.5833333134651186 0.36666667461395269 3.0548048019409184 1.1000000238418581
decision_type=2 2 2 2 2 10 8 10 8 2 2 10 2 10 10 2 8 2 10 2 10 2 10 10 10 8 10 2 2 8
left_child=-1 2 -2 -4 5 6 14 -7 9 -6 11 -9 -13 -14 -3 -10 -17 18 20 -19 21 24 23 29 25 -18 27 28 -26 -23
right_child=1 4 3 -5 8 7 -8 10 15 -11 -12 12 13 -15 -16 16 17 19 -20 -21 -22 22 -24 -25 26 -27 -28 -29 -30 -31
leaf_value=-0.00064478257095236752 0.00024168568873249543 0.0030580732814575497 0.040804449619104462 -0.0041356890429468714 -0.019214188793076223 -0.00056217478419114879 -0.0047039818508768181 -0.0064110765581050612 -0.0021161505699498527 0.015330245972357012 -0.011495815286885053 -0.014564883347600697 0.018519131352640359 0.057263632908855611 0.037646874888585161 0.023589458054242035 0.0082257911197487557 0.015399017305406807 -0.010542633299989328 -0.02209367636602896 -0.020606430290000779 0.0040237760983407502 0.045526976161143359 -0.020591376446958246 0.010877431196070486 -0.0138262029371128 -0.00722148430375558 0.0019795591202141209 0.056599450345337386 0.027305852824012222
leaf_weight=51947 44846 114 90 51 243 285 687 89 1712 66 71 50 737 76 78 180 374 73 269 199 84 200 85 87 62 319 106 88 100 345
leaf_count=51947 44846 114 90 51 243 285 687 89 1712 66 71 50 737 76 78 180 374 73 269 199 84 200 85 87 62 319 106 88 100 345
internal_value=2.33681e-05 0.000693855 0.000317872 0.0245495 0.00318896 0.00721483 6.07976e-05 0.0120225 0.00127159 -0.0118358 0.0155284 0.0175439 0.0200144 0.022141 0.0171098 0.00221723 0.00510278 0.00371106 0.00573179 -0.0120313 0.00809818 0.00946352 0.0171599 0.0133447 0.00420301 -0.00192513 0.0161322 0.0260342 0.0391009 0.018762
internal_weight=103713 51766 44987 141 6779 2187 879 1308 4592 309 1023 952 863 813 192 4283 2571 2391 2119 272 1850 1766 717 632 1049 693 356 250 162 545
internal_count=103713 51766 44987 141 6779 2187 879 1308 4592 309 1023 952 863 813 192 4283 2571 2391 2119 272 1850 1766 717 632 1049 693 356 250 162 545
is_linear=0
shrinkage=0.03


Tree=220
num_leaves=31
num_cat=0
split_feature=3 18 31 12 4 2 11 16 12 11 18 18 26 3 30 26 1 18 12 12 22 0 5 0 2 13 18 25 11 29
split_gain=52.1766 93.9498 61.1015 104.934 103.247 98.5062 164.117 109.48 82.5424 88.1813 77.4439 106.261 103.333 81.8766 119.966 114.575 78.0874 75.3637 62.3048 61.6393 61.2285 55.2489 51.2846 47.0554 64.7583 67.0691 63.1397 54.6177 140.712 73.6107
threshold=12.483333110809328 9.7750000953674334 8.4499998092651385 7.5225000381469735 0.090043336153030409 21.583333015441898 18.550000190734867 1.0000000180025095e-35 10.409999847412111 21.10000038146973 4.6035714149475107 2.013513565063477 0.83333334326744091 7.3416666984558114 1.0000000180025095e-35 1.1666666865348818 14.833333492279055 6.5086207389831552 8.7100000381469744 9.0633335113525408 2.4166666269302373 7.4166667461395273 0.33090001344680792 7.5833332538604745 27.416666984558109 0.15616299957036975 2.7379863262176518 1.5500000119209292 21.10000038146973 1.1000000238418581
decision_type=2 2 2 2 8 2 2 2 2 2 2 2 10 2 2 10 2 2 2 2 10 2 10 2 2 8 2 10 2 10
left_child=2 21 17 4 -4 6 7 -5 9 -7 11 12 -6 14 -12 -16 -14 23 -9 -11 -19 -2 -23 24 -1 -26 -25 29 -29 -28
right_child=1 -3 3 5 10 8 -8 18 -10 19 13 -13 16 -15 15 -17 -18 20 -20 -21 -22 22 -24 26 25 -27 27 28 -30 -31
leaf_value=5.2852238788713024e-06 -0.00053104290938270945 0.020306169243995101 -0.0071311994013590141 0.037624727397643283 0.060276460375636817 -0.035277750475226709 -0.039010137677805062 -0.030412000440163154 0.031609732416691259 0.036535543924570084 -0.0071036092830555776 0.00057130360277369619 0.040640922971069811 0.058005546029992673 0.0093586880856981643 0.072037511732218396 -0.002211302493419498 -0.0053614491356855573 0.010665891172944522 -0.0077699377422149364 -0.029774455760198177 -0.016829072875846729 -0.050680064319897057 0.036873337047835512 0.015669437965624172 -0.021924204260703514 0.017508931381894008 0.058287827010665615 -0.0016664194088233143 -0.0089357247871407162
leaf_weight=100517 84 64 218 58 60 53 146 73 96 50 84 384 62 68 52 53 100 333 61 65 128 101 67 62 53 220 140 56 95 293
leaf_count=100517 84 64 218 58 60 53 146 73 96 50 84 384 62 68 52 53 100 333 61 65 128 101 67 62 53 220 140 56 95 293
internal_value=1.88917e-05 -0.0121529 5.60252e-05 0.00572557 0.0113157 -0.00431255 -0.0150376 0.00319155 0.00941873 -0.00326184 0.0159755 0.0101231 0.026645 0.0297755 0.0196187 0.0409966 0.0141889 -3.76169e-05 -0.0117124 0.0114933 -0.0121399 -0.0203965 -0.0303292 1.73848e-05 -3.43446e-05 -0.0146258 0.00808829 0.00503235 0.0205683 -0.00038549
internal_weight=103896 316 103580 1683 1081 602 338 192 264 168 863 606 222 257 189 105 162 101897 134 115 461 252 168 101436 100790 273 646 584 151 433
internal_count=103896 316 103580 1683 1081 602 338 192 264 168 863 606 222 257 189 105 162 101897 134 115 461 252 168 101436 100790 273 646 584 151 433
is_linear=0
shrinkage=0.03


Tree=221
num_leaves=31
num_cat=1
split_feature=2 20 29 13 23 6 21 32 5 31 26 25 19 24 0 31 5 14 20 24 31 31 23 20 21 10 1 2 11 18
split_gain=41.652 66.7808 112.267 122.176 120.463 94.1344 118.907 118.632 84.8396 81.0473 114.778 73.7423 65.7694 61.2174 122.266 90.8287 125.493 123.885 76.443 82.1725 181.882 75.2828 61.0001 59.3683 58.5803 153.782 54.7973 146.316 50.4852 46.0011
threshold=28.166666984558109 7.5000000000000009 1.1000000238418581 0.54837298393249523 2.2916666269302373 0.58333334326744091 81.500000000000014 0 0.77376666665077221 5.0499999523162851 1.8333333134651186 0.90000000596046459 9.5000000000000018 1.1666666865348818 10.416666507720949 6.0499999523162851 0.86004999279975902 0.59376999735832225 12.500000000000002 1.8333333134651186 7.0499999523162851 5.6499998569488534 2.1000000238418584 8.5000000000000018 76.500000000000014 53.225000381469734 84.166667938232436 20.166666984558109 22.22500038146973 3.7533783912658696
decision_type=2 2 8 8 10 2 2 9 10 2 8 10 2 10 2 2 10 8 2 10 2 2 10 2 2 2 2 2 2 2
left_child=1 -1 8 5 9 7 -7 12 -3 -5 24 -6 -4 15 18 21 17 -17 19 20 -15 28 -21 -10 -11 -26 -27 -28 -2 -12
right_child=13 2 3 4 11 6 -8 -9 23 10 29 -13 -14 14 -16 16 -18 -19 -20 22 -22 -23 -24 -25 25 26 27 -29 -30 -31
leaf_value=4.4579931077606685e-05 0.018695659074255012 -0.0092035185259387448 -0.034486306565254927 0.0078523626498710579 0.0097709178407676522 0.053528395703692423 0.0040934176197866112 0.0072555518686499018 0.030620553452013571 -0.0070039338736157669 0.077418464983999721 -0.035497819283290911 -0.0068992372264553388 -0.0086370209499221778 0.043735385910318836 -0.0010896343416111035 0.011593271915949622 -0.04386957293235217 -0.030845640214780968 0.0036399598167957486 0.057218794630898628 0.030908303521573539 -0.038295249514695671 0.00088802332266045667 0.070877611793969814 -0.0020043645751091741 0.05395132680925039 0.002422802507398872 -0.013962065853208068 0.036724010914564127
leaf_weight=99658 55 729 100 267 75 68 123 626 88 57 50 57 350 92 58 88 81 198 72 74 64 60 54 193 57 93 91 109 189 50
leaf_count=99658 55 729 100 267 75 68 123 626 88 57 50 57 350 92 58 88 81 198 72 74 64 60 54 193 57 93 91 109 189 50
internal_value=0.000119514 0.000181204 0.00445882 0.00829995 0.0167121 0.0022846 0.0216933 -0.00116063 -0.00380531 0.0212297 0.0282745 -0.00977695 -0.0127464 -0.00572765 0.00334439 -0.011325 -0.0213706 -0.0307065 -0.00323617 0.00376342 0.0183807 0.000802398 -0.0140515 0.0101993 0.0211991 0.0257922 0.0170213 0.0258683 -0.00660069 0.0570712
internal_weight=103926 102841 3183 2173 906 1267 191 1076 1010 774 507 132 450 1085 414 671 367 286 356 284 156 304 128 281 407 350 293 200 244 100
internal_count=103926 102841 3183 2173 906 1267 191 1076 1010 774 507 132 450 1085 414 671 367 286 356 284 156 304 128 281 407 350 293 200 244 100
cat_boundaries=0 1
cat_threshold=32
is_linear=0
shrinkage=0.03


Tree=222
num_leaves=31
num_cat=0
split_feature=2 24 2 21 24 11 26 24 12 23 13 18 5 5 10 2 5 5 22 14 13 24 5 3 13 29 18 11 18 21
split_gain=44.0882 95.7117 79.0181 55.2732 64.5092 42.846 39.4463 73.4793 59.3094 173.457 67.885 67.4752 55.1212 60.8996 96.6213 53.0402 47.0494 76.4959 34.1302 40.2216 34.1447 76.4578 123.841 114.853 83.7202 68.8058 63.7602 98.6488 97.9991 75.0602
threshold=34.833333969116218 1.1666666865348818 39.833333969116218 80.500000000000014 0.58333334326744091 33.899999618530281 0.41666667163372045 4.8333332538604745 8.7100000381469744 2.1000000238418584 0.52449998259544384 6.2535715103149423 1.9276999831199648 1.6716666221618655 87.450000762939467 13.833333492279055 1.5282999873161318 1.4173833131790163 3.8333333730697636 0.24842999875545504 0.21010799705982211 0.83333334326744091 1.240483343601227 8.9416666030883807 0.42099998891353613 1.7083333134651186 1.6211556196212771 14.449999809265138 4.3380954265594491 85.500000000000014
decision_type=2 10 2 2 10 2 10 8 2 10 10 2 10 10 2 2 10 10 10 10 10 10 10 2 10 10 2 2 2 2
left_child=5 3 -3 -2 -5 6 7 8 10 -10 11 12 13 16 -15 -14 17 -1 20 -20 -8 22 23 24 -22 -26 -23 28 -28 -29
right_child=1 2 -4 4 -6 -7 18 -9 9 -11 -12 -13 15 14 -16 -17 -18 -19 19 -21 21 26 -24 -25 25 -27 27 29 -30 -31
leaf_value=0.0012089584364345025 -0.028235824134419944 0.055298719899728892 0.0049646436251699925 0.034377433129076686 -0.0074290280161278966 -0.023941148758601788 -0.00022768803984265571 0.038056591226253655 -0.0045119880524373823 0.062696602301164112 -0.033532696688175198 0.035595516451688194 -0.00099840610775919184 -0.002825482045300305 0.044109694739053774 -0.042153253187151518 -0.024162812755658073 0.030479811432736887 -0.0032531809339192085 -0.020955481828676292 0.0003944795125166096 -0.0073920751950144765 -0.029875863182964743 0.023378981438775859 -0.0086443141940981145 -0.043926626970305249 0.0084470618384560065 0.0089472381675312681 0.032718812052205386 -0.0038207620473793926
leaf_weight=10082 51 64 50 53 89 67 86744 50 93 55 50 52 63 81 77 51 65 81 709 138 697 375 149 153 144 76 1526 645 166 1159
leaf_count=10082 51 64 50 53 89 67 86744 50 93 55 50 52 63 81 77 51 65 81 709 138 697 375 149 153 144 76 1526 645 166 1159
internal_value=7.52234e-05 0.0114272 0.0332224 -0.00144667 0.00817479 4.1567e-05 5.70949e-05 0.00177294 0.00160418 0.0204642 0.0013409 0.00150614 0.00133732 0.00156505 0.020048 -0.0194098 0.00127953 0.00144225 -0.00014285 -0.00613738 -8.75615e-05 0.00230048 -0.00425166 -0.000683429 -0.0046982 -0.0208327 0.00436379 0.00562478 0.0108283 0.000744293
internal_weight=103855 307 114 193 142 103548 103481 10800 10750 148 10602 10552 10500 10386 158 114 10228 10163 92681 847 91834 5090 1219 1070 917 220 3871 3496 1692 1804
internal_count=103855 307 114 193 142 103548 103481 10800 10750 148 10602 10552 10500 10386 158 114 10228 10163 92681 847 91834 5090 1219 1070 917 220 3871 3496 1692 1804
is_linear=0
shrinkage=0.03


Tree=223
num_leaves=31
num_cat=0
split_feature=2 11 11 21 9 9 13 18 23 9 26 29 24 25 9 11 11 2 20 22 5 14 24 9 22 20 2 0 5 2
split_gain=32.7055 63.7175 123.318 68.0394 66.1818 102.08 120.048 65.1291 115.366 63.7782 63.4138 70.1253 61.4747 116.985 119.262 70.2427 84.4094 59.7185 81.8525 61.3879 63.4149 50.9365 50.7059 95.0325 53.636 45.3844 109.445 43.5683 41.1563 51.4704
threshold=27.833333015441898 24.44999980926514 24.899999618530277 74.500000000000014 7.0999999046325692 6.7750000953674325 0.55700001120567333 6.8038463592529306 1.5500000119209292 6.5499999523162851 1.1666666865348818 1.5500000119209292 1.1666666865348818 1.6333333253860476 8.5500001907348651 27.10000038146973 22.633333206176761 25.166666984558109 5.5000000000000009 1.8333333134651186 1.5616666674613955 1.1044999957084658 0.58333334326744091 9.0999999046325701 3.1666666269302373 10.500000000000002 32.166666030883796 8.166666507720949 1.3909166455268862 20.166666984558109
decision_type=2 2 2 2 2 2 8 2 10 2 10 10 10 10 2 2 2 2 2 10 8 10 10 2 10 2 2 2 10 2
left_child=1 4 -3 -4 5 7 -7 9 -9 -1 -6 -12 22 14 15 16 -14 28 -19 -20 -21 -15 25 24 -24 26 27 -2 29 -5
right_child=12 2 3 17 10 6 -8 8 -10 -11 11 -13 13 21 -16 -17 -18 18 19 20 -22 -23 23 -25 -26 -27 -28 -29 -30 -31
leaf_value=2.3451975575255877e-05 0.0043604381302637706 0.040991493403277499 0.029683082836066802 0.017557536653570228 0.0050018577401836715 -0.0015556571828691584 0.060864722587996058 0.05575160118822868 -0.0036085105260067127 -0.023946736814081666 -0.049251895440767891 -0.0034036335173775168 -0.0084733831699726724 -0.027635988015862343 0.058401678243938548 -0.020016023896760861 0.0420295965309967 0.036821154762919132 -0.024384750441693869 -0.0083052025343242439 0.037984698330145332 0.0032580368866523103 -0.01788077085113278 -0.052856244424642138 0.011790872154491287 -0.017671777215828612 0.041354981458521095 -0.028048013919698338 -0.033310240073874592 -0.012069291782808368
leaf_weight=101365 112 94 82 74 72 57 54 52 68 100 73 51 53 103 52 59 68 78 61 57 50 90 253 59 70 110 58 56 50 184
leaf_count=101365 112 94 82 74 72 57 54 52 68 100 73 51 53 103 52 59 68 78 61 57 50 90 253 59 70 110 58 56 50 184
internal_value=3.0868e-05 8.70773e-05 0.00891867 0.00417835 2.38039e-05 5.73696e-05 0.028811 2.59511e-05 0.0221142 -1.7212e-07 -0.017392 -0.0303949 -0.00501578 0.00402725 0.018383 0.0068221 0.0199085 0.000403276 0.0114245 -0.000366854 0.0133256 -0.0132294 -0.0103685 -0.0178455 -0.0114504 -0.00186794 0.0058242 -0.00644238 -0.00839936 -0.00357167
internal_weight=103765 102622 730 636 101892 101696 111 101585 120 101465 196 124 1143 425 232 180 121 554 246 168 107 193 718 382 323 336 226 168 308 258
internal_count=103765 102622 730 636 101892 101696 111 101585 120 101465 196 124 1143 425 232 180 121 554 246 168 107 193 718 382 323 336 226 168 308 258
is_linear=0
shrinkage=0.03


Tree=224
num_leaves=31
num_cat=1
split_feature=31 27 32 31 31 23 18 19 4 4 4 20 23 23 25 4 19 27 21 22 20 14 22 19 31 19 10 19 5 2
split_gain=46.029 43.3812 61.7873 119.152 182.968 138.694 77.291 76.1151 73.9911 102.807 101.54 71.9947 87.906 163.193 123.167 124.942 154.106 127.218 119.236 122.834 96.679 82.541 77.5502 93.6485 69.7745 70.0768 92.2843 64.2081 63.5577 63.1514
threshold=13.84999990463257 1.1000000238418581 0 9.5500001907348651 7.9500000476837167 1.3666666746139529 4.0135135650634775 17.500000000000004 0.31025166809558874 0.49346832931041723 0.27007167041301733 1.0000000180025095e-35 1.5500000119209292 1.4499999880790713 1.1000000238418581 0.10678166896104814 11.500000000000002 0.90000000596046459 59.500000000000007 1.5833333134651186 1.5000000000000002 0.10244999825954439 2.8333333730697636 5.5000000000000009 6.1499998569488534 5.5000000000000009 38.225000381469734 27.500000000000004 1.4769666790962221 14.583333492279055
decision_type=2 8 9 2 2 10 2 2 10 10 10 2 10 10 10 10 2 10 2 10 2 8 10 2 2 2 2 2 8 2
left_child=1 2 3 4 -1 -6 -5 -7 10 -10 11 -4 13 24 20 16 18 -17 -16 -20 21 -14 23 -21 -13 -26 -27 -28 -25 -18
right_child=-2 -3 8 6 5 7 -8 -9 9 -11 -12 12 14 -15 15 17 29 -19 19 22 -22 -23 -24 28 25 26 27 -29 -30 -31
leaf_value=-0.00065282124533952771 -0.027406913621859114 -0.00040381241648643521 0.00077530505336839825 0.0054614377766847612 0.066240194519785675 -0.0034806870980696241 -0.030679137515794104 0.034071366690613072 -0.023721606373691407 0.006482971548701132 0.032975817406550048 0.00135255787195836 -0.013059748818919267 -0.044590252570863534 -0.0035280956349828664 0.020636326240543922 -0.0036936922561352612 0.078029131459880538 0.064059088833799419 -0.0056660156542121766 -0.0032210491528421375 0.022785024627550714 0.056281993827729852 0.010255128663094316 0.043073691745217031 0.040134610950202952 -0.0080553984642028793 0.025508091199610915 0.052009135342111254 0.013560224271633408
leaf_weight=14737 55 67616 13508 74 57 110 190 87 234 179 96 3789 73 67 102 101 453 53 88 101 904 278 53 61 65 68 192 70 71 330
leaf_count=14737 55 67616 13508 74 57 110 190 87 234 179 96 3789 73 67 102 101 453 53 88 101 904 278 53 61 65 68 192 70 71 330
internal_value=3.0328e-05 4.4865e-05 0.000883134 -0.000569177 -0.000217704 0.0250277 -0.0205488 0.0131032 0.0019407 -0.0106305 0.00219463 0.00204997 0.0045385 0.0018596 0.00880686 0.0148816 0.0117616 0.0403884 0.0252232 0.0330644 0.00196737 0.0153301 0.0235276 0.016077 0.00260342 0.0146022 0.00899419 0.000911946 0.0327137 0.00357807
internal_weight=103862 103807 36191 15255 14991 254 264 197 20936 413 20523 20427 6919 4251 2668 1413 1259 154 476 374 1255 351 286 233 4184 395 330 262 132 783
internal_count=103862 103807 36191 15255 14991 254 264 197 20936 413 20523 20427 6919 4251 2668 1413 1259 154 476 374 1255 351 286 233 4184 395 330 262 132 783
cat_boundaries=0 1
cat_threshold=32
is_linear=0
shrinkage=0.03


Tree=225
num_leaves=31
num_cat=0
split_feature=22 21 2 15 12 23 10 26 6 18 14 13 7 0 11 27 13 12 10 27 12 27 12 1 13 13 10 25 4 3
split_gain=32.9258 60.9961 39.4291 67.0845 47.1134 37.8936 100.217 69.9127 35.0875 32.6414 30.7997 28.0905 106.929 44.5417 51.6211 61.9674 31.1317 31.2852 104.792 61.9207 36.4458 42.0753 41.3002 56.2404 47.7386 28.7339 102.827 84.2905 78.837 74.8594
threshold=3.8333333730697636 8.5000000000000018 23.583333015441898 0.22500000149011615 4.6633331775665292 3.4500000476837163 60.45000076293946 1.5833333134651186 0.83333334326744091 1.220486104488373 0.012370000127702953 0.91200000047683727 1.0000000180025095e-35 11.166666507720949 33.366666793823249 1.5500000119209292 0.78199997544288646 11.150000095367433 87.224998474121108 1.4499999880790713 9.6325001716613787 0.77500000596046459 10.409999847412111 87.833332061767592 0.54093101620674144 0.28618700802326208 46.266666412353523 0.90000000596046459 0.35050000250339514 7.9416666030883798
decision_type=10 2 2 2 2 10 2 10 2 2 10 10 2 2 2 10 10 2 2 10 2 10 2 2 8 10 2 10 10 2
left_child=5 10 3 4 9 11 -7 -8 -4 -3 -2 13 -13 14 16 -16 17 20 -19 -20 25 -22 24 -24 -23 -1 27 -27 29 -28
right_child=1 2 8 -5 -6 6 7 -9 -10 -11 -12 12 -14 -15 15 -17 -18 18 19 -21 21 22 23 -25 -26 26 28 -29 -30 -31
leaf_value=-8.8688058877078887e-05 -0.0015534735022911925 -0.0021282024778749632 0.013615332935985765 -0.050611316211083356 0.011411434549040029 -0.00037396187929222157 0.057359832042997529 0.01034398937629441 -0.018551418851403628 -0.026884491076087872 0.019254082756427426 0.046841340898894343 -0.01049147520047515 -0.021236493366487908 0.045155512825772161 -0.0020761269673705103 -0.017861077396029774 -0.012158043430446042 0.0074198482204228637 0.049682992073205798 0.014072254779083387 -0.041320871394127608 0.022446274746209381 -0.015677770530603017 -0.011528629141061434 -0.042532758589672003 0.013048934477345338 -0.005293060722602108 0.00082239761586995344 -0.020660482701801118
leaf_weight=98120 578 69 76 51 56 278 55 59 51 157 72 52 67 89 50 50 88 97 60 65 63 68 60 83 168 69 1007 264 1839 63
leaf_count=98120 578 69 76 51 56 278 55 59 51 157 72 52 67 89 50 50 88 97 60 65 63 68 60 83 168 69 1007 264 1839 63
internal_value=-2.54914e-05 -0.0051647 -0.0135244 -0.0189485 -0.0132222 2.99925e-05 0.0093396 0.0330271 0.000697976 -0.0193262 0.000751363 -5.63822e-06 0.0145615 -2.25829e-05 -4.11148e-06 0.0215397 -2.52093e-05 -9.82539e-06 0.0112399 0.0293967 -3.43572e-05 -0.00863022 -0.012404 0.000318332 -0.0201128 3.12598e-06 0.0027819 -0.0130094 0.00458957 0.0110642
internal_weight=103924 1110 460 333 282 102814 392 114 127 226 650 102422 119 102303 102214 100 102114 102026 222 125 101804 442 379 143 236 101362 3242 333 2909 1070
internal_count=103924 1110 460 333 282 102814 392 114 127 226 650 102422 119 102303 102214 100 102114 102026 222 125 101804 442 379 143 236 101362 3242 333 2909 1070
is_linear=0
shrinkage=0.03


Tree=226
num_leaves=31
num_cat=0
split_feature=31 18 24 16 28 2 29 18 31 24 2 2 10 3 2 16 13 9 15 0 13 24 19 10 0 4 19 18 0 19
split_gain=45.1565 130.332 171.187 37.9429 68.968 76.8249 26.2653 95.6366 44.3608 75.5848 118.888 94.6486 93.5957 96.3743 121.807 131.088 80.6153 66.5226 39.8424 106.758 118.492 121.492 103.138 72.2118 40.9743 60.0615 38.6725 38.4888 35.5164 127.66
threshold=2.5499999523162846 4.4677083492279062 1.1666666865348818 0.90000000596046459 0.83333334326744091 27.833333015441898 0.70833334326744091 7.0227272510528573 10.34999990463257 0.58333334326744091 3.5833333730697636 11.833333492279055 74.450000762939467 12.783333301544191 24.583333015441898 1.0000000180025095e-35 0.97100001573562633 4.9000000953674325 0.77500000596046459 9.8333334922790545 0.68403300642967235 1.4166666865348818 20.500000000000004 81.90000152587892 9.8333334922790545 0.85471001267433178 24.500000000000004 7.0227272510528573 7.1666667461395273 24.500000000000004
decision_type=2 2 10 2 10 2 10 2 2 10 2 2 2 2 2 2 8 2 2 2 10 10 2 2 2 10 2 2 2 2
left_child=1 -1 -3 6 -5 -6 7 28 18 11 -11 -10 17 14 15 -14 -17 26 24 20 21 22 -20 -23 25 27 -12 -8 -2 -30
right_child=3 2 -4 4 5 -7 8 -9 9 10 12 -13 13 -15 -16 16 -18 -19 19 -21 -22 23 -24 -25 -26 -27 -28 -29 29 -31
leaf_value=0.051710828416428323 -0.0012312725290955855 0.027163211838765577 -0.031063781519021307 0.017124603492021561 -0.0045944980815870728 -0.048647864631244112 9.1473462404288101e-05 -0.033978449792921306 -0.0033240110201180955 0.037125976087623518 -0.016438703422362987 0.044369139759657311 0.037100441355685715 -0.028296033740043639 0.048827322072294704 -0.045442800311481249 0.0051168273948132992 0.0063639478363534986 0.023674186301728087 -0.019654250899527933 -0.016677894506316918 0.028721218057908116 0.074710269931435466 -0.014275198785158304 0.024059837149529813 -0.023920669263189143 -0.052215086519718165 -0.020225254539400338 0.042978687893543671 -0.018099200837314127
leaf_weight=59 12684 99 84 50 82 63 89001 80 61 76 52 97 61 58 68 51 64 51 90 94 78 64 59 78 64 94 57 84 67 57
leaf_count=59 12684 99 84 50 82 63 89001 80 61 76 52 97 61 58 68 51 64 51 90 94 78 64 59 78 64 94 57 84 67 57
internal_value=-6.9963e-06 0.0129369 0.000436067 -3.72657e-05 -0.0132581 -0.0237349 -1.23062e-05 -0.00127932 0.000168323 0.00771295 0.00235534 0.025956 -0.00336451 0.00646394 0.0147266 0.00155126 -0.0173053 -0.0219157 0.000109786 0.00888747 0.0161583 0.0249597 0.0438831 0.00510347 6.4247e-05 4.70264e-05 -0.0351475 7.23164e-05 -0.00107507 0.0149026
internal_weight=103727 242 183 103485 195 145 103290 12888 90402 696 538 158 462 302 244 176 115 160 89706 463 369 291 149 142 89243 89179 109 89085 12808 124
internal_count=103727 242 183 103485 195 145 103290 12888 90402 696 538 158 462 302 244 176 115 160 89706 463 369 291 149 142 89243 89179 109 89085 12808 124
is_linear=0
shrinkage=0.03


Tree=227
num_leaves=31
num_cat=0
split_feature=26 20 5 2 18 11 27 21 9 27 19 22 21 23 27 26 25 18 2 11 24 28 9 12 21 24 9 18 9 18
split_gain=32.3834 44.48 105.304 71.1743 64.0591 59.4527 41.0387 61.5183 39.882 69.2174 56.7884 41.0702 87.3902 124.688 67.6432 81.5604 59.0587 41.4659 40.3684 37.4587 65.9378 37.0272 74.2853 36.7869 44.1066 35.7083 34.5182 142.095 35.3764 61.2053
threshold=1.5833333134651186 13.500000000000002 1.6479333043098452 23.833333015441898 3.8509259223937993 32.100000381469734 2.5499999523162846 80.500000000000014 7.9000000953674325 1.8999999761581423 2.5000000000000004 0.58333334326744091 34.500000000000007 1.3666666746139529 1.6333333253860476 1.8333333134651186 0.77500000596046459 3.3133928775787358 16.833333015441898 28.10000038146973 0.83333334326744091 1.1666666865348818 2.5499999523162846 2.554999947547913 12.500000000000002 2.5833333730697636 7.5499999523162851 6.5086207389831552 7.0999999046325692 6.8038463592529306
decision_type=10 2 8 2 2 2 10 2 2 10 2 10 2 10 10 10 10 2 2 2 10 10 2 2 2 10 2 2 2 2
left_child=1 5 4 -4 -3 6 19 -8 11 -10 -11 12 23 14 15 18 -16 21 -14 26 -21 25 -23 -2 -25 -18 28 -28 29 -1
right_child=8 2 3 -5 -6 -7 7 -9 9 10 -12 -13 13 -15 16 -17 17 -19 -20 20 -22 22 -24 24 -26 -27 27 -29 -30 -31
leaf_value=0.00051555417979330968 -0.0009071571867953586 0.056758408796674799 0.019094256240663663 -0.026849517733593221 0.014827732189103614 0.025161684305745769 -0.0028553100163772908 -0.040474597960710526 -0.031152993556326971 -0.02050664586480707 0.017003818926667528 -0.00012265162117728806 -0.0242176053294159 0.033363361165432599 0.017614382348299304 0.001564396566683703 -0.017071671881948618 -0.026474709186121957 -0.052360084150966844 0.0081511913806847896 -0.03073570434618127 -0.0068478628861332177 0.025884316749634997 -0.00056497089937329289 0.037586277079582217 0.0075699554410363946 0.046599228377727897 -0.013671248041807787 -0.019787046123634685 0.021283024039585142
leaf_weight=58735 2823 53 53 71 86 88 142 54 104 64 84 39399 235 59 81 101 331 109 57 69 91 297 79 60 50 63 68 73 77 128
leaf_count=58735 2823 53 53 71 86 88 142 54 104 64 84 39399 235 59 81 101 331 109 57 69 91 297 79 60 50 63 68 73 77 128
internal_value=0.000121284 0.00057587 0.0128862 -0.00721226 0.0308157 0.00052148 0.000484998 -0.0132198 -0.000496473 -0.0123969 0.000783077 -0.000427917 -0.00319596 -0.00932788 -0.0111895 -0.0216734 -0.00689765 -0.00915644 -0.0297112 0.000530341 -0.0139657 -0.0067049 2.9377e-05 -0.000243944 0.0167765 -0.0131315 0.000569598 0.0153954 0.000534131 0.000560714
internal_weight=103784 59788 263 124 139 59525 59437 196 43996 252 148 43744 4345 1412 1353 393 960 879 292 59241 160 770 376 2933 110 394 59081 141 58940 58863
internal_count=103784 59788 263 124 139 59525 59437 196 43996 252 148 43744 4345 1412 1353 393 960 879 292 59241 160 770 376 2933 110 394 59081 141 58940 58863
is_linear=0
shrinkage=0.03


Tree=228
num_leaves=31
num_cat=0
split_feature=15 4 1 27 3 24 17 16 3 12 4 1 24 22 5 3 28 19 18 22 22 27 27 1 3 25 19 19 28 20
split_gain=38.3484 47.5409 134.728 36.0643 102.195 66.3327 46.4255 84.9871 70.816 65.1754 115.197 98.6176 105.697 61.9532 202.488 110.506 109.409 104.929 88.3128 95.927 116.637 74.6804 100.093 77.6639 70.9658 72.2644 169.131 78.8814 68.3113 72.9012
threshold=1.3666666746139529 1.0116666555404665 89.833332061767592 1.1000000238418581 13.183333396911623 4.8333332538604745 1.0000000180025095e-35 0.29166667163372045 8.1416664123535174 7.8366668224334726 0.60032501816749584 79.416667938232436 0.41666667163372045 1.5833333134651186 0.41759999096393591 1.2833333015441897 1.8333333134651186 8.5000000000000018 3.1017241477966313 2.4166666269302373 1.8333333134651186 0.36666667461395269 0.55000001192092907 73.833332061767592 7.616666555404664 1.7083333134651186 13.500000000000002 19.500000000000004 1.1666666865348818 1.5000000000000002
decision_type=2 10 2 8 2 8 2 2 2 2 10 2 10 10 10 2 10 2 2 10 10 10 10 2 2 8 2 2 10 2
left_child=1 3 -3 4 5 6 7 -1 -9 13 11 -11 -13 17 16 -16 21 28 -18 20 -20 -15 23 -23 25 27 -27 -24 -8 -30
right_child=-2 2 -4 -5 -6 -7 9 8 -10 10 -12 12 -14 14 15 -17 18 -19 19 -21 -22 22 24 -25 -26 26 -28 -29 29 -31
leaf_value=0.00037741157716489169 -0.025716317846224857 0.052903690037402237 -0.013805404868390825 -0.00037744491749954823 -0.040443748119804591 0.035046989595627076 0.020891101392628873 -0.018736638558979054 0.01855333611544854 -0.037719467406471571 0.028245172643413145 0.02200364340096712 -0.014267288871338341 -0.021915948546013315 0.024481612322685708 -0.0048980575070745212 0.013964616938059808 -0.00092363484254728053 0.051091851391222166 0.06123778389745884 -0.0014089771347010837 0.012134487304549951 0.010318028491653589 0.059674459469773004 0.040912602424191744 -0.0071311138219099087 0.052901545904879999 -0.0057570904714456935 -0.0095007573584715531 0.011806723263787825
leaf_weight=26320 52 55 54 67541 54 51 339 339 53 108 72 96 293 74 126 1347 446 4189 69 89 85 65 554 59 52 83 86 545 225 404
leaf_count=26320 52 55 54 67541 54 51 339 339 53 108 72 96 293 74 126 1347 446 4189 69 89 85 65 554 59 52 83 86 545 225 404
internal_value=4.00487e-05 5.29427e-05 0.0198551 3.21412e-05 0.000795851 0.000857421 0.000809144 0.0001709 -0.0136949 0.00262169 -0.00721971 -0.0123575 -0.00531611 0.00325536 0.00622891 -0.00238493 0.011978 0.00113345 0.0218925 0.0364434 0.0221141 0.00747789 0.00898422 0.0347543 0.00656339 0.00515475 0.0234181 0.00234629 0.0100355 0.00418481
internal_weight=103925 103873 109 103764 36223 36169 36118 26712 392 9406 569 497 389 8837 3680 1473 2207 5157 689 243 154 1518 1444 124 1320 1268 169 1099 968 629
internal_count=103925 103873 109 103764 36223 36169 36118 26712 392 9406 569 497 389 8837 3680 1473 2207 5157 689 243 154 1518 1444 124 1320 1268 169 1099 968 629
is_linear=0
shrinkage=0.03


Tree=229
num_leaves=31
num_cat=1
split_feature=3 20 24 3 32 27 29 28 18 22 19 11 3 20 23 29 3 22 11 2 17 4 2 10 4 17 2 5 19 19
split_gain=28.9996 95.3823 89.8955 130.436 82.399 91.7752 110.641 85.8216 65.6539 59.6847 58.868 50.0182 51.4961 54.7989 65.556 86.7537 42.9739 130.867 88.1831 73.1147 87.1009 93.9399 125.002 62.6916 60.4191 53.0796 51.935 99.8754 78.2485 67.4975
threshold=11.083333492279055 6.5000000000000009 1.1666666865348818 11.816666603088381 0 1.1000000238418581 1.2250000238418581 1.1666666865348818 8.1180553436279315 2.1666666269302373 15.500000000000002 33.366666793823249 9.7166666984558123 14.500000000000002 2.1000000238418584 1.2250000238418581 8.5166668891906756 1.1666666865348818 24.899999618530277 14.583333492279055 0.55000001192092907 0.60697668790817272 21.833333015441898 84.224998474121108 0.52004832029342662 0.22500000149011615 20.833333015441898 0.47366666793823248 14.500000000000002 21.500000000000004
decision_type=2 2 10 2 9 10 10 8 2 10 2 2 2 2 10 10 2 10 2 2 2 8 2 2 8 2 2 8 2 2
left_child=8 2 3 -2 5 -3 -7 -6 11 -5 -4 12 13 16 15 -15 26 24 19 -19 21 23 -23 -21 -18 -26 -1 -28 -29 -30
right_child=1 4 10 9 7 6 -8 -9 -10 -11 -12 -13 -14 14 -16 -17 17 18 -20 20 -22 22 -24 -25 25 -27 27 28 29 -31
leaf_value=9.1214151995890007e-05 0.043562701965371764 -0.015492569880103165 0.059108778922284236 0.0075366552425839466 0.0038449255894806422 -0.0044806203246116633 0.044214494686792873 -0.044378007718508965 -0.01964964728291128 -0.034480685406717761 0.018656484868539415 0.027868401368373423 -0.0094066019635826292 0.0067203466078409775 -0.0085341382063314573 0.058707955953879995 -0.04140163900596755 -0.01041191436447648 -0.012331818317880435 0.017892517279280293 0.056816700473427767 0.0096173005192898772 0.057486389066663479 -0.01778445758397066 0.013536053870035253 -0.026601565702316851 0.010304226717119341 -0.012182292920907636 0.0065181384479972657 -0.0057846862004487503
leaf_weight=98184 54 106 61 64 59 83 85 76 153 58 69 58 521 65 61 52 56 67 98 101 60 104 93 79 69 52 402 1054 582 1293
leaf_count=98184 54 106 61 64 59 83 85 76 153 58 69 58 521 65 61 52 56 67 98 101 60 104 93 79 69 52 402 1054 582 1293
internal_value=2.94442e-05 0.0060504 0.0187183 0.00474348 -0.00342726 0.0061413 0.0201568 -0.0216957 -1.22691e-05 -0.0124388 0.0376379 1.68866e-05 1.20212e-06 4.90344e-05 0.0166801 0.029826 2.0095e-05 0.00703942 0.0137068 0.0187699 0.023244 0.0179008 0.0322154 0.00223429 -0.0156372 -0.00371317 -3.37695e-05 -0.00371777 -0.00564226 -0.00196589
internal_weight=103919 715 306 176 409 274 168 135 103204 122 130 103051 102993 102472 178 117 102294 779 602 504 437 377 197 180 177 121 101515 3331 2929 1875
internal_count=103919 715 306 176 409 274 168 135 103204 122 130 103051 102993 102472 178 117 102294 779 602 504 437 377 197 180 177 121 101515 3331 2929 1875
cat_boundaries=0 1
cat_threshold=32
is_linear=0
shrinkage=0.03


Tree=230
num_leaves=31
num_cat=1
split_feature=31 27 32 20 20 4 13 17 3 10 10 27 2 13 8 10 9 9 25 1 16 19 10 19 0 31 9 31 10 19
split_gain=35.4924 71.9681 57.3188 68.9134 75.2084 58.923 82.9964 79.1008 102.925 83.1365 144.097 76.3385 113.842 107.295 109.485 80.7511 74.2934 71.3022 173.412 89.1573 70.0479 94.9793 67.1965 65.886 101.007 85.0554 61.7254 57.9056 111.24 74.0588
threshold=6.5499999523162851 1.0000000180025095e-35 0 15.500000000000002 12.500000000000002 0.55166667699813854 0.59927302598953258 1.0000000180025095e-35 6.2166664600372323 53.225000381469734 48.549999237060554 1.2250000238418581 22.166666984558109 0.97100001573562633 0.58333334326744091 79.90000152587892 5.7083332538604745 5.3666667938232431 0.90000000596046459 62.833333969116218 1.0000000180025095e-35 22.500000000000004 89.90000152587892 18.500000000000004 4.5833332538604745 7.6499998569488534 3.5499999523162846 7.8500001430511483 36.100000381469734 15.500000000000002
decision_type=2 10 9 2 2 8 10 2 2 2 2 10 2 8 2 2 2 2 10 2 2 2 2 2 2 2 2 2 2 2
left_child=-1 -2 3 4 5 6 -3 8 27 10 20 15 23 -14 -15 17 22 18 19 -11 21 -9 -17 25 26 -13 -25 -7 29 -29
right_child=1 2 -4 -5 -6 7 -8 9 -10 11 -12 12 13 14 -16 16 -18 -19 -20 -21 -22 -23 -24 24 -26 -27 -28 28 -30 -31
leaf_value=-0.00019263748690524608 0.027913834536938291 0.00074256151175645534 -0.0016401103164131591 -0.025089445410117709 0.02772084704041481 -0.00078157668339554217 -0.038433374226093289 0.0076302526712131048 -0.024705399328759356 0.016456979250206664 0.066307955831289289 0.012273917450853015 0.061315707514356631 0.044415702853351828 -0.012895263093523681 -0.046620165760411163 0.0038745151176339098 -0.013357479908887077 -0.0081347646271792522 0.070617759572184177 -0.0060024906081603251 0.052272323265875852 -0.0044676261285289389 0.011894875739590596 -0.0096118776156352108 -0.028980757760053329 0.054434120653895662 0.012324573496499886 -0.016244419230257764 0.062716923041163747
leaf_weight=96416 95 1830 2893 73 120 510 50 104 134 51 60 92 76 60 60 77 126 85 107 59 94 73 61 59 78 88 64 52 51 53
leaf_count=96416 95 1830 2893 73 120 510 50 104 134 51 60 92 76 60 60 77 126 85 107 59 94 73 61 59 78 88 64 52 51 53
internal_value=-3.95928e-05 0.00197213 0.00163173 0.00380422 0.00430662 0.00363024 -0.000299352 0.00687897 -0.000715898 0.011001 0.0242407 0.00716695 0.0148457 0.0334246 0.0157602 -0.000661026 -0.0127806 0.0099336 0.0190568 0.0455069 0.0149269 0.026042 -0.0279875 0.00528805 0.0170938 -0.00789503 0.0340291 0.00411082 0.0201052 0.0377607
internal_weight=103751 7335 7240 4347 4274 4154 1880 2274 800 1474 331 1143 577 196 120 566 264 302 217 110 271 177 138 381 201 180 123 666 156 105
internal_count=103751 7335 7240 4347 4274 4154 1880 2274 800 1474 331 1143 577 196 120 566 264 302 217 110 271 177 138 381 201 180 123 666 156 105
cat_boundaries=0 1
cat_threshold=34
is_linear=0
shrinkage=0.03


Tree=231
num_leaves=31
num_cat=0
split_feature=10 15 31 23 15 9 9 2 27 18 2 22 5 29 18 31 27 5 31 26 27 19 19 5 31 17 13 14 30 27
split_gain=46.8436 70.8729 135.948 80.4911 69.3069 67.0163 95.3496 58.0585 52.4593 53.481 93.2695 88.5212 88.4011 104.435 79.6833 73.2356 71.1403 60.8623 67.5336 60.2215 54.2028 53.7116 64.0431 114.597 61.6959 57.3952 50.3965 47.0174 73.5127 56.5153
threshold=89.633331298828139 1.0000000180025095e-35 7.5499999523162851 1.0000000180025095e-35 1.1000000238418581 9.6333336830139178 8.7083334922790545 37.166666030883796 3.1000000238418584 3.7343137264251713 19.166666984558109 1.8333333134651186 1.7150000333786013 1.8999999761581423 3.2296702861785893 6.1499998569488534 0.63333335518836986 1.2016333341598513 6.4500000476837167 2.5833333730697636 1.7749999761581423 28.500000000000004 16.500000000000004 1.0241666436195376 8.0500001907348651 0.55000001192092907 0.30006700754165655 0.96389999985694896 1.0000000180025095e-35 1.1000000238418581
decision_type=2 2 2 10 2 2 2 2 10 2 2 10 10 8 2 2 8 8 2 10 10 2 2 10 2 2 10 10 2 10
left_child=4 2 3 -2 5 6 7 -1 9 14 11 12 13 17 15 19 -12 -11 -19 20 27 22 23 25 -24 -18 -16 -3 -29 -30
right_child=1 8 -4 -5 -6 -7 -8 -9 -10 10 16 -13 -14 -15 26 -17 21 18 -20 -21 -22 -23 24 -25 -26 -27 -28 28 29 -31
leaf_value=-0.00011286527818090711 -0.014412982779362862 -0.010183357442044379 0.039212192167969125 0.0036593775218212395 0.029564217585073389 -0.029641874349959515 0.031326661962887338 0.030173605676544337 -0.030923032756698759 0.045964935346342183 -0.027841933283609212 -0.011106771985441447 -0.01297695826543005 0.06003668223386225 -0.024020214016122293 0.03220146541974761 -0.0026901175050395671 0.027154619677401168 -0.012100478222495631 0.026902210259950668 -0.023557706342455537 -0.022500878657613479 0.0064250182685921487 -0.034214869588613514 0.047040486888773742 0.026828162310582517 0.0074188255288384171 -0.010702798178024364 0.00053775318289318906 0.041954007109060235
leaf_weight=93869 229 272 95 7054 71 69 87 57 57 51 97 100 57 69 277 55 214 82 76 53 131 84 103 84 50 82 55 99 52 69
leaf_count=93869 229 272 95 7054 71 69 87 57 57 51 97 100 57 69 277 55 214 82 76 53 131 84 103 84 50 82 55 99 52 69
internal_value=0.000139258 0.00213025 0.00355623 0.00309113 -6.474e-05 -8.70998e-05 -6.54084e-05 -9.44856e-05 -0.00250654 -0.00177429 0.00271249 0.013663 0.021057 0.0280352 -0.00662407 -0.00108868 -0.00395905 0.0174701 0.00827242 -0.00379719 -0.00640886 -0.000204372 0.00330952 -0.00328901 0.019698 0.00548724 -0.0188119 -0.00184281 0.00846915 0.0241553
internal_weight=103800 9647 7378 7283 94153 94082 94013 93926 2269 2212 1149 435 335 278 1063 731 714 209 158 676 623 617 533 380 153 296 332 492 220 121
internal_count=103800 9647 7378 7283 94153 94082 94013 93926 2269 2212 1149 435 335 278 1063 731 714 209 158 676 623 617 533 380 153 296 332 492 220 121
is_linear=0
shrinkage=0.03


Tree=232
num_leaves=31
num_cat=0
split_feature=12 11 29 29 26 23 29 10 13 22 26 9 12 12 13 12 0 7 10 23 9 0 10 19 5 17 12 14 22 14
split_gain=60.3551 62.0155 58.273 90.7284 116.708 109.862 69.4432 79.2551 106.781 85.3615 60.2127 49.1926 36.3398 77.4374 32.722 37.0414 69.1642 158.282 45.7497 28.1278 90.213 88.6025 88.4344 125.674 55.5339 65.476 52.1261 70.5565 76.6274 49.5698
threshold=9.6325001716613787 33.100000381469734 1.2916666865348818 0.90000000596046459 1.8333333134651186 1.8999999761581423 2.4500000476837163 86.450000762939467 0.59927302598953258 1.8333333134651186 0.83333334326744091 6.4500000476837167 12.444999694824221 10.710000038146974 0.78199997544288646 9.2225003242492694 5.8333332538604745 1.0000000180025095e-35 85.099998474121108 3.1000000238418584 3.5499999523162846 2.8333333730697636 62.899999618530281 25.500000000000004 0.36654999852180487 0.55000001192092907 0.44499999284744268 0.23075000196695331 3.8333333730697636 0.44449999928474432
decision_type=2 2 8 10 10 10 10 2 10 10 10 2 2 2 10 2 2 2 2 8 2 2 2 2 10 2 2 10 10 10
left_child=1 14 3 12 5 -5 7 8 9 -4 -9 -12 13 -2 15 19 17 -17 -18 -1 21 26 -22 24 25 -24 -21 28 -28 -23
right_child=2 -3 6 4 -6 -7 -8 10 -10 -11 11 -13 -14 -15 -16 16 18 -19 -20 20 22 29 23 -25 -26 -27 27 -29 -30 -31
leaf_value=-4.8948237273257133e-05 -0.024074590524439426 0.033453307570517059 0.012140832732145029 -0.0043702698851886546 -0.012697315334831134 0.048009028474287105 0.01239116102606058 -0.055191844843682787 0.032011995630444219 -0.036657089268459987 -0.0062068255958729422 -0.036577221746556456 -0.035970140450141005 0.016397372990438381 -0.018148271588378409 -0.0068505842909216876 0.016203905403614043 0.065122619475830673 -0.023113494562475304 -0.00091034488060187885 -0.007438139819567746 -0.036942625621865899 0.037648378632686753 0.052708068642081045 -0.015977061645073048 -0.0057448331748738007 0.031307497734154921 -0.0035314409998095323 -0.0012437657611162373 0.00010946201476848349
leaf_weight=100329 102 50 52 57 101 98 75 63 53 85 96 96 51 73 89 55 50 55 57 1165 101 84 81 98 51 51 190 186 99 53
leaf_count=100329 102 50 52 57 101 98 75 63 53 85 96 96 51 73 89 55 50 55 57 1165 101 84 81 98 51 51 190 186 99 53
internal_value=-2.07235e-05 5.06649e-05 -0.00734794 0.000166542 0.0123959 0.028747 -0.0143133 -0.018814 -0.00414681 -0.0181353 -0.0297426 -0.021392 -0.0136862 -0.007192 3.44176e-05 5.01739e-05 0.0124317 0.029136 -0.00474088 2.39582e-05 0.00341193 0.000568662 0.0166383 0.0252921 0.0106104 0.0208828 0.00250481 0.0108809 0.0201567 -0.0226086
internal_weight=103846 102844 1002 482 256 155 520 445 190 137 255 192 226 175 102794 102705 217 110 107 102488 2159 1777 382 281 183 132 1640 475 289 137
internal_count=103846 102844 1002 482 256 155 520 445 190 137 255 192 226 175 102794 102705 217 110 107 102488 2159 1777 382 281 183 132 1640 475 289 137
is_linear=0
shrinkage=0.03


Tree=233
num_leaves=31
num_cat=1
split_feature=20 1 31 27 19 8 28 27 32 4 7 0 27 11 31 9 4 29 1 8 31 31 13 20 14 19 10 1 19 2
split_gain=30.9645 46.3265 29.273 82.635 85.925 125.87 84.3914 71.5783 92.0677 99.3376 110.324 121.414 100.435 158.33 108.438 86.7749 86.1191 88.1141 77.9611 67.0187 64.5479 59.2207 63.8245 87.2813 55.7481 62.5376 57.8643 59.2824 53.9708 70.5195
threshold=-1.4999999999999998 78.416667938232436 7.4500000476837167 3.1000000238418584 8.5000000000000018 0.58333334326744091 1.0000000180025095e-35 0.77500000596046459 0 0.35688832402229315 0.58333334326744091 3.5833333730697636 1.3666666746139529 10.900000095367433 10.250000000000002 3.5499999523162846 0.12001999840140344 1.7749999761581423 84.416667938232436 0.83333334326744091 8.3499999046325701 7.7500000000000009 0.13804499804973605 1.0000000180025095e-35 1.0371100306510928 5.5000000000000009 89.90000152587892 87.833332061767592 23.500000000000004 12.166666507720949
decision_type=2 2 2 8 2 2 10 10 9 10 2 2 10 2 2 2 8 10 2 2 2 2 10 2 10 2 2 2 2 2
left_child=1 -1 -2 4 19 6 -6 -8 9 10 11 12 13 16 21 -11 -9 -18 -13 24 -17 -14 23 -23 25 26 27 -4 -7 -30
right_child=2 -3 3 -5 5 28 7 8 -10 15 -12 18 14 -15 -16 20 17 -19 -20 -21 -22 22 -24 -25 -26 -27 -28 -29 29 -31
leaf_value=-0.021763864113942127 -6.8026429640538074e-05 0.012179496203362941 -0.00020389813477355597 -0.025208809649215101 -0.030193188772751733 -0.023246605326998824 -0.0087224644095700542 -0.010592427764087916 -0.00034974145918303067 -0.036463410566593038 0.052446257629515908 -0.015671869454893964 0.045782297575868755 -0.037688242532990197 0.072297133187261914 0.025555159092494627 0.050424863497416178 0.0022272649613971061 0.02318583765052832 0.044974102632087815 -0.0096097683581438924 -0.00089059999919143212 -0.01364544523358345 0.048874391035309855 0.031769432442883647 0.017854089078312509 0.024676597537738935 -0.034763271871667639 0.025653595857579134 -0.012571179447426443
leaf_weight=131 99557 50 317 94 65 242 322 60 972 58 73 163 83 55 52 82 90 55 65 51 110 58 50 70 90 278 70 52 58 173
leaf_count=131 99557 50 317 94 65 242 322 60 972 58 73 163 83 55 52 82 90 55 65 51 110 58 50 70 90 278 70 52 58 173
internal_value=1.02625e-05 -0.0123872 3.19505e-05 0.00257888 0.00326374 0.000837785 0.0035397 0.0044465 0.00646959 0.0122608 0.0171398 0.0139221 0.0212897 0.00750899 0.0327369 -0.00430572 0.0196351 0.032143 -0.00459401 0.0116217 0.00540859 0.0248552 0.0150971 0.0263246 0.00951391 0.00672032 -0.000330214 -0.00507405 -0.0133458 -0.00297362
internal_weight=103646 181 103465 3908 3814 2956 2483 2418 2096 1124 874 801 573 260 313 250 205 145 228 858 192 261 178 128 807 717 439 369 473 231
internal_count=103646 181 103465 3908 3814 2956 2483 2418 2096 1124 874 801 573 260 313 250 205 145 228 858 192 261 178 128 807 717 439 369 473 231
cat_boundaries=0 1
cat_threshold=34
is_linear=0
shrinkage=0.03


Tree=234
num_leaves=31
num_cat=0
split_feature=20 30 30 5 23 24 26 19 14 10 19 4 5 0 17 10 5 15 28 19 2 5 5 0 5 9 5 24 5 28
split_gain=46.8386 34.9018 34.866 61.0815 72.7073 72.5091 96.2459 72.5017 112.538 95.8839 77.0103 72.2849 82.1066 86.1876 83.6955 74.7217 95.0599 82.2546 72.7073 186.453 62.3508 58.8112 96.9293 96.7711 75.328 64.5201 58.5658 91.1247 113.653 58.1227
threshold=16.500000000000004 1.0000000180025095e-35 1.0000000180025095e-35 0.88151666522026073 1.7083333134651186 2.1666666269302373 2.1666666269302373 21.500000000000004 1.7129999995231631 72.450000762939467 15.500000000000002 0.13358000665903094 0.95721665024757396 3.1666666269302373 1.0000000180025095e-35 86.633331298828139 1.3067499995231631 0.22500000149011615 1.1666666865348818 25.500000000000004 8.166666507720949 1.0241666436195376 0.99594998359680187 2.1666666269302373 1.1479833126068117 2.3666666746139531 1.4469333291053774 1.1666666865348818 1.7849999666213991 2.5833333730697636
decision_type=2 2 2 10 10 10 10 2 10 2 2 10 10 2 2 2 10 2 10 2 2 10 10 2 10 2 10 10 10 10
left_child=2 -2 26 -4 21 11 7 10 9 -9 -7 18 -13 -14 -15 16 -16 -17 19 -6 -20 22 -5 -24 25 -23 -1 28 -28 -22
right_child=1 -3 3 4 5 6 -8 8 -10 -11 -12 12 13 14 15 17 -18 -19 20 -21 29 24 23 -25 -26 -27 27 -29 -30 -31
leaf_value=-0.00026337278676048185 -0.035237241948729958 -0.0042468808472156524 0.00021065431914446902 0.0032367027628393509 -0.0056914660838780218 0.034276627697981892 -0.0084035719172762969 0.033345886539788011 0.0058722257011316033 0.089182905160635706 -0.01226276405446697 0.039570032506314815 0.024880475022710194 -0.022899144586175681 0.00219727520705419 0.017217605005611071 0.041807345857157514 -0.027086940025487408 0.015299330461163854 0.043312297228437199 -0.018043153381201812 -0.00089652165843543796 0.0083416938396363421 0.055183423559551366 0.0014624880940195032 -0.021699325344192659 -0.027173260224165125 -0.002461596183820428 0.008902416254024742 0.010968878188654534
leaf_weight=49048 58 75 45195 560 213 64 84 62 55 50 64 86 202 100 128 66 95 88 86 104 341 287 87 73 3345 252 304 2237 106 76
leaf_count=49048 58 75 45195 560 213 64 84 62 55 50 64 86 202 100 128 66 95 88 86 104 341 287 87 73 3345 252 304 2237 106 76
internal_value=3.02722e-05 -0.0177615 5.31443e-05 0.000603514 0.00330682 0.00813953 0.0199276 0.0279947 0.0410153 0.0582731 0.0110069 0.00532081 0.0119538 0.00845597 0.00150052 0.00797257 0.0190715 -0.00809928 -0.000867246 0.0103855 -0.00795892 0.00124526 0.00912038 0.0297132 -0.000214601 -0.0106225 -0.00049795 -0.00484458 -0.0178464 -0.0127556
internal_weight=103591 133 103458 51763 6568 1964 379 295 167 112 128 1585 765 679 477 377 223 154 820 317 503 4604 720 160 3884 539 51695 2647 410 417
internal_count=103591 133 103458 51763 6568 1964 379 295 167 112 128 1585 765 679 477 377 223 154 820 317 503 4604 720 160 3884 539 51695 2647 410 417
is_linear=0
shrinkage=0.03


Tree=235
num_leaves=31
num_cat=2
split_feature=31 31 32 31 11 12 11 18 11 29 32 24 24 31 29 27 5 31 29 2 12 3 1 31 27 12 30 1 14 2
split_gain=44.7009 48.1589 35.4371 66.1293 55.7953 107.927 84.0509 83.0725 100.99 81.7101 99.3706 95.6833 87.6793 105.289 124.378 109.119 93.0222 87.539 82.5273 104.574 78.2771 120.036 59.3661 66.0829 59.0647 73.6161 148.566 57.2388 89.756 74.5112
threshold=0.65000000596046459 0.95000001788139354 0 4.3500001430511483 14.449999809265138 5.4366667270660409 14.633333683013918 4.75337839126587 9.5500001907348651 1.4499999880790713 1 1.5833333134651186 1.4166666865348818 11.550000190734865 0.70833334326744091 0.77500000596046459 0.810183346271515 6.4500000476837167 2.6333333253860478 15.583333492279055 6.0899999141693124 7.616666555404664 53.833333969116218 5.0499999523162851 2.1000000238418584 6.2900002002716073 1.0000000180025095e-35 62.166666030883796 1.2254999876022341 20.166666984558109
decision_type=2 2 9 2 2 2 2 2 2 10 9 10 10 2 8 10 10 2 10 2 2 2 2 2 8 2 2 2 10 2
left_child=-1 -2 4 -4 5 7 -6 27 -9 12 18 -12 13 14 -7 -16 20 -13 19 -11 -17 -22 -8 -24 25 26 -14 -3 29 -29
right_child=1 2 3 -5 6 9 22 8 -10 10 11 17 24 -15 15 16 -18 -19 -20 -21 21 -23 23 -25 -26 -27 -28 28 -30 -31
leaf_value=-0.026396580520969139 0.025762410067594967 -0.00020917258128369954 -0.00063696252095118836 0.0016219666433457229 -0.022665960029985468 -0.001502285470875601 -0.013444935651561792 1.4287447458819338e-05 0.046758372870248713 -0.0032835522434728989 -0.03140265072453767 -0.02124013477219985 -0.0084660488265017927 -0.020583573602817276 0.070110558596524319 -0.0017471631991961771 0.051128368701072451 0.034076274282792036 0.040114433147013184 0.032314111188054079 0.051771226624506665 0.0031686619336114209 -0.0082409151576042939 -0.00010801987168483855 -0.019448518211904322 -0.0080196078672357222 0.051081024416937272 -0.0059255005077161705 0.0033082939824231146 0.02442911622643068
leaf_weight=58 65 43161 22307 24445 195 144 425 95 74 425 150 52 73 55 55 121 94 51 60 90 99 85 1136 4313 95 138 78 4416 1386 74
leaf_count=58 65 43161 22307 24445 195 144 425 95 74 425 150 52 73 55 55 121 94 51 60 90 99 85 1136 4313 95 138 78 4416 1386 74
internal_value=-6.69777e-05 -5.22878e-05 -6.84388e-05 0.000544037 -0.000569562 -0.000246499 -0.0032891 -0.00051499 0.0204821 0.00683733 -0.000190058 -0.0155019 0.0124484 0.0191378 0.0227911 0.0304965 0.025036 0.00614954 0.00670022 0.0029374 0.0169944 0.029319 -0.00264584 -0.00180355 0.00107287 0.00781866 0.0222934 -0.000587354 -0.00336521 -0.00542522
internal_weight=104015 103957 103892 46752 57140 51071 6069 49206 169 1865 828 253 1037 653 598 454 399 103 575 515 305 184 5874 5449 384 289 151 49037 5876 4490
internal_count=104015 103957 103892 46752 57140 51071 6069 49206 169 1865 828 253 1037 653 598 454 399 103 575 515 305 184 5874 5449 384 289 151 49037 5876 4490
cat_boundaries=0 1 2
cat_threshold=36 32
is_linear=0
shrinkage=0.03


Tree=236
num_leaves=31
num_cat=0
split_feature=11 4 16 11 31 2 18 29 18 24 25 11 11 4 24 11 31 26 12 31 28 22 29 20 12 13 29 18 18 5
split_gain=53.2687 56.968 58.1057 59.1359 77.1224 71.9685 68.0916 79.4203 61.0235 142.638 133.569 104.57 140.888 93.566 157.488 85.1918 76.6985 73.2711 119.638 81.7701 60.5564 56.7236 54.8515 50.9834 47.4119 46.5809 42.3256 42.033 112.691 79.1319
threshold=21.10000038146973 0.89064833521842968 0.63333335518836986 19.44999980926514 6.7500000000000009 27.583333015441898 4.4027028083801278 1.7083333134651186 4.6711711883544931 0.83333334326744091 1.8999999761581423 14.09999990463257 16.44999980926514 0.22022166848182681 1.1666666865348818 11.366666316986086 6.3500001430511483 1.1666666865348818 5.9449999332427987 8.2500000000000018 1.5833333134651186 1.4166666865348818 1.4499999880790713 17.500000000000004 3.7100000381469731 0.53225001692771923 1.4499999880790713 2.8834841251373295 1.9692234992980959 0.6300666630268098
decision_type=2 10 2 2 2 2 2 10 2 10 10 2 2 8 10 2 2 10 2 2 10 10 10 2 2 8 10 2 2 10
left_child=1 2 3 8 5 6 27 -8 -1 17 11 13 20 14 -11 -15 -14 18 24 -19 -13 -6 -18 -2 -10 -23 -12 28 29 -5
right_child=23 -3 -4 4 21 -7 7 -9 9 10 26 12 16 15 -16 -17 22 19 -20 -21 -22 25 -24 -25 -26 -27 -28 -29 -30 -31
leaf_value=-5.0330743211802594e-05 -0.0032394795339436067 -0.024326582597785217 -0.018746868879154173 0.0028803425519303839 -0.034193479725947745 0.042382655657000015 -0.019623984872829167 0.016985003025736658 0.0086922921782190132 0.056038305184670859 0.004318010363727808 0.00051534573322740095 0.0024952597534933754 0.029537307830233322 -0.0065769417288110534 0.073335450278676065 0.021575748424476651 -0.031941379277408123 -0.019021042616417013 0.0038628692480344928 -0.040163419482842924 -0.021022075695256073 0.062419999947525416 -0.031606672781294788 0.048848371758837911 0.012476594790102952 -0.026840917154566036 0.014523396686038614 -0.0089989607190932731 0.050483371699228882
leaf_weight=97194 3380 86 147 66 65 54 160 80 55 56 80 87 86 95 102 69 67 150 90 93 53 62 53 58 51 94 77 715 261 60
leaf_count=97194 3380 86 147 66 65 54 160 80 55 56 80 87 86 95 102 69 67 150 90 93 53 62 53 58 51 94 77 715 261 60
internal_value=-4.61801e-05 7.96709e-05 0.000100614 0.000128299 0.00581885 0.00842567 0.00705929 -0.00742099 3.48415e-05 0.00658407 0.0139355 0.0197876 0.008337 0.0320916 0.0156158 0.0479646 0.0241186 -0.00723123 0.00641556 -0.0182385 -0.0148845 -0.0106477 0.0396153 -0.00371804 0.0280127 -0.000836979 -0.0109638 0.0102129 0.00224903 0.0255485
internal_weight=103746 100308 100222 100075 1617 1396 1342 240 98458 1264 825 668 346 322 158 164 206 439 196 243 140 221 120 3438 106 156 157 1102 387 126
internal_count=103746 100308 100222 100075 1617 1396 1342 240 98458 1264 825 668 346 322 158 164 206 439 196 243 140 221 120 3438 106 156 157 1102 387 126
is_linear=0
shrinkage=0.03


Tree=237
num_leaves=31
num_cat=0
split_feature=7 3 19 18 9 26 10 10 4 9 3 8 23 3 21 22 4 13 18 31 25 22 29 31 24 11 0 10 13 23
split_gain=35.7205 50.0951 63.9727 51.7216 112.836 48.208 49.7822 122.641 175.595 94.303 107.585 149.158 103.052 119.843 104.011 99.8192 76.4277 88.4095 116.998 71.9745 77.2382 65.1083 62.7963 58.8755 60.073 46.3779 78.304 61.6761 74.5692 60.3159
threshold=1.0000000180025095e-35 12.216666698455812 12.500000000000002 8.1180553436279315 8.0999999046325701 2.5833333730697636 86.90000152587892 84.099998474121108 0.61416667699813854 8.9000000953674334 8.5166668891906756 1.0000000180025095e-35 2.7083333730697636 9.1416664123535174 81.500000000000014 2.1666666269302373 0.14361999928951266 0.22903200238943103 4.2029411792755136 6.7500000000000009 0.77500000596046459 1.1666666865348818 1.1000000238418581 7.0499999523162851 1.5833333134651186 13.449999809265138 3.1666666269302373 45.100000381469734 0.45595000684261328 2.1000000238418584
decision_type=2 2 2 2 2 10 2 2 10 2 2 2 10 2 2 10 10 10 2 2 10 10 10 2 10 2 2 2 10 10
left_child=1 3 -3 4 -1 6 7 9 16 10 25 -12 13 -13 -15 -16 21 -18 -19 -8 -21 -9 -23 -22 -25 27 -27 29 -29 -2
right_child=5 2 -4 -5 -6 -7 19 8 -10 -11 11 12 -14 14 15 -17 17 18 -20 20 23 22 -24 24 -26 26 -28 28 -30 -31
leaf_value=0.0001403067781740642 -0.0011070750192183794 -0.0014524942530053002 0.044991706907749174 -0.020798269261096448 0.037199691983090866 -0.0081638364607097159 -0.0018316151406010182 0.024050126128519575 0.066876071595093789 -0.042044452071189883 -0.011857797637864759 0.067722094292824081 -0.0056535133675617326 0.052046933221546084 -0.015574332623742519 0.035614083297550676 0.054231236181666399 -0.0085208031248062022 0.041854258462119459 -0.037370850876387619 -0.03765898524089293 0.012862039205632102 -0.022665052746939991 -0.01344589500778676 0.012607651894412389 -0.019126896769173153 -0.0027487788217563352 0.0047955556390362787 -0.029213974129641426 -0.014988609709122764
leaf_weight=94700 1151 56 51 106 74 960 1522 63 51 50 158 65 85 66 80 60 55 109 67 108 55 67 135 226 123 337 1192 1761 60 373
leaf_count=94700 1151 56 51 106 74 960 1522 63 51 50 158 65 85 66 80 60 55 109 67 108 55 67 135 226 123 337 1192 1761 60 373
internal_value=-2.01431e-06 0.000168954 0.0206845 0.000145818 0.000169243 -0.00181065 -0.00105008 0.000327896 0.0138684 -0.00103412 -0.000653548 0.0124005 0.0231668 0.0322064 0.021 0.00636356 0.00841798 0.0210311 0.0106561 -0.00510474 -0.0148346 -0.00257686 -0.0108813 -0.00881009 -0.0042637 -0.00203019 -0.00635861 -5.16771e-05 0.00367498 -0.00450459
internal_weight=103966 94987 107 94880 94774 8979 8019 5985 547 5438 5388 514 356 271 206 140 496 231 176 2034 512 265 202 404 349 4874 1529 3345 1821 1524
internal_count=103966 94987 107 94880 94774 8979 8019 5985 547 5438 5388 514 356 271 206 140 496 231 176 2034 512 265 202 404 349 4874 1529 3345 1821 1524
is_linear=0
shrinkage=0.03


Tree=238
num_leaves=31
num_cat=0
split_feature=20 3 12 30 31 15 9 11 18 11 0 22 31 31 18 28 31 0 31 29 7 19 6 18 18 18 12 3 2 11
split_gain=40.2143 92.04 64.5338 60.824 37.1976 45.9907 30.1781 56.7934 66.3452 46.9179 28.6741 94.5377 53.7026 52.5319 75.5505 67.9699 43.1954 32.8162 109.607 27.899 34.7707 41.4658 27.8875 127.067 59.8467 69.8377 82.9393 57.4678 135.206 130.121
threshold=14.500000000000002 9.7166666984558123 11.150000095367433 1.0000000180025095e-35 13.750000000000002 1.1000000238418581 10.09999990463257 31.633333206176761 7.0227272510528573 30.633333206176761 8.166666507720949 1.5833333134651186 10.650000095367433 2.5499999523162846 4.4677083492279062 1.1666666865348818 7.3500001430511483 7.8333332538604745 5.4500000476837167 0.90000000596046459 1.0000000180025095e-35 21.500000000000004 0.41666667163372045 7.0227272510528573 7.0227272510528573 6.0135135650634775 9.0633335113525408 8.2833333015441912 14.833333492279055 13.775000095367433
decision_type=2 2 2 2 2 2 2 2 2 2 2 10 2 2 2 10 2 2 2 10 2 2 2 2 2 2 2 2 2 2
left_child=4 3 -3 -2 5 6 7 9 -9 10 13 -12 16 14 -1 -16 19 22 -19 -13 -21 -22 23 27 25 -24 -27 -15 -29 -30
right_child=1 2 -4 -5 -6 -7 -8 8 -10 -11 11 12 -14 17 15 -17 -18 18 -20 20 21 -23 24 -25 -26 26 -28 28 29 -31
leaf_value=0.045859415804346396 0.0072194996150210496 -0.022838018565408645 0.016869131731571722 0.041078811058872622 -0.024777730489319017 0.026157981351017951 -0.021209564885719998 0.039497404500309904 -0.0043120926778231344 -0.028616105669128814 -0.040520314907293707 -0.01986369125470519 0.027076046669483184 -0.00016947947370307795 -0.021831122885147731 0.023552731654860756 -0.023795077285688856 -0.019603050915818463 0.032522766450047487 -0.0087585378512740134 0.034896359682083128 -0.0014625092319630341 -0.005120630888096939 0.036815151694629872 -0.033519915357232088 0.037264035907457575 -0.0083589532146087064 -0.012531459380872547 0.047829635877097987 0.0088211928285669532
leaf_weight=54 96 93 61 95 55 60 61 70 56 52 67 50 50 99568 54 66 92 57 100 90 55 58 1321 84 60 80 65 240 87 667
leaf_count=54 96 93 61 95 55 60 61 70 56 52 67 50 50 99568 54 66 92 57 100 90 55 58 1321 84 60 80 65 240 87 667
internal_value=-7.85621e-05 0.0101468 -0.00710986 0.0240605 -0.000112706 -9.95693e-05 -0.000114835 -0.000102359 0.0200265 -0.000126979 -0.000112591 -0.00756966 -0.00198057 -7.89805e-05 0.0163909 0.00313 -0.00619167 -0.000106986 0.0135981 0.00020957 0.00515372 0.0162343 -0.000128045 -6.7016e-05 -0.00415318 -0.00295127 0.0168124 -9.78239e-05 0.00707984 0.0133222
internal_weight=103664 345 154 191 103319 103264 103204 103143 126 103017 102965 462 395 102503 174 120 345 102329 157 253 203 113 102172 100646 1526 1466 145 100562 994 754
internal_count=103664 345 154 191 103319 103264 103204 103143 126 103017 102965 462 395 102503 174 120 345 102329 157 253 203 113 102172 100646 1526 1466 145 100562 994 754
is_linear=0
shrinkage=0.03


Tree=239
num_leaves=31
num_cat=1
split_feature=15 3 3 32 26 8 13 10 21 23 25 4 4 31 25 18 21 2 18 29 12 20 4 12 31 25 5 5 2 2
split_gain=64.0845 88.7898 101.179 60.3903 118.139 81.353 62.0329 87.7916 64.6877 61.809 76.7043 74.0917 61.0918 91.1585 118.005 82.7526 88.7517 71.9053 84.6805 57.7365 73.0028 67.7871 58.456 78.2423 56.2665 56.1309 81.358 100.516 93.7371 73.2738
threshold=1.0000000180025095e-35 10.616666793823244 9.616666793823244 0 3.8333333730697636 0.41666667163372045 0.12803300470113757 56.291666030883796 5.5000000000000009 2.4500000476837163 1.8999999761581423 0.19367666542530063 0.85471001267433178 7.8500001430511483 1.3666666746139529 3.9177927970886235 74.500000000000014 3.8333333730697636 3.6324561834335332 1.7749999761581423 6.4900000095367441 11.500000000000002 0.35688832402229315 8.5100002288818377 7.1499998569488534 0.63333335518836986 0.35148333013057714 0.56694999337196361 12.833333492279055 27.833333015441898
decision_type=2 2 2 9 8 2 10 2 2 10 10 10 10 2 10 2 2 2 2 10 2 2 10 2 2 10 8 8 2 2
left_child=1 2 -1 5 9 6 7 -2 -8 25 -11 -12 13 15 -15 17 -17 -10 -19 20 21 -7 23 -22 -21 26 28 -28 -5 -29
right_child=3 -3 -4 4 -6 19 8 -9 12 10 11 -13 -14 14 -16 16 -18 18 -20 24 22 -23 -24 -25 -26 -27 27 29 -30 -31
leaf_value=0.00011377066247152668 0.0008841019590924052 0.036594121649861339 -0.038223286487402454 0.006044963008413712 0.040885501223946775 -0.020918635015957986 -0.013729223878416297 -0.0095765942566700211 -0.017573536276126029 -0.010849043392309394 -0.0088696528226137154 0.042267414086005262 -0.019207128841353921 0.055471095234995153 0.0021776086792255505 0.018610083087214398 -0.0199114801159904 0.0066550793090189367 0.038673276846728673 -0.017246071980407198 0.044109398364010503 0.014859666624771697 -0.016823224409092816 -0.0026381231949362954 -0.050508373081684113 -0.00076322294460903263 -0.028426097637820467 0.010251940376451694 0.056816696144640438 -0.027175635958419125
leaf_weight=90654 1170 60 62 72 62 320 219 1886 97 841 51 51 98 71 79 70 233 796 82 193 59 56 62 71 60 5493 79 612 60 51
leaf_count=90654 1170 60 62 72 62 320 219 1886 97 841 51 51 98 71 79 70 233 796 82 193 59 56 62 71 60 5493 79 612 60 51
internal_value=-0.000170365 0.000111699 8.75691e-05 -0.00214086 -0.000351048 -0.00447921 -0.00299484 -0.00557168 0.00151795 -0.000701277 -0.00786931 0.0166989 0.00370611 0.00527859 0.0274032 0.00268181 -0.0110121 0.00693746 0.00964539 -0.013214 -0.00790443 -0.01559 0.0071464 0.0185781 -0.0251344 0.000360362 0.00742198 0.00356141 0.029123 0.0073729
internal_weight=103770 90776 90716 12994 7372 5622 4801 3056 1745 7310 943 102 1526 1428 150 1278 303 975 878 821 568 376 192 130 253 6367 874 742 132 663
internal_count=103770 90776 90716 12994 7372 5622 4801 3056 1745 7310 943 102 1526 1428 150 1278 303 975 878 821 568 376 192 130 253 6367 874 742 132 663
cat_boundaries=0 1
cat_threshold=6
is_linear=0
shrinkage=0.03


Tree=240
num_leaves=31
num_cat=0
split_feature=27 1 5 24 23 25 27 29 19 26 30 14 25 12 23 27 29 20 1 13 24 27 11 28 5 26 29 20 23 1
split_gain=41.4004 69.3857 45.5609 93.7287 119.063 68.8096 58.0065 57.1969 38.8081 38.5372 38.2052 96.1146 96.6715 81.4581 64.1871 98.526 80.0627 63.3317 105.35 64.3583 52.532 106.859 87.3623 70.8863 174.871 153.922 139.607 165.782 97.566 83.8655
threshold=3.1000000238418584 15.416666507720949 0.24688333272933963 1.5833333134651186 1.3666666746139529 1.2916666865348818 3.7333333492279057 0.90000000596046459 7.5000000000000009 3.5833333730697636 1.0000000180025095e-35 0.78804999589920055 0.63333335518836986 3.3449999094009404 2.3666666746139531 0.36666667461395269 1.6333333253860476 14.500000000000002 89.833332061767592 0.28406600654125219 1.8333333134651186 1.7083333134651186 21.899999618530277 1.5833333134651186 0.98030000925064098 1.8333333134651186 1.7749999761581423 1.5000000000000002 1.3666666746139529 85.416667938232436
decision_type=10 2 10 10 10 10 10 10 2 10 2 10 10 2 10 10 10 2 2 10 10 10 2 10 10 10 10 2 10 2
left_child=10 -2 5 4 -4 8 -7 -6 -3 -10 11 -1 13 -13 15 16 -14 -12 19 -19 21 23 -23 25 26 29 -25 -28 -27 -17
right_child=1 2 3 -5 7 6 -8 -9 9 -11 17 12 14 -15 -16 20 -18 18 -20 -21 -22 22 -24 24 -26 28 27 -29 -30 -31
leaf_value=-3.7280314275893872e-05 0.00041450850808055463 -0.041061704452982857 -0.017006747081642969 -0.015401950596055024 0.0056568453763172315 -0.014618232944211759 0.017411579798105398 0.046259815082272608 -0.02670244052452413 0.0004454200006211581 0.00054041175311227575 -0.0030189356446646363 -0.0031784355846217038 -0.031935111515810188 -0.011150568817092813 -0.0077706294609233735 0.044365820132158194 0.054001664181842525 -0.01329553322686303 0.0091658600538969039 0.00099571342933302276 -0.010118910257395263 -0.041611711880148838 -0.011261872323402375 -0.013578511531637794 0.067408620601273922 -0.0024017993237992578 0.047551702367836277 0.0098450558688843014 0.0095083822190148246
leaf_weight=43790 1353 95 80 253 53 143 79 76 148 69 50304 158 56 197 770 520 74 68 62 50 2304 1014 86 162 882 53 110 131 53 492
leaf_count=43790 1353 95 80 253 53 143 79 76 148 69 50304 158 56 197 770 520 74 68 62 50 2304 1014 86 162 882 53 110 131 53 492
internal_value=-7.19222e-05 -0.00400929 -0.0100187 -0.00312051 0.0117465 -0.0159869 -0.00322024 0.029578 -0.0250708 -0.0180702 1.93472e-05 -0.000561047 -0.00380882 -0.0190654 -0.00300129 -0.00194437 0.0238852 0.000603973 0.0183671 0.0350034 -0.00252261 -0.00483669 -0.0125811 -0.00129162 -0.00609774 0.00423242 0.0102746 0.0247513 0.0386268 0.000629839
internal_weight=103685 2349 996 462 209 534 222 129 312 217 101336 50852 7062 355 6707 5937 130 50484 180 118 5807 3503 1100 2403 1285 1118 403 241 106 1012
internal_count=103685 2349 996 462 209 534 222 129 312 217 101336 50852 7062 355 6707 5937 130 50484 180 118 5807 3503 1100 2403 1285 1118 403 241 106 1012
is_linear=0
shrinkage=0.03


Tree=241
num_leaves=31
num_cat=0
split_feature=31 7 5 19 3 28 20 29 2 4 2 20 23 31 27 28 19 4 4 11 3 11 26 24 12 9 18 1 3 24
split_gain=32.0681 44.9936 43.8434 54.8175 60.5985 54.4818 41.1864 38.2265 45.4142 79.529 52.9092 68.3824 67.2489 85.9168 59.3857 104.854 48.557 62.1057 74.0314 58.6324 56.8105 51.8641 111.425 125.958 57.3392 73.316 59.3101 88.7737 50.8933 43.7285
threshold=4.6499998569488534 1.0000000180025095e-35 1.8136833906173708 24.500000000000004 3.1833333969116215 0.83333334326744091 5.5000000000000009 0.70833334326744091 28.416666984558109 1.0116666555404665 31.166666984558109 10.500000000000002 2.1000000238418584 6.6499998569488534 1.4499999880790713 1.5833333134651186 3.5000000000000004 0.80833333730697643 0.75416666269302379 0.90000000596046459 9.5166668891906756 26.44999980926514 1.8333333134651186 0.83333334326744091 9.426666736602785 6.9000000953674325 4.5067567825317392 86.166667938232436 11.083333492279055 0.83333334326744091
decision_type=2 2 10 2 2 10 2 8 2 10 2 2 10 2 8 10 2 10 10 2 2 2 10 10 2 2 2 2 2 10
left_child=1 -1 3 -3 -5 -6 -7 -2 16 10 -10 12 13 -12 15 -13 20 18 19 -18 -9 24 23 -23 -21 26 -26 -28 -29 -14
right_child=7 2 -4 4 5 6 -8 8 9 -11 11 14 29 -15 -16 -17 17 -19 -20 21 -22 22 -24 -25 25 -27 27 28 -30 -31
leaf_value=-0.00033810463226839301 -0.0015791619088514686 -0.0082089388552781771 -0.020109074756037442 -0.0078642754520683034 -0.0078570540583528144 0.036642389668493855 0.0071046328768134114 0.0038685452130955275 -0.019233980795151352 0.025523728829163771 0.00080867234151810402 -0.0026791664330582869 0.01305090697025353 0.052191084874535186 0.0023560116142034532 -0.061890396756284376 -0.00098818540484615002 -0.019217548446995868 0.032789062699446314 0.0015515122512801903 0.028574776206771995 0.058874983616173264 -0.019621433548629285 0.0067207647845583052 -0.018847856448150013 -0.041681927103353174 0.036708545483648776 -0.030121502177073402 0.011652551404077489 -0.023183502007437788
leaf_weight=51709 6484 852 168 187 68 98 75 3222 283 65 64 57 53 54 90 51 12167 140 65 26973 86 70 60 103 142 57 60 52 53 69
leaf_count=51709 6484 852 168 187 68 98 75 3222 283 65 64 57 53 54 90 51 12167 140 65 26973 86 70 60 103 142 57 60 52 53 69
internal_value=3.02015e-05 -0.00048416 -0.00569989 -0.00380868 0.00495071 0.0148943 0.023837 0.000571411 0.000888068 -0.00625846 -0.0091237 -0.00259126 0.00817546 0.0243227 -0.0156418 -0.03064 0.00101794 0.000728662 0.000798821 0.000746493 0.00451085 0.00151203 0.015606 0.0278236 0.0013919 -0.0104354 -0.00463393 0.00759867 -0.00903555 -0.00744232
internal_weight=103677 53157 1448 1280 428 241 173 50520 44036 786 721 438 240 118 198 108 43250 39942 39802 39737 3308 27570 233 173 27337 364 307 165 105 122
internal_count=103677 53157 1448 1280 428 241 173 50520 44036 786 721 438 240 118 198 108 43250 39942 39802 39737 3308 27570 233 173 27337 364 307 165 105 122
is_linear=0
shrinkage=0.03


Tree=242
num_leaves=31
num_cat=0
split_feature=30 20 17 31 17 12 12 31 6 6 14 14 26 6 25 2 16 24 31 17 31 21 10 23 1 26 25 12 31 24
split_gain=33.8029 55.7887 106.553 51.8526 186.179 84.5077 115.722 141.68 85.1781 86.9161 101.648 84.3883 110.258 79.8633 75.9696 89.5179 109.43 128.725 74.8181 134.632 113.142 64.8179 83.1595 77.208 72.2184 66.1749 59.0068 66.7651 60.1819 58.597
threshold=1.0000000180025095e-35 13.500000000000002 0.22500000149011615 6.9500000476837167 0.77500000596046459 7.4266667366027841 6.1449999809265146 7.3500001430511483 0.58333334326744091 1.0000000180025095e-35 2.0509999990463261 0.72819000482559215 1.1666666865348818 0.41666667163372045 0.63333335518836986 2.1666666269302373 1.0000000180025095e-35 0.41666667163372045 9.8499999046325701 0.22500000149011615 7.6499998569488534 60.500000000000007 89.450000762939467 0.77500000596046459 38.416666030883796 0.83333334326744091 1.2250000238418581 4.5899999141693124 7.5499999523162851 1.5833333134651186
decision_type=2 2 2 2 2 2 2 2 2 2 8 10 10 2 10 2 2 10 2 2 2 2 2 10 2 10 10 2 2 10
left_child=-1 3 -3 -2 5 6 13 -8 9 10 -9 18 -13 14 15 -5 17 -17 20 -20 -7 23 24 -16 -23 -26 27 -27 -28 -14
right_child=1 2 -4 4 -6 11 7 8 -10 -11 -12 12 29 -15 21 16 -18 -19 19 -21 -22 22 -24 -25 25 26 28 -29 -30 -31
leaf_value=-0.00052965090405705751 0.00026593864815522357 0.038380636965284251 -0.0026944619336953528 -0.0027557214119416826 0.050224281252863316 -0.0002379818350979776 0.068277790305706174 0.033792394214453028 -0.020734645316705984 0.0431539293754961 -0.02497356961170832 0.039225209515909069 0.0095860344011868739 -0.031802032166405723 0.038211182247727148 0.018346381269425886 0.0064908559025701031 0.08163649721816181 -0.034521153042542517 0.023256648238940334 -0.041783227158633807 0.01894529086586676 0.028524287627264857 0.0033407171649446916 -0.040007824644536324 -0.014978646638022886 -0.00035383099003841997 0.027606381157413123 -0.040693489341996611 -0.029422644492933303
leaf_weight=51766 48835 101 130 136 78 99 52 52 51 97 54 71 84 57 62 61 109 55 58 97 146 57 50 730 88 74 57 60 80 59
leaf_count=51766 48835 101 130 136 78 99 52 52 51 97 54 71 84 57 62 61 109 55 58 97 146 57 50 730 88 74 57 60 80 59
internal_value=1.2358e-05 0.000554639 0.0152648 0.000488669 0.00455638 0.00318423 0.00619689 0.0231619 0.0139256 0.0226333 0.00385502 -0.00654066 0.00866486 0.00309945 0.00432823 0.0164595 0.028074 0.0483546 -0.0146756 0.00163657 -0.0249956 0.000847011 -0.00803064 0.00607048 -0.0124243 -0.0174049 -0.0100653 0.00408928 -0.0239098 -0.00650846
internal_weight=103506 51740 231 51509 2674 2596 1982 306 254 203 106 614 214 1676 1619 361 225 116 400 155 245 1258 466 792 416 359 271 134 137 143
internal_count=103506 51740 231 51509 2674 2596 1982 306 254 203 106 614 214 1676 1619 361 225 116 400 155 245 1258 466 792 416 359 271 134 137 143
is_linear=0
shrinkage=0.03


Tree=243
num_leaves=31
num_cat=0
split_feature=31 27 18 28 15 3 23 19 2 18 28 10 28 2 13 31 20 23 19 10 2 11 18 27 3 2 11 25 2 11
split_gain=30.9201 62.7049 32.9178 48.4756 22.5364 78.1714 73.769 77.2121 83.6843 93.0457 92.6253 79.8953 70.4884 83.7164 65.2798 68.394 81.897 51.35 71.0118 61.8071 64.6773 101.418 59.2164 63.8349 57.253 94.5237 86.7285 118.467 82.9845 61.293
threshold=2.5499999523162846 1.8999999761581423 4.6035714149475107 1.1666666865348818 1.0000000180025095e-35 10.616666793823244 2.4500000476837163 16.500000000000004 17.583333015441898 9.7750000953674334 1.8333333134651186 50.100000381469734 2.1666666269302373 19.833333015441898 0.38609200716018682 5.4500000476837167 2.5000000000000004 0.90000000596046459 19.500000000000004 26.10000038146973 18.583333015441898 16.774999618530277 2.7165178060531621 1.7749999761581423 11.083333492279055 20.166666984558109 26.44999980926514 1.2916666865348818 30.166666984558109 18.10000038146973
decision_type=2 10 2 10 2 2 10 2 2 2 10 2 10 2 10 2 2 10 2 2 2 2 2 10 2 2 2 10 2 2
left_child=1 2 -1 -4 5 14 17 8 10 -10 -8 -9 -13 -14 -2 -16 -17 18 -6 -20 21 22 -21 -24 -19 -26 28 -28 29 -27
right_child=4 -3 3 -5 6 -7 7 11 9 -11 -12 12 13 -15 15 16 -18 24 19 20 -22 -23 23 -25 25 26 27 -29 -30 -31
leaf_value=0.021150807136603233 6.9971399488081448e-05 0.037191926598548891 -0.029533921641111373 0.008121236041188239 -0.011332620637155155 0.037544002423156052 -0.011326080483452575 -0.015715639377474663 -0.02845409215627771 0.01179007177054882 0.027571165927384098 -0.0014317803196443081 0.048335856894263993 0.0040402237558737402 0.012474024560036403 -0.0071066516547520853 -0.042732403906993566 -0.00011382472083647791 0.032103000055584641 0.006268857168483041 -0.019346336588053636 0.037956960979960305 -0.02519237368816523 0.013771116199115148 0.045305815078318115 -0.022593370420485735 0.00048034656930852815 0.056368037921266025 -0.03432175845754417 0.016941054722294211
leaf_weight=56 90218 60 50 80 856 50 246 242 374 60 71 449 64 96 70 147 96 9285 54 342 142 67 139 52 62 50 81 59 66 120
leaf_count=56 90218 60 50 80 856 50 246 242 374 60 71 449 64 96 70 147 96 9285 54 342 142 67 139 52 62 50 81 59 66 120
internal_value=-9.90417e-05 0.0105242 0.00192176 -0.00636152 -0.000124277 4.32328e-05 -0.00129352 -0.00732072 -0.0143317 -0.0228904 -0.00261408 -0.0011336 0.0046609 0.0217585 2.25213e-05 -0.0136543 -0.021181 -0.000444675 -0.0053347 0.00111533 -0.00113983 0.00316904 -0.00120393 -0.0145845 0.000386171 0.0109854 0.00532618 0.024033 -0.00577109 0.00531328
internal_weight=103804 246 186 130 103558 90581 12977 1602 751 434 317 851 609 160 90531 313 243 11375 1652 796 742 600 533 191 9723 438 376 140 236 170
internal_count=103804 246 186 130 103558 90581 12977 1602 751 434 317 851 609 160 90531 313 243 11375 1652 796 742 600 533 191 9723 438 376 140 236 170
is_linear=0
shrinkage=0.03


Tree=244
num_leaves=31
num_cat=0
split_feature=17 9 12 13 9 23 2 27 4 31 22 23 27 14 19 1 4 8 13 12 31 31 1 3 26 12 23 18 24 2
split_gain=40.0233 77.3719 97.8018 93.2982 76.326 106.939 92.9791 78.3405 105.151 97.2791 76.5609 73.1339 76.3718 96.4509 101.976 91.7896 177.601 82.843 104.984 136.872 128.135 102.306 79.6658 102.157 92.6656 71.8508 71.7793 69.8541 77.3469 78.805
threshold=0.36666667461395269 1.7083333134651186 3.3099999427795415 0.088013000786304488 2.4500000476837163 2.4500000476837163 18.583333015441898 1.2250000238418581 0.22346166521310809 6.4500000476837167 0.83333334326744091 1.5500000119209292 1.2250000238418581 1.0000000180025095e-35 7.5000000000000009 85.416667938232436 0.71499997377395641 0.41666667163372045 0.37010000646114355 7.5225000381469735 8.6500000953674334 7.9500000476837167 89.833332061767592 5.4166667461395273 1.0000000180025095e-35 3.089999914169312 1.4499999880790713 6.2535715103149423 1.4166666865348818 15.833333492279055
decision_type=2 2 2 10 2 10 2 10 10 2 10 10 8 8 2 2 10 2 10 2 2 2 2 2 10 2 10 2 10 2
left_child=4 2 3 -2 6 10 -1 8 -7 -10 -6 26 13 14 -13 17 -17 18 20 -20 -14 -19 24 -24 -15 -8 -3 28 -9 -30
right_child=1 11 -4 -5 5 7 25 27 9 -11 -12 12 15 22 -16 16 -18 21 19 -21 -22 -23 23 -25 -26 -27 -28 -29 29 -31
leaf_value=-2.7648202604798058e-05 0.015056822581502143 -0.0011032445873076684 0.046204837135970588 -0.020775687829165425 0.0039875063204970682 -0.012124648731191979 0.030419397315115861 -0.023197340336823913 -0.0031311119605715457 0.046561862169550015 -0.00297809954218524 -0.0030311307456577195 0.00010014764835885116 0.038235751001907153 0.039463895593459412 0.0097243590575750976 0.065068167795737583 -0.0016355900132862149 0.066702235688551742 0.0028337580550994194 0.049785386967658996 -0.034438480066834018 -0.0022050405438183932 -0.022742532885913706 0.0010044215426446971 0.0026706497438168256 -0.034381192005160502 -0.044461435228232531 0.018624087732502265 -0.01650654244207992
leaf_weight=81578 323 5175 70 82 1755 282 159 357 78 65 7443 96 711 63 108 1553 54 593 58 63 50 100 740 309 1337 178 59 79 103 130
leaf_count=81578 323 5175 70 82 1755 282 159 357 78 65 7443 96 711 63 108 1553 54 593 58 63 50 100 740 309 1337 178 59 79 103 130
internal_value=-6.01448e-05 0.00160513 0.0134612 0.00780185 -0.000268631 -0.00270368 3.7314e-05 -0.0115707 -0.00149849 0.0194566 -0.00164905 0.00109635 0.00340588 -0.00035292 0.0194662 0.00653978 0.0115841 0.001393 0.00749176 0.0334484 0.00336462 -0.00636905 -0.00200384 -0.00825469 0.00267983 0.0157628 -0.00147837 -0.0179693 -0.0144221 -0.000976693
internal_weight=103751 11544 475 405 92207 10292 81915 1094 425 143 9198 11069 5835 2653 204 3182 1607 1575 882 121 761 693 2449 1049 1400 337 5234 669 590 233
internal_count=103751 11544 475 405 92207 10292 81915 1094 425 143 9198 11069 5835 2653 204 3182 1607 1575 882 121 761 693 2449 1049 1400 337 5234 669 590 233
is_linear=0
shrinkage=0.03


Tree=245
num_leaves=31
num_cat=0
split_feature=31 27 31 12 19 7 11 29 11 20 9 9 20 4 9 28 25 4 11 15 18 12 31 8 23 20 23 28 19 11
split_gain=36.441 28.6437 77.0015 38.5462 77.0835 118.194 108.431 73.9176 73.9727 73.6811 50.3857 38.4052 54.0628 48.0067 35.4619 53.4167 62.4026 65.5403 78.2321 123.273 44.0328 148.886 72.5328 33.603 68.9657 47.3877 152.156 152.058 172.78 115.57
threshold=0.65000000596046459 3.1000000238418584 7.5499999523162851 11.150000095367433 8.5000000000000018 1.0000000180025095e-35 26.10000038146973 1.1000000238418581 27.22500038146973 11.500000000000002 9.3666663169860858 8.0999999046325701 10.500000000000002 0.063434999436140074 7.0999999046325692 0.58333334326744091 1.4499999880790713 0.27671499550342565 25.44999980926514 0.36666667461395269 6.8038463592529306 8.0708332061767596 5.6499998569488534 0.41666667163372045 0.55000001192092907 5.5000000000000009 1.3666666746139529 2.4166666269302373 15.500000000000002 17.550000190734867
decision_type=2 8 2 2 2 2 2 10 2 2 2 2 2 10 2 10 10 10 2 2 2 2 2 2 10 2 10 10 2 2
left_child=-1 3 -3 10 6 -6 -5 -7 -9 -8 11 14 13 -13 20 -16 17 18 -17 -20 23 22 -22 25 -25 -2 27 29 -29 -27
right_child=1 2 -4 4 5 7 9 8 -10 -11 -12 12 -14 -15 15 16 -18 -19 19 -21 21 -23 -24 24 -26 26 -28 28 -30 -31
leaf_value=-0.02262655467740618 -0.00014484981061266516 -0.0023553633790643967 -0.03126075042357538 0.057626110710010961 0.030324321740294157 -0.043172668336253411 -0.01332151426864204 -0.028005420327083103 0.019025734672870706 0.033533961355008864 -0.023206095462007557 0.0080159592255949971 -0.009347250424325465 0.048459204554557794 -0.036328762309117753 -0.010959241779177989 -0.028943461899302504 -0.016519977609602221 -0.0025661968073940702 0.060961178193489701 0.010557815721806358 -0.018056207901239393 0.059408853934225389 -0.017875182581059634 -0.001705273255662159 0.0022501627833795296 -0.0012245286364389334 0.0022315322863869368 0.055384626003891921 0.021307392772845414
leaf_weight=65 90324 2334 86 58 73 57 67 54 68 55 85 56 56 50 55 76 76 113 56 54 51 75 59 250 4706 1304 3117 96 129 367
leaf_count=65 90324 2334 86 58 73 57 67 54 68 55 85 56 56 50 55 76 76 113 56 54 51 75 59 250 4706 1304 3117 96 129 367
internal_value=-0.000170972 -0.000156938 -0.00338258 -8.00967e-05 0.00886211 -0.00184805 0.0238563 -0.0149686 -0.00179133 0.00780186 -0.000118286 -9.88691e-05 0.0144963 0.027093 -0.000122301 -0.00871918 -0.00466978 0.00150012 0.0124478 0.02862 -8.55098e-05 0.0145371 0.0367597 -0.000112483 -0.00252095 1.27191e-05 0.00285179 0.0095532 0.032706 0.00643568
internal_weight=104072 104007 2420 101587 432 252 180 179 122 122 101155 101070 162 106 100908 430 375 299 186 110 100478 185 110 100293 4956 95337 5013 1896 225 1671
internal_count=104072 104007 2420 101587 432 252 180 179 122 122 101155 101070 162 106 100908 430 375 299 186 110 100478 185 110 100293 4956 95337 5013 1896 225 1671
is_linear=0
shrinkage=0.03


Tree=246
num_leaves=31
num_cat=0
split_feature=4 9 13 4 8 8 20 23 5 5 19 23 14 13 24 24 2 13 23 22 23 28 29 2 4 24 27 23 14 27
split_gain=37.1809 72.5694 36.1215 31.1615 63.3717 63.2157 80.2873 67.9505 66.0009 70.7916 92.0123 72.52 62.9199 63.3061 62.8922 89.6881 77.8889 62.6688 80.5877 65.0709 110.826 91.4165 85.8826 92.5535 107.804 133.667 125.112 92.9854 91.4246 140.901
threshold=0.89064833521842968 8.3666663169860858 0.78199997544288646 0.086591664701700224 1.0000000180025095e-35 1.0000000180025095e-35 12.500000000000002 0.55000001192092907 1.0400666594505312 0.96471664309501659 31.500000000000004 1.2916666865348818 2.3930000066757207 0.64440900087356578 2.8333333730697636 2.4166666269302373 12.166666507720949 0.78199997544288646 3.8999999761581425 1.8333333134651186 2.7749999761581425 1.5833333134651186 1.4499999880790713 26.833333015441898 0.17668166756629947 0.58333334326744091 1.5500000119209292 2.3666666746139531 1.4081100225448611 1.3666666746139529
decision_type=10 2 10 8 2 2 2 10 10 10 2 10 10 10 10 10 2 10 10 10 10 8 10 2 8 10 10 10 10 10
left_child=3 2 -2 5 12 -1 7 -7 9 -9 11 -11 13 -5 15 17 -17 18 19 20 -6 -21 23 24 -23 -26 27 -27 -24 -30
right_child=1 -3 -4 4 14 6 -8 8 -10 10 -12 -13 -14 -15 -16 16 -18 -19 -20 21 -22 22 28 -25 25 26 -28 -29 29 -31
leaf_value=-0.00010778411163913766 -0.0068908381890760706 0.016257162571458494 -0.03529064656794071 -9.3447504603435603e-05 0.0030448045138175197 -0.017541855538126507 0.034416896270960569 -0.00176952872990506 -0.0078210305689671734 0.033023609563286573 0.048193560818146013 -0.0096942675066265197 0.023547447840337375 -0.022484730915411522 -0.023171751398978559 0.00071295353961554734 0.041487994880548544 0.035345323633621716 0.03460932583328994 -0.0046895772614582304 0.042058346707543187 -0.01577531610893558 -0.0017800329813915296 -0.021042965879214219 -0.0033505736735577767 0.037419512116007116 0.064171376836020491 -0.008720242090523243 -0.0049615524169699899 0.063759686538577068
leaf_weight=47203 73 59 90 35965 9238 305 50 3466 1731 53 58 110 101 114 87 74 98 51 68 2646 66 67 1418 58 104 114 96 60 58 50
leaf_count=47203 73 59 90 35965 9238 305 50 3466 1731 53 58 110 101 114 87 74 98 51 68 2646 66 67 1418 58 104 114 96 60 58 50
internal_value=1.18754e-05 -0.0122523 -0.0225717 3.8179e-05 0.000571138 -0.000470202 -0.00343352 -0.00376421 -0.00298861 -0.000719848 0.0157426 0.00419559 -9.80046e-05 -0.000164198 0.00225786 0.00241294 0.0239452 0.00215017 0.00202961 0.00187109 0.00332156 -0.00101805 0.0037794 0.0145835 0.0192691 0.0255471 0.036678 0.0215093 0.000246479 0.0268538
internal_weight=103731 222 163 103509 50533 52976 5773 5723 5418 3687 221 163 36180 36079 14353 14266 172 14094 14043 13975 9304 4671 2025 499 441 374 270 174 1526 108
internal_count=103731 222 163 103509 50533 52976 5773 5723 5418 3687 221 163 36180 36079 14353 14266 172 14094 14043 13975 9304 4671 2025 499 441 374 270 174 1526 108
is_linear=0
shrinkage=0.03


Tree=247
num_leaves=31
num_cat=0
split_feature=3 20 28 29 5 21 9 3 31 9 9 3 18 1 5 19 18 26 4 9 19 3 7 11 4 4 4 2 11 20
split_gain=39.7104 79.8707 63.5177 58.6718 92.0722 86.908 99.702 66.6514 80.9554 54.7399 45.2879 43.5789 55.3438 124.36 67.1497 69.1139 53.7394 47.1565 42.498 90.5679 66.1781 43.8811 41.9742 40.1452 31.6529 55.8334 83.0138 79.6823 44.5466 36.0048
threshold=11.083333492279055 10.500000000000002 1.8333333134651186 0.90000000596046459 0.1667333394289017 85.500000000000014 5.5499999523162851 12.783333301544191 7.8500001430511483 9.3666663169860858 8.7750000953674334 9.616666793823244 3.3380951881408696 85.833332061767592 1.3176667094230654 19.500000000000004 4.4027028083801278 1.1666666865348818 0.75416666269302379 4.5499999523162851 21.500000000000004 9.5166668891906756 0.58333334326744091 23.899999618530277 0.66833335161209118 0.62166666984558117 0.58686998486518871 17.583333015441898 13.09999990463257 3.5000000000000004
decision_type=2 2 8 10 8 2 2 2 2 2 2 2 2 2 8 2 2 10 10 2 2 2 2 2 10 10 10 2 2 2
left_child=9 3 22 23 -5 -6 -7 8 -8 10 11 18 13 -13 16 -16 -14 -18 21 -20 -21 24 -3 -2 25 26 -1 -27 -26 -28
right_child=1 2 -4 4 5 6 7 -9 -10 -11 -12 12 14 -15 15 -17 17 -19 19 20 -22 -23 -24 -25 28 27 29 -29 -30 -31
leaf_value=-1.0906432531117558e-05 -0.024734135699959903 -0.0095239832094655592 -0.032881710977526381 -0.018218628913164139 0.059523410950533366 0.042987317600636746 -0.0077916344824959256 -0.017237987593592456 0.043817827173713908 -0.022690090673277156 0.025401912785711741 -0.020724493097513914 -0.021214656534915166 0.033784725100179262 -0.0083582230624225391 -0.039315921499729158 -0.010740815649429957 0.025542141739279031 -0.011221142131835223 0.0097555763389576555 0.057443323311209681 0.028078586035966871 0.021354816094972192 0.012914712846279144 0.0064528028579319222 -0.0060523025744727678 -0.0087560584080907024 0.042601434825496241 -0.029987564554085602 -0.043730923533439638
leaf_weight=101749 52 104 64 51 55 96 51 72 59 96 63 72 72 79 135 125 54 80 72 55 50 50 64 50 51 56 52 66 74 54
leaf_count=101749 52 104 64 51 55 96 51 72 59 96 63 72 72 79 135 125 54 80 72 55 50 50 64 50 51 56 52 66 74 54
internal_value=1.95021e-06 0.00703274 -0.0074492 0.0139459 0.0193181 0.025067 0.0182501 0.00520189 0.0198898 -4.70106e-05 -2.59082e-05 -4.14693e-05 -0.00799045 0.00779357 -0.013105 -0.0232417 -0.000311107 0.0109207 6.45961e-06 0.0146938 0.032464 -1.89893e-05 0.00223937 -0.00627882 -3.27489e-05 -1.42555e-05 -3.85499e-05 0.0202686 -0.0151199 -0.0265734
internal_weight=103823 718 232 486 384 333 278 182 110 103105 103009 102946 617 151 466 260 206 134 102329 177 105 102152 168 102 102102 101977 101855 122 125 106
internal_count=103823 718 232 486 384 333 278 182 110 103105 103009 102946 617 151 466 260 206 134 102329 177 105 102152 168 102 102102 101977 101855 122 125 106
is_linear=0
shrinkage=0.03


Tree=248
num_leaves=31
num_cat=0
split_feature=31 29 22 12 15 8 1 1 11 18 11 5 13 11 18 12 9 11 13 0 2 5 5 15 23 11 3 2 29 24
split_gain=47.4194 126.082 126.101 98.5002 110.098 108.913 108.872 57.7619 54.5075 54.0035 53.0685 141.614 60.1875 56.2371 44.7938 42.8083 41.0719 39.3906 84.4095 35.0776 50.2995 63.0022 47.4146 47.9024 40.4338 55.9194 39.3042 73.406 90.2073 112.581
threshold=9.7500000000000018 0.90000000596046459 3.1666666269302373 7.8366668224334726 0.36666667461395269 1.0000000180025095e-35 89.833332061767592 83.166667938232436 20.10000038146973 6.5086207389831552 7.5499999523162851 0.56694999337196361 0.57633331418037426 3.5499999523162846 6.2535715103149423 5.6099998950958261 10.550000190734865 31.633333206176761 0.30006700754165655 10.583333492279055 29.166666984558109 0.8038499951362611 1.0909000039100649 0.77500000596046459 2.4500000476837163 25.633333206176761 8.5166668891906756 12.833333492279055 1.7749999761581423 0.41666667163372045
decision_type=2 10 10 2 2 2 2 2 2 2 2 8 8 2 2 2 2 2 10 2 2 8 8 2 10 2 2 2 10 10
left_child=16 7 3 4 10 8 14 15 -5 -9 11 -3 -12 -13 -7 -2 17 19 -19 20 26 -22 -23 24 25 -24 -1 -28 29 -29
right_child=1 2 -4 5 -6 6 -8 9 -10 -11 12 13 -14 -15 -16 -17 -18 18 -20 -21 21 22 23 -25 -26 -27 27 28 -30 -31
leaf_value=-7.6961353838620714e-05 -0.016053631737828252 -0.0076486108331911013 0.045301635723847607 -0.0040973129517891818 0.04782964015249596 0.010359880437828459 -0.013775760146230458 -0.042271364971801832 -0.045256606325951979 -0.0022304874926805493 0.017856278518835703 0.021661608373781421 -0.024430609199663868 0.065790841369067918 0.049363704301276297 0.019086884986322661 -0.023875310829052556 0.039742431198449238 -0.0052846601957500707 0.022888423465192317 -0.028915523325021449 0.020301124415090004 -0.0086258914302392263 -0.032994843436212375 -0.025923225186192073 0.025637298626277377 -0.019250925420829564 0.029145207971912519 0.020025025210422227 -0.0028275330546045354
leaf_weight=100696 60 93 91 51 86 53 100 77 67 50 54 53 69 51 53 65 65 69 82 60 117 62 116 58 52 68 101 116 354 681
leaf_count=100696 60 93 91 51 86 53 100 77 67 50 54 53 69 51 53 65 65 69 82 60 117 62 116 58 52 68 101 116 354 681
internal_value=2.98835e-05 0.00630385 0.0120012 0.0078501 0.0176945 -0.00448575 0.00867851 -0.0122579 -0.0274674 -0.0265072 0.00959564 0.0192491 -0.00586563 0.0433019 0.0298618 0.00221944 -3.56682e-05 -2.05698e-05 0.0152906 -4.313e-05 -5.65637e-05 -0.00981696 -0.00354019 -0.00856794 -0.00256472 0.00403659 -1.12792e-05 0.00527141 0.00742324 0.00182597
internal_weight=103770 1073 821 730 406 324 206 252 118 127 320 197 123 104 106 125 102697 102632 151 102481 102421 473 356 294 236 184 101948 1252 1151 797
internal_count=103770 1073 821 730 406 324 206 252 118 127 320 197 123 104 106 125 102697 102632 151 102481 102421 473 356 294 236 184 101948 1252 1151 797
is_linear=0
shrinkage=0.03


Tree=249
num_leaves=31
num_cat=0
split_feature=19 31 31 22 28 13 3 25 13 21 3 31 26 29 21 26 31 2 23 26 1 0 31 12 5 5 22 21 1 1
split_gain=38.0035 85.4368 78.6368 61.1826 76.0779 60.3545 55.8928 53.3981 113.621 56.0253 43.1375 57.9974 57.0376 55.6629 54.0485 85.9281 79.7321 45.2427 40.0364 37.8688 36.8223 35.5142 32.8681 35.0477 28.596 38.1032 38.2155 30.096 26.1594 124.664
threshold=3.5000000000000004 7.4500000476837167 3.9500000476837163 2.1666666269302373 1.5833333134651186 0.0040010001976042995 4.8833334445953378 1.5500000119209292 0.40450000762939459 81.500000000000014 5.8166668415069589 5.0499999523162851 1.4166666865348818 0.90000000596046459 81.500000000000014 0.58333334326744091 5.9500000476837167 3.8333333730697636 1.7083333134651186 0.58333334326744091 48.833333969116218 5.5833332538604745 13.750000000000002 13.722500324249269 2.1116665601730351 0.98030000925064098 0.83333334326744091 29.500000000000004 60.166666030883796 57.833333969116218
decision_type=2 2 2 10 10 10 2 10 10 2 2 2 8 10 2 10 2 2 10 10 2 2 2 2 10 10 10 2 2 2
left_child=1 2 -1 4 -3 10 -6 9 24 -7 11 -4 21 -13 17 -16 18 -15 -17 -19 -21 -12 23 28 25 27 -27 -9 29 -2
right_child=22 3 5 -5 6 7 -8 8 -10 -11 12 13 -14 14 15 16 -18 19 -20 20 -22 -23 -24 -25 -26 26 -28 -29 -30 -31
leaf_value=0.036550982879873892 -0.00033702088800127656 0.0086704093583349906 0.001076737945759838 0.0004838775416233934 0.022121320205926893 -0.0025093700692565813 0.06633888495980568 0.0011694644995888064 0.04513241312302211 -0.017875470564503653 -0.041905282918363811 -0.0031726862936338873 0.0016292099462696379 0.011254351116201568 -0.0060333472972407057 0.034472567751848447 0.060559432986192402 0.017313922104042243 0.00081832681047288994 -0.027108667123406618 0.0025262770555107977 -0.0080322435623607965 -0.023109760535390753 0.022599233094602822 -0.019794560657895127 -0.0017670231352209067 0.023049102410260425 -0.021813921654640241 -0.0012325379105308817 0.0055266189057563168
leaf_weight=56 68692 106 5787 133 50 472 53 127 51 390 60 320 163 638 68 72 64 51 57 77 74 52 57 60 69 122 103 86 22380 3426
leaf_count=56 68692 106 5787 133 50 472 53 127 51 390 60 320 163 638 68 72 64 51 57 77 74 52 57 60 69 122 103 86 22380 3426
internal_value=-0.000155819 0.001674 0.00111222 0.0163902 0.0265124 0.000889311 0.044874 -0.00478093 0.0024497 -0.00946155 0.00196532 0.00241022 -0.00969612 0.00784082 0.0110418 0.0229663 0.0331838 0.00733674 0.0196021 -0.0050367 -0.0125856 -0.0261785 -0.000335697 -0.000321968 -0.00184382 0.000984031 0.00959325 -0.00811021 -0.000336522 -5.84659e-05
internal_weight=103916 9301 8959 342 209 8903 103 1420 558 862 7483 7208 275 1421 1101 261 193 840 129 202 151 112 94615 94558 507 438 225 213 94498 72118
internal_count=103916 9301 8959 342 209 8903 103 1420 558 862 7483 7208 275 1421 1101 261 193 840 129 202 151 112 94615 94558 507 438 225 213 94498 72118
is_linear=0
shrinkage=0.03


Tree=250
num_leaves=31
num_cat=0
split_feature=18 9 28 31 29 9 27 31 0 31 31 19 23 31 21 21 29 15 9 23 28 21 25 1 25 3 19 0 0 27
split_gain=39.9955 74.2561 126.445 103.826 101.846 104.458 101.792 114.571 98.0974 76.8467 123.992 129.269 70.1436 63.6548 70.8913 99.1972 113.034 146.215 83.2312 69.1208 48.9556 48.6748 111.884 71.544 50.6875 44.7862 43.7559 42.6321 57.1137 55.8239
threshold=5.2880184650421151 4.3666667938232431 1.8333333134651186 9.9499998092651385 1.2916666865348818 5.3666667938232431 1.8999999761581423 6.4500000476837167 4.1666667461395273 9.7500000000000018 11.550000190734865 15.500000000000002 1.8999999761581423 9.5500001907348651 28.500000000000004 78.500000000000014 0.90000000596046459 0.22500000149011615 1.7749999761581423 1.5500000119209292 1.0000000180025095e-35 80.500000000000014 0.90000000596046459 60.416666030883796 0.45000000298023229 12.216666698455812 18.500000000000004 9.5833334922790545 8.166666507720949 2.5499999523162846
decision_type=2 2 10 2 10 2 10 2 2 2 2 2 10 2 2 2 10 2 2 10 8 2 10 2 10 2 2 2 2 8
left_child=13 2 3 -2 8 12 21 -8 -3 20 -11 -12 -6 25 18 -16 -17 19 -15 -18 -10 22 -7 -24 -23 -1 -26 28 29 -22
right_child=1 4 -4 -5 5 6 7 -9 9 10 11 -13 -14 14 15 16 17 -19 -20 -21 27 24 23 -25 26 -27 -28 -29 -30 -31
leaf_value=-6.0988565483563349e-05 0.024993015475338325 0.041784857761163217 0.054519248057759422 -0.025059292248648699 -0.05058238581146883 -0.02532157061428859 -0.0074810267565771933 0.043547328946349974 -0.017960296808928251 0.057475271275533091 0.034301684729077596 -0.027373752766533904 -0.0044419363026435557 -0.0080793335185047575 -0.046599647413407053 -0.042600244518736716 -0.00067849135446933012 -0.027077726698480544 0.030795319618090337 0.043598174530726209 0.0014200230047929506 0.0079533282858984811 0.001859350305683208 0.051152328673117566 -0.020652979971889605 -0.018958152698752659 0.0032661469585516236 0.029937112008983437 -0.022555798528095087 0.031674767868085339
leaf_weight=101079 96 77 68 61 69 58 72 88 100 63 66 57 52 176 84 71 62 96 69 65 326 105 53 53 316 113 88 55 72 66
leaf_count=101079 96 77 68 61 69 58 72 88 100 63 66 57 52 176 84 71 62 96 69 65 326 105 53 53 316 113 88 55 72 66
internal_value=-5.71949e-05 0.00408029 0.0203468 0.00554594 0.00208685 -0.00470701 -0.000923556 0.0205846 0.00943531 0.006341 0.0232503 0.00572038 -0.0307534 -0.000140948 -0.009701 -0.0178482 -0.00963355 0.00086257 0.00286904 0.0219828 0.00126003 -0.00603693 0.00817663 0.0265058 -0.0106165 -8.20908e-05 -0.0154429 0.00496336 0.00200311 0.00651393
internal_weight=103876 2061 225 157 1836 954 833 160 882 805 186 123 121 101815 623 378 294 223 245 127 619 673 164 106 509 101192 404 519 464 392
internal_count=103876 2061 225 157 1836 954 833 160 882 805 186 123 121 101815 623 378 294 223 245 127 619 673 164 106 509 101192 404 519 464 392
is_linear=0
shrinkage=0.03


Tree=251
num_leaves=31
num_cat=0
split_feature=11 2 7 1 3 10 25 25 31 18 3 18 9 2 3 0 26 26 29 29 13 4 4 2 4 4 13 25 19 18
split_gain=39.5578 44.7619 60.6854 123.221 59.1161 50.7881 52.4325 46.6728 38.8806 104.623 37.9923 35.3592 30.7424 25.0046 70.4173 44.2293 67.7755 69.8967 76.1795 75.8938 74.2004 39.0751 100.2 60.574 53.3856 79.2782 54.6806 43.3983 42.9463 36.1235
threshold=41.100000381469734 33.166666030883796 0.58333334326744091 87.416667938232436 12.483333110809328 89.450000762939467 1.1000000238418581 0.90000000596046459 2.5499999523162846 4.0135135650634775 12.016666889190676 5.5735931396484384 7.2916667461395273 30.833333015441898 7.3416666984558114 7.5833332538604745 0.58333334326744091 1.4166666865348818 1.4499999880790713 1.8999999761581423 0.093983996659517302 0.66833335161209118 0.64416664838790905 10.583333492279055 0.58116164803504955 0.62166666984558117 0.52449998259544384 0.90000000596046459 13.500000000000002 5.2880184650421151
decision_type=2 2 2 2 2 2 10 10 2 2 2 2 2 2 2 2 8 8 10 10 10 10 10 2 10 10 10 10 2 2
left_child=1 4 5 -4 8 6 -3 -6 9 -1 13 -11 -13 15 -15 21 -17 19 20 -18 -19 22 24 -23 -10 26 -26 -25 -29 -16
right_child=-2 2 3 -5 7 -7 -8 -9 10 11 -12 12 -14 14 29 16 17 18 -20 -21 -22 23 -24 27 25 -27 -28 28 -30 -31
leaf_value=0.05065859441757202 -0.023448138920160441 0.025402491155925182 -0.0055946888239122921 0.050100129924852542 0.00036911859598061809 -0.022235601278288025 -0.0094306622183238948 -0.031387222261772936 -7.3190152164766324e-05 -0.016733544853425795 0.022681162607940758 0.028829549989279578 -0.0018869042963437412 0.017028700606389478 -0.036873527500033372 0.03796644979667279 -0.015385341547197938 0.012557720538228749 -0.0091569328185630173 0.024013043800859075 0.054603802180391244 0.018043996925323696 0.036061493598896523 0.0073641840032031454 -0.047582305839019165 0.011206642077082678 -0.0071895443858965387 -0.0043804476555922758 -0.03016333648486982 -0.0039538437813520433
leaf_weight=50 65 86 64 81 73 63 71 97 101581 62 66 51 69 55 75 62 193 105 73 57 59 59 69 62 70 63 53 92 158 50
leaf_count=50 65 86 64 81 73 63 71 97 101581 62 66 51 69 55 75 62 193 105 73 57 59 59 69 62 70 63 53 92 158 50
internal_value=-5.19723e-05 -3.73172e-05 0.01045 0.0255176 -7.43357e-05 0.000519065 0.00964992 -0.0177507 -4.52273e-05 0.0122222 -7.28584e-05 0.00166281 0.0111676 -8.74477e-05 -0.011259 -6.78781e-05 0.00842445 0.00466345 0.0163364 -0.00640251 0.0276841 -0.000113494 -7.8089e-05 -0.0098319 -0.000102592 -0.0161602 -0.0301773 -0.0151033 -0.0206752 -0.0237057
internal_weight=103834 103769 365 145 103404 220 157 170 103234 232 103002 182 120 102936 180 102756 549 487 237 250 164 102207 101836 371 101767 186 123 312 250 125
internal_count=103834 103769 365 145 103404 220 157 170 103234 232 103002 182 120 102936 180 102756 549 487 237 250 164 102207 101836 371 101767 186 123 312 250 125
is_linear=0
shrinkage=0.03


Tree=252
num_leaves=31
num_cat=0
split_feature=30 11 5 5 27 29 2 16 17 19 3 25 4 11 11 17 11 11 27 5 5 2 3 23 29 11 8 15 29 26
split_gain=42.312 145.849 53.9552 133.319 122.399 119.441 65.002 101.172 64.579 187.878 62.0332 61.6755 61.3584 57.373 63.1133 53.8882 50.5156 53.5087 49.6966 78.0844 69.2261 61.9192 61.0638 81.9263 99.5296 87.1877 75.0099 169.313 100.227 73.6745
threshold=1.0000000180025095e-35 36.100000381469734 0.88151666522026073 0.95721665024757396 2.3666666746139531 1.3666666746139529 3.1666666269302373 1.0000000180025095e-35 0.45000000298023229 28.500000000000004 11.616666793823244 3.4500000476837163 0.26349332928657537 35.699998855590827 29.633333206176761 0.63333335518836986 31.633333206176761 29.44999980926514 0.90000000596046459 1.0109833478927615 0.99594998359680187 29.833333015441898 2.716666698455811 2.1000000238418584 2.7749999761581425 11.775000095367433 1.0000000180025095e-35 0.36666667461395269 1.3666666746139529 3.5833333730697636
decision_type=2 2 10 10 10 10 2 2 2 2 2 10 10 2 2 2 2 2 10 10 10 2 2 10 10 2 2 2 10 10
left_child=1 16 13 4 6 -6 -4 -8 10 15 11 18 -9 14 -2 -10 17 -1 19 -5 -20 22 -22 24 29 -25 28 -28 -27 -24
right_child=2 -3 3 8 5 -7 7 12 9 -11 -12 -13 -14 -15 -16 -17 -18 -19 20 -21 21 -23 23 25 -26 26 27 -29 -30 -31
leaf_value=-0.00047762301661163556 0.00032111935131724334 -0.045439729323753938 0.043054773741960525 0.02679899587685159 0.014254146467149257 0.079827624569088207 -0.00358179306093837 0.042326006937649222 -0.027730538369542194 0.028480360469427601 0.034665303058508366 0.035532117435912371 0.0039894152234774081 0.031212533166011174 -0.024966891732778444 0.0065172960183117537 0.021155934591883235 -0.02618027881961571 -0.013502203748557028 -0.0068544746352209975 0.00016141680615751162 -0.026197371825575827 0.004521981104737104 0.046001841161876569 0.035303291709673015 0.023485655361413955 0.0089697198300725881 0.070309047204338837 -0.023015364870191252 -0.030049097463488581
leaf_weight=51742 45112 65 50 67 50 50 287 91 239 87 54 50 64 54 89 50 97 73 211 840 1776 60 2080 86 93 75 162 54 94 57
leaf_count=51742 45112 65 50 67 50 50 287 91 239 87 54 50 64 54 89 50 97 73 211 840 1776 60 2080 86 93 75 162 54 94 57
internal_value=7.56846e-05 -0.000529576 0.000680887 0.00318777 0.0167835 0.0470409 0.0106336 0.0069661 0.00187584 -0.0101701 0.00266231 0.00235939 0.0264967 0.000308248 0.000271328 -0.0218053 -0.000473343 -0.000513834 0.00206608 -0.0043685 0.00329527 0.00407646 0.00448218 0.00732323 0.00492203 0.018692 0.0125916 0.0243046 -0.00237882 0.00359987
internal_weight=103959 51977 51982 6727 592 100 492 442 6135 376 5759 5705 155 45255 45201 289 51912 51815 5655 907 4748 4537 4477 2701 2230 471 385 216 169 2137
internal_count=103959 51977 51982 6727 592 100 492 442 6135 376 5759 5705 155 45255 45201 289 51912 51815 5655 907 4748 4537 4477 2701 2230 471 385 216 169 2137
is_linear=0
shrinkage=0.03


Tree=253
num_leaves=31
num_cat=0
split_feature=10 15 27 13 20 12 4 10 11 27 25 27 14 2 23 19 10 10 5 14 13 27 29 16 13 15 12 29 13 13
split_gain=30.874 102.936 59.0399 88.0658 85.7979 127.555 48.8146 79.6367 96.0544 102.33 63.3361 141.347 92.1561 64.0679 57.952 85.1049 90.1235 57.3402 50.0647 58.8628 82.0524 91.1286 105.679 48.2897 79.7113 56.2107 48.2171 91.3699 81.1412 78.1614
threshold=89.633331298828139 1.0000000180025095e-35 0.90000000596046459 0.42099998891353613 2.5000000000000004 5.6099998950958261 0.076593335717916503 72.099998474121108 28.10000038146973 1.2916666865348818 0.63333335518836986 0.55000001192092907 0.52619001269340526 20.583333015441898 2.4500000476837163 29.500000000000004 49.225000381469734 67.099998474121108 0.33703333139419561 0.19820000231266025 0.31205099821090704 1.1000000238418581 1.8999999761581423 1.0000000180025095e-35 0.46699999272823339 0.45000000298023229 9.2225003242492694 1.7749999761581423 0.67024600505828869 0.72450000047683727
decision_type=2 2 10 10 2 2 10 2 2 10 10 10 8 2 10 2 2 2 10 10 10 10 10 2 10 2 2 10 10 10
left_child=6 -2 3 4 5 -3 7 -1 10 -10 11 -9 -13 -14 18 23 -17 -18 19 -8 21 22 -21 24 -16 -25 29 28 -28 -20
right_child=1 2 -4 -5 -6 -7 14 8 9 -11 -12 12 13 -15 15 16 17 -19 26 20 -22 -23 -24 25 -26 -27 27 -29 -30 -31
leaf_value=-7.4515054314749151e-05 0.0034296174956252321 -0.0027065630194607316 -0.0066503466074926696 0.04207219587300922 -0.012409110012299874 0.045186059289164353 0.0010263288544736437 0.051472623240059384 0.054368284092499657 -0.0045944388045205007 -0.0058700175459207807 0.027471065628515715 0.0013254423878325395 -0.022272236195021045 -0.006997057066674554 -0.014942884819659713 0.038231342705976529 0.007722654041728217 0.0016971641725105444 0.020872030605721036 -0.012747153269833531 0.010434925237496661 0.070897541235793712 -0.010115832549577593 0.032499033444457578 -0.034333292044497823 -0.01713363615457307 0.042237932620275961 0.025334558069705963 -0.027739353089070901
leaf_weight=78097 7336 143 1692 52 221 77 542 52 52 54 4339 94 406 139 310 108 83 167 8142 123 87 391 55 387 54 111 88 76 75 82
leaf_count=78097 7336 143 1692 52 221 77 542 52 52 54 4339 94 406 139 310 108 83 167 8142 123 87 391 55 387 54 111 88 76 75 82
internal_value=9.9241e-05 0.00172723 -0.00398845 0.00514732 0.000793367 0.0140559 -6.54533e-05 -0.000312487 -0.00393104 0.0243307 -0.00452661 0.00390904 3.84491e-05 -0.00469305 0.0018242 -0.00433681 0.00795825 0.0178515 0.00260222 0.00834219 0.0143867 0.0185355 0.0363294 -0.00944311 -0.00113775 -0.0155137 0.00178968 0.0150729 0.00240694 0.00140366
internal_weight=103635 9521 2185 493 441 220 94114 83233 5136 106 5030 691 639 545 10881 1220 358 250 9661 1198 656 569 178 862 364 498 8463 239 163 8224
internal_count=103635 9521 2185 493 441 220 94114 83233 5136 106 5030 691 639 545 10881 1220 358 250 9661 1198 656 569 178 862 364 498 8463 239 163 8224
is_linear=0
shrinkage=0.03


Tree=254
num_leaves=31
num_cat=0
split_feature=9 12 9 4 18 12 12 28 20 31 31 2 2 2 25 0 10 18 15 29 2 19 9 18 7 9 9 17 10 9
split_gain=48.1699 114.142 96.9479 74.3905 47.6183 37.7219 42.6537 97.7547 28.2067 28.1439 26.5752 120.393 72.9003 95.4903 77.3922 71.1262 102.293 143.033 56.7478 46.7405 117.687 68.7653 35.4631 32.8894 66.1305 45.3585 99.0876 42.6209 32.0819 29.076
threshold=9.3666663169860858 12.444999694824221 8.7083334922790545 1.0116666555404665 8.1180553436279315 12.444999694824221 11.150000095367433 1.1666666865348818 -1.4999999999999998 4.6499998569488534 9.7500000000000018 28.833333015441898 3.5833333730697636 1.5833333134651186 1.3666666746139529 2.8333333730697636 68.90000152587892 4.2535715103149423 1.0000000180025095e-35 0.90000000596046459 14.583333492279055 24.500000000000004 5.7750000953674325 6.5086207389831552 0.41666667163372045 7.2916667461395273 7.9000000953674325 1.0000000180025095e-35 3.1000000238418584 6.3666667938232431
decision_type=2 2 2 8 2 2 2 10 2 2 2 2 2 2 10 2 2 2 2 10 2 2 2 2 2 2 2 2 2 2
left_child=2 -2 4 -4 5 6 8 -8 9 -1 23 12 13 14 28 18 17 -17 -14 -18 -21 22 -22 29 25 27 -27 -25 -12 -10
right_child=1 -3 3 -5 -6 -7 7 -9 10 -11 11 -13 15 -15 -16 16 19 -19 -20 20 21 -23 -24 24 -26 26 -28 -29 -30 -31
leaf_value=0.0010775738939642905 -0.033177513831817523 0.010731955299827647 0.0067441138778539262 0.054947932916879647 -0.023776440434648018 -0.020116750901298861 -0.012876017173895469 0.034869391529183634 -6.7544440273356146e-05 -0.023868916921652432 0.0075090119085059713 0.04556084612144097 -0.0013220618028532375 0.053241648003458972 0.03403867855275932 -0.0045813696590753699 -0.029283955426358463 0.061152817998420109 -0.042442425625092942 0.030486990700702408 -0.018733572284025807 -0.043598698439219818 0.015028623417019844 0.025358891094272789 -0.038913726367448505 -0.047190292007807222 0.0095195133513525914 -0.0061633973184131805 -0.025505578306814033 0.0055839958452319691
leaf_weight=75 123 94 68 50 76 84 65 95 101009 89 52 62 55 50 57 65 67 55 67 74 56 52 56 66 57 54 57 93 54 826
leaf_count=75 123 94 68 50 76 84 65 95 101009 89 52 62 55 50 57 65 67 55 67 74 56 52 56 66 57 54 57 93 54 826
internal_value=-3.71405e-05 -0.0141568 -7.5615e-06 0.0271695 -3.85555e-05 -2.11066e-05 -4.76677e-06 0.0154728 -2.87751e-05 -0.0124605 -8.97791e-06 0.00536361 0.00208436 0.016974 0.00584891 -0.0037136 0.0020824 0.0255468 -0.0239046 -0.0071495 -0.00091837 -0.0150891 -0.00185247 -5.2206e-05 -0.00955124 -0.00335249 -0.018069 0.00692133 -0.00930974 -2.17039e-05
internal_weight=103803 217 103586 118 103468 103392 103308 160 103148 164 102984 822 760 213 163 547 425 120 122 305 238 164 112 102162 327 270 111 159 106 101835
internal_count=103803 217 103586 118 103468 103392 103308 160 103148 164 102984 822 760 213 163 547 425 120 122 305 238 164 112 102162 327 270 111 159 106 101835
is_linear=0
shrinkage=0.03


Tree=255
num_leaves=31
num_cat=0
split_feature=29 31 20 6 31 2 2 24 11 25 18 23 10 31 12 10 5 25 3 12 3 16 31 5 31 9 31 29 18 12
split_gain=26.3326 64.2689 42.8322 54.9438 42.2155 91.8545 84.9074 148.541 114.481 88.1237 77.5357 72.8256 61.1023 59.5304 87.9876 126.918 53.9904 46.8537 44.2751 64.5405 44.1695 41.4486 34.3963 109.466 33.7091 37.3199 48.9347 63.6409 34.6245 65.5946
threshold=0.70833334326744091 11.550000190734865 8.5000000000000018 1.0000000180025095e-35 10.449999809265138 29.166666984558109 3.5833333730697636 0.41666667163372045 1.7749999761581423 1.7749999761581423 5.7360682487487802 2.4500000476837163 78.450000762939467 9.0500001907348651 7.8366668224334726 78.450000762939467 0.67370000481605541 1.1000000238418581 8.3416666984558123 5.4900000095367441 0.88333332538604747 0.29166667163372045 8.7500000000000018 1.5971833467483523 0.65000000596046459 9.6333336830139178 2.5499999523162846 1.7749999761581423 6.2535715103149423 11.150000095367433
decision_type=10 2 2 2 2 2 2 10 2 10 2 10 2 2 2 2 8 10 2 2 2 2 2 8 2 2 2 10 2 2
left_child=1 2 -1 -4 13 6 8 12 -6 10 18 -7 -8 22 15 16 20 -18 19 -9 -15 -16 24 -24 -2 26 27 -26 29 -28
right_child=4 -3 3 -5 5 11 7 9 -10 -11 -12 -13 -14 14 21 -17 17 -19 -20 -21 -22 -23 23 -25 25 -27 28 -29 -30 -31
leaf_value=-0.00094115532224127885 -0.02261682083151477 -0.027851193316462564 -0.032694852520646744 -0.0041864273022824468 -0.0036363899450410496 0.054805198885500429 0.052443674746155737 -0.021541709437966343 0.058449963566202384 0.016674673769220306 -0.0025471011735498906 0.0072363580603684698 0.0057733558392261755 -0.0050051994538969462 -0.013436238396851744 0.036413231870580098 -0.016605163130592158 0.011947941496968269 -0.011643684841692446 -0.069278230584011613 -0.040689292732324148 -0.047379859472098551 0.035297434729834397 -0.017280955457965194 0.033912826991358468 -0.021523080974196394 6.5286612586744797e-05 -0.0069633832573890685 -0.009388327110590863 0.024019885769303778
leaf_weight=12512 59 82 86 208 55 60 50 50 52 74 124 56 51 54 61 62 94 115 51 52 74 69 90 59 86 72 88632 57 348 103
leaf_count=12512 59 82 86 208 55 60 50 50 52 74 124 56 51 54 61 62 94 115 51 52 74 69 90 59 86 72 88632 57 348 103
internal_value=-0.000107734 -0.00137663 -0.00120711 -0.0125256 7.25503e-05 0.00754707 0.00250577 -0.0031829 0.0265364 -0.0124083 -0.0201777 0.0318409 0.0288775 1.65131e-05 -0.0100177 -0.00303394 -0.0102913 -0.000894125 -0.0344665 -0.045878 -0.0256351 -0.0314525 7.58175e-05 0.0144778 5.18027e-05 6.678e-05 8.42017e-05 0.0176195 5.60533e-05 9.30921e-05
internal_weight=103598 12888 12806 294 90710 675 559 452 107 351 277 116 101 90035 529 399 337 209 153 102 128 130 89506 149 89357 89298 89226 143 89083 88735
internal_count=103598 12888 12806 294 90710 675 559 452 107 351 277 116 101 90035 529 399 337 209 153 102 128 130 89506 149 89357 89298 89226 143 89083 88735
is_linear=0
shrinkage=0.03


Tree=256
num_leaves=31
num_cat=0
split_feature=4 26 12 22 22 20 4 11 5 4 4 14 9 5 21 25 20 21 31 25 31 29 24 14 14 24 11 3 3 20
split_gain=51.1212 61.002 69.604 65.9528 60.1482 41.3383 33.1252 160.683 117.938 49.0614 100.452 43.5655 26.1523 63.4943 72.8765 86.9305 84.7059 75.2924 68.912 65.9264 56.2956 66.7891 168.362 65.7413 119.127 66.2793 55.8198 113.236 104.702 84.1961
threshold=0.80833333730697643 0.83333334326744091 11.719999790191652 1.8333333134651186 2.4166666269302373 -1.4999999999999998 0.71499997377395641 17.899999618530277 1.1538999676704409 0.66833335161209118 0.65166664123535167 0.99210998415946972 4.4500000476837167 1.4769666790962221 88.500000000000014 0.90000000596046459 14.500000000000002 85.500000000000014 7.0499999523162851 0.90000000596046459 9.3499999046325701 1.8999999761581423 1.1666666865348818 0.40603999793529516 0.66613999009132396 1.8333333134651186 19.22500038146973 8.2833333015441912 6.7833335399627694 7.5000000000000009
decision_type=10 10 2 10 10 2 10 2 10 10 10 10 2 10 2 10 2 2 2 10 2 10 10 10 10 10 2 2 2 2
left_child=5 -2 3 -3 -5 -1 9 -8 -9 10 12 -11 26 14 15 18 17 20 -14 -15 21 23 -23 -17 -25 -26 -7 28 29 -28
right_child=1 2 -4 4 -6 6 7 8 -10 11 -12 -13 13 19 -16 16 -18 -19 -20 -21 -22 22 -24 24 25 -27 27 -29 -30 -31
leaf_value=-0.014160813971361872 -0.04008970525311796 -0.022297990555790338 -0.03458121768751387 0.032089158147328385 -0.0075535094383217026 8.2449391460349971e-05 -0.017531329948326638 0.069667529091238967 0.0057733963945737253 -0.034698658488366917 0.039541351682153239 -4.8278132753987464e-05 -0.0070361081693147125 -0.035470164374578311 0.0016421235291824796 -0.016786849387583267 0.036441692251641788 -0.03369033701832478 -0.027260972343939392 -0.0070912595900456902 0.030685954851284624 0.04710781449758554 -0.0073927935997198805 0.043693523044996664 -0.015095029778904834 0.022608877927064893 0.0043447384170738458 0.048523856138641186 -0.025551500433648469 0.031769643321832908
leaf_weight=184 57 66 59 76 63 95972 87 52 52 69 58 62 406 86 3438 314 53 65 242 514 50 79 144 53 177 55 1003 55 96 112
leaf_count=184 57 66 59 76 63 95972 87 52 52 69 58 62 406 86 3438 314 53 65 242 514 50 79 144 53 177 55 1003 55 96 112
internal_value=9.0986e-06 -0.0119444 -0.00586763 0.00239628 0.0141216 4.61798e-05 7.1487e-05 0.0125534 0.0377205 4.83641e-05 7.17057e-05 -0.0182992 4.94615e-05 -0.00192995 -0.000839056 -0.00604681 -0.000455409 -0.00254244 -0.0145892 -0.0111589 -0.000220634 -0.0021006 0.0119146 -0.00731827 0.00311377 -0.0061566 0.000165004 0.00642325 0.00451117 0.00709953
internal_weight=103799 321 264 205 139 103478 103294 191 104 103103 102972 131 102914 5676 5076 1638 990 937 648 600 872 822 223 599 285 232 97238 1266 1211 1115
internal_count=103799 321 264 205 139 103478 103294 191 104 103103 102972 131 102914 5676 5076 1638 990 937 648 600 872 822 223 599 285 232 97238 1266 1211 1115
is_linear=0
shrinkage=0.03


Tree=257
num_leaves=31
num_cat=0
split_feature=31 9 4 2 9 12 11 2 2 13 11 13 12 0 12 16 17 26 11 13 14 13 0 2 10 18 9 10 29 20
split_gain=49.5974 34.4098 84.0657 114.225 78.6383 74.8158 71.9056 52.5231 50.0864 46.3809 50.8729 32.585 30.1633 34.9736 34.7526 55.0042 67.5176 77.0868 36.4911 35.3021 33.9156 32.1185 66.7921 84.6769 118.124 88.9417 80.868 79.789 91.6918 67.1502
threshold=13.650000095367433 8.7083334922790545 1.0116666555404665 40.833333969116218 9.3666663169860858 12.444999694824221 31.899999618530277 38.500000000000007 36.166666030883796 0.85499998927116405 29.10000038146973 0.48099999129772192 11.719999790191652 9.5833334922790545 9.8450002670288104 0.55000001192092907 0.29166667163372045 1.8333333134651186 27.633333206176761 0.74674999713897716 1.6037799715995791 0.362666666507721 7.8333332538604745 17.583333015441898 81.450000762939467 3.7343137264251713 4.9000000953674325 86.224998474121108 1.6333333253860476 3.5000000000000004
decision_type=2 2 8 2 2 2 2 2 2 10 2 8 2 2 2 2 2 10 2 10 8 10 2 2 2 2 2 2 10 2
left_child=1 5 4 6 -3 7 -4 8 9 10 12 -12 13 14 18 16 -16 -18 19 21 -20 -1 23 24 26 29 -23 28 -26 -25
right_child=-2 2 3 -5 -6 -7 -8 -9 -10 -11 11 -13 -14 -15 15 -17 17 -19 20 -21 -22 22 -24 25 27 -27 -28 -29 -30 -31
leaf_value=-2.0399368269742358e-06 -0.024669931866738895 0.018580137682147325 0.01687892289161682 -0.011063999447685021 -0.022988751905529122 -0.02761366801294075 0.066170430646130915 0.029916718700584374 -0.02911193643538457 0.022612659925731214 0.0034823878898340111 -0.025289906927801923 0.022483756012386745 0.018854323000218089 -0.028975230519473552 0.01427105447629819 -0.015408417137546673 0.029050374995164857 0.0014874900840833537 -0.020799880033894762 0.033974034663628451 -0.003498275367355046 0.033180044679080735 -0.0084015158531838101 0.058012301933084577 -0.015481265886440589 0.025314534249551154 0.011212546257580171 0.0073504111609038183 0.021713851569287426
leaf_weight=100514 73 72 50 52 95 88 57 53 53 82 51 116 54 89 150 74 108 52 61 73 55 624 68 128 87 367 102 268 51 139
leaf_count=100514 73 72 50 52 95 88 57 53 53 82 51 116 54 89 150 74 108 52 61 73 55 624 68 128 87 367 102 268 51 139
internal_value=4.93904e-05 6.67693e-05 0.00979807 0.0254109 -0.00506684 3.61202e-05 0.043137 5.96476e-05 4.43386e-05 5.92959e-05 4.1381e-05 -0.0165032 6.8189e-05 5.64383e-05 4.0183e-05 -0.00896801 -0.0145154 -0.00095931 7.39186e-05 5.48723e-05 0.0168906 6.9747e-05 0.0040041 0.00288067 0.00779687 -0.00589715 0.000549805 0.0207559 0.0392894 0.00727652
internal_weight=103906 103833 326 159 167 103507 107 103419 103366 103313 103231 167 103064 103010 102921 384 310 160 102537 102421 116 102348 1834 1766 1132 634 726 406 138 267
internal_count=103906 103833 326 159 167 103507 107 103419 103366 103313 103231 167 103064 103010 102921 384 310 160 102537 102421 116 102348 1834 1766 1132 634 726 406 138 267
is_linear=0
shrinkage=0.03


Tree=258
num_leaves=31
num_cat=0
split_feature=22 21 23 11 31 1 9 9 4 1 28 31 11 15 3 4 20 2 22 31 11 31 10 1 4 29 24 10 26 9
split_gain=33.5412 52.2796 33.9789 82.826 126.855 90.9562 83.4452 44.2188 57.215 78.2396 55.294 44.3295 41.7906 57.1395 95.6745 62.3775 85.4929 51.7031 56.0782 50.188 43.7395 77.7873 43.6692 58.333 40.7253 40.0164 38.6048 94.6321 92.0753 55.6025
threshold=4.1666667461395273 10.500000000000002 3.1000000238418584 29.633333206176761 9.3499999046325701 89.833332061767592 3.3666666746139531 8.7083334922790545 0.96583330631256115 89.833332061767592 1.4166666865348818 0.65000000596046459 23.10000038146973 0.70833334326744091 8.3416666984558123 0.68166667222976696 7.5000000000000009 15.166666507720949 3.1666666269302373 8.8499999046325701 23.44999980926514 5.4500000476837167 88.099998474121108 77.833332061767592 0.62672168016433727 1.2250000238418581 0.41666667163372045 88.90000152587892 1.1666666865348818 7.9000000953674325
decision_type=10 2 10 2 2 2 2 2 8 2 10 2 2 2 2 10 2 2 10 2 2 2 2 2 10 10 10 2 10 2
left_child=2 -2 7 4 5 -4 -7 11 10 -10 -9 -1 13 15 -15 24 19 -14 20 22 21 -19 23 -17 -13 -8 27 28 -22 -28
right_child=1 -3 3 -5 -6 6 25 8 9 -11 -12 12 17 14 -16 16 -18 18 -20 -21 26 -23 -24 -25 -26 -27 29 -29 -30 -31
leaf_value=-0.028246679322191458 0.00074133013860006969 -0.020222664555767548 0.0014126456772899064 -0.026793217464265499 0.051620152531301269 -8.7675813585519786e-05 0.059290447120483099 -0.016540029518912699 0.050173751605408531 0.0039328039081200309 0.021765472892272684 -0.00019948030545263279 0.021888362198707555 0.043538874663727384 -0.0048942006085264051 0.00016894061118364335 0.01606113224276411 -0.003319298910169766 0.019652583183695192 -0.049023288667201993 0.051582331390757311 -0.045802462130784989 0.0075539704577790362 -0.04074761087758632 0.016667688055786976 0.02319320438776986 -0.006240873618975273 -0.0085805195586383352 0.0019395876803049226 -0.02934606250481946
leaf_weight=51 242 192 1666 77 51 80 52 86 63 69 56 98753 62 71 76 52 67 87 73 50 57 70 54 79 129 59 874 250 82 105
leaf_count=51 242 192 1666 77 51 80 52 86 63 69 56 98753 62 71 76 52 67 87 73 50 57 70 54 79 129 59 874 250 82 105
internal_value=-0.000210536 -0.00853306 -0.00017557 0.00371159 0.00494265 0.00366072 0.0232696 -0.000251728 0.0117837 0.0260023 -0.00143363 -0.000284365 -0.000270244 -0.000191353 0.0184986 -0.000219053 -0.0138326 -0.00499095 -0.00603383 -0.0223554 -0.00726341 -0.0222608 -0.0151479 -0.0245059 -0.000177476 0.0401036 -0.00554222 0.00245272 0.0222967 -0.00871896
internal_weight=103735 434 103301 1985 1908 1857 191 101316 274 132 142 101042 100991 99331 147 99184 302 1660 1598 235 1525 157 185 131 98882 111 1368 389 139 979
internal_count=103735 434 103301 1985 1908 1857 191 101316 274 132 142 101042 100991 99331 147 99184 302 1660 1598 235 1525 157 185 131 98882 111 1368 389 139 979
is_linear=0
shrinkage=0.03


Tree=259
num_leaves=31
num_cat=0
split_feature=26 31 13 5 31 6 4 14 19 5 4 13 4 24 3 29 27 11 1 29 26 2 24 11 19 24 1 13 5 11
split_gain=29.9936 69.7663 67.4156 53.3003 46.2185 56.0401 59.3235 70.8083 81.903 71.7905 85.1871 71.0846 101.659 56.5783 93.1034 96.4268 67.7091 66.5349 80.4468 88.2348 104.786 76.0502 65.3049 63.3996 62.5796 78.094 58.9688 55.372 54.9272 58.4405
threshold=1.5833333134651186 0.95000001788139354 0.91200000047683727 2.7316666841506962 6.2500000000000009 1.1666666865348818 0.78833335638046276 1.0371100306510928 5.5000000000000009 0.92016667127609264 0.35688832402229315 0.52449998259544384 0.50707498192787182 1.5833333134651186 4.0166666507720956 2.2916666269302373 1.2250000238418581 15.449999809265138 82.833332061767592 1.7749999761581423 0.83333334326744091 16.833333015441898 0.83333334326744091 22.44999980926514 13.500000000000002 1.8333333134651186 86.833332061767592 0.20409599691629413 0.49719999730587011 16.899999618530277
decision_type=10 2 10 10 2 2 10 10 2 10 10 10 10 10 2 10 10 2 2 8 8 2 10 2 2 10 2 10 8 2
left_child=1 -1 3 4 -3 6 7 9 -9 11 27 12 13 17 24 16 28 21 23 26 -21 -6 -23 -19 25 -15 -20 -11 -16 -30
right_child=-2 2 -4 -5 5 -7 -8 8 -10 10 -12 -13 -14 14 15 -17 -18 18 19 20 -22 22 -24 -25 -26 -27 -28 -29 29 -31
leaf_value=0.028505049945786592 -0.0005230452745220122 0.00014194299774146677 0.030107156504755435 0.022889657772440265 0.0023629810382385938 -0.025724630117416381 -0.0223595230036144 0.04209917351044714 0.0092316692992081405 -0.019252721918030426 -0.037528472631130107 0.029637765732112818 -0.032755816234669215 0.038765626713367439 -0.021183735123452018 0.056305170074889527 0.035830085602673617 -0.011168833682354587 0.017578486385755241 -0.0091523327216505995 0.048238638016019957 0.0059774231612682348 0.051452559472786055 -0.04400655508264089 -0.002826803179514027 0.0036400088353745509 -0.015447048723211355 0.024320689543800532 0.0020694774419069287 0.03356651825330606
leaf_weight=80 44101 54342 69 95 2113 60 79 80 464 52 86 91 71 84 51 57 99 227 64 50 67 60 54 69 563 177 203 53 150 82
leaf_count=80 44101 54342 69 95 2113 60 79 80 464 52 86 91 71 84 51 57 99 227 64 50 67 60 54 69 563 177 203 53 150 82
internal_value=7.04802e-05 0.000508249 0.00047074 0.000436454 0.000400633 0.00310093 0.00343702 0.00383922 0.0140651 0.00260931 -0.0153905 0.00340293 0.00284 0.00344607 0.00874757 0.0199068 0.0144756 0.00114273 -0.00707078 0.00198866 0.0237126 0.00365068 0.0275183 -0.0188236 0.00280231 0.0149448 -0.00753082 0.00274148 0.00700532 0.0132021
internal_weight=103893 59792 59712 59643 59548 5206 5146 5067 544 4523 191 4332 4241 4170 1263 439 382 2907 680 384 117 2227 114 296 824 261 267 105 283 232
internal_count=103893 59792 59712 59643 59548 5206 5146 5067 544 4523 191 4332 4241 4170 1263 439 382 2907 680 384 117 2227 114 296 824 261 267 105 283 232
is_linear=0
shrinkage=0.03


Tree=260
num_leaves=31
num_cat=0
split_feature=18 19 11 11 5 9 10 21 10 26 28 3 11 7 28 12 12 18 11 12 14 13 5 10 3 28 9 21 23 18
split_gain=35.768 78.6166 64.5317 74.0717 73.7863 45.3309 37.13 134.11 51.8699 74.3351 90.2018 114.865 102.459 83.227 68.3105 64.9831 126.83 57.4468 88.5373 116.294 85.5021 81.5845 66.3617 56.5234 56.0601 51.8022 50.6006 49.4207 50.9284 49.1789
threshold=9.7750000953674334 3.5000000000000004 36.100000381469734 32.45000076293946 1.240483343601227 9.0999999046325701 72.099998474121108 52.500000000000007 68.450000762939467 1.8333333134651186 2.1666666269302373 5.0833332538604745 6.6333332061767587 1.0000000180025095e-35 3.1666666269302373 7.8366668224334726 6.9100000858306894 2.7379863262176518 13.775000095367433 4.7099997997283944 0.93224999308586132 0.10007499903440477 0.64058333635330211 70.450000762939467 1.9833333492279055 2.1666666269302373 8.4499998092651385 61.500000000000007 1.1000000238418581 6.2535715103149423
decision_type=2 2 2 2 8 2 2 2 2 10 8 2 2 2 10 2 2 2 2 2 8 8 8 2 2 10 2 2 10 2
left_child=2 -2 3 5 -5 6 8 25 29 10 15 12 -12 -13 -14 16 17 22 20 21 -19 -20 24 -22 -10 -8 -9 -25 -29 -1
right_child=1 -3 -4 4 -6 -7 7 26 9 -11 11 13 14 -15 -16 -17 -18 18 19 -21 23 -23 -24 27 -26 -27 -28 28 -30 -31
leaf_value=-6.2666034767892246e-05 -0.0019468342340909519 0.04429382773975913 -0.030261235556099563 -0.00056882971432060004 0.049499553259876032 -0.027890840002669476 -0.011316011089033629 -0.00098035826327786194 0.043953696522752148 -0.0035364318405084324 0.04896567194719359 0.071367582517365621 0.010624122062067993 0.017927633011165785 -0.023457089818257372 -0.021190822189066396 0.045175579857470387 0.02849480006239704 0.0048164871561786398 -0.0067166571819689122 0.012969016312355442 0.043462813662798062 -0.0030500216014126115 0.007902123741128227 0.0044234990578314115 -0.035164943161196546 0.025336845628917217 -0.045244072733876796 -0.009592526676478209 0.017188289302382493
leaf_weight=81702 91 52 64 52 54 53 529 17606 51 952 54 54 306 51 64 92 67 74 69 96 84 171 1120 55 88 97 66 65 81 149
leaf_count=81702 91 52 64 52 54 53 529 17606 51 952 54 54 306 51 64 92 67 74 69 96 84 171 1120 55 88 97 66 65 81 149
internal_value=-0.000125518 0.014868 -0.000146141 -0.000127591 0.0249377 -0.000153188 -0.000139018 -0.00136546 0.000123623 0.00365105 0.00624094 0.0173195 0.0103629 0.045411 0.00472899 0.00346736 0.00458985 0.00319823 0.0101215 0.0211895 -0.000237409 0.032352 -0.000623604 -0.0076977 0.0189274 -0.0150115 -0.000882071 -0.0163345 -0.0254648 -3.12627e-05
internal_weight=104109 143 103966 103902 106 103796 103743 18298 85445 3594 2642 529 424 105 370 2113 2021 1954 695 336 359 240 1259 285 139 626 17672 201 146 81851
internal_count=104109 143 103966 103902 106 103796 103743 18298 85445 3594 2642 529 424 105 370 2113 2021 1954 695 336 359 240 1259 285 139 626 17672 201 146 81851
is_linear=0
shrinkage=0.03


Tree=261
num_leaves=31
num_cat=0
split_feature=27 31 30 5 5 27 19 11 11 27 8 2 1 13 13 13 20 2 24 15 28 1 11 13 4 4 31 9 3 2
split_gain=31.751 98.271 31.7491 72.2991 89.9467 102.919 101.096 164.536 140.32 122.646 103.623 89.1987 87.3657 85.8233 69.1301 102.242 62.234 61.5615 67.724 105.244 88.5752 143.134 84.1079 94.3003 94.4297 97.9732 93.9482 90.452 73.8837 72.4801
threshold=3.1000000238418584 7.5499999523162851 1.0000000180025095e-35 0.88151666522026073 1.0241666436195376 0.77500000596046459 30.500000000000004 17.10000038146973 12.366666316986086 2.3666666746139531 0.58333334326744091 19.583333015441898 86.416667938232436 0.031898001208901412 0.65775001049041759 0.54837298393249523 15.500000000000002 2.1666666269302373 1.8333333134651186 0.55000001192092907 2.8333333730697636 84.833332061767592 29.10000038146973 0.32019600272178655 0.37353999912738806 0.29708832502365118 7.8500001430511483 4.4500000476837167 6.8166668415069589 21.833333015441898
decision_type=8 2 2 10 10 10 2 2 2 10 2 2 2 10 10 10 2 2 10 2 10 2 2 10 10 10 2 2 2 2
left_child=2 -2 16 14 6 12 9 8 -8 10 11 -5 13 -6 15 -4 -1 -7 22 20 28 -22 23 27 25 -25 -26 -19 -20 -29
right_child=1 -3 3 4 5 17 7 -9 -10 -11 -12 -13 -14 -15 -16 -17 -18 18 19 -21 21 -23 -24 24 26 -27 -28 29 -30 -31
leaf_value=-0.00031551716880221127 -0.0021226743410834069 -0.034407342369244857 0.0002642467488256001 0.0027191243101477858 0.034909117907847995 -0.01178879307776496 0.026325073485841621 -0.012905497960746288 0.08644143974408508 0.043610490616410966 0.029643856429805358 -0.032986302354506079 -0.024676394850432284 -0.0081666986414797825 -0.02692328665671604 0.039130438420860496 -0.025857459756783965 0.0012031995352757105 0.0070183977552672194 0.044537919468205907 -0.0016725150886206673 0.068383953718222534 -0.036902335074085454 0.012149068578753782 -0.005275577449311431 0.065046931551970083 0.033513621053138334 -0.033832995033874283 -0.015922230111763757 0.00081222877435778321
leaf_weight=50688 2374 88 43958 627 53 231 111 60 51 75 117 70 228 194 84 61 86 1949 1781 69 52 53 52 69 208 58 77 127 136 95
leaf_count=50688 2374 88 43958 627 53 231 111 60 51 75 117 70 228 194 84 61 86 1949 1781 69 52 53 52 69 208 58 77 127 136 95
internal_value=8.96269e-05 -0.00327663 0.000171344 0.000702807 0.00364561 0.00205486 0.0114233 0.0295327 0.0452506 0.00690098 0.00351865 -0.000866787 -0.011285 0.00107629 0.000266221 0.000318106 -0.00035878 0.00333313 0.00407227 0.0081037 0.0068604 0.0336893 0.000873139 0.00163362 0.0147918 0.0363071 0.00520431 -0.00086347 0.00539089 -0.0190073
internal_weight=103882 2462 101420 50646 6543 5432 1111 222 162 889 814 697 475 247 44103 44019 50774 4957 4726 2091 2022 105 2635 2583 412 127 285 2171 1917 222
internal_count=103882 2462 101420 50646 6543 5432 1111 222 162 889 814 697 475 247 44103 44019 50774 4957 4726 2091 2022 105 2635 2583 412 127 285 2171 1917 222
is_linear=0
shrinkage=0.03


Tree=262
num_leaves=31
num_cat=1
split_feature=11 11 24 19 9 18 31 18 0 31 32 27 13 31 5 13 5 24 15 23 9 19 5 11 2 13 27 24 23 17
split_gain=83.4465 57.1326 56.266 44.1757 43.1502 28.2206 31.5879 63.5514 54.1239 29.1381 54.4917 71.655 100.988 99.6177 66.0372 69.0521 72.1152 80.2383 62.0759 59.628 78.1562 51.6346 49.9235 49.6797 72.8717 90.3049 59.8322 61.5361 107.437 68.3241
threshold=36.100000381469734 33.100000381469734 1.1666666865348818 11.500000000000002 9.0999999046325701 8.1180553436279315 2.5499999523162846 4.2029411792755136 5.1666667461395273 4.0499999523162851 0 1.4499999880790713 0.26422099769115454 5.1499998569488534 2.1116665601730351 0.22903200238943103 1.997583329677582 2.1666666269302373 0.22500000149011615 3.1000000238418584 3.3666666746139531 3.5000000000000004 1.4875167012214663 13.449999809265138 19.833333015441898 0.10600899904966356 1.4499999880790713 2.1666666269302373 2.3666666746139531 0.55000001192092907
decision_type=2 2 10 2 2 2 2 2 2 2 9 8 10 2 10 10 10 10 2 10 2 2 10 2 2 10 8 10 10 2
left_child=1 4 -2 -3 5 6 7 -1 -9 22 23 12 18 -14 15 16 19 -18 -12 21 -21 -13 -8 24 -11 -26 27 29 -29 -25
right_child=2 3 -4 -5 -6 -7 9 8 -10 10 11 14 13 -15 -16 -17 17 -19 -20 20 -22 -23 -24 26 25 -27 -28 28 -30 -31
leaf_value=0.041038904458503514 -0.038554086097116975 0.0028717971190810204 0.00092135913248332039 0.042750671216100454 -0.022324999251052156 -0.015868383471035596 -0.00081808367044425637 -0.020831304852451597 0.017723203922940207 5.448776364776004e-05 0.0025635343175689474 0.0059032196744261837 0.054746706296097146 7.9257207837971771e-05 -0.014276282285569054 -0.020441206812250371 0.0012940436009375843 0.05146465497951095 -0.016504669395665968 0.003861255235437836 0.038706812761723997 -0.00088044984676029898 -0.012157378591253687 -0.0085089819319041898 -0.00041249499067531095 0.049971974703120224 0.00064001877839181813 -0.00076918773676475712 0.039799162160129256 0.0027191183996242091
leaf_weight=51 84 50 53 50 77 99 14619 56 79 49802 17705 1107 66 55 298 147 64 52 155 210 80 11506 358 2770 70 59 2883 432 68 592
leaf_count=51 84 50 53 50 77 99 14619 56 79 49802 17705 1107 66 55 298 147 64 52 155 210 80 11506 358 2770 70 59 2883 432 68 592
internal_value=0.0001154 0.000146353 -0.0232826 0.0228112 0.000124446 0.000141167 0.000156512 0.0125084 0.00173022 0.000134228 0.000342149 0.00134346 0.0025831 0.0298979 -0.000311081 5.00838e-06 0.00023587 0.0237843 0.00239805 2.41662e-05 0.0134738 -0.00028507 -0.00108913 -0.000213595 0.000112817 0.0226316 -0.00263023 -0.00507149 0.00474811 -0.00653187
internal_weight=103697 103560 137 100 103460 103383 103284 186 135 103098 88121 31445 17981 121 13464 13166 13019 116 17860 12903 290 12613 14977 56676 49931 129 6745 3862 500 3362
internal_count=103697 103560 137 100 103460 103383 103284 186 135 103098 88121 31445 17981 121 13464 13166 13019 116 17860 12903 290 12613 14977 56676 49931 129 6745 3862 500 3362
cat_boundaries=0 1
cat_threshold=36
is_linear=0
shrinkage=0.03


Tree=263
num_leaves=31
num_cat=1
split_feature=6 2 24 4 10 31 24 20 3 13 11 12 12 29 18 25 1 6 7 19 12 9 13 32 11 9 4 11 3 12
split_gain=37.9359 76.7909 118.965 71.6011 53.1429 35.6487 46.2704 163.348 27.542 71.011 86.3368 84.3414 67.4021 49.3716 50.661 66.4296 48.8949 60.6743 46.777 80.1011 107.145 37.7374 67.1653 112.11 91.1072 53.8918 49.7418 60.4976 55.1577 132.659
threshold=1.1666666865348818 34.583333969116218 1.1666666865348818 0.90833336114883434 83.366668701171889 2.5499999523162846 1.1666666865348818 2.5000000000000004 11.083333492279055 0.1300499960780144 15.22499990463257 9.426666736602785 9.6325001716613787 1.3666666746139529 5.7360682487487802 1.1000000238418581 79.416667938232436 0.58333334326744091 1.0000000180025095e-35 8.5000000000000018 11.150000095367433 5.9000000953674325 0.6069999933242799 0 23.10000038146973 6.9000000953674325 0.41707165539264685 22.899999618530277 8.7833333015441912 8.3633332252502459
decision_type=2 2 10 8 2 2 10 2 2 8 2 2 2 10 2 10 2 2 2 2 2 2 10 9 2 2 10 2 2 2
left_child=1 5 3 -3 -2 6 -1 -8 12 -10 -11 -12 21 16 15 -15 -14 -18 -13 -20 -21 -7 23 24 -23 -26 28 -28 29 -25
right_child=4 2 -4 -5 -6 8 7 -9 9 10 11 18 13 14 -16 -17 17 -19 19 20 -22 22 -24 26 25 -27 27 -29 -30 -31
leaf_value=0.026472811578107731 0.00137943544809747 0.023782377817357578 0.053971982426941394 -0.019828453768277542 -0.032166093552037131 -8.9632931045507087e-05 0.031077157677689066 -0.035286589122953869 -0.022407819167710841 0.048519356265664101 -0.018956464354911547 0.032834052726112561 -0.02667942852359265 0.0094702438005729566 -0.037585278996521081 -0.029559093332455422 -0.0084651072527612403 0.028820440839318669 0.037309421181678772 0.021117278831735461 -0.03047048893379601 0.064004354723370988 -0.017176775859101958 0.00022873253720044566 -0.0043426304585055297 0.038330269394069909 0.043252967404106911 -0.00069176399045520361 -0.01859302776666092 0.040627467948943376
leaf_weight=105 92 72 60 64 79 100698 71 63 64 50 89 87 50 79 96 78 93 68 55 71 74 52 115 855 57 50 59 54 112 80
leaf_count=105 92 72 60 64 79 100698 71 63 64 50 89 87 50 79 96 78 93 68 55 71 74 52 115 855 57 50 59 54 112 80
internal_value=3.39203e-07 2.36608e-05 0.0187838 0.00325963 -0.0141182 -1.19259e-05 0.011561 -0.000123708 -3.87571e-05 0.0070568 0.0114834 0.00655842 -7.26456e-05 -0.0114808 -0.0204176 -0.00992013 -0.000765102 0.00728283 0.0144707 0.00648264 -0.00521027 -2.08168e-05 0.00481157 0.00672868 0.0295693 0.015598 0.00331446 0.0222528 0.00130214 0.00368531
internal_weight=103692 103521 196 136 171 103325 239 134 103086 490 426 376 102596 464 253 157 211 161 287 200 145 102132 1434 1319 159 107 1160 113 1047 935
internal_count=103692 103521 196 136 171 103325 239 134 103086 490 426 376 102596 464 253 157 211 161 287 200 145 102132 1434 1319 159 107 1160 113 1047 935
cat_boundaries=0 1
cat_threshold=4
is_linear=0
shrinkage=0.03


Tree=264
num_leaves=31
num_cat=1
split_feature=6 2 24 3 9 28 27 20 23 6 29 27 24 31 18 26 31 18 3 11 27 27 27 18 12 11 11 32 15 12
split_gain=38.1596 53.1601 139.836 70.3592 58.5431 65.2212 50.6322 37.2363 44.2406 77.756 51.8233 80.4163 56.9529 28.1639 115.427 58.2066 28.258 63.6927 38.326 81.1566 63.8485 36.5418 34.5359 90.6227 76.6904 50.7958 51.7783 49.6799 78.2217 57.8428
threshold=1.1666666865348818 34.833333969116218 1.1666666865348818 11.616666793823244 9.0999999046325701 1.1666666865348818 1.3666666746139529 13.500000000000002 2.1000000238418584 0.58333334326744091 0.90000000596046459 1.5500000119209292 1.1666666865348818 2.5499999523162846 4.4677083492279062 1.1666666865348818 4.0499999523162851 1.4202036857604983 3.5166666507720952 11.449999809265138 1.4499999880790713 2.1000000238418584 1.7083333134651186 7.6055555343627939 12.444999694824221 26.633333206176761 25.633333206176761 0 0.22500000149011615 4.5899999141693124
decision_type=2 2 10 2 2 8 10 2 10 2 10 10 10 2 2 10 2 2 2 2 10 8 8 2 2 2 2 9 2 2
left_child=1 4 3 -3 7 -6 -2 13 10 -10 -9 12 -12 14 -1 -16 17 18 19 -15 -21 -19 24 25 27 26 -24 28 29 -18
right_child=6 2 -4 -5 5 -7 -8 8 9 -11 11 -13 -14 16 15 -17 22 21 -20 20 -22 -23 23 -25 -26 -27 -28 -29 -30 -31
leaf_value=0.047537471871627004 -0.035126831405796109 0.019340362302635028 0.059122759759426116 -0.026870921719819307 0.00098959205896946892 -0.044400406535714865 -0.00060598980282482336 -0.0057798731985634986 -0.029185282334685324 0.018351897412212565 0.061864009332493877 -0.0012988489001028 0.018626590660558297 -0.00084961040040391043 0.022665776128952316 -0.016890758510599745 0.0018103367424163398 -0.018576561071038725 -0.020841639727134913 0.04067040174145644 -0.0024708926391143063 0.0058059910798202389 -0.00056123619024923868 0.035720611161762665 -0.036374440750479693 -0.019155411898073824 0.027337434224784372 0.00014574862870967255 -0.017155520834457812 0.0098581480051382064
leaf_weight=57 64 69 50 52 58 56 95 63 60 64 58 62 52 14398 52 94 20251 279 85 76 52 69 28055 62 50 132 60 38046 191 837
leaf_count=57 64 69 50 52 58 56 95 63 60 64 58 62 52 14398 52 94 20251 279 85 76 52 69 28055 62 50 132 60 38046 191 837
internal_value=0.000184421 0.000206984 0.0169201 -0.000519032 0.000179323 -0.0213072 -0.0145012 0.000203057 0.00984802 -0.00464996 0.017498 0.0260242 0.0414245 0.000169389 0.0113326 -0.00280213 0.000147312 -0.00105783 -0.000755716 -0.000638182 0.0231443 -0.0137421 0.000352909 -0.000509346 0.000764018 -0.000588868 -0.000501698 0.000795319 0.00195574 0.00212976
internal_weight=103649 103490 171 121 103319 114 159 103205 359 124 235 172 110 102846 203 146 102643 14959 14611 14526 128 348 87684 28309 59375 28247 28115 59325 21279 21088
internal_count=103649 103490 171 121 103319 114 159 103205 359 124 235 172 110 102846 203 146 102643 14959 14611 14526 128 348 87684 28309 59375 28247 28115 59325 21279 21088
cat_boundaries=0 1
cat_threshold=10
is_linear=0
shrinkage=0.03


Tree=265
num_leaves=31
num_cat=1
split_feature=13 22 19 22 4 13 8 11 32 4 15 19 12 11 9 9 26 19 28 4 12 3 21 25 19 5 5 9 1 10
split_gain=28.1309 50.1942 54.2572 114.591 24.7928 49.1501 47.8013 106.184 97.9338 89.4392 107.147 78.6413 65.2619 87.7036 115.756 68.1806 74.223 113.096 62.799 59.9015 55.8913 55.6814 55.6339 54.9223 98.6837 54.2987 157.156 68.7583 120.93 80.1797
threshold=0.78199997544288646 1.5833333134651186 26.500000000000004 2.4166666269302373 0.080274999141693129 0.28406600654125219 1.0000000180025095e-35 14.449999809265138 0 0.32333999872207647 0.22500000149011615 32.500000000000007 5.9449999332427987 7.5499999523162851 2.3666666746139531 4.0999999046325692 1.1666666865348818 19.500000000000004 2.5833333730697636 0.14361999928951266 3.9450000524520878 4.241666555404664 79.500000000000014 0.22500000149011615 23.500000000000004 1.0178167223930361 0.89773333072662365 3.2916666269302373 35.166666030883796 72.90000152587892
decision_type=10 10 2 10 8 10 2 2 9 8 2 2 2 2 2 2 10 2 8 10 2 2 2 10 2 10 10 2 2 2
left_child=4 -2 3 -3 5 -1 7 12 9 10 19 18 -6 -14 -15 16 17 -16 -9 -8 -20 -21 -18 24 -10 26 27 -25 -29 -30
right_child=1 2 -4 -5 6 -7 8 11 23 -11 -12 -13 13 14 15 -17 22 -19 20 21 -22 -23 -24 25 -26 -27 -28 28 29 -31
leaf_value=-0.00046853718118630206 -0.036611589219640285 0.032524333856999876 -0.027340438792766149 -0.022068062067031862 0.00025144971764941987 0.021598115622137599 0.019790481163097708 -0.0021108268179757172 0.00058584759265861719 -0.0077510945152865973 0.036671686674589692 -0.018423791855791218 -0.025751608847998656 0.052102333522317079 0.066810381925768325 -0.01235665841084538 -0.021421524376239415 0.0067260601358898608 0.0073930385525409984 -0.020066834251795496 -0.024302759408916626 0.013188409255956535 0.015483487062156199 0.0012059419799922641 -0.027218862861803132 -0.0010051632712999822 0.021353456790949549 0.047643664242877137 0.012346689763060831 0.0030297493938277005
leaf_weight=52817 51 74 59 65 32647 91 92 2495 539 1499 92 366 52 66 54 99 53 59 65 140 218 67 120 5231 146 2080 465 63 1175 2842
leaf_count=52817 51 74 59 65 32647 91 92 2495 539 1499 92 366 52 66 54 99 53 59 65 140 218 67 120 5231 146 2080 465 63 1175 2842
internal_value=-4.37864e-07 -0.0100719 -0.00323591 0.00699552 2.37609e-05 -0.000430583 0.000497658 -8.30539e-05 0.00195815 -0.00439479 0.00836007 -0.00535212 0.000416673 0.0111404 0.0153941 0.00910121 0.0165289 0.0354389 -0.00362994 -0.000351201 -0.0170228 -0.00930306 0.00417733 0.00291675 -0.00534041 0.00339629 0.00433276 0.00348273 0.00640183 0.00575502
internal_weight=103882 249 198 139 103633 52908 50725 36294 14431 1890 391 3144 33150 503 451 385 286 113 2778 299 283 207 173 12541 685 11856 9776 9311 4080 4017
internal_count=103882 249 198 139 103633 52908 50725 36294 14431 1890 391 3144 33150 503 451 385 286 113 2778 299 283 207 173 12541 685 11856 9776 9311 4080 4017
cat_boundaries=0 1
cat_threshold=4
is_linear=0
shrinkage=0.03


Tree=266
num_leaves=31
num_cat=1
split_feature=3 7 6 31 3 32 20 7 12 3 25 21 27 13 27 4 20 31 3 22 3 2 12 31 5 19 27 9 12 25
split_gain=40.9747 61.0068 82.1431 75.0404 38.5614 81.5909 100.79 66.8993 63.3577 51.1932 51.0186 68.503 78.1137 118.332 56.9453 36.7053 35.907 71.202 54.5768 54.0176 76.8449 36.9851 35.1858 31.4163 30.5751 30.0638 28.9084 28.6766 77.3326 123.013
threshold=12.483333110809328 1.0000000180025095e-35 0.83333334326744091 8.3499999046325701 11.083333492279055 0 10.500000000000002 0.41666667163372045 9.426666736602785 9.7166666984558123 1.5500000119209292 74.500000000000014 1.1000000238418581 0.57633331418037426 1.5500000119209292 0.48166665434837347 12.500000000000002 4.9500000476837167 4.7166664600372323 1.8333333134651186 7.2833335399627694 21.583333015441898 9.6325001716613787 0.65000000596046459 1.7396833300590517 17.500000000000004 1.3666666746139529 2.4500000476837163 6.5633332729339608 1.1000000238418581
decision_type=2 2 2 2 2 9 2 2 2 2 10 2 10 8 10 10 2 2 2 10 2 2 2 2 8 2 10 2 2 10
left_child=4 -2 3 -3 9 8 7 24 -6 16 11 -11 22 -14 -15 -12 23 26 -19 21 -21 -20 -13 -1 -7 -4 -18 28 -25 -30
right_child=1 2 25 -5 5 6 -8 -9 -10 10 15 12 13 14 -16 -17 17 18 19 20 -22 -23 -24 27 -26 -27 -28 -29 29 -31
leaf_value=-0.022589271919735306 0.0095433831111864844 -0.015692473689559845 0.012182575900967305 -0.06474329084157944 -0.035997351379030276 0.00021444504911249333 -0.009282975101843477 0.052631245336838453 0.0082866515609480076 -0.035916479999089944 -0.011012557746426573 -0.032207645543984004 0.038428170491009946 0.018753861646025868 -0.018410178717970845 -0.038932834739486374 0.0043926936068705144 0.044118967880055586 0.044951349663046689 -0.023274333110700051 0.020405921616578754 0.009503545864588684 -0.00075732691308199348 7.9303831993125554e-05 0.031847323463721711 -0.018759587170556188 -0.024018247211404907 -0.0012030721678844786 0.053178388326487039 0.00011925383525736191
leaf_weight=56 94 64 65 50 54 55 80 76 63 51 103 70 90 59 100 72 63 53 52 72 73 54 59 83583 55 50 66 17896 64 102
leaf_count=56 94 64 65 50 54 55 80 76 63 51 103 70 90 59 100 72 63 53 52 72 73 54 59 83583 55 50 66 17896 64 102
internal_value=-0.000138169 -0.0108066 -0.0191598 -0.037206 -0.000104753 0.0093967 0.0181911 0.0309859 -0.0111953 -0.000140174 -0.00884838 -0.00327963 0.00112375 0.0109397 -0.00461975 -0.0224998 -8.86753e-05 0.00853206 0.0164567 0.0106157 -0.00128358 0.026893 -0.0178234 -0.000125379 0.0160309 -0.00127054 -0.0101431 -0.000113003 0.00011993 0.0205758
internal_weight=103444 323 229 114 103121 383 266 186 117 102738 604 429 378 249 159 175 102134 433 304 251 145 106 129 101701 110 115 129 101645 83749 166
internal_count=103444 323 229 114 103121 383 266 186 117 102738 604 429 378 249 159 175 102134 433 304 251 145 106 129 101701 110 115 129 101645 83749 166
cat_boundaries=0 1
cat_threshold=4
is_linear=0
shrinkage=0.03


Tree=267
num_leaves=31
num_cat=0
split_feature=19 13 18 12 18 9 9 7 12 1 21 11 17 27 1 27 12 24 27 0 12 22 25 13 11 0 11 11 11 25
split_gain=31.9407 63.9108 47.829 54.3059 90.6433 59.4719 74.0006 59.9808 57.2184 62.8914 42.5436 88.4843 162.094 61.4037 54.1126 49.6898 60.3052 69.8746 57.4027 69.0028 64.5344 43.895 42.6396 37.968 62.845 36.3721 36.0216 59.5615 54.5629 37.426
threshold=3.5000000000000004 0.0040010001976042995 9.7750000953674334 12.444999694824221 6.2535715103149423 9.2249999046325701 8.0999999046325701 1.0000000180025095e-35 11.150000095367433 86.166667938232436 72.500000000000014 7.9000000953674325 0.29166667163372045 1.2916666865348818 74.166667938232436 0.55000001192092907 2.6291667222976689 0.83333334326744091 2.1000000238418584 1.8333333134651186 1.8633333444595339 0.58333334326744091 2.2916666269302373 0.51042199134826671 16.44999980926514 5.5833332538604745 10.449999809265138 12.633333683013918 14.22499990463257 2.1000000238418584
decision_type=2 10 2 2 2 2 2 2 2 2 2 2 2 10 2 10 2 10 10 2 2 10 10 10 2 2 2 2 2 10
left_child=1 10 3 5 -5 6 8 -8 -2 -10 -1 12 13 -12 -15 16 -13 -18 19 20 -17 -20 -22 25 -25 -3 -21 -28 -29 -30
right_child=2 23 -4 4 -6 -7 7 -9 9 -11 11 15 -14 14 -16 18 17 -19 21 26 22 -23 -24 24 -26 -27 27 28 29 -31
leaf_value=0.0016732293255246795 -0.00015665249181231929 -0.0042598196778370605 0.028922194663216085 0.0067979875280122668 -0.046271942581981418 -0.030223143355826196 0.042804295403184367 0.0052314526846534322 0.045245367139577865 0.0032651082319872715 -0.0093216276374356501 0.011762280479818582 0.06381206185980276 0.0036061444091347026 0.046893791779190952 0.056580866279409205 0.013199343024194241 -0.028275342046091442 -0.028026314196938816 -0.014232407967475326 0.033883508442305636 0.001453611900534957 -0.0018871825781919187 0.037830666898190972 -0.0041176254798968633 -0.024428712633806606 0.038229671598068976 -0.022033102867592656 0.013489960665723083 -0.011678168922662735
leaf_weight=6207 93993 1252 51 56 60 59 64 95 52 84 87 100 66 53 51 51 50 136 55 66 61 262 59 50 90 86 57 56 341 63
leaf_count=6207 93993 1252 51 56 60 59 64 95 52 84 87 100 66 53 51 51 50 136 55 66 61 262 59 50 90 86 57 56 341 63
internal_value=4.27009e-05 0.00172034 -0.000122358 -0.000138039 -0.020652 -0.000112817 -9.39753e-05 0.0203551 -0.000128517 0.0193164 0.00280151 0.00714058 0.0232814 0.00927606 0.0248337 0.00408369 -0.00702535 -0.0171262 0.00705026 0.0115536 0.028311 -0.0036612 0.0162963 -0.00400082 0.0108639 -0.00555618 0.00663851 0.00930288 0.00571847 0.00956523
internal_weight=103813 9299 94514 94463 116 94347 94288 159 94129 136 7821 1614 257 191 104 1357 286 186 1071 754 171 317 120 1478 140 1338 583 517 460 404
internal_count=103813 9299 94514 94463 116 94347 94288 159 94129 136 7821 1614 257 191 104 1357 286 186 1071 754 171 317 120 1478 140 1338 583 517 460 404
is_linear=0
shrinkage=0.03


Tree=268
num_leaves=31
num_cat=0
split_feature=31 15 4 0 18 3 12 13 13 23 20 15 3 25 31 4 1 3 0 25 1 0 23 28 29 14 13 19 20 29
split_gain=33.2144 29.0503 32.2198 27.0781 28.3995 25.8772 111.314 62.8523 113.707 58.676 58.5063 55.5795 84.8356 58.7632 78.2807 52.4141 85.0902 78.0268 73.0796 72.4773 58.4 54.9738 49.494 46.3483 75.0011 51.4548 45.2486 42.1566 41.1877 89.5378
threshold=13.750000000000002 1.1000000238418581 1.057499945163727 -1.0000000180025095e-35 0.39009661972522741 8.5166668891906756 8.8633332252502459 0.59927302598953258 0.46055799722671514 0.90000000596046459 8.5000000000000018 0.22500000149011615 11.083333492279055 0.77500000596046459 11.34999990463257 0.34166666865348821 84.833332061767592 9.1416664123535174 5.5833332538604745 1.1000000238418581 79.416667938232436 7.5833332538604745 2.1000000238418584 1.4166666865348818 0.90000000596046459 1.2921000123023989 0.65775001049041759 22.500000000000004 12.500000000000002 0.90000000596046459
decision_type=2 2 10 2 2 2 2 10 10 10 2 2 2 10 2 10 2 2 2 10 2 2 10 10 10 8 10 2 2 8
left_child=1 2 3 4 -1 28 7 8 9 -7 11 12 -8 22 23 16 18 19 -11 -18 -17 -19 -13 24 -15 -25 -12 -20 -5 -30
right_child=-2 -3 -4 5 -6 6 10 -9 -10 15 26 13 -14 14 -16 20 17 21 27 -21 -22 -23 -24 25 -26 -27 -28 -29 29 -31
leaf_value=-0.0017159458890943446 -0.021278919608078217 0.017540949288536521 -0.019660517591238023 -0.00012474275134449691 0.01459422917689843 -0.015958294912769989 0.00073134232560793564 -0.016658367889878505 0.044241952464768759 0.027893836918202311 -0.017635740456400345 0.035381113391901767 0.040698277487646081 -0.0026206629053701328 0.021057553589344025 0.022184830248355866 0.070837862518583899 0.00089313400947317774 -0.025803109971321608 0.023808001808822154 -0.011335644414450259 0.037742882504545404 -0.002832546721546174 -0.025883079716563222 -0.041009703851347667 0.012555012625775167 0.010291470608540944 0.0097451713418259325 -0.016600718619922798 0.017516607040911913
leaf_weight=164 66 85 75 100801 232 74 135 68 95 66 305 56 74 79 64 70 58 98 73 60 141 58 67 50 109 84 63 51 90 300
leaf_count=164 66 85 75 100801 232 74 135 68 95 66 305 56 74 79 64 70 58 98 73 60 141 58 67 50 109 84 63 51 90 300
internal_value=-3.68299e-06 9.85179e-06 -4.5235e-06 9.70828e-06 0.00783951 -2.03395e-05 0.00336059 0.0110877 0.0133232 0.00940155 -0.00312846 0.00185658 0.0148823 -0.0034919 -0.00924596 0.0121817 0.0178191 0.0285171 0.00239142 0.0469244 -0.000215108 0.0145937 0.0145655 -0.015269 -0.0248781 -0.00178756 -0.0128547 -0.0111824 -8.70955e-05 0.00964338
internal_weight=103811 103745 103660 103585 396 103189 1998 912 844 749 1086 718 209 509 386 675 464 274 190 118 211 156 123 322 188 134 368 124 101191 390
internal_count=103811 103745 103660 103585 396 103189 1998 912 844 749 1086 718 209 509 386 675 464 274 190 118 211 156 123 322 188 134 368 124 101191 390
is_linear=0
shrinkage=0.03


end of trees

feature_importances:
cost=708
season_pts_mean_prior=471
opp_team_gf_5=382
ict_index_r5=361
ict_index_r3=354
opp_team_ga_5=334
season_gp_prior=320
expected_goals_conceded_r3=313
prev_gw_points=313
expected_goal_involvements_r3=307
minutes_r3=300
bps_r5=294
bps_r3=292
prev_gw_minutes=280
total_points_r5=266
self_team_gf_5=257
expected_goal_involvements_r5=252
minutes_r5=242
expected_goals_conceded_r5=241
opp_team_gf_3=220
opp_team_ga_3=199
self_team_ga_5=196
self_team_gf_3=181
total_points_r3=173
self_team_ga_3=163
position=150
is_home=146
clean_sheets_r5=95
goals_scored_r5=72
assists_r5=58
clean_sheets_r3=49
assists_r3=44
goals_scored_r3=37

parameters:
[boosting: gbdt]
[objective: regression]
[metric: l1]
[tree_learner: serial]
[device_type: cpu]
[data_sample_strategy: bagging]
[data: ]
[valid: ]
[num_iterations: 2000]
[learning_rate: 0.03]
[num_leaves: 31]
[num_threads: 0]
[seed: 0]
[deterministic: 0]
[force_col_wise: 0]
[force_row_wise: 0]
[histogram_pool_size: -1]
[max_depth: -1]
[min_data_in_leaf: 50]
[min_sum_hessian_in_leaf: 0.001]
[bagging_fraction: 0.8]
[pos_bagging_fraction: 1]
[neg_bagging_fraction: 1]
[bagging_freq: 1]
[bagging_seed: 3]
[bagging_by_query: 0]
[feature_fraction: 0.8]
[feature_fraction_bynode: 1]
[feature_fraction_seed: 2]
[extra_trees: 0]
[extra_seed: 6]
[early_stopping_round: 0]
[early_stopping_min_delta: 0]
[first_metric_only: 0]
[max_delta_step: 0]
[lambda_l1: 0]
[lambda_l2: 0]
[linear_lambda: 0]
[min_gain_to_split: 0]
[drop_rate: 0.1]
[max_drop: 50]
[skip_drop: 0.5]
[xgboost_dart_mode: 0]
[uniform_drop: 0]
[drop_seed: 4]
[top_rate: 0.2]
[other_rate: 0.1]
[min_data_per_group: 100]
[max_cat_threshold: 32]
[cat_l2: 10]
[cat_smooth: 10]
[max_cat_to_onehot: 4]
[top_k: 20]
[monotone_constraints: ]
[monotone_constraints_method: basic]
[monotone_penalty: 0]
[feature_contri: ]
[forcedsplits_filename: ]
[refit_decay_rate: 0.9]
[cegb_tradeoff: 1]
[cegb_penalty_split: 0]
[cegb_penalty_feature_lazy: ]
[cegb_penalty_feature_coupled: ]
[path_smooth: 0]
[interaction_constraints: ]
[verbosity: -1]
[saved_feature_importance_type: 0]
[use_quantized_grad: 0]
[num_grad_quant_bins: 4]
[quant_train_renew_leaf: 0]
[stochastic_rounding: 1]
[linear_tree: 0]
[max_bin: 255]
[max_bin_by_feature: ]
[min_data_in_bin: 3]
[bin_construct_sample_cnt: 200000]
[data_random_seed: 1]
[is_enable_sparse: 1]
[enable_bundle: 1]
[use_missing: 1]
[zero_as_missing: 0]
[feature_pre_filter: 1]
[pre_partition: 0]
[two_round: 0]
[header: 0]
[label_column: ]
[weight_column: ]
[group_column: ]
[ignore_column: ]
[categorical_feature: 32]
[forcedbins_filename: ]
[precise_float_parser: 0]
[parser_config_file: ]
[objective_seed: 5]
[num_class: 1]
[is_unbalance: 0]
[scale_pos_weight: 1]
[sigmoid: 1]
[boost_from_average: 1]
[reg_sqrt: 0]
[alpha: 0.9]
[fair_c: 1]
[poisson_max_delta_step: 0.7]
[tweedie_variance_power: 1.5]
[lambdarank_truncation_level: 30]
[lambdarank_norm: 1]
[label_gain: ]
[lambdarank_position_bias_regularization: 0]
[eval_at: ]
[multi_error_top_k: 1]
[auc_mu_weights: ]
[num_machines: 1]
[local_listen_port: 12400]
[time_out: 120]
[machine_list_filename: ]
[machines: ]
[gpu_platform_id: -1]
[gpu_device_id: -1]
[gpu_device_id_list: ]
[gpu_use_dp: 0]
[num_gpu: 1]

end of parameters

pandas_categorical:[["AM", "DEF", "FWD", "GK", "GKP", "MID"]]
